date,open,high,low,close
1994-02-02,8.0,8.15,7.6,7.9
1994-02-03,7.9,9.2,7.7,9.2
1994-02-04,9.5,11.3,9.25,11.15
1994-02-14,11.3,11.5,10.1,10.2
1994-02-15,10.05,10.7,10.0,10.5
1994-02-16,10.6,10.7,10.1,10.25
1994-02-17,10.05,10.2,10.0,10.05
1994-02-18,9.9,10.1,9.85,10.0
1994-02-21,9.9,9.9,9.4,9.4
1994-02-22,9.7,11.0,9.7,10.4
1994-02-23,10.55,10.6,10.2,10.5
1994-02-24,10.7,11.4,10.55,11.4
1994-02-25,11.6,12.15,11.6,11.75
1994-02-28,11.95,12.0,11.5,11.55
1994-03-01,11.45,11.85,11.45,11.55
1994-03-02,11.6,11.7,11.3,11.4
1994-03-03,11.4,11.9,11.0,11.3
1994-03-04,11.2,11.6,11.05,11.4
1994-03-07,11.5,11.55,11.2,11.45
1994-03-08,11.4,11.55,11.25,11.35
1994-03-09,11.35,11.45,11.25,11.25
1994-03-10,11.25,11.5,11.1,11.15
1994-03-11,11.1,11.8,11.0,11.5
1994-03-14,11.8,12.3,11.8,12.25
1994-03-15,12.45,12.45,11.6,11.7
1994-03-16,11.7,11.9,11.6,11.8
1994-03-17,11.8,12.1,11.8,11.95
1994-03-18,12.25,12.3,12.0,12.05
1994-03-21,12.15,12.2,11.6,11.6
1994-03-22,11.45,11.6,11.4,11.55
1994-03-23,11.5,11.5,11.15,11.25
1994-03-24,11.15,11.3,11.1,11.2
1994-03-25,11.2,11.45,11.2,11.25
1994-03-28,11.25,11.25,10.95,10.95
1994-03-29,11.05,11.3,10.6,11.3
1994-03-30,11.3,11.35,10.8,11.1
1994-03-31,11.0,11.0,10.65,10.7
1994-04-01,10.65,10.7,10.45,10.5
1994-04-04,10.45,10.75,10.35,10.35
1994-04-05,10.25,10.85,10.2,10.6
1994-04-06,10.65,10.75,10.6,10.7
1994-04-07,10.8,11.0,10.7,10.75
1994-04-08,10.7,10.8,10.2,10.3
1994-04-11,10.2,10.25,9.85,9.9
1994-04-12,9.8,10.1,9.7,9.95
1994-04-13,10.2,10.2,9.7,9.7
1994-04-14,9.5,9.6,9.1,9.1
1994-04-15,8.95,9.7,8.4,9.6
1994-04-18,9.6,9.6,8.95,9.0
1994-04-19,8.8,8.95,8.2,8.25
1994-04-20,8.0,8.3,7.5,7.65
1994-04-21,7.65,8.6,7.65,8.5
1994-04-22,8.5,8.6,8.05,8.05
1994-04-25,8.0,8.3,7.9,8.25
1994-04-26,8.5,8.65,8.3,8.6
1994-04-27,8.7,9.2,8.5,9.2
1994-04-28,9.2,9.51,8.75,8.86
1994-04-29,8.75,9.0,8.4,9.0
1994-05-03,8.02,9.35,8.02,9.1
1994-05-04,9.2,9.3,8.6,8.78
1994-05-05,8.4,8.5,8.03,8.08
1994-05-06,8.08,8.3,7.96,8.09
1994-05-09,8.05,8.35,7.8,8.3
1994-05-10,8.48,8.51,8.2,8.5
1994-05-11,8.5,8.85,8.4,8.43
1994-05-12,8.2,8.34,8.02,8.05
1994-05-13,8.0,8.5,8.0,8.42
1994-05-16,8.5,8.68,8.39,8.44
1994-05-17,8.45,8.45,8.2,8.21
1994-05-18,8.1,8.2,8.0,8.06
1994-05-19,8.08,8.35,8.0,8.28
1994-05-20,8.28,8.35,8.15,8.18
1994-05-23,8.18,8.35,8.0,8.04
1994-05-24,8.0,8.09,8.0,8.06
1994-05-25,8.05,8.05,7.85,7.86
1994-05-26,7.95,7.95,7.51,7.56
1994-05-27,7.6,7.7,7.49,7.53
1994-05-30,7.5,7.5,7.0,7.0
1994-05-31,6.66,7.09,6.66,7.02
1994-06-01,7.05,7.18,6.4,6.54
1994-06-02,6.54,6.7,6.5,6.51
1994-06-03,6.6,6.69,6.5,6.55
1994-06-06,6.5,6.5,6.21,6.26
1994-06-07,6.25,6.25,6.18,6.2
1994-06-08,6.15,6.22,5.9,6.12
1994-06-09,6.1,6.12,5.9,5.91
1994-06-10,5.9,6.16,5.9,5.93
1994-06-13,5.93,5.93,5.58,5.6
1994-06-14,5.58,5.58,5.2,5.27
1994-06-15,5.27,5.4,5.25,5.32
1994-06-16,5.32,5.8,5.3,5.65
1994-06-17,5.65,5.9,5.5,5.87
1994-06-20,5.8,5.87,5.5,5.5
1994-06-21,5.45,5.45,5.35,5.38
1994-06-22,5.3,5.5,5.3,5.43
1994-06-23,5.4,5.54,5.32,5.4
1994-06-24,5.35,5.35,5.2,5.22
1994-06-27,5.12,5.12,4.88,4.88
1994-06-28,4.88,4.88,4.7,4.8
1994-06-29,4.95,4.95,4.75,4.77
1994-06-30,4.7,4.96,4.65,4.83
1994-07-01,4.84,4.85,4.64,4.64
1994-07-04,4.56,4.56,4.4,4.45
1994-07-08,4.25,4.6,4.25,4.48
1994-07-12,4.11,4.25,4.05,4.1
1994-07-13,4.08,4.19,4.08,4.17
1994-07-14,4.18,4.25,4.1,4.1
1994-07-15,4.08,4.12,3.88,3.9
1994-07-18,3.85,3.9,2.4,3.65
1994-07-19,3.7,3.73,3.5,3.6
1994-07-20,3.6,3.63,3.55,3.55
1994-07-21,3.55,3.55,3.45,3.46
1994-07-22,3.38,3.55,3.38,3.41
1994-07-25,3.36,3.54,3.36,3.53
1994-07-26,3.68,3.86,3.58,3.86
1994-07-27,3.86,3.87,3.56,3.6
1994-07-28,3.6,3.6,3.28,3.3
1994-07-29,3.3,3.35,3.25,3.31
1994-08-01,4.2,5.0,3.85,4.95
1994-08-02,5.05,5.95,4.9,5.05
1994-08-03,5.0,5.8,4.9,5.76
1994-08-04,6.1,6.5,5.8,6.05
1994-08-05,6.1,7.15,6.08,7.15
1994-08-08,7.3,7.45,6.6,7.2
1994-08-09,7.15,7.15,6.6,6.64
1994-08-10,6.55,7.3,6.55,7.3
1994-08-11,7.7,7.8,7.4,7.45
1994-08-12,7.2,7.7,7.15,7.38
1994-08-15,7.08,7.35,7.0,7.09
1994-08-16,7.0,7.33,7.0,7.25
1994-08-17,7.03,7.3,7.03,7.25
1994-08-18,7.4,7.48,7.25,7.35
1994-08-19,7.4,7.45,7.1,7.16
1994-08-22,7.1,7.35,6.9,7.07
1994-08-23,7.18,7.25,6.9,7.15
1994-08-24,7.25,7.25,7.05,7.07
1994-08-25,7.07,7.15,7.05,7.08
1994-08-26,7.1,7.2,6.65,6.77
1994-08-29,6.03,6.3,6.03,6.12
1994-08-30,6.12,6.45,6.12,6.23
1994-08-31,5.0,5.7,5.0,5.65
1994-09-01,5.85,6.8,5.8,6.58
1994-09-02,6.6,6.83,6.2,6.83
1994-09-05,7.0,8.05,7.0,7.9
1994-09-06,8.2,8.5,7.8,8.3
1994-09-07,8.4,9.7,7.2,8.05
1994-09-08,8.08,8.9,8.0,8.89
1994-09-09,8.9,8.9,8.1,8.18
1994-09-12,8.2,8.6,8.2,8.5
1994-09-13,8.7,9.0,8.24,8.38
1994-09-14,8.5,8.6,8.0,8.3
1994-09-15,8.1,8.28,7.85,7.9
1994-09-16,8.3,8.35,8.05,8.24
1994-09-19,8.24,8.24,7.9,8.01
1994-09-20,7.85,7.9,7.7,7.71
1994-09-21,7.71,8.43,7.71,8.42
1994-09-22,8.75,8.76,8.1,8.24
1994-09-23,8.0,8.14,7.9,8.07
1994-09-26,7.96,8.25,7.85,8.12
1994-09-27,8.21,8.3,7.9,8.2
1994-09-28,8.2,8.5,7.9,8.43
1994-09-29,8.5,8.55,6.5,7.49
1994-09-30,7.4,7.4,6.7,6.9
1994-10-05,6.7,6.7,5.5,6.0
1994-10-06,6.1,6.4,5.55,5.65
1994-10-07,5.65,6.7,4.95,6.5
1994-10-10,6.3,6.35,5.7,6.01
1994-10-11,6.01,6.25,6.01,6.1
1994-10-12,6.18,6.46,6.13,6.29
1994-10-13,6.4,6.4,5.7,5.73
1994-10-14,5.5,6.2,5.4,6.05
1994-10-17,5.8,5.9,5.6,5.65
1994-10-18,5.65,5.9,5.6,5.75
1994-10-19,5.85,6.0,5.78,5.97
1994-10-20,6.0,6.5,6.0,6.5
1994-10-21,6.5,6.63,6.01,6.11
1994-10-24,6.11,6.57,6.11,6.5
1994-10-25,6.55,6.88,6.3,6.38
1994-10-26,6.37,6.55,6.21,6.32
1994-10-27,6.25,6.4,6.23,6.38
1994-10-28,6.4,6.43,6.1,6.18
1994-10-31,6.1,6.2,5.8,5.95
1994-11-01,5.8,6.05,5.8,5.99
1994-11-02,6.0,6.0,5.9,5.92
1994-11-03,5.92,6.22,5.9,6.12
1994-11-04,6.15,6.21,5.9,5.92
1994-11-07,5.8,5.98,5.75,5.96
1994-11-08,6.05,6.25,6.0,6.15
1994-11-09,6.15,6.18,6.0,6.15
1994-11-10,6.2,6.3,6.0,6.01
1994-11-11,6.0,6.21,5.98,6.15
1994-11-14,6.28,6.28,6.04,6.11
1994-11-15,6.11,6.12,6.0,6.05
1994-11-16,6.0,6.11,6.0,6.07
1994-11-17,6.0,6.15,5.9,5.95
1994-11-18,5.9,6.0,5.85,5.97
1994-11-21,5.88,5.95,5.85,5.88
1994-11-22,5.9,5.96,5.88,5.9
1994-11-23,5.91,5.91,5.78,5.8
1994-11-24,5.79,5.83,5.75,5.78
1994-11-25,5.85,5.95,5.8,5.83
1994-11-28,5.75,5.9,5.7,5.78
1994-11-29,5.71,5.87,5.7,5.87
1994-11-30,5.87,5.87,5.77,5.79
1994-12-01,5.75,5.79,5.75,5.76
1994-12-02,5.73,5.78,5.73,5.74
1994-12-05,5.74,5.75,5.6,5.63
1994-12-06,5.6,5.6,5.4,5.45
1994-12-07,5.44,5.53,5.42,5.43
1994-12-08,5.49,5.49,5.29,5.3
1994-12-09,5.48,5.48,5.11,5.17
1994-12-12,5.15,5.15,5.04,5.04
1994-12-13,5.0,5.25,5.0,5.18
1994-12-14,5.2,5.2,4.99,5.02
1994-12-15,5.02,5.8,4.95,5.65
1994-12-16,5.7,5.97,5.43,5.58
1994-12-19,5.6,5.73,5.32,5.35
1994-12-20,5.33,5.5,5.31,5.45
1994-12-21,5.43,5.5,5.3,5.34
1994-12-22,5.35,5.35,5.15,5.2
1994-12-23,5.31,5.4,5.2,5.24
1994-12-26,5.2,5.23,5.1,5.15
1994-12-27,5.18,5.25,5.1,5.12
1994-12-28,5.45,5.45,5.1,5.15
1994-12-29,5.15,5.25,5.15,5.16
1994-12-30,5.2,5.34,5.16,5.25
1995-01-05,5.4,5.55,5.31,5.37
1995-01-06,5.31,5.4,5.21,5.36
1995-01-09,5.25,5.27,5.1,5.12
1995-01-10,5.0,5.05,4.98,5.04
1995-01-11,5.04,5.07,5.0,5.06
1995-01-12,5.1,5.1,4.96,4.99
1995-01-13,5.0,5.0,4.9,4.93
1995-01-16,4.85,4.9,4.8,4.8
1995-01-17,4.7,4.9,4.7,4.77
1995-01-18,4.77,4.85,4.77,4.85
1995-01-19,4.89,4.91,4.7,4.7
1995-01-20,4.68,4.85,4.6,4.71
1995-01-23,4.55,4.68,4.55,4.61
1995-01-24,4.7,4.7,4.5,4.55
1995-01-25,4.57,4.65,4.57,4.62
1995-01-26,4.65,4.65,4.55,4.6
1995-01-27,4.65,4.67,4.61,4.65
1995-02-13,4.58,4.74,4.5,4.69
1995-02-14,4.55,4.75,4.55,4.61
1995-02-15,4.68,4.68,4.54,4.58
1995-02-16,4.52,4.68,4.52,4.59
1995-02-17,4.5,4.59,4.5,4.58
1995-02-20,4.62,4.62,4.55,4.56
1995-02-21,4.55,4.6,4.55,4.56
1995-02-22,4.6,5.3,4.56,5.19
1995-02-23,5.19,5.23,4.81,5.1
1995-02-24,5.0,5.1,4.75,4.79
1995-02-27,4.8,5.19,4.8,4.81
1995-02-28,4.82,4.82,4.65,4.71
1995-03-01,4.75,4.85,4.7,4.75
1995-03-02,4.8,4.85,4.75,4.8
1995-03-03,4.8,4.96,4.8,4.89
1995-03-06,4.89,5.1,4.89,5.08
1995-03-07,5.2,5.3,5.05,5.3
1995-03-08,5.25,5.28,5.15,5.23
1995-03-09,5.2,5.2,4.93,4.99
1995-03-10,4.95,5.0,4.83,4.85
1995-03-13,5.15,5.15,4.85,4.86
1995-03-14,4.85,4.92,4.85,4.86
1995-03-15,4.85,4.85,4.7,4.72
1995-03-16,4.7,4.79,4.7,4.75
1995-03-17,4.75,4.88,4.72,4.8
1995-03-20,4.89,4.91,4.74,4.75
1995-03-21,4.7,4.76,4.7,4.76
1995-03-22,4.8,5.0,4.74,5.0
1995-03-23,5.0,5.02,4.83,4.86
1995-03-24,4.85,4.97,4.85,4.97
1995-03-27,4.97,5.0,4.95,4.98
1995-03-28,4.99,4.99,4.9,4.9
1995-03-29,4.9,5.0,4.86,4.98
1995-03-30,5.0,5.03,4.85,4.9
1995-03-31,4.9,4.99,4.86,4.98
1995-04-03,5.0,5.02,4.95,4.99
1995-04-04,4.98,4.98,4.91,4.96
1995-04-05,4.97,4.98,4.91,4.91
1995-04-06,4.9,4.95,4.9,4.91
1995-04-07,4.94,5.14,4.94,5.06
1995-04-10,5.06,5.2,5.05,5.08
1995-04-11,5.0,5.05,4.95,4.95
1995-04-12,4.9,5.0,4.9,4.95
1995-04-13,5.0,5.05,4.9,4.92
1995-04-14,4.87,4.95,4.87,4.95
1995-04-17,4.95,4.95,4.87,4.89
1995-04-18,4.45,4.79,4.41,4.51
1995-04-19,4.5,4.5,4.4,4.42
1995-04-20,4.4,4.49,4.4,4.45
1995-04-21,4.53,4.53,4.4,4.44
1995-04-24,4.4,4.42,4.31,4.32
1995-04-25,4.31,4.31,4.2,4.24
1995-04-26,4.32,4.33,4.03,4.08
1995-04-27,4.0,4.29,3.55,3.86
1995-04-28,3.86,4.0,3.86,4.0
1995-05-02,3.9,3.96,3.9,3.91
1995-05-03,4.41,4.41,3.97,3.98
1995-05-04,4.08,4.08,3.95,3.96
1995-05-05,3.96,4.05,3.96,3.98
1995-05-09,4.05,4.05,3.97,3.98
1995-05-10,4.0,4.0,3.8,3.8
1995-05-11,3.9,3.9,3.78,3.78
1995-05-12,3.78,4.0,3.78,3.9
1995-05-15,3.9,3.98,3.86,3.9
1995-05-16,3.85,3.9,3.8,3.86
1995-05-17,3.81,3.88,3.81,3.88
1995-05-18,4.5,5.7,4.5,5.3
1995-05-19,5.3,6.35,5.1,6.3
1995-05-22,6.35,7.3,6.35,7.3
1995-05-23,6.35,6.6,5.9,6.28
1995-05-24,6.25,6.35,5.8,6.15
1995-05-25,6.2,6.25,5.8,5.85
1995-05-26,5.6,6.55,5.41,6.15
1995-05-29,6.1,6.18,5.8,6.18
1995-05-30,6.1,6.2,5.81,6.15
1995-05-31,6.15,6.81,5.9,6.81
1995-06-01,6.15,6.49,6.02,6.48
1995-06-02,6.48,6.48,6.16,6.19
1995-06-05,6.19,6.19,5.85,5.86
1995-06-06,5.86,5.95,5.6,5.95
1995-06-07,5.89,6.28,5.76,6.28
1995-06-08,6.28,6.28,5.88,6.28
1995-06-09,6.0,6.0,5.9,5.98
1995-06-12,5.9,5.9,5.76,5.84
1995-06-13,5.75,5.9,5.75,5.88
1995-06-14,5.78,5.85,5.78,5.8
1995-06-15,5.8,5.82,5.38,5.46
1995-06-16,5.4,5.5,5.28,5.43
1995-06-19,5.27,5.35,5.27,5.3
1995-06-20,5.3,5.72,5.3,5.47
1995-06-21,5.5,5.52,5.4,5.5
1995-06-22,5.51,5.53,5.35,5.39
1995-06-23,5.39,5.45,5.35,5.42
1995-06-26,5.45,5.48,5.38,5.48
1995-06-27,5.51,5.51,5.38,5.38
1995-06-28,5.35,5.35,5.26,5.3
1995-06-29,5.26,5.33,5.26,5.3
1995-06-30,5.29,5.29,5.12,5.18
1995-07-03,5.15,5.15,5.0,5.01
1995-07-04,5.0,5.08,4.98,5.02
1995-07-05,5.0,5.1,5.0,5.08
1995-07-06,5.19,5.19,5.01,5.04
1995-07-07,5.0,5.45,4.98,5.4
1995-07-10,5.4,5.58,5.21,5.58
1995-07-11,5.58,5.6,5.28,5.3
1995-07-12,5.25,5.44,5.25,5.42
1995-07-13,5.4,6.0,5.4,5.98
1995-07-14,5.82,5.96,5.75,5.85
1995-07-17,5.85,6.25,5.76,6.15
1995-07-18,6.1,6.14,5.9,6.14
1995-07-19,6.14,6.2,5.7,5.8
1995-07-20,5.78,5.86,5.6,5.68
1995-07-21,5.7,5.85,5.65,5.81
1995-07-24,5.85,6.1,5.85,6.04
1995-07-25,6.08,6.36,6.03,6.27
1995-07-26,6.32,6.48,5.85,5.95
1995-07-27,5.95,5.95,5.66,5.8
1995-07-28,5.8,5.83,5.75,5.8
1995-07-31,5.8,5.8,5.73,5.75
1995-08-01,5.74,5.8,5.7,5.8
1995-08-02,5.85,5.87,5.7,5.71
1995-08-03,5.68,5.79,5.68,5.76
1995-08-07,5.7,5.87,5.7,5.86
1995-08-08,5.86,5.9,5.78,5.8
1995-08-09,5.8,5.8,5.7,5.77
1995-08-10,5.73,5.79,5.68,5.78
1995-08-11,5.72,5.81,5.67,5.72
1995-08-14,5.81,6.45,5.78,6.45
1995-08-15,6.4,6.4,6.0,6.0
1995-08-16,5.95,6.0,5.9,5.95
1995-08-17,6.08,6.24,5.57,5.98
1995-08-18,5.85,6.4,5.85,6.05
1995-08-21,6.1,6.25,5.85,5.87
1995-08-22,5.84,5.89,5.72,5.78
1995-08-23,5.77,5.78,5.64,5.68
1995-08-24,5.8,5.8,5.64,5.7
1995-08-25,5.78,5.78,5.65,5.67
1995-08-28,5.5,5.5,5.42,5.5
1995-08-29,5.64,5.64,5.4,5.45
1995-08-30,5.37,5.46,5.37,5.4
1995-08-31,5.38,5.4,5.3,5.36
1995-09-04,5.54,5.64,5.47,5.48
1995-09-05,5.48,5.49,5.4,5.4
1995-09-06,5.42,5.5,5.35,5.45
1995-09-07,5.5,5.52,5.39,5.44
1995-09-08,5.4,5.47,5.35,5.4
1995-09-11,5.4,5.42,5.34,5.41
1995-09-12,5.47,5.56,5.45,5.48
1995-09-13,5.49,5.55,5.39,5.45
1995-09-14,5.48,5.6,5.45,5.55
1995-09-15,5.5,5.56,5.45,5.5
1995-09-18,5.6,5.6,5.51,5.57
1995-09-19,5.59,5.6,5.38,5.38
1995-09-20,5.35,5.37,5.22,5.3
1995-09-21,5.3,5.34,5.2,5.3
1995-09-22,5.31,5.31,4.85,5.24
1995-09-25,5.25,5.25,5.16,5.17
1995-09-26,5.15,5.26,5.15,5.2
1995-09-27,5.2,5.25,5.06,5.06
1995-09-28,5.19,5.19,5.02,5.11
1995-09-29,5.12,5.22,5.12,5.2
1995-10-04,5.22,5.22,5.1,5.12
1995-10-05,5.1,5.21,5.1,5.18
1995-10-06,5.2,5.22,5.13,5.15
1995-10-09,5.05,5.1,5.05,5.09
1995-10-10,4.91,5.1,4.91,5.07
1995-10-11,5.05,5.05,4.95,5.0
1995-10-12,5.01,5.01,4.95,4.95
1995-10-13,4.9,4.92,4.83,4.85
1995-10-16,4.85,5.0,4.85,4.95
1995-10-17,4.99,5.0,4.86,4.96
1995-10-18,4.98,5.0,4.87,4.95
1995-10-19,4.99,5.0,4.9,4.97
1995-10-20,4.96,5.4,4.92,5.35
1995-10-23,5.35,5.37,5.19,5.3
1995-10-24,5.3,5.37,5.22,5.26
1995-10-25,5.6,5.75,5.4,5.6
1995-10-26,5.5,5.7,5.47,5.5
1995-10-27,5.48,5.48,5.1,5.17
1995-10-30,5.25,5.3,5.1,5.14
1995-10-31,5.15,5.22,5.14,5.16
1995-11-01,5.15,5.24,5.15,5.2
1995-11-02,5.2,5.23,5.18,5.22
1995-11-03,5.22,5.25,5.18,5.23
1995-11-06,5.25,5.25,5.2,5.24
1995-11-07,5.26,5.26,5.1,5.2
1995-11-08,5.2,5.2,5.11,5.15
1995-11-09,5.1,5.15,5.05,5.15
1995-11-10,5.16,5.2,5.11,5.11
1995-11-13,5.12,5.12,5.08,5.1
1995-11-14,5.15,5.15,5.0,5.09
1995-11-15,5.08,5.09,5.05,5.09
1995-11-16,5.08,5.12,5.08,5.09
1995-11-17,5.09,5.1,5.05,5.09
1995-11-20,5.1,5.12,5.04,5.1
1995-11-21,5.08,5.1,5.0,5.08
1995-11-22,5.03,5.09,5.0,5.04
1995-11-23,5.03,5.1,5.01,5.03
1995-11-24,5.01,5.05,5.0,5.04
1995-11-27,5.02,5.04,4.95,4.99
1995-11-28,4.92,4.95,4.83,4.87
1995-11-29,4.87,4.95,4.85,4.85
1995-11-30,4.87,4.89,4.75,4.78
1995-12-01,4.78,4.81,4.7,4.8
1995-12-04,4.72,4.82,4.72,4.79
1995-12-05,4.82,4.82,4.78,4.79
1995-12-06,4.8,4.8,4.73,4.73
1995-12-07,4.73,4.77,4.54,4.75
1995-12-08,4.75,4.8,4.59,4.78
1995-12-11,4.72,4.75,4.68,4.68
1995-12-12,4.68,4.69,4.56,4.6
1995-12-13,4.63,4.68,4.52,4.63
1995-12-14,4.63,4.65,4.55,4.6
1995-12-15,4.57,4.57,4.53,4.53
1995-12-18,4.51,4.53,4.48,4.5
1995-12-19,4.48,4.57,4.42,4.57
1995-12-20,4.59,4.69,4.59,4.67
1995-12-21,4.7,4.7,4.65,4.65
1995-12-22,4.66,4.72,4.65,4.7
1995-12-25,4.53,4.7,4.53,4.6
1995-12-26,4.47,4.6,4.47,4.58
1995-12-27,4.5,4.62,4.42,4.57
1995-12-28,4.5,4.51,4.21,4.39
1995-12-29,4.35,4.45,4.2,4.27
1996-01-04,4.15,4.15,4.1,4.14
1996-01-05,4.15,4.22,4.01,4.01
1996-01-08,4.03,4.03,4.0,4.01
1996-01-09,4.05,4.12,4.05,4.12
1996-01-10,4.05,4.07,4.0,4.07
1996-01-11,4.01,4.08,4.01,4.02
1996-01-12,4.02,4.15,4.0,4.08
1996-01-15,4.03,4.05,4.01,4.05
1996-01-16,4.03,4.08,4.02,4.06
1996-01-17,4.07,4.08,4.0,4.0
1996-01-18,3.9,4.08,3.82,3.85
1996-01-19,3.85,3.88,3.85,3.88
1996-01-22,3.83,3.85,3.82,3.85
1996-01-23,3.85,3.86,3.79,3.8
1996-01-24,3.85,3.87,3.8,3.87
1996-01-25,3.88,4.0,3.85,3.85
1996-01-26,3.85,3.99,3.85,3.92
1996-01-29,3.88,3.94,3.88,3.91
1996-01-30,3.91,3.96,3.9,3.93
1996-01-31,3.96,3.97,3.9,3.97
1996-02-01,3.97,4.0,3.9,3.97
1996-02-02,3.97,3.98,3.96,3.98
1996-02-05,4.0,4.02,3.9,3.93
1996-02-06,3.91,3.97,3.58,3.91
1996-02-07,3.98,4.04,3.93,3.95
1996-02-08,3.94,4.03,3.94,4.0
1996-02-12,4.01,4.2,4.0,4.11
1996-02-13,4.13,4.27,4.13,4.26
1996-02-14,4.26,4.38,4.17,4.19
1996-02-15,4.2,4.28,4.2,4.23
1996-02-16,4.2,4.5,4.2,4.48
1996-03-04,4.8,5.0,4.56,4.8
1996-03-05,4.78,4.89,4.51,4.6
1996-03-06,4.5,4.57,4.4,4.48
1996-03-07,4.45,4.65,4.45,4.65
1996-03-08,4.52,4.65,4.48,4.59
1996-03-11,4.59,4.79,4.52,4.58
1996-03-12,4.47,4.57,4.4,4.48
1996-03-13,4.41,4.5,4.38,4.42
1996-03-14,4.45,4.54,4.41,4.44
1996-03-15,4.44,4.45,4.4,4.41
1996-03-18,4.41,4.46,4.41,4.42
1996-03-19,4.5,4.59,4.44,4.47
1996-03-20,4.5,4.51,4.46,4.49
1996-03-21,4.5,4.5,4.45,4.49
1996-03-22,4.45,4.5,4.42,4.5
1996-03-25,4.55,4.62,4.5,4.56
1996-03-26,4.55,4.61,4.52,4.52
1996-03-27,4.5,4.5,4.45,4.5
1996-03-28,4.42,4.57,4.42,4.42
1996-03-29,4.5,4.53,4.43,4.52
1996-04-01,4.7,4.7,4.41,4.56
1996-04-02,4.5,4.57,4.45,4.5
1996-04-03,4.45,4.53,4.45,4.53
1996-04-04,4.54,4.54,4.44,4.45
1996-04-05,4.43,4.5,4.22,4.47
1996-04-08,4.49,4.49,4.38,4.41
1996-04-09,4.4,4.46,4.3,4.34
1996-04-10,4.35,4.4,4.35,4.38
1996-04-11,4.35,4.4,4.3,4.35
1996-04-12,4.33,4.55,4.33,4.49
1996-04-15,4.47,4.55,4.44,4.48
1996-04-16,4.48,4.6,4.39,4.6
1996-04-17,4.65,4.78,4.6,4.65
1996-04-18,4.5,4.76,4.42,4.76
1996-04-19,4.71,4.86,4.71,4.8
1996-04-22,4.81,5.06,4.7,4.95
1996-04-23,4.9,5.8,4.87,5.67
1996-04-24,5.79,6.4,5.72,6.4
1996-04-25,6.98,7.58,6.4,7.09
1996-04-26,7.48,12.0,7.31,11.68
1996-04-29,11.91,16.99,11.91,16.99
1996-04-30,17.55,20.99,15.98,20.99
1996-05-02,19.4,21.8,16.0,18.18
1996-05-03,16.9,17.9,16.0,17.2
1996-05-06,16.85,17.18,15.9,16.15
1996-05-07,16.1,16.8,15.45,15.84
1996-05-08,16.1,16.89,15.4,16.35
1996-05-09,16.0,16.49,15.5,15.78
1996-05-10,15.8,15.8,14.5,15.7
1996-05-13,15.8,15.8,14.55,15.38
1996-05-14,15.2,15.23,14.58,14.8
1996-05-15,14.5,15.59,14.41,15.5
1996-05-16,15.61,15.8,14.8,14.95
1996-05-17,14.85,15.78,14.8,15.59
1996-05-20,15.8,16.7,14.65,15.1
1996-05-21,14.85,14.85,13.85,14.1
1996-05-22,14.0,14.7,13.38,13.55
1996-05-23,13.55,13.6,12.4,12.4
1996-05-24,11.5,14.5,11.1,13.5
1996-05-27,13.7,14.0,13.11,13.65
1996-05-29,13.97,14.6,13.75,14.46
1996-05-30,14.4,14.75,14.11,14.51
1996-05-31,14.41,15.5,14.12,15.25
1996-06-03,15.45,17.68,15.25,16.75
1996-06-04,16.68,17.5,16.68,17.19
1996-06-05,17.3,17.9,16.9,17.49
1996-06-06,17.49,17.8,16.66,17.8
1996-06-07,18.0,19.08,18.0,19.03
1996-06-10,18.9,19.12,18.08,18.6
1996-06-11,14.8,15.5,14.0,14.56
1996-06-12,14.89,14.9,14.2,14.28
1996-06-13,14.0,14.9,13.7,14.68
1996-06-14,14.88,14.88,14.12,14.5
1996-06-17,14.55,14.55,14.0,14.1
1996-06-18,14.08,16.0,13.8,16.0
1996-06-19,16.3,17.81,16.25,17.8
1996-06-20,18.0,18.01,17.21,17.88
1996-06-21,17.94,17.97,17.08,17.3
1996-06-24,17.35,17.8,17.02,17.32
1996-06-25,17.32,17.32,16.06,16.33
1996-06-26,16.2,16.66,16.12,16.45
1996-06-27,16.4,18.0,16.4,17.78
1996-06-28,17.88,18.0,16.3,16.3
1996-07-01,16.26,16.88,16.0,16.5
1996-07-02,16.5,16.95,16.45,16.8
1996-07-03,16.8,17.6,16.71,17.2
1996-07-04,17.49,17.83,17.2,17.8
1996-07-05,17.8,18.1,17.5,17.7
1996-07-08,17.55,20.5,17.45,20.5
1996-07-09,21.01,21.8,20.8,21.8
1996-07-10,21.95,21.95,21.2,21.89
1996-07-11,21.69,21.7,20.0,20.3
1996-07-12,19.98,21.0,19.0,20.51
1996-07-15,20.99,21.2,19.3,19.75
1996-07-16,19.5,20.0,19.0,19.8
1996-07-17,20.0,20.5,19.0,19.0
1996-07-18,19.0,20.0,19.0,19.92
1996-07-19,19.99,20.0,19.25,19.45
1996-07-22,19.3,19.45,19.21,19.25
1996-07-23,19.21,20.0,19.04,20.0
1996-07-24,20.2,22.0,20.2,21.95
1996-07-25,22.25,23.08,22.25,22.9
1996-07-26,22.9,24.0,21.98,22.8
1996-07-29,22.95,26.0,22.7,26.0
1996-07-30,25.0,25.38,23.8,24.35
1996-07-31,23.88,25.0,22.8,23.1
1996-08-01,23.33,23.4,21.59,22.2
1996-08-02,22.1,22.8,21.5,21.85
1996-08-05,21.8,22.7,21.5,22.68
1996-08-06,22.6,22.6,21.8,22.2
1996-08-07,22.25,22.49,21.8,22.49
1996-08-08,22.48,22.48,21.8,22.1
1996-08-09,22.08,22.45,21.79,21.97
1996-08-12,22.0,22.0,21.4,22.0
1996-08-13,22.0,22.19,21.6,22.19
1996-08-14,22.0,22.53,21.6,21.88
1996-08-15,21.8,22.0,21.4,21.58
1996-08-16,21.56,21.78,20.5,21.05
1996-08-19,20.9,20.9,20.0,20.1
1996-08-20,20.0,20.49,19.2,19.3
1996-08-21,19.86,20.8,19.1,19.88
1996-08-22,20.9,21.64,19.51,19.97
1996-08-23,19.9,20.0,18.8,19.38
1996-08-26,19.27,19.27,18.8,18.95
1996-08-27,18.88,19.45,18.82,19.4
1996-08-28,19.5,19.89,19.0,19.6
1996-08-29,19.5,19.6,19.01,19.48
1996-08-30,19.76,21.0,19.45,20.45
1996-09-02,20.5,20.55,19.69,19.92
1996-09-03,20.0,20.0,19.1,19.2
1996-09-04,19.2,19.68,19.1,19.38
1996-09-05,19.41,20.0,18.8,20.0
1996-09-06,19.35,19.46,18.9,19.08
1996-09-09,18.81,19.0,18.0,18.24
1996-09-10,18.0,18.5,17.58,17.6
1996-09-11,17.5,18.12,16.88,17.5
1996-09-12,17.68,17.9,16.96,17.0
1996-09-13,17.0,18.3,16.68,17.9
1996-09-16,17.99,18.3,17.1,18.3
1996-09-17,18.0,18.25,17.68,18.14
1996-09-18,18.11,18.2,16.98,17.18
1996-09-19,17.08,17.44,16.7,17.1
1996-09-20,17.0,17.77,16.9,17.7
1996-09-23,17.62,17.88,17.4,17.79
1996-09-24,18.0,19.3,17.95,19.26
1996-09-25,19.85,21.1,19.8,20.49
1996-09-26,20.4,20.67,19.5,20.1
1996-09-27,20.3,20.8,19.6,20.6
1996-10-03,21.2,22.0,20.13,20.75
1996-10-04,20.5,20.5,19.55,20.0
1996-10-07,19.6,20.0,19.49,19.79
1996-10-08,19.8,19.98,19.5,19.75
1996-10-09,19.83,20.23,19.3,19.4
1996-10-10,19.32,19.6,19.0,19.45
1996-10-11,19.6,19.7,19.1,19.35
1996-10-14,19.48,20.24,19.15,19.87
1996-10-15,19.86,19.88,19.12,19.5
1996-10-16,19.62,20.45,19.53,19.79
1996-10-17,19.8,19.8,19.4,19.47
1996-10-18,19.55,20.0,18.8,18.9
1996-10-21,18.8,19.3,18.3,19.03
1996-10-22,18.6,19.5,18.2,18.72
1996-10-23,18.88,20.18,18.7,19.85
1996-10-24,20.2,20.45,19.0,19.3
1996-10-25,19.0,19.3,18.8,18.98
1996-10-28,18.7,19.48,18.61,19.3
1996-10-29,19.35,20.3,19.35,19.78
1996-10-30,19.88,20.0,18.88,18.91
1996-10-31,18.91,19.15,18.7,19.08
1996-11-01,19.0,19.0,18.3,18.52
1996-11-04,18.48,19.0,18.4,18.9
1996-11-05,19.05,19.05,18.6,18.68
1996-11-06,18.9,18.9,18.2,18.31
1996-11-07,18.5,18.98,18.3,18.63
1996-11-08,18.63,19.0,18.5,18.91
1996-11-11,19.19,19.79,19.01,19.45
1996-11-12,19.56,19.69,19.1,19.25
1996-11-13,19.35,20.3,19.3,20.3
1996-11-14,20.63,23.0,20.63,22.5
1996-11-15,22.4,22.9,21.49,22.35
1996-11-18,22.8,22.98,21.7,22.2
1996-11-19,22.1,22.2,21.22,21.6
1996-11-20,21.3,22.2,21.1,21.75
1996-11-21,21.65,21.7,19.77,19.9
1996-11-22,19.7,20.2,19.16,20.18
1996-11-25,20.3,20.8,19.8,20.42
1996-11-26,20.5,20.88,20.15,20.47
1996-11-27,20.5,20.68,19.0,19.8
1996-11-28,19.5,19.79,19.2,19.49
1996-11-29,19.6,20.2,19.4,19.86
1996-12-02,20.0,20.2,19.7,19.8
1996-12-03,19.8,20.5,19.68,20.48
1996-12-04,20.88,21.2,20.0,20.53
1996-12-05,20.53,21.38,20.3,21.0
1996-12-06,21.0,21.78,21.0,21.27
1996-12-09,21.3,21.5,20.9,21.3
1996-12-10,21.3,21.4,20.53,20.96
1996-12-11,20.88,24.35,20.8,23.88
1996-12-12,24.16,24.65,22.0,22.8
1996-12-13,22.5,22.5,20.89,21.0
1996-12-16,18.89,18.89,18.89,18.89
1996-12-17,17.0,18.85,17.0,17.0
1996-12-18,17.0,18.7,16.8,18.7
1996-12-19,19.4,20.1,17.3,17.95
1996-12-20,17.5,18.35,17.31,17.88
1996-12-23,18.45,18.79,17.86,18.15
1996-12-24,18.2,18.45,17.5,17.5
1996-12-25,17.4,18.0,16.95,17.76
1996-12-26,17.91,18.14,17.65,17.7
1996-12-27,17.9,18.11,17.65,18.11
1996-12-30,18.2,19.0,18.0,18.66
1996-12-31,18.59,18.65,17.88,17.95
1997-01-02,18.1,18.18,17.88,18.09
1997-01-03,18.15,18.3,17.7,17.99
1997-01-06,17.68,18.06,17.48,17.5
1997-01-07,17.5,18.1,17.32,17.95
1997-01-08,17.93,18.18,17.7,17.88
1997-01-09,17.88,18.1,17.88,17.98
1997-01-10,18.05,18.15,17.88,18.05
1997-01-13,18.15,18.5,18.1,18.15
1997-01-14,18.19,18.28,17.86,18.01
1997-01-15,17.91,18.18,17.9,18.03
1997-01-16,18.08,19.2,18.05,18.75
1997-01-17,18.98,19.26,18.6,18.9
1997-01-20,18.98,19.39,18.7,19.11
1997-01-21,19.18,19.4,19.1,19.19
1997-01-22,19.26,19.98,19.25,19.71
1997-01-23,19.72,20.82,19.72,20.5
1997-01-24,20.6,20.66,19.9,20.21
1997-01-27,20.23,20.36,19.99,20.22
1997-01-28,20.16,20.3,19.9,20.2
1997-01-29,20.1,20.28,19.9,20.12
1997-01-30,20.61,21.3,20.5,20.8
1997-01-31,20.7,21.0,20.65,20.97
1997-02-17,21.2,21.29,20.68,20.98
1997-02-18,20.8,20.9,18.88,18.92
1997-02-19,18.9,20.46,18.9,19.98
1997-02-20,17.98,20.18,17.98,19.71
1997-02-21,19.7,19.9,19.3,19.88
1997-02-24,19.9,21.04,19.9,20.85
1997-02-25,20.7,21.1,20.46,20.62
1997-02-26,21.0,21.2,20.6,20.96
1997-02-27,21.15,22.3,20.9,22.1
1997-02-28,22.05,23.0,21.4,22.5
1997-03-03,22.6,23.08,22.6,22.9
1997-03-04,22.7,22.9,22.05,22.45
1997-03-05,22.48,22.85,22.3,22.4
1997-03-06,22.3,22.8,22.04,22.6
1997-03-07,22.6,24.86,22.55,24.35
1997-03-10,24.5,25.48,23.8,25.1
1997-03-11,25.18,25.8,24.72,25.31
1997-03-12,25.8,27.01,25.6,25.9
1997-03-13,25.99,28.0,25.63,27.85
1997-03-14,27.6,30.0,27.5,29.2
1997-03-17,30.0,32.1,29.59,32.07
1997-03-18,32.01,35.05,32.0,33.42
1997-03-19,33.58,34.5,32.21,33.68
1997-03-20,33.0,34.2,30.5,30.91
1997-03-21,30.5,32.08,30.18,31.41
1997-03-24,31.6,31.86,30.7,31.5
1997-03-25,31.6,34.65,31.6,34.65
1997-03-26,35.0,35.5,33.79,34.35
1997-03-27,34.0,35.45,33.5,33.87
1997-03-28,33.31,34.0,32.95,33.39
1997-03-31,33.9,36.18,33.9,35.36
1997-04-01,36.0,36.2,35.0,35.42
1997-04-02,35.81,36.99,35.2,35.74
1997-04-03,35.89,37.6,35.7,37.53
1997-04-04,41.28,41.28,36.5,41.28
1997-04-07,42.99,45.41,42.99,45.41
1997-04-08,45.41,45.79,43.18,43.56
1997-04-09,43.75,47.55,43.7,46.87
1997-04-10,46.96,47.32,45.2,45.84
1997-04-11,45.0,45.2,43.8,44.78
1997-04-14,45.0,45.68,43.8,44.0
1997-04-15,44.0,45.18,43.95,44.81
1997-04-16,45.5,46.8,44.5,45.67
1997-04-17,45.7,46.1,45.0,45.56
1997-04-18,45.88,46.3,45.36,45.85
1997-04-21,46.5,48.99,46.5,47.91
1997-04-22,48.2,48.2,47.7,47.94
1997-04-23,47.94,52.6,47.9,52.26
1997-04-24,52.0,56.47,50.3,55.97
1997-04-25,56.2,60.2,56.08,58.77
1997-04-28,60.03,64.54,60.0,64.28
1997-04-29,65.5,67.6,59.01,61.02
1997-04-30,61.01,64.5,59.1,64.42
1997-05-06,69.86,70.0,66.0,67.16
1997-05-07,65.5,66.0,60.8,62.77
1997-05-08,61.98,64.28,57.5,58.78
1997-05-09,58.5,61.18,58.0,60.97
1997-05-12,61.0,62.0,58.5,59.02
1997-05-13,58.0,60.5,56.5,58.04
1997-05-14,57.5,60.0,56.83,58.33
1997-05-15,59.58,61.88,58.35,61.57
1997-05-16,57.03,61.37,55.41,55.41
1997-05-19,56.48,58.0,54.2,56.18
1997-05-20,56.88,61.5,56.88,61.06
1997-05-21,61.0,61.57,58.0,59.2
1997-05-22,53.28,56.98,53.28,54.7
1997-05-23,56.7,58.49,55.0,57.64
1997-05-26,59.0,59.59,55.5,57.85
1997-05-27,58.2,58.6,57.1,57.95
1997-05-28,58.0,59.49,57.4,57.93
1997-05-29,57.8,58.5,56.97,57.0
1997-05-30,56.8,57.4,55.18,57.14
1997-06-02,57.58,59.5,57.2,58.25
1997-06-03,58.02,59.4,57.76,58.09
1997-06-04,58.18,62.0,58.15,60.94
1997-06-05,62.0,62.0,59.98,60.37
1997-06-06,57.5,59.0,56.0,57.5
1997-06-09,57.44,57.95,55.68,56.86
1997-06-10,56.8,56.9,54.2,54.57
1997-06-11,54.01,54.2,49.11,50.92
1997-06-12,51.5,52.48,50.4,50.71
1997-06-13,48.0,53.2,47.68,53.06
1997-06-16,55.8,57.25,55.5,56.91
1997-06-17,58.79,60.3,58.6,59.01
1997-06-18,59.08,59.8,57.28,57.66
1997-06-19,57.5,57.9,56.6,56.82
1997-06-20,29.0,31.14,28.9,31.14
1997-06-23,32.61,34.25,31.4,32.74
1997-06-24,32.1,33.8,31.8,33.51
1997-06-25,33.8,34.0,33.2,33.73
1997-06-26,33.5,34.8,32.91,34.8
1997-06-27,35.1,37.15,35.1,35.49
1997-07-02,35.6,36.55,31.94,34.4
1997-07-03,34.0,34.0,32.0,32.47
1997-07-04,31.5,33.0,30.5,32.79
1997-07-07,32.8,32.94,29.51,29.82
1997-07-08,29.3,31.35,28.5,31.24
1997-07-09,31.65,32.08,30.38,31.51
1997-07-10,32.0,32.0,30.5,30.56
1997-07-11,30.0,31.88,29.5,31.76
1997-07-14,32.2,32.5,31.76,31.98
1997-07-15,32.0,32.05,31.05,31.53
1997-07-16,31.5,32.06,31.08,31.43
1997-07-17,31.29,31.98,31.0,31.61
1997-07-18,31.6,32.18,30.91,31.78
1997-07-21,31.88,32.1,30.5,30.89
1997-07-22,30.0,31.8,29.8,31.3
1997-07-23,32.0,32.0,30.5,30.6
1997-07-24,30.05,30.9,29.88,29.91
1997-07-25,29.4,29.95,28.81,29.08
1997-07-28,28.32,28.8,26.4,26.81
1997-07-29,26.0,27.5,25.5,26.99
1997-07-30,27.0,27.28,26.5,26.93
1997-07-31,27.0,28.3,26.97,27.77
1997-08-01,28.01,28.3,27.05,27.4
1997-08-04,27.39,27.45,26.31,26.58
1997-08-05,26.55,27.35,26.08,26.8
1997-08-06,26.68,27.0,26.2,26.28
1997-08-07,26.0,26.2,25.5,26.0
1997-08-08,26.0,27.38,25.6,26.97
1997-08-11,26.85,26.9,25.5,25.62
1997-08-12,25.1,25.5,23.06,23.19
1997-08-13,22.7,23.58,21.85,21.91
1997-08-14,21.0,23.5,21.0,23.44
1997-08-15,24.0,24.0,22.38,22.69
1997-08-18,22.29,22.29,21.5,21.71
1997-08-19,21.75,22.0,21.25,21.5
1997-08-20,21.4,22.0,21.2,21.23
1997-08-21,21.5,21.7,21.23,21.56
1997-08-22,21.6,23.5,21.57,23.43
1997-08-25,23.5,24.0,21.98,23.05
1997-08-26,23.2,23.7,23.0,23.27
1997-08-27,23.29,24.34,23.28,23.72
1997-08-28,23.5,23.5,22.03,22.68
1997-08-29,22.5,22.5,22.0,22.23
1997-09-01,22.0,22.6,21.63,22.11
1997-09-02,21.9,22.65,21.79,22.35
1997-09-03,22.55,23.39,22.5,23.36
1997-09-04,23.59,24.0,23.4,23.65
1997-09-05,23.68,23.7,23.0,23.4
1997-09-08,23.2,23.2,22.85,22.96
1997-09-09,22.9,23.22,22.75,22.82
1997-09-10,22.78,22.9,22.56,22.68
1997-09-11,22.7,23.8,22.4,23.11
1997-09-12,23.0,23.3,22.6,22.63
1997-09-15,22.3,22.5,22.0,22.03
1997-09-16,22.0,22.5,22.0,22.12
1997-09-17,22.11,22.21,21.6,21.74
1997-09-18,21.74,22.05,21.7,21.8
1997-09-19,21.8,22.09,21.8,21.88
1997-09-22,21.88,21.88,20.05,20.23
1997-09-23,20.0,20.2,18.28,18.58
1997-09-24,18.85,20.1,18.85,20.06
1997-09-25,20.06,21.0,20.06,20.17
1997-09-26,20.5,20.55,19.7,19.99
1997-09-29,19.5,20.0,19.01,19.42
1997-09-30,19.2,20.5,19.2,19.95
1997-10-06,20.01,20.4,19.7,19.95
1997-10-07,19.61,20.1,19.61,19.95
1997-10-08,20.3,21.0,20.1,20.7
1997-10-09,20.6,20.97,20.3,20.34
1997-10-10,20.4,20.5,20.2,20.3
1997-10-13,20.5,20.6,20.0,20.13
1997-10-14,20.23,20.23,19.98,20.15
1997-10-15,20.3,21.0,20.0,20.77
1997-10-16,20.87,22.85,20.87,22.85
1997-10-17,23.8,25.14,23.6,25.14
1997-10-20,25.97,27.65,25.8,27.3
1997-10-21,27.29,29.98,26.3,29.4
1997-10-22,29.4,30.8,28.05,28.13
1997-10-23,27.5,29.8,26.96,28.73
1997-10-24,28.81,29.0,28.1,28.79
1997-10-27,28.9,29.8,28.5,28.99
1997-10-28,28.7,31.0,28.2,29.89
1997-10-29,29.98,31.4,29.31,31.33
1997-10-30,31.77,33.36,30.5,30.9
1997-10-31,30.0,30.69,28.6,29.97
1997-11-03,29.85,30.3,29.3,29.5
1997-11-04,29.31,30.68,29.3,30.33
1997-11-05,30.58,32.0,30.45,31.23
1997-11-06,32.05,32.55,31.2,31.3
1997-11-07,31.05,32.4,31.0,32.17
1997-11-10,32.81,34.56,32.2,33.2
1997-11-11,33.02,34.5,32.3,34.36
1997-11-12,35.0,36.0,33.78,33.83
1997-11-13,33.2,35.12,32.55,34.99
1997-11-14,35.0,35.76,34.1,34.46
1997-11-17,35.5,35.5,34.0,34.27
1997-11-18,34.0,34.52,33.5,33.62
1997-11-19,33.1,33.9,32.8,33.16
1997-11-20,32.8,33.3,32.51,32.69
1997-11-21,32.5,32.5,31.5,31.62
1997-11-24,30.8,32.0,30.6,31.57
1997-11-25,31.5,32.2,31.2,31.98
1997-11-26,32.0,32.38,31.6,31.93
1997-11-27,31.95,32.0,30.5,30.64
1997-11-28,30.2,31.98,30.0,31.86
1997-12-01,31.49,31.5,30.8,30.9
1997-12-02,30.9,31.48,30.71,30.98
1997-12-03,30.8,31.18,30.8,30.88
1997-12-04,30.8,32.2,30.55,31.89
1997-12-05,32.12,32.8,31.5,31.53
1997-12-08,31.39,31.91,31.3,31.46
1997-12-09,31.75,31.98,31.31,31.65
1997-12-10,32.0,32.48,31.6,31.82
1997-12-11,32.0,32.4,31.35,32.35
1997-12-12,32.49,32.66,31.8,31.88
1997-12-15,31.7,32.23,31.6,31.98
1997-12-16,32.0,33.2,32.0,33.06
1997-12-17,32.7,32.75,31.8,31.89
1997-12-18,31.4,32.2,31.35,31.81
1997-12-19,31.78,32.49,31.61,32.24
1997-12-22,32.5,34.23,31.96,33.47
1997-12-23,33.76,34.3,33.0,33.15
1997-12-24,33.0,33.8,33.0,33.24
1997-12-25,33.18,33.7,33.0,33.21
1997-12-26,33.5,35.0,33.3,34.05
1997-12-29,35.49,35.51,34.2,34.37
1997-12-30,34.38,34.51,34.0,34.35
1997-12-31,34.2,35.0,34.2,34.77
1998-01-05,35.18,37.0,34.95,36.7
1998-01-06,36.9,37.0,35.81,36.1
1998-01-07,36.0,36.1,35.2,35.9
1998-01-08,35.88,37.4,35.4,35.88
1998-01-09,35.81,36.5,35.1,35.6
1998-01-12,35.45,35.8,34.4,34.5
1998-01-13,33.5,34.2,31.05,32.81
1998-01-14,32.9,34.0,32.5,33.19
1998-01-15,33.0,33.75,32.5,33.0
1998-01-16,33.0,34.5,32.8,33.77
1998-01-19,34.0,34.2,33.0,33.3
1998-01-20,33.0,33.35,31.79,32.23
1998-01-21,32.0,32.48,31.28,31.55
1998-01-22,31.5,32.8,31.3,32.46
1998-01-23,32.7,32.99,32.38,32.6
1998-02-09,33.8,34.0,32.7,32.7
1998-02-10,32.7,32.71,31.8,31.86
1998-02-11,31.5,32.5,31.36,31.79
1998-02-12,32.0,32.0,31.45,31.53
1998-02-13,31.5,32.5,31.5,32.02
1998-02-16,31.9,32.2,31.2,31.45
1998-02-17,31.2,31.75,31.08,31.21
1998-02-18,31.02,31.49,30.4,30.58
1998-02-19,30.5,31.4,30.2,31.2
1998-02-20,31.45,31.45,30.8,30.84
1998-02-23,30.15,30.45,29.68,29.93
1998-02-24,29.9,29.9,28.48,28.58
1998-02-25,28.4,28.6,27.53,28.09
1998-02-26,29.9,30.9,29.18,30.9
1998-02-27,33.0,33.07,31.0,31.05
1998-03-02,29.99,30.0,28.1,28.97
1998-03-03,28.56,29.7,28.3,29.6
1998-03-04,29.5,29.9,29.03,29.28
1998-03-05,29.3,29.8,29.28,29.29
1998-03-06,29.28,29.3,28.5,28.79
1998-03-09,28.79,28.8,28.05,28.1
1998-03-10,27.0,28.15,25.8,27.58
1998-03-12,27.05,27.9,27.05,27.75
1998-03-13,27.8,28.88,27.56,28.87
1998-03-16,29.0,29.94,29.0,29.5
1998-03-17,29.77,29.9,29.4,29.48
1998-03-18,29.5,29.68,28.75,28.79
1998-03-19,28.79,29.18,28.5,28.55
1998-03-20,29.0,29.5,28.51,29.1
1998-03-23,28.81,29.95,28.6,29.0
1998-03-24,29.0,31.8,29.0,31.72
1998-03-25,32.88,33.1,31.0,31.29
1998-03-26,31.16,32.1,30.88,31.18
1998-03-27,31.0,33.52,30.9,32.76
1998-03-30,33.0,33.45,32.5,32.79
1998-03-31,32.59,32.7,31.7,31.72
1998-04-01,31.5,32.5,31.45,32.1
1998-04-02,32.2,32.9,31.8,31.82
1998-04-03,31.62,32.0,31.3,31.94
1998-04-06,31.9,32.56,31.0,32.49
1998-04-07,32.48,32.68,31.8,31.91
1998-04-08,31.68,32.24,31.45,31.57
1998-04-10,33.2,34.0,31.8,32.0
1998-04-13,32.1,32.43,31.6,31.82
1998-04-14,31.5,32.1,31.5,31.56
1998-04-15,31.56,32.15,31.1,31.7
1998-04-16,31.5,32.5,31.3,31.61
1998-04-17,31.7,31.7,30.68,30.88
1998-04-20,30.0,30.7,29.98,30.07
1998-04-21,30.01,30.7,29.85,29.89
1998-04-22,29.8,32.0,29.8,31.59
1998-04-23,31.8,32.1,30.51,30.79
1998-04-24,30.5,31.9,30.5,31.21
1998-04-27,30.6,31.22,30.0,30.76
1998-04-28,30.5,32.0,30.5,31.47
1998-04-29,31.5,34.0,31.0,33.09
1998-04-30,33.3,35.0,32.7,34.47
1998-05-04,35.38,36.5,34.88,35.02
1998-05-05,35.1,35.4,34.6,34.87
1998-05-06,34.85,35.9,34.6,35.01
1998-05-07,35.0,35.58,33.3,33.35
1998-05-08,32.99,34.1,32.6,33.69
1998-05-11,33.71,34.0,32.8,32.83
1998-05-12,32.9,33.47,32.5,32.9
1998-05-13,33.0,33.3,32.55,32.96
1998-05-14,32.8,33.91,32.6,33.36
1998-05-15,33.5,34.18,33.1,33.19
1998-05-18,33.38,33.41,32.75,32.84
1998-05-19,32.85,33.0,32.1,32.25
1998-05-20,32.12,32.52,31.85,31.9
1998-05-21,31.91,32.5,31.9,32.21
1998-05-22,32.5,32.7,32.0,32.04
1998-05-25,32.0,32.59,31.5,32.32
1998-05-27,31.9,32.48,31.55,31.65
1998-05-28,31.66,32.0,31.0,31.21
1998-05-29,31.3,32.0,31.0,31.8
1998-06-01,31.55,31.8,31.11,31.31
1998-06-02,31.3,33.0,31.02,32.32
1998-06-03,32.29,32.32,31.5,31.61
1998-06-04,31.19,31.98,31.1,31.32
1998-06-05,31.3,32.3,31.25,31.88
1998-06-08,31.98,32.93,31.5,32.55
1998-06-09,32.58,32.68,31.5,31.74
1998-06-10,31.4,32.48,31.3,31.86
1998-06-11,31.78,31.9,30.8,30.96
1998-06-15,31.5,31.8,30.0,30.32
1998-06-16,30.3,30.35,29.4,30.0
1998-06-17,29.99,29.99,28.61,29.0
1998-06-18,29.3,29.95,28.9,29.27
1998-06-19,29.28,30.7,29.27,30.38
1998-06-20,29.28,30.7,29.27,30.38
1998-06-22,30.3,30.35,29.3,29.45
1998-06-23,29.15,29.26,28.6,28.9
1998-06-24,28.6,29.3,28.51,29.04
1998-06-25,29.25,29.33,28.66,28.75
1998-06-26,28.8,29.05,28.27,28.49
1998-06-29,28.3,28.35,27.13,27.42
1998-06-30,27.98,28.87,26.7,26.92
1998-07-01,28.05,28.2,26.3,26.9
1998-07-02,26.9,27.84,26.7,27.8
1998-07-03,28.0,28.38,27.5,27.53
1998-07-06,27.0,27.55,26.5,26.6
1998-07-07,26.37,26.74,25.95,26.41
1998-07-08,26.48,27.25,26.35,26.8
1998-07-09,26.8,27.4,26.5,26.6
1998-07-10,26.65,27.69,26.65,27.57
1998-07-13,27.57,27.6,26.8,26.85
1998-07-14,26.8,27.12,26.56,26.6
1998-07-15,26.6,26.8,26.4,26.52
1998-07-16,26.5,26.8,26.0,26.0
1998-07-17,26.0,26.5,25.2,25.26
1998-07-20,25.0,25.0,23.85,24.25
1998-07-21,24.31,26.68,24.31,26.04
1998-07-22,26.0,26.95,25.15,25.75
1998-07-23,25.96,25.96,25.2,25.5
1998-07-24,25.7,26.7,25.6,26.09
1998-07-27,26.3,26.5,25.86,26.0
1998-07-28,26.0,26.3,25.52,25.6
1998-07-29,25.9,25.9,25.2,25.56
1998-07-30,25.58,25.65,25.28,25.41
1998-07-31,25.7,25.89,25.0,25.07
1998-08-03,25.07,25.1,24.51,24.66
1998-08-04,24.6,25.2,24.2,24.74
1998-08-05,24.8,25.19,24.3,24.92
1998-08-06,25.18,25.9,25.06,25.08
1998-08-07,25.0,25.19,24.3,24.74
1998-08-10,24.5,25.5,24.2,25.11
1998-08-11,25.13,26.7,25.13,26.45
1998-08-12,26.4,27.48,25.5,27.06
1998-08-13,27.0,27.48,26.52,26.62
1998-08-14,26.42,26.55,25.6,25.62
1998-08-17,25.01,25.7,23.8,24.49
1998-08-18,24.31,25.48,24.31,25.0
1998-08-19,25.15,26.15,24.9,25.82
1998-08-20,25.9,26.1,25.39,25.73
1998-08-21,25.6,26.69,25.46,26.45
1998-08-24,26.73,27.4,26.21,26.34
1998-08-25,26.29,26.75,25.6,26.68
1998-08-26,26.48,26.9,25.79,25.9
1998-08-27,25.41,26.09,25.25,25.29
1998-08-28,25.3,25.65,24.96,25.03
1998-08-31,24.8,25.8,24.03,25.78
1998-09-01,25.8,25.8,25.0,25.02
1998-09-02,24.99,25.54,24.38,24.98
1998-09-03,24.98,25.35,24.95,25.02
1998-09-04,25.1,25.55,24.5,25.32
1998-09-07,25.39,25.68,25.1,25.46
1998-09-08,25.71,25.9,25.01,25.3
1998-09-09,25.1,25.89,25.1,25.82
1998-09-10,26.05,26.66,25.84,26.24
1998-09-14,25.88,27.17,25.81,26.62
1998-09-15,26.7,27.0,26.22,26.26
1998-09-16,26.28,26.41,25.83,26.11
1998-09-17,26.99,27.78,26.15,26.31
1998-09-18,26.35,26.55,25.5,25.68
1998-09-21,25.4,25.77,25.16,25.71
1998-09-22,25.5,26.0,25.4,25.55
1998-09-23,25.45,25.8,25.31,25.46
1998-09-24,25.61,25.66,24.91,24.96
1998-09-25,24.8,25.15,24.7,25.11
1998-09-28,25.3,25.5,24.95,25.11
1998-09-29,25.1,25.48,24.95,25.0
1998-09-30,25.0,25.5,25.0,25.49
1998-10-05,25.5,25.5,25.0,25.1
1998-10-06,25.1,25.3,24.7,24.71
1998-10-07,24.71,24.9,24.45,24.48
1998-10-08,24.5,24.8,24.38,24.52
1998-10-09,24.58,24.86,24.51,24.56
1998-10-12,24.45,24.51,23.9,24.17
1998-10-13,24.1,24.98,24.1,24.46
1998-10-14,24.46,24.46,24.08,24.15
1998-10-15,24.2,24.3,23.98,24.09
1998-10-16,24.3,24.5,24.09,24.17
1998-10-19,24.17,24.48,24.15,24.23
1998-10-20,24.3,25.0,24.3,24.47
1998-10-21,24.4,24.45,23.5,23.55
1998-10-22,23.4,23.4,22.6,23.17
1998-10-23,23.16,24.38,23.14,23.23
1998-10-26,23.1,23.1,22.15,22.56
1998-10-27,22.35,22.4,21.86,22.0
1998-10-28,22.01,22.4,21.9,22.32
1998-10-29,22.35,22.92,22.35,22.49
1998-10-30,22.5,23.15,22.3,22.78
1998-11-02,22.78,23.1,22.5,23.01
1998-11-03,23.1,24.0,23.1,23.79
1998-11-04,23.8,23.83,23.31,23.43
1998-11-05,23.38,24.68,23.3,24.54
1998-11-06,24.7,26.33,24.7,25.77
1998-11-09,25.99,26.11,25.5,25.89
1998-11-10,25.8,25.85,25.55,25.7
1998-11-11,25.65,26.0,25.6,25.91
1998-11-12,25.91,26.0,25.41,25.48
1998-11-13,25.48,25.86,25.1,25.79
1998-11-16,25.8,26.8,25.6,26.34
1998-11-17,26.2,26.8,26.05,26.06
1998-11-18,26.1,26.75,25.82,25.98
1998-11-19,25.92,25.92,25.25,25.34
1998-11-20,25.26,25.55,25.22,25.47
1998-11-23,25.5,25.8,24.78,24.98
1998-11-24,24.2,25.05,23.88,24.57
1998-11-25,24.58,24.98,23.9,24.14
1998-11-26,24.0,24.47,23.65,24.05
1998-11-27,24.0,24.1,23.5,23.78
1998-11-30,23.5,23.75,23.0,23.37
1998-12-01,23.36,23.37,22.98,23.05
1998-12-02,22.76,23.35,22.76,23.34
1998-12-03,23.3,23.95,23.3,23.52
1998-12-04,23.57,23.57,23.01,23.49
1998-12-07,23.86,24.0,22.9,23.07
1998-12-08,23.0,23.0,22.31,22.68
1998-12-09,22.68,22.8,22.29,22.43
1998-12-10,22.8,23.09,22.5,22.66
1998-12-11,22.6,23.0,22.39,22.88
1998-12-14,22.88,23.45,22.85,23.08
1998-12-15,23.1,23.1,22.5,23.03
1998-12-16,23.1,23.1,22.5,22.73
1998-12-17,22.35,22.9,22.35,22.38
1998-12-18,22.35,23.5,22.21,23.13
1998-12-21,22.81,22.99,22.66,22.89
1998-12-22,22.9,23.69,22.2,23.6
1998-12-23,23.54,23.9,23.2,23.82
1998-12-24,23.4,23.78,23.38,23.65
1998-12-25,23.6,23.95,23.19,23.39
1998-12-28,22.9,23.5,22.6,22.75
1998-12-29,22.69,22.85,22.35,22.51
1998-12-30,22.5,22.98,20.28,21.7
1998-12-31,22.5,22.8,22.1,22.59
1999-01-04,22.3,22.5,21.8,21.99
1999-01-05,21.9,22.1,21.1,21.85
1999-01-06,21.8,22.15,21.69,21.81
1999-01-07,21.7,22.27,21.51,21.99
1999-01-08,22.11,22.65,21.9,22.59
1999-01-11,22.7,22.95,22.35,22.84
1999-01-12,22.8,23.23,22.65,22.92
1999-01-13,22.64,24.2,21.58,23.61
1999-01-14,23.7,24.15,23.35,23.94
1999-01-15,23.91,24.25,23.88,24.0
1999-01-18,24.0,25.2,23.8,25.01
1999-01-19,25.08,25.2,24.7,24.85
1999-01-20,24.8,24.97,24.45,24.49
1999-01-21,24.39,24.75,24.1,24.69
1999-01-22,24.79,25.1,24.0,24.19
1999-01-25,24.19,24.38,23.26,23.35
1999-01-26,23.16,24.05,23.1,23.68
1999-01-27,23.8,23.8,23.41,23.63
1999-01-28,23.63,24.16,23.6,23.87
1999-01-29,23.9,23.98,23.78,23.92
1999-02-01,23.94,24.75,23.94,24.43
1999-02-02,24.47,24.6,23.7,24.46
1999-02-03,24.48,24.48,23.85,24.1
1999-02-04,24.01,24.01,23.41,23.41
1999-02-05,23.2,23.6,22.85,23.23
1999-02-08,23.0,23.48,22.8,22.92
1999-02-09,23.0,23.66,23.0,23.35
1999-03-01,23.38,23.4,23.0,23.15
1999-03-02,23.15,23.15,22.6,22.81
1999-03-03,22.81,23.1,22.31,23.0
1999-03-04,23.0,23.38,22.9,23.0
1999-03-05,23.0,23.2,22.9,23.07
1999-03-08,23.1,23.15,22.51,22.62
1999-03-09,22.5,23.0,22.48,22.7
1999-03-10,22.7,24.1,22.52,23.69
1999-03-11,23.6,23.85,23.5,23.66
1999-03-12,23.6,24.0,23.44,23.49
1999-03-15,23.45,23.79,23.2,23.37
1999-03-16,23.2,23.6,23.2,23.39
1999-03-17,23.45,23.5,23.1,23.1
1999-03-18,23.01,24.0,22.95,23.35
1999-03-19,23.35,23.42,23.0,23.39
1999-03-22,23.41,24.09,23.2,23.5
1999-03-23,24.4,24.8,23.78,24.45
1999-03-24,24.44,24.7,23.9,24.2
1999-03-25,24.1,24.1,23.6,23.62
1999-03-26,23.6,23.98,23.5,23.57
1999-03-29,24.0,24.0,23.55,23.67
1999-03-30,23.61,23.8,23.25,23.29
1999-03-31,23.27,23.5,22.98,23.49
1999-04-01,23.42,23.5,23.0,23.01
1999-04-02,23.0,23.55,23.0,23.45
1999-04-05,23.47,23.65,23.14,23.15
1999-04-06,23.2,23.85,23.2,23.44
1999-04-07,23.43,23.78,23.15,23.34
1999-04-08,23.35,23.5,23.0,23.5
1999-04-09,23.5,24.15,23.3,23.45
1999-04-12,23.42,23.42,22.8,22.8
1999-04-13,22.78,23.16,22.61,22.79
1999-04-14,22.8,23.0,22.62,22.78
1999-04-15,22.81,23.0,22.46,22.51
1999-04-16,22.49,22.95,22.3,22.55
1999-04-19,22.31,22.5,22.3,22.43
1999-04-20,22.5,22.51,22.1,22.24
1999-04-21,22.35,22.35,22.1,22.16
1999-04-22,22.1,22.5,21.59,22.41
1999-04-26,22.35,22.35,21.3,21.61
1999-04-27,21.5,21.98,21.0,21.21
1999-04-28,21.26,22.9,21.26,21.5
1999-04-29,21.51,21.95,21.31,21.6
1999-04-30,21.88,22.3,21.48,21.68
1999-05-04,21.98,22.2,21.6,21.74
1999-05-05,21.74,22.19,21.38,22.01
1999-05-06,22.02,22.5,22.0,22.18
1999-05-07,22.2,22.45,21.85,21.98
1999-05-10,16.67,16.67,16.0,16.15
1999-05-11,16.05,16.5,16.05,16.19
1999-05-12,16.2,16.4,15.79,15.91
1999-05-13,15.95,16.09,15.39,15.58
1999-05-14,15.6,15.6,14.9,14.96
1999-05-17,14.7,15.18,14.55,14.95
1999-05-18,15.0,15.14,14.68,14.84
1999-05-19,14.84,16.25,14.75,16.2
1999-05-20,16.4,16.9,16.05,16.78
1999-05-21,16.88,17.39,16.5,17.31
1999-05-24,17.38,19.05,16.95,19.01
1999-05-25,19.1,19.8,18.31,18.7
1999-05-26,18.5,20.09,18.35,19.35
1999-05-27,19.6,20.7,19.2,20.17
1999-05-28,20.18,20.5,19.5,19.96
1999-05-31,19.96,20.65,19.0,19.63
1999-06-01,19.0,19.8,19.0,19.6
1999-06-02,19.8,20.9,19.4,19.8
1999-06-03,19.65,20.71,19.3,20.34
1999-06-04,20.5,22.37,20.45,22.37
1999-06-07,23.75,24.61,22.99,24.25
1999-06-08,24.23,24.3,23.5,23.68
1999-06-09,23.58,25.4,23.42,24.52
1999-06-10,25.0,25.35,24.0,24.54
1999-06-11,24.3,24.92,24.0,24.38
1999-06-14,24.38,24.8,23.98,24.45
1999-06-15,26.93,26.93,24.25,25.0
1999-06-16,25.35,26.65,25.01,26.46
1999-06-17,27.0,27.9,26.6,27.3
1999-06-18,27.4,27.5,26.6,26.9
1999-06-21,27.0,28.5,26.73,28.0
1999-06-22,28.05,28.08,26.95,27.74
1999-06-23,27.74,29.03,27.7,28.58
1999-06-24,28.6,31.44,28.56,31.44
1999-06-25,34.4,34.58,29.0,32.5
1999-06-28,33.0,35.67,33.0,35.67
1999-06-29,38.5,39.24,37.67,39.24
1999-06-30,39.24,42.81,37.0,40.99
1999-07-01,40.5,40.5,36.89,38.94
1999-07-02,39.21,40.5,37.5,38.46
1999-07-05,38.0,38.3,34.61,34.61
1999-07-06,32.0,34.0,31.15,31.52
1999-07-07,31.52,34.5,31.52,34.48
1999-07-08,35.0,35.3,33.0,33.74
1999-07-09,32.21,34.8,32.21,34.14
1999-07-12,34.0,34.0,31.5,32.0
1999-07-13,31.3,31.3,29.0,29.52
1999-07-14,29.6,31.3,29.5,30.71
1999-07-15,30.7,32.13,29.8,31.54
1999-07-16,31.0,31.05,29.8,30.0
1999-07-19,29.0,29.51,28.0,28.09
1999-07-20,28.0,30.9,27.9,30.9
1999-07-21,33.48,33.99,31.99,33.99
1999-07-22,34.6,34.6,31.9,32.01
1999-07-23,32.0,34.58,32.0,33.21
1999-07-26,33.2,33.58,32.4,33.12
1999-07-27,33.01,34.01,32.45,33.39
1999-07-28,33.39,33.99,32.9,33.49
1999-07-29,33.7,33.97,33.18,33.32
1999-07-30,33.23,33.78,32.86,32.91
1999-08-02,34.9,34.9,32.98,33.24
1999-08-03,33.26,33.48,32.35,32.63
1999-08-04,33.0,33.8,32.64,33.5
1999-08-05,33.6,33.9,32.66,32.89
1999-08-06,32.89,33.01,31.68,32.93
1999-08-09,33.8,33.8,31.5,31.57
1999-08-10,31.3,31.3,29.6,29.96
1999-08-11,29.9,30.32,29.45,29.6
1999-08-12,29.6,30.2,29.48,29.67
1999-08-13,29.88,30.19,29.45,29.71
1999-08-16,29.55,29.6,28.35,28.86
1999-08-17,28.91,30.3,28.91,29.33
1999-08-18,29.38,29.5,28.6,29.47
1999-08-19,29.55,32.0,29.0,31.41
1999-08-20,31.31,31.77,30.0,30.49
1999-08-23,30.0,31.21,30.0,30.3
1999-08-24,30.8,32.5,30.5,30.62
1999-08-25,31.0,31.4,30.55,30.74
1999-08-26,30.5,30.98,30.1,30.79
1999-08-27,30.9,30.96,30.35,30.4
1999-08-30,30.35,30.8,29.99,30.09
1999-08-31,30.15,30.5,30.0,30.3
1999-09-01,30.3,30.5,29.4,29.71
1999-09-02,29.5,30.48,29.0,30.33
1999-09-03,30.35,30.41,29.5,29.67
1999-09-06,29.3,29.6,29.0,29.4
1999-09-07,29.4,29.8,29.32,29.4
1999-09-08,29.4,29.7,29.31,29.39
1999-09-09,30.02,32.33,30.0,32.33
1999-09-10,32.93,34.05,31.8,32.07
1999-09-13,32.0,32.99,31.38,31.88
1999-09-14,32.0,32.11,31.28,31.31
1999-09-15,31.3,31.5,30.76,30.86
1999-09-16,30.85,31.5,30.49,30.86
1999-09-17,31.0,31.5,30.58,30.99
1999-09-20,30.97,31.16,30.62,30.91
1999-09-21,30.8,30.8,30.4,30.65
1999-09-22,30.49,31.07,30.45,30.69
1999-09-23,31.0,31.2,30.11,30.41
1999-09-24,30.55,31.1,30.38,30.59
1999-09-27,30.6,30.98,29.93,29.99
1999-09-28,30.0,30.2,29.2,29.4
1999-09-29,29.55,29.98,29.0,29.21
1999-09-30,29.3,29.55,28.93,29.1
1999-10-08,29.1,29.3,28.5,28.58
1999-10-11,28.37,28.97,28.02,28.23
1999-10-12,28.05,28.7,28.05,28.35
1999-10-13,28.7,28.78,27.86,27.91
1999-10-14,27.68,28.65,27.5,27.84
1999-10-15,28.12,28.7,28.0,28.39
1999-10-18,28.5,28.7,27.5,27.51
1999-10-19,27.1,27.2,26.08,26.26
1999-10-20,26.3,26.87,26.05,26.55
1999-10-21,26.55,26.55,25.5,25.76
1999-10-22,25.7,28.0,25.2,26.82
1999-10-25,26.58,26.65,25.78,25.82
1999-10-26,26.22,26.95,25.8,26.19
1999-10-27,27.0,27.5,26.25,27.25
1999-10-28,27.5,27.5,26.76,26.83
1999-10-29,26.7,26.83,26.0,26.38
1999-11-01,26.37,26.7,25.9,25.94
1999-11-02,26.01,26.28,25.8,26.08
1999-11-03,26.2,26.52,25.93,26.18
1999-11-04,26.1,26.48,25.6,25.61
1999-11-05,25.2,25.94,25.1,25.36
1999-11-08,25.5,25.75,25.0,25.57
1999-11-09,25.61,25.76,25.0,25.04
1999-11-10,25.0,25.1,24.2,24.61
1999-11-11,24.5,24.8,24.11,24.14
1999-11-12,24.5,24.9,24.06,24.67
1999-11-15,24.6,24.6,24.05,24.2
1999-11-16,24.5,24.89,22.8,23.11
1999-11-17,23.11,23.84,23.0,23.81
1999-11-18,24.1,26.0,23.58,25.23
1999-11-19,25.3,25.35,24.19,24.3
1999-11-22,24.2,24.3,23.82,23.9
1999-11-23,23.96,24.55,23.88,24.15
1999-11-24,24.15,24.15,23.58,23.61
1999-11-25,23.5,23.7,23.3,23.58
1999-11-26,23.97,23.98,23.39,23.5
1999-11-29,23.31,23.83,23.2,23.24
1999-11-30,23.25,23.7,23.25,23.37
1999-12-01,23.6,24.39,23.4,23.95
1999-12-02,24.1,24.1,23.55,23.56
1999-12-03,23.4,23.7,23.38,23.56
1999-12-06,23.65,23.69,23.21,23.36
1999-12-07,23.5,24.55,23.0,23.8
1999-12-08,23.98,23.98,23.3,23.68
1999-12-09,23.61,23.86,23.3,23.45
1999-12-10,23.5,25.0,23.3,24.73
1999-12-13,24.78,25.9,24.33,24.46
1999-12-14,24.5,25.2,24.39,25.18
1999-12-15,25.5,26.85,25.15,26.0
1999-12-16,25.79,26.25,25.68,25.82
1999-12-21,24.21,24.67,24.2,24.44
1999-12-22,24.39,26.6,24.22,25.2
1999-12-23,25.4,25.94,25.3,25.47
1999-12-24,25.56,26.34,25.0,25.43
1999-12-27,25.45,26.68,25.45,26.38
1999-12-28,26.55,26.82,25.98,26.16
1999-12-29,26.51,26.65,25.78,26.05
1999-12-30,26.15,26.35,25.9,25.94
2000-01-04,25.99,27.8,25.69,27.11
2000-01-05,27.1,27.66,26.38,26.41
2000-01-06,26.3,28.45,26.11,27.98
2000-01-07,28.21,29.37,27.8,28.95
2000-01-10,29.36,29.88,28.88,29.23
2000-01-11,29.0,29.2,27.0,27.64
2000-01-12,26.0,27.96,26.0,26.43
2000-01-13,27.56,27.56,25.9,26.35
2000-01-14,26.35,26.68,25.5,25.67
2000-01-17,25.58,26.0,25.0,25.83
2000-01-18,25.62,26.28,25.4,25.52
2000-01-19,25.4,26.85,25.21,26.1
2000-01-20,26.09,26.84,26.0,26.44
2000-01-21,26.85,27.9,26.3,26.88
2000-01-24,26.9,27.6,26.4,27.2
2000-01-25,27.0,27.55,26.1,26.35
2000-01-26,26.1,26.35,25.45,25.91
2000-01-27,26.99,28.5,26.3,28.5
2000-01-28,29.5,31.0,28.5,29.36
2000-02-14,30.97,32.3,30.2,32.3
2000-02-15,33.0,35.53,33.0,33.42
2000-02-16,32.8,35.0,31.9,33.47
2000-02-17,34.0,35.6,30.12,30.12
2000-02-18,29.0,30.58,27.55,30.51
2000-02-21,30.4,30.5,28.0,28.65
2000-02-22,28.5,29.38,27.9,28.39
2000-02-23,28.2,28.29,27.19,27.32
2000-02-24,27.3,29.0,27.23,28.99
2000-02-25,28.99,29.39,28.0,28.25
2000-02-28,28.15,31.0,27.89,30.62
2000-03-01,29.4,29.98,28.68,28.77
2000-03-02,28.8,29.7,28.43,29.11
2000-03-03,29.2,29.8,28.85,29.07
2000-03-06,29.1,29.35,27.5,27.59
2000-03-07,27.5,28.0,27.1,27.89
2000-03-08,28.1,28.5,27.55,28.2
2000-03-09,28.49,28.88,27.8,28.37
2000-03-10,28.3,28.89,27.58,27.7
2000-03-13,27.58,28.5,27.4,28.26
2000-03-14,27.6,27.7,26.0,27.13
2000-03-15,27.2,27.84,26.7,26.97
2000-03-16,26.6,26.7,25.5,25.77
2000-03-17,25.77,26.85,25.55,26.7
2000-03-20,26.3,27.3,25.7,27.02
2000-03-21,26.9,27.0,26.45,26.66
2000-03-22,26.68,28.2,26.68,27.22
2000-03-23,27.21,27.55,26.8,27.4
2000-03-24,27.7,28.2,27.3,27.38
2000-03-27,27.3,28.5,27.0,28.09
2000-03-28,28.28,28.5,27.8,28.11
2000-03-29,28.15,28.75,28.05,28.37
2000-03-30,28.2,28.5,27.76,27.92
2000-03-31,27.95,28.1,27.15,27.73
2000-04-03,27.5,28.08,27.21,27.82
2000-04-04,27.7,27.7,27.0,27.23
2000-04-05,27.01,27.58,26.86,27.04
2000-04-06,27.03,27.5,26.78,27.2
2000-04-07,27.2,28.1,27.15,27.6
2000-04-10,27.5,28.2,27.25,27.9
2000-04-11,27.9,30.69,27.78,30.69
2000-04-12,30.65,31.0,27.7,28.95
2000-04-13,28.8,31.85,28.3,31.41
2000-04-14,31.35,32.69,31.0,31.42
2000-04-17,31.01,31.4,29.1,29.3
2000-04-18,29.6,32.2,29.6,31.97
2000-04-19,32.45,33.3,31.66,32.13
2000-04-20,31.9,32.5,31.51,32.1
2000-04-21,32.2,33.3,31.19,31.38
2000-04-24,31.2,31.87,30.0,30.29
2000-04-25,30.29,30.8,29.85,30.3
2000-04-26,30.32,31.0,29.88,30.08
2000-04-27,30.2,30.5,28.3,28.5
2000-04-28,28.3,30.12,28.0,29.89
2000-05-08,29.89,30.0,28.53,28.84
2000-05-09,28.5,28.8,27.9,28.34
2000-05-10,28.2,28.3,27.7,27.79
2000-05-11,27.51,28.03,26.6,26.74
2000-05-12,27.0,27.38,26.65,26.96
2000-05-15,27.0,27.2,26.09,26.21
2000-05-16,26.28,26.94,26.28,26.71
2000-05-17,26.88,27.4,26.38,26.73
2000-05-18,26.75,27.21,26.32,27.19
2000-05-19,27.21,27.46,26.81,27.33
2000-05-22,27.3,28.3,27.0,27.99
2000-05-23,28.1,28.2,27.2,27.31
2000-05-24,27.3,28.3,27.03,27.85
2000-05-25,28.0,28.2,27.8,27.96
2000-05-26,28.0,28.8,27.5,28.15
2000-05-29,28.3,28.45,27.9,27.94
2000-05-31,28.09,28.3,27.18,27.36
2000-06-01,27.4,27.8,27.21,27.33
2000-06-02,27.3,27.59,27.0,27.42
2000-06-05,27.4,28.26,27.03,27.8
2000-06-06,28.0,28.88,28.0,28.85
2000-06-07,29.0,29.3,28.28,28.37
2000-06-08,28.37,28.5,27.65,27.74
2000-06-09,27.73,28.0,27.35,27.45
2000-06-12,27.45,27.45,27.05,27.17
2000-06-13,27.2,27.79,27.14,27.5
2000-06-14,27.52,27.52,27.0,27.2
2000-06-15,27.2,27.4,26.8,27.16
2000-06-16,27.2,27.37,26.98,27.07
2000-06-19,27.1,27.2,26.8,26.95
2000-06-20,26.9,27.45,26.8,27.0
2000-06-21,27.05,27.99,27.05,27.63
2000-06-22,27.87,27.9,27.26,27.29
2000-06-23,27.1,27.85,26.99,27.63
2000-06-26,27.69,28.0,27.08,27.11
2000-06-27,27.12,27.5,27.1,27.15
2000-06-28,27.19,27.6,27.0,27.1
2000-06-29,27.13,27.29,26.81,26.94
2000-06-30,26.93,27.0,26.6,26.71
2000-07-03,26.6,26.73,26.2,26.22
2000-07-04,26.01,26.48,26.01,26.4
2000-07-05,26.4,26.59,26.08,26.1
2000-07-06,26.1,26.35,26.04,26.18
2000-07-07,26.18,26.47,26.08,26.27
2000-07-10,26.4,26.48,25.7,25.85
2000-07-11,25.85,26.8,25.0,26.78
2000-07-12,26.76,26.78,26.0,26.13
2000-07-13,26.15,27.27,26.02,26.9
2000-07-14,27.02,27.18,26.58,26.6
2000-07-17,26.62,26.65,26.21,26.27
2000-07-18,26.28,26.68,26.23,26.46
2000-07-19,26.56,26.9,26.4,26.45
2000-07-20,26.38,26.45,26.06,26.13
2000-07-21,26.13,26.16,25.8,25.95
2000-07-24,25.9,25.9,25.43,25.52
2000-07-25,25.5,25.65,25.2,25.45
2000-07-26,25.5,25.98,25.5,25.61
2000-07-27,25.7,26.9,25.58,26.07
2000-07-28,26.1,26.7,26.1,26.18
2000-07-31,26.16,26.45,25.7,26.29
2000-08-01,26.41,26.5,26.02,26.07
2000-08-02,26.1,26.25,25.77,25.95
2000-08-03,26.0,26.45,25.78,26.14
2000-08-04,26.29,26.9,26.0,26.61
2000-08-07,26.69,27.07,26.39,26.99
2000-08-08,27.05,27.7,27.05,27.14
2000-08-09,27.14,27.5,26.9,27.39
2000-08-10,27.5,28.26,27.4,28.2
2000-08-11,28.28,28.45,27.4,27.45
2000-08-14,27.38,27.38,26.95,26.98
2000-08-15,27.0,27.35,26.8,27.0
2000-08-16,27.02,27.25,26.58,26.8
2000-08-17,26.8,27.2,26.7,26.96
2000-08-18,27.0,27.0,26.6,26.64
2000-08-21,24.6,25.99,24.02,25.21
2000-08-22,25.1,25.4,24.9,25.0
2000-08-23,24.98,25.0,24.0,24.54
2000-08-24,24.5,24.8,24.38,24.45
2000-08-25,24.5,25.0,24.47,24.94
2000-08-28,25.0,25.18,24.68,24.71
2000-08-29,24.75,24.88,24.38,24.49
2000-08-30,24.5,24.8,24.5,24.63
2000-08-31,24.58,24.58,23.88,23.88
2000-09-01,23.71,23.88,23.15,23.16
2000-09-04,23.0,23.0,22.0,22.47
2000-09-05,22.47,22.5,21.75,21.76
2000-09-06,19.58,21.75,19.58,21.03
2000-09-07,20.8,21.2,20.5,20.6
2000-09-08,20.8,21.69,20.61,21.52
2000-09-11,21.65,21.8,21.0,21.17
2000-09-12,21.2,21.35,20.9,21.05
2000-09-13,21.05,21.6,20.85,21.3
2000-09-14,21.36,21.99,21.36,21.83
2000-09-15,21.8,21.8,21.33,21.42
2000-09-18,21.38,21.5,20.9,20.9
2000-09-19,20.9,20.9,20.3,20.34
2000-09-20,20.33,20.8,20.3,20.66
2000-09-21,20.67,20.85,20.5,20.52
2000-09-22,20.5,20.55,20.3,20.38
2000-09-25,20.38,20.5,20.11,20.12
2000-09-26,20.2,20.5,20.2,20.45
2000-09-27,20.68,20.98,20.52,20.94
2000-09-28,21.0,21.1,20.42,20.44
2000-09-29,20.55,20.8,20.5,20.78
2000-10-09,20.8,20.97,20.32,20.54
2000-10-10,20.55,20.85,20.5,20.56
2000-10-11,20.7,21.26,20.7,20.95
2000-10-12,21.0,21.1,20.7,20.7
2000-10-13,20.52,21.3,20.52,20.89
2000-10-16,21.0,21.3,20.75,21.24
2000-10-17,21.35,21.44,21.07,21.31
2000-10-18,21.49,21.97,21.25,21.96
2000-10-19,21.97,22.0,21.4,21.41
2000-10-20,21.4,22.85,21.29,22.35
2000-10-23,22.4,22.58,21.85,22.01
2000-10-24,22.15,22.28,21.58,21.68
2000-10-25,21.7,21.88,21.55,21.62
2000-10-26,21.68,21.7,21.11,21.23
2000-10-27,21.24,21.61,21.24,21.49
2000-10-30,21.48,21.48,20.91,21.02
2000-10-31,21.0,21.25,20.82,20.86
2000-11-01,20.92,21.05,20.8,20.95
2000-11-02,21.0,21.13,20.86,20.98
2000-11-03,21.02,21.15,20.84,20.87
2000-11-06,20.85,21.15,20.59,21.14
2000-11-07,21.0,21.38,20.98,21.34
2000-11-08,21.4,21.49,21.18,21.33
2000-11-09,21.35,21.88,21.22,21.78
2000-11-10,21.78,22.58,21.7,21.89
2000-11-13,21.91,22.59,21.91,22.35
2000-11-14,22.3,22.39,21.88,22.04
2000-11-15,22.05,22.2,21.63,21.69
2000-11-16,21.64,21.95,21.51,21.8
2000-11-17,21.8,22.0,21.63,21.67
2000-11-20,21.5,21.82,21.42,21.68
2000-11-21,21.65,21.75,21.48,21.48
2000-11-22,21.51,22.18,21.0,22.13
2000-11-23,22.2,22.36,21.68,21.82
2000-11-24,21.81,22.1,21.18,21.36
2000-11-27,21.21,21.24,20.95,20.96
2000-11-28,21.0,21.43,21.0,21.11
2000-11-29,21.1,21.19,20.98,21.05
2000-11-30,21.1,21.2,21.0,21.09
2000-12-01,21.08,21.4,21.08,21.12
2000-12-04,21.12,21.12,20.88,20.96
2000-12-05,21.0,21.0,20.8,20.81
2000-12-06,20.9,20.9,20.55,20.6
2000-12-07,20.65,20.8,20.51,20.6
2000-12-08,20.6,21.1,20.58,20.9
2000-12-11,21.0,21.09,20.58,20.63
2000-12-12,20.65,20.85,20.5,20.68
2000-12-13,20.7,20.7,20.5,20.54
2000-12-14,20.5,20.6,20.45,20.47
2000-12-15,20.5,20.55,20.28,20.39
2000-12-18,20.38,20.38,20.04,20.31
2000-12-19,20.33,20.6,20.0,20.19
2000-12-20,20.19,20.8,20.1,20.64
2000-12-21,20.66,21.08,20.65,20.93
2000-12-22,20.94,21.0,20.6,20.69
2000-12-25,20.65,20.7,20.2,20.28
2000-12-26,20.28,20.48,20.25,20.38
2000-12-27,20.5,20.5,20.2,20.24
2000-12-28,20.2,20.25,20.05,20.09
2000-12-29,20.11,20.23,20.0,20.19
2001-01-02,20.11,20.6,20.0,20.45
2001-01-03,20.45,20.65,20.2,20.6
2001-01-04,20.65,20.7,20.18,20.2
2001-01-05,20.2,20.25,19.99,20.16
2001-01-08,20.0,20.0,18.3,18.98
2001-01-09,18.85,18.87,18.48,18.59
2001-01-10,18.6,19.5,18.6,19.02
2001-01-11,19.06,19.19,18.78,18.97
2001-01-12,18.9,18.95,18.61,18.69
2001-01-15,18.67,18.67,18.06,18.09
2001-01-16,18.08,18.3,17.85,18.01
2001-01-17,18.0,18.2,18.0,18.1
2001-01-18,18.12,18.69,18.1,18.65
2001-01-19,18.65,18.95,18.65,18.9
2001-02-05,18.7,18.74,18.0,18.23
2001-02-06,18.0,18.23,18.0,18.15
2001-02-07,18.2,18.3,18.0,18.1
2001-02-08,18.05,18.05,17.1,17.13
2001-02-09,17.13,17.6,17.12,17.43
2001-02-12,17.5,17.51,16.99,17.04
2001-02-13,17.04,17.25,17.0,17.09
2001-02-14,17.1,17.15,16.99,17.04
2001-02-15,17.08,17.13,16.71,16.75
2001-02-16,16.7,16.75,16.18,16.61
2001-02-19,16.64,16.8,16.22,16.77
2001-02-20,16.77,17.29,16.65,16.83
2001-02-21,16.83,16.83,16.28,16.34
2001-02-22,16.33,16.5,16.19,16.21
2001-02-23,16.2,16.5,16.2,16.32
2001-02-26,16.35,16.98,16.35,16.98
2001-02-27,17.0,17.15,16.72,16.98
2001-02-28,16.98,17.0,16.71,16.85
2001-03-01,16.8,16.98,16.75,16.79
2001-03-02,16.9,17.5,16.9,17.27
2001-03-05,17.3,17.41,17.2,17.23
2001-03-06,17.23,17.23,17.0,17.22
2001-03-07,17.22,17.3,17.1,17.14
2001-03-08,17.12,17.7,17.11,17.6
2001-03-09,17.76,18.2,17.65,18.02
2001-03-12,18.09,18.18,17.8,17.85
2001-03-13,17.8,17.8,17.35,17.4
2001-03-14,17.3,17.69,17.18,17.55
2001-03-15,17.55,17.68,17.4,17.4
2001-03-16,17.43,17.46,17.2,17.27
2001-03-19,17.27,17.3,17.13,17.27
2001-03-20,17.29,17.62,17.29,17.51
2001-03-21,17.6,18.29,17.5,18.05
2001-03-22,18.1,18.5,18.1,18.49
2001-03-23,18.6,19.46,18.5,18.53
2001-03-26,18.5,18.84,18.32,18.77
2001-03-27,18.8,19.29,18.65,19.11
2001-03-28,19.2,19.2,18.8,18.82
2001-03-29,18.82,18.82,18.3,18.51
2001-03-30,18.51,18.79,18.31,18.59
2001-04-02,18.58,18.6,18.37,18.48
2001-04-04,18.48,18.7,17.82,17.99
2001-04-05,17.8,18.79,17.8,18.72
2001-04-06,18.75,18.82,18.38,18.54
2001-04-09,18.8,19.04,18.7,19.0
2001-04-10,19.0,19.15,18.83,18.87
2001-04-11,18.86,18.95,18.8,18.82
2001-04-12,18.82,19.3,18.7,18.83
2001-04-13,18.85,18.95,18.48,18.69
2001-04-16,18.6,18.82,18.59,18.66
2001-04-17,18.68,19.0,18.66,18.8
2001-04-18,18.8,18.97,18.55,18.69
2001-04-19,18.6,18.7,18.4,18.43
2001-04-20,18.45,18.94,18.41,18.45
2001-04-23,18.45,18.45,18.05,18.1
2001-04-24,18.1,18.21,18.03,18.1
2001-04-25,18.1,18.28,17.7,17.8
2001-04-26,17.71,17.85,17.48,17.49
2001-04-27,17.5,17.68,17.49,17.58
2001-04-30,17.5,17.7,17.3,17.65
2001-05-08,17.5,17.8,17.4,17.75
2001-05-09,17.8,17.85,17.55,17.65
2001-05-10,17.65,17.8,17.55,17.58
2001-05-11,17.6,17.7,17.56,17.6
2001-05-14,17.62,17.96,17.5,17.94
2001-05-15,18.0,18.2,17.76,17.89
2001-05-16,17.88,18.3,17.8,18.03
2001-05-17,18.03,18.2,17.88,17.89
2001-05-18,17.89,18.0,17.6,17.7
2001-05-21,17.6,17.7,17.38,17.42
2001-05-22,17.38,17.6,17.37,17.39
2001-05-23,17.39,17.45,17.12,17.19
2001-05-24,17.25,17.25,17.06,17.09
2001-05-25,17.03,17.17,16.96,17.16
2001-05-28,17.18,17.18,16.8,16.86
2001-05-29,16.86,17.3,16.8,17.18
2001-05-30,17.18,17.33,17.1,17.26
2001-05-31,17.3,17.3,17.0,17.01
2001-06-01,17.01,17.1,16.83,16.92
2001-06-04,16.9,17.0,16.8,16.85
2001-06-05,16.87,17.2,16.7,16.78
2001-06-06,17.0,17.56,17.0,17.48
2001-06-07,17.5,17.68,17.3,17.35
2001-06-08,17.4,17.4,17.15,17.2
2001-06-11,17.21,17.25,17.04,17.05
2001-06-12,17.01,17.2,17.01,17.12
2001-06-13,17.13,17.18,17.02,17.13
2001-06-14,17.16,17.2,16.9,16.91
2001-06-15,16.91,16.99,16.8,16.88
2001-06-18,16.8,16.95,16.57,16.62
2001-06-19,16.6,16.75,16.5,16.64
2001-06-20,16.8,16.8,16.55,16.61
2001-06-21,16.61,16.8,16.61,16.72
2001-06-22,16.72,17.0,16.7,16.91
2001-06-25,17.0,17.0,16.75,16.88
2001-06-26,16.88,17.05,16.8,17.0
2001-06-27,17.01,17.1,16.8,16.84
2001-06-28,16.84,16.9,16.68,16.69
2001-06-29,16.78,16.99,16.7,16.79
2001-07-02,16.82,16.83,16.6,16.64
2001-07-03,16.64,16.8,16.45,16.57
2001-07-04,16.55,16.74,16.51,16.59
2001-07-05,16.61,16.97,16.5,16.89
2001-07-06,16.9,17.21,16.68,17.02
2001-07-09,17.0,17.1,16.89,17.01
2001-07-10,17.01,17.2,17.01,17.2
2001-07-11,17.2,17.2,16.6,16.86
2001-07-12,16.8,17.1,16.77,16.93
2001-07-13,17.0,17.12,16.86,16.87
2001-07-16,17.15,17.15,16.63,16.64
2001-07-17,16.64,16.8,16.5,16.61
2001-07-18,16.62,16.8,16.62,16.68
2001-07-19,16.68,16.78,16.65,16.72
2001-07-20,16.72,17.03,16.7,17.01
2001-07-23,17.1,17.39,17.1,17.15
2001-07-24,17.1,17.1,16.86,16.9
2001-07-25,16.83,16.89,16.6,16.65
2001-07-26,16.6,16.79,16.21,16.27
2001-07-27,16.28,16.35,15.5,15.54
2001-07-30,15.4,15.4,14.6,14.85
2001-07-31,14.8,15.2,14.5,14.8
2001-08-01,14.81,15.26,14.81,15.22
2001-08-02,15.29,15.31,14.56,14.91
2001-08-03,14.8,14.97,14.72,14.79
2001-08-06,14.85,14.85,13.78,14.0
2001-08-07,13.8,14.7,13.5,14.25
2001-08-08,14.28,14.4,13.91,14.05
2001-08-09,14.05,14.22,13.98,14.18
2001-08-10,14.22,14.52,14.2,14.36
2001-08-13,14.22,14.64,14.22,14.54
2001-08-14,14.5,14.59,13.85,14.19
2001-08-15,14.18,14.45,14.0,14.33
2001-08-16,14.35,14.49,14.11,14.12
2001-08-17,14.0,14.13,13.98,14.07
2001-08-20,14.08,14.19,14.0,14.12
2001-08-21,14.12,14.4,14.12,14.21
2001-08-22,14.13,14.13,13.7,14.08
2001-08-23,14.0,14.0,13.8,13.97
2001-08-24,13.99,14.18,13.5,13.91
2001-08-27,13.85,13.85,13.4,13.4
2001-08-28,13.2,13.2,12.2,13.02
2001-08-29,13.08,13.7,12.8,13.15
2001-08-30,13.1,13.2,12.96,13.0
2001-08-31,13.01,13.17,12.95,12.98
2001-09-03,12.94,12.99,12.75,12.88
2001-09-04,12.85,13.49,12.8,13.48
2001-09-05,13.65,13.88,13.5,13.52
2001-09-06,13.52,13.62,13.3,13.38
2001-09-07,13.4,13.45,12.92,12.97
2001-09-10,12.64,13.68,12.55,13.46
2001-09-11,13.5,13.57,13.29,13.38
2001-09-12,12.98,13.22,12.85,13.19
2001-09-13,13.19,13.38,13.0,13.01
2001-09-14,13.1,13.25,12.4,12.9
2001-09-17,12.9,12.9,12.61,12.66
2001-09-18,12.85,12.98,12.7,12.9
2001-09-19,12.9,13.32,12.72,13.26
2001-09-20,13.3,13.4,13.0,13.01
2001-09-21,12.95,13.18,12.95,13.01
2001-09-24,13.01,13.2,13.0,13.1
2001-09-25,13.2,13.4,13.05,13.23
2001-09-26,13.23,13.23,13.0,13.01
2001-09-27,13.0,13.19,12.75,12.95
2001-09-28,12.96,13.16,12.9,13.0
2001-10-08,12.99,13.0,12.44,12.45
2001-10-09,12.4,12.75,12.3,12.57
2001-10-10,12.5,12.57,12.05,12.06
2001-10-11,12.11,12.25,11.65,11.68
2001-10-12,11.7,12.5,11.46,12.21
2001-10-15,12.2,12.45,12.01,12.27
2001-10-16,12.35,12.35,11.93,12.03
2001-10-17,11.9,12.29,11.8,11.99
2001-10-18,12.1,12.18,11.78,11.8
2001-10-19,11.83,11.9,11.46,11.6
2001-10-22,11.6,11.6,11.2,11.21
2001-10-23,12.33,12.33,12.03,12.33
2001-10-24,12.99,13.15,12.61,12.82
2001-10-25,12.8,13.3,12.33,13.01
2001-10-26,12.8,13.0,12.6,12.72
2001-10-29,12.72,13.1,12.72,12.9
2001-10-31,12.7,12.7,12.38,12.58
2001-11-01,12.6,12.86,12.6,12.75
2001-11-02,12.67,12.73,12.48,12.5
2001-11-05,12.48,12.48,12.2,12.27
2001-11-06,12.22,12.3,12.2,12.25
2001-11-07,12.26,12.26,11.58,11.68
2001-11-08,11.51,11.95,11.4,11.75
2001-11-09,11.7,12.0,11.6,11.85
2001-11-12,11.7,11.95,11.65,11.69
2001-11-13,11.5,11.78,11.5,11.63
2001-11-14,11.7,11.78,11.6,11.62
2001-11-15,11.62,11.62,11.52,11.6
2001-11-16,12.76,12.76,11.7,11.83
2001-11-19,11.63,11.93,11.63,11.86
2001-11-20,12.0,12.28,11.87,12.17
2001-11-21,12.22,12.26,12.1,12.23
2001-11-22,12.2,12.5,12.2,12.45
2001-11-23,12.4,12.48,12.23,12.27
2001-11-26,12.28,12.33,12.04,12.07
2001-11-27,12.14,12.33,12.1,12.31
2001-11-28,12.39,12.83,12.38,12.68
2001-11-29,12.75,12.82,12.55,12.62
2001-11-30,12.61,12.73,12.58,12.65
2001-12-03,12.68,12.9,12.68,12.75
2001-12-04,12.75,12.8,12.55,12.8
2001-12-05,12.85,12.85,12.47,12.49
2001-12-06,12.45,12.69,12.39,12.58
2001-12-07,12.72,13.18,12.6,13.01
2001-12-10,13.06,13.06,12.86,13.05
2001-12-11,13.0,13.02,12.71,12.72
2001-12-12,12.72,12.85,12.61,12.65
2001-12-13,12.52,12.76,12.5,12.5
2001-12-14,12.35,12.58,12.26,12.29
2001-12-17,12.2,12.36,12.0,12.08
2001-12-18,12.08,12.3,12.01,12.25
2001-12-19,12.27,12.3,12.13,12.13
2001-12-20,12.05,12.06,11.79,11.88
2001-12-21,11.85,11.98,11.78,11.88
2001-12-24,12.2,12.2,11.66,11.73
2001-12-25,11.75,12.0,11.66,11.85
2001-12-26,11.75,11.92,11.75,11.86
2001-12-27,11.9,11.92,11.76,11.77
2001-12-28,11.77,11.89,11.7,11.81
2001-12-31,11.82,11.92,11.73,11.74
2002-01-04,11.75,11.85,11.39,11.45
2002-01-07,11.48,11.48,11.21,11.3
2002-01-08,11.38,11.51,11.28,11.3
2002-01-09,11.28,11.28,10.86,10.92
2002-01-10,10.92,11.04,10.5,10.96
2002-01-11,10.8,10.83,10.18,10.21
2002-01-14,10.18,10.18,9.76,9.78
2002-01-15,9.69,9.99,9.56,9.72
2002-01-16,9.64,9.98,9.63,9.88
2002-01-17,9.99,9.99,9.26,9.33
2002-01-18,9.24,9.65,9.0,9.33
2002-01-21,9.05,9.2,8.58,8.61
2002-01-22,8.55,9.2,8.5,8.78
2002-01-23,8.66,9.48,8.66,9.39
2002-01-24,9.39,9.6,9.0,9.46
2002-01-25,9.4,9.64,9.28,9.46
2002-01-28,9.47,9.5,8.8,8.88
2002-01-29,8.79,9.25,8.68,9.0
2002-01-30,8.8,8.88,8.45,8.83
2002-01-31,8.8,9.67,8.8,9.59
2002-02-01,9.6,9.68,9.26,9.54
2002-02-04,9.49,9.89,9.28,9.75
2002-02-05,9.75,10.19,9.61,10.15
2002-02-06,10.15,10.15,9.64,9.66
2002-02-07,9.66,10.29,9.56,10.05
2002-02-08,10.05,10.2,10.0,10.0
2002-02-25,10.3,10.4,10.05,10.1
2002-02-26,10.2,10.2,9.72,9.96
2002-02-27,9.96,10.19,9.88,10.05
2002-02-28,10.05,10.28,9.98,9.99
2002-03-01,10.0,10.02,9.79,9.8
2002-03-04,9.78,9.99,9.71,9.97
2002-03-05,9.96,10.45,9.91,10.29
2002-03-06,10.35,11.32,10.32,11.0
2002-03-07,11.0,11.48,10.93,11.4
2002-03-08,11.5,11.95,11.21,11.7
2002-03-11,11.72,11.86,11.5,11.77
2002-03-12,11.77,12.48,11.33,12.0
2002-03-13,11.86,12.3,11.6,11.7
2002-03-14,11.55,12.0,11.5,11.99
2002-03-15,12.06,12.82,11.85,11.96
2002-03-18,11.71,12.15,11.5,11.63
2002-03-19,11.7,11.7,11.17,11.58
2002-03-20,11.58,11.68,11.38,11.5
2002-03-21,11.5,11.79,11.5,11.71
2002-03-22,11.81,11.81,11.33,11.37
2002-03-25,11.29,11.51,11.24,11.48
2002-03-26,11.45,11.45,11.2,11.22
2002-03-27,11.2,11.24,10.82,11.04
2002-03-28,11.04,11.18,10.84,11.07
2002-03-29,11.07,11.07,10.58,10.59
2002-04-01,10.5,10.56,10.28,10.44
2002-04-02,10.46,10.52,10.1,10.12
2002-04-03,10.15,10.38,10.1,10.18
2002-04-04,10.18,10.79,10.1,10.6
2002-04-05,10.68,10.9,10.5,10.61
2002-04-08,10.8,10.8,10.5,10.6
2002-04-09,10.59,10.95,10.5,10.91
2002-04-10,11.0,11.47,10.9,11.19
2002-04-11,11.35,11.35,10.92,10.94
2002-04-12,10.94,11.29,10.81,10.84
2002-04-15,10.9,10.91,10.75,10.9
2002-04-16,10.9,11.49,10.88,11.26
2002-04-17,11.3,11.33,11.01,11.15
2002-04-18,11.18,11.25,10.83,10.84
2002-04-19,10.85,10.85,10.5,10.75
2002-04-22,10.49,10.73,10.49,10.6
2002-04-23,10.51,10.73,10.51,10.59
2002-04-24,10.53,10.72,10.5,10.63
2002-04-25,10.63,10.92,10.63,10.92
2002-04-26,11.0,11.26,10.92,11.08
2002-04-29,11.14,11.37,11.0,11.35
2002-04-30,11.36,11.42,11.18,11.23
2002-05-08,11.23,11.25,10.98,10.99
2002-05-09,11.02,11.45,10.98,11.27
2002-05-10,11.52,12.4,11.41,11.96
2002-05-13,11.88,12.1,11.6,12.05
2002-05-14,12.01,12.25,11.7,11.86
2002-05-15,11.8,11.97,11.5,11.58
2002-05-16,11.52,12.25,11.45,12.05
2002-05-17,12.09,13.23,11.81,13.09
2002-05-20,13.0,13.4,12.8,13.29
2002-05-21,13.5,14.62,13.21,14.17
2002-05-22,14.0,14.5,13.8,14.23
2002-05-23,14.23,14.35,13.45,13.65
2002-05-24,13.55,13.78,13.31,13.42
2002-05-28,13.5,13.99,13.22,13.28
2002-05-29,13.2,13.4,12.65,12.79
2002-05-30,12.85,13.1,12.61,12.98
2002-05-31,12.96,13.09,12.65,12.75
2002-06-03,12.7,12.7,12.12,12.23
2002-06-04,12.35,13.08,12.1,12.88
2002-06-05,12.8,13.18,12.52,12.92
2002-06-06,12.8,14.0,12.5,13.68
2002-06-07,13.65,14.0,13.41,13.6
2002-06-10,13.5,13.7,13.25,13.51
2002-06-11,13.46,13.69,13.28,13.65
2002-06-12,13.62,13.62,13.27,13.31
2002-06-13,13.25,13.48,12.8,12.9
2002-06-14,12.81,13.27,12.76,12.9
2002-06-17,12.81,13.13,12.7,13.1
2002-06-18,13.18,13.95,13.15,13.75
2002-06-19,13.76,13.8,13.45,13.48
2002-06-20,13.41,13.85,13.41,13.59
2002-06-21,13.57,14.5,13.57,14.16
2002-06-24,15.58,15.58,15.04,15.58
2002-06-25,15.74,16.52,15.32,15.68
2002-06-26,15.6,16.38,15.24,15.91
2002-06-27,15.8,15.98,15.6,15.71
2002-06-28,15.75,16.45,15.6,15.78
2002-07-01,15.88,16.1,15.62,15.68
2002-07-02,15.67,15.69,15.32,15.5
2002-07-03,15.52,15.79,15.4,15.69
2002-07-04,15.71,15.78,15.3,15.34
2002-07-05,15.2,15.31,14.75,15.0
2002-07-08,14.96,15.2,14.8,15.09
2002-07-09,15.0,15.48,15.0,15.38
2002-07-10,15.36,15.44,14.9,15.01
2002-07-11,14.91,15.15,14.8,14.91
2002-07-12,14.85,15.14,14.85,14.95
2002-07-15,14.9,14.9,14.66,14.69
2002-07-16,14.6,15.0,14.6,14.73
2002-07-17,14.8,15.18,14.77,15.17
2002-07-18,15.18,15.28,15.03,15.06
2002-07-19,15.1,15.2,14.8,14.91
2002-07-22,14.96,14.98,14.53,14.56
2002-07-23,14.5,14.65,14.18,14.22
2002-07-24,14.33,14.4,14.1,14.13
2002-07-25,14.2,14.33,13.68,13.75
2002-07-26,13.75,14.0,13.71,13.86
2002-07-29,13.86,14.26,13.75,14.25
2002-07-30,14.26,14.36,14.0,14.15
2002-07-31,14.15,14.2,13.77,13.8
2002-08-01,13.8,13.81,13.5,13.68
2002-08-02,13.71,13.78,13.66,13.68
2002-08-05,13.7,13.7,13.31,13.37
2002-08-06,13.4,14.01,13.32,13.75
2002-08-07,13.8,13.81,13.61,13.72
2002-08-08,13.79,13.87,13.61,13.71
2002-08-09,13.71,13.71,13.36,13.4
2002-08-12,13.3,13.34,13.11,13.13
2002-08-13,13.13,13.26,13.13,13.16
2002-08-14,13.2,13.3,13.16,13.3
2002-08-15,13.32,13.47,13.2,13.26
2002-08-16,13.26,13.48,13.06,13.32
2002-08-19,13.32,13.32,13.1,13.18
2002-08-20,13.4,13.75,13.2,13.63
2002-08-21,13.65,13.83,13.54,13.73
2002-08-22,13.73,14.2,13.73,13.97
2002-08-23,14.0,14.03,13.77,13.84
2002-08-26,13.84,13.89,13.51,13.57
2002-08-27,13.5,14.0,13.5,13.8
2002-08-28,13.8,13.8,13.6,13.64
2002-08-29,13.64,13.69,13.36,13.41
2002-08-30,13.36,13.5,13.36,13.39
2002-09-02,13.4,13.5,13.39,13.4
2002-09-03,13.42,13.61,13.42,13.5
2002-09-04,13.5,14.15,12.18,13.84
2002-09-05,13.8,13.8,13.4,13.43
2002-09-06,13.42,13.57,13.36,13.43
2002-09-09,13.39,13.43,13.05,13.21
2002-09-10,13.2,13.3,12.84,12.91
2002-09-11,12.88,12.95,12.58,12.8
2002-09-12,12.72,12.92,12.66,12.85
2002-09-13,12.86,12.91,12.71,12.77
2002-09-16,12.77,12.8,12.57,12.58
2002-09-17,12.55,12.7,12.3,12.52
2002-09-18,12.56,12.77,12.41,12.44
2002-09-19,12.44,13.12,12.26,12.77
2002-09-20,12.77,13.18,12.71,12.81
2002-09-23,12.81,13.0,12.71,12.89
2002-09-24,12.99,12.99,12.69,12.78
2002-09-25,12.76,12.98,12.7,12.76
2002-09-26,12.79,12.89,12.53,12.55
2002-09-27,12.56,12.66,12.46,12.47
2002-10-08,12.4,12.4,12.18,12.31
2002-10-09,12.3,12.3,11.3,11.72
2002-10-10,11.7,11.86,11.48,11.49
2002-10-11,11.7,11.7,11.38,11.48
2002-10-14,11.54,12.0,11.53,11.86
2002-10-15,11.92,11.92,11.68,11.75
2002-10-16,11.8,12.39,11.8,12.09
2002-10-17,12.12,12.16,11.86,11.98
2002-10-18,11.91,12.13,11.7,12.0
2002-10-21,12.0,12.06,11.88,11.97
2002-10-22,11.95,12.3,11.88,12.19
2002-10-23,12.2,12.3,12.03,12.2
2002-10-24,12.2,12.25,12.05,12.06
2002-10-25,12.06,12.2,11.7,11.74
2002-10-28,11.65,11.8,11.5,11.58
2002-10-29,11.58,11.9,11.5,11.84
2002-10-30,11.79,12.0,11.68,11.8
2002-10-31,11.8,11.97,11.76,11.79
2002-11-01,11.85,11.92,11.73,11.9
2002-11-04,12.0,12.46,11.98,12.39
2002-11-05,12.4,12.74,12.34,12.51
2002-11-06,12.51,12.64,12.41,12.47
2002-11-07,12.5,12.95,12.5,12.78
2002-11-08,12.93,12.99,12.2,12.26
2002-11-11,12.18,12.43,12.0,12.06
2002-11-12,12.04,12.2,11.58,11.65
2002-11-13,11.65,11.93,11.55,11.86
2002-11-14,11.82,11.86,11.4,11.45
2002-11-15,11.4,11.81,11.35,11.58
2002-11-18,11.6,11.69,11.39,11.43
2002-11-19,11.44,11.58,10.95,11.35
2002-11-20,11.38,11.38,10.96,10.97
2002-11-21,10.96,10.96,10.1,10.24
2002-11-22,10.28,10.65,9.86,10.28
2002-11-25,10.23,10.46,9.98,10.32
2002-11-26,10.29,10.46,9.98,9.99
2002-11-27,9.9,10.1,9.78,10.05
2002-11-28,10.05,10.49,9.96,10.45
2002-11-29,10.58,10.99,10.38,10.7
2002-12-02,10.75,10.75,10.2,10.23
2002-12-03,10.2,10.62,10.16,10.52
2002-12-04,10.7,10.8,10.46,10.56
2002-12-05,10.56,10.6,10.34,10.48
2002-12-06,10.46,10.68,10.39,10.4
2002-12-09,10.5,10.52,10.38,10.4
2002-12-10,10.4,10.45,10.01,10.12
2002-12-11,10.1,10.17,10.0,10.17
2002-12-12,10.15,10.5,10.15,10.21
2002-12-13,10.15,10.43,9.93,10.37
2002-12-16,10.4,10.56,10.25,10.43
2002-12-17,10.39,10.58,10.38,10.54
2002-12-18,10.5,10.8,10.4,10.4
2002-12-19,10.45,10.5,10.3,10.49
2002-12-20,10.49,11.26,10.4,10.85
2002-12-23,10.92,11.03,10.74,10.74
2002-12-24,10.85,10.98,10.66,10.94
2002-12-25,10.94,11.05,10.75,10.76
2002-12-26,10.7,10.86,10.25,10.27
2002-12-27,10.2,10.5,10.12,10.32
2002-12-30,10.27,10.4,10.12,10.21
2002-12-31,10.22,10.4,10.1,10.13
2003-01-02,10.1,10.4,9.92,9.99
2003-01-03,9.93,10.17,9.92,10.02
2003-01-06,10.03,10.29,9.98,10.22
2003-01-07,10.23,10.55,10.2,10.35
2003-01-08,10.32,10.65,10.25,10.6
2003-01-09,10.78,10.94,10.55,10.85
2003-01-10,10.87,10.87,10.5,10.56
2003-01-13,10.5,10.88,10.5,10.83
2003-01-14,10.77,11.8,10.77,11.52
2003-01-15,11.56,12.35,11.49,11.58
2003-01-16,11.6,12.08,11.6,11.98
2003-01-17,12.0,12.1,11.84,11.98
2003-01-20,11.98,12.18,11.6,12.18
2003-01-21,12.2,12.29,11.74,11.75
2003-01-22,11.7,11.9,11.5,11.79
2003-01-23,11.78,12.0,11.66,11.7
2003-01-24,11.68,11.99,11.66,11.98
2003-01-27,12.0,12.32,11.99,12.13
2003-01-28,12.1,12.2,11.99,12.07
2003-01-29,12.2,13.0,12.1,12.53
2003-02-10,12.6,12.65,12.28,12.28
2003-02-11,12.25,12.48,12.14,12.47
2003-02-12,12.38,12.64,12.35,12.59
2003-02-13,12.59,12.63,12.29,12.3
2003-02-14,12.29,12.38,12.23,12.29
2003-02-17,12.28,12.59,11.99,12.13
2003-02-18,12.12,12.25,12.06,12.2
2003-02-19,12.22,12.42,12.2,12.39
2003-02-20,12.5,12.59,12.33,12.34
2003-02-21,12.38,12.49,12.14,12.29
2003-02-24,12.28,12.39,12.19,12.26
2003-02-25,12.2,12.58,12.2,12.53
2003-02-26,12.49,12.67,12.38,12.6
2003-02-27,12.62,12.66,12.53,12.64
2003-02-28,12.64,12.64,12.41,12.45
2003-03-03,12.42,12.55,12.38,12.49
2003-03-04,12.6,12.6,12.4,12.47
2003-03-05,12.47,12.47,12.28,12.33
2003-03-06,12.4,12.4,12.0,12.04
2003-03-07,12.0,12.16,11.96,12.02
2003-03-10,12.02,12.1,11.86,11.89
2003-03-11,11.93,12.0,11.86,11.93
2003-03-12,11.94,12.0,11.86,11.96
2003-03-13,11.91,12.0,11.8,11.94
2003-03-14,11.9,11.98,11.8,11.93
2003-03-17,11.95,11.95,11.51,11.88
2003-03-18,11.8,12.0,11.75,11.81
2003-03-19,11.81,11.83,11.51,11.6
2003-03-20,11.6,11.7,11.25,11.29
2003-03-21,11.3,11.41,11.16,11.38
2003-03-24,11.4,11.48,11.34,11.38
2003-03-25,11.35,11.35,11.06,11.1
2003-03-26,11.08,11.15,10.89,10.89
2003-03-27,10.89,11.45,10.75,11.4
2003-03-28,11.43,11.45,11.2,11.25
2003-03-31,11.16,11.42,11.16,11.39
2003-04-01,11.38,11.75,11.37,11.58
2003-04-02,11.51,11.8,11.51,11.79
2003-04-03,11.89,11.89,11.68,11.7
2003-04-04,11.7,11.79,11.63,11.72
2003-04-07,11.7,11.74,11.38,11.4
2003-04-08,11.38,11.55,11.19,11.3
2003-04-09,11.3,11.42,11.15,11.4
2003-04-10,11.4,11.7,11.2,11.65
2003-04-11,11.65,11.89,11.53,11.88
2003-04-14,11.92,12.29,11.92,12.23
2003-04-15,12.33,12.56,12.11,12.16
2003-04-16,12.16,12.8,12.05,12.21
2003-04-17,12.2,12.68,12.15,12.6
2003-04-18,12.7,12.9,12.45,12.48
2003-04-21,12.49,12.5,11.88,12.0
2003-04-22,12.05,12.21,12.0,12.03
2003-04-23,12.05,12.48,12.05,12.19
2003-04-24,12.19,12.19,11.35,11.48
2003-04-25,11.48,11.62,11.22,11.26
2003-04-28,11.25,11.62,10.9,11.6
2003-04-29,11.6,11.6,11.11,11.13
2003-04-30,11.1,11.35,11.05,11.29
2003-05-12,11.28,11.71,11.2,11.63
2003-05-13,11.6,11.6,11.14,11.15
2003-05-14,11.15,12.15,11.08,11.97
2003-05-15,12.01,13.17,11.8,13.17
2003-05-16,14.0,14.47,13.8,14.08
2003-05-19,14.1,14.98,13.9,14.5
2003-05-20,14.38,14.4,13.88,14.12
2003-05-21,14.1,14.67,13.99,14.0
2003-05-22,13.9,14.06,13.5,13.86
2003-05-23,13.88,14.86,13.88,14.59
2003-05-26,14.7,15.17,14.5,14.69
2003-05-28,14.85,15.18,14.51,14.7
2003-05-29,14.7,16.01,14.7,15.99
2003-05-30,16.03,16.16,15.6,15.66
2003-06-02,15.66,15.89,15.43,15.75
2003-06-03,15.67,15.72,15.13,15.33
2003-06-04,15.21,15.45,14.9,15.16
2003-06-05,15.25,15.45,14.9,14.95
2003-06-06,14.88,15.2,14.51,14.52
2003-06-09,14.45,14.6,13.96,14.04
2003-06-10,14.0,14.4,13.97,14.19
2003-06-11,14.22,14.68,14.1,14.58
2003-06-12,14.6,14.8,14.48,14.58
2003-06-13,14.58,14.79,14.38,14.5
2003-06-16,14.4,14.65,14.19,14.26
2003-06-17,14.32,14.6,14.19,14.33
2003-06-18,14.33,14.69,14.29,14.38
2003-06-19,14.4,14.55,13.71,13.8
2003-06-20,13.8,13.93,13.53,13.59
2003-06-23,13.52,13.52,13.29,13.41
2003-06-24,13.42,13.5,13.31,13.46
2003-06-25,13.46,13.69,13.23,13.34
2003-06-26,13.31,14.44,13.28,14.09
2003-06-27,14.01,14.05,13.5,13.51
2003-06-30,13.47,13.92,13.3,13.57
2003-07-01,13.66,13.86,13.49,13.53
2003-07-02,13.54,13.75,13.32,13.65
2003-07-03,13.7,13.91,13.5,13.8
2003-07-04,13.8,13.98,13.67,13.8
2003-07-07,13.8,14.08,13.72,14.02
2003-07-08,14.08,14.63,14.08,14.34
2003-07-09,14.4,14.45,14.15,14.19
2003-07-10,14.19,14.74,14.15,14.72
2003-07-11,14.75,14.92,14.5,14.59
2003-07-14,14.66,14.69,14.42,14.55
2003-07-15,14.54,14.7,14.27,14.45
2003-07-16,14.45,14.54,14.26,14.54
2003-07-17,14.5,14.78,14.41,14.48
2003-07-18,14.38,14.48,13.74,13.79
2003-07-21,13.72,13.9,13.46,13.64
2003-07-22,13.69,13.9,13.55,13.8
2003-07-23,13.8,14.42,13.66,14.24
2003-07-24,14.15,14.23,13.87,13.96
2003-07-25,14.08,14.85,14.0,14.39
2003-07-28,14.37,14.94,14.3,14.92
2003-07-29,15.0,15.1,14.8,14.9
2003-07-30,15.0,15.04,14.61,14.79
2003-07-31,14.79,15.17,14.76,14.91
2003-08-01,14.99,15.15,14.75,15.03
2003-08-04,15.05,15.28,14.96,15.06
2003-08-05,15.13,15.18,14.83,14.87
2003-08-06,14.88,15.26,14.88,15.25
2003-08-07,15.25,15.36,14.97,15.12
2003-08-08,15.18,15.18,14.6,14.72
2003-08-11,14.6,14.85,14.6,14.82
2003-08-12,14.82,14.92,14.77,14.83
2003-08-13,14.88,14.88,14.3,14.31
2003-08-14,14.25,15.3,14.14,14.59
2003-08-15,14.52,15.0,14.46,14.7
2003-08-18,14.69,14.79,14.48,14.56
2003-08-19,14.66,14.85,14.6,14.75
2003-08-20,14.86,14.86,14.56,14.73
2003-08-21,14.7,14.95,14.66,14.75
2003-08-22,14.7,14.83,14.2,14.24
2003-08-25,14.2,14.29,13.81,13.86
2003-08-26,13.82,13.98,13.6,13.84
2003-08-27,13.85,13.95,13.74,13.75
2003-08-28,13.7,13.75,13.4,13.41
2003-08-29,13.31,13.6,13.28,13.59
2003-09-01,13.59,13.97,13.5,13.96
2003-09-02,13.99,14.8,13.85,14.27
2003-09-03,14.2,14.45,14.08,14.23
2003-09-04,14.24,14.35,14.09,14.11
2003-09-05,14.27,14.27,13.56,13.76
2003-09-08,13.7,13.84,13.44,13.57
2003-09-09,13.58,13.78,13.57,13.64
2003-09-10,13.65,13.98,13.58,13.82
2003-09-11,13.93,13.94,13.7,13.72
2003-09-12,13.72,13.75,13.4,13.47
2003-09-15,13.5,13.63,13.22,13.33
2003-09-16,13.31,13.66,13.28,13.63
2003-09-17,13.63,13.8,13.4,13.46
2003-09-18,13.3,13.56,13.26,13.39
2003-09-19,13.39,13.68,13.39,13.53
2003-09-22,13.53,13.62,13.42,13.43
2003-09-23,13.43,13.58,13.27,13.56
2003-09-24,13.69,13.69,13.36,13.6
2003-09-25,13.68,13.87,13.5,13.55
2003-09-26,13.5,13.55,12.81,12.93
2003-09-29,12.5,12.8,11.66,11.7
2003-09-30,11.67,11.96,11.15,11.82
2003-10-08,11.58,11.74,11.4,11.61
2003-10-09,11.63,11.95,11.54,11.64
2003-10-10,11.54,12.1,11.54,12.06
2003-10-13,12.06,12.25,11.95,12.02
2003-10-14,12.02,12.1,11.68,11.78
2003-10-15,11.8,12.44,11.78,11.93
2003-10-16,11.91,12.07,11.45,11.61
2003-10-17,11.58,11.78,11.52,11.6
2003-10-20,11.59,11.59,11.42,11.47
2003-10-21,11.51,11.64,11.43,11.64
2003-10-22,11.65,12.08,11.57,12.01
2003-10-23,12.1,12.3,11.8,11.84
2003-10-24,11.55,11.98,11.55,11.7
2003-10-27,11.7,11.75,10.95,11.07
2003-10-28,10.99,11.18,10.45,10.55
2003-10-29,10.55,10.74,10.1,10.41
2003-10-30,10.4,10.8,10.31,10.56
2003-10-31,10.53,10.85,10.45,10.53
2003-11-03,10.5,10.68,10.32,10.59
2003-11-04,10.6,11.0,10.6,10.81
2003-11-05,10.81,10.98,10.47,10.56
2003-11-06,10.48,10.55,9.81,10.1
2003-11-07,10.0,10.9,9.91,10.54
2003-11-10,10.45,10.5,10.08,10.35
2003-11-11,10.3,10.55,10.15,10.4
2003-11-12,10.39,10.64,10.2,10.36
2003-11-13,10.3,10.93,10.26,10.58
2003-11-14,10.59,10.74,10.5,10.68
2003-11-17,10.66,10.77,10.6,10.65
2003-11-18,10.6,10.6,10.3,10.45
2003-11-19,10.37,11.0,10.37,10.82
2003-11-20,10.82,11.9,10.82,11.86
2003-11-21,11.87,11.9,11.18,11.23
2003-11-24,11.19,11.72,11.06,11.58
2003-11-25,11.55,12.09,11.32,11.6
2003-11-26,11.52,12.1,11.38,12.07
2003-11-27,12.07,12.19,11.68,11.71
2003-11-28,11.7,12.1,11.53,11.91
2003-12-01,11.92,12.37,11.92,12.2
2003-12-02,12.25,12.69,12.06,12.11
2003-12-03,12.11,12.19,11.87,11.98
2003-12-04,12.0,12.15,11.73,12.0
2003-12-05,12.05,12.05,11.83,11.88
2003-12-08,11.88,11.99,11.63,11.67
2003-12-09,11.65,11.86,11.6,11.84
2003-12-10,11.85,12.0,11.77,11.96
2003-12-11,11.96,12.11,11.8,11.84
2003-12-12,11.8,11.87,11.69,11.78
2003-12-15,11.78,12.05,11.78,11.91
2003-12-16,11.85,11.85,11.5,11.63
2003-12-17,11.6,11.7,11.4,11.4
2003-12-18,11.35,11.56,11.08,11.22
2003-12-19,11.2,11.3,10.35,10.66
2003-12-22,10.56,11.47,10.4,11.37
2003-12-23,11.35,11.56,11.2,11.29
2003-12-24,11.29,11.29,11.0,11.09
2003-12-25,11.1,11.39,11.06,11.18
2003-12-26,11.18,11.35,11.14,11.32
2003-12-29,11.2,11.47,11.19,11.2
2003-12-30,11.15,11.3,11.0,11.15
2003-12-31,11.18,11.25,10.85,10.88
2004-01-02,10.88,11.28,10.8,11.01
2004-01-05,11.01,11.46,11.0,11.39
2004-01-06,11.39,12.19,11.28,11.99
2004-01-07,12.0,12.24,11.83,12.19
2004-01-08,12.25,13.13,12.13,12.79
2004-01-09,12.8,13.0,12.26,12.28
2004-01-12,12.32,12.68,12.26,12.41
2004-01-13,12.45,12.87,12.3,12.46
2004-01-14,12.46,13.2,12.46,12.87
2004-01-15,12.88,13.08,12.65,12.74
2004-01-16,12.77,13.98,12.75,13.6
2004-01-29,13.74,14.27,13.5,14.05
2004-01-30,14.05,14.09,13.35,13.36
2004-02-02,13.5,13.97,13.16,13.53
2004-02-03,13.56,13.84,13.38,13.61
2004-02-04,13.8,13.9,13.63,13.84
2004-02-05,13.86,14.0,13.52,13.9
2004-02-06,13.95,14.27,13.6,13.68
2004-02-09,13.68,14.15,13.55,14.02
2004-02-10,14.05,14.53,13.85,14.13
2004-02-11,14.18,14.25,13.74,13.9
2004-02-12,13.92,14.5,13.91,13.92
2004-02-13,13.89,14.45,13.7,14.18
2004-02-16,14.26,14.85,14.24,14.72
2004-02-17,14.7,14.95,14.46,14.59
2004-02-18,14.59,15.3,14.59,15.0
2004-02-19,15.3,15.48,14.94,15.1
2004-02-20,15.08,15.1,14.58,14.82
2004-02-23,14.82,14.99,14.18,14.2
2004-02-24,14.12,14.2,13.7,13.99
2004-02-25,14.0,14.22,13.56,13.57
2004-02-26,13.5,13.69,13.4,13.6
2004-02-27,13.65,13.9,13.55,13.74
2004-03-01,13.74,14.0,13.43,13.94
2004-03-02,13.96,14.1,13.68,13.78
2004-03-03,13.76,13.76,13.35,13.36
2004-03-04,13.25,13.56,13.21,13.51
2004-03-05,13.53,13.61,13.4,13.51
2004-03-08,13.4,13.5,12.85,12.94
2004-03-09,12.9,13.1,12.66,12.69
2004-03-10,12.69,13.1,12.69,13.08
2004-03-11,13.18,13.33,13.1,13.24
2004-03-12,13.2,13.38,13.06,13.19
2004-03-15,13.21,14.2,13.21,13.83
2004-03-16,13.82,13.95,13.62,13.72
2004-03-17,13.66,13.98,13.66,13.75
2004-03-18,13.85,13.95,13.34,13.38
2004-03-19,13.38,13.86,13.33,13.81
2004-03-22,13.86,14.25,13.79,14.0
2004-03-23,14.02,14.1,13.7,13.99
2004-03-24,14.0,14.17,13.71,13.82
2004-03-25,13.8,14.06,13.73,13.85
2004-03-26,13.88,14.5,13.88,14.23
2004-03-29,14.35,14.38,13.88,13.9
2004-03-30,13.93,14.02,13.62,13.89
2004-03-31,13.9,14.08,13.8,14.07
2004-04-01,14.0,14.14,13.95,14.03
2004-04-02,14.05,14.11,13.69,13.9
2004-04-05,13.88,14.35,13.86,14.27
2004-04-06,14.27,14.49,14.21,14.48
2004-04-07,14.5,14.51,14.1,14.16
2004-04-08,14.16,14.2,13.89,13.92
2004-04-09,13.93,14.09,13.45,13.48
2004-04-12,13.45,13.68,13.38,13.53
2004-04-13,13.51,13.89,13.49,13.59
2004-04-14,13.7,13.8,13.2,13.35
2004-04-15,13.39,13.52,13.01,13.06
2004-04-16,13.06,13.3,12.8,13.23
2004-04-19,13.23,13.5,13.17,13.19
2004-04-20,13.15,13.36,13.04,13.33
2004-04-21,13.33,13.69,13.16,13.46
2004-04-22,13.46,13.67,13.38,13.62
2004-04-23,13.7,13.78,13.15,13.21
2004-04-26,13.39,13.68,13.35,13.65
2004-04-27,13.7,14.78,13.7,14.4
2004-04-28,14.4,14.7,14.26,14.43
2004-04-29,14.3,14.6,14.01,14.19
2004-04-30,14.19,14.4,13.08,13.2
2004-05-10,13.23,13.35,12.25,12.35
2004-05-11,12.18,12.68,12.02,12.41
2004-05-12,12.52,12.73,12.38,12.61
2004-05-13,12.61,12.65,12.42,12.59
2004-05-14,12.6,12.66,12.25,12.36
2004-05-17,12.25,12.77,12.18,12.66
2004-05-18,12.7,12.98,12.6,12.95
2004-05-19,12.97,13.07,12.76,12.85
2004-05-20,12.8,13.0,12.7,12.76
2004-05-21,12.8,12.93,12.64,12.83
2004-05-24,12.86,12.98,12.65,12.68
2004-05-25,12.74,12.95,12.5,12.55
2004-05-26,12.56,12.93,12.4,12.91
2004-05-27,12.93,13.44,12.83,13.33
2004-05-28,13.35,13.38,13.04,13.06
2004-05-31,13.06,13.29,13.02,13.17
2004-06-01,13.25,13.56,13.15,13.47
2004-06-02,13.5,13.62,13.23,13.46
2004-06-03,13.44,13.45,12.58,12.62
2004-06-04,12.56,12.87,12.45,12.68
2004-06-07,12.72,12.72,12.45,12.63
2004-06-08,12.7,12.79,12.4,12.56
2004-06-10,12.0,12.0,11.3,11.76
2004-06-11,11.7,12.08,11.44,11.57
2004-06-14,11.28,11.75,11.28,11.48
2004-06-15,11.38,11.8,11.3,11.71
2004-06-16,11.7,11.84,11.55,11.7
2004-06-17,11.68,11.71,11.44,11.55
2004-06-18,11.49,11.79,11.33,11.55
2004-06-21,11.5,11.95,11.4,11.93
2004-06-22,11.91,12.25,11.82,12.07
2004-06-23,12.07,12.23,11.85,12.14
2004-06-24,12.1,12.39,12.0,12.34
2004-06-25,12.27,12.34,11.7,11.79
2004-06-28,11.78,11.78,11.31,11.51
2004-06-29,11.49,11.96,10.85,11.89
2004-06-30,11.82,11.91,11.6,11.7
2004-07-01,11.71,12.09,11.41,12.01
2004-07-02,11.99,12.14,11.83,11.91
2004-07-05,12.18,12.18,11.8,11.99
2004-07-06,11.92,12.15,11.86,11.91
2004-07-07,11.8,11.98,11.56,11.64
2004-07-08,11.62,11.78,11.5,11.63
2004-07-09,11.63,11.74,11.38,11.42
2004-07-12,11.42,11.42,11.01,11.11
2004-07-13,11.1,11.18,11.0,11.09
2004-07-14,11.15,11.18,10.65,11.11
2004-07-15,11.09,11.48,10.97,11.22
2004-07-16,11.23,11.6,11.21,11.53
2004-07-19,11.53,11.53,11.29,11.37
2004-07-20,11.37,11.37,11.1,11.13
2004-07-21,11.1,11.25,11.03,11.12
2004-07-22,11.15,11.32,10.9,10.96
2004-07-23,10.91,10.99,10.81,10.96
2004-07-26,10.9,10.9,10.45,10.62
2004-07-27,10.62,10.83,10.5,10.6
2004-07-29,10.85,11.1,10.72,11.04
2004-07-30,11.08,11.19,10.7,10.73
2004-08-02,10.7,11.07,10.56,10.92
2004-08-03,10.89,11.13,10.8,11.03
2004-08-04,11.06,11.33,11.0,11.21
2004-08-05,11.21,11.25,10.94,10.97
2004-08-06,10.92,11.1,10.66,10.82
2004-08-09,10.82,10.91,10.66,10.84
2004-08-10,10.85,10.98,10.78,10.9
2004-08-11,10.95,10.95,10.66,10.69
2004-08-12,10.6,10.7,10.55,10.69
2004-08-13,10.6,10.81,10.58,10.67
2004-08-16,10.63,10.65,10.45,10.56
2004-08-17,10.51,10.7,10.48,10.61
2004-08-18,10.57,10.74,10.57,10.62
2004-08-19,10.45,10.52,10.03,10.1
2004-08-20,10.05,10.21,9.9,10.15
2004-08-23,10.08,10.15,9.93,10.0
2004-08-24,10.01,10.23,9.98,10.17
2004-08-25,10.17,10.25,10.08,10.11
2004-08-26,10.11,10.17,10.0,10.01
2004-08-27,10.01,10.1,9.7,9.77
2004-08-30,9.77,9.82,9.58,9.74
2004-08-31,9.88,10.35,9.81,9.98
2004-09-01,9.95,10.01,9.78,9.8
2004-09-02,9.81,10.0,9.78,9.99
2004-09-03,10.0,10.06,9.9,9.9
2004-09-06,9.88,9.95,9.81,9.94
2004-09-07,9.9,9.93,9.82,9.91
2004-09-08,9.91,10.02,9.85,9.97
2004-09-09,9.96,9.96,9.77,9.79
2004-09-10,9.77,9.8,9.55,9.75
2004-09-13,9.79,9.8,9.24,9.24
2004-09-14,9.24,9.8,9.24,9.6
2004-09-15,9.6,10.25,9.59,10.11
2004-09-16,10.18,10.28,10.0,10.15
2004-09-17,10.15,10.54,10.03,10.53
2004-09-20,10.6,11.2,10.52,11.18
2004-09-21,11.22,11.48,10.83,10.98
2004-09-22,10.93,11.1,10.62,10.68
2004-09-23,10.7,11.1,10.6,11.1
2004-09-24,11.15,11.5,10.7,10.72
2004-09-27,10.8,11.1,10.45,10.54
2004-09-28,10.7,10.7,10.41,10.55
2004-09-29,10.55,10.79,10.42,10.46
2004-09-30,10.46,10.51,10.22,10.26
2004-10-08,10.28,10.58,10.09,10.57
2004-10-11,10.67,11.15,10.55,10.79
2004-10-12,10.79,11.0,10.65,10.7
2004-10-13,10.7,11.07,10.62,11.05
2004-10-14,11.0,11.1,10.15,10.25
2004-10-15,10.2,10.6,10.15,10.37
2004-10-18,10.4,10.6,10.26,10.46
2004-10-19,10.58,10.73,10.3,10.32
2004-10-20,10.34,10.44,9.78,9.97
2004-10-21,9.99,10.16,9.77,9.81
2004-10-22,9.79,9.9,9.38,9.82
2004-10-25,9.9,10.14,9.55,9.67
2004-10-26,9.6,9.75,9.45,9.64
2004-10-27,9.7,10.15,9.7,10.12
2004-10-28,10.2,10.23,9.93,9.99
2004-10-29,9.79,10.09,9.56,9.84
2004-11-01,9.89,9.98,9.8,9.8
2004-11-02,9.75,9.95,9.7,9.84
2004-11-03,9.84,9.99,9.81,9.98
2004-11-04,10.05,10.21,9.87,9.9
2004-11-05,10.03,10.09,9.77,9.8
2004-11-08,9.81,9.87,9.6,9.75
2004-11-09,9.78,9.88,9.65,9.78
2004-11-10,9.8,10.35,9.67,10.25
2004-11-11,10.3,10.83,10.18,10.33
2004-11-12,10.33,10.49,10.2,10.28
2004-11-15,10.28,10.48,10.28,10.44
2004-11-16,10.48,10.48,10.26,10.29
2004-11-17,10.31,10.35,10.13,10.18
2004-11-18,10.16,10.39,10.16,10.36
2004-11-19,10.36,10.5,10.24,10.38
2004-11-22,10.42,10.61,10.35,10.5
2004-11-23,10.5,10.5,10.34,10.35
2004-11-24,10.3,10.39,10.17,10.18
2004-11-25,10.18,10.35,10.1,10.14
2004-11-26,10.14,10.32,10.14,10.21
2004-11-29,10.13,10.2,10.03,10.03
2004-12-01,10.25,10.33,10.05,10.06
2004-12-02,10.07,10.22,9.96,10.2
2004-12-03,10.2,10.4,10.16,10.27
2004-12-06,10.26,10.48,10.2,10.43
2004-12-07,10.4,10.46,10.02,10.07
2004-12-08,10.15,10.25,9.98,10.0
2004-12-09,10.0,10.2,9.92,10.1
2004-12-10,10.0,10.09,9.8,9.84
2004-12-13,9.8,9.88,9.7,9.81
2004-12-14,9.84,9.88,9.75,9.75
2004-12-15,9.8,9.82,9.58,9.75
2004-12-16,9.75,9.82,9.64,9.65
2004-12-17,9.6,9.75,9.6,9.61
2004-12-20,9.56,9.6,9.5,9.59
2004-12-21,9.59,9.9,9.59,9.69
2004-12-22,9.8,10.0,9.68,9.92
2004-12-23,9.95,9.95,9.67,9.68
2004-12-24,9.68,9.85,9.68,9.68
2004-12-27,9.68,9.8,9.68,9.7
2004-12-28,9.65,9.72,9.61,9.64
2004-12-29,9.66,9.75,9.6,9.64
2004-12-30,9.62,9.66,9.4,9.44
2004-12-31,9.62,9.62,9.3,9.34
2005-01-04,9.24,9.41,9.24,9.36
2005-01-05,9.35,9.64,9.28,9.48
2005-01-06,9.45,9.48,9.33,9.35
2005-01-07,9.38,9.58,9.33,9.41
2005-01-10,9.4,9.6,9.4,9.52
2005-01-11,9.53,9.84,9.51,9.79
2005-01-12,9.81,9.81,9.6,9.67
2005-01-13,9.62,9.81,9.58,9.67
2005-01-14,9.68,9.76,9.47,9.47
2005-01-17,9.45,9.45,9.25,9.27
2005-01-18,9.26,9.4,9.26,9.4
2005-01-19,9.4,9.44,9.25,9.29
2005-01-20,9.29,9.29,8.36,8.36
2005-01-21,8.0,8.3,7.52,8.19
2005-01-24,8.29,8.67,8.22,8.57
2005-01-25,8.52,8.65,8.28,8.6
2005-01-26,8.5,8.52,8.28,8.29
2005-01-27,8.29,8.29,7.99,8.01
2005-01-28,8.0,8.06,7.8,7.83
2005-01-31,7.78,7.78,7.56,7.62
2005-02-01,7.6,7.75,7.5,7.6
2005-02-02,7.62,8.2,7.6,8.15
2005-02-03,8.16,8.17,7.8,7.83
2005-02-04,7.88,8.15,7.85,8.1
2005-02-16,8.22,8.45,8.11,8.19
2005-02-17,8.19,8.38,8.06,8.22
2005-02-18,8.2,8.26,8.09,8.1
2005-02-21,8.1,8.25,8.08,8.25
2005-02-22,8.24,8.48,8.16,8.44
2005-02-23,8.38,8.59,8.3,8.51
2005-02-24,8.5,8.68,8.41,8.51
2005-02-25,8.5,8.67,8.5,8.55
2005-02-28,8.53,8.53,8.35,8.41
2005-03-01,8.59,9.25,8.59,8.8
2005-03-02,8.7,8.85,8.46,8.53
2005-03-03,8.53,8.59,8.36,8.57
2005-03-04,8.58,8.65,8.38,8.4
2005-03-07,8.4,8.52,8.38,8.44
2005-03-08,8.55,8.59,8.4,8.58
2005-03-09,8.58,8.66,8.49,8.58
2005-03-10,8.56,8.74,8.41,8.43
2005-03-11,8.4,8.53,8.35,8.41
2005-03-14,8.42,8.45,8.1,8.2
2005-03-15,8.16,8.28,7.95,7.95
2005-03-16,7.9,8.0,7.86,7.95
2005-03-17,7.96,8.1,7.75,7.81
2005-03-18,7.77,7.85,7.56,7.6
2005-03-21,7.6,7.76,7.58,7.73
2005-03-22,7.65,7.77,7.1,7.16
2005-03-23,7.15,7.38,7.1,7.18
2005-03-24,7.15,7.3,7.0,7.22
2005-03-25,7.23,7.28,7.15,7.22
2005-03-28,7.15,7.2,6.93,7.1
2005-03-29,7.1,7.15,7.01,7.06
2005-03-30,7.0,7.17,6.85,6.99
2005-03-31,6.99,7.13,6.89,7.12
2005-04-01,7.13,7.56,7.04,7.45
2005-04-04,7.41,7.41,7.17,7.18
2005-04-05,7.2,7.29,7.1,7.11
2005-04-06,7.19,7.2,6.93,7.05
2005-04-07,7.0,7.6,7.0,7.4
2005-04-08,7.35,7.89,7.31,7.84
2005-04-11,7.88,8.62,7.88,8.62
2005-04-12,8.75,8.92,8.08,8.12
2005-04-13,8.2,8.62,8.18,8.34
2005-04-14,8.33,8.39,7.83,8.04
2005-04-15,8.0,8.0,7.76,7.81
2005-04-18,7.77,7.77,7.51,7.57
2005-04-19,7.52,7.79,7.52,7.74
2005-04-20,7.72,7.72,7.22,7.35
2005-04-21,7.32,7.35,6.9,7.1
2005-04-22,7.08,7.37,7.01,7.19
2005-04-25,7.25,7.48,7.12,7.44
2005-04-26,7.5,7.74,7.4,7.69
2005-04-27,7.73,7.78,7.24,7.38
2005-04-28,7.35,8.12,7.03,8.01
2005-04-29,7.91,8.08,7.69,7.81
2005-05-09,7.9,8.05,7.61,7.64
2005-05-10,7.61,7.95,7.36,7.93
2005-05-11,7.85,8.2,7.8,8.05
2005-05-12,8.05,8.1,7.65,7.84
2005-05-13,7.71,8.1,7.71,7.97
2005-05-17,7.71,8.02,7.71,7.89
2005-05-18,7.88,8.16,7.85,8.14
2005-05-19,8.15,8.15,7.88,7.97
2005-05-20,7.95,7.98,7.65,7.66
2005-05-23,7.62,7.62,7.35,7.38
2005-05-24,7.32,7.71,7.3,7.59
2005-05-25,7.66,7.72,7.51,7.53
2005-05-26,7.5,7.63,7.45,7.46
2005-05-27,7.45,7.7,7.42,7.5
2005-05-30,7.46,7.66,7.46,7.6
2005-05-31,7.62,7.66,7.45,7.52
2005-06-01,7.55,7.55,7.24,7.33
2005-06-02,7.3,7.43,7.26,7.32
2005-06-03,7.32,7.42,7.2,7.31
2005-06-06,7.3,7.35,6.9,7.33
2005-06-07,7.33,7.68,7.24,7.4
2005-06-08,7.4,8.09,7.4,7.98
2005-06-09,7.98,8.28,7.78,8.09
2005-06-10,8.06,8.25,7.86,7.9
2005-06-13,7.9,8.04,7.68,7.82
2005-06-14,7.85,7.98,7.72,7.78
2005-06-15,7.72,7.84,7.6,7.62
2005-06-16,7.6,7.72,7.53,7.68
2005-06-17,7.73,7.79,7.48,7.49
2005-06-20,7.43,8.05,7.34,7.92
2005-06-21,7.9,7.9,7.71,7.74
2005-06-22,7.69,7.71,7.56,7.7
2005-06-23,7.69,7.87,7.58,7.68
2005-06-24,7.6,7.85,7.6,7.71
2005-06-27,7.79,8.02,7.77,7.89
2005-06-28,7.78,7.85,7.61,7.63
2005-06-29,7.65,7.8,7.63,7.64
2005-06-30,7.63,7.64,7.37,7.4
2005-07-01,7.34,7.4,7.08,7.12
2005-07-04,7.1,7.26,7.01,7.25
2005-07-05,7.22,7.3,7.11,7.16
2005-07-06,7.22,7.22,7.01,7.05
2005-07-07,7.1,7.25,7.03,7.18
2005-07-08,7.3,7.48,7.28,7.33
2005-07-11,7.45,7.68,7.3,7.32
2005-07-12,7.32,7.84,7.28,7.74
2005-07-13,7.74,7.74,7.58,7.7
2005-07-14,7.65,7.78,7.55,7.69
2005-07-15,7.68,7.75,7.41,7.44
2005-07-19,7.4,7.56,7.27,7.51
2005-07-20,7.57,7.74,7.48,7.66
2005-07-21,7.66,7.93,7.51,7.9
2005-07-22,7.86,8.1,7.75,7.9
2005-07-25,7.86,7.94,7.75,7.81
2005-07-26,7.8,8.19,7.77,8.05
2005-07-27,8.06,8.3,8.01,8.25
2005-07-28,8.25,8.25,8.03,8.06
2005-08-03,8.87,8.87,8.3,8.32
2005-08-04,8.3,8.49,8.3,8.37
2005-08-05,8.41,8.54,8.37,8.5
2005-08-08,8.54,8.7,8.4,8.51
2005-08-09,8.5,8.93,8.47,8.74
2005-08-10,8.81,8.85,8.53,8.65
2005-08-11,8.64,8.68,8.53,8.64
2005-08-12,8.64,8.85,8.43,8.46
2005-08-15,8.47,8.79,8.45,8.75
2005-08-16,8.75,8.82,8.53,8.59
2005-08-17,8.65,9.0,8.5,9.0
2005-08-18,9.09,9.09,8.54,8.55
2005-08-19,8.55,8.72,8.25,8.43
2005-08-22,8.4,8.48,8.26,8.38
2005-08-23,8.38,8.5,8.26,8.33
2005-08-24,8.33,8.46,8.29,8.39
2005-08-25,8.4,8.45,8.2,8.42
2005-08-26,8.39,8.45,8.24,8.41
2005-08-29,8.4,8.4,8.16,8.17
2005-08-30,8.15,8.28,8.08,8.09
2005-08-31,8.09,8.28,8.09,8.27
2005-09-01,8.29,8.47,8.22,8.43
2005-09-02,8.5,8.66,8.35,8.54
2005-09-05,8.65,8.65,8.48,8.58
2005-09-06,8.6,8.79,8.43,8.45
2005-09-07,8.51,8.94,8.42,8.91
2005-09-08,8.93,9.07,8.7,8.8
2005-09-09,8.8,8.85,8.64,8.66
2005-09-12,8.66,8.74,8.58,8.61
2005-09-13,8.62,8.86,8.61,8.82
2005-09-14,8.82,8.91,8.72,8.89
2005-09-15,8.89,8.89,8.72,8.77
2005-09-16,8.78,8.88,8.69,8.82
2005-09-19,8.82,8.91,8.76,8.9
2005-09-20,8.94,8.94,8.6,8.66
2005-09-21,8.66,8.7,8.38,8.4
2005-09-22,8.38,8.45,8.19,8.4
2005-09-23,8.4,8.49,8.2,8.22
2005-09-26,8.24,8.3,8.08,8.22
2005-09-27,8.28,8.28,7.92,7.95
2005-09-28,7.98,8.17,7.95,8.02
2005-09-29,8.02,8.24,8.0,8.2
2005-09-30,8.35,8.55,8.31,8.51
2005-10-10,8.35,8.47,8.24,8.4
2005-10-11,8.4,8.64,8.34,8.57
2005-10-12,8.56,8.58,8.45,8.5
2005-10-13,8.46,8.58,8.45,8.5
2005-10-14,8.5,8.5,8.32,8.38
2005-10-17,8.31,8.43,8.28,8.42
2005-10-18,8.42,8.63,8.42,8.57
2005-10-19,8.53,8.6,8.39,8.4
2005-10-20,8.4,8.51,8.23,8.35
2005-10-21,8.4,8.55,8.33,8.49
2005-10-24,8.54,9.34,8.43,9.08
2005-10-25,9.0,9.15,8.85,8.96
2005-10-26,8.88,9.04,8.6,8.74
2005-10-27,8.71,9.06,8.65,8.99
2005-10-28,9.0,9.05,8.53,8.54
2005-10-31,8.51,8.54,8.13,8.27
2005-11-01,8.27,8.34,8.06,8.29
2005-11-02,8.3,8.47,8.25,8.36
2005-11-03,8.35,8.38,8.05,8.12
2005-11-04,8.05,8.19,8.01,8.19
2005-11-07,8.16,8.32,8.07,8.3
2005-11-08,8.31,8.45,8.15,8.34
2005-11-09,8.34,8.46,8.25,8.25
2005-11-10,8.21,8.3,8.02,8.07
2005-11-11,8.05,8.14,7.97,8.07
2005-11-14,8.05,8.13,7.98,8.11
2005-11-15,8.11,8.15,7.76,7.78
2005-11-17,7.86,7.96,7.85,7.89
2005-11-18,7.88,8.19,7.86,8.17
2005-11-21,8.17,8.2,8.08,8.14
2005-11-22,8.13,8.17,7.86,7.87
2005-11-23,7.85,7.96,7.83,7.9
2005-11-24,7.86,8.03,7.86,7.95
2005-11-25,7.95,7.98,7.87,7.94
2005-11-28,7.91,8.01,7.88,7.9
2005-11-29,7.9,7.96,7.75,7.79
2005-11-30,7.79,7.79,7.56,7.67
2005-12-01,7.67,7.74,7.6,7.7
2005-12-02,7.74,7.94,7.65,7.76
2005-12-05,7.76,7.76,7.51,7.53
2005-12-06,7.51,7.62,7.48,7.51
2005-12-07,7.48,7.6,7.48,7.59
2005-12-08,7.59,7.7,7.54,7.6
2005-12-09,7.59,7.85,7.55,7.78
2005-12-12,7.78,7.82,7.7,7.75
2005-12-13,7.75,7.85,7.71,7.82
2005-12-14,7.82,7.92,7.75,7.89
2005-12-15,7.88,7.93,7.7,7.72
2005-12-16,7.72,7.9,7.7,7.88
2005-12-19,7.89,7.89,7.78,7.84
2005-12-20,7.84,7.85,7.75,7.84
2005-12-21,7.83,7.88,7.68,7.7
2005-12-22,7.68,7.78,7.62,7.71
2005-12-23,7.71,7.88,7.71,7.85
2005-12-26,7.84,7.99,7.84,7.93
2005-12-27,7.93,7.98,7.85,7.97
2005-12-28,7.97,8.09,7.93,7.97
2005-12-29,8.0,8.08,7.99,8.05
2005-12-30,8.07,8.09,8.0,8.0
2006-01-04,7.99,8.4,7.99,8.32
2006-01-05,8.32,8.48,8.25,8.44
2006-01-06,8.44,8.53,8.33,8.41
2006-01-09,8.42,8.66,8.38,8.58
2006-01-10,8.6,8.72,8.48,8.66
2006-01-11,8.66,8.96,8.6,8.74
2006-01-12,8.7,8.93,8.62,8.9
2006-01-13,8.96,9.05,8.75,8.8
2006-01-16,8.8,8.87,8.58,8.59
2006-01-17,8.6,8.8,8.57,8.64
2006-01-18,8.65,9.5,8.61,9.5
2006-01-19,9.59,9.88,9.38,9.47
2006-01-20,9.42,9.74,9.36,9.43
2006-02-22,9.36,9.78,9.02,9.55
2006-02-23,9.5,9.63,9.46,9.61
2006-02-24,9.62,9.78,9.53,9.75
2006-02-27,9.77,10.11,9.7,10.04
2006-02-28,10.07,10.19,9.6,10.05
2006-03-01,10.09,10.36,9.97,10.06
2006-03-02,10.0,10.03,9.56,9.62
2006-03-03,9.6,9.75,9.37,9.47
2006-03-06,9.41,9.65,9.39,9.55
2006-03-07,9.52,9.52,9.0,9.09
2006-03-08,9.0,9.19,8.95,9.13
2006-03-09,9.12,9.16,9.03,9.08
2006-03-10,9.08,9.2,9.0,9.01
2006-03-13,9.01,9.3,8.95,9.28
2006-03-14,9.3,9.32,9.19,9.26
2006-03-15,9.22,9.43,9.18,9.36
2006-03-16,9.31,9.38,9.15,9.18
2006-03-17,9.13,9.16,8.98,9.05
2006-03-20,9.05,9.21,9.01,9.2
2006-03-21,9.21,9.43,9.21,9.38
2006-03-22,9.38,9.5,9.25,9.47
2006-03-23,9.45,9.58,9.3,9.45
2006-03-24,9.46,9.5,9.21,9.24
2006-03-27,9.24,9.61,9.24,9.57
2006-03-28,9.61,9.68,9.51,9.66
2006-03-29,9.62,9.86,9.58,9.78
2006-03-30,9.78,9.98,9.71,9.9
2006-03-31,9.88,10.1,9.8,10.09
2006-04-03,10.09,10.24,9.95,10.05
2006-04-04,10.02,10.26,9.83,10.24
2006-04-05,10.2,10.3,10.02,10.12
2006-04-06,10.16,10.25,9.98,10.09
2006-04-07,10.05,11.1,10.01,11.1
2006-04-10,11.15,11.58,10.92,11.48
2006-04-11,11.48,11.5,11.2,11.28
2006-05-22,10.5,10.6,9.98,10.02
2006-05-23,9.97,10.09,9.65,10.07
2006-05-24,10.2,10.98,10.0,10.29
2006-05-25,10.29,10.45,9.8,9.99
2006-05-26,10.01,10.3,9.98,10.22
2006-05-29,10.3,10.7,10.05,10.6
2006-05-30,10.58,10.6,10.28,10.42
2006-05-31,10.3,10.42,9.96,10.0
2006-06-01,10.0,10.29,10.0,10.21
2006-06-02,10.25,10.95,10.0,10.3
2006-06-05,10.3,10.85,10.28,10.51
2006-06-07,10.5,10.67,9.58,9.59
2006-06-08,9.5,9.56,8.85,9.33
2006-06-09,9.33,9.67,9.25,9.26
2006-06-12,9.3,9.53,9.26,9.47
2006-06-13,9.49,9.73,9.47,9.53
2006-06-14,9.55,9.61,9.15,9.36
2006-06-15,7.68,7.83,7.5,7.52
2006-06-16,7.55,7.68,7.47,7.62
2006-06-19,7.52,7.79,7.45,7.7
2006-06-20,7.68,7.83,7.57,7.79
2006-06-21,7.83,7.96,7.72,7.87
2006-06-22,7.92,7.96,7.73,7.76
2006-06-23,7.74,8.54,7.7,8.36
2006-06-26,8.36,8.76,8.33,8.67
2006-06-27,8.68,8.75,8.56,8.61
2006-06-28,8.57,8.9,8.53,8.67
2006-06-29,8.6,8.85,8.59,8.75
2006-06-30,8.98,9.11,8.7,8.76
2006-07-03,8.77,8.88,8.53,8.8
2006-07-04,8.79,8.85,8.51,8.7
2006-07-05,8.79,9.06,8.6,8.97
2006-07-06,8.97,9.18,8.92,9.01
2006-07-07,9.01,9.08,8.72,8.74
2006-07-10,8.69,8.84,8.55,8.74
2006-07-11,8.73,8.81,8.6,8.7
2006-07-12,8.65,9.07,8.64,8.83
2006-07-13,8.79,8.79,7.95,7.95
2006-07-14,7.8,8.09,7.72,8.05
2006-07-17,8.01,8.3,7.91,8.1
2006-07-18,8.11,8.19,7.9,8.0
2006-07-19,8.03,8.18,7.89,8.0
2006-07-20,8.01,8.1,7.88,8.05
2006-07-21,8.05,8.18,8.02,8.06
2006-07-24,7.85,7.99,7.81,7.98
2006-07-25,7.98,8.18,7.91,8.05
2006-07-26,8.23,8.68,8.23,8.4
2006-07-27,8.29,8.37,8.1,8.2
2006-07-28,8.16,8.25,7.9,8.07
2006-07-31,8.05,8.05,7.65,7.66
2006-08-01,7.62,7.83,7.53,7.61
2006-08-02,7.62,7.74,7.56,7.68
2006-08-03,7.68,7.78,7.58,7.6
2006-08-04,7.6,7.79,7.55,7.58
2006-08-08,7.52,7.65,7.44,7.64
2006-08-09,7.67,7.68,7.56,7.6
2006-08-10,7.6,7.87,7.55,7.85
2006-08-11,7.8,7.97,7.76,7.92
2006-08-14,8.0,8.01,7.65,7.71
2006-08-15,7.71,7.95,7.68,7.88
2006-08-16,7.92,8.07,7.88,8.05
2006-08-17,8.03,8.03,7.78,7.81
2006-08-18,7.83,7.91,7.77,7.82
2006-08-21,7.53,7.79,7.42,7.78
2006-08-22,7.78,7.9,7.71,7.8
2006-08-23,7.82,8.0,7.76,7.83
2006-08-24,7.8,7.8,7.63,7.7
2006-08-25,7.71,7.8,7.68,7.72
2006-08-28,7.75,8.03,7.75,7.98
2006-08-29,8.0,8.46,7.97,8.13
2006-08-30,8.08,8.15,7.97,8.08
2006-08-31,8.08,8.18,8.05,8.1
2006-09-01,8.05,8.15,7.84,7.86
2006-09-04,7.86,8.06,7.81,8.01
2006-09-05,8.01,8.1,7.93,8.06
2006-09-06,8.07,8.09,7.96,8.04
2006-09-07,8.04,8.04,7.78,7.79
2006-09-08,7.79,7.86,7.75,7.76
2006-09-11,7.78,7.84,7.64,7.77
2006-09-12,7.85,7.98,7.8,7.89
2006-09-13,7.89,7.92,7.72,7.73
2006-09-14,7.75,7.9,7.67,7.86
2006-09-15,7.86,8.06,7.82,7.99
2006-09-18,8.08,8.17,8.03,8.14
2006-09-19,8.13,8.16,8.0,8.03
2006-09-20,8.01,8.01,7.89,7.96
2006-09-21,8.01,8.33,8.01,8.06
2006-09-22,8.05,8.1,7.86,7.89
2006-09-25,7.84,8.12,7.83,8.0
2006-09-26,8.0,8.03,7.83,7.89
2006-09-27,7.9,7.94,7.8,7.92
2006-09-28,7.88,8.17,7.88,8.08
2006-09-29,8.08,8.22,8.06,8.16
2006-10-09,8.2,8.3,8.11,8.25
2006-10-10,8.25,8.4,8.12,8.35
2006-10-11,8.36,8.39,8.18,8.22
2006-10-12,8.22,8.3,8.15,8.17
2006-10-13,8.18,8.24,8.12,8.22
2006-10-16,8.22,8.24,8.07,8.15
2006-10-17,8.2,8.36,8.15,8.18
2006-10-18,8.11,8.21,8.1,8.18
2006-10-19,8.18,8.18,8.06,8.08
2006-10-20,8.06,8.14,8.04,8.08
2006-10-23,8.08,8.14,7.61,7.71
2006-10-24,7.71,7.87,7.71,7.85
2006-10-25,7.8,7.95,7.75,7.92
2006-10-26,7.9,7.9,7.73,7.79
2006-10-27,7.91,7.98,7.71,7.73
2006-10-30,7.66,7.73,7.51,7.67
2006-10-31,7.68,7.73,7.6,7.71
2006-11-01,7.72,7.79,7.6,7.75
2006-11-02,7.76,7.89,7.66,7.82
2006-11-03,7.82,7.9,7.75,7.81
2006-11-06,7.75,7.9,7.67,7.73
2006-11-07,7.7,7.79,7.56,7.69
2006-11-08,7.67,7.91,7.62,7.72
2006-11-09,7.72,7.92,7.68,7.86
2006-11-10,7.86,7.89,7.59,7.62
2006-11-13,7.6,7.75,7.18,7.25
2006-11-14,7.28,7.38,7.14,7.35
2006-11-15,7.3,7.42,7.25,7.38
2006-11-16,7.39,7.45,7.2,7.21
2006-11-17,7.22,7.43,7.19,7.28
2006-11-20,7.37,7.37,7.17,7.26
2006-11-21,7.27,7.56,7.24,7.53
2006-11-22,7.53,7.68,7.44,7.6
2006-11-23,7.6,7.72,7.49,7.53
2006-11-24,7.58,8.19,7.57,7.98
2006-11-27,7.9,8.15,7.88,8.03
2006-11-28,8.05,8.29,7.92,8.07
2006-11-29,8.0,8.24,7.87,8.18
2006-11-30,8.17,8.35,8.15,8.23
2006-12-01,8.25,8.29,8.08,8.1
2006-12-04,8.06,8.43,8.05,8.4
2006-12-05,8.42,8.73,8.29,8.58
2006-12-06,8.58,8.9,8.2,8.52
2006-12-07,8.48,8.75,8.31,8.36
2006-12-08,8.33,8.33,7.95,7.95
2006-12-11,7.93,8.32,7.93,8.3
2006-12-12,8.32,8.37,8.09,8.15
2006-12-13,8.14,8.18,8.0,8.12
2006-12-14,8.12,8.35,8.12,8.27
2006-12-15,8.27,8.48,8.21,8.4
2006-12-18,8.46,8.66,8.36,8.41
2006-12-19,8.42,8.78,8.13,8.69
2006-12-20,8.79,9.09,8.5,8.85
2006-12-21,8.8,8.87,8.5,8.56
2006-12-22,8.52,8.57,8.32,8.38
2006-12-25,8.38,8.55,8.35,8.44
2006-12-26,8.45,8.46,8.15,8.2
2006-12-27,8.18,8.4,8.17,8.22
2006-12-29,8.12,8.39,8.1,8.33
2007-01-04,8.38,8.75,8.33,8.38
2007-01-05,8.41,8.92,8.31,8.88
2007-01-08,8.9,9.7,8.8,9.5
2007-01-09,9.5,9.65,9.36,9.51
2007-01-10,9.58,9.73,9.36,9.65
2007-01-11,9.62,10.19,9.55,9.87
2007-01-12,9.81,9.82,9.03,9.07
2007-01-15,9.12,9.65,9.07,9.55
2007-01-16,9.62,9.95,9.61,9.9
2007-01-17,10.01,10.45,9.65,9.94
2007-01-18,10.15,10.79,9.95,10.71
2007-01-19,10.78,11.78,10.78,11.39
2007-01-22,11.6,12.31,11.45,12.15
2007-01-23,12.25,12.3,11.18,12.05
2007-01-24,11.98,12.0,11.56,11.83
2007-01-25,11.66,11.66,10.86,11.01
2007-01-26,10.8,11.25,10.68,11.18
2007-01-29,11.25,11.85,11.25,11.76
2007-01-30,12.08,12.54,11.79,11.97
2007-01-31,12.0,12.1,10.96,11.0
2007-02-01,10.8,12.1,10.72,12.1
2007-02-02,12.55,13.15,12.22,12.27
2007-02-05,12.1,13.3,12.05,13.01
2007-02-06,12.9,13.0,12.35,12.8
2007-02-07,12.86,13.46,12.77,13.35
2007-02-08,13.39,13.39,12.94,13.0
2007-02-09,13.02,13.05,12.56,12.71
2007-02-12,12.75,13.19,12.72,13.0
2007-02-13,13.03,13.35,12.99,13.02
2007-02-14,13.07,13.65,12.85,13.47
2007-02-15,13.5,13.67,13.2,13.3
2007-02-16,13.36,13.49,12.85,12.85
2007-02-26,13.1,13.89,13.1,13.8
2007-02-27,13.85,13.95,12.42,12.42
2007-02-28,12.21,12.87,12.1,12.71
2007-03-01,12.76,13.35,12.3,12.48
2007-03-02,12.35,12.95,12.29,12.67
2007-03-05,12.85,13.27,12.45,13.05
2007-03-06,12.95,13.0,12.58,12.95
2007-03-07,13.05,13.29,12.9,13.19
2007-03-08,13.07,13.25,12.94,13.25
2007-03-09,13.25,13.3,12.87,12.88
2007-03-12,12.88,13.09,12.71,12.99
2007-03-13,13.03,13.1,12.7,13.07
2007-03-14,13.08,13.99,12.71,13.55
2007-03-15,13.45,13.7,13.39,13.46
2007-03-16,13.48,13.85,12.9,13.01
2007-03-19,12.65,13.14,12.45,13.0
2007-03-20,13.06,13.16,12.85,13.03
2007-03-21,13.1,13.42,12.9,13.31
2007-03-22,13.34,13.79,13.23,13.44
2007-03-23,13.43,13.62,13.0,13.29
2007-03-26,13.35,14.19,13.35,13.99
2007-03-27,13.98,14.29,13.8,14.1
2007-03-28,14.2,14.45,13.28,13.84
2007-03-29,13.81,14.2,13.34,13.34
2007-03-30,13.25,13.65,13.2,13.51
2007-04-02,13.53,13.78,13.44,13.75
2007-04-03,13.85,13.95,13.58,13.9
2007-04-04,14.5,15.18,14.25,14.43
2007-04-05,14.4,14.76,14.26,14.59
2007-04-06,14.44,15.18,14.31,15.04
2007-04-09,15.33,15.48,14.89,15.08
2007-04-10,15.09,15.2,14.3,14.86
2007-04-11,14.95,15.2,14.71,15.08
2007-04-12,15.1,15.3,14.88,15.23
2007-04-13,15.29,15.38,14.95,15.0
2007-04-16,15.2,15.67,15.1,15.6
2007-04-17,15.7,15.75,15.0,15.56
2007-04-18,15.47,16.16,15.34,16.16
2007-04-19,16.18,16.18,14.7,14.95
2007-04-20,15.11,16.14,15.11,15.99
2007-04-23,16.38,17.2,16.29,16.98
2007-04-24,17.1,17.16,16.52,16.7
2007-04-25,16.63,17.0,16.18,16.87
2007-04-26,16.99,17.65,16.9,17.59
2007-04-27,17.86,17.92,16.96,17.02
2007-04-30,16.89,17.7,16.8,17.44
2007-05-08,17.96,18.35,17.6,18.13
2007-05-09,18.13,18.59,17.5,18.31
2007-05-10,18.38,19.21,18.38,18.9
2007-05-11,18.51,18.78,18.01,18.37
2007-05-14,17.98,18.58,17.8,18.25
2007-05-15,18.25,18.45,17.03,17.17
2007-05-16,17.2,17.7,17.05,17.65
2007-05-17,17.71,18.38,17.65,18.11
2007-05-18,18.12,18.44,17.8,17.91
2007-05-21,17.22,18.26,17.1,17.88
2007-05-22,17.95,18.96,17.94,18.45
2007-05-23,18.45,19.15,18.45,18.99
2007-05-24,19.05,19.25,18.0,18.35
2007-05-25,18.35,18.8,18.1,18.51
2007-05-28,18.53,19.1,18.53,18.88
2007-05-29,19.0,19.69,18.9,19.65
2007-05-30,18.38,19.37,17.69,17.69
2007-05-31,17.59,18.0,15.92,17.07
2007-06-01,17.16,17.84,16.42,16.72
2007-06-04,16.72,17.22,15.05,15.05
2007-06-05,14.5,15.65,13.55,15.63
2007-06-06,15.83,16.1,15.35,15.84
2007-06-08,16.86,17.0,16.39,16.62
2007-06-11,16.8,17.77,16.8,17.7
2007-06-12,18.09,18.98,17.15,18.81
2007-06-13,19.2,19.3,18.82,18.92
2007-06-14,18.92,19.42,18.32,19.0
2007-06-15,18.56,18.6,17.86,18.01
2007-06-18,18.25,18.6,18.16,18.25
2007-06-19,18.27,18.38,17.66,18.09
2007-06-20,18.24,18.57,17.51,17.67
2007-06-21,17.5,17.91,17.17,17.42
2007-06-22,17.45,17.8,16.31,16.82
2007-06-25,16.92,17.2,15.18,15.41
2007-06-26,15.39,16.3,15.06,16.3
2007-06-27,16.45,16.6,16.0,16.54
2007-06-28,16.55,16.55,15.18,15.2
2007-06-29,14.89,15.04,13.99,14.47
2007-07-02,14.47,14.98,14.26,14.91
2007-07-04,15.21,15.63,14.8,14.93
2007-07-05,14.55,14.9,13.74,13.75
2007-07-06,13.62,14.63,13.56,14.48
2007-07-09,14.59,15.1,14.33,15.0
2007-07-10,15.1,15.1,14.32,14.4
2007-07-11,14.33,14.71,14.2,14.61
2007-07-12,14.59,14.79,14.41,14.69
2007-07-13,14.7,14.77,14.3,14.49
2007-07-16,14.5,14.52,13.85,13.86
2007-07-17,13.8,14.3,13.8,14.1
2007-07-18,14.27,14.63,14.1,14.36
2007-07-19,14.36,14.39,14.11,14.25
2007-07-20,14.25,14.85,14.12,14.74
2007-07-23,14.74,15.6,14.74,15.57
2007-07-24,15.7,15.82,15.36,15.36
2007-07-25,15.33,15.73,15.25,15.7
2007-07-26,15.75,16.26,15.75,16.1
2007-07-27,16.0,16.24,15.79,16.0
2007-07-30,16.09,16.58,16.09,16.28
2007-07-31,16.22,16.55,16.05,16.49
2007-08-01,16.7,17.29,16.13,16.2
2007-08-02,16.31,16.85,16.19,16.77
2007-08-03,17.0,17.24,16.6,16.8
2007-08-06,17.05,17.15,16.62,16.99
2007-08-07,16.99,16.99,16.5,16.68
2007-08-08,16.57,16.57,15.82,16.09
2007-08-09,16.01,16.6,16.01,16.2
2007-08-10,16.21,16.44,15.74,16.05
2007-08-13,15.98,16.95,15.85,16.88
2007-08-14,17.0,17.31,16.88,17.05
2007-08-15,17.2,17.28,16.3,16.67
2007-08-16,16.65,17.2,16.36,16.95
2007-08-17,16.93,17.22,16.68,16.92
2007-08-20,17.21,17.73,17.02,17.58
2007-08-21,17.68,17.75,17.4,17.58
2007-08-22,17.8,18.47,17.6,17.72
2007-08-23,17.75,17.95,17.36,17.42
2007-08-24,17.5,17.79,17.2,17.41
2007-08-27,17.6,17.74,16.96,17.13
2007-08-28,17.16,17.99,17.1,17.85
2007-08-29,17.95,18.28,17.42,17.48
2007-08-30,17.64,18.85,17.5,18.5
2007-08-31,18.6,18.7,18.26,18.29
2007-09-03,18.51,18.69,18.31,18.4
2007-09-04,18.4,18.52,17.85,17.96
2007-09-06,18.35,18.43,18.11,18.16
2007-09-07,18.1,18.1,17.4,17.43
2007-09-10,17.15,17.63,17.0,17.51
2007-09-11,17.5,17.87,16.15,16.31
2007-09-12,16.29,16.8,15.98,16.5
2007-09-13,16.6,16.75,16.35,16.73
2007-09-14,16.7,16.78,16.33,16.72
2007-09-17,16.7,17.33,16.52,17.2
2007-09-18,17.3,17.4,16.88,17.06
2007-09-19,17.07,18.77,17.07,18.76
2007-09-27,19.95,19.95,17.7,17.9
2007-09-28,18.08,18.57,18.03,18.05
2007-10-08,18.5,18.55,18.01,18.14
2007-10-09,18.14,18.4,17.89,18.17
2007-10-10,18.22,18.25,17.8,17.86
2007-10-11,17.86,17.93,17.2,17.24
2007-10-12,17.24,17.29,16.0,16.86
2007-10-15,16.99,18.27,16.85,17.88
2007-10-16,18.21,18.43,17.7,18.3
2007-10-17,18.37,18.47,17.88,18.2
2007-10-18,18.12,18.16,17.5,17.52
2007-10-19,17.68,18.41,17.6,17.8
2007-10-22,17.79,18.56,17.3,18.05
2007-10-23,18.15,18.84,17.93,18.83
2007-10-24,18.9,19.16,18.0,18.14
2007-10-25,18.28,18.6,16.88,17.1
2007-10-26,17.0,17.5,16.6,16.95
2007-10-29,17.29,17.45,16.68,17.45
2007-10-30,17.47,17.86,17.03,17.83
2007-10-31,17.95,18.28,17.73,18.0
2007-11-01,18.01,18.16,17.0,17.07
2007-11-02,16.97,17.2,16.49,16.61
2007-11-05,16.65,17.21,16.51,16.98
2007-11-06,17.0,17.08,16.62,16.7
2007-11-07,16.84,17.0,16.19,16.5
2007-11-08,16.53,16.63,15.46,15.5
2007-11-09,15.5,15.8,15.02,15.35
2007-11-12,15.06,15.44,14.75,15.31
2007-11-13,15.4,15.65,15.1,15.29
2007-11-14,15.42,15.71,15.3,15.7
2007-11-15,15.68,15.69,15.1,15.15
2007-11-16,15.03,15.28,14.85,15.2
2007-11-19,15.29,15.61,15.08,15.52
2007-11-20,15.5,15.8,15.34,15.68
2007-11-21,15.69,15.78,15.32,15.39
2007-11-22,15.27,15.28,14.71,14.73
2007-11-23,14.7,14.92,14.5,14.9
2007-11-26,15.05,15.18,14.76,14.8
2007-11-27,14.73,14.79,14.29,14.33
2007-11-28,14.37,14.74,14.21,14.28
2007-11-29,14.51,14.78,14.35,14.77
2007-11-30,14.75,14.75,14.31,14.36
2007-12-03,14.5,14.96,14.32,14.71
2007-12-04,14.9,14.9,14.54,14.57
2007-12-05,14.58,14.95,14.56,14.86
2007-12-06,14.94,14.94,14.7,14.84
2007-12-07,14.8,15.17,14.8,15.12
2007-12-10,15.0,15.41,14.82,15.36
2007-12-11,15.36,15.74,15.3,15.52
2007-12-12,15.52,15.7,15.37,15.67
2007-12-13,15.9,16.3,15.33,15.35
2007-12-14,15.18,15.88,15.12,15.77
2007-12-17,15.75,16.08,15.7,15.8
2007-12-18,15.68,15.85,15.41,15.48
2007-12-19,15.4,16.14,15.4,15.88
2007-12-20,15.9,16.18,15.82,16.0
2007-12-21,15.9,16.3,15.9,16.2
2007-12-24,16.35,16.64,16.21,16.23
2007-12-25,16.54,17.03,16.35,16.88
2007-12-26,16.94,17.08,16.77,17.03
2007-12-27,17.2,17.26,16.93,16.98
2007-12-28,16.98,17.12,16.73,16.79
2008-01-02,17.13,17.94,17.13,17.82
2008-01-03,17.63,18.09,17.55,17.82
2008-01-04,17.86,18.1,17.61,17.91
2008-01-07,17.91,18.2,17.72,18.15
2008-01-08,18.15,18.3,17.3,17.45
2008-01-09,17.4,17.78,17.3,17.7
2008-01-10,17.82,17.85,17.5,17.53
2008-01-11,17.58,17.77,17.11,17.42
2008-01-14,17.45,19.16,17.3,18.9
2008-01-15,18.58,19.13,18.52,19.0
2008-01-16,19.01,19.01,18.52,18.74
2008-01-17,18.6,18.99,17.5,18.28
2008-01-18,18.25,19.39,18.03,19.12
2008-01-21,19.22,19.48,18.2,18.25
2008-01-22,17.4,17.95,16.43,16.43
2008-01-23,16.81,17.6,16.3,17.37
2008-01-24,17.55,18.14,17.27,17.75
2008-01-25,17.75,18.45,17.5,17.72
2008-01-28,17.68,17.68,16.2,16.46
2008-01-29,16.8,17.26,16.48,16.95
2008-01-30,17.06,17.5,16.58,16.94
2008-02-01,16.5,16.75,15.25,15.66
2008-02-04,16.15,16.88,16.02,16.87
2008-02-05,16.6,17.05,16.55,16.84
2008-02-13,16.86,17.34,16.53,16.87
2008-02-14,17.22,17.27,16.91,17.1
2008-02-15,17.0,17.0,16.4,16.87
2008-02-18,17.01,17.49,17.01,17.45
2008-02-19,17.48,17.84,17.48,17.76
2008-02-20,17.81,17.83,17.21,17.24
2008-02-21,17.14,17.6,17.0,17.37
2008-02-22,17.35,17.78,16.95,17.14
2008-02-25,17.11,17.4,16.5,16.55
2008-02-26,17.02,17.2,16.11,16.65
2008-02-27,16.7,17.08,16.7,16.93
2008-02-28,16.95,17.21,16.7,17.02
2008-02-29,17.03,17.3,16.9,17.19
2008-03-03,17.2,17.83,17.01,17.69
2008-03-04,17.77,17.99,17.45,17.75
2008-03-05,17.68,17.85,17.15,17.65
2008-03-06,17.8,18.25,17.61,17.78
2008-03-07,17.6,17.76,17.18,17.29
2008-03-10,17.14,17.29,16.6,16.72
2008-03-11,16.5,16.98,16.45,16.9
2008-03-12,17.2,17.25,16.1,16.23
2008-03-13,16.01,16.33,15.4,15.77
2008-03-14,15.8,15.94,15.5,15.74
2008-03-17,15.74,15.8,14.17,14.17
2008-03-18,14.15,14.39,12.75,12.96
2008-03-19,13.3,13.76,13.01,13.65
2008-03-20,13.56,14.38,12.96,14.12
2008-03-21,14.29,14.8,14.08,14.42
2008-03-24,14.74,14.82,13.89,13.9
2008-03-25,13.51,14.28,13.5,14.16
2008-03-26,14.28,14.5,13.9,14.12
2008-03-27,13.99,13.99,13.38,13.39
2008-03-28,13.08,13.81,12.88,13.8
2008-03-31,13.44,13.68,13.26,13.26
2008-04-01,13.39,13.59,11.93,12.08
2008-04-02,12.15,12.28,11.2,11.36
2008-04-03,11.3,12.03,11.2,11.93
2008-04-07,11.75,12.75,11.61,12.69
2008-04-08,12.71,13.0,12.57,12.81
2008-04-09,12.7,13.11,12.25,12.26
2008-04-10,12.0,12.53,11.91,12.53
2008-04-11,12.57,12.98,12.57,12.77
2008-04-14,12.5,12.52,11.8,11.88
2008-04-15,11.88,12.6,11.8,12.48
2008-04-16,12.4,12.52,12.07,12.14
2008-04-17,12.19,12.42,11.46,11.65
2008-04-18,11.7,11.73,10.94,11.01
2008-04-21,11.9,11.95,10.87,11.0
2008-04-22,10.9,10.9,9.91,10.63
2008-04-23,10.5,11.1,10.26,10.98
2008-04-24,12.0,12.08,11.52,12.08
2008-04-25,12.07,12.48,11.81,12.09
2008-04-28,11.84,11.99,11.5,11.54
2008-04-29,11.0,11.06,10.48,10.68
2008-04-30,10.78,11.2,10.7,11.13
2008-05-05,11.16,11.67,11.01,11.55
2008-05-06,11.39,11.7,11.16,11.47
2008-05-07,11.4,11.72,10.91,10.94
2008-05-08,10.8,11.19,10.7,11.16
2008-05-09,11.2,11.65,10.99,11.33
2008-05-13,10.98,11.33,10.8,10.98
2008-05-14,11.0,11.58,10.99,11.52
2008-05-15,11.6,11.79,11.4,11.46
2008-05-16,11.45,11.64,11.05,11.32
2008-05-19,11.29,11.34,11.02,11.18
2008-05-20,11.1,11.28,10.24,10.24
2008-05-21,10.2,10.3,9.53,10.1
2008-05-22,10.07,10.34,9.8,10.0
2008-05-23,9.99,10.42,9.6,10.21
2008-05-26,10.13,10.18,9.7,9.7
2008-05-27,9.74,9.82,9.56,9.73
2008-05-28,9.68,10.03,9.6,10.03
2008-05-29,10.04,10.08,9.85,9.99
2008-05-30,10.05,10.37,9.95,10.21
2008-06-02,10.1,10.18,9.86,10.01
2008-06-03,10.05,10.14,9.77,9.91
2008-06-04,9.93,9.93,9.44,9.51
2008-06-05,9.55,9.66,9.38,9.48
2008-06-06,9.5,9.73,9.5,9.62
2008-06-10,9.38,9.38,8.66,8.66
2008-06-11,8.6,8.94,8.36,8.81
2008-06-12,8.63,8.9,8.53,8.84
2008-06-13,8.49,8.49,7.77,7.79
2008-06-16,7.85,7.95,7.59,7.64
2008-06-17,7.65,7.78,7.0,7.01
2008-06-18,6.98,7.47,6.61,7.32
2008-06-19,7.28,7.28,6.59,6.59
2008-06-20,6.57,7.06,6.3,6.75
2008-06-23,6.7,6.85,6.57,6.73
2008-06-24,6.7,7.0,6.65,6.94
2008-06-25,6.99,7.35,6.85,7.3
2008-06-26,7.3,7.41,7.12,7.31
2008-06-27,7.08,7.1,6.6,6.67
2008-06-30,6.67,6.81,6.5,6.69
2008-07-01,6.67,6.77,6.4,6.44
2008-07-02,6.43,6.67,6.41,6.54
2008-07-03,6.46,6.96,6.3,6.85
2008-07-04,6.83,7.06,6.75,6.82
2008-07-07,6.85,7.23,6.83,7.18
2008-07-08,7.22,7.43,7.12,7.3
2008-07-09,7.35,7.53,7.3,7.48
2008-07-10,7.35,7.58,7.28,7.31
2008-07-11,7.31,7.6,7.25,7.45
2008-07-14,7.45,7.54,7.32,7.5
2008-07-15,7.57,7.59,7.12,7.18
2008-07-16,7.14,7.24,6.58,6.77
2008-07-17,6.9,6.98,6.68,6.7
2008-07-18,6.82,6.99,6.53,6.91
2008-07-21,6.93,7.27,6.81,7.2
2008-07-22,7.16,7.3,7.1,7.22
2008-07-23,7.27,7.37,7.13,7.15
2008-07-24,7.23,7.47,7.21,7.39
2008-07-25,7.3,7.47,7.21,7.35
2008-07-28,7.44,7.56,7.36,7.45
2008-07-29,7.38,7.48,7.2,7.4
2008-07-30,7.45,7.76,7.44,7.5
2008-08-01,7.11,7.28,6.85,7.12
2008-08-04,7.06,7.15,6.9,7.02
2008-08-05,7.0,7.06,6.87,7.01
2008-08-06,7.06,7.09,6.81,7.06
2008-08-07,7.08,7.13,6.96,7.05
2008-08-08,7.03,7.03,6.35,6.35
2008-08-11,6.42,6.46,5.72,5.72
2008-08-12,5.7,5.83,5.6,5.74
2008-08-13,5.84,5.84,5.5,5.73
2008-08-14,5.7,5.81,5.56,5.73
2008-08-15,5.7,5.82,5.6,5.7
2008-08-18,5.71,5.78,5.17,5.2
2008-08-19,5.19,5.34,5.15,5.28
2008-08-20,5.28,5.75,5.19,5.73
2008-08-21,5.64,5.72,5.45,5.46
2008-08-22,5.41,5.52,5.25,5.37
2008-08-25,5.44,5.53,5.35,5.41
2008-08-26,5.3,5.39,5.03,5.12
2008-08-27,5.12,5.22,4.95,5.13
2008-08-28,5.15,5.25,5.09,5.15
2008-08-29,5.17,5.38,5.15,5.31
2008-09-01,5.32,5.32,5.1,5.14
2008-09-02,5.07,5.31,5.05,5.24
2008-09-03,5.23,5.4,5.21,5.24
2008-09-04,5.27,5.37,5.18,5.29
2008-09-05,5.15,5.18,5.04,5.06
2008-09-08,5.1,5.14,4.83,4.87
2008-09-09,4.92,5.04,4.87,5.0
2008-09-10,4.98,5.17,4.96,5.03
2008-09-11,5.05,5.08,4.88,4.92
2008-09-12,4.92,5.02,4.91,4.94
2008-09-16,5.0,5.0,4.78,4.83
2008-09-17,4.83,4.91,4.7,4.72
2008-09-18,4.65,4.65,4.25,4.52
2008-09-19,4.94,4.97,4.88,4.97
2008-09-22,5.36,5.46,5.05,5.18
2008-09-23,5.04,5.06,4.81,4.82
2008-09-24,4.76,4.89,4.67,4.89
2008-09-25,4.9,5.09,4.89,5.02
2008-09-26,5.02,5.08,4.88,5.01
2008-10-06,4.97,4.97,4.75,4.76
2008-10-07,4.66,4.85,4.62,4.81
2008-10-08,4.74,4.78,4.64,4.67
2008-10-09,4.8,4.83,4.62,4.64
2008-10-10,4.5,4.5,4.2,4.35
2008-10-13,4.3,4.43,4.15,4.43
2008-10-14,4.58,4.58,4.26,4.26
2008-10-15,4.26,4.29,4.17,4.22
2008-10-16,4.07,4.1,3.98,3.99
2008-10-17,4.03,4.1,4.0,4.08
2008-10-20,4.08,4.25,4.02,4.21
2008-10-21,4.2,4.29,4.16,4.2
2008-10-22,4.13,4.21,4.05,4.1
2008-10-23,4.0,4.09,3.97,4.08
2008-10-24,4.09,4.1,3.98,4.01
2008-10-27,3.99,3.99,3.62,3.66
2008-10-28,3.6,3.79,3.55,3.73
2008-10-29,3.83,3.86,3.68,3.68
2008-10-30,3.71,3.8,3.69,3.74
2008-10-31,3.8,3.81,3.68,3.7
2008-11-03,3.7,3.77,3.65,3.74
2008-11-04,3.75,3.75,3.61,3.7
2008-11-05,3.72,3.89,3.72,3.88
2008-11-06,3.78,3.86,3.73,3.78
2008-11-07,3.71,3.88,3.7,3.85
2008-11-10,3.9,4.11,3.89,4.11
2008-11-11,4.08,4.12,3.99,4.03
2008-11-12,4.02,4.15,3.97,4.13
2008-11-13,4.05,4.38,4.03,4.28
2008-11-14,4.29,4.44,4.21,4.42
2008-11-17,4.37,4.69,4.35,4.65
2008-11-18,4.67,4.87,4.25,4.31
2008-11-19,4.49,4.66,4.33,4.66
2008-11-20,4.69,4.89,4.69,4.77
2008-11-21,4.61,4.74,4.35,4.52
2008-11-24,4.55,4.59,4.26,4.28
2008-11-25,4.38,4.4,4.18,4.29
2008-11-26,4.29,4.37,4.25,4.29
2008-11-27,4.58,4.61,4.32,4.33
2008-11-28,4.3,4.34,4.16,4.19
2008-12-01,4.2,4.37,4.14,4.36
2008-12-02,4.25,4.5,4.22,4.45
2008-12-03,4.51,4.68,4.46,4.63
2008-12-04,4.67,4.82,4.58,4.6
2008-12-05,4.56,4.98,4.55,4.96
2008-12-08,5.1,5.37,5.08,5.28
2008-12-09,5.2,5.24,5.01,5.05
2008-12-10,5.0,5.23,4.98,5.16
2008-12-11,5.15,5.15,4.85,4.85
2008-12-12,4.85,4.99,4.68,4.75
2008-12-15,4.86,4.95,4.72,4.87
2008-12-16,4.8,4.91,4.63,4.9
2008-12-17,4.9,5.01,4.86,4.89
2008-12-19,4.94,5.04,4.93,4.97
2008-12-22,4.99,5.09,4.86,5.04
2008-12-23,5.03,5.06,4.6,4.62
2008-12-24,4.6,4.6,4.38,4.42
2008-12-25,4.45,4.49,4.3,4.36
2008-12-26,4.39,4.44,4.33,4.38
2008-12-29,4.38,4.39,4.15,4.3
2008-12-30,4.31,4.36,4.2,4.23
2008-12-31,4.25,4.26,4.13,4.14
2009-01-05,4.22,4.34,4.2,4.33
2009-01-06,4.32,4.48,4.28,4.48
2009-01-07,4.48,4.52,4.43,4.49
2009-01-08,4.41,4.42,4.28,4.38
2009-01-09,4.37,4.5,4.36,4.48
2009-01-12,4.47,4.68,4.37,4.55
2009-01-13,4.5,4.5,4.4,4.4
2009-01-14,4.41,4.59,4.38,4.56
2009-01-15,4.49,4.82,4.47,4.81
2009-01-16,4.84,4.93,4.78,4.8
2009-01-19,4.83,4.87,4.71,4.78
2009-01-20,4.76,4.81,4.68,4.77
2009-01-21,4.71,4.85,4.68,4.84
2009-01-22,4.85,4.94,4.82,4.88
2009-01-23,4.88,4.91,4.81,4.82
2009-02-02,4.83,5.02,4.81,4.98
2009-02-03,5.0,5.17,4.98,5.13
2009-02-04,5.19,5.42,5.13,5.41
2009-02-05,5.4,5.42,5.15,5.24
2009-02-06,5.26,5.61,5.26,5.59
2009-02-09,5.65,5.81,5.57,5.71
2009-02-10,5.83,6.05,5.83,6.0
2009-02-11,5.88,6.03,5.78,5.87
2009-02-12,5.85,5.99,5.62,5.91
2009-02-13,5.93,6.16,5.93,6.15
2009-02-16,6.19,6.22,6.0,6.17
2009-02-17,6.12,6.14,5.83,5.86
2009-02-18,5.71,5.84,5.48,5.49
2009-02-19,5.63,5.77,5.48,5.6
2009-02-20,5.62,5.74,5.55,5.73
2009-02-23,5.7,6.3,5.65,6.3
2009-02-24,6.87,6.93,6.7,6.93
2009-02-25,6.97,7.09,6.68,6.77
2009-02-26,6.73,7.15,6.11,6.2
2009-02-27,6.2,6.48,5.86,6.38
2009-03-02,6.2,6.89,6.1,6.49
2009-03-03,6.19,6.42,6.03,6.23
2009-03-04,6.27,6.85,6.27,6.76
2009-03-05,6.85,7.44,6.76,7.44
2009-03-06,7.34,7.81,7.05,7.21
2009-03-09,7.26,7.36,6.64,6.65
2009-03-10,6.62,7.05,6.56,7.0
2009-03-11,7.19,7.19,6.62,6.72
2009-03-12,6.63,6.9,6.46,6.75
2009-03-13,6.84,6.96,6.6,6.62
2009-03-16,6.6,6.69,6.27,6.55
2009-03-17,6.58,6.88,6.44,6.82
2009-03-18,6.82,7.05,6.78,6.87
2009-03-19,6.87,7.18,6.71,7.13
2009-03-20,7.15,7.15,6.8,6.87
2009-03-23,6.87,7.17,6.81,7.05
2009-03-24,7.13,7.44,7.03,7.24
2009-03-25,7.4,7.4,6.87,6.87
2009-03-26,6.89,7.01,6.65,6.98
2009-03-27,7.01,7.29,6.95,7.09
2009-03-30,7.11,7.44,7.02,7.32
2009-03-31,7.13,7.29,7.07,7.2
2009-04-01,7.3,7.92,7.3,7.87
2009-04-02,7.8,7.95,7.68,7.74
2009-04-03,7.75,8.06,7.71,7.76
2009-04-07,7.8,7.89,7.6,7.7
2009-04-08,7.64,7.95,7.46,7.48
2009-04-09,7.4,7.85,7.3,7.85
2009-04-10,7.88,8.64,7.8,8.35
2009-04-13,8.48,9.06,8.3,8.78
2009-04-14,8.78,9.03,8.51,8.88
2009-04-15,8.69,9.29,8.62,8.95
2009-04-16,9.0,9.35,8.5,8.75
2009-04-17,8.74,8.78,8.28,8.52
2009-04-20,8.51,8.92,8.48,8.83
2009-04-21,8.7,8.87,8.39,8.56
2009-04-22,8.6,8.79,8.04,8.07
2009-04-23,8.0,8.36,8.0,8.3
2009-04-24,8.3,8.41,8.15,8.23
2009-04-27,8.23,8.27,7.88,7.9
2009-04-28,7.83,8.08,7.82,8.03
2009-04-29,8.1,8.4,8.05,8.32
2009-04-30,8.36,8.6,8.2,8.41
2009-05-04,8.4,8.63,8.35,8.58
2009-05-05,8.62,8.69,8.45,8.59
2009-05-06,8.52,8.74,8.51,8.6
2009-05-07,8.75,8.97,8.59,8.82
2009-05-08,8.78,8.8,8.5,8.68
2009-05-11,8.68,8.7,8.01,8.05
2009-05-12,8.05,8.21,8.0,8.2
2009-05-13,8.2,8.26,8.1,8.19
2009-05-14,8.21,8.4,8.18,8.23
2009-05-18,8.25,8.3,8.0,8.21
2009-05-19,8.25,8.71,8.19,8.63
2009-05-20,8.66,8.77,8.48,8.63
2009-05-21,8.6,8.96,8.37,8.82
2009-05-22,8.78,9.5,8.71,9.18
2009-05-25,9.05,10.1,8.96,10.1
2009-05-26,10.1,11.11,10.06,10.91
2009-05-27,10.83,11.44,10.65,10.96
2009-06-01,11.09,11.37,10.81,11.18
2009-06-02,11.13,11.47,10.88,10.92
2009-06-03,10.85,11.51,10.71,11.36
2009-06-04,11.3,12.38,11.16,11.99
2009-06-05,11.91,12.38,11.75,11.99
2009-06-08,11.71,12.18,11.25,11.38
2009-06-09,11.3,12.16,10.96,12.03
2009-06-10,11.97,12.5,11.78,11.95
2009-06-11,11.9,12.12,11.3,11.31
2009-06-12,11.3,11.48,10.9,11.1
2009-06-15,11.07,11.45,10.89,11.28
2009-06-16,11.25,11.52,11.09,11.3
2009-06-17,11.21,11.5,11.14,11.38
2009-06-18,11.41,11.94,11.32,11.85
2009-06-19,11.79,11.8,11.19,11.27
2009-06-22,11.29,11.38,11.0,11.12
2009-06-23,11.08,11.24,10.99,11.1
2009-06-24,11.05,11.12,10.8,11.01
2009-06-25,11.08,11.49,10.85,11.29
2009-06-26,11.2,11.43,10.95,11.24
2009-06-29,11.24,11.34,11.05,11.17
2009-06-30,11.2,11.23,10.95,11.2
2009-07-01,11.19,11.75,11.1,11.62
2009-07-02,11.66,11.67,11.26,11.35
2009-07-03,11.31,11.33,11.0,11.0
2009-07-06,10.9,11.02,10.39,10.75
2009-07-07,10.66,10.89,10.49,10.74
2009-07-08,10.65,10.85,10.6,10.74
2009-07-09,10.74,11.27,10.73,11.15
2009-07-10,11.25,11.97,11.19,11.65
2009-07-13,12.05,12.82,11.95,12.82
2009-07-14,13.12,13.2,12.68,12.88
2009-07-15,12.89,13.27,12.62,12.99
2009-07-16,12.9,13.0,12.41,12.5
2009-07-17,12.51,12.76,12.21,12.68
2009-07-20,12.73,12.88,12.5,12.7
2009-07-21,12.7,13.97,12.7,13.65
2009-07-23,13.92,13.97,13.03,13.28
2009-07-24,13.3,13.39,12.9,13.04
2009-07-27,13.04,13.46,12.91,13.29
2009-07-28,13.35,13.38,12.7,12.97
2009-07-29,13.01,13.02,11.67,12.2
2009-07-30,12.2,12.55,11.98,12.37
2009-07-31,12.3,12.65,12.3,12.52
2009-08-03,12.62,13.19,12.33,13.07
2009-08-04,13.1,13.36,12.84,13.2
2009-08-05,13.2,13.33,12.89,13.07
2009-08-06,13.0,13.7,12.71,13.36
2009-08-07,13.25,13.8,12.81,12.93
2009-08-10,13.15,13.39,12.5,12.69
2009-08-11,12.71,12.95,12.58,12.78
2009-08-12,12.78,13.08,12.51,12.67
2009-08-13,12.6,12.75,12.26,12.7
2009-08-14,12.75,12.75,11.78,11.83
2009-08-17,11.68,11.68,10.65,10.65
2009-08-18,10.6,10.78,9.93,10.7
2009-08-19,10.72,10.97,10.28,10.45
2009-08-20,10.45,10.79,10.4,10.72
2009-08-21,10.7,11.16,10.6,11.06
2009-08-24,11.0,11.46,10.96,11.33
2009-08-25,11.34,11.34,10.68,10.82
2009-08-26,10.7,11.65,10.63,11.55
2009-08-27,11.55,11.76,11.3,11.53
2009-08-28,11.49,11.77,11.3,11.33
2009-08-31,11.08,11.26,10.2,10.45
2009-09-01,10.31,10.62,10.2,10.45
2009-09-02,10.47,10.55,10.22,10.49
2009-09-03,10.48,11.26,10.48,11.18
2009-09-04,11.1,11.45,11.01,11.35
2009-09-07,11.36,11.89,11.34,11.71
2009-09-08,11.64,11.9,11.46,11.64
2009-09-09,11.58,11.75,11.31,11.49
2009-09-10,11.32,11.9,11.32,11.55
2009-09-11,11.52,11.9,11.48,11.66
2009-09-14,11.63,12.16,11.6,11.97
2009-09-15,12.08,12.16,11.8,12.09
2009-09-16,12.08,12.49,11.93,12.4
2009-09-17,12.46,13.64,12.32,13.22
2009-09-18,13.0,13.15,12.0,12.28
2009-09-21,12.24,13.15,11.82,12.99
2009-09-22,12.8,13.22,12.31,12.4
2009-09-23,12.39,12.4,11.72,11.8
2009-09-24,11.71,11.88,11.1,11.24
2009-09-25,11.25,11.46,11.15,11.21
2009-09-28,11.22,11.5,10.77,10.98
2009-09-29,11.0,11.33,10.86,11.22
2009-10-09,11.48,11.7,11.22,11.65
2009-10-12,11.6,12.15,11.45,11.97
2009-10-13,11.91,12.05,11.71,12.0
2009-10-14,12.01,12.25,11.79,11.88
2009-10-15,12.01,12.33,11.91,12.27
2009-10-16,12.27,12.32,11.85,12.0
2009-10-19,12.0,12.3,11.98,12.3
2009-10-20,12.3,12.46,12.2,12.34
2009-10-21,12.28,12.8,12.21,12.44
2009-10-22,12.35,12.49,12.09,12.37
2009-10-23,12.37,12.58,12.24,12.35
2009-10-26,12.26,12.45,12.02,12.08
2009-10-27,12.08,12.17,11.92,12.0
2009-10-28,12.0,12.16,11.92,12.15
2009-10-29,12.0,12.15,11.9,12.13
2009-10-30,12.28,12.45,12.06,12.22
2009-11-02,12.01,12.91,11.83,12.76
2009-11-03,12.82,13.25,12.59,13.11
2009-11-04,13.32,14.0,13.32,13.7
2009-11-05,13.62,13.9,13.33,13.81
2009-11-06,13.79,13.81,13.5,13.72
2009-11-10,14.08,14.22,13.3,13.3
2009-11-11,13.3,13.53,13.08,13.4
2009-11-12,13.5,13.55,13.27,13.45
2009-11-13,13.4,13.7,13.28,13.6
2009-11-16,13.8,13.93,13.65,13.74
2009-11-17,13.8,13.84,13.2,13.42
2009-11-18,13.39,13.39,13.0,13.18
2009-11-19,13.24,13.59,13.24,13.58
2009-11-20,13.65,14.5,13.48,14.4
2009-11-23,14.61,14.65,14.16,14.34
2009-11-24,14.34,14.45,13.21,13.48
2009-11-25,13.54,13.88,13.4,13.82
2009-11-26,13.8,14.58,13.5,13.78
2009-11-27,13.4,13.82,12.96,13.2
2009-11-30,13.25,13.52,13.15,13.46
2009-12-01,13.41,14.0,13.3,13.75
2009-12-02,13.8,13.85,13.49,13.59
2009-12-03,13.6,13.6,13.28,13.4
2009-12-04,13.4,13.96,13.05,13.35
2009-12-07,13.4,13.56,13.12,13.4
2009-12-08,13.41,14.02,13.19,13.9
2009-12-09,13.56,13.81,13.32,13.52
2009-12-10,13.47,13.62,13.13,13.26
2009-12-11,13.31,13.37,12.97,13.14
2009-12-14,13.14,13.25,12.31,12.85
2009-12-15,12.85,12.97,12.68,12.82
2009-12-16,12.87,12.97,12.48,12.54
2009-12-17,12.55,12.73,12.18,12.38
2009-12-18,12.3,12.37,11.18,11.69
2009-12-21,11.7,11.96,11.65,11.88
2009-12-22,11.91,12.08,11.48,11.55
2009-12-23,11.57,12.12,11.57,12.04
2009-12-24,12.08,12.62,12.01,12.48
2009-12-25,12.45,13.15,12.34,13.0
2009-12-29,13.2,13.21,12.5,12.82
2009-12-30,12.8,12.82,12.36,12.36
2009-12-31,12.4,12.9,12.38,12.89
2010-01-04,13.03,13.17,12.85,13.1
2010-01-05,13.06,13.7,12.95,13.4
2010-01-06,13.4,13.86,13.31,13.31
2010-01-07,13.34,13.75,13.21,13.48
2010-01-08,13.5,13.62,13.1,13.46
2010-01-11,13.53,13.97,13.27,13.95
2010-01-12,13.86,14.3,13.81,14.19
2010-01-13,13.82,14.62,13.78,14.1
2010-01-14,14.17,14.8,14.02,14.61
2010-01-15,14.98,15.25,14.52,14.74
2010-01-18,14.74,14.85,14.33,14.67
2010-01-19,14.56,14.65,14.2,14.21
2010-01-20,14.29,14.52,13.5,13.57
2010-01-21,13.59,13.72,13.25,13.66
2010-01-22,13.45,13.55,12.58,12.98
2010-01-25,12.9,13.43,12.9,13.0
2010-01-26,12.98,13.15,12.13,12.3
2010-01-27,12.31,12.8,12.3,12.42
2010-01-28,12.42,12.92,12.39,12.8
2010-01-29,12.76,13.2,12.63,13.04
2010-02-01,12.98,12.98,12.2,12.4
2010-02-02,12.46,12.65,12.16,12.2
2010-02-03,12.31,12.35,11.67,12.33
2010-02-04,12.27,12.55,12.01,12.45
2010-02-05,12.0,12.5,11.81,12.23
2010-02-08,12.14,12.42,12.1,12.32
2010-02-09,12.33,12.51,12.2,12.39
2010-02-10,12.5,12.53,12.28,12.44
2010-02-11,12.47,12.59,12.38,12.55
2010-02-12,12.59,12.71,12.51,12.56
2010-02-22,12.5,12.69,12.48,12.5
2010-02-23,12.5,12.68,12.13,12.68
2010-02-24,12.61,13.03,12.46,12.98
2010-02-25,13.01,13.14,12.88,13.0
2010-02-26,13.0,13.29,12.88,13.05
2010-03-01,13.05,13.32,13.0,13.11
2010-03-02,13.14,14.23,13.11,14.0
2010-03-03,13.91,14.44,13.75,14.22
2010-03-04,14.2,14.38,13.26,13.65
2010-03-05,13.65,13.87,13.1,13.7
2010-03-08,13.8,14.06,13.58,13.9
2010-03-09,13.95,14.05,13.69,13.92
2010-03-10,13.82,13.92,13.26,13.43
2010-03-11,13.42,13.49,13.02,13.31
2010-03-12,13.35,13.45,13.1,13.32
2010-03-15,13.28,13.3,12.84,13.12
2010-03-16,13.06,13.68,13.0,13.56
2010-03-17,13.5,14.05,13.48,13.96
2010-03-18,14.05,14.1,13.75,13.8
2010-03-19,13.9,14.37,13.84,14.24
2010-03-22,14.28,14.4,14.04,14.35
2010-03-23,14.35,14.44,14.15,14.36
2010-03-24,14.35,14.98,14.3,14.49
2010-03-25,14.4,14.47,13.86,14.12
2010-03-26,14.11,14.49,13.87,14.45
2010-03-29,14.46,14.57,14.15,14.2
2010-03-30,14.1,14.28,14.08,14.13
2010-03-31,14.13,14.56,14.02,14.34
2010-04-01,14.35,15.16,14.35,14.89
2010-04-02,14.91,15.08,14.7,14.88
2010-04-06,14.89,15.0,14.54,14.6
2010-04-07,14.6,15.16,14.33,15.16
2010-04-08,15.05,15.63,14.98,15.35
2010-04-09,15.36,15.49,15.1,15.4
2010-04-12,15.41,15.88,15.38,15.74
2010-04-13,15.74,16.24,15.03,15.6
2010-04-14,16.02,16.16,15.2,15.49
2010-04-15,15.35,15.4,14.85,14.9
2010-04-16,14.96,15.36,14.82,14.99
2010-04-19,14.88,15.2,14.17,14.26
2010-04-20,14.46,14.81,14.18,14.81
2010-04-21,14.81,15.64,14.71,15.45
2010-04-22,15.4,15.8,15.3,15.54
2010-04-23,15.6,15.79,14.84,14.96
2010-04-26,15.15,15.42,14.94,15.0
2010-04-27,14.96,14.97,14.3,14.63
2010-04-28,14.5,14.83,14.3,14.51
2010-04-29,14.75,15.29,14.7,14.8
2010-04-30,14.87,15.06,14.25,14.78
2010-05-04,14.51,15.29,14.41,15.23
2010-05-05,15.01,15.49,14.69,15.47
2010-05-06,15.52,15.75,15.06,15.08
2010-05-07,14.53,15.05,13.7,13.91
2010-05-10,13.88,14.01,13.0,13.12
2010-05-11,13.55,13.58,12.67,12.84
2010-05-12,12.79,13.15,12.7,12.88
2010-05-13,13.06,13.42,12.8,13.3
2010-05-17,13.13,13.2,12.5,12.5
2010-05-18,12.51,13.0,12.2,12.93
2010-05-19,12.79,13.48,12.73,13.22
2010-05-20,13.11,13.57,13.1,13.15
2010-05-21,12.75,13.59,12.63,13.52
2010-05-24,13.64,14.12,13.64,13.97
2010-05-25,13.81,14.58,13.81,14.45
2010-05-26,14.5,15.03,14.39,14.76
2010-05-27,14.77,15.0,14.51,14.88
2010-05-28,15.1,15.53,14.96,15.43
2010-05-31,15.57,15.92,15.36,15.36
2010-06-01,15.22,15.53,14.82,15.37
2010-06-02,15.2,15.5,14.81,15.33
2010-06-03,15.53,16.86,15.33,16.4
2010-06-04,16.3,16.85,16.11,16.49
2010-06-07,16.1,16.5,14.85,15.16
2010-06-08,14.95,15.82,14.9,15.8
2010-06-09,15.83,15.93,15.45,15.7
2010-06-10,10.33,11.36,10.27,11.18
2010-06-11,11.1,11.1,10.68,10.77
2010-06-17,10.85,10.96,10.25,10.28
2010-06-18,10.26,10.49,9.86,10.35
2010-06-21,10.05,10.65,10.05,10.45
2010-06-22,10.43,10.96,10.42,10.89
2010-06-23,10.88,11.18,10.74,11.0
2010-06-24,11.0,11.07,10.73,11.07
2010-06-25,11.03,11.08,10.76,10.83
2010-06-28,10.84,10.84,10.38,10.4
2010-06-29,10.38,10.56,10.01,10.38
2010-06-30,10.25,10.6,10.18,10.59
2010-07-01,10.4,11.1,10.38,10.76
2010-07-02,10.7,10.85,10.1,10.49
2010-07-05,10.3,10.57,10.2,10.36
2010-07-06,10.37,10.8,10.31,10.56
2010-07-07,10.57,11.21,10.25,11.21
2010-07-08,11.1,11.39,10.92,11.16
2010-07-09,11.1,11.37,10.04,11.0
2010-07-12,10.98,11.33,10.86,11.3
2010-07-13,11.33,11.6,11.0,11.22
2010-07-14,11.23,11.28,11.01,11.08
2010-07-15,11.05,11.05,10.39,10.44
2010-07-16,10.32,10.62,10.21,10.59
2010-07-19,10.46,10.68,10.35,10.62
2010-07-20,10.6,10.88,10.51,10.85
2010-07-21,10.92,11.27,10.8,10.96
2010-07-22,10.91,11.19,10.82,11.12
2010-07-23,11.19,11.92,11.0,11.64
2010-07-26,11.65,11.85,11.48,11.72
2010-07-27,11.73,11.74,11.51,11.55
2010-07-28,11.56,11.92,11.4,11.78
2010-07-29,11.74,12.18,11.69,11.91
2010-07-30,11.88,11.9,11.52,11.8
2010-08-02,11.73,12.02,11.72,11.88
2010-08-03,11.9,11.99,11.6,11.6
2010-08-04,11.59,11.72,11.32,11.6
2010-08-05,11.61,11.88,11.58,11.7
2010-08-06,11.67,12.55,11.62,12.5
2010-08-09,12.48,13.09,12.38,12.86
2010-08-10,12.86,13.22,12.47,12.85
2010-08-11,12.8,13.26,12.55,12.99
2010-08-12,12.93,13.41,12.66,13.1
2010-08-13,13.14,13.36,12.8,13.05
2010-08-16,13.0,13.42,12.82,13.24
2010-08-17,13.25,13.44,12.9,12.98
2010-08-18,12.98,13.09,12.55,12.72
2010-08-20,12.78,12.89,12.35,12.45
2010-08-23,12.4,12.7,12.4,12.57
2010-08-24,12.63,13.09,12.5,12.97
2010-08-25,12.88,13.03,12.5,12.53
2010-08-26,12.5,12.67,12.24,12.42
2010-08-27,12.41,12.75,12.4,12.7
2010-08-30,12.75,13.08,12.75,13.01
2010-08-31,13.01,13.03,12.77,12.96
2010-09-01,12.9,13.1,12.48,12.64
2010-09-02,12.75,13.79,12.75,13.58
2010-09-03,13.58,14.09,13.53,13.69
2010-09-06,13.83,13.93,13.45,13.6
2010-09-07,13.59,14.58,13.59,14.36
2010-09-08,14.29,14.62,14.07,14.37
2010-09-09,14.37,15.0,14.15,14.68
2010-09-10,14.65,15.23,14.35,14.49
2010-09-13,14.53,15.33,14.53,15.09
2010-09-14,15.15,15.5,15.0,15.25
2010-09-15,15.06,15.55,14.74,14.74
2010-09-16,14.65,14.92,13.99,14.59
2010-09-17,14.6,15.43,14.3,15.08
2010-09-20,14.98,15.08,14.4,14.52
2010-09-21,14.54,14.69,13.9,14.6
2010-09-27,14.56,14.65,14.16,14.5
2010-09-28,14.46,15.95,14.17,15.83
2010-09-29,15.65,15.89,15.35,15.38
2010-09-30,15.1,15.7,15.05,15.62
2010-10-08,15.69,15.7,14.9,15.3
2010-10-11,15.25,15.25,13.97,14.25
2010-10-12,14.1,14.46,14.0,14.16
2010-10-13,14.25,14.32,13.3,13.81
2010-10-14,13.77,13.77,13.2,13.23
2010-10-15,13.4,13.6,13.24,13.48
2010-10-18,13.52,13.59,12.6,12.77
2010-10-19,12.76,13.47,12.71,13.36
2010-10-20,13.08,13.69,13.0,13.5
2010-10-21,13.56,13.6,13.3,13.53
2010-10-22,13.5,13.96,13.45,13.9
2010-10-25,13.99,14.29,13.8,13.98
2010-10-26,14.12,14.16,13.57,13.75
2010-10-27,13.7,14.11,13.51,13.73
2010-10-28,13.7,13.87,13.51,13.66
2010-10-29,13.7,13.77,13.32,13.44
2010-11-01,13.51,14.38,13.51,14.32
2010-11-02,14.4,14.8,14.23,14.23
2010-11-03,14.15,14.15,13.6,13.66
2010-11-04,13.66,14.55,13.6,14.41
2010-11-05,14.45,15.38,14.28,14.75
2010-11-08,14.8,14.94,14.4,14.65
2010-11-09,14.68,14.73,14.31,14.52
2010-11-10,14.49,14.94,14.37,14.61
2010-11-11,14.59,14.78,14.28,14.38
2010-11-12,14.26,14.28,12.94,12.95
2010-11-15,12.94,13.2,12.92,13.12
2010-11-16,13.25,13.25,12.0,12.2
2010-11-17,12.24,12.35,11.82,11.85
2010-11-18,12.0,12.24,11.88,12.16
2010-11-19,12.11,12.78,12.11,12.7
2010-11-22,12.6,13.72,12.5,13.42
2010-11-23,13.38,13.38,12.6,12.94
2010-11-24,12.78,13.21,12.74,13.13
2010-11-25,13.28,13.45,13.1,13.15
2010-11-26,13.16,13.28,12.8,12.98
2010-11-29,13.22,13.4,12.98,13.36
2010-11-30,13.3,13.34,12.48,12.85
2010-12-01,12.8,12.93,12.6,12.78
2010-12-02,13.0,13.0,12.73,12.73
2010-12-03,12.74,12.99,12.67,12.83
2010-12-06,12.82,12.95,12.2,12.32
2010-12-08,12.52,12.58,12.25,12.31
2010-12-09,12.22,13.22,11.91,12.77
2010-12-10,12.55,13.06,12.37,12.76
2010-12-13,12.86,13.4,12.77,13.18
2010-12-14,13.2,13.4,13.08,13.29
2010-12-15,13.37,13.47,13.13,13.16
2010-12-16,13.16,13.22,13.01,13.04
2010-12-17,13.04,13.15,13.0,13.03
2010-12-20,13.15,13.3,12.66,12.92
2010-12-21,12.85,12.99,12.82,12.93
2010-12-22,12.98,12.98,12.71,12.74
2010-12-23,12.75,12.82,12.39,12.41
2010-12-24,12.4,12.4,12.1,12.18
2010-12-27,12.27,12.34,11.6,11.63
2010-12-28,11.65,11.75,11.18,11.18
2010-12-29,11.2,11.45,11.2,11.43
2010-12-30,11.45,11.51,11.3,11.44
2010-12-31,11.51,11.77,11.46,11.74
2011-01-04,11.78,11.89,11.64,11.83
2011-01-05,11.83,11.84,11.67,11.83
2011-01-06,11.9,12.3,11.84,11.91
2011-01-07,11.91,11.95,11.69,11.74
2011-01-10,11.67,11.72,11.16,11.21
2011-01-11,11.22,11.27,10.75,10.9
2011-01-12,10.99,11.03,10.79,10.98
2011-01-13,11.15,11.2,11.03,11.08
2011-01-14,11.1,11.21,10.7,11.21
2011-01-17,11.1,11.14,10.4,10.54
2011-01-19,10.5,10.76,10.42,10.68
2011-01-20,10.68,10.68,10.17,10.17
2011-01-21,10.17,10.3,9.98,10.19
2011-01-24,10.19,10.43,10.12,10.33
2011-01-25,10.33,10.41,10.21,10.27
2011-01-26,10.27,10.47,10.27,10.4
2011-01-27,10.3,10.56,10.26,10.54
2011-01-28,10.59,10.77,10.57,10.62
2011-01-31,10.62,10.73,10.42,10.71
2011-02-01,10.7,10.8,10.64,10.72
2011-02-09,10.65,10.73,10.48,10.51
2011-02-10,10.52,10.78,10.51,10.77
2011-02-11,10.77,10.97,10.73,10.88
2011-02-14,10.88,11.32,10.88,11.26
2011-02-15,11.3,11.48,11.22,11.23
2011-02-16,11.35,11.52,11.21,11.46
2011-02-17,11.49,11.9,11.49,11.75
2011-02-18,11.66,11.9,11.48,11.58
2011-02-21,11.5,11.87,11.4,11.78
2011-02-22,11.81,11.84,11.34,11.42
2011-02-23,11.41,11.6,11.37,11.52
2011-02-24,11.45,11.53,11.37,11.44
2011-02-25,11.49,11.56,11.37,11.53
2011-02-28,11.51,11.84,11.43,11.83
2011-03-01,11.82,11.91,11.71,11.8
2011-03-02,11.76,11.77,11.4,11.6
2011-03-03,11.7,11.84,11.32,11.32
2011-03-04,11.4,11.5,11.17,11.42
2011-03-07,11.43,11.56,11.4,11.48
2011-03-08,11.5,11.74,11.5,11.7
2011-03-09,11.76,11.89,11.63,11.8
2011-03-10,11.79,11.96,11.71,11.9
2011-03-11,11.89,12.2,11.7,11.98
2011-03-14,12.22,12.5,11.92,12.0
2011-03-15,11.99,11.99,11.38,11.6
2011-03-16,11.59,11.83,11.57,11.71
2011-03-17,11.6,11.6,11.38,11.42
2011-03-18,11.55,11.58,11.31,11.33
2011-03-21,11.37,11.4,11.08,11.11
2011-03-22,11.15,11.18,10.8,11.03
2011-03-23,11.06,11.17,10.93,11.16
2011-03-24,11.16,11.28,11.11,11.12
2011-03-25,11.14,11.35,11.13,11.25
2011-03-28,11.3,11.35,11.14,11.17
2011-03-29,11.18,11.23,10.9,10.97
2011-03-30,11.0,11.11,10.8,11.03
2011-03-31,10.99,10.99,10.67,10.7
2011-04-01,10.7,10.75,10.56,10.65
2011-04-06,10.58,10.58,10.29,10.43
2011-04-07,10.46,10.56,10.39,10.55
2011-04-08,10.55,10.74,10.53,10.73
2011-04-11,10.75,10.81,10.63,10.69
2011-04-12,10.69,10.88,10.67,10.68
2011-04-13,10.68,10.77,10.57,10.77
2011-04-14,10.78,10.79,10.65,10.69
2011-04-15,10.7,10.82,10.65,10.78
2011-04-18,10.75,10.8,10.62,10.79
2011-04-19,10.7,10.72,10.6,10.6
2011-04-20,10.65,10.85,10.6,10.8
2011-04-22,10.76,10.78,10.59,10.62
2011-04-25,10.58,10.58,10.26,10.27
2011-04-26,10.31,10.44,10.26,10.29
2011-04-27,10.3,10.37,10.02,10.09
2011-04-28,10.09,10.16,9.95,9.95
2011-04-29,10.0,10.1,10.0,10.09
2011-05-03,10.04,10.04,9.68,9.88
2011-05-04,9.8,9.8,9.47,9.5
2011-05-05,9.48,9.57,9.45,9.53
2011-05-06,9.5,9.69,9.48,9.62
2011-05-09,9.64,9.76,9.62,9.65
2011-05-10,9.65,9.65,9.43,9.52
2011-05-11,9.56,9.56,9.37,9.44
2011-05-12,9.4,9.53,9.3,9.33
2011-05-13,9.33,9.51,9.3,9.51
2011-05-16,9.49,9.55,9.46,9.48
2011-05-17,9.48,9.67,9.48,9.6
2011-05-18,9.61,9.65,9.56,9.61
2011-05-19,9.6,9.65,9.43,9.46
2011-05-20,9.45,9.48,9.32,9.35
2011-05-23,9.35,9.36,8.88,8.89
2011-05-24,8.89,8.94,8.62,8.81
2011-05-25,8.75,8.84,8.65,8.66
2011-05-26,8.67,8.79,8.63,8.63
2011-05-27,8.62,8.71,8.55,8.56
2011-05-30,8.5,8.65,8.48,8.53
2011-05-31,8.53,8.7,8.52,8.69
2011-06-01,8.68,8.72,8.62,8.69
2011-06-02,8.61,8.61,8.35,8.59
2011-06-03,8.5,8.78,8.4,8.75
2011-06-07,8.7,8.8,8.67,8.75
2011-06-08,8.75,8.75,8.55,8.68
2011-06-09,8.63,8.68,8.41,8.42
2011-06-10,8.41,8.45,8.31,8.42
2011-06-13,8.36,8.45,8.23,8.39
2011-06-14,8.36,8.49,8.33,8.45
2011-06-15,8.45,8.67,8.42,8.49
2011-06-16,8.4,8.48,8.24,8.3
2011-06-17,8.28,8.37,8.25,8.26
2011-06-20,8.18,8.18,7.79,7.8
2011-06-21,7.81,7.94,7.71,7.88
2011-06-22,7.93,7.93,7.79,7.88
2011-06-23,8.0,8.04,7.81,8.03
2011-06-24,8.02,8.32,8.0,8.28
2011-06-27,8.25,8.35,8.23,8.28
2011-06-28,8.25,8.35,8.22,8.31
2011-06-29,8.31,8.32,8.15,8.2
2011-06-30,8.2,8.3,8.16,8.28
2011-07-01,8.3,8.33,8.21,8.24
2011-07-04,8.26,8.52,8.25,8.47
2011-07-05,8.48,8.56,8.39,8.53
2011-07-06,8.51,8.69,8.42,8.65
2011-07-07,8.65,8.67,8.51,8.57
2011-07-08,8.57,8.62,8.46,8.5
2011-07-11,8.48,8.52,8.4,8.48
2011-07-12,8.46,8.46,8.31,8.34
2011-07-13,8.33,8.53,8.31,8.51
2011-07-14,8.5,8.63,8.45,8.62
2011-07-15,8.6,8.63,8.49,8.62
2011-07-18,8.64,8.75,8.57,8.75
2011-07-19,8.71,8.71,8.56,8.57
2011-07-20,8.63,8.68,8.55,8.62
2011-07-21,8.61,8.79,8.52,8.68
2011-07-22,8.75,9.05,8.74,8.98
2011-07-25,8.91,9.03,8.63,8.69
2011-07-26,8.71,9.18,8.69,9.18
2011-07-27,9.1,9.24,9.02,9.15
2011-07-28,9.09,9.11,8.85,9.03
2011-07-29,8.96,9.03,8.7,8.79
2011-08-01,8.73,8.9,8.71,8.86
2011-08-02,8.79,8.8,8.36,8.41
2011-08-03,8.34,8.35,8.19,8.24
2011-08-04,8.25,8.37,8.25,8.29
2011-08-05,8.05,8.11,7.93,8.04
2011-08-08,7.8,8.04,7.3,7.42
2011-08-09,7.29,7.34,6.81,7.26
2011-08-10,7.41,7.48,7.28,7.29
2011-08-11,7.16,7.37,7.02,7.36
2011-08-12,7.45,7.66,7.4,7.46
2011-08-15,7.46,7.61,7.46,7.6
2011-08-16,7.61,7.64,7.5,7.54
2011-08-17,7.51,7.58,7.4,7.41
2011-08-18,7.41,7.45,7.32,7.32
2011-08-19,7.2,7.28,7.1,7.28
2011-08-22,7.3,7.39,7.19,7.21
2011-08-23,7.25,7.35,7.23,7.34
2011-08-24,7.4,7.45,7.3,7.31
2011-08-25,7.35,7.55,7.31,7.53
2011-08-26,7.52,7.64,7.46,7.62
2011-08-30,7.55,7.67,7.41,7.42
2011-08-31,7.37,7.39,7.15,7.3
2011-09-01,7.32,7.39,7.21,7.21
2011-09-02,7.24,7.27,7.14,7.16
2011-09-05,7.15,7.16,6.97,7.14
2011-09-06,7.07,7.14,6.95,7.14
2011-09-07,7.13,7.23,7.07,7.21
2011-09-08,7.22,7.26,7.05,7.05
2011-09-09,7.1,7.16,6.95,6.97
2011-09-13,6.88,7.01,6.73,7.01
2011-09-14,6.9,7.01,6.8,7.01
2011-09-15,6.98,7.02,6.93,6.96
2011-09-16,7.02,7.02,6.9,7.0
2011-09-19,6.93,6.99,6.8,6.99
2011-09-20,6.92,6.98,6.83,6.98
2011-09-21,6.96,7.18,6.9,7.17
2011-09-22,7.08,7.15,6.92,6.99
2011-09-23,6.8,6.98,6.75,6.98
2011-09-26,6.91,6.97,6.84,6.96
2011-09-27,6.95,6.98,6.89,6.98
2011-09-28,7.0,7.0,6.81,6.86
2011-09-29,6.81,6.81,6.53,6.72
2011-09-30,6.7,6.7,6.6,6.67
2011-10-10,6.67,6.74,6.6,6.63
2011-10-11,6.75,6.88,6.56,6.65
2011-10-12,6.59,6.85,6.56,6.84
2011-10-13,6.83,6.89,6.79,6.85
2011-10-14,6.83,6.85,6.72,6.8
2011-10-17,6.76,6.86,6.65,6.72
2011-10-18,6.7,6.81,6.57,6.69
2011-10-19,6.62,6.67,6.56,6.59
2011-10-20,6.55,6.56,6.24,6.29
2011-10-21,6.33,6.33,6.13,6.16
2011-10-24,6.25,6.28,6.15,6.26
2011-10-25,6.28,6.58,6.2,6.57
2011-10-26,6.85,7.18,6.83,6.87
2011-10-27,6.88,6.95,6.72,6.79
2011-10-28,6.82,6.94,6.79,6.92
2011-10-31,7.03,7.1,6.84,6.95
2011-11-01,6.87,6.9,6.71,6.84
2011-11-02,6.69,7.2,6.67,7.15
2011-11-03,7.3,7.87,7.28,7.87
2011-11-04,8.12,8.12,7.7,7.77
2011-11-07,7.75,7.77,7.51,7.57
2011-11-08,7.63,7.88,7.56,7.62
2011-11-09,7.67,7.79,7.36,7.76
2011-11-10,7.63,7.68,7.46,7.5
2011-11-11,7.53,7.58,7.38,7.42
2011-11-14,7.5,7.62,7.45,7.6
2011-11-15,7.55,7.65,7.45,7.64
2011-11-16,7.61,7.97,7.5,7.51
2011-11-17,7.5,7.55,7.34,7.34
2011-11-18,7.27,7.44,7.11,7.15
2011-11-21,7.19,7.25,7.13,7.24
2011-11-22,7.12,7.22,6.92,7.05
2011-11-23,7.09,7.1,6.82,6.84
2011-11-24,6.74,6.94,6.68,6.89
2011-11-25,6.89,6.94,6.61,6.65
2011-11-28,6.69,6.72,6.56,6.65
2011-11-29,6.73,6.81,6.63,6.8
2011-11-30,6.75,6.79,6.28,6.38
2011-12-01,6.61,6.69,6.48,6.49
2011-12-02,6.49,6.49,6.26,6.28
2011-12-05,6.25,6.32,6.21,6.22
2011-12-07,6.23,6.3,6.21,6.27
2011-12-08,6.27,6.33,6.05,6.3
2011-12-09,6.24,6.35,6.17,6.22
2011-12-12,6.23,6.25,6.15,6.16
2011-12-13,6.15,6.15,5.91,5.94
2011-12-14,5.95,6.0,5.75,5.82
2011-12-15,5.8,5.8,5.48,5.58
2011-12-16,5.52,5.72,5.5,5.71
2011-12-19,5.68,5.68,5.38,5.61
2011-12-20,5.57,5.65,5.5,5.58
2011-12-21,5.63,5.66,5.37,5.37
2011-12-22,5.35,5.35,5.01,5.18
2011-12-23,5.15,5.32,5.15,5.22
2011-12-26,5.23,5.33,5.17,5.17
2011-12-27,5.17,5.2,5.02,5.05
2011-12-28,5.05,5.08,4.95,5.06
2011-12-29,5.02,5.1,5.02,5.03
2011-12-30,5.06,5.16,5.06,5.13
2012-01-04,5.17,5.2,4.96,5.07
2012-01-05,5.04,5.04,4.89,4.91
2012-01-06,4.93,5.01,4.89,5.0
2012-01-09,5.01,5.23,4.95,5.21
2012-01-10,5.2,5.45,5.18,5.43
2012-01-11,5.4,5.63,5.37,5.49
2012-01-12,5.48,5.54,5.36,5.44
2012-01-13,5.45,5.46,5.21,5.23
2012-01-16,5.18,5.2,5.06,5.06
2012-01-17,5.06,5.41,5.05,5.38
2012-01-18,5.42,5.45,5.29,5.38
2012-01-19,5.4,5.44,5.3,5.4
2012-01-20,5.44,5.48,5.4,5.47
2012-01-30,5.5,5.5,5.32,5.34
2012-01-31,5.36,5.39,5.27,5.38
2012-02-01,5.38,5.42,5.28,5.29
2012-02-02,5.3,5.39,5.28,5.39
2012-02-03,5.39,5.92,5.39,5.65
2012-02-06,5.66,5.68,5.55,5.63
2012-02-07,5.59,5.59,5.43,5.47
2012-02-08,5.46,5.75,5.44,5.67
2012-02-09,5.61,5.73,5.6,5.65
2012-02-10,5.63,5.79,5.63,5.71
2012-02-13,5.68,5.99,5.63,5.86
2012-02-14,5.82,6.05,5.82,5.92
2012-02-15,5.9,6.07,5.87,6.03
2012-02-16,6.03,6.12,5.98,6.08
2012-02-17,6.11,6.15,5.92,6.0
2012-02-20,6.1,6.15,6.01,6.02
2012-02-21,6.03,6.06,5.93,6.04
2012-02-22,6.05,6.16,6.02,6.14
2012-02-23,6.16,6.3,6.04,6.1
2012-02-24,6.1,6.16,6.04,6.14
2012-02-27,6.15,6.39,6.15,6.21
2012-02-28,6.21,6.32,6.14,6.28
2012-02-29,6.34,6.34,6.08,6.09
2012-03-01,6.07,6.34,6.03,6.26
2012-03-02,6.29,6.38,6.18,6.37
2012-03-05,6.38,6.47,6.31,6.33
2012-03-06,6.31,6.32,6.14,6.2
2012-03-07,6.13,6.25,6.09,6.13
2012-03-08,6.19,6.3,6.13,6.23
2012-03-09,6.32,6.38,6.24,6.34
2012-03-12,6.34,6.38,6.27,6.32
2012-03-13,6.3,6.43,6.3,6.43
2012-03-14,6.45,6.64,6.21,6.43
2012-03-15,6.39,6.44,6.15,6.36
2012-03-16,6.35,6.66,6.31,6.66
2012-03-19,6.62,6.67,6.47,6.6
2012-03-20,6.55,6.58,6.36,6.36
2012-03-21,6.36,6.44,6.18,6.34
2012-03-22,6.38,6.45,6.22,6.45
2012-03-23,6.4,6.42,6.15,6.3
2012-03-26,6.23,6.27,6.15,6.18
2012-03-27,6.2,6.24,6.04,6.14
2012-03-28,6.08,6.13,5.82,5.86
2012-03-29,5.86,5.91,5.49,5.61
2012-03-30,5.62,5.65,5.46,5.63
2012-04-05,5.56,5.75,5.56,5.72
2012-04-06,5.7,5.83,5.67,5.8
2012-04-09,5.76,5.88,5.58,5.65
2012-04-10,5.62,5.65,5.37,5.63
2012-04-11,5.61,5.7,5.56,5.69
2012-04-12,5.7,6.02,5.65,5.97
2012-04-13,6.03,6.14,5.89,6.04
2012-04-16,5.93,6.05,5.89,5.96
2012-04-17,5.96,6.12,5.93,5.96
2012-04-18,5.99,6.14,5.94,6.08
2012-04-19,6.06,6.09,6.0,6.04
2012-04-20,6.04,6.15,6.0,6.12
2012-04-24,6.0,6.21,5.82,6.1
2012-04-25,6.1,6.34,6.07,6.33
2012-04-26,6.35,6.54,6.21,6.31
2012-04-27,6.31,6.39,6.16,6.26
2012-05-02,6.29,6.35,6.24,6.3
2012-05-03,6.28,6.3,6.08,6.15
2012-05-04,6.14,6.22,6.12,6.19
2012-05-07,6.15,6.27,6.13,6.26
2012-05-08,6.26,6.37,6.18,6.34
2012-05-09,6.34,6.36,6.17,6.27
2012-05-10,6.24,6.26,6.18,6.19
2012-05-11,6.16,6.27,6.15,6.16
2012-05-14,6.2,6.22,6.07,6.07
2012-05-15,6.01,6.04,5.89,5.95
2012-05-16,5.95,5.99,5.85,5.85
2012-05-17,5.85,5.97,5.84,5.93
2012-05-18,5.91,5.94,5.83,5.83
2012-05-22,5.9,5.94,5.86,5.93
2012-05-23,5.9,5.97,5.85,5.93
2012-05-24,5.92,6.03,5.91,5.99
2012-05-25,6.01,6.02,5.85,5.86
2012-05-28,5.77,5.87,5.61,5.87
2012-05-29,5.87,5.99,5.85,5.95
2012-05-30,5.95,6.01,5.91,5.96
2012-05-31,5.96,6.06,5.9,6.02
2012-06-01,6.02,6.08,5.93,5.97
2012-06-04,5.87,5.88,5.67,5.69
2012-06-05,5.73,5.75,5.6,5.61
2012-06-06,5.6,5.67,5.51,5.56
2012-06-07,5.61,5.63,5.42,5.46
2012-06-08,5.5,5.52,5.38,5.39
2012-06-11,5.44,5.57,5.41,5.56
2012-06-12,5.51,5.58,5.48,5.53
2012-06-13,5.53,5.62,5.53,5.59
2012-06-14,5.6,5.79,5.57,5.7
2012-06-15,5.67,5.72,5.6,5.67
2012-06-18,5.66,5.74,5.66,5.68
2012-06-19,5.66,5.74,5.64,5.67
2012-06-20,5.7,5.78,5.67,5.72
2012-06-21,5.71,5.71,5.61,5.65
2012-06-25,5.5,5.59,5.42,5.42
2012-06-26,5.41,5.48,5.39,5.46
2012-06-27,5.46,5.49,5.42,5.42
2012-06-28,5.46,5.47,5.35,5.35
2012-06-29,5.35,5.39,5.28,5.38
2012-07-02,5.43,5.47,5.38,5.41
2012-07-03,5.43,5.48,5.4,5.41
2012-07-04,5.42,5.45,5.38,5.4
2012-07-05,5.38,5.38,5.24,5.24
2012-07-06,5.26,5.31,5.09,5.27
2012-07-09,5.24,5.29,5.1,5.1
2012-07-10,5.15,5.15,5.05,5.06
2012-07-11,5.04,5.13,5.01,5.08
2012-07-12,5.06,5.18,5.06,5.14
2012-07-13,5.11,5.17,5.08,5.1
2012-07-16,5.13,5.13,4.98,4.98
2012-07-17,4.98,5.08,4.98,5.06
2012-07-18,5.06,5.11,5.02,5.11
2012-07-19,5.11,5.24,5.09,5.16
2012-07-20,5.13,5.17,5.03,5.05
2012-07-23,4.98,5.17,4.96,5.15
2012-07-24,5.1,5.16,5.08,5.1
2012-07-25,5.07,5.11,5.04,5.05
2012-07-26,5.05,5.13,5.02,5.03
2012-07-27,5.04,5.1,5.03,5.05
2012-07-30,5.08,5.09,4.95,4.99
2012-07-31,5.01,5.02,4.96,4.98
2012-08-01,5.04,5.15,5.03,5.12
2012-08-02,5.12,5.14,5.05,5.07
2012-08-03,5.1,5.2,5.08,5.17
2012-08-06,5.15,5.22,5.12,5.2
2012-08-07,5.18,5.23,5.15,5.2
2012-08-08,5.22,5.22,5.15,5.18
2012-08-09,5.18,5.23,5.16,5.21
2012-08-10,5.22,5.3,5.19,5.21
2012-08-13,5.19,5.19,5.08,5.08
2012-08-14,5.08,5.21,5.08,5.19
2012-08-15,5.18,5.24,5.15,5.19
2012-08-16,5.18,5.25,5.18,5.22
2012-08-17,5.22,5.26,5.15,5.2
2012-08-20,5.15,5.21,5.14,5.16
2012-08-21,5.19,5.3,5.14,5.26
2012-08-22,5.25,5.27,5.19,5.2
2012-08-23,5.21,5.24,5.17,5.23
2012-08-24,5.18,5.24,5.08,5.1
2012-08-27,5.09,5.1,4.96,4.99
2012-08-28,4.98,5.04,4.98,5.0
2012-08-29,5.02,5.14,5.02,5.04
2012-08-30,5.11,5.11,4.93,4.98
2012-08-31,4.95,4.95,4.81,4.87
2012-09-03,4.82,4.92,4.82,4.9
2012-09-04,4.9,4.94,4.85,4.88
2012-09-05,4.88,5.03,4.83,4.95
2012-09-06,4.93,5.0,4.93,4.96
2012-09-07,4.98,5.18,4.98,5.13
2012-09-10,5.15,5.21,5.13,5.2
2012-09-11,5.2,5.21,5.14,5.17
2012-09-12,5.2,5.24,5.13,5.18
2012-09-13,5.2,5.2,5.11,5.11
2012-09-14,5.13,5.22,5.09,5.18
2012-09-17,5.17,5.18,4.98,5.01
2012-09-18,4.96,5.01,4.93,4.95
2012-09-19,4.97,5.28,4.95,5.08
2012-09-20,5.06,5.19,4.93,4.94
2012-09-21,4.93,4.96,4.84,4.89
2012-09-24,4.87,4.94,4.81,4.89
2012-09-25,4.88,4.95,4.85,4.87
2012-09-26,4.9,4.92,4.74,4.74
2012-09-27,4.79,4.95,4.73,4.91
2012-09-28,4.84,4.96,4.83,4.94
2012-10-08,4.92,4.97,4.85,4.88
2012-10-09,4.94,5.04,4.88,5.01
2012-10-10,5.0,5.1,4.97,5.08
2012-10-11,5.04,5.08,4.97,4.97
2012-10-12,5.01,5.07,4.96,5.0
2012-10-15,4.99,4.99,4.8,4.86
2012-10-16,4.87,4.91,4.83,4.84
2012-10-17,4.87,4.89,4.82,4.84
2012-10-18,4.87,4.95,4.84,4.93
2012-10-19,4.94,4.95,4.88,4.94
2012-10-22,4.91,4.96,4.88,4.92
2012-10-23,4.91,4.98,4.91,4.93
2012-10-24,4.93,5.01,4.9,5.0
2012-10-25,5.01,5.02,4.9,4.9
2012-10-26,4.9,4.94,4.75,4.76
2012-10-29,4.73,4.78,4.71,4.76
2012-10-30,4.77,4.8,4.73,4.76
2012-10-31,4.77,4.77,4.71,4.74
2012-11-01,4.76,4.84,4.75,4.82
2012-11-02,4.82,4.88,4.81,4.86
2012-11-05,4.88,4.88,4.8,4.82
2012-11-06,4.81,4.84,4.72,4.78
2012-11-07,4.79,4.84,4.75,4.78
2012-11-08,4.76,4.79,4.68,4.69
2012-11-09,4.68,4.74,4.66,4.71
2012-11-12,4.74,4.75,4.68,4.71
2012-11-13,4.71,4.71,4.54,4.56
2012-11-14,4.57,4.62,4.56,4.6
2012-11-15,4.6,4.63,4.5,4.5
2012-11-16,4.5,4.5,4.35,4.37
2012-11-19,4.37,4.43,4.3,4.4
2012-11-20,4.4,4.43,4.34,4.34
2012-11-21,4.37,4.42,4.35,4.42
2012-11-22,4.4,4.47,4.37,4.4
2012-11-23,4.45,4.46,4.4,4.41
2012-11-26,4.4,4.43,4.35,4.39
2012-11-27,4.37,4.4,4.3,4.3
2012-11-28,4.3,4.32,4.13,4.17
2012-11-29,4.16,4.22,4.12,4.12
2012-11-30,4.12,4.16,4.11,4.14
2012-12-03,4.14,4.15,3.98,3.98
2012-12-04,4.27,4.38,4.23,4.38
2012-12-05,4.63,4.63,4.35,4.56
2012-12-06,4.41,4.51,4.35,4.4
2012-12-07,4.36,4.48,4.3,4.46
2012-12-10,4.46,4.5,4.37,4.49
2012-12-11,4.47,4.48,4.39,4.41
2012-12-12,4.4,4.43,4.29,4.38
2012-12-13,4.35,4.36,4.28,4.3
2012-12-14,4.34,4.47,4.27,4.46
2012-12-17,4.45,4.51,4.43,4.45
2012-12-18,4.47,4.51,4.44,4.47
2012-12-19,4.48,4.52,4.43,4.48
2012-12-20,4.51,4.61,4.48,4.53
2012-12-21,4.5,4.55,4.43,4.44
2012-12-24,4.42,4.47,4.41,4.42
2012-12-25,4.43,4.54,4.39,4.51
2012-12-26,4.5,4.58,4.49,4.55
2012-12-27,4.58,4.63,4.5,4.56
2012-12-28,4.56,4.65,4.53,4.64
2012-12-31,4.67,4.78,4.65,4.71
2013-01-04,4.73,4.75,4.57,4.61
2013-01-07,4.59,4.66,4.56,4.64
2013-01-08,4.61,4.68,4.58,4.65
2013-01-09,4.63,4.72,4.6,4.67
2013-01-10,4.68,4.75,4.66,4.7
2013-01-11,4.7,4.76,4.57,4.59
2013-01-14,4.54,4.72,4.54,4.69
2013-01-15,4.7,4.84,4.67,4.79
2013-01-16,4.79,4.82,4.68,4.8
2013-01-17,4.81,4.95,4.77,4.85
2013-01-18,4.85,4.92,4.73,4.9
2013-01-21,4.96,4.96,4.83,4.85
2013-01-22,4.82,4.84,4.71,4.74
2013-01-23,4.72,4.88,4.7,4.83
2013-01-24,4.82,4.84,4.63,4.64
2013-01-25,4.65,4.67,4.58,4.58
2013-01-28,4.6,4.68,4.6,4.67
2013-01-29,4.66,4.72,4.64,4.69
2013-01-30,4.71,4.73,4.65,4.71
2013-01-31,4.71,4.73,4.68,4.68
2013-02-01,4.67,4.74,4.64,4.71
2013-02-04,4.72,4.73,4.62,4.64
2013-02-05,4.65,4.78,4.58,4.77
2013-02-06,4.74,4.8,4.7,4.73
2013-02-07,4.72,4.77,4.69,4.69
2013-02-08,4.7,4.75,4.69,4.72
2013-02-18,4.74,4.82,4.74,4.79
2013-02-19,4.8,4.81,4.71,4.73
2013-02-20,4.74,4.81,4.72,4.8
2013-02-21,4.76,4.79,4.63,4.67
2013-02-22,4.68,4.69,4.6,4.61
2013-02-25,4.61,4.65,4.59,4.63
2013-02-26,4.62,4.68,4.58,4.58
2013-02-27,4.58,4.63,4.52,4.54
2013-02-28,4.56,4.66,4.54,4.64
2013-03-01,4.65,4.68,4.61,4.67
2013-03-04,4.65,4.8,4.6,4.61
2013-03-05,4.61,4.77,4.55,4.74
2013-03-06,4.72,4.93,4.71,4.88
2013-03-07,4.89,4.92,4.74,4.78
2013-03-08,4.78,4.84,4.72,4.75
2013-03-11,4.75,4.9,4.72,4.79
2013-03-12,4.81,4.81,4.57,4.68
2013-03-13,4.67,4.68,4.5,4.57
2013-03-14,4.54,4.58,4.5,4.54
2013-03-15,4.55,4.62,4.5,4.52
2013-03-18,4.52,4.55,4.39,4.41
2013-03-19,4.4,4.46,4.37,4.42
2013-03-20,4.42,4.64,4.42,4.56
2013-03-21,4.56,4.64,4.54,4.59
2013-03-22,4.6,4.71,4.56,4.67
2013-03-25,4.65,4.67,4.59,4.63
2013-03-26,4.62,4.62,4.49,4.51
2013-03-27,4.51,4.56,4.48,4.5
2013-03-28,4.49,4.49,4.35,4.35
2013-03-29,4.36,4.47,4.35,4.44
2013-04-01,4.45,4.46,4.38,4.44
2013-04-02,4.44,4.47,4.36,4.39
2013-04-03,4.4,4.42,4.3,4.32
2013-04-08,4.29,4.29,4.21,4.27
2013-04-09,4.28,4.43,4.28,4.35
2013-04-10,4.35,4.37,4.31,4.34
2013-04-11,4.37,4.43,4.33,4.33
2013-04-12,4.32,4.35,4.24,4.29
2013-04-15,4.28,4.31,4.19,4.22
2013-04-16,4.18,4.27,4.17,4.26
2013-04-17,4.25,4.27,4.2,4.26
2013-04-18,4.24,4.27,4.2,4.23
2013-04-19,4.26,4.32,4.25,4.3
2013-04-22,4.28,4.31,4.25,4.31
2013-04-23,4.3,4.31,4.12,4.14
2013-04-24,4.16,4.25,4.14,4.23
2013-04-25,4.22,4.29,4.18,4.24
2013-04-26,4.23,4.25,4.11,4.11
2013-05-02,4.11,4.16,4.09,4.13
2013-05-03,4.14,4.22,4.14,4.18
2013-05-06,4.2,4.26,4.19,4.24
2013-05-07,4.24,4.25,4.19,4.21
2013-05-08,4.24,4.37,4.22,4.33
2013-05-09,4.36,4.36,4.26,4.31
2013-05-10,4.3,4.35,4.28,4.32
2013-05-13,4.33,4.4,4.32,4.39
2013-05-14,4.4,4.41,4.28,4.39
2013-05-15,4.43,4.6,4.37,4.53
2013-05-16,4.56,4.98,4.54,4.98
2013-05-17,5.05,5.28,4.91,5.12
2013-05-20,5.12,5.38,5.04,5.24
2013-05-21,5.22,5.48,5.14,5.41
2013-05-22,5.4,5.47,5.22,5.31
2013-05-23,5.28,5.57,5.23,5.4
2013-05-24,5.38,5.55,5.33,5.39
2013-05-27,5.38,5.58,5.34,5.48
2013-05-28,5.44,5.5,5.3,5.4
2013-05-29,5.39,5.6,5.37,5.46
2013-05-30,5.42,5.52,5.39,5.48
2013-05-31,5.52,5.77,5.5,5.74
2013-06-03,5.74,5.98,5.64,5.92
2013-06-04,5.97,6.0,5.61,5.76
2013-06-05,5.78,5.9,5.64,5.78
2013-06-06,5.8,5.84,5.61,5.63
2013-06-07,5.6,5.73,5.31,5.35
2013-06-13,5.2,5.57,5.12,5.49
2013-06-14,5.45,5.66,5.43,5.6
2013-06-17,5.59,5.67,5.45,5.46
2013-06-18,5.48,5.63,5.21,5.61
2013-06-19,5.52,5.55,5.34,5.45
2013-06-20,5.39,5.49,5.08,5.11
2013-06-21,5.0,5.19,4.89,5.04
2013-06-24,5.01,5.12,4.55,4.6
2013-06-25,4.68,4.74,4.14,4.44
2013-06-26,4.44,4.63,4.34,4.62
2013-06-27,4.59,4.66,4.29,4.35
2013-06-28,4.32,4.51,4.26,4.45
2013-07-01,4.42,4.56,4.36,4.55
2013-07-02,4.54,4.68,4.53,4.63
2013-07-03,4.6,4.83,4.5,4.79
2013-07-04,4.75,5.25,4.7,5.07
2013-07-05,5.09,5.3,5.05,5.08
2013-07-08,5.0,5.18,4.85,5.01
2013-07-09,4.97,5.16,4.97,5.15
2013-07-10,5.11,5.26,5.03,5.19
2013-07-11,5.18,5.3,5.12,5.24
2013-07-12,5.21,5.48,5.18,5.27
2013-07-15,5.3,5.38,5.1,5.26
2013-07-16,5.25,5.31,5.18,5.26
2013-07-17,5.25,5.3,5.09,5.11
2013-07-18,5.1,5.11,4.94,5.06
2013-07-19,5.05,5.3,5.01,5.1
2013-07-22,5.0,5.35,4.98,5.3
2013-07-23,5.37,5.56,5.36,5.41
2013-07-24,5.41,5.64,5.3,5.54
2013-07-25,5.51,5.55,5.35,5.36
2013-07-26,5.3,5.42,5.23,5.33
2013-07-29,5.3,5.34,5.1,5.1
2013-07-30,5.11,5.25,5.09,5.13
2013-07-31,5.13,5.26,5.13,5.19
2013-08-01,5.24,5.42,5.17,5.39
2013-08-02,5.38,5.57,5.37,5.42
2013-08-05,5.42,5.58,5.37,5.53
2013-08-06,5.53,5.6,5.45,5.58
2013-08-07,5.55,5.63,5.38,5.45
2013-08-08,5.45,5.78,5.38,5.58
2013-08-09,5.55,5.64,5.38,5.5
2013-08-12,5.51,5.58,5.43,5.54
2013-08-13,5.54,5.7,5.51,5.64
2013-08-14,5.63,5.63,5.43,5.51
2013-08-15,5.52,5.56,5.4,5.41
2013-08-16,5.38,5.56,5.31,5.34
2013-08-19,5.41,5.65,5.37,5.63
2013-08-20,5.59,5.64,5.53,5.55
2013-08-21,5.56,5.98,5.49,5.92
2013-08-22,5.93,6.45,5.85,6.22
2013-08-23,6.15,6.22,5.94,6.15
2013-08-26,6.13,6.33,6.04,6.27
2013-08-27,6.22,6.39,6.1,6.25
2013-08-28,6.19,6.19,5.95,5.98
2013-08-29,5.98,6.1,5.88,6.02
2013-08-30,5.97,6.1,5.78,5.84
2013-09-02,5.86,5.98,5.8,5.89
2013-09-03,5.88,6.05,5.84,6.01
2013-09-04,6.0,6.12,5.98,6.02
2013-09-05,6.08,6.12,5.88,6.09
2013-09-06,6.05,6.15,6.03,6.09
2013-09-09,6.09,6.12,5.99,6.05
2013-09-10,6.09,6.1,5.94,6.04
2013-09-11,6.04,6.07,5.81,5.9
2013-09-12,5.9,5.95,5.82,5.82
2013-09-13,5.82,5.87,5.72,5.82
2013-09-16,5.83,5.86,5.75,5.82
2013-09-17,5.81,5.82,5.6,5.61
2013-09-18,5.61,5.82,5.61,5.76
2013-09-23,5.77,5.92,5.75,5.9
2013-09-24,5.9,5.92,5.79,5.84
2013-09-26,6.0,6.42,5.9,6.11
2013-09-27,5.95,6.08,5.9,6.05
2013-09-30,6.03,6.08,5.95,6.02
2013-10-08,6.01,6.17,5.99,6.14
2013-10-09,6.1,6.33,6.09,6.3
2013-10-10,6.25,6.29,6.1,6.12
2013-10-11,6.3,6.42,6.19,6.3
2013-10-14,6.26,6.34,6.21,6.23
2013-10-15,6.2,6.2,6.04,6.1
2013-10-16,6.1,6.16,5.98,6.01
2013-10-17,6.07,6.07,5.9,5.91
2013-10-18,5.9,5.98,5.88,5.92
2013-10-21,5.95,6.1,5.93,6.08
2013-10-22,6.08,6.15,5.88,5.91
2013-10-23,5.91,5.93,5.64,5.64
2013-10-24,5.64,5.76,5.62,5.65
2013-10-25,5.67,5.72,5.33,5.43
2013-10-28,5.46,5.52,5.35,5.5
2013-10-29,5.5,5.56,5.16,5.3
2013-10-30,5.26,5.41,5.25,5.4
2013-10-31,5.45,5.49,5.18,5.33
2013-11-01,5.3,5.35,5.23,5.33
2013-11-04,5.35,5.49,5.34,5.43
2013-11-05,5.41,5.48,5.3,5.46
2013-11-06,5.46,5.54,5.38,5.39
2013-11-07,5.36,5.39,5.19,5.22
2013-11-08,5.22,5.24,5.0,5.02
2013-11-11,5.05,5.1,5.0,5.07
2013-11-12,5.08,5.13,5.07,5.11
2013-11-13,5.12,5.12,4.98,5.0
2013-11-14,4.99,5.22,4.9,5.18
2013-11-15,5.18,5.32,5.13,5.24
2013-11-18,5.26,5.43,5.23,5.4
2013-11-19,5.41,5.43,5.32,5.38
2013-11-20,5.37,5.52,5.37,5.51
2013-11-21,5.48,5.48,5.32,5.35
2013-11-22,5.37,5.38,5.2,5.3
2013-11-25,5.3,5.38,5.26,5.31
2013-11-26,5.32,5.41,5.3,5.39
2013-11-27,5.39,5.49,5.35,5.45
2013-11-28,5.46,5.58,5.43,5.44
2013-11-29,5.44,5.51,5.44,5.47
2013-12-02,5.39,5.4,5.16,5.17
2013-12-03,5.16,5.26,5.13,5.24
2013-12-04,5.24,5.45,5.23,5.35
2013-12-05,5.35,5.42,5.35,5.4
2013-12-06,5.4,5.41,5.31,5.33
2013-12-09,5.33,5.41,5.32,5.4
2013-12-10,5.4,5.49,5.36,5.42
2013-12-11,5.4,5.4,5.29,5.33
2013-12-12,5.32,5.43,5.3,5.42
2013-12-13,5.42,5.48,5.37,5.47
2013-12-16,5.48,5.54,5.33,5.35
2013-12-17,5.35,5.4,5.33,5.35
2013-12-18,5.51,5.85,5.49,5.78
2013-12-19,5.67,5.79,5.49,5.49
2013-12-20,5.49,5.52,5.28,5.3
2013-12-23,5.31,5.32,5.1,5.15
2013-12-24,5.17,5.27,5.15,5.21
2013-12-25,5.21,5.26,5.16,5.24
2013-12-26,5.23,5.28,5.15,5.15
2013-12-27,5.15,5.23,5.12,5.22
2013-12-30,5.22,5.31,5.22,5.24
2013-12-31,5.22,5.29,5.2,5.28
2014-01-02,5.28,5.37,5.25,5.36
2014-01-03,5.32,5.34,5.28,5.32
2014-01-06,5.3,5.45,5.22,5.36
2014-01-07,5.31,5.66,5.3,5.61
2014-01-08,5.61,5.76,5.51,5.71
2014-01-09,5.7,5.73,5.52,5.54
2014-01-10,5.49,5.76,5.42,5.73
2014-01-13,5.71,5.98,5.68,5.88
2014-01-14,5.9,5.95,5.77,5.9
2014-01-15,5.89,6.13,5.88,5.97
2014-01-16,5.95,6.09,5.93,6.01
2014-01-17,6.01,6.14,5.98,6.09
2014-01-20,6.1,6.14,5.88,5.97
2014-01-21,5.95,6.12,5.92,6.12
2014-01-22,6.1,6.28,6.09,6.16
2014-01-23,6.17,6.22,5.93,5.95
2014-01-24,5.96,6.09,5.94,6.08
2014-01-27,6.04,6.3,5.95,6.29
2014-01-28,6.27,6.5,6.25,6.3
2014-01-29,6.26,6.55,6.24,6.42
2014-01-30,6.39,6.9,6.39,6.67
2014-02-07,6.66,6.95,6.59,6.89
2014-02-10,6.88,6.97,6.76,6.88
2014-02-11,6.9,7.11,6.74,6.76
2014-02-12,6.78,7.0,6.6,6.7
2014-02-13,6.68,6.83,6.6,6.69
2014-02-14,6.66,6.73,6.58,6.7
2014-02-17,6.75,6.89,6.71,6.86
2014-02-18,6.85,6.85,6.62,6.66
2014-02-19,6.62,6.75,6.47,6.68
2014-02-20,6.67,6.69,6.45,6.45
2014-02-21,6.41,6.61,6.4,6.47
2014-02-24,6.44,6.63,6.4,6.63
2014-02-25,6.6,6.8,6.28,6.29
2014-02-26,6.25,6.31,6.0,6.19
2014-02-27,6.18,6.29,6.08,6.1
2014-02-28,6.1,6.17,5.97,6.15
2014-03-03,6.14,6.32,6.05,6.29
2014-03-04,6.21,6.26,6.15,6.22
2014-03-05,6.24,6.38,6.19,6.37
2014-03-06,6.31,6.38,6.19,6.27
2014-03-07,6.25,6.28,6.1,6.11
2014-03-10,6.05,6.08,5.8,5.82
2014-03-11,5.82,5.88,5.76,5.85
2014-03-12,5.87,5.95,5.8,5.89
2014-03-13,5.88,5.97,5.85,5.91
2014-03-14,5.93,6.08,5.89,6.02
2014-03-17,6.05,6.1,5.95,6.09
2014-03-18,6.11,6.14,6.05,6.06
2014-03-19,6.08,6.13,6.03,6.12
2014-03-20,6.13,6.23,5.98,5.98
2014-03-21,5.96,6.15,5.81,6.1
2014-03-24,6.08,6.21,6.05,6.08
2014-03-25,6.08,6.08,5.89,5.91
2014-03-26,5.9,6.03,5.86,5.9
2014-03-27,5.88,5.91,5.79,5.8
2014-03-28,5.79,5.86,5.76,5.79
2014-03-31,5.78,5.81,5.54,5.61
2014-04-01,5.61,5.73,5.6,5.71
2014-04-02,5.72,5.77,5.69,5.71
2014-04-03,5.72,5.73,5.59,5.62
2014-04-04,5.62,5.75,5.59,5.73
2014-04-08,5.72,5.84,5.71,5.82
2014-04-09,5.82,5.88,5.8,5.85
2014-04-10,5.85,5.93,5.79,5.87
2014-04-11,5.87,5.87,5.73,5.79
2014-04-14,5.79,5.82,5.71,5.82
2014-04-15,5.69,5.69,5.43,5.52
2014-04-16,5.51,5.52,5.42,5.48
2014-04-17,5.48,5.54,5.47,5.5
2014-04-18,5.5,5.5,5.4,5.44
2014-04-21,5.42,5.52,5.4,5.46
2014-04-22,5.44,5.49,5.37,5.42
2014-04-23,5.42,5.45,5.36,5.38
2014-04-24,5.4,5.45,5.37,5.4
2014-04-25,5.4,5.42,5.19,5.2
2014-04-28,5.2,5.2,4.98,5.0
2014-04-29,5.0,5.15,5.0,5.14
2014-04-30,5.1,5.17,5.1,5.13
2014-05-05,5.12,5.12,5.01,5.07
2014-05-06,5.06,5.17,5.05,5.12
2014-05-07,5.11,5.13,5.0,5.02
2014-05-08,5.02,5.09,4.97,5.03
2014-05-09,5.03,5.05,4.89,4.94
2014-05-12,4.94,5.08,4.94,5.05
2014-05-13,5.05,5.13,5.04,5.08
2014-05-14,5.08,5.1,5.02,5.04
2014-05-15,5.03,5.05,4.95,4.95
2014-05-16,4.96,4.98,4.89,4.96
2014-05-19,4.95,4.97,4.89,4.95
2014-05-20,4.95,5.17,4.94,5.11
2014-05-21,5.05,5.08,5.0,5.08
2014-05-22,5.08,5.11,5.03,5.04
2014-05-23,5.04,5.3,5.01,5.3
2014-05-26,5.3,5.32,5.23,5.27
2014-05-27,5.24,5.25,5.17,5.19
2014-05-28,5.18,5.58,5.15,5.42
2014-05-29,5.37,5.41,5.23,5.31
2014-05-30,5.3,5.44,5.26,5.36
2014-06-03,5.36,5.4,5.26,5.27
2014-06-04,5.27,5.4,5.16,5.34
2014-06-05,5.28,5.4,5.25,5.36
2014-06-06,5.44,5.59,5.34,5.51
2014-06-09,5.46,5.55,5.38,5.47
2014-06-10,5.46,5.67,5.45,5.59
2014-06-11,5.58,5.66,5.54,5.62
2014-06-12,5.61,5.63,5.49,5.53
2014-06-13,5.51,6.0,5.47,5.71
2014-06-16,5.67,5.9,5.67,5.85
2014-06-17,5.88,6.0,5.8,5.81
2014-06-18,5.8,6.15,5.71,5.97
2014-06-19,5.97,5.99,5.75,5.79
2014-06-20,5.76,6.04,5.7,5.88
2014-06-23,5.88,5.93,5.82,5.88
2014-06-24,5.89,5.98,5.83,5.97
2014-06-25,5.95,6.01,5.78,5.79
2014-06-26,5.9,5.92,5.77,5.86
2014-06-27,5.83,6.01,5.71,5.94
2014-06-30,5.92,5.92,5.82,5.9
2014-07-01,5.89,5.9,5.77,5.82
2014-07-02,5.81,6.0,5.76,5.85
2014-07-03,5.83,6.1,5.8,6.03
2014-07-04,6.03,6.07,5.93,5.96
2014-07-07,5.92,6.07,5.91,5.94
2014-07-08,5.92,6.01,5.9,5.98
2014-07-09,6.0,6.03,5.79,5.81
2014-07-10,5.82,5.9,5.71,5.78
2014-07-11,5.76,5.85,5.71,5.78
2014-07-14,5.73,5.94,5.73,5.9
2014-07-15,5.91,6.25,5.84,6.1
2014-07-16,6.06,6.15,6.0,6.06
2014-07-17,6.06,6.11,5.99,6.08
2014-07-18,6.05,6.16,6.01,6.03
2014-07-21,6.03,6.07,5.94,5.94
2014-07-22,5.94,6.04,5.93,5.99
2014-07-23,6.03,6.03,5.91,5.93
2014-07-24,5.92,5.95,5.78,5.84
2014-07-25,5.82,5.92,5.81,5.91
2014-07-28,5.91,6.05,5.91,6.0
2014-07-29,6.01,6.09,5.96,6.04
2014-07-30,6.1,6.2,6.0,6.12
2014-07-31,6.08,6.15,6.05,6.1
2014-08-01,6.1,6.12,5.94,5.95
2014-08-04,6.0,6.1,5.94,6.04
2014-08-05,6.04,6.06,5.95,6.01
2014-08-06,6.01,6.28,5.97,6.25
2014-08-07,6.21,6.23,6.08,6.09
2014-08-08,6.1,6.44,6.08,6.34
2014-08-11,6.3,6.48,6.28,6.41
2014-08-12,6.4,6.51,6.35,6.41
2014-08-13,6.4,6.4,6.22,6.34
2014-08-14,6.33,6.64,6.29,6.53
2014-08-15,6.5,6.98,6.46,6.75
2014-08-19,6.8,6.85,6.54,6.68
2014-08-20,6.66,6.68,6.45,6.47
2014-08-21,6.48,6.6,6.35,6.46
2014-08-22,6.43,6.65,6.39,6.65
2014-08-25,6.67,6.67,6.5,6.51
2014-08-26,6.5,6.52,6.25,6.31
2014-08-27,6.33,6.44,6.33,6.36
2014-08-28,6.36,6.38,6.26,6.33
2014-08-29,6.34,6.43,6.32,6.4
2014-09-01,6.43,6.6,6.36,6.58
2014-09-02,6.59,6.63,6.5,6.59
2014-09-03,6.6,6.71,6.56,6.59
2014-09-04,6.6,6.65,6.54,6.61
2014-09-05,6.61,6.81,6.57,6.72
2014-09-09,6.72,6.78,6.63,6.65
2014-09-10,6.64,6.71,6.6,6.65
2014-09-11,6.65,6.77,6.55,6.57
2014-09-12,6.57,6.69,6.53,6.66
2014-09-15,6.65,6.74,6.56,6.68
2014-09-16,6.67,6.72,6.5,6.5
2014-09-17,6.5,6.56,6.42,6.51
2014-09-18,6.52,6.69,6.48,6.63
2014-09-19,6.63,6.77,6.53,6.76
2014-09-22,6.76,6.76,6.4,6.42
2014-09-23,6.41,6.47,6.33,6.42
2014-09-24,6.41,6.56,6.4,6.52
2014-09-25,6.55,6.55,6.38,6.41
2014-09-26,6.42,6.43,6.33,6.4
2014-09-29,6.43,6.55,6.41,6.49
2014-09-30,6.49,6.58,6.47,6.56
2014-10-08,6.59,6.72,6.55,6.67
2014-10-09,6.7,6.86,6.63,6.73
2014-10-10,6.72,6.85,6.53,6.74
2014-10-13,6.73,6.99,6.65,6.91
2014-10-14,6.88,6.96,6.8,6.93
2014-10-15,6.92,7.07,6.75,6.75
2014-10-16,6.78,7.04,6.72,6.99
2014-10-17,6.96,7.02,6.67,6.81
2014-10-20,6.81,7.07,6.75,7.07
2014-10-21,7.06,7.15,6.94,7.0
2014-10-22,6.99,7.02,6.67,6.68
2014-10-23,6.65,6.75,6.42,6.43
2014-10-24,6.44,6.59,6.35,6.45
2014-10-27,6.45,6.56,6.42,6.49
2014-10-28,6.48,6.64,6.47,6.62
2014-10-29,6.64,6.74,6.59,6.69
2014-10-30,6.7,6.9,6.68,6.74
2014-10-31,6.78,6.8,6.66,6.77
2014-11-03,6.76,6.89,6.73,6.86
2014-11-04,6.84,6.87,6.75,6.85
2014-11-05,6.84,7.02,6.81,6.93
2014-11-06,6.9,7.62,6.9,7.62
2014-11-07,7.76,7.87,7.51,7.68
2014-11-10,7.61,7.69,7.44,7.65
2014-11-11,7.62,7.76,7.18,7.36
2014-11-12,7.36,7.54,7.21,7.47
2014-11-13,7.51,7.69,7.25,7.56
2014-11-14,7.49,7.56,7.37,7.42
2014-11-17,7.46,7.98,7.4,7.7
2014-11-18,7.65,7.7,7.35,7.46
2014-11-19,7.45,7.93,7.4,7.72
2014-11-20,7.65,7.65,7.5,7.57
2014-11-21,7.61,7.66,7.46,7.49
2014-11-24,7.54,7.69,7.48,7.55
2014-11-25,7.58,8.0,7.57,7.83
2014-11-26,7.8,8.28,7.73,8.18
2014-11-27,8.16,8.2,8.0,8.15
2014-11-28,8.1,8.16,7.97,8.06
2014-12-01,8.08,8.3,7.98,8.27
2014-12-02,8.18,8.29,8.08,8.19
2014-12-03,8.16,8.17,7.98,8.09
2014-12-04,8.1,8.26,8.03,8.09
2014-12-05,8.08,8.19,7.4,7.56
2014-12-08,7.47,7.64,7.31,7.51
2014-12-09,7.58,7.58,7.1,7.11
2014-12-10,7.17,7.42,7.12,7.37
2014-12-11,7.31,7.5,7.3,7.48
2014-12-12,7.45,7.61,7.4,7.6
2014-12-15,7.58,7.65,7.53,7.62
2014-12-16,7.62,7.63,7.44,7.49
2014-12-17,7.48,7.48,7.2,7.31
2014-12-18,7.3,7.6,7.24,7.5
2014-12-19,7.47,7.5,7.22,7.36
2014-12-22,7.44,7.68,7.29,7.57
2014-12-23,7.51,7.65,7.35,7.38
2014-12-24,7.39,7.65,7.3,7.61
2014-12-25,7.6,7.89,7.56,7.84
2014-12-26,7.84,7.91,7.72,7.86
2014-12-29,7.83,7.84,7.5,7.54
2014-12-30,7.67,7.79,7.35,7.37
2014-12-31,7.34,7.34,6.94,7.18
2015-01-05,7.3,7.5,7.21,7.43
2015-01-06,7.42,7.75,7.27,7.7
2015-01-07,7.7,7.81,7.55,7.81
2015-01-08,7.83,8.24,7.72,7.94
2015-01-09,7.9,8.14,7.76,7.76
2015-01-12,7.68,8.25,7.6,8.2
2015-01-13,8.17,8.88,8.05,8.57
2015-01-14,8.47,8.69,8.35,8.5
2015-01-15,8.44,8.65,8.34,8.53
2015-01-16,8.5,9.08,8.42,8.96
2015-01-19,8.7,9.04,8.07,8.36
2015-01-20,8.39,9.08,8.39,8.98
2015-01-21,9.09,9.16,8.82,9.01
2015-01-22,9.01,9.05,8.85,9.0
2015-01-23,8.99,8.99,8.7,8.73
2015-01-26,8.74,8.95,8.72,8.85
2015-01-27,8.86,8.91,8.61,8.75
2015-01-28,8.68,8.68,8.45,8.49
2015-01-29,8.47,8.68,8.35,8.55
2015-01-30,8.58,8.89,8.48,8.74
2015-02-02,8.68,8.77,8.5,8.54
2015-02-03,8.56,8.9,8.56,8.9
2015-02-04,8.89,8.97,8.64,8.69
2015-02-05,8.78,8.9,8.55,8.56
2015-02-06,8.45,8.52,8.1,8.18
2015-02-09,8.12,8.22,8.01,8.07
2015-02-10,8.06,8.26,8.06,8.25
2015-02-11,8.23,8.42,8.17,8.2
2015-02-12,8.25,8.37,8.17,8.3
2015-02-13,8.31,8.47,8.31,8.39
2015-02-16,8.39,8.54,8.36,8.51
2015-02-17,8.66,8.8,8.54,8.62
2015-02-25,8.66,9.05,8.55,8.9
2015-02-26,8.88,9.05,8.77,8.91
2015-02-27,8.92,9.15,8.85,9.03
2015-03-02,9.1,9.46,8.96,9.32
2015-03-03,9.29,9.8,9.1,9.14
2015-03-04,9.21,9.49,9.15,9.43
2015-03-05,9.43,9.65,9.26,9.6
2015-03-06,9.75,10.17,9.55,9.58
2015-03-09,9.5,9.64,9.24,9.53
2015-03-10,9.86,9.95,9.61,9.66
2015-03-11,9.65,9.75,9.37,9.42
2015-03-12,9.45,9.47,9.22,9.27
2015-03-13,9.37,9.7,9.25,9.6
2015-03-16,9.67,10.56,9.67,10.56
2015-03-17,10.62,11.6,10.43,11.0
2015-03-18,11.01,11.34,10.8,11.1
2015-03-19,11.08,11.09,10.8,10.97
2015-03-20,10.92,11.88,10.92,11.38
2015-03-23,11.64,11.65,11.2,11.5
2015-03-24,11.51,11.55,10.68,11.3
2015-03-25,11.28,12.4,11.0,11.98
2015-03-26,11.82,12.28,11.55,11.73
2015-03-27,11.79,11.95,11.61,11.8
2015-03-30,11.8,11.88,11.53,11.73
2015-03-31,11.73,11.8,11.42,11.46
2015-04-01,11.46,11.7,11.45,11.6
2015-04-02,11.6,11.93,11.51,11.89
2015-04-03,11.82,12.3,11.77,12.13
2015-04-07,12.15,12.3,11.93,12.25
2015-04-08,12.28,12.38,11.51,11.77
2015-04-09,11.72,11.73,10.9,11.36
2015-04-10,11.3,11.66,11.1,11.57
2015-04-13,11.53,12.09,11.38,11.82
2015-04-14,11.82,12.2,11.58,12.0
2015-04-15,12.0,12.46,11.74,11.84
2015-04-16,11.77,12.04,11.37,12.04
2015-04-17,12.18,12.88,12.02,12.54
2015-04-20,12.45,12.45,11.82,11.89
2015-04-21,11.65,12.55,11.65,12.43
2015-04-22,12.44,13.22,12.43,13.01
2015-04-23,13.1,13.35,12.67,13.16
2015-04-24,12.9,14.2,12.5,13.85
2015-04-27,13.85,14.05,13.58,13.7
2015-04-28,13.69,14.1,12.66,12.96
2015-04-29,12.68,13.55,12.61,13.19
2015-04-30,13.23,14.2,13.23,13.71
2015-05-04,13.76,13.9,13.4,13.63
2015-05-05,13.64,13.98,12.91,13.11
2015-05-06,13.16,13.54,12.61,12.79
2015-05-07,12.62,12.87,11.91,12.12
2015-05-08,12.25,13.12,12.25,13.06
2015-05-11,13.22,13.83,13.04,13.68
2015-05-12,13.74,14.2,13.41,14.07
2015-05-13,14.0,14.95,13.68,14.46
2015-05-14,14.39,14.9,14.19,14.21
2015-05-15,14.1,14.2,13.6,13.98
2015-05-18,13.84,15.28,13.7,15.0
2015-06-04,18.15,18.15,18.15,18.15
2015-06-05,19.01,19.8,18.15,18.24
2015-06-08,18.23,19.45,18.07,18.37
2015-06-09,18.15,18.2,17.07,17.39
2015-06-10,17.39,18.3,16.9,17.97
2015-06-11,17.9,18.76,17.6,18.6
2015-06-12,18.67,18.95,18.15,18.4
2015-06-15,18.41,18.49,17.77,17.82
2015-06-16,17.41,17.58,16.56,17.19
2015-06-17,17.19,17.62,16.27,17.49
2015-06-18,18.2,19.18,18.1,18.18
2015-06-19,17.2,18.09,16.8,16.9
2015-06-23,16.91,17.6,15.4,17.45
2015-06-24,17.75,18.99,17.42,18.69
2015-06-25,18.75,19.38,17.41,17.8
2015-06-26,16.82,17.15,16.02,16.02
2015-06-29,16.36,16.5,14.42,14.42
2015-06-30,13.78,15.32,12.98,15.25
2015-07-01,14.85,15.39,13.73,13.73
2015-07-02,13.75,14.09,12.36,12.36
2015-07-03,11.5,12.34,11.12,11.12
2015-07-06,12.22,12.22,10.01,10.01
2015-07-07,9.2,9.45,9.01,9.01
2015-07-20,9.91,9.91,9.91,9.91
2015-07-21,10.9,10.9,10.9,10.9
2015-07-22,11.99,11.99,11.99,11.99
2015-07-23,13.0,13.19,12.42,13.19
2015-07-24,13.4,14.17,13.2,13.5
2015-07-27,13.0,14.0,12.15,12.15
2015-07-28,11.79,12.54,10.94,11.5
2015-07-29,12.0,12.65,11.51,12.65
2015-07-30,12.9,13.09,12.01,12.32
2015-07-31,12.08,12.48,11.5,11.91
2015-08-03,11.6,11.89,10.72,10.75
2015-08-04,10.8,11.82,10.8,11.8
2015-08-05,11.7,12.07,11.23,11.45
2015-08-06,11.19,11.47,10.9,11.2
2015-08-07,11.35,11.7,11.35,11.67
2015-08-10,11.9,12.84,11.81,12.7
2015-08-11,12.69,12.94,12.33,12.6
2015-08-12,12.45,13.27,12.3,12.78
2015-08-13,12.56,13.15,12.5,13.09
2015-08-14,13.1,13.66,13.1,13.39
2015-08-17,13.4,13.97,13.17,13.67
2015-08-18,13.82,13.98,12.3,12.3
2015-08-19,11.76,12.69,11.13,12.52
2015-08-20,12.2,13.1,11.91,12.16
2015-08-21,11.88,12.12,11.11,11.13
2015-08-24,10.36,10.41,10.02,10.02
2015-08-25,9.02,9.29,9.02,9.02
2015-08-26,9.05,9.3,8.12,8.15
2015-08-27,8.62,8.65,7.7,8.48
2015-08-28,8.68,9.33,8.48,9.33
2015-08-31,9.24,9.25,8.7,8.7
2015-09-01,8.69,8.69,7.83,7.84
2015-09-02,7.35,8.08,7.16,8.0
2015-09-07,8.17,8.49,8.02,8.08
2015-09-08,8.1,8.6,7.91,8.53
2015-09-09,8.59,8.97,8.56,8.86
2015-09-10,8.66,8.87,8.52,8.54
2015-09-11,8.78,8.97,8.64,8.81
2015-09-14,8.94,8.94,7.93,7.93
2015-09-15,7.59,7.84,7.14,7.14
2015-09-16,7.29,7.85,7.12,7.84
2015-09-17,7.73,8.25,7.63,7.72
2015-09-18,7.74,7.98,7.71,7.92
2015-09-21,7.75,8.23,7.7,8.19
2015-09-22,8.25,8.31,8.01,8.1
2015-09-23,7.98,8.07,7.76,7.87
2015-09-24,8.0,8.17,7.92,8.05
2015-09-25,8.05,8.32,7.96,8.08
2015-09-28,8.18,8.26,7.78,8.25
2015-09-29,8.09,8.12,7.9,7.96
2015-09-30,8.0,8.05,7.9,7.92
2015-10-08,8.23,8.47,8.08,8.29
2015-10-09,8.28,8.49,8.17,8.4
2015-10-12,8.41,8.99,8.39,8.86
2015-10-13,9.18,9.75,9.08,9.75
2015-10-14,10.09,10.45,9.6,9.73
2015-10-15,9.55,9.96,9.41,9.91
2015-10-16,9.97,10.15,9.68,9.98
2015-10-19,10.0,10.45,9.83,10.36
2015-10-20,10.19,10.5,10.03,10.32
2015-10-21,10.32,10.4,9.29,9.29
2015-10-22,9.3,9.65,9.16,9.6
2015-10-23,9.62,10.04,9.48,9.94
2015-10-26,10.07,10.62,9.96,10.62
2015-10-27,10.4,10.58,9.92,10.4
2015-10-28,10.38,10.78,10.26,10.33
2015-10-29,10.38,10.98,10.16,10.73
2015-10-30,10.6,11.68,10.5,10.98
2015-11-02,10.5,10.86,10.16,10.23
2015-11-03,10.31,10.45,9.96,10.07
2015-11-04,10.14,10.86,10.12,10.73
2015-11-05,10.74,11.05,10.37,11.0
2015-11-06,12.1,12.1,12.0,12.1
2015-11-09,12.0,13.31,11.5,13.31
2015-11-10,13.09,13.68,12.74,12.74
2015-11-11,12.83,13.6,12.6,13.34
2015-11-12,13.5,14.33,13.26,13.39
2015-11-13,12.9,12.99,12.5,12.59
2015-11-16,12.29,12.92,12.02,12.91
2015-11-17,12.93,13.24,12.3,12.45
2015-11-18,12.41,12.48,12.0,12.03
2015-11-19,12.18,12.56,12.06,12.45
2015-11-20,12.5,13.11,12.46,12.74
2015-11-23,12.74,13.22,12.35,12.42
2015-11-24,12.4,13.14,12.1,13.05
2015-11-25,13.02,13.45,12.85,13.42
2015-11-26,13.3,14.76,13.2,14.76
2015-11-27,15.27,15.27,14.18,14.39
2015-11-30,14.11,15.0,13.3,14.75
2015-12-01,14.59,14.86,13.61,13.93
2015-12-02,13.94,14.21,12.8,13.4
2015-12-03,13.5,13.86,13.37,13.75
2015-12-04,13.6,14.25,13.52,13.98
2015-12-07,14.02,14.1,13.43,13.73
2015-12-08,13.57,13.57,12.75,12.8
2015-12-09,12.76,12.76,12.1,12.25
2015-12-10,12.27,12.58,12.06,12.39
2015-12-11,12.37,12.37,11.93,12.03
2015-12-14,11.8,12.3,11.6,12.3
2015-12-15,12.24,12.61,12.15,12.45
2015-12-16,12.53,12.83,12.35,12.56
2015-12-17,12.61,12.9,12.58,12.85
2015-12-18,12.82,12.85,12.38,12.46
2015-12-21,12.38,12.43,12.22,12.36
2015-12-22,12.49,13.02,12.4,12.84
2015-12-23,12.83,13.15,12.55,12.67
2015-12-24,12.63,12.65,12.2,12.4
2015-12-25,12.42,12.59,12.39,12.49
2015-12-28,12.58,12.59,11.91,12.0
2015-12-29,11.98,12.17,11.91,12.15
2015-12-30,12.22,12.32,12.1,12.29
2015-12-31,12.45,12.48,12.0,12.06
2016-01-04,12.07,12.13,10.85,10.85
2016-01-05,9.99,10.74,9.78,10.17
2016-01-06,10.18,10.4,10.16,10.4
2016-01-07,10.22,10.22,9.36,9.37
2016-01-08,9.58,9.75,8.9,9.46
2016-01-11,9.06,9.3,8.51,8.52
2016-01-12,8.67,8.83,8.28,8.65
2016-01-13,8.7,8.83,8.32,8.34
2016-01-14,8.1,8.81,8.0,8.68
2016-01-15,8.6,8.88,8.35,8.39
2016-01-18,8.22,8.82,8.17,8.66
2016-01-19,8.65,9.15,8.57,9.15
2016-01-20,9.05,9.23,8.87,9.0
2016-01-21,8.81,9.13,8.46,8.5
2016-01-22,8.6,9.05,8.3,8.86
2016-01-25,8.94,9.06,8.73,8.89
2016-01-26,8.76,8.77,8.0,8.0
2016-01-27,8.02,8.16,7.61,7.98
2016-01-28,7.9,8.1,7.52,7.58
2016-01-29,7.56,8.04,7.56,7.94
2016-02-01,7.91,8.06,7.72,7.95
2016-02-02,7.95,8.33,7.95,8.2
2016-02-03,8.1,8.18,7.92,8.1
2016-02-04,8.15,8.48,8.13,8.39
2016-02-05,8.38,8.44,8.08,8.14
2016-02-15,7.86,8.1,7.66,8.01
2016-02-16,8.07,8.75,8.0,8.57
2016-02-17,8.5,8.98,8.41,8.87
2016-02-18,8.8,9.32,8.8,8.95
2016-02-19,8.85,9.35,8.85,9.3
2016-02-22,9.44,9.58,9.19,9.31
2016-02-23,9.26,9.3,8.93,9.12
2016-02-24,9.01,9.37,8.99,9.36
2016-02-25,9.4,9.45,8.42,8.42
2016-02-26,8.58,8.59,8.17,8.46
2016-02-29,8.35,8.35,7.66,7.8
2016-03-01,7.8,8.13,7.7,8.04
2016-03-02,8.01,8.68,7.98,8.6
2016-03-03,8.57,8.85,8.53,8.6
2016-03-04,8.5,8.68,8.12,8.3
2016-03-07,8.35,8.98,8.35,8.96
2016-03-08,8.8,8.86,8.35,8.82
2016-03-09,8.55,8.77,8.42,8.47
2016-03-10,8.47,8.6,8.18,8.2
2016-03-11,8.1,8.21,7.98,8.12
2016-03-14,8.26,8.55,8.19,8.44
2016-03-15,8.4,8.48,8.17,8.27
2016-03-16,8.32,8.39,8.1,8.16
2016-03-17,8.2,8.51,8.18,8.44
2016-03-18,8.45,8.84,8.45,8.75
2016-03-21,8.88,9.07,8.77,9.02
2016-03-22,8.91,9.09,8.82,8.95
2016-03-23,8.92,9.13,8.9,9.1
2016-03-24,8.98,8.98,8.75,8.76
2016-03-25,8.78,8.97,8.78,8.95
2016-03-28,8.95,9.21,8.85,8.95
2016-03-29,8.97,9.48,8.8,9.1
2016-03-30,9.19,9.38,9.08,9.37
2016-03-31,9.45,9.45,9.15,9.23
2016-04-01,9.14,9.15,8.86,9.05
2016-04-05,9.06,9.32,8.98,9.28
2016-04-06,9.19,9.42,9.16,9.41
2016-04-07,9.38,9.43,9.05,9.06
2016-04-08,8.9,8.99,8.78,8.9
2016-04-11,8.99,9.14,8.96,9.06
2016-04-12,9.06,9.06,8.82,8.99
2016-04-13,9.05,9.25,9.03,9.12
2016-04-14,9.41,9.78,9.3,9.36
2016-04-15,9.31,9.48,9.28,9.45
2016-04-18,9.36,9.39,9.18,9.23
2016-04-19,9.28,9.36,9.17,9.31
2016-04-20,9.35,9.36,8.6,8.81
2016-04-21,8.73,8.92,8.66,8.67
2016-04-22,8.58,8.87,8.51,8.76
2016-04-25,8.7,8.73,8.53,8.64
2016-04-26,8.6,8.8,8.6,8.8
2016-04-27,8.78,9.14,8.76,9.0
2016-04-28,8.92,8.99,8.71,8.9
2016-04-29,8.86,9.08,8.81,9.02
2016-05-03,9.01,9.26,8.95,9.25
2016-05-04,9.2,9.36,9.14,9.24
2016-05-05,9.19,9.25,9.1,9.2
2016-05-06,9.2,9.43,8.98,9.24
2016-05-09,9.15,9.21,8.8,8.97
2016-05-10,8.92,9.03,8.7,8.76
2016-05-11,8.83,8.87,8.51,8.51
2016-05-12,8.39,8.44,8.09,8.36
2016-05-13,8.29,8.46,8.29,8.37
2016-05-16,8.37,8.45,8.27,8.44
2016-05-17,8.44,8.54,8.35,8.41
2016-05-18,8.39,8.39,7.91,8.07
2016-05-19,8.08,8.32,8.04,8.12
2016-05-20,8.04,8.24,7.94,8.21
2016-05-23,8.21,8.34,8.2,8.27
2016-05-24,8.25,8.27,8.05,8.12
2016-05-25,8.19,8.29,8.11,8.13
2016-05-26,8.12,8.19,7.93,8.19
2016-05-27,8.13,8.37,8.12,8.28
2016-05-30,8.2,8.26,8.01,8.14
2016-05-31,8.19,8.62,8.16,8.57
2016-06-01,8.58,8.67,8.5,8.63
2016-06-02,8.55,9.15,8.52,8.98
2016-06-03,8.91,8.98,8.82,8.88
2016-06-06,8.88,9.03,8.81,8.89
2016-06-07,8.88,8.93,8.74,8.8
2016-06-08,8.82,8.88,8.73,8.82
2016-06-13,8.69,8.77,8.25,8.26
2016-06-14,8.26,8.32,8.0,8.25
2016-06-15,8.16,8.96,8.11,8.65
2016-06-16,8.64,8.76,8.56,8.58
2016-06-17,8.63,8.85,8.6,8.74
2016-06-20,8.74,8.92,8.61,8.88
2016-06-21,8.92,9.22,8.8,8.96
2016-06-22,8.95,9.25,8.88,9.25
2016-06-23,9.25,9.58,9.19,9.36
2016-06-24,9.3,9.41,8.85,9.14
2016-06-27,9.18,10.05,9.18,10.05
2016-06-28,10.45,11.06,10.41,11.06
2016-06-29,12.0,12.0,10.93,11.09
2016-06-30,11.07,11.23,10.83,11.01
2016-07-01,11.0,11.03,10.68,10.75
2016-07-04,10.75,10.93,10.65,10.83
2016-07-05,10.8,11.32,10.71,11.13
2016-07-06,11.0,11.1,10.76,10.91
2016-07-07,10.91,11.34,10.68,11.09
2016-07-08,11.02,11.32,10.98,11.01
2016-07-11,11.09,11.18,10.75,10.76
2016-07-12,10.6,10.78,10.26,10.6
2016-07-13,10.68,10.77,10.48,10.65
2016-07-14,10.6,10.86,10.48,10.77
2016-07-15,10.75,10.84,10.61,10.71
2016-07-18,10.66,10.85,10.52,10.58
2016-07-19,10.57,10.83,10.51,10.81
2016-07-20,10.84,11.06,10.76,10.92
2016-07-21,10.92,10.98,10.72,10.82
2016-07-22,10.85,11.54,10.8,11.2
2016-07-25,11.24,11.24,10.91,11.05
2016-07-26,11.04,11.23,10.86,11.1
2016-07-27,11.3,12.21,11.3,11.89
2016-07-28,11.8,11.8,11.08,11.56
2016-07-29,11.56,11.78,11.12,11.45
2016-08-01,11.25,11.36,10.31,10.31
2016-08-02,10.28,10.62,10.18,10.52
2016-08-03,10.39,10.76,10.39,10.52
2016-08-04,10.73,10.86,10.55,10.71
2016-08-05,10.59,10.66,10.45,10.45
2016-08-08,10.45,10.59,10.18,10.58
2016-08-09,10.55,10.8,10.48,10.79
2016-08-10,10.64,10.64,10.64,10.64
2016-08-11,10.7,10.78,10.47,10.63
2016-08-12,10.58,10.67,10.43,10.64
2016-08-15,10.62,11.18,10.59,11.04
2016-08-16,11.03,11.2,10.89,11.08
2016-08-17,11.11,11.59,11.0,11.11
2016-08-18,11.11,11.36,11.05,11.19
2016-08-19,11.23,12.22,11.22,11.79
2016-08-22,11.79,11.79,11.11,11.17
2016-08-23,11.2,11.47,11.09,11.22
2016-08-24,11.21,11.28,10.99,11.09
2016-08-25,10.96,10.97,10.65,10.88
2016-08-26,10.92,11.15,10.85,10.92
2016-08-29,10.86,11.08,10.82,10.99
2016-08-30,11.04,11.11,10.98,11.05
2016-08-31,11.1,11.1,10.88,10.99
2016-09-01,10.92,11.05,10.8,10.82
2016-09-02,10.77,10.86,10.59,10.72
2016-09-05,10.76,10.8,10.67,10.72
2016-09-06,10.74,11.24,10.65,11.18
2016-09-07,11.16,11.22,11.05,11.07
2016-09-08,11.07,11.24,11.04,11.2
2016-09-09,11.25,11.25,11.0,11.0
2016-09-12,10.7,10.73,10.39,10.41
2016-09-13,10.48,10.59,10.37,10.55
2016-09-14,10.45,10.48,10.31,10.37
2016-09-19,10.36,10.6,10.36,10.56
2016-09-20,10.57,10.59,10.42,10.51
2016-09-21,10.5,10.56,10.45,10.48
2016-09-22,10.57,10.65,10.55,10.62
2016-09-23,10.63,10.65,10.37,10.4
2016-09-26,10.45,10.48,10.09,10.1
2016-09-27,10.08,10.23,10.06,10.22
2016-09-28,10.21,10.29,10.18,10.22
2016-09-29,10.25,10.32,10.23,10.29
2016-09-30,10.3,10.52,10.26,10.44
2016-10-10,10.45,10.83,10.45,10.75
2016-10-11,10.76,11.15,10.76,11.01
2016-10-12,10.91,10.99,10.84,10.97
2016-10-13,10.96,10.96,10.81,10.86
2016-10-14,10.9,10.9,10.65,10.79
2016-10-17,10.86,10.96,10.7,10.75
2016-10-18,10.72,10.93,10.68,10.91
2016-10-19,10.91,10.97,10.77,10.81
2016-10-20,10.77,10.86,10.68,10.86
2016-10-21,10.95,10.98,10.7,10.82
2016-10-24,10.82,11.04,10.82,10.9
2016-10-25,10.9,11.0,10.85,10.93
2016-10-26,10.93,10.93,10.75,10.81
2016-10-27,10.74,10.85,10.7,10.76
2016-10-28,10.73,10.83,10.66,10.66
2016-10-31,10.64,10.64,10.41,10.51
2016-11-01,10.51,10.73,10.51,10.69
2016-11-02,10.64,10.66,10.37,10.43
2016-11-03,10.39,10.55,10.36,10.47
2016-11-04,10.45,10.73,10.44,10.58
2016-11-07,10.55,10.59,10.38,10.47
2016-11-08,10.52,10.65,10.52,10.59
2016-11-09,10.56,10.6,10.26,10.41
2016-11-10,10.48,10.68,10.47,10.66
2016-11-11,10.66,10.68,10.56,10.66
2016-11-14,10.66,10.85,10.66,10.74
2016-11-15,10.79,10.92,10.7,10.83
2016-11-16,10.8,10.88,10.74,10.78
2016-11-17,10.78,10.78,10.64,10.71
2016-11-18,10.71,10.77,10.6,10.61
2016-11-21,10.6,10.69,10.52,10.64
2016-11-22,10.63,10.68,10.59,10.64
2016-11-23,10.65,10.97,10.65,10.78
2016-11-24,10.73,10.76,10.6,10.63
2016-11-25,10.64,10.69,10.2,10.66
2016-11-28,10.7,10.9,10.69,10.81
2016-11-29,10.81,10.81,10.58,10.61
2016-11-30,10.56,10.9,10.56,10.89
2016-12-01,10.87,11.08,10.81,10.94
2016-12-02,10.96,11.18,10.77,10.88
2016-12-05,10.7,10.99,10.46,10.54
2016-12-06,10.53,10.66,10.31,10.38
2016-12-07,10.37,10.53,10.29,10.52
2016-12-08,10.51,10.52,10.34,10.35
2016-12-09,10.36,10.41,10.27,10.29
2016-12-12,10.29,10.34,9.59,9.63
2016-12-13,9.6,9.71,9.43,9.61
2016-12-14,9.58,9.67,9.33,9.42
2016-12-15,9.41,9.57,9.39,9.48
2016-12-16,9.46,9.65,9.45,9.58
2016-12-19,9.54,9.67,9.53,9.66
2016-12-20,9.65,9.65,9.46,9.52
2016-12-21,9.52,9.63,9.51,9.61
2016-12-22,9.61,9.62,9.52,9.59
2016-12-23,9.55,9.59,9.43,9.44
2016-12-26,9.43,9.54,9.16,9.53
2016-12-27,9.5,9.55,9.44,9.47
2016-12-28,9.49,9.79,9.43,9.61
2016-12-29,9.55,9.62,9.5,9.51
2016-12-30,9.5,9.54,9.4,9.43
2017-01-03,9.45,9.61,9.45,9.58
2017-01-04,9.54,9.7,9.54,9.69
2017-01-05,9.68,9.9,9.64,9.8
2017-01-06,9.83,9.96,9.73,9.82
2017-01-09,9.8,9.95,9.76,9.92
2017-01-10,9.97,9.97,9.75,9.78
2017-01-11,9.71,10.23,9.71,9.99
2017-01-12,9.9,9.96,9.74,9.74
2017-01-13,9.71,9.83,9.5,9.55
2017-01-16,9.49,9.53,8.88,9.2
2017-01-17,9.2,9.5,9.14,9.38
2017-01-18,9.3,9.46,9.25,9.34
2017-01-19,9.34,9.38,9.21,9.38
2017-01-20,9.32,9.5,9.3,9.43
2017-01-23,9.43,9.55,9.42,9.47
2017-01-24,9.54,9.58,9.44,9.46
2017-01-25,9.45,9.51,9.42,9.48
2017-01-26,9.48,9.52,9.41,9.48
2017-02-03,9.49,9.5,9.37,9.41
2017-02-06,9.4,9.53,9.38,9.51
2017-02-07,9.49,9.59,9.46,9.51
2017-02-08,9.51,9.59,9.41,9.57
2017-02-09,9.55,9.68,9.52,9.64
2017-02-10,9.63,9.71,9.6,9.65
2017-02-13,9.66,9.71,9.61,9.69
2017-02-14,9.71,9.72,9.58,9.64
2017-02-15,9.64,9.79,9.57,9.64
2017-02-16,9.6,9.73,9.58,9.71
2017-02-17,9.69,9.72,9.6,9.66
2017-02-20,9.62,9.75,9.62,9.75
2017-02-21,9.76,9.91,9.74,9.89
2017-02-22,9.89,9.98,9.83,9.9
2017-02-23,9.86,9.94,9.77,9.84
2017-02-24,9.8,9.89,9.76,9.84
2017-02-27,9.91,9.97,9.8,9.8
2017-02-28,9.8,9.85,9.71,9.78
2017-03-01,9.75,9.85,9.74,9.8
2017-03-02,9.8,9.87,9.71,9.74
2017-03-03,9.67,9.86,9.62,9.85
2017-03-06,9.83,9.99,9.83,9.94
2017-03-07,10.0,10.04,9.85,9.95
2017-03-08,9.93,10.16,9.85,10.0
2017-03-09,9.9,9.97,9.77,9.81
2017-03-10,9.79,9.86,9.73,9.75
2017-03-13,9.79,9.91,9.67,9.89
2017-03-14,9.87,9.94,9.78,9.8
2017-03-15,9.8,9.88,9.76,9.81
2017-03-16,9.81,9.96,9.81,9.95
2017-03-17,9.95,9.95,9.8,9.8
2017-03-20,9.79,9.89,9.75,9.88
2017-03-21,9.88,9.94,9.85,9.9
2017-03-22,9.85,9.86,9.71,9.73
2017-03-23,9.73,9.83,9.63,9.73
2017-03-24,9.72,9.8,9.7,9.8
2017-03-27,9.81,9.83,9.72,9.77
2017-03-28,9.77,9.77,9.61,9.63
2017-03-29,9.65,9.67,9.54,9.59
2017-03-30,9.55,9.6,9.34,9.36
2017-03-31,9.28,9.36,9.2,9.26
2017-04-05,9.28,9.41,9.24,9.39
2017-04-06,9.39,9.42,9.31,9.37
2017-04-07,9.38,9.48,9.34,9.42
2017-04-10,9.4,9.41,9.27,9.3
2017-04-11,9.33,9.38,9.15,9.38
2017-04-12,9.44,9.79,9.4,9.53
2017-04-13,9.53,9.55,9.38,9.47
2017-04-14,9.46,9.46,9.21,9.29
2017-04-17,9.25,9.28,9.04,9.12
2017-04-18,9.11,9.2,9.0,9.05
2017-04-19,8.99,8.99,8.7,8.76
2017-04-20,8.76,8.76,7.88,8.12
2017-04-24,8.09,8.09,7.8,7.84
2017-04-25,7.86,8.04,7.86,7.91
2017-04-26,7.93,8.03,7.9,7.94
2017-04-27,7.94,7.95,7.66,7.91
2017-04-28,7.89,8.01,7.84,7.97
2017-05-02,7.99,8.12,7.98,8.07
2017-05-03,8.06,8.28,8.0,8.19
2017-05-04,8.35,8.43,8.22,8.36
2017-05-05,8.36,8.41,8.2,8.2
2017-05-08,8.2,8.46,8.16,8.26
2017-05-09,8.2,8.3,7.98,8.13
2017-05-10,8.22,8.29,8.05,8.06
2017-05-11,8.06,8.06,7.69,8.01
2017-05-12,8.01,8.08,7.94,8.04
2017-05-15,8.16,8.18,8.0,8.04
2017-05-16,8.03,8.24,7.93,8.19
2017-05-17,8.21,8.31,8.17,8.24
2017-05-18,8.18,8.23,8.11,8.15
2017-05-19,8.12,8.18,8.06,8.14
2017-05-22,8.13,8.14,7.99,8.0
2017-05-23,7.99,8.02,7.83,7.85
2017-05-24,7.81,7.99,7.78,7.96
2017-05-25,8.08,8.44,8.07,8.3
2017-05-26,8.21,8.32,8.21,8.24
2017-05-31,8.33,8.58,8.28,8.45
2017-06-01,8.4,8.49,8.19,8.2
2017-06-02,8.2,8.43,8.13,8.4
2017-06-05,8.39,8.49,8.36,8.4
2017-06-06,8.41,8.42,8.32,8.39
2017-06-07,8.39,8.59,8.36,8.58
2017-06-08,8.57,8.66,8.53,8.55
2017-06-09,8.54,8.57,8.43,8.53
2017-06-12,8.48,8.48,8.36,8.39
2017-06-13,8.38,8.5,8.35,8.46
2017-06-14,8.4,8.48,8.32,8.36
2017-06-15,8.36,8.47,8.35,8.45
2017-06-16,8.44,8.47,8.38,8.45
2017-06-19,8.52,8.88,8.5,8.73
2017-06-20,8.71,8.85,8.64,8.75
2017-06-21,8.8,8.8,8.65,8.74
2017-06-22,8.71,8.74,8.51,8.52
2017-06-23,8.54,8.57,8.4,8.57
2017-06-26,8.6,8.71,8.55,8.69
2017-06-27,8.71,8.73,8.58,8.64
2017-06-28,8.6,8.62,8.54,8.56
2017-06-29,8.56,8.66,8.54,8.62
2017-06-30,8.6,8.6,8.51,8.58
2017-07-03,8.7,8.78,8.65,8.74
2017-07-04,8.75,8.76,8.62,8.67
2017-07-05,8.66,8.84,8.66,8.82
2017-07-06,8.83,8.84,8.68,8.76
2017-07-07,8.74,8.76,8.69,8.76
2017-07-10,8.74,8.81,8.69,8.76
2017-07-11,8.7,8.76,8.58,8.58
2017-07-12,8.58,8.63,8.44,8.5
2017-07-13,8.51,8.58,8.49,8.52
2017-07-14,8.52,8.52,8.43,8.48
2017-07-17,8.46,8.46,7.98,8.0
2017-07-18,8.01,8.11,7.94,8.1
2017-07-19,8.07,8.22,8.01,8.2
2017-07-20,8.2,8.35,8.16,8.32
2017-07-21,8.31,8.43,8.28,8.32
2017-07-24,8.32,8.39,8.28,8.38
2017-07-25,8.38,8.44,8.27,8.32
2017-07-26,8.29,8.36,8.24,8.31
2017-07-27,8.29,8.48,8.27,8.44
2017-07-28,8.41,8.48,8.37,8.38
2017-07-31,8.36,8.5,8.35,8.42
2017-08-01,8.42,8.55,8.39,8.5
2017-08-02,8.49,8.53,8.36,8.38
2017-08-03,8.36,8.44,8.31,8.36
2017-08-04,8.38,8.55,8.34,8.42
2017-08-07,8.38,8.44,8.36,8.42
2017-08-08,8.41,8.46,8.36,8.4
2017-08-09,8.39,8.42,8.33,8.33
2017-08-10,8.34,8.36,8.15,8.25
2017-08-11,8.19,8.2,8.04,8.05
2017-08-14,8.05,8.31,8.05,8.29
2017-08-15,8.31,8.43,8.31,8.41
2017-08-16,8.41,8.61,8.38,8.54
2017-08-17,8.55,8.62,8.47,8.56
2017-08-18,8.48,8.88,8.46,8.75
2017-08-21,8.72,8.86,8.65,8.77
2017-08-22,8.76,8.84,8.66,8.67
2017-08-23,8.7,9.02,8.66,8.92
2017-08-24,8.8,8.82,8.55,8.58
2017-08-25,8.66,8.86,8.65,8.69
2017-08-28,8.73,8.87,8.72,8.83
2017-08-29,8.83,9.24,8.67,9.09
2017-08-30,9.09,9.39,8.95,9.2
2017-08-31,9.1,9.23,9.08,9.2
2017-09-01,9.18,9.28,9.05,9.21
2017-09-04,9.21,9.5,9.21,9.35
2017-09-05,9.35,9.35,9.2,9.23
2017-09-06,9.24,9.42,9.18,9.39
2017-09-07,9.41,9.46,9.16,9.17
2017-09-08,9.13,9.39,9.12,9.3
2017-09-11,9.3,9.35,9.2,9.27
2017-09-12,9.27,9.27,9.08,9.1
2017-09-13,9.1,9.2,9.1,9.14
2017-09-14,9.1,9.16,9.06,9.1
2017-09-15,9.1,9.14,9.01,9.03
2017-09-18,9.02,9.21,9.02,9.11
2017-09-19,9.11,9.17,9.0,9.04
2017-09-20,9.01,9.7,8.94,9.54
2017-09-21,9.4,9.75,9.36,9.5
2017-09-22,9.4,9.47,9.27,9.36
2017-09-25,9.36,9.64,9.22,9.25
2017-09-26,9.3,9.35,9.07,9.2
2017-09-27,9.16,9.33,9.12,9.3
2017-09-28,9.29,9.56,9.25,9.4
2017-09-29,9.4,9.55,9.35,9.44
2017-10-09,9.55,9.83,9.46,9.7
2017-10-10,9.68,9.77,9.55,9.69
2017-10-11,9.68,9.69,9.45,9.46
2017-10-12,9.46,9.53,9.38,9.46
2017-10-13,9.46,9.57,9.46,9.55
2017-10-16,9.58,9.62,9.27,9.31
2017-10-17,9.26,9.44,9.26,9.38
2017-10-18,9.4,9.52,9.27,9.32
2017-10-19,9.32,9.37,9.0,9.04
2017-10-20,9.04,9.16,9.03,9.12
2017-10-23,9.12,9.25,9.08,9.23
2017-10-24,9.25,9.26,9.05,9.14
2017-10-25,9.14,9.26,9.08,9.2
2017-10-26,9.21,9.34,9.15,9.32
2017-10-27,9.34,9.34,9.18,9.2
2017-10-30,9.18,9.26,8.89,8.91
2017-10-31,8.89,9.26,8.88,9.26
2017-11-01,9.27,9.49,9.22,9.29
2017-11-02,9.21,9.32,9.12,9.17
2017-11-03,9.11,9.35,9.1,9.16
2017-11-06,9.18,9.55,9.13,9.55
2017-11-07,9.5,9.59,9.39,9.56
2017-11-08,9.5,9.83,9.48,9.62
2017-11-09,9.6,10.12,9.54,10.05
2017-11-10,10.0,10.25,9.9,10.09
2017-11-13,10.11,10.69,10.07,10.51
2017-11-14,10.48,10.48,10.15,10.3
2017-11-15,10.19,10.31,9.97,10.08
2017-11-16,10.09,10.18,9.88,10.09
2017-11-17,10.08,10.13,9.57,9.59
2017-11-20,9.52,9.95,9.36,9.87
2017-11-21,9.81,9.96,9.59,9.87
2017-11-22,9.85,10.17,9.76,10.05
2017-11-23,9.94,9.94,9.47,9.5
2017-11-24,9.45,9.63,9.37,9.47
2017-11-27,9.37,9.38,8.98,9.04
2017-11-28,9.1,9.26,9.03,9.24
2017-11-29,9.24,9.24,8.91,9.1
2017-11-30,9.06,9.23,9.02,9.08
2017-12-01,9.07,9.41,9.05,9.34
2017-12-04,9.24,9.36,9.16,9.18
2017-12-05,9.13,9.22,8.71,8.83
2017-12-06,8.82,9.16,8.75,9.13
2017-12-07,9.1,9.19,9.02,9.03
2017-12-08,9.04,9.3,9.0,9.2
2017-12-11,9.18,9.31,9.16,9.29
2017-12-12,9.27,9.27,9.01,9.02
2017-12-13,9.02,9.37,9.01,9.33
2017-12-14,9.33,9.79,9.29,9.63
2017-12-15,9.53,9.74,9.44,9.7
2017-12-18,9.56,9.73,9.46,9.58
2017-12-19,9.63,9.82,9.59,9.71
2017-12-20,9.68,9.73,9.47,9.65
2017-12-21,9.59,9.92,9.5,9.85
2017-12-22,9.91,9.96,9.72,9.77
2017-12-25,9.73,9.74,9.38,9.45
2017-12-26,9.43,9.64,9.38,9.59
2017-12-27,9.56,9.61,9.23,9.26
2017-12-28,9.22,9.54,9.22,9.51
2017-12-29,9.59,9.8,9.5,9.73
2018-01-02,9.86,9.9,9.65,9.83
2018-01-03,9.86,9.93,9.73,9.9
2018-01-04,9.83,10.05,9.76,9.88
2018-01-05,9.87,9.88,9.7,9.83
2018-01-08,9.78,9.8,9.53,9.73
2018-01-09,9.7,9.74,9.55,9.68
2018-01-10,9.65,10.3,9.52,10.28
2018-01-11,10.25,11.31,10.19,11.31
2018-01-12,11.66,12.2,11.18,11.2
2018-01-15,11.11,12.18,10.95,11.73
2018-01-16,11.45,11.58,10.83,11.09
2018-01-17,10.4,10.46,9.98,9.98
2018-01-18,9.95,10.07,9.78,9.82
2018-01-19,9.85,10.01,9.74,9.85
2018-01-22,9.8,9.82,9.37,9.71
2018-01-23,9.68,9.75,9.57,9.6
2018-01-24,9.61,9.93,9.53,9.83
2018-01-25,9.76,9.88,9.68,9.76
2018-01-26,9.77,10.02,9.72,9.87
2018-01-29,9.8,9.84,9.56,9.65
2018-01-30,9.64,9.71,9.21,9.29
2018-01-31,9.31,9.34,8.79,8.93
2018-02-01,8.93,8.97,8.16,8.28
2018-02-02,8.14,8.41,8.09,8.38
2018-02-05,8.12,8.35,8.12,8.26
2018-02-06,8.03,8.16,7.73,7.74
2018-02-07,7.95,8.04,7.66,7.88
2018-02-08,7.87,8.19,7.83,8.13
2018-02-09,7.91,8.0,7.71,7.81
2018-02-12,7.89,8.09,7.85,8.03
2018-02-13,8.1,8.21,8.04,8.1
2018-02-14,8.17,8.17,8.02,8.13
2018-02-22,8.25,8.37,8.14,8.31
2018-02-23,8.26,8.31,8.16,8.25
2018-02-26,8.3,8.54,8.27,8.5
2018-02-27,8.52,8.78,8.48,8.56
2018-02-28,8.42,8.82,8.35,8.69
2018-03-01,8.58,8.95,8.57,8.95
2018-03-02,8.82,8.98,8.72,8.75
2018-03-05,8.82,8.94,8.75,8.93
2018-03-06,8.94,9.07,8.85,8.96
2018-03-07,8.91,8.96,8.75,8.77
2018-03-08,8.76,9.02,8.76,8.87
2018-03-09,8.84,9.14,8.81,9.09
2018-03-12,9.15,9.27,9.06,9.12
2018-03-13,9.09,9.23,8.95,9.06
2018-03-14,9.01,9.03,8.77,8.79
2018-03-15,8.75,8.88,8.65,8.83
2018-03-16,8.8,8.95,8.79,8.81
2018-03-19,8.78,8.98,8.78,8.83
2018-03-20,8.67,8.76,8.54,8.71
2018-03-21,8.74,9.03,8.71,8.78
2018-03-22,8.78,8.92,8.61,8.9
2018-03-23,8.66,8.69,8.02,8.02
2018-03-26,7.78,8.18,7.66,8.13
2018-03-27,8.25,8.58,8.2,8.47
2018-03-28,8.28,8.47,8.26,8.37
2018-03-29,8.37,8.48,8.36,8.46
2018-03-30,8.5,8.84,8.5,8.74
2018-04-02,8.8,9.12,8.68,8.94
2018-04-03,8.78,8.85,8.6,8.78
2018-04-04,8.78,8.83,8.45,8.48
2018-04-09,8.39,8.52,8.2,8.44
2018-04-10,8.47,8.56,8.32,8.56
2018-04-11,8.56,8.78,8.52,8.77
2018-04-12,8.68,8.9,8.67,8.75
2018-04-13,8.82,8.96,8.77,8.77
2018-04-16,8.73,8.94,8.6,8.91
2018-04-17,8.93,9.08,8.5,8.55
2018-04-18,8.63,9.41,8.5,9.41
2018-04-19,9.69,9.97,9.51,9.54
2018-04-20,9.41,9.92,9.38,9.67
2018-04-23,9.65,9.66,9.04,9.25
2018-04-24,9.26,9.65,9.16,9.65
2018-04-25,9.52,9.94,9.49,9.73
2018-04-26,9.6,9.87,9.52,9.59
2018-04-27,9.7,9.78,9.18,9.34
2018-05-02,9.12,9.26,8.76,8.87
2018-05-03,8.83,9.12,8.66,9.03
2018-05-04,8.95,9.15,8.93,8.94
2018-05-07,8.95,9.06,8.83,9.05
2018-05-08,9.04,9.04,8.9,8.99
2018-05-09,9.0,9.08,8.84,8.89
2018-05-10,8.9,8.94,8.7,8.84
2018-05-11,8.84,8.87,8.71,8.72
2018-05-14,8.55,8.71,8.5,8.52
2018-05-15,8.52,8.62,8.33,8.61
2018-05-16,8.56,8.58,8.43,8.45
2018-05-17,8.49,8.51,8.41,8.42
2018-05-18,8.44,8.47,8.25,8.39
2018-05-21,8.45,8.58,8.45,8.55
2018-05-22,8.58,8.58,8.46,8.54
2018-05-23,8.53,8.68,8.4,8.56
2018-05-24,8.53,8.58,8.44,8.51
2018-05-25,8.51,8.51,8.31,8.32
2018-05-28,8.31,8.33,8.15,8.17
2018-05-29,8.16,8.29,8.14,8.2
2018-05-30,8.16,8.16,7.83,7.95
2018-05-31,7.94,8.08,7.93,8.01
2018-06-01,8.0,8.04,7.86,7.91
2018-06-04,7.97,8.02,7.91,7.95
2018-06-05,7.98,8.15,7.98,8.14
2018-06-06,8.13,8.16,8.05,8.09
2018-06-07,8.12,8.15,8.0,8.01
2018-06-08,7.97,8.01,7.69,7.8
2018-06-11,7.81,7.84,7.71,7.78
2018-06-12,7.81,7.89,7.67,7.86
2018-06-13,7.84,7.94,7.75,7.76
2018-06-14,7.75,7.86,7.71,7.72
2018-06-15,7.72,7.77,7.39,7.45
2018-06-19,7.44,7.44,6.71,6.84
2018-06-20,6.78,6.91,6.62,6.82
2018-06-21,6.82,6.84,6.24,6.28
2018-06-22,6.23,6.48,6.0,6.44
2018-06-25,6.52,6.59,6.39,6.41
2018-06-26,6.36,6.79,6.28,6.63
2018-06-27,6.62,6.78,6.58,6.65
2018-06-28,6.6,6.74,6.55,6.59
2018-06-29,6.59,6.83,6.56,6.82
2018-07-02,6.82,6.84,6.58,6.66
2018-07-03,6.62,6.9,6.54,6.86
2018-07-04,6.94,6.94,6.7,6.78
2018-07-05,6.72,6.82,6.48,6.5
2018-07-06,6.52,6.85,6.44,6.72
2018-07-09,6.76,6.9,6.68,6.86
2018-07-10,6.86,6.92,6.77,6.87
2018-07-11,6.78,6.78,6.57,6.67
2018-07-12,6.74,6.93,6.7,6.86
2018-07-13,6.88,6.89,6.77,6.82
2018-07-16,6.81,7.02,6.78,6.91
2018-07-17,6.88,6.93,6.8,6.93
2018-07-18,6.99,7.18,6.93,6.93
2018-07-19,6.91,6.94,6.77,6.81
2018-07-20,6.81,6.95,6.72,6.91
2018-07-23,6.9,7.07,6.86,7.02
2018-07-24,7.13,7.13,7.0,7.08
2018-07-25,7.1,7.23,7.06,7.1
2018-07-26,7.07,7.1,6.99,7.04
2018-07-27,7.03,7.04,6.92,7.03
2018-07-30,7.02,7.06,6.9,6.94
2018-07-31,6.98,6.98,6.88,6.9
2018-08-01,6.91,6.99,6.68,6.7
2018-08-02,6.66,6.73,6.28,6.4
2018-08-03,6.42,6.52,6.33,6.38
2018-08-06,6.42,6.46,6.18,6.25
2018-08-07,6.28,6.43,6.23,6.42
2018-08-08,6.41,6.46,6.3,6.34
2018-08-09,6.33,6.62,6.29,6.57
2018-08-10,6.55,6.59,6.5,6.57
2018-08-13,6.5,6.7,6.41,6.65
2018-08-14,6.61,6.65,6.53,6.57
2018-08-15,6.57,6.64,6.43,6.44
2018-08-16,6.35,6.54,6.26,6.45
2018-08-17,6.55,6.59,6.32,6.38
2018-08-20,6.24,6.4,6.23,6.38
2018-08-21,6.37,6.45,6.34,6.41
2018-08-22,6.39,6.4,6.21,6.22
2018-08-23,6.22,6.37,6.21,6.33
2018-08-24,6.32,6.38,6.29,6.33
2018-08-27,6.3,6.48,6.3,6.45
2018-08-28,6.45,6.54,6.43,6.47
2018-08-29,6.49,6.49,6.34,6.38
2018-08-30,6.39,6.39,6.25,6.25
2018-08-31,6.24,6.28,6.18,6.19
2018-09-03,6.19,6.19,6.01,6.14
2018-09-04,6.13,6.25,6.11,6.22
2018-09-05,6.2,6.23,6.08,6.09
2018-09-06,6.1,6.22,6.08,6.14
2018-09-07,6.11,6.22,6.06,6.12
2018-09-10,6.1,6.14,6.02,6.03
2018-09-11,6.05,6.11,5.97,6.0
2018-09-12,6.01,6.05,5.98,6.01
2018-09-13,6.05,6.11,6.01,6.07
2018-09-14,6.06,6.09,6.01,6.04
2018-09-17,6.03,6.03,5.89,5.89
2018-09-18,5.89,6.0,5.88,5.98
2018-09-19,5.96,6.18,5.95,6.14
2018-09-20,6.16,6.39,6.12,6.2
2018-09-21,6.12,6.23,6.11,6.22
2018-09-25,6.17,6.22,6.14,6.18
2018-09-26,6.16,6.22,6.14,6.17
2018-09-27,6.19,6.2,6.05,6.06
2018-09-28,6.07,6.11,6.06,6.1
2018-10-08,5.99,6.04,5.94,5.95
2018-10-09,5.99,6.0,5.88,5.9
2018-10-10,5.91,5.94,5.85,5.91
2018-10-11,5.77,5.77,5.32,5.36
2018-10-12,5.3,5.32,4.83,5.11
2018-10-15,5.18,5.25,4.97,5.03
2018-10-16,5.06,5.12,4.88,4.93
2018-10-17,5.0,5.05,4.92,5.04
2018-10-18,5.0,5.02,4.89,4.91
2018-10-19,4.85,5.06,4.75,5.06
2018-10-22,5.07,5.44,5.07,5.32
2018-10-23,5.3,5.33,5.15,5.2
2018-10-24,5.16,5.27,5.13,5.2
2018-10-25,5.05,5.17,4.92,5.16
2018-10-26,5.18,5.31,5.17,5.21
2018-10-29,5.16,5.24,5.13,5.15
2018-10-30,5.13,5.27,5.13,5.24
2018-10-31,5.27,5.41,5.27,5.39
2018-11-01,5.44,5.58,5.42,5.46
2018-11-02,5.5,5.8,5.5,5.73
2018-11-05,5.73,5.75,5.6,5.69
2018-11-06,5.66,5.72,5.56,5.7
2018-11-07,5.67,5.82,5.66,5.7
2018-11-08,5.75,5.82,5.7,5.75
2018-11-09,5.71,5.77,5.66,5.73
2018-11-12,5.69,6.0,5.65,5.99
2018-11-13,5.93,6.11,5.86,6.06
2018-11-14,6.06,6.14,5.98,6.05
2018-11-15,6.03,6.2,6.03,6.19
2018-11-16,6.2,6.45,6.2,6.34
2018-11-19,6.33,6.48,6.3,6.46
2018-11-20,6.42,6.47,6.12,6.15
2018-11-21,6.11,6.18,5.93,6.14
2018-11-22,6.22,6.3,6.08,6.19
2018-11-23,6.2,6.23,5.92,5.93
2018-11-26,5.94,6.35,5.94,6.18
2018-11-27,6.31,6.34,6.06,6.14
2018-11-28,6.13,6.2,6.0,6.2
2018-11-29,6.2,6.23,5.94,5.97
2018-11-30,5.98,6.12,5.95,6.08
2018-12-03,6.19,6.35,6.19,6.29
2018-12-04,6.28,6.38,6.25,6.35
2018-12-05,6.26,6.32,6.2,6.26
2018-12-06,6.26,6.26,5.98,6.03
2018-12-07,6.05,6.14,6.04,6.11
2018-12-10,6.08,6.17,6.02,6.1
2018-12-11,6.08,6.18,6.08,6.17
2018-12-12,6.14,6.2,6.06,6.08
2018-12-13,6.09,6.25,6.05,6.19
2018-12-14,6.18,6.18,5.93,5.95
2018-12-17,5.96,6.06,5.9,6.06
2018-12-18,6.0,6.05,5.95,6.02
2018-12-19,6.02,6.05,5.88,5.92
2018-12-20,5.94,5.97,5.69,5.78
2018-12-21,5.81,5.98,5.78,5.97
2018-12-24,5.92,6.01,5.88,5.98
2018-12-25,5.9,5.96,5.69,5.89
2018-12-26,5.9,5.91,5.77,5.78
2018-12-27,5.89,6.01,5.8,5.87
2018-12-28,5.82,5.86,5.69,5.75
2019-01-02,5.79,5.79,5.67,5.68
2019-01-03,5.72,5.75,5.63,5.64
2019-01-04,5.54,5.79,5.51,5.78
2019-01-07,5.78,6.03,5.77,6.03
2019-01-08,6.03,6.13,5.98,6.03
2019-01-09,6.1,6.18,6.03,6.07
2019-01-10,6.08,6.27,6.08,6.11
2019-01-11,6.11,6.27,6.11,6.2
2019-01-14,6.19,6.22,6.08,6.13
2019-01-15,6.18,6.29,6.12,6.28
2019-01-16,6.24,6.31,6.17,6.18
2019-01-17,6.21,6.24,6.12,6.22
2019-01-18,6.23,6.23,6.04,6.14
2019-01-21,6.14,6.23,6.09,6.17
2019-01-22,6.18,6.22,6.03,6.08
2019-01-23,6.07,6.1,6.02,6.06
2019-01-24,6.08,6.27,6.04,6.19
2019-01-25,6.21,6.24,6.11,6.11
2019-01-28,6.14,6.23,6.06,6.08
2019-01-29,6.1,6.11,5.83,5.96
2019-01-30,5.96,6.08,5.91,5.91
2019-01-31,5.95,5.97,5.73,5.83
2019-02-01,5.84,6.04,5.81,6.03
2019-02-11,6.04,6.29,6.04,6.26
2019-02-12,6.26,6.45,6.22,6.39
2019-02-13,6.39,6.99,6.39,6.8
2019-02-14,6.8,6.87,6.66,6.77
2019-02-15,6.84,7.04,6.77,6.77
2019-02-18,7.02,7.45,6.96,7.36
2019-02-19,7.53,7.53,7.15,7.22
2019-02-20,7.19,7.25,7.05,7.15
2019-02-21,7.11,7.28,7.02,7.05
2019-02-22,7.01,7.38,7.01,7.34
2019-02-25,7.49,7.75,7.4,7.72
2019-02-26,7.7,7.71,7.42,7.48
2019-02-27,7.47,7.6,7.32,7.43
2019-02-28,7.4,7.51,7.3,7.36
2019-03-01,7.41,7.48,7.32,7.45
2019-03-04,7.49,7.72,7.48,7.52
2019-03-05,7.53,7.94,7.48,7.91
2019-03-06,7.92,8.04,7.72,7.96
2019-03-07,7.93,8.23,7.82,8.1
2019-03-08,7.95,8.9,7.72,8.11
2019-03-11,8.45,8.6,8.15,8.48
2019-03-12,8.6,8.87,8.4,8.76
2019-03-13,8.74,8.74,8.05,8.2
2019-03-14,8.15,8.2,7.7,7.81
2019-03-15,7.86,8.01,7.78,7.9
2019-03-18,7.83,8.19,7.74,8.19
2019-03-19,8.16,8.66,8.12,8.44
2019-03-20,8.64,8.9,8.1,8.32
2019-03-21,8.15,9.15,8.15,9.15
2019-03-22,9.68,10.07,9.22,10.07
2019-03-25,10.5,11.08,10.08,10.87
2019-03-26,10.19,10.79,9.78,9.99
2019-03-27,10.05,10.12,9.24,9.45
2019-03-28,9.3,9.65,9.02,9.06
2019-03-29,8.96,9.5,8.78,9.38
2019-04-01,9.46,9.94,9.46,9.8
2019-04-02,9.76,9.97,9.61,9.75
2019-04-03,10.19,10.48,9.66,9.82
2019-04-04,9.82,9.83,9.51,9.57
2019-04-08,9.58,9.64,9.13,9.35
2019-04-09,9.3,9.56,9.17,9.48
2019-04-10,9.38,9.6,9.21,9.54
2019-04-11,9.54,9.54,9.27,9.3
2019-04-12,9.26,9.37,8.94,9.02
2019-04-15,9.19,9.32,8.98,8.99
2019-04-16,8.87,9.16,8.7,9.15
2019-04-17,9.15,9.33,9.1,9.16
2019-04-18,9.18,9.19,8.98,8.98
2019-04-19,8.91,8.97,8.81,8.96
2019-04-22,9.0,9.11,8.87,8.88
2019-04-23,8.9,8.91,8.47,8.57
2019-04-24,8.67,8.84,8.53,8.79
2019-04-25,8.83,8.97,8.46,8.49
2019-04-26,8.42,8.69,8.42,8.53
2019-04-29,8.56,8.62,7.84,8.01
2019-04-30,8.07,8.35,8.07,8.28
2019-05-06,8.04,8.09,7.45,7.45
2019-05-07,7.62,7.67,7.35,7.54
2019-05-08,7.36,7.92,7.23,7.67
2019-05-09,7.65,7.93,7.59,7.68
2019-05-10,7.82,8.13,7.38,8.12
2019-05-13,8.17,8.34,8.03,8.14
2019-05-14,8.06,8.26,7.98,7.99
2019-05-15,8.1,8.17,8.03,8.12
2019-05-16,8.11,8.11,7.98,8.04
2019-05-17,8.07,8.24,7.91,7.96
2019-05-20,8.19,8.76,8.06,8.76
2019-05-21,8.78,9.15,8.41,8.83
2019-05-22,8.69,9.08,8.63,9.02
2019-05-23,8.98,9.01,8.68,8.71
2019-05-24,8.53,8.7,8.17,8.19
2019-05-27,8.25,8.9,8.16,8.8
2019-05-28,8.74,8.85,8.63,8.76
2019-05-29,8.66,9.14,8.66,8.94
2019-05-30,8.83,8.83,8.5,8.67
2019-05-31,8.66,9.15,8.63,9.05
2019-06-03,9.15,9.16,8.76,8.91
2019-06-04,8.82,8.94,8.59,8.66
2019-06-05,8.8,8.91,8.67,8.7
2019-06-06,8.62,8.66,8.05,8.11
2019-06-10,8.11,8.29,8.11,8.15
2019-06-11,8.16,8.47,8.01,8.45
2019-06-12,8.39,8.73,8.35,8.61
2019-06-13,8.6,8.69,8.42,8.49
2019-06-14,8.52,8.55,8.15,8.18
2019-06-17,8.15,8.26,8.11,8.21
2019-06-18,8.21,8.23,8.07,8.11
2019-06-19,8.3,8.4,8.2,8.21
2019-06-20,8.21,8.42,8.15,8.36
2019-06-21,8.49,8.51,8.37,8.46
2019-06-24,8.52,8.65,8.41,8.45
2019-06-25,8.43,8.48,8.13,8.3
2019-06-26,8.23,8.43,8.17,8.32
2019-06-27,8.31,8.39,8.23,8.28
2019-06-28,8.17,8.24,8.09,8.13
2019-07-01,8.35,8.53,8.28,8.48
2019-07-02,8.49,8.52,8.3,8.33
2019-07-03,8.32,8.32,8.15,8.2
2019-07-04,8.2,8.26,8.12,8.19
2019-07-05,8.17,8.23,8.13,8.2
2019-07-08,8.17,8.19,7.81,7.84
2019-07-09,7.84,7.88,7.62,7.72
2019-07-10,7.74,7.83,7.69,7.73
2019-07-11,7.81,7.81,7.65,7.67
2019-07-12,7.68,7.77,7.64,7.74
2019-07-15,7.72,7.98,7.58,7.87
2019-07-16,7.88,7.95,7.81,7.94
2019-07-17,7.84,8.22,7.84,8.13
2019-07-18,8.05,8.06,7.89,7.91
2019-07-19,7.99,8.13,7.94,7.97
2019-07-22,7.95,8.02,7.66,7.74
2019-07-23,7.74,7.83,7.7,7.81
2019-07-24,7.9,8.03,7.85,7.94
2019-07-25,7.94,8.13,7.88,8.07
2019-07-26,8.01,8.08,7.92,7.97
2019-07-29,8.0,8.07,7.91,8.02
2019-07-30,8.02,8.1,7.94,8.08
2019-07-31,8.09,8.2,8.04,8.16
2019-08-01,8.1,8.23,8.03,8.08
2019-08-02,7.9,7.95,7.81,7.9
2019-08-05,7.86,8.12,7.84,7.93
2019-08-06,7.8,7.8,7.38,7.67
2019-08-07,7.71,7.75,7.54,7.55
2019-08-08,7.58,7.61,7.5,7.55
2019-08-09,7.6,7.63,7.37,7.39
2019-08-12,7.41,7.67,7.4,7.66
2019-08-13,7.58,7.73,7.56,7.71
2019-08-14,7.86,8.02,7.81,7.91
2019-08-15,7.74,8.21,7.72,8.14
2019-08-16,8.26,8.95,8.16,8.8
2019-08-19,9.68,9.68,9.68,9.68
2019-08-20,10.65,10.65,10.65,10.65
2019-08-21,10.7,11.72,10.53,11.72
2019-08-22,12.19,12.85,11.79,12.27
2019-08-23,12.51,13.1,12.04,12.9
2019-08-26,12.51,13.46,12.18,12.91
2019-08-27,12.61,13.16,12.3,12.4
2019-08-28,12.3,12.38,11.86,11.91
2019-08-29,11.99,12.37,11.83,12.03
2019-08-30,12.07,12.14,10.83,10.86
2019-09-02,10.9,11.19,10.69,11.16
2019-09-03,11.2,12.28,11.02,12.28
2019-09-04,12.41,13.33,12.31,12.62
2019-09-05,12.82,13.88,12.3,13.31
2019-09-06,13.52,14.17,12.94,13.57
2019-09-09,13.5,13.55,12.93,13.44
2019-09-10,13.27,13.48,12.77,13.11
2019-09-11,13.0,13.87,12.97,13.1
2019-09-12,13.01,13.1,12.47,12.69
2019-09-16,12.7,13.0,12.43,12.81
2019-09-17,12.69,13.56,12.55,13.14
2019-09-18,13.0,13.04,12.45,12.51
2019-09-19,12.4,12.41,11.8,12.18
2019-09-20,12.18,12.64,12.12,12.43
2019-09-23,12.39,12.83,12.0,12.78
2019-09-24,12.61,12.96,12.5,12.57
2019-09-25,12.46,12.79,12.0,12.02
2019-09-26,12.05,12.12,10.82,10.84
2019-09-27,10.8,11.4,10.8,11.28
2019-09-30,11.42,11.47,10.9,11.13
2019-10-08,11.29,11.37,10.93,10.97
2019-10-09,10.96,11.34,10.71,11.24
2019-10-10,11.28,11.45,11.15,11.34
2019-10-11,11.3,11.31,10.91,11.09
2019-10-14,11.26,11.65,11.11,11.48
2019-10-15,11.4,11.41,10.95,11.01
2019-10-16,11.06,11.09,10.84,10.87
2019-10-17,10.84,10.95,10.7,10.82
2019-10-18,10.73,11.07,10.4,10.41
2019-10-21,10.5,10.61,10.05,10.55
2019-10-22,10.49,10.68,10.49,10.64
2019-10-23,10.59,10.76,10.41,10.49
2019-10-24,10.5,10.52,10.24,10.39
2019-10-25,10.41,10.75,10.29,10.67
2019-10-28,11.6,11.74,11.26,11.74
2019-10-29,11.9,11.9,11.01,11.03
2019-10-30,10.8,10.8,10.37,10.41
2019-10-31,10.32,10.67,10.16,10.17
2019-11-01,10.11,10.28,10.07,10.24
2019-11-04,10.24,10.36,10.14,10.18
2019-11-05,10.18,10.29,9.94,10.24
2019-11-06,10.2,10.32,9.99,10.07
2019-11-07,10.02,10.16,10.0,10.09
2019-11-08,10.15,10.35,10.11,10.14
2019-11-11,10.01,10.08,9.7,9.7
2019-11-12,9.75,9.83,9.45,9.81
2019-11-13,9.71,9.78,9.58,9.66
2019-11-14,9.66,9.82,9.62,9.74
2019-11-15,9.7,9.83,9.48,9.75
2019-11-18,9.8,10.36,9.73,10.22
2019-11-19,10.16,10.28,10.08,10.27
2019-11-20,10.25,10.38,10.15,10.19
2019-11-21,10.15,10.25,10.0,10.22
2019-11-22,10.18,10.32,9.91,9.91
2019-11-25,9.91,9.99,9.53,9.64
2019-11-26,9.69,9.76,9.57,9.59
2019-11-27,9.59,9.76,9.47,9.65
2019-11-28,9.61,9.67,9.5,9.53
2019-11-29,9.53,9.58,9.46,9.57
2019-12-02,9.58,9.69,9.56,9.62
2019-12-03,9.55,10.03,9.55,10.03
2019-12-04,9.91,10.1,9.87,10.06
2019-12-05,10.0,10.49,9.99,10.35
2019-12-06,10.32,10.45,10.18,10.35
2019-12-09,10.39,10.83,10.31,10.61
2019-12-10,10.55,10.75,10.39,10.64
2019-12-11,10.59,10.79,10.48,10.65
2019-12-12,10.63,10.72,10.41,10.53
2019-12-13,10.7,10.78,10.5,10.61
2019-12-16,10.68,11.67,10.68,11.45
2019-12-17,11.55,12.16,11.42,11.99
2019-12-18,11.87,12.03,11.68,11.69
2019-12-19,11.87,11.97,11.7,11.84
2019-12-20,11.86,11.97,11.51,11.65
2019-12-23,11.43,11.46,11.01,11.05
2019-12-24,11.12,11.22,10.95,11.19
2019-12-25,11.19,12.2,11.18,11.92
2019-12-26,11.88,12.34,11.82,12.14
2019-12-27,12.13,13.29,12.08,12.53
2019-12-30,12.46,12.89,12.16,12.54
2019-12-31,12.52,12.8,12.16,12.18
2020-01-02,12.4,13.17,12.23,12.88
2020-01-03,13.0,14.17,12.81,14.17
2020-01-06,14.29,15.45,13.59,14.84
2020-01-07,14.83,15.38,14.55,14.64
2020-01-08,14.66,14.95,14.15,14.18
2020-01-09,14.42,14.6,13.95,14.38
2020-01-10,14.38,14.7,14.1,14.45
2020-01-13,14.32,14.74,14.02,14.65
2020-01-14,14.72,15.48,14.67,15.0
2020-01-15,14.93,15.08,14.28,14.62
2020-01-16,14.6,14.9,14.45,14.65
2020-01-17,14.68,14.77,14.2,14.2
2020-01-20,14.34,14.56,13.77,14.39
2020-01-21,14.4,14.64,14.0,14.16
2020-01-22,14.04,15.35,13.93,15.12
2020-01-23,14.89,15.89,14.45,14.91
2020-02-03,13.42,13.42,13.42,13.42
2020-02-04,12.08,13.2,12.08,12.9
2020-02-05,12.91,13.73,12.76,12.88
2020-02-06,12.88,13.55,12.8,13.44
2020-02-07,13.38,13.92,13.0,13.8
2020-02-10,13.83,15.18,13.83,15.18
2020-02-11,14.94,15.12,14.61,14.91
2020-02-12,14.91,16.2,14.78,16.07
2020-02-13,16.3,17.48,16.15,16.52
2020-02-14,17.0,17.37,16.5,16.71
2020-02-17,16.79,18.38,16.62,18.38
2020-02-18,19.11,19.99,18.78,19.42
2020-02-19,19.12,19.95,18.92,19.94
2020-02-20,20.05,20.9,18.96,19.75
2020-02-21,19.5,21.6,19.39,21.4
2020-02-24,22.0,22.98,21.0,22.9
2020-02-25,21.79,23.5,20.61,22.54
2020-02-26,21.61,22.0,20.29,20.29
2020-02-27,20.32,20.6,19.0,19.25
2020-02-28,17.97,18.28,17.33,17.41
2020-03-02,18.01,19.15,17.56,18.86
2020-03-03,19.31,20.32,18.99,19.24
2020-03-04,19.06,19.63,18.18,18.96
2020-03-05,19.53,19.63,18.37,18.86
2020-03-06,18.54,19.25,18.16,18.77
2020-03-09,18.08,18.27,16.91,16.96
2020-03-10,16.88,18.36,16.68,18.32
2020-03-11,18.4,18.53,17.28,17.31
2020-03-12,16.94,17.64,16.86,17.19
2020-03-13,16.01,18.13,16.01,17.76
2020-03-16,17.97,18.01,16.18,16.57
2020-03-17,17.16,17.26,16.1,17.02
2020-03-18,17.3,18.72,17.18,18.19
2020-03-19,18.49,19.56,18.1,19.52
2020-03-20,19.78,20.08,18.84,19.4
2020-03-23,18.8,19.59,17.69,17.88
2020-03-24,18.55,18.95,17.08,18.62
2020-03-25,19.23,19.26,18.18,18.64
2020-03-26,18.37,18.65,17.81,17.82
2020-03-27,18.35,19.45,18.18,18.54
2020-03-30,18.19,19.34,18.02,18.22
2020-03-31,18.49,18.57,16.96,17.2
2020-04-01,16.78,17.73,16.78,17.34
2020-04-02,17.15,18.65,17.1,18.65
2020-04-03,19.21,20.52,19.11,20.52
2020-04-07,21.57,22.57,21.28,22.57
2020-04-08,21.99,22.28,20.31,20.4
2020-04-09,20.51,21.19,20.0,21.0
2020-04-10,20.55,20.65,19.03,19.38
2020-04-13,18.89,19.97,18.61,19.68
2020-04-14,19.59,19.95,19.33,19.82
2020-04-15,19.79,20.6,19.25,20.11
2020-04-16,19.6,20.06,19.4,19.85
2020-04-17,20.06,21.6,19.94,20.62
2020-04-20,20.61,21.11,20.34,20.65
2020-04-21,20.31,20.47,19.67,19.89
2020-04-22,19.59,19.94,19.49,19.87
2020-04-23,19.8,20.15,19.17,19.22
2020-04-24,19.31,19.82,19.21,19.36
2020-04-27,19.3,19.45,18.51,18.8
2020-04-28,18.79,19.56,17.56,19.05
2020-04-29,18.89,19.27,18.6,18.63
2020-04-30,19.09,20.39,19.09,20.3
2020-05-06,20.09,21.3,19.93,20.9
2020-05-07,20.9,21.04,20.27,20.3
2020-05-08,20.61,21.28,20.11,20.77
2020-05-11,20.79,21.08,20.3,20.61
2020-05-12,20.38,22.67,20.21,22.67
2020-05-13,22.67,23.97,22.17,22.76
2020-05-14,22.43,24.98,22.22,24.15
2020-05-15,24.06,26.19,23.88,25.29
2020-05-18,25.8,25.88,22.76,22.91
2020-05-19,23.55,24.1,22.76,23.9
2020-05-20,23.52,23.86,22.54,22.83
2020-05-21,22.8,23.11,21.91,22.1
2020-05-22,22.09,23.23,21.96,22.81
2020-05-25,22.34,23.24,21.8,23.18
2020-05-26,23.29,24.16,22.9,23.62
2020-05-27,23.34,23.61,22.55,22.6
2020-05-28,22.7,23.04,21.75,22.5
2020-05-29,22.15,22.7,21.93,22.51
2020-06-01,22.7,23.87,22.57,23.37
2020-06-02,23.45,24.55,23.06,24.05
2020-06-03,24.05,24.96,23.59,23.88
2020-06-04,23.88,24.77,23.72,24.3
2020-06-05,24.3,24.85,23.92,24.28
2020-06-08,24.4,24.85,23.36,23.38
2020-06-09,23.31,23.83,22.8,23.51
2020-06-10,23.46,23.53,22.8,23.33
2020-06-11,23.13,23.88,23.13,23.37
2020-06-12,22.7,23.27,22.6,23.0
2020-06-15,22.8,23.27,22.3,22.42
2020-06-16,22.7,23.14,22.3,22.73
2020-06-17,22.9,22.92,22.1,22.52
2020-06-18,22.55,23.1,22.3,22.95
2020-06-19,23.03,23.77,22.78,23.34
2020-06-22,23.81,24.02,23.41,23.62
2020-06-23,23.51,23.72,23.12,23.28
2020-06-24,23.3,23.78,22.68,23.71
2020-06-29,23.5,23.65,22.8,22.97
2020-06-30,22.22,22.53,21.28,21.83
2020-07-01,21.8,22.16,21.47,21.9
2020-07-02,21.97,23.09,21.7,22.67
2020-07-03,22.6,23.05,22.34,22.77
2020-07-06,23.0,25.05,23.0,25.05
2020-07-07,26.4,27.39,25.83,26.22
2020-07-08,26.23,28.18,26.23,27.88
2020-07-09,27.86,28.4,27.01,27.66
2020-07-10,27.5,28.84,27.01,28.05
2020-07-13,28.33,28.88,27.69,28.51
2020-07-14,28.52,28.6,26.3,27.47
2020-07-15,27.47,27.8,25.6,25.8
2020-07-16,25.71,26.19,23.52,23.73
2020-07-17,23.8,24.52,23.44,24.2
2020-07-20,24.45,24.74,23.81,24.7
2020-07-21,24.7,24.88,24.06,24.32
2020-07-22,24.3,25.92,24.0,25.51
2020-07-23,25.12,25.39,24.01,24.8
2020-07-24,24.5,24.89,23.06,23.4
2020-07-27,23.5,24.25,23.4,23.8
2020-07-28,24.0,24.35,23.56,24.04
2020-07-29,24.0,24.95,23.85,24.92
2020-07-30,24.84,24.84,24.24,24.47
2020-07-31,24.52,25.33,24.47,25.27
2020-08-03,25.4,26.39,25.06,26.2
2020-08-04,26.33,26.33,25.35,25.57
2020-08-05,26.2,26.66,25.68,25.97
2020-08-06,25.94,27.65,25.58,27.13
2020-08-07,26.6,26.87,25.4,25.75
2020-08-10,25.4,26.21,25.15,25.49
2020-08-11,25.5,25.82,24.45,24.5
2020-08-12,24.32,25.27,24.02,25.27
2020-08-13,25.22,25.57,24.75,24.84
2020-08-14,24.88,25.29,24.85,25.23
2020-08-17,25.31,26.15,25.23,25.97
2020-08-18,26.0,27.28,26.0,26.75
2020-08-19,26.31,26.6,25.88,26.08
2020-08-20,25.98,27.25,25.63,26.79
2020-08-21,27.0,27.0,25.98,26.4
2020-08-24,26.42,26.89,25.71,26.53
2020-08-25,26.45,26.53,25.5,25.51
2020-08-26,25.56,25.73,24.61,24.7
2020-08-27,24.78,25.44,24.69,25.28
2020-08-28,25.18,26.5,24.88,26.48
2020-08-31,26.0,26.16,25.36,25.45
2020-09-01,25.32,25.8,25.15,25.45
2020-09-02,25.48,25.56,24.88,25.34
2020-09-03,25.4,25.5,25.0,25.11
2020-09-04,24.6,25.28,24.5,25.09
2020-09-07,25.09,25.3,22.85,23.28
2020-09-08,23.4,23.4,21.45,21.9
2020-09-09,21.49,21.6,20.5,20.5
2020-09-10,21.0,21.17,20.35,20.51
2020-09-11,20.35,21.17,20.35,21.12
2020-09-14,21.37,21.62,20.85,21.11
2020-09-15,21.1,21.31,20.83,21.18
2020-09-16,21.16,21.17,20.58,20.75
2020-09-17,20.83,21.26,20.52,21.04
2020-09-18,20.87,21.48,20.85,21.42
2020-09-21,21.55,22.2,21.42,21.59
2020-09-22,21.26,21.85,21.22,21.52
2020-09-23,21.48,22.09,21.47,22.09
2020-09-24,21.92,22.0,21.5,21.56
2020-09-25,21.65,21.88,20.9,21.2
2020-09-28,21.09,21.13,19.18,19.28
2020-09-29,19.48,20.96,19.38,20.78
2020-09-30,20.9,20.91,20.34,20.64
2020-10-09,21.12,21.69,21.05,21.57
2020-10-12,22.2,23.49,22.2,23.16
2020-10-13,23.23,23.3,22.6,23.2
2020-10-14,23.31,23.88,22.71,22.8
2020-10-15,23.08,23.47,22.7,23.04
2020-10-16,22.91,23.8,22.9,23.33
2020-10-19,23.99,23.99,21.79,22.24
2020-10-20,22.3,22.67,21.95,22.67
2020-10-21,22.68,22.86,22.24,22.47
2020-10-22,22.46,22.67,22.23,22.44
2020-10-23,22.45,22.64,21.73,21.8
2020-10-26,21.8,22.16,21.38,21.89
2020-10-27,21.82,22.02,21.67,21.77
2020-10-28,21.77,22.06,21.19,21.83
2020-10-29,21.7,21.88,21.27,21.61
2020-10-30,20.8,22.0,20.8,21.19
2020-11-02,21.15,21.48,20.53,21.3
2020-11-03,21.26,21.95,21.1,21.48
2020-11-04,21.5,21.68,21.15,21.28
2020-11-05,21.61,22.66,21.48,21.89
2020-11-06,21.59,21.81,21.33,21.7
2020-11-09,21.95,23.3,21.95,22.94
2020-11-10,22.85,22.85,22.03,22.2
2020-11-11,22.1,22.18,21.44,21.49
2020-11-12,21.69,21.88,21.29,21.43
2020-11-13,21.4,21.6,21.09,21.6
2020-11-16,21.61,21.67,21.31,21.44
2020-11-17,21.35,21.44,20.38,20.93
2020-11-18,20.98,21.04,20.6,20.64
2020-11-19,20.51,20.82,20.23,20.64
2020-11-20,20.6,20.82,20.51,20.7
2020-11-23,20.69,20.69,20.23,20.47
2020-11-24,20.5,20.98,20.5,20.56
2020-11-25,20.54,20.6,20.08,20.13
2020-11-26,20.13,20.3,20.01,20.11
2020-11-27,20.09,20.37,19.96,20.25
2020-11-30,20.7,20.88,20.43,20.57
2020-12-01,20.46,20.74,20.3,20.69
2020-12-02,20.63,21.15,20.63,21.03
2020-12-03,21.8,21.98,21.15,21.22
2020-12-04,21.12,21.69,21.12,21.35
2020-12-07,21.6,21.8,21.15,21.18
2020-12-08,21.16,21.34,20.85,20.97
2020-12-09,20.95,20.97,20.35,20.38
2020-12-10,20.31,20.69,20.19,20.46
2020-12-11,20.39,20.7,20.14,20.68
2020-12-14,20.58,20.68,20.33,20.55
2020-12-15,20.47,20.95,20.45,20.62
2020-12-16,20.57,20.63,19.98,20.03
2020-12-17,20.01,20.13,19.45,20.11
2020-12-18,20.68,20.68,19.86,20.26
2020-12-21,20.12,20.56,19.91,20.35
2020-12-22,20.15,20.15,19.58,19.6
2020-12-23,19.53,19.68,19.01,19.63
2020-12-24,19.45,19.62,18.76,18.86
2020-12-25,18.95,19.11,18.61,18.71
2020-12-28,18.5,18.5,17.68,18.12
2020-12-29,18.08,18.75,18.0,18.4
2020-12-30,18.38,18.48,18.12,18.38
2020-12-31,18.41,19.05,18.2,19.01
2021-01-04,19.11,19.6,18.88,19.42
2021-01-05,19.35,19.82,19.1,19.68
2021-01-06,19.7,19.82,19.1,19.27
2021-01-07,19.08,19.24,18.56,18.82
2021-01-08,18.83,19.6,18.83,19.36
2021-01-11,19.26,19.75,19.06,19.23
2021-01-12,19.1,19.38,18.91,19.3
2021-01-13,19.26,19.8,18.94,19.65
2021-01-14,19.55,20.38,19.27,20.2
2021-01-15,20.1,20.25,19.31,19.45
2021-01-18,19.31,20.39,19.01,20.01
2021-01-19,20.0,22.01,19.73,20.88
2021-01-20,20.2,20.64,20.05,20.47
2021-01-21,20.46,20.49,20.02,20.2
2021-01-22,20.25,20.39,19.41,19.63
2021-01-25,19.64,21.1,19.15,20.99
2021-01-26,20.55,20.92,19.95,20.11
2021-01-27,20.14,20.86,20.14,20.23
2021-01-28,19.99,20.98,19.9,20.33
2021-01-29,20.74,20.96,20.3,20.68
2021-02-01,20.49,20.74,20.01,20.49
2021-02-02,20.68,21.13,20.32,20.94
2021-02-03,21.05,21.72,20.65,20.7
2021-02-04,20.2,20.79,19.23,19.88
2021-02-05,19.8,19.82,18.67,18.73
2021-02-08,18.73,19.27,18.51,18.98
2021-02-09,19.06,19.68,19.02,19.58
2021-02-10,19.8,19.8,19.25,19.44
2021-02-18,19.92,21.38,19.8,21.38
2021-02-19,21.35,21.89,21.2,21.76
2021-02-22,21.81,22.58,21.55,21.63
2021-02-23,21.13,21.57,21.03,21.27
2021-02-24,21.17,22.12,20.99,21.39
2021-02-25,21.79,21.79,20.95,21.06
2021-02-26,20.62,21.03,20.32,20.7
2021-03-01,20.8,21.47,20.8,21.45
2021-03-02,21.49,22.07,21.32,21.98
2021-03-03,21.95,21.95,21.23,21.81
2021-03-04,21.52,22.2,21.42,21.53
2021-03-05,21.31,22.28,21.18,22.24
2021-03-08,22.45,23.01,21.4,21.46
2021-03-09,21.0,21.6,20.5,20.9
2021-03-10,21.3,21.35,19.57,19.85
2021-03-11,19.71,20.49,19.5,20.12
2021-03-12,20.3,20.59,19.94,20.3
2021-03-15,20.04,20.07,19.23,19.58
2021-03-16,19.54,19.71,19.32,19.59
2021-03-17,19.57,19.84,19.25,19.63
2021-03-18,19.65,19.74,19.37,19.38
2021-03-19,19.0,19.3,18.82,19.1
2021-03-22,19.0,19.48,19.0,19.43
2021-03-23,19.49,19.69,19.24,19.43
2021-03-24,19.33,19.58,19.29,19.54
2021-03-25,19.55,19.99,19.5,19.6
2021-03-26,19.51,19.88,19.51,19.79
2021-03-29,19.84,19.86,19.25,19.32
2021-03-30,19.3,19.46,19.17,19.26
2021-03-31,19.27,19.35,18.94,19.13
2021-04-01,19.26,19.61,19.2,19.49
2021-04-02,19.51,20.18,19.44,20.14
2021-04-06,20.26,20.26,19.76,19.88
2021-04-07,19.89,19.96,19.64,19.73
2021-04-08,19.8,19.93,19.61,19.63
2021-04-09,19.6,19.75,19.19,19.35
2021-04-12,19.36,19.64,19.15,19.22
2021-04-13,19.25,19.55,19.18,19.29
2021-04-14,19.35,19.36,19.19,19.28
2021-04-15,19.4,19.41,18.69,18.71
2021-04-16,18.75,18.85,18.47,18.47
2021-04-19,18.5,18.85,18.5,18.73
2021-04-20,18.68,19.34,18.48,18.77
2021-04-21,18.75,18.77,18.47,18.51
2021-04-22,18.6,19.1,18.54,18.69
2021-04-23,18.73,18.8,18.41,18.55
2021-04-26,18.62,18.96,18.6,18.68
2021-04-27,18.87,18.92,18.18,18.26
2021-04-28,18.26,18.3,17.95,18.12
2021-04-29,18.11,18.29,18.02,18.12
2021-04-30,17.85,17.86,16.8,17.27
2021-05-06,17.3,17.3,16.86,16.95
2021-05-07,16.9,17.05,16.75,16.84
2021-05-10,16.84,16.88,16.2,16.28
2021-05-11,16.06,17.05,16.0,16.99
2021-05-12,16.85,17.1,16.7,16.92
2021-05-13,16.7,17.1,16.59,16.8
2021-05-14,16.91,17.25,16.83,17.14
2021-05-17,17.29,17.47,17.05,17.13
2021-05-18,17.0,17.78,17.0,17.56
2021-05-19,17.58,17.95,17.5,17.6
2021-05-20,17.54,17.72,17.11,17.33
2021-05-21,17.47,17.57,17.09,17.1
2021-05-24,17.0,17.43,17.0,17.37
2021-05-25,17.47,17.91,17.28,17.73
2021-05-26,17.72,17.87,17.5,17.57
2021-05-27,17.5,18.41,17.45,18.29
2021-05-28,18.16,18.38,17.85,18.01
2021-05-31,18.08,18.29,17.75,17.95
2021-06-01,17.95,18.14,17.65,17.79
2021-06-02,17.9,17.95,17.25,17.3
2021-06-03,17.38,17.81,17.1,17.36
2021-06-04,17.34,17.66,17.22,17.41
2021-06-07,17.62,18.03,17.62,17.88
2021-06-08,17.89,18.08,17.62,18.0
2021-06-09,17.84,18.07,17.78,17.92
2021-06-10,17.77,18.5,17.68,18.35
2021-06-11,18.54,18.55,17.85,18.1
2021-06-15,18.09,18.23,17.78,17.91
2021-06-16,18.0,18.1,17.3,17.32
2021-06-17,17.28,18.35,17.27,18.3
2021-06-18,18.31,18.55,18.1,18.18
2021-06-21,18.18,18.19,17.8,17.97
2021-06-22,18.05,18.09,17.69,17.8
2021-06-23,17.83,18.73,17.74,18.55
2021-06-24,18.54,18.54,17.9,18.01
2021-06-25,18.01,18.47,17.92,18.19
2021-06-28,18.2,19.28,18.18,19.1
2021-06-29,18.72,18.84,18.39,18.52
2021-06-30,18.6,19.39,18.5,19.14
2021-07-01,19.09,19.48,18.78,18.83
2021-07-02,18.65,18.99,18.21,18.33
2021-07-05,18.34,18.71,18.2,18.7
2021-07-06,18.64,18.64,18.08,18.25
2021-07-07,18.09,18.1,17.65,18.04
2021-07-08,17.97,18.44,17.89,18.25
2021-07-09,18.11,18.13,17.62,17.87
2021-07-12,17.91,18.31,17.84,18.27
2021-07-13,18.23,18.41,17.83,17.93
2021-07-14,17.8,17.9,17.33,17.35
2021-07-15,17.36,17.47,16.96,17.25
2021-07-16,17.22,17.4,17.13,17.17
2021-07-19,17.1,17.18,16.89,17.04
2021-07-20,16.9,17.22,16.86,17.19
2021-07-21,17.25,17.36,17.08,17.2
2021-07-22,17.14,17.33,17.0,17.3
2021-07-23,17.32,17.33,16.8,16.83
2021-07-26,16.86,17.09,16.6,16.99
2021-07-27,17.08,18.25,17.02,17.55
2021-07-28,17.44,17.69,16.8,17.27
2021-07-29,17.48,18.08,17.38,17.84
2021-07-30,17.7,18.68,17.6,18.43
2021-08-02,18.4,18.8,18.16,18.47
2021-08-03,18.3,18.37,17.75,17.76
2021-08-04,17.74,18.06,17.7,17.91
2021-08-05,17.78,17.78,17.34,17.42
2021-08-06,17.51,17.79,17.3,17.64
2021-08-09,17.39,17.6,17.21,17.42
2021-08-10,17.45,17.69,17.31,17.5
2021-08-11,17.4,17.48,17.25,17.3
2021-08-12,17.19,17.46,17.16,17.38
2021-08-13,17.34,17.34,17.08,17.1
2021-08-16,17.11,17.27,16.98,17.18
2021-08-17,17.18,17.22,16.79,16.83
2021-08-18,16.75,16.94,16.7,16.89
2021-08-19,16.85,17.14,16.76,16.96
2021-08-20,16.94,17.31,16.8,17.3
2021-08-23,17.39,17.39,17.15,17.26
2021-08-24,17.19,17.27,17.05,17.13
2021-08-25,17.11,17.25,17.08,17.1
2021-08-26,16.74,16.97,16.59,16.67
2021-08-27,16.74,16.74,16.13,16.2
2021-08-30,16.1,16.48,16.06,16.23
2021-08-31,16.16,16.29,15.79,15.95
2021-09-01,15.9,16.19,15.68,16.1
2021-09-02,16.05,16.09,15.78,15.89
2021-09-03,15.88,16.32,15.81,16.12
2021-09-06,16.22,16.43,16.02,16.35
2021-09-07,16.38,16.4,16.26,16.36
2021-09-08,16.36,16.39,16.24,16.31
2021-09-09,16.28,16.28,16.04,16.12
2021-09-10,16.05,16.44,16.05,16.33
2021-09-13,16.27,16.29,15.96,16.06
2021-09-14,16.06,16.22,15.95,15.98
2021-09-15,15.95,15.96,15.8,15.83
2021-09-16,15.77,15.9,15.5,15.5
2021-09-17,15.5,15.55,15.02,15.12
2021-09-22,15.0,15.03,14.82,14.88
2021-09-23,14.91,15.26,14.91,15.12
2021-09-24,15.08,15.14,14.56,14.65
2021-09-27,14.68,14.91,14.46,14.54
2021-09-28,14.51,14.63,14.47,14.57
2021-09-29,14.48,14.48,13.8,14.06
2021-09-30,14.03,14.22,13.98,14.05
2021-10-08,14.23,15.13,14.12,14.72
2021-10-11,14.7,14.95,14.6,14.9
2021-10-12,14.92,14.93,14.71,14.8
2021-10-13,14.9,15.1,14.78,14.97
2021-10-14,15.01,15.05,14.73,14.79
2021-10-15,14.79,14.94,14.63,14.78
2021-10-18,14.7,14.77,14.44,14.5
2021-10-19,14.46,14.64,14.45,14.55
2021-10-20,14.57,14.75,14.52,14.55
2021-10-21,14.57,14.57,14.34,14.37
2021-10-22,14.36,14.72,14.34,14.54
2021-10-25,14.54,14.61,14.31,14.39
2021-10-26,14.4,14.73,14.33,14.7
2021-10-27,14.68,14.69,14.15,14.17
2021-10-28,14.18,14.48,14.18,14.26
2021-10-29,14.26,14.88,14.22,14.8
2021-11-01,14.7,14.8,14.51,14.73
2021-11-02,14.73,15.15,14.73,15.05
2021-11-03,15.0,15.25,14.86,15.09
2021-11-04,15.09,15.32,15.01,15.23
2021-11-05,15.26,16.75,15.26,16.75
2021-11-08,16.5,16.65,15.66,15.99
2021-11-09,15.8,16.22,15.75,16.08
2021-11-10,15.92,16.08,15.69,15.94
2021-11-11,15.8,16.15,15.66,15.92
2021-11-12,15.85,16.05,15.76,16.02
2021-11-15,16.03,16.28,15.85,15.91
2021-11-16,15.89,16.02,15.4,15.42
2021-11-17,15.39,15.67,15.37,15.55
2021-11-18,15.54,15.85,15.49,15.61
2021-11-19,15.51,15.73,15.44,15.68
2021-11-22,15.62,15.99,15.62,15.95
2021-11-23,15.94,16.2,15.73,15.85
2021-11-24,15.85,15.92,15.67,15.75
2021-11-25,15.72,16.05,15.65,15.89
2021-11-26,15.8,15.93,15.6,15.61
2021-11-29,15.45,15.67,15.29,15.31
2021-11-30,15.4,15.59,15.38,15.45
2021-12-01,15.43,15.76,15.39,15.62
2021-12-02,15.54,15.66,15.39,15.43
2021-12-03,15.43,15.69,15.43,15.56
2021-12-06,15.55,16.08,15.48,15.95
2021-12-07,15.95,16.25,15.85,16.0
2021-12-08,15.95,16.3,15.95,16.25
2021-12-09,16.28,16.39,16.06,16.16
2021-12-10,16.1,16.24,16.1,16.2
2021-12-13,16.25,16.34,16.03,16.13
2021-12-14,16.13,16.19,15.9,16.16
2021-12-15,16.1,16.73,16.08,16.51
2021-12-16,16.56,16.73,16.4,16.5
2021-12-17,16.51,17.17,16.5,16.81
2021-12-20,16.8,16.83,16.0,16.04
2021-12-21,15.99,16.77,15.99,16.53
2021-12-22,16.65,16.67,16.34,16.36
2021-12-23,16.36,16.6,16.2,16.25
2021-12-24,16.26,16.33,15.91,15.98
2021-12-27,16.04,16.08,15.78,15.85
2021-12-28,15.85,16.15,15.84,16.06
2021-12-29,16.02,16.02,15.76,15.81
2021-12-30,15.72,15.95,15.72,15.84
2021-12-31,15.94,15.95,15.79,15.84
2022-01-04,15.8,16.29,15.79,16.13
2022-01-05,16.2,16.2,15.78,15.82
2022-01-06,15.75,15.94,15.65,15.77
2022-01-07,15.8,15.94,15.5,15.57
2022-01-10,15.58,15.6,15.13,15.47
2022-01-11,15.41,15.55,15.08,15.14
2022-01-12,15.15,15.3,15.12,15.26
2022-01-13,15.25,15.28,15.01,15.02
2022-01-14,14.93,15.12,14.87,14.9
2022-01-17,14.9,15.22,14.88,15.15
2022-01-18,15.19,15.25,15.08,15.13
2022-01-19,15.09,15.21,14.71,14.8
2022-01-20,14.77,14.91,14.52,14.84
2022-01-21,14.78,14.88,14.73,14.88
2022-01-24,14.88,14.91,14.36,14.46
2022-01-25,14.43,14.48,13.79,13.8
2022-01-26,13.89,13.98,13.69,13.76
2022-01-27,13.91,13.92,13.19,13.22
2022-01-28,13.3,13.49,13.21,13.29
2022-02-07,13.45,13.66,13.43,13.51
2022-02-08,13.55,13.87,13.48,13.78
2022-02-09,13.77,13.9,13.72,13.85
2022-02-10,13.85,13.87,13.73,13.81
2022-02-11,13.76,13.83,13.6,13.64
2022-02-14,13.6,13.71,13.35,13.63
2022-02-15,13.6,13.73,13.53,13.64
2022-02-16,13.75,13.83,13.64,13.69
2022-02-17,13.68,13.71,13.54,13.56
2022-02-18,13.51,13.65,13.45,13.64
2022-02-21,13.63,13.95,13.6,13.88
2022-02-22,13.75,13.78,13.52,13.61
2022-02-23,13.61,14.02,13.6,13.93
2022-02-24,13.82,13.95,13.41,13.6
2022-02-25,13.69,13.9,13.68,13.69
2022-02-28,13.74,13.8,13.51,13.62
2022-03-01,13.6,13.7,13.53,13.6
2022-03-02,13.53,13.55,13.36,13.4
2022-03-03,13.47,13.49,13.19,13.24
2022-03-04,13.19,13.3,13.06,13.11
2022-03-07,13.12,13.13,12.38,12.51
2022-03-08,12.5,12.55,12.08,12.12
2022-03-09,12.18,12.28,11.35,11.81
2022-03-10,12.2,12.23,11.63,11.8
2022-03-11,11.6,11.93,11.47,11.88
2022-03-14,11.86,11.99,11.52,11.53
2022-03-15,11.52,11.52,10.69,10.73
2022-03-16,10.88,11.25,10.58,11.18
2022-03-17,11.36,11.56,11.23,11.38
2022-03-18,11.35,11.56,11.31,11.51
2022-03-21,11.55,11.75,11.51,11.66
2022-03-22,11.61,11.69,11.46,11.59
2022-03-23,11.58,11.74,11.55,11.69
2022-03-24,11.59,11.62,11.43,11.47
2022-03-25,11.57,11.6,11.31,11.32
2022-03-28,11.23,11.5,11.12,11.41
2022-03-29,11.45,11.46,11.1,11.15
2022-03-30,11.27,11.5,11.2,11.45
2022-03-31,11.45,11.47,11.3,11.34
2022-04-01,11.33,11.36,11.14,11.29
2022-04-06,11.28,11.29,11.12,11.21
2022-04-07,11.13,11.32,10.93,10.95
2022-04-08,10.93,11.0,10.66,10.81
2022-04-11,10.81,10.89,10.22,10.26
2022-04-12,10.42,10.76,10.3,10.72
2022-04-13,10.64,10.78,10.48,10.64
2022-04-14,10.72,10.78,10.54,10.67
2022-04-15,10.58,10.64,10.39,10.52
2022-04-18,10.5,10.73,10.38,10.63
2022-04-19,10.6,10.75,10.52,10.59
2022-04-20,10.69,10.92,10.62,10.68
2022-04-21,10.61,10.87,10.36,10.41
2022-04-22,10.4,10.4,9.9,10.11
2022-04-25,10.0,10.01,9.11,9.13
2022-04-26,9.2,9.35,8.8,8.82
2022-04-27,8.69,9.37,8.67,9.36
2022-04-28,9.31,9.43,9.01,9.18
2022-04-29,9.29,9.83,9.26,9.75
2022-05-05,9.72,10.05,9.69,9.84
2022-05-06,9.6,10.35,9.56,10.02
2022-05-09,9.99,10.31,9.85,10.05
2022-05-10,9.88,10.26,9.87,10.17
2022-05-11,10.2,10.76,10.2,10.44
2022-05-12,10.38,10.83,10.35,10.68
2022-05-13,10.75,10.77,10.46,10.57
2022-05-16,10.64,10.64,10.33,10.39
2022-05-17,10.43,10.54,10.3,10.51
2022-05-18,10.56,10.74,10.53,10.58
2022-05-19,10.41,10.63,10.38,10.62
2022-05-20,10.72,10.75,10.6,10.74
2022-05-23,10.75,10.84,10.63,10.8
2022-05-24,10.78,10.87,10.35,10.35
2022-05-25,10.31,10.51,10.31,10.49
2022-05-26,10.49,10.79,10.35,10.64
2022-05-27,10.8,10.82,10.41,10.48
2022-05-30,10.48,10.72,10.41,10.7
2022-05-31,10.78,11.2,10.56,10.97
2022-06-01,11.03,11.18,10.91,11.1
2022-06-02,11.05,11.16,10.93,11.13
2022-06-06,11.12,11.38,11.1,11.32
2022-06-07,11.48,11.81,11.18,11.29
2022-06-08,11.23,11.4,10.98,11.14
2022-06-09,11.11,11.21,10.78,10.87
2022-06-10,10.78,11.13,10.78,11.11
2022-06-13,10.99,11.16,10.92,11.1
2022-06-14,10.96,11.04,10.6,11.02
2022-06-15,11.04,11.72,11.02,11.36
2022-06-16,11.42,11.58,11.33,11.34
2022-06-17,11.19,11.23,10.85,11.11
2022-06-20,11.19,11.38,11.08,11.2
2022-06-21,11.2,11.37,11.06,11.21
2022-06-22,11.15,11.21,10.89,10.91
2022-06-23,10.9,11.25,10.88,11.25
2022-06-24,11.28,11.62,11.25,11.49
2022-06-27,11.49,11.69,11.35,11.45
2022-06-28,11.45,11.91,11.34,11.91
2022-06-29,11.82,12.28,11.66,11.68
2022-06-30,11.68,11.78,11.48,11.64
2022-07-01,11.63,11.66,11.37,11.43
2022-07-04,11.38,11.38,11.16,11.3
2022-07-05,11.32,11.41,11.04,11.17
2022-07-06,11.18,11.3,11.02,11.12
2022-07-07,11.12,11.25,11.04,11.15
2022-07-08,11.19,11.36,11.11,11.16
2022-07-11,11.16,11.16,10.83,10.88
2022-07-12,10.91,10.92,10.7,10.7
2022-07-13,10.76,10.81,10.66,10.75
2022-07-14,10.76,10.83,10.65,10.72
2022-07-15,10.87,11.79,10.83,11.66
2022-07-18,11.6,11.75,11.46,11.55
2022-07-19,11.6,12.18,11.53,12.13
2022-07-20,12.11,12.42,12.02,12.16
2022-07-21,12.16,12.52,12.08,12.24
2022-07-22,12.22,12.39,11.94,12.01
2022-07-25,12.03,12.05,11.63,11.73
2022-07-26,11.74,11.81,11.67,11.76
2022-07-27,11.72,11.78,11.6,11.65
2022-07-28,11.75,12.19,11.72,12.0
2022-07-29,11.99,12.04,11.74,11.75
2022-08-01,11.74,12.15,11.59,12.11
2022-08-02,11.98,11.98,11.39,11.6
2022-08-03,11.7,12.13,11.7,11.85
2022-08-04,11.95,12.3,11.86,12.19
2022-08-05,12.19,12.9,12.08,12.85
2022-08-08,12.7,12.8,12.44,12.73
2022-08-09,12.65,12.76,12.4,12.75
2022-08-10,12.76,13.3,12.63,13.0
2022-08-11,12.95,13.27,12.86,13.17
2022-08-12,13.01,14.39,12.95,13.63
2022-08-15,13.51,14.03,13.31,13.86
2022-08-16,13.68,13.95,13.56,13.69
2022-08-17,13.61,13.71,13.28,13.4
2022-08-18,13.31,13.78,13.3,13.72
2022-08-19,13.75,13.88,13.36,13.36
2022-08-22,13.15,13.46,12.95,13.25
2022-08-23,13.24,13.54,13.11,13.46
2022-08-24,13.4,13.44,12.73,12.76
2022-08-25,12.9,12.93,12.57,12.9
2022-08-26,12.88,12.98,12.22,12.45
2022-08-29,12.2,12.48,12.1,12.32
2022-08-30,12.32,12.67,12.31,12.47
2022-08-31,12.4,12.55,12.12,12.19
2022-09-01,12.25,12.36,12.05,12.14
2022-09-02,12.25,12.42,12.15,12.39
2022-09-05,12.33,12.43,12.13,12.33
2022-09-06,12.37,12.38,12.15,12.34
2022-09-07,12.3,12.56,12.25,12.41
2022-09-08,12.42,12.46,12.14,12.15
2022-09-09,12.15,12.27,12.1,12.22
2022-09-13,12.21,12.38,12.16,12.2
2022-09-14,11.9,11.94,11.63,11.69
2022-09-15,11.8,11.82,11.3,11.47
2022-09-16,11.42,11.6,11.25,11.26
2022-09-19,11.23,11.3,11.03,11.11
2022-09-20,11.25,11.3,11.12,11.18
2022-09-21,11.12,11.29,10.95,11.23
2022-09-22,11.11,11.3,11.08,11.15
2022-09-23,11.12,11.18,10.78,10.87
2022-09-26,10.87,10.93,10.68,10.7
2022-09-27,10.66,10.99,10.65,10.97
2022-09-28,10.96,10.96,10.61,10.61
2022-09-29,10.73,10.79,10.55,10.61
2022-09-30,10.61,10.71,10.49,10.5
2022-10-10,10.52,10.6,10.15,10.18
2022-10-11,10.18,10.34,10.17,10.3
2022-10-12,10.31,10.89,10.3,10.82
2022-10-13,10.76,11.08,10.75,10.95
2022-10-14,11.02,11.18,10.94,11.15
2022-10-17,11.1,11.46,11.07,11.41
2022-10-18,11.5,11.5,11.2,11.34
2022-10-19,11.35,11.43,11.2,11.22
2022-10-20,11.22,11.65,11.02,11.44
2022-10-21,11.41,11.45,11.21,11.26
2022-10-24,11.32,11.57,11.15,11.26
2022-10-25,11.15,11.32,11.04,11.1
2022-10-26,11.11,11.62,11.1,11.6
2022-10-27,11.46,11.76,11.44,11.58
2022-10-28,11.45,11.58,11.07,11.1
2022-10-31,11.2,11.6,11.13,11.44
2022-11-01,11.45,11.7,11.37,11.7
2022-11-02,11.65,11.91,11.6,11.68
2022-11-03,11.57,11.72,11.42,11.63
2022-11-04,11.7,11.87,11.6,11.81
2022-11-07,11.81,11.88,11.64,11.69
2022-11-08,11.73,11.73,11.53,11.66
2022-11-09,11.64,11.67,11.53,11.58
2022-11-10,11.47,11.59,11.35,11.38
2022-11-11,11.63,11.66,11.42,11.43
2022-11-14,11.38,11.91,11.32,11.65
2022-11-15,11.62,12.06,11.56,12.05
2022-11-16,12.03,12.03,11.77,11.86
2022-11-17,11.8,12.27,11.67,12.23
2022-11-18,12.16,12.8,12.15,12.33
2022-11-21,12.28,12.42,12.02,12.2
2022-11-22,12.12,12.34,11.96,12.04
2022-11-23,12.05,12.27,11.97,12.07
2022-11-24,12.14,12.18,11.8,11.84
2022-11-25,11.81,11.89,11.65,11.67
2022-11-28,11.58,11.58,11.36,11.49
2022-11-29,11.47,11.74,11.47,11.68
2022-11-30,11.69,11.78,11.65,11.7
2022-12-01,11.89,11.9,11.69,11.8
2022-12-02,11.8,11.85,11.69,11.72
2022-12-05,11.81,12.07,11.81,12.0
2022-12-06,11.95,12.2,11.88,11.92
2022-12-07,11.85,11.92,11.67,11.7
2022-12-08,11.7,11.71,11.48,11.52
2022-12-09,11.52,11.57,11.23,11.29
2022-12-12,11.3,11.63,11.27,11.56
2022-12-13,11.49,11.56,11.26,11.3
2022-12-14,11.56,11.6,11.29,11.32
2022-12-15,11.22,11.64,11.16,11.44
2022-12-16,11.31,11.43,11.2,11.23
2022-12-19,11.18,11.26,10.81,10.91
2022-12-20,10.9,11.0,10.79,10.92
2022-12-21,10.81,10.91,10.62,10.7
2022-12-22,10.72,10.81,10.54,10.56
2022-12-23,10.58,10.65,10.49,10.57
2022-12-26,10.61,10.89,10.59,10.8
2022-12-27,10.8,10.89,10.73,10.87
2022-12-28,10.84,10.84,10.67,10.7
2022-12-29,10.66,10.78,10.63,10.65
2022-12-30,10.75,10.82,10.69,10.69
2023-01-03,10.67,11.01,10.64,10.99
2023-01-04,10.99,11.33,10.99,11.22
2023-01-05,11.23,11.32,11.12,11.26
2023-01-06,11.26,11.35,11.2,11.25
2023-01-09,11.35,11.37,11.23,11.25
2023-01-10,11.26,11.37,11.24,11.3
2023-01-11,11.29,11.42,11.16,11.18
2023-01-12,11.14,11.29,11.12,11.22
2023-01-13,11.25,11.3,11.22,11.29
2023-01-16,11.08,11.32,10.94,11.22
2023-01-17,11.28,11.38,11.21,11.34
2023-01-18,11.34,11.43,11.33,11.41
2023-01-19,11.36,11.58,11.31,11.57
2023-01-20,11.63,11.7,11.53,11.64
2023-01-30,11.76,11.86,11.68,11.71
2023-01-31,11.73,11.76,11.58,11.62
2023-02-01,11.65,11.92,11.64,11.88
2023-02-02,11.91,12.36,11.9,12.11
2023-02-03,12.1,12.23,11.92,12.19
2023-02-06,12.12,12.32,12.02,12.1
2023-02-07,12.1,12.21,12.06,12.15
2023-02-08,12.16,12.25,11.96,11.98
2023-02-09,11.98,12.63,11.93,12.51
2023-02-10,12.45,12.83,12.41,12.81
2023-02-13,12.75,12.98,12.68,12.74
2023-02-14,12.71,13.05,12.6,12.73
2023-02-15,12.73,12.92,12.6,12.89
2023-02-16,12.85,12.93,12.3,12.49
2023-02-17,12.56,12.57,12.18,12.21
2023-02-20,12.2,12.51,12.15,12.49
2023-02-21,12.42,12.6,12.35,12.49
2023-02-22,12.45,12.58,12.27,12.47
2023-02-23,12.49,12.53,12.25,12.36
2023-02-24,12.4,12.52,12.34,12.45
2023-02-27,12.36,12.53,12.22,12.27
2023-02-28,12.42,12.67,12.3,12.5
2023-03-01,12.46,13.07,12.44,12.91
2023-03-02,12.89,13.1,12.85,12.89
2023-03-03,13.01,13.26,12.81,12.99
2023-03-06,13.0,13.27,12.93,13.19
2023-03-07,13.19,13.19,12.53,12.55
2023-03-08,12.54,12.88,12.51,12.84
2023-03-09,12.89,12.97,12.74,12.84
2023-03-10,12.74,13.03,12.69,12.78
2023-03-13,12.78,13.06,12.61,13.05
2023-03-14,13.0,13.0,12.61,12.87
2023-03-15,12.91,13.02,12.83,12.98
2023-03-16,12.91,13.09,12.67,12.73
2023-03-17,12.89,13.16,12.85,13.08
2023-03-20,13.1,13.29,12.94,12.97
2023-03-21,12.91,13.28,12.9,13.28
2023-03-22,13.27,13.55,13.11,13.48
2023-03-23,13.43,14.36,13.38,14.19
2023-03-24,14.06,15.61,14.01,15.34
2023-03-27,15.25,15.66,14.58,14.85
2023-03-28,14.69,14.72,14.11,14.14
2023-03-29,14.28,14.55,13.82,14.22
2023-03-30,14.21,15.64,14.21,15.64
2023-03-31,16.3,16.9,15.64,16.72
2023-04-03,18.39,18.39,18.16,18.39
2023-04-04,19.29,19.79,18.34,18.82
2023-04-06,18.81,20.7,18.81,20.7
2023-04-07,19.69,20.68,19.2,20.43
2023-04-10,21.05,21.49,19.7,20.66
2023-04-11,20.3,22.24,20.0,20.45
2023-04-12,19.4,20.18,18.92,19.81
2023-04-13,19.51,20.1,18.83,19.0
2023-04-14,19.0,19.65,17.66,19.4
2023-04-17,19.38,20.37,19.14,20.14
2023-04-18,19.71,20.1,18.83,19.8
2023-04-19,19.99,20.29,19.25,19.37
2023-04-20,19.47,21.31,19.36,21.09
2023-04-21,21.05,21.99,20.2,20.4
2023-04-24,20.16,20.87,19.68,19.92
2023-04-25,20.0,20.28,18.88,18.95
2023-04-26,18.2,18.55,17.06,17.06
2023-04-27,16.56,18.28,16.52,17.46
2023-04-28,17.16,18.13,17.16,17.81
2023-05-04,17.61,17.94,16.77,16.8
2023-05-05,16.93,17.41,16.48,16.6
2023-05-08,16.56,17.11,16.24,16.71
2023-05-09,16.62,17.33,16.51,16.74
2023-05-10,16.43,16.85,15.97,16.24
2023-05-11,16.85,17.86,16.75,17.86
2023-05-12,18.31,18.5,17.38,17.41
2023-05-15,17.06,17.77,16.78,17.28
2023-05-16,17.7,19.01,17.48,19.01
2023-05-17,19.2,20.53,19.2,19.66
2023-05-18,19.23,19.95,19.19,19.44
2023-05-19,19.71,20.7,19.54,19.88
2023-05-22,20.78,21.23,19.5,20.14
2023-05-23,19.42,19.65,18.3,18.4
2023-05-24,18.34,18.89,17.78,18.3
2023-05-25,18.55,19.4,18.47,19.16
2023-05-26,18.65,21.08,18.53,20.7
2023-05-29,21.11,21.12,19.9,20.05
2023-05-30,19.78,21.23,19.62,21.23
2023-05-31,21.0,23.33,20.45,22.89
2023-06-01,22.0,23.52,21.86,22.21
2023-06-02,22.22,22.45,21.63,21.92
2023-06-05,21.6,22.18,21.35,21.42
2023-06-06,21.11,21.8,20.8,21.2
2023-06-07,21.3,21.66,20.74,21.56
2023-06-08,21.25,21.25,20.06,20.47
2023-06-09,20.62,22.43,20.22,21.89
2023-06-12,21.62,21.86,21.02,21.21
2023-06-13,21.1,22.4,21.0,21.97
2023-06-14,21.63,22.8,21.34,22.2
2023-06-15,22.06,22.33,21.28,21.36
2023-06-16,21.11,21.78,20.82,21.6
2023-06-19,21.0,22.33,20.55,21.98
2023-06-20,21.7,21.86,20.95,21.22
2023-06-21,21.02,21.04,19.3,19.34
2023-06-26,19.0,19.2,17.7,17.87
2023-06-27,18.08,18.88,18.07,18.55
2023-06-28,18.59,19.13,17.72,18.75
2023-06-29,19.54,20.36,19.5,19.95
2023-06-30,19.76,20.1,19.51,19.99
2023-07-03,20.07,20.12,18.88,19.55
2023-07-04,19.48,20.06,19.13,19.89
2023-07-05,19.73,20.43,19.57,19.8
2023-07-06,19.75,20.68,19.68,20.45
2023-07-07,20.08,20.4,19.5,19.71
2023-07-10,19.61,19.85,19.16,19.28
2023-07-11,19.36,21.08,19.35,20.89
2023-07-12,20.88,21.25,20.23,20.43
2023-07-13,20.75,22.17,20.4,22.0
2023-07-14,22.11,22.34,21.8,21.89
2023-07-17,21.71,22.08,21.48,21.89
2023-07-18,21.84,22.68,21.35,21.35
2023-07-19,21.16,21.66,20.9,21.16
2023-07-20,20.99,21.01,19.7,19.8
2023-07-21,19.73,20.11,19.38,19.5
2023-07-24,19.39,19.99,19.39,19.5
2023-07-25,19.8,19.91,19.06,19.69
2023-07-26,19.52,19.52,18.7,19.38
2023-07-27,19.35,19.92,19.13,19.58
2023-07-28,19.78,20.16,19.6,19.78
2023-07-31,19.3,19.85,18.75,19.46
2023-08-01,19.43,19.96,19.06,19.69
2023-08-02,19.34,19.47,18.8,18.91
2023-08-03,18.71,18.99,18.41,18.56
2023-08-04,18.41,18.85,18.38,18.71
2023-08-07,18.64,18.96,18.6,18.82
2023-08-08,18.9,19.0,18.66,18.8
2023-08-09,18.62,18.71,17.99,18.01
2023-08-10,17.93,18.28,17.85,18.06
2023-08-11,18.08,18.15,17.52,17.58
2023-08-14,17.2,17.59,17.05,17.56
2023-08-15,17.73,17.88,17.25,17.34
2023-08-16,17.28,17.35,16.85,16.87
2023-08-17,16.74,17.07,16.61,16.91
2023-08-18,16.88,17.48,16.73,16.73
2023-08-21,16.68,16.95,16.59,16.61
2023-08-22,16.74,16.93,16.36,16.91
2023-08-23,16.8,16.8,16.33,16.35
2023-08-24,16.57,17.4,16.37,17.01
2023-08-25,16.7,16.7,16.04,16.15
2023-08-28,17.06,17.2,16.22,16.29
2023-08-29,16.3,17.17,16.14,17.13
2023-08-30,17.34,18.28,17.34,17.92
2023-08-31,17.7,18.22,17.67,17.86
2023-09-01,18.18,18.43,17.9,17.96
2023-09-04,17.98,18.47,17.9,18.47
2023-09-05,18.36,18.88,18.25,18.41
2023-09-06,18.4,18.69,18.3,18.61
2023-09-07,18.45,18.82,18.21,18.23
2023-09-08,18.0,18.42,17.98,18.26
2023-09-11,18.35,18.65,18.0,18.4
2023-09-12,18.48,18.72,18.35,18.39
2023-09-13,18.39,18.6,17.91,18.13
2023-09-14,18.1,18.17,17.77,17.92
2023-09-15,17.98,18.24,17.7,17.9
2023-09-18,17.6,17.88,17.49,17.61
2023-09-19,17.62,17.85,17.24,17.66
2023-09-20,17.46,18.17,17.45,17.53
2023-09-21,17.38,17.73,17.3,17.53
2023-09-22,17.45,17.96,17.45,17.95
2023-09-25,17.92,17.98,17.21,17.28
2023-09-26,17.25,17.5,17.13,17.28
2023-09-27,17.18,17.29,16.91,16.94
2023-09-28,17.06,17.44,17.02,17.21
2023-10-09,17.21,18.05,17.21,17.77
2023-10-10,17.71,18.05,17.62,17.89
2023-10-11,18.0,18.18,17.72,17.88
2023-10-12,17.98,18.0,17.65,17.73
2023-10-13,17.67,18.66,17.56,18.22
2023-10-16,18.09,18.2,17.22,17.36
2023-10-17,17.37,17.47,16.92,17.2
2023-10-18,17.04,17.15,16.6,16.71
2023-10-19,16.61,17.17,16.6,16.66
2023-10-20,16.57,16.79,16.04,16.08
2023-10-23,16.05,16.05,15.28,15.38
2023-10-24,15.48,16.18,15.45,15.97
2023-10-25,16.04,16.1,15.7,15.73
2023-10-26,15.55,15.63,15.2,15.45
2023-10-27,15.46,15.6,14.9,15.19
2023-10-30,15.16,15.66,14.8,15.62
2023-10-31,17.18,17.18,17.18,17.18
2023-11-01,17.45,17.68,16.65,16.77
2023-11-02,16.63,16.8,15.94,16.11
2023-11-03,15.91,16.85,15.87,16.76
2023-11-06,16.82,17.33,16.62,17.22
2023-11-07,17.01,17.84,16.96,17.7
2023-11-08,17.6,17.84,17.41,17.49
2023-11-09,17.42,17.71,17.16,17.29
2023-11-10,17.23,17.98,17.16,17.47
2023-11-13,17.61,17.78,17.43,17.56
2023-11-14,17.5,18.2,17.48,17.76
2023-11-15,18.11,18.6,17.82,18.04
2023-11-16,17.65,17.98,17.51,17.51
2023-11-17,17.4,17.95,17.38,17.88
2023-11-20,18.28,18.57,17.88,18.19
2023-11-21,18.0,18.08,17.32,17.39
2023-11-22,17.28,17.62,17.12,17.18
2023-11-23,17.1,17.2,16.74,17.18
2023-11-24,17.12,17.12,16.5,16.55
2023-11-27,16.4,16.83,16.4,16.72
2023-11-28,16.7,16.91,16.61,16.77
2023-11-29,17.5,18.45,17.47,17.58
2023-11-30,17.39,17.47,16.75,17.1
2023-12-01,17.0,17.16,16.56,17.05
2023-12-04,16.99,17.8,16.8,17.54
2023-12-05,17.36,17.37,16.7,16.71
2023-12-06,16.64,16.77,16.41,16.65
2023-12-07,16.6,16.83,16.5,16.73
2023-12-08,16.69,17.43,16.66,17.12
2023-12-11,16.98,17.28,16.72,17.2
2023-12-12,17.16,17.47,16.96,17.16
2023-12-13,17.1,17.1,16.87,16.9
2023-12-14,17.07,17.14,16.65,16.71
2023-12-15,16.75,16.93,16.56,16.76
2023-12-18,16.6,16.65,15.92,16.07
2023-12-19,15.95,16.27,15.92,16.12
2023-12-20,16.21,16.22,15.85,15.88
2023-12-21,15.86,16.16,15.77,16.0
2023-12-22,16.1,16.15,15.56,15.67
2023-12-25,15.59,15.89,15.53,15.83
2023-12-26,15.84,15.84,15.23,15.3
2023-12-27,15.3,15.75,15.3,15.72
2023-12-28,15.66,16.03,15.55,15.92
2023-12-29,15.92,16.22,15.86,16.21
2024-01-02,16.16,16.17,15.71,15.81
2024-01-03,15.7,15.71,15.35,15.53
2024-01-04,15.53,15.53,15.21,15.27
2024-01-05,15.23,15.29,14.78,14.86
2024-01-08,14.78,14.78,14.2,14.21
2024-01-09,14.25,14.38,14.01,14.11
2024-01-10,14.05,14.35,13.77,14.13
2024-01-11,14.11,14.35,14.05,14.26
2024-01-12,14.25,14.25,13.8,13.84
2024-01-15,13.76,14.07,13.66,13.86
2024-01-16,13.4,13.56,12.91,13.21
2024-01-17,13.23,13.4,12.92,12.92
2024-01-18,12.91,13.0,12.53,12.94
2024-01-19,13.03,13.19,12.88,12.89
2024-01-22,12.9,12.93,12.1,12.2
2024-01-23,12.26,12.64,12.08,12.52
2024-01-24,12.56,12.74,12.11,12.63
2024-01-25,12.65,13.37,12.51,13.35
2024-01-26,13.26,13.43,13.16,13.2
2024-01-29,13.19,13.32,12.74,12.82
2024-01-30,12.82,13.05,12.5,12.55
2024-01-31,12.43,12.63,11.86,11.88
2024-02-01,11.8,12.23,11.64,11.87
2024-02-02,11.9,12.11,10.92,11.3
2024-02-05,11.17,11.25,10.18,10.47
2024-02-06,10.28,11.49,10.28,11.4
2024-02-07,11.44,12.2,11.35,12.04
2024-02-08,12.25,12.92,12.2,12.51
2024-02-19,13.02,13.09,12.66,12.94
2024-02-20,12.79,13.29,12.55,13.18
2024-02-21,12.93,13.38,12.81,13.02
2024-02-22,13.01,13.57,12.96,13.51
2024-02-23,13.68,14.11,13.6,13.87
2024-02-26,13.8,14.08,13.67,13.77
2024-02-27,13.68,14.5,13.64,14.48
2024-02-28,14.46,14.58,13.42,13.46
2024-02-29,13.38,14.37,13.38,14.28
2024-03-01,14.22,14.95,14.21,14.94
2024-03-04,15.1,15.45,14.67,15.14
2024-03-05,14.8,15.05,14.59,14.68
2024-03-06,14.5,15.02,14.44,14.78
2024-03-07,15.03,15.1,14.45,14.45
2024-03-08,14.45,14.99,14.35,14.95
2024-03-11,14.71,15.3,14.61,15.14
2024-03-12,15.1,15.48,14.9,15.09
2024-03-13,15.31,15.43,15.02,15.15
2024-03-14,15.01,15.12,14.63,14.83
2024-03-15,14.84,15.03,14.61,14.99
2024-03-18,15.02,15.18,14.91,15.17
2024-03-19,15.11,15.19,14.92,14.93
2024-03-20,14.9,15.3,14.86,15.08
2024-03-21,15.38,15.68,15.09,15.14
2024-03-22,15.08,15.64,14.83,14.92
2024-03-25,14.88,14.95,14.25,14.27
2024-03-26,14.24,14.73,14.16,14.27
2024-03-27,14.2,14.23,13.35,13.39
2024-03-28,13.28,13.93,13.26,13.73
2024-03-29,13.67,13.78,13.38,13.78
2024-04-01,13.79,14.12,13.79,14.03
2024-04-02,14.1,14.15,13.5,13.61
2024-04-03,13.58,13.6,13.19,13.4
2024-04-08,13.29,13.47,13.13,13.16
2024-04-09,13.15,13.26,13.0,13.26
2024-04-10,13.2,13.22,12.76,12.9
2024-04-11,13.1,13.76,13.05,13.43
2024-04-12,13.48,13.75,13.43,13.46
2024-04-15,13.36,13.69,13.18,13.48
2024-04-16,13.29,13.44,12.68,12.7
2024-04-17,12.91,13.67,12.9,13.67
2024-04-18,13.51,13.66,13.36,13.45
2024-04-19,13.33,13.42,12.96,13.06
2024-04-22,12.73,13.06,12.53,12.94
2024-04-23,13.02,13.17,12.88,12.96
2024-04-24,13.06,13.52,13.01,13.51
2024-04-25,13.41,13.74,13.35,13.48
2024-04-26,13.42,13.85,13.42,13.82
2024-04-29,13.89,14.17,13.8,14.11
2024-04-30,14.04,14.08,13.72,13.86
2024-05-06,14.09,14.22,13.94,14.04
2024-05-07,13.99,14.15,13.87,13.96
2024-05-08,13.89,13.94,13.53,13.57
2024-05-09,13.56,13.92,13.55,13.81
2024-05-10,13.86,13.89,13.63,13.69
2024-05-13,13.58,13.69,13.31,13.51
2024-05-14,13.55,13.77,13.4,13.4
2024-05-15,13.4,13.51,13.18,13.2
2024-05-16,13.32,13.68,13.2,13.23
2024-05-17,13.2,13.37,13.06,13.36
2024-05-20,13.31,13.58,13.23,13.52
2024-05-21,13.5,13.7,13.46,13.53
2024-05-22,13.52,13.54,13.36,13.52
2024-05-23,13.53,13.55,13.06,13.1
2024-05-24,13.03,13.16,12.75,12.76
2024-05-27,12.84,13.01,12.46,13.01
2024-05-28,13.07,13.35,12.88,13.05
2024-05-29,12.97,13.12,12.89,12.94
2024-05-30,12.85,13.32,12.73,13.19
2024-05-31,13.13,13.45,13.13,13.2
2024-06-03,13.29,13.57,13.2,13.35
2024-06-04,13.29,13.29,12.95,13.23
2024-06-05,13.15,14.06,13.12,13.6
2024-06-06,13.72,14.1,13.56,13.86
2024-06-07,13.75,14.75,13.64,14.71
2024-06-11,15.2,16.1,14.71,15.5
2024-06-12,15.11,15.95,15.05,15.85
2024-06-13,15.8,15.88,15.36,15.43
2024-06-14,15.31,15.65,15.04,15.47
2024-06-17,15.28,16.31,15.2,16.31
2024-06-18,16.15,16.35,15.9,16.05
2024-06-19,16.18,16.3,15.73,16.13
2024-06-20,16.0,16.09,15.41,15.6
2024-06-21,15.23,15.43,15.05,15.28
2024-06-24,15.11,15.38,14.73,14.8
2024-06-25,14.82,14.92,14.14,14.29
2024-06-26,14.3,14.79,14.14,14.72
2024-06-27,14.41,15.16,14.38,14.63
2024-06-28,14.49,15.43,14.48,15.12
2024-07-01,15.0,15.14,14.58,14.98
2024-07-02,14.94,15.0,14.57,14.65
2024-07-03,14.64,14.91,14.39,14.75
2024-07-04,14.66,14.76,14.21,14.21
2024-07-05,14.27,14.37,13.96,14.25
2024-07-08,14.2,14.54,14.03,14.14
2024-07-09,14.05,15.07,14.02,15.01
2024-07-10,14.91,15.07,14.82,14.88
2024-07-11,15.12,15.35,14.82,15.31
2024-07-12,15.05,15.22,14.88,15.11
2024-07-15,15.12,15.21,14.83,14.91
2024-07-16,14.8,15.25,14.6,15.18
2024-07-17,15.13,15.19,14.6,14.6
2024-07-18,14.26,14.59,13.98,14.58
2024-07-19,14.49,15.17,14.42,14.98
2024-07-22,14.97,15.12,14.87,15.01
2024-07-23,14.95,14.99,14.3,14.3
2024-07-24,14.28,14.6,14.21,14.27
2024-07-25,14.09,14.17,13.67,13.7
2024-07-26,13.71,13.94,13.5,13.8
2024-07-29,13.85,14.0,13.7,13.81
2024-07-30,13.71,13.83,13.44,13.82
2024-07-31,13.75,14.42,13.72,14.39
2024-08-01,14.46,14.7,14.36,14.55
2024-08-02,14.31,14.46,13.93,13.96
2024-08-05,13.75,13.97,13.13,13.13
2024-08-06,13.36,13.45,13.17,13.34
2024-08-07,13.3,13.55,13.21,13.35
2024-08-08,13.25,13.5,13.06,13.33
2024-08-09,13.49,13.58,13.32,13.32
2024-08-12,13.25,13.39,13.12,13.19
2024-08-13,13.19,13.44,13.19,13.44
2024-08-14,13.47,13.5,13.24,13.27
2024-08-15,13.2,13.58,13.15,13.42
2024-08-16,13.4,13.57,13.38,13.43
2024-08-19,13.39,13.63,13.3,13.45
2024-08-20,13.37,13.43,13.03,13.08
2024-08-21,12.99,13.28,12.97,13.08
2024-08-22,13.06,13.11,12.68,12.75
2024-08-23,12.62,12.89,12.59,12.81
2024-08-26,12.84,12.9,12.72,12.79
2024-08-27,12.7,12.7,12.3,12.32
2024-08-28,12.3,12.4,12.2,12.27
2024-08-29,12.18,12.58,12.13,12.48
2024-08-30,12.78,13.73,12.7,13.73
2024-09-02,13.99,14.02,13.69,13.69
2024-09-03,13.46,13.84,13.45,13.81
2024-09-04,13.64,13.71,13.41,13.53
2024-09-05,13.58,13.65,13.36,13.5
2024-09-06,13.51,13.51,13.12,13.15
2024-09-09,13.03,13.37,13.0,13.1
2024-09-10,13.1,13.45,12.93,13.37
2024-09-11,13.28,13.37,13.1,13.21
2024-09-12,13.3,13.36,13.06,13.1
2024-09-13,13.05,13.17,12.87,12.88
2024-09-18,12.86,13.02,12.69,12.95
2024-09-19,12.98,13.28,12.85,13.12
2024-09-20,13.13,13.25,13.01,13.18
2024-09-23,13.2,13.41,13.07,13.16
2024-09-24,13.22,13.66,13.09,13.66
2024-09-25,13.73,14.07,13.6,13.62
2024-09-26,13.6,14.14,13.56,14.13
2024-09-27,14.35,15.12,14.27,15.05
2024-09-30,15.7,16.55,15.4,16.53
2024-10-08,18.18,18.18,17.22,18.18
2024-10-09,18.0,18.49,16.9,17.15
2024-10-10,17.25,17.75,16.42,16.83
2024-10-11,16.6,16.89,15.42,15.69
2024-10-14,15.73,16.28,15.42,16.27
2024-10-15,16.2,16.57,15.78,15.81
2024-10-16,15.46,15.88,15.4,15.6
2024-10-17,15.97,16.14,15.75,15.77
2024-10-18,15.75,17.06,15.75,16.62
2024-10-21,17.01,17.78,16.7,17.52
2024-10-22,18.0,18.0,17.26,17.45
2024-10-23,17.26,18.28,17.22,17.53
2024-10-24,17.26,17.5,17.0,17.26
2024-10-25,17.95,18.99,17.72,18.99
2024-10-28,20.0,20.89,19.8,20.89
2024-10-29,21.0,22.08,20.19,20.58
2024-10-30,20.52,22.64,20.15,22.64
2024-10-31,22.95,24.9,22.08,23.62
2024-11-01,23.14,23.6,21.26,21.26
2024-11-04,19.56,20.61,19.56,20.2
2024-11-05,20.04,21.12,20.04,20.73
2024-11-06,20.73,21.15,20.41,20.65
2024-11-07,20.3,21.07,20.2,20.85
2024-11-08,21.01,22.08,21.01,21.28
2024-11-11,21.55,23.41,21.41,23.41
2024-11-12,23.5,23.5,22.1,22.47
2024-11-13,22.26,22.68,21.47,21.94
2024-11-14,21.69,22.2,20.88,21.0
2024-11-15,20.8,21.49,20.32,20.35
2024-11-18,20.72,20.87,19.7,19.93
2024-11-19,19.82,20.36,19.52,20.32
2024-11-20,20.2,20.58,19.93,20.33
2024-11-21,20.22,21.77,20.02,21.15
2024-11-22,20.96,20.99,19.62,19.72
2024-11-25,19.5,19.85,18.7,19.14
2024-11-26,19.0,19.33,18.93,18.93
2024-11-27,18.76,19.39,18.48,19.37
2024-11-28,19.7,20.93,19.56,20.11
2024-11-29,19.75,20.45,19.42,20.16
2024-12-02,20.18,20.88,20.0,20.69
2024-12-03,20.73,20.85,20.02,20.23
2024-12-04,20.47,20.65,19.9,20.01
2024-12-05,19.8,20.2,19.71,20.08
2024-12-06,19.98,20.45,19.76,20.2
2024-12-09,20.26,20.42,19.75,19.91
2024-12-10,20.5,20.6,20.0,20.03
2024-12-11,19.89,20.24,19.85,20.0
2024-12-12,20.0,20.3,19.65,20.09
2024-12-13,19.9,20.05,19.54,19.71
2024-12-16,19.68,19.75,19.13,19.24
2024-12-17,19.13,19.4,18.92,18.94
2024-12-18,19.01,19.64,18.86,19.44
2024-12-19,19.16,20.07,19.08,20.0
2024-12-20,19.9,20.55,19.7,20.23
2024-12-23,20.88,21.68,20.2,20.27
2024-12-24,20.31,20.5,19.66,20.28
2024-12-25,20.26,20.42,19.66,19.76
2024-12-26,19.62,20.64,19.59,20.52
2024-12-27,20.4,21.08,20.31,20.66
2024-12-30,20.53,20.79,20.18,20.48
2024-12-31,20.47,20.48,19.0,19.06
2025-01-02,19.03,19.07,17.87,18.15
2025-01-03,18.2,18.31,17.5,17.51
2025-01-06,17.47,17.71,17.21,17.42
2025-01-07,17.51,17.85,17.38,17.83
2025-01-08,17.66,17.92,16.93,17.62
2025-01-09,17.5,18.18,17.5,17.87
2025-01-10,17.8,18.33,17.49,17.49
2025-01-13,17.1,17.55,16.94,17.38
2025-01-14,17.51,18.43,17.34,18.4
2025-01-15,18.32,18.46,18.1,18.14
2025-01-16,18.34,18.57,17.9,18.1
2025-01-17,18.01,18.47,17.91,18.29
2025-01-20,18.6,20.12,18.42,19.78
2025-01-21,19.65,19.79,19.23,19.72
2025-01-22,19.73,20.05,19.6,19.86
2025-01-23,20.03,20.42,19.48,19.48
2025-01-24,19.33,19.75,19.3,19.7
2025-01-27,19.75,19.79,19.1,19.1
2025-02-05,19.45,19.73,19.23,19.4
2025-02-06,19.29,20.2,19.25,20.18
2025-02-07,20.09,20.55,19.8,20.15
2025-02-10,20.13,20.63,20.12,20.53
2025-02-11,20.38,20.4,20.03,20.1
2025-02-12,20.01,20.58,19.99,20.58
2025-02-13,20.5,20.5,19.9,19.98
2025-02-14,19.91,20.21,19.66,20.13
2025-02-17,20.25,20.74,20.1,20.55
2025-02-18,20.38,20.53,19.66,19.72
2025-02-19,19.75,20.97,19.75,20.91
2025-02-20,20.87,21.09,20.53,20.79
2025-02-21,20.76,21.42,20.5,21.35
2025-02-24,21.52,21.55,20.93,21.22
2025-02-25,20.53,21.07,20.51,20.65
2025-02-26,20.7,21.27,20.36,21.13
2025-02-27,21.36,22.15,20.62,21.25
2025-02-28,20.95,21.2,20.02,20.04
2025-03-03,20.31,21.25,19.8,20.3
2025-03-04,20.01,21.09,19.9,20.69
2025-03-05,20.6,20.76,20.14,20.27
2025-03-06,20.5,20.84,20.43,20.6
2025-03-07,20.41,20.53,19.96,20.08
2025-03-10,20.06,20.15,19.74,19.89
2025-03-11,19.52,19.87,19.48,19.77
2025-03-12,19.85,20.77,19.82,20.22
2025-03-13,20.23,20.23,19.42,19.67
2025-03-14,19.62,20.12,19.55,20.1
2025-03-17,20.28,20.75,20.17,20.49
2025-03-18,20.58,20.87,20.4,20.65
2025-03-19,20.47,20.55,20.12,20.19
2025-03-20,20.17,20.31,19.87,19.89
2025-03-21,19.83,19.96,19.46,19.54
2025-03-24,19.59,19.63,19.03,19.54
2025-03-25,19.47,19.55,19.2,19.27
2025-03-26,19.4,20.08,19.4,19.51
2025-03-27,19.47,19.87,19.23,19.72
2025-03-28,19.7,19.7,19.07,19.07
2025-03-31,18.88,18.98,18.4,18.63
2025-04-01,18.7,18.84,18.62,18.62
2025-04-02,18.62,18.83,18.61,18.66
2025-04-03,18.47,18.8,18.4,18.5
2025-04-07,17.1,17.41,16.65,16.65
2025-04-08,16.2,16.63,15.31,15.95
2025-04-09,15.57,16.7,14.93,16.55
2025-04-10,16.86,17.22,16.68,16.7
2025-04-11,16.37,17.48,16.33,17.17
2025-04-14,17.52,17.74,17.3,17.55
2025-04-15,17.44,17.5,17.2,17.29
2025-04-16,17.18,17.28,16.82,17.04
2025-04-17,16.92,17.27,16.9,16.99
2025-04-18,16.92,17.14,16.91,17.07
2025-04-21,17.08,17.52,16.93,17.47
2025-04-22,17.38,17.49,17.3,17.36
2025-04-23,17.4,17.67,17.4,17.59
2025-04-24,17.53,17.63,17.24,17.33
2025-04-25,17.5,17.72,17.35,17.5
2025-04-28,17.5,17.58,17.32,17.34
2025-04-29,17.28,17.57,17.2,17.52
2025-04-30,17.64,18.05,17.54,17.87
2025-05-06,18.03,18.57,18.01,18.5
2025-05-07,18.72,18.8,18.25,18.41
2025-05-08,18.3,18.53,18.3,18.47
2025-05-09,18.39,18.39,18.07,18.18
2025-05-12,18.35,18.47,18.32,18.45
2025-05-13,18.64,18.69,18.27,18.3
2025-05-14,18.28,18.45,18.16,18.34
2025-05-15,18.26,18.32,17.86,17.9
2025-05-16,17.91,18.03,17.87,17.88
2025-05-19,17.89,17.98,17.68,17.9
2025-05-20,17.91,18.15,17.8,18.04
2025-05-21,17.95,17.99,17.83,17.9
2025-05-22,17.85,18.0,17.64,17.64
2025-05-23,17.62,17.78,17.38,17.39
2025-05-26,17.42,17.63,17.4,17.56
2025-05-27,17.5,17.55,17.29,17.34
2025-05-28,17.35,17.45,17.17,17.23
2025-05-29,17.25,17.74,17.25,17.71
2025-05-30,17.6,17.6,17.22,17.28
2025-06-03,17.2,17.39,17.16,17.23
2025-06-04,17.27,17.47,17.25,17.42
2025-06-05,17.43,17.75,17.26,17.69
2025-06-06,17.67,17.97,17.59,17.72
2025-06-09,17.69,17.88,17.67,17.8
2025-06-10,17.78,17.85,17.35,17.48
2025-06-11,17.52,17.59,17.33,17.34
2025-06-12,17.28,17.43,17.21,17.29
2025-06-13,17.16,17.29,16.86,17.03
2025-06-16,17.0,17.32,16.97,17.15
2025-06-17,17.16,17.26,17.09,17.18
2025-06-18,17.11,17.41,16.99,17.33
2025-06-19,17.25,17.41,16.98,17.04
2025-06-20,17.01,17.23,16.8,16.8
2025-06-23,16.69,17.3,16.62,17.2
2025-06-24,17.22,17.54,17.22,17.54
2025-06-25,17.55,18.26,17.54,18.1
2025-06-26,18.19,18.8,17.95,18.26
2025-06-27,18.3,18.81,18.0,18.5
2025-06-30,18.67,19.03,18.59,18.74
2025-07-01,18.67,19.24,18.65,18.73
2025-07-02,18.67,18.67,18.19,18.29
2025-07-03,18.3,18.61,18.29,18.53
2025-07-04,18.46,18.5,17.98,18.15
2025-07-07,18.08,18.21,17.98,18.01
2025-07-08,18.71,19.36,18.3,18.86
2025-07-09,18.69,18.78,18.41,18.49
2025-07-10,18.41,18.49,18.28,18.41
2025-07-11,18.41,18.65,18.26,18.5
2025-07-14,18.52,18.55,18.35,18.38
2025-07-15,18.4,18.64,18.3,18.58
2025-07-16,18.57,18.73,18.38,18.48
2025-07-17,18.39,18.87,18.33,18.86
2025-07-18,18.86,18.87,18.58,18.72
2025-07-21,18.61,18.75,18.58,18.73
2025-07-22,18.69,18.7,18.51,18.58
2025-07-23,18.56,18.66,18.43,18.43
2025-07-24,18.41,18.69,18.39,18.69
2025-07-25,18.69,18.82,18.54,18.8
2025-07-28,18.85,19.03,18.74,18.96
2025-07-29,18.86,19.08,18.76,19.08
2025-07-30,19.0,19.15,18.63,18.8
2025-07-31,18.71,19.1,18.48,18.58
2025-08-01,18.58,18.72,18.15,18.35
2025-08-04,18.25,18.51,18.2,18.51
2025-08-05,18.53,18.63,18.48,18.6
2025-08-06,18.53,18.74,18.45,18.71
2025-08-07,18.7,18.95,18.62,18.75
2025-08-08,18.66,18.68,18.46,18.49
2025-08-11,18.49,19.1,18.48,18.95
2025-08-12,19.1,19.5,18.99,19.4
2025-08-13,19.4,19.41,19.21,19.37
2025-08-14,19.38,19.49,19.04,19.1
2025-08-15,19.05,19.38,19.04,19.28
2025-08-18,19.28,19.98,19.27,19.84
2025-08-19,20.52,21.3,20.13,21.03
2025-08-20,20.67,20.67,20.1,20.66
2025-08-21,20.6,21.06,20.4,20.55
2025-08-22,20.48,21.45,20.45,21.44
2025-08-25,21.88,21.88,20.79,21.1
2025-08-26,21.28,21.98,21.21,21.77
2025-08-27,21.71,22.15,21.2,21.2
2025-08-28,21.19,22.26,21.18,22.08
2025-08-29,22.08,22.5,21.46,21.84
2025-09-01,22.25,22.48,21.64,21.95
2025-09-02,21.81,21.9,20.75,20.87
2025-09-03,20.9,21.03,20.16,20.23
2025-09-04,20.35,20.54,19.06,19.4
2025-09-05,19.53,20.53,19.38,20.38
2025-09-08,20.25,20.6,20.06,20.48
2025-09-09,20.35,20.45,19.85,19.99
2025-09-10,19.99,20.23,19.75,19.76
2025-09-11,19.88,20.8,19.75,20.77
2025-09-12,20.61,22.67,20.53,21.8
2025-09-15,22.22,22.34,21.57,21.88
2025-09-16,21.83,22.06,21.52,21.94
2025-09-17,21.95,22.1,21.57,21.69
2025-09-18,21.7,22.89,21.6,21.92
2025-09-19,22.0,22.76,21.82,22.21
2025-09-22,22.55,23.67,22.38,23.32
2025-09-23,23.28,23.28,22.13,22.73
2025-09-24,22.59,25.0,22.4,25.0
2025-09-25,25.0,25.58,24.62,24.85
2025-09-26,24.81,25.6,24.39,24.46
2025-09-29,25.11,25.98,25.11,25.34
2025-09-30,26.75,27.87,26.73,27.87
2025-10-09,30.66,30.66,29.8,30.66
2025-10-10,29.89,32.94,28.21,31.72
2025-10-13,30.05,33.19,30.05,31.39
2025-10-14,31.5,32.34,28.6,28.85
2025-10-15,29.5,29.94,28.0,29.5
2025-10-16,29.48,30.93,28.92,30.44
2025-10-17,29.45,29.92,27.4,27.4
2025-10-20,27.98,28.12,26.9,27.24
2025-10-21,27.44,28.96,27.2,28.33
2025-10-22,27.96,28.24,27.3,27.83
2025-10-23,28.5,28.5,27.27,27.96
2025-10-24,28.5,30.1,28.45,29.64
2025-10-27,30.5,30.88,29.23,30.1
2025-10-28,29.3,30.2,29.1,29.46
2025-10-29,29.34,30.16,29.16,29.81
2025-10-30,30.4,30.67,29.1,29.16
2025-10-31,28.6,28.73,27.2,27.3
2025-11-03,27.0,27.43,25.71,27.15
2025-11-04,27.47,27.93,26.76,26.97
2025-11-05,26.01,26.54,25.6,26.4
2025-11-06,26.91,27.08,26.32,26.94
2025-11-07,26.51,26.92,26.3,26.58
2025-11-10,26.81,28.17,26.68,27.84
2025-11-11,27.82,27.95,26.41,26.49
2025-11-12,26.23,26.59,25.44,26.0
2025-11-13,26.0,27.01,25.83,26.16
2025-11-14,25.5,25.6,24.72,24.74
2025-11-17,24.8,25.28,24.41,24.56
2025-11-18,24.42,24.69,24.16,24.33
2025-11-19,24.24,24.36,23.72,23.9
2025-11-20,24.27,24.39,23.59,23.6
2025-11-21,23.1,23.4,22.49,22.52
2025-11-24,22.84,23.13,22.59,23.0
2025-11-25,23.39,23.75,23.28,23.38
2025-11-26,23.15,23.71,23.1,23.4
2025-11-27,23.4,24.2,23.33,23.42
2025-11-28,23.26,23.94,23.23,23.89
2025-12-01,24.07,24.66,24.01,24.61
2025-12-02,24.37,24.38,23.9,23.98
2025-12-03,23.96,24.16,23.7,23.8
2025-12-04,23.67,23.99,23.41,23.92
2025-12-05,23.89,23.96,23.5,23.88
2025-12-08,24.03,24.79,24.03,24.59
2025-12-09,24.49,24.82,24.31,24.49
2025-12-10,24.31,24.35,23.68,24.24
2025-12-11,24.4,24.43,23.77,23.78
2025-12-12,23.81,24.64,23.6,24.35
2025-12-15,24.0,24.1,23.6,23.69
2025-12-16,23.61,23.67,22.81,23.0
2025-12-17,23.02,23.76,22.76,23.64
2025-12-18,23.42,24.36,23.4,23.86
2025-12-19,24.28,24.35,23.62,23.71
2025-12-22,23.97,24.59,23.9,24.38
2025-12-23,24.37,24.53,24.17,24.39
2025-12-24,24.5,24.93,24.34,24.93
2025-12-25,24.99,25.39,24.68,24.8
2025-12-26,24.7,25.1,24.56,24.76
2025-12-29,24.75,24.99,24.37,24.46
2025-12-30,24.4,24.86,24.27,24.48
2025-12-31,25.51,26.43,24.96,25.28
2026-01-05,25.76,26.86,25.71,26.35
2026-01-06,26.58,27.2,26.45,26.89
2026-01-07,27.91,28.07,26.51,26.75
2026-01-08,26.6,27.3,26.52,26.76
2026-01-09,26.4,27.35,26.21,26.79
2026-01-12,26.9,27.73,26.9,27.5
2026-01-13,27.5,27.96,26.59,26.7
2026-01-14,26.99,27.48,26.41,26.9
2026-01-15,26.6,28.43,26.35,28.1
2026-01-16,28.8,30.19,28.01,29.79
2026-01-19,30.0,32.66,29.85,31.34
2026-01-20,31.0,32.0,30.48,31.49
2026-01-21,31.38,33.74,31.3,32.64
2026-01-22,33.54,33.54,31.0,31.51
2026-01-23,31.1,31.36,30.23,30.57
2026-01-26,30.52,31.05,29.26,29.44
2026-01-27,29.16,30.55,28.5,30.28
2026-01-28,30.7,33.18,30.7,31.82
2026-01-29,32.65,33.13,30.79,31.09
2026-01-30,31.09,33.38,30.68,32.49
2026-02-02,31.07,31.14,29.24,29.24
2026-02-03,29.83,29.96,29.1,29.87
2026-02-04,29.21,29.3,27.9,28.35
2026-02-05,27.34,27.68,26.9,27.4
2026-02-06,27.02,27.71,26.75,27.19
2026-02-09,27.97,29.05,27.45,28.84
2026-02-10,28.47,29.09,28.34,28.69
2026-02-11,28.4,28.77,28.08,28.12
2026-02-12,28.6,29.66,28.43,29.35
2026-02-13,29.02,32.29,28.95,32.29
2026-02-24,32.5,34.58,32.3,33.77
2026-02-25,33.66,33.76,32.35,33.28
2026-02-26,33.34,35.97,32.7,34.69
2026-02-27,34.0,34.61,33.38,34.4
2026-03-02,32.91,34.48,32.9,33.45
2026-03-03,33.88,34.22,30.58,30.68
2026-03-04,30.68,32.26,30.68,31.2
2026-03-05,32.42,32.7,31.3,31.59
2026-03-06,31.19,33.07,31.19,32.38
2026-03-09,30.45,31.35,29.48,31.14
2026-03-10,32.0,33.0,31.66,32.41
2026-03-11,32.6,33.08,31.9,32.07
2026-03-12,32.0,32.56,30.9,31.25
2026-03-13,30.6,32.2,30.26,30.92
2026-03-16,30.9,33.12,30.55,33.1
2026-03-17,32.47,33.18,32.12,32.26
2026-03-18,32.77,33.79,32.51,33.63
2026-03-19,32.5,33.7,31.8,32.43
2026-03-20,32.52,32.7,30.41,30.49
2026-03-23,29.21,29.99,28.17,28.46
2026-03-24,28.62,28.78,27.25,28.74
2026-03-25,29.2,30.38,29.14,29.43
2026-03-26,28.83,28.93,27.72,27.86
2026-03-27,26.98,27.95,26.53,27.49
2026-03-30,26.67,27.21,26.32,27.09
2026-03-31,26.68,26.7,25.7,25.79
2026-04-01,26.86,27.21,26.4,26.67
2026-04-02,27.01,27.09,25.5,25.65
2026-04-03,25.91,26.09,25.48,25.65
2026-04-07,26.07,26.45,25.82,26.01
2026-04-08,26.99,27.84,26.82,27.83
2026-04-09,27.2,28.08,27.07,27.7
2026-04-10,28.21,28.66,28.01,28.1
2026-04-13,27.79,28.46,27.79,28.25
2026-04-14,28.8,29.5,28.59,29.13
2026-04-15,29.31,29.43,28.1,28.28
2026-04-16,28.28,28.85,27.95,28.77
2026-04-17,28.46,29.21,28.38,29.0
2026-04-20,29.0,29.56,28.85,29.1
2026-04-21,28.88,29.05,28.24,28.85
2026-04-22,28.85,29.49,28.58,29.46
2026-04-23,29.8,29.88,28.3,28.73
2026-04-24,28.5,29.25,28.16,28.85
2026-04-27,29.32,29.6,29.0,29.29
2026-04-28,29.2,29.58,28.5,28.6
2026-04-29,28.15,29.34,28.0,29.23
2026-04-30,29.58,29.67,28.78,29.22
2026-05-06,30.2,31.38,30.2,30.72
2026-05-07,30.86,31.93,30.65,31.54
2026-05-08,30.88,31.16,30.46,31.02
2026-05-11,32.12,33.19,31.81,32.97
2026-05-12,32.74,32.74,31.85,32.31
2026-05-13,31.49,34.99,31.38,34.61
2026-05-14,34.8,36.0,34.2,34.34
2026-05-15,34.69,35.19,32.88,33.66
2026-05-18,35.8,37.03,35.4,37.03
2026-05-19,37.03,38.38,35.95,37.67
2026-05-20,38.38,39.99,37.76,37.85
2026-05-21,38.44,39.29,36.08,36.37
2026-05-22,37.22,37.98,35.9,37.73
2026-05-25,38.21,41.5,37.8,41.15
2026-05-26,41.5,45.13,38.71,42.75
2026-05-27,47.03,47.03,41.9,43.98
2026-05-28,42.11,43.88,41.5,42.65
2026-05-29,42.37,43.85,38.59,39.79
2026-06-01,39.01,39.7,36.28,36.43
2026-06-02,36.55,37.84,35.17,37.18
2026-06-03,37.35,39.79,37.31,38.3
2026-06-04,37.51,40.35,37.5,39.68
2026-06-05,38.68,39.3,37.68,38.13
2026-06-08,35.7,37.03,34.85,35.37
2026-06-09,36.25,37.58,35.79,37.54
2026-06-10,36.7,39.32,36.28,38.56
2026-06-11,37.78,39.48,37.38,39.08
2026-06-12,40.42,40.55,36.8,37.09
2026-06-15,37.88,39.5,36.46,39.47
2026-06-16,39.75,41.34,39.74,40.77
2026-06-17,39.85,42.96,39.85,42.91
2026-06-18,42.85,46.18,42.31,44.04
2026-06-22,45.36,47.0,44.08,46.68
2026-06-23,46.05,48.65,44.1,45.7
2026-06-24,44.36,50.27,44.36,50.27
2026-06-25,52.8,54.27,52.0,53.2
2026-06-26,53.0,57.63,52.22,53.51
2026-06-29,56.0,58.86,55.55,58.86
2026-06-30,59.45,64.75,57.6,64.27
2026-07-01,63.53,66.2,59.59,62.26
2026-07-02,56.65,58.0,56.03,56.03
2026-07-03,53.0,57.69,51.09,55.91
2026-07-06,55.9,57.01,52.54,53.3
2026-07-07,52.5,56.15,51.5,54.07
2026-07-08,54.1,55.0,49.33,51.13
2026-07-09,52.93,56.24,52.82,56.24
2026-07-10,59.88,61.86,57.9,57.91
2026-07-13,56.88,58.6,52.12,52.12
2026-07-14,52.12,53.99,48.88,52.51
2026-07-15,53.76,53.9,47.26,47.26
2026-07-16,45.44,46.96,42.71,43.34
2026-07-17,43.0,43.3,39.01,39.01
2026-07-20,39.95,40.5,35.11,35.14
2026-07-21,35.78,38.65,31.82,38.65
2026-07-22,39.43,42.48,39.43,40.22
2026-07-23,40.26,40.86,38.58,39.09
2026-07-24,38.5,42.8,38.29,41.99
2026-07-27,41.16,44.08,38.95,43.95
2026-07-28,41.6,42.75,39.56,39.56
2026-07-29,39.44,41.59,36.04,40.15
2026-07-30,38.65,39.58,36.27,36.42
2026-07-31,39.5,39.51,37.21,37.23
2026-08-03,36.06,36.7,34.4,34.51
2026-08-04,34.88,36.91,34.51,36.54
2026-08-05,36.58,39.31,36.37,38.7
2026-08-06,37.56,40.78,37.56,39.91
2026-08-07,39.39,41.29,39.07,40.85
2026-08-10,41.1,41.2,39.28,40.2
2026-08-11,39.91,41.25,39.31,39.81
2026-08-12,40.27,40.9,39.75,40.35
2026-08-13,41.0,41.78,39.53,39.55
2026-08-14,40.31,40.9,39.02,40.23
2026-08-17,40.26,42.77,40.26,42.6
2026-08-18,42.5,43.15,41.25,41.6
2026-08-19,39.75,40.23,37.44,37.44
2026-08-20,38.03,38.48,37.09,37.53
2026-08-21,37.16,38.2,36.83,37.9
2026-08-24,37.93,38.16,35.82,36.79
2026-08-25,36.04,37.33,35.09,36.82
2026-08-26,37.15,37.29,35.9,36.23
2026-08-27,36.39,37.88,36.33,37.85
2026-08-28,37.68,38.47,37.15,37.17
2026-08-31,36.28,37.75,36.27,37.74
2026-09-01,37.7,37.95,36.5,36.53
2026-09-02,35.96,35.99,35.35,35.54
2026-09-03,35.95,36.01,34.88,35.3
2026-09-04,35.71,35.93,34.01,34.52
2026-09-07,34.95,35.59,34.75,35.29
2026-09-08,35.17,35.88,34.75,34.99
2026-09-09,35.28,35.63,34.76,34.99
2026-09-10,35.63,36.85,35.63,36.5
2026-09-11,35.21,35.28,34.08,35.03
2026-09-14,34.18,34.44,33.45,33.77
2026-09-15,33.5,34.65,33.4,33.91
2026-09-16,33.91,37.18,33.61,36.2
