date,open,high,low,close
1996-11-29,22.8,25.5,22.8,23.9
1996-12-02,23.8,24.5,22.9,23.4
1996-12-03,23.06,23.8,22.8,23.7
1996-12-04,23.8,24.75,23.7,24.15
1996-12-05,24.2,24.69,23.8,23.88
1996-12-06,23.86,23.95,23.3,23.58
1996-12-09,23.6,24.8,23.2,24.2
1996-12-10,24.2,26.49,22.0,25.1
1996-12-11,25.0,26.0,24.83,25.66
1996-12-12,26.0,26.3,22.4,24.6
1996-12-13,24.0,24.5,23.5,23.55
1996-12-16,21.23,21.23,21.23,21.23
1996-12-17,19.11,19.11,19.11,19.11
1996-12-18,17.2,20.0,17.2,19.91
1996-12-19,20.41,20.41,17.96,17.96
1996-12-20,16.5,18.0,16.16,16.16
1996-12-23,16.58,17.29,15.61,16.5
1996-12-24,16.6,17.0,15.8,15.8
1996-12-25,15.9,17.0,15.6,17.0
1996-12-26,17.26,17.4,16.85,16.85
1996-12-27,17.01,17.8,17.01,17.8
1996-12-30,17.95,19.0,17.9,18.99
1996-12-31,19.0,19.0,18.06,18.3
1997-01-02,18.0,18.8,17.8,18.6
1997-01-03,18.65,18.66,17.8,17.9
1997-01-06,17.02,17.6,16.85,16.85
1997-01-07,16.65,18.25,16.5,17.97
1997-01-08,17.95,18.05,17.38,17.6
1997-01-09,17.88,18.0,17.7,17.95
1997-01-10,18.01,18.17,17.7,18.1
1997-01-13,18.21,18.6,17.48,18.55
1997-01-14,18.6,18.6,17.8,18.0
1997-01-15,17.85,18.28,17.65,18.1
1997-01-16,18.1,18.6,18.0,18.4
1997-01-17,18.6,18.96,18.52,18.8
1997-01-20,18.9,19.05,18.76,18.86
1997-01-21,18.86,19.21,18.86,19.21
1997-01-22,19.2,19.52,18.96,19.5
1997-01-23,19.5,19.95,19.0,19.48
1997-01-24,19.5,19.65,19.0,19.41
1997-01-27,19.35,20.5,19.2,19.8
1997-01-28,19.8,20.15,19.7,19.93
1997-01-29,19.71,20.0,19.71,19.85
1997-01-30,20.0,20.0,19.75,19.91
1997-01-31,19.85,20.1,19.8,20.1
1997-02-17,20.0,20.17,19.93,20.11
1997-02-18,20.0,20.18,18.2,18.2
1997-02-19,18.35,19.35,18.35,19.34
1997-02-20,17.37,19.15,17.37,19.15
1997-02-21,19.05,19.5,18.91,19.45
1997-02-24,19.9,21.18,19.85,21.13
1997-02-25,21.8,22.0,20.5,20.95
1997-02-26,20.98,21.5,20.0,21.35
1997-02-27,21.3,21.6,21.0,21.54
1997-02-28,21.38,21.75,21.15,21.75
1997-03-03,22.0,22.9,21.8,22.68
1997-03-04,22.59,22.6,21.45,22.35
1997-03-05,22.29,22.5,22.0,22.38
1997-03-06,21.68,22.64,21.68,22.58
1997-03-07,22.58,23.2,22.5,22.73
1997-03-10,22.8,24.5,22.8,23.95
1997-03-11,25.0,25.0,23.5,24.38
1997-03-12,24.4,25.0,23.0,24.0
1997-03-13,24.4,24.5,23.45,24.02
1997-03-14,23.84,24.8,23.8,24.01
1997-03-17,24.5,25.84,23.5,25.66
1997-03-18,25.97,26.0,24.82,24.98
1997-03-19,25.0,25.6,24.5,25.36
1997-03-20,25.34,25.34,24.58,24.58
1997-03-21,24.38,25.2,24.36,24.95
1997-03-24,24.89,25.18,24.75,24.78
1997-03-25,24.4,24.95,24.3,24.37
1997-03-26,24.78,24.9,24.0,24.08
1997-03-27,23.5,25.5,23.5,24.83
1997-03-28,24.98,26.1,24.98,26.0
1997-03-31,26.3,27.3,26.0,27.01
1997-04-01,27.8,27.8,26.8,27.15
1997-04-02,27.4,27.5,26.52,26.61
1997-04-03,26.6,27.0,26.3,26.79
1997-04-04,27.08,27.35,26.6,27.25
1997-04-07,29.43,29.98,27.5,29.98
1997-04-08,30.5,32.98,29.95,32.38
1997-04-09,32.2,33.15,31.34,32.74
1997-04-10,33.0,33.0,32.09,32.69
1997-04-11,32.0,32.6,31.9,32.46
1997-04-14,33.0,35.26,32.75,34.71
1997-04-15,36.45,38.1,34.6,34.79
1997-04-16,35.0,35.0,33.5,34.19
1997-04-17,33.8,34.35,33.5,33.98
1997-04-18,33.5,34.96,33.5,34.85
1997-04-21,35.0,37.4,35.0,37.28
1997-04-22,37.5,38.5,37.0,38.23
1997-04-23,38.0,40.5,37.1,39.98
1997-04-24,39.48,43.6,39.0,42.9
1997-04-25,42.8,46.9,42.5,46.28
1997-04-28,46.29,50.91,46.29,50.2
1997-04-29,50.0,53.5,45.6,50.81
1997-04-30,49.0,50.0,47.02,49.37
1997-05-05,50.0,50.5,49.03,50.06
1997-05-06,50.5,51.0,49.51,50.48
1997-05-07,50.6,50.65,48.5,49.48
1997-05-08,49.5,51.2,48.0,49.76
1997-05-09,49.5,52.5,49.0,52.45
1997-05-12,51.5,54.6,50.0,52.03
1997-05-13,51.5,51.5,49.51,50.09
1997-05-14,49.5,50.8,48.52,49.0
1997-05-15,48.5,50.4,48.5,50.05
1997-05-19,48.0,48.0,45.05,45.05
1997-05-20,45.05,48.2,45.05,48.0
1997-05-21,48.0,49.0,47.0,48.08
1997-05-22,47.0,47.18,43.27,44.1
1997-05-23,44.0,46.3,43.5,46.02
1997-05-26,45.6,46.7,43.0,44.62
1997-05-27,22.0,23.1,21.5,22.63
1997-05-28,22.45,22.9,21.56,21.98
1997-05-29,21.8,22.4,21.0,21.8
1997-05-30,21.59,22.0,21.0,21.52
1997-06-02,21.35,23.21,21.2,23.02
1997-06-03,22.2,24.05,22.2,23.56
1997-06-04,23.3,25.59,23.3,25.13
1997-06-05,25.5,25.54,24.31,24.65
1997-06-06,22.3,24.4,22.3,23.4
1997-06-09,22.8,23.5,22.3,22.85
1997-06-10,22.95,23.0,21.1,21.3
1997-06-11,21.01,21.2,19.17,20.19
1997-06-12,20.5,20.5,19.0,19.99
1997-06-13,18.5,21.2,18.5,21.07
1997-06-16,19.8,22.5,19.8,22.0
1997-06-17,22.0,22.0,21.0,21.61
1997-06-18,21.5,22.0,21.45,21.76
1997-06-19,21.85,22.3,21.7,21.9
1997-06-20,21.4,23.3,21.4,23.11
1997-06-23,24.0,24.64,22.68,23.2
1997-06-24,23.6,24.0,23.31,23.73
1997-06-25,24.0,24.1,23.0,23.68
1997-06-26,23.25,24.05,23.2,24.01
1997-06-27,24.08,25.55,24.05,24.36
1997-07-02,24.6,25.1,22.5,24.16
1997-07-03,23.99,24.0,22.6,22.6
1997-07-04,22.5,22.9,21.8,22.82
1997-07-07,23.0,23.05,20.55,20.77
1997-07-08,20.4,22.18,20.0,22.11
1997-07-09,22.5,22.8,22.0,22.79
1997-07-10,22.91,24.08,22.6,23.25
1997-07-11,23.0,24.13,22.88,24.06
1997-07-14,24.6,24.88,24.25,24.33
1997-07-15,24.33,25.48,24.2,25.41
1997-07-16,25.5,26.2,25.2,25.56
1997-07-17,25.49,25.6,24.7,25.02
1997-07-18,24.98,25.2,24.6,24.89
1997-07-21,24.9,25.3,24.21,24.66
1997-07-22,24.37,25.1,23.63,24.9
1997-07-23,25.11,25.3,24.25,24.48
1997-07-24,24.38,24.38,23.38,23.43
1997-07-25,23.3,24.0,22.9,23.8
1997-07-28,23.85,24.3,23.0,23.16
1997-07-29,22.95,23.5,22.83,23.19
1997-07-30,23.3,23.48,22.99,23.45
1997-07-31,23.6,23.95,23.3,23.77
1997-08-01,23.99,24.23,23.46,24.14
1997-08-04,23.5,24.2,23.12,23.31
1997-08-05,23.1,23.85,23.1,23.53
1997-08-06,23.5,23.78,22.8,22.8
1997-08-07,22.8,22.8,21.6,22.25
1997-08-08,22.32,22.5,21.5,22.25
1997-08-11,22.38,22.38,20.7,21.05
1997-08-12,20.84,22.0,20.53,21.01
1997-08-13,21.0,21.8,20.6,21.17
1997-08-14,21.35,22.3,21.0,22.2
1997-08-15,22.2,22.5,21.51,21.78
1997-08-18,21.8,21.8,21.01,21.4
1997-08-19,21.4,21.7,21.31,21.49
1997-08-20,21.48,21.68,21.35,21.58
1997-08-21,21.98,22.38,21.68,22.21
1997-08-22,22.1,23.5,21.6,23.38
1997-08-25,24.01,24.6,23.9,23.98
1997-08-26,24.2,24.49,23.89,23.97
1997-08-27,24.1,24.29,23.61,23.7
1997-08-28,23.7,23.98,23.2,23.38
1997-08-29,23.32,23.37,22.8,22.89
1997-09-01,23.2,23.8,23.0,23.29
1997-09-02,23.55,23.6,22.92,23.18
1997-09-03,23.18,23.55,23.07,23.49
1997-09-04,23.9,23.9,23.28,23.29
1997-09-05,23.3,23.4,23.0,23.11
1997-09-08,23.15,23.16,22.7,22.78
1997-09-09,22.77,23.45,22.77,22.86
1997-09-10,22.5,23.1,22.5,22.61
1997-09-11,22.61,23.48,22.4,23.08
1997-09-12,23.08,23.16,22.5,22.5
1997-09-15,22.48,22.48,21.73,22.0
1997-09-16,21.5,22.15,21.5,21.88
1997-09-17,21.9,21.9,21.2,21.49
1997-09-18,21.78,21.86,21.49,21.64
1997-09-19,21.6,21.99,21.6,21.9
1997-09-22,21.99,21.99,20.5,20.71
1997-09-23,20.5,20.79,19.05,19.44
1997-09-24,19.5,20.5,19.5,20.3
1997-09-25,20.55,20.8,20.21,20.38
1997-09-26,20.2,20.25,19.8,19.98
1997-09-29,19.98,19.98,19.35,19.42
1997-09-30,19.42,19.98,19.42,19.92
1997-10-06,20.1,20.49,19.9,20.23
1997-10-07,20.0,20.33,19.98,20.15
1997-10-08,20.81,21.05,20.6,20.95
1997-10-09,21.05,21.2,20.9,20.94
1997-10-10,21.0,21.04,20.94,20.97
1997-10-13,21.0,21.21,20.02,20.68
1997-10-14,20.3,20.8,20.06,20.4
1997-10-15,20.5,20.85,20.45,20.75
1997-10-16,21.0,22.68,21.0,22.4
1997-10-17,23.0,23.8,22.5,23.56
1997-10-20,24.0,24.0,23.0,23.58
1997-10-21,23.5,24.05,23.08,24.0
1997-10-22,24.21,25.2,23.48,23.51
1997-10-23,23.48,24.8,22.9,24.59
1997-10-24,24.66,25.08,24.3,24.86
1997-10-27,25.48,25.8,24.85,24.9
1997-10-28,25.0,25.15,23.28,23.95
1997-10-29,24.0,24.59,23.7,24.57
1997-10-30,25.0,27.03,25.0,26.45
1997-10-31,26.0,26.48,25.03,26.22
1997-11-03,26.4,26.5,25.8,25.99
1997-11-04,26.0,26.5,25.65,26.31
1997-11-05,26.6,27.36,26.5,26.9
1997-11-06,27.11,27.38,26.25,26.27
1997-11-07,26.0,26.9,26.0,26.7
1997-11-10,26.7,26.95,26.1,26.33
1997-11-11,26.18,26.49,25.2,26.0
1997-11-12,25.5,27.0,25.5,25.95
1997-11-13,25.7,26.18,25.12,26.07
1997-11-14,26.3,27.2,26.0,26.63
1997-11-17,27.11,28.35,26.93,28.04
1997-11-18,28.04,30.8,27.8,29.19
1997-11-19,29.0,30.19,28.2,28.7
1997-11-20,28.8,29.5,28.65,29.07
1997-11-21,28.9,29.2,28.65,28.7
1997-11-24,28.14,28.2,27.02,27.07
1997-11-25,26.5,27.58,26.5,27.27
1997-11-26,27.5,28.02,27.3,28.0
1997-11-27,28.0,28.6,27.15,27.2
1997-12-01,28.0,28.4,27.2,27.46
1997-12-02,27.45,27.9,27.01,27.4
1997-12-03,27.4,27.8,27.01,27.46
1997-12-04,27.11,28.8,27.1,28.45
1997-12-05,28.79,29.0,28.0,28.05
1997-12-08,28.19,28.7,28.19,28.57
1997-12-09,28.49,29.5,28.49,29.44
1997-12-10,30.0,30.0,29.2,29.2
1997-12-11,29.08,29.3,28.52,29.06
1997-12-12,29.3,29.4,28.5,28.53
1997-12-15,29.1,29.1,28.5,29.0
1997-12-16,29.1,29.87,29.1,29.67
1997-12-17,29.69,29.8,28.79,29.02
1997-12-18,28.8,29.35,28.75,28.87
1997-12-19,29.0,29.5,28.71,29.25
1997-12-22,29.53,31.25,29.29,31.2
1997-12-23,30.37,32.0,30.37,30.89
1997-12-24,30.85,31.05,30.0,30.51
1997-12-25,30.3,30.99,30.1,30.71
1997-12-26,30.86,31.5,30.48,30.8
1997-12-29,31.0,31.5,30.28,30.28
1997-12-30,30.3,30.52,30.0,30.1
1997-12-31,30.1,30.99,30.0,30.86
1998-01-05,31.01,33.32,31.0,33.3
1998-01-06,33.3,33.95,32.65,33.58
1998-01-07,33.39,33.6,32.8,33.29
1998-01-08,33.28,34.9,32.9,33.6
1998-01-09,34.3,34.3,32.6,33.28
1998-01-12,33.89,34.89,33.44,33.46
1998-01-13,32.9,32.9,30.11,31.41
1998-01-14,31.4,33.0,30.8,31.55
1998-01-15,31.9,32.48,31.42,31.86
1998-01-16,31.98,32.6,31.01,31.88
1998-01-19,32.06,32.79,30.98,31.38
1998-01-20,31.56,31.6,30.01,30.42
1998-01-21,30.39,30.87,29.7,29.94
1998-01-22,29.7,30.5,29.25,30.33
1998-01-23,30.49,30.9,30.33,30.86
1998-02-09,31.5,31.8,30.0,30.3
1998-02-10,30.0,30.2,29.08,29.23
1998-02-11,29.01,30.0,28.81,29.64
1998-02-12,29.85,30.18,29.29,29.34
1998-02-13,29.0,30.2,29.0,29.96
1998-02-16,29.96,31.45,29.0,30.73
1998-02-17,30.6,31.28,30.3,30.36
1998-02-18,30.49,30.49,29.0,29.78
1998-02-19,29.55,30.2,29.1,29.29
1998-02-20,29.32,29.59,28.5,28.8
1998-02-23,28.51,28.52,27.22,27.98
1998-02-24,28.1,29.8,27.2,28.98
1998-02-25,28.8,28.91,27.8,28.0
1998-02-26,28.0,29.3,27.6,28.88
1998-02-27,28.7,29.0,28.2,28.2
1998-03-02,27.6,28.2,26.6,26.78
1998-03-03,24.8,26.1,24.8,26.07
1998-03-04,26.1,26.3,26.0,26.1
1998-03-05,26.5,26.58,26.0,26.08
1998-03-06,26.0,26.06,25.4,25.5
1998-03-09,25.5,26.2,24.97,25.18
1998-03-10,25.0,25.95,24.5,25.43
1998-03-12,25.0,25.95,25.0,25.73
1998-03-13,25.78,26.0,25.4,25.9
1998-03-16,26.47,26.47,25.8,26.28
1998-03-17,26.3,26.3,25.8,25.96
1998-03-18,26.0,26.0,25.3,25.34
1998-03-19,25.3,25.5,24.8,25.05
1998-03-20,25.0,25.55,25.0,25.29
1998-03-23,25.29,26.49,25.25,26.15
1998-03-24,26.19,26.5,25.98,26.44
1998-03-25,27.0,28.6,26.46,28.01
1998-03-26,27.5,28.0,26.88,27.01
1998-03-27,26.59,28.6,26.38,28.12
1998-03-30,28.5,29.0,28.1,28.24
1998-03-31,28.44,28.5,27.5,27.58
1998-04-01,27.5,27.99,27.05,27.29
1998-04-02,27.25,27.7,27.02,27.06
1998-04-03,26.95,27.0,26.45,26.52
1998-04-06,26.55,27.5,26.1,27.06
1998-04-07,27.08,27.35,26.8,26.85
1998-04-08,26.85,27.0,26.6,26.79
1998-04-09,26.62,27.5,26.6,27.06
1998-04-10,26.86,28.1,26.86,27.85
1998-04-13,28.5,28.5,27.9,27.91
1998-04-14,27.91,28.1,27.5,27.57
1998-04-15,27.45,28.03,27.1,28.01
1998-04-16,27.62,28.5,27.6,28.2
1998-04-17,28.0,28.1,27.28,27.39
1998-04-20,27.0,27.5,26.88,27.3
1998-04-21,27.3,27.86,27.0,27.08
1998-04-22,27.5,28.25,27.15,28.01
1998-04-23,28.25,29.3,28.15,28.52
1998-04-24,28.5,30.95,28.48,29.6
1998-04-27,29.6,30.58,29.51,29.98
1998-04-29,30.5,31.58,29.98,31.13
1998-04-30,31.2,31.69,30.58,30.69
1998-05-04,31.0,31.8,30.7,31.0
1998-05-05,31.0,31.1,29.88,30.06
1998-05-06,29.99,29.99,29.2,29.53
1998-05-07,29.31,29.69,28.6,28.69
1998-05-08,28.5,29.4,28.25,29.13
1998-05-11,29.08,29.1,28.0,28.56
1998-05-12,28.5,29.6,28.45,28.77
1998-05-13,28.8,29.45,28.8,29.11
1998-05-14,29.11,29.9,29.11,29.58
1998-05-15,29.0,29.88,28.88,29.01
1998-05-18,29.1,29.15,28.45,28.51
1998-05-19,28.6,28.7,28.1,28.24
1998-05-20,28.2,28.5,27.7,27.9
1998-05-21,27.8,28.4,27.4,28.14
1998-05-22,28.3,28.7,28.05,28.47
1998-05-25,28.5,28.8,28.0,28.59
1998-05-27,29.8,29.95,29.4,29.47
1998-05-28,29.51,29.92,29.0,29.24
1998-05-29,29.2,29.82,29.2,29.55
1998-06-01,29.27,29.8,29.2,29.5
1998-06-02,29.4,29.5,28.81,28.89
1998-06-03,28.8,28.92,28.38,28.39
1998-06-04,28.4,29.26,28.28,28.79
1998-06-05,29.1,29.88,28.63,29.76
1998-06-08,29.9,31.17,29.78,30.6
1998-06-09,30.2,31.0,30.0,30.29
1998-06-10,30.2,31.55,30.18,31.04
1998-06-11,30.6,31.24,29.65,29.99
1998-06-12,30.5,31.25,30.14,31.04
1998-06-15,31.45,31.45,30.01,30.7
1998-06-16,30.1,30.65,29.8,30.17
1998-06-17,30.28,31.05,30.13,30.79
1998-06-18,31.01,31.05,30.7,30.9
1998-06-19,30.85,31.86,30.85,31.61
1998-06-20,30.85,31.86,30.85,31.61
1998-06-22,31.75,32.5,31.75,32.1
1998-06-23,32.05,32.48,31.85,32.25
1998-06-24,32.1,32.38,31.6,31.85
1998-06-25,32.0,32.0,31.12,31.18
1998-06-26,31.18,31.76,31.0,31.57
1998-06-29,31.75,31.8,31.15,31.24
1998-06-30,31.25,31.25,30.48,30.54
1998-07-01,30.4,31.6,30.4,30.7
1998-07-02,30.5,31.5,30.5,31.4
1998-07-03,31.6,31.8,31.25,31.51
1998-07-06,31.49,31.79,30.85,30.91
1998-07-07,30.95,31.17,30.68,31.08
1998-07-08,31.5,31.7,31.2,31.57
1998-07-09,31.5,31.5,31.0,31.36
1998-07-10,31.2,32.4,31.2,32.16
1998-07-13,32.48,33.4,32.28,33.39
1998-07-14,33.41,34.38,32.9,33.27
1998-07-15,33.27,33.49,32.58,32.91
1998-07-16,32.9,33.5,31.98,32.06
1998-07-17,31.95,32.39,31.61,32.1
1998-07-20,32.0,32.01,30.91,31.19
1998-07-21,31.0,32.97,30.9,32.28
1998-07-22,32.0,32.17,31.24,31.33
1998-07-23,31.4,31.8,30.7,30.88
1998-07-24,31.0,31.8,30.7,31.53
1998-07-27,31.4,31.5,30.9,31.25
1998-07-28,31.6,31.6,31.09,31.22
1998-07-29,31.4,31.58,31.16,31.2
1998-07-30,31.2,31.86,31.2,31.78
1998-07-31,32.0,32.49,31.9,32.19
1998-08-03,32.0,32.26,31.15,31.36
1998-08-04,31.29,31.29,30.68,30.9
1998-08-05,30.88,31.0,30.6,30.96
1998-08-06,30.95,31.37,30.8,30.98
1998-08-07,30.9,30.9,29.8,29.94
1998-08-10,29.8,29.8,28.68,29.03
1998-08-11,29.0,30.99,28.88,29.0
1998-08-12,29.1,29.5,28.48,29.1
1998-08-13,29.48,30.88,28.72,30.48
1998-08-14,31.5,31.5,30.03,30.59
1998-08-17,30.5,30.5,28.6,28.9
1998-08-18,28.8,29.7,28.72,29.1
1998-08-19,29.3,30.28,29.06,29.9
1998-08-20,29.9,30.89,29.7,30.7
1998-08-21,30.75,31.08,30.4,30.79
1998-08-24,30.7,30.97,30.25,30.55
1998-08-25,30.2,30.5,30.03,30.1
1998-08-26,30.3,30.65,29.8,29.85
1998-08-27,29.0,29.85,29.0,29.43
1998-08-28,29.3,29.5,29.08,29.28
1998-08-31,29.19,29.5,27.83,29.38
1998-09-01,29.0,29.05,28.55,28.86
1998-09-02,28.9,29.14,28.7,28.95
1998-09-03,28.95,29.3,28.95,29.22
1998-09-04,29.39,29.8,29.3,29.72
1998-09-07,29.8,30.05,29.4,29.6
1998-09-08,29.9,29.9,29.25,29.26
1998-09-09,29.2,29.85,29.15,29.76
1998-09-10,29.8,31.0,29.8,30.63
1998-09-14,31.35,31.75,30.8,31.0
1998-09-16,32.0,32.0,30.25,30.77
1998-09-17,30.77,31.87,30.2,31.79
1998-09-18,31.59,31.59,30.7,30.84
1998-09-21,30.9,31.0,30.4,30.97
1998-09-22,31.12,31.31,30.55,31.12
1998-09-23,31.49,31.9,31.48,31.8
1998-09-24,31.7,31.98,31.08,31.1
1998-09-25,31.07,31.2,30.8,31.2
1998-09-28,31.5,31.5,30.56,30.58
1998-09-29,16.98,17.8,16.98,17.6
1998-09-30,17.98,18.18,17.5,17.98
1998-10-05,17.95,18.09,17.5,17.88
1998-10-06,18.0,18.08,17.8,17.8
1998-10-07,17.7,18.06,17.3,17.67
1998-10-08,17.78,18.5,17.7,18.01
1998-10-09,18.26,18.3,17.76,17.88
1998-10-12,17.83,18.0,17.5,17.8
1998-10-13,17.8,18.4,17.8,18.12
1998-10-14,18.0,18.53,17.9,18.3
1998-10-15,18.1,18.8,18.05,18.71
1998-10-16,18.6,19.2,18.51,19.1
1998-10-19,19.2,19.98,19.08,19.44
1998-10-20,19.5,19.85,18.88,19.13
1998-10-21,19.05,19.2,18.39,18.45
1998-10-22,18.2,18.67,18.01,18.61
1998-10-23,18.48,19.08,18.4,18.69
1998-10-26,18.6,18.93,18.48,18.7
1998-10-27,18.55,19.14,18.4,18.6
1998-10-28,18.5,19.0,18.1,18.97
1998-10-29,18.51,19.0,18.22,18.82
1998-10-30,18.5,18.88,18.24,18.74
1998-11-02,18.52,18.79,18.09,18.53
1998-11-03,18.5,19.2,18.25,19.09
1998-11-04,19.25,19.3,18.8,18.9
1998-11-05,18.9,19.09,18.5,19.0
1998-11-06,19.0,20.2,19.0,19.92
1998-11-09,19.9,21.0,19.9,20.8
1998-11-10,20.88,21.0,20.3,20.39
1998-11-11,20.4,21.23,20.36,20.98
1998-11-12,21.1,22.05,21.1,21.99
1998-11-13,22.06,22.36,21.71,22.34
1998-11-16,22.35,22.99,22.0,22.27
1998-11-17,22.27,22.63,22.0,22.34
1998-11-18,22.35,22.5,21.68,21.99
1998-11-19,21.72,22.2,21.25,21.49
1998-11-20,21.3,22.39,21.3,22.14
1998-11-23,22.28,22.67,21.76,21.87
1998-11-24,21.88,22.18,21.48,21.65
1998-11-25,21.8,21.8,21.0,21.44
1998-11-26,21.32,21.7,20.89,21.19
1998-11-27,21.16,21.32,20.51,20.96
1998-11-30,20.9,21.32,20.08,20.38
1998-12-01,20.4,20.88,19.47,19.58
1998-12-02,19.5,19.8,19.15,19.26
1998-12-03,19.31,19.66,19.3,19.38
1998-12-04,19.5,19.65,18.95,19.45
1998-12-07,19.6,19.97,18.98,19.06
1998-12-08,19.01,19.39,18.98,19.35
1998-12-09,19.2,19.75,19.1,19.62
1998-12-10,19.68,19.75,19.3,19.44
1998-12-11,19.48,20.17,19.45,20.15
1998-12-14,20.12,20.35,19.75,19.79
1998-12-15,19.61,19.76,19.3,19.74
1998-12-16,19.72,19.72,19.2,19.26
1998-12-17,19.2,19.2,18.38,18.45
1998-12-18,18.02,18.8,17.91,18.56
1998-12-21,18.56,18.56,18.21,18.35
1998-12-22,18.35,19.08,18.2,18.81
1998-12-23,18.8,18.8,18.5,18.76
1998-12-24,18.71,19.33,18.61,19.24
1998-12-25,19.26,19.49,19.18,19.24
1998-12-28,19.48,19.48,18.6,18.95
1998-12-29,18.6,18.94,18.22,18.29
1998-12-30,18.29,18.8,16.5,17.38
1998-12-31,18.0,18.57,17.91,18.5
1999-01-04,18.47,18.47,17.8,17.98
1999-01-05,17.8,17.87,17.31,17.76
1999-01-06,17.66,18.08,17.32,17.79
1999-01-07,17.76,17.99,17.39,17.84
1999-01-08,17.84,18.58,17.84,18.57
1999-01-11,18.6,18.87,18.25,18.87
1999-01-12,18.88,18.95,18.5,18.79
1999-01-13,18.5,19.38,18.45,19.11
1999-01-14,19.0,19.46,18.72,18.95
1999-01-15,19.0,19.01,18.68,18.78
1999-01-18,18.6,19.27,18.32,19.22
1999-01-19,19.0,19.45,19.0,19.31
1999-01-20,19.3,19.4,18.96,18.99
1999-01-21,19.0,19.0,18.86,18.98
1999-01-22,19.09,19.6,19.0,19.12
1999-01-25,19.15,19.36,18.86,18.86
1999-01-26,18.74,18.8,18.48,18.55
1999-01-27,18.65,18.88,18.37,18.65
1999-01-28,18.51,18.65,18.35,18.4
1999-01-29,18.39,19.0,18.34,18.64
1999-02-01,18.52,18.65,18.28,18.38
1999-02-02,18.32,18.58,18.29,18.57
1999-02-03,18.55,18.66,18.48,18.58
1999-02-04,19.1,19.1,18.23,18.44
1999-02-05,18.35,18.35,17.91,18.09
1999-02-08,17.95,18.1,17.5,17.78
1999-02-09,17.7,18.3,17.6,18.04
1999-03-01,18.0,18.0,17.2,17.31
1999-03-02,17.39,17.39,16.96,17.0
1999-03-03,17.08,17.65,16.55,17.64
1999-03-04,17.45,17.6,17.2,17.35
1999-03-05,17.22,17.8,17.05,17.47
1999-03-08,17.1,17.5,17.0,17.26
1999-03-09,17.09,17.48,17.05,17.33
1999-03-10,17.2,17.71,17.2,17.55
1999-03-11,17.36,17.88,17.36,17.65
1999-03-12,17.98,18.95,17.98,18.17
1999-03-15,18.2,18.7,18.2,18.46
1999-03-16,18.1,18.52,18.0,18.3
1999-03-17,18.2,18.2,17.75,17.8
1999-03-18,17.76,18.5,17.67,18.48
1999-03-19,18.38,20.33,17.75,18.6
1999-03-22,18.7,18.7,18.11,18.21
1999-03-23,18.25,18.8,18.12,18.5
1999-03-24,18.3,18.61,17.9,18.0
1999-03-25,17.92,18.19,17.76,17.8
1999-03-26,17.8,17.98,17.67,17.7
1999-03-29,17.62,17.7,17.4,17.44
1999-03-30,17.5,17.8,17.29,17.3
1999-03-31,17.3,17.5,17.2,17.39
1999-04-01,17.3,17.9,17.3,17.43
1999-04-02,17.4,17.78,17.2,17.6
1999-04-05,17.52,17.8,17.08,17.26
1999-04-06,17.35,17.49,17.04,17.08
1999-04-07,17.08,17.1,16.9,17.1
1999-04-08,17.12,17.67,16.95,17.38
1999-04-09,17.21,17.63,17.13,17.29
1999-04-12,17.35,17.4,16.72,17.23
1999-04-13,17.0,17.19,16.71,17.13
1999-04-14,17.0,17.23,17.0,17.22
1999-04-15,17.17,17.17,16.97,17.06
1999-04-16,16.98,17.3,16.98,17.28
1999-04-19,17.23,17.31,16.92,17.28
1999-04-20,17.12,17.2,16.86,17.12
1999-04-22,16.8,17.06,16.4,17.0
1999-04-23,17.0,17.2,16.85,17.17
1999-04-26,17.17,17.17,16.61,16.73
1999-04-27,16.63,16.96,16.42,16.43
1999-04-28,16.7,17.35,16.5,16.6
1999-04-29,16.49,16.9,16.48,16.85
1999-04-30,16.97,17.0,16.6,16.98
1999-05-04,17.0,17.0,16.6,16.87
1999-05-05,16.65,17.25,16.48,17.2
1999-05-06,17.2,17.35,16.93,17.23
1999-05-07,17.2,17.2,16.84,16.96
1999-05-10,16.5,16.88,16.2,16.45
1999-05-11,16.4,16.5,16.2,16.32
1999-05-12,16.32,16.4,16.0,16.19
1999-05-13,16.14,16.3,15.52,16.18
1999-05-14,16.2,16.2,15.64,15.8
1999-05-17,15.65,15.91,15.61,15.82
1999-05-18,15.72,16.0,15.72,15.85
1999-05-19,15.78,16.8,15.78,16.8
1999-05-20,17.01,17.28,16.85,17.12
1999-05-21,17.12,17.68,16.81,17.6
1999-05-24,18.1,19.42,18.1,19.42
1999-05-25,20.0,21.21,19.02,19.17
1999-05-26,19.3,20.88,19.3,20.49
1999-05-27,20.73,21.5,20.6,21.0
1999-05-28,20.98,21.3,20.51,21.04
1999-05-31,21.05,22.55,21.05,22.18
1999-06-01,22.2,22.45,21.95,22.3
1999-06-02,22.3,23.18,21.8,22.63
1999-06-03,22.5,22.5,21.67,21.77
1999-06-04,21.8,23.8,21.65,23.8
1999-06-07,24.0,25.25,23.8,24.8
1999-06-08,24.8,24.88,24.38,24.5
1999-06-09,24.35,26.2,24.35,25.8
1999-06-10,26.35,26.58,25.0,25.95
1999-06-11,25.1,26.0,25.0,25.21
1999-06-14,25.3,26.38,25.3,25.79
1999-06-15,28.34,28.34,27.55,28.34
1999-06-16,28.5,30.28,28.38,29.6
1999-06-17,29.7,31.35,29.7,30.88
1999-06-18,31.0,33.2,30.0,32.98
1999-06-21,32.1,32.1,30.6,30.78
1999-06-22,30.8,31.5,29.85,30.26
1999-06-23,30.5,33.0,30.2,32.77
1999-06-24,33.2,35.5,32.0,35.28
1999-06-25,35.29,38.39,33.8,33.9
1999-06-28,34.0,36.8,34.0,36.26
1999-06-29,35.0,39.89,35.0,39.89
1999-06-30,42.0,42.21,38.8,41.64
1999-07-01,41.0,41.2,37.48,37.48
1999-07-02,38.0,39.48,34.51,37.35
1999-07-05,37.9,38.0,33.62,33.8
1999-07-06,33.5,34.6,30.9,33.0
1999-07-07,33.5,35.09,33.0,34.7
1999-07-08,34.9,35.5,34.5,34.99
1999-07-09,35.11,35.71,34.0,35.52
1999-07-12,35.8,36.55,33.0,34.6
1999-07-13,34.45,34.5,33.0,33.5
1999-07-14,33.6,35.52,33.6,34.86
1999-07-15,34.9,35.0,33.79,34.66
1999-07-16,34.3,34.98,32.5,34.4
1999-07-19,32.6,34.1,32.6,33.82
1999-07-20,33.82,37.2,33.2,37.2
1999-07-21,37.0,39.48,36.75,38.32
1999-07-22,38.26,38.48,35.71,36.13
1999-07-23,36.25,37.64,36.25,37.63
1999-07-26,37.8,41.39,37.8,39.45
1999-07-27,39.65,39.78,38.3,39.15
1999-07-28,39.3,40.09,38.52,40.06
1999-07-29,42.68,44.0,39.99,42.07
1999-07-30,42.25,42.96,41.81,42.45
1999-08-02,42.71,42.8,41.75,41.79
1999-08-03,41.66,42.3,40.11,42.11
1999-08-04,41.5,42.58,41.5,42.42
1999-08-05,42.39,42.4,41.56,41.99
1999-08-06,42.0,45.0,40.0,42.58
1999-08-09,42.5,42.5,41.0,41.24
1999-08-10,41.6,41.6,39.0,39.9
1999-08-11,39.29,39.32,38.1,39.32
1999-08-12,38.06,39.3,38.06,38.46
1999-08-13,38.51,38.52,37.48,37.74
1999-08-16,37.5,37.5,36.0,36.87
1999-08-17,36.9,38.13,36.9,37.38
1999-08-18,37.4,38.8,36.6,38.25
1999-08-19,38.68,38.95,37.5,38.76
1999-08-20,38.75,38.75,37.9,38.02
1999-08-23,38.0,38.34,37.0,37.79
1999-08-24,38.5,38.5,37.0,37.3
1999-08-25,37.33,37.6,36.7,37.19
1999-08-26,38.5,38.5,37.0,37.6
1999-08-27,37.2,38.3,37.2,37.81
1999-08-30,37.6,38.1,37.23,37.77
1999-08-31,38.01,38.2,37.35,37.85
1999-09-01,37.5,38.0,36.8,37.87
1999-09-03,37.92,38.0,37.48,37.5
1999-09-06,37.7,37.7,36.5,37.32
1999-09-07,36.81,38.1,36.81,37.81
1999-09-08,38.0,38.1,37.65,38.0
1999-09-09,25.4,27.86,25.4,27.86
1999-09-10,27.98,29.53,27.6,28.49
1999-09-13,28.25,28.25,27.02,27.52
1999-09-14,27.5,27.5,26.72,27.48
1999-09-15,27.2,27.2,26.73,27.03
1999-09-16,27.0,27.0,26.1,26.4
1999-09-17,26.97,26.97,26.1,26.52
1999-09-20,26.5,26.5,26.0,26.34
1999-09-21,27.0,27.0,26.0,26.48
1999-09-22,26.99,26.99,25.8,26.01
1999-09-23,26.8,26.8,25.85,26.0
1999-09-24,26.5,26.5,25.8,25.94
1999-09-27,26.02,26.1,25.4,25.88
1999-09-28,25.85,25.85,25.05,25.14
1999-09-29,25.1,25.3,25.0,25.2
1999-09-30,25.2,25.3,24.87,25.09
1999-10-08,24.5,24.9,24.11,24.41
1999-10-11,24.14,24.5,23.5,24.09
1999-10-12,24.1,24.3,23.63,24.29
1999-10-13,24.5,24.5,23.39,23.84
1999-10-14,23.5,24.1,23.2,23.56
1999-10-15,23.56,24.22,23.48,23.81
1999-10-18,23.8,23.8,22.8,22.97
1999-10-19,22.5,22.5,20.67,21.13
1999-10-20,20.42,21.1,20.0,20.82
1999-10-21,20.76,20.76,20.0,20.41
1999-10-22,20.35,21.85,20.28,21.29
1999-10-25,21.2,21.2,20.22,20.48
1999-10-26,20.35,20.7,20.1,20.35
1999-10-27,20.7,21.4,20.7,21.38
1999-10-28,21.7,21.73,20.68,21.36
1999-10-29,21.4,21.69,20.72,21.18
1999-11-01,21.0,21.0,20.59,20.73
1999-11-02,20.59,20.79,20.43,20.77
1999-11-03,20.8,20.85,20.5,20.82
1999-11-04,20.49,20.86,20.15,20.79
1999-11-05,20.5,20.85,20.5,20.75
1999-11-08,20.65,21.16,20.0,20.77
1999-11-09,20.77,21.0,20.6,20.77
1999-11-10,20.68,20.98,20.3,20.97
1999-11-11,21.0,21.59,20.78,20.96
1999-11-12,21.0,21.1,20.48,20.49
1999-11-15,20.48,20.98,20.31,20.79
1999-11-16,20.81,20.89,20.1,20.46
1999-11-17,20.38,20.38,19.6,20.16
1999-11-18,20.1,20.55,19.6,20.16
1999-11-22,19.5,19.97,19.1,19.5
1999-11-23,17.6,19.7,17.6,19.54
1999-11-24,19.4,19.78,19.01,19.6
1999-11-25,19.48,19.65,19.26,19.34
1999-11-26,19.34,19.5,18.7,19.4
1999-11-29,19.25,19.28,18.68,19.04
1999-11-30,18.8,18.9,18.5,18.61
1999-12-01,18.4,18.68,18.11,18.62
1999-12-02,18.8,18.8,18.3,18.55
1999-12-03,18.45,18.7,18.41,18.67
1999-12-06,18.5,18.8,18.45,18.72
1999-12-07,18.6,19.48,18.58,19.2
1999-12-08,19.2,21.03,19.16,20.76
1999-12-09,20.76,20.9,19.9,20.23
1999-12-10,20.3,21.15,20.21,21.13
1999-12-13,21.18,22.17,20.79,21.22
1999-12-14,21.1,21.7,21.0,21.6
1999-12-15,21.55,23.49,21.39,22.84
1999-12-16,22.8,23.0,22.44,22.81
1999-12-21,21.0,21.5,20.31,20.8
1999-12-22,20.7,21.7,20.4,21.47
1999-12-23,21.2,21.59,20.8,21.13
1999-12-24,21.17,21.35,20.55,21.14
1999-12-27,21.05,22.6,21.02,22.24
1999-12-28,22.4,22.9,22.0,22.32
1999-12-29,22.32,23.09,22.32,23.0
1999-12-30,23.2,23.5,22.5,22.65
2000-01-04,22.7,24.8,22.3,24.48
2000-01-05,24.61,26.38,24.18,25.2
2000-01-06,25.0,27.5,24.7,27.24
2000-01-07,27.48,28.48,26.89,27.7
2000-01-10,27.7,29.15,27.5,28.26
2000-01-11,28.0,28.3,25.6,26.36
2000-01-12,26.0,26.65,24.75,25.77
2000-01-13,26.0,26.63,25.6,26.2
2000-01-14,26.4,27.19,26.3,26.72
2000-01-17,26.7,27.0,25.81,26.77
2000-01-18,26.77,27.15,26.05,26.54
2000-01-19,26.5,27.1,25.78,26.58
2000-01-20,26.7,27.83,26.6,27.78
2000-01-21,27.9,30.56,27.5,30.04
2000-01-24,30.49,31.5,28.8,30.11
2000-01-25,30.3,30.45,28.48,29.06
2000-01-26,28.8,29.2,28.45,29.12
2000-01-27,29.5,32.03,29.3,32.03
2000-01-28,32.2,34.98,31.55,32.27
2000-02-14,33.03,35.5,33.03,35.5
2000-02-15,38.6,39.05,36.0,37.2
2000-02-16,37.0,40.0,36.12,38.0
2000-02-17,39.01,40.3,34.2,34.2
2000-02-18,32.0,34.68,30.79,34.56
2000-02-21,34.5,34.7,31.2,31.6
2000-02-22,30.8,32.5,30.63,31.31
2000-02-23,30.7,31.2,29.0,29.64
2000-02-24,29.63,31.8,29.45,31.57
2000-02-25,31.57,32.0,30.46,31.12
2000-02-28,31.15,33.78,31.15,33.57
2000-03-02,31.0,32.01,30.9,31.46
2000-03-03,31.5,32.0,30.9,31.8
2000-03-06,32.0,32.2,30.0,30.52
2000-03-07,31.98,32.05,30.0,31.43
2000-03-08,31.95,33.9,31.0,33.45
2000-03-09,33.5,33.6,32.4,33.0
2000-03-10,33.0,33.5,32.01,32.68
2000-03-13,32.49,33.0,31.7,32.94
2000-03-14,31.0,31.7,29.75,30.77
2000-03-15,30.47,30.82,29.5,29.58
2000-03-16,29.0,29.3,27.5,27.92
2000-03-17,27.98,30.45,27.97,29.66
2000-03-20,29.0,30.3,28.5,29.96
2000-03-21,30.0,31.02,28.61,30.58
2000-03-22,30.47,31.8,29.51,31.25
2000-03-23,31.0,31.3,30.45,30.94
2000-03-24,31.2,31.68,30.0,30.52
2000-03-27,30.4,30.6,29.7,30.45
2000-03-28,30.51,30.68,29.75,30.0
2000-03-29,30.0,30.7,29.8,30.0
2000-03-30,30.0,30.0,29.5,29.94
2000-03-31,29.9,30.58,29.48,29.55
2000-04-03,29.58,32.51,29.57,32.1
2000-04-04,32.1,32.1,29.96,30.43
2000-04-05,30.4,30.95,29.77,30.37
2000-04-06,30.3,31.5,30.3,31.22
2000-04-07,31.21,31.3,30.62,31.13
2000-04-11,32.0,32.32,30.0,31.63
2000-04-12,30.9,31.5,30.5,31.48
2000-04-13,31.4,32.1,31.1,31.93
2000-04-14,31.9,33.1,31.3,32.29
2000-04-17,32.2,32.25,30.2,30.98
2000-04-18,30.88,31.65,30.5,31.07
2000-04-19,31.3,31.6,30.9,31.0
2000-04-20,31.1,31.2,30.5,30.62
2000-04-21,30.6,31.7,30.5,31.19
2000-04-25,31.5,32.3,30.5,31.0
2000-04-26,31.48,32.2,30.84,31.47
2000-04-27,31.6,32.48,31.49,31.98
2000-04-28,32.1,34.96,31.98,34.88
2000-05-15,31.39,31.39,31.39,31.39
2000-05-16,30.5,31.8,30.07,31.09
2000-05-17,31.1,31.15,30.28,30.78
2000-05-18,30.7,30.98,30.0,30.89
2000-05-19,31.0,31.2,30.5,30.94
2000-05-22,31.0,31.6,30.8,31.46
2000-05-23,31.5,31.55,30.89,31.45
2000-05-24,31.39,32.0,31.1,31.78
2000-05-25,31.8,33.19,31.78,32.47
2000-05-26,32.4,33.99,31.98,33.05
2000-05-29,33.1,34.9,33.1,34.39
2000-05-30,33.9,35.29,33.5,34.55
2000-05-31,34.49,34.49,33.25,33.98
2000-06-01,33.88,34.35,33.21,33.55
2000-06-02,33.5,34.19,32.81,33.77
2000-06-05,33.8,35.74,33.7,35.07
2000-06-06,35.0,36.8,34.6,36.77
2000-06-07,36.9,38.5,36.9,37.87
2000-06-08,37.85,38.39,36.6,37.17
2000-06-09,37.08,37.79,35.8,36.82
2000-06-12,36.6,36.9,35.89,36.28
2000-06-13,36.3,36.5,35.7,36.37
2000-06-14,36.1,36.38,34.85,35.19
2000-06-15,34.98,35.18,34.48,34.74
2000-06-16,34.75,35.5,34.6,35.49
2000-06-19,35.39,36.16,35.15,35.96
2000-06-20,35.9,36.48,35.5,35.88
2000-06-21,35.88,36.8,35.85,36.78
2000-06-22,36.8,37.35,36.5,36.9
2000-06-23,36.87,39.8,36.5,39.78
2000-06-26,39.9,40.03,38.5,38.76
2000-06-27,38.7,39.4,38.08,38.22
2000-06-28,38.2,39.87,38.15,39.19
2000-06-29,38.98,39.39,38.01,38.81
2000-06-30,38.8,39.0,38.1,38.75
2000-07-03,38.65,38.65,37.3,37.69
2000-07-04,37.6,38.0,37.3,37.67
2000-07-05,37.6,38.4,37.4,37.69
2000-07-06,37.6,37.8,36.78,37.17
2000-07-07,37.2,37.78,36.75,37.63
2000-07-10,37.86,38.95,37.8,38.63
2000-07-11,38.48,39.6,38.35,39.49
2000-07-12,39.6,39.95,39.1,39.49
2000-07-13,39.63,40.29,39.45,40.1
2000-07-14,40.4,40.93,38.68,39.18
2000-07-17,39.22,39.4,38.5,38.97
2000-07-18,38.9,39.42,38.72,39.21
2000-07-19,39.35,39.5,38.71,39.05
2000-07-20,38.8,38.99,37.9,38.36
2000-07-21,38.36,38.95,37.93,38.7
2000-07-24,38.5,38.79,38.0,38.74
2000-07-25,38.69,38.8,38.3,38.64
2000-07-26,38.64,39.38,38.58,38.99
2000-07-27,39.38,39.38,38.4,38.96
2000-07-28,38.8,39.64,38.5,39.43
2000-07-31,39.61,40.5,39.2,40.47
2000-08-01,40.5,40.87,39.95,40.28
2000-08-02,40.5,41.18,40.02,40.26
2000-08-03,40.47,41.68,40.4,41.51
2000-08-04,41.6,41.98,40.8,41.47
2000-08-07,41.35,41.49,40.88,41.31
2000-08-08,41.2,42.3,41.0,42.18
2000-08-09,42.24,43.26,41.68,43.07
2000-08-10,43.31,43.35,42.7,43.19
2000-08-11,43.25,43.48,42.0,42.16
2000-08-14,42.12,42.16,41.0,41.47
2000-08-15,41.4,41.8,40.8,41.52
2000-08-16,41.4,41.6,40.6,41.29
2000-08-17,41.2,41.3,40.66,41.26
2000-08-18,41.2,41.42,40.88,41.18
2000-08-21,41.1,41.48,40.7,41.28
2000-08-22,41.18,41.48,40.6,40.83
2000-08-23,40.5,40.95,38.5,39.98
2000-08-24,39.92,40.26,39.1,39.67
2000-08-25,39.6,40.1,39.49,39.9
2000-08-28,39.9,40.1,39.3,39.83
2000-08-29,39.8,39.89,39.3,39.64
2000-08-30,39.5,39.76,38.9,39.69
2000-08-31,39.36,39.7,38.48,38.51
2000-09-01,38.0,38.46,37.5,37.64
2000-09-05,38.0,38.39,37.18,37.79
2000-09-06,38.0,39.35,37.77,38.95
2000-09-07,39.0,39.4,38.65,39.14
2000-09-08,39.15,39.6,38.89,39.25
2000-09-11,39.3,39.5,38.7,39.45
2000-09-12,26.35,26.73,25.91,25.96
2000-09-13,25.8,25.84,25.22,25.3
2000-09-14,25.3,25.9,25.2,25.71
2000-09-15,25.65,26.1,25.49,25.79
2000-09-18,25.8,25.85,24.58,24.77
2000-09-19,25.0,25.0,23.9,24.09
2000-09-20,24.2,24.5,23.51,23.97
2000-09-21,24.1,24.1,23.6,23.74
2000-09-22,23.98,24.4,23.61,24.17
2000-09-25,24.1,24.15,23.63,23.94
2000-09-26,23.94,24.05,23.7,24.0
2000-09-27,24.0,25.35,24.0,25.32
2000-09-28,25.5,25.6,24.33,24.59
2000-09-29,24.49,25.08,24.48,24.86
2000-10-09,24.88,25.05,24.11,24.62
2000-10-10,24.62,24.7,24.28,24.57
2000-10-11,24.5,24.6,24.22,24.25
2000-10-12,24.25,24.3,23.7,23.84
2000-10-13,23.7,24.26,23.61,23.83
2000-10-16,23.9,24.1,23.65,23.82
2000-10-17,23.8,24.0,23.69,23.97
2000-10-18,24.01,24.72,23.96,24.7
2000-10-19,24.69,24.75,23.9,24.03
2000-10-20,24.1,25.3,23.91,25.03
2000-10-23,25.1,25.3,24.35,24.89
2000-10-24,24.87,24.89,24.38,24.44
2000-10-25,24.45,25.0,24.4,24.69
2000-10-26,24.7,24.75,24.18,24.29
2000-10-27,24.29,24.5,24.1,24.45
2000-10-30,24.34,24.68,24.2,24.39
2000-10-31,24.39,24.39,24.0,24.08
2000-11-01,24.1,24.4,24.08,24.32
2000-11-02,24.32,24.51,24.15,24.36
2000-11-03,24.3,24.5,24.08,24.17
2000-11-06,24.32,24.5,24.05,24.22
2000-11-07,24.26,25.2,24.2,25.0
2000-11-08,25.02,26.08,25.02,25.9
2000-11-09,26.0,26.98,26.0,26.62
2000-11-10,26.78,27.21,26.4,26.74
2000-11-13,26.58,28.6,26.54,28.14
2000-11-14,28.28,28.45,27.4,28.27
2000-11-15,28.35,28.35,27.53,27.63
2000-11-16,27.5,28.18,27.35,27.69
2000-11-17,27.78,28.2,27.4,27.6
2000-11-20,27.5,27.6,26.88,27.1
2000-11-21,27.02,27.4,26.8,26.89
2000-11-22,26.72,27.2,26.6,27.16
2000-11-23,27.16,27.4,26.9,26.97
2000-11-24,26.76,27.14,25.8,26.21
2000-11-27,25.9,26.25,25.7,25.99
2000-11-28,26.01,26.38,26.01,26.24
2000-11-29,26.25,26.4,25.96,26.02
2000-11-30,26.1,26.59,26.05,26.54
2000-12-01,26.6,27.65,26.6,27.64
2000-12-04,28.0,28.3,27.32,27.53
2000-12-05,27.52,27.7,27.0,27.01
2000-12-06,27.1,27.69,26.7,26.79
2000-12-07,26.68,27.0,26.4,26.6
2000-12-08,26.66,26.84,26.37,26.79
2000-12-11,26.85,26.85,26.01,26.22
2000-12-12,26.2,26.53,26.2,26.41
2000-12-13,26.41,26.5,26.25,26.31
2000-12-14,26.31,26.6,26.1,26.23
2000-12-15,26.25,26.5,26.15,26.41
2000-12-18,26.4,26.85,26.02,26.8
2000-12-19,27.0,27.1,26.56,26.65
2000-12-20,26.7,27.38,26.5,27.09
2000-12-21,27.1,27.55,26.85,26.86
2000-12-22,26.85,26.85,26.18,26.35
2000-12-25,26.35,26.68,26.1,26.45
2000-12-26,26.4,26.68,26.18,26.29
2000-12-27,26.33,27.5,26.15,26.45
2000-12-28,26.5,27.29,26.5,27.24
2000-12-29,27.29,27.5,26.3,26.85
2001-01-02,26.92,27.18,26.5,27.0
2001-01-03,27.0,27.2,26.7,27.2
2001-01-04,27.35,28.15,27.3,27.74
2001-01-05,27.74,27.96,27.2,27.35
2001-01-08,27.35,27.35,26.3,26.31
2001-01-09,26.28,26.69,26.0,26.51
2001-01-10,26.53,26.65,26.3,26.5
2001-01-11,26.5,26.65,25.7,25.87
2001-01-12,25.5,25.65,24.9,25.24
2001-01-15,25.0,25.0,23.79,23.82
2001-01-16,23.4,24.2,23.02,24.18
2001-01-17,24.2,24.39,23.89,23.94
2001-01-18,23.85,24.1,23.85,24.0
2001-01-19,24.1,24.7,24.1,24.57
2001-02-05,24.6,24.87,23.3,23.81
2001-02-06,23.8,23.8,22.69,23.5
2001-02-07,23.3,23.3,22.5,22.57
2001-02-08,22.3,22.9,20.8,20.94
2001-02-09,21.4,21.87,20.5,21.14
2001-02-12,21.56,21.59,20.58,20.86
2001-02-13,20.99,21.15,20.6,20.77
2001-02-14,20.78,21.19,20.59,21.18
2001-02-15,21.2,21.65,21.11,21.18
2001-02-16,21.15,21.61,20.85,21.34
2001-02-19,21.35,21.8,21.02,21.56
2001-02-20,21.58,22.3,21.3,21.5
2001-02-21,21.41,21.41,20.88,21.04
2001-02-22,20.86,21.45,20.82,21.18
2001-02-23,21.2,21.64,21.2,21.59
2001-02-26,21.97,22.66,21.97,22.62
2001-02-27,22.6,22.89,22.0,22.81
2001-02-28,22.82,22.98,22.35,22.54
2001-03-01,22.6,22.6,22.0,22.25
2001-03-02,22.25,22.55,22.25,22.52
2001-03-05,22.72,22.75,21.98,22.04
2001-03-06,22.04,22.1,21.55,21.72
2001-03-07,21.72,21.95,21.72,21.8
2001-03-08,21.81,22.39,21.7,22.27
2001-03-09,22.48,23.08,22.3,22.58
2001-03-12,22.6,22.79,22.15,22.24
2001-03-13,22.18,22.18,21.8,21.91
2001-03-14,21.88,22.4,21.8,22.17
2001-03-15,22.18,22.2,21.95,21.98
2001-03-16,21.98,22.0,21.5,21.69
2001-03-19,21.6,21.68,21.4,21.59
2001-03-20,21.72,21.72,21.5,21.6
2001-03-21,21.65,22.33,21.65,22.0
2001-03-22,22.02,22.7,22.02,22.33
2001-03-23,22.4,22.5,21.7,21.88
2001-03-26,21.67,22.19,21.55,22.0
2001-03-27,22.02,23.8,22.02,23.02
2001-03-28,23.2,23.44,22.5,22.72
2001-03-29,22.8,22.9,22.59,22.66
2001-03-30,22.66,23.55,22.66,23.26
2001-04-02,23.25,23.4,23.06,23.25
2001-04-03,23.25,23.3,22.7,22.85
2001-04-04,22.88,22.88,22.1,22.18
2001-04-05,22.08,22.4,21.91,22.22
2001-04-06,22.38,22.88,22.0,22.5
2001-04-09,22.49,22.5,22.02,22.12
2001-04-10,22.12,22.58,22.0,22.08
2001-04-11,22.13,22.38,21.8,21.98
2001-04-12,22.1,22.78,21.7,22.23
2001-04-13,22.31,22.5,21.95,22.09
2001-04-16,22.09,22.98,22.01,22.9
2001-04-17,23.0,23.2,22.5,22.82
2001-04-18,22.82,22.85,22.1,22.39
2001-04-19,22.35,22.5,22.09,22.24
2001-04-20,22.35,22.98,22.1,22.41
2001-04-23,22.38,22.49,21.98,22.04
2001-04-24,22.05,22.27,21.75,21.87
2001-04-25,21.87,21.9,21.14,21.27
2001-04-26,21.15,21.47,21.0,21.15
2001-04-27,21.2,21.51,21.11,21.17
2001-04-30,21.3,21.5,21.0,21.12
2001-05-08,21.12,21.38,21.0,21.31
2001-05-09,21.4,21.79,21.2,21.49
2001-05-10,21.5,21.65,21.0,21.21
2001-05-11,21.28,21.39,20.99,21.1
2001-05-14,21.11,21.58,21.01,21.57
2001-05-15,21.7,21.77,21.38,21.42
2001-05-16,21.55,21.88,21.11,21.41
2001-05-17,21.5,21.71,21.36,21.66
2001-05-18,21.68,21.78,21.45,21.5
2001-05-21,21.5,21.55,21.1,21.2
2001-05-22,21.23,21.41,21.0,21.06
2001-05-23,21.07,21.12,20.58,20.78
2001-05-24,20.6,20.73,20.08,20.15
2001-05-25,20.08,20.1,19.35,19.48
2001-05-28,19.35,19.35,18.4,18.51
2001-05-29,18.5,19.24,18.43,19.1
2001-05-30,19.18,20.64,19.18,20.56
2001-05-31,20.68,20.8,19.8,19.99
2001-06-01,20.0,20.13,18.95,19.28
2001-06-04,19.15,19.72,19.06,19.15
2001-06-05,19.15,19.38,19.14,19.15
2001-06-06,19.28,19.3,18.78,19.0
2001-06-07,19.02,19.05,18.76,18.92
2001-06-08,18.8,19.09,18.66,18.9
2001-06-11,18.91,18.96,18.5,18.63
2001-06-12,18.58,18.89,18.52,18.6
2001-06-13,18.6,19.03,18.59,18.96
2001-06-14,18.96,18.96,18.55,18.59
2001-06-15,18.5,18.79,18.45,18.5
2001-06-18,18.47,18.48,17.9,18.02
2001-06-19,18.0,18.28,17.91,18.08
2001-06-20,18.08,18.17,17.75,17.8
2001-06-21,17.8,17.8,17.39,17.58
2001-06-22,17.58,18.13,17.52,17.94
2001-06-25,17.94,17.95,16.98,17.13
2001-06-26,17.05,17.29,16.59,17.2
2001-06-27,17.2,17.2,16.76,16.81
2001-06-28,16.8,16.99,16.62,16.85
2001-06-29,16.9,17.28,16.85,17.15
2001-07-02,17.15,17.2,16.7,16.85
2001-07-03,16.82,16.98,16.6,16.75
2001-07-04,16.75,17.07,16.75,16.93
2001-07-05,16.94,17.45,16.93,17.32
2001-07-06,17.35,17.55,17.15,17.22
2001-07-09,17.25,17.42,17.05,17.31
2001-07-10,17.4,17.4,17.1,17.15
2001-07-11,17.19,17.2,16.85,16.88
2001-07-12,16.85,16.99,16.68,16.85
2001-07-13,16.99,17.2,16.85,16.86
2001-07-16,16.85,17.15,16.4,16.47
2001-07-17,16.47,16.6,15.98,16.24
2001-07-18,16.26,16.4,15.98,16.14
2001-07-19,16.14,16.15,15.75,15.88
2001-07-20,15.8,16.01,15.66,15.99
2001-07-23,15.99,16.0,15.66,15.69
2001-07-24,15.6,15.6,15.0,15.06
2001-07-25,14.98,15.19,14.78,14.86
2001-07-26,13.86,14.5,13.82,13.94
2001-07-27,13.9,13.91,12.97,13.17
2001-07-30,13.0,13.58,12.76,13.23
2001-07-31,13.15,13.68,13.1,13.43
2001-08-01,13.51,13.78,13.5,13.67
2001-08-02,13.64,13.64,12.35,12.73
2001-08-03,12.59,12.8,12.18,12.78
2001-08-06,12.59,12.59,11.96,12.18
2001-08-07,12.1,13.35,12.01,12.81
2001-08-08,12.4,12.98,12.4,12.72
2001-08-09,12.67,13.08,12.6,13.0
2001-08-10,13.01,13.39,12.86,13.24
2001-08-13,13.21,13.3,12.96,13.09
2001-08-14,13.12,13.43,12.85,13.13
2001-08-15,13.05,13.3,12.94,13.16
2001-08-16,13.16,13.2,12.79,12.81
2001-08-17,12.75,12.96,12.66,12.82
2001-08-20,12.85,12.85,12.6,12.68
2001-08-21,12.6,12.99,12.6,12.76
2001-08-22,12.75,12.75,12.38,12.48
2001-08-23,12.44,12.76,12.1,12.73
2001-08-24,12.7,12.85,12.55,12.64
2001-08-27,12.6,12.6,12.21,12.22
2001-08-28,12.1,12.64,12.08,12.61
2001-08-29,12.65,13.2,12.56,12.89
2001-08-30,12.8,12.95,12.69,12.78
2001-08-31,12.78,12.99,12.6,12.64
2001-09-03,12.62,12.62,12.38,12.41
2001-09-04,12.65,13.14,12.42,13.08
2001-09-05,13.18,13.45,13.08,13.13
2001-09-06,13.13,13.28,13.02,13.23
2001-09-07,13.2,13.2,12.4,12.43
2001-09-10,12.2,12.94,11.9,12.64
2001-09-11,12.65,12.93,12.51,12.66
2001-09-12,12.12,12.55,12.01,12.48
2001-09-13,12.48,12.6,12.35,12.39
2001-09-14,12.48,12.48,12.15,12.22
2001-09-17,12.1,12.28,11.93,12.01
2001-09-18,12.0,12.39,12.0,12.2
2001-09-19,12.22,12.5,12.02,12.48
2001-09-20,12.5,12.58,12.18,12.25
2001-09-21,12.23,12.24,12.06,12.12
2001-09-24,12.04,12.2,12.02,12.09
2001-09-25,12.1,12.3,12.04,12.07
2001-09-26,12.1,12.17,11.75,11.8
2001-09-27,11.78,11.8,10.62,10.62
2001-09-28,10.22,10.3,9.56,9.56
2001-10-08,9.5,9.96,9.3,9.8
2001-10-09,9.8,10.46,9.71,10.16
2001-10-10,10.1,10.11,9.75,9.8
2001-10-11,9.8,10.26,9.71,10.0
2001-10-12,10.05,11.0,9.98,10.62
2001-10-15,10.78,10.99,10.6,10.72
2001-10-16,10.7,10.8,10.3,10.37
2001-10-17,10.3,10.5,10.13,10.23
2001-10-18,10.22,10.42,10.03,10.15
2001-10-19,10.1,10.29,9.8,9.99
2001-10-22,9.99,10.28,9.8,10.01
2001-10-23,11.01,11.01,10.7,11.01
2001-10-24,11.5,11.75,11.03,11.16
2001-10-25,11.1,11.5,10.81,11.1
2001-10-26,11.1,11.25,10.9,11.1
2001-10-29,11.12,11.28,11.1,11.24
2001-10-30,11.29,11.3,10.83,10.85
2001-10-31,10.75,10.89,10.48,10.67
2001-11-01,10.69,10.86,10.6,10.8
2001-11-02,10.79,10.79,10.39,10.4
2001-11-05,10.3,10.35,9.36,9.58
2001-11-06,9.4,9.76,9.4,9.63
2001-11-07,9.6,9.68,9.0,9.15
2001-11-08,9.14,9.3,8.85,9.21
2001-11-09,9.21,9.49,9.0,9.37
2001-11-12,9.38,9.38,9.09,9.18
2001-11-13,9.2,9.2,8.88,8.92
2001-11-14,8.89,9.0,8.72,8.74
2001-11-15,8.69,8.97,8.66,8.93
2001-11-16,9.72,9.8,8.97,9.01
2001-11-19,9.0,9.16,8.8,8.88
2001-11-20,8.94,9.77,8.9,9.59
2001-11-21,9.5,9.9,9.41,9.74
2001-11-22,9.65,10.3,9.61,10.14
2001-11-23,10.12,10.12,9.94,9.95
2001-11-26,9.98,9.99,9.75,9.81
2001-11-27,9.8,9.95,9.75,9.87
2001-11-28,9.81,10.46,9.81,10.33
2001-11-29,10.48,10.5,10.25,10.32
2001-11-30,10.33,10.48,10.24,10.38
2001-12-03,10.4,10.75,10.38,10.67
2001-12-04,10.68,10.7,10.49,10.56
2001-12-05,10.51,10.56,10.0,10.1
2001-12-06,10.01,10.93,10.01,10.8
2001-12-07,10.8,11.39,10.8,11.1
2001-12-10,11.22,11.37,11.1,11.26
2001-12-11,11.28,11.29,10.91,10.98
2001-12-12,10.97,11.09,10.8,10.93
2001-12-13,10.9,10.98,10.6,10.61
2001-12-14,10.51,10.97,10.45,10.67
2001-12-17,10.71,10.9,10.65,10.72
2001-12-18,10.7,10.93,10.49,10.9
2001-12-19,10.9,11.2,10.83,11.01
2001-12-20,10.99,10.99,10.5,10.55
2001-12-21,10.45,10.63,10.28,10.39
2001-12-24,10.39,10.39,9.6,9.86
2001-12-25,9.86,10.1,9.8,9.93
2001-12-26,9.99,10.1,9.93,10.07
2001-12-27,10.1,10.19,9.91,9.93
2001-12-28,9.92,9.94,9.3,9.43
2001-12-31,9.39,9.62,9.08,9.27
2002-01-04,9.31,9.53,9.28,9.32
2002-01-07,9.25,9.29,9.05,9.17
2002-01-08,9.21,9.48,8.95,8.97
2002-01-09,8.95,9.03,8.78,8.98
2002-01-10,8.91,9.25,8.68,9.11
2002-01-11,9.1,9.1,8.68,8.77
2002-01-14,8.68,8.68,7.89,7.89
2002-01-15,7.6,7.88,7.5,7.69
2002-01-16,7.66,8.0,7.65,7.97
2002-01-17,7.97,7.97,7.4,7.46
2002-01-18,7.38,7.83,7.3,7.71
2002-01-21,7.62,7.76,7.5,7.71
2002-01-22,7.64,8.36,7.62,7.98
2002-01-23,7.95,8.5,7.9,8.5
2002-01-24,8.48,8.75,8.21,8.43
2002-01-25,8.38,8.67,8.38,8.45
2002-01-28,8.28,8.29,7.61,7.64
2002-01-29,7.5,7.92,7.36,7.83
2002-01-30,7.83,8.0,7.71,7.87
2002-01-31,8.66,8.66,8.1,8.62
2002-02-01,8.55,9.11,8.5,8.85
2002-02-04,8.9,9.15,8.68,9.13
2002-02-05,9.0,9.2,8.95,9.02
2002-02-06,8.94,9.03,8.71,8.74
2002-02-07,8.76,9.17,8.74,9.05
2002-02-08,9.11,9.33,9.01,9.02
2002-02-25,9.34,9.5,9.19,9.48
2002-02-26,9.4,9.4,9.26,9.36
2002-02-27,9.36,9.36,9.2,9.28
2002-02-28,9.21,9.52,9.2,9.23
2002-03-01,9.2,9.2,8.97,8.98
2002-03-04,8.9,9.2,8.75,9.05
2002-03-05,9.21,9.46,9.16,9.35
2002-03-06,9.45,9.87,9.36,9.62
2002-03-07,9.56,10.08,9.56,9.98
2002-03-08,10.05,10.98,10.05,10.98
2002-03-11,11.19,11.74,11.15,11.53
2002-03-12,11.5,11.5,11.08,11.11
2002-03-13,11.0,11.35,10.7,10.79
2002-03-14,10.79,11.15,10.5,11.06
2002-03-15,11.08,11.5,10.73,10.78
2002-03-18,10.95,11.2,10.56,10.87
2002-03-19,10.81,11.19,10.63,11.09
2002-03-20,11.09,11.48,11.01,11.3
2002-03-21,11.3,11.65,11.2,11.37
2002-03-22,11.35,11.36,10.95,11.08
2002-03-25,11.1,11.12,10.84,11.03
2002-03-26,11.0,11.03,10.8,10.86
2002-03-27,10.8,11.0,10.71,10.88
2002-03-28,10.87,11.09,10.78,10.96
2002-03-29,10.9,10.9,10.3,10.41
2002-04-01,10.36,10.49,10.2,10.27
2002-04-02,10.3,10.39,9.92,10.01
2002-04-03,9.98,10.22,9.9,10.05
2002-04-04,10.05,10.5,9.99,10.48
2002-04-05,10.55,10.61,10.32,10.4
2002-04-08,10.35,10.4,10.2,10.28
2002-04-09,10.3,10.59,10.21,10.57
2002-04-10,10.6,10.88,10.48,10.68
2002-04-11,10.79,10.81,10.38,10.39
2002-04-12,10.3,10.63,10.28,10.45
2002-04-15,10.45,10.65,10.27,10.28
2002-04-16,10.21,10.63,10.21,10.34
2002-04-17,10.2,10.53,10.1,10.43
2002-04-18,10.4,10.79,10.28,10.78
2002-04-19,10.8,10.95,10.45,10.88
2002-04-22,10.79,11.18,10.7,11.0
2002-04-23,11.01,11.04,10.81,10.89
2002-04-24,10.83,10.91,10.7,10.7
2002-04-25,10.56,10.8,10.56,10.7
2002-04-26,10.72,11.05,10.72,10.99
2002-04-29,11.01,11.24,11.0,11.15
2002-04-30,11.19,11.25,11.02,11.19
2002-05-08,11.08,11.37,10.95,11.22
2002-05-09,11.28,11.33,11.1,11.25
2002-05-10,11.25,11.6,11.16,11.39
2002-05-13,11.41,11.44,11.0,11.1
2002-05-14,11.01,11.2,10.86,10.94
2002-05-15,10.88,11.06,10.73,10.77
2002-05-16,10.75,10.79,10.3,10.31
2002-05-17,10.3,10.75,10.29,10.6
2002-05-20,10.6,10.98,10.4,10.95
2002-05-21,11.1,11.61,10.95,11.35
2002-05-22,11.36,11.48,11.0,11.12
2002-05-23,11.12,11.44,11.05,11.31
2002-05-24,11.31,11.36,10.86,11.04
2002-05-27,11.08,11.18,10.62,10.94
2002-05-28,10.92,11.15,10.88,11.06
2002-05-30,10.79,11.2,10.65,11.12
2002-05-31,11.1,11.3,10.96,11.18
2002-06-03,11.1,11.19,10.88,10.99
2002-06-04,10.98,11.23,10.83,11.16
2002-06-05,11.16,11.16,10.66,10.89
2002-06-06,10.71,11.5,10.62,11.35
2002-06-07,11.3,11.85,11.16,11.7
2002-06-10,11.69,11.7,11.32,11.43
2002-06-11,11.4,11.64,11.37,11.52
2002-06-12,11.45,11.55,11.12,11.3
2002-06-13,11.28,11.35,11.07,11.08
2002-06-14,10.98,11.15,10.75,10.8
2002-06-17,10.7,10.92,10.66,10.83
2002-06-18,10.85,11.18,10.85,11.16
2002-06-19,11.2,11.2,10.81,10.88
2002-06-20,10.83,11.18,10.83,10.9
2002-06-21,11.0,11.46,10.95,11.33
2002-06-24,12.46,12.46,12.0,12.46
2002-06-25,12.5,13.18,12.25,12.5
2002-06-26,12.52,13.75,12.41,13.3
2002-06-27,13.29,13.29,12.7,12.99
2002-06-28,12.98,13.2,12.58,12.76
2002-07-01,12.8,13.2,12.73,12.89
2002-07-02,12.89,12.97,12.55,12.96
2002-07-03,12.96,13.0,12.78,12.89
2002-07-04,12.88,13.13,12.7,12.74
2002-07-05,12.74,12.74,12.4,12.55
2002-07-08,12.55,12.7,12.55,12.64
2002-07-09,12.68,12.9,12.68,12.78
2002-07-10,12.78,12.78,12.27,12.3
2002-07-11,12.26,12.4,11.99,12.0
2002-07-12,11.97,12.08,11.46,11.68
2002-07-15,11.55,11.8,11.48,11.6
2002-07-16,11.6,11.76,11.57,11.6
2002-07-17,11.6,11.76,11.24,11.42
2002-07-18,11.48,11.8,11.25,11.75
2002-07-19,11.7,11.86,11.68,11.81
2002-07-22,11.8,11.81,11.4,11.49
2002-07-23,11.48,11.48,11.18,11.2
2002-07-24,11.2,11.38,11.2,11.25
2002-07-25,11.38,11.45,11.2,11.38
2002-07-26,11.35,11.4,11.28,11.3
2002-07-29,11.28,11.43,11.19,11.41
2002-07-30,11.42,11.58,11.32,11.55
2002-07-31,11.58,11.58,11.2,11.33
2002-08-01,11.26,11.4,11.22,11.28
2002-08-02,11.25,11.35,11.25,11.27
2002-08-05,11.27,11.35,10.96,11.08
2002-08-06,11.1,11.3,10.99,11.17
2002-08-07,11.17,11.18,10.75,10.8
2002-08-08,10.8,10.9,10.76,10.84
2002-08-09,10.85,10.86,10.5,10.62
2002-08-12,10.59,10.59,10.35,10.39
2002-08-13,10.39,10.53,10.35,10.39
2002-08-14,10.4,10.64,10.39,10.62
2002-08-15,10.62,10.63,10.46,10.46
2002-08-16,10.48,10.65,10.38,10.56
2002-08-19,10.51,10.55,10.46,10.48
2002-08-20,10.41,10.61,10.38,10.6
2002-08-21,10.62,10.65,10.41,10.57
2002-08-22,10.59,11.02,10.56,10.93
2002-08-23,10.91,10.96,10.72,10.77
2002-08-26,10.77,10.86,10.7,10.74
2002-08-27,10.74,10.99,10.55,10.82
2002-08-28,10.85,10.85,10.56,10.59
2002-08-29,10.73,10.73,10.42,10.48
2002-08-30,10.5,10.53,10.4,10.42
2002-09-02,10.42,10.51,10.38,10.47
2002-09-03,10.51,10.64,10.48,10.58
2002-09-04,10.5,10.55,10.33,10.35
2002-09-05,10.35,10.48,10.3,10.37
2002-09-06,10.35,10.43,10.3,10.34
2002-09-09,10.3,10.41,10.1,10.29
2002-09-10,10.28,10.36,10.23,10.32
2002-09-11,10.38,10.38,10.21,10.35
2002-09-12,10.33,10.38,10.26,10.31
2002-09-13,10.32,10.33,10.25,10.26
2002-09-16,10.26,10.35,10.05,10.06
2002-09-17,10.06,10.18,9.83,10.0
2002-09-18,10.08,10.1,9.86,9.89
2002-09-19,9.9,10.27,9.6,10.14
2002-09-20,10.05,10.06,9.85,9.86
2002-09-23,9.8,9.86,9.78,9.79
2002-09-24,9.8,10.1,9.8,9.94
2002-09-25,9.88,10.07,9.88,9.94
2002-09-26,9.95,10.0,9.8,9.82
2002-09-27,9.8,9.95,9.73,9.77
2002-10-08,9.76,9.76,9.47,9.5
2002-10-09,9.5,9.6,9.21,9.28
2002-10-10,9.28,9.4,9.2,9.2
2002-10-11,9.48,9.48,9.18,9.2
2002-10-14,9.2,9.2,8.95,9.1
2002-10-15,9.01,9.18,9.0,9.01
2002-10-16,9.05,9.66,9.03,9.4
2002-10-17,9.41,9.44,9.25,9.28
2002-10-18,9.27,9.65,9.27,9.52
2002-10-21,9.58,9.65,9.43,9.64
2002-10-22,9.66,9.8,9.58,9.7
2002-10-23,9.7,9.72,9.57,9.66
2002-10-24,9.66,9.75,9.45,9.47
2002-10-25,9.5,9.66,9.36,9.4
2002-10-28,9.4,9.5,9.25,9.35
2002-10-29,9.3,9.5,9.1,9.46
2002-10-30,9.45,9.45,9.22,9.32
2002-10-31,9.29,9.46,9.25,9.32
2002-11-01,9.32,9.43,9.23,9.41
2002-11-04,9.4,9.77,9.4,9.71
2002-11-05,9.74,10.0,9.64,9.88
2002-11-06,9.88,9.95,9.71,9.88
2002-11-07,9.95,10.05,9.8,9.89
2002-11-08,10.0,10.1,9.45,9.46
2002-11-11,9.41,9.6,9.26,9.28
2002-11-12,9.2,9.58,9.2,9.36
2002-11-13,9.31,9.5,9.2,9.47
2002-11-14,9.4,9.6,9.2,9.24
2002-11-15,9.24,9.49,9.14,9.28
2002-11-18,9.35,9.35,9.01,9.07
2002-11-19,9.07,9.22,9.0,9.16
2002-11-20,9.18,9.18,8.65,8.67
2002-11-21,8.55,8.6,8.22,8.23
2002-11-22,8.31,8.5,8.06,8.27
2002-11-25,8.3,8.46,8.2,8.36
2002-11-26,8.49,8.49,7.98,8.0
2002-11-27,7.95,8.07,7.79,8.03
2002-11-28,8.03,8.53,7.9,8.46
2002-11-29,8.47,8.95,8.31,8.62
2002-12-02,8.7,8.7,8.3,8.3
2002-12-03,8.25,8.43,8.25,8.43
2002-12-04,8.6,8.98,8.51,8.59
2002-12-05,8.55,8.64,8.43,8.57
2002-12-06,8.57,8.69,8.46,8.47
2002-12-09,8.4,8.6,8.4,8.49
2002-12-10,8.5,8.61,8.3,8.35
2002-12-11,8.35,8.42,8.28,8.42
2002-12-12,8.43,8.78,8.35,8.62
2002-12-13,8.5,8.83,8.35,8.73
2002-12-16,8.75,8.85,8.66,8.78
2002-12-17,8.76,8.85,8.64,8.8
2002-12-18,8.81,8.87,8.7,8.71
2002-12-19,8.66,8.73,8.6,8.71
2002-12-20,8.7,9.05,8.66,8.92
2002-12-23,8.98,9.08,8.93,8.97
2002-12-24,8.9,8.91,8.75,8.88
2002-12-25,8.8,8.92,8.76,8.79
2002-12-26,8.73,8.79,8.5,8.58
2002-12-27,8.5,8.86,8.45,8.64
2002-12-30,8.6,8.6,8.3,8.44
2002-12-31,8.4,8.54,8.25,8.27
2003-01-02,8.19,8.43,8.11,8.23
2003-01-03,8.23,8.3,8.15,8.16
2003-01-06,8.2,8.37,8.2,8.33
2003-01-07,8.37,8.47,8.26,8.33
2003-01-08,8.4,8.55,8.25,8.54
2003-01-09,8.52,8.8,8.47,8.71
2003-01-10,8.74,8.98,8.62,8.73
2003-01-13,8.72,8.9,8.68,8.83
2003-01-14,8.83,9.38,8.83,9.33
2003-01-15,9.36,9.7,9.15,9.22
2003-01-16,9.2,9.48,9.11,9.38
2003-01-17,9.38,9.4,9.2,9.21
2003-01-20,9.16,9.35,9.05,9.32
2003-01-21,9.33,9.45,9.08,9.09
2003-01-22,9.01,9.21,9.0,9.09
2003-01-23,9.05,9.3,9.05,9.06
2003-01-24,9.15,9.2,9.03,9.17
2003-01-27,9.22,9.3,9.18,9.28
2003-01-28,9.28,9.36,9.18,9.25
2003-01-29,9.3,9.59,9.26,9.41
2003-02-10,9.38,9.38,9.1,9.14
2003-02-11,9.09,9.23,9.07,9.18
2003-02-12,9.17,9.36,9.16,9.32
2003-02-13,9.38,9.38,9.2,9.2
2003-02-14,9.2,9.25,9.16,9.2
2003-02-17,9.23,9.3,9.09,9.13
2003-02-18,9.13,9.15,9.05,9.07
2003-02-19,9.07,9.28,9.06,9.21
2003-02-20,9.16,9.3,9.16,9.21
2003-02-21,9.2,9.2,8.96,8.97
2003-02-24,8.9,9.01,8.81,8.9
2003-02-25,8.88,9.09,8.88,9.08
2003-02-26,9.09,9.13,9.06,9.09
2003-02-27,9.09,9.16,8.97,8.99
2003-02-28,8.97,9.0,8.85,8.91
2003-03-03,8.88,9.0,8.86,9.0
2003-03-04,9.0,9.0,8.88,8.9
2003-03-05,8.89,8.9,8.7,8.76
2003-03-06,8.75,8.79,8.53,8.58
2003-03-07,8.6,8.74,8.51,8.54
2003-03-10,8.54,8.6,8.42,8.48
2003-03-11,8.45,8.55,8.4,8.43
2003-03-12,8.43,8.53,8.35,8.45
2003-03-13,8.46,8.47,8.35,8.36
2003-03-14,8.3,8.38,8.28,8.29
2003-03-17,8.3,8.3,8.0,8.1
2003-03-18,8.11,8.19,8.01,8.04
2003-03-19,8.08,8.18,8.05,8.11
2003-03-20,8.11,8.15,7.98,8.03
2003-03-21,8.03,8.21,8.02,8.2
2003-03-24,8.24,8.3,8.0,8.16
2003-03-25,8.13,8.19,7.99,7.99
2003-03-26,8.0,8.01,7.79,7.79
2003-03-27,7.79,8.2,7.75,8.16
2003-03-28,8.15,8.15,7.96,7.99
2003-03-31,7.95,8.08,7.9,8.02
2003-04-01,8.18,8.48,8.18,8.22
2003-04-02,8.23,8.29,8.17,8.2
2003-04-03,8.2,8.5,8.12,8.37
2003-04-04,8.37,8.48,8.34,8.4
2003-04-07,8.35,8.4,8.14,8.16
2003-04-08,8.1,8.38,8.08,8.15
2003-04-09,8.15,8.3,8.15,8.25
2003-04-10,8.25,8.34,7.92,8.19
2003-04-11,8.19,8.26,8.0,8.11
2003-04-14,8.15,8.58,8.13,8.42
2003-04-15,8.48,8.68,8.45,8.59
2003-04-16,8.6,8.65,8.35,8.41
2003-04-17,8.41,8.51,8.2,8.38
2003-04-18,8.4,8.58,8.4,8.53
2003-04-21,8.51,8.55,8.19,8.34
2003-04-22,8.3,8.36,8.13,8.21
2003-04-23,8.1,8.21,7.75,7.79
2003-04-24,7.8,7.95,7.45,7.51
2003-04-25,7.55,7.65,7.46,7.46
2003-04-28,7.45,7.45,6.8,7.2
2003-04-29,7.18,7.18,6.88,6.93
2003-04-30,6.91,7.3,6.8,7.19
2003-05-12,7.23,7.23,7.01,7.12
2003-05-13,7.1,7.15,6.5,6.8
2003-05-14,6.66,7.17,6.64,7.08
2003-05-15,7.12,7.79,7.01,7.79
2003-05-16,7.83,7.98,7.65,7.72
2003-05-19,7.72,8.12,7.7,7.92
2003-05-20,7.92,7.92,7.65,7.72
2003-05-21,7.75,7.91,7.68,7.7
2003-05-22,7.6,7.69,7.47,7.59
2003-05-23,7.59,8.05,7.59,7.8
2003-05-26,7.79,7.95,7.72,7.78
2003-05-27,7.77,8.18,7.77,8.01
2003-05-29,8.0,8.33,7.94,8.24
2003-05-30,8.3,8.35,8.15,8.2
2003-06-02,8.28,8.4,8.19,8.23
2003-06-03,8.23,8.24,7.93,7.94
2003-06-04,7.94,7.99,7.78,7.93
2003-06-05,7.93,8.09,7.78,7.83
2003-06-06,7.78,7.9,7.68,7.68
2003-06-09,7.61,7.7,7.5,7.51
2003-06-10,7.52,7.65,7.52,7.55
2003-06-11,7.58,7.83,7.58,7.77
2003-06-12,7.77,7.84,7.68,7.75
2003-06-13,7.8,7.91,7.73,7.83
2003-06-16,7.85,7.92,7.8,7.81
2003-06-17,7.83,7.97,7.77,7.85
2003-06-18,7.85,7.98,7.8,7.81
2003-06-19,7.8,7.88,7.63,7.82
2003-06-20,7.78,7.83,7.64,7.65
2003-06-23,7.64,7.69,7.55,7.57
2003-06-24,7.57,7.78,7.53,7.74
2003-06-25,7.75,7.78,7.6,7.6
2003-06-26,7.59,7.9,7.47,7.79
2003-06-27,7.74,7.74,7.55,7.58
2003-06-30,7.55,7.65,7.43,7.45
2003-07-01,7.41,7.59,7.34,7.37
2003-07-02,7.36,7.41,7.23,7.39
2003-07-03,7.42,7.43,7.23,7.26
2003-07-04,7.28,7.3,7.0,7.11
2003-07-07,7.12,7.12,6.95,7.04
2003-07-08,7.1,7.39,7.05,7.3
2003-07-09,7.28,7.35,7.26,7.32
2003-07-10,7.32,7.45,7.25,7.42
2003-07-11,7.43,7.57,7.4,7.52
2003-07-14,7.59,7.59,7.25,7.3
2003-07-15,7.32,7.4,7.26,7.32
2003-07-16,7.4,7.4,7.18,7.3
2003-07-17,7.31,7.45,7.24,7.34
2003-07-18,7.34,7.34,7.06,7.11
2003-07-21,7.0,7.09,6.96,7.05
2003-07-22,7.05,7.26,7.05,7.12
2003-07-23,7.1,7.28,7.1,7.2
2003-07-24,7.2,7.23,7.11,7.14
2003-07-25,7.14,7.47,7.14,7.2
2003-07-28,7.2,7.25,7.12,7.12
2003-07-29,7.16,7.22,7.03,7.09
2003-07-30,7.1,7.18,7.08,7.13
2003-07-31,7.14,7.26,7.08,7.17
2003-08-01,7.18,7.42,7.11,7.38
2003-08-04,7.5,7.59,7.37,7.54
2003-08-05,7.56,7.62,7.45,7.6
2003-08-06,7.58,7.59,7.42,7.46
2003-08-07,7.46,7.54,7.4,7.42
2003-08-08,7.36,7.5,7.31,7.39
2003-08-11,7.38,7.5,7.31,7.48
2003-08-12,7.51,7.56,7.44,7.49
2003-08-13,7.49,7.5,7.28,7.31
2003-08-14,7.27,7.49,7.18,7.28
2003-08-15,7.23,7.39,7.22,7.26
2003-08-18,7.26,7.36,7.22,7.26
2003-08-19,7.26,7.33,7.24,7.27
2003-08-20,7.26,7.28,7.13,7.21
2003-08-21,7.21,7.29,7.14,7.22
2003-08-22,7.2,7.26,7.18,7.21
2003-08-25,7.15,7.18,7.04,7.06
2003-08-26,7.06,7.15,6.98,7.14
2003-08-27,7.18,7.27,7.08,7.09
2003-08-28,7.08,7.17,7.04,7.05
2003-08-29,7.01,7.1,7.0,7.1
2003-09-01,7.08,7.25,7.08,7.24
2003-09-02,7.24,7.43,7.2,7.34
2003-09-03,7.38,7.5,7.34,7.41
2003-09-04,7.41,7.48,7.31,7.33
2003-09-05,7.34,7.34,7.2,7.28
2003-09-08,7.27,7.32,7.19,7.28
2003-09-09,7.3,7.3,7.18,7.25
2003-09-10,7.2,7.3,7.18,7.27
2003-09-11,7.2,7.3,7.2,7.23
2003-09-12,7.21,7.21,7.03,7.07
2003-09-15,7.02,7.13,6.98,7.0
2003-09-16,7.0,7.09,6.92,7.09
2003-09-17,7.07,7.07,6.94,6.95
2003-09-18,6.93,6.98,6.88,6.91
2003-09-19,6.91,7.0,6.9,6.94
2003-09-22,6.93,7.0,6.78,6.85
2003-09-23,6.85,6.91,6.75,6.89
2003-09-24,6.91,6.99,6.9,6.93
2003-09-25,6.9,6.92,6.77,6.77
2003-09-26,6.76,6.8,6.75,6.77
2003-09-29,6.75,6.76,6.6,6.61
2003-09-30,6.61,6.71,6.58,6.68
2003-10-08,6.9,6.92,6.69,6.75
2003-10-09,6.82,6.86,6.75,6.77
2003-10-10,6.75,7.0,6.75,6.98
2003-10-13,7.02,7.02,6.87,6.9
2003-10-14,6.88,6.88,6.72,6.76
2003-10-15,6.74,6.93,6.74,6.83
2003-10-16,6.76,6.79,6.64,6.66
2003-10-20,6.66,6.7,6.59,6.65
2003-10-21,6.66,6.75,6.52,6.62
2003-10-22,6.62,6.79,6.56,6.74
2003-10-23,6.8,6.87,6.62,6.64
2003-10-24,6.66,6.67,6.41,6.46
2003-10-27,6.45,6.5,6.1,6.11
2003-10-28,6.12,6.19,5.9,6.04
2003-10-29,6.08,6.08,5.46,5.55
2003-10-30,5.55,5.74,5.51,5.61
2003-10-31,5.56,5.75,5.52,5.59
2003-11-03,5.6,5.67,5.54,5.66
2003-11-04,5.67,5.76,5.63,5.67
2003-11-05,5.67,5.75,5.44,5.5
2003-11-06,5.49,5.5,5.15,5.28
2003-11-07,5.28,5.65,5.2,5.52
2003-11-10,5.49,5.49,5.25,5.41
2003-11-11,5.41,5.5,5.3,5.46
2003-11-12,5.43,5.5,5.26,5.35
2003-11-13,5.3,5.57,5.27,5.47
2003-11-14,5.43,5.74,5.4,5.71
2003-11-17,5.73,5.75,5.58,5.63
2003-11-18,5.61,5.66,5.46,5.58
2003-11-19,5.55,5.91,5.55,5.8
2003-11-20,5.81,6.35,5.76,6.17
2003-11-21,6.17,6.44,5.89,5.92
2003-11-24,5.92,6.17,5.88,6.1
2003-11-25,6.12,6.19,5.96,6.07
2003-11-26,6.06,6.15,5.92,6.09
2003-11-27,6.09,6.14,5.94,5.96
2003-11-28,5.96,6.04,5.85,5.97
2003-12-01,5.96,6.38,5.96,6.15
2003-12-02,6.1,6.25,6.07,6.07
2003-12-03,6.08,6.1,5.93,5.98
2003-12-04,5.98,6.1,5.91,6.1
2003-12-05,6.08,6.13,6.0,6.1
2003-12-08,6.1,6.14,5.96,5.97
2003-12-09,5.95,6.1,5.94,6.1
2003-12-10,6.1,6.33,6.06,6.25
2003-12-11,6.3,6.3,6.15,6.23
2003-12-12,6.25,6.43,6.17,6.41
2003-12-15,6.4,6.44,6.33,6.39
2003-12-16,6.4,6.4,6.1,6.23
2003-12-17,6.2,6.29,6.05,6.07
2003-12-18,6.02,6.12,5.9,5.95
2003-12-19,5.95,6.01,5.48,5.59
2003-12-22,5.5,5.85,5.35,5.79
2003-12-23,5.8,5.83,5.6,5.72
2003-12-24,5.71,5.8,5.59,5.7
2003-12-25,5.7,5.88,5.65,5.78
2003-12-26,5.78,5.87,5.68,5.79
2003-12-29,5.77,5.83,5.66,5.69
2003-12-30,5.68,5.75,5.61,5.62
2003-12-31,5.62,5.63,5.48,5.5
2004-01-02,5.58,5.99,5.53,5.98
2004-01-05,6.0,6.18,5.85,6.15
2004-01-06,6.15,6.55,6.05,6.55
2004-01-07,6.6,6.83,6.53,6.69
2004-01-08,6.69,7.25,6.61,7.19
2004-01-09,7.2,7.46,6.83,6.88
2004-01-12,6.88,7.3,6.88,7.2
2004-01-13,7.21,7.5,6.97,7.15
2004-01-14,7.16,7.2,6.91,6.92
2004-01-15,6.93,7.23,6.93,7.05
2004-01-16,7.06,7.76,7.03,7.76
2004-01-29,8.18,8.54,7.91,8.54
2004-01-30,8.55,8.64,7.96,8.01
2004-02-02,8.35,8.55,7.98,8.14
2004-02-03,8.14,8.27,7.76,8.04
2004-02-04,7.94,8.8,7.94,8.8
2004-02-05,8.82,8.88,8.6,8.7
2004-02-06,8.6,8.75,8.35,8.37
2004-02-09,8.35,8.66,8.27,8.6
2004-02-10,8.6,8.66,8.36,8.49
2004-02-11,8.49,8.49,8.18,8.3
2004-02-12,8.25,8.66,8.25,8.45
2004-02-13,8.4,8.65,8.25,8.45
2004-02-16,8.5,9.16,8.45,9.0
2004-02-17,9.05,9.15,8.95,9.1
2004-02-18,9.1,9.36,8.87,8.96
2004-02-19,8.9,9.0,8.66,8.9
2004-02-20,8.9,8.95,8.69,8.94
2004-02-23,8.9,8.94,8.56,8.71
2004-02-24,8.7,8.7,8.38,8.44
2004-02-25,8.44,8.62,8.2,8.25
2004-02-26,8.24,8.33,8.0,8.19
2004-02-27,8.21,8.45,8.1,8.37
2004-03-01,8.2,8.67,8.2,8.65
2004-03-02,8.59,8.64,8.43,8.46
2004-03-03,8.4,8.42,8.15,8.16
2004-03-04,8.1,8.41,8.05,8.38
2004-03-05,8.38,8.4,8.1,8.26
2004-03-08,8.2,8.25,7.78,7.82
2004-03-09,7.75,7.9,7.58,7.64
2004-03-10,7.6,7.94,7.55,7.92
2004-03-11,7.92,8.0,7.8,7.96
2004-03-12,8.01,8.28,7.93,8.02
2004-03-15,8.0,8.38,7.95,8.28
2004-03-16,8.39,8.39,8.13,8.25
2004-03-17,8.27,8.32,8.16,8.23
2004-03-18,8.27,8.38,8.05,8.15
2004-03-19,8.16,8.33,8.05,8.32
2004-03-22,8.39,8.46,8.25,8.37
2004-03-23,8.38,8.47,8.2,8.39
2004-03-24,8.41,8.56,8.2,8.39
2004-03-25,8.37,8.57,8.28,8.54
2004-03-26,8.59,8.88,8.57,8.7
2004-03-29,8.8,8.82,8.37,8.52
2004-03-30,8.52,8.58,8.31,8.46
2004-03-31,8.46,8.89,8.42,8.85
2004-04-01,8.9,8.95,8.73,8.78
2004-04-02,8.74,8.82,8.6,8.78
2004-04-05,8.72,8.78,8.5,8.69
2004-04-06,8.69,8.92,8.59,8.88
2004-04-07,8.92,8.95,8.72,8.78
2004-04-08,8.74,8.76,8.54,8.64
2004-04-09,8.64,8.66,8.26,8.29
2004-04-12,8.2,8.27,8.07,8.19
2004-04-13,8.18,8.36,8.05,8.06
2004-04-14,8.02,8.1,7.71,7.79
2004-04-15,7.79,7.92,7.75,7.76
2004-04-16,7.72,7.88,7.56,7.87
2004-04-19,7.87,7.88,7.5,7.53
2004-04-20,7.53,7.65,7.41,7.53
2004-04-21,7.6,8.28,7.6,8.08
2004-04-22,8.07,8.35,8.0,8.3
2004-04-23,8.25,8.25,8.01,8.08
2004-04-26,8.08,8.58,8.05,8.44
2004-04-27,8.44,8.67,8.36,8.46
2004-04-28,8.43,8.79,8.37,8.57
2004-04-29,8.58,8.77,8.37,8.38
2004-04-30,8.39,8.5,7.54,7.74
2004-05-10,7.65,7.65,7.31,7.39
2004-05-11,7.4,7.83,7.4,7.74
2004-05-12,7.75,7.97,7.64,7.91
2004-05-13,7.91,8.18,7.8,8.12
2004-05-14,8.1,8.1,7.67,7.84
2004-05-17,7.78,8.25,7.62,8.14
2004-05-18,8.18,8.4,8.04,8.4
2004-05-19,8.41,8.45,8.27,8.28
2004-05-20,8.19,8.32,8.05,8.1
2004-05-21,8.1,8.52,8.06,8.4
2004-05-24,8.4,8.58,8.16,8.2
2004-05-25,8.18,8.43,8.13,8.23
2004-05-26,8.18,8.28,7.66,7.99
2004-05-27,7.96,8.79,7.87,8.61
2004-05-28,8.61,8.75,8.56,8.59
2004-05-31,8.59,8.89,8.58,8.78
2004-06-01,8.78,9.26,8.71,9.15
2004-06-02,9.15,9.25,9.01,9.17
2004-06-03,9.17,9.22,8.61,8.7
2004-06-04,8.59,9.2,8.57,8.91
2004-06-07,8.91,8.93,8.5,8.87
2004-06-08,8.85,8.93,8.56,8.69
2004-06-09,8.68,8.78,7.85,8.04
2004-06-10,8.02,8.25,7.89,8.12
2004-06-11,8.15,8.47,8.1,8.15
2004-06-14,8.1,8.2,7.77,7.85
2004-06-15,7.8,8.04,7.5,7.9
2004-06-16,7.9,8.2,7.88,8.03
2004-06-17,8.0,8.03,7.7,7.91
2004-06-18,7.87,8.04,7.7,7.84
2004-06-21,7.75,8.0,7.71,7.99
2004-06-22,8.01,8.32,7.99,8.19
2004-06-23,8.2,8.2,7.98,8.17
2004-06-24,8.17,8.22,7.98,8.03
2004-06-25,8.04,8.1,7.7,7.71
2004-06-28,7.6,7.66,7.12,7.17
2004-06-29,7.12,7.19,6.7,7.07
2004-07-01,6.97,7.45,6.78,7.37
2004-07-02,7.3,7.49,7.25,7.34
2004-07-05,7.39,7.48,7.31,7.38
2004-07-06,7.4,7.54,7.33,7.39
2004-07-07,7.39,7.41,7.0,7.11
2004-07-08,7.05,7.15,7.01,7.12
2004-07-09,7.12,7.21,6.92,6.93
2004-07-12,6.89,6.9,6.65,6.66
2004-07-13,6.68,6.77,6.6,6.7
2004-07-14,6.66,6.78,6.09,6.27
2004-07-15,6.3,6.65,6.3,6.43
2004-07-16,6.45,6.86,6.36,6.8
2004-07-19,6.79,6.8,6.64,6.69
2004-07-20,6.64,6.7,6.5,6.56
2004-07-21,6.52,6.7,6.48,6.7
2004-07-22,6.75,6.81,6.48,6.48
2004-07-23,6.4,6.64,6.37,6.6
2004-07-26,6.58,6.58,6.3,6.39
2004-07-27,6.38,6.79,6.33,6.51
2004-07-28,6.55,6.72,6.46,6.72
2004-07-29,6.8,6.89,6.66,6.88
2004-07-30,6.88,6.9,6.65,6.66
2004-08-02,6.6,6.82,6.56,6.73
2004-08-03,6.7,6.85,6.7,6.8
2004-08-04,6.78,7.04,6.76,6.98
2004-08-05,7.0,7.03,6.86,6.88
2004-08-06,6.93,6.96,6.6,6.72
2004-08-09,6.65,6.8,6.62,6.78
2004-08-10,6.76,6.86,6.68,6.78
2004-08-11,6.84,6.85,6.68,6.75
2004-08-12,6.67,6.67,6.51,6.58
2004-08-13,6.58,6.69,6.53,6.6
2004-08-16,6.75,6.95,6.75,6.79
2004-08-17,6.82,6.99,6.75,6.9
2004-08-18,6.95,7.06,6.81,6.83
2004-08-19,6.8,6.83,6.4,6.62
2004-08-20,6.58,6.68,6.47,6.58
2004-08-23,6.65,6.74,6.35,6.38
2004-08-24,6.26,6.55,6.2,6.45
2004-08-25,6.4,6.46,6.3,6.42
2004-08-26,6.41,6.41,6.26,6.3
2004-08-27,6.35,6.39,5.8,5.98
2004-08-30,5.9,6.01,5.82,6.0
2004-08-31,6.09,6.49,6.09,6.21
2004-09-01,6.21,6.21,6.01,6.03
2004-09-02,6.0,6.19,5.93,6.16
2004-09-03,6.15,6.18,6.08,6.12
2004-09-06,6.1,6.1,6.02,6.08
2004-09-07,6.05,6.15,6.02,6.1
2004-09-08,6.1,6.16,6.06,6.14
2004-09-09,6.14,6.14,5.94,6.04
2004-09-10,6.04,6.09,5.96,6.04
2004-09-13,6.04,6.04,5.68,5.69
2004-09-14,5.7,6.09,5.7,5.92
2004-09-15,5.99,6.44,5.9,6.3
2004-09-16,6.33,6.4,6.26,6.36
2004-09-17,6.25,6.64,6.25,6.6
2004-09-20,6.57,6.99,6.55,6.91
2004-09-21,6.99,7.16,6.8,6.91
2004-09-22,6.95,6.99,6.7,6.73
2004-09-23,6.7,6.96,6.68,6.93
2004-09-24,7.0,7.3,6.8,6.8
2004-09-27,6.8,7.04,6.65,6.74
2004-09-28,6.75,6.75,6.5,6.69
2004-09-29,6.69,6.82,6.6,6.67
2004-09-30,6.68,6.7,6.43,6.49
2004-10-08,6.49,6.73,6.42,6.7
2004-10-11,6.75,7.09,6.6,6.85
2004-10-12,7.0,7.02,6.59,6.64
2004-10-13,6.6,6.85,6.56,6.84
2004-10-14,6.9,6.93,6.18,6.27
2004-10-15,6.27,6.44,6.18,6.39
2004-10-18,6.59,6.73,6.38,6.65
2004-10-19,6.7,6.86,6.53,6.56
2004-10-20,6.5,6.61,6.31,6.6
2004-10-21,6.6,6.73,6.35,6.5
2004-10-22,6.52,6.55,6.15,6.23
2004-10-25,6.3,6.45,5.83,5.91
2004-10-26,5.9,6.09,5.85,6.08
2004-10-27,6.11,6.11,5.84,6.04
2004-10-28,6.09,6.3,6.09,6.16
2004-10-29,6.0,6.25,5.88,6.13
2004-11-01,6.01,6.16,6.01,6.03
2004-11-02,5.96,6.08,5.89,6.05
2004-11-03,6.05,6.15,5.94,6.15
2004-11-04,6.15,6.23,6.05,6.14
2004-11-05,6.23,6.35,6.1,6.2
2004-11-08,6.18,6.18,6.01,6.14
2004-11-09,6.15,6.16,6.05,6.12
2004-11-10,6.14,6.5,6.1,6.41
2004-11-11,6.43,6.8,6.4,6.41
2004-11-12,6.41,6.62,6.41,6.48
2004-11-15,6.49,6.6,6.38,6.5
2004-11-16,6.55,6.57,6.41,6.43
2004-11-17,6.42,6.45,6.34,6.44
2004-11-18,6.42,6.67,6.39,6.66
2004-11-19,6.71,6.8,6.6,6.65
2004-11-22,6.6,6.72,6.56,6.64
2004-11-23,6.66,6.77,6.58,6.75
2004-11-24,6.75,6.75,6.51,6.58
2004-11-25,6.58,6.67,6.45,6.47
2004-11-26,6.5,6.57,6.46,6.5
2004-11-29,6.55,6.55,6.35,6.37
2004-12-01,6.37,6.54,6.34,6.39
2004-12-02,6.4,6.58,6.3,6.56
2004-12-03,6.55,6.64,6.48,6.57
2004-12-06,6.63,6.64,6.46,6.61
2004-12-07,6.59,6.6,6.41,6.41
2004-12-08,6.41,6.52,6.4,6.44
2004-12-09,6.62,6.62,6.41,6.47
2004-12-10,6.57,6.57,6.04,6.1
2004-12-13,6.2,6.23,6.05,6.12
2004-12-14,6.16,6.17,5.95,6.0
2004-12-15,6.02,6.07,5.9,6.01
2004-12-16,6.02,6.05,5.87,5.87
2004-12-17,5.87,5.97,5.85,5.92
2004-12-20,5.93,6.0,5.85,5.99
2004-12-21,6.02,6.02,5.82,5.9
2004-12-22,5.9,6.19,5.89,6.18
2004-12-23,6.29,6.33,6.05,6.07
2004-12-24,6.02,6.18,6.02,6.1
2004-12-27,6.15,6.15,6.03,6.05
2004-12-28,6.17,6.17,5.87,5.96
2004-12-29,6.15,6.28,5.98,6.08
2004-12-30,6.06,6.06,5.88,5.97
2004-12-31,5.96,6.02,5.85,5.88
2005-01-04,6.08,6.08,5.89,5.96
2005-01-05,5.99,6.17,5.99,6.1
2005-01-06,6.07,6.1,5.9,5.94
2005-01-07,5.9,6.12,5.9,5.99
2005-01-10,5.93,6.1,5.93,6.08
2005-01-11,6.08,6.14,6.03,6.13
2005-01-12,6.1,6.12,6.03,6.08
2005-01-13,6.07,6.2,6.01,6.17
2005-01-14,6.16,6.2,5.95,5.97
2005-01-17,5.93,5.95,5.8,5.85
2005-01-18,5.84,5.99,5.81,5.98
2005-01-19,6.0,6.0,5.88,5.89
2005-01-20,5.83,5.89,5.7,5.75
2005-01-21,5.74,5.83,5.31,5.75
2005-01-24,5.95,6.04,5.85,5.89
2005-01-25,5.9,6.02,5.82,6.01
2005-01-26,5.95,5.99,5.8,5.82
2005-01-27,5.83,5.83,5.6,5.62
2005-01-28,5.59,5.65,5.44,5.45
2005-01-31,5.42,5.42,5.17,5.19
2005-02-01,5.19,5.3,5.17,5.18
2005-02-02,5.15,5.55,5.14,5.5
2005-02-03,5.52,5.53,5.28,5.29
2005-02-04,5.4,5.43,5.3,5.38
2005-02-16,5.48,5.51,5.39,5.46
2005-02-17,5.36,5.78,5.33,5.58
2005-02-18,5.58,5.58,5.38,5.39
2005-02-21,5.39,5.54,5.37,5.49
2005-02-22,5.49,5.66,5.46,5.61
2005-02-23,5.62,5.87,5.56,5.7
2005-02-24,5.69,5.79,5.62,5.7
2005-02-25,5.7,5.76,5.6,5.63
2005-02-28,5.66,5.68,5.57,5.61
2005-03-01,5.66,5.87,5.66,5.72
2005-03-02,5.68,5.78,5.51,5.53
2005-03-03,5.53,5.57,5.46,5.55
2005-03-04,5.55,5.55,5.4,5.43
2005-03-07,5.48,5.49,5.39,5.42
2005-03-08,5.42,5.55,5.42,5.55
2005-03-09,5.56,5.64,5.52,5.62
2005-03-10,5.62,5.65,5.43,5.44
2005-03-11,5.4,5.52,5.38,5.48
2005-03-14,5.45,5.45,5.27,5.32
2005-03-15,5.36,5.4,5.18,5.2
2005-03-16,5.2,5.3,5.15,5.27
2005-03-17,5.27,5.27,5.15,5.16
2005-03-18,5.1,5.15,4.64,4.64
2005-03-21,4.58,4.58,4.4,4.52
2005-03-22,4.52,4.54,4.3,4.34
2005-03-23,4.33,4.43,4.25,4.34
2005-03-24,4.34,4.5,4.3,4.49
2005-03-25,4.49,4.57,4.42,4.43
2005-03-28,4.62,4.69,4.49,4.58
2005-03-29,4.56,4.56,4.4,4.42
2005-03-30,4.43,4.64,4.4,4.5
2005-03-31,4.45,4.56,4.33,4.54
2005-04-01,4.52,4.79,4.39,4.66
2005-04-04,4.56,4.6,4.47,4.48
2005-04-05,4.48,4.54,4.34,4.36
2005-04-06,4.36,4.44,4.18,4.32
2005-04-07,4.3,4.54,4.26,4.43
2005-04-08,4.4,4.55,4.36,4.54
2005-04-11,4.52,4.85,4.5,4.71
2005-04-12,4.78,4.89,4.56,4.57
2005-04-13,4.75,4.75,4.6,4.67
2005-04-14,4.66,4.72,4.49,4.52
2005-04-15,4.5,4.5,4.3,4.32
2005-04-18,4.25,4.32,4.2,4.23
2005-04-19,4.22,4.31,4.19,4.28
2005-04-20,4.26,4.27,3.85,3.85
2005-04-21,3.7,3.84,3.7,3.77
2005-04-22,3.77,3.87,3.75,3.77
2005-04-25,3.7,3.7,3.4,3.56
2005-04-26,3.51,3.92,3.48,3.92
2005-04-27,3.95,3.95,3.7,3.77
2005-04-28,3.75,4.12,3.58,4.02
2005-04-29,3.98,3.98,3.8,3.85
2005-05-09,3.95,3.95,3.47,3.47
2005-05-10,3.47,3.58,3.25,3.56
2005-05-11,3.52,3.8,3.3,3.67
2005-05-12,3.6,3.81,3.53,3.68
2005-05-13,3.65,3.87,3.62,3.79
2005-05-16,3.84,3.94,3.77,3.8
2005-05-17,3.82,3.95,3.78,3.85
2005-05-18,3.85,3.9,3.79,3.88
2005-05-19,3.86,3.88,3.75,3.81
2005-05-20,3.81,3.85,3.69,3.69
2005-05-23,3.62,3.65,3.5,3.52
2005-05-24,3.52,3.77,3.52,3.67
2005-05-25,3.67,3.83,3.64,3.75
2005-05-26,3.75,3.89,3.75,3.78
2005-05-30,3.78,3.85,3.73,3.82
2005-05-31,3.83,3.85,3.76,3.8
2005-06-01,3.78,3.82,3.65,3.69
2005-06-02,3.69,3.79,3.64,3.73
2005-06-03,3.73,3.85,3.65,3.77
2005-06-06,3.77,3.94,3.67,3.9
2005-06-07,3.96,4.12,3.88,3.89
2005-06-08,3.79,4.22,3.79,4.19
2005-06-09,4.18,4.3,4.04,4.25
2005-06-10,4.25,4.25,4.05,4.12
2005-06-13,4.07,4.15,4.02,4.09
2005-06-14,4.08,4.13,3.95,3.95
2005-06-15,3.92,3.94,3.82,3.83
2005-06-16,3.84,3.9,3.7,3.81
2005-06-17,3.83,3.86,3.74,3.78
2005-06-20,3.8,3.93,3.66,3.91
2005-06-21,3.93,3.93,3.77,3.78
2005-06-22,3.73,3.8,3.71,3.78
2005-06-23,3.86,3.86,3.72,3.72
2005-06-24,3.71,3.76,3.64,3.73
2005-06-27,3.66,3.88,3.66,3.8
2005-06-28,3.76,3.78,3.65,3.66
2005-06-29,3.7,3.72,3.65,3.66
2005-06-30,3.66,3.66,3.4,3.41
2005-07-01,3.41,3.43,3.13,3.16
2005-07-04,3.15,3.15,2.97,3.13
2005-07-05,3.1,3.15,3.0,3.02
2005-07-06,3.03,3.11,3.02,3.04
2005-07-07,3.04,3.11,3.03,3.06
2005-07-08,3.04,3.05,2.86,2.87
2005-07-11,2.85,2.98,2.8,2.82
2005-07-12,2.8,3.01,2.76,2.99
2005-07-13,2.96,3.08,2.93,2.99
2005-07-14,2.98,3.08,2.95,3.01
2005-07-15,3.0,3.1,2.87,2.9
2005-07-18,2.91,2.91,2.78,2.82
2005-07-19,2.8,2.96,2.8,2.96
2005-07-20,2.96,3.07,2.9,2.99
2005-07-21,2.95,2.99,2.84,2.98
2005-07-22,3.02,3.21,2.95,3.11
2005-07-25,3.08,3.09,3.02,3.04
2005-07-26,3.02,3.15,3.02,3.12
2005-07-27,3.15,3.19,3.05,3.17
2005-07-28,3.15,3.26,3.11,3.18
2005-07-29,3.27,3.37,3.27,3.3
2005-08-01,3.29,3.3,3.2,3.27
2005-08-02,3.25,3.34,3.22,3.33
2005-08-03,3.33,3.43,3.31,3.34
2005-08-04,3.34,3.34,3.23,3.25
2005-08-05,3.25,3.34,3.25,3.33
2005-08-08,3.36,3.42,3.31,3.37
2005-08-09,3.37,3.48,3.33,3.47
2005-08-10,3.47,3.54,3.37,3.52
2005-08-11,3.55,3.55,3.41,3.5
2005-08-12,3.54,3.66,3.45,3.46
2005-08-15,3.44,3.71,3.37,3.61
2005-08-16,3.6,3.61,3.49,3.54
2005-08-17,3.54,3.6,3.41,3.58
2005-08-18,3.55,3.75,3.5,3.54
2005-08-19,3.58,3.75,3.54,3.7
2005-08-22,3.8,3.85,3.66,3.79
2005-08-23,3.79,3.81,3.56,3.6
2005-08-24,3.58,3.62,3.51,3.58
2005-08-25,3.56,3.6,3.48,3.59
2005-08-26,3.61,3.65,3.53,3.63
2005-08-29,3.63,3.64,3.49,3.53
2005-08-30,3.52,3.52,3.42,3.44
2005-08-31,3.42,3.52,3.41,3.52
2005-09-01,3.51,3.67,3.51,3.66
2005-09-02,3.74,3.8,3.68,3.69
2005-09-05,3.65,3.76,3.63,3.74
2005-09-06,3.75,3.75,3.59,3.6
2005-09-07,3.6,3.72,3.58,3.7
2005-09-08,3.7,3.75,3.65,3.72
2005-09-09,3.72,3.73,3.62,3.65
2005-09-12,3.6,3.65,3.59,3.63
2005-09-13,3.66,3.73,3.63,3.72
2005-09-14,3.72,3.87,3.7,3.84
2005-09-15,3.83,3.97,3.77,3.89
2005-09-16,3.87,3.97,3.79,3.91
2005-09-19,3.9,3.96,3.87,3.94
2005-09-20,3.95,3.98,3.8,3.85
2005-09-21,3.82,3.88,3.74,3.74
2005-09-22,3.71,3.77,3.44,3.52
2005-09-23,3.52,3.56,3.42,3.43
2005-09-26,3.43,3.49,3.38,3.48
2005-09-27,3.42,3.52,3.32,3.34
2005-09-28,3.34,3.4,3.33,3.34
2005-09-29,3.38,3.4,3.33,3.39
2005-09-30,3.39,3.4,3.27,3.29
2005-10-10,3.31,3.31,3.19,3.19
2005-10-11,3.19,3.3,3.17,3.29
2005-10-12,3.3,3.36,3.27,3.34
2005-10-13,3.35,3.36,3.27,3.3
2005-10-14,3.3,3.32,3.22,3.23
2005-10-17,3.21,3.27,3.18,3.24
2005-10-18,3.22,3.33,3.22,3.32
2005-10-19,3.31,3.37,3.29,3.29
2005-10-20,3.31,3.32,3.21,3.28
2005-10-21,3.28,3.39,3.25,3.36
2005-10-24,3.36,3.49,3.36,3.43
2005-10-25,3.4,3.42,3.26,3.26
2005-10-26,3.26,3.28,3.07,3.09
2005-10-27,3.09,3.12,3.01,3.06
2005-10-28,3.09,3.09,2.82,2.89
2005-10-31,2.89,3.02,2.89,2.97
2005-11-01,2.97,3.05,2.9,3.04
2005-11-02,3.03,3.15,3.03,3.12
2005-11-03,3.11,3.13,3.05,3.1
2005-11-04,3.14,3.18,3.09,3.17
2005-11-07,3.15,3.16,3.07,3.14
2005-11-08,3.13,3.16,3.08,3.14
2005-11-09,3.14,3.16,3.1,3.11
2005-11-10,3.1,3.1,2.97,2.97
2005-11-11,2.95,3.05,2.93,3.01
2005-11-14,3.01,3.05,2.96,3.04
2005-11-15,3.02,3.07,2.98,3.0
2005-11-16,3.0,3.14,2.97,3.11
2005-11-17,3.12,3.16,3.06,3.1
2005-11-18,3.07,3.19,3.06,3.17
2005-11-21,3.17,3.18,3.13,3.16
2005-11-22,3.18,3.18,3.07,3.08
2005-11-23,3.07,3.11,3.07,3.1
2005-11-24,3.08,3.23,3.08,3.2
2005-11-25,3.16,3.18,3.13,3.15
2005-11-28,3.16,3.18,3.12,3.17
2005-11-29,3.15,3.18,3.11,3.17
2005-11-30,3.17,3.19,3.11,3.13
2005-12-01,3.13,3.15,3.11,3.13
2005-12-02,3.12,3.14,3.04,3.07
2005-12-05,3.06,3.06,2.95,2.97
2005-12-06,2.96,3.01,2.95,2.99
2005-12-07,2.97,3.03,2.97,3.03
2005-12-08,3.03,3.05,3.0,3.03
2005-12-09,3.02,3.09,3.02,3.08
2005-12-12,3.08,3.15,3.08,3.12
2005-12-13,3.12,3.14,3.06,3.1
2005-12-14,3.1,3.14,3.06,3.13
2005-12-15,3.13,3.16,3.1,3.11
2005-12-16,3.11,3.15,3.08,3.14
2005-12-19,3.12,3.14,3.07,3.1
2005-12-20,3.08,3.13,3.08,3.12
2005-12-21,3.14,3.19,3.12,3.15
2005-12-22,3.13,3.15,3.08,3.13
2005-12-23,3.13,3.16,3.1,3.15
2005-12-26,3.17,3.23,3.15,3.18
2005-12-27,3.18,3.2,3.14,3.19
2005-12-28,3.19,3.2,3.16,3.18
2005-12-29,3.17,3.26,3.17,3.22
2005-12-30,3.2,3.26,3.17,3.21
2006-01-04,3.24,3.52,3.22,3.4
2006-01-05,3.4,3.44,3.35,3.43
2006-01-06,3.43,3.45,3.38,3.44
2006-01-09,3.46,3.51,3.41,3.47
2006-01-10,3.48,3.49,3.38,3.44
2006-01-11,3.43,3.59,3.36,3.56
2006-01-12,3.55,3.82,3.5,3.79
2006-01-13,3.79,3.9,3.7,3.74
2006-01-16,3.72,3.98,3.7,3.78
2006-01-17,3.7,3.85,3.69,3.78
2006-01-18,3.75,4.08,3.71,3.98
2006-01-19,3.98,4.04,3.93,3.98
2006-01-20,3.99,4.3,3.93,4.2
2006-01-23,4.2,4.38,4.13,4.3
2006-01-24,4.26,4.35,4.17,4.21
2006-01-25,4.2,4.27,4.05,4.21
2006-02-06,4.23,4.34,4.11,4.3
2006-02-07,4.31,4.34,4.07,4.1
2006-02-08,4.08,4.08,3.92,4.06
2006-02-09,4.11,4.25,4.04,4.07
2006-02-10,4.07,4.17,4.06,4.09
2006-02-13,4.1,4.14,3.96,4.03
2006-02-14,4.03,4.15,4.0,4.12
2006-02-15,4.12,4.14,4.05,4.12
2006-02-16,4.12,4.27,4.08,4.21
2006-02-17,4.2,4.2,3.83,3.98
2006-02-20,3.95,4.07,3.92,4.0
2006-02-21,3.99,4.2,3.95,4.18
2006-02-22,4.18,4.25,4.15,4.25
2006-02-23,4.24,4.35,4.21,4.3
2006-02-24,4.21,4.28,4.15,4.23
2006-03-15,4.0,4.19,3.98,4.18
2006-03-16,4.15,4.26,4.08,4.17
2006-03-17,4.18,4.2,4.1,4.13
2006-03-20,4.13,4.15,4.05,4.11
2006-03-21,4.12,4.12,4.03,4.04
2006-04-06,2.98,3.96,2.66,3.33
2006-04-07,3.19,3.3,3.09,3.16
2006-04-10,3.13,3.32,3.09,3.26
2006-04-11,3.26,3.27,3.15,3.19
2006-04-12,3.19,3.28,3.15,3.24
2006-04-13,3.24,3.34,3.16,3.17
2006-04-14,3.18,3.31,3.1,3.27
2006-04-17,3.25,3.41,3.22,3.39
2006-04-18,3.43,3.44,3.28,3.31
2006-04-19,3.31,3.33,3.18,3.24
2006-04-20,3.25,3.27,3.1,3.14
2006-04-21,3.14,3.24,3.1,3.19
2006-04-24,3.19,3.35,3.01,3.3
2006-04-25,3.3,3.3,3.14,3.22
2006-04-26,3.21,3.37,3.15,3.36
2006-04-27,3.36,3.66,3.27,3.52
2006-04-28,3.45,3.62,3.34,3.48
2006-05-08,3.46,3.57,3.41,3.52
2006-05-09,3.52,3.85,3.46,3.73
2006-05-10,3.7,3.87,3.66,3.69
2006-05-11,3.68,3.74,3.43,3.47
2006-05-12,3.46,3.69,3.4,3.67
2006-05-15,3.71,4.0,3.67,3.95
2006-05-16,3.95,3.98,3.56,3.63
2006-05-17,3.63,3.74,3.55,3.69
2006-05-18,3.65,3.88,3.6,3.88
2006-05-19,3.88,3.93,3.8,3.87
2006-05-22,3.88,4.08,3.81,4.0
2006-05-23,3.97,3.97,3.75,3.82
2006-05-24,3.9,3.95,3.6,3.72
2006-05-25,3.72,3.95,3.63,3.94
2006-05-26,3.96,4.03,3.84,3.98
2006-05-29,3.98,4.01,3.86,3.98
2006-05-30,3.98,4.12,3.94,4.01
2006-05-31,3.99,4.01,3.81,3.85
2006-06-01,3.83,4.0,3.82,3.96
2006-06-02,3.96,4.1,3.91,4.02
2006-06-05,4.01,4.25,3.96,4.17
2006-06-06,4.15,4.19,4.04,4.1
2006-06-07,4.09,4.09,3.69,3.69
2006-06-08,3.64,3.68,3.35,3.56
2006-06-09,3.49,3.62,3.37,3.39
2006-06-12,3.37,3.45,3.31,3.38
2006-06-13,3.4,3.49,3.36,3.41
2006-06-14,3.41,3.42,3.31,3.37
2006-06-15,3.38,3.46,3.37,3.39
2006-06-16,3.42,3.5,3.4,3.49
2006-06-19,3.47,3.58,3.4,3.56
2006-06-20,3.56,3.62,3.51,3.55
2006-06-21,3.56,3.56,3.46,3.47
2006-06-22,3.45,3.49,3.41,3.43
2006-06-23,3.45,3.59,3.45,3.57
2006-06-26,3.62,3.64,3.52,3.62
2006-06-27,3.61,3.68,3.51,3.67
2006-06-28,3.65,3.71,3.6,3.63
2006-06-29,3.62,3.72,3.62,3.69
2006-07-03,3.7,3.79,3.68,3.78
2006-07-04,3.8,3.83,3.68,3.7
2006-07-05,3.69,3.7,3.57,3.65
2006-07-06,3.61,3.75,3.61,3.75
2006-07-07,3.75,3.78,3.66,3.66
2006-07-10,3.65,3.75,3.62,3.74
2006-07-11,3.75,3.98,3.68,3.9
2006-07-12,3.83,3.94,3.81,3.83
2006-07-13,3.81,3.82,3.45,3.45
2006-07-14,3.4,3.5,3.35,3.44
2006-07-17,3.44,3.53,3.39,3.5
2006-07-18,3.47,3.5,3.39,3.49
2006-07-19,3.48,3.48,3.35,3.4
2006-07-20,3.4,3.47,3.38,3.45
2006-07-21,3.44,3.53,3.42,3.47
2006-07-24,3.42,3.5,3.35,3.48
2006-07-25,3.46,3.57,3.46,3.53
2006-07-26,3.55,3.58,3.51,3.52
2006-07-27,3.53,3.58,3.43,3.45
2006-07-28,3.44,3.66,3.44,3.64
2006-07-31,3.63,3.64,3.44,3.46
2006-08-01,3.46,3.63,3.45,3.53
2006-08-02,3.53,3.56,3.31,3.4
2006-08-03,3.41,3.45,3.32,3.38
2006-08-04,3.35,3.41,3.17,3.2
2006-08-07,3.17,3.26,3.14,3.15
2006-08-08,3.21,3.26,3.18,3.25
2006-08-09,3.26,3.28,3.22,3.25
2006-08-10,3.25,3.3,3.25,3.3
2006-08-11,3.3,3.32,3.24,3.3
2006-08-14,3.29,3.3,3.17,3.19
2006-08-15,3.19,3.28,3.18,3.28
2006-08-16,3.26,3.32,3.25,3.31
2006-08-17,3.3,3.3,3.22,3.25
2006-08-18,3.25,3.33,3.25,3.29
2006-08-21,3.2,3.33,3.11,3.31
2006-08-22,3.38,3.47,3.36,3.39
2006-08-23,3.38,3.4,3.32,3.35
2006-08-24,3.33,3.42,3.33,3.4
2006-08-25,3.38,3.43,3.35,3.38
2006-08-28,3.39,3.45,3.36,3.44
2006-08-29,3.44,3.52,3.41,3.43
2006-08-30,3.41,3.44,3.37,3.43
2006-08-31,3.44,3.45,3.36,3.4
2006-09-01,3.39,3.4,3.28,3.28
2006-09-04,3.28,3.37,3.26,3.35
2006-09-05,3.35,3.45,3.32,3.4
2006-09-06,3.4,3.5,3.38,3.5
2006-09-07,3.51,3.51,3.4,3.41
2006-09-08,3.4,3.44,3.37,3.4
2006-09-11,3.4,3.43,3.31,3.36
2006-09-12,3.35,3.41,3.35,3.39
2006-09-13,3.39,3.39,3.33,3.34
2006-09-14,3.32,3.42,3.32,3.39
2006-09-15,3.42,3.49,3.4,3.47
2006-09-18,3.48,3.57,3.45,3.54
2006-09-19,3.56,3.65,3.55,3.57
2006-09-20,3.56,3.62,3.5,3.56
2006-09-21,3.55,3.6,3.51,3.53
2006-09-22,3.53,3.55,3.45,3.47
2006-09-25,3.45,3.56,3.42,3.5
2006-09-27,3.49,3.5,3.44,3.48
2006-09-28,3.48,3.54,3.45,3.49
2006-09-29,3.5,3.59,3.5,3.53
2006-10-09,3.59,3.64,3.54,3.58
2006-10-10,3.58,3.72,3.54,3.68
2006-10-11,3.66,3.67,3.55,3.61
2006-10-12,3.61,3.7,3.57,3.62
2006-10-13,3.62,3.67,3.6,3.63
2006-10-16,3.63,3.64,3.57,3.61
2006-10-17,3.6,3.63,3.55,3.56
2006-10-18,3.56,3.61,3.55,3.6
2006-10-19,3.58,3.64,3.56,3.6
2006-10-23,3.64,3.64,3.35,3.38
2006-10-24,3.4,3.48,3.4,3.48
2006-10-25,3.5,3.5,3.41,3.44
2006-10-26,3.42,3.44,3.38,3.4
2006-10-27,3.4,3.4,3.3,3.32
2006-10-30,3.32,3.42,3.26,3.42
2006-10-31,3.43,3.46,3.38,3.4
2006-11-01,3.42,3.43,3.34,3.37
2006-11-02,3.4,3.45,3.36,3.43
2006-11-03,3.43,3.49,3.41,3.46
2006-11-06,3.43,3.44,3.38,3.38
2006-11-07,3.39,3.4,3.31,3.36
2006-11-08,3.33,3.36,3.3,3.33
2006-11-09,3.32,3.38,3.31,3.35
2006-11-10,3.35,3.35,3.17,3.2
2006-11-13,3.19,3.24,3.08,3.09
2006-11-14,3.1,3.14,3.03,3.13
2006-11-15,3.13,3.17,3.1,3.16
2006-11-16,3.17,3.17,3.08,3.09
2006-11-17,3.08,3.18,3.06,3.17
2006-11-20,3.17,3.18,3.09,3.12
2006-11-21,3.1,3.2,3.1,3.2
2006-11-22,3.2,3.28,3.17,3.22
2006-11-23,3.22,3.23,3.17,3.18
2006-11-24,3.18,3.25,3.18,3.22
2006-11-27,3.21,3.25,3.19,3.24
2006-11-28,3.24,3.26,3.21,3.23
2006-11-29,3.2,3.24,3.16,3.23
2006-11-30,3.23,3.35,3.22,3.33
2006-12-01,3.33,3.34,3.28,3.3
2006-12-04,3.3,3.45,3.29,3.4
2006-12-05,3.39,3.53,3.34,3.53
2006-12-06,3.6,3.67,3.4,3.61
2006-12-07,3.61,3.67,3.5,3.53
2006-12-08,3.51,3.52,3.33,3.35
2006-12-11,3.33,3.42,3.31,3.41
2006-12-12,3.41,3.42,3.33,3.37
2006-12-13,3.37,3.38,3.32,3.35
2006-12-14,3.35,3.4,3.32,3.39
2006-12-15,3.38,3.43,3.37,3.39
2006-12-18,3.43,3.49,3.39,3.47
2006-12-19,3.48,3.53,3.39,3.5
2006-12-20,3.5,3.53,3.45,3.51
2006-12-21,3.51,3.53,3.43,3.44
2006-12-25,3.46,3.51,3.4,3.43
2006-12-26,3.4,3.46,3.35,3.46
2006-12-27,3.5,3.62,3.48,3.5
2006-12-28,3.5,3.61,3.46,3.53
2006-12-29,3.5,3.65,3.5,3.59
2007-01-04,3.63,3.63,3.49,3.51
2007-01-05,3.51,3.61,3.45,3.6
2007-01-08,3.59,3.81,3.57,3.8
2007-01-09,3.8,3.86,3.74,3.79
2007-01-10,3.78,3.85,3.69,3.84
2007-01-11,3.85,4.17,3.82,3.95
2007-01-12,3.95,4.03,3.69,3.69
2007-01-15,3.69,3.9,3.66,3.89
2007-01-16,3.9,3.94,3.77,3.9
2007-01-17,3.9,4.02,3.76,3.92
2007-01-18,3.92,4.21,3.85,4.16
2007-01-19,4.2,4.35,4.14,4.25
2007-01-22,4.35,4.6,4.34,4.57
2007-01-23,4.6,4.63,4.36,4.56
2007-01-24,4.55,4.65,4.44,4.59
2007-01-25,4.52,4.55,4.23,4.24
2007-01-26,4.18,4.48,4.12,4.47
2007-01-29,4.48,4.88,4.48,4.82
2007-01-30,4.82,4.86,4.61,4.7
2007-01-31,4.65,4.97,4.53,4.7
2007-02-01,4.8,5.17,4.66,5.02
2007-02-02,5.04,5.4,4.9,5.11
2007-02-05,5.12,5.62,5.11,5.62
2007-02-06,5.55,5.67,5.21,5.53
2007-02-07,5.52,5.98,5.52,5.9
2007-02-08,5.9,6.06,5.75,5.97
2007-02-09,5.96,6.0,5.61,5.73
2007-02-12,5.75,5.94,5.65,5.84
2007-02-13,5.82,6.42,5.75,6.42
2007-02-14,6.43,6.94,6.32,6.59
2007-02-15,6.56,6.92,6.49,6.81
2007-02-16,6.85,6.85,6.6,6.65
2007-02-26,6.67,7.32,6.43,7.31
2007-02-27,7.28,7.57,6.58,6.58
2007-02-28,6.49,7.23,6.28,7.09
2007-03-01,7.07,7.1,6.4,6.54
2007-03-02,6.54,6.75,6.46,6.47
2007-03-05,6.47,6.59,5.93,6.24
2007-03-06,6.22,6.52,6.11,6.32
2007-03-07,6.31,6.5,6.28,6.48
2007-03-08,6.48,6.77,6.34,6.61
2007-03-09,6.51,7.18,6.5,7.13
2007-03-12,7.18,7.35,6.85,7.22
2007-03-13,7.11,7.69,7.1,7.61
2007-03-14,7.6,7.98,7.2,7.62
2007-03-15,7.52,7.9,7.42,7.58
2007-03-16,7.57,7.57,6.99,7.12
2007-03-19,6.83,7.48,6.76,7.37
2007-03-20,7.52,7.77,7.38,7.5
2007-03-21,7.54,7.6,7.3,7.46
2007-03-22,7.47,7.78,7.3,7.58
2007-03-23,7.58,7.64,7.3,7.51
2007-03-26,7.56,7.87,7.5,7.81
2007-03-27,7.83,8.17,7.7,8.12
2007-03-28,8.08,8.2,7.53,7.79
2007-03-29,7.81,7.85,7.3,7.32
2007-03-30,7.28,7.55,7.21,7.49
2007-04-02,7.78,7.84,7.62,7.68
2007-04-03,7.7,7.77,7.51,7.69
2007-04-04,7.68,7.85,7.52,7.79
2007-04-05,7.78,8.08,7.7,7.9
2007-04-06,7.5,8.58,7.5,8.42
2007-04-09,8.43,9.2,8.43,8.9
2007-04-10,9.0,9.11,8.6,8.92
2007-04-11,8.93,9.45,8.81,9.42
2007-04-12,9.38,9.6,9.2,9.35
2007-04-13,9.35,9.4,9.0,9.04
2007-04-16,9.02,9.45,8.98,9.35
2007-04-17,9.45,9.8,9.3,9.7
2007-04-18,9.7,10.23,9.7,10.16
2007-04-19,10.16,10.17,9.14,9.33
2007-04-20,9.59,10.22,9.4,10.17
2007-04-23,10.22,11.19,10.22,11.19
2007-04-24,11.51,11.75,10.94,11.01
2007-04-25,11.0,11.49,10.5,11.06
2007-04-26,11.06,11.26,10.83,11.03
2007-04-27,10.92,11.0,10.6,10.76
2007-04-30,10.96,11.55,10.9,11.4
2007-05-08,11.76,12.1,11.45,11.52
2007-05-09,11.5,11.55,10.5,11.16
2007-05-10,11.16,11.88,10.92,11.7
2007-05-11,11.6,12.81,11.32,12.48
2007-05-14,12.28,13.15,11.98,12.53
2007-05-15,12.54,12.7,11.7,11.78
2007-05-16,11.7,12.5,11.55,12.42
2007-05-17,12.5,12.68,12.35,12.44
2007-05-18,12.44,12.49,11.97,12.21
2007-05-21,11.68,12.45,11.55,12.1
2007-05-22,12.25,12.65,12.21,12.34
2007-05-23,12.51,13.28,12.49,13.05
2007-05-24,13.05,13.16,12.39,12.64
2007-05-28,13.05,13.1,12.7,12.74
2007-05-29,12.88,13.49,12.75,13.33
2007-05-30,12.2,13.0,12.0,12.1
2007-05-31,12.28,12.42,10.89,11.48
2007-06-01,11.47,11.66,10.33,10.33
2007-06-04,9.99,10.0,9.3,9.3
2007-06-05,8.37,9.1,8.37,9.07
2007-06-06,9.1,9.64,8.7,9.47
2007-06-07,9.65,10.28,9.65,10.2
2007-06-08,10.4,10.42,10.0,10.12
2007-06-11,10.17,10.35,9.97,10.02
2007-06-12,10.05,10.14,9.11,9.96
2007-06-13,10.09,10.83,10.08,10.49
2007-06-14,10.49,10.49,10.0,10.0
2007-06-15,9.86,10.2,9.6,9.77
2007-06-18,10.0,10.75,10.0,10.75
2007-06-19,11.0,11.31,10.65,11.1
2007-06-20,11.1,11.17,10.3,10.39
2007-06-21,10.39,10.86,10.16,10.62
2007-06-22,10.7,10.75,9.56,9.84
2007-06-25,9.92,10.12,8.86,8.86
2007-06-26,8.5,8.95,8.11,8.95
2007-06-27,9.05,9.29,8.57,9.1
2007-06-28,9.09,9.67,8.8,8.95
2007-06-29,8.25,8.79,8.25,8.38
2007-07-02,8.5,8.65,7.88,8.6
2007-07-03,8.73,8.94,8.46,8.91
2007-07-04,8.51,9.26,8.2,8.82
2007-07-05,8.47,9.26,8.3,8.89
2007-07-06,9.22,9.78,8.95,9.78
2007-07-09,10.15,10.36,9.9,10.1
2007-07-10,10.14,11.11,9.7,10.9
2007-07-11,10.65,11.29,10.5,10.78
2007-07-12,10.8,11.12,10.61,10.67
2007-07-13,10.67,11.1,10.6,10.74
2007-07-16,10.73,10.85,9.67,9.67
2007-07-17,9.5,10.15,9.42,9.96
2007-07-18,9.85,10.04,9.3,9.5
2007-07-19,9.55,9.95,9.36,9.78
2007-07-20,9.78,10.19,9.73,10.06
2007-07-23,10.08,11.0,10.08,10.9
2007-07-24,11.0,11.26,10.72,10.83
2007-07-25,10.98,11.49,10.97,11.2
2007-07-26,11.3,11.55,10.84,11.35
2007-07-30,11.35,11.79,11.35,11.43
2007-07-31,11.51,11.98,11.31,11.95
2007-08-01,11.85,12.04,10.8,10.91
2007-08-02,10.92,11.45,10.71,11.19
2007-08-03,11.1,11.73,10.95,11.42
2007-08-06,11.52,11.66,11.2,11.47
2007-08-07,11.6,11.8,11.03,11.11
2007-08-08,11.0,11.1,10.41,10.78
2007-08-09,10.7,10.95,10.6,10.75
2007-08-10,10.62,10.64,9.9,10.38
2007-08-13,10.3,10.75,10.02,10.69
2007-08-14,10.58,11.2,10.51,10.98
2007-08-15,11.13,11.8,10.78,11.64
2007-08-16,11.93,12.63,11.37,12.2
2007-08-17,12.22,13.35,12.0,13.05
2007-08-20,13.2,13.68,12.65,13.01
2007-08-21,13.27,13.69,12.88,13.25
2007-08-22,12.95,13.33,12.8,13.0
2007-08-23,13.0,14.3,12.81,14.3
2007-08-24,14.45,14.64,13.71,14.09
2007-08-27,14.04,14.04,13.2,13.3
2007-08-28,13.2,13.72,12.8,13.36
2007-08-29,13.5,14.25,13.2,13.99
2007-08-30,14.02,15.39,14.02,15.39
2007-08-31,15.8,16.3,15.0,16.23
2007-09-03,16.3,16.75,15.8,15.82
2007-09-04,15.7,16.38,15.31,15.85
2007-09-06,15.62,15.98,15.31,15.6
2007-09-07,15.49,15.65,14.88,14.98
2007-09-10,14.62,14.8,14.01,14.68
2007-09-11,14.6,15.4,13.67,13.67
2007-09-12,13.58,14.19,13.2,13.93
2007-09-13,13.98,14.75,13.7,14.66
2007-09-14,14.92,15.2,14.48,15.02
2007-09-17,14.9,15.2,14.8,14.9
2007-09-18,14.92,15.12,14.37,15.07
2007-09-19,15.2,15.97,14.9,15.4
2007-09-20,15.4,15.8,15.0,15.02
2007-09-21,15.16,15.3,13.8,14.37
2007-09-24,14.4,14.65,13.8,14.17
2007-09-25,14.08,14.66,14.07,14.23
2007-09-26,14.23,14.35,13.61,13.7
2007-09-27,13.75,14.28,13.7,14.12
2007-09-28,14.19,15.5,14.19,15.15
2007-10-08,15.48,15.6,14.86,14.88
2007-10-09,15.01,15.28,14.29,15.07
2007-10-10,15.25,15.25,14.85,14.87
2007-10-11,14.75,15.1,14.45,14.47
2007-10-12,14.44,14.44,13.1,14.11
2007-10-15,14.4,14.88,13.4,14.88
2007-10-16,14.98,15.49,14.59,14.99
2007-10-17,15.02,15.05,14.39,14.41
2007-10-18,14.41,14.41,13.75,13.9
2007-10-19,13.98,14.28,13.6,13.77
2007-10-22,13.82,14.59,13.6,14.11
2007-10-23,14.3,14.34,13.45,13.78
2007-10-24,13.83,13.85,13.0,13.02
2007-10-25,12.95,12.95,11.72,11.72
2007-10-26,11.22,11.98,10.58,11.56
2007-10-29,11.48,11.98,11.39,11.84
2007-10-30,11.98,12.2,11.61,11.85
2007-10-31,11.98,12.32,11.85,12.18
2007-11-01,12.05,12.29,11.28,11.34
2007-11-02,11.02,11.15,10.68,10.73
2007-11-05,10.68,11.03,10.55,10.81
2007-11-06,10.94,11.17,10.88,10.92
2007-11-07,11.0,11.25,10.6,10.95
2007-11-08,11.0,11.0,10.2,10.26
2007-11-09,10.2,10.28,9.75,9.78
2007-11-12,9.59,10.1,9.5,9.96
2007-11-13,9.98,10.39,9.98,10.32
2007-11-14,10.54,10.7,10.3,10.69
2007-11-15,10.63,10.63,10.15,10.18
2007-11-16,10.0,10.4,9.88,10.35
2007-11-19,10.47,10.65,10.3,10.6
2007-11-20,10.65,10.78,10.36,10.65
2007-11-21,10.65,10.7,10.25,10.28
2007-11-22,10.11,10.14,9.7,9.7
2007-11-23,9.7,9.98,9.55,9.98
2007-11-26,10.07,10.25,9.84,9.87
2007-11-27,9.9,10.21,9.8,10.14
2007-11-28,10.15,10.33,10.09,10.3
2007-11-29,10.5,10.68,10.3,10.62
2007-11-30,10.62,10.62,10.18,10.27
2007-12-03,10.2,10.67,10.01,10.6
2007-12-04,10.72,10.72,10.41,10.42
2007-12-05,10.42,10.52,10.3,10.45
2007-12-06,10.49,10.65,10.43,10.49
2007-12-07,10.52,10.84,10.45,10.78
2007-12-10,10.53,11.19,10.48,11.11
2007-12-11,11.3,11.49,11.1,11.17
2007-12-12,11.17,11.31,11.07,11.2
2007-12-13,11.2,11.48,10.81,10.88
2007-12-14,10.66,10.99,10.41,10.99
2007-12-17,10.99,11.21,10.8,10.99
2007-12-18,10.95,11.12,10.6,10.61
2007-12-19,10.69,11.2,10.69,11.01
2007-12-20,10.99,11.38,10.97,11.23
2007-12-21,11.19,11.57,11.1,11.47
2007-12-24,11.57,11.92,11.49,11.51
2007-12-25,11.52,11.8,11.51,11.63
2007-12-26,11.63,12.25,11.63,12.25
2007-12-27,12.31,12.98,12.3,12.63
2007-12-28,12.66,12.88,12.36,12.57
2008-01-02,12.6,13.83,12.6,13.63
2008-01-03,13.57,13.92,13.35,13.75
2008-01-04,13.76,14.1,13.5,13.66
2008-01-07,13.65,13.99,13.54,13.7
2008-01-08,13.8,13.93,12.6,12.98
2008-01-09,12.87,13.3,12.78,13.17
2008-01-10,13.2,13.76,13.18,13.7
2008-01-11,13.7,13.7,12.95,13.29
2008-01-14,13.34,13.75,12.9,13.58
2008-01-15,13.55,14.29,13.4,14.19
2008-01-16,13.9,14.5,13.78,14.1
2008-01-17,14.0,14.47,13.11,14.08
2008-01-18,14.05,14.99,13.9,14.8
2008-01-23,13.32,15.05,13.32,14.75
2008-01-24,14.46,15.71,14.11,15.06
2008-01-25,15.09,15.55,14.25,14.48
2008-01-28,14.29,14.29,13.03,13.03
2008-01-29,12.88,13.5,12.51,12.86
2008-01-30,12.81,13.14,11.62,12.12
2008-01-31,12.14,12.3,11.45,11.5
2008-02-01,11.61,11.87,10.4,10.79
2008-02-04,11.2,11.87,10.9,11.87
2008-02-05,12.05,12.38,11.71,12.21
2008-02-13,12.1,12.62,11.81,12.27
2008-02-14,12.39,12.62,12.31,12.4
2008-02-15,12.35,12.35,11.9,12.26
2008-02-18,12.45,12.66,12.41,12.46
2008-02-19,12.52,12.84,12.51,12.78
2008-02-20,12.78,12.98,12.35,12.42
2008-02-21,12.44,12.9,12.26,12.8
2008-02-22,12.75,13.48,12.61,13.46
2008-02-25,13.6,13.7,13.1,13.22
2008-02-26,13.51,13.71,12.36,13.0
2008-02-27,13.02,13.85,12.89,13.66
2008-02-28,13.67,13.85,13.32,13.33
2008-02-29,13.18,13.63,12.7,13.55
2008-03-03,13.3,14.09,13.0,13.75
2008-03-04,13.9,13.9,13.3,13.5
2008-03-05,13.47,13.78,13.07,13.6
2008-03-06,13.67,14.15,13.6,13.68
2008-03-07,13.55,13.96,13.4,13.43
2008-03-10,13.3,13.97,13.2,13.95
2008-04-08,12.56,12.56,12.56,12.56
2008-04-09,11.3,13.3,11.3,11.81
2008-04-10,11.28,11.5,10.7,11.33
2008-04-11,11.01,11.53,10.91,11.03
2008-04-14,10.6,10.68,9.93,9.93
2008-04-15,9.6,9.85,9.01,9.4
2008-04-16,9.3,9.39,8.59,8.6
2008-04-17,8.59,8.88,8.39,8.48
2008-04-18,8.53,8.68,7.98,8.0
2008-04-21,8.55,8.6,7.2,7.22
2008-04-23,6.9,7.5,6.76,7.31
2008-04-24,7.8,8.04,7.51,8.04
2008-04-25,7.88,8.3,7.59,7.78
2008-04-28,7.74,7.74,7.06,7.1
2008-04-29,7.01,7.7,6.95,7.7
2008-04-30,7.71,8.2,7.65,7.98
2008-05-05,8.03,8.41,8.03,8.37
2008-05-06,8.38,8.63,8.06,8.32
2008-05-07,8.2,8.47,7.76,7.78
2008-05-08,7.77,8.05,7.66,8.0
2008-05-09,8.09,8.16,7.51,7.7
2008-05-12,7.62,7.72,7.16,7.58
2008-05-13,7.34,7.57,7.21,7.34
2008-05-14,7.36,8.07,7.36,8.07
2008-05-15,8.13,8.31,7.89,7.89
2008-05-16,7.88,8.08,7.55,7.78
2008-05-19,7.74,7.97,7.54,7.87
2008-05-20,7.87,8.16,7.4,7.53
2008-05-21,7.44,7.77,7.18,7.7
2008-05-22,7.51,7.69,7.36,7.42
2008-05-23,7.48,7.75,7.24,7.5
2008-05-26,7.47,7.71,7.37,7.38
2008-05-27,7.39,7.45,7.2,7.32
2008-05-28,7.32,7.5,7.1,7.4
2008-05-29,7.51,7.64,7.22,7.25
2008-05-30,7.18,7.38,7.1,7.21
2008-06-02,7.22,7.35,7.14,7.25
2008-06-03,7.24,7.25,7.01,7.15
2008-06-04,7.15,7.15,6.78,6.86
2008-06-05,6.88,6.98,6.7,6.82
2008-06-06,6.8,6.88,6.56,6.63
2008-06-10,6.3,6.3,5.97,5.97
2008-06-11,5.71,5.8,5.45,5.59
2008-06-12,5.59,5.73,5.45,5.59
2008-06-13,5.68,5.75,5.09,5.15
2008-06-16,5.21,5.25,4.88,4.99
2008-06-17,5.01,5.09,4.49,4.49
2008-06-18,4.5,4.85,4.29,4.75
2008-06-19,4.66,4.82,4.28,4.28
2008-06-20,4.3,4.52,4.03,4.34
2008-06-23,4.32,4.54,4.25,4.44
2008-06-24,4.47,4.75,4.4,4.62
2008-06-25,4.6,5.08,4.59,5.08
2008-06-26,5.17,5.22,5.0,5.08
2008-06-27,4.82,5.38,4.77,5.19
2008-06-30,5.17,5.29,4.85,5.15
2008-07-01,5.2,5.2,4.9,5.16
2008-07-02,5.03,5.32,5.0,5.2
2008-07-03,5.15,5.5,4.96,5.45
2008-07-04,5.5,5.65,5.31,5.47
2008-07-07,5.52,5.7,5.43,5.64
2008-07-08,5.58,5.59,5.38,5.5
2008-07-09,5.51,5.62,5.4,5.56
2008-07-10,5.55,5.65,5.41,5.42
2008-07-11,5.61,5.61,4.91,5.18
2008-07-14,5.01,5.12,4.93,5.06
2008-07-15,5.08,5.14,4.69,4.69
2008-07-16,4.6,4.78,4.45,4.56
2008-07-17,4.67,4.68,4.41,4.42
2008-07-18,4.45,4.58,4.31,4.56
2008-07-21,4.56,4.79,4.5,4.72
2008-07-22,4.72,4.86,4.68,4.79
2008-07-23,4.8,4.86,4.72,4.73
2008-07-24,4.77,4.85,4.72,4.84
2008-07-25,4.75,4.96,4.68,4.86
2008-07-28,4.87,4.99,4.85,4.91
2008-07-29,4.86,5.05,4.81,4.89
2008-07-30,4.97,5.07,4.86,5.06
2008-07-31,5.07,5.07,4.88,4.91
2008-08-01,4.86,5.06,4.81,4.99
2008-08-04,4.99,5.2,4.93,5.05
2008-08-05,5.04,5.15,4.86,4.98
2008-08-06,4.96,5.23,4.9,5.18
2008-08-07,5.15,5.32,5.01,5.23
2008-08-08,5.22,5.22,4.71,4.71
2008-08-11,4.68,4.73,4.24,4.38
2008-08-12,4.35,4.48,4.21,4.48
2008-08-13,4.44,4.65,4.26,4.6
2008-08-14,4.6,4.79,4.5,4.7
2008-08-15,4.59,4.85,4.48,4.85
2008-08-18,4.84,4.88,4.56,4.71
2008-08-19,4.64,4.77,4.6,4.71
2008-08-21,4.96,5.13,4.85,4.95
2008-08-22,4.99,5.1,4.63,4.92
2008-08-25,5.05,5.17,4.78,4.85
2008-08-26,4.66,4.68,4.37,4.37
2008-08-27,4.28,4.28,3.93,3.96
2008-08-28,3.88,4.06,3.87,3.88
2008-08-29,3.94,4.01,3.85,4.0
2008-09-01,3.96,3.97,3.84,3.86
2008-09-02,3.83,3.88,3.64,3.78
2008-09-03,3.73,3.87,3.73,3.82
2008-09-04,3.82,4.02,3.75,3.93
2008-09-05,3.82,3.88,3.73,3.78
2008-09-08,3.77,3.78,3.4,3.4
2008-09-09,3.34,3.45,3.31,3.39
2008-09-10,3.35,3.45,3.3,3.34
2008-09-11,3.33,3.38,3.06,3.09
2008-09-12,3.08,3.16,3.07,3.08
2008-09-16,3.06,3.06,2.94,2.95
2008-09-17,2.95,3.02,2.9,2.92
2008-09-18,2.88,2.88,2.63,2.76
2008-09-19,3.03,3.04,3.0,3.04
2008-09-22,3.27,3.34,3.16,3.34
2008-09-23,3.2,3.35,3.14,3.29
2008-09-24,3.22,3.35,3.16,3.34
2008-09-25,3.32,3.67,3.25,3.67
2008-09-26,3.68,3.7,3.44,3.48
2008-10-06,3.46,3.46,3.29,3.29
2008-10-07,3.11,3.29,3.06,3.22
2008-10-08,3.16,3.22,3.04,3.09
2008-10-09,3.1,3.19,3.06,3.13
2008-10-10,3.04,3.05,2.88,2.95
2008-10-13,2.9,3.04,2.85,3.04
2008-10-14,3.11,3.18,2.93,2.93
2008-10-15,2.93,2.97,2.88,2.95
2008-10-16,2.8,2.89,2.74,2.74
2008-10-17,2.74,2.86,2.74,2.85
2008-10-20,2.86,2.95,2.78,2.93
2008-10-21,2.97,2.99,2.88,2.89
2008-10-22,2.83,2.86,2.77,2.78
2008-10-23,2.77,2.81,2.68,2.78
2008-10-24,2.79,2.85,2.75,2.8
2008-10-27,2.76,2.85,2.54,2.6
2008-10-28,2.51,2.85,2.51,2.81
2008-10-29,2.81,2.9,2.7,2.77
2008-10-30,2.8,2.85,2.72,2.8
2008-10-31,2.83,2.87,2.7,2.76
2008-11-03,2.75,2.76,2.66,2.66
2008-11-04,2.65,2.7,2.54,2.59
2008-11-05,2.59,2.7,2.59,2.64
2008-11-06,2.58,2.61,2.52,2.54
2008-11-07,2.5,2.7,2.47,2.66
2008-11-10,2.67,2.87,2.67,2.85
2008-11-11,2.86,3.0,2.81,2.91
2008-11-12,2.86,2.97,2.86,2.95
2008-11-13,2.93,3.11,2.89,3.04
2008-11-14,3.05,3.12,2.99,3.11
2008-11-17,3.1,3.3,3.0,3.26
2008-11-18,3.2,3.33,3.07,3.09
2008-11-19,3.06,3.36,3.06,3.36
2008-11-20,3.37,3.55,3.28,3.49
2008-11-21,3.38,3.45,3.18,3.28
2008-11-24,3.28,3.3,3.03,3.03
2008-11-25,3.08,3.15,2.85,2.94
2008-11-26,2.97,3.01,2.92,2.97
2008-11-27,3.16,3.23,3.01,3.01
2008-11-28,2.99,3.0,2.87,2.92
2008-12-01,2.92,3.06,2.87,3.03
2008-12-02,3.0,3.15,2.9,3.11
2008-12-03,3.18,3.22,3.12,3.22
2008-12-04,3.24,3.35,3.15,3.17
2008-12-05,3.16,3.3,3.13,3.27
2008-12-08,3.31,3.45,3.29,3.41
2008-12-09,3.4,3.42,3.24,3.27
2008-12-10,3.28,3.43,3.26,3.43
2008-12-11,3.39,3.47,3.27,3.28
2008-12-12,3.23,3.28,3.08,3.11
2008-12-15,3.17,3.25,3.09,3.2
2008-12-16,3.2,3.2,3.06,3.18
2008-12-17,3.2,3.24,3.16,3.2
2008-12-18,3.18,3.32,3.16,3.3
2008-12-19,3.26,3.42,3.25,3.31
2008-12-22,3.3,3.38,3.24,3.34
2008-12-23,3.34,3.35,3.05,3.06
2008-12-24,3.04,3.05,2.9,2.93
2008-12-25,2.93,3.02,2.91,2.95
2008-12-26,2.97,2.99,2.89,2.91
2008-12-29,2.86,2.9,2.7,2.83
2008-12-30,2.8,2.87,2.77,2.78
2008-12-31,2.78,2.83,2.75,2.76
2009-01-05,2.82,2.89,2.8,2.88
2009-01-06,2.88,2.99,2.85,2.96
2009-01-07,2.97,3.0,2.93,2.95
2009-01-08,2.91,2.92,2.81,2.85
2009-01-09,2.85,2.92,2.85,2.91
2009-01-12,2.92,2.99,2.88,2.93
2009-01-13,2.93,2.98,2.87,2.88
2009-01-14,2.94,3.17,2.89,3.17
2009-01-15,3.18,3.49,3.14,3.49
2009-01-16,3.47,3.56,3.4,3.44
2009-01-19,3.4,3.5,3.29,3.36
2009-01-20,3.32,3.42,3.3,3.38
2009-01-21,3.33,3.4,3.3,3.4
2009-01-22,3.43,3.68,3.35,3.55
2009-01-23,3.48,3.56,3.36,3.41
2009-02-02,3.4,3.63,3.4,3.52
2009-02-03,3.54,3.74,3.5,3.66
2009-02-04,3.67,3.76,3.6,3.74
2009-02-05,3.72,4.1,3.65,3.95
2009-02-06,3.92,4.3,3.92,4.25
2009-02-09,4.35,4.44,4.15,4.28
2009-02-10,4.23,4.71,4.12,4.71
2009-02-11,4.65,5.05,4.5,4.68
2009-02-12,4.71,5.1,4.6,5.07
2009-02-13,5.07,5.16,4.95,5.09
2009-02-16,5.12,5.15,4.82,4.96
2009-02-17,4.94,4.94,4.62,4.62
2009-02-18,4.52,4.74,4.43,4.48
2009-02-19,4.64,4.7,4.39,4.51
2009-02-20,4.51,4.66,4.36,4.64
2009-02-23,4.6,5.0,4.55,4.88
2009-02-24,4.8,4.93,4.5,4.52
2009-02-25,4.6,4.64,4.32,4.53
2009-02-26,4.52,4.79,4.08,4.28
2009-02-27,4.11,4.28,3.85,3.88
2009-03-02,3.87,3.96,3.85,3.92
2009-03-03,3.8,3.95,3.66,3.89
2009-03-04,3.86,4.19,3.86,4.12
2009-03-05,4.13,4.27,4.0,4.11
2009-03-06,4.02,4.08,3.98,4.04
2009-03-09,4.01,4.17,3.85,3.88
2009-03-10,3.83,4.03,3.8,4.0
2009-03-11,4.1,4.18,3.99,4.02
2009-03-12,4.02,4.02,3.83,3.99
2009-03-13,4.0,4.15,3.97,4.0
2009-03-16,4.0,4.03,3.89,4.0
2009-03-17,4.02,4.24,4.0,4.18
2009-03-18,4.19,4.44,4.15,4.27
2009-03-19,4.29,4.43,4.24,4.37
2009-03-20,4.4,4.55,4.19,4.46
2009-03-23,4.54,4.69,4.48,4.58
2009-03-24,4.62,4.62,4.4,4.48
2009-03-25,4.45,4.54,4.32,4.38
2009-03-26,4.37,4.55,4.35,4.52
2009-03-27,4.52,4.73,4.52,4.58
2009-03-30,4.51,4.58,4.4,4.54
2009-03-31,4.44,4.99,4.39,4.99
2009-04-01,5.08,5.25,4.99,5.07
2009-04-02,5.03,5.16,4.95,5.0
2009-04-03,5.04,5.42,4.95,5.27
2009-04-07,5.24,5.48,5.2,5.33
2009-04-08,5.35,5.55,5.13,5.3
2009-04-09,5.27,5.69,5.2,5.56
2009-04-10,5.65,6.12,5.58,6.09
2009-04-13,6.06,6.35,5.85,6.18
2009-04-14,6.14,6.27,5.96,6.1
2009-04-15,6.1,6.11,5.84,5.94
2009-04-16,5.97,6.14,5.81,5.83
2009-04-17,5.75,5.9,5.55,5.71
2009-04-20,5.73,6.1,5.71,6.08
2009-04-21,5.95,6.06,5.83,5.94
2009-04-22,6.0,6.03,5.35,5.4
2009-04-23,5.35,5.5,5.14,5.35
2009-04-24,5.34,5.4,5.26,5.29
2009-04-27,5.3,5.35,4.98,5.03
2009-04-28,4.99,5.29,4.96,5.2
2009-04-29,5.25,5.42,5.15,5.4
2009-04-30,5.39,5.48,5.28,5.44
2009-05-04,5.45,5.65,5.39,5.62
2009-05-05,5.69,6.08,5.63,5.9
2009-05-06,5.9,6.12,5.79,6.01
2009-05-07,6.07,6.1,5.65,5.83
2009-05-08,5.81,5.94,5.75,5.87
2009-05-11,5.88,6.2,5.78,5.82
2009-05-12,5.76,5.92,5.61,5.88
2009-05-13,5.9,5.95,5.74,5.85
2009-05-14,5.74,6.4,5.72,6.32
2009-05-15,6.32,6.45,6.19,6.29
2009-05-18,6.29,6.84,6.17,6.7
2009-05-19,6.69,6.84,6.54,6.72
2009-05-20,6.7,6.91,6.51,6.72
2009-05-21,6.65,6.7,6.3,6.33
2009-05-22,6.2,6.54,6.2,6.39
2009-05-25,6.04,6.35,6.04,6.32
2009-05-26,6.31,6.66,6.26,6.42
2009-05-27,6.43,6.63,6.36,6.41
2009-06-01,6.46,6.57,6.38,6.42
2009-06-02,6.42,6.5,6.21,6.31
2009-06-03,6.3,6.37,6.2,6.28
2009-06-04,6.27,6.61,6.23,6.6
2009-06-05,6.62,6.85,6.47,6.61
2009-06-08,6.67,6.94,6.62,6.74
2009-06-10,6.8,7.1,6.56,6.69
2009-06-11,6.67,6.73,6.46,6.54
2009-06-12,6.5,6.68,6.41,6.57
2009-06-15,6.57,6.74,6.53,6.74
2009-06-16,6.76,6.76,6.62,6.7
2009-06-17,6.74,6.84,6.6,6.81
2009-06-18,6.87,6.95,6.72,6.76
2009-06-19,6.81,6.83,6.54,6.64
2009-06-22,6.66,6.66,6.48,6.49
2009-06-23,6.33,6.5,6.3,6.43
2009-06-24,6.47,6.55,6.41,6.44
2009-06-25,6.45,6.48,6.26,6.35
2009-06-26,6.36,6.45,6.3,6.39
2009-06-29,6.39,6.59,6.33,6.49
2009-06-30,6.52,6.6,6.35,6.4
2009-07-01,6.35,6.44,6.24,6.31
2009-07-02,6.3,6.38,6.26,6.33
2009-07-03,6.34,6.39,6.29,6.32
2009-07-06,6.34,6.36,6.25,6.3
2009-07-07,6.31,6.45,6.25,6.42
2009-07-08,6.44,6.54,6.37,6.49
2009-07-09,6.48,6.56,6.42,6.55
2009-07-10,6.59,6.9,6.52,6.83
2009-07-13,6.75,6.95,6.72,6.76
2009-07-14,6.76,6.89,6.72,6.78
2009-07-15,6.81,6.84,6.68,6.8
2009-07-16,6.89,7.13,6.84,7.05
2009-07-17,7.03,7.53,7.0,7.44
2009-07-20,7.52,7.8,7.41,7.44
2009-07-21,7.47,7.5,7.21,7.34
2009-07-22,7.4,7.69,7.33,7.68
2009-07-23,7.67,7.67,7.4,7.46
2009-07-24,7.48,7.5,7.02,7.2
2009-07-27,7.16,7.33,7.15,7.23
2009-07-28,7.28,7.31,7.06,7.3
2009-07-29,7.3,7.34,6.57,6.75
2009-07-30,7.2,7.43,7.19,7.43
2009-08-03,7.8,8.1,7.51,7.65
2009-08-04,7.45,8.42,7.35,8.42
2009-08-05,8.6,9.16,8.42,8.86
2009-08-06,8.6,9.26,8.46,8.76
2009-08-07,8.81,8.9,8.01,8.19
2009-08-10,8.24,8.51,8.11,8.37
2009-08-11,8.45,8.45,8.13,8.17
2009-08-12,8.2,8.35,7.7,7.8
2009-08-13,7.85,7.93,7.3,7.68
2009-08-14,7.65,7.65,7.08,7.1
2009-08-17,6.94,7.5,6.82,7.17
2009-08-18,7.24,7.85,7.1,7.71
2009-08-19,7.6,7.76,7.13,7.25
2009-08-20,7.26,7.6,7.21,7.54
2009-08-21,7.49,8.28,7.41,8.13
2009-08-24,8.19,8.59,7.91,8.35
2009-08-25,8.19,8.34,7.81,8.19
2009-08-26,8.14,8.59,8.07,8.29
2009-08-27,8.2,8.37,7.95,8.13
2009-08-28,8.07,8.14,7.78,7.87
2009-08-31,7.6,7.7,7.12,7.14
2009-09-01,6.95,7.33,6.93,7.14
2009-09-02,7.13,7.34,7.06,7.2
2009-09-03,7.26,7.6,7.16,7.47
2009-09-04,7.45,7.95,7.36,7.87
2009-09-07,7.99,8.27,7.82,8.05
2009-09-08,8.02,8.16,7.87,8.08
2009-09-09,8.08,8.14,7.85,7.99
2009-09-10,7.98,7.98,7.7,7.74
2009-09-11,7.68,8.13,7.64,8.06
2009-09-14,8.07,8.24,8.0,8.15
2009-09-15,8.18,8.47,8.02,8.28
2009-09-16,8.29,9.1,8.12,8.75
2009-09-17,8.78,9.29,8.63,8.89
2009-09-18,8.84,8.89,8.21,8.29
2009-09-21,8.22,8.55,7.96,8.46
2009-09-22,8.4,8.45,8.06,8.1
2009-09-23,8.1,8.25,7.76,7.81
2009-09-24,7.74,7.99,7.55,7.84
2009-09-25,7.76,8.05,7.7,7.94
2009-09-28,7.96,8.13,7.52,7.57
2009-09-29,7.55,7.62,7.15,7.36
2009-09-30,7.45,7.56,7.35,7.37
2009-10-09,7.4,7.78,7.4,7.7
2009-10-12,7.72,7.85,7.61,7.78
2009-10-13,7.76,7.95,7.68,7.89
2009-10-14,7.95,8.08,7.82,7.89
2009-10-15,8.0,8.35,7.93,8.29
2009-10-16,8.34,8.34,8.04,8.2
2009-10-19,8.23,8.57,8.08,8.49
2009-10-20,8.56,8.75,8.45,8.65
2009-10-21,8.64,8.64,8.4,8.43
2009-10-22,8.37,8.64,8.3,8.51
2009-10-23,8.5,8.69,8.45,8.5
2009-10-26,8.53,8.55,8.2,8.22
2009-10-27,8.35,8.87,8.35,8.38
2009-10-28,8.23,8.34,8.0,8.3
2009-10-29,8.1,8.17,8.04,8.06
2009-10-30,8.18,8.35,8.07,8.12
2009-11-02,7.85,8.27,7.81,8.24
2009-11-03,8.28,8.49,8.21,8.42
2009-11-04,8.45,8.76,8.41,8.51
2009-11-05,8.51,9.06,8.42,8.77
2009-11-06,8.8,8.94,8.63,8.65
2009-11-09,8.64,9.48,8.64,9.4
2009-11-10,9.34,9.52,9.17,9.17
2009-11-11,9.19,9.6,9.19,9.45
2009-11-12,9.47,9.67,9.3,9.32
2009-11-13,9.32,9.5,9.01,9.27
2009-11-16,9.35,9.68,9.25,9.58
2009-11-17,9.57,10.15,9.5,10.0
2009-11-18,9.98,10.16,9.8,9.97
2009-11-19,9.97,10.05,9.75,9.98
2009-11-20,9.95,10.36,9.81,10.14
2009-11-23,10.1,10.4,10.01,10.22
2009-11-24,10.22,10.3,9.2,9.32
2009-11-25,9.35,9.7,9.28,9.54
2009-11-26,9.6,9.62,8.71,8.8
2009-11-27,8.7,9.05,8.54,8.86
2009-11-30,8.95,9.26,8.95,9.19
2009-12-01,9.22,9.35,9.0,9.28
2009-12-02,9.29,9.58,9.24,9.44
2009-12-03,9.38,9.44,9.21,9.34
2009-12-04,9.38,9.47,8.7,9.03
2009-12-07,9.05,9.45,9.01,9.38
2009-12-08,9.38,9.5,9.2,9.29
2009-12-09,9.2,9.35,9.0,9.09
2009-12-10,9.15,9.27,9.0,9.11
2009-12-11,9.16,9.2,9.04,9.07
2009-12-14,9.05,9.05,8.74,9.0
2009-12-15,9.04,9.16,8.91,9.04
2009-12-16,9.0,9.15,8.94,9.08
2009-12-17,9.07,9.1,8.68,8.73
2009-12-18,8.65,8.76,8.18,8.18
2009-12-21,8.2,8.31,8.05,8.3
2009-12-22,8.32,8.34,8.01,8.05
2009-12-23,8.01,8.32,8.01,8.26
2009-12-24,8.26,8.64,8.22,8.55
2009-12-25,8.49,8.97,8.42,8.74
2009-12-28,8.87,8.97,8.78,8.84
2009-12-29,8.85,9.18,8.8,9.04
2009-12-30,9.11,9.12,8.85,8.92
2009-12-31,8.95,9.17,8.95,9.1
2010-01-04,9.2,9.25,9.05,9.14
2010-01-05,9.17,9.45,9.04,9.28
2010-01-06,9.27,9.27,9.1,9.12
2010-01-07,9.06,9.11,8.68,8.77
2010-01-08,8.78,8.92,8.64,8.88
2010-01-11,9.0,9.3,8.78,9.27
2010-01-12,9.29,9.81,9.18,9.62
2010-01-13,9.43,9.69,9.32,9.43
2010-01-14,9.5,9.86,9.48,9.77
2010-01-15,9.86,9.95,9.4,9.55
2010-01-18,9.55,9.65,9.38,9.56
2010-01-19,9.56,9.59,9.27,9.38
2010-01-20,9.4,9.56,9.05,9.05
2010-01-21,9.05,9.18,8.93,9.1
2010-01-22,8.95,9.06,8.69,8.92
2010-01-25,8.86,9.0,8.76,8.79
2010-01-26,8.8,8.89,8.16,8.32
2010-01-27,8.31,8.37,8.16,8.18
2010-01-28,8.16,8.42,8.16,8.36
2010-01-29,8.38,8.58,8.3,8.35
2010-02-01,8.3,8.35,8.02,8.12
2010-02-02,8.29,8.34,8.1,8.15
2010-02-03,8.21,8.46,8.09,8.44
2010-02-04,8.49,8.56,8.31,8.5
2010-02-05,8.35,8.42,8.19,8.26
2010-02-08,8.3,8.33,8.12,8.18
2010-02-09,8.18,8.24,8.1,8.2
2010-02-10,8.21,8.34,8.21,8.32
2010-02-11,8.36,8.4,8.24,8.25
2010-02-12,8.33,8.44,8.24,8.42
2010-02-22,8.41,8.42,8.29,8.4
2010-02-23,8.4,8.45,8.2,8.45
2010-02-24,8.43,8.6,8.31,8.6
2010-02-25,8.65,8.7,8.55,8.66
2010-02-26,8.68,8.69,8.55,8.65
2010-03-01,8.6,8.84,8.59,8.76
2010-03-02,8.79,8.89,8.71,8.89
2010-03-03,8.93,9.17,8.85,9.06
2010-03-04,9.1,9.15,8.6,8.62
2010-03-05,8.62,8.75,8.54,8.67
2010-03-08,8.71,8.84,8.62,8.73
2010-03-09,8.7,8.93,8.64,8.84
2010-03-10,8.85,8.87,8.58,8.64
2010-03-11,8.64,8.7,8.41,8.5
2010-03-12,8.5,8.53,8.29,8.31
2010-03-15,8.23,8.34,8.16,8.22
2010-03-16,8.17,8.35,8.17,8.34
2010-03-17,8.47,8.61,8.38,8.6
2010-03-18,8.61,8.82,8.55,8.7
2010-03-19,8.69,9.01,8.65,8.99
2010-03-22,9.07,9.24,8.91,9.07
2010-03-23,9.1,9.25,8.94,8.98
2010-03-24,8.98,9.09,8.81,8.87
2010-03-25,8.81,8.94,8.73,8.84
2010-03-26,8.86,9.12,8.79,9.09
2010-03-29,9.13,9.19,9.01,9.12
2010-03-30,9.1,9.34,9.05,9.27
2010-03-31,9.26,9.31,9.15,9.24
2010-04-01,9.21,9.52,9.2,9.26
2010-04-02,9.2,9.44,9.2,9.21
2010-04-06,9.29,9.29,9.04,9.12
2010-04-07,9.08,9.2,9.05,9.2
2010-04-08,9.21,9.58,9.18,9.46
2010-04-09,9.42,9.69,9.37,9.64
2010-04-12,9.62,9.87,9.51,9.82
2010-04-13,9.81,10.12,9.3,9.64
2010-04-14,9.63,10.59,9.58,10.25
2010-04-15,10.2,10.33,9.82,9.95
2010-04-16,10.01,10.05,9.7,9.76
2010-04-19,9.7,9.87,9.34,9.37
2010-04-20,9.38,9.69,9.3,9.68
2010-04-21,9.68,10.14,9.54,9.97
2010-04-22,9.95,10.56,9.85,10.18
2010-04-23,10.2,10.35,9.9,10.2
2010-04-26,10.21,10.75,10.21,10.61
2010-04-27,10.62,10.88,10.1,10.69
2010-04-28,10.61,10.98,10.27,10.74
2010-04-29,10.74,11.06,10.34,10.36
2010-04-30,10.28,10.56,10.0,10.47
2010-05-04,10.3,11.04,10.22,10.9
2010-05-05,10.8,11.27,10.68,11.2
2010-05-06,11.36,11.36,10.5,10.52
2010-05-07,10.15,10.74,10.04,10.4
2010-05-10,10.38,10.74,9.36,9.62
2010-05-11,9.9,9.97,9.21,9.4
2010-05-12,9.2,9.63,9.18,9.52
2010-05-13,9.55,9.89,9.23,9.86
2010-05-14,9.7,9.91,9.61,9.74
2010-05-17,9.6,9.6,8.9,8.9
2010-05-18,8.9,9.29,8.78,9.1
2010-05-19,9.09,9.37,9.03,9.15
2010-05-20,9.1,9.26,8.52,8.57
2010-05-21,8.3,8.89,8.08,8.84
2010-05-24,8.9,9.52,8.88,9.38
2010-05-25,9.33,9.43,9.1,9.27
2010-05-26,9.3,9.48,9.21,9.4
2010-05-27,9.41,9.67,9.24,9.62
2010-05-28,9.74,10.24,9.65,10.1
2010-05-31,10.05,10.48,9.87,9.88
2010-06-01,9.88,10.61,9.71,10.5
2010-06-02,10.4,10.54,10.11,10.42
2010-06-03,10.48,10.67,10.04,10.06
2010-06-04,10.06,10.24,9.85,10.22
2010-06-07,9.9,10.27,9.84,10.1
2010-06-08,10.1,10.2,9.82,10.07
2010-06-09,10.12,10.5,10.01,10.41
2010-06-10,10.32,10.85,10.3,10.62
2010-06-11,10.65,10.69,10.37,10.49
2010-06-17,10.61,10.89,10.47,10.5
2010-06-18,10.51,10.58,9.85,10.02
2010-06-21,10.01,10.47,9.87,10.38
2010-06-22,10.36,10.61,10.32,10.46
2010-06-24,10.6,11.5,10.46,11.09
2010-06-25,11.0,11.3,10.8,10.94
2010-06-28,10.94,11.25,10.88,11.04
2010-06-29,11.18,11.58,10.78,10.8
2010-06-30,10.5,10.77,10.09,10.46
2010-07-01,10.33,10.54,10.01,10.01
2010-07-02,10.15,10.42,9.69,10.28
2010-07-05,10.04,11.27,9.93,11.01
2010-07-06,10.96,11.45,10.88,11.15
2010-07-07,11.11,11.95,10.81,11.77
2010-07-08,11.64,11.76,11.4,11.55
2010-07-09,11.49,12.1,11.49,11.8
2010-07-12,11.75,11.84,11.61,11.67
2010-07-13,12.0,12.24,11.48,11.49
2010-07-14,11.48,11.95,11.4,11.68
2010-07-15,11.68,11.84,11.3,11.35
2010-07-16,11.37,12.08,11.13,11.98
2010-07-19,11.8,12.35,11.73,12.19
2010-07-20,12.16,12.47,12.05,12.3
2010-07-21,12.25,12.38,12.07,12.15
2010-07-22,12.12,12.56,11.96,12.5
2010-07-23,12.5,12.56,12.13,12.26
2010-07-26,12.25,12.39,12.15,12.3
2010-07-27,12.34,12.58,12.22,12.3
2010-07-28,12.31,12.84,12.3,12.83
2010-07-29,13.0,13.23,12.66,12.91
2010-07-30,12.91,14.2,12.63,13.65
2010-08-03,13.1,13.29,12.4,12.5
2010-08-04,12.24,12.24,11.66,11.89
2010-08-05,11.77,12.07,11.71,11.78
2010-08-06,11.8,11.85,11.21,11.8
2010-08-09,11.67,12.33,11.6,12.28
2010-08-10,12.28,12.38,11.5,11.5
2010-08-11,11.35,11.79,11.3,11.6
2010-08-12,11.45,11.63,11.25,11.31
2010-08-13,11.31,11.48,11.03,11.48
2010-08-16,11.49,11.76,11.4,11.69
2010-08-17,11.69,11.74,11.51,11.67
2010-08-18,11.67,11.71,11.32,11.48
2010-08-19,11.45,11.69,11.3,11.55
2010-08-20,11.45,11.48,11.14,11.16
2010-08-23,11.1,11.65,11.06,11.61
2010-08-24,11.6,11.84,11.53,11.71
2010-08-25,11.65,11.7,11.31,11.33
2010-08-26,11.34,11.59,11.3,11.41
2010-08-27,11.4,11.4,11.16,11.25
2010-08-30,11.31,11.92,11.31,11.79
2010-08-31,11.71,12.28,11.64,12.1
2010-09-01,12.1,12.16,11.6,11.81
2010-09-02,11.91,12.22,11.74,12.09
2010-09-03,12.12,12.39,12.06,12.31
2010-09-06,12.39,12.53,11.89,12.0
2010-09-07,11.99,11.99,11.7,11.84
2010-09-09,12.09,12.43,11.88,12.16
2010-09-10,12.16,12.79,11.76,12.48
2010-09-13,12.5,12.76,12.3,12.6
2010-09-14,12.6,12.7,12.36,12.48
2010-09-15,12.48,12.85,12.32,12.39
2010-09-16,12.4,12.5,11.77,11.87
2010-09-17,11.91,11.99,11.48,11.49
2010-09-20,11.51,11.6,11.09,11.18
2010-09-21,11.27,11.34,11.11,11.21
2010-09-27,11.34,11.55,11.25,11.51
2010-09-28,11.5,11.6,11.25,11.28
2010-09-29,11.28,11.48,11.16,11.17
2010-09-30,11.01,11.35,11.01,11.33
2010-10-08,11.44,11.7,11.38,11.52
2010-10-11,11.6,11.9,11.5,11.8
2010-10-12,11.7,12.09,11.63,11.93
2010-10-13,11.93,12.0,11.58,11.85
2010-10-14,11.86,12.2,11.54,11.57
2010-10-15,11.73,12.11,11.63,11.79
2010-10-18,11.79,11.8,11.09,11.21
2010-10-19,11.39,11.78,11.38,11.7
2010-10-20,11.41,11.88,11.31,11.73
2010-10-21,11.8,12.85,11.79,12.53
2010-10-22,12.5,12.75,12.24,12.4
2010-10-25,12.4,13.1,12.4,12.8
2010-10-26,12.9,13.15,12.5,13.0
2010-10-27,12.95,13.0,12.51,12.51
2010-10-28,12.41,13.66,12.4,13.12
2010-10-29,13.19,14.2,13.01,13.99
2010-11-01,14.5,15.39,14.48,15.39
2010-11-02,15.45,16.2,14.65,14.84
2010-11-03,14.57,14.98,13.71,13.86
2010-11-04,13.85,15.19,13.8,14.72
2010-11-05,14.89,14.9,14.17,14.33
2010-11-08,14.48,14.78,14.15,14.45
2010-11-09,14.45,15.15,14.2,14.88
2010-11-10,14.68,15.5,14.6,15.29
2010-11-11,15.11,15.55,14.65,14.66
2010-11-12,14.55,14.55,13.38,13.46
2010-11-15,13.43,13.98,13.34,13.8
2010-11-16,13.84,13.84,12.64,12.81
2010-11-17,12.62,13.03,12.39,12.46
2010-11-18,12.77,13.11,12.52,12.98
2010-11-19,13.01,13.8,12.9,13.58
2010-11-22,13.58,14.5,13.5,13.95
2010-11-23,13.8,13.8,13.01,13.44
2010-11-24,13.23,14.13,13.2,13.88
2010-11-25,13.96,14.16,13.75,13.82
2010-11-26,13.83,13.94,13.46,13.68
2010-11-29,13.58,13.63,13.12,13.38
2010-11-30,13.4,13.59,12.65,13.24
2010-12-01,13.12,13.38,13.0,13.15
2010-12-02,13.38,13.66,13.25,13.31
2010-12-03,13.3,13.35,12.83,13.1
2010-12-06,13.1,13.16,12.85,13.01
2010-12-07,12.96,13.1,12.64,13.02
2010-12-08,13.0,13.38,12.95,13.08
2010-12-09,13.0,13.0,12.56,12.58
2010-12-10,12.53,12.86,12.4,12.77
2010-12-13,12.85,13.15,12.84,13.15
2010-12-14,13.19,13.35,13.08,13.24
2010-12-15,13.31,13.87,13.22,13.46
2010-12-16,13.41,13.54,13.25,13.29
2010-12-17,13.3,13.48,13.21,13.43
2010-12-20,13.5,13.85,13.02,13.73
2010-12-21,13.7,13.78,13.4,13.69
2010-12-22,13.67,13.84,13.4,13.43
2010-12-23,13.4,13.47,13.0,13.03
2010-12-24,13.0,13.0,12.63,12.67
2010-12-27,12.63,12.88,12.0,12.13
2010-12-28,12.1,12.1,11.56,11.88
2010-12-29,11.91,12.2,11.9,12.19
2010-12-30,12.15,12.16,11.91,12.02
2010-12-31,12.09,12.52,12.03,12.45
2011-01-04,12.53,12.6,12.39,12.5
2011-01-05,12.4,12.45,12.26,12.3
2011-01-06,12.33,12.57,12.22,12.41
2011-01-07,12.44,12.44,12.06,12.09
2011-01-10,12.0,12.16,11.65,11.7
2011-01-11,11.6,11.69,11.29,11.51
2011-01-12,11.51,11.7,11.5,11.69
2011-01-13,11.78,11.98,11.7,11.8
2011-01-14,11.79,11.79,11.43,11.62
2011-01-17,11.45,11.58,11.18,11.24
2011-01-18,11.17,11.33,11.0,11.27
2011-01-19,11.28,11.55,11.2,11.5
2011-01-20,11.5,11.5,11.03,11.03
2011-01-21,11.01,11.26,11.0,11.07
2011-01-24,11.06,11.21,10.57,10.6
2011-01-25,10.62,10.69,10.12,10.23
2011-01-26,10.27,10.48,10.27,10.43
2011-01-27,10.39,10.69,10.29,10.61
2011-01-28,10.51,10.84,10.51,10.79
2011-01-31,10.75,10.83,10.62,10.78
2011-02-01,10.77,11.18,10.73,11.12
2011-02-09,11.0,11.17,10.93,11.01
2011-02-10,11.08,11.27,11.02,11.26
2011-02-11,11.29,11.42,11.15,11.27
2011-02-14,11.28,11.54,11.22,11.49
2011-02-15,11.45,11.8,11.35,11.52
2011-02-16,11.45,11.76,11.42,11.73
2011-02-17,11.82,12.14,11.82,11.93
2011-02-18,11.93,12.1,11.74,11.85
2011-02-21,11.65,11.95,11.6,11.92
2011-02-22,11.92,12.12,11.51,11.51
2011-02-23,11.41,11.75,11.41,11.64
2011-02-24,11.57,11.75,11.51,11.7
2011-02-25,11.72,11.84,11.46,11.71
2011-02-28,11.78,11.87,11.61,11.87
2011-03-01,11.9,12.05,11.81,11.95
2011-03-02,11.88,11.9,11.58,11.81
2011-03-03,11.8,11.92,11.55,11.57
2011-03-04,11.6,11.73,11.48,11.69
2011-03-07,11.7,12.1,11.69,12.07
2011-03-08,12.05,12.52,12.0,12.47
2011-03-09,12.52,12.58,12.31,12.53
2011-03-10,12.52,12.52,12.21,12.24
2011-03-11,12.18,12.35,12.06,12.1
2011-03-14,12.42,13.0,12.35,12.56
2011-03-15,12.57,12.66,12.0,12.36
2011-03-16,12.31,12.95,12.3,12.88
2011-03-17,12.71,13.28,12.65,12.89
2011-03-18,13.05,13.2,12.8,13.08
2011-03-21,13.0,13.55,12.94,13.39
2011-03-22,13.38,13.38,13.01,13.2
2011-03-23,13.1,13.21,12.8,13.21
2011-03-24,13.21,13.46,13.03,13.07
2011-03-25,13.04,13.17,12.9,12.95
2011-03-28,12.93,13.39,12.87,13.03
2011-03-29,12.95,12.95,12.33,12.38
2011-03-30,12.38,12.48,12.0,12.1
2011-03-31,12.15,12.5,12.15,12.22
2011-04-01,12.4,12.55,12.28,12.38
2011-04-06,12.29,12.5,12.04,12.47
2011-04-07,12.38,12.47,12.24,12.36
2011-04-08,12.33,12.49,12.28,12.43
2011-04-11,12.49,12.59,12.18,12.2
2011-04-12,12.2,12.27,11.95,12.05
2011-04-13,12.02,12.02,11.7,11.97
2011-04-14,11.91,12.17,11.9,12.03
2011-04-15,12.02,12.1,11.8,12.04
2011-04-18,12.19,12.19,11.9,11.99
2011-04-19,11.9,11.9,11.51,11.51
2011-04-20,11.6,11.79,11.52,11.64
2011-04-21,11.68,11.85,11.57,11.7
2011-04-25,11.64,11.64,11.05,11.09
2011-04-26,11.1,11.18,10.71,10.85
2011-04-27,10.98,10.98,10.39,10.65
2011-04-28,10.75,10.77,10.5,10.55
2011-04-29,10.55,11.16,10.54,11.13
2011-05-03,11.3,11.32,11.02,11.14
2011-05-04,11.15,11.35,10.8,10.84
2011-05-05,10.8,11.02,10.7,10.83
2011-05-06,11.57,11.91,11.32,11.45
2011-05-09,11.26,12.54,11.26,12.27
2011-05-10,12.1,12.32,12.03,12.2
2011-05-11,12.15,12.56,12.1,12.24
2011-05-12,12.15,12.5,12.01,12.39
2011-05-13,12.38,12.55,12.0,12.24
2011-05-16,12.22,12.7,12.06,12.48
2011-05-17,12.43,12.56,12.07,12.09
2011-05-18,12.0,12.5,11.98,12.27
2011-05-19,12.38,12.68,12.19,12.52
2011-05-20,12.56,12.9,12.42,12.58
2011-05-23,12.53,12.53,11.8,11.84
2011-05-24,11.72,12.08,11.44,11.88
2011-05-25,11.8,11.83,11.38,11.49
2011-05-26,11.56,11.67,11.01,11.04
2011-05-27,11.09,11.18,10.7,10.88
2011-05-30,10.89,11.06,10.81,10.84
2011-05-31,10.84,11.23,10.84,11.19
2011-06-01,11.2,11.37,11.11,11.24
2011-06-02,11.05,11.18,10.89,11.1
2011-06-03,11.09,11.4,11.04,11.27
2011-06-07,11.22,11.51,11.18,11.44
2011-06-08,11.45,11.68,11.32,11.65
2011-06-09,11.5,11.62,11.0,11.03
2011-06-10,11.0,11.15,10.81,11.1
2011-06-13,11.0,11.26,10.91,11.16
2011-06-14,11.25,11.35,11.16,11.3
2011-06-15,11.24,11.3,10.99,11.03
2011-06-16,10.94,11.14,10.88,11.08
2011-06-17,10.95,11.05,10.51,10.55
2011-06-20,10.56,10.66,10.15,10.54
2011-06-21,10.51,10.51,10.22,10.35
2011-06-22,10.41,10.41,10.19,10.22
2011-06-23,10.2,10.33,9.91,10.26
2011-06-24,10.24,10.63,10.18,10.48
2011-06-27,10.55,10.67,10.44,10.54
2011-06-28,10.53,10.75,10.46,10.59
2011-06-29,10.56,10.64,10.28,10.3
2011-06-30,10.28,10.53,10.25,10.46
2011-07-01,10.46,10.71,10.44,10.55
2011-07-04,10.56,10.89,10.56,10.85
2011-07-05,10.85,10.88,10.7,10.84
2011-07-06,10.83,10.83,10.64,10.75
2011-07-07,10.72,11.0,10.71,10.79
2011-07-08,10.78,10.89,10.58,10.69
2011-07-11,10.6,10.75,10.56,10.64
2011-07-12,10.55,10.55,10.3,10.34
2011-07-13,10.5,11.37,10.5,11.37
2011-07-14,11.8,11.97,11.55,11.78
2011-07-15,11.7,11.95,11.55,11.68
2011-07-18,11.67,11.85,11.55,11.71
2011-07-19,11.65,11.66,11.2,11.28
2011-07-20,11.35,11.4,11.06,11.2
2011-07-21,11.2,11.23,10.92,10.99
2011-07-22,11.06,11.17,11.0,11.14
2011-07-25,11.08,11.08,10.46,10.53
2011-07-26,10.53,10.65,10.36,10.65
2011-07-27,10.56,10.76,10.49,10.72
2011-07-28,10.56,10.61,10.4,10.57
2011-07-29,10.61,10.9,10.55,10.6
2011-08-01,10.55,10.79,10.5,10.61
2011-08-02,10.57,10.57,10.26,10.4
2011-08-03,10.3,10.43,10.22,10.38
2011-08-04,10.4,10.53,10.36,10.43
2011-08-05,10.02,10.25,9.92,10.18
2011-08-08,10.0,10.04,9.21,9.32
2011-08-09,8.99,9.33,8.63,9.12
2011-08-10,9.37,9.56,9.2,9.28
2011-08-11,9.0,9.42,8.91,9.39
2011-08-12,9.49,9.65,9.39,9.62
2011-08-15,9.62,9.83,9.5,9.77
2011-08-16,9.77,9.93,9.62,9.68
2011-08-17,9.67,9.76,9.49,9.51
2011-08-18,9.52,9.66,9.33,9.33
2011-08-19,9.08,9.18,9.0,9.17
2011-08-22,9.17,9.27,9.04,9.11
2011-08-23,9.11,9.33,9.11,9.33
2011-08-24,9.35,9.55,9.35,9.46
2011-08-25,9.44,9.7,9.34,9.7
2011-08-26,9.63,9.7,9.53,9.7
2011-08-29,9.68,9.68,9.52,9.52
2011-08-30,9.58,9.66,9.35,9.35
2011-08-31,9.36,9.41,9.14,9.24
2011-09-01,9.29,9.33,9.14,9.21
2011-09-02,9.2,9.32,9.15,9.17
2011-09-05,9.12,9.12,8.9,8.91
2011-09-06,8.78,8.95,8.76,8.82
2011-09-07,8.93,9.08,8.84,9.04
2011-09-08,9.08,9.14,8.99,9.0
2011-09-09,8.99,9.08,8.9,8.93
2011-09-13,8.8,8.8,8.68,8.74
2011-09-14,8.8,8.86,8.65,8.85
2011-09-15,8.88,8.99,8.82,8.86
2011-09-16,8.93,8.98,8.78,8.88
2011-09-19,8.85,8.87,8.62,8.87
2011-09-20,8.7,8.93,8.7,8.85
2011-09-21,8.82,9.14,8.78,9.1
2011-09-22,9.06,9.06,8.7,8.71
2011-09-23,8.5,8.64,8.45,8.58
2011-09-26,8.55,8.63,8.39,8.4
2011-09-27,8.47,8.53,8.37,8.45
2011-09-28,8.52,8.56,8.19,8.21
2011-09-29,8.25,8.25,7.8,7.8
2011-09-30,7.81,7.99,7.72,7.8
2011-10-10,7.84,7.9,7.55,7.62
2011-10-11,7.84,7.9,7.58,7.66
2011-10-12,7.64,7.96,7.45,7.92
2011-10-13,7.9,8.07,7.87,7.98
2011-10-14,7.94,8.05,7.87,8.02
2011-10-17,8.0,8.09,7.94,8.0
2011-10-18,7.96,7.96,7.65,7.65
2011-10-19,7.61,7.78,7.56,7.6
2011-10-20,7.59,7.59,7.2,7.45
2011-10-21,7.36,7.38,7.1,7.11
2011-10-24,7.2,7.2,6.9,7.17
2011-10-25,7.17,7.48,7.11,7.45
2011-10-26,7.32,7.66,7.31,7.56
2011-10-27,7.59,7.64,7.47,7.49
2011-10-28,7.59,7.73,7.58,7.69
2011-10-31,7.7,7.85,7.65,7.79
2011-11-01,7.7,7.84,7.66,7.72
2011-11-02,7.61,8.05,7.49,8.03
2011-11-03,8.07,8.34,8.05,8.13
2011-11-04,8.17,8.25,8.11,8.19
2011-11-07,8.22,8.22,8.05,8.12
2011-11-08,8.09,8.27,8.05,8.13
2011-11-09,8.09,8.25,8.02,8.25
2011-11-10,8.13,8.28,8.08,8.17
2011-11-11,8.19,8.44,8.16,8.27
2011-11-14,8.35,8.45,8.26,8.38
2011-11-15,8.39,8.67,8.39,8.6
2011-11-16,8.6,8.65,8.21,8.23
2011-11-17,8.21,8.34,8.15,8.16
2011-11-18,8.15,8.15,7.73,7.76
2011-11-21,7.76,7.84,7.51,7.74
2011-11-22,7.62,7.81,7.62,7.79
2011-11-23,7.82,7.93,7.71,7.8
2011-11-24,7.74,8.04,7.66,7.89
2011-11-25,7.86,8.0,7.66,7.71
2011-11-28,7.7,7.81,7.56,7.61
2011-11-29,7.64,8.0,7.6,7.91
2011-11-30,7.88,8.04,7.44,7.5
2011-12-01,7.8,7.98,7.7,7.73
2011-12-02,7.73,7.78,7.55,7.63
2011-12-05,7.67,7.67,7.37,7.4
2011-12-06,7.39,7.65,7.37,7.47
2011-12-07,7.43,7.53,7.39,7.41
2011-12-08,7.41,7.48,7.28,7.38
2011-12-09,7.3,7.45,7.2,7.27
2011-12-12,7.35,7.35,7.25,7.26
2011-12-13,7.22,7.26,6.94,6.99
2011-12-14,7.0,7.05,6.86,6.87
2011-12-15,6.9,6.9,6.47,6.47
2011-12-16,6.48,6.7,6.47,6.7
2011-12-19,6.67,6.8,6.51,6.8
2011-12-20,6.76,6.96,6.72,6.8
2011-12-21,6.88,6.98,6.7,6.76
2011-12-22,6.73,6.75,6.44,6.66
2011-12-23,6.6,6.78,6.57,6.67
2011-12-26,6.67,6.8,6.63,6.72
2011-12-27,6.69,6.7,6.44,6.46
2011-12-28,6.3,6.45,6.26,6.4
2011-12-29,6.4,6.45,6.28,6.29
2011-12-30,6.33,6.42,5.95,6.39
2012-01-04,6.4,6.44,6.11,6.12
2012-01-05,6.11,6.11,5.7,5.86
2012-01-06,5.79,5.87,5.73,5.86
2012-01-09,5.86,6.12,5.78,6.11
2012-01-10,6.11,6.39,6.11,6.33
2012-01-11,6.36,6.47,6.29,6.36
2012-01-12,6.31,6.74,6.3,6.59
2012-01-13,6.57,6.7,6.3,6.41
2012-01-16,6.3,6.33,6.1,6.1
2012-01-17,6.11,6.52,6.1,6.5
2012-01-18,6.5,6.85,6.4,6.45
2012-01-19,6.38,6.57,6.38,6.47
2012-01-20,6.52,6.66,6.4,6.6
2012-01-30,6.62,6.69,6.49,6.5
2012-01-31,6.5,6.64,6.45,6.58
2012-02-01,6.51,6.61,6.47,6.47
2012-02-02,6.48,6.6,6.43,6.59
2012-02-03,6.55,6.79,6.52,6.75
2012-02-06,6.71,6.78,6.67,6.73
2012-02-07,6.72,6.72,6.49,6.52
2012-02-08,6.53,6.75,6.49,6.75
2012-02-09,6.75,6.88,6.68,6.81
2012-02-10,6.81,6.94,6.7,6.85
2012-02-13,6.78,7.33,6.69,7.12
2012-02-14,7.09,7.21,7.02,7.06
2012-02-15,7.02,7.34,7.02,7.3
2012-02-16,7.25,7.37,7.15,7.24
2012-02-17,7.24,7.28,7.04,7.1
2012-02-20,7.22,7.27,7.09,7.1
2012-02-21,7.07,7.4,7.07,7.39
2012-02-22,7.33,7.45,7.3,7.42
2012-02-23,7.4,7.65,7.4,7.46
2012-02-24,7.44,7.49,7.3,7.49
2012-02-27,7.51,7.94,7.51,7.73
2012-02-28,7.73,8.04,7.63,8.03
2012-02-29,7.99,8.23,7.88,8.01
2012-03-01,8.0,8.21,7.9,8.04
2012-03-02,7.97,8.14,7.86,8.08
2012-03-05,8.08,8.55,8.03,8.39
2012-03-06,8.3,8.63,8.21,8.53
2012-03-07,8.38,8.67,8.12,8.19
2012-03-08,8.22,8.44,8.15,8.27
2012-03-09,8.18,8.55,8.17,8.54
2012-03-12,8.48,8.61,8.35,8.41
2012-03-13,8.38,8.47,8.26,8.43
2012-03-14,8.46,9.1,8.38,8.57
2012-03-15,8.65,8.65,8.08,8.28
2012-03-16,8.3,8.84,8.22,8.76
2012-03-19,8.8,9.17,8.71,9.09
2012-03-20,9.06,9.06,8.72,8.81
2012-03-21,8.92,9.15,8.43,8.78
2012-03-22,8.76,8.76,8.47,8.54
2012-03-23,8.54,8.62,8.22,8.25
2012-03-26,8.25,8.38,8.1,8.26
2012-03-27,8.31,8.45,8.0,8.08
2012-03-28,8.02,8.03,7.55,7.57
2012-03-29,7.5,7.76,7.39,7.65
2012-03-30,7.6,7.76,7.42,7.56
2012-04-05,7.6,7.94,7.57,7.92
2012-04-06,7.93,8.08,7.84,7.92
2012-04-09,7.92,7.96,7.78,7.78
2012-04-10,7.72,7.93,7.54,7.92
2012-04-11,7.84,7.97,7.71,7.91
2012-04-12,7.92,8.1,7.9,8.08
2012-04-13,8.17,8.24,8.06,8.15
2012-04-16,7.95,7.98,7.8,7.82
2012-04-17,7.83,7.93,7.71,7.73
2012-04-18,7.75,7.99,7.71,7.89
2012-04-19,7.89,7.95,7.78,7.81
2012-04-20,7.8,7.92,7.78,7.88
2012-04-23,7.88,7.92,7.5,7.66
2012-04-24,7.6,7.66,7.2,7.41
2012-04-25,7.41,7.58,7.3,7.53
2012-04-26,7.53,7.85,7.49,7.71
2012-04-27,7.71,7.87,7.71,7.74
2012-05-02,7.82,7.95,7.75,7.87
2012-05-03,7.87,7.91,7.75,7.82
2012-05-04,7.78,7.91,7.78,7.89
2012-05-07,7.86,7.92,7.72,7.9
2012-05-08,7.9,7.92,7.76,7.86
2012-05-09,7.79,7.85,7.68,7.69
2012-05-10,7.67,7.79,7.62,7.73
2012-05-11,7.71,8.07,7.65,7.98
2012-05-14,8.05,8.46,7.92,8.39
2012-05-15,8.26,8.65,8.22,8.4
2012-05-16,8.34,8.4,8.13,8.16
2012-05-17,8.17,8.75,8.17,8.62
2012-05-18,8.52,8.79,8.5,8.62
2012-05-21,8.62,8.63,8.25,8.44
2012-05-22,8.48,8.54,8.29,8.4
2012-05-23,8.41,8.73,8.37,8.48
2012-05-24,8.42,8.48,8.18,8.22
2012-05-25,8.22,8.45,8.15,8.24
2012-05-28,8.22,8.33,7.92,8.3
2012-05-29,8.29,8.56,8.16,8.55
2012-05-31,8.42,9.15,8.38,8.98
2012-06-01,8.9,9.14,8.76,8.78
2012-06-04,8.57,8.86,8.51,8.55
2012-06-05,8.57,8.68,8.33,8.4
2012-06-06,8.41,8.57,8.28,8.34
2012-06-07,8.45,8.49,8.17,8.18
2012-06-08,8.22,8.35,8.13,8.15
2012-06-11,8.17,8.33,8.1,8.32
2012-06-12,8.32,8.32,8.16,8.18
2012-06-13,8.26,8.38,8.19,8.36
2012-06-14,8.28,8.4,8.18,8.25
2012-06-15,8.28,8.37,8.15,8.29
2012-06-18,8.32,8.36,8.2,8.25
2012-06-19,8.24,8.24,7.95,7.95
2012-06-20,7.95,8.05,7.94,7.95
2012-06-21,7.95,7.95,7.73,7.79
2012-06-25,7.8,7.8,7.4,7.53
2012-06-26,7.5,7.57,7.37,7.48
2012-06-27,7.48,7.57,7.44,7.44
2012-06-28,7.46,7.57,7.31,7.38
2012-06-29,7.38,7.43,7.26,7.4
2012-07-02,7.48,7.55,7.44,7.49
2012-07-03,7.55,7.72,7.41,7.53
2012-07-04,7.59,7.59,7.45,7.46
2012-07-05,7.46,7.46,7.0,7.13
2012-07-06,7.24,7.24,6.92,7.2
2012-07-09,7.2,7.32,6.98,7.03
2012-07-10,7.03,7.05,6.64,6.78
2012-07-11,6.83,6.83,6.68,6.74
2012-07-12,6.75,6.93,6.61,6.88
2012-07-13,6.87,6.93,6.7,6.77
2012-07-16,6.83,6.84,6.25,6.31
2012-07-17,6.33,6.42,6.26,6.4
2012-07-18,6.41,6.47,6.28,6.46
2012-07-19,6.41,6.78,6.4,6.6
2012-07-20,6.6,6.65,6.38,6.47
2012-07-23,6.4,6.55,6.31,6.48
2012-07-24,6.42,6.6,6.37,6.52
2012-07-25,6.49,6.76,6.46,6.74
2012-07-26,6.74,6.77,6.64,6.72
2012-07-27,6.67,6.8,6.65,6.77
2012-07-30,6.72,6.81,6.5,6.55
2012-07-31,6.5,6.55,6.3,6.4
2012-08-01,6.4,6.65,6.4,6.61
2012-08-02,6.62,6.78,6.58,6.67
2012-08-03,6.71,6.76,6.64,6.75
2012-08-06,6.73,6.95,6.69,6.92
2012-08-07,6.92,7.05,6.9,7.03
2012-08-08,7.05,7.05,6.92,6.92
2012-08-09,6.95,7.03,6.86,7.02
2012-08-10,7.0,7.01,6.87,6.98
2012-08-13,6.95,7.0,6.86,6.86
2012-08-14,6.87,7.18,6.86,7.02
2012-08-15,7.0,7.06,6.81,6.85
2012-08-16,6.85,6.94,6.8,6.8
2012-08-17,6.85,6.92,6.78,6.91
2012-08-31,7.6,7.6,7.0,7.0
2012-09-03,6.88,6.88,6.32,6.62
2012-09-04,7.0,7.28,6.88,7.28
2012-09-05,7.3,7.54,7.15,7.43
2012-09-06,7.33,7.4,7.23,7.33
2012-09-07,7.35,7.56,7.28,7.42
2012-09-10,7.39,7.48,7.31,7.4
2012-09-11,7.29,7.6,7.27,7.45
2012-09-12,7.45,7.97,7.45,7.88
2012-09-13,7.76,7.82,7.58,7.58
2012-09-14,7.73,7.83,7.38,7.49
2012-09-17,7.46,7.5,7.18,7.22
2012-09-18,7.14,7.35,7.1,7.22
2012-09-19,7.27,7.43,7.2,7.37
2012-09-20,7.32,7.34,6.89,6.91
2012-09-21,6.89,7.16,6.82,6.85
2012-09-24,6.8,6.85,6.6,6.77
2012-09-25,6.77,6.77,6.56,6.57
2012-09-26,6.57,6.69,6.4,6.42
2012-09-27,6.42,6.7,6.39,6.53
2012-09-28,6.57,6.8,6.5,6.76
2012-10-08,6.7,6.84,6.64,6.69
2012-10-09,6.72,6.86,6.68,6.84
2012-10-10,6.85,6.89,6.76,6.88
2012-10-11,6.87,6.92,6.71,6.71
2012-10-12,6.67,6.82,6.6,6.81
2012-10-15,6.76,6.79,6.61,6.65
2012-10-16,6.65,6.74,6.64,6.64
2012-10-17,6.66,6.7,6.58,6.62
2012-10-18,6.66,7.06,6.63,6.93
2012-10-19,6.89,6.98,6.82,6.87
2012-10-22,6.81,6.84,6.72,6.83
2012-10-23,6.81,6.94,6.8,6.93
2012-10-24,6.88,7.0,6.85,7.0
2012-10-25,7.0,7.06,6.85,6.86
2012-10-26,6.94,7.0,6.62,6.64
2012-10-29,6.59,6.63,6.46,6.54
2012-10-30,6.47,6.6,6.47,6.51
2012-10-31,6.51,6.58,6.5,6.55
2012-11-01,6.55,6.71,6.55,6.63
2012-11-02,6.63,6.68,6.55,6.63
2012-11-05,6.6,6.69,6.56,6.65
2012-11-06,6.66,6.68,6.44,6.51
2012-11-07,6.51,6.63,6.5,6.58
2012-11-08,6.5,6.53,6.3,6.31
2012-11-09,6.32,6.36,6.19,6.22
2012-11-12,6.23,6.27,6.04,6.07
2012-11-13,6.09,6.09,5.84,5.87
2012-11-14,5.87,6.02,5.86,5.98
2012-11-15,5.92,5.98,5.81,5.81
2012-11-16,5.8,5.83,5.67,5.72
2012-11-19,5.73,5.78,5.64,5.77
2012-11-20,5.77,5.89,5.76,5.8
2012-11-21,5.77,5.87,5.68,5.85
2012-11-22,5.85,5.85,5.69,5.71
2012-11-23,5.71,5.79,5.7,5.71
2012-11-26,5.79,5.79,5.65,5.66
2012-11-27,5.63,5.65,5.38,5.38
2012-11-28,5.39,5.42,5.19,5.29
2012-11-29,5.28,5.31,5.15,5.15
2012-11-30,5.16,5.29,5.14,5.29
2012-12-03,5.3,5.38,5.23,5.25
2012-12-04,5.29,5.52,5.24,5.52
2012-12-05,5.54,5.71,5.44,5.68
2012-12-06,5.75,5.75,5.63,5.69
2012-12-07,5.67,5.86,5.67,5.82
2012-12-10,5.86,5.93,5.77,5.89
2012-12-11,5.91,5.91,5.74,5.78
2012-12-12,5.75,5.81,5.63,5.69
2012-12-13,5.69,5.84,5.63,5.65
2012-12-14,5.66,5.92,5.61,5.86
2012-12-17,5.9,6.04,5.83,5.91
2012-12-18,5.9,6.09,5.83,5.93
2012-12-19,5.93,6.05,5.9,5.97
2012-12-20,5.95,6.08,5.86,6.05
2012-12-21,6.07,6.15,5.9,5.93
2012-12-24,5.87,5.97,5.82,5.86
2012-12-25,5.9,6.12,5.82,6.04
2012-12-26,6.01,6.15,5.95,6.11
2012-12-27,6.08,6.25,6.07,6.17
2012-12-28,6.14,6.21,6.08,6.18
2012-12-31,6.17,6.25,6.12,6.18
2013-01-04,6.24,6.27,6.07,6.09
2013-01-07,6.09,6.2,6.02,6.17
2013-01-08,6.16,6.3,6.1,6.3
2013-01-09,6.26,6.3,6.15,6.24
2013-01-10,6.22,6.36,6.2,6.31
2013-01-11,6.28,6.4,6.1,6.15
2013-01-14,6.1,6.41,6.09,6.38
2013-01-15,6.38,6.69,6.34,6.64
2013-01-16,6.6,6.65,6.49,6.63
2013-01-17,6.6,6.61,6.44,6.46
2013-01-18,6.48,6.56,6.42,6.56
2013-01-21,6.58,6.66,6.5,6.55
2013-01-22,6.55,6.75,6.53,6.67
2013-01-23,6.63,6.72,6.52,6.66
2013-01-24,6.69,6.69,6.37,6.43
2013-01-25,7.07,7.07,6.85,7.07
2013-01-28,6.84,7.07,6.79,7.02
2013-01-29,6.91,7.47,6.86,7.17
2013-01-30,7.06,7.25,6.94,7.07
2013-01-31,7.12,7.24,6.91,6.91
2013-02-01,6.85,7.01,6.74,6.91
2013-02-04,6.91,7.06,6.79,6.79
2013-02-05,6.69,6.85,6.66,6.83
2013-02-06,6.88,7.02,6.82,6.9
2013-02-07,6.84,6.95,6.78,6.84
2013-02-08,6.84,6.91,6.8,6.9
2013-02-18,6.9,7.0,6.9,6.98
2013-02-19,6.98,6.99,6.75,6.76
2013-02-20,6.73,6.84,6.73,6.84
2013-02-21,6.92,7.15,6.84,6.92
2013-02-22,6.82,6.95,6.7,6.82
2013-02-25,6.81,6.85,6.74,6.79
2013-02-26,6.79,6.79,6.58,6.59
2013-02-27,6.6,6.69,6.49,6.56
2013-02-28,6.58,6.84,6.52,6.8
2013-03-01,6.7,6.83,6.7,6.8
2013-03-04,6.78,6.78,6.4,6.5
2013-03-05,6.5,6.71,6.48,6.69
2013-03-06,6.71,6.93,6.66,6.91
2013-03-07,6.88,6.92,6.76,6.87
2013-03-08,6.95,6.95,6.76,6.76
2013-03-11,6.77,7.15,6.71,6.95
2013-03-12,6.92,7.06,6.72,6.86
2013-03-13,6.8,6.97,6.71,6.92
2013-03-14,6.96,7.24,6.89,6.9
2013-03-15,6.79,6.9,6.62,6.75
2013-03-18,6.69,6.82,6.66,6.78
2013-03-19,6.72,6.8,6.66,6.79
2013-03-20,6.78,7.05,6.72,6.99
2013-03-21,7.0,7.08,6.94,7.07
2013-03-22,7.06,7.2,6.97,7.19
2013-03-25,7.21,7.25,7.06,7.17
2013-03-26,7.17,7.17,6.99,7.13
2013-03-27,7.12,7.26,7.08,7.24
2013-03-28,7.17,7.17,6.76,6.91
2013-03-29,6.98,7.03,6.9,6.9
2013-04-01,6.89,7.02,6.84,6.87
2013-04-02,6.83,6.93,6.68,6.68
2013-04-03,6.64,6.74,6.44,6.5
2013-04-08,6.48,6.55,6.3,6.53
2013-04-09,6.54,6.66,6.51,6.63
2013-04-10,6.6,6.64,6.47,6.52
2013-04-11,6.51,6.56,6.36,6.4
2013-04-12,6.43,6.44,6.23,6.27
2013-04-15,6.27,6.39,6.22,6.28
2013-04-16,6.26,6.42,6.22,6.36
2013-04-17,6.35,6.55,6.34,6.44
2013-04-18,6.35,6.45,6.35,6.37
2013-04-19,6.37,6.53,6.35,6.5
2013-04-22,6.46,6.54,6.43,6.52
2013-04-23,6.51,6.51,6.25,6.29
2013-04-24,6.29,6.44,6.29,6.33
2013-04-25,6.35,6.35,5.98,6.05
2013-04-26,6.05,6.05,5.86,5.95
2013-05-02,5.95,6.03,5.91,6.01
2013-05-03,6.04,6.25,6.0,6.22
2013-05-06,6.26,6.39,6.2,6.38
2013-05-07,6.38,6.5,6.31,6.45
2013-05-08,6.45,6.5,6.35,6.46
2013-05-09,6.45,6.65,6.38,6.64
2013-05-10,6.75,6.75,6.55,6.6
2013-05-13,6.64,6.87,6.58,6.8
2013-05-14,6.73,6.84,6.62,6.77
2013-05-15,6.75,6.83,6.68,6.82
2013-05-16,6.8,6.81,6.7,6.78
2013-05-17,6.78,6.93,6.71,6.91
2013-05-20,6.9,7.02,6.86,7.0
2013-05-21,7.0,7.17,6.9,6.9
2013-05-22,6.96,6.99,6.65,6.7
2013-05-23,6.66,6.89,6.5,6.71
2013-05-24,6.66,6.94,6.65,6.92
2013-05-27,6.95,6.98,6.85,6.9
2013-05-28,6.91,6.91,6.72,6.77
2013-05-29,6.8,7.08,6.7,6.99
2013-05-30,6.93,7.08,6.89,6.94
2013-05-31,6.94,7.01,6.85,6.85
2013-06-03,6.84,6.92,6.74,6.83
2013-06-04,6.8,6.84,6.6,6.63
2013-06-05,6.63,6.67,6.51,6.6
2013-06-06,6.58,6.58,6.39,6.4
2013-06-07,6.4,6.46,6.24,6.29
2013-06-13,6.26,6.26,5.96,6.02
2013-06-14,5.99,6.13,5.99,6.1
2013-06-17,6.11,6.13,6.04,6.1
2013-06-18,6.11,6.14,6.04,6.09
2013-06-19,6.06,6.28,5.91,6.24
2013-06-20,6.14,6.16,5.92,5.94
2013-06-21,5.88,5.96,5.69,5.9
2013-06-24,5.9,5.9,5.44,5.45
2013-06-25,5.43,5.65,5.05,5.45
2013-06-26,5.45,5.55,5.37,5.53
2013-06-27,5.57,5.57,5.34,5.34
2013-06-28,5.24,5.46,5.24,5.34
2013-07-01,5.3,5.43,5.3,5.42
2013-07-02,5.44,5.48,5.38,5.47
2013-07-03,5.45,5.45,5.29,5.4
2013-07-04,5.39,5.65,5.34,5.54
2013-07-05,5.52,5.64,5.51,5.54
2013-07-08,5.42,5.45,5.25,5.25
2013-07-09,5.21,5.31,5.21,5.25
2013-07-10,5.28,5.54,5.27,5.51
2013-07-11,5.54,5.74,5.53,5.65
2013-07-12,5.61,5.7,5.51,5.52
2013-07-15,5.52,5.72,5.52,5.65
2013-07-16,5.65,5.78,5.62,5.75
2013-07-17,5.7,5.77,5.58,5.6
2013-07-18,5.6,5.66,5.51,5.64
2013-07-19,5.63,5.7,5.5,5.5
2013-07-22,5.45,5.58,5.39,5.57
2013-07-23,5.58,5.74,5.54,5.7
2013-07-24,5.69,5.85,5.64,5.82
2013-07-25,5.83,5.84,5.6,5.62
2013-07-26,5.58,5.68,5.53,5.66
2013-07-29,5.63,5.7,5.54,5.55
2013-07-30,5.55,5.63,5.46,5.55
2013-07-31,5.57,5.67,5.53,5.6
2013-08-01,5.6,5.77,5.57,5.76
2013-08-02,5.76,5.83,5.7,5.74
2013-08-05,5.71,5.82,5.7,5.79
2013-08-06,5.78,5.83,5.71,5.81
2013-08-07,5.77,5.85,5.72,5.74
2013-08-08,5.79,6.04,5.79,5.89
2013-08-09,5.9,6.04,5.79,5.96
2013-08-12,5.96,6.12,5.9,6.1
2013-08-13,6.18,6.28,6.03,6.07
2013-08-14,6.08,6.08,5.94,5.97
2013-08-15,5.95,6.03,5.93,5.94
2013-08-16,5.9,6.03,5.79,5.8
2013-08-19,5.68,5.94,5.68,5.91
2013-08-20,5.89,5.94,5.8,5.86
2013-08-21,5.89,6.09,5.83,6.08
2013-08-22,6.05,6.14,6.0,6.09
2013-08-23,6.09,6.1,5.84,6.0
2013-08-26,5.98,6.11,5.98,6.09
2013-08-27,6.07,6.1,6.02,6.08
2013-08-28,6.04,6.17,6.0,6.08
2013-08-29,6.08,6.11,5.91,5.97
2013-08-30,6.0,6.04,5.93,5.98
2013-09-02,6.0,6.1,5.91,6.08
2013-09-03,6.05,6.09,5.98,6.08
2013-09-04,6.07,6.18,6.05,6.17
2013-09-05,6.15,6.19,6.07,6.07
2013-09-06,6.09,6.1,6.02,6.07
2013-09-09,6.06,6.12,6.03,6.08
2013-09-10,6.08,6.15,6.07,6.13
2013-09-11,6.13,6.23,6.07,6.15
2013-09-12,6.12,6.2,6.1,6.19
2013-09-13,6.19,6.4,6.16,6.27
2013-09-16,6.27,6.27,6.11,6.15
2013-09-17,6.15,6.15,5.94,5.96
2013-09-18,6.0,6.01,5.92,6.0
2013-09-23,6.05,6.08,6.0,6.06
2013-09-24,6.06,6.07,5.93,5.96
2013-09-25,5.95,6.01,5.91,5.92
2013-09-26,5.92,5.94,5.76,5.77
2013-09-27,5.78,5.82,5.74,5.79
2013-09-30,5.79,5.83,5.7,5.81
2013-10-08,5.79,5.9,5.73,5.89
2013-10-09,5.87,5.91,5.83,5.9
2013-10-10,5.93,6.04,5.87,5.88
2013-10-11,5.9,6.02,5.89,5.98
2013-10-14,6.01,6.08,5.96,6.05
2013-10-15,6.05,6.05,5.93,5.97
2013-10-16,5.96,5.96,5.75,5.79
2013-10-17,5.81,5.9,5.79,5.79
2013-10-18,5.81,5.86,5.78,5.82
2013-10-21,5.84,5.94,5.77,5.92
2013-10-22,5.9,5.95,5.83,5.86
2013-10-23,5.86,5.94,5.75,5.77
2013-10-24,5.77,5.8,5.67,5.67
2013-10-25,5.68,5.71,5.47,5.52
2013-10-28,5.52,5.57,5.45,5.47
2013-10-29,5.44,5.52,5.15,5.23
2013-10-30,5.24,5.32,5.21,5.3
2013-10-31,5.29,5.33,5.22,5.29
2013-11-01,5.36,5.38,5.28,5.37
2013-11-04,5.39,5.44,5.34,5.37
2013-11-05,5.37,5.39,5.28,5.38
2013-11-06,5.38,5.44,5.34,5.35
2013-11-07,5.31,5.35,5.24,5.24
2013-11-08,5.2,5.25,5.11,5.2
2013-11-11,5.18,5.22,5.12,5.21
2013-11-12,5.21,5.3,5.17,5.27
2013-11-13,5.25,5.26,5.12,5.12
2013-11-14,5.13,5.22,5.07,5.2
2013-11-15,5.21,5.34,5.21,5.28
2013-11-18,5.29,5.39,5.29,5.38
2013-11-19,5.38,5.45,5.35,5.45
2013-11-20,5.46,5.48,5.39,5.48
2013-11-21,5.46,5.46,5.37,5.42
2013-11-22,5.42,5.43,5.33,5.36
2013-11-25,5.36,5.49,5.35,5.44
2013-11-26,5.44,5.57,5.41,5.51
2013-11-27,5.52,5.54,5.45,5.52
2013-11-28,5.53,5.62,5.51,5.55
2013-11-29,5.58,5.71,5.58,5.62
2013-12-02,5.5,5.55,5.26,5.3
2013-12-03,5.3,5.45,5.25,5.45
2013-12-04,5.44,5.6,5.42,5.55
2013-12-05,5.56,5.59,5.52,5.57
2013-12-06,5.54,5.57,5.51,5.51
2013-12-09,5.52,5.57,5.5,5.57
2013-12-10,5.59,5.63,5.52,5.61
2013-12-11,5.71,5.93,5.71,5.79
2013-12-12,5.78,6.1,5.73,6.0
2013-12-13,5.92,6.0,5.84,5.92
2013-12-16,5.96,6.07,5.86,5.93
2013-12-17,5.84,5.95,5.72,5.75
2013-12-18,5.74,5.82,5.7,5.72
2013-12-19,5.75,5.83,5.63,5.66
2013-12-20,5.64,5.73,5.53,5.73
2013-12-23,5.71,5.87,5.71,5.73
2013-12-24,5.76,5.81,5.67,5.73
2013-12-25,5.74,5.76,5.61,5.68
2013-12-26,5.68,5.7,5.39,5.42
2013-12-27,5.44,5.56,5.43,5.53
2013-12-30,5.64,5.64,5.49,5.52
2013-12-31,5.52,5.6,5.49,5.58
2014-01-02,5.57,5.57,5.47,5.53
2014-01-03,5.52,5.62,5.5,5.59
2014-01-06,5.55,5.58,5.37,5.39
2014-01-07,5.36,5.44,5.33,5.41
2014-01-08,5.41,5.45,5.34,5.36
2014-01-09,5.33,5.44,5.25,5.26
2014-01-10,5.26,5.38,5.22,5.37
2014-01-13,5.31,5.36,5.27,5.3
2014-01-14,5.31,5.41,5.28,5.38
2014-01-15,5.37,5.4,5.34,5.39
2014-01-16,5.4,5.42,5.32,5.34
2014-01-17,5.34,5.35,5.19,5.21
2014-01-20,5.2,5.24,5.16,5.22
2014-01-21,5.21,5.27,5.19,5.25
2014-01-22,5.27,5.43,5.26,5.4
2014-01-23,5.39,5.43,5.34,5.41
2014-01-24,5.39,5.53,5.38,5.5
2014-01-27,5.45,5.61,5.41,5.55
2014-01-28,5.55,5.57,5.45,5.52
2014-01-29,5.54,5.62,5.51,5.61
2014-01-30,5.56,5.63,5.54,5.58
2014-02-07,5.53,5.71,5.52,5.7
2014-02-10,5.7,5.92,5.69,5.89
2014-02-11,5.9,5.92,5.76,5.85
2014-02-12,5.85,5.96,5.81,5.91
2014-02-13,5.89,5.89,5.75,5.75
2014-02-14,5.79,5.85,5.71,5.82
2014-02-17,5.84,6.02,5.84,6.0
2014-02-18,5.98,6.01,5.92,5.96
2014-02-19,6.0,6.0,5.85,5.9
2014-02-20,5.92,6.09,5.76,5.91
2014-02-21,5.85,6.31,5.85,6.03
2014-02-24,6.03,6.15,5.92,6.12
2014-02-25,6.13,6.16,5.75,5.82
2014-02-26,5.77,6.2,5.68,6.19
2014-02-27,6.2,6.28,6.05,6.09
2014-02-28,6.17,6.46,6.16,6.42
2014-03-03,6.42,6.75,6.36,6.63
2014-03-04,6.55,6.57,6.37,6.54
2014-03-05,6.49,6.54,6.32,6.34
2014-03-06,6.28,6.39,6.23,6.34
2014-03-07,6.38,6.49,6.18,6.2
2014-03-10,6.14,6.39,6.06,6.07
2014-03-11,6.05,6.16,5.96,6.08
2014-03-12,6.07,6.12,5.83,6.09
2014-03-13,6.09,6.16,6.0,6.11
2014-03-14,6.05,6.09,6.0,6.07
2014-03-17,6.07,6.26,6.01,6.23
2014-03-18,6.24,6.33,6.19,6.24
2014-03-19,6.22,6.36,6.17,6.36
2014-03-20,6.35,6.36,6.09,6.09
2014-03-21,6.05,6.21,5.95,6.18
2014-03-24,6.19,6.2,6.09,6.13
2014-03-25,6.12,6.35,6.12,6.29
2014-03-26,6.3,6.37,6.18,6.28
2014-04-24,6.2,6.35,5.83,6.0
2014-04-25,5.96,6.04,5.66,5.75
2014-04-28,5.7,5.72,5.34,5.4
2014-04-29,5.4,5.55,5.4,5.54
2014-04-30,5.5,5.58,5.48,5.5
2014-05-05,5.53,5.63,5.51,5.6
2014-05-06,5.6,5.7,5.56,5.66
2014-05-07,5.6,5.65,5.5,5.5
2014-05-08,5.51,5.61,5.48,5.49
2014-05-09,5.48,5.77,5.48,5.57
2014-05-12,5.61,5.75,5.6,5.72
2014-05-13,5.7,5.76,5.65,5.68
2014-05-14,5.66,5.71,5.63,5.67
2014-05-15,5.66,5.68,5.54,5.55
2014-05-16,5.55,5.6,5.53,5.6
2014-05-19,5.62,5.62,5.52,5.52
2014-05-20,5.57,5.6,5.52,5.55
2014-05-21,5.57,5.68,5.54,5.67
2014-05-22,5.67,5.72,5.62,5.66
2014-05-23,5.65,5.78,5.65,5.77
2014-05-26,5.78,5.88,5.72,5.81
2014-05-27,5.8,5.89,5.79,5.85
2014-05-28,5.85,5.97,5.83,5.93
2014-05-29,5.95,6.04,5.86,5.96
2014-05-30,5.96,5.99,5.87,5.93
2014-06-03,5.95,6.13,5.95,5.98
2014-06-04,5.96,5.98,5.83,5.84
2014-06-05,5.87,5.89,5.82,5.88
2014-06-06,5.91,5.93,5.85,5.88
2014-06-09,5.88,6.09,5.87,5.97
2014-06-10,6.0,6.02,5.89,5.94
2014-06-11,5.94,5.98,5.9,5.93
2014-06-12,5.91,5.96,5.87,5.94
2014-06-13,5.94,6.01,5.92,6.0
2014-06-16,5.98,6.07,5.97,6.05
2014-06-17,6.05,6.07,5.98,6.0
2014-06-18,6.0,6.13,5.97,6.09
2014-06-19,6.09,6.16,5.91,6.01
2014-06-20,6.02,6.12,6.0,6.12
2014-06-23,6.08,6.16,6.07,6.09
2014-06-24,6.08,6.21,6.06,6.18
2014-06-25,6.16,6.29,6.13,6.28
2014-06-26,6.26,6.32,6.22,6.25
2014-06-27,6.24,6.3,6.2,6.23
2014-06-30,6.22,6.27,6.2,6.24
2014-07-01,6.24,6.35,6.21,6.35
2014-07-02,6.35,6.38,6.29,6.31
2014-07-03,6.31,6.38,6.28,6.37
2014-07-04,6.38,6.53,6.36,6.45
2014-07-07,6.44,6.5,6.38,6.44
2014-07-08,6.39,6.46,6.34,6.46
2014-07-09,6.42,6.52,6.27,6.28
2014-07-10,6.28,6.33,6.22,6.26
2014-07-11,6.25,6.48,6.2,6.45
2014-07-14,6.45,6.64,6.41,6.57
2014-07-15,6.57,6.63,6.48,6.6
2014-07-16,6.59,6.66,6.53,6.57
2014-07-17,6.66,6.8,6.47,6.53
2014-07-18,6.47,6.72,6.4,6.61
2014-07-21,6.62,6.69,6.48,6.5
2014-07-22,6.47,6.76,6.45,6.71
2014-07-23,6.7,6.73,6.55,6.64
2014-07-24,6.63,6.66,6.44,6.53
2014-07-25,6.52,6.63,6.51,6.58
2014-07-28,6.55,6.69,6.55,6.65
2014-07-29,6.64,6.73,6.61,6.67
2014-07-30,6.68,6.75,6.63,6.72
2014-07-31,6.72,6.97,6.69,6.95
2014-08-01,6.9,7.18,6.87,6.89
2014-08-04,6.89,7.08,6.85,7.03
2014-08-05,7.0,7.07,6.9,7.03
2014-08-06,7.05,7.35,7.01,7.26
2014-08-07,7.35,7.4,7.11,7.15
2014-08-08,7.09,7.3,7.07,7.29
2014-08-11,7.3,7.54,7.3,7.41
2014-08-12,7.38,7.48,7.34,7.47
2014-08-13,7.44,7.47,7.3,7.37
2014-08-14,7.38,7.52,7.28,7.31
2014-08-15,7.3,7.53,7.3,7.43
2014-08-18,7.44,8.03,7.42,7.94
2014-08-19,7.98,8.13,7.81,8.08
2014-08-20,8.1,8.2,7.81,8.1
2014-08-21,8.07,8.15,7.95,8.14
2014-08-22,8.14,8.14,7.93,8.0
2014-08-25,7.97,7.98,7.75,7.76
2014-08-26,7.78,7.87,7.51,7.58
2014-08-27,7.57,7.85,7.55,7.79
2014-08-28,7.8,7.9,7.65,7.75
2014-08-29,7.75,7.95,7.73,7.91
2014-09-01,7.91,8.2,7.83,8.17
2014-09-02,8.24,8.3,8.15,8.2
2014-09-03,8.19,8.29,8.05,8.11
2014-09-04,8.11,8.28,8.1,8.2
2014-09-05,8.2,8.48,8.12,8.46
2014-09-09,8.45,8.73,8.41,8.68
2014-09-10,8.67,8.84,8.52,8.57
2014-09-11,8.59,8.7,8.3,8.39
2014-09-12,8.36,8.55,8.36,8.54
2014-09-15,8.49,8.65,8.4,8.59
2014-09-16,8.58,8.69,8.11,8.15
2014-09-17,8.15,8.26,8.05,8.24
2014-09-18,8.25,8.43,8.17,8.35
2014-09-19,8.31,8.36,8.18,8.29
2014-09-22,8.28,8.28,8.0,8.04
2014-09-23,8.03,8.16,8.01,8.15
2014-09-24,8.1,8.23,8.07,8.2
2014-09-25,8.36,8.43,8.2,8.25
2014-09-26,8.1,8.4,8.1,8.35
2014-09-29,8.4,8.44,8.26,8.38
2014-09-30,8.38,8.6,8.29,8.52
2014-10-08,8.43,8.51,8.37,8.48
2014-10-09,8.48,8.57,8.23,8.34
2014-10-10,8.31,8.31,8.14,8.2
2014-10-13,8.21,8.21,8.0,8.11
2014-10-14,8.13,8.15,8.02,8.05
2014-10-15,8.06,8.1,7.98,8.07
2014-10-16,8.08,8.23,8.04,8.09
2014-10-17,8.04,8.1,7.84,7.95
2014-10-20,7.94,8.02,7.92,7.97
2014-10-21,7.96,7.97,7.8,7.82
2014-10-22,7.85,7.92,7.62,7.65
2014-10-23,7.61,7.69,7.38,7.4
2014-10-24,7.39,7.54,7.37,7.42
2014-10-27,7.43,7.65,7.3,7.59
2014-10-28,7.62,7.83,7.6,7.81
2014-10-29,7.85,7.89,7.75,7.84
2014-10-30,7.85,8.04,7.78,7.95
2014-10-31,7.94,8.07,7.82,7.94
2014-11-03,7.94,7.99,7.88,7.98
2014-11-04,7.99,8.02,7.84,7.86
2014-11-05,7.85,7.89,7.72,7.87
2014-11-06,7.84,7.96,7.83,7.95
2014-11-07,7.95,8.13,7.91,7.98
2014-11-10,8.02,8.07,7.89,7.98
2014-11-11,7.97,7.97,7.49,7.52
2014-11-12,7.58,7.83,7.58,7.8
2014-11-13,7.73,7.85,7.62,7.66
2014-11-14,7.63,7.73,7.56,7.66
2014-11-17,7.67,7.82,7.58,7.8
2014-11-18,7.77,7.91,7.76,7.89
2014-11-19,7.89,7.91,7.79,7.87
2014-11-20,7.83,7.84,7.75,7.82
2014-11-21,7.83,8.17,7.77,8.15
2014-11-24,8.23,8.43,8.11,8.32
2014-11-25,8.36,8.5,8.22,8.4
2014-11-26,8.38,8.73,8.36,8.57
2014-11-27,8.58,8.86,8.49,8.49
2014-11-28,8.85,9.34,8.73,9.34
2014-12-01,9.6,9.6,9.1,9.19
2014-12-02,9.19,9.69,9.18,9.39
2014-12-03,9.28,9.54,9.05,9.48
2014-12-04,9.56,9.68,9.35,9.5
2014-12-05,9.4,9.4,8.65,8.95
2014-12-08,8.85,9.1,8.66,8.99
2014-12-09,8.98,8.98,8.5,8.5
2014-12-10,8.53,9.35,8.53,9.12
2014-12-11,9.13,9.33,8.96,9.26
2014-12-12,9.3,9.3,8.99,9.21
2014-12-15,9.19,9.39,9.0,9.23
2014-12-16,9.25,9.28,9.0,9.06
2014-12-17,9.02,9.05,8.8,8.88
2014-12-18,8.84,8.96,8.7,8.75
2014-12-19,8.71,8.87,8.61,8.86
2014-12-22,8.89,8.89,8.33,8.5
2014-12-23,8.49,8.63,8.4,8.42
2014-12-24,8.66,9.0,8.61,8.71
2014-12-25,8.7,8.78,8.66,8.73
2014-12-26,8.8,8.93,8.65,8.76
2014-12-29,8.72,8.8,8.43,8.6
2014-12-30,8.58,8.93,8.58,8.68
2014-12-31,8.7,8.87,8.63,8.86
2015-01-05,8.86,9.3,8.86,9.16
2015-01-06,9.15,9.43,9.04,9.2
2015-01-07,9.16,9.2,9.0,9.1
2015-01-08,9.11,9.15,8.88,8.92
2015-01-09,8.91,9.0,8.73,8.8
2015-01-12,8.81,8.84,8.5,8.56
2015-01-13,8.56,8.76,8.5,8.73
2015-01-14,8.7,9.1,8.7,8.98
2015-01-15,9.0,9.05,8.89,8.93
2015-01-16,8.95,9.17,8.91,9.12
2015-01-19,8.9,8.99,8.56,8.66
2015-01-20,8.71,8.92,8.71,8.85
2015-01-21,8.89,9.06,8.81,8.94
2015-01-22,8.95,9.34,8.95,9.29
2015-01-23,9.29,9.33,9.11,9.2
2015-01-26,9.21,9.65,9.15,9.6
2015-01-27,9.55,10.04,9.5,9.93
2015-01-28,9.9,10.07,9.68,9.8
2015-01-29,9.77,9.77,9.38,9.5
2015-01-30,9.53,9.59,9.32,9.38
2015-04-24,10.32,10.32,10.32,10.32
2015-04-27,11.35,11.35,11.35,11.35
2015-04-28,12.49,12.49,12.49,12.49
2015-04-29,13.74,13.74,12.47,13.23
2015-04-30,13.0,13.05,12.66,12.72
2015-05-04,12.65,12.8,12.35,12.47
2015-05-05,12.5,12.78,12.23,12.24
2015-05-06,12.25,12.56,11.68,11.73
2015-05-07,11.72,11.9,11.5,11.56
2015-05-08,11.67,11.85,11.55,11.85
2015-05-11,12.02,12.52,11.89,12.33
2015-05-12,12.38,12.5,12.1,12.28
2015-05-13,12.27,13.02,12.12,12.83
2015-05-14,12.9,13.15,12.57,12.69
2015-05-15,12.63,12.64,11.98,12.18
2015-05-18,12.01,12.75,11.92,12.5
2015-05-19,12.5,13.13,12.4,12.85
2015-05-20,12.95,13.88,12.78,13.49
2015-05-21,13.4,13.82,13.32,13.82
2015-05-22,14.3,14.65,13.56,13.84
2015-05-25,13.6,14.45,13.55,14.13
2015-05-26,14.18,15.17,13.95,15.01
2015-05-27,15.02,15.2,14.65,14.89
2015-05-28,14.85,15.11,13.44,13.49
2015-05-29,13.46,13.74,12.6,13.28
2015-06-01,13.43,14.61,13.43,14.48
2015-06-02,14.4,15.55,14.3,15.35
2015-06-03,15.35,15.43,14.2,14.9
2015-06-04,14.83,15.61,13.9,15.34
2015-06-05,15.7,15.85,15.0,15.48
2015-06-08,15.51,15.85,15.08,15.42
2015-06-09,15.3,15.6,15.0,15.28
2015-06-10,15.28,16.19,14.97,15.98
2015-06-11,16.11,17.58,15.91,17.58
2015-06-12,18.02,19.34,18.02,19.34
2015-06-15,19.33,19.33,18.09,18.16
2015-06-16,17.81,18.64,17.57,17.9
2015-06-17,17.96,18.17,16.67,17.69
2015-06-18,17.69,18.62,17.11,17.19
2015-06-19,16.66,16.99,15.47,15.47
2015-06-23,15.3,15.79,13.92,15.11
2015-06-24,15.48,15.75,15.03,15.5
2015-06-25,15.5,15.88,14.6,14.84
2015-06-26,14.1,14.37,13.36,13.36
2015-06-29,13.62,13.88,12.02,12.02
2015-06-30,11.79,12.68,10.82,12.48
2015-07-01,12.4,12.74,11.23,11.23
2015-07-02,11.23,11.23,10.11,10.11
2015-07-03,9.5,10.06,9.1,9.1
2015-07-06,9.95,9.95,8.19,8.49
2015-07-14,9.32,9.32,9.32,9.32
2015-07-15,10.25,10.25,9.4,9.46
2015-07-16,8.91,10.06,8.52,9.61
2015-07-17,9.68,10.57,9.6,10.42
2015-07-20,10.52,10.91,10.2,10.57
2015-07-21,10.4,11.2,10.2,11.14
2015-07-22,11.0,11.25,10.55,10.99
2015-07-23,11.01,11.8,10.88,11.58
2015-07-24,11.67,11.92,10.9,11.14
2015-07-27,10.88,11.29,10.03,10.03
2015-07-28,9.59,10.17,9.03,9.35
2015-07-29,9.58,9.98,9.1,9.91
2015-07-30,9.8,10.25,9.52,9.57
2015-07-31,9.4,9.65,9.33,9.45
2015-08-03,9.38,9.62,9.06,9.59
2015-08-04,9.61,10.3,9.5,10.29
2015-08-05,10.3,10.4,9.85,9.93
2015-08-06,9.64,10.65,9.56,10.19
2015-08-07,10.33,10.7,10.2,10.61
2015-08-10,10.75,11.41,10.63,11.17
2015-08-11,11.21,11.3,10.92,11.08
2015-08-12,10.82,11.16,10.82,10.91
2015-08-13,10.78,11.5,10.7,11.48
2015-08-14,11.8,12.51,11.8,11.99
2015-08-17,12.38,13.19,12.11,13.19
2015-08-18,13.49,13.49,11.87,11.87
2015-08-19,11.13,12.52,10.73,12.25
2015-08-20,12.06,12.7,11.7,11.72
2015-08-21,11.38,11.45,10.55,10.55
2015-08-24,10.0,10.05,9.5,9.5
2015-08-25,8.55,8.58,8.55,8.55
2015-08-26,8.5,8.78,7.7,7.7
2015-08-27,7.95,8.15,7.23,7.97
2015-08-28,8.13,8.65,7.91,8.61
2015-08-31,8.41,8.55,8.01,8.03
2015-09-01,7.91,8.0,7.29,7.33
2015-09-02,6.99,7.58,6.85,7.38
2015-09-07,7.48,7.85,7.45,7.52
2015-09-08,7.52,8.01,7.41,7.96
2015-09-09,8.0,8.46,7.95,8.46
2015-09-10,8.26,8.45,8.08,8.15
2015-09-11,8.21,8.78,8.2,8.63
2015-09-21,8.1,8.6,8.0,8.52
2015-09-22,8.41,8.75,8.3,8.43
2015-09-23,8.65,9.08,8.5,8.62
2015-09-24,8.43,8.6,8.42,8.54
2015-09-25,8.46,8.51,7.72,7.75
2015-09-28,7.81,7.95,7.61,7.92
2015-09-29,7.77,7.86,7.62,7.77
2015-09-30,7.82,7.95,7.81,7.85
2015-10-08,8.16,8.28,8.11,8.21
2015-10-09,8.19,8.45,8.15,8.4
2015-10-12,8.43,8.96,8.39,8.86
2015-10-13,8.86,9.03,8.75,9.03
2015-10-14,8.95,9.33,8.85,8.94
2015-10-15,8.87,9.28,8.83,9.2
2015-10-16,9.29,9.34,9.0,9.29
2015-10-19,9.26,9.49,9.21,9.38
2015-10-20,9.55,9.78,9.45,9.76
2015-10-21,9.68,9.94,8.78,8.78
2015-10-22,8.81,9.21,8.74,9.2
2015-10-23,9.3,9.56,9.2,9.49
2015-10-26,9.65,9.7,9.31,9.49
2015-10-27,9.39,9.43,8.9,9.36
2015-10-28,9.28,9.52,9.09,9.17
2015-10-29,9.25,9.55,9.14,9.48
2015-10-30,9.41,9.96,9.33,9.79
2015-11-02,9.53,9.88,9.3,9.37
2015-11-03,9.43,9.53,9.2,9.25
2015-11-04,9.29,9.82,9.29,9.81
2015-11-05,9.8,10.43,9.74,10.24
2015-11-06,10.5,10.73,10.4,10.52
2015-11-09,10.43,10.8,10.31,10.43
2015-11-10,10.51,10.9,10.47,10.48
2015-11-11,10.39,10.57,10.25,10.52
2015-11-12,10.48,11.09,10.37,10.96
2015-11-13,10.72,10.83,10.37,10.57
2015-11-16,10.35,10.87,10.26,10.8
2015-11-17,11.0,11.08,10.39,10.41
2015-11-18,10.48,10.54,10.03,10.07
2015-11-19,10.1,10.4,10.1,10.4
2015-11-20,10.42,10.79,10.42,10.68
2015-11-23,10.58,11.32,10.51,11.2
2015-11-24,11.12,11.25,10.88,11.16
2015-11-25,11.14,11.43,10.97,11.26
2015-11-26,11.27,11.55,11.04,11.38
2015-11-27,11.22,11.28,10.24,10.26
2015-11-30,10.15,10.49,9.51,10.24
2015-12-01,10.18,10.42,10.12,10.31
2015-12-02,10.23,10.37,9.82,10.16
2015-12-03,10.19,10.35,10.11,10.29
2015-12-04,10.26,10.29,10.01,10.13
2015-12-07,10.15,10.4,10.11,10.38
2015-12-08,10.3,10.33,9.96,10.04
2015-12-09,9.95,10.25,9.95,10.11
2015-12-10,10.13,10.25,10.09,10.17
2015-12-11,10.16,10.83,10.03,10.67
2015-12-14,10.54,10.75,10.35,10.74
2015-12-15,10.71,11.18,10.68,11.08
2015-12-16,11.08,11.35,10.92,10.99
2015-12-17,10.95,11.25,10.94,11.13
2015-12-18,11.1,11.22,10.73,10.9
2015-12-21,10.92,11.06,10.77,10.93
2015-12-22,10.93,11.5,10.88,11.43
2015-12-23,11.32,12.26,11.26,11.72
2015-12-24,11.75,12.06,11.51,11.87
2015-12-25,11.99,12.52,11.73,12.17
2015-12-28,12.29,12.3,11.13,11.28
2015-12-29,11.12,11.5,11.12,11.45
2015-12-30,11.48,11.89,11.34,11.74
2015-12-31,11.79,11.88,11.2,11.41
2016-01-04,11.4,11.5,10.27,10.27
2016-01-05,9.44,10.13,9.33,9.8
2016-01-06,9.85,10.01,9.74,9.9
2016-01-07,9.72,9.72,8.91,8.92
2016-01-08,9.09,9.31,8.11,8.9
2016-01-11,8.69,9.1,8.08,8.15
2016-01-12,8.28,8.65,8.09,8.47
2016-01-13,8.55,8.67,8.19,8.19
2016-01-14,7.95,8.64,7.81,8.54
2016-01-15,8.41,8.6,8.11,8.29
2016-01-18,8.12,8.55,8.01,8.42
2016-01-19,8.44,8.76,8.35,8.73
2016-01-20,8.64,9.25,8.4,9.16
2016-01-21,8.86,9.18,8.7,8.83
2016-01-22,8.91,9.04,8.56,8.85
2016-01-25,9.01,9.14,8.78,9.14
2016-01-26,8.96,8.99,8.23,8.23
2016-01-27,8.21,8.3,7.51,7.97
2016-01-28,7.79,7.9,7.38,7.43
2016-01-29,7.43,7.83,7.43,7.73
2016-02-01,7.75,7.77,7.36,7.57
2016-02-02,7.57,7.92,7.57,7.86
2016-02-03,7.74,7.88,7.7,7.86
2016-02-04,7.88,8.13,7.88,8.06
2016-02-05,8.09,8.17,7.96,7.98
2016-02-15,7.6,8.09,7.53,8.07
2016-02-16,8.07,8.39,8.05,8.37
2016-02-17,8.32,8.52,8.21,8.49
2016-02-18,8.49,8.55,8.32,8.35
2016-02-19,8.44,8.45,8.31,8.4
2016-02-22,8.54,8.63,8.45,8.54
2016-02-23,8.56,8.69,8.38,8.51
2016-02-24,8.52,8.66,8.37,8.58
2016-02-25,8.6,8.62,7.72,7.73
2016-02-26,7.85,7.89,7.52,7.67
2016-02-29,7.68,7.68,6.98,7.18
2016-03-01,7.27,7.37,7.04,7.3
2016-03-02,7.3,7.68,7.27,7.65
2016-03-03,7.72,7.86,7.6,7.73
2016-03-04,7.92,8.5,7.83,8.5
2016-03-07,8.54,8.88,8.35,8.67
2016-03-08,8.58,8.6,8.16,8.5
2016-03-09,8.4,8.83,8.26,8.51
2016-03-10,8.51,8.79,8.27,8.6
2016-03-11,8.52,8.76,8.35,8.62
2016-03-14,8.81,9.15,8.69,8.87
2016-07-13,9.72,9.72,8.9,9.2
2016-07-14,9.49,10.08,9.33,9.7
2016-07-15,9.5,9.7,9.21,9.5
2016-07-18,9.47,9.85,9.4,9.41
2016-07-19,9.38,9.4,9.13,9.23
2016-07-20,9.29,9.55,9.29,9.4
2016-07-21,9.47,9.52,9.28,9.35
2016-07-22,9.38,10.1,9.36,9.82
2016-07-25,9.77,10.16,9.66,10.1
2016-07-26,10.04,10.34,9.98,10.09
2016-07-27,10.01,10.06,9.19,9.39
2016-07-28,9.4,9.72,9.26,9.59
2016-07-29,9.51,9.56,9.18,9.32
2016-08-01,9.24,9.29,8.9,9.03
2016-08-02,9.06,9.17,8.94,9.15
2016-08-03,9.1,9.39,9.04,9.32
2016-08-04,9.29,9.33,9.11,9.25
2016-08-05,9.26,9.31,8.95,9.03
2016-08-08,9.06,9.13,8.9,9.13
2016-08-09,9.13,9.27,9.1,9.22
2016-08-10,9.14,9.14,9.14,9.14
2016-08-11,9.15,9.15,8.83,8.83
2016-08-12,8.83,8.95,8.71,8.9
2016-08-15,8.91,9.16,8.83,9.12
2016-08-16,9.14,9.28,9.11,9.16
2016-08-17,9.14,9.26,9.13,9.23
2016-08-18,9.22,9.28,9.11,9.14
2016-08-19,9.17,9.26,9.15,9.23
2016-08-22,9.22,9.39,9.19,9.25
2016-08-23,9.2,9.25,9.06,9.15
2016-08-24,9.15,9.23,9.11,9.16
2016-08-25,9.12,9.12,8.89,8.99
2016-08-26,9.03,9.09,8.94,8.98
2016-08-29,8.99,9.08,8.93,9.03
2016-08-30,9.06,9.14,9.02,9.08
2016-08-31,9.08,9.14,8.98,9.13
2016-09-01,9.12,9.17,9.07,9.11
2016-09-02,9.12,9.13,8.88,8.99
2016-09-05,8.99,9.06,8.95,9.04
2016-09-06,9.04,9.59,8.95,9.57
2016-09-07,9.47,9.56,9.35,9.38
2016-09-08,9.33,9.49,9.33,9.42
2016-09-09,9.36,9.47,9.26,9.26
2016-09-12,9.07,9.07,8.94,8.99
2016-09-13,9.04,9.23,9.02,9.21
2016-09-14,9.15,9.19,9.06,9.15
2016-09-19,9.13,9.44,9.1,9.41
2016-09-20,9.41,9.76,9.33,9.6
2016-09-21,9.58,9.63,9.46,9.57
2016-09-22,9.69,9.72,9.44,9.58
2016-09-23,9.55,9.68,9.45,9.65
2016-09-26,9.58,9.85,9.35,9.35
2016-09-27,9.28,9.57,9.24,9.54
2016-09-28,9.5,9.77,9.5,9.75
2016-09-29,9.83,10.15,9.8,9.9
2016-09-30,9.81,9.95,9.7,9.84
2016-10-10,9.89,10.19,9.81,10.14
2016-10-11,10.08,10.4,10.05,10.38
2016-10-12,10.34,10.36,10.15,10.25
2016-10-13,10.31,11.16,10.26,10.84
2016-10-14,10.84,11.0,10.64,10.94
2016-10-17,10.94,10.95,10.27,10.38
2016-10-18,10.3,10.77,10.28,10.76
2016-10-19,10.76,10.81,10.48,10.5
2016-10-20,10.49,10.61,10.4,10.5
2016-10-21,10.42,10.46,10.11,10.33
2016-10-24,10.34,10.46,10.21,10.31
2016-10-25,10.34,10.84,10.33,10.64
2016-10-26,10.56,10.76,10.43,10.47
2016-10-27,10.48,10.5,10.28,10.41
2016-10-28,10.41,10.58,10.34,10.35
2016-10-31,10.29,10.33,10.08,10.24
2016-11-01,10.21,10.31,10.15,10.31
2016-11-02,10.25,10.56,10.18,10.41
2016-11-03,10.36,10.56,10.27,10.39
2016-11-04,10.32,10.76,10.32,10.54
2016-11-07,10.54,10.65,10.38,10.55
2016-11-08,10.57,10.68,10.39,10.41
2016-11-09,10.4,10.53,10.22,10.42
2016-11-10,10.47,10.56,10.35,10.47
2016-11-11,10.47,10.49,10.25,10.3
2016-11-14,10.28,10.52,10.07,10.45
2016-11-15,10.42,10.54,10.33,10.52
2016-11-16,10.47,10.61,10.46,10.48
2016-11-17,10.46,10.72,10.33,10.67
2016-11-18,10.61,11.06,10.59,10.84
2016-11-21,10.86,11.11,10.68,11.06
2016-11-22,11.05,11.1,10.88,10.97
2016-11-23,10.94,11.02,10.63,10.68
2016-11-24,10.69,10.75,10.36,10.42
2016-11-25,10.38,10.48,10.18,10.44
2016-11-28,10.46,10.51,10.28,10.34
2016-11-29,10.35,10.39,10.23,10.24
2016-11-30,10.24,10.3,10.12,10.16
2016-12-01,10.17,10.38,10.16,10.28
2016-12-02,10.26,10.5,10.17,10.3
2016-12-05,10.2,10.35,9.85,9.85
2016-12-06,9.91,9.97,9.7,9.8
2016-12-07,9.8,10.01,9.78,9.97
2016-12-08,9.97,10.12,9.87,9.89
2016-12-09,9.83,9.97,9.83,9.89
2016-12-12,9.93,9.97,9.36,9.49
2016-12-13,9.48,9.69,9.31,9.57
2016-12-14,9.57,9.6,9.36,9.39
2016-12-15,9.34,9.54,9.31,9.38
2016-12-16,9.38,9.54,9.35,9.52
2016-12-19,9.52,9.81,9.5,9.77
2016-12-20,9.81,9.81,9.64,9.69
2016-12-21,9.72,9.85,9.66,9.8
2016-12-22,9.79,9.86,9.65,9.65
2016-12-23,9.6,9.72,9.27,9.32
2016-12-26,9.35,9.85,9.21,9.79
2016-12-27,9.77,10.12,9.7,9.85
2016-12-28,9.74,10.03,9.74,9.91
2016-12-29,9.91,9.95,9.82,9.86
2016-12-30,9.8,9.93,9.64,9.76
2017-01-03,9.76,10.44,9.76,10.26
2017-01-04,10.21,10.36,10.14,10.27
2017-01-05,10.29,10.69,10.27,10.45
2017-01-06,10.42,10.63,10.33,10.57
2017-01-09,10.5,10.67,10.43,10.55
2017-01-10,10.51,10.64,10.33,10.39
2017-01-11,10.37,10.44,10.24,10.3
2017-01-12,10.35,10.51,10.2,10.35
2017-01-13,10.32,10.51,10.19,10.2
2017-01-16,10.1,10.14,9.18,9.4
2017-01-17,9.31,9.87,9.28,9.69
2017-01-18,9.67,10.0,9.67,9.86
2017-01-19,9.8,9.98,9.76,9.83
2017-01-20,9.81,10.78,9.81,10.54
2017-01-23,10.53,10.88,10.43,10.68
2017-01-24,10.59,10.78,10.48,10.55
2017-01-25,10.55,10.66,10.38,10.54
2017-01-26,10.55,10.86,10.52,10.63
2017-02-03,10.6,10.67,10.33,10.45
2017-02-06,10.44,10.59,10.36,10.59
2017-02-07,10.58,10.91,10.53,10.84
2017-02-08,10.76,10.83,10.55,10.83
2017-02-09,10.79,11.04,10.73,10.99
2017-02-10,11.02,11.02,10.63,10.72
2017-02-13,10.66,10.77,10.52,10.65
2017-02-14,10.65,10.97,10.52,10.96
2017-02-15,10.9,11.07,10.6,10.63
2017-02-16,10.57,10.72,10.45,10.69
2017-02-17,10.6,11.37,10.54,10.89
2017-02-20,10.84,11.8,10.84,11.45
2017-02-21,11.36,11.42,11.15,11.35
2017-02-22,11.25,11.53,11.17,11.5
2017-02-23,11.5,11.59,11.21,11.32
2017-02-24,11.29,11.36,10.95,11.08
2017-02-27,11.09,11.16,10.83,10.85
2017-02-28,10.85,10.89,10.67,10.77
2017-03-01,10.77,11.04,10.73,10.86
2017-03-02,10.83,11.08,10.82,10.94
2017-03-03,10.86,10.94,10.72,10.84
2017-03-06,10.79,11.02,10.76,11.0
2017-03-07,11.0,11.04,10.71,10.78
2017-03-08,10.78,10.79,10.44,10.48
2017-03-09,10.48,10.6,10.32,10.54
2017-03-10,10.53,10.58,10.45,10.51
2017-03-13,10.56,10.78,10.43,10.72
2017-03-14,10.78,10.9,10.58,10.8
2017-03-15,10.69,10.71,10.51,10.54
2017-03-16,10.6,10.85,10.56,10.78
2017-03-17,10.8,11.25,10.75,10.98
2017-03-20,10.97,11.09,10.87,11.06
2017-03-21,10.95,11.02,10.86,10.93
2017-03-22,10.91,10.93,10.64,10.88
2017-03-23,10.82,11.08,10.73,11.08
2017-03-24,11.01,11.12,10.93,11.07
2017-03-27,11.07,11.07,10.7,10.73
2017-03-28,10.68,10.79,10.63,10.63
2017-03-29,10.64,10.69,10.48,10.48
2017-03-30,10.43,10.47,10.01,10.19
2017-03-31,10.23,10.3,10.12,10.23
2017-04-05,10.22,10.44,10.19,10.38
2017-04-06,10.35,10.45,10.27,10.28
2017-04-07,10.32,10.6,10.29,10.52
2017-04-10,10.5,10.6,10.41,10.54
2017-04-11,10.3,10.51,10.25,10.46
2017-04-12,10.45,10.64,10.41,10.49
2017-04-13,10.49,10.49,10.2,10.28
2017-04-14,10.2,10.28,9.93,9.98
2017-04-17,9.98,10.03,9.66,9.69
2017-04-18,9.78,9.79,9.47,9.47
2017-04-19,9.47,9.5,8.61,8.93
2017-04-20,8.86,8.95,8.68,8.93
2017-04-21,8.93,9.07,8.88,9.03
2017-04-24,9.07,9.14,8.26,8.33
2017-04-25,8.36,8.66,8.36,8.45
2017-04-26,8.54,8.65,8.44,8.55
2017-04-27,8.54,8.61,8.26,8.56
2017-04-28,8.56,8.72,8.51,8.67
2017-05-02,8.65,8.76,8.6,8.72
2017-05-03,8.75,8.79,8.49,8.57
2017-05-04,8.53,8.77,8.51,8.71
2017-05-05,8.66,8.7,8.41,8.44
2017-05-08,8.44,8.49,8.27,8.29
2017-05-09,8.22,8.39,8.07,8.29
2017-05-10,8.29,8.52,8.13,8.38
2017-05-11,8.27,8.34,8.05,8.34
2017-05-12,8.3,8.33,8.16,8.27
2017-05-15,8.28,8.33,8.14,8.27
2017-05-16,8.24,8.49,8.14,8.49
2017-05-17,8.47,8.65,8.42,8.5
2017-05-18,8.42,8.56,8.41,8.46
2017-05-19,8.43,8.87,8.43,8.7
2017-05-22,8.61,8.74,8.4,8.68
2017-05-23,8.62,8.7,8.39,8.46
2017-05-24,8.46,8.46,8.12,8.26
2017-05-25,8.28,8.43,8.1,8.35
2017-05-26,8.33,8.44,8.28,8.34
2017-05-31,8.41,8.52,8.08,8.16
2017-06-01,8.1,8.17,7.5,7.65
2017-06-02,7.56,7.75,7.51,7.69
2017-06-05,7.7,7.78,7.63,7.73
2017-06-06,7.73,7.82,7.67,7.77
2017-06-07,7.92,8.02,7.87,8.01
2017-06-08,8.01,8.09,7.96,7.98
2017-06-09,7.98,8.01,7.87,8.0
2017-06-12,7.97,8.1,7.89,7.9
2017-06-13,7.85,8.16,7.85,8.04
2017-06-14,8.04,8.08,7.97,7.98
2017-06-15,7.97,8.1,7.95,8.05
2017-06-16,8.05,8.09,8.01,8.08
2017-06-19,8.05,8.13,8.04,8.1
2017-06-20,8.13,8.24,8.08,8.15
2017-06-21,8.22,8.5,8.22,8.5
2017-06-22,8.6,8.82,8.32,8.4
2017-06-23,8.39,8.53,8.2,8.42
2017-06-26,8.4,8.62,8.32,8.6
2017-06-27,8.56,8.93,8.54,8.81
2017-06-28,8.75,8.8,8.58,8.67
2017-06-29,8.64,8.72,8.55,8.66
2017-06-30,8.65,8.66,8.48,8.51
2017-07-03,8.5,8.7,8.45,8.7
2017-07-04,8.7,8.95,8.56,8.88
2017-07-05,8.97,9.11,8.8,8.98
2017-07-06,8.89,9.08,8.83,8.97
2017-07-07,8.99,9.1,8.87,9.08
2017-07-10,9.03,9.08,8.86,8.88
2017-07-11,8.88,8.95,8.58,8.59
2017-07-12,8.63,8.72,8.5,8.71
2017-07-13,8.69,9.07,8.56,9.06
2017-07-14,8.96,9.0,8.78,8.85
2017-07-17,8.81,8.83,8.2,8.2
2017-07-18,8.22,8.42,8.12,8.4
2017-07-19,8.43,8.61,8.37,8.55
2017-07-20,8.54,8.75,8.49,8.61
2017-07-21,8.6,8.71,8.51,8.62
2017-07-24,8.61,8.7,8.52,8.59
2017-07-25,8.59,8.84,8.56,8.69
2017-07-26,8.66,9.04,8.46,9.0
2017-07-27,8.98,9.41,8.93,9.22
2017-07-28,9.1,9.45,9.02,9.31
2017-07-31,9.18,9.32,9.1,9.28
2017-08-01,9.21,9.24,8.96,9.07
2017-08-02,9.16,9.34,9.07,9.07
2017-08-03,9.04,9.23,8.99,9.2
2017-08-04,9.25,9.3,9.05,9.05
2017-08-07,8.95,9.04,8.87,9.01
2017-08-08,9.02,9.09,8.93,8.96
2017-08-09,8.92,8.96,8.73,8.87
2017-08-10,8.97,9.76,8.97,9.51
2017-08-11,9.3,9.54,9.12,9.19
2017-08-14,9.29,9.65,9.23,9.52
2017-08-15,9.47,10.18,9.41,9.99
2017-08-16,9.96,10.06,9.67,10.0
2017-08-17,9.92,9.95,9.73,9.85
2017-08-18,9.75,9.81,9.51,9.58
2017-08-21,9.6,9.74,9.55,9.61
2017-08-22,9.63,9.69,9.29,9.35
2017-08-23,9.32,9.39,9.18,9.35
2017-08-24,9.35,9.35,9.05,9.07
2017-08-25,9.1,9.24,9.07,9.19
2017-08-28,9.19,9.37,9.19,9.35
2017-08-29,9.35,9.36,9.17,9.19
2017-08-30,9.18,9.3,9.17,9.26
2017-08-31,9.26,9.45,9.25,9.42
2017-09-01,9.37,9.5,9.33,9.46
2017-09-04,9.48,9.62,9.4,9.58
2017-09-05,9.56,9.58,9.36,9.39
2017-09-06,9.48,9.88,9.48,9.78
2017-09-07,9.68,9.78,9.64,9.73
2017-09-08,9.8,10.07,9.8,9.95
2017-09-11,9.89,10.23,9.83,10.16
2017-09-12,10.09,10.3,9.81,9.81
2017-09-13,9.72,9.91,9.56,9.72
2017-09-14,9.73,9.78,9.51,9.57
2017-09-15,9.55,9.71,9.54,9.66
2017-09-18,9.64,9.8,9.57,9.78
2017-09-19,9.74,9.8,9.51,9.57
2017-09-20,9.54,9.95,9.43,9.86
2017-09-21,9.82,10.03,9.68,9.73
2017-09-22,9.72,10.05,9.55,9.96
2017-09-25,9.93,9.98,9.43,9.45
2017-09-26,9.36,9.5,9.28,9.41
2017-09-27,9.43,9.51,9.4,9.45
2017-09-28,9.41,9.56,9.39,9.4
2017-09-29,9.4,9.54,9.39,9.47
2017-10-09,9.57,9.82,9.56,9.73
2017-10-10,9.7,9.84,9.61,9.82
2017-10-11,9.84,9.9,9.71,9.74
2017-10-12,9.71,9.78,9.4,9.51
2017-10-13,9.53,9.72,9.45,9.68
2017-10-16,9.7,9.7,9.16,9.22
2017-10-17,9.23,9.3,9.12,9.21
2017-10-18,9.2,9.25,8.9,8.98
2017-10-19,8.98,9.02,8.55,8.79
2017-10-20,8.81,8.91,8.7,8.89
2017-10-23,8.86,8.96,8.83,8.9
2017-10-24,8.91,9.07,8.86,8.98
2017-10-25,8.99,9.04,8.86,9.01
2017-10-26,9.06,9.06,8.92,9.02
2017-10-27,9.0,9.12,8.92,8.96
2017-10-30,8.93,9.04,8.66,8.87
2017-10-31,8.83,9.25,8.83,9.16
2017-11-01,9.18,9.32,9.11,9.21
2017-11-02,9.2,9.5,9.19,9.36
2017-11-03,9.36,9.5,9.32,9.45
2017-11-06,9.47,9.72,9.38,9.67
2017-11-07,9.6,10.21,9.6,10.1
2017-11-08,10.4,11.0,10.34,10.62
2017-11-09,10.78,11.18,10.61,10.78
2017-11-10,10.78,11.66,10.78,11.26
2017-11-13,11.3,11.39,11.08,11.33
2017-11-14,11.35,11.92,11.35,11.6
2017-11-15,11.7,11.94,11.43,11.8
2017-11-16,11.91,12.1,11.53,11.68
2017-11-17,11.71,11.85,11.11,11.26
2017-11-20,11.37,12.39,10.95,12.39
2017-11-21,12.56,12.72,12.07,12.64
2017-11-22,12.45,12.53,11.77,12.19
2017-11-23,12.03,12.37,11.68,11.96
2017-11-24,11.8,12.15,11.11,11.4
2017-11-27,11.36,12.54,11.36,12.29
2017-11-28,12.35,12.66,12.0,12.61
2017-11-29,12.53,13.05,12.23,12.39
2017-11-30,12.2,13.63,12.12,13.23
2017-12-01,13.31,14.08,13.08,13.65
2017-12-04,13.73,14.27,13.4,13.77
2017-12-05,13.5,13.66,12.39,12.5
2017-12-06,12.45,13.09,12.2,13.07
2017-12-07,12.89,12.97,12.0,12.0
2017-12-08,12.0,12.39,11.7,12.17
2017-12-11,12.05,12.33,11.94,12.3
2017-12-12,12.16,12.65,12.07,12.18
2017-12-13,12.12,12.59,11.97,12.55
2017-12-14,12.46,12.57,12.15,12.4
2017-12-15,12.3,12.36,11.16,11.24
2017-12-18,11.23,11.41,10.87,11.35
2017-12-19,11.44,11.58,11.1,11.3
2017-12-20,11.16,11.45,11.05,11.1
2017-12-21,11.21,11.56,11.07,11.41
2017-12-22,11.33,11.48,11.22,11.37
2017-12-25,11.3,11.4,10.87,11.03
2017-12-26,11.01,11.69,10.74,11.57
2017-12-27,11.55,11.73,11.43,11.45
2017-12-28,11.43,11.64,11.23,11.39
2017-12-29,11.36,12.04,11.3,11.88
2018-01-02,12.1,12.44,11.68,12.26
2018-01-03,12.12,12.85,12.1,12.59
2018-01-04,12.78,13.27,12.51,12.52
2018-01-05,12.68,13.6,12.68,13.15
2018-01-08,13.08,13.31,12.85,13.26
2018-01-09,13.1,13.16,12.61,12.79
2018-01-10,12.72,13.36,12.67,12.9
2018-01-11,13.01,13.09,12.6,13.0
2018-01-12,12.85,12.92,12.2,12.29
2018-01-15,12.14,12.44,11.53,11.74
2018-01-16,11.73,11.82,11.24,11.53
2018-01-17,11.5,11.5,10.83,11.22
2018-01-18,11.26,11.45,11.1,11.3
2018-01-19,11.29,11.58,11.19,11.37
2018-01-22,11.3,11.44,10.83,11.32
2018-01-23,11.28,11.83,11.12,11.81
2018-01-24,11.61,11.96,11.58,11.8
2018-01-25,11.68,11.87,11.62,11.68
2018-01-26,11.6,11.77,10.88,10.97
2018-01-29,10.8,10.93,10.3,10.36
2018-01-30,10.34,10.51,10.23,10.39
2018-01-31,10.24,10.31,9.95,10.19
2018-02-01,10.17,10.36,9.7,9.74
2018-02-02,9.72,10.29,9.52,10.28
2018-02-05,10.18,10.79,10.18,10.53
2018-02-06,10.03,10.35,9.81,9.96
2018-02-07,10.28,10.37,9.68,10.23
2018-02-08,10.18,10.48,10.08,10.32
2018-02-09,9.9,10.32,9.85,9.91
2018-02-12,9.98,10.46,9.82,10.39
2018-02-13,10.34,10.76,10.27,10.72
2018-02-14,11.1,11.45,10.89,11.27
2018-02-22,11.4,11.57,11.22,11.47
2018-02-23,11.44,11.57,11.21,11.49
2018-02-26,11.69,12.44,11.5,12.22
2018-02-27,12.02,12.5,11.95,12.05
2018-02-28,11.98,12.28,11.82,11.95
2018-03-01,11.8,12.42,11.76,12.3
2018-03-02,12.16,12.93,12.06,12.5
2018-03-05,12.65,12.79,12.4,12.74
2018-03-06,12.76,13.0,12.54,12.72
2018-03-07,12.53,12.72,12.27,12.37
2018-03-08,12.39,12.59,12.28,12.41
2018-03-09,12.51,12.94,12.48,12.77
2018-03-12,12.67,13.15,12.66,12.78
2018-03-13,12.72,12.98,12.46,12.47
2018-03-14,12.54,13.33,12.54,12.9
2018-03-15,12.82,12.96,12.16,12.53
2018-03-16,12.56,12.68,12.4,12.47
2018-03-19,12.42,12.83,12.37,12.54
2018-03-20,12.36,12.54,12.1,12.32
2018-03-21,12.4,13.19,12.4,12.58
2018-03-22,12.99,13.25,12.78,13.06
2018-03-23,12.6,13.23,12.19,12.62
2018-03-26,12.35,13.88,12.35,13.88
2018-03-27,13.7,14.27,13.46,14.14
2018-03-28,13.84,14.08,13.6,13.8
2018-03-29,13.9,14.49,13.83,13.9
2018-03-30,14.05,14.88,14.0,14.53
2018-04-02,14.55,14.96,14.13,14.28
2018-04-03,14.0,14.41,13.93,14.28
2018-04-04,14.4,14.88,14.29,14.64
2018-04-09,14.8,15.34,14.66,15.18
2018-04-10,15.1,15.14,14.22,14.44
2018-04-11,14.5,14.69,14.15,14.18
2018-04-12,14.19,14.44,14.03,14.28
2018-04-13,14.39,14.63,14.16,14.28
2018-04-16,14.57,15.66,14.5,15.39
2018-04-17,15.45,15.68,14.94,15.52
2018-04-18,15.43,16.13,14.95,15.94
2018-04-19,15.5,15.53,14.35,14.35
2018-04-20,13.5,13.93,12.92,12.92
2018-04-23,12.99,13.2,12.71,12.98
2018-04-24,13.08,13.61,12.97,13.45
2018-04-25,13.25,13.94,13.25,13.57
2018-04-26,13.39,13.68,13.17,13.38
2018-04-27,13.55,13.81,13.1,13.51
2018-05-02,14.05,14.24,13.82,14.1
2018-05-03,14.11,15.41,13.97,15.15
2018-05-04,15.06,15.46,15.0,15.12
2018-05-07,15.23,15.77,15.13,15.55
2018-05-08,15.41,15.54,15.06,15.25
2018-05-09,15.19,15.36,14.89,15.26
2018-05-10,15.34,15.37,14.95,15.0
2018-05-11,14.97,15.2,13.95,14.14
2018-05-14,14.25,15.48,14.25,15.29
2018-05-15,15.34,15.38,14.73,15.23
2018-05-16,15.18,16.06,15.01,15.62
2018-05-17,15.6,15.69,14.06,14.06
2018-05-18,14.09,14.4,13.91,14.16
2018-05-21,14.3,14.65,14.12,14.45
2018-05-22,14.35,15.04,14.32,14.87
2018-05-23,14.8,14.95,14.1,14.51
2018-05-24,14.67,14.98,14.55,14.64
2018-05-25,14.62,14.64,13.98,14.08
2018-05-28,14.2,14.2,13.67,13.82
2018-05-29,13.91,14.08,13.45,13.52
2018-05-30,13.25,13.79,13.02,13.44
2018-05-31,13.7,13.78,13.15,13.53
2018-06-01,13.36,13.38,12.75,12.91
2018-06-04,13.11,13.28,12.65,13.28
2018-06-05,13.51,13.95,13.44,13.91
2018-06-06,13.8,14.14,13.7,13.9
2018-06-07,13.98,14.17,13.71,13.92
2018-06-08,13.96,14.25,13.81,14.04
2018-06-11,14.05,14.25,13.9,14.0
2018-06-12,14.15,14.75,14.15,14.54
2018-06-13,14.6,14.65,14.0,14.0
2018-06-14,13.78,14.64,13.7,14.34
2018-06-15,14.34,14.47,13.95,14.16
2018-06-19,13.77,14.16,12.74,12.93
2018-06-20,12.85,13.62,12.77,13.58
2018-06-21,13.75,14.02,13.31,13.31
2018-06-22,13.25,14.64,13.14,14.53
2018-06-25,14.7,15.18,14.45,14.79
2018-06-26,14.6,15.22,14.47,15.03
2018-06-27,14.92,15.06,14.48,14.72
2018-06-28,14.55,15.0,14.28,14.44
2018-06-29,14.59,15.88,14.52,15.88
2018-07-02,16.5,17.28,16.4,16.68
2018-07-03,16.88,17.98,16.63,17.5
2018-07-04,17.49,17.49,16.57,17.25
2018-07-05,16.99,17.25,15.95,16.13
2018-07-06,16.3,17.17,15.93,16.12
2018-07-09,17.4,17.73,17.03,17.73
2018-07-10,18.66,19.5,18.38,19.0
2018-07-11,18.61,19.48,18.43,19.27
2018-07-12,19.1,20.36,18.97,19.96
2018-07-13,19.78,21.96,19.68,21.96
2018-07-16,22.94,24.16,22.58,23.67
2018-07-17,23.3,24.2,22.85,24.2
2018-07-18,24.2,24.81,23.1,23.37
2018-07-19,22.9,23.35,21.84,22.61
2018-07-20,22.5,22.86,22.12,22.8
2018-07-23,22.5,22.95,22.16,22.84
2018-07-24,22.52,22.71,20.61,20.68
2018-07-25,20.87,21.09,20.59,20.85
2018-07-26,20.86,21.2,20.46,20.8
2018-07-27,20.71,21.09,20.35,20.5
2018-07-30,20.7,21.71,20.55,21.7
2018-07-31,21.6,21.62,19.53,19.53
2018-08-01,19.35,19.64,18.96,19.36
2018-08-02,19.15,19.6,18.18,19.05
2018-08-03,18.9,19.0,17.76,18.01
2018-08-06,17.97,18.27,17.4,17.7
2018-08-07,17.89,18.36,17.63,18.32
2018-08-08,16.49,17.16,16.49,16.49
2018-08-09,16.08,16.72,15.91,16.27
2018-08-10,16.42,17.15,16.42,16.68
2018-08-13,16.6,16.98,16.24,16.9
2018-08-14,17.25,17.95,17.15,17.38
2018-08-15,17.23,17.9,17.0,17.6
2018-08-16,17.25,17.66,17.1,17.26
2018-08-17,17.53,17.6,15.53,15.53
2018-08-20,15.4,15.75,14.45,15.65
2018-08-21,16.0,16.43,15.88,15.9
2018-08-22,15.99,16.65,15.82,16.3
2018-08-23,16.23,16.8,15.96,16.57
2018-08-24,16.48,16.49,16.04,16.11
2018-08-27,16.28,17.63,16.2,17.27
2018-08-28,17.27,17.55,17.08,17.45
2018-08-29,17.31,17.4,16.91,17.18
2018-08-30,17.08,17.3,16.08,16.46
2018-08-31,16.58,16.84,16.34,16.37
2018-09-03,16.18,16.53,15.73,16.38
2018-09-04,16.36,16.77,15.91,16.71
2018-09-05,16.68,16.68,16.11,16.15
2018-09-06,15.99,16.27,15.6,15.74
2018-09-07,15.74,16.17,15.18,15.48
2018-09-10,15.78,15.9,14.9,15.14
2018-09-11,15.15,15.48,15.05,15.19
2018-09-12,15.19,15.28,14.8,14.91
2018-09-13,15.19,15.25,14.58,15.1
2018-09-14,15.0,15.04,14.33,14.39
2018-09-17,14.33,14.57,14.09,14.37
2018-09-18,14.21,14.66,13.8,14.56
2018-09-19,14.41,14.93,14.33,14.57
2018-09-20,14.41,15.0,14.36,14.74
2018-09-21,14.76,15.03,14.41,14.96
2018-09-25,14.77,15.38,14.73,15.22
2018-09-26,15.3,15.34,14.88,15.13
2018-09-27,15.1,15.18,14.56,14.71
2018-09-28,14.8,15.08,14.47,15.04
2018-10-08,14.22,14.38,13.54,13.54
2018-10-09,13.48,13.61,12.89,13.31
2018-10-10,13.34,13.46,13.05,13.35
2018-10-11,12.61,12.98,12.1,12.39
2018-10-12,12.51,12.83,12.32,12.58
2018-10-15,13.0,13.84,12.99,13.55
2018-10-16,13.51,13.65,13.14,13.38
2018-10-17,13.71,13.83,13.1,13.56
2018-10-18,13.3,13.47,13.04,13.1
2018-10-19,12.9,13.7,12.8,13.6
2018-10-22,13.81,14.96,13.63,14.58
2018-10-23,14.43,14.76,13.83,14.1
2018-10-24,14.09,14.25,13.81,13.96
2018-10-25,13.3,13.73,13.15,13.57
2018-10-26,13.79,13.95,13.56,13.84
2018-10-29,13.5,13.74,13.16,13.25
2018-10-30,13.21,13.33,12.68,13.1
2018-10-31,13.25,13.94,13.08,13.76
2018-11-01,13.86,14.35,13.85,13.88
2018-11-02,14.21,14.55,14.11,14.45
2018-11-05,14.39,14.41,13.82,14.12
2018-11-06,13.98,13.98,13.63,13.96
2018-11-07,13.85,13.85,13.22,13.5
2018-11-08,13.51,13.58,12.89,12.97
2018-11-09,12.71,13.08,12.63,12.87
2018-11-12,12.81,13.16,12.71,13.15
2018-11-13,12.9,13.27,12.83,13.12
2018-11-14,13.11,13.77,13.01,13.47
2018-11-15,13.35,13.44,13.08,13.31
2018-11-16,13.32,13.74,13.27,13.66
2018-11-19,13.55,13.67,13.09,13.19
2018-11-20,13.0,13.04,12.74,12.76
2018-11-21,12.66,12.75,12.51,12.74
2018-11-22,12.79,12.9,12.6,12.72
2018-11-23,12.7,12.7,11.78,11.8
2018-11-26,11.7,11.95,11.47,11.55
2018-11-27,11.68,11.72,11.24,11.37
2018-11-28,11.41,12.26,11.3,12.04
2018-11-29,11.98,12.08,11.48,11.51
2018-11-30,11.46,11.77,11.4,11.72
2018-12-03,12.12,12.32,11.9,12.15
2018-12-04,12.12,12.29,11.98,12.29
2018-12-05,12.03,12.16,11.96,12.03
2018-12-06,11.92,12.65,11.74,12.32
2018-12-07,12.34,12.48,12.13,12.17
2018-12-10,11.93,12.1,11.7,11.85
2018-12-11,11.92,12.07,11.79,11.97
2018-12-12,11.96,12.07,11.8,11.82
2018-12-13,11.82,12.04,11.71,11.91
2018-12-14,11.91,12.17,11.81,11.82
2018-12-17,11.68,11.72,11.44,11.54
2018-12-18,11.42,11.58,11.29,11.45
2018-12-19,11.45,11.49,11.24,11.26
2018-12-20,11.2,11.43,11.2,11.33
2018-12-21,11.24,11.34,11.01,11.08
2018-12-24,11.01,11.37,11.01,11.31
2018-12-25,11.15,11.57,10.9,11.53
2018-12-26,11.46,11.53,11.24,11.26
2018-12-27,11.45,11.47,10.98,10.98
2018-12-28,11.0,11.09,10.72,10.74
2019-01-02,10.78,10.9,10.68,10.75
2019-01-03,10.8,11.04,10.75,11.04
2019-01-04,10.88,11.37,10.81,11.3
2019-01-07,11.34,11.85,11.24,11.64
2019-01-08,11.49,11.49,11.31,11.38
2019-01-09,11.38,11.77,11.34,11.43
2019-01-10,11.44,12.17,11.39,11.8
2019-01-11,11.78,12.08,11.69,11.89
2019-01-14,11.89,11.89,11.4,11.51
2019-01-15,11.43,11.71,11.4,11.7
2019-01-16,11.6,11.7,11.45,11.48
2019-01-17,11.45,11.5,11.11,11.11
2019-01-18,11.09,11.52,11.04,11.46
2019-01-21,11.44,11.93,11.36,11.81
2019-01-22,11.76,11.76,11.51,11.58
2019-01-23,11.53,11.73,11.45,11.63
2019-01-24,11.5,11.97,11.45,11.83
2019-01-25,11.76,11.88,11.6,11.7
2019-01-28,11.75,11.85,11.56,11.6
2019-01-29,11.56,11.56,10.44,10.45
2019-01-30,10.75,10.81,10.45,10.5
2019-01-31,10.4,10.4,9.86,10.22
2019-02-01,10.2,10.55,10.2,10.45
2019-02-11,10.38,10.73,10.29,10.72
2019-02-12,10.7,11.27,10.63,11.2
2019-02-13,11.65,12.32,11.42,12.32
2019-02-14,12.45,12.78,12.07,12.24
2019-02-15,12.27,13.16,12.11,12.55
2019-02-18,12.88,13.75,12.81,13.52
2019-02-19,13.59,14.87,13.39,14.75
2019-02-20,14.48,14.84,14.03,14.35
2019-02-21,14.3,15.45,14.2,14.77
2019-02-22,14.51,14.97,14.19,14.84
2019-02-25,15.11,15.6,14.49,15.14
2019-02-26,14.9,15.07,14.21,14.53
2019-02-27,14.39,14.95,14.21,14.47
2019-02-28,14.35,14.5,13.66,13.93
2019-03-01,13.97,14.16,13.59,13.91
2019-03-04,14.08,14.5,13.79,14.1
2019-03-05,14.0,15.51,13.87,15.51
2019-03-06,15.9,16.08,15.02,15.53
2019-03-07,15.3,15.65,15.0,15.41
2019-03-08,14.96,16.5,14.72,15.32
2019-03-11,15.69,16.85,15.46,16.61
2019-03-12,16.47,16.47,16.0,16.35
2019-03-13,16.14,16.15,15.3,15.46
2019-03-14,15.2,15.38,14.83,15.38
2019-03-15,15.39,15.59,15.08,15.27
2019-03-18,15.21,15.44,14.82,15.4
2019-03-19,15.27,15.96,15.26,15.68
2019-03-20,15.55,15.74,15.0,15.27
2019-03-21,15.29,15.75,15.29,15.58
2019-03-22,15.63,16.88,15.5,16.52
2019-03-25,16.16,16.45,16.02,16.07
2019-03-26,16.28,16.48,15.01,15.1
2019-03-27,15.17,15.48,14.5,15.19
2019-03-28,15.01,15.69,14.88,15.2
2019-03-29,15.11,15.62,14.77,15.56
2019-04-01,15.57,16.2,15.56,16.12
2019-04-02,16.19,16.66,15.8,16.3
2019-04-03,16.3,17.69,16.21,17.13
2019-04-04,17.14,17.36,16.76,16.95
2019-04-08,17.06,17.18,16.14,16.4
2019-04-09,16.3,16.76,16.1,16.55
2019-04-10,16.4,16.68,16.05,16.4
2019-04-11,16.12,16.23,15.31,15.35
2019-04-12,15.22,15.56,15.16,15.53
2019-04-15,15.6,15.83,15.21,15.23
2019-04-16,15.0,15.89,14.82,15.81
2019-04-17,15.79,16.09,15.6,15.71
2019-04-18,15.6,16.35,15.35,16.09
2019-04-19,15.91,16.06,15.63,15.89
2019-04-22,15.91,15.95,15.38,15.62
2019-04-23,15.64,15.64,15.13,15.16
2019-04-24,15.24,15.47,15.05,15.35
2019-04-25,15.08,15.25,14.66,14.66
2019-04-26,14.48,14.49,14.02,14.02
2019-04-29,14.02,14.09,13.12,13.26
2019-04-30,13.3,13.53,13.26,13.45
2019-05-06,12.7,12.7,12.11,12.11
2019-05-07,12.11,12.27,11.77,12.01
2019-05-08,11.63,12.35,11.51,12.02
2019-05-09,11.85,12.3,11.85,11.92
2019-05-10,12.12,12.57,11.68,12.49
2019-05-13,12.44,12.44,12.0,12.15
2019-05-14,11.85,12.14,11.83,11.97
2019-05-15,12.1,12.19,12.02,12.16
2019-05-16,12.09,12.95,12.04,12.67
2019-05-17,12.58,12.88,12.15,12.21
2019-05-20,12.33,12.96,12.13,12.93
2019-05-21,12.5,13.59,12.33,13.14
2019-05-22,13.0,13.36,12.71,12.83
2019-05-23,12.85,12.91,12.3,12.33
2019-05-24,12.16,12.33,11.92,11.95
2019-05-27,12.03,12.47,11.92,12.39
2019-05-28,12.44,12.57,12.28,12.35
2019-05-29,12.42,13.2,12.42,13.02
2019-05-30,12.88,12.88,12.1,12.47
2019-05-31,12.29,12.7,12.24,12.4
2019-06-03,12.3,12.36,11.92,12.05
2019-06-04,12.1,12.25,11.9,12.01
2019-06-05,12.18,12.24,11.96,12.03
2019-06-06,12.0,12.0,11.55,11.68
2019-06-10,11.79,12.07,11.71,11.96
2019-06-11,11.83,12.69,11.8,12.57
2019-06-12,12.48,13.16,12.43,12.64
2019-06-13,12.49,12.58,12.26,12.43
2019-06-14,12.35,12.44,11.95,11.97
2019-06-17,11.9,12.09,11.83,11.98
2019-06-18,11.93,11.98,11.79,11.95
2019-06-19,12.28,12.36,12.03,12.05
2019-06-20,12.0,12.29,11.92,12.19
2019-06-21,12.25,12.68,12.22,12.42
2019-06-24,12.4,12.44,12.17,12.28
2019-06-25,12.29,12.31,11.95,12.1
2019-06-26,12.0,12.16,11.88,12.05
2019-06-27,12.09,12.48,12.08,12.34
2019-06-28,12.32,12.33,12.01,12.1
2019-07-01,12.41,12.69,12.31,12.67
2019-07-02,12.6,12.62,12.44,12.5
2019-07-03,12.48,12.49,12.21,12.26
2019-07-04,12.28,12.43,12.25,12.42
2019-07-05,12.38,12.48,12.33,12.42
2019-07-08,12.31,12.31,11.79,11.91
2019-07-09,11.89,11.99,11.7,11.93
2019-07-10,12.0,12.08,11.74,11.76
2019-07-11,11.86,11.93,11.68,11.69
2019-07-12,11.6,11.61,10.52,10.52
2019-07-15,9.5,10.45,9.5,10.32
2019-07-16,10.07,10.55,10.0,10.46
2019-07-17,10.4,10.96,10.36,10.75
2019-07-18,10.7,10.77,10.4,10.4
2019-07-19,10.54,10.65,10.37,10.37
2019-07-22,10.41,10.47,9.9,10.1
2019-07-23,10.01,10.24,10.0,10.17
2019-07-24,10.18,10.5,10.18,10.42
2019-07-25,10.42,10.74,10.42,10.69
2019-07-26,10.64,10.64,10.46,10.57
2019-07-29,10.6,10.71,10.52,10.64
2019-07-30,10.68,10.75,10.57,10.62
2019-07-31,10.67,10.67,10.45,10.52
2019-08-01,10.42,10.78,10.41,10.72
2019-08-02,10.52,10.54,10.3,10.44
2019-08-05,10.38,10.69,10.38,10.51
2019-08-06,10.28,10.28,9.8,10.13
2019-08-07,10.19,10.28,10.05,10.05
2019-08-08,10.1,10.18,9.98,10.0
2019-08-09,10.03,10.14,9.79,9.81
2019-08-12,9.75,10.27,9.75,10.26
2019-08-13,10.12,10.69,10.12,10.48
2019-08-14,10.69,10.75,10.46,10.5
2019-08-15,10.25,10.63,10.22,10.61
2019-08-16,10.55,10.95,10.52,10.82
2019-08-19,10.95,11.28,10.82,11.16
2019-08-20,11.08,11.26,10.9,10.92
2019-08-21,10.87,11.9,10.84,11.7
2019-08-22,11.63,12.78,11.55,12.33
2019-08-23,12.39,13.56,12.27,13.56
2019-08-26,13.17,13.56,12.82,13.1
2019-08-27,13.0,13.12,12.75,12.83
2019-08-28,12.71,12.76,12.0,12.06
2019-08-29,12.56,13.27,12.56,13.27
2019-08-30,13.3,13.45,12.12,12.34
2019-09-02,12.12,12.68,12.09,12.4
2019-09-03,12.42,13.64,12.4,13.12
2019-09-04,13.2,13.97,12.97,13.69
2019-09-05,13.8,14.08,13.5,13.51
2019-09-06,13.73,14.13,13.43,13.65
2019-09-09,13.74,14.75,13.63,14.54
2019-09-10,14.5,15.36,14.33,14.68
2019-09-11,14.61,15.16,14.61,14.71
2019-09-12,14.89,14.91,14.28,14.42
2019-09-16,14.63,14.63,14.05,14.45
2019-09-17,14.4,14.4,13.84,13.99
2019-09-18,14.01,14.26,13.71,14.06
2019-09-19,13.96,14.25,13.9,14.18
2019-09-20,14.1,14.23,13.92,13.99
2019-09-23,13.9,13.9,13.38,13.67
2019-09-24,13.6,14.21,13.6,14.09
2019-09-25,14.01,14.01,13.31,13.31
2019-09-26,13.41,13.61,12.85,13.0
2019-09-27,13.17,14.3,13.05,14.3
2019-09-30,14.57,14.72,14.15,14.31
2019-10-08,14.68,14.85,13.78,13.91
2019-10-09,13.7,14.09,13.28,13.94
2019-10-10,13.99,14.18,13.68,14.17
2019-10-11,14.47,15.59,14.22,15.4
2019-10-14,15.31,15.6,15.06,15.25
2019-10-15,14.35,14.39,13.73,13.73
2019-10-16,13.85,13.91,13.36,13.59
2019-10-17,13.58,13.7,13.12,13.25
2019-10-18,13.23,13.26,12.66,12.82
2019-10-21,12.78,12.78,12.35,12.71
2019-10-22,12.7,12.99,12.69,12.86
2019-10-23,12.82,13.14,12.72,12.91
2019-10-24,12.92,12.94,12.39,12.7
2019-10-25,12.75,13.1,12.69,13.06
2019-10-28,13.0,13.44,12.86,13.33
2019-10-29,13.35,13.42,13.03,13.03
2019-10-30,12.96,12.97,12.7,12.8
2019-10-31,12.84,12.93,12.56,12.57
2019-11-01,12.42,12.42,11.76,12.28
2019-11-04,12.27,12.66,12.23,12.39
2019-11-05,12.49,12.59,12.21,12.25
2019-11-06,12.29,12.48,11.97,12.07
2019-11-07,12.0,12.33,11.91,12.25
2019-11-08,12.35,12.44,12.08,12.1
2019-11-11,11.96,11.98,11.61,11.62
2019-11-12,11.71,11.77,11.21,11.61
2019-11-13,11.57,11.63,11.39,11.54
2019-11-14,11.53,12.5,11.44,12.22
2019-11-15,12.07,12.78,12.06,12.52
2019-11-18,12.55,12.63,12.34,12.45
2019-11-19,12.5,12.68,12.4,12.67
2019-11-20,12.7,13.01,12.47,12.5
2019-11-21,12.44,12.64,12.35,12.5
2019-11-22,12.5,12.95,12.31,12.47
2019-11-25,12.48,12.62,11.7,12.1
2019-11-26,12.07,12.4,12.06,12.29
2019-11-27,12.32,13.05,12.28,12.9
2019-11-28,12.81,13.14,12.78,12.95
2019-11-29,12.99,13.38,12.82,13.26
2019-12-02,13.22,14.5,13.12,13.96
2019-12-03,13.81,14.49,13.8,14.4
2019-12-04,14.18,14.44,13.88,13.98
2019-12-05,14.09,14.14,13.83,14.1
2019-12-06,14.1,14.5,13.78,14.37
2019-12-09,14.41,14.63,14.07,14.45
2019-12-10,14.36,14.8,14.2,14.72
2019-12-11,14.65,14.73,14.03,14.07
2019-12-12,13.95,14.68,13.95,14.23
2019-12-13,14.37,14.42,13.95,14.36
2019-12-16,14.27,15.13,14.27,14.94
2019-12-17,14.89,15.21,14.72,15.06
2019-12-18,14.96,15.18,14.76,14.81
2019-12-19,14.81,14.92,14.29,14.47
2019-12-20,14.4,14.58,14.21,14.41
2019-12-23,14.24,14.55,13.8,13.91
2019-12-24,14.0,14.38,13.88,14.3
2019-12-25,14.61,15.53,14.52,15.17
2019-12-26,15.03,15.27,14.77,15.11
2019-12-27,15.02,15.32,14.67,14.67
2019-12-30,14.3,15.18,14.1,15.15
2019-12-31,15.02,15.24,14.71,14.89
2020-01-02,15.03,15.82,14.85,15.48
2020-01-03,16.5,17.03,16.28,17.03
2020-01-06,17.5,18.18,17.01,17.28
2020-01-07,17.94,18.48,16.8,17.18
2020-01-08,17.04,18.39,17.04,18.15
2020-01-09,17.83,17.99,17.41,17.75
2020-01-10,17.55,17.84,17.08,17.36
2020-01-13,17.1,18.04,17.1,17.81
2020-01-14,17.99,18.25,17.51,18.11
2020-01-15,18.41,18.75,17.88,18.03
2020-01-16,17.9,18.26,17.42,17.57
2020-01-17,17.65,17.79,17.08,17.14
2020-01-20,17.15,17.53,16.7,17.46
2020-01-21,17.35,17.97,17.22,17.65
2020-01-22,17.4,18.35,17.09,18.15
2020-01-23,17.61,17.65,16.34,16.34
2020-02-03,14.71,14.71,14.71,14.71
2020-02-04,13.3,14.43,13.3,14.04
2020-02-05,14.18,15.07,14.11,14.5
2020-02-06,14.49,14.98,14.22,14.7
2020-02-07,14.63,16.17,14.46,16.17
2020-02-10,16.18,17.16,16.05,16.67
2020-02-11,17.75,18.2,16.94,17.5
2020-02-12,17.86,19.25,17.62,19.25
2020-02-13,19.4,19.4,18.28,18.69
2020-02-14,19.19,19.77,18.53,18.86
2020-02-17,19.01,20.35,19.01,19.95
2020-02-18,19.95,20.79,19.5,20.6
2020-02-19,20.24,20.38,19.66,19.68
2020-02-20,20.64,21.65,20.21,21.33
2020-02-21,21.7,23.4,21.7,22.4
2020-02-24,23.42,24.64,22.6,24.64
2020-02-25,24.0,27.1,23.56,27.1
2020-02-26,26.55,27.88,24.68,25.35
2020-02-27,25.9,27.89,24.01,26.8
2020-02-28,24.68,25.83,24.12,24.12
2020-03-02,24.72,25.07,22.8,24.09
2020-03-03,24.51,25.45,23.34,23.51
2020-03-04,23.07,23.31,21.38,22.3
2020-03-05,22.95,23.25,22.16,22.97
2020-03-06,22.4,24.2,22.16,23.84
2020-03-09,23.1,23.55,21.46,21.46
2020-03-10,21.51,23.3,21.15,23.07
2020-03-11,23.01,23.34,21.51,21.7
2020-03-12,21.02,22.32,20.91,21.85
2020-03-13,21.5,23.95,21.38,23.47
2020-03-16,23.12,23.32,21.12,21.12
2020-03-17,21.2,21.6,19.12,20.62
2020-03-18,20.84,21.36,19.92,19.99
2020-03-19,19.84,20.87,19.61,20.61
2020-03-20,21.07,21.17,19.81,20.25
2020-03-23,19.21,19.49,18.23,18.23
2020-03-24,18.6,18.69,17.06,18.08
2020-03-25,18.55,18.89,18.18,18.27
2020-03-26,18.05,18.59,17.64,17.66
2020-03-27,17.97,18.15,17.1,17.16
2020-03-30,16.74,16.95,15.92,16.39
2020-03-31,16.7,16.9,16.26,16.3
2020-04-01,16.48,17.78,16.45,16.95
2020-04-02,16.99,18.35,16.87,18.31
2020-04-03,17.98,18.08,17.61,17.73
2020-04-07,19.33,19.38,18.57,18.85
2020-04-08,18.74,20.14,18.59,19.17
2020-04-09,19.3,19.45,18.64,18.98
2020-04-10,18.87,19.21,17.79,17.9
2020-04-13,17.42,17.56,16.91,17.46
2020-04-14,17.75,18.25,17.48,18.1
2020-04-15,18.0,18.95,17.83,18.53
2020-04-16,18.21,18.95,18.04,18.9
2020-04-17,19.08,19.45,18.45,18.6
2020-04-20,18.56,18.88,18.19,18.85
2020-04-21,18.48,18.62,18.06,18.56
2020-04-22,18.25,18.7,18.18,18.58
2020-04-23,18.57,18.58,18.0,18.05
2020-04-24,18.43,19.06,18.07,18.72
2020-04-27,18.5,19.05,18.01,18.69
2020-04-28,18.5,19.37,18.0,19.25
2020-04-29,18.81,19.53,18.71,19.05
2020-04-30,19.24,20.65,19.24,20.25
2020-05-06,20.24,21.68,20.0,21.41
2020-05-07,21.65,21.85,20.99,21.39
2020-05-08,22.42,22.9,21.81,22.26
2020-05-11,22.46,23.65,22.46,23.28
2020-05-12,23.15,23.65,22.66,23.62
2020-05-13,23.5,23.94,23.06,23.48
2020-05-14,23.11,25.83,22.91,25.83
2020-05-15,26.4,26.58,25.43,25.75
2020-05-18,25.3,25.5,23.18,23.18
2020-05-19,23.5,25.1,23.44,25.0
2020-05-20,24.71,24.88,23.58,23.9
2020-05-21,24.08,24.08,22.75,22.97
2020-05-22,23.3,23.49,22.26,22.64
2020-05-25,22.84,23.35,22.33,23.0
2020-05-26,23.02,23.85,22.75,23.63
2020-05-27,23.47,23.58,22.1,22.35
2020-05-28,22.1,22.58,21.59,22.5
2020-05-29,22.68,24.75,22.29,24.41
2020-06-01,24.8,26.85,24.66,26.85
2020-06-02,27.27,27.95,26.68,26.97
2020-06-03,27.4,28.85,26.73,27.46
2020-06-04,27.51,28.07,27.1,27.38
2020-06-05,27.32,27.72,26.62,27.38
2020-06-08,27.99,28.27,26.11,26.4
2020-06-09,26.8,26.87,26.12,26.49
2020-06-10,26.38,27.37,25.92,27.26
2020-06-11,27.1,27.24,25.27,25.65
2020-06-12,24.8,25.73,24.66,25.57
2020-06-15,25.24,26.1,24.84,25.48
2020-06-16,25.96,26.31,25.53,25.79
2020-06-17,25.64,28.09,25.4,28.05
2020-06-18,27.79,30.06,27.62,28.81
2020-06-19,29.21,30.05,28.61,29.18
2020-06-22,29.61,29.99,28.32,28.8
2020-06-23,28.93,31.15,28.4,30.45
2020-06-24,30.23,30.58,29.38,29.4
2020-06-29,29.36,29.75,28.9,29.19
2020-06-30,29.75,29.99,28.64,29.19
2020-07-01,28.91,30.17,28.1,28.98
2020-07-02,28.71,30.21,27.9,29.87
2020-07-03,29.5,30.19,28.53,29.7
2020-07-06,29.23,31.18,28.88,30.69
2020-07-07,31.3,33.09,31.11,31.4
2020-07-08,31.72,34.19,31.08,33.66
2020-07-09,33.5,34.33,32.88,33.63
2020-07-10,33.22,34.8,33.03,33.76
2020-07-13,32.11,34.35,32.11,33.76
2020-07-14,33.46,33.47,30.48,31.06
2020-07-15,31.0,31.48,29.5,29.58
2020-07-16,29.58,30.48,28.39,28.45
2020-07-17,28.8,30.4,28.33,30.05
2020-07-20,30.42,30.97,29.1,30.67
2020-07-21,30.71,31.99,30.58,31.15
2020-07-22,31.38,31.85,30.88,31.15
2020-07-23,30.95,33.0,30.85,32.94
2020-07-24,32.61,33.54,30.91,31.5
2020-07-27,31.5,32.98,30.61,32.23
2020-07-28,33.4,33.8,32.7,33.8
2020-07-29,33.76,37.1,33.2,36.81
2020-07-30,36.72,37.35,35.35,35.75
2020-07-31,35.85,36.69,34.98,36.2
2020-08-03,35.95,37.69,35.88,36.73
2020-08-04,36.78,38.27,36.26,37.44
2020-08-05,38.02,38.8,35.74,36.24
2020-08-06,36.02,36.3,34.95,35.8
2020-08-07,35.82,36.19,34.01,35.0
2020-08-10,34.81,35.99,34.7,35.36
2020-08-11,35.08,35.66,34.3,34.57
2020-08-12,34.64,36.98,33.87,36.46
2020-08-13,36.01,37.9,35.66,36.82
2020-08-14,36.63,37.26,36.29,36.82
2020-08-17,37.0,39.69,36.72,39.43
2020-08-18,39.1,39.1,35.76,37.04
2020-08-19,36.7,36.9,35.8,35.89
2020-08-20,35.92,36.53,34.31,34.4
2020-08-21,34.96,35.35,33.2,34.5
2020-08-24,34.4,35.74,33.92,35.38
2020-08-25,35.3,35.57,34.48,34.68
2020-08-26,34.69,34.97,31.21,31.21
2020-08-27,29.99,31.35,29.29,31.15
2020-08-28,31.16,33.3,31.16,32.78
2020-08-31,32.79,33.09,32.08,32.41
2020-09-01,32.19,32.38,31.3,32.21
2020-09-02,32.55,33.49,32.3,32.82
2020-09-03,32.62,33.55,32.4,33.11
2020-09-04,32.3,33.65,32.07,33.11
2020-09-07,32.89,33.31,32.01,32.09
2020-09-08,32.09,32.45,31.0,32.23
2020-09-09,31.8,32.25,30.12,30.5
2020-09-10,30.69,31.26,29.9,30.03
2020-09-11,29.7,30.03,28.19,29.5
2020-09-14,29.96,30.05,28.58,29.0
2020-09-15,29.29,29.95,28.84,29.1
2020-09-16,28.77,30.65,28.67,29.51
2020-09-17,29.5,29.67,27.58,27.66
2020-09-18,27.9,28.15,26.39,28.1
2020-09-21,28.44,28.77,27.9,28.09
2020-09-22,27.82,28.46,27.55,27.85
2020-09-23,28.15,28.2,27.5,28.11
2020-09-24,27.98,28.15,26.85,26.89
2020-09-25,27.26,27.36,26.75,26.86
2020-09-28,27.05,27.44,26.54,26.62
2020-09-29,26.97,27.08,26.4,26.78
2020-09-30,27.16,27.66,26.43,26.9
2020-10-09,27.42,28.56,27.25,28.3
2020-10-12,28.8,30.2,28.69,30.0
2020-10-13,30.05,30.75,29.35,30.73
2020-10-14,30.3,30.55,29.17,29.22
2020-10-15,29.67,29.67,28.59,28.81
2020-10-16,28.68,28.94,28.1,28.69
2020-10-19,28.76,28.98,27.92,28.03
2020-10-20,28.17,28.48,27.69,28.4
2020-10-21,28.41,28.45,27.5,28.08
2020-10-22,27.92,28.12,27.43,28.02
2020-10-23,27.89,27.99,26.5,26.73
2020-10-26,26.64,26.79,25.58,26.17
2020-10-27,25.88,27.53,25.8,27.44
2020-10-28,27.42,27.74,26.65,27.28
2020-10-29,26.88,27.68,26.75,27.27
2020-10-30,26.94,28.5,26.57,27.11
2020-11-02,27.43,28.88,27.41,28.73
2020-11-03,28.85,29.05,28.2,29.0
2020-11-04,29.07,29.88,28.71,29.41
2020-11-05,29.95,30.2,28.94,29.86
2020-11-06,29.89,30.19,29.15,29.68
2020-11-09,29.85,32.18,29.85,31.84
2020-11-10,31.34,32.56,31.08,32.18
2020-11-11,31.78,33.08,30.95,31.25
2020-11-12,31.72,31.72,30.11,30.62
2020-11-13,31.11,31.67,30.59,31.52
2020-11-16,31.8,32.6,31.76,32.16
2020-11-17,32.01,32.49,31.01,32.34
2020-11-18,32.2,32.77,31.97,32.35
2020-11-19,32.01,34.25,31.71,33.97
2020-11-20,33.99,34.1,33.18,33.4
2020-11-23,33.06,33.25,32.4,32.88
2020-11-24,32.88,35.18,32.62,34.39
2020-11-25,34.66,34.9,33.39,33.66
2020-11-26,33.59,34.07,33.23,33.9
2020-11-27,33.92,34.16,32.33,33.11
2020-11-30,33.2,33.66,32.61,32.9
2020-12-01,32.6,34.33,32.5,33.93
2020-12-02,33.89,35.57,33.8,35.3
2020-12-03,35.58,36.53,35.1,35.22
2020-12-04,35.15,36.7,35.0,36.3
2020-12-07,36.41,36.88,35.45,35.72
2020-12-08,35.75,36.1,35.4,35.43
2020-12-09,35.21,35.68,34.45,34.68
2020-12-10,34.48,35.88,34.2,35.42
2020-12-11,35.5,35.7,34.29,34.66
2020-12-14,34.76,34.87,32.96,34.49
2020-12-15,34.36,35.0,33.55,34.26
2020-12-16,34.26,34.26,33.23,33.38
2020-12-17,33.71,34.08,33.2,33.8
2020-12-18,33.99,34.05,32.36,32.67
2020-12-21,32.47,34.8,32.31,34.57
2020-12-22,34.58,34.85,33.5,33.51
2020-12-23,33.68,33.99,32.4,33.35
2020-12-24,33.19,34.3,33.02,33.68
2020-12-25,34.01,35.34,33.64,34.1
2020-12-28,35.11,36.15,34.06,34.57
2020-12-29,33.7,34.17,32.6,32.6
2020-12-30,32.3,32.96,30.53,32.73
2020-12-31,32.57,33.95,32.1,33.7
2021-01-04,33.76,34.93,33.25,34.7
2021-01-05,34.41,34.88,33.6,34.19
2021-01-06,34.26,34.64,32.8,32.9
2021-01-07,33.44,34.1,31.3,31.88
2021-01-08,31.99,32.13,30.0,30.41
2021-01-11,30.87,31.89,30.7,30.98
2021-01-12,31.34,33.56,31.1,33.27
2021-01-13,33.5,34.85,33.11,34.61
2021-01-14,35.99,35.99,34.4,35.43
2021-01-15,35.2,35.42,33.92,35.28
2021-01-18,35.6,36.48,34.7,36.01
2021-01-19,36.81,37.47,34.25,34.45
2021-01-20,34.38,35.4,34.03,35.03
2021-01-21,34.76,35.73,34.66,35.02
2021-01-22,34.66,35.3,33.88,34.35
2021-01-25,34.0,36.18,33.81,36.1
2021-01-26,35.81,36.0,33.85,34.59
2021-01-27,34.55,36.3,34.21,36.13
2021-01-28,35.55,35.74,32.53,33.38
2021-01-29,33.3,33.72,31.8,32.0
2021-02-01,31.6,32.46,31.13,32.14
2021-02-02,32.35,33.22,31.89,33.02
2021-02-03,32.88,32.88,30.66,30.7
2021-02-04,30.6,30.8,29.27,30.3
2021-02-05,30.45,30.68,28.86,28.86
2021-02-08,28.86,29.3,28.25,28.46
2021-02-09,28.58,29.77,28.12,29.29
2021-02-10,29.57,29.71,28.52,29.29
2021-02-18,30.0,30.35,29.49,29.74
2021-02-19,29.78,30.78,29.05,30.63
2021-02-22,30.77,31.88,30.74,31.17
2021-02-23,31.01,32.96,30.78,32.48
2021-02-24,32.99,33.06,31.51,31.82
2021-02-25,32.0,32.14,30.65,31.47
2021-02-26,30.54,31.35,30.35,30.82
2021-03-01,30.88,33.0,30.88,32.21
2021-03-02,32.4,33.85,31.8,33.17
2021-03-03,33.2,33.65,32.69,33.33
2021-03-04,33.0,33.14,31.59,31.8
2021-03-05,31.4,32.8,31.16,31.6
2021-03-08,31.8,32.36,30.01,30.21
2021-03-09,30.28,30.34,28.5,28.95
2021-03-10,29.4,29.8,28.84,29.08
2021-03-11,29.2,30.31,28.66,29.95
2021-03-12,29.96,30.05,29.25,29.58
2021-03-15,29.58,29.58,28.66,28.92
2021-03-16,28.93,29.28,27.57,27.98
2021-03-17,27.81,28.32,27.28,27.95
2021-03-18,27.97,28.24,27.57,27.73
2021-03-19,27.28,27.53,26.71,26.86
2021-03-22,26.86,29.38,26.8,28.6
2021-03-23,28.65,30.28,28.62,29.55
2021-03-24,29.85,30.35,29.12,29.34
2021-03-25,29.3,30.8,29.0,30.27
2021-03-26,30.26,30.89,29.91,30.52
2021-03-29,30.77,31.47,30.3,30.86
2021-03-30,30.68,31.26,30.45,30.68
2021-03-31,30.65,31.33,30.4,31.16
2021-04-01,30.96,31.5,30.73,30.95
2021-04-02,30.69,33.12,30.69,31.95
2021-04-06,32.07,32.31,31.3,31.36
2021-04-07,31.15,31.15,30.22,30.47
2021-04-08,30.51,30.58,29.9,29.99
2021-04-09,30.14,30.44,29.3,29.45
2021-04-12,29.47,29.59,27.26,27.61
2021-04-13,27.4,27.49,26.08,26.33
2021-04-14,26.88,28.38,26.87,28.2
2021-04-15,28.61,28.81,27.98,28.7
2021-04-16,28.81,28.83,28.13,28.46
2021-04-19,28.4,29.05,27.85,28.8
2021-04-20,28.81,29.65,28.81,29.12
2021-04-21,29.0,29.97,28.82,29.61
2021-04-22,29.6,29.99,29.29,29.37
2021-04-23,29.27,29.89,29.18,29.75
2021-04-26,29.83,30.08,28.93,28.95
2021-04-27,28.77,29.4,27.97,28.52
2021-04-28,28.48,28.86,27.97,28.2
2021-04-29,28.5,28.95,28.18,28.29
2021-04-30,28.28,28.45,27.5,28.26
2021-05-06,28.35,28.35,27.08,27.39
2021-05-07,27.69,28.1,26.62,26.78
2021-05-10,26.79,26.8,25.62,25.9
2021-05-11,25.75,26.28,25.64,26.0
2021-05-12,25.7,26.57,24.45,26.51
2021-05-13,26.18,27.15,26.02,26.27
2021-05-14,26.6,26.96,25.94,26.6
2021-05-17,26.6,27.24,26.42,26.67
2021-05-18,26.68,26.68,25.81,26.09
2021-05-19,26.09,26.25,25.4,25.52
2021-05-20,25.52,25.95,24.93,25.81
2021-05-21,25.94,26.06,25.48,25.48
2021-05-24,25.39,25.67,24.93,25.6
2021-05-25,25.6,25.79,25.03,25.78
2021-05-26,25.62,26.46,25.41,25.88
2021-05-27,25.78,26.55,25.59,26.26
2021-05-28,26.14,26.14,24.71,24.93
2021-05-31,25.14,25.66,24.73,25.59
2021-06-01,25.7,26.96,25.05,26.94
2021-06-02,26.98,26.98,26.13,26.23
2021-06-03,26.25,26.53,25.88,25.88
2021-06-04,25.68,26.67,25.36,26.45
2021-06-07,26.63,27.18,26.42,26.82
2021-06-08,27.46,27.58,26.4,26.65
2021-06-09,26.54,27.22,26.0,26.1
2021-06-10,26.11,26.11,25.62,25.76
2021-06-11,25.75,25.76,25.14,25.27
2021-06-15,25.27,26.02,25.13,25.89
2021-06-16,25.65,26.09,25.18,25.27
2021-06-17,25.15,26.9,25.11,26.54
2021-06-18,26.53,27.42,26.26,26.82
2021-06-21,27.18,27.94,27.1,27.36
2021-06-22,27.41,28.85,26.88,28.51
2021-06-23,28.43,28.69,28.06,28.61
2021-06-24,28.55,29.29,28.19,28.48
2021-06-25,28.73,29.38,27.88,28.71
2021-06-28,29.0,29.58,28.7,29.09
2021-06-29,29.17,29.19,27.88,27.99
2021-06-30,28.18,30.79,28.0,30.22
2021-07-01,30.22,31.28,29.7,29.74
2021-07-02,30.09,30.76,29.2,29.89
2021-07-05,30.2,31.48,30.05,31.47
2021-07-06,31.08,31.41,29.8,30.45
2021-07-07,30.01,31.2,29.62,31.2
2021-07-08,31.41,34.05,31.41,32.87
2021-07-09,32.6,34.08,32.39,33.29
2021-07-12,34.5,36.62,33.74,36.62
2021-07-13,36.82,36.97,35.8,36.3
2021-07-14,36.0,37.08,35.65,36.18
2021-07-15,36.15,37.15,35.18,37.0
2021-07-16,37.28,39.14,36.51,37.51
2021-07-19,37.55,38.48,35.7,36.24
2021-07-20,35.75,37.38,35.7,36.65
2021-07-21,36.55,37.78,36.1,36.95
2021-07-22,37.16,38.25,36.78,37.79
2021-07-23,37.8,37.86,36.4,36.61
2021-07-26,37.09,38.07,35.37,37.45
2021-07-27,37.11,38.96,35.9,35.93
2021-07-28,34.99,35.54,32.55,33.87
2021-07-29,34.88,36.73,34.4,36.43
2021-07-30,36.35,36.92,35.58,36.18
2021-08-02,36.17,36.77,35.08,36.47
2021-08-03,36.8,37.15,34.01,34.25
2021-08-04,33.91,35.46,33.9,35.11
2021-08-05,35.0,35.37,34.2,34.57
2021-08-06,34.46,35.12,34.25,34.6
2021-08-09,34.62,34.75,32.65,33.81
2021-08-10,34.2,34.45,33.51,34.18
2021-08-11,33.8,34.44,33.36,34.14
2021-08-12,34.22,36.26,33.88,34.93
2021-08-13,34.5,34.8,32.82,32.93
2021-08-16,32.95,33.25,31.51,31.73
2021-08-17,31.75,32.13,30.7,30.86
2021-08-18,31.0,31.88,30.77,31.55
2021-08-19,31.53,31.71,30.56,30.96
2021-08-20,30.22,31.14,29.76,30.09
2021-08-23,30.51,30.83,29.72,30.62
2021-08-24,30.58,31.16,30.12,30.82
2021-08-25,30.73,30.9,29.37,29.4
2021-08-26,29.43,30.25,29.03,30.0
2021-08-27,30.0,30.0,28.79,29.68
2021-08-30,29.99,31.21,29.31,29.48
2021-08-31,29.2,29.46,28.4,29.16
2021-09-01,29.64,29.8,27.77,28.29
2021-09-02,28.23,29.06,28.09,28.39
2021-09-03,28.1,28.93,27.84,28.2
2021-09-06,28.15,28.99,27.9,28.75
2021-09-07,28.72,29.1,28.43,28.82
2021-09-08,28.98,29.75,28.67,29.41
2021-09-09,29.47,29.48,28.24,28.53
2021-09-10,28.49,29.25,28.33,29.01
2021-09-13,29.0,29.0,27.18,27.34
2021-09-14,27.28,28.96,27.2,28.28
2021-09-15,28.03,28.28,27.41,27.86
2021-09-16,27.74,27.81,26.72,26.75
2021-09-17,26.89,27.19,26.18,26.93
2021-09-22,26.5,27.06,26.36,26.55
2021-09-23,26.61,27.75,26.61,27.46
2021-09-24,27.4,30.0,27.26,28.95
2021-09-27,29.01,29.68,27.54,27.7
2021-09-28,27.52,28.65,27.15,28.17
2021-09-29,27.69,28.12,27.0,27.1
2021-09-30,27.2,28.24,27.18,27.89
2021-10-08,28.24,28.85,27.89,28.22
2021-10-11,28.23,28.88,27.93,28.54
2021-10-12,28.41,28.42,26.8,27.25
2021-10-13,28.05,29.82,28.05,29.33
2021-10-14,29.33,29.77,28.68,29.48
2021-10-15,29.43,30.1,28.91,29.93
2021-10-18,30.15,30.2,29.51,30.03
2021-10-19,30.01,30.15,29.33,29.71
2021-10-20,29.5,29.97,29.27,29.62
2021-10-21,29.65,29.78,28.89,28.95
2021-10-22,29.11,30.08,29.07,29.49
2021-10-25,29.13,29.49,28.78,29.36
2021-10-26,29.0,30.46,29.0,29.79
2021-10-27,29.8,29.95,29.15,29.74
2021-10-28,29.66,30.18,29.1,29.23
2021-10-29,28.9,29.54,28.65,28.83
2021-11-01,28.69,28.7,27.39,28.13
2021-11-02,28.09,29.5,28.01,28.19
2021-11-03,28.1,29.04,27.6,28.22
2021-11-04,28.23,29.89,28.18,29.35
2021-11-05,29.3,30.76,29.2,30.27
2021-11-08,30.3,30.7,29.61,30.62
2021-11-09,30.68,30.9,30.07,30.66
2021-11-10,30.56,31.54,30.37,31.08
2021-11-11,30.9,31.37,30.55,30.88
2021-11-12,30.57,32.27,30.5,31.98
2021-11-15,32.1,32.27,31.55,31.93
2021-11-16,31.86,31.89,30.55,30.67
2021-11-17,30.69,30.95,30.13,30.71
2021-11-18,30.49,30.83,30.13,30.25
2021-11-19,30.22,31.1,30.03,31.05
2021-11-22,31.05,31.67,30.76,31.4
2021-11-23,31.13,31.5,30.43,30.46
2021-11-24,30.3,31.17,30.28,30.53
2021-11-25,30.47,30.68,30.0,30.0
2021-11-26,29.89,29.89,28.94,29.1
2021-11-29,28.56,29.43,28.43,29.1
2021-11-30,29.15,29.63,29.03,29.49
2021-12-01,29.46,29.75,29.22,29.5
2021-12-02,29.45,29.69,28.74,28.74
2021-12-03,28.95,29.85,28.89,29.67
2021-12-06,29.67,29.98,29.11,29.13
2021-12-07,29.5,29.5,28.43,28.64
2021-12-08,28.6,29.1,28.6,29.04
2021-12-09,29.04,30.03,29.01,30.0
2021-12-10,29.99,30.22,29.59,29.9
2021-12-13,29.85,30.28,29.56,29.9
2021-12-14,29.86,30.2,29.41,29.65
2021-12-15,29.59,29.9,29.18,29.27
2021-12-16,29.38,29.44,28.8,28.97
2021-12-17,29.07,29.08,28.59,28.74
2021-12-20,28.81,28.96,28.01,28.03
2021-12-21,28.1,28.5,28.1,28.33
2021-12-22,28.44,28.66,27.84,28.65
2021-12-23,28.6,28.73,28.18,28.31
2021-12-24,28.2,28.64,28.01,28.11
2021-12-27,28.2,30.78,28.05,30.3
2021-12-28,30.2,30.5,29.7,30.05
2021-12-29,30.05,30.13,29.19,29.75
2021-12-30,29.75,30.09,29.63,29.8
2021-12-31,29.9,29.99,29.42,29.8
2022-01-04,29.59,29.75,28.56,28.99
2022-01-05,29.0,29.12,28.16,28.34
2022-01-06,28.39,28.55,28.1,28.45
2022-01-07,28.5,28.69,27.82,27.86
2022-01-10,27.82,28.05,27.05,27.91
2022-01-11,27.87,27.99,27.51,27.99
2022-01-12,28.02,28.52,28.02,28.48
2022-01-13,28.36,28.48,27.32,27.5
2022-01-14,27.3,27.85,27.25,27.52
2022-01-17,27.35,27.83,27.21,27.82
2022-01-18,28.26,28.98,28.03,28.32
2022-01-19,28.1,28.28,27.85,28.23
2022-01-20,28.2,28.47,27.55,27.58
2022-01-21,27.6,27.8,27.4,27.7
2022-01-24,27.62,28.35,27.41,28.2
2022-01-25,28.03,28.25,27.51,27.57
2022-01-26,27.61,27.75,25.95,26.55
2022-01-27,25.71,25.75,23.9,23.9
2022-01-28,23.4,23.84,22.6,22.68
2022-02-07,23.01,23.14,22.52,22.92
2022-02-08,22.91,22.92,22.21,22.78
2022-02-09,22.8,23.23,22.61,23.22
2022-02-10,23.36,23.36,22.99,23.12
2022-02-11,23.02,23.19,22.12,22.9
2022-02-14,22.7,23.03,22.45,22.63
2022-02-15,22.63,22.95,22.56,22.89
2022-02-16,23.02,23.35,22.98,23.05
2022-02-17,22.9,23.45,22.88,23.2
2022-02-18,23.05,23.31,22.91,23.25
2022-02-21,23.19,23.86,23.12,23.71
2022-02-22,23.5,23.7,23.15,23.44
2022-02-23,23.47,24.0,23.47,23.96
2022-02-24,23.8,23.95,22.99,23.2
2022-02-25,23.44,23.88,23.4,23.43
2022-02-28,23.42,23.64,23.1,23.27
2022-03-01,23.32,23.4,23.01,23.2
2022-03-02,23.14,23.16,22.85,22.96
2022-03-03,22.98,23.28,22.67,22.7
2022-03-04,22.6,23.06,22.44,22.69
2022-03-07,22.7,22.7,20.66,20.89
2022-03-08,20.87,21.34,20.19,20.56
2022-03-09,20.8,20.86,19.1,19.96
2022-03-10,20.57,20.8,20.3,20.48
2022-03-11,20.18,20.84,20.0,20.79
2022-03-14,20.59,20.83,20.45,20.48
2022-03-15,20.4,20.41,19.03,19.06
2022-03-16,19.45,19.84,18.51,19.77
2022-03-17,20.46,21.44,20.16,20.84
2022-03-18,20.61,20.77,20.2,20.59
2022-03-21,20.66,20.81,20.3,20.6
2022-03-22,20.58,20.84,20.41,20.56
2022-03-23,20.66,21.1,20.5,20.8
2022-03-24,20.64,20.94,20.44,20.58
2022-03-25,20.58,20.73,20.25,20.25
2022-03-28,20.02,20.4,19.84,20.38
2022-03-29,20.29,20.36,19.69,19.78
2022-03-30,20.01,20.3,19.85,20.27
2022-03-31,20.35,21.28,20.25,20.7
2022-04-01,20.55,20.78,20.34,20.43
2022-04-06,20.34,20.42,19.92,20.0
2022-04-07,20.01,20.15,19.42,19.47
2022-04-08,19.55,19.6,18.9,19.31
2022-04-11,19.3,19.3,18.12,18.18
2022-04-12,18.26,18.66,18.0,18.65
2022-04-13,18.5,18.57,18.11,18.13
2022-04-14,18.3,18.92,18.09,18.75
2022-04-15,18.7,19.35,18.53,19.0
2022-04-18,18.8,19.68,18.64,19.58
2022-04-19,20.16,20.34,19.7,19.77
2022-04-20,19.72,20.04,19.45,19.53
2022-04-21,19.38,19.64,18.74,18.84
2022-04-22,18.84,18.84,18.18,18.27
2022-04-25,18.01,18.02,16.44,16.45
2022-04-26,16.57,16.59,15.3,15.43
2022-04-27,15.08,16.38,14.88,16.3
2022-04-28,16.0,16.25,15.54,15.69
2022-04-29,15.93,16.6,15.79,16.5
2022-05-05,16.65,16.66,16.33,16.4
2022-05-06,15.98,16.15,15.72,15.82
2022-05-09,15.79,16.08,15.68,15.9
2022-05-10,15.67,16.49,15.64,16.42
2022-05-11,16.49,17.18,16.3,16.67
2022-05-12,16.6,16.84,16.5,16.73
2022-05-13,16.75,16.87,16.45,16.61
2022-05-16,16.82,16.9,16.3,16.46
2022-05-17,16.51,16.84,16.28,16.73
2022-05-18,16.75,17.1,16.61,16.84
2022-05-19,16.58,17.14,16.43,17.14
2022-05-20,17.08,17.31,16.91,17.22
2022-05-23,17.27,17.3,17.02,17.17
2022-05-24,17.38,17.53,16.25,16.25
2022-05-25,16.06,16.39,16.06,16.35
2022-05-26,16.35,16.73,15.82,16.43
2022-05-27,16.62,16.8,16.14,16.26
2022-05-30,16.31,16.44,16.06,16.25
2022-05-31,16.32,17.11,15.95,17.1
2022-06-01,17.05,17.12,16.72,16.8
2022-06-02,16.82,17.25,16.63,17.2
2022-06-06,17.12,17.8,17.1,17.61
2022-06-07,17.7,17.7,17.16,17.3
2022-06-08,17.3,17.47,16.94,17.3
2022-06-09,17.29,17.29,16.55,16.7
2022-06-10,16.74,17.84,16.65,17.74
2022-06-13,17.51,17.96,17.41,17.62
2022-06-14,17.41,17.44,16.67,17.35
2022-06-15,17.32,18.18,17.28,17.69
2022-06-16,17.77,18.26,17.69,18.12
2022-06-17,17.83,18.1,17.68,18.06
2022-06-20,18.04,18.48,17.95,18.24
2022-06-21,18.25,18.4,17.9,18.08
2022-06-22,18.03,18.08,17.5,17.51
2022-06-23,17.48,18.15,17.47,18.13
2022-06-24,18.18,18.44,18.09,18.39
2022-06-27,18.46,18.7,18.12,18.58
2022-06-28,18.5,19.1,18.2,19.05
2022-06-29,19.0,19.35,18.74,18.78
2022-06-30,18.75,18.94,18.58,18.79
2022-07-01,18.66,18.78,18.13,18.26
2022-07-04,18.2,18.27,17.81,18.22
2022-07-05,18.22,18.36,17.8,17.96
2022-07-06,18.1,18.23,17.64,17.77
2022-07-07,18.01,18.75,17.93,18.53
2022-07-08,18.37,18.81,18.25,18.26
2022-07-11,18.07,18.07,17.62,17.75
2022-07-12,17.75,17.75,17.44,17.45
2022-07-13,17.41,17.8,17.31,17.51
2022-07-14,17.4,17.67,17.35,17.44
2022-07-15,17.34,17.45,16.91,16.95
2022-07-18,17.03,17.39,16.96,17.31
2022-07-19,17.3,17.6,17.17,17.45
2022-07-20,17.46,17.73,17.34,17.5
2022-07-21,17.49,17.65,17.26,17.39
2022-07-22,17.39,17.46,16.97,17.06
2022-07-25,17.09,17.09,16.56,16.68
2022-07-26,16.68,16.83,16.39,16.76
2022-07-27,16.76,17.2,16.69,17.11
2022-07-28,17.19,18.28,17.18,17.77
2022-07-29,17.73,17.82,17.44,17.45
2022-08-01,17.5,17.87,16.97,17.84
2022-08-02,17.7,17.7,17.05,17.25
2022-08-03,17.25,18.27,17.25,17.65
2022-08-04,18.0,18.19,17.41,17.67
2022-08-05,17.6,18.65,17.5,18.61
2022-08-08,18.8,18.84,18.34,18.52
2022-08-09,18.4,18.62,18.12,18.62
2022-08-10,18.45,18.77,18.27,18.39
2022-08-11,18.5,19.0,18.47,18.94
2022-08-12,18.84,19.03,18.55,18.58
2022-08-15,18.5,18.72,18.3,18.39
2022-08-16,18.43,18.55,18.1,18.37
2022-08-17,18.28,18.75,18.1,18.63
2022-08-18,18.55,19.14,18.36,18.9
2022-08-19,18.6,18.95,18.1,18.14
2022-08-22,18.04,18.56,17.59,18.21
2022-08-23,18.23,18.36,17.85,17.94
2022-08-24,18.0,18.0,17.02,17.06
2022-08-25,17.02,17.19,16.75,17.19
2022-08-26,17.18,17.35,17.08,17.24
2022-08-29,16.88,17.18,16.8,17.05
2022-08-30,17.18,17.29,17.08,17.22
2022-08-31,17.22,17.39,16.9,16.99
2022-09-01,16.99,17.17,16.85,16.9
2022-09-02,16.99,17.08,16.87,16.97
2022-09-05,16.78,16.78,16.13,16.27
2022-09-06,16.3,16.42,16.17,16.38
2022-09-07,16.31,16.62,16.27,16.43
2022-09-08,16.42,16.44,16.15,16.15
2022-09-09,16.15,16.3,16.14,16.28
2022-09-13,16.32,16.56,16.32,16.44
2022-09-14,16.16,16.4,16.11,16.32
2022-09-15,16.36,16.4,15.98,16.19
2022-09-16,16.17,16.29,16.0,16.18
2022-09-19,16.05,16.1,15.6,15.69
2022-09-20,15.74,15.93,15.67,15.72
2022-09-21,15.68,15.72,15.42,15.69
2022-09-22,15.59,15.76,15.38,15.43
2022-09-23,15.44,15.48,14.94,15.01
2022-09-26,14.8,14.95,14.43,14.68
2022-09-27,14.78,14.97,14.63,14.97
2022-09-28,14.96,14.96,14.45,14.49
2022-09-29,14.68,14.7,14.25,14.45
2022-09-30,14.38,14.58,14.06,14.07
2022-10-10,14.0,14.04,13.3,13.41
2022-10-11,13.41,13.5,13.12,13.31
2022-10-12,13.3,13.86,13.15,13.83
2022-10-13,13.75,14.19,13.65,13.96
2022-10-14,14.12,14.3,14.02,14.24
2022-10-17,14.2,14.54,14.15,14.52
2022-10-18,14.6,14.63,14.28,14.41
2022-10-19,14.39,14.44,14.2,14.2
2022-10-20,14.08,14.64,13.95,14.47
2022-10-21,14.45,14.48,14.15,14.24
2022-10-24,14.34,14.7,14.03,14.19
2022-10-25,14.15,14.43,13.93,14.18
2022-10-26,14.15,14.64,14.11,14.46
2022-10-27,14.56,14.9,14.5,14.76
2022-10-28,14.69,14.82,13.83,13.85
2022-10-31,13.02,13.97,12.7,13.73
2022-11-01,13.77,14.18,13.65,14.18
2022-11-02,14.22,14.72,14.15,14.61
2022-11-03,14.44,14.69,14.36,14.61
2022-11-04,14.71,15.15,14.65,15.08
2022-11-07,15.0,15.33,14.98,15.2
2022-11-08,15.23,15.23,14.68,14.89
2022-11-09,14.9,15.3,14.68,15.17
2022-11-10,15.06,15.17,14.73,14.83
2022-11-11,15.18,15.35,15.01,15.1
2022-11-14,15.03,15.71,15.02,15.28
2022-11-15,15.27,16.81,15.2,16.81
2022-11-16,17.0,17.0,16.42,16.54
2022-11-17,16.56,16.68,16.12,16.66
2022-11-18,16.5,16.84,16.19,16.25
2022-11-21,16.1,16.33,15.85,16.08
2022-11-22,16.17,16.34,15.71,15.9
2022-11-23,15.91,16.03,15.5,15.81
2022-11-24,15.8,15.92,15.62,15.73
2022-11-25,15.66,15.95,15.56,15.61
2022-11-28,15.4,15.49,15.13,15.38
2022-11-29,15.36,15.88,15.33,15.74
2022-11-30,15.69,15.86,15.51,15.57
2022-12-01,15.78,15.91,15.49,15.59
2022-12-02,15.56,15.63,15.37,15.45
2022-12-05,15.49,15.63,15.35,15.56
2022-12-06,15.53,15.9,15.47,15.81
2022-12-07,15.76,15.76,15.51,15.54
2022-12-08,15.51,15.51,15.15,15.15
2022-12-09,15.26,15.94,15.15,15.57
2022-12-12,15.59,16.04,15.39,16.0
2022-12-13,15.82,15.98,15.7,15.82
2022-12-14,16.36,16.55,15.85,15.87
2022-12-15,15.88,16.95,15.75,16.52
2022-12-16,16.27,16.43,16.08,16.39
2022-12-19,16.25,16.38,15.55,15.65
2022-12-20,15.58,15.83,15.27,15.36
2022-12-21,15.3,15.56,14.86,14.98
2022-12-22,15.08,15.29,14.82,14.95
2022-12-23,14.78,14.95,14.5,14.64
2022-12-26,14.89,15.62,14.65,15.49
2022-12-27,15.43,15.58,15.28,15.51
2022-12-28,15.42,15.47,15.18,15.24
2022-12-29,15.2,15.25,14.85,14.9
2022-12-30,15.0,15.08,14.76,14.83
2023-01-03,14.83,15.35,14.66,15.28
2023-01-04,15.18,15.55,15.06,15.17
2023-01-05,15.21,15.32,15.07,15.26
2023-01-06,15.24,15.45,15.16,15.21
2023-01-09,15.35,16.16,15.31,15.79
2023-01-10,15.71,16.11,15.7,15.94
2023-01-11,15.95,16.32,15.65,15.74
2023-01-12,15.73,16.04,15.51,15.96
2023-01-13,15.95,15.98,15.63,15.8
2023-01-16,15.85,16.32,15.74,16.25
2023-01-17,16.34,17.1,16.32,16.83
2023-01-18,16.92,17.25,16.92,17.03
2023-01-19,16.92,18.07,16.89,18.01
2023-01-20,17.85,18.24,17.5,17.6
2023-01-30,17.75,17.87,17.21,17.27
2023-01-31,17.21,17.33,17.1,17.24
2023-02-01,17.3,17.56,17.2,17.44
2023-02-02,17.52,17.69,17.38,17.41
2023-02-03,17.36,17.57,17.15,17.49
2023-02-06,17.4,17.59,17.2,17.29
2023-02-07,17.19,17.43,17.17,17.3
2023-02-08,17.23,17.44,16.96,16.99
2023-02-09,16.92,17.79,16.88,17.65
2023-02-10,17.58,17.79,17.36,17.48
2023-02-13,17.48,17.85,17.2,17.65
2023-02-14,17.6,18.05,17.6,17.85
2023-02-15,17.81,18.18,17.71,18.05
2023-02-16,18.11,18.13,17.22,17.35
2023-02-17,17.35,17.56,17.01,17.03
2023-02-20,17.0,17.38,16.92,17.34
2023-02-21,17.35,17.86,17.26,17.41
2023-02-22,17.28,17.5,17.12,17.22
2023-02-23,17.23,17.33,16.6,16.79
2023-02-24,16.85,17.36,16.77,17.1
2023-02-27,17.02,17.08,16.51,16.59
2023-02-28,16.65,17.12,16.5,16.75
2023-03-01,16.89,17.5,16.7,17.4
2023-03-02,17.44,17.68,17.32,17.38
2023-03-03,17.52,17.6,17.16,17.4
2023-03-06,17.39,17.6,17.33,17.47
2023-03-07,17.37,17.41,16.4,16.42
2023-03-08,16.38,16.95,16.35,16.81
2023-03-09,16.88,16.92,16.65,16.72
2023-03-10,16.6,16.79,16.48,16.55
2023-03-13,16.5,16.87,16.37,16.66
2023-03-14,16.66,16.66,15.85,16.3
2023-03-15,16.44,16.77,16.38,16.49
2023-03-16,16.42,16.68,16.16,16.22
2023-03-17,16.32,16.73,16.29,16.51
2023-03-20,16.51,16.84,16.46,16.68
2023-03-21,16.75,16.84,16.56,16.79
2023-03-22,16.8,17.28,16.73,17.15
2023-03-23,17.08,17.6,17.06,17.57
2023-03-24,17.65,17.88,17.58,17.82
2023-03-27,17.86,17.98,17.45,17.66
2023-03-28,17.55,17.6,17.08,17.09
2023-03-29,17.23,17.47,16.95,17.32
2023-03-30,17.4,18.5,17.25,18.01
2023-03-31,17.91,18.16,17.67,18.09
2023-04-03,19.3,19.88,18.82,18.92
2023-04-04,18.85,19.04,18.5,18.81
2023-04-06,18.72,19.48,18.63,19.15
2023-04-07,19.15,19.25,18.84,19.0
2023-04-10,19.08,19.18,18.26,18.41
2023-04-11,18.41,18.79,18.31,18.55
2023-04-12,18.52,18.78,18.31,18.7
2023-04-13,18.6,18.63,18.07,18.1
2023-04-14,18.18,18.32,17.77,18.3
2023-04-17,18.25,18.25,17.87,17.94
2023-04-18,17.95,18.05,17.47,17.79
2023-04-19,17.7,18.04,17.61,17.7
2023-04-20,17.63,17.92,17.52,17.83
2023-04-21,17.87,17.91,16.71,16.72
2023-04-24,16.74,17.18,16.41,16.57
2023-04-25,16.57,16.69,15.78,16.03
2023-04-26,16.0,16.15,15.6,15.69
2023-04-27,15.79,15.84,15.4,15.46
2023-04-28,15.46,15.84,15.4,15.79
2023-05-04,15.7,15.87,15.56,15.63
2023-05-05,15.63,15.74,15.34,15.48
2023-05-08,15.48,15.71,15.45,15.69
2023-05-09,15.98,16.1,15.46,15.63
2023-05-10,15.55,15.75,15.42,15.58
2023-05-11,15.68,15.77,15.56,15.6
2023-05-12,15.57,15.62,15.23,15.23
2023-05-15,15.15,15.48,14.98,15.48
2023-05-16,15.48,15.59,15.25,15.48
2023-05-17,15.42,15.67,15.38,15.53
2023-05-18,15.53,15.66,15.5,15.6
2023-05-19,15.58,15.8,15.54,15.75
2023-05-22,15.78,15.83,15.59,15.63
2023-05-23,15.61,15.66,15.42,15.46
2023-05-24,15.41,15.69,15.33,15.54
2023-05-25,15.5,15.66,15.18,15.43
2023-05-26,15.44,15.49,15.3,15.43
2023-05-29,15.55,15.65,15.33,15.37
2023-05-30,15.34,15.52,15.23,15.51
2023-05-31,15.5,15.77,15.42,15.7
2023-06-01,15.66,16.09,15.64,15.95
2023-06-02,16.0,16.07,15.83,15.9
2023-06-05,15.88,16.01,15.78,15.86
2023-06-06,15.81,15.84,15.35,15.42
2023-06-07,15.42,15.5,15.27,15.34
2023-06-08,15.27,15.34,14.78,14.99
2023-06-09,14.99,15.33,14.92,15.33
2023-06-12,15.33,15.62,15.23,15.51
2023-06-13,15.51,15.73,15.41,15.69
2023-06-14,15.67,15.75,15.53,15.67
2023-06-15,15.68,15.79,15.61,15.69
2023-06-16,15.66,15.9,15.63,15.83
2023-06-19,15.83,15.95,15.72,15.86
2023-06-20,15.87,16.35,15.69,16.11
2023-06-21,16.08,16.08,15.55,15.6
2023-06-26,15.38,15.5,15.12,15.16
2023-06-27,15.24,15.29,15.11,15.18
2023-06-28,15.2,15.26,14.69,14.98
2023-06-29,14.91,15.36,14.91,15.23
2023-06-30,15.2,15.44,15.14,15.34
2023-07-03,15.34,15.55,15.31,15.45
2023-07-04,15.47,15.86,15.42,15.72
2023-07-05,15.66,15.75,15.51,15.52
2023-07-06,15.46,15.8,15.44,15.6
2023-07-07,15.57,15.66,15.28,15.39
2023-07-10,15.42,15.42,15.24,15.29
2023-07-11,15.31,16.14,15.29,15.88
2023-07-12,15.82,16.02,15.56,15.59
2023-07-13,15.68,15.9,15.61,15.84
2023-07-14,15.85,16.18,15.84,15.91
2023-07-17,15.8,16.08,15.72,16.05
2023-07-18,16.04,16.56,16.0,16.14
2023-07-19,16.07,16.45,16.01,16.35
2023-07-20,16.38,16.4,15.81,15.88
2023-07-21,15.82,16.6,15.82,16.36
2023-07-24,16.2,16.65,16.15,16.24
2023-07-25,16.25,16.39,15.95,16.26
2023-07-26,16.19,16.2,15.81,15.9
2023-07-27,15.85,15.97,15.56,15.56
2023-07-28,15.54,16.05,15.47,15.81
2023-07-31,15.87,16.21,15.82,15.99
2023-08-01,15.99,16.11,15.88,16.04
2023-08-02,15.95,16.18,15.93,16.02
2023-08-03,15.98,16.15,15.84,15.9
2023-08-04,15.92,16.09,15.79,15.9
2023-08-07,15.9,15.94,15.73,15.78
2023-08-08,15.76,15.81,15.49,15.6
2023-08-09,15.53,15.58,15.21,15.28
2023-08-10,15.28,15.42,15.19,15.41
2023-08-11,15.38,15.5,15.13,15.15
2023-08-14,15.0,15.09,14.81,14.96
2023-08-15,14.95,15.02,14.56,14.77
2023-08-16,14.72,14.84,14.5,14.54
2023-08-17,14.5,14.71,14.35,14.66
2023-08-18,14.66,14.76,14.39,14.42
2023-08-21,14.39,14.51,14.23,14.24
2023-08-22,14.25,14.38,13.91,14.23
2023-08-23,14.21,14.21,13.9,13.9
2023-08-24,14.0,14.38,13.83,14.14
2023-08-25,14.1,14.13,13.76,13.84
2023-08-28,14.52,14.63,13.89,13.9
2023-08-29,13.87,14.45,13.86,14.38
2023-08-30,14.5,14.72,14.47,14.52
2023-08-31,14.48,14.67,14.42,14.54
2023-09-01,14.51,14.64,14.41,14.54
2023-09-04,14.55,14.71,14.47,14.71
2023-09-05,14.71,14.87,14.66,14.76
2023-09-06,14.76,15.03,14.7,14.98
2023-09-07,14.98,14.98,14.69,14.75
2023-09-08,14.75,14.88,14.63,14.81
2023-09-11,14.86,15.08,14.77,14.93
2023-09-12,14.95,14.98,14.82,14.91
2023-09-13,14.97,14.97,14.6,14.69
2023-09-14,14.79,14.81,14.64,14.72
2023-09-15,14.73,14.9,14.52,14.75
2023-09-18,14.68,14.8,14.58,14.7
2023-09-19,14.63,14.69,14.36,14.48
2023-09-20,14.4,14.64,14.32,14.33
2023-09-21,14.23,14.47,14.23,14.32
2023-09-22,14.26,14.59,14.26,14.59
2023-09-25,14.63,14.66,14.3,14.32
2023-09-26,14.26,14.32,14.09,14.09
2023-09-27,14.1,14.26,14.01,14.14
2023-09-28,14.15,14.78,14.14,14.69
2023-10-09,14.63,14.86,14.54,14.78
2023-10-10,14.76,15.08,14.75,15.03
2023-10-11,15.09,15.25,14.91,15.16
2023-10-12,15.16,15.31,15.09,15.26
2023-10-13,15.18,15.45,15.12,15.41
2023-10-16,15.48,15.49,15.14,15.21
2023-10-17,15.29,15.3,15.09,15.22
2023-10-18,15.14,15.23,14.82,14.83
2023-10-19,14.79,15.1,14.76,14.76
2023-10-20,14.75,14.93,14.45,14.51
2023-10-23,14.5,14.59,14.08,14.16
2023-10-24,14.24,14.5,13.79,14.18
2023-10-25,14.31,14.41,14.14,14.28
2023-10-26,14.21,14.4,14.04,14.37
2023-10-27,14.24,14.7,14.23,14.64
2023-10-30,14.65,15.32,14.53,15.26
2023-10-31,15.3,15.37,15.16,15.24
2023-11-01,15.24,15.4,15.06,15.18
2023-11-02,15.2,15.28,15.0,15.02
2023-11-03,15.01,15.49,14.99,15.41
2023-11-06,15.5,15.92,15.4,15.84
2023-11-07,15.83,16.09,15.73,15.92
2023-11-08,15.92,16.02,15.7,15.78
2023-11-09,15.79,15.85,15.5,15.53
2023-11-10,15.5,15.67,15.45,15.56
2023-11-13,15.56,15.75,15.51,15.62
2023-11-14,15.59,15.87,15.53,15.63
2023-11-15,15.78,15.84,15.65,15.72
2023-11-16,15.7,15.75,15.53,15.54
2023-11-17,15.52,15.75,15.49,15.6
2023-11-20,15.46,15.47,15.11,15.24
2023-11-21,15.23,15.27,14.9,14.92
2023-11-22,14.92,15.03,14.6,14.65
2023-11-23,14.63,14.84,14.61,14.82
2023-11-24,14.78,14.88,14.56,14.6
2023-11-27,14.55,14.74,14.43,14.68
2023-11-28,14.64,15.02,14.62,14.9
2023-11-29,14.89,15.04,14.79,14.85
2023-11-30,14.85,14.88,14.48,14.6
2023-12-01,14.58,14.85,14.46,14.73
2023-12-04,14.76,14.79,14.57,14.58
2023-12-05,14.52,14.52,14.16,14.19
2023-12-06,14.15,14.28,14.05,14.08
2023-12-07,14.04,14.15,13.86,14.09
2023-12-08,14.15,14.38,14.1,14.24
2023-12-11,14.2,14.49,14.01,14.45
2023-12-12,14.45,14.54,14.4,14.43
2023-12-13,14.4,14.45,14.27,14.28
2023-12-14,14.3,14.46,14.3,14.3
2023-12-15,14.29,14.43,14.2,14.23
2023-12-18,14.17,14.2,13.95,14.0
2023-12-19,13.97,14.06,13.86,14.02
2023-12-20,14.03,14.06,13.8,13.81
2023-12-21,13.72,13.74,13.33,13.61
2023-12-22,13.61,13.62,13.35,13.44
2023-12-25,13.41,13.59,13.37,13.47
2023-12-26,13.47,13.48,13.0,13.07
2023-12-27,13.07,13.24,13.0,13.17
2023-12-28,13.17,13.52,13.09,13.43
2023-12-29,13.43,13.81,13.36,13.66
2024-01-02,13.79,14.0,13.65,13.75
2024-01-03,13.7,13.83,13.56,13.61
2024-01-04,13.58,13.58,13.17,13.22
2024-01-05,13.2,13.36,12.83,12.9
2024-01-08,12.86,12.9,12.4,12.41
2024-01-09,12.51,12.61,12.36,12.42
2024-01-10,12.39,12.57,12.13,12.31
2024-01-11,12.26,12.66,12.26,12.59
2024-01-12,12.52,12.72,12.44,12.48
2024-01-15,12.45,12.6,12.34,12.39
2024-01-16,12.41,12.48,12.19,12.35
2024-01-17,12.32,12.42,11.84,11.85
2024-01-18,11.8,11.97,11.49,11.84
2024-01-19,11.8,11.97,11.74,11.78
2024-01-22,11.74,11.79,10.85,10.94
2024-01-23,10.87,11.37,10.79,11.29
2024-01-24,11.3,11.38,10.85,11.29
2024-01-25,11.27,11.7,11.15,11.66
2024-01-26,11.59,11.7,11.5,11.56
2024-01-29,11.58,11.7,11.16,11.19
2024-01-30,11.1,11.24,10.7,10.8
2024-01-31,10.8,10.96,10.29,10.33
2024-02-01,10.28,10.48,9.99,10.28
2024-02-02,10.23,10.41,9.28,9.65
2024-02-05,9.62,9.66,8.72,9.11
2024-02-06,9.02,10.02,8.88,10.02
2024-02-07,10.06,11.02,10.06,11.02
2024-02-08,11.19,12.12,11.18,12.12
2024-02-19,12.47,12.47,11.42,11.7
2024-02-20,11.56,11.64,11.24,11.43
2024-02-21,11.34,11.75,11.16,11.4
2024-02-22,11.35,11.68,11.33,11.6
2024-02-23,11.61,11.68,11.41,11.65
2024-02-26,11.62,11.93,11.5,11.71
2024-02-27,11.68,12.11,11.58,12.11
2024-02-28,12.09,12.3,11.35,11.36
2024-02-29,11.32,12.0,11.31,12.0
2024-03-01,12.0,12.33,11.96,12.27
2024-03-04,12.37,12.48,12.04,12.31
2024-03-05,12.17,12.28,12.02,12.07
2024-03-06,12.0,12.13,11.72,11.99
2024-03-07,12.05,12.15,11.79,11.79
2024-03-08,11.88,12.12,11.73,12.09
2024-03-11,12.13,12.74,12.05,12.67
2024-03-12,12.61,12.63,12.36,12.51
2024-03-13,12.53,12.81,12.43,12.65
2024-03-14,12.59,12.74,12.37,12.7
2024-03-15,12.68,12.93,12.55,12.81
2024-03-18,12.83,12.97,12.63,12.86
2024-03-19,12.86,12.93,12.69,12.7
2024-03-20,12.66,12.8,12.61,12.72
2024-03-21,12.7,12.83,12.56,12.59
2024-03-22,12.56,12.68,12.38,12.46
2024-03-25,12.3,12.77,12.05,12.05
2024-03-26,12.08,12.22,11.78,11.87
2024-03-27,11.9,11.92,11.34,11.35
2024-03-28,11.4,11.8,11.32,11.62
2024-03-29,11.7,11.74,11.49,11.74
2024-04-01,11.78,12.39,11.78,12.39
2024-04-02,12.37,12.38,12.14,12.26
2024-04-03,12.69,13.1,12.11,12.49
2024-04-08,11.99,12.1,11.55,11.55
2024-04-09,11.44,11.86,11.44,11.77
2024-04-10,11.72,11.76,11.39,11.49
2024-04-11,11.45,11.85,11.4,11.62
2024-04-12,11.66,11.78,11.48,11.5
2024-04-15,11.49,11.62,11.14,11.34
2024-04-16,11.28,11.49,11.03,11.19
2024-04-17,11.19,11.55,11.16,11.53
2024-04-18,11.41,11.71,11.27,11.5
2024-04-19,11.42,11.62,11.31,11.41
2024-04-22,11.35,11.64,11.22,11.48
2024-04-23,11.46,11.63,11.31,11.41
2024-04-24,11.47,11.71,11.39,11.71
2024-04-25,11.77,12.03,11.71,11.81
2024-04-26,11.85,12.22,11.85,12.18
2024-04-29,12.19,12.47,12.19,12.43
2024-04-30,12.43,12.56,12.33,12.45
2024-05-06,12.64,12.85,12.53,12.55
2024-05-07,12.55,12.58,12.42,12.48
2024-05-08,12.47,12.55,12.32,12.35
2024-05-09,12.29,12.7,12.28,12.63
2024-05-10,12.66,12.69,12.43,12.5
2024-05-13,12.37,12.52,12.21,12.37
2024-05-14,12.35,12.57,12.32,12.33
2024-05-15,12.34,12.4,12.14,12.16
2024-05-16,12.24,12.33,12.1,12.14
2024-05-17,12.15,12.45,12.14,12.44
2024-05-20,12.5,12.61,12.41,12.52
2024-05-21,12.47,12.58,12.39,12.43
2024-05-22,12.43,12.61,12.42,12.56
2024-05-23,12.52,12.58,12.21,12.24
2024-05-24,12.22,12.3,11.85,11.86
2024-05-27,11.92,12.17,11.67,12.09
2024-05-28,12.07,12.3,11.93,12.0
2024-05-29,12.0,12.16,11.97,12.04
2024-05-30,11.97,12.36,11.86,12.25
2024-05-31,12.37,12.78,12.31,12.57
2024-06-03,12.56,12.83,12.38,12.6
2024-06-04,12.58,12.72,12.37,12.67
2024-06-05,12.61,12.96,12.58,12.73
2024-06-06,12.75,13.29,12.75,12.85
2024-06-07,12.79,13.05,12.6,12.94
2024-06-11,12.9,13.14,12.58,13.14
2024-06-12,13.14,13.3,12.96,13.02
2024-06-13,13.0,13.12,12.84,12.89
2024-06-14,12.87,13.03,12.69,12.98
2024-06-17,12.93,13.38,12.91,13.3
2024-06-18,13.33,13.34,13.01,13.12
2024-06-19,13.1,13.2,12.9,13.03
2024-06-20,12.98,13.13,12.79,12.82
2024-06-21,12.69,13.07,12.6,12.99
2024-06-24,12.9,13.12,12.7,12.73
2024-06-25,12.74,12.95,12.45,12.68
2024-06-26,12.6,13.01,12.32,12.99
2024-06-27,12.93,13.13,12.76,12.78
2024-06-28,12.67,13.27,12.62,13.06
2024-07-01,13.15,13.18,12.4,12.71
2024-07-02,12.68,12.77,12.51,12.61
2024-07-03,12.57,12.64,12.42,12.45
2024-07-04,12.45,12.84,12.34,12.37
2024-07-05,12.31,12.36,12.05,12.29
2024-07-08,12.27,12.5,12.18,12.21
2024-07-09,12.16,12.9,12.15,12.89
2024-07-10,12.78,13.3,12.78,13.2
2024-07-11,13.67,14.52,13.63,14.52
2024-07-12,14.6,14.78,14.16,14.45
2024-07-15,14.36,14.61,14.24,14.32
2024-07-16,14.35,15.27,14.32,15.04
2024-07-17,15.16,15.74,14.91,15.0
2024-07-18,14.7,14.95,14.4,14.85
2024-07-19,14.94,15.4,14.87,14.88
2024-07-22,14.91,14.98,14.57,14.68
2024-07-23,14.68,14.73,14.15,14.15
2024-07-24,14.3,14.35,13.77,13.86
2024-07-25,13.84,13.96,13.66,13.81
2024-07-26,13.81,14.41,13.8,14.24
2024-07-29,14.23,14.48,14.04,14.24
2024-07-30,14.1,14.32,13.93,14.21
2024-07-31,14.21,14.58,14.09,14.57
2024-08-01,14.65,14.71,14.39,14.55
2024-08-02,14.38,14.56,14.06,14.11
2024-08-05,13.9,14.09,13.4,13.43
2024-08-06,13.67,13.78,13.42,13.6
2024-08-07,13.6,13.85,13.49,13.65
2024-08-08,13.57,13.79,13.38,13.6
2024-08-09,13.8,13.91,13.68,13.72
2024-08-12,13.66,13.83,13.5,13.57
2024-08-13,13.57,13.85,13.56,13.84
2024-08-14,13.8,13.88,13.61,13.67
2024-08-15,13.62,13.84,13.48,13.57
2024-08-16,13.57,13.7,13.46,13.49
2024-08-19,13.51,13.75,13.41,13.52
2024-08-20,13.51,13.56,13.31,13.35
2024-08-21,13.31,13.73,13.25,13.49
2024-08-22,13.5,13.53,13.19,13.22
2024-08-23,13.19,13.45,13.1,13.4
2024-08-26,13.41,13.51,13.29,13.42
2024-08-27,13.51,13.55,13.11,13.16
2024-08-28,13.16,13.37,13.11,13.23
2024-08-29,13.19,13.8,13.11,13.72
2024-08-30,13.8,14.22,13.7,13.99
2024-09-02,13.95,14.04,13.7,13.72
2024-09-03,13.72,13.94,13.68,13.78
2024-09-04,13.61,13.67,13.39,13.55
2024-09-05,13.54,13.88,13.43,13.73
2024-09-06,13.69,13.76,13.24,13.26
2024-09-09,13.2,13.34,13.08,13.14
2024-09-10,13.21,13.44,12.95,13.37
2024-09-11,13.3,13.38,13.18,13.28
2024-09-12,13.32,13.42,13.03,13.04
2024-09-13,13.04,13.18,12.9,12.92
2024-09-18,12.9,13.08,12.59,12.81
2024-09-19,12.95,13.11,12.77,12.95
2024-09-20,12.96,13.07,12.73,12.8
2024-09-23,12.75,13.06,12.71,12.77
2024-09-24,12.83,13.3,12.78,13.27
2024-09-25,13.45,13.77,13.35,13.38
2024-09-26,13.37,13.89,13.3,13.89
2024-09-27,14.15,14.74,14.0,14.46
2024-09-30,14.95,15.88,14.95,15.8
2024-10-08,17.38,17.38,15.9,16.9
2024-10-09,16.55,16.64,15.5,15.83
2024-10-10,16.05,16.35,15.45,15.51
2024-10-11,15.61,15.64,14.82,14.97
2024-10-14,15.0,15.55,14.65,15.51
2024-10-15,15.48,15.87,15.29,15.34
2024-10-16,15.02,15.6,15.0,15.37
2024-10-17,15.49,15.79,15.34,15.37
2024-10-18,15.37,16.35,15.32,16.01
2024-10-21,16.06,16.64,16.06,16.24
2024-10-22,16.25,16.43,16.15,16.27
2024-10-23,16.21,16.48,16.1,16.21
2024-10-24,16.12,16.33,15.88,16.23
2024-10-25,16.48,16.68,16.16,16.48
2024-10-28,16.55,16.68,16.29,16.46
2024-10-29,16.52,16.89,16.3,16.56
2024-10-30,15.94,16.04,15.4,15.82
2024-10-31,15.77,16.44,15.7,16.16
2024-11-01,16.05,16.16,15.4,15.49
2024-11-04,15.59,15.8,15.44,15.77
2024-11-05,15.81,17.35,15.75,16.69
2024-11-06,16.52,16.79,16.39,16.5
2024-11-07,16.38,16.73,16.32,16.69
2024-11-08,16.82,16.94,16.5,16.59
2024-11-11,16.59,17.32,16.52,17.3
2024-11-12,17.6,17.69,16.98,17.15
2024-11-13,17.06,17.22,16.7,17.09
2024-11-14,17.0,17.03,16.23,16.3
2024-11-15,16.23,16.61,16.16,16.2
2024-11-18,16.25,16.45,15.7,15.79
2024-11-19,15.78,16.0,15.5,15.97
2024-11-20,15.97,16.01,15.7,15.97
2024-11-21,15.97,15.98,15.7,15.87
2024-11-22,15.79,16.02,15.15,15.15
2024-11-25,15.15,15.3,14.92,15.08
2024-11-26,15.13,15.19,14.9,14.9
2024-11-27,14.8,15.27,14.46,15.27
2024-11-28,15.22,15.34,15.11,15.13
2024-11-29,15.09,15.5,14.94,15.35
2024-12-02,15.34,15.53,15.28,15.5
2024-12-03,15.46,15.52,15.19,15.42
2024-12-04,15.43,15.49,15.1,15.23
2024-12-05,15.08,15.31,15.05,15.2
2024-12-06,15.2,15.44,15.08,15.39
2024-12-09,15.39,15.48,15.08,15.21
2024-12-10,15.6,15.74,15.27,15.3
2024-12-11,15.3,15.58,15.26,15.44
2024-12-12,15.45,15.49,15.21,15.45
2024-12-13,15.37,15.39,15.13,15.18
2024-12-16,15.01,15.25,14.94,15.06
2024-12-17,15.0,15.26,14.91,14.96
2024-12-18,14.99,15.33,14.84,15.22
2024-12-19,15.1,15.47,15.06,15.39
2024-12-20,15.39,15.65,15.29,15.51
2024-12-23,15.62,15.66,15.13,15.17
2024-12-24,15.12,15.32,14.97,15.3
2024-12-25,15.28,15.34,14.97,15.05
2024-12-26,15.04,15.46,14.78,14.95
2024-12-27,14.93,15.17,14.8,14.86
2024-12-30,14.87,15.11,14.6,15.04
2024-12-31,14.99,15.12,14.3,14.35
2025-01-02,14.3,14.35,13.69,13.83
2025-01-03,13.89,13.94,13.5,13.55
2025-01-06,13.56,14.06,13.51,13.92
2025-01-07,13.91,14.13,13.88,14.03
2025-01-08,13.97,14.15,13.66,14.03
2025-01-09,14.5,15.43,14.26,14.89
2025-01-10,14.38,14.5,13.85,13.91
2025-01-13,13.61,13.91,13.55,13.75
2025-01-14,13.75,14.18,13.61,14.11
2025-01-15,14.03,14.07,13.85,13.89
2025-01-16,13.99,14.2,13.82,13.93
2025-01-17,13.89,14.4,13.85,14.26
2025-01-20,14.4,14.7,14.23,14.58
2025-01-21,14.61,14.71,14.45,14.62
2025-01-22,14.5,14.66,14.41,14.58
2025-01-23,14.74,14.83,14.35,14.35
2025-01-24,14.5,14.68,14.42,14.66
2025-01-27,14.68,14.74,14.42,14.42
2025-02-05,14.6,14.65,14.35,14.46
2025-02-06,14.36,15.12,14.32,15.12
2025-02-07,15.03,15.37,15.02,15.17
2025-02-10,15.3,15.45,15.22,15.29
2025-02-11,15.26,15.39,15.13,15.32
2025-02-12,15.25,15.59,15.22,15.56
2025-02-13,15.49,15.51,15.18,15.19
2025-02-14,15.17,15.28,15.1,15.25
2025-02-17,15.25,15.38,15.13,15.21
2025-02-18,15.19,15.29,14.74,14.85
2025-02-19,14.85,15.12,14.82,15.07
2025-02-20,15.0,15.41,14.78,15.3
2025-02-21,15.26,15.5,15.23,15.42
2025-02-24,15.42,15.88,15.41,15.51
2025-02-25,15.33,15.57,15.27,15.33
2025-02-26,15.41,15.49,15.2,15.4
2025-02-27,15.41,15.49,14.92,15.16
2025-02-28,15.02,15.05,14.37,14.45
2025-03-03,14.46,14.78,14.36,14.53
2025-03-04,14.48,14.78,14.4,14.76
2025-03-05,14.73,14.85,14.57,14.72
2025-03-06,14.79,15.07,14.79,15.0
2025-03-07,15.0,15.15,14.93,14.98
2025-03-10,14.93,15.09,14.83,15.02
2025-03-11,14.87,15.37,14.85,15.21
2025-03-12,15.28,15.51,15.2,15.24
2025-03-13,15.23,15.28,14.88,15.02
2025-03-14,15.02,15.44,14.91,15.4
2025-03-17,15.43,15.5,15.24,15.3
2025-03-18,15.31,15.43,15.23,15.3
2025-03-19,15.23,15.3,15.0,15.11
2025-03-20,15.11,15.15,14.95,14.96
2025-03-21,14.9,15.05,14.7,14.78
2025-03-24,14.72,14.85,14.35,14.63
2025-03-25,14.61,14.82,14.55,14.67
2025-03-26,14.6,14.75,14.57,14.63
2025-03-27,14.55,14.77,14.36,14.72
2025-03-28,14.7,14.79,14.55,14.6
2025-03-31,14.5,14.56,14.22,14.38
2025-04-01,14.44,14.55,14.38,14.45
2025-04-02,14.43,14.59,14.42,14.51
2025-04-03,14.4,14.53,14.15,14.2
2025-04-07,13.33,13.5,12.78,12.78
2025-04-08,12.5,12.87,12.15,12.37
2025-04-09,12.07,12.6,11.73,12.52
2025-04-10,12.84,13.04,12.74,12.75
2025-04-11,12.69,13.19,12.69,13.05
2025-04-14,13.33,13.44,13.16,13.41
2025-04-15,13.41,13.64,13.25,13.62
2025-04-16,13.55,13.62,13.2,13.3
2025-04-17,13.21,13.5,13.2,13.3
2025-04-18,13.33,13.56,13.32,13.49
2025-04-21,13.6,13.7,13.46,13.6
2025-04-22,13.56,13.62,13.46,13.51
2025-04-23,13.56,13.67,13.51,13.61
2025-04-24,13.6,13.6,13.41,13.47
2025-04-25,13.48,13.59,13.44,13.48
2025-04-28,13.22,13.3,13.07,13.21
2025-04-29,13.2,13.24,13.08,13.09
2025-04-30,13.11,13.24,13.08,13.11
2025-05-06,14.04,14.38,13.61,13.71
2025-05-07,13.8,13.9,13.51,13.6
2025-05-08,13.51,13.78,13.51,13.71
2025-05-09,13.73,13.74,13.5,13.54
2025-05-12,13.65,13.79,13.64,13.75
2025-05-13,13.88,13.91,13.65,13.68
2025-05-14,13.71,13.75,13.55,13.66
2025-05-15,13.65,13.68,13.45,13.46
2025-05-16,13.4,13.54,13.4,13.43
2025-05-19,13.4,13.58,13.3,13.55
2025-05-20,13.59,13.59,13.47,13.55
2025-05-21,13.51,13.55,13.41,13.46
2025-05-22,13.42,13.55,13.31,13.32
2025-05-23,13.3,13.44,13.2,13.22
2025-05-26,13.24,13.34,13.17,13.3
2025-05-27,13.33,13.33,13.09,13.15
2025-05-28,13.14,13.23,13.1,13.14
2025-05-29,13.14,13.44,13.14,13.42
2025-05-30,13.42,13.52,13.27,13.36
2025-06-03,13.3,13.36,13.23,13.24
2025-06-04,13.28,13.41,13.24,13.39
2025-06-05,13.4,13.55,13.32,13.54
2025-06-06,13.53,13.55,13.44,13.49
2025-06-09,13.49,13.57,13.45,13.48
2025-06-10,13.48,13.49,13.2,13.29
2025-06-11,13.29,13.46,13.29,13.36
2025-06-12,13.35,13.48,13.33,13.4
2025-06-13,13.35,13.48,13.22,13.24
2025-06-16,13.18,13.33,13.16,13.25
2025-06-17,13.25,13.3,13.17,13.22
2025-06-18,13.2,13.25,13.01,13.25
2025-06-19,13.21,13.27,13.01,13.06
2025-06-20,13.06,13.2,13.03,13.05
2025-06-23,12.92,13.21,12.91,13.19
2025-06-24,13.22,13.45,13.2,13.44
2025-06-25,13.45,13.59,13.4,13.58
2025-06-26,13.59,13.7,13.49,13.54
2025-06-27,13.6,13.72,13.51,13.61
2025-06-30,13.72,13.76,13.63,13.74
2025-07-01,13.71,13.84,13.67,13.78
2025-07-02,13.74,13.75,13.57,13.63
2025-07-03,13.62,13.8,13.61,13.8
2025-07-04,13.8,13.81,13.63,13.69
2025-07-07,13.62,13.72,13.59,13.6
2025-07-08,13.62,13.92,13.59,13.89
2025-07-09,13.85,13.93,13.82,13.86
2025-07-10,13.85,13.9,13.73,13.81
2025-07-11,13.67,13.81,13.62,13.73
2025-07-14,13.71,13.87,13.68,13.8
2025-07-15,13.8,13.92,13.7,13.91
2025-07-16,13.9,13.91,13.72,13.76
2025-07-17,13.75,14.1,13.73,14.05
2025-07-18,14.01,14.05,13.91,13.99
2025-07-21,13.95,14.04,13.87,13.97
2025-07-22,13.96,14.02,13.88,13.98
2025-07-23,13.98,14.09,13.88,13.95
2025-07-24,13.95,14.08,13.92,14.08
2025-07-25,14.11,14.14,14.0,14.06
2025-07-28,14.1,14.28,14.02,14.22
2025-07-29,14.19,14.28,14.11,14.28
2025-07-30,14.24,14.3,14.04,14.16
2025-07-31,14.14,14.3,13.88,13.92
2025-08-01,13.91,14.02,13.79,13.92
2025-08-04,13.84,13.96,13.81,13.96
2025-08-05,13.99,14.05,13.96,14.04
2025-08-06,14.01,14.08,13.96,14.07
2025-08-07,14.08,14.14,13.89,13.99
2025-08-08,13.95,14.06,13.81,13.91
2025-08-11,13.87,14.15,13.87,14.14
2025-08-12,14.13,14.14,14.01,14.09
2025-08-13,14.11,14.43,14.03,14.38
2025-08-14,14.48,14.59,14.15,14.17
2025-08-15,14.15,14.87,14.11,14.75
2025-08-18,14.9,15.1,14.77,14.89
2025-08-19,14.89,14.94,14.7,14.8
2025-08-20,14.76,15.07,14.66,15.06
2025-08-21,15.1,15.85,15.1,15.19
2025-08-22,15.05,15.3,15.0,15.29
2025-08-25,15.43,15.62,15.18,15.41
2025-08-26,15.4,15.74,15.26,15.6
2025-08-27,15.75,15.84,15.17,15.17
2025-08-28,15.28,15.54,15.02,15.49
2025-08-29,15.5,15.54,15.26,15.32
2025-09-01,15.32,15.48,15.08,15.26
2025-09-02,15.2,15.23,14.58,14.7
2025-09-03,14.76,14.77,14.35,14.39
2025-09-04,14.43,14.68,13.98,14.15
2025-09-05,14.46,15.57,14.45,15.57
2025-09-08,15.49,15.49,15.03,15.14
2025-09-09,15.15,15.16,14.68,14.79
2025-09-10,14.76,15.28,14.71,14.91
2025-09-11,14.83,15.4,14.8,15.35
2025-09-12,15.27,15.54,15.18,15.42
2025-09-15,15.42,15.42,15.11,15.16
2025-09-16,15.17,15.76,15.01,15.6
2025-09-17,15.55,16.15,15.47,15.79
2025-09-18,15.81,16.28,15.62,15.92
2025-09-19,15.92,16.15,15.72,15.84
2025-09-22,15.9,15.96,15.56,15.75
2025-09-23,15.73,15.8,15.11,15.49
2025-09-24,15.31,15.78,15.21,15.78
2025-09-25,15.77,15.89,15.61,15.69
2025-09-26,15.61,15.72,15.28,15.31
2025-09-29,15.32,16.03,15.32,15.59
2025-09-30,15.58,15.92,15.55,15.65
2025-10-09,15.8,16.1,15.73,15.89
2025-10-10,15.81,15.95,15.42,15.67
2025-10-13,15.0,15.65,14.83,15.58
2025-10-14,15.7,16.23,15.0,15.15
2025-10-15,15.2,16.16,15.05,16.04
2025-10-16,15.93,16.07,15.74,15.86
2025-10-17,15.84,15.84,14.83,14.88
2025-10-20,15.08,15.56,15.0,15.34
2025-10-21,15.33,15.73,15.25,15.5
2025-10-22,15.45,15.75,15.26,15.55
2025-10-23,15.56,15.88,15.52,15.83
2025-10-24,15.92,17.41,15.9,17.41
2025-10-27,17.41,17.5,16.98,17.23
2025-10-28,17.24,17.29,16.95,17.08
2025-10-29,16.96,18.0,16.88,17.67
2025-10-30,17.37,17.37,16.51,16.59
2025-10-31,16.68,17.0,16.47,16.93
2025-11-03,16.74,17.3,16.62,17.18
2025-11-04,17.06,17.9,17.0,17.68
2025-11-05,17.3,17.63,17.05,17.49
2025-11-06,17.49,18.58,17.36,18.19
2025-11-07,17.86,18.0,17.64,17.99
2025-11-10,18.07,18.25,17.44,17.7
2025-11-11,17.61,17.67,17.0,17.02
2025-11-12,17.06,17.18,16.51,16.64
2025-11-13,16.6,16.87,16.5,16.72
2025-11-14,16.6,16.6,16.2,16.21
2025-11-17,16.21,16.43,16.13,16.3
2025-11-18,17.83,17.93,17.21,17.34
2025-11-19,17.05,17.25,16.57,16.89
2025-11-20,17.22,17.85,16.91,16.96
2025-11-21,16.56,16.96,15.46,15.49
2025-11-24,15.67,15.93,15.25,15.78
2025-11-25,15.9,16.44,15.81,16.24
2025-11-26,16.15,16.22,15.78,15.82
2025-11-27,15.82,16.25,15.61,15.65
2025-11-28,15.64,16.67,15.64,16.44
2025-12-01,16.39,16.4,16.15,16.32
2025-12-02,16.21,16.32,15.99,16.18
2025-12-03,16.2,16.33,16.0,16.07
2025-12-04,16.01,16.25,15.81,15.86
2025-12-05,15.89,16.1,15.75,16.07
2025-12-08,16.03,16.47,16.03,16.29
2025-12-09,16.25,16.63,16.23,16.41
2025-12-10,16.46,16.86,16.34,16.71
2025-12-11,16.69,16.75,16.42,16.44
2025-12-12,16.43,16.88,16.41,16.65
2025-12-15,16.36,16.7,16.31,16.45
2025-12-16,16.37,16.44,15.67,15.75
2025-12-17,15.74,16.03,15.49,15.94
2025-12-18,15.76,15.99,15.45,15.51
2025-12-19,15.59,15.73,15.42,15.44
2025-12-22,15.6,16.03,15.6,15.82
2025-12-23,15.8,15.97,15.66,15.71
2025-12-24,15.68,16.68,15.68,16.44
2025-12-25,16.34,16.55,16.11,16.48
2025-12-26,16.41,16.46,16.17,16.26
2025-12-29,16.27,16.8,16.11,16.42
2025-12-30,16.36,16.75,16.35,16.39
2025-12-31,16.6,16.96,16.21,16.28
2026-01-05,16.35,16.98,16.33,16.9
2026-01-06,16.84,17.04,16.74,16.96
2026-01-07,16.96,17.28,16.95,17.12
2026-01-08,17.06,17.35,16.95,17.21
2026-01-09,17.16,17.75,17.1,17.43
2026-01-12,17.5,17.9,17.39,17.85
2026-01-13,17.8,17.8,17.23,17.31
2026-01-14,17.43,17.77,17.16,17.41
2026-01-15,17.52,17.7,17.3,17.64
2026-01-16,17.69,19.33,17.59,18.84
2026-01-19,19.8,20.62,19.7,19.92
2026-01-20,19.93,20.93,19.93,20.19
2026-01-21,20.18,21.12,19.99,20.57
2026-01-22,20.91,21.05,20.14,20.67
2026-01-23,20.83,21.21,20.54,20.88
2026-01-26,20.88,21.24,20.43,20.63
2026-01-27,20.62,21.48,20.1,21.03
2026-01-28,21.64,21.85,21.07,21.43
2026-01-29,21.44,22.22,21.12,21.19
2026-01-30,21.0,21.19,19.61,20.5
2026-02-02,20.29,20.56,19.33,19.37
2026-02-03,19.6,20.07,19.3,20.0
2026-02-04,19.82,20.75,19.79,20.72
2026-02-05,20.5,22.79,20.44,22.79
2026-02-06,21.93,22.3,21.21,21.28
2026-02-09,21.43,21.59,20.68,21.1
2026-02-10,21.2,21.89,21.14,21.24
2026-02-11,21.24,22.0,21.0,21.06
2026-02-12,21.14,22.9,20.8,22.53
2026-02-13,22.3,22.35,21.26,21.27
2026-02-24,23.4,23.4,23.4,23.4
2026-02-25,25.04,25.74,24.71,25.74
2026-02-26,25.33,26.57,24.71,25.73
2026-02-27,25.5,26.75,25.15,26.0
2026-03-02,25.41,27.5,25.41,26.5
2026-03-03,26.45,26.45,23.85,23.85
2026-03-04,23.13,24.7,23.09,23.9
2026-03-05,24.57,24.57,23.45,23.75
2026-03-06,23.75,24.1,22.83,23.75
2026-03-09,23.39,23.5,22.12,23.01
2026-03-10,23.56,24.08,23.3,23.89
2026-03-11,23.75,24.44,23.3,23.4
2026-03-12,23.4,23.5,21.93,22.5
2026-03-13,22.24,22.38,21.59,21.7
2026-03-16,21.7,22.02,21.17,21.95
2026-03-17,22.09,22.88,21.31,22.4
2026-03-18,22.65,22.98,22.08,22.5
2026-03-19,21.86,22.93,21.4,22.53
2026-03-20,22.36,22.58,21.16,21.29
2026-03-23,20.6,20.8,19.4,19.58
2026-03-24,19.88,20.16,19.1,20.1
2026-03-25,20.3,20.65,19.9,20.15
2026-03-26,20.05,20.23,19.33,19.43
2026-03-27,19.0,19.78,18.91,19.61
2026-03-30,19.2,19.4,18.84,19.36
2026-03-31,19.31,19.68,18.9,18.93
2026-04-01,19.39,19.61,19.23,19.52
2026-04-02,19.39,19.4,18.41,18.62
2026-04-03,18.72,18.87,18.5,18.61
2026-04-07,18.7,18.92,18.44,18.55
2026-04-08,19.19,20.41,19.19,19.83
2026-04-09,19.65,20.03,19.5,19.73
2026-04-10,19.96,20.33,19.95,19.96
2026-04-13,19.81,20.68,19.78,20.49
2026-04-14,20.98,21.14,20.45,20.84
2026-04-15,21.41,21.8,20.9,21.04
2026-04-16,21.06,22.4,21.04,22.22
2026-04-17,22.0,22.29,21.83,21.99
2026-04-20,22.01,22.8,21.87,22.17
2026-04-21,21.66,22.47,21.41,22.19
2026-04-22,22.0,22.59,21.89,22.48
2026-04-23,22.5,22.58,21.68,22.16
2026-04-24,22.01,23.17,22.01,22.73
2026-04-27,23.42,23.99,22.91,23.29
2026-04-28,23.08,24.99,22.87,24.44
2026-04-29,23.84,25.88,23.58,25.28
2026-04-30,25.51,25.58,24.54,25.09
2026-05-06,25.5,25.58,24.71,24.81
2026-05-07,24.9,25.5,24.76,25.15
2026-05-08,24.8,26.18,24.52,25.87
2026-05-11,26.38,28.46,26.2,28.46
2026-05-12,28.97,29.85,28.03,29.45
2026-05-13,28.88,29.77,28.6,29.57
2026-05-14,29.96,30.2,28.19,28.21
2026-05-15,28.3,28.7,26.7,27.0
2026-05-18,26.77,29.7,26.77,29.43
2026-05-19,29.6,32.37,29.03,32.37
2026-05-20,33.5,34.95,33.0,34.0
2026-05-21,34.87,36.19,34.01,34.2
2026-05-22,36.89,37.62,36.21,37.62
2026-05-25,41.38,41.38,41.38,41.38
2026-05-26,42.12,43.5,40.18,41.7
2026-05-27,42.0,44.99,41.72,44.22
2026-05-28,44.6,48.64,44.5,48.64
2026-05-29,51.82,53.5,49.55,53.03
2026-06-01,48.98,58.26,48.98,55.05
2026-06-02,53.48,60.56,52.5,59.91
2026-06-03,59.09,61.67,56.8,60.54
2026-06-04,58.8,64.59,58.8,63.5
2026-06-05,60.0,62.17,57.96,59.65
2026-06-08,58.76,60.0,54.55,55.53
2026-06-09,55.8,61.08,53.86,61.08
2026-06-10,62.91,63.99,58.61,59.81
2026-06-11,60.01,65.79,59.5,64.3
2026-06-12,66.5,66.5,57.87,59.12
2026-06-15,61.5,65.03,60.7,65.03
2026-06-16,68.24,71.53,68.0,70.61
2026-06-17,69.98,74.09,68.88,74.06
2026-06-18,71.5,76.1,71.22,74.6
2026-06-22,74.61,75.75,70.33,72.98
2026-06-23,71.41,71.88,66.66,70.21
2026-06-24,69.51,73.5,69.0,72.38
2026-06-25,73.1,79.62,71.0,79.62
2026-06-26,77.5,80.53,77.34,78.5
2026-06-29,78.53,84.0,77.08,80.27
2026-06-30,72.24,72.24,72.24,72.24
2026-07-01,74.98,76.8,69.5,74.4
2026-07-02,69.82,71.17,66.96,66.96
2026-07-03,65.5,68.68,61.27,63.23
2026-07-06,64.99,65.78,58.3,58.5
2026-07-07,57.79,63.0,56.01,61.26
2026-07-08,61.87,63.08,57.5,60.7
2026-07-09,61.89,65.0,59.16,64.55
2026-07-10,64.7,66.28,60.0,60.01
2026-07-13,56.0,57.5,54.01,54.01
2026-07-14,52.12,59.41,50.23,59.41
2026-07-15,59.41,59.5,53.47,54.5
2026-07-16,52.91,56.05,50.67,51.7
2026-07-17,51.0,52.3,46.53,46.53
2026-07-20,46.53,47.3,41.88,41.88
2026-07-21,41.0,44.89,37.69,44.32
2026-07-22,43.55,45.6,40.88,41.3
2026-07-23,44.0,45.43,42.48,43.21
2026-07-24,42.52,43.34,40.16,40.22
2026-07-27,40.94,44.24,40.01,44.24
2026-07-28,43.11,45.5,42.4,43.19
2026-07-29,43.76,47.51,43.67,47.51
2026-07-30,48.67,52.26,46.38,50.5
2026-07-31,55.55,55.55,48.39,49.35
2026-08-03,48.0,53.18,47.01,51.96
2026-08-04,50.02,55.69,48.08,54.33
2026-08-05,52.5,59.76,52.5,57.8
2026-08-06,56.01,59.13,54.8,58.28
2026-08-07,57.18,61.79,55.52,58.29
2026-08-10,57.77,63.96,54.33,61.7
2026-08-11,60.88,67.87,60.88,65.85
2026-08-12,63.86,66.64,62.6,66.51
2026-08-13,67.52,67.52,61.55,62.02
2026-08-14,62.49,63.7,60.65,62.73
2026-08-17,62.03,63.5,60.92,63.44
2026-08-18,63.0,65.65,62.0,62.34
2026-08-19,59.5,61.4,56.11,56.11
2026-08-20,56.5,56.95,52.32,53.09
2026-08-21,53.12,55.12,51.88,54.67
2026-08-24,54.71,55.0,50.55,51.91
2026-08-25,50.79,52.59,49.46,51.33
2026-08-26,51.55,51.89,50.0,51.01
2026-08-27,52.02,54.29,51.2,54.11
2026-08-28,55.0,57.36,54.5,55.45
2026-08-31,53.5,55.88,52.22,55.88
2026-09-01,55.59,56.09,51.87,51.87
2026-09-02,50.04,51.3,48.87,49.78
2026-09-03,50.35,51.7,49.39,50.62
2026-09-04,51.01,51.63,47.97,48.41
2026-09-07,48.9,50.9,48.2,50.45
2026-09-08,50.46,51.09,49.63,49.83
2026-09-09,50.5,51.5,49.36,49.7
2026-09-10,49.0,51.45,48.58,50.9
2026-09-11,51.5,55.99,51.09,55.99
