date,open,high,low,close
1996-12-05,18.0,23.0,18.0,21.4
1996-12-06,20.48,21.5,20.0,20.56
1996-12-09,20.3,21.0,19.71,20.66
1996-12-10,20.3,21.1,19.85,20.5
1996-12-11,20.5,22.7,20.45,22.3
1996-12-12,22.5,22.69,20.5,20.9
1996-12-13,20.7,20.7,19.5,19.5
1996-12-16,17.55,17.55,17.55,17.55
1996-12-17,15.8,15.8,15.8,15.8
1996-12-18,14.22,16.0,14.22,15.5
1996-12-19,15.2,15.2,13.85,13.85
1996-12-20,12.47,12.47,12.47,12.47
1996-12-23,11.22,12.77,11.22,11.22
1996-12-24,11.0,11.64,10.1,10.1
1996-12-25,9.15,10.5,9.09,10.5
1996-12-26,10.5,11.0,10.4,10.67
1996-12-27,11.19,11.74,10.88,11.71
1996-12-30,12.05,12.89,11.9,12.89
1996-12-31,13.5,14.13,12.9,13.18
1997-01-02,13.1,13.75,12.8,13.2
1997-01-03,13.15,13.2,12.4,12.5
1997-01-06,12.0,12.4,11.22,11.28
1997-01-07,10.7,12.3,10.7,12.15
1997-01-08,12.0,12.3,11.6,11.8
1997-01-09,11.82,12.1,11.78,11.85
1997-01-10,12.0,12.2,11.8,12.08
1997-01-13,12.3,12.8,12.3,12.75
1997-01-14,12.7,12.98,12.1,12.31
1997-01-15,12.18,12.8,12.18,12.64
1997-01-16,12.65,12.65,12.12,12.45
1997-01-17,12.39,12.5,12.18,12.43
1997-01-20,12.45,12.53,12.28,12.4
1997-01-21,12.5,12.8,12.45,12.6
1997-01-22,12.3,12.56,12.25,12.43
1997-01-23,12.5,12.97,12.25,12.8
1997-01-24,12.8,13.0,12.5,12.68
1997-01-27,12.8,13.3,12.6,13.25
1997-01-28,13.2,13.4,12.9,13.09
1997-01-29,13.0,13.1,12.76,12.8
1997-01-30,12.79,13.05,12.6,12.77
1997-01-31,12.82,12.98,12.67,12.69
1997-02-17,12.8,13.08,12.8,12.92
1997-02-18,12.7,12.93,11.63,11.63
1997-02-19,11.63,12.5,11.58,12.21
1997-02-20,10.96,11.8,10.96,11.6
1997-02-21,11.6,11.9,11.6,11.84
1997-02-24,12.3,13.04,12.21,13.04
1997-02-25,13.88,14.34,13.55,14.15
1997-02-26,14.0,14.35,13.51,14.17
1997-02-27,14.17,14.89,14.02,14.4
1997-02-28,14.4,14.8,14.1,14.61
1997-03-03,14.8,15.39,14.8,15.3
1997-03-04,15.09,15.52,14.71,15.05
1997-03-05,15.07,15.2,14.31,14.38
1997-03-06,14.28,14.65,14.1,14.5
1997-03-07,14.7,14.7,14.1,14.23
1997-03-10,14.36,14.99,14.36,14.82
1997-03-11,14.82,15.52,14.7,15.39
1997-03-12,15.5,16.0,15.5,15.79
1997-03-13,15.7,15.7,15.2,15.49
1997-03-14,15.1,15.6,15.06,15.5
1997-03-17,16.0,16.6,15.82,16.07
1997-03-18,16.2,16.42,15.67,15.89
1997-03-19,15.8,16.06,15.55,15.97
1997-03-20,16.0,16.8,15.9,16.0
1997-03-21,15.7,16.25,15.7,16.19
1997-03-24,16.25,16.5,15.6,15.8
1997-03-25,14.8,15.24,14.4,14.86
1997-03-26,14.8,15.15,14.26,14.77
1997-03-27,14.8,14.92,14.38,14.45
1997-03-28,14.5,14.95,14.42,14.51
1997-03-31,14.7,14.7,14.33,14.67
1997-04-01,14.7,14.96,14.6,14.88
1997-04-02,14.91,15.03,14.6,14.7
1997-04-03,14.7,14.7,14.28,14.59
1997-04-04,14.65,14.85,14.4,14.55
1997-04-07,14.56,14.7,14.1,14.36
1997-04-08,14.34,14.35,14.0,14.04
1997-04-09,14.0,14.49,14.0,14.43
1997-04-10,14.4,14.48,14.2,14.24
1997-04-11,14.2,14.3,13.8,14.01
1997-04-14,14.0,14.64,14.0,14.41
1997-04-15,14.4,14.5,14.2,14.35
1997-04-16,14.4,14.51,14.35,14.39
1997-04-17,14.4,14.5,14.39,14.45
1997-04-18,14.6,15.18,14.6,15.09
1997-04-21,15.28,15.5,14.95,15.47
1997-04-22,15.55,16.16,15.55,15.9
1997-04-23,16.0,16.4,15.63,15.77
1997-04-24,15.6,15.6,15.1,15.45
1997-04-28,14.98,16.0,14.98,15.76
1997-04-29,16.18,16.2,15.2,15.69
1997-04-30,15.9,15.96,15.5,15.79
1997-05-05,16.0,16.02,15.49,15.77
1997-05-06,11.8,11.8,11.31,11.35
1997-05-07,11.4,12.49,11.08,12.25
1997-05-08,12.2,12.2,11.18,11.23
1997-05-09,11.2,11.8,11.0,11.63
1997-05-12,12.38,12.79,12.3,12.79
1997-05-13,13.58,13.77,13.0,13.3
1997-05-14,13.0,13.18,11.98,12.17
1997-05-15,11.9,12.5,11.8,12.43
1997-05-16,11.19,12.1,11.19,11.19
1997-05-19,11.2,11.5,10.85,11.1
1997-05-20,11.4,11.4,11.15,11.24
1997-05-21,11.0,11.28,10.45,10.56
1997-05-22,9.5,10.0,9.5,9.5
1997-05-23,9.2,9.5,8.8,9.0
1997-05-26,9.05,9.25,8.3,8.6
1997-05-27,8.79,9.2,8.6,9.09
1997-05-28,9.11,9.29,8.95,9.16
1997-05-29,9.14,9.2,8.98,9.06
1997-05-30,9.0,9.2,8.96,9.17
1997-06-02,9.5,9.85,9.45,9.85
1997-06-03,9.85,10.28,9.75,9.99
1997-06-04,10.0,10.17,9.95,10.1
1997-06-05,10.08,10.15,9.69,9.8
1997-06-06,8.82,9.35,8.82,8.93
1997-06-09,8.3,9.02,8.3,8.8
1997-06-10,8.8,9.0,8.5,8.6
1997-06-11,8.6,8.8,8.05,8.44
1997-06-12,8.5,8.75,8.5,8.51
1997-06-13,8.0,8.8,8.0,8.72
1997-06-16,8.9,9.06,8.68,8.85
1997-06-17,8.85,8.94,8.4,8.56
1997-06-18,8.5,8.56,8.45,8.45
1997-06-19,8.67,8.68,8.3,8.3
1997-06-20,8.36,8.8,8.36,8.79
1997-06-23,8.91,9.0,8.35,8.45
1997-06-24,8.65,9.0,8.6,8.89
1997-06-25,8.88,9.3,8.6,9.14
1997-06-26,9.0,9.08,8.75,8.79
1997-06-27,8.98,8.99,8.3,8.35
1997-07-02,8.35,8.43,7.54,7.72
1997-07-03,7.78,7.78,7.1,7.25
1997-07-04,6.99,7.25,6.85,7.22
1997-07-07,7.2,7.26,6.5,6.54
1997-07-08,6.45,6.7,6.2,6.6
1997-07-09,6.6,6.67,6.4,6.55
1997-07-10,6.58,7.05,6.5,6.8
1997-07-11,6.87,7.1,6.7,7.07
1997-07-14,7.1,7.38,6.91,7.25
1997-07-15,7.25,7.36,6.98,7.16
1997-07-16,7.28,7.3,7.09,7.19
1997-07-17,7.2,7.75,7.18,7.59
1997-07-18,7.59,7.99,7.28,7.9
1997-07-21,8.35,8.6,8.1,8.19
1997-07-22,8.3,8.48,7.88,8.34
1997-07-23,8.66,8.9,8.37,8.49
1997-07-24,8.52,8.59,8.0,8.09
1997-07-25,7.88,8.1,7.8,7.93
1997-07-28,7.9,7.91,7.35,7.4
1997-07-29,7.2,7.8,7.15,7.4
1997-07-30,7.55,7.76,7.46,7.72
1997-07-31,7.75,7.9,7.7,7.7
1997-08-01,7.7,7.82,7.6,7.8
1997-08-04,7.8,8.2,7.7,8.11
1997-08-05,8.15,8.4,8.03,8.08
1997-08-06,8.0,8.18,7.82,7.9
1997-08-07,7.8,8.16,7.6,8.15
1997-08-08,8.13,8.15,7.85,7.95
1997-08-11,8.05,8.2,7.8,7.86
1997-08-12,7.71,7.95,7.65,7.67
1997-08-13,7.7,7.75,7.25,7.29
1997-08-14,7.3,7.6,7.25,7.5
1997-08-15,7.78,7.78,7.05,7.33
1997-08-18,7.3,7.3,7.05,7.2
1997-08-19,7.5,7.5,7.3,7.32
1997-08-20,7.3,7.3,7.07,7.18
1997-08-21,7.23,7.4,7.18,7.35
1997-08-22,7.4,7.7,7.4,7.56
1997-08-25,7.58,7.9,7.42,7.44
1997-08-26,7.44,8.02,7.4,7.94
1997-08-27,7.94,8.2,7.85,8.02
1997-08-28,8.0,8.4,7.85,8.3
1997-08-29,7.81,8.25,7.76,7.82
1997-09-01,7.82,7.88,7.5,7.75
1997-09-02,7.74,7.8,7.58,7.71
1997-09-03,7.7,7.9,7.66,7.88
1997-09-04,7.78,8.19,7.68,7.98
1997-09-05,7.95,8.77,7.95,8.72
1997-09-08,8.8,9.53,8.75,9.5
1997-09-09,9.5,9.5,9.0,9.01
1997-09-10,8.85,9.18,8.8,9.08
1997-09-11,9.07,9.15,8.5,8.52
1997-09-12,8.5,8.68,8.19,8.23
1997-09-15,8.11,8.4,8.05,8.09
1997-09-16,8.2,8.4,8.01,8.18
1997-09-17,8.15,8.25,8.01,8.06
1997-09-18,8.12,8.39,8.01,8.37
1997-09-19,8.4,8.48,8.29,8.34
1997-09-22,8.29,8.3,7.51,7.51
1997-09-23,7.2,7.5,6.76,6.76
1997-09-24,7.0,7.39,6.83,7.32
1997-09-25,7.31,7.49,7.2,7.35
1997-09-26,7.38,7.38,7.02,7.23
1997-09-29,7.18,7.18,6.81,7.01
1997-09-30,7.05,7.15,6.99,7.07
1997-10-06,6.91,7.12,6.91,7.0
1997-10-07,7.0,7.18,6.9,7.15
1997-10-08,7.25,7.54,7.1,7.49
1997-10-09,7.51,7.58,7.3,7.37
1997-10-10,7.28,7.49,7.28,7.42
1997-10-13,7.36,7.4,7.2,7.23
1997-10-14,7.19,7.2,7.08,7.2
1997-10-15,7.22,7.35,7.16,7.25
1997-10-16,7.3,7.4,7.17,7.39
1997-10-17,7.48,7.63,7.38,7.51
1997-10-20,7.6,7.95,7.45,7.65
1997-10-21,7.8,7.85,7.6,7.7
1997-10-22,7.75,7.9,7.35,7.37
1997-10-23,7.48,7.48,7.2,7.45
1997-10-24,7.5,8.1,7.5,7.99
1997-10-27,8.09,8.2,7.75,7.98
1997-10-28,7.9,7.97,7.35,7.53
1997-10-29,7.3,7.69,7.25,7.65
1997-10-30,7.98,8.27,7.65,7.68
1997-10-31,7.52,7.74,7.38,7.68
1997-11-03,7.65,8.0,7.4,7.84
1997-11-04,7.8,7.9,7.63,7.85
1997-11-05,7.9,8.1,7.8,7.96
1997-11-06,8.05,8.1,7.85,7.89
1997-11-07,7.96,8.19,7.71,8.1
1997-11-10,8.15,8.35,8.06,8.24
1997-11-11,8.14,8.35,8.0,8.25
1997-11-12,8.28,8.6,8.2,8.24
1997-11-13,8.11,8.3,7.99,8.3
1997-11-14,8.4,8.4,8.13,8.13
1997-11-17,8.2,8.3,8.0,8.0
1997-11-18,8.1,8.1,7.7,7.7
1997-11-19,7.9,7.9,7.5,7.55
1997-11-20,7.8,7.8,7.41,7.51
1997-11-21,7.3,7.59,7.3,7.42
1997-11-24,7.33,7.35,7.05,7.06
1997-11-25,6.94,7.37,6.94,7.3
1997-11-26,7.38,7.48,7.15,7.38
1997-11-27,7.31,7.46,7.1,7.15
1997-11-28,7.0,7.4,7.0,7.35
1997-12-01,7.29,7.45,7.2,7.35
1997-12-02,7.45,7.5,7.25,7.46
1997-12-03,7.45,7.59,7.33,7.38
1997-12-04,7.38,7.49,7.18,7.44
1997-12-05,7.45,7.47,7.29,7.3
1997-12-08,7.25,7.5,7.2,7.46
1997-12-09,7.45,7.82,7.45,7.79
1997-12-10,7.69,7.82,7.62,7.67
1997-12-11,7.78,7.83,7.57,7.82
1997-12-12,7.99,7.99,7.73,7.75
1997-12-15,7.7,7.9,7.68,7.88
1997-12-16,7.93,7.99,7.86,7.98
1997-12-17,7.81,7.94,7.73,7.75
1997-12-18,7.7,7.9,7.6,7.67
1997-12-19,7.7,7.75,7.64,7.72
1997-12-22,7.7,7.7,7.46,7.5
1997-12-23,7.6,7.9,7.6,7.8
1997-12-24,7.78,7.83,7.55,7.64
1997-12-25,7.6,7.8,7.6,7.64
1997-12-26,7.65,7.9,7.64,7.85
1997-12-29,7.94,8.18,7.9,7.99
1997-12-30,7.54,8.15,7.54,7.94
1997-12-31,7.98,8.0,7.8,7.95
1998-01-05,8.08,8.08,7.85,7.96
1998-01-06,7.96,8.24,7.91,8.2
1998-01-07,8.3,8.33,8.03,8.09
1998-01-08,8.15,8.17,7.98,8.12
1998-01-09,8.1,8.37,8.02,8.19
1998-01-12,8.2,8.38,8.05,8.11
1998-01-13,8.08,8.08,7.3,7.5
1998-01-14,7.38,7.95,7.38,7.87
1998-01-15,7.85,7.93,7.68,7.81
1998-01-16,7.98,8.0,7.7,7.71
1998-01-19,7.6,7.95,7.51,7.88
1998-01-20,7.9,8.18,7.8,8.1
1998-01-21,8.1,8.15,7.75,7.75
1998-01-22,7.8,7.8,7.51,7.58
1998-01-23,7.58,7.79,7.55,7.6
1998-02-09,7.6,8.2,7.6,7.9
1998-02-10,7.95,7.95,7.71,7.79
1998-02-11,7.82,7.82,7.7,7.79
1998-02-12,7.75,8.05,7.68,7.83
1998-02-13,7.81,8.05,7.8,8.0
1998-02-16,8.08,8.37,8.0,8.19
1998-02-17,8.29,8.29,8.0,8.04
1998-02-18,8.08,8.08,7.8,7.86
1998-02-19,7.85,7.95,7.7,7.79
1998-02-20,7.8,7.83,7.65,7.75
1998-02-23,7.75,7.75,7.38,7.6
1998-02-24,7.66,7.77,7.55,7.66
1998-02-25,7.58,7.78,7.58,7.66
1998-02-26,7.76,7.76,7.42,7.61
1998-02-27,7.57,7.65,7.45,7.5
1998-03-02,7.3,7.45,7.18,7.24
1998-03-03,7.2,7.4,7.0,7.2
1998-03-04,7.25,7.33,7.11,7.32
1998-03-05,7.21,7.4,7.21,7.24
1998-03-06,7.21,7.25,7.1,7.22
1998-03-09,7.2,7.27,7.15,7.25
1998-03-10,7.08,7.26,7.08,7.1
1998-03-12,6.9,7.07,6.9,6.91
1998-03-13,6.91,7.05,6.88,7.03
1998-03-16,7.03,7.08,6.88,7.05
1998-03-17,7.1,7.22,7.02,7.22
1998-03-18,7.21,7.25,7.11,7.22
1998-03-19,7.24,7.36,7.24,7.32
1998-03-20,7.32,7.32,7.15,7.2
1998-03-23,7.0,7.21,7.0,7.16
1998-03-24,7.35,7.35,7.13,7.22
1998-03-25,7.3,7.3,7.1,7.16
1998-03-26,7.12,7.25,7.12,7.2
1998-03-27,7.02,7.26,7.02,7.24
1998-03-30,7.25,7.64,7.16,7.6
1998-03-31,7.6,7.98,7.58,7.96
1998-04-01,7.88,7.93,7.7,7.86
1998-04-02,7.88,8.09,7.75,7.85
1998-04-03,7.55,8.16,7.55,8.12
1998-04-06,8.35,8.7,8.15,8.59
1998-04-07,8.58,8.6,8.35,8.35
1998-04-08,8.3,8.75,8.3,8.55
1998-04-09,8.5,8.75,8.21,8.25
1998-04-10,8.25,8.35,8.05,8.12
1998-04-13,8.25,8.28,8.0,8.17
1998-04-14,8.17,8.57,8.15,8.41
1998-04-15,8.5,8.5,8.25,8.49
1998-04-16,8.45,8.77,8.39,8.39
1998-04-17,8.31,8.59,8.21,8.53
1998-04-20,8.21,8.55,8.21,8.32
1998-04-21,8.22,8.5,8.19,8.27
1998-04-23,8.4,9.1,8.25,8.96
1998-04-24,8.94,9.35,8.92,8.97
1998-04-27,9.0,9.4,8.8,8.95
1998-04-28,9.0,9.35,8.95,9.17
1998-04-29,9.25,9.35,9.04,9.12
1998-04-30,9.27,9.27,8.89,8.94
1998-05-04,8.8,9.3,8.8,9.11
1998-05-05,9.16,9.85,9.05,9.77
1998-05-06,9.77,10.17,9.54,9.96
1998-05-07,9.7,10.35,9.7,9.84
1998-05-08,9.7,10.35,9.7,10.29
1998-05-11,10.39,10.8,10.0,10.08
1998-05-12,10.08,10.28,9.75,9.83
1998-05-13,9.89,10.5,9.88,10.2
1998-05-14,10.27,10.6,10.17,10.26
1998-05-15,10.3,10.46,10.0,10.0
1998-05-18,10.0,10.2,9.79,9.85
1998-05-19,9.98,9.98,9.69,9.85
1998-05-20,9.91,9.91,9.7,9.85
1998-05-21,9.89,10.19,9.75,10.12
1998-05-22,10.2,10.28,10.0,10.09
1998-05-25,10.18,10.3,9.9,10.04
1998-05-27,10.22,11.08,10.21,10.97
1998-05-28,10.9,11.0,10.6,10.63
1998-05-29,10.8,10.88,10.5,10.6
1998-06-01,10.6,10.79,10.28,10.77
1998-06-02,10.77,10.81,10.3,10.38
1998-06-03,10.71,10.71,10.31,10.44
1998-06-04,10.46,10.5,10.1,10.19
1998-06-05,10.01,10.37,9.88,9.9
1998-06-08,9.91,9.95,9.29,9.35
1998-06-09,9.23,9.65,8.85,8.98
1998-06-10,8.9,9.29,8.9,9.0
1998-06-11,9.0,9.0,8.6,8.8
1998-06-12,9.0,9.24,8.95,9.18
1998-06-15,9.2,9.2,8.89,8.92
1998-06-16,8.9,8.92,8.58,8.84
1998-06-17,8.89,8.95,8.6,8.64
1998-06-18,8.95,9.04,8.64,8.95
1998-06-19,8.9,9.3,8.9,9.27
1998-06-20,8.9,9.3,8.9,9.27
1998-06-22,9.29,9.5,9.27,9.3
1998-06-23,9.25,9.25,8.9,9.01
1998-06-24,9.01,9.07,8.82,9.05
1998-06-25,9.1,9.1,8.68,8.69
1998-06-26,8.8,8.84,8.65,8.69
1998-06-29,8.5,8.7,8.32,8.36
1998-06-30,8.49,8.49,7.9,8.0
1998-07-01,8.1,8.37,8.0,8.21
1998-07-02,8.3,8.35,8.08,8.29
1998-07-03,8.3,9.0,8.3,8.42
1998-07-06,8.47,8.48,8.1,8.13
1998-07-07,8.2,8.4,8.18,8.28
1998-07-08,8.33,8.41,8.25,8.32
1998-07-09,8.36,8.63,8.36,8.5
1998-07-10,8.55,8.77,8.55,8.65
1998-07-13,8.66,8.68,8.4,8.6
1998-07-14,8.6,8.66,8.26,8.29
1998-07-15,8.3,8.63,8.27,8.38
1998-07-16,8.48,8.48,8.11,8.18
1998-07-17,8.1,8.28,8.06,8.11
1998-07-20,8.07,8.07,7.65,7.7
1998-07-21,7.68,7.95,7.6,7.85
1998-07-22,7.85,7.88,7.72,7.77
1998-07-23,7.85,8.28,7.78,8.25
1998-07-24,7.93,8.48,7.93,8.41
1998-07-27,8.46,8.98,8.46,8.87
1998-07-28,8.9,9.02,8.75,8.96
1998-07-29,8.9,8.96,8.55,8.56
1998-07-30,8.65,8.84,8.56,8.71
1998-07-31,8.5,9.19,8.5,8.99
1998-08-03,8.99,9.26,8.99,9.0
1998-08-04,8.9,9.05,8.65,8.8
1998-08-05,8.98,8.98,8.72,8.87
1998-08-06,8.95,8.95,8.62,8.63
1998-08-07,8.62,8.7,8.46,8.48
1998-08-10,8.7,8.7,8.11,8.16
1998-08-11,8.2,8.35,7.9,7.95
1998-08-12,7.96,8.19,7.72,8.11
1998-08-13,8.35,8.35,7.9,8.16
1998-08-14,7.92,8.25,7.85,8.04
1998-08-17,8.33,8.35,7.24,7.24
1998-08-18,7.04,7.45,6.94,6.96
1998-08-19,7.0,7.5,6.85,7.42
1998-08-20,7.48,7.86,7.4,7.85
1998-08-21,7.9,8.15,7.63,8.14
1998-08-24,8.14,8.34,8.1,8.33
1998-08-25,8.2,8.3,7.55,8.25
1998-08-26,8.2,8.32,8.0,8.17
1998-08-27,7.75,8.25,7.75,8.18
1998-08-28,8.0,8.15,7.9,7.99
1998-08-31,7.9,8.25,7.6,8.11
1998-09-01,8.1,8.48,7.9,8.27
1998-09-02,8.25,8.7,8.18,8.69
1998-09-03,8.54,8.83,8.5,8.52
1998-09-04,8.5,8.7,8.5,8.57
1998-09-07,8.65,8.7,8.46,8.67
1998-09-08,8.67,8.82,8.37,8.41
1998-09-09,8.4,8.83,8.4,8.8
1998-09-10,8.72,8.98,8.52,8.87
1998-09-14,9.15,9.39,9.05,9.31
1998-09-15,9.03,10.09,9.0,9.7
1998-09-16,9.67,10.05,9.6,9.98
1998-09-17,10.1,10.19,9.7,9.83
1998-09-18,9.78,10.7,9.75,10.4
1998-09-21,10.5,11.33,10.5,11.23
1998-09-22,11.33,11.68,10.92,11.15
1998-09-23,11.15,11.45,10.98,11.24
1998-09-24,10.73,11.44,10.6,11.29
1998-09-25,11.35,12.2,11.3,12.17
1998-09-28,12.57,12.8,12.18,12.3
1998-09-29,12.1,12.48,11.79,11.81
1998-09-30,12.0,12.22,11.6,12.19
1998-10-05,12.21,12.58,12.0,12.14
1998-10-06,12.05,12.2,11.85,11.92
1998-10-07,11.66,12.3,11.66,11.89
1998-10-08,11.86,12.1,11.86,12.04
1998-10-09,12.01,12.3,11.96,12.28
1998-10-12,12.4,12.5,12.0,12.45
1998-10-13,12.5,12.65,12.0,12.31
1998-10-14,12.31,12.5,12.0,12.48
1998-10-15,12.4,12.55,12.26,12.55
1998-10-16,12.65,13.33,12.61,13.1
1998-10-19,13.31,13.35,12.5,12.64
1998-10-20,12.58,12.69,11.93,12.1
1998-10-21,12.05,12.46,11.97,12.13
1998-10-22,12.09,12.4,11.75,12.39
1998-10-23,12.48,12.5,12.0,12.05
1998-10-26,11.92,12.1,11.76,12.1
1998-10-27,12.0,12.46,11.96,12.38
1998-10-28,12.38,13.08,12.38,12.87
1998-10-29,12.9,13.05,12.81,12.98
1998-10-30,12.98,13.1,12.81,12.85
1998-11-02,12.83,13.2,12.55,12.68
1998-11-03,12.69,12.9,12.32,12.5
1998-11-04,13.0,13.0,12.52,12.57
1998-11-05,12.6,13.2,12.51,12.92
1998-11-06,12.88,12.96,12.4,12.68
1998-11-09,12.96,12.96,12.53,12.6
1998-11-10,12.6,12.93,12.5,12.78
1998-11-11,12.3,12.92,12.3,12.66
1998-11-12,12.6,12.8,12.28,12.71
1998-11-13,12.5,13.3,12.5,12.97
1998-11-16,13.0,14.06,13.0,14.01
1998-11-17,14.1,14.2,13.65,13.79
1998-11-18,13.7,13.98,13.63,13.78
1998-11-19,13.91,13.91,13.3,13.43
1998-11-20,13.3,13.54,13.21,13.32
1998-11-23,13.35,13.59,13.3,13.38
1998-11-24,13.3,13.5,13.2,13.24
1998-11-25,13.24,13.45,12.91,13.05
1998-11-26,13.0,13.1,12.61,12.85
1998-11-27,12.91,12.91,12.65,12.8
1998-11-30,12.8,12.9,12.61,12.86
1998-12-01,12.65,13.1,12.49,12.87
1998-12-02,12.9,12.9,12.65,12.82
1998-12-03,12.68,12.9,12.65,12.85
1998-12-04,12.88,12.88,12.5,12.86
1998-12-07,12.85,12.85,12.5,12.5
1998-12-09,12.75,12.87,12.5,12.84
1998-12-10,12.8,12.86,12.5,12.55
1998-12-11,12.4,12.6,11.91,12.24
1998-12-14,12.09,12.2,11.2,11.84
1998-12-15,11.76,11.98,11.4,11.97
1998-12-16,11.85,12.18,11.8,11.98
1998-12-17,11.81,12.0,11.75,11.92
1998-12-18,11.51,12.2,11.51,12.18
1998-12-21,11.95,12.52,11.95,12.15
1998-12-22,12.2,12.35,12.1,12.32
1998-12-23,12.21,12.32,12.16,12.31
1998-12-24,12.4,12.5,12.19,12.27
1998-12-25,11.5,12.4,11.5,11.91
1998-12-28,11.8,12.08,11.66,11.7
1998-12-29,11.8,11.9,11.49,11.49
1998-12-30,11.85,11.85,11.01,11.15
1998-12-31,11.15,11.5,11.0,11.35
1999-01-04,11.3,11.45,11.25,11.34
1999-01-05,11.3,11.48,11.0,11.13
1999-01-06,11.01,11.4,11.01,11.37
1999-01-07,11.25,11.39,11.15,11.38
1999-01-08,11.4,11.75,11.4,11.65
1999-01-11,11.65,11.85,11.5,11.65
1999-01-12,11.6,11.84,11.49,11.71
1999-01-13,11.68,11.68,11.41,11.57
1999-01-14,11.4,11.8,11.4,11.47
1999-01-15,11.3,11.75,11.28,11.51
1999-01-18,11.5,11.56,11.28,11.56
1999-01-19,11.7,12.19,11.48,12.1
1999-01-20,12.1,12.3,12.1,12.17
1999-01-21,12.17,12.24,12.11,12.22
1999-01-22,12.3,12.35,12.0,12.34
1999-01-25,12.23,12.41,12.23,12.3
1999-01-26,12.1,12.3,11.79,11.89
1999-01-27,11.96,12.18,11.8,11.86
1999-01-28,11.91,12.05,11.8,11.96
1999-01-29,12.22,12.22,11.92,12.08
1999-02-01,12.05,12.1,11.6,11.89
1999-02-02,11.82,12.15,11.65,12.14
1999-02-03,12.0,12.69,12.0,12.51
1999-02-04,12.55,13.75,12.33,13.11
1999-02-05,13.0,13.1,12.55,12.83
1999-02-08,13.18,13.18,12.31,12.77
1999-02-09,12.78,12.89,12.56,12.8
1999-03-01,12.85,13.0,12.6,12.79
1999-03-02,12.81,12.89,12.6,12.65
1999-03-03,12.7,12.98,12.45,12.6
1999-03-04,12.78,13.12,12.6,13.01
1999-03-05,13.2,13.2,12.85,13.05
1999-03-08,13.13,13.19,12.89,13.13
1999-03-09,13.25,13.9,13.21,13.77
1999-03-10,13.93,14.32,13.7,13.99
1999-03-11,14.35,14.5,13.98,13.98
1999-03-12,14.02,14.25,13.85,13.86
1999-03-15,13.92,14.05,13.62,13.86
1999-03-17,14.0,14.19,13.66,13.68
1999-03-18,13.7,13.89,13.65,13.78
1999-03-19,13.85,14.1,13.73,14.1
1999-03-22,14.2,14.34,13.99,14.12
1999-03-23,14.1,14.35,13.95,14.3
1999-03-24,14.35,14.67,14.1,14.16
1999-03-25,14.2,14.2,13.9,13.91
1999-03-26,13.81,13.99,13.72,13.78
1999-03-29,13.8,14.09,13.8,13.96
1999-03-30,14.0,14.01,13.8,13.96
1999-03-31,10.74,10.74,10.35,10.4
1999-04-01,10.35,10.98,10.35,10.88
1999-04-02,10.88,11.29,10.65,10.84
1999-04-05,10.84,10.84,10.41,10.68
1999-04-06,10.65,10.8,10.4,10.69
1999-04-07,10.85,11.01,10.51,10.53
1999-04-08,10.5,10.7,10.5,10.55
1999-04-09,10.5,10.65,10.47,10.55
1999-04-12,10.43,10.7,10.38,10.6
1999-04-13,10.6,10.65,10.38,10.51
1999-04-14,10.4,10.49,10.26,10.29
1999-04-15,10.34,10.67,10.15,10.17
1999-04-16,10.02,10.18,10.02,10.05
1999-04-19,10.03,10.18,9.9,10.13
1999-04-20,10.3,10.3,9.96,10.07
1999-04-21,10.1,10.11,9.96,10.02
1999-04-22,9.9,9.95,9.6,9.8
1999-04-23,9.75,10.0,9.75,9.79
1999-04-26,9.8,9.8,9.4,9.44
1999-04-27,9.4,9.98,9.38,9.85
1999-04-28,9.98,10.35,9.4,9.59
1999-04-29,9.45,9.97,9.45,9.89
1999-04-30,9.95,10.03,9.75,9.93
1999-05-04,10.0,10.0,9.8,9.96
1999-05-05,10.2,10.55,10.1,10.35
1999-05-06,10.4,11.07,10.36,10.67
1999-05-07,10.7,10.76,10.4,10.55
1999-05-10,10.4,10.47,9.92,10.0
1999-05-11,10.2,10.42,10.1,10.28
1999-05-12,10.28,10.6,10.15,10.34
1999-05-13,10.55,10.55,10.15,10.2
1999-05-14,10.2,10.32,9.98,10.01
1999-05-17,9.7,10.23,9.7,10.2
1999-05-18,10.35,10.37,9.91,10.0
1999-05-19,10.1,10.5,10.05,10.48
1999-05-20,10.6,10.88,10.37,10.78
1999-05-21,10.78,10.84,10.5,10.56
1999-05-24,10.55,11.1,10.35,10.78
1999-05-25,10.85,11.8,10.78,11.0
1999-05-26,10.9,11.4,10.86,11.4
1999-05-27,11.4,11.68,11.16,11.4
1999-05-28,11.48,11.5,11.0,11.46
1999-05-31,11.4,11.85,11.22,11.7
1999-06-01,11.98,12.58,11.5,11.98
1999-06-02,11.95,12.0,11.21,11.29
1999-06-03,11.24,11.24,10.88,10.96
1999-06-04,10.91,11.44,10.8,11.28
1999-06-07,11.25,11.3,11.0,11.28
1999-06-08,11.3,11.49,11.09,11.2
1999-06-09,11.3,11.46,11.01,11.19
1999-06-10,11.3,11.73,11.15,11.59
1999-06-11,11.57,12.25,11.5,12.2
1999-06-14,12.48,13.0,12.15,12.34
1999-06-15,12.48,12.85,11.45,11.65
1999-06-16,12.0,12.25,11.76,12.25
1999-06-17,12.35,12.6,11.9,12.3
1999-06-18,12.4,12.5,11.96,12.25
1999-06-21,12.7,13.53,12.5,13.53
1999-06-22,14.0,14.59,13.7,14.41
1999-06-23,14.5,14.75,13.9,14.68
1999-06-24,14.72,15.13,14.3,14.81
1999-06-25,14.75,16.29,14.7,14.7
1999-06-28,14.9,16.24,14.9,16.24
1999-06-29,17.1,17.86,16.5,17.86
1999-06-30,17.5,18.06,16.18,16.35
1999-07-01,16.48,16.5,14.72,14.99
1999-07-02,15.3,16.49,15.1,16.49
1999-07-05,17.0,17.58,16.4,16.8
1999-07-06,16.59,16.89,15.51,15.99
1999-07-07,16.1,16.5,15.51,16.48
1999-07-08,16.65,16.74,15.75,15.99
1999-07-09,16.0,16.08,15.36,15.58
1999-07-12,15.8,17.12,15.5,16.76
1999-07-13,16.75,16.75,15.6,16.02
1999-07-14,16.06,16.5,15.55,15.97
1999-07-15,16.0,16.15,15.76,15.99
1999-07-16,16.0,16.0,14.85,15.0
1999-07-19,14.58,14.58,13.46,13.46
1999-07-20,13.01,14.21,13.0,14.2
1999-07-21,14.19,14.47,13.8,14.22
1999-07-22,14.22,14.22,13.2,13.42
1999-07-23,13.2,14.33,13.1,14.0
1999-07-26,14.0,14.15,13.41,13.49
1999-07-27,13.69,13.94,13.31,13.7
1999-07-28,13.63,13.78,13.35,13.45
1999-07-29,13.65,14.0,13.41,13.53
1999-07-30,13.68,13.77,12.7,12.93
1999-08-02,12.89,12.89,12.49,12.67
1999-08-03,12.8,13.2,12.68,13.1
1999-08-04,13.1,13.3,12.95,13.1
1999-08-05,13.12,13.28,13.03,13.24
1999-08-06,13.24,13.25,12.73,13.01
1999-08-09,12.98,12.99,12.65,12.81
1999-08-10,12.74,12.75,12.53,12.75
1999-08-11,12.68,12.75,12.5,12.65
1999-08-12,12.68,13.05,12.5,12.71
1999-08-13,12.65,12.98,12.65,12.79
1999-08-16,13.2,13.2,12.67,12.97
1999-08-17,13.0,13.27,12.95,13.18
1999-08-18,13.2,13.21,12.7,12.85
1999-08-19,12.9,13.35,12.76,13.33
1999-08-20,13.5,13.5,13.1,13.24
1999-08-23,13.18,13.2,12.88,13.0
1999-08-24,13.0,13.29,12.8,12.83
1999-08-25,12.85,13.2,12.8,12.91
1999-08-26,12.9,12.95,12.7,12.8
1999-08-27,12.8,12.89,12.75,12.79
1999-08-30,12.75,12.98,12.58,12.81
1999-08-31,13.0,13.19,12.71,13.18
1999-09-01,13.2,13.7,13.2,13.48
1999-09-02,13.46,13.55,13.1,13.5
1999-09-03,13.5,13.97,13.41,13.67
1999-09-06,13.65,13.7,13.2,13.26
1999-09-07,13.25,13.48,13.24,13.27
1999-09-08,13.27,13.35,13.09,13.11
1999-09-09,13.5,14.0,13.31,14.0
1999-09-10,14.0,14.2,13.61,13.65
1999-09-13,13.65,13.9,13.53,13.85
1999-09-14,14.0,14.26,13.73,13.75
1999-09-15,13.8,13.9,13.45,13.48
1999-09-16,13.48,13.5,13.2,13.25
1999-09-17,13.47,13.47,13.28,13.34
1999-09-20,13.3,13.35,13.1,13.1
1999-09-21,13.1,13.2,12.87,13.2
1999-09-22,13.25,13.25,13.08,13.18
1999-09-23,13.2,13.2,12.8,12.82
1999-09-24,12.81,13.14,12.81,12.98
1999-09-27,13.01,13.1,12.82,12.84
1999-09-28,12.78,12.85,12.7,12.72
1999-09-29,12.72,12.97,12.65,12.66
1999-09-30,12.71,12.8,12.65,12.7
1999-10-08,12.7,12.85,12.68,12.74
1999-10-11,12.7,12.8,12.5,12.58
1999-10-12,12.51,12.7,12.4,12.6
1999-10-13,12.6,12.7,12.18,12.27
1999-10-14,12.2,12.65,12.1,12.4
1999-10-15,12.4,12.65,12.39,12.53
1999-10-18,12.6,12.68,12.25,12.28
1999-10-19,12.15,12.4,12.1,12.1
1999-10-20,12.05,12.38,12.05,12.23
1999-10-21,11.83,12.28,11.7,11.7
1999-10-22,11.71,12.2,11.71,12.12
1999-10-25,11.88,12.18,11.6,11.96
1999-10-26,11.9,12.49,11.9,12.03
1999-10-27,12.06,12.47,12.06,12.45
1999-10-28,12.5,12.5,12.35,12.47
1999-10-29,12.5,12.56,12.02,12.35
1999-11-01,12.0,12.33,11.98,12.0
1999-11-02,11.81,12.2,11.81,12.06
1999-11-03,12.01,12.12,11.84,11.89
1999-11-04,11.9,11.9,11.66,11.88
1999-11-05,11.89,12.2,11.8,12.19
1999-11-08,12.2,12.28,12.07,12.14
1999-11-09,12.15,12.15,11.85,11.9
1999-11-10,11.81,11.81,11.6,11.7
1999-11-11,11.7,11.8,11.62,11.68
1999-11-12,11.7,11.7,11.5,11.56
1999-11-15,11.5,11.51,11.25,11.3
1999-11-16,11.38,11.9,11.36,11.55
1999-11-17,11.5,11.65,11.45,11.64
1999-11-18,11.6,12.08,11.6,11.92
1999-11-19,11.83,12.21,11.74,12.0
1999-11-22,12.0,12.02,11.65,11.74
1999-11-23,12.09,12.1,11.5,11.6
1999-11-24,11.6,11.85,11.49,11.79
1999-11-25,11.55,12.0,11.5,11.62
1999-11-26,11.62,12.09,11.5,12.0
1999-11-29,12.09,12.21,11.8,11.8
1999-11-30,11.8,12.0,11.75,12.0
1999-12-01,11.9,12.0,11.8,11.8
1999-12-02,11.83,11.88,11.66,11.7
1999-12-03,11.82,11.82,11.58,11.6
1999-12-06,11.65,11.66,11.5,11.52
1999-12-07,11.55,11.79,11.5,11.66
1999-12-08,11.6,11.7,11.51,11.63
1999-12-09,11.58,11.75,11.51,11.71
1999-12-10,11.7,11.7,11.4,11.47
1999-12-13,11.51,11.69,11.4,11.62
1999-12-14,11.6,11.67,11.53,11.59
1999-12-15,11.6,11.81,11.54,11.67
1999-12-16,11.67,11.8,11.63,11.73
1999-12-21,11.58,11.76,11.36,11.68
1999-12-22,11.65,11.85,11.65,11.75
1999-12-23,11.8,11.8,11.43,11.45
1999-12-24,11.38,11.54,11.11,11.36
1999-12-27,11.3,11.3,10.95,11.0
1999-12-28,10.94,11.2,10.91,11.09
1999-12-29,11.02,11.4,11.0,11.34
1999-12-30,11.1,11.8,11.1,11.69
2000-01-04,11.4,11.78,11.4,11.7
2000-01-05,11.5,11.9,11.5,11.7
2000-01-06,11.42,12.18,11.42,12.02
2000-01-07,12.01,12.58,12.0,12.57
2000-01-10,12.7,12.7,12.4,12.63
2000-01-11,12.6,12.6,11.9,11.95
2000-01-12,11.95,12.12,11.6,11.6
2000-01-13,11.55,11.7,11.45,11.52
2000-01-14,11.5,11.6,11.38,11.39
2000-01-17,11.35,11.6,11.27,11.53
2000-01-18,11.53,11.6,11.38,11.4
2000-01-19,11.4,11.52,11.25,11.44
2000-01-20,11.41,12.2,11.4,12.19
2000-01-21,12.25,12.26,11.7,11.86
2000-01-24,11.8,12.3,11.6,11.79
2000-01-25,11.81,12.28,11.81,12.22
2000-01-26,12.3,12.3,12.0,12.06
2000-01-27,12.3,12.48,11.98,12.0
2000-01-28,12.0,12.3,11.71,11.81
2000-02-14,11.9,12.99,11.9,12.99
2000-02-15,13.1,13.9,12.6,12.81
2000-02-16,12.7,13.2,12.43,13.0
2000-02-17,13.05,13.55,11.7,11.95
2000-02-18,11.9,12.5,11.61,12.38
2000-02-21,12.35,12.5,11.95,12.0
2000-02-22,12.1,12.2,11.8,11.81
2000-02-23,11.85,12.09,11.7,11.75
2000-02-24,11.8,12.0,11.62,11.91
2000-02-25,11.81,11.9,11.55,11.65
2000-02-28,11.6,12.2,11.59,12.01
2000-03-01,11.8,12.68,11.8,12.27
2000-03-02,12.2,12.45,11.81,12.0
2000-03-03,12.2,12.2,11.88,12.06
2000-03-06,12.12,12.75,12.06,12.1
2000-03-07,12.01,12.01,11.68,11.94
2000-03-08,11.9,12.0,11.61,11.96
2000-03-09,12.0,12.1,11.65,11.85
2000-03-10,11.8,11.8,11.46,11.5
2000-03-13,11.5,11.79,11.48,11.75
2000-03-14,11.6,12.04,11.5,11.94
2000-03-15,12.0,12.31,11.99,12.24
2000-03-16,11.92,12.05,11.58,11.7
2000-03-17,11.72,11.98,11.69,11.86
2000-03-20,11.8,12.55,11.66,12.41
2000-03-21,12.5,12.86,12.3,12.56
2000-03-22,12.56,13.21,12.31,13.18
2000-03-23,13.2,13.35,12.98,13.09
2000-03-24,13.3,13.48,12.7,12.87
2000-03-27,12.85,13.16,12.8,13.0
2000-03-28,13.1,13.85,12.95,13.65
2000-03-29,13.64,13.75,12.8,13.08
2000-03-30,13.08,13.49,13.0,13.34
2000-03-31,13.38,13.45,13.08,13.29
2000-04-03,13.35,14.21,13.2,14.04
2000-04-04,14.05,14.07,13.51,13.7
2000-04-05,13.5,13.98,13.46,13.73
2000-04-06,13.75,13.98,13.55,13.85
2000-04-07,13.9,14.65,13.9,14.1
2000-04-10,14.15,14.4,13.91,14.08
2000-04-11,14.06,14.06,13.66,13.72
2000-04-12,13.75,13.9,13.3,13.63
2000-04-13,13.5,13.97,13.41,13.62
2000-04-14,13.85,13.87,13.5,13.75
2000-04-18,13.8,14.21,13.6,13.85
2000-04-19,14.0,14.78,13.88,14.59
2000-04-20,14.57,15.05,14.5,14.8
2000-04-21,14.86,14.98,14.4,14.42
2000-04-24,14.7,14.88,14.3,14.44
2000-04-25,14.68,14.68,14.09,14.34
2000-04-26,14.6,14.6,14.11,14.19
2000-04-27,14.3,14.5,14.02,14.1
2000-04-28,14.0,14.28,13.86,14.12
2000-05-08,14.12,14.68,14.12,14.45
2000-05-09,14.18,14.6,14.18,14.21
2000-05-10,14.1,14.2,13.4,13.42
2000-05-11,13.41,13.61,13.28,13.36
2000-05-12,13.36,13.48,13.2,13.21
2000-05-15,13.21,13.21,12.55,12.86
2000-05-16,12.86,13.2,12.75,12.94
2000-05-17,12.9,13.1,12.88,12.96
2000-05-18,12.92,13.3,12.92,13.3
2000-05-19,13.4,13.55,13.18,13.45
2000-05-22,13.69,14.04,13.45,13.7
2000-05-23,14.01,14.4,13.8,14.0
2000-05-24,13.98,14.2,13.8,13.96
2000-05-25,14.06,14.3,14.0,14.2
2000-05-26,14.25,14.32,13.9,14.03
2000-05-29,14.0,14.1,13.79,13.89
2000-05-30,13.86,14.17,13.83,13.89
2000-05-31,13.85,14.44,13.8,14.19
2000-06-01,14.36,14.48,14.0,14.37
2000-06-02,14.4,14.9,14.25,14.66
2000-06-05,14.8,15.2,14.38,14.45
2000-06-06,14.48,14.72,14.28,14.59
2000-06-07,14.59,15.08,14.59,14.79
2000-06-08,14.86,15.03,14.58,14.98
2000-06-09,14.98,15.5,14.7,14.88
2000-06-12,14.9,15.07,14.59,14.83
2000-06-13,15.0,16.02,14.9,15.94
2000-06-14,16.48,16.48,15.49,15.54
2000-06-15,15.55,15.85,15.36,15.69
2000-06-16,15.88,16.3,15.6,16.06
2000-06-19,16.3,16.67,15.89,15.99
2000-06-20,16.09,16.09,15.45,15.48
2000-06-21,15.4,16.04,15.31,16.0
2000-06-22,15.65,16.4,15.65,16.09
2000-06-23,16.1,16.98,16.1,16.9
2000-06-26,17.0,17.1,16.66,16.88
2000-06-27,16.74,17.15,16.68,17.13
2000-06-28,16.85,17.55,16.85,17.39
2000-06-29,17.2,17.48,16.72,17.06
2000-06-30,16.8,17.15,16.6,17.15
2000-07-03,16.9,17.0,16.6,16.76
2000-07-04,16.7,16.81,16.1,16.45
2000-07-05,16.3,16.46,16.11,16.12
2000-07-06,16.0,16.4,16.0,16.24
2000-07-07,16.15,17.0,16.15,16.97
2000-07-10,16.65,17.55,16.65,17.05
2000-07-11,16.85,17.4,16.71,17.19
2000-07-12,16.95,17.18,16.79,16.94
2000-07-13,16.9,17.15,16.5,17.05
2000-07-14,16.95,18.0,16.9,18.0
2000-07-17,17.7,18.1,17.52,17.85
2000-07-18,17.8,17.95,17.63,17.92
2000-07-19,18.01,18.25,17.86,17.95
2000-07-20,17.85,17.95,17.55,17.79
2000-07-21,17.65,17.9,17.6,17.77
2000-07-24,17.6,17.8,17.2,17.5
2000-07-25,17.36,17.67,17.25,17.37
2000-07-26,17.37,17.88,17.3,17.84
2000-07-27,17.78,17.98,17.52,17.8
2000-07-28,17.81,17.94,17.46,17.54
2000-07-31,17.3,17.53,16.6,16.84
2000-08-01,16.75,17.1,16.75,17.0
2000-08-02,16.88,17.28,16.86,17.2
2000-08-03,17.95,17.95,16.95,17.21
2000-08-04,17.1,17.35,16.7,17.06
2000-08-07,16.85,17.1,16.85,16.92
2000-08-08,17.77,18.0,17.31,18.0
2000-08-09,18.0,19.65,18.0,19.56
2000-08-10,19.2,19.4,18.83,19.14
2000-08-11,19.1,19.3,18.56,18.7
2000-08-14,18.72,19.0,18.48,18.75
2000-08-15,19.0,19.59,18.93,19.2
2000-08-16,19.25,19.3,18.8,18.97
2000-08-17,18.93,19.09,18.78,19.01
2000-08-18,19.05,19.4,19.0,19.08
2000-08-21,19.08,19.3,19.08,19.21
2000-08-22,19.21,19.28,18.4,18.77
2000-08-23,18.73,18.73,17.18,17.99
2000-08-24,17.99,18.44,17.7,18.4
2000-08-25,18.2,18.6,18.1,18.36
2000-08-28,18.32,18.32,18.0,18.09
2000-08-29,18.12,18.62,18.12,18.45
2000-08-30,18.45,18.45,18.02,18.17
2000-08-31,17.95,18.51,17.3,18.4
2000-09-01,17.58,17.99,17.38,17.63
2000-09-04,17.6,17.6,17.03,17.48
2000-09-05,17.28,17.55,16.61,17.01
2000-09-06,16.65,17.0,16.6,16.62
2000-09-07,16.85,17.08,16.66,16.85
2000-09-08,16.75,17.05,16.66,16.9
2000-09-11,16.9,16.95,16.3,16.67
2000-09-12,16.6,17.0,16.51,16.97
2000-09-13,16.85,17.25,16.65,17.12
2000-09-14,16.96,17.18,16.92,17.0
2000-09-15,17.0,17.59,17.0,17.27
2000-09-18,17.2,17.4,16.6,16.65
2000-09-19,16.5,16.75,16.05,16.19
2000-09-20,16.3,16.48,15.76,16.04
2000-09-21,16.0,16.0,15.56,15.6
2000-09-22,15.6,15.88,15.23,15.81
2000-09-25,15.65,15.73,15.3,15.43
2000-09-26,15.5,15.98,15.45,15.72
2000-09-27,15.8,15.95,15.64,15.91
2000-09-28,15.91,15.98,15.74,15.85
2000-09-29,15.8,16.2,15.8,16.08
2000-10-09,16.25,16.28,15.9,16.17
2000-10-10,16.24,16.42,16.05,16.42
2000-10-11,16.78,16.78,16.19,16.2
2000-10-12,16.2,16.45,16.2,16.3
2000-10-13,16.21,16.43,16.18,16.23
2000-10-16,16.22,16.22,15.81,15.81
2000-10-17,15.76,16.0,15.56,15.99
2000-10-18,15.9,16.2,15.8,16.2
2000-10-19,16.1,16.43,16.06,16.22
2000-10-20,16.22,17.2,16.2,16.99
2000-10-23,17.09,17.1,16.69,16.97
2000-10-24,16.95,17.0,16.53,16.98
2000-10-25,16.95,17.28,16.74,17.17
2000-10-26,17.1,17.25,16.8,16.82
2000-10-27,16.8,17.0,16.66,16.99
2000-10-30,16.95,17.1,16.77,16.93
2000-10-31,16.93,16.98,16.49,16.51
2000-11-01,16.5,16.7,16.44,16.55
2000-11-02,16.55,16.85,16.5,16.6
2000-11-03,16.7,16.7,16.42,16.51
2000-11-06,16.61,16.7,16.45,16.69
2000-11-07,16.93,16.93,16.7,16.8
2000-11-08,16.88,17.1,16.8,16.92
2000-11-09,16.85,17.08,16.8,16.99
2000-11-10,17.1,17.47,16.98,17.4
2000-11-13,17.45,17.85,17.4,17.59
2000-11-14,17.6,17.65,17.3,17.5
2000-11-15,17.45,17.99,17.45,17.79
2000-11-16,17.87,18.09,17.79,17.88
2000-11-17,17.92,17.98,17.4,17.56
2000-11-20,17.56,17.76,17.2,17.7
2000-11-21,17.71,18.47,17.71,18.28
2000-11-22,18.2,18.71,18.12,18.69
2000-11-23,18.8,18.88,18.51,18.68
2000-11-24,18.65,18.65,17.6,17.7
2000-11-27,17.5,18.0,17.3,17.75
2000-11-28,17.8,17.98,17.76,17.9
2000-11-29,17.85,17.9,17.5,17.56
2000-11-30,17.56,17.68,17.44,17.57
2000-12-01,17.6,17.95,17.6,17.89
2000-12-04,17.86,18.3,17.85,18.22
2000-12-05,18.3,18.3,17.9,18.0
2000-12-06,18.06,18.12,17.9,18.05
2000-12-07,17.95,18.18,17.95,18.15
2000-12-08,18.16,18.3,18.0,18.02
2000-12-11,18.0,18.0,17.7,17.73
2000-12-12,17.71,17.82,17.62,17.77
2000-12-13,17.77,17.77,17.56,17.69
2000-12-14,17.7,17.75,17.45,17.51
2000-12-15,17.48,17.65,17.32,17.42
2000-12-18,17.38,17.7,17.36,17.7
2000-12-19,17.6,18.05,17.58,17.94
2000-12-20,17.8,18.28,17.76,18.27
2000-12-21,18.29,18.7,18.29,18.47
2000-12-22,18.48,18.6,18.28,18.41
2000-12-25,18.38,18.76,18.38,18.73
2000-12-26,18.68,19.09,18.67,18.83
2000-12-27,18.98,18.98,18.53,18.9
2000-12-28,18.75,18.99,18.48,18.84
2000-12-29,18.8,19.2,18.62,19.16
2001-01-02,18.8,18.9,17.61,17.77
2001-01-03,17.5,18.5,16.16,18.49
2001-01-04,18.3,18.3,17.6,17.79
2001-01-05,17.7,17.97,17.55,17.87
2001-01-08,17.8,17.8,16.9,16.99
2001-01-09,16.98,17.15,16.66,17.0
2001-01-10,17.1,17.32,16.89,17.27
2001-01-11,17.25,17.47,17.0,17.3
2001-01-12,17.3,17.3,17.04,17.15
2001-01-15,17.12,17.12,16.58,16.65
2001-01-16,16.5,16.99,16.12,16.74
2001-01-17,16.64,16.8,15.75,15.85
2001-01-18,16.0,16.34,15.9,16.22
2001-01-19,16.2,16.53,16.2,16.45
2001-02-05,16.55,16.62,16.01,16.11
2001-02-06,16.0,16.4,15.85,16.3
2001-02-07,16.2,16.39,16.12,16.15
2001-02-08,16.1,16.3,15.88,15.9
2001-02-09,16.2,16.3,15.9,16.0
2001-02-12,16.02,16.08,15.78,16.07
2001-02-13,16.1,16.18,16.05,16.06
2001-02-14,16.05,16.35,16.05,16.33
2001-02-15,16.25,16.38,16.08,16.14
2001-02-16,16.08,16.08,15.62,15.91
2001-02-19,16.01,16.06,15.81,16.03
2001-02-20,15.97,16.28,15.88,15.93
2001-02-21,15.9,15.9,14.96,15.19
2001-02-22,15.5,15.65,13.7,14.12
2001-02-23,13.98,13.98,13.19,13.63
2001-02-26,13.63,14.1,13.51,14.08
2001-02-27,14.08,14.28,13.9,14.2
2001-02-28,14.18,14.38,14.01,14.24
2001-03-01,14.24,14.31,14.04,14.22
2001-03-02,14.22,14.7,14.22,14.56
2001-03-05,14.6,14.67,14.4,14.49
2001-03-06,14.5,14.5,14.1,14.22
2001-03-07,14.25,14.52,14.25,14.4
2001-03-08,14.4,14.48,14.3,14.43
2001-03-09,14.43,14.65,14.36,14.61
2001-03-12,14.63,14.68,14.48,14.54
2001-03-13,14.5,14.56,14.26,14.37
2001-03-14,14.37,14.45,14.21,14.42
2001-03-15,14.45,14.72,14.42,14.66
2001-03-16,14.7,14.73,14.48,14.57
2001-03-19,14.63,14.86,14.48,14.83
2001-03-20,14.84,15.55,14.81,15.5
2001-03-21,15.5,15.55,15.3,15.39
2001-03-22,15.49,15.62,15.3,15.59
2001-03-23,15.6,15.73,15.1,15.11
2001-03-26,15.01,15.4,14.96,15.38
2001-03-27,15.32,15.58,14.98,15.44
2001-03-28,15.51,16.0,15.48,15.89
2001-03-29,15.96,16.19,15.88,16.05
2001-03-30,16.02,16.02,15.74,16.0
2001-04-02,16.0,16.08,15.77,15.81
2001-04-03,15.85,16.0,15.6,15.7
2001-04-04,15.72,15.85,15.2,15.32
2001-04-05,15.29,15.59,15.22,15.56
2001-04-06,15.6,15.65,15.25,15.28
2001-04-09,15.31,15.45,15.16,15.38
2001-04-10,15.38,15.6,15.35,15.6
2001-04-11,14.52,15.2,14.52,14.87
2001-04-12,14.81,14.85,14.51,14.77
2001-04-13,14.78,15.05,14.77,15.04
2001-04-16,15.01,15.04,14.88,14.98
2001-04-17,14.98,15.1,14.94,15.05
2001-04-18,15.05,15.05,14.82,14.84
2001-04-19,14.84,15.06,14.8,14.98
2001-04-20,15.01,15.02,14.63,14.88
2001-04-23,15.2,15.48,15.1,15.18
2001-04-24,15.21,15.28,15.15,15.22
2001-04-25,15.3,15.4,14.95,15.0
2001-04-26,14.95,14.99,14.71,14.75
2001-04-27,14.75,14.86,14.61,14.71
2001-04-30,14.71,14.73,14.5,14.55
2001-05-08,14.56,14.76,14.55,14.6
2001-05-09,14.6,14.75,14.35,14.39
2001-05-10,14.39,14.71,14.3,14.69
2001-05-14,14.6,14.76,14.4,14.64
2001-05-15,14.75,14.97,14.65,14.94
2001-05-16,14.98,15.05,14.88,14.98
2001-05-17,15.0,15.0,14.75,14.77
2001-05-18,14.72,14.75,14.51,14.7
2001-05-21,14.7,14.92,14.63,14.9
2001-05-22,14.98,15.45,14.97,15.39
2001-05-23,15.44,15.44,15.0,15.13
2001-05-24,15.13,15.73,15.12,15.62
2001-05-25,15.7,15.75,15.46,15.66
2001-05-28,15.71,15.85,15.3,15.39
2001-05-29,15.38,15.41,15.2,15.26
2001-05-30,15.28,15.6,15.26,15.51
2001-05-31,15.52,15.59,15.28,15.38
2001-06-01,15.46,15.6,15.37,15.48
2001-06-04,15.5,15.8,15.5,15.75
2001-06-05,15.78,16.15,15.62,16.13
2001-06-06,16.15,16.4,16.1,16.2
2001-06-07,16.18,16.2,15.95,15.97
2001-06-08,15.95,15.95,15.7,15.87
2001-06-11,15.86,15.87,15.57,15.6
2001-06-12,15.58,15.9,15.56,15.69
2001-06-13,15.7,15.9,15.7,15.9
2001-06-14,15.88,15.98,15.45,15.46
2001-06-15,15.38,15.6,15.3,15.5
2001-06-18,15.5,15.5,14.9,15.0
2001-06-19,15.0,15.2,14.95,15.1
2001-06-20,15.16,15.16,14.91,14.93
2001-06-21,14.96,15.18,14.96,15.14
2001-06-22,15.18,15.29,15.04,15.16
2001-06-25,15.17,15.46,15.16,15.39
2001-06-26,15.42,15.67,15.28,15.52
2001-06-27,15.5,15.58,15.4,15.49
2001-06-28,15.48,15.48,15.0,15.23
2001-06-29,15.23,15.4,15.23,15.3
2001-07-02,15.28,15.3,15.05,15.1
2001-07-03,15.1,15.19,15.02,15.18
2001-07-04,15.18,15.4,15.16,15.19
2001-07-05,15.16,15.21,15.01,15.03
2001-07-06,15.03,15.1,14.98,15.07
2001-07-09,15.2,15.39,15.16,15.29
2001-07-10,15.35,15.39,15.21,15.38
2001-07-11,15.4,15.42,15.25,15.27
2001-07-12,15.21,15.21,15.03,15.15
2001-07-13,15.2,15.38,15.06,15.07
2001-07-16,15.1,15.2,14.73,14.79
2001-07-17,14.74,14.9,14.39,14.88
2001-07-18,14.97,14.97,14.69,14.85
2001-07-19,14.8,14.85,14.7,14.77
2001-07-20,14.8,14.96,14.75,14.88
2001-07-23,14.98,14.98,14.75,14.86
2001-07-24,14.8,14.8,14.5,14.52
2001-07-25,14.5,14.6,14.3,14.51
2001-07-26,14.0,14.02,13.45,13.49
2001-07-27,13.33,13.48,13.01,13.14
2001-07-30,13.01,13.03,12.48,12.5
2001-07-31,12.38,12.6,11.78,11.83
2001-08-01,11.85,12.45,11.85,12.32
2001-08-02,12.32,12.35,11.88,12.22
2001-08-03,12.12,12.32,12.1,12.25
2001-08-06,12.23,12.32,11.85,12.02
2001-08-07,11.98,12.32,11.9,12.24
2001-08-08,12.25,12.31,12.12,12.14
2001-08-09,12.16,12.44,12.16,12.38
2001-08-10,12.45,12.96,12.45,12.7
2001-08-13,12.94,13.2,12.75,13.0
2001-08-14,13.02,13.05,12.68,12.91
2001-08-15,12.88,12.89,12.75,12.86
2001-08-16,12.86,12.87,12.55,12.56
2001-08-17,12.52,12.65,12.5,12.6
2001-08-20,12.6,12.82,12.58,12.76
2001-08-21,12.8,12.92,12.71,12.78
2001-08-22,12.7,12.7,12.45,12.53
2001-08-23,12.46,12.55,12.21,12.55
2001-08-24,12.5,12.6,12.3,12.31
2001-08-27,12.31,12.32,11.94,12.0
2001-08-28,11.92,12.4,11.9,12.4
2001-08-29,12.5,12.5,12.27,12.36
2001-08-30,12.2,12.25,12.1,12.11
2001-08-31,12.11,12.21,12.1,12.13
2001-09-03,12.13,12.13,12.0,12.1
2001-09-04,12.12,12.33,12.12,12.33
2001-09-05,12.35,12.88,12.35,12.6
2001-09-06,12.6,12.78,12.43,12.52
2001-09-07,12.42,12.44,12.12,12.12
2001-09-10,11.96,12.55,11.8,12.52
2001-09-11,12.59,12.64,12.46,12.63
2001-09-12,11.6,12.45,11.6,12.36
2001-09-13,12.3,12.5,12.21,12.26
2001-09-14,12.26,12.3,12.1,12.12
2001-09-17,12.1,12.12,11.92,11.93
2001-09-18,11.9,12.12,11.9,12.05
2001-09-19,12.1,12.25,11.92,12.23
2001-09-20,12.23,12.38,12.12,12.14
2001-09-21,12.14,12.14,12.0,12.01
2001-09-24,11.92,12.2,11.88,12.0
2001-09-25,12.0,12.2,11.96,12.0
2001-09-26,12.0,12.01,11.85,11.86
2001-09-27,11.85,12.36,11.85,11.95
2001-09-28,12.0,12.18,11.88,11.93
2001-10-08,11.9,12.0,11.1,11.21
2001-10-09,11.05,11.4,11.05,11.19
2001-10-10,11.2,11.2,10.5,10.58
2001-10-11,10.6,10.8,10.16,10.24
2001-10-12,10.25,10.57,9.9,10.36
2001-10-15,10.35,10.65,10.18,10.54
2001-10-16,10.54,10.56,10.2,10.36
2001-10-17,10.32,10.38,10.1,10.25
2001-10-18,10.2,10.5,10.1,10.12
2001-10-19,10.15,10.15,9.4,9.5
2001-10-22,9.3,9.5,8.94,8.95
2001-10-23,9.7,9.85,9.5,9.85
2001-10-24,10.48,10.83,10.2,10.78
2001-10-25,10.61,10.78,10.36,10.36
2001-10-26,10.31,10.5,10.22,10.37
2001-10-29,10.42,10.55,10.38,10.52
2001-10-30,10.5,10.55,10.29,10.35
2001-10-31,10.35,10.4,10.2,10.4
2001-11-01,10.42,10.55,10.26,10.49
2001-11-05,10.33,10.33,10.16,10.22
2001-11-06,10.15,10.2,9.96,10.0
2001-11-07,9.94,10.05,9.41,9.41
2001-11-08,9.15,9.5,9.1,9.42
2001-11-09,9.46,9.66,9.26,9.61
2001-11-12,9.66,9.82,9.58,9.64
2001-11-13,9.6,9.6,9.45,9.58
2001-11-14,9.58,9.65,9.55,9.6
2001-11-15,9.6,9.78,9.57,9.67
2001-11-16,10.57,10.62,9.95,9.97
2001-11-19,9.86,10.18,9.86,10.15
2001-11-20,10.21,10.4,10.19,10.37
2001-11-21,10.39,10.43,10.26,10.4
2001-11-22,10.4,10.47,10.3,10.46
2001-11-23,10.46,10.46,10.35,10.39
2001-11-26,10.39,10.39,10.19,10.26
2001-11-27,10.26,10.49,10.2,10.49
2001-11-28,10.6,10.77,10.5,10.69
2001-11-29,10.74,10.8,10.65,10.71
2001-11-30,10.71,10.98,10.68,10.96
2001-12-03,11.08,11.18,11.0,11.07
2001-12-04,11.08,11.1,10.98,11.07
2001-12-05,11.03,11.15,10.76,10.77
2001-12-06,10.67,10.93,10.6,10.9
2001-12-07,10.9,10.98,10.8,10.82
2001-12-10,10.82,10.82,10.61,10.76
2001-12-11,10.8,10.8,10.6,10.6
2001-12-12,10.65,10.65,10.5,10.52
2001-12-13,10.52,10.56,10.25,10.27
2001-12-14,10.25,10.25,10.08,10.09
2001-12-17,10.0,10.2,9.99,10.11
2001-12-18,10.2,10.45,10.14,10.45
2001-12-19,10.43,10.43,10.25,10.25
2001-12-20,10.2,10.2,10.0,10.04
2001-12-21,10.03,10.18,9.9,9.92
2001-12-24,10.06,10.13,9.91,9.99
2001-12-25,9.91,10.07,9.9,10.0
2001-12-26,9.92,10.06,9.83,10.06
2001-12-27,10.15,10.15,9.99,9.99
2001-12-28,10.0,10.15,9.95,10.12
2001-12-31,10.15,10.38,10.12,10.37
2002-01-04,10.3,10.3,10.01,10.03
2002-01-07,10.01,10.01,9.9,9.93
2002-01-08,9.95,10.02,9.95,9.97
2002-01-09,9.9,9.96,9.83,9.96
2002-01-10,10.0,10.45,9.96,10.39
2002-01-11,10.39,10.42,10.1,10.15
2002-01-14,10.0,10.08,9.51,9.51
2002-01-15,9.36,9.71,9.18,9.18
2002-01-16,9.18,9.46,9.09,9.39
2002-01-17,9.4,9.41,8.86,8.91
2002-01-18,8.81,8.81,8.03,8.17
2002-01-21,7.8,8.18,7.7,7.76
2002-01-22,7.6,8.16,7.59,7.87
2002-01-23,7.69,8.35,7.1,8.34
2002-01-24,8.11,8.5,7.8,8.31
2002-01-25,8.25,8.42,8.1,8.35
2002-01-28,8.38,8.38,7.62,7.7
2002-01-29,7.7,8.1,7.31,7.99
2002-01-30,7.99,8.1,7.95,8.04
2002-01-31,8.1,8.84,8.1,8.84
2002-02-01,8.91,9.05,8.71,8.83
2002-02-04,8.75,8.98,8.72,8.92
2002-02-05,8.92,9.08,8.81,9.0
2002-02-06,9.0,9.07,8.5,8.62
2002-02-07,8.85,9.48,8.8,9.48
2002-02-08,9.95,10.28,9.63,9.92
2002-02-25,10.09,10.2,9.82,10.03
2002-02-26,9.9,9.98,9.8,9.94
2002-02-27,9.85,10.15,9.83,10.08
2002-02-28,10.08,10.15,9.81,10.03
2002-03-01,9.83,9.98,9.8,9.86
2002-03-04,9.7,9.98,9.64,9.96
2002-03-05,9.96,10.27,9.88,10.25
2002-03-06,10.25,10.5,10.11,10.34
2002-03-07,10.34,10.6,10.16,10.58
2002-03-08,10.6,10.96,10.48,10.79
2002-03-11,10.75,10.87,10.56,10.84
2002-03-12,10.79,10.79,10.42,10.43
2002-03-13,10.31,10.56,10.12,10.14
2002-03-14,10.15,10.48,10.15,10.47
2002-03-15,10.52,10.65,10.2,10.29
2002-03-18,10.29,10.51,10.07,10.2
2002-03-19,10.45,10.58,10.21,10.52
2002-03-20,10.52,10.84,10.5,10.7
2002-03-21,10.7,10.95,10.65,10.77
2002-03-22,10.87,10.9,10.5,10.53
2002-03-25,10.53,10.6,10.47,10.54
2002-03-26,10.55,10.55,10.24,10.29
2002-03-27,10.2,10.84,10.15,10.79
2002-03-28,10.68,10.8,10.6,10.62
2002-03-29,10.62,10.62,10.25,10.28
2002-04-01,10.25,10.6,10.2,10.6
2002-04-02,10.6,10.79,10.38,10.64
2002-04-03,10.72,11.3,10.52,11.07
2002-04-04,11.08,11.5,10.75,11.3
2002-04-05,11.36,11.4,11.1,11.12
2002-04-08,11.09,11.17,10.8,10.89
2002-04-09,11.01,11.18,10.92,11.09
2002-04-10,11.09,11.28,10.95,11.26
2002-04-11,11.33,11.33,10.88,10.9
2002-04-12,10.82,11.38,10.82,10.94
2002-04-15,10.98,11.07,10.73,11.05
2002-04-16,11.02,11.1,10.87,11.06
2002-04-17,11.04,11.14,10.85,11.08
2002-04-18,11.06,11.09,10.82,11.07
2002-04-19,10.98,11.07,10.76,11.02
2002-04-22,10.93,11.0,10.84,10.98
2002-04-23,10.85,10.98,10.83,10.94
2002-04-24,10.85,10.91,10.78,10.87
2002-04-25,10.7,10.8,10.56,10.79
2002-04-26,10.65,10.95,10.6,10.92
2002-04-29,10.75,11.27,10.75,11.12
2002-04-30,11.0,11.43,11.0,11.4
2002-05-08,11.2,11.45,11.2,11.4
2002-05-09,11.25,11.69,11.25,11.63
2002-05-10,11.6,11.79,11.48,11.6
2002-05-13,11.52,11.53,11.26,11.49
2002-05-15,11.36,11.56,11.11,11.25
2002-05-16,11.06,11.15,10.46,10.51
2002-05-17,10.5,10.77,10.32,10.68
2002-05-20,10.6,10.6,10.21,10.48
2002-05-21,10.78,11.0,10.58,10.91
2002-05-22,10.92,10.98,10.55,10.7
2002-05-23,10.73,10.9,10.7,10.71
2002-05-24,10.7,10.72,10.4,10.49
2002-05-27,10.4,10.55,10.4,10.53
2002-05-28,10.6,10.7,10.5,10.64
2002-05-29,10.58,10.58,10.02,10.3
2002-05-30,10.21,10.35,10.01,10.25
2002-05-31,10.21,10.25,9.99,10.0
2002-06-03,9.81,10.06,9.68,9.92
2002-06-04,10.0,10.1,9.9,10.06
2002-06-05,10.06,10.06,9.76,9.76
2002-06-06,9.8,10.38,9.76,10.24
2002-06-07,10.28,10.39,10.1,10.27
2002-06-10,10.25,10.25,10.05,10.1
2002-06-11,9.92,10.2,9.92,10.15
2002-06-12,10.13,10.15,9.9,10.12
2002-06-13,10.0,10.22,9.96,10.14
2002-06-14,9.97,10.09,9.93,10.06
2002-06-17,10.0,10.07,9.91,10.06
2002-06-18,10.11,10.3,10.05,10.3
2002-06-19,10.1,10.25,10.1,10.12
2002-06-20,10.1,10.3,10.1,10.2
2002-06-21,10.35,10.65,10.21,10.59
2002-06-24,11.65,11.65,11.0,11.65
2002-06-25,11.65,11.85,11.24,11.32
2002-06-26,11.25,11.65,11.06,11.62
2002-06-27,11.6,11.76,11.4,11.44
2002-06-28,11.42,11.55,11.17,11.25
2002-07-01,11.22,11.41,11.16,11.17
2002-07-02,11.18,11.28,11.13,11.23
2002-07-03,11.23,11.25,11.13,11.21
2002-07-04,11.21,11.28,10.96,10.97
2002-07-05,10.98,11.09,10.9,11.01
2002-07-08,11.05,11.2,10.98,11.02
2002-07-09,11.06,11.1,10.91,10.96
2002-07-10,10.8,10.8,10.58,10.63
2002-07-11,10.69,10.7,10.33,10.52
2002-07-12,10.38,10.69,10.38,10.52
2002-07-15,10.52,10.52,10.41,10.45
2002-07-16,10.45,10.63,10.45,10.54
2002-07-17,10.56,10.56,10.37,10.44
2002-07-18,10.48,10.75,10.48,10.61
2002-07-19,10.8,10.8,10.56,10.68
2002-07-22,10.75,10.75,10.46,10.46
2002-07-23,10.47,10.55,10.39,10.43
2002-07-24,10.46,10.46,10.33,10.38
2002-07-25,10.42,10.55,10.4,10.42
2002-07-26,10.44,10.48,10.38,10.43
2002-07-29,10.55,10.55,10.33,10.46
2002-07-30,10.47,10.54,10.37,10.53
2002-07-31,10.43,10.53,10.37,10.4
2002-08-01,10.4,10.5,10.31,10.42
2002-08-02,10.42,10.52,10.4,10.5
2002-08-05,10.45,10.48,10.33,10.46
2002-08-06,10.43,10.59,10.4,10.58
2002-08-07,10.64,10.64,10.52,10.57
2002-08-08,10.56,10.59,10.45,10.52
2002-08-09,10.35,10.48,10.35,10.45
2002-08-12,10.35,10.4,10.23,10.33
2002-08-13,10.25,10.39,10.25,10.36
2002-08-14,10.4,10.5,10.36,10.45
2002-08-15,10.45,10.5,10.38,10.45
2002-08-16,10.4,10.59,10.33,10.55
2002-08-19,10.4,10.55,10.4,10.49
2002-08-20,10.5,10.63,10.43,10.6
2002-08-21,10.62,10.62,10.45,10.55
2002-08-22,10.58,10.8,10.55,10.73
2002-08-23,10.81,10.81,10.65,10.72
2002-08-26,10.72,10.72,10.55,10.61
2002-08-27,10.57,10.82,10.55,10.78
2002-08-28,10.83,10.83,10.68,10.73
2002-08-29,10.78,10.78,10.58,10.67
2002-08-30,10.65,10.65,10.56,10.6
2002-09-02,10.56,10.78,10.56,10.68
2002-09-03,10.6,10.77,10.6,10.69
2002-09-04,10.74,10.75,10.6,10.6
2002-09-05,10.56,10.6,10.4,10.41
2002-09-06,10.38,10.5,10.3,10.31
2002-09-09,10.4,10.47,10.23,10.42
2002-09-10,10.29,10.44,10.23,10.4
2002-09-11,10.35,10.42,10.23,10.4
2002-09-12,10.28,10.49,10.26,10.44
2002-09-13,10.38,10.4,10.34,10.35
2002-09-16,10.32,10.35,10.11,10.2
2002-09-17,10.21,10.28,10.15,10.25
2002-09-18,10.2,10.24,10.13,10.19
2002-09-19,10.17,10.5,10.07,10.41
2002-09-20,10.35,10.37,10.18,10.31
2002-09-23,10.21,10.29,10.13,10.29
2002-09-24,10.18,10.25,10.13,10.24
2002-09-25,10.16,10.25,10.1,10.1
2002-09-26,10.12,10.2,10.01,10.11
2002-09-27,10.1,10.16,9.99,10.06
2002-10-08,9.9,10.0,9.9,9.95
2002-10-09,10.04,10.04,9.75,9.97
2002-10-10,9.81,9.93,9.75,9.77
2002-10-11,9.75,9.9,9.71,9.87
2002-10-14,9.72,9.88,9.6,9.88
2002-10-15,9.82,9.85,9.67,9.85
2002-10-16,9.8,9.97,9.8,9.92
2002-10-17,9.9,9.9,9.72,9.83
2002-10-18,9.5,9.8,9.5,9.73
2002-10-21,9.7,9.75,9.6,9.74
2002-10-22,9.72,9.88,9.72,9.86
2002-10-23,9.8,9.81,9.61,9.8
2002-10-24,9.72,9.8,9.68,9.71
2002-10-25,9.71,9.76,9.52,9.61
2002-10-28,9.6,9.6,9.38,9.5
2002-10-29,9.5,9.67,9.41,9.65
2002-10-30,9.64,9.75,9.5,9.7
2002-10-31,9.62,9.75,8.73,9.67
2002-11-01,9.9,9.9,9.58,9.72
2002-11-04,9.72,9.85,9.65,9.85
2002-11-05,9.8,9.98,9.76,9.98
2002-11-06,9.92,9.98,9.89,9.98
2002-11-07,9.97,10.05,9.8,9.95
2002-11-08,9.95,10.01,9.6,9.71
2002-11-11,9.65,9.7,9.41,9.57
2002-11-12,9.5,9.56,9.26,9.31
2002-11-13,9.3,9.3,8.92,9.13
2002-11-14,9.13,9.13,8.85,8.99
2002-11-15,8.8,9.18,8.76,9.02
2002-11-18,8.98,8.98,8.8,8.89
2002-11-19,8.85,9.0,8.75,8.98
2002-11-20,8.83,8.9,8.69,8.87
2002-11-21,8.69,8.8,8.41,8.61
2002-11-22,8.6,8.78,8.39,8.6
2002-11-25,8.59,8.7,8.52,8.64
2002-11-26,8.6,8.72,8.46,8.59
2002-11-27,8.46,8.73,8.4,8.71
2002-11-28,8.7,9.08,8.63,9.07
2002-11-29,9.08,9.27,8.91,9.12
2002-12-02,9.02,9.02,8.71,8.84
2002-12-03,8.78,8.9,8.78,8.89
2002-12-04,8.92,9.02,8.83,8.92
2002-12-05,8.81,8.97,8.75,8.81
2002-12-09,8.8,8.92,8.75,8.83
2002-12-10,8.72,8.87,8.61,8.75
2002-12-11,8.62,8.7,8.58,8.7
2002-12-12,8.7,8.8,8.68,8.74
2002-12-13,8.68,8.89,8.6,8.82
2002-12-16,8.8,8.91,8.8,8.87
2002-12-17,8.87,9.15,8.82,9.13
2002-12-18,9.13,9.16,9.0,9.06
2002-12-19,8.92,9.1,8.9,9.02
2002-12-20,9.05,9.2,9.0,9.16
2002-12-23,9.16,9.26,9.03,9.1
2002-12-24,9.08,9.19,9.0,9.16
2002-12-25,9.1,9.18,9.03,9.1
2002-12-26,9.03,9.03,8.7,8.79
2002-12-27,8.78,8.98,8.78,8.94
2002-12-30,8.9,8.9,8.61,8.82
2002-12-31,8.81,8.81,8.58,8.67
2003-01-02,8.6,8.8,8.39,8.47
2003-01-03,8.66,8.66,8.35,8.4
2003-01-06,8.4,8.54,8.35,8.54
2003-01-07,8.54,8.62,8.38,8.46
2003-01-08,8.4,8.58,8.04,8.56
2003-01-09,8.53,8.71,8.39,8.7
2003-01-10,8.7,8.75,8.53,8.54
2003-01-13,8.45,8.58,8.37,8.44
2003-01-14,8.56,8.95,8.37,8.89
2003-01-15,8.89,9.1,8.85,9.0
2003-01-16,8.92,9.09,8.86,9.09
2003-01-17,9.1,9.1,8.9,8.94
2003-01-20,8.9,9.1,8.82,9.1
2003-01-21,9.15,9.4,8.97,9.02
2003-01-22,8.9,9.1,8.9,9.03
2003-01-23,9.0,9.09,8.83,8.89
2003-01-24,8.89,8.98,8.75,8.91
2003-01-27,9.0,9.18,8.94,9.14
2003-01-28,9.03,9.13,9.02,9.07
2003-01-29,9.07,9.15,9.03,9.12
2003-02-10,9.12,9.13,8.93,8.95
2003-02-11,8.91,9.03,8.9,9.01
2003-02-12,9.01,9.29,9.01,9.22
2003-02-13,9.25,9.25,9.09,9.11
2003-02-14,9.11,9.15,9.08,9.13
2003-02-17,9.13,9.3,9.08,9.27
2003-02-18,9.2,9.26,9.16,9.21
2003-02-19,9.18,9.25,9.1,9.24
2003-02-20,9.25,9.31,9.19,9.23
2003-02-21,9.17,9.18,8.98,9.0
2003-02-24,9.0,9.09,9.0,9.01
2003-02-25,9.04,9.23,9.02,9.23
2003-02-26,9.2,9.26,9.18,9.26
2003-02-27,9.25,9.4,9.25,9.3
2003-02-28,9.3,9.3,9.2,9.25
2003-03-03,9.25,9.33,9.2,9.31
2003-03-04,9.3,9.35,9.21,9.22
2003-03-05,9.22,9.23,9.1,9.1
2003-03-06,9.1,9.17,8.98,9.01
2003-03-07,9.0,9.02,8.9,8.96
2003-03-10,8.96,8.96,8.68,8.7
2003-03-11,8.66,8.79,8.65,8.72
2003-03-12,8.72,8.8,8.58,8.79
2003-03-13,8.65,8.76,8.65,8.65
2003-03-14,8.66,8.75,8.61,8.65
2003-03-17,8.6,8.7,8.52,8.7
2003-03-18,8.7,8.73,8.56,8.56
2003-03-19,8.56,8.65,8.47,8.61
2003-03-20,8.7,8.7,8.56,8.61
2003-03-21,8.6,8.7,8.59,8.6
2003-03-24,8.6,8.7,8.6,8.69
2003-03-25,8.65,8.65,8.52,8.53
2003-03-26,8.5,8.53,8.35,8.43
2003-03-27,8.4,8.7,8.32,8.63
2003-03-28,8.65,8.88,8.55,8.88
2003-03-31,8.95,9.05,8.83,9.0
2003-04-01,9.0,9.0,8.9,8.99
2003-04-02,8.91,9.0,8.91,8.94
2003-04-03,8.91,8.95,8.75,8.8
2003-04-04,8.78,8.83,8.71,8.76
2003-04-07,8.75,8.8,8.65,8.66
2003-04-08,8.58,8.68,8.56,8.63
2003-04-09,8.65,8.65,8.43,8.62
2003-04-10,8.63,8.68,8.46,8.65
2003-04-11,8.65,8.93,8.58,8.87
2003-04-14,8.88,9.1,8.88,9.03
2003-04-15,9.01,9.14,8.91,8.99
2003-04-16,9.09,9.15,8.85,8.9
2003-04-17,8.95,9.03,8.82,8.99
2003-04-18,9.0,9.07,8.9,8.95
2003-04-21,8.85,8.86,8.63,8.75
2003-04-22,8.7,8.86,8.66,8.76
2003-04-23,8.75,8.76,8.46,8.49
2003-04-24,8.41,8.46,8.19,8.27
2003-04-25,8.25,8.5,8.16,8.18
2003-04-28,8.18,8.39,8.11,8.38
2003-04-29,8.38,8.48,8.28,8.39
2003-04-30,8.4,8.5,8.4,8.46
2003-05-12,8.46,8.6,8.0,8.17
2003-05-13,8.21,8.21,7.61,7.81
2003-05-14,7.71,8.0,7.71,8.0
2003-05-15,8.0,8.49,8.0,8.34
2003-05-16,8.32,8.44,8.18,8.24
2003-05-19,8.24,8.48,8.21,8.48
2003-05-20,8.51,8.54,8.3,8.4
2003-05-21,8.4,8.49,8.35,8.44
2003-05-22,8.42,8.43,8.38,8.4
2003-05-23,8.4,8.65,8.4,8.55
2003-05-26,8.6,8.69,8.5,8.53
2003-05-27,8.53,8.7,8.45,8.69
2003-05-28,8.98,8.99,8.7,8.74
2003-05-29,8.73,9.02,8.66,9.01
2003-05-30,9.18,9.19,8.92,8.97
2003-06-02,8.83,8.95,8.83,8.9
2003-06-03,8.95,9.08,8.75,8.75
2003-06-04,8.72,8.82,8.68,8.82
2003-06-05,8.68,8.82,8.68,8.7
2003-06-06,8.65,8.7,8.56,8.57
2003-06-09,8.52,8.64,8.42,8.43
2003-06-10,8.35,8.53,8.35,8.46
2003-06-11,8.46,8.72,8.4,8.67
2003-06-13,8.68,8.75,8.62,8.7
2003-06-16,8.85,8.95,8.75,8.79
2003-06-17,8.75,8.83,8.48,8.62
2003-06-18,8.63,8.72,8.58,8.63
2003-06-19,8.61,8.63,8.46,8.54
2003-06-20,8.54,8.55,8.47,8.48
2003-06-23,8.42,8.47,8.39,8.4
2003-06-24,8.39,8.45,8.39,8.44
2003-06-25,8.42,8.46,8.37,8.39
2003-06-26,8.33,8.44,8.33,8.39
2003-06-27,8.39,8.4,8.31,8.35
2003-06-30,8.35,8.35,8.1,8.11
2003-07-01,8.35,8.35,8.1,8.11
2003-07-02,8.11,8.2,8.09,8.13
2003-07-03,8.19,8.19,8.08,8.13
2003-07-04,8.08,8.16,8.08,8.11
2003-07-07,8.07,8.18,8.07,8.08
2003-07-08,8.15,8.25,8.15,8.2
2003-07-09,8.2,8.2,8.08,8.09
2003-07-10,8.16,8.34,8.1,8.22
2003-07-11,8.3,8.32,8.21,8.21
2003-07-14,8.23,8.23,8.09,8.1
2003-07-15,8.08,8.19,8.08,8.1
2003-07-16,8.15,8.2,8.08,8.15
2003-07-17,8.1,8.12,8.08,8.1
2003-07-18,8.08,8.1,7.97,7.98
2003-07-21,7.88,7.89,7.77,7.8
2003-07-22,7.8,7.96,7.76,7.93
2003-07-23,7.93,8.01,7.93,7.98
2003-07-24,7.9,7.95,7.9,7.92
2003-07-25,7.92,8.0,7.87,7.96
2003-07-28,7.91,8.05,7.82,8.0
2003-07-29,7.96,8.0,7.85,7.99
2003-07-30,7.9,8.0,7.9,8.0
2003-07-31,7.93,8.0,7.93,8.0
2003-08-01,7.98,8.03,7.9,8.01
2003-08-04,7.9,8.06,7.9,8.06
2003-08-05,8.0,8.11,8.0,8.03
2003-08-06,7.95,8.09,7.95,8.0
2003-08-07,7.96,8.28,7.96,8.28
2003-08-08,8.28,8.28,8.09,8.22
2003-08-11,8.15,8.28,8.12,8.28
2003-08-12,8.2,8.3,8.2,8.28
2003-08-13,8.23,8.26,8.12,8.2
2003-08-14,8.1,8.23,8.1,8.18
2003-08-15,8.1,8.15,8.1,8.11
2003-08-18,8.01,8.12,7.98,8.04
2003-08-19,8.05,8.08,7.98,8.06
2003-08-20,8.01,8.1,7.96,8.08
2003-08-21,8.0,8.17,7.97,8.13
2003-08-22,8.01,8.14,8.0,8.05
2003-08-25,8.05,8.06,7.89,8.05
2003-08-26,7.99,8.05,7.91,8.05
2003-08-27,8.0,8.05,7.95,8.04
2003-08-28,8.0,8.09,7.92,8.04
2003-08-29,8.0,8.05,7.93,8.04
2003-09-01,8.0,8.25,8.0,8.22
2003-09-02,8.22,8.48,8.14,8.47
2003-09-03,8.25,8.49,8.25,8.4
2003-09-04,8.35,8.49,8.35,8.44
2003-09-05,8.37,8.45,8.23,8.35
2003-09-08,8.25,8.34,8.21,8.28
2003-09-09,8.21,8.39,8.2,8.28
2003-09-10,8.2,8.39,8.2,8.3
2003-09-11,8.25,8.35,8.16,8.29
2003-09-12,8.23,8.35,8.16,8.28
2003-09-15,8.21,8.28,8.15,8.27
2003-09-16,8.21,8.27,8.18,8.26
2003-09-17,8.2,8.34,8.17,8.21
2003-09-18,8.18,8.26,8.14,8.22
2003-09-19,8.18,8.24,8.06,8.21
2003-09-22,8.21,8.3,8.1,8.2
2003-09-23,8.15,8.18,8.03,8.16
2003-09-24,8.11,8.18,8.04,8.16
2003-09-25,8.11,8.11,8.05,8.07
2003-09-26,8.01,8.05,7.91,7.98
2003-09-29,7.92,7.95,7.75,7.84
2003-09-30,7.8,7.87,7.76,7.86
2003-10-08,7.8,7.92,7.75,7.84
2003-10-09,7.7,7.95,7.7,7.75
2003-10-10,7.75,7.99,7.7,7.9
2003-10-13,7.88,8.08,7.85,7.85
2003-10-14,7.86,7.89,7.74,7.87
2003-10-15,7.8,7.88,7.73,7.86
2003-10-16,7.8,7.85,7.62,7.81
2003-10-17,7.8,7.8,7.63,7.79
2003-10-20,7.65,7.74,7.63,7.71
2003-10-21,7.62,7.72,7.49,7.66
2003-10-22,7.75,7.85,7.53,7.84
2003-10-23,7.77,7.86,7.68,7.79
2003-10-24,7.71,7.79,7.6,7.71
2003-10-27,7.67,7.73,7.42,7.45
2003-10-28,7.44,7.65,7.21,7.48
2003-10-29,7.49,7.5,7.29,7.35
2003-10-31,7.3,7.34,7.1,7.25
2003-11-03,7.21,7.26,7.0,7.23
2003-11-04,7.23,7.49,7.21,7.36
2003-11-05,7.37,7.44,7.1,7.23
2003-11-06,7.15,7.3,7.0,7.01
2003-11-07,7.0,7.08,6.9,6.91
2003-11-10,6.59,6.83,6.25,6.44
2003-11-11,6.05,6.44,6.05,6.18
2003-11-12,6.1,6.28,6.1,6.26
2003-11-13,6.26,6.27,6.12,6.18
2003-11-14,6.18,6.3,6.15,6.26
2003-11-17,6.35,6.35,6.22,6.25
2003-11-18,6.16,6.23,6.06,6.09
2003-11-19,6.0,6.3,6.0,6.29
2003-11-20,6.29,6.7,6.28,6.69
2003-11-21,6.75,6.89,6.42,6.45
2003-11-24,6.68,6.7,6.45,6.68
2003-11-25,6.63,6.91,6.6,6.74
2003-11-26,6.74,6.75,6.61,6.72
2003-11-27,6.89,7.36,6.89,7.03
2003-11-28,6.98,6.98,6.81,6.87
2003-12-01,7.0,7.1,6.88,7.07
2003-12-02,7.0,7.15,6.93,7.06
2003-12-03,7.0,7.08,6.95,7.0
2003-12-04,7.01,7.1,6.93,7.0
2003-12-05,7.08,7.08,6.87,6.9
2003-12-08,6.84,6.94,6.72,6.74
2003-12-09,6.7,6.82,6.7,6.76
2003-12-10,6.76,6.95,6.71,6.92
2003-12-11,6.94,6.94,6.82,6.87
2003-12-12,6.85,6.91,6.76,6.82
2003-12-15,6.81,7.0,6.81,6.99
2003-12-16,7.0,7.01,6.7,6.86
2003-12-17,6.86,7.15,6.83,6.99
2003-12-18,6.9,7.25,6.9,7.24
2003-12-19,7.24,7.53,7.11,7.29
2003-12-22,7.3,7.53,7.2,7.52
2003-12-23,7.69,8.07,7.68,7.89
2003-12-24,7.86,7.89,7.6,7.75
2003-12-25,7.7,7.75,7.3,7.52
2003-12-26,7.47,7.65,7.43,7.62
2003-12-29,7.55,7.62,7.35,7.42
2003-12-30,7.35,7.53,7.32,7.45
2003-12-31,7.5,7.53,7.33,7.33
2004-01-02,7.28,7.48,7.28,7.32
2004-01-05,7.32,7.47,7.27,7.44
2004-01-06,7.44,7.8,7.4,7.79
2004-01-07,7.75,7.91,7.61,7.74
2004-01-08,7.68,7.75,7.51,7.62
2004-01-09,7.62,7.62,7.38,7.47
2004-01-12,7.38,7.47,7.31,7.45
2004-01-13,7.46,7.5,7.33,7.47
2004-01-14,7.41,7.49,7.3,7.44
2004-01-15,7.4,7.42,7.32,7.41
2004-01-16,7.35,7.42,7.28,7.41
2004-01-29,7.4,7.58,7.28,7.57
2004-01-30,7.55,7.56,7.4,7.4
2004-02-02,7.49,7.6,7.32,7.56
2004-02-03,6.9,7.85,6.9,7.82
2004-02-04,7.8,7.88,7.7,7.87
2004-02-05,7.83,8.05,7.76,8.03
2004-02-06,8.0,8.1,7.75,8.0
2004-02-09,7.9,8.02,7.88,8.0
2004-02-10,7.98,8.05,7.82,7.87
2004-02-11,7.88,7.89,7.7,7.8
2004-02-12,7.8,7.94,7.71,7.88
2004-02-13,7.88,7.9,7.7,7.78
2004-02-16,7.78,8.02,7.73,7.95
2004-02-17,7.96,8.18,7.93,8.18
2004-02-18,8.2,8.3,8.1,8.17
2004-02-19,8.18,8.26,8.06,8.25
2004-02-20,8.25,8.29,8.14,8.21
2004-02-23,8.2,8.47,8.1,8.38
2004-02-24,8.38,8.39,7.99,8.16
2004-02-25,8.19,8.4,7.93,8.0
2004-02-26,7.94,8.05,7.83,7.91
2004-02-27,7.95,8.17,7.9,8.03
2004-03-01,8.03,8.09,7.93,8.07
2004-03-02,8.09,8.21,8.02,8.2
2004-03-03,8.2,8.27,7.96,8.08
2004-03-04,8.0,8.15,7.78,8.11
2004-03-05,8.13,8.13,7.93,8.02
2004-03-08,7.98,8.3,7.95,8.06
2004-03-09,8.0,8.2,7.78,7.78
2004-03-10,7.8,7.88,7.7,7.87
2004-03-11,7.87,8.03,7.8,7.94
2004-03-12,7.96,7.96,7.78,7.85
2004-03-15,7.79,7.98,7.78,7.91
2004-03-16,7.95,8.0,7.85,7.94
2004-03-17,7.95,8.15,7.91,8.1
2004-03-18,8.09,8.15,7.86,7.89
2004-03-19,7.89,7.95,7.8,7.94
2004-03-22,7.95,8.15,7.84,8.06
2004-03-23,8.05,8.12,7.9,8.1
2004-03-24,8.12,8.17,8.0,8.05
2004-03-25,8.03,8.1,7.91,8.07
2004-03-26,8.08,8.3,8.02,8.26
2004-03-29,8.3,8.3,8.08,8.11
2004-03-30,8.14,8.17,7.96,8.13
2004-03-31,8.13,8.25,8.05,8.21
2004-04-01,8.21,8.38,8.18,8.37
2004-04-02,8.37,8.4,8.28,8.3
2004-04-05,8.31,8.62,8.25,8.61
2004-04-06,8.61,8.68,8.46,8.63
2004-04-07,8.65,8.76,8.5,8.67
2004-04-08,8.67,8.67,8.46,8.5
2004-04-09,8.51,8.56,8.1,8.15
2004-04-12,8.11,8.25,8.0,8.16
2004-04-13,8.19,8.26,8.05,8.19
2004-04-14,8.1,8.24,7.8,8.13
2004-04-15,8.08,8.19,7.81,8.01
2004-04-16,7.95,8.0,7.66,7.83
2004-04-19,7.8,7.85,7.68,7.68
2004-04-20,7.6,7.6,7.23,7.26
2004-04-21,7.26,7.4,7.26,7.35
2004-04-22,7.36,7.45,7.29,7.42
2004-04-27,7.08,7.35,6.98,6.99
2004-04-28,6.95,7.2,6.93,7.15
2004-04-29,7.15,7.19,7.04,7.18
2004-04-30,7.1,7.19,7.02,7.16
2004-05-10,7.1,7.12,6.9,6.99
2004-05-11,6.87,7.04,6.86,7.04
2004-05-12,6.95,7.21,6.95,7.21
2004-05-13,7.22,7.22,7.06,7.15
2004-05-14,7.15,7.15,6.9,7.05
2004-05-17,7.01,7.24,6.91,7.02
2004-05-18,6.98,7.3,6.98,7.3
2004-05-19,7.38,7.65,7.38,7.49
2004-05-20,7.4,7.48,7.25,7.28
2004-05-21,7.31,7.48,7.28,7.36
2004-05-24,7.36,7.41,7.24,7.35
2004-05-25,7.28,7.28,6.9,6.98
2004-05-26,6.98,7.05,6.86,7.03
2004-05-27,7.03,7.46,6.91,7.37
2004-05-28,7.5,7.58,7.4,7.43
2004-05-31,7.4,7.48,7.28,7.44
2004-06-01,7.4,7.53,7.34,7.48
2004-06-02,7.48,7.49,7.33,7.4
2004-06-03,7.38,7.38,7.1,7.11
2004-06-04,7.1,7.25,7.1,7.15
2004-06-07,7.16,7.16,6.99,7.0
2004-06-08,7.0,7.0,6.87,6.92
2004-06-09,6.86,6.92,6.25,6.35
2004-06-10,6.26,6.28,6.01,6.15
2004-06-11,6.2,6.35,6.15,6.17
2004-06-14,6.17,6.17,5.94,5.98
2004-06-15,5.95,6.19,5.9,6.13
2004-06-16,6.11,6.25,6.05,6.13
2004-06-17,6.08,6.13,5.95,5.95
2004-06-18,6.0,6.09,5.98,6.05
2004-06-21,6.01,6.2,5.95,6.19
2004-06-22,6.29,6.34,6.19,6.27
2004-06-23,6.24,6.3,6.07,6.17
2004-06-24,6.17,6.2,6.11,6.12
2004-06-25,6.2,6.2,5.98,6.0
2004-06-28,6.01,6.04,5.65,5.81
2004-06-29,5.83,5.84,5.6,5.74
2004-06-30,5.66,5.77,5.6,5.61
2004-07-01,5.5,5.78,5.5,5.76
2004-07-02,5.77,5.78,5.66,5.74
2004-07-05,5.73,5.74,5.6,5.74
2004-07-06,5.74,5.83,5.71,5.8
2004-07-07,5.66,5.97,5.62,5.85
2004-07-08,5.87,5.87,5.68,5.79
2004-07-09,5.78,5.86,5.68,5.69
2004-07-12,5.6,5.67,5.48,5.49
2004-07-13,5.5,5.58,5.46,5.56
2004-07-14,5.56,5.56,5.3,5.42
2004-07-15,5.12,5.45,5.12,5.29
2004-07-16,5.35,5.82,5.35,5.73
2004-07-20,5.73,5.82,5.57,5.81
2004-07-21,5.8,5.8,5.64,5.68
2004-07-22,5.68,5.68,5.38,5.52
2004-07-23,5.38,5.6,5.38,5.57
2004-07-26,5.5,5.5,5.31,5.37
2004-07-27,5.35,5.43,5.32,5.37
2004-07-28,5.4,5.5,5.33,5.49
2004-07-29,5.46,5.58,5.45,5.57
2004-07-30,5.57,5.59,5.45,5.51
2004-08-02,5.4,5.5,5.35,5.36
2004-08-03,5.36,5.42,5.36,5.42
2004-08-04,5.38,5.68,5.33,5.55
2004-08-05,5.56,5.6,5.44,5.52
2004-08-06,5.52,5.72,5.52,5.66
2004-08-09,5.66,5.66,5.56,5.62
2004-08-10,5.62,5.66,5.5,5.6
2004-08-11,5.56,5.65,5.53,5.55
2004-08-12,5.45,5.46,5.35,5.44
2004-08-13,5.48,5.48,5.35,5.43
2004-08-16,5.43,5.43,5.21,5.35
2004-08-17,5.23,5.36,5.23,5.26
2004-08-18,5.26,5.3,5.14,5.15
2004-08-19,5.15,5.15,4.96,5.04
2004-08-23,5.01,5.01,4.76,4.96
2004-08-24,4.88,5.23,4.88,5.08
2004-08-25,5.08,5.08,4.99,5.07
2004-08-26,5.06,5.06,4.93,5.0
2004-08-27,5.03,5.1,4.95,5.1
2004-08-30,5.1,5.16,5.07,5.15
2004-08-31,5.22,5.31,5.17,5.22
2004-09-01,5.15,5.15,5.06,5.06
2004-09-02,5.04,5.17,5.03,5.1
2004-09-03,5.01,5.11,4.97,5.11
2004-09-06,5.07,5.1,5.0,5.1
2004-09-07,5.06,5.12,5.05,5.08
2004-09-08,5.05,5.08,5.01,5.06
2004-09-09,5.06,5.06,4.94,5.0
2004-09-10,4.98,4.99,4.9,4.94
2004-09-13,4.88,4.92,4.81,4.9
2004-09-14,5.1,5.1,4.99,5.02
2004-09-15,5.02,5.36,5.0,5.26
2004-09-16,5.3,5.35,5.22,5.32
2004-09-17,5.36,5.63,5.28,5.62
2004-09-20,5.64,5.87,5.53,5.87
2004-09-21,6.16,6.41,6.16,6.31
2004-09-22,6.21,6.28,5.91,6.03
2004-09-23,6.03,6.18,5.96,6.16
2004-09-24,6.19,6.33,5.94,5.95
2004-09-27,5.9,6.28,5.78,5.86
2004-09-28,5.86,6.0,5.71,5.8
2004-09-29,5.8,5.93,5.66,5.68
2004-09-30,5.67,5.68,5.45,5.47
2004-10-08,5.4,5.54,5.28,5.49
2004-10-11,5.49,5.76,5.38,5.5
2004-10-12,5.2,5.2,4.95,4.95
2004-10-13,4.9,5.07,4.88,5.02
2004-10-14,5.02,5.02,4.78,4.82
2004-10-15,4.76,4.84,4.56,4.78
2004-10-18,4.75,4.8,4.65,4.77
2004-10-19,4.75,4.89,4.75,4.79
2004-10-20,4.65,4.8,4.65,4.74
2004-10-21,4.68,4.8,4.65,4.79
2004-10-22,4.7,4.96,4.63,4.91
2004-10-25,4.96,5.08,4.81,4.9
2004-10-26,4.94,5.02,4.68,4.85
2004-10-27,4.85,4.91,4.7,4.9
2004-10-28,4.89,5.01,4.81,4.88
2004-10-29,4.7,4.79,4.67,4.77
2004-11-01,4.78,4.84,4.66,4.74
2004-11-02,4.7,4.7,4.56,4.64
2004-11-03,4.64,4.7,4.6,4.69
2004-11-04,4.74,4.77,4.57,4.57
2004-11-05,4.59,4.64,4.5,4.55
2004-11-08,4.55,4.6,4.44,4.47
2004-11-09,4.47,4.53,4.47,4.49
2004-11-10,4.55,4.7,4.47,4.66
2004-11-11,4.65,4.8,4.61,4.7
2004-11-12,4.69,4.82,4.65,4.76
2004-11-15,4.78,4.85,4.7,4.83
2004-11-16,4.8,4.9,4.71,4.78
2004-11-17,4.73,4.77,4.64,4.7
2004-11-18,4.68,4.75,4.64,4.74
2004-11-19,4.77,4.9,4.7,4.88
2004-11-22,4.89,4.98,4.81,4.97
2004-11-23,4.96,5.15,4.87,5.13
2004-11-24,5.08,5.1,4.94,4.96
2004-11-25,4.95,4.95,4.78,4.8
2004-11-26,4.78,4.92,4.78,4.87
2004-11-29,4.83,4.89,4.76,4.85
2004-11-30,4.85,4.88,4.8,4.84
2004-12-01,4.85,4.89,4.79,4.87
2004-12-02,4.87,5.02,4.81,5.0
2004-12-03,5.0,5.07,4.94,5.0
2004-12-06,5.05,5.09,4.93,5.03
2004-12-07,5.03,5.05,4.88,4.88
2004-12-08,4.99,4.99,4.85,4.88
2004-12-09,4.84,4.96,4.8,4.93
2004-12-10,4.9,4.96,4.76,4.8
2004-12-13,4.72,4.79,4.64,4.69
2004-12-14,4.8,4.8,4.65,4.66
2004-12-15,4.64,4.72,4.61,4.69
2004-12-16,4.69,4.69,4.56,4.57
2004-12-17,4.57,4.64,4.54,4.55
2004-12-20,4.53,4.6,4.52,4.58
2004-12-21,4.66,4.92,4.65,4.76
2004-12-22,4.71,4.88,4.69,4.85
2004-12-23,4.9,4.9,4.71,4.74
2004-12-24,4.72,4.86,4.66,4.68
2004-12-27,4.68,4.69,4.59,4.65
2004-12-28,4.65,4.65,4.58,4.6
2004-12-29,4.58,4.68,4.56,4.6
2004-12-30,4.55,4.66,4.53,4.58
2004-12-31,4.58,4.65,4.52,4.53
2005-01-04,4.51,4.53,4.4,4.44
2005-01-05,4.46,4.53,4.46,4.5
2005-01-06,4.52,4.56,4.49,4.5
2005-01-07,4.49,4.57,4.49,4.53
2005-01-10,4.5,4.59,4.46,4.59
2005-01-11,4.55,4.68,4.55,4.68
2005-01-12,4.74,4.78,4.65,4.77
2005-01-13,4.75,4.82,4.68,4.74
2005-01-14,4.68,4.77,4.64,4.69
2005-01-17,4.65,4.75,4.58,4.58
2005-01-18,4.55,4.74,4.54,4.69
2005-01-19,4.65,4.71,4.62,4.64
2005-01-20,4.6,4.65,4.58,4.61
2005-01-21,4.56,4.72,4.56,4.71
2005-01-24,4.75,4.83,4.63,4.76
2005-01-25,4.76,4.76,4.66,4.74
2005-01-26,4.8,4.95,4.78,4.91
2005-01-27,4.89,4.9,4.6,4.64
2005-01-28,4.61,4.68,4.41,4.54
2005-01-31,4.46,4.52,4.31,4.43
2005-02-01,4.46,4.5,4.33,4.33
2005-02-02,4.3,4.53,4.24,4.5
2005-02-03,4.54,4.59,4.39,4.4
2005-02-04,4.32,4.45,4.3,4.4
2005-02-16,4.44,4.49,4.41,4.48
2005-02-17,4.44,4.55,4.44,4.54
2005-02-18,4.54,4.65,4.46,4.61
2005-02-21,4.73,4.73,4.56,4.68
2005-02-22,4.6,4.75,4.6,4.75
2005-02-23,4.75,4.76,4.66,4.74
2005-02-24,4.74,4.74,4.63,4.72
2005-02-25,4.72,4.82,4.69,4.77
2005-02-28,4.71,4.76,4.69,4.7
2005-03-01,4.7,5.17,4.7,5.17
2005-03-02,5.14,5.6,5.05,5.33
2005-03-03,5.25,5.28,5.05,5.15
2005-03-04,5.13,5.13,4.94,5.04
2005-03-07,5.01,5.11,4.98,5.07
2005-03-08,5.01,5.3,5.0,5.23
2005-03-09,5.2,5.3,5.15,5.17
2005-03-10,5.2,5.2,4.9,4.95
2005-03-11,4.95,5.06,4.91,5.0
2005-03-14,5.0,5.06,4.77,5.02
2005-03-15,4.95,5.0,4.78,4.83
2005-03-16,4.81,4.83,4.6,4.66
2005-03-17,4.67,4.72,4.6,4.6
2005-03-18,4.6,4.67,4.39,4.46
2005-03-21,4.39,4.55,4.39,4.46
2005-03-22,4.46,4.46,4.2,4.29
2005-03-23,4.27,4.42,4.2,4.28
2005-03-24,4.3,4.34,4.23,4.33
2005-03-25,4.33,4.45,4.26,4.3
2005-03-28,4.3,4.31,4.03,4.09
2005-03-29,4.09,4.16,3.92,3.94
2005-03-30,3.91,3.98,3.82,3.85
2005-03-31,3.86,3.95,3.84,3.93
2005-04-01,3.95,4.26,3.94,4.18
2005-04-04,4.24,4.24,4.08,4.11
2005-04-05,4.1,4.15,4.03,4.08
2005-04-06,4.07,4.2,4.05,4.18
2005-04-07,4.18,4.35,4.15,4.23
2005-04-08,4.2,4.47,4.11,4.45
2005-04-11,4.44,4.44,4.28,4.31
2005-04-12,4.28,4.3,4.1,4.13
2005-04-13,4.15,4.3,4.15,4.28
2005-04-14,4.28,4.29,4.1,4.12
2005-04-15,4.12,4.12,3.98,4.03
2005-04-18,4.03,4.03,3.9,3.96
2005-04-19,3.95,3.99,3.88,3.98
2005-04-20,3.9,4.0,3.88,3.92
2005-04-21,3.95,4.06,3.88,3.95
2005-04-22,3.96,3.98,3.56,3.6
2005-04-25,3.5,3.64,3.39,3.55
2005-04-26,3.55,3.66,3.54,3.62
2005-04-27,3.64,3.65,3.49,3.58
2005-04-28,3.63,3.8,3.4,3.77
2005-04-29,3.85,3.96,3.78,3.82
2005-05-10,3.5,3.64,3.44,3.59
2005-05-11,3.55,3.6,3.5,3.52
2005-05-12,3.51,3.55,3.45,3.5
2005-05-13,3.47,3.6,3.47,3.55
2005-05-16,3.55,3.58,3.45,3.5
2005-05-17,3.51,3.6,3.48,3.57
2005-05-18,3.55,3.6,3.5,3.59
2005-05-19,3.59,3.72,3.55,3.69
2005-05-20,3.65,3.69,3.6,3.62
2005-05-23,3.59,3.59,3.4,3.48
2005-05-24,3.45,3.59,3.44,3.55
2005-05-25,3.51,3.6,3.48,3.55
2005-05-26,3.54,3.7,3.54,3.6
2005-05-27,3.55,3.65,3.55,3.57
2005-05-30,3.55,3.67,3.55,3.65
2005-05-31,3.67,3.73,3.6,3.64
2005-06-01,3.58,3.68,3.48,3.51
2005-06-02,3.53,3.6,3.47,3.53
2005-06-03,3.62,3.62,3.44,3.53
2005-06-06,3.54,3.65,3.43,3.59
2005-06-07,3.6,3.8,3.58,3.66
2005-06-08,3.65,3.92,3.65,3.91
2005-06-09,3.91,3.95,3.78,3.85
2005-06-10,3.83,3.85,3.72,3.77
2005-06-13,3.78,3.89,3.75,3.89
2005-06-14,3.92,3.98,3.81,3.82
2005-06-15,3.78,3.78,3.62,3.64
2005-06-16,3.6,3.79,3.52,3.64
2005-06-17,3.65,3.69,3.58,3.62
2005-06-20,3.7,3.76,3.57,3.71
2005-06-21,3.71,3.79,3.62,3.73
2005-06-22,3.76,3.76,3.64,3.71
2005-06-23,3.72,3.82,3.66,3.82
2005-06-24,3.8,3.91,3.78,3.88
2005-06-27,3.91,3.95,3.88,3.89
2005-06-28,3.82,3.86,3.75,3.78
2005-06-29,3.83,3.88,3.7,3.85
2005-06-30,3.81,3.82,3.68,3.7
2005-07-01,3.65,3.73,3.47,3.47
2005-07-04,3.46,3.5,3.19,3.46
2005-07-05,3.33,3.44,3.29,3.4
2005-07-06,3.43,3.43,3.31,3.36
2005-07-07,3.39,3.41,3.3,3.4
2005-07-08,3.32,3.39,3.25,3.31
2005-07-11,3.35,3.38,3.27,3.27
2005-07-12,3.25,3.37,3.24,3.35
2005-07-13,3.31,3.36,3.31,3.33
2005-07-14,3.3,3.36,3.28,3.31
2005-07-15,3.36,3.36,3.05,3.14
2005-07-18,3.05,3.08,2.91,3.07
2005-07-19,3.14,3.2,3.02,3.07
2005-07-20,3.19,3.19,3.0,3.06
2005-07-21,3.06,3.13,2.9,3.09
2005-07-22,3.09,3.4,3.06,3.21
2005-07-25,3.21,3.24,3.15,3.24
2005-07-26,3.18,3.32,3.18,3.31
2005-07-27,3.37,3.4,3.26,3.36
2005-07-28,3.31,3.48,3.3,3.46
2005-07-29,3.44,3.46,3.35,3.4
2005-08-01,3.34,3.52,3.34,3.45
2005-08-02,3.37,3.47,3.37,3.45
2005-08-03,3.43,3.54,3.43,3.52
2005-08-04,3.58,3.75,3.45,3.52
2005-08-05,3.5,3.59,3.42,3.57
2005-08-08,3.57,3.75,3.57,3.74
2005-08-09,3.73,3.73,3.63,3.7
2005-08-10,3.69,3.73,3.62,3.69
2005-08-11,3.65,3.7,3.63,3.7
2005-08-12,3.7,3.71,3.54,3.57
2005-08-15,3.54,3.69,3.48,3.68
2005-08-16,3.7,3.71,3.56,3.67
2005-08-17,3.67,3.84,3.56,3.79
2005-08-18,3.79,3.85,3.61,3.62
2005-08-19,3.6,3.67,3.5,3.53
2005-08-22,3.36,3.58,3.36,3.57
2005-08-23,3.57,3.62,3.48,3.5
2005-08-24,3.5,3.52,3.4,3.51
2005-08-25,3.45,3.57,3.45,3.52
2005-08-26,3.52,3.61,3.5,3.6
2005-08-29,3.56,3.68,3.56,3.67
2005-08-30,3.66,3.7,3.57,3.61
2005-08-31,3.56,3.73,3.56,3.7
2005-09-01,3.73,3.8,3.69,3.77
2005-09-02,3.77,3.82,3.71,3.81
2005-09-05,3.82,3.85,3.76,3.82
2005-09-06,3.85,3.92,3.72,3.8
2005-09-07,3.73,3.91,3.62,3.9
2005-09-08,3.95,4.12,3.85,4.0
2005-09-09,4.0,4.0,3.9,3.96
2005-09-12,3.99,4.09,3.99,4.08
2005-09-13,4.12,4.15,4.04,4.1
2005-09-14,4.08,4.14,4.02,4.08
2005-09-15,4.13,4.29,4.1,4.22
2005-09-16,4.24,4.32,4.18,4.2
2005-09-19,4.16,4.23,4.06,4.22
2005-09-20,4.2,4.21,4.08,4.12
2005-09-21,4.1,4.12,3.91,3.98
2005-09-22,3.98,4.06,3.84,3.9
2005-09-23,3.88,3.98,3.82,3.93
2005-09-26,3.96,3.97,3.83,3.9
2005-09-28,3.8,3.8,3.68,3.76
2005-09-29,3.75,3.88,3.75,3.84
2005-09-30,3.84,3.94,3.79,3.9
2005-10-10,3.88,3.88,3.74,3.74
2005-10-11,3.82,3.84,3.75,3.84
2005-10-12,3.84,3.95,3.82,3.94
2005-10-13,3.9,3.93,3.81,3.81
2005-10-14,3.8,3.81,3.67,3.71
2005-10-17,3.71,3.74,3.6,3.66
2005-10-18,3.7,3.85,3.67,3.78
2005-10-19,3.8,3.84,3.74,3.76
2005-10-20,3.72,3.8,3.63,3.72
2005-10-21,3.7,3.9,3.7,3.88
2005-10-24,3.87,3.94,3.83,3.88
2005-10-25,3.81,3.89,3.71,3.88
2005-10-26,3.85,3.88,3.7,3.71
2005-10-27,3.64,3.7,3.62,3.65
2005-10-28,3.65,3.65,3.3,3.42
2005-10-31,3.39,3.48,3.35,3.42
2005-11-01,3.42,3.44,3.27,3.35
2005-11-02,3.35,3.62,3.35,3.61
2005-11-03,3.6,3.67,3.46,3.56
2005-11-04,3.58,3.58,3.45,3.55
2005-11-07,3.55,3.57,3.45,3.57
2005-11-08,3.5,3.6,3.5,3.57
2005-11-09,3.55,3.58,3.52,3.58
2005-11-10,3.54,3.58,3.41,3.43
2005-11-11,3.36,3.49,3.33,3.45
2005-11-14,3.41,3.5,3.4,3.49
2005-11-15,3.5,3.53,3.47,3.5
2005-11-16,3.45,3.66,3.45,3.65
2005-11-17,3.78,3.8,3.66,3.67
2005-11-18,3.67,3.74,3.63,3.72
2005-11-21,3.72,3.75,3.66,3.71
2005-11-22,3.68,3.7,3.59,3.61
2005-11-23,3.61,3.67,3.6,3.65
2005-11-24,3.6,3.67,3.6,3.65
2005-11-25,3.67,3.7,3.61,3.67
2005-11-28,3.67,3.69,3.61,3.66
2005-11-29,3.64,3.65,3.58,3.6
2005-11-30,3.61,3.65,3.56,3.65
2005-12-01,3.62,3.72,3.62,3.72
2005-12-02,3.77,3.77,3.65,3.66
2005-12-05,3.63,3.66,3.36,3.48
2005-12-06,3.4,3.54,3.38,3.53
2005-12-07,3.47,3.6,3.47,3.59
2005-12-08,3.6,3.64,3.57,3.59
2005-12-09,3.52,3.68,3.52,3.67
2005-12-12,3.63,3.68,3.61,3.67
2005-12-13,3.64,3.69,3.62,3.66
2005-12-14,3.69,3.86,3.69,3.85
2005-12-15,3.8,3.85,3.74,3.76
2005-12-16,3.76,3.78,3.69,3.72
2005-12-19,3.72,3.76,3.7,3.74
2005-12-20,3.71,3.75,3.67,3.72
2005-12-21,3.75,3.75,3.67,3.67
2005-12-22,3.63,3.69,3.63,3.69
2005-12-23,3.73,3.73,3.66,3.71
2005-12-26,3.74,3.74,3.7,3.74
2005-12-27,3.72,3.78,3.71,3.78
2005-12-28,3.8,3.8,3.72,3.75
2005-12-29,3.79,3.79,3.71,3.75
2005-12-30,3.77,3.77,3.7,3.7
2006-01-04,3.68,3.81,3.67,3.8
2006-01-05,3.78,3.92,3.75,3.85
2006-01-06,3.85,3.91,3.82,3.85
2006-01-09,3.85,3.95,3.81,3.94
2006-01-10,3.95,4.12,3.9,4.08
2006-01-11,4.07,4.3,4.02,4.1
2006-01-12,4.1,4.12,4.0,4.09
2006-01-13,4.07,4.18,4.05,4.09
2006-01-16,4.09,4.2,4.0,4.1
2006-01-17,4.08,4.23,4.05,4.2
2006-01-18,4.19,4.39,4.15,4.32
2006-01-19,4.32,4.37,4.24,4.33
2006-01-20,4.36,4.76,4.32,4.63
2006-01-23,4.73,5.09,4.67,5.09
2006-01-24,4.97,4.97,4.68,4.69
2006-01-25,4.67,4.75,4.46,4.55
2006-02-06,4.61,5.01,4.5,5.01
2006-02-07,5.09,5.51,5.05,5.51
2006-02-08,5.4,5.5,5.02,5.26
2006-02-09,5.12,5.48,5.12,5.43
2006-02-10,5.41,5.51,5.25,5.29
2006-02-13,5.31,5.38,5.05,5.11
2006-02-14,5.08,5.33,5.06,5.18
2006-02-15,5.19,5.25,5.1,5.17
2006-02-16,5.11,5.14,4.85,4.89
2006-02-17,4.89,5.03,4.8,4.85
2006-02-20,4.86,4.96,4.8,4.85
2006-02-21,4.85,5.05,4.8,5.05
2006-02-22,5.08,5.14,4.95,4.96
2006-02-24,4.97,4.97,4.82,4.94
2006-02-27,4.94,5.22,4.94,5.21
2006-02-28,5.18,5.18,5.0,5.14
2006-03-01,5.1,5.15,5.0,5.04
2006-03-02,5.06,5.07,4.83,4.89
2006-03-03,4.86,4.93,4.82,4.9
2006-03-06,4.92,4.92,4.78,4.79
2006-03-07,4.76,4.86,4.65,4.67
2006-03-08,4.65,4.65,4.45,4.52
2006-03-09,4.5,4.68,4.48,4.63
2006-03-10,4.62,4.67,4.55,4.57
2006-03-13,4.52,4.84,4.45,4.68
2006-03-14,4.7,4.78,4.58,4.71
2006-03-15,4.65,4.82,4.65,4.79
2006-03-16,4.8,4.82,4.69,4.72
2006-03-17,4.69,4.85,4.53,4.83
2006-03-20,4.78,4.87,4.73,4.84
2006-03-21,4.79,4.88,4.79,4.85
2006-03-22,4.88,4.95,4.71,4.9
2006-03-23,4.9,5.18,4.84,5.0
2006-03-24,5.05,5.12,4.86,4.88
2006-03-27,4.81,4.93,4.8,4.92
2006-03-28,4.86,4.95,4.85,4.89
2006-03-29,4.93,5.38,4.9,5.38
2006-03-30,5.38,5.38,5.14,5.18
2006-03-31,5.18,5.6,5.13,5.5
2006-04-03,5.5,5.91,5.48,5.89
2006-04-04,5.95,6.26,5.7,5.96
2006-04-05,5.89,6.0,5.71,5.84
2006-04-06,5.85,6.42,5.75,6.42
2006-04-07,6.4,6.85,6.22,6.71
2006-04-10,6.69,6.75,6.31,6.53
2006-04-11,6.6,6.75,6.32,6.38
2006-04-12,6.2,6.61,6.08,6.43
2006-04-13,6.43,6.44,5.79,5.79
2006-04-14,5.68,5.86,5.5,5.8
2006-04-17,5.8,6.22,5.75,6.16
2006-04-18,6.16,6.5,6.08,6.44
2006-04-19,6.43,7.08,6.35,7.08
2006-04-20,7.5,7.79,7.48,7.79
2006-04-24,7.8,8.57,7.65,8.57
2006-04-25,8.97,9.43,8.37,9.43
2006-04-26,9.98,10.37,9.45,9.69
2006-04-27,9.5,10.66,9.18,10.66
2006-04-28,11.2,11.73,10.9,11.73
2006-05-10,12.9,12.9,12.9,12.9
2006-05-11,14.19,14.19,14.19,14.19
2006-05-12,15.61,15.61,15.01,15.61
2006-05-15,16.98,16.98,14.25,16.27
2006-05-17,14.64,14.64,14.64,14.64
2006-05-18,13.18,13.18,13.18,13.18
2006-05-19,11.87,14.1,11.86,12.99
2006-05-22,11.69,13.97,11.69,13.3
2006-05-23,13.31,14.63,13.3,14.63
2006-05-24,15.89,16.0,14.11,14.77
2006-05-25,13.8,14.99,13.6,14.71
2006-05-26,14.71,16.16,14.71,16.09
2006-05-29,16.1,16.6,15.28,15.95
2006-05-30,15.9,16.2,15.25,15.8
2006-05-31,15.6,17.17,15.36,16.58
2006-06-01,16.49,17.65,16.25,17.3
2006-06-02,17.0,17.71,15.57,15.75
2006-06-05,15.02,16.29,15.02,15.99
2006-06-06,15.95,16.0,14.39,14.4
2006-06-07,14.38,15.25,12.99,13.41
2006-06-08,13.3,13.58,12.83,13.13
2006-06-09,13.13,13.97,12.8,13.33
2006-07-06,14.66,14.66,14.66,14.66
2006-07-07,16.13,16.13,15.85,16.13
2006-07-10,16.49,17.15,16.0,16.86
2006-07-11,16.86,17.23,16.21,16.75
2006-07-12,16.61,17.25,16.22,17.1
2006-07-13,16.9,17.23,16.0,16.85
2006-07-14,16.5,16.98,16.26,16.79
2006-07-17,16.77,16.98,16.35,16.84
2006-07-18,16.53,17.0,16.41,16.99
2006-07-19,16.9,16.9,16.37,16.59
2006-07-20,16.45,16.9,16.45,16.69
2006-07-21,16.5,16.73,16.46,16.69
2006-07-24,16.68,16.68,16.06,16.2
2006-07-25,16.21,17.82,16.13,17.82
2006-07-26,18.16,19.25,17.9,18.71
2006-07-27,18.33,19.3,17.5,18.52
2006-07-28,18.56,19.12,18.35,18.72
2006-07-31,19.88,19.88,17.9,18.18
2006-08-01,17.98,18.27,17.3,17.4
2006-08-02,17.3,17.67,15.66,15.66
2006-08-03,15.5,15.97,14.09,14.46
2006-08-04,14.16,14.85,13.99,14.07
2006-08-07,14.08,14.85,14.0,14.1
2006-08-08,14.38,15.3,14.2,15.01
2006-08-09,15.25,15.61,15.0,15.38
2006-10-26,9.98,10.29,8.6,8.68
2006-10-27,8.47,9.14,7.81,8.2
2006-10-30,8.2,8.45,7.99,8.4
2006-10-31,8.12,8.5,8.1,8.4
2006-11-01,8.32,9.24,8.28,8.94
2006-11-02,8.87,9.29,8.35,9.15
2006-11-03,9.11,10.07,9.02,10.07
2006-11-06,9.96,10.98,9.83,10.5
2006-11-08,10.48,10.48,9.45,9.79
2006-11-09,9.75,9.75,9.01,9.3
2006-11-10,9.25,9.7,9.13,9.44
2006-11-13,9.2,9.29,8.51,8.58
2006-11-14,8.59,8.95,8.46,8.9
2006-11-15,8.8,9.08,8.6,8.97
2006-11-16,9.01,9.13,8.48,8.55
2006-11-17,8.45,8.82,8.18,8.65
2006-11-20,8.48,8.86,8.48,8.6
2006-11-21,8.6,8.96,8.6,8.95
2006-11-22,8.9,9.09,8.79,9.0
2006-11-23,9.0,9.06,8.65,8.84
2006-11-24,8.89,9.06,8.68,9.01
2006-11-27,9.03,9.9,8.93,9.77
2006-11-28,9.6,9.7,9.24,9.33
2006-11-29,9.02,9.57,9.02,9.42
2006-11-30,9.5,9.9,9.45,9.6
2006-12-01,9.61,10.0,9.5,9.85
2006-12-04,9.82,10.8,9.82,10.5
2006-12-05,10.51,10.96,10.2,10.92
2006-12-06,10.89,10.89,9.84,10.23
2006-12-07,10.08,10.08,9.39,9.52
2006-12-08,9.35,9.73,9.28,9.45
2006-12-11,9.42,9.81,9.4,9.8
2006-12-12,9.8,9.95,9.63,9.76
2006-12-13,9.81,10.0,9.7,9.89
2006-12-14,9.9,10.24,9.9,10.05
2006-12-15,10.21,10.65,10.01,10.31
2006-12-18,10.42,10.75,10.27,10.55
2006-12-19,10.61,10.68,9.95,10.14
2006-12-20,10.14,10.35,9.88,10.22
2006-12-21,10.18,10.45,9.91,10.29
2006-12-22,10.26,11.32,10.21,11.32
2006-12-25,11.58,11.7,10.72,11.29
2006-12-26,11.12,11.3,10.75,10.84
2006-12-27,10.75,10.83,10.48,10.52
2006-12-28,10.5,10.69,9.6,9.9
2006-12-29,9.88,10.1,9.85,10.04
2007-01-04,9.9,9.99,9.6,9.72
2007-01-05,9.66,9.94,9.41,9.89
2007-01-08,9.8,10.66,9.66,10.64
2007-01-09,10.7,11.3,10.5,10.98
2007-01-10,11.0,11.47,11.0,11.33
2007-01-11,11.33,11.88,11.1,11.2
2007-01-12,11.14,11.4,10.7,10.7
2007-01-15,10.68,11.48,10.6,11.36
2007-01-16,11.48,12.4,11.38,12.3
2007-01-17,12.38,12.73,11.18,11.7
2007-01-18,11.65,12.87,11.61,12.87
2007-01-19,13.05,13.89,13.05,13.4
2007-01-22,13.7,13.8,13.2,13.79
2007-01-23,13.7,15.1,13.2,14.87
2007-01-24,14.5,15.3,14.4,14.68
2007-01-25,14.6,14.6,13.38,13.39
2007-01-26,13.16,14.0,12.95,13.95
2007-01-29,14.0,14.6,13.86,14.24
2007-01-30,13.51,14.19,12.98,13.68
2007-01-31,13.58,13.6,12.39,12.5
2007-02-01,12.5,12.98,11.7,12.54
2007-02-02,12.29,13.69,12.29,13.13
2007-02-05,13.2,13.78,13.0,13.7
2007-02-06,13.7,14.23,13.41,14.19
2007-02-07,14.25,14.4,13.04,13.8
2007-02-08,13.78,14.1,13.67,13.81
2007-02-09,14.0,14.08,13.3,13.99
2007-02-12,13.99,14.37,13.6,14.28
2007-02-13,14.27,14.45,13.95,14.04
2007-02-14,14.03,14.85,13.85,14.65
2007-02-15,14.6,14.9,14.35,14.56
2007-02-16,14.55,16.0,14.45,15.4
2007-02-26,15.73,16.4,15.46,16.25
2007-02-27,16.35,16.35,14.63,14.63
2007-02-28,14.0,15.06,13.6,14.98
2007-03-01,14.95,14.95,13.91,14.0
2007-03-02,13.96,14.38,13.93,13.99
2007-03-05,13.8,14.27,12.59,12.88
2007-03-06,12.88,12.95,12.57,12.94
2007-03-07,13.09,13.5,13.0,13.4
2007-03-08,13.47,14.5,13.25,14.38
2007-03-09,14.55,14.55,13.7,14.5
2007-03-12,14.41,14.87,14.09,14.72
2007-03-13,14.75,14.91,14.35,14.47
2007-03-14,14.46,14.46,13.1,13.82
2007-03-15,13.85,14.24,13.6,13.91
2007-03-16,13.93,14.16,13.23,13.5
2007-03-19,13.37,13.7,13.0,13.38
2007-03-20,13.4,14.04,13.4,13.9
2007-03-21,13.89,14.03,13.47,13.74
2007-03-22,13.78,13.98,13.69,13.75
2007-03-23,13.51,15.13,13.51,14.87
2007-03-26,14.9,15.37,14.6,15.12
2007-03-27,15.12,15.52,14.9,15.3
2007-03-28,15.24,15.24,14.1,14.78
2007-03-29,14.5,14.95,14.18,14.19
2007-03-30,14.19,14.61,14.11,14.42
2007-04-02,14.52,14.95,14.5,14.54
2007-04-03,14.63,14.89,14.54,14.8
2007-04-04,14.91,14.99,14.61,14.61
2007-04-05,14.41,14.68,14.18,14.54
2007-04-06,14.53,14.99,14.29,14.96
2007-04-09,15.0,15.75,14.92,15.37
2007-04-10,15.39,16.27,14.54,16.25
2007-04-11,15.96,17.55,15.7,16.66
2007-04-12,16.55,17.07,16.4,16.65
2007-04-13,16.65,16.73,15.66,15.81
2007-04-16,15.78,16.6,15.75,16.42
2007-04-17,16.4,17.57,16.24,17.57
2007-04-18,17.65,18.33,17.2,17.26
2007-04-19,16.8,18.3,16.23,17.31
2007-04-20,17.38,19.04,17.38,19.04
2007-04-23,19.58,20.45,19.15,20.04
2007-04-24,19.81,20.06,19.01,19.14
2007-04-25,18.99,19.8,18.56,19.23
2007-04-26,19.38,19.55,18.54,18.7
2007-04-27,18.7,19.65,18.4,18.8
2007-04-30,18.55,19.18,18.01,18.58
2007-05-08,18.75,20.05,18.75,19.9
2007-05-09,19.73,19.83,18.06,18.98
2007-05-11,18.98,19.0,17.88,18.06
2007-05-14,18.05,18.05,16.95,17.55
2007-05-15,17.45,18.4,17.25,17.54
2007-05-16,17.4,18.35,17.0,17.86
2007-05-17,17.86,18.3,17.61,17.92
2007-05-18,18.08,18.08,17.31,17.58
2007-05-21,16.8,17.8,16.7,17.67
2007-05-22,17.65,18.7,17.62,18.37
2007-05-23,18.4,18.99,18.18,18.51
2007-05-24,18.53,18.8,17.58,17.85
2007-05-25,17.51,17.96,17.5,17.75
2007-05-28,18.0,19.53,18.0,19.3
2007-05-29,19.15,19.79,18.87,19.24
2007-05-30,17.84,19.0,17.32,17.32
2007-05-31,17.1,17.49,15.59,16.76
2007-06-01,16.75,17.48,15.8,16.08
2007-06-04,16.4,16.75,14.47,14.47
2007-06-05,14.0,14.99,13.02,14.9
2007-06-06,14.78,15.45,14.0,15.3
2007-06-07,15.21,16.74,15.21,16.43
2007-06-08,16.47,17.29,16.13,16.73
2007-06-11,17.02,18.4,17.0,18.4
2007-06-12,18.6,19.39,17.8,19.01
2007-06-18,18.0,18.96,17.18,17.7
2007-06-19,17.49,17.49,16.3,17.1
2007-06-20,16.87,16.95,15.51,15.82
2007-06-21,15.9,16.66,15.78,16.24
2007-06-22,16.6,16.6,14.83,15.05
2007-06-25,15.04,15.04,13.55,13.55
2007-06-26,13.01,13.85,12.4,13.68
2007-06-27,13.7,14.29,13.7,13.91
2007-06-28,13.9,13.9,12.52,12.52
2007-06-29,11.85,12.3,11.5,11.5
2007-07-02,11.3,12.35,11.3,12.14
2007-07-03,12.26,12.5,11.9,12.38
2007-07-04,12.49,13.38,12.25,12.6
2007-07-05,12.06,12.7,11.93,11.98
2007-07-06,11.96,13.18,11.96,13.18
2007-07-09,13.69,13.99,13.45,13.46
2007-07-10,13.4,14.0,13.23,13.68
2007-07-11,13.42,14.77,13.42,14.12
2007-07-12,14.15,14.4,13.5,13.61
2007-07-13,13.7,13.95,13.31,13.6
2007-07-16,13.51,13.6,12.71,12.82
2007-07-17,12.8,13.82,12.38,13.71
2007-07-18,13.4,14.38,13.4,14.06
2007-07-19,14.02,15.47,14.0,15.47
2007-07-20,17.02,17.02,15.71,17.02
2007-08-03,18.72,18.72,18.72,18.72
2007-08-06,19.5,20.59,19.28,20.59
2007-08-07,21.9,21.96,20.6,21.01
2007-08-08,20.48,21.18,19.8,20.25
2007-08-09,20.28,22.28,20.2,22.28
2007-08-10,22.48,24.48,22.0,23.7
2007-08-13,23.58,23.58,21.78,22.18
2007-08-14,22.0,22.6,21.5,21.62
2007-08-15,21.4,23.69,20.7,23.04
2007-08-16,22.4,24.18,21.98,23.75
2007-08-17,23.8,23.8,22.18,22.76
2007-08-20,23.2,23.58,22.18,22.6
2007-08-21,22.6,24.83,22.3,24.04
2007-08-22,23.6,25.07,23.01,24.35
2007-08-23,24.3,24.99,23.81,24.28
2007-08-24,24.28,26.71,24.2,26.71
2007-08-27,28.2,28.2,26.75,27.73
2007-08-28,27.8,29.9,26.5,28.26
2007-08-29,27.8,28.1,25.5,25.76
2007-08-30,25.7,26.6,25.04,26.18
2007-08-31,25.8,26.9,25.2,26.8
2007-09-03,26.78,26.91,25.9,26.0
2007-09-04,25.99,25.99,24.8,24.91
2007-09-06,25.23,25.96,24.8,25.58
2007-09-07,25.18,27.0,25.0,25.36
2007-09-10,24.98,27.9,24.8,27.9
2007-09-11,28.0,30.69,27.8,28.4
2007-09-12,29.0,31.0,27.4,30.62
2007-09-13,31.29,33.28,29.67,30.6
2007-09-14,30.3,32.88,29.51,31.6
2007-09-18,31.98,33.3,30.2,30.89
2007-09-19,30.5,30.5,28.4,28.77
2007-09-20,28.5,29.79,28.21,28.5
2007-09-21,28.22,31.35,28.21,31.35
2007-09-24,32.19,34.49,31.18,32.0
2007-09-25,31.65,31.8,28.95,29.68
2007-09-26,29.0,30.38,28.9,29.62
2007-09-27,29.5,30.7,28.8,30.5
2007-09-28,30.61,31.31,29.9,29.98
2007-10-08,30.11,30.11,28.2,28.3
2007-10-09,28.29,29.88,26.37,29.3
2007-10-10,29.09,30.11,28.31,28.65
2007-10-11,28.38,29.78,28.3,28.69
2007-10-12,28.6,29.45,26.88,28.89
2007-10-15,29.0,31.18,27.5,30.96
2007-10-17,31.96,32.7,28.9,28.99
2007-10-18,28.99,29.88,27.4,28.81
2007-10-19,28.68,29.5,27.65,28.97
2007-10-22,28.48,28.65,27.5,27.55
2007-10-23,27.17,27.95,25.0,26.15
2007-10-24,26.18,28.5,26.18,27.31
2007-10-25,27.2,29.55,26.51,28.8
2007-10-26,29.8,31.35,29.3,31.0
2007-10-29,31.0,31.64,29.2,29.8
2007-10-30,30.11,32.3,30.11,31.54
2007-10-31,31.08,33.3,30.4,32.81
2007-11-02,31.52,34.6,31.15,33.4
2007-11-05,33.29,33.29,30.06,30.06
2007-11-06,27.05,27.05,27.05,27.05
2007-11-07,24.35,26.8,24.35,25.27
2007-11-08,24.28,24.99,22.74,22.74
2007-11-09,21.21,22.0,20.47,20.6
2007-11-12,19.5,19.9,18.74,19.12
2007-11-13,19.5,19.98,17.8,18.1
2007-11-14,18.6,19.84,17.88,19.8
2007-11-15,19.3,21.78,19.0,21.78
2007-11-16,20.77,21.48,19.75,20.25
2007-11-19,20.15,20.7,19.0,19.81
2007-11-20,19.5,21.26,19.15,20.79
2007-11-21,20.85,21.38,19.82,19.98
2007-11-22,19.3,19.75,18.2,18.2
2007-11-23,17.84,18.56,17.45,18.55
2007-11-26,18.84,19.25,17.85,17.95
2007-11-27,17.63,18.49,17.0,17.9
2007-11-28,17.8,18.06,16.91,17.09
2007-11-29,17.25,17.78,16.55,17.53
2007-11-30,17.88,18.88,17.77,18.09
2007-12-03,17.8,18.98,17.5,18.6
2007-12-04,18.79,18.98,18.21,18.32
2007-12-05,18.29,19.23,17.89,19.06
2007-12-06,18.98,19.0,18.4,18.48
2007-12-07,18.32,18.95,18.32,18.83
2007-12-10,18.5,19.49,18.26,19.33
2007-12-11,19.35,19.8,18.92,19.73
2007-12-12,19.7,20.25,19.4,19.51
2007-12-13,19.41,19.67,18.06,18.15
2007-12-14,18.0,18.46,17.8,18.42
2007-12-17,18.49,18.71,17.01,17.27
2007-12-18,17.15,17.5,16.95,17.0
2007-12-19,17.2,18.35,17.2,18.12
2007-12-20,18.15,18.4,17.8,18.22
2007-12-21,18.17,19.0,17.91,18.84
2007-12-24,18.84,19.45,18.8,18.98
2007-12-25,19.09,19.5,18.98,19.05
2007-12-26,19.1,20.96,19.06,20.58
2007-12-27,20.6,21.2,20.2,20.89
2007-12-28,21.0,21.8,20.83,21.3
2008-01-02,21.8,22.99,21.6,22.62
2008-01-03,22.7,22.7,21.49,22.05
2008-01-04,22.05,23.8,22.05,22.93
2008-02-18,20.64,20.64,20.64,20.64
2008-02-19,18.58,22.49,18.58,21.3
2008-02-20,19.5,20.8,19.28,19.51
2008-02-21,19.35,19.75,18.6,19.1
2008-02-22,19.2,19.7,18.6,18.84
2008-02-25,18.79,19.18,16.96,16.98
2008-02-26,17.25,17.59,15.52,16.21
2008-02-27,16.3,16.8,15.82,16.56
2008-02-28,16.56,17.2,16.45,16.72
2008-02-29,16.72,17.14,16.6,16.92
2008-03-03,17.0,17.97,16.8,17.8
2008-03-04,17.91,18.49,16.9,17.13
2008-03-05,17.01,17.13,16.0,16.55
2008-03-06,16.55,17.05,16.32,16.85
2008-03-07,16.77,17.56,16.5,17.33
2008-03-10,17.34,17.6,16.89,17.0
2008-03-11,16.8,16.91,15.9,16.6
2008-03-12,16.72,17.05,16.0,16.0
2008-03-13,15.99,15.99,14.4,14.55
2008-03-14,14.4,14.65,14.05,14.43
2008-03-17,14.47,14.47,12.99,12.99
2008-03-18,12.75,12.98,11.69,11.69
2008-03-19,11.82,12.45,11.6,12.09
2008-03-20,11.85,12.43,10.89,12.2
2008-03-21,12.0,13.42,11.74,13.26
2008-03-24,13.29,13.3,12.2,12.22
2008-03-25,11.89,12.27,11.51,12.03
2008-03-26,12.15,12.7,11.8,12.09
2008-03-27,11.85,11.85,10.89,10.99
2008-03-28,11.0,11.37,10.03,11.28
2008-03-31,10.8,10.98,10.27,10.3
2008-04-01,10.3,10.45,9.27,9.27
2008-04-02,9.31,9.48,8.4,8.53
2008-04-03,8.42,9.35,8.0,9.06
2008-04-07,8.9,9.97,8.75,9.97
2008-04-08,9.73,10.55,9.38,10.18
2008-04-09,9.91,10.29,9.32,9.35
2008-04-10,9.05,9.5,8.9,9.45
2008-04-11,9.45,10.19,9.45,9.96
2008-04-14,9.64,9.9,9.01,9.06
2008-04-15,9.0,9.57,8.92,9.55
2008-04-16,9.5,9.77,9.19,9.57
2008-04-17,9.57,9.78,9.0,9.27
2008-04-18,9.28,9.28,8.46,8.5
2008-04-21,9.11,9.22,8.2,8.71
2008-04-22,8.73,8.78,8.25,8.6
2008-04-24,9.03,9.03,8.43,8.98
2008-04-25,8.53,9.14,8.53,8.65
2008-04-29,8.22,8.49,8.22,8.23
2008-04-30,8.23,8.64,8.23,8.64
2008-05-05,8.85,9.07,8.64,9.07
2008-05-06,9.44,9.52,9.2,9.52
2008-05-14,10.0,10.0,10.0,10.0
2008-05-15,10.4,10.5,9.5,9.5
2008-05-16,9.4,9.6,9.03,9.33
2008-05-19,9.22,9.42,8.9,9.1
2008-05-20,9.1,9.38,8.65,8.65
2008-05-21,8.38,8.49,8.22,8.41
2008-05-22,8.39,8.7,8.16,8.32
2008-05-23,8.33,8.43,7.9,7.9
2008-05-26,7.83,7.83,7.56,7.61
2008-05-27,7.56,7.9,7.5,7.86
2008-05-28,7.85,8.25,7.72,8.25
2008-05-30,8.37,8.58,8.09,8.16
2008-06-02,8.06,8.5,7.95,8.25
2008-06-03,8.25,8.3,8.0,8.1
2008-06-04,8.0,8.08,7.7,7.75
2008-06-05,7.69,8.14,7.69,8.08
2008-06-06,8.0,8.1,7.85,7.93
2008-06-10,7.69,7.69,7.53,7.53
2008-06-11,7.15,7.29,7.15,7.15
2008-06-12,7.0,7.0,6.79,6.79
2008-06-13,6.51,6.65,6.45,6.45
2008-06-16,6.15,6.3,6.13,6.13
2008-06-17,5.9,5.99,5.82,5.82
2008-06-18,5.6,6.11,5.6,6.01
2008-06-19,5.96,5.96,5.71,5.71
2008-06-20,5.42,5.86,5.42,5.43
2008-06-23,5.19,5.29,5.16,5.16
2008-06-24,4.95,5.25,4.9,5.15
2008-06-25,5.09,5.41,5.07,5.41
2008-06-26,5.38,5.68,5.35,5.67
2008-06-27,5.46,5.46,5.39,5.39
2008-06-30,5.12,5.23,5.12,5.12
2008-07-01,5.11,5.18,4.86,4.86
2008-07-02,4.88,5.1,4.86,4.93
2008-07-03,4.8,5.18,4.68,5.18
2008-07-04,5.05,5.27,4.99,5.11
2008-07-07,5.15,5.37,5.08,5.37
2008-07-08,5.39,5.64,5.32,5.64
2008-07-09,5.67,5.86,5.55,5.8
2008-07-10,5.75,6.09,5.51,6.08
2008-07-11,5.89,6.38,5.78,6.38
2008-08-27,6.06,6.06,6.06,6.06
2008-08-28,5.76,5.76,5.76,5.76
2008-08-29,5.47,5.47,5.47,5.47
2008-09-01,5.2,5.2,5.2,5.2
2008-09-02,4.94,4.94,4.94,4.94
2008-09-03,4.69,4.83,4.69,4.69
2008-09-04,4.69,4.91,4.6,4.87
2008-09-05,4.69,4.77,4.63,4.63
2008-09-08,4.48,4.69,4.4,4.4
2008-09-09,4.18,4.27,4.18,4.18
2008-09-12,4.39,4.39,4.18,4.39
2008-09-16,4.56,4.61,4.17,4.25
2008-09-17,4.05,4.31,4.05,4.15
2008-09-18,4.09,4.12,3.94,3.99
2008-09-19,4.19,4.19,4.12,4.19
2008-09-22,4.4,4.4,4.22,4.4
2008-09-23,4.3,4.61,4.19,4.44
2008-09-24,4.3,4.5,4.27,4.43
2008-09-25,4.48,4.6,4.39,4.46
2008-09-26,4.52,4.68,4.4,4.68
2008-10-06,4.53,4.67,4.45,4.45
2008-10-07,4.29,4.4,4.23,4.3
2008-10-08,4.13,4.33,4.13,4.18
2008-10-09,4.28,4.35,4.16,4.21
2008-10-10,4.09,4.14,4.0,4.09
2008-10-13,4.06,4.13,3.89,4.1
2008-10-14,4.16,4.16,3.9,3.9
2008-10-15,3.73,3.78,3.71,3.71
2008-10-16,3.53,3.53,3.52,3.52
2008-10-17,3.4,3.55,3.34,3.44
2008-10-20,3.4,3.43,3.27,3.41
2008-10-21,3.38,3.52,3.35,3.41
2008-10-22,3.35,3.35,3.24,3.24
2008-10-23,3.1,3.2,3.08,3.17
2008-10-24,3.12,3.24,3.11,3.19
2008-10-27,3.12,3.12,3.03,3.03
2008-10-28,2.95,2.96,2.88,2.95
2008-10-29,3.05,3.09,2.91,2.98
2008-10-30,2.96,3.04,2.87,2.95
2008-10-31,2.97,3.03,2.91,2.97
2008-11-03,2.98,3.03,2.95,3.02
2008-11-04,3.04,3.04,2.87,2.87
2008-11-05,2.87,2.99,2.76,2.91
2008-11-06,2.86,2.86,2.76,2.78
2008-11-07,2.68,2.82,2.66,2.8
2008-11-10,2.81,2.94,2.81,2.94
2008-11-11,2.99,3.07,2.94,3.0
2008-11-12,2.97,3.1,2.94,3.07
2008-11-13,3.05,3.22,3.01,3.2
2008-11-14,3.2,3.33,3.17,3.29
2008-11-17,3.31,3.45,3.27,3.45
2008-11-18,3.54,3.62,3.28,3.28
2008-11-19,3.26,3.44,3.16,3.43
2008-11-20,3.35,3.55,3.3,3.38
2008-11-21,3.27,3.37,3.21,3.26
2008-11-24,3.3,3.36,3.2,3.21
2008-11-25,3.3,3.32,3.15,3.21
2008-11-26,3.19,3.22,3.1,3.18
2008-11-27,3.34,3.34,3.25,3.27
2008-11-28,3.2,3.33,3.15,3.33
2008-12-01,3.3,3.45,3.26,3.44
2008-12-02,3.36,3.51,3.35,3.45
2008-12-03,3.45,3.58,3.43,3.55
2008-12-04,3.57,3.7,3.51,3.59
2008-12-05,3.56,3.71,3.53,3.71
2008-12-08,3.83,3.9,3.74,3.9
2008-12-09,3.92,4.1,3.86,3.97
2008-12-10,3.97,4.08,3.83,4.03
2008-12-11,4.04,4.23,3.97,4.23
2008-12-12,4.16,4.18,4.02,4.02
2008-12-15,3.99,4.02,3.82,3.82
2008-12-16,3.8,3.88,3.64,3.84
2008-12-17,3.86,3.92,3.8,3.85
2008-12-18,3.85,3.94,3.75,3.93
2008-12-19,3.89,4.13,3.89,4.13
2008-12-22,4.18,4.34,4.09,4.28
2008-12-23,4.24,4.28,4.07,4.07
2008-12-24,3.87,3.94,3.87,3.87
2008-12-25,4.06,4.06,4.06,4.06
2008-12-26,4.26,4.26,4.26,4.26
2008-12-29,4.36,4.36,4.05,4.15
2008-12-30,4.1,4.22,3.94,3.94
2008-12-31,3.92,4.03,3.78,3.78
2009-01-05,3.86,3.96,3.81,3.9
2009-01-06,3.71,3.97,3.71,3.87
2009-01-07,3.82,3.97,3.78,3.91
2009-01-08,3.83,3.85,3.71,3.73
2009-01-09,3.71,3.8,3.68,3.79
2009-01-12,3.79,3.94,3.72,3.87
2009-01-13,3.8,3.89,3.74,3.8
2009-01-14,3.77,3.99,3.77,3.99
2009-01-15,4.07,4.19,3.99,4.09
2009-01-16,4.05,4.14,4.01,4.03
2009-01-19,4.07,4.17,4.05,4.12
2009-01-20,4.12,4.19,4.07,4.15
2009-01-22,4.15,4.19,4.02,4.12
2009-01-23,4.1,4.33,4.08,4.14
2009-02-02,4.15,4.35,4.14,4.35
2009-02-03,4.35,4.57,4.29,4.5
2009-02-04,4.51,4.7,4.42,4.58
2009-02-05,4.54,4.81,4.5,4.72
2009-02-06,4.7,4.96,4.68,4.96
2009-02-09,5.12,5.21,5.02,5.21
2009-02-10,5.25,5.47,5.09,5.47
2009-02-11,5.47,5.74,5.47,5.7
2009-02-12,5.75,5.82,5.42,5.56
2009-02-13,5.51,5.6,5.36,5.58
2009-02-16,5.7,5.8,5.55,5.8
2009-02-17,5.79,5.95,5.51,5.73
2009-02-18,5.55,5.75,5.44,5.44
2009-02-19,5.44,5.55,5.17,5.28
2009-02-20,5.26,5.5,5.18,5.47
2009-02-23,5.47,5.74,5.38,5.74
2009-02-24,5.74,5.98,5.62,5.91
2009-02-25,5.97,6.21,5.97,6.21
2009-02-26,6.52,6.52,5.9,5.9
2009-02-27,5.61,5.61,5.61,5.61
2009-03-02,5.33,5.5,5.33,5.36
2009-03-03,5.15,5.23,5.09,5.09
2009-03-04,5.1,5.34,5.1,5.34
2009-03-05,5.47,5.56,5.2,5.39
2009-03-06,5.3,5.39,5.18,5.3
2009-03-09,5.31,5.42,5.04,5.04
2009-03-10,4.95,5.15,4.79,5.1
2009-03-11,5.17,5.28,5.07,5.12
2009-03-12,5.12,5.13,4.88,5.1
2009-03-13,5.12,5.18,5.01,5.08
2009-03-16,5.03,5.33,5.02,5.33
2009-03-17,5.33,5.6,5.33,5.53
2009-03-18,5.55,5.8,5.47,5.6
2009-03-19,5.62,5.8,5.5,5.7
2009-03-20,5.7,5.99,5.7,5.99
2009-03-23,6.1,6.28,5.99,6.1
2009-03-24,6.2,6.4,6.09,6.26
2009-03-25,6.2,6.57,6.11,6.48
2009-03-26,6.45,6.79,6.16,6.65
2009-03-27,6.68,6.78,6.46,6.51
2009-03-30,6.45,6.74,6.27,6.58
2009-03-31,6.46,6.68,6.35,6.59
2009-04-01,6.61,6.92,6.61,6.92
2009-04-02,7.14,7.27,6.97,7.01
2009-04-03,7.04,7.15,6.78,6.84
2009-04-07,6.8,6.97,6.7,6.89
2009-04-08,6.86,6.87,6.55,6.63
2009-04-09,6.63,6.96,6.57,6.96
2009-04-10,7.29,7.31,7.0,7.31
2009-04-13,7.48,7.68,7.47,7.68
2009-04-14,7.75,7.98,7.4,7.5
2009-04-16,7.13,7.32,7.13,7.14
2009-04-17,7.0,7.0,6.78,6.8
2009-04-20,6.82,7.1,6.82,6.99
2009-04-21,6.95,6.95,6.8,6.93
2009-04-22,6.95,7.28,6.78,6.9
2009-04-23,6.79,6.84,6.56,6.72
2009-04-24,6.72,6.97,6.68,6.83
2009-04-27,6.8,6.98,6.5,6.57
2009-04-28,6.47,6.56,6.28,6.32
2009-04-29,6.3,6.56,6.25,6.51
2009-04-30,6.59,6.84,6.52,6.84
2009-05-04,6.91,7.15,6.85,7.12
2009-05-05,7.16,7.18,6.89,7.01
2009-05-06,7.0,7.15,6.85,7.03
2009-05-07,7.08,7.36,7.01,7.17
2009-05-08,7.45,7.46,7.15,7.18
2009-05-11,7.23,7.27,6.82,6.82
2009-05-12,6.72,6.85,6.57,6.82
2009-05-13,6.8,7.15,6.72,7.02
2009-05-14,6.93,6.93,6.74,6.86
2009-05-15,6.88,6.93,6.74,6.82
2009-05-18,6.85,7.09,6.8,7.08
2009-05-19,7.13,7.35,7.04,7.3
2009-05-20,7.67,7.67,7.57,7.67
2009-05-21,7.97,8.05,7.34,7.4
2009-05-22,7.24,7.26,7.03,7.05
2009-05-25,6.75,7.34,6.75,7.19
2009-05-26,7.12,7.31,7.0,7.01
2009-05-27,7.1,7.13,6.91,7.1
2009-06-01,7.11,7.46,7.11,7.31
2009-06-02,7.34,7.39,7.22,7.29
2009-06-03,7.3,7.33,7.19,7.29
2009-06-04,7.25,7.6,7.16,7.58
2009-06-05,7.58,7.96,7.51,7.59
2009-06-08,7.59,7.97,7.5,7.97
2009-06-09,8.19,8.37,7.91,8.37
2009-06-10,8.36,8.78,8.21,8.38
2009-06-11,8.29,8.8,8.11,8.8
2009-06-12,8.71,9.14,8.64,8.94
2009-06-15,8.8,8.99,8.65,8.71
2009-06-16,8.61,8.63,8.27,8.27
2009-06-17,8.3,8.68,8.3,8.68
2009-06-18,8.89,9.08,8.7,8.79
2009-06-19,8.78,9.23,8.54,9.23
2009-06-22,9.3,9.69,9.18,9.69
2009-06-23,9.79,10.17,9.69,10.1
2009-06-26,9.6,9.95,9.6,9.6
2009-06-29,9.39,9.88,9.13,9.73
2009-06-30,9.6,10.07,9.48,9.65
2009-07-01,9.6,9.94,9.5,9.6
2009-07-02,9.6,9.79,9.5,9.59
2009-07-03,9.6,9.6,9.23,9.37
2009-07-06,9.3,9.84,9.3,9.72
2009-07-07,9.75,9.9,9.6,9.66
2009-07-08,9.53,10.09,9.53,9.94
2009-07-09,10.13,10.4,10.0,10.36
2009-07-10,10.43,10.88,10.4,10.65
2009-07-13,10.56,10.74,10.3,10.4
2009-07-14,10.41,10.5,10.11,10.42
2009-07-15,10.41,10.49,10.16,10.42
2009-07-16,10.48,10.8,10.23,10.25
2009-07-17,10.35,10.65,10.02,10.49
2009-07-20,10.51,11.01,10.51,11.01
2009-07-21,11.0,11.56,10.95,11.45
2009-07-22,11.35,11.94,11.26,11.43
2009-07-23,11.46,11.79,11.31,11.43
2009-07-24,11.43,11.75,11.05,11.53
2009-07-27,11.52,11.95,11.23,11.73
2009-07-28,11.75,11.97,11.52,11.7
2009-07-29,11.55,11.68,11.12,11.12
2009-07-30,10.97,10.99,10.56,10.8
2009-07-31,10.8,11.33,10.8,11.3
2009-08-03,11.31,11.75,11.15,11.74
2009-08-04,11.73,11.97,11.36,11.54
2009-08-05,11.4,11.52,10.98,11.24
2009-08-06,11.1,11.22,10.7,10.8
2009-08-07,10.78,10.92,10.26,10.26
2009-08-10,10.36,10.47,9.87,10.19
2009-08-11,10.15,10.44,10.02,10.35
2009-08-12,10.2,10.34,9.83,9.83
2009-08-13,9.76,9.9,9.36,9.63
2009-08-14,9.63,9.73,9.15,9.15
2009-08-17,8.69,8.86,8.69,8.69
2009-08-18,8.26,8.45,8.26,8.39
2009-08-19,8.44,8.7,7.97,7.97
2009-08-20,7.95,8.25,7.61,8.15
2009-08-21,8.2,8.56,7.95,8.56
2009-08-24,8.56,8.88,8.5,8.75
2009-08-25,8.6,8.69,8.31,8.5
2009-08-26,8.48,8.77,8.26,8.67
2009-08-27,8.71,8.85,8.51,8.71
2009-08-28,8.67,8.75,8.42,8.47
2009-08-31,8.27,8.3,8.05,8.05
2009-09-01,7.65,7.8,7.65,7.65
2009-09-02,7.47,7.5,7.27,7.31
2009-09-03,7.25,7.68,7.25,7.68
2009-09-04,7.88,8.06,7.73,8.06
2009-09-07,8.13,8.29,8.01,8.13
2009-09-08,8.11,8.34,7.83,8.27
2009-09-09,8.3,8.5,8.21,8.4
2009-09-10,8.35,8.45,8.13,8.21
2009-09-11,8.15,8.38,8.15,8.3
2009-09-14,8.35,8.72,8.25,8.72
2009-09-15,8.89,9.02,8.59,8.88
2009-09-16,8.88,8.94,8.51,8.74
2009-09-17,8.93,8.93,8.77,8.85
2009-09-18,8.85,9.29,8.85,9.28
2009-09-21,9.23,9.69,9.05,9.66
2009-09-22,9.79,10.14,9.28,9.43
2009-09-23,9.2,9.68,9.06,9.11
2009-09-24,9.11,9.57,9.01,9.57
2009-09-25,9.5,10.04,9.45,9.78
2009-09-28,9.8,10.03,9.29,9.29
2009-09-29,9.06,9.18,8.83,8.83
2009-09-30,8.62,9.0,8.39,8.67
2009-10-09,8.89,9.08,8.72,9.08
2009-10-12,9.16,9.19,8.8,8.82
2009-10-13,8.7,9.26,8.65,9.26
2009-10-14,9.46,9.72,9.36,9.72
2009-10-15,9.77,9.89,9.55,9.72
2009-10-16,9.8,10.21,9.8,10.05
2009-10-19,10.05,10.55,10.05,10.55
2009-11-16,10.02,10.98,10.02,10.38
2009-11-18,10.02,10.05,9.86,9.86
2009-11-19,9.85,10.0,9.63,9.89
2009-11-20,9.85,10.03,9.76,9.92
2009-11-23,9.99,10.07,9.86,10.0
2009-11-24,10.01,10.08,9.5,9.5
2009-11-25,9.29,9.68,9.14,9.63
2009-11-26,9.6,9.89,9.15,9.15
2009-11-27,9.0,9.07,8.69,8.77
2009-11-30,8.78,9.05,8.7,9.03
2009-12-01,8.93,9.07,8.87,9.0
2009-12-02,9.03,9.26,9.02,9.24
2009-12-03,9.2,9.2,8.97,9.1
2009-12-04,9.1,9.15,8.68,8.88
2009-12-07,8.9,8.99,8.8,8.97
2009-12-08,8.98,9.42,8.98,9.42
2009-12-09,9.36,9.36,9.16,9.2
2009-12-10,9.23,9.36,9.09,9.2
2009-12-11,9.11,9.19,8.74,8.88
2009-12-14,8.84,8.84,8.44,8.7
2009-12-15,8.66,8.87,8.52,8.82
2009-12-16,8.77,9.25,8.62,9.11
2009-12-17,9.11,9.21,8.8,9.1
2009-12-18,8.97,9.16,8.77,8.82
2009-12-21,8.8,9.25,8.8,9.22
2009-12-22,9.22,9.45,9.0,9.34
2009-12-23,9.45,9.81,9.35,9.8
2009-12-29,10.29,10.29,10.12,10.29
2009-12-30,10.2,10.2,9.78,9.78
2009-12-31,9.4,9.66,9.3,9.48
2010-01-04,9.46,9.74,9.37,9.66
2010-01-05,9.61,9.85,9.44,9.67
2010-01-06,9.57,10.04,9.5,9.63
2010-01-07,9.63,9.88,9.44,9.52
2010-01-08,9.42,9.57,9.33,9.56
2010-01-11,9.6,9.67,9.4,9.61
2010-01-12,9.53,9.64,9.44,9.59
2010-01-13,9.45,9.5,9.11,9.11
2010-01-14,9.05,9.36,9.02,9.31
2010-01-15,9.35,9.36,9.16,9.28
2010-01-18,9.27,9.73,9.21,9.68
2010-01-19,9.67,10.05,9.59,9.92
2010-01-20,9.93,10.17,9.75,9.9
2010-01-21,9.9,10.09,9.75,10.01
2010-01-22,10.0,10.0,9.51,9.53
2010-01-25,9.4,9.76,9.31,9.53
2010-01-26,9.6,9.61,9.09,9.25
2010-01-27,9.3,9.38,9.18,9.23
2010-01-28,9.22,9.22,8.77,8.77
2010-01-29,8.33,8.33,8.33,8.33
2010-02-01,7.91,7.91,7.91,7.91
2010-02-02,7.52,7.9,7.51,7.51
2010-02-03,7.45,7.6,7.23,7.52
2010-02-04,7.49,7.9,7.35,7.9
2010-02-05,7.7,8.05,7.57,7.65
2010-02-08,7.66,7.73,7.55,7.62
2010-02-09,7.6,7.72,7.49,7.62
2010-02-10,7.66,7.85,7.63,7.79
2010-02-11,7.77,7.95,7.75,7.82
2010-02-12,7.88,7.91,7.81,7.89
2010-02-22,7.88,7.95,7.82,7.83
2010-02-23,7.76,7.79,7.44,7.66
2010-02-24,7.63,7.77,7.5,7.76
2010-02-25,7.74,8.05,7.72,8.01
2010-02-26,8.0,8.06,7.89,8.0
2010-03-01,8.02,8.4,8.02,8.4
2010-03-02,8.43,8.43,8.2,8.29
2010-03-03,8.29,8.36,8.17,8.26
2010-03-04,8.29,8.3,7.85,7.9
2010-03-05,7.82,8.3,7.81,8.3
2010-03-08,8.7,8.72,8.41,8.51
2010-03-09,8.43,8.89,8.43,8.73
2010-03-10,8.73,9.1,8.41,9.01
2010-03-11,8.9,9.37,8.9,9.19
2010-03-12,9.2,9.38,8.85,8.91
2010-03-15,8.93,9.12,8.6,8.67
2010-03-16,8.76,9.06,8.65,8.87
2010-03-17,9.0,9.01,8.8,9.0
2010-03-18,8.98,9.2,8.83,9.08
2010-03-19,9.13,9.39,9.01,9.32
2010-03-22,9.38,9.79,9.37,9.72
2010-03-24,9.8,9.8,9.23,9.32
2010-03-25,9.33,9.61,9.14,9.43
2010-03-26,9.7,9.9,9.48,9.9
2013-02-08,13.51,16.11,13.51,14.29
2013-02-18,14.65,14.98,13.7,14.28
2013-02-19,14.05,14.3,13.62,13.7
2013-02-20,13.66,13.68,13.1,13.17
2013-02-21,13.05,13.36,12.83,13.16
2013-02-22,13.0,13.29,12.75,13.14
2013-02-25,13.1,13.15,12.58,12.58
2013-02-26,12.49,13.21,12.26,13.04
2013-02-27,12.96,13.6,12.9,13.56
2013-02-28,13.6,14.05,13.59,13.79
2013-03-01,13.7,14.48,13.62,14.48
2013-03-04,14.48,14.78,13.76,13.76
2013-03-05,13.55,14.35,13.55,14.08
2013-03-06,13.96,14.78,13.96,14.78
2013-03-07,14.7,14.75,14.35,14.58
2013-03-08,14.4,14.52,14.0,14.0
2013-03-11,13.9,13.97,13.4,13.5
2013-03-12,13.45,14.08,13.12,13.26
2013-03-13,13.25,13.55,13.01,13.39
2013-03-14,13.39,13.5,13.16,13.35
2013-03-15,13.28,13.5,13.03,13.03
2013-03-18,12.83,12.87,12.38,12.38
2013-03-19,11.98,11.98,11.76,11.76
2013-03-20,11.65,12.18,11.65,11.96
2013-03-21,12.07,12.35,11.93,12.24
2013-03-22,12.2,12.32,11.92,12.1
2013-03-25,12.11,12.42,12.0,12.26
2013-03-26,12.17,12.19,11.65,11.65
2013-03-27,11.66,11.78,11.31,11.57
2013-03-28,11.48,11.84,11.25,11.57
2013-03-29,11.57,11.79,11.3,11.48
2013-04-01,11.38,11.64,11.27,11.55
2013-04-02,12.0,12.13,11.81,12.13
2013-04-03,11.52,11.95,11.52,11.52
2013-04-08,11.54,11.64,11.3,11.39
2013-04-09,11.33,11.77,11.33,11.43
2013-04-10,11.45,12.0,11.39,12.0
2013-04-11,11.88,12.11,11.73,11.74
2013-04-12,11.72,12.32,11.66,12.1
2013-04-15,11.98,12.31,11.91,12.03
2013-04-16,11.8,11.8,11.43,11.49
2013-04-17,11.49,11.52,11.08,11.29
2013-04-18,11.16,11.57,11.16,11.46
2013-04-19,11.38,11.67,11.25,11.63
2013-04-22,11.5,11.93,11.45,11.86
2013-04-23,11.89,11.92,11.27,11.3
2013-04-24,11.35,11.56,11.28,11.52
2013-04-25,11.5,11.66,10.97,11.18
2013-04-26,11.15,11.24,10.81,10.89
2013-05-02,10.79,10.86,10.49,10.61
2013-05-03,10.65,10.95,10.65,10.84
2013-05-06,10.88,11.2,10.88,11.18
2013-05-07,11.18,11.45,11.11,11.2
2013-05-08,11.18,11.31,11.02,11.23
2013-05-09,11.21,11.46,11.1,11.24
2013-05-10,11.15,11.4,11.07,11.39
2013-05-13,11.35,11.44,11.23,11.3
2013-05-14,11.28,11.32,10.94,10.96
2013-05-15,10.82,11.05,10.82,10.96
2013-05-16,10.9,11.04,10.84,10.98
2013-05-17,11.01,11.05,10.79,11.01
2013-05-20,11.01,11.07,10.85,11.0
2013-05-21,10.99,11.55,10.89,11.55
2013-05-22,11.48,11.82,11.38,11.63
2013-05-23,11.56,11.85,11.39,11.47
2013-05-24,11.45,11.67,11.44,11.53
2013-05-27,11.6,12.11,11.6,11.95
2013-05-28,11.92,12.55,11.92,12.55
2013-05-29,12.72,12.86,12.38,12.45
2013-05-30,12.44,13.01,12.31,12.86
2013-05-31,12.83,13.11,12.65,12.75
2013-06-03,12.64,12.86,12.4,12.7
2013-06-04,12.67,12.95,12.35,12.68
2013-06-05,12.66,13.06,12.53,12.9
2013-06-06,12.81,13.44,12.75,13.18
2013-06-07,13.24,13.24,12.52,12.52
2013-06-13,12.15,12.16,11.89,11.89
2013-06-14,11.96,12.48,11.9,12.25
2013-06-17,12.25,12.25,11.64,11.64
2013-06-18,11.63,11.85,11.5,11.7
2013-06-19,11.63,11.97,11.39,11.83
2013-06-20,11.72,11.83,11.27,11.34
2013-06-21,11.0,11.38,10.99,11.26
2013-06-24,11.3,11.3,10.7,10.7
2013-06-25,10.17,10.35,10.17,10.2
2013-06-26,10.2,10.38,10.08,10.33
2013-06-27,10.34,10.55,9.96,10.07
2013-06-28,9.9,10.12,9.57,9.65
2013-07-01,9.55,10.08,9.48,10.0
2013-07-02,10.0,10.25,9.83,10.13
2013-07-03,9.98,10.08,9.81,9.88
2013-07-04,9.79,10.36,9.67,10.21
2013-07-05,10.18,10.71,10.13,10.41
2013-07-08,10.25,10.3,9.94,9.98
2013-07-09,10.05,10.28,9.95,10.03
2013-07-10,10.0,10.53,9.92,10.53
2013-07-11,10.75,11.06,10.66,11.06
2013-07-12,11.45,11.61,11.06,11.17
2013-07-15,11.3,11.73,11.07,11.73
2013-07-16,11.78,12.29,11.69,11.86
2013-07-17,11.77,11.98,11.55,11.61
2013-07-18,11.56,11.95,11.36,11.62
2013-07-19,11.66,11.77,11.09,11.12
2013-07-22,10.99,11.17,10.71,11.13
2013-07-23,11.2,11.69,11.03,11.69
2013-07-24,11.7,12.07,11.65,11.92
2013-07-25,11.96,12.0,11.6,11.64
2013-07-26,11.69,11.7,11.37,11.68
2013-07-29,11.49,12.26,11.41,11.97
2013-07-30,11.86,12.5,11.86,12.4
2013-07-31,12.6,12.8,12.02,12.16
2013-08-01,12.2,12.35,12.09,12.23
2013-08-02,12.27,12.7,12.27,12.7
2013-08-05,12.83,12.92,12.65,12.8
2013-08-06,12.7,12.9,12.54,12.8
2013-08-07,12.7,12.8,12.28,12.4
2013-08-15,13.02,13.02,13.02,13.02
2013-08-16,13.67,13.67,12.37,12.37
2013-08-19,11.91,12.25,11.88,12.01
2013-08-20,12.02,12.05,11.56,11.6
2013-08-21,11.65,11.87,11.59,11.78
2013-08-22,11.78,11.81,11.62,11.62
2013-08-23,11.66,11.8,11.32,11.46
2013-08-26,11.4,11.81,11.31,11.75
2013-08-27,11.7,11.97,11.62,11.94
2013-08-28,11.82,12.25,11.65,12.12
2013-08-29,12.07,12.23,11.91,12.02
2013-08-30,12.1,12.1,11.8,11.9
2013-09-02,11.8,12.3,11.65,12.19
2013-09-03,12.15,12.3,12.03,12.13
2013-09-04,12.06,12.32,12.06,12.23
2013-09-05,12.2,12.22,12.06,12.17
2013-09-06,12.18,12.35,12.06,12.27
2013-09-09,12.7,12.85,12.21,12.25
2013-09-10,12.22,12.35,11.87,11.96
2013-09-11,12.0,12.09,11.75,11.94
2013-09-12,11.9,11.9,11.73,11.74
2013-09-13,11.75,11.94,11.69,11.83
2013-09-16,11.82,11.99,11.78,11.85
2013-09-17,11.85,11.86,11.52,11.53
2013-09-18,11.53,11.71,11.53,11.65
2013-09-23,11.62,11.88,11.62,11.78
2013-09-24,11.78,11.85,11.66,11.7
2013-09-25,11.7,11.95,11.65,11.71
2013-09-26,11.68,11.74,11.54,11.54
2013-09-27,11.53,11.68,11.41,11.46
2013-09-30,11.58,11.89,11.41,11.89
2013-10-08,11.93,11.95,11.81,11.91
2013-10-09,11.81,11.9,11.76,11.84
2013-10-10,11.83,11.88,11.6,11.64
2013-10-11,11.73,11.78,11.55,11.63
2013-10-14,11.64,11.65,11.21,11.27
2013-10-15,11.23,11.37,11.16,11.21
2013-10-16,11.27,11.28,10.7,10.77
2013-10-17,10.71,11.31,10.51,11.31
2013-10-18,11.35,11.52,11.25,11.43
2013-10-21,11.4,11.4,11.21,11.29
2013-10-22,11.21,11.3,11.0,11.14
2013-10-23,11.12,11.27,10.9,11.0
2013-10-24,11.0,11.09,10.84,10.98
2013-10-25,10.95,11.2,10.91,11.05
2013-10-28,10.92,11.06,10.78,10.8
2013-10-29,10.79,11.11,10.33,11.11
2013-10-30,11.15,11.43,11.03,11.43
2013-10-31,11.43,11.43,11.19,11.3
2013-11-01,11.2,11.36,11.1,11.31
2013-11-04,11.31,11.4,11.2,11.26
2013-11-05,11.2,11.35,11.15,11.33
2013-11-06,11.33,11.37,11.23,11.23
2013-11-07,11.21,11.65,11.21,11.45
2013-11-08,11.45,11.49,11.22,11.43
2013-11-11,11.36,11.42,11.12,11.22
2013-11-12,11.2,11.31,11.16,11.3
2013-11-13,11.2,11.45,11.2,11.31
2013-11-14,11.4,11.61,11.32,11.56
2013-11-15,11.56,12.1,11.5,12.1
2013-11-18,12.08,12.17,11.86,12.07
2013-11-19,12.67,12.67,12.11,12.3
2013-11-20,12.46,12.88,12.35,12.69
2013-11-21,12.68,12.68,12.41,12.59
2013-11-25,12.59,12.6,11.89,11.89
2013-11-26,11.55,11.91,11.5,11.71
2013-11-27,11.71,11.85,11.55,11.73
2013-11-28,11.77,12.58,11.6,12.21
2013-11-29,12.13,12.24,11.77,12.16
2013-12-02,11.8,12.15,11.53,11.81
2013-12-03,11.78,12.08,11.48,12.0
2013-12-04,11.93,12.35,11.88,12.16
2013-12-05,12.0,12.26,11.9,11.97
2013-12-06,11.9,11.97,11.7,11.8
2013-12-09,11.8,11.99,11.7,11.86
2013-12-10,11.86,12.12,11.76,12.03
2013-12-11,12.06,12.08,11.8,11.9
2013-12-12,11.83,12.02,11.75,11.81
2013-12-13,11.81,11.87,11.68,11.8
2013-12-16,11.67,11.78,11.34,11.45
2013-12-17,11.44,11.49,11.21,11.27
2013-12-18,11.28,11.67,11.28,11.41
2013-12-19,11.3,11.75,11.3,11.57
2013-12-20,11.57,11.73,11.38,11.73
2013-12-23,11.7,11.7,11.51,11.68
2013-12-24,11.57,11.9,11.54,11.81
2013-12-25,11.8,11.83,11.69,11.78
2013-12-26,11.75,11.8,11.3,11.47
2013-12-27,11.43,11.79,11.32,11.79
2013-12-30,11.8,12.09,11.64,12.04
2013-12-31,12.0,12.12,11.86,12.09
2014-01-02,11.92,12.01,11.79,11.8
2014-01-03,11.75,11.89,11.66,11.67
2014-01-06,11.42,11.68,11.41,11.47
2014-01-07,11.45,11.56,11.33,11.33
2014-01-08,11.35,11.59,11.22,11.31
2014-01-09,11.39,11.43,10.92,10.92
2014-01-10,10.8,10.9,10.35,10.44
2014-01-13,10.42,10.73,10.42,10.53
2014-01-14,10.42,10.56,10.39,10.54
2014-01-15,10.5,10.68,10.41,10.5
2014-01-16,10.5,10.83,10.4,10.66
2014-01-17,10.61,10.73,10.37,10.47
2014-01-20,10.47,10.47,10.0,10.25
2014-01-21,10.27,10.38,10.18,10.29
2014-01-22,10.33,10.58,10.24,10.49
2014-01-23,10.42,10.6,10.4,10.53
2014-01-24,10.53,10.83,10.48,10.83
2014-01-27,10.84,10.84,10.5,10.52
2014-01-28,10.47,10.78,10.47,10.6
2014-01-29,10.72,10.72,10.48,10.51
2014-01-30,10.59,10.59,10.2,10.2
2014-02-07,10.09,10.44,10.09,10.42
2014-02-10,10.42,10.8,10.32,10.77
2014-02-11,10.68,10.94,10.68,10.87
2014-02-12,10.88,10.93,10.78,10.84
2014-02-13,10.88,11.29,10.81,11.08
2014-02-14,10.99,11.35,10.96,11.18
2014-02-17,11.25,11.3,11.04,11.16
2014-02-18,11.12,11.13,10.92,10.95
2014-02-19,10.99,11.23,10.93,11.13
2014-02-20,11.18,11.3,11.01,11.13
2014-02-21,11.06,11.18,11.0,11.04
2014-02-24,11.01,11.01,10.7,10.78
2014-02-25,10.81,10.93,10.47,10.49
2014-02-26,10.47,11.29,10.32,10.79
2014-02-27,10.69,10.86,10.35,10.56
2014-02-28,10.43,10.64,10.38,10.53
2014-03-03,10.62,10.64,10.46,10.57
2014-03-04,10.57,10.92,10.4,10.73
2014-03-05,10.62,10.73,10.5,10.55
2014-03-06,10.5,10.62,10.43,10.47
2014-03-07,10.53,10.9,10.48,10.63
2014-03-10,10.5,11.05,10.3,10.85
2014-03-11,10.74,11.07,10.61,11.0
2014-03-12,11.01,11.25,10.84,11.12
2014-03-13,11.18,11.55,11.0,11.01
2014-03-14,11.0,11.16,10.79,10.87
2014-03-17,10.9,11.02,10.8,10.98
2014-03-18,10.91,11.05,10.85,10.98
2014-03-19,10.97,11.0,10.8,10.93
2014-03-20,10.9,11.6,10.85,11.29
2014-03-21,11.11,11.51,11.11,11.42
2014-03-24,11.32,11.81,11.32,11.61
2014-03-25,11.76,11.76,11.27,11.35
2014-03-26,11.3,11.46,11.25,11.36
2014-03-27,11.36,11.37,11.19,11.26
2014-03-28,11.26,11.44,11.2,11.34
2014-03-31,11.36,11.52,11.22,11.33
2014-04-01,11.46,11.46,11.0,11.23
2014-04-02,11.18,11.29,11.09,11.11
2014-04-03,11.17,11.17,11.0,11.08
2014-04-04,11.09,11.29,11.01,11.29
2014-04-08,11.21,11.45,11.19,11.45
2014-04-09,11.46,11.47,11.38,11.45
2014-04-10,11.45,11.67,11.41,11.51
2014-04-11,11.52,11.64,11.43,11.52
2014-04-14,11.49,11.58,11.48,11.55
2014-04-15,11.07,11.45,11.07,11.19
2014-04-16,11.17,11.21,11.02,11.11
2014-04-17,11.07,11.16,11.07,11.11
2014-04-18,11.12,11.24,11.06,11.21
2014-04-21,11.12,11.18,10.95,11.0
2014-04-22,10.98,11.12,10.7,11.0
2014-04-23,11.09,11.09,10.9,11.0
2014-04-24,10.99,11.01,10.83,10.83
2014-04-25,10.87,10.88,10.62,10.78
2014-04-28,10.75,10.75,10.44,10.7
2014-04-29,10.58,10.8,10.51,10.68
2014-04-30,10.65,10.77,10.5,10.76
2014-05-05,10.82,10.82,10.6,10.79
2014-05-06,10.79,10.82,10.63,10.73
2014-05-07,10.53,10.75,10.53,10.58
2014-05-08,10.51,10.71,10.51,10.58
2014-05-09,10.68,10.93,10.55,10.69
2014-05-12,10.78,11.2,10.69,11.15
2014-05-13,11.09,11.26,10.92,11.11
2014-05-14,11.11,11.18,10.94,11.06
2014-05-15,11.02,11.02,10.76,10.77
2014-05-16,10.7,11.12,10.66,11.05
2014-05-19,11.0,11.22,10.88,11.17
2014-05-20,11.17,11.2,11.01,11.05
2014-05-21,11.0,11.26,10.91,11.18
2014-05-22,11.18,11.23,11.04,11.14
2014-05-23,11.18,11.19,11.01,11.19
2014-05-26,11.2,11.24,11.09,11.15
2014-05-27,11.17,11.17,11.01,11.06
2014-05-28,11.03,11.14,10.93,11.02
2014-05-29,11.03,11.07,10.76,10.91
2014-05-30,10.91,11.07,10.83,11.02
2014-06-03,11.02,11.14,10.8,10.9
2014-06-04,10.9,10.94,10.8,10.81
2014-06-05,10.81,10.93,10.81,10.93
2014-06-06,10.86,11.1,10.83,10.94
2014-06-09,11.03,11.17,10.86,11.16
2014-06-10,11.16,11.2,11.03,11.13
2014-06-11,11.16,11.18,11.06,11.13
2014-06-12,11.18,11.2,11.04,11.06
2014-06-13,11.13,11.44,11.03,11.39
2014-06-16,11.4,11.5,11.26,11.32
2014-06-17,11.32,11.55,11.13,11.26
2014-06-18,11.3,11.45,11.09,11.43
2014-06-19,11.43,12.57,11.16,12.23
2014-06-20,11.89,12.76,11.83,12.23
2014-06-23,12.32,12.53,11.91,12.22
2014-06-24,12.16,12.2,11.88,12.09
2014-06-25,12.02,12.03,11.71,11.82
2014-06-26,11.8,11.97,11.77,11.88
2014-06-27,11.89,11.97,11.72,11.73
2014-06-30,11.83,12.13,11.62,11.96
2014-07-01,11.96,12.39,11.79,11.99
2014-07-02,11.99,12.25,11.9,12.18
2014-07-03,12.18,12.39,12.05,12.14
2014-07-04,12.14,12.14,11.97,12.05
2014-07-07,12.0,12.08,11.82,11.91
2014-07-08,11.91,12.03,11.91,12.0
2014-07-09,12.0,12.25,11.9,11.92
2014-07-10,11.86,12.22,11.71,12.09
2014-07-11,12.0,12.2,11.88,12.09
2014-07-14,12.09,12.4,11.93,12.34
2014-07-15,12.17,12.28,11.9,12.05
2014-07-16,12.03,12.16,11.81,11.88
2014-07-17,11.76,12.08,11.76,11.93
2014-07-18,11.93,12.01,11.86,11.9
2014-07-21,11.82,11.9,11.41,11.52
2014-07-22,11.5,11.78,11.44,11.76
2014-07-23,11.69,12.44,11.57,11.99
2014-07-24,11.9,12.09,11.69,11.86
2014-07-25,11.81,12.35,11.81,12.19
2014-07-28,12.2,13.41,12.15,13.41
2014-07-29,13.61,13.7,13.17,13.44
2014-07-30,13.15,13.43,13.03,13.2
2014-07-31,13.15,13.37,13.06,13.29
2014-08-01,13.3,13.75,12.91,13.06
2014-08-04,13.12,13.28,12.83,13.28
2014-08-05,13.26,13.4,13.02,13.18
2014-08-06,13.1,13.32,12.93,13.23
2014-08-07,13.23,13.26,12.95,12.99
2014-08-08,13.05,13.05,12.6,12.88
2014-08-11,12.88,13.1,12.8,13.02
2014-08-12,13.02,13.29,12.98,13.22
2014-08-13,13.2,13.73,13.15,13.48
2014-08-14,13.32,13.63,13.08,13.11
2014-08-15,12.75,13.4,12.72,13.3
2014-08-18,13.3,13.7,13.28,13.64
2014-08-19,13.68,13.99,13.49,13.84
2014-08-20,13.84,14.08,13.6,13.72
2014-08-21,13.67,14.95,13.67,14.56
2014-08-22,14.5,14.98,14.35,14.67
2014-08-25,14.61,15.16,14.5,14.54
2014-08-26,14.5,14.54,14.02,14.08
2014-08-27,13.76,14.25,13.76,14.16
2014-08-28,14.08,14.25,13.6,13.81
2014-08-29,13.8,14.4,13.68,14.36
2014-09-01,14.31,14.76,14.29,14.63
2014-09-02,14.66,14.98,14.5,14.89
2014-09-03,14.9,15.0,14.7,14.83
2014-09-04,14.86,14.86,14.56,14.63
2014-09-05,14.6,14.89,14.6,14.82
2014-09-09,14.91,14.97,14.65,14.71
2014-09-10,14.56,15.37,14.56,15.2
2014-09-11,15.19,15.25,14.88,15.11
2014-09-12,14.98,15.76,14.98,15.69
2014-09-15,15.72,15.93,15.5,15.78
2014-09-16,15.78,15.89,15.35,15.35
2014-09-17,15.35,15.59,15.15,15.35
2014-09-18,15.45,15.56,15.21,15.52
2014-09-19,15.48,15.84,15.34,15.75
2014-09-22,15.75,15.8,15.27,15.27
2014-09-23,15.27,15.83,15.0,15.19
2014-09-24,15.29,15.5,15.05,15.49
2014-09-25,15.49,15.59,15.12,15.24
2014-09-26,15.21,15.49,15.18,15.2
2014-09-29,15.1,15.29,15.1,15.24
2014-09-30,15.1,15.55,15.1,15.41
2014-10-08,15.45,15.59,15.12,15.38
2014-10-09,15.38,15.45,14.77,15.03
2014-10-10,14.98,15.18,14.82,15.18
2014-10-13,15.05,15.08,14.77,14.95
2014-10-14,14.94,15.03,14.66,14.72
2014-10-15,14.74,14.74,14.44,14.6
2014-10-16,14.51,14.85,14.5,14.6
2014-10-17,14.57,14.78,14.44,14.78
2014-10-20,14.8,15.05,14.79,14.91
2014-10-21,14.97,15.8,14.78,15.8
2014-10-22,15.6,15.7,15.28,15.4
2014-10-23,15.34,15.48,15.18,15.45
2014-10-24,15.4,15.59,14.7,14.83
2014-10-27,14.83,15.45,14.68,14.86
2014-10-28,14.72,15.09,14.72,15.02
2014-10-30,15.5,16.52,15.13,16.52
2014-10-31,16.74,16.74,16.02,16.23
2014-11-03,16.16,16.36,15.96,16.26
2014-11-04,16.22,16.55,16.06,16.52
2014-11-05,16.5,16.98,16.21,16.33
2014-11-06,16.31,16.31,15.85,16.16
2014-11-07,16.1,16.29,16.01,16.13
2014-11-10,16.05,16.34,15.8,16.13
2014-11-11,16.28,16.28,15.6,15.72
2014-11-12,15.52,15.85,15.38,15.67
2014-11-13,15.58,16.02,15.31,15.73
2014-11-14,15.71,15.89,15.44,15.62
2014-11-17,15.58,15.85,15.46,15.78
2014-11-18,15.6,16.3,15.59,16.02
2014-11-19,16.01,16.46,15.9,16.19
2014-11-20,16.19,16.39,15.72,15.79
2014-11-21,15.94,15.96,15.61,15.79
2014-11-24,15.89,16.04,15.69,15.81
2014-11-25,15.82,16.2,15.55,16.13
2014-11-26,16.2,16.27,15.98,16.08
2014-11-27,16.07,16.08,15.86,15.92
2014-11-28,15.87,15.98,15.72,15.8
2014-12-01,15.7,15.86,15.5,15.73
2014-12-02,15.73,15.95,15.72,15.82
2014-12-03,15.89,16.9,15.72,16.4
2014-12-04,16.31,16.85,16.28,16.84
2014-12-05,16.88,16.99,15.52,15.88
2014-12-08,15.8,16.47,15.68,16.15
2014-12-09,16.1,16.43,15.68,15.8
2014-12-10,15.8,17.38,15.7,17.38
2014-12-11,17.45,18.52,17.38,17.95
2014-12-12,18.27,18.7,17.32,17.8
2014-12-15,17.7,17.98,17.01,17.68
2014-12-16,17.68,17.68,17.15,17.42
2014-12-17,17.42,17.5,16.89,17.04
2014-12-18,17.11,17.53,16.9,16.99
2014-12-19,17.09,17.19,16.46,16.5
2014-12-22,16.45,16.8,15.8,16.22
2014-12-23,16.14,16.78,15.96,16.44
2014-12-24,16.48,16.95,16.38,16.64
2014-12-25,16.77,16.78,16.42,16.56
2014-12-26,16.55,16.8,16.47,16.63
2014-12-29,16.64,16.8,16.25,16.5
2014-12-30,16.45,17.2,16.37,16.73
2014-12-31,16.63,16.98,16.45,16.77
2015-01-05,16.77,17.57,16.48,17.34
2015-01-06,17.3,17.5,16.95,17.35
2015-01-07,17.38,17.78,17.29,17.77
2015-01-08,17.76,17.83,17.45,17.71
2015-01-09,17.88,18.21,17.68,17.86
2015-01-12,17.43,17.6,17.04,17.52
2015-01-13,17.28,17.35,16.63,16.77
2015-01-14,16.54,16.68,16.3,16.36
2015-01-15,16.31,16.61,16.14,16.5
2015-01-16,16.5,17.09,16.48,16.7
2015-01-19,16.53,16.98,16.14,16.35
2015-01-20,16.42,16.88,16.32,16.66
2015-01-21,16.96,17.23,16.77,16.8
2015-01-22,16.8,17.17,16.73,17.06
2015-01-23,17.35,17.45,16.82,16.9
2015-01-26,16.58,16.89,16.26,16.75
2015-01-27,16.71,16.75,16.5,16.57
2015-01-28,16.49,16.72,16.28,16.55
2015-01-29,16.57,16.65,16.23,16.27
2015-01-30,16.27,16.42,15.65,15.98
2015-02-02,15.85,15.85,14.96,15.04
2015-02-03,15.18,15.21,15.0,15.19
2015-02-04,15.17,15.38,14.97,15.0
2015-02-05,15.2,15.5,15.03,15.14
2015-02-06,15.0,15.1,14.7,14.77
2015-02-09,14.74,15.17,14.6,15.08
2015-02-10,15.08,15.19,14.95,15.07
2015-02-11,15.1,15.22,14.97,15.12
2015-02-12,15.12,15.47,15.02,15.45
2015-02-13,15.5,15.76,15.48,15.48
2015-02-16,15.5,15.86,15.36,15.65
2015-02-17,15.68,15.81,15.63,15.75
2015-02-25,15.76,15.84,15.61,15.64
2015-02-26,15.65,16.22,15.48,16.18
2015-02-27,16.1,16.35,16.0,16.18
2015-03-02,16.3,17.05,16.12,16.8
2015-03-03,16.7,16.99,16.64,16.75
2015-03-04,16.69,16.88,16.23,16.76
2015-03-05,16.75,17.15,16.35,16.59
2015-03-06,16.58,16.95,16.41,16.63
2015-03-09,16.48,16.53,16.03,16.28
2015-03-10,16.3,16.97,16.1,16.69
2015-03-11,16.74,16.99,16.5,16.69
2015-03-12,16.63,16.81,16.3,16.6
2015-03-13,16.6,16.9,16.5,16.66
2015-03-16,16.74,17.8,16.72,17.49
2015-03-17,17.49,18.18,17.3,17.45
2015-03-18,17.45,18.1,17.36,17.72
2015-03-19,17.7,17.97,17.41,17.44
2015-03-20,17.46,18.08,17.18,17.95
2015-03-23,17.95,19.08,17.88,19.0
2015-03-24,19.02,19.07,18.23,18.92
2015-03-25,18.85,18.92,18.08,18.3
2015-03-26,18.5,19.84,18.5,19.1
2015-03-27,19.1,19.62,19.01,19.23
2015-03-30,19.29,19.78,19.02,19.5
2015-03-31,19.8,19.96,19.15,19.26
2015-04-01,18.3,19.21,18.26,18.95
2015-04-02,18.72,19.06,18.61,18.99
2015-04-03,18.89,19.04,18.65,18.89
2015-04-07,18.99,19.4,18.9,19.15
2015-04-08,19.18,20.8,18.5,20.41
2015-04-09,20.3,20.49,19.3,19.75
2015-04-10,19.7,20.2,19.65,19.98
2015-04-13,19.98,19.99,19.6,19.7
2015-04-14,19.45,19.49,18.98,19.15
2015-04-15,19.14,19.58,18.51,18.51
2015-04-16,18.4,19.67,18.16,19.41
2015-04-17,19.5,19.63,19.01,19.26
2015-04-20,19.26,20.45,19.25,19.46
2015-04-21,19.43,20.2,19.19,19.91
2015-04-22,19.92,20.46,19.71,20.19
2015-04-23,20.0,22.17,19.86,21.41
2015-04-24,20.98,22.0,20.48,22.0
2015-04-27,21.7,23.3,21.51,22.18
2015-04-28,22.06,22.37,20.48,21.0
2015-04-29,21.4,22.49,21.0,21.7
2015-04-30,21.73,22.2,21.2,21.69
2015-05-04,21.75,21.78,21.0,21.36
2015-05-05,21.33,22.15,20.52,20.7
2015-05-06,20.86,21.21,20.41,20.7
2015-05-07,20.5,20.85,19.9,20.13
2015-05-08,20.2,20.7,20.2,20.66
2015-05-11,21.05,21.38,20.7,21.38
2015-05-12,21.42,21.81,21.11,21.64
2015-05-13,21.52,21.9,21.21,21.45
2015-05-14,21.46,22.88,21.0,22.49
2015-05-15,22.65,23.29,22.02,22.13
2015-05-18,21.48,21.88,21.24,21.3
2015-05-19,21.38,21.7,21.18,21.4
2015-05-20,21.4,21.98,21.32,21.66
2015-05-21,21.64,21.77,21.2,21.4
2015-05-22,21.44,22.17,21.25,22.15
2015-05-25,21.95,24.01,21.81,23.48
2015-05-26,23.28,24.3,23.2,24.0
2015-05-27,24.2,24.2,23.37,23.71
2015-05-28,24.0,24.14,21.37,21.55
2015-05-29,21.5,21.84,20.4,21.29
2015-06-01,21.55,22.5,21.2,22.36
2015-06-02,22.43,23.31,22.19,23.04
2015-06-04,23.01,23.49,21.41,23.3
2015-06-05,24.0,25.63,23.9,25.63
2015-06-08,26.17,27.0,24.88,25.22
2015-06-09,24.85,27.74,24.39,27.74
2015-06-10,27.0,29.0,26.6,27.58
2015-06-11,27.58,29.93,27.25,29.04
2015-06-12,28.7,29.5,28.19,28.86
2015-06-15,28.49,28.49,27.3,27.5
2015-06-16,27.0,27.4,25.1,25.86
2015-06-17,25.86,27.5,25.5,27.38
2015-06-18,27.3,27.7,25.5,26.05
2015-06-19,25.3,26.38,24.7,24.95
2015-06-23,24.51,25.46,22.51,25.3
2015-06-24,25.6,26.26,25.0,25.9
2015-06-25,26.01,26.29,23.58,24.09
2015-06-26,23.0,23.5,21.68,21.68
2015-06-29,22.5,22.5,19.51,19.51
2015-06-30,19.01,21.37,17.56,20.85
2015-07-01,20.16,21.31,18.77,18.82
2015-07-02,18.98,19.3,16.94,16.94
2015-07-03,16.1,17.16,15.25,15.25
2015-07-06,16.78,16.78,13.73,13.76
2015-07-07,12.75,12.95,12.38,12.38
2015-07-08,11.14,11.14,11.14,11.14
2015-07-14,12.25,12.25,12.25,12.25
2015-07-15,13.48,13.48,13.02,13.48
2015-07-16,12.48,14.0,12.48,13.3
2015-07-17,13.49,14.63,13.2,14.45
2015-07-20,14.5,15.82,14.26,15.8
2015-07-21,15.4,17.07,15.1,16.41
2015-07-22,16.2,17.1,15.7,16.53
2015-07-23,16.4,17.26,16.3,17.12
2015-07-24,17.32,18.29,17.11,17.45
2015-07-27,17.38,18.08,15.71,15.71
2015-07-28,14.31,16.28,14.31,14.67
2015-07-29,15.06,15.8,14.0,15.7
2015-07-30,15.68,16.4,15.35,15.45
2015-07-31,15.3,16.03,15.08,15.72
2015-08-03,15.59,15.89,14.37,14.9
2015-08-04,15.15,16.17,14.96,16.12
2015-08-05,16.27,16.43,15.6,16.01
2016-02-25,16.3,17.61,14.41,16.05
2016-02-26,15.25,15.56,14.45,14.45
2016-02-29,13.98,14.15,13.01,13.01
2016-03-01,12.59,13.11,11.8,12.64
2016-03-02,12.43,13.9,12.43,13.9
2016-03-03,15.29,15.29,15.29,15.29
2016-03-04,15.87,16.82,14.93,16.5
2016-03-07,16.55,17.48,16.15,16.46
2016-03-08,16.46,16.56,15.66,16.22
2016-03-09,15.11,15.5,14.6,14.6
2016-03-10,14.65,14.73,13.7,13.71
2016-03-11,13.6,13.94,13.34,13.42
2016-03-14,13.66,14.28,13.54,13.89
2016-03-15,13.78,13.87,13.3,13.42
2016-03-16,13.57,13.65,12.9,13.11
2016-03-17,13.39,13.63,13.15,13.62
2016-03-18,13.89,14.48,13.73,14.2
2016-03-21,14.35,15.08,14.02,15.08
2016-03-22,14.86,14.98,14.53,14.64
2016-03-23,14.59,15.24,14.4,15.21
2016-03-24,14.75,14.88,14.32,14.33
2016-03-25,14.18,14.46,13.95,14.26
2016-03-28,14.21,14.94,14.21,14.81
2016-03-29,14.8,16.29,14.8,16.29
2016-03-30,16.28,17.13,16.05,16.6
2016-03-31,16.4,16.52,15.93,16.27
2016-04-01,16.4,17.9,16.33,17.9
2016-04-05,18.25,18.87,17.82,18.52
2016-04-06,18.35,18.52,17.9,18.52
2016-04-07,19.47,19.8,17.75,17.86
2016-04-08,17.25,17.8,16.71,17.11
2016-04-11,17.34,18.5,17.21,17.95
2016-04-12,17.6,17.75,17.09,17.27
2016-04-13,17.64,18.58,17.64,17.85
2016-04-14,17.87,17.88,17.4,17.68
2016-04-15,17.41,17.53,17.21,17.4
2016-04-18,17.37,17.37,16.7,16.85
2016-04-19,17.18,17.98,17.01,17.21
2016-04-20,17.44,17.77,15.52,17.6
2016-04-21,18.0,19.1,17.59,18.52
2016-04-22,17.7,17.78,16.9,17.5
2016-04-25,17.0,18.28,16.9,17.51
2016-04-26,17.3,17.53,17.0,17.3
2016-04-27,17.23,17.25,16.58,16.62
2016-04-28,16.45,16.49,15.8,16.1
2016-04-29,16.1,16.5,15.99,16.21
2016-05-03,16.3,16.66,16.04,16.6
2016-05-04,16.5,16.56,16.14,16.3
2016-05-05,16.19,16.59,16.19,16.48
2016-05-06,16.4,16.79,16.05,16.3
2016-05-09,16.26,16.26,14.67,14.67
2016-05-10,14.25,14.7,13.67,14.24
2016-05-11,14.3,14.5,13.91,13.95
2016-05-12,13.71,14.66,13.18,14.55
2016-05-13,14.45,14.58,14.02,14.1
2016-05-16,13.87,14.49,13.71,14.44
2016-05-17,14.43,15.66,14.38,14.96
2016-05-18,14.58,14.68,13.95,14.16
2016-05-19,14.01,14.79,14.01,14.28
2016-05-20,14.02,14.59,13.92,14.4
2016-05-23,14.4,14.58,14.3,14.51
2016-05-24,14.38,14.54,14.0,14.18
2016-05-25,14.37,14.46,13.95,14.06
2016-05-26,14.15,14.38,13.4,14.33
2016-05-27,14.35,14.51,14.15,14.24
2016-05-30,14.26,14.39,13.99,14.07
2016-05-31,14.15,15.43,14.15,15.27
2016-06-01,15.2,15.99,15.03,15.42
2016-06-02,15.2,15.75,15.12,15.49
2016-06-03,16.05,16.26,15.6,15.77
2016-06-06,15.78,16.2,15.65,15.81
2016-06-07,15.68,15.85,15.37,15.39
2016-06-08,15.37,15.59,15.1,15.24
2016-06-13,15.0,15.44,14.3,14.32
2016-06-14,14.25,14.64,14.25,14.51
2016-06-15,14.37,15.13,14.21,15.04
2016-06-16,15.05,15.65,15.04,15.37
2016-06-17,15.3,16.17,15.2,15.75
2016-06-20,15.65,15.87,15.14,15.44
2016-06-21,15.6,15.94,14.9,15.15
2016-06-22,15.16,15.45,15.06,15.35
2016-06-23,15.39,15.41,14.67,14.98
2016-06-24,14.8,15.06,14.06,14.66
2016-06-27,14.49,14.92,14.42,14.9
2016-06-28,14.85,15.19,14.8,15.17
2016-06-29,15.3,15.85,15.04,15.42
2016-06-30,15.43,15.56,15.06,15.15
2016-07-01,15.16,15.43,15.1,15.22
2016-07-04,15.11,16.25,15.11,16.0
2016-07-05,16.15,16.8,16.12,16.43
2016-07-06,16.2,17.67,15.91,17.18
2016-07-07,17.0,17.99,16.92,17.33
2016-07-08,16.98,17.2,16.71,16.79
2016-07-11,16.88,17.67,16.69,16.81
2016-07-12,16.58,17.87,16.55,17.59
2016-07-13,17.8,17.87,17.26,17.65
2016-07-14,17.45,17.53,17.0,17.26
2016-07-15,17.57,18.39,17.39,17.53
2016-07-18,17.18,18.4,17.16,18.02
2016-07-19,18.09,18.14,17.63,17.83
2016-07-20,17.74,17.94,17.31,17.39
2016-07-21,17.45,17.5,17.1,17.32
2016-07-22,17.35,17.45,17.06,17.08
2016-07-25,17.09,17.49,16.91,17.17
2016-07-26,17.15,17.48,17.09,17.48
2016-07-27,17.92,18.35,16.76,17.14
2016-07-28,16.77,18.85,16.77,18.85
2016-07-29,18.84,19.3,18.28,18.92
2016-08-01,18.75,18.89,17.03,17.03
2016-08-02,16.61,16.9,16.25,16.85
2016-08-03,17.05,17.75,17.05,17.41
2016-08-04,17.18,17.98,16.85,17.56
2016-08-05,17.4,18.27,17.29,17.85
2016-08-08,17.7,18.88,17.36,18.59
2016-08-09,18.62,19.17,18.26,18.65
2016-08-10,19.28,19.28,19.28,19.28
2016-08-11,18.99,19.08,18.14,18.43
2016-08-12,18.4,18.69,18.08,18.59
2016-08-15,18.5,18.97,18.1,18.78
2016-08-16,18.72,19.78,18.61,19.59
2016-08-17,19.4,19.52,18.88,19.19
2016-08-18,19.2,19.38,18.82,19.12
2016-08-19,18.99,19.44,18.52,18.71
2016-08-22,18.44,18.44,17.69,17.69
2016-08-23,17.7,17.87,17.43,17.81
2016-08-24,17.71,17.83,17.32,17.4
2016-08-25,17.17,17.19,16.81,17.13
2016-08-26,17.13,17.43,17.11,17.12
2016-08-29,17.11,17.28,17.03,17.12
2016-08-30,17.21,17.25,17.02,17.2
2016-08-31,17.2,17.44,16.9,17.23
2016-09-01,17.22,17.3,17.02,17.04
2016-09-02,16.95,17.18,16.48,16.5
2016-09-05,16.5,16.97,16.5,16.8
2016-09-06,16.82,16.95,16.53,16.93
2016-09-07,17.0,17.03,16.73,16.74
2016-09-08,16.84,16.84,16.55,16.65
2016-09-09,16.58,16.74,16.48,16.49
2016-09-12,16.01,16.1,15.5,15.74
2016-09-13,15.74,16.23,15.74,15.94
2016-09-14,15.8,16.1,15.73,15.91
2016-09-19,16.0,17.5,16.0,17.12
2016-09-20,16.7,16.96,16.61,16.7
2016-09-21,16.7,17.09,16.62,16.75
2016-09-22,16.86,16.97,16.6,16.77
2016-09-23,16.7,16.9,16.64,16.77
2016-09-26,16.67,16.67,15.95,15.97
2016-09-27,15.81,16.15,15.78,16.15
2016-09-28,16.25,16.3,15.95,15.97
2016-09-29,16.01,16.2,15.91,15.91
2016-09-30,15.98,16.17,15.88,16.08
2016-10-10,16.17,16.43,16.04,16.38
2016-10-11,16.43,16.64,16.38,16.56
2016-10-12,16.48,16.48,16.3,16.33
2016-10-13,16.27,16.55,16.26,16.38
2016-10-14,16.48,16.55,16.31,16.39
2016-10-17,16.32,16.62,16.15,16.19
2016-10-18,16.2,16.37,16.0,16.32
2016-10-19,16.71,16.86,16.43,16.5
2016-10-20,16.43,16.58,16.37,16.5
2016-10-21,16.53,16.63,16.19,16.35
2016-10-24,16.27,16.67,16.19,16.49
2016-10-25,16.61,16.8,16.5,16.75
2016-10-26,16.76,16.8,16.48,16.6
2016-10-27,16.55,16.7,16.41,16.43
2016-10-28,16.43,16.52,16.2,16.21
2016-10-31,16.23,16.34,16.08,16.24
2016-11-01,16.26,16.35,16.16,16.3
2016-11-02,16.26,16.31,16.03,16.12
2016-11-03,16.1,16.25,16.07,16.08
2016-11-04,16.12,16.77,16.06,16.4
2016-11-07,16.39,16.63,16.12,16.52
2016-11-08,16.58,16.65,16.35,16.39
2016-11-09,16.48,16.54,16.01,16.21
2016-11-10,16.39,16.76,16.39,16.55
2016-11-11,16.46,17.39,16.4,17.18
2016-11-14,16.62,17.08,16.61,16.84
2016-11-15,16.87,17.17,16.76,16.8
2016-11-16,16.79,16.82,16.51,16.65
2016-11-17,16.67,17.08,16.51,17.06
2016-11-18,16.97,16.97,16.6,16.67
2016-11-21,16.7,16.83,16.59,16.7
2016-11-22,16.69,17.08,16.65,16.99
2016-11-23,16.92,17.12,16.81,16.81
2016-11-24,16.82,17.34,16.82,17.0
2016-11-25,17.14,17.14,16.52,16.88
2016-11-28,16.93,17.3,16.87,17.19
2016-11-29,17.09,17.09,16.71,16.73
2016-11-30,16.6,16.65,16.14,16.24
2016-12-01,16.2,16.34,16.17,16.25
2016-12-02,16.2,16.26,15.73,15.73
2016-12-05,15.58,15.73,15.43,15.47
2016-12-06,15.55,15.67,15.46,15.52
2016-12-07,15.55,15.66,15.32,15.65
2016-12-08,15.73,16.05,15.67,15.69
2016-12-09,15.55,15.66,15.43,15.49
2016-12-12,15.35,15.55,14.38,14.42
2016-12-13,14.47,14.67,14.06,14.51
2016-12-14,14.49,14.58,14.23,14.3
2016-12-15,14.15,14.65,14.13,14.42
2016-12-16,14.48,14.52,14.33,14.51
2016-12-19,14.53,14.73,14.46,14.61
2016-12-20,14.58,15.98,14.51,15.17
2016-12-21,15.17,15.35,15.05,15.23
2016-12-22,15.25,15.33,15.03,15.23
2016-12-23,15.22,15.29,14.79,14.8
2016-12-26,14.8,14.84,14.36,14.73
2016-12-27,14.7,14.84,14.56,14.59
2016-12-28,14.6,14.66,14.49,14.51
2016-12-29,14.53,14.6,14.3,14.36
2016-12-30,14.39,14.55,14.36,14.53
2017-01-03,14.55,14.72,14.51,14.7
2017-01-04,14.7,14.85,14.62,14.79
2017-01-05,14.76,14.88,14.68,14.72
2017-01-06,14.68,14.7,14.43,14.49
2017-01-09,14.45,14.73,14.36,14.7
2017-01-10,14.62,14.96,14.44,14.76
2017-01-11,14.6,15.1,14.6,14.96
2017-01-12,14.89,14.96,14.02,14.5
2017-01-13,14.5,14.57,14.18,14.19
2017-01-16,14.1,14.16,12.77,13.31
2017-01-17,13.19,13.46,13.02,13.44
2017-01-18,13.41,13.54,13.31,13.39
2017-01-19,13.31,14.35,13.3,13.68
2017-01-20,13.72,13.9,13.6,13.85
2017-01-23,13.98,14.23,13.8,13.9
2017-01-24,13.91,14.1,13.72,13.75
2017-01-25,13.72,13.93,13.72,13.85
2017-01-26,13.95,14.5,13.95,14.38
2017-02-03,14.38,14.4,14.12,14.15
2017-02-06,14.13,14.29,14.0,14.29
2017-02-07,14.31,14.53,14.24,14.36
2017-02-08,14.36,14.38,14.21,14.36
2017-02-09,14.37,14.39,14.26,14.38
2017-02-10,14.31,14.67,14.26,14.54
2017-02-13,14.65,14.88,14.48,14.59
2017-02-14,14.52,14.61,14.38,14.53
2017-02-15,14.44,14.45,14.1,14.14
2017-02-16,14.15,14.73,14.15,14.54
2017-02-17,14.54,14.55,14.22,14.22
2017-02-20,14.2,14.34,14.17,14.31
2017-02-28,14.25,15.74,14.21,15.74
2017-03-01,15.59,16.08,15.28,15.74
2017-03-02,15.54,16.49,15.37,15.88
2017-03-03,15.7,16.46,15.6,16.33
2017-03-06,16.1,16.15,15.84,16.05
2017-03-07,15.97,15.99,15.58,15.76
2017-03-08,15.62,16.07,15.55,16.07
2017-03-09,15.9,15.92,15.37,15.41
2017-03-10,15.36,15.52,15.24,15.3
2017-03-13,15.28,15.48,15.06,15.48
2017-03-14,15.4,15.47,15.15,15.18
2017-03-15,15.13,15.36,15.03,15.25
2017-03-16,15.35,15.6,15.3,15.5
2017-03-17,15.4,15.71,15.15,15.16
2017-03-20,15.16,15.34,14.9,15.06
2017-03-21,15.02,15.11,14.78,14.85
2017-03-22,14.81,14.98,14.7,14.94
2017-03-23,14.86,14.95,14.42,14.59
2017-03-24,14.62,14.67,14.23,14.4
2017-03-27,14.37,14.5,14.25,14.47
2017-03-28,14.44,14.58,14.36,14.43
2017-03-29,14.43,14.55,14.28,14.48
2017-03-30,14.48,14.76,14.43,14.44
2017-03-31,14.6,14.6,13.89,13.94
2017-04-05,13.92,14.4,13.83,14.3
2017-04-06,14.3,14.42,14.15,14.15
2017-04-07,14.16,14.43,14.16,14.27
2017-04-10,14.29,14.29,13.68,13.78
2017-04-11,13.78,13.88,13.31,13.66
2017-04-12,13.68,13.75,13.35,13.52
2017-04-13,13.51,13.65,13.44,13.64
2017-04-14,13.7,13.73,13.38,13.45
2017-04-17,13.45,13.52,13.0,13.13
2017-04-18,13.13,13.64,13.1,13.3
2017-04-19,13.0,13.02,12.06,12.37
2017-04-20,12.28,12.45,11.87,12.01
2017-04-21,12.02,12.11,11.73,11.84
2017-04-24,11.8,11.8,11.21,11.23
2017-04-25,11.31,11.49,11.27,11.3
2017-04-26,11.32,11.48,11.31,11.42
2017-04-27,11.41,11.41,10.93,11.34
2017-04-28,11.33,11.43,11.25,11.39
2017-05-02,11.52,11.72,11.43,11.66
2017-05-03,11.81,12.83,11.81,12.83
2017-05-04,12.84,12.98,12.58,12.82
2017-05-05,12.7,12.7,12.22,12.39
2017-05-08,12.34,12.65,12.23,12.4
2017-05-09,12.4,12.85,12.29,12.69
2017-05-10,12.62,12.71,12.28,12.44
2017-05-11,12.5,12.58,11.33,12.19
2017-05-12,12.08,12.31,11.82,11.92
2017-05-15,12.07,12.18,11.77,11.77
2017-05-16,11.8,12.2,11.58,12.15
2017-05-17,12.14,12.23,12.0,12.13
2017-05-18,12.1,12.44,11.93,12.02
2017-05-19,12.28,12.43,12.05,12.29
2017-05-22,12.2,12.8,12.08,12.49
2017-05-23,12.5,12.51,11.87,11.95
2017-05-24,11.81,12.1,11.55,12.09
2017-05-25,12.09,12.33,11.92,12.23
2017-05-26,12.28,12.3,12.11,12.16
2017-05-31,12.25,12.35,12.1,12.1
2017-06-01,12.1,12.26,11.6,12.0
2017-06-02,11.86,11.95,11.5,11.79
2017-06-05,11.86,11.95,11.7,11.78
2017-06-06,11.7,11.84,11.7,11.75
2017-06-07,11.75,11.99,11.73,11.92
2017-06-08,12.04,12.5,12.0,12.17
2017-06-09,12.12,12.39,12.01,12.3
2017-06-12,12.28,12.3,12.07,12.26
2017-06-13,12.21,12.58,12.21,12.45
2017-06-14,12.34,12.58,12.26,12.31
2017-06-15,12.24,12.4,12.21,12.34
2017-06-16,12.24,12.55,12.23,12.37
2017-06-19,12.27,12.85,12.24,12.53
2017-06-20,12.58,12.65,12.43,12.55
2017-06-21,12.64,12.64,12.38,12.62
2017-06-22,12.56,12.66,12.32,12.48
2017-06-23,12.45,12.48,12.16,12.39
2017-06-26,12.4,12.48,12.32,12.48
2017-06-27,12.48,12.53,12.33,12.43
2017-06-28,12.47,12.57,12.37,12.44
2017-06-29,12.48,12.65,12.41,12.46
2017-06-30,12.34,12.46,12.21,12.32
2017-07-03,12.32,12.54,12.3,12.54
2017-07-04,12.66,13.38,12.66,12.92
2017-07-05,12.7,13.1,12.7,13.01
2017-07-06,12.89,13.66,12.88,13.49
2017-07-07,13.56,14.49,13.46,14.4
2017-07-10,14.1,14.27,13.83,13.94
2017-07-11,14.35,14.9,13.78,13.9
2017-07-12,13.86,14.19,13.68,14.17
2017-07-13,14.12,14.49,13.82,14.03
2017-07-14,13.8,14.1,13.65,13.82
2017-07-17,13.9,14.17,12.72,13.67
2017-07-18,13.53,13.97,13.51,13.91
2017-07-19,14.8,15.27,14.42,15.1
2017-07-20,14.65,15.5,14.39,15.3
2017-07-21,14.99,15.25,14.61,14.76
2017-07-24,14.6,14.93,14.36,14.76
2017-07-25,14.61,14.89,14.43,14.66
2017-07-26,14.95,15.18,14.56,14.73
2017-07-27,14.55,14.66,14.1,14.27
2017-07-28,14.3,14.8,14.16,14.63
2017-07-31,14.72,15.44,14.68,15.25
2017-08-01,15.05,15.15,14.75,14.85
2017-08-02,14.88,15.48,14.61,14.81
2017-08-03,14.72,15.19,14.65,15.07
2017-08-04,15.12,15.97,15.02,15.08
2017-08-07,14.9,15.59,14.62,15.54
2017-08-08,15.31,15.9,15.19,15.21
2017-08-09,15.18,15.78,15.02,15.7
2017-08-10,15.45,15.55,15.05,15.18
2017-08-11,14.88,14.95,13.66,13.73
2017-08-14,13.75,14.33,13.61,13.96
2017-08-15,13.9,13.95,13.71,13.78
2017-08-16,13.72,13.82,13.27,13.67
2017-08-17,14.03,14.18,13.78,13.87
2017-08-18,13.61,13.78,13.49,13.7
2017-08-21,13.62,13.95,13.62,13.89
2017-08-22,14.0,14.14,13.81,13.9
2017-08-23,13.72,13.83,13.5,13.51
2017-08-24,13.51,13.71,13.39,13.44
2017-08-25,13.69,13.8,13.44,13.72
2017-08-28,13.74,14.16,13.65,14.15
2017-08-29,14.09,14.3,13.95,14.15
2017-08-30,14.14,14.43,14.04,14.36
2017-08-31,14.4,14.63,14.28,14.55
2017-09-01,14.5,14.9,14.31,14.71
2017-09-04,14.78,14.98,14.63,14.73
2017-09-05,14.94,14.94,14.45,14.65
2017-09-06,14.54,14.86,14.35,14.61
2017-09-07,14.8,14.8,14.2,14.26
2017-09-08,14.31,15.35,14.23,15.01
2017-09-11,14.87,15.27,14.7,15.24
2017-09-12,15.18,15.55,14.9,14.97
2017-09-13,14.8,15.19,14.8,15.19
2017-09-14,15.25,15.7,15.06,15.38
2017-09-15,15.4,15.4,14.7,14.92
2017-09-18,15.13,16.35,14.98,15.97
2017-09-19,15.82,15.88,15.44,15.68
2017-09-20,15.51,16.48,15.4,16.1
2017-09-21,15.8,15.94,15.46,15.49
2017-09-22,15.65,15.66,15.16,15.51
2017-09-25,15.6,15.61,14.61,14.7
2017-09-26,14.68,14.92,14.6,14.84
2017-09-27,14.78,14.97,14.67,14.71
2017-09-28,14.75,14.93,14.52,14.52
2017-09-29,14.58,14.72,14.2,14.44
2017-10-09,14.63,14.78,14.52,14.72
2017-10-10,14.65,14.75,14.44,14.53
2017-10-11,14.53,14.53,14.23,14.28
2017-10-12,14.46,14.56,14.31,14.55
2017-10-13,14.56,14.64,14.38,14.47
2017-10-16,14.47,14.57,14.02,14.45
2017-10-17,14.31,14.31,13.96,14.0
2017-10-18,14.03,14.08,13.64,13.66
2017-10-19,13.7,13.75,13.46,13.49
2017-10-20,13.57,13.78,13.41,13.77
2017-10-23,13.77,13.79,13.6,13.78
2017-10-24,13.8,13.94,13.64,13.78
2017-10-25,13.84,13.9,13.71,13.81
2017-10-26,13.81,14.02,13.75,13.93
2017-10-27,13.92,13.92,13.41,13.44
2017-10-30,13.44,13.57,12.92,13.01
2017-10-31,13.02,13.19,13.01,13.08
2017-11-01,13.1,13.3,13.08,13.12
2017-11-02,13.05,13.16,12.97,13.07
2017-11-03,13.01,13.4,13.01,13.37
2017-11-06,13.31,13.63,13.31,13.6
2017-11-07,13.6,13.67,13.43,13.51
2017-11-08,13.57,13.64,13.32,13.46
2017-11-09,13.57,13.6,13.45,13.59
2017-11-10,13.61,13.61,13.35,13.45
2017-11-13,13.45,13.48,13.22,13.43
2017-11-14,13.41,13.46,13.1,13.16
2017-11-15,13.1,13.19,12.85,12.88
2017-11-16,12.98,13.02,12.77,12.98
2017-11-17,12.98,12.98,12.3,12.3
2017-11-20,12.3,12.57,11.07,12.54
2017-11-21,12.3,12.56,12.21,12.39
2017-11-22,12.41,12.45,12.22,12.3
2017-11-23,12.38,12.6,12.0,12.28
2017-11-24,12.25,12.6,12.1,12.52
2017-11-27,12.5,12.58,12.14,12.19
2017-11-28,12.19,12.4,12.1,12.35
2017-11-29,12.36,12.79,12.28,12.74
2017-11-30,12.58,12.67,12.47,12.5
2017-12-01,12.47,12.62,12.46,12.53
2017-12-04,12.6,12.69,12.33,12.34
2017-12-05,12.25,12.25,11.7,11.8
2017-12-06,11.8,11.93,11.41,11.91
2017-12-07,11.9,11.99,11.72,11.87
2017-12-08,11.86,11.98,11.83,11.91
2017-12-11,11.98,12.04,11.87,12.02
2017-12-12,12.07,12.88,11.96,12.38
2017-12-13,12.31,12.38,12.12,12.31
2017-12-14,12.24,12.37,12.18,12.22
2017-12-15,12.18,12.25,11.88,11.98
2017-12-18,11.98,12.17,11.96,12.1
2017-12-19,12.16,12.23,12.08,12.18
2017-12-20,12.2,12.27,11.98,12.07
2017-12-21,12.1,12.15,11.88,12.05
2017-12-22,12.09,12.3,12.01,12.09
2017-12-25,12.2,12.28,11.99,12.05
2017-12-26,12.0,12.03,11.76,11.99
2017-12-27,11.99,12.39,11.92,12.12
2017-12-28,12.09,12.65,12.0,12.53
2017-12-29,12.48,12.51,12.31,12.42
2018-01-02,12.39,12.58,12.33,12.55
2018-01-03,12.51,12.74,12.46,12.54
2018-01-04,12.59,12.66,12.5,12.66
2018-01-05,12.64,12.74,12.54,12.6
2018-01-08,12.53,12.87,12.47,12.73
2018-01-09,12.67,12.84,12.63,12.81
2018-01-10,12.73,12.85,12.46,12.56
2018-01-11,12.56,13.06,12.56,12.7
2018-01-12,12.57,12.63,12.35,12.53
2018-01-15,12.49,12.51,12.01,12.21
2018-01-16,12.09,12.3,12.05,12.25
2018-01-17,12.24,12.24,11.84,12.06
2018-01-18,12.06,12.3,11.96,12.1
2018-01-19,12.1,12.12,11.93,11.98
2018-01-22,12.0,12.16,11.93,12.14
2018-01-23,12.12,12.81,12.08,12.5
2018-01-24,12.42,12.5,12.23,12.48
2018-01-25,12.63,13.2,12.63,12.88
2018-01-26,12.63,13.14,12.58,12.94
2018-01-29,12.98,13.2,12.71,12.87
2018-01-30,12.74,12.96,12.52,12.75
2018-01-31,12.65,12.8,12.27,12.49
2018-02-01,12.51,12.56,11.84,11.98
2018-02-02,11.76,12.25,11.39,12.19
2018-02-05,11.84,12.17,11.8,12.0
2018-02-06,11.79,12.02,10.88,10.9
2018-02-07,11.38,11.58,10.92,11.09
2018-02-08,11.13,11.25,10.96,11.16
2018-02-09,10.98,10.98,10.16,10.45
2018-02-12,10.52,10.67,10.51,10.63
2018-02-13,10.76,10.86,10.65,10.73
2018-02-14,10.81,11.04,10.66,10.98
2018-02-22,10.96,11.52,10.96,11.3
2018-02-23,11.23,11.33,11.05,11.29
2018-02-26,11.38,11.49,11.17,11.43
2018-02-27,11.42,11.42,11.21,11.25
2018-02-28,11.22,11.48,11.11,11.39
2018-03-01,11.32,11.53,11.22,11.43
2018-03-02,11.36,11.77,11.29,11.46
2018-03-05,11.46,11.65,11.43,11.59
2018-03-06,11.62,11.78,11.51,11.73
2018-03-07,11.72,11.73,11.47,11.48
2018-03-08,11.55,11.59,11.42,11.51
2018-03-09,11.42,11.62,11.32,11.6
2018-03-12,11.63,11.85,11.55,11.77
2018-03-13,11.64,11.78,11.6,11.64
2018-03-14,11.58,11.88,11.55,11.66
2018-03-15,11.67,11.72,11.43,11.56
2018-03-16,11.63,11.65,11.43,11.44
2018-03-19,11.44,11.48,11.11,11.32
2018-03-20,11.22,11.28,11.13,11.25
2018-03-21,11.29,11.46,11.2,11.26
2018-03-22,11.27,11.44,11.2,11.23
2018-03-23,11.1,11.1,10.18,10.42
2018-03-26,10.2,10.64,10.1,10.59
2018-03-27,10.68,10.86,10.64,10.81
2018-03-28,10.7,10.82,10.62,10.8
2018-03-29,10.68,10.92,10.64,10.87
2018-03-30,10.89,10.97,10.83,10.94
2018-04-02,10.98,11.2,10.9,11.09
2018-04-03,10.96,12.19,10.8,11.54
2018-04-04,11.56,11.56,11.21,11.31
2018-04-09,11.37,12.1,11.37,11.97
2018-04-10,12.07,12.25,11.5,11.83
2018-04-11,11.73,11.94,11.65,11.8
2018-04-12,11.8,11.8,11.5,11.55
2018-04-13,11.58,11.75,11.42,11.46
2018-04-16,12.51,12.61,11.88,12.61
2018-04-17,12.61,12.61,11.91,11.92
2018-04-18,11.9,12.03,11.23,11.78
2018-04-19,11.77,12.19,11.67,12.13
2018-04-20,12.21,12.33,11.7,11.77
2018-04-23,11.51,11.78,11.36,11.56
2018-04-24,11.6,11.79,11.51,11.71
2018-04-25,11.6,11.67,11.44,11.57
2018-04-26,11.65,11.7,11.27,11.45
2018-04-27,11.54,11.54,11.35,11.4
2018-05-02,11.38,11.38,11.04,11.14
2018-05-03,11.13,11.25,10.94,11.21
2018-05-04,11.19,11.27,11.03,11.06
2018-05-07,11.14,11.3,11.07,11.25
2018-05-08,11.21,11.46,11.19,11.42
2018-05-09,11.41,11.51,11.31,11.48
2018-05-10,11.45,11.59,11.37,11.44
2018-05-11,11.52,12.08,11.47,11.86
2018-05-14,11.75,11.94,11.6,11.82
2018-05-15,11.81,11.88,11.53,11.71
2018-05-16,11.68,11.73,11.53,11.63
2018-05-17,11.57,11.76,11.52,11.67
2018-05-18,11.67,11.75,11.57,11.69
2018-05-21,11.75,11.97,11.69,11.9
2018-05-22,11.93,11.93,11.72,11.83
2018-05-23,11.73,11.83,11.55,11.57
2018-05-24,11.52,12.2,11.52,11.96
2018-05-25,11.85,11.92,11.64,11.71
2018-05-28,11.61,11.69,11.3,11.35
2018-05-29,11.33,11.49,11.1,11.2
2018-05-30,11.15,11.16,10.74,10.75
2018-05-31,10.76,10.95,10.76,10.92
2018-06-01,10.79,11.1,10.77,10.95
2018-06-04,11.12,11.28,11.06,11.11
2018-06-05,11.1,11.19,11.06,11.16
2018-06-06,11.16,11.3,11.11,11.15
2018-06-07,11.17,11.23,10.91,11.0
2018-06-08,11.07,11.07,10.79,10.85
2018-06-11,10.81,10.91,10.75,10.86
2018-06-12,10.85,10.94,10.71,10.88
2018-06-13,10.86,10.97,10.74,10.74
2018-06-14,10.81,11.04,10.73,10.83
2018-06-15,10.84,10.89,10.73,10.81
2018-06-19,10.65,10.65,9.73,9.73
2018-06-20,9.75,9.83,9.42,9.74
2018-06-21,9.71,10.15,9.6,9.65
2018-06-22,9.6,9.74,9.39,9.7
2018-06-25,9.8,9.97,9.65,9.67
2018-06-26,9.56,9.99,9.53,9.9
2018-06-27,9.92,10.29,9.84,10.07
2018-06-28,10.06,10.18,10.0,10.03
2018-06-29,10.05,10.23,9.94,10.19
2018-07-02,7.3,7.38,7.03,7.09
2018-07-03,7.12,7.13,6.87,7.1
2018-07-04,7.09,7.14,6.88,6.89
2018-07-05,6.96,6.96,6.52,6.59
2018-07-06,6.68,6.68,6.31,6.55
2018-07-09,6.51,6.7,6.5,6.65
2018-07-10,6.68,6.94,6.61,6.83
2018-07-11,6.65,6.7,6.47,6.59
2018-07-12,6.59,6.79,6.56,6.73
2018-07-13,6.73,6.85,6.68,6.85
2018-07-16,6.8,7.25,6.69,6.99
2018-07-17,6.91,6.92,6.78,6.89
2018-07-18,6.9,6.93,6.82,6.82
2018-07-19,6.8,6.87,6.69,6.7
2018-07-20,6.63,6.79,6.63,6.77
2018-07-23,6.75,6.93,6.72,6.89
2018-07-24,7.01,7.19,6.96,7.09
2018-07-25,7.05,7.28,7.03,7.22
2018-07-26,7.15,7.2,7.05,7.1
2018-07-27,7.11,7.23,7.06,7.1
2018-07-30,7.11,7.16,6.87,6.92
2018-07-31,6.98,7.22,6.9,7.16
2018-08-01,7.08,7.16,6.92,6.93
2018-08-02,6.9,6.9,6.51,6.65
2018-08-03,6.72,6.81,6.62,6.66
2018-08-06,6.67,6.73,6.38,6.44
2018-08-07,6.51,6.63,6.37,6.62
2018-08-08,6.64,6.71,6.51,6.6
2018-08-09,6.6,6.94,6.53,6.79
2018-08-10,6.71,6.78,6.66,6.73
2018-08-13,6.64,6.7,6.53,6.68
2018-08-14,6.62,6.9,6.62,6.75
2018-08-15,7.43,7.43,7.43,7.43
2018-08-16,7.69,8.17,7.48,7.57
2018-08-17,7.21,7.45,6.95,7.05
2018-08-20,7.06,7.28,6.82,7.04
2018-08-21,6.91,7.18,6.91,7.06
2018-08-22,7.01,7.01,6.72,6.76
2018-08-23,6.78,6.84,6.66,6.72
2018-08-24,6.75,6.77,6.66,6.73
2018-08-27,6.78,6.91,6.78,6.89
2018-08-28,6.9,7.12,6.83,7.06
2018-08-29,7.05,7.05,6.92,6.94
2018-08-30,6.84,6.94,6.76,6.77
2018-08-31,6.71,6.75,6.63,6.66
2018-09-03,6.66,6.66,6.49,6.61
2018-09-04,6.62,6.72,6.57,6.68
2018-09-05,6.67,6.67,6.44,6.47
2018-09-06,6.46,6.61,6.41,6.47
2018-09-07,6.47,6.56,6.38,6.43
2018-09-10,6.49,6.49,6.15,6.17
2018-09-11,6.2,6.22,6.05,6.12
2018-09-12,6.15,6.17,6.08,6.11
2018-09-13,6.14,6.27,6.1,6.21
2018-09-14,6.2,6.46,6.16,6.26
2018-09-17,6.23,6.25,6.06,6.07
2018-09-18,6.08,6.16,6.04,6.15
2018-09-19,6.19,6.42,6.15,6.3
2018-09-20,6.22,6.4,6.22,6.27
2018-09-21,6.28,6.36,6.18,6.31
2018-09-25,6.28,6.34,6.23,6.27
2018-09-26,6.28,6.32,6.23,6.27
2018-09-27,6.26,6.28,6.15,6.15
2018-09-28,6.17,6.3,6.16,6.25
2018-10-08,6.18,6.23,6.0,6.03
2018-10-09,6.07,6.15,6.05,6.11
2018-10-10,6.17,6.19,6.08,6.14
2018-10-11,5.8,5.94,5.53,5.53
2018-10-12,5.54,5.54,5.05,5.3
2018-10-15,5.37,5.4,5.18,5.21
2018-10-16,5.25,5.3,5.03,5.11
2018-10-17,5.31,5.35,5.08,5.17
2018-10-18,5.1,5.17,5.02,5.05
2018-10-19,4.95,5.13,4.88,5.09
2018-10-22,5.16,5.36,5.12,5.28
2018-10-23,5.29,5.31,5.14,5.18
2018-10-24,5.16,5.27,5.11,5.21
2018-10-25,4.97,5.2,4.96,5.19
2018-10-26,5.25,5.34,5.19,5.24
2018-10-29,5.19,5.24,5.12,5.21
2018-10-30,5.21,5.3,5.13,5.25
2018-10-31,5.29,5.75,5.26,5.48
2018-11-01,5.43,5.55,5.41,5.43
2018-11-02,5.5,5.62,5.4,5.56
2018-11-05,5.57,5.63,5.46,5.55
2018-11-06,5.6,5.86,5.55,5.76
2018-11-07,5.72,6.15,5.67,5.84
2018-11-08,5.83,5.85,5.68,5.7
2018-11-09,5.71,5.76,5.61,5.63
2018-11-12,5.67,5.8,5.57,5.8
2018-11-13,5.7,6.04,5.66,6.03
2018-11-14,6.16,6.43,5.96,5.99
2018-11-15,6.11,6.17,5.95,6.14
2018-11-16,6.18,6.68,6.1,6.5
2018-11-19,6.39,6.56,6.36,6.53
2018-11-20,6.41,6.49,6.14,6.15
2018-11-21,6.11,6.27,6.03,6.25
2018-11-22,6.26,6.26,6.12,6.17
2018-11-23,6.19,6.22,5.64,5.7
2018-11-26,5.69,5.77,5.61,5.62
2018-11-27,5.7,5.75,5.63,5.68
2018-11-28,5.65,5.9,5.55,5.81
2018-11-29,5.81,5.9,5.55,5.59
2018-11-30,5.6,5.68,5.5,5.62
2018-12-03,5.77,5.85,5.73,5.8
2018-12-04,5.91,5.91,5.77,5.86
2018-12-05,5.77,6.17,5.68,5.97
2018-12-06,5.84,5.95,5.8,5.81
2018-12-07,5.85,5.87,5.73,5.78
2018-12-10,5.75,5.84,5.66,5.71
2018-12-11,5.8,5.88,5.72,5.76
2018-12-12,5.78,5.85,5.75,5.82
2018-12-13,5.83,5.89,5.75,5.83
2018-12-14,5.85,5.85,5.57,5.65
2018-12-17,5.65,5.69,5.58,5.66
2018-12-18,5.66,5.67,5.48,5.54
2018-12-19,5.6,5.6,5.49,5.53
2018-12-20,5.54,5.57,5.46,5.53
2018-12-21,5.72,5.75,5.53,5.59
2018-12-24,5.59,5.6,5.48,5.52
2018-12-25,5.48,5.48,5.26,5.37
2018-12-26,5.43,5.44,5.34,5.35
2018-12-27,5.43,5.47,5.26,5.27
2018-12-28,5.26,5.35,5.18,5.32
2019-01-02,5.31,5.32,5.2,5.24
2019-01-03,5.26,5.37,5.2,5.31
2019-01-04,5.27,5.46,5.23,5.46
2019-01-07,5.49,5.79,5.46,5.68
2019-01-08,5.63,5.66,5.54,5.56
2019-01-09,5.6,5.66,5.54,5.56
2019-01-10,5.53,5.62,5.53,5.58
2019-01-11,5.6,5.73,5.58,5.69
2019-01-14,5.66,5.76,5.65,5.69
2019-01-15,5.69,5.76,5.63,5.75
2019-01-16,5.76,5.79,5.64,5.66
2019-01-17,5.69,5.75,5.59,5.65
2019-01-18,5.64,5.91,5.61,5.74
2019-01-21,5.72,5.78,5.7,5.75
2019-01-22,5.73,5.76,5.6,5.64
2019-01-23,5.66,5.68,5.57,5.67
2019-01-24,5.68,5.68,5.61,5.68
2019-01-25,5.68,5.68,5.56,5.57
2019-01-28,5.61,5.63,5.45,5.5
2019-01-29,5.5,5.5,5.28,5.37
2019-01-30,5.37,5.4,5.27,5.32
2019-01-31,5.35,5.35,5.13,5.15
2019-02-01,5.19,5.34,5.19,5.32
2019-02-11,5.33,5.48,5.33,5.48
2019-02-12,5.47,5.55,5.46,5.53
2019-02-13,5.55,5.67,5.52,5.63
2019-02-14,5.65,5.69,5.61,5.65
2019-02-15,5.6,5.75,5.6,5.65
2019-02-18,5.64,5.8,5.64,5.8
2019-02-19,5.82,5.86,5.7,5.78
2019-02-20,5.8,5.98,5.79,5.88
2019-02-21,5.84,6.12,5.82,5.97
2019-02-22,5.95,6.01,5.83,6.0
2019-02-25,6.04,6.42,5.98,6.37
2019-02-26,6.4,6.77,6.29,6.45
2019-02-27,6.45,6.55,6.29,6.4
2019-02-28,6.39,6.44,6.29,6.35
2019-03-01,6.35,6.39,6.15,6.34
2019-03-04,6.39,6.54,6.34,6.37
2019-03-05,6.35,6.55,6.3,6.55
2019-03-06,6.57,6.77,6.52,6.69
2019-03-07,6.63,7.17,6.57,6.94
2019-03-08,6.69,6.88,6.43,6.47
2019-03-11,6.5,6.73,6.5,6.71
2019-03-12,6.78,6.97,6.7,6.84
2019-03-13,6.76,6.94,6.66,6.71
2019-03-14,6.64,6.93,6.51,6.59
2019-03-15,6.54,6.9,6.54,6.88
2019-03-18,6.98,7.18,6.84,6.97
2019-03-19,6.92,7.37,6.83,7.25
2019-03-20,7.2,7.27,6.94,7.11
2019-03-21,7.16,7.24,7.05,7.16
2019-03-22,7.1,7.16,6.99,7.07
2019-03-25,6.9,7.06,6.9,6.92
2019-03-26,6.96,7.0,6.67,6.71
2019-03-27,6.8,6.8,6.54,6.7
2019-03-28,6.67,6.75,6.5,6.51
2019-03-29,6.57,6.68,6.34,6.68
2019-04-01,6.73,7.07,6.7,6.97
2019-04-02,7.0,7.1,6.9,7.04
2019-04-03,6.95,7.06,6.94,7.06
2019-04-04,7.11,7.15,6.95,7.02
2019-04-08,7.09,7.26,6.97,7.15
2019-04-09,7.11,7.13,6.96,7.03
2019-04-10,6.97,7.05,6.85,7.01
2019-04-11,7.0,7.03,6.83,6.85
2019-04-12,6.87,6.99,6.83,6.91
2019-04-15,6.99,7.06,6.87,6.87
2019-04-16,6.84,7.16,6.7,7.13
2019-04-17,7.11,7.17,7.04,7.11
2019-04-18,7.09,7.24,7.08,7.15
2019-04-19,7.08,7.59,7.08,7.49
2019-04-22,7.47,7.47,7.1,7.12
2019-04-23,7.14,7.19,6.95,7.06
2019-04-24,7.07,7.1,6.93,7.06
2019-04-25,7.04,7.08,6.72,6.72
2019-04-26,6.72,6.77,6.6,6.6
2019-04-29,6.6,6.7,6.26,6.33
2019-04-30,6.33,6.51,6.33,6.38
2019-05-06,6.2,6.27,5.81,5.85
2019-05-07,5.85,6.01,5.8,5.89
2019-05-08,5.74,5.95,5.71,5.87
2019-05-09,5.82,6.02,5.82,5.88
2019-05-10,5.94,6.09,5.85,6.05
2019-05-13,6.0,6.15,5.95,6.11
2019-05-14,6.0,6.2,6.0,6.08
2019-05-15,6.08,6.18,6.05,6.15
2019-05-16,6.15,6.5,6.15,6.46
2019-05-17,6.42,6.46,6.2,6.21
2019-05-20,6.28,6.42,5.93,6.34
2019-05-21,6.25,6.85,6.16,6.74
2019-05-22,6.62,6.92,6.51,6.79
2019-05-23,6.79,6.94,6.5,6.56
2019-05-24,6.46,6.73,6.32,6.38
2019-05-27,6.38,6.63,6.27,6.61
2019-05-28,6.56,6.69,6.51,6.56
2019-05-29,6.7,7.03,6.68,6.82
2019-05-30,6.91,7.5,6.88,7.46
2019-05-31,7.14,7.98,7.02,7.44
2019-06-03,7.4,7.4,7.0,7.04
2019-06-04,7.14,7.19,6.66,6.74
2019-06-05,6.93,7.0,6.66,6.75
2019-06-06,6.75,6.89,6.62,6.66
2019-06-10,6.7,7.33,6.69,7.33
2019-06-11,7.35,8.0,7.31,7.99
2019-06-12,8.06,8.58,7.68,7.81
2019-06-13,7.84,7.95,7.55,7.65
2019-06-14,7.6,8.28,7.45,8.18
2019-06-17,7.94,8.54,7.88,7.9
2019-06-18,7.65,7.84,7.42,7.66
2019-06-19,7.78,7.96,7.5,7.5
2019-06-20,7.56,7.75,7.25,7.6
2019-06-21,7.45,7.67,7.42,7.49
2019-06-24,7.5,7.6,7.4,7.48
2019-06-25,7.45,7.46,7.07,7.18
2019-06-26,7.15,7.25,7.08,7.16
2019-06-27,7.16,7.19,7.11,7.14
2019-06-28,7.1,7.1,6.86,7.0
2019-07-01,6.97,6.99,6.71,6.96
2019-07-02,6.88,7.03,6.88,6.98
2019-07-03,6.99,7.03,6.75,6.84
2019-07-04,6.83,6.84,6.67,6.7
2019-07-05,6.73,6.75,6.63,6.72
2019-07-08,6.72,6.72,6.42,6.46
2019-07-09,6.45,6.53,6.38,6.53
2019-07-10,6.51,6.53,6.37,6.39
2019-07-11,6.47,6.57,6.44,6.5
2019-07-12,6.51,6.54,6.42,6.52
2019-07-15,6.52,6.71,6.49,6.66
2019-07-16,6.67,6.72,6.62,6.69
2019-07-17,6.66,6.72,6.65,6.66
2019-07-18,6.66,6.78,6.65,6.65
2019-07-19,6.64,6.81,6.64,6.72
2019-07-22,6.68,6.71,6.22,6.26
2019-07-23,6.31,6.38,6.26,6.36
2019-07-24,6.35,6.47,6.35,6.43
2019-07-25,6.46,6.48,6.39,6.42
2019-07-26,6.44,6.44,6.35,6.39
2019-07-29,6.42,6.44,6.28,6.35
2019-07-30,6.36,6.44,6.34,6.37
2019-07-31,6.32,6.32,6.14,6.19
2019-08-01,6.16,6.28,6.12,6.22
2019-08-02,6.25,6.56,6.25,6.49
2019-08-05,6.45,6.49,6.32,6.36
2019-08-06,6.3,6.68,6.15,6.43
2019-08-07,6.45,6.91,6.4,6.83
2019-08-08,6.77,6.77,6.57,6.65
2019-08-09,6.67,6.75,6.49,6.54
2019-08-12,6.57,6.6,6.31,6.45
2019-08-13,6.39,6.65,6.37,6.63
2019-08-14,6.51,6.62,6.48,6.62
2019-08-15,6.45,6.56,6.41,6.51
2019-08-16,6.53,6.9,6.53,6.78
2019-08-19,6.75,6.94,6.7,6.92
2019-08-20,6.85,7.08,6.85,6.96
2019-08-21,6.93,6.97,6.75,6.82
2019-08-22,6.89,6.98,6.75,6.96
2019-08-23,6.91,7.03,6.83,6.91
2019-08-26,6.83,6.98,6.8,6.82
2019-08-27,6.83,6.88,6.77,6.85
2019-08-28,6.86,6.86,6.7,6.73
2019-08-29,6.75,6.75,6.6,6.62
2019-08-30,6.63,6.66,6.52,6.63
2019-09-02,6.67,6.75,6.63,6.75
2019-09-03,6.76,6.8,6.67,6.7
2019-09-04,6.72,6.97,6.69,6.92
2019-09-05,6.91,7.05,6.85,6.9
2019-09-06,6.9,6.99,6.85,6.99
2019-09-09,7.03,7.19,6.95,7.19
2019-09-10,7.19,7.68,7.19,7.33
2019-09-11,7.4,7.67,7.4,7.6
2019-09-12,7.74,7.88,7.42,7.57
2019-09-16,7.72,7.8,7.55,7.62
2019-09-17,7.65,7.86,7.42,7.68
2019-09-18,7.66,7.72,7.34,7.45
2019-09-19,7.4,7.59,7.33,7.5
2019-09-20,7.49,7.56,7.25,7.3
2019-09-23,7.31,7.43,7.2,7.3
2019-09-24,7.39,7.45,7.27,7.44
2019-09-25,7.35,7.45,7.13,7.28
2019-09-26,7.2,7.29,6.79,6.79
2019-09-27,6.95,7.44,6.81,7.28
2019-09-30,7.35,7.41,7.17,7.3
2019-10-08,7.38,7.4,7.01,7.11
2019-10-09,7.15,7.23,7.03,7.22
2019-10-10,7.23,7.25,7.07,7.11
2019-10-11,7.18,7.18,7.03,7.14
2019-10-14,7.18,7.22,7.09,7.15
2019-10-15,7.21,7.41,7.09,7.17
2019-10-16,7.12,7.15,6.9,6.96
2019-10-17,6.96,6.98,6.83,6.85
2019-10-18,6.87,6.93,6.61,6.71
2019-10-21,6.73,6.73,6.52,6.56
2019-10-22,6.66,6.66,6.53,6.62
2019-10-23,6.59,6.64,6.5,6.6
2019-10-24,6.56,6.67,6.5,6.58
2019-10-25,6.59,6.64,6.57,6.62
2019-10-28,6.66,6.82,6.62,6.76
2019-10-29,6.85,6.85,6.72,6.8
2019-10-30,6.71,6.83,6.56,6.6
2019-10-31,6.67,6.67,6.5,6.52
2019-11-01,6.55,6.66,6.44,6.66
2019-11-04,6.65,6.69,6.59,6.6
2019-11-05,6.53,6.63,6.5,6.57
2019-11-06,6.57,6.64,6.54,6.56
2019-11-07,6.52,6.61,6.49,6.53
2019-11-08,6.57,6.58,6.51,6.53
2019-11-11,6.54,6.55,6.4,6.43
2019-11-12,6.46,6.46,6.25,6.31
2019-11-13,6.31,6.32,6.21,6.22
2019-11-14,6.24,6.27,6.15,6.21
2019-11-15,6.23,6.32,6.15,6.24
2019-11-18,6.25,6.25,6.17,6.23
2019-11-19,6.22,6.32,6.19,6.32
2019-11-20,6.28,6.41,6.26,6.37
2019-11-21,6.34,6.38,6.26,6.27
2019-11-22,6.28,6.34,6.22,6.27
2019-11-25,6.27,6.39,6.25,6.38
2019-11-26,6.39,6.43,6.3,6.31
2019-11-27,6.31,6.39,6.31,6.35
2019-11-28,6.38,6.42,6.27,6.27
2019-11-29,6.31,6.31,6.23,6.26
2019-12-02,6.27,6.33,6.24,6.28
2019-12-03,6.27,6.27,6.14,6.26
2019-12-04,6.21,6.4,6.19,6.37
2019-12-05,6.37,6.42,6.32,6.41
2019-12-06,6.41,6.5,6.39,6.45
2019-12-09,6.53,6.53,6.41,6.46
2019-12-10,6.45,6.54,6.39,6.52
2019-12-11,6.55,6.55,6.44,6.5
2019-12-12,6.5,6.5,6.4,6.4
2019-12-13,6.41,6.46,6.4,6.45
2019-12-16,6.46,6.54,6.44,6.53
2019-12-17,6.53,6.64,6.51,6.62
2019-12-18,6.64,6.66,6.6,6.64
2019-12-19,6.62,6.65,6.61,6.64
2019-12-20,6.64,6.69,6.59,6.62
2019-12-23,6.62,6.64,6.46,6.56
2019-12-24,6.56,6.82,6.53,6.81
2019-12-25,6.81,6.81,6.66,6.69
2019-12-26,6.68,6.77,6.65,6.72
2019-12-27,6.7,6.98,6.7,6.76
2019-12-30,6.78,6.87,6.72,6.83
2019-12-31,6.86,6.86,6.77,6.85
2020-01-02,6.94,7.0,6.83,6.89
2020-01-03,6.87,6.95,6.84,6.89
2020-01-06,6.87,7.04,6.86,7.02
2020-01-07,7.02,7.13,6.95,7.0
2020-01-08,6.99,7.05,6.89,6.95
2020-01-09,6.93,7.07,6.93,6.96
2020-01-10,6.97,6.99,6.8,6.88
2020-01-13,6.88,6.92,6.8,6.9
2020-01-14,6.93,7.04,6.87,6.94
2020-01-15,6.95,6.95,6.75,6.88
2020-01-16,6.84,6.92,6.76,6.9
2020-01-17,6.88,6.9,6.8,6.88
2020-01-20,6.83,6.93,6.76,6.9
2020-01-21,6.9,6.98,6.84,6.88
2020-01-22,6.84,6.92,6.75,6.87
2020-01-23,6.84,6.9,6.7,6.81
2020-02-03,6.13,6.13,6.13,6.13
2020-02-04,5.6,6.0,5.6,5.87
2020-02-05,5.86,5.99,5.8,5.92
2020-02-06,5.9,5.96,5.81,5.91
2020-02-07,5.86,5.93,5.84,5.92
2020-02-10,5.9,6.2,5.87,6.14
2020-02-11,6.09,6.19,6.07,6.1
2020-02-12,6.12,6.26,6.08,6.24
2020-02-13,6.2,6.4,6.15,6.24
2020-02-14,6.23,6.38,6.18,6.25
2020-02-17,6.27,6.43,6.26,6.4
2020-02-18,6.4,6.68,6.37,6.58
2020-02-19,6.66,6.67,6.42,6.47
2020-02-20,6.48,6.54,6.35,6.53
2020-02-21,6.5,6.56,6.46,6.49
2020-02-24,6.54,6.64,6.44,6.61
2020-02-25,6.52,6.53,6.2,6.51
2020-02-26,6.46,6.88,6.3,6.5
2020-02-27,6.57,6.69,6.48,6.54
2020-02-28,6.45,6.5,6.19,6.22
2020-03-02,6.24,6.38,6.21,6.36
2020-03-03,6.39,6.47,6.26,6.3
2020-03-04,6.29,6.3,6.17,6.27
2020-03-05,6.31,6.43,6.25,6.42
2020-03-06,6.35,6.43,6.32,6.4
2020-03-09,6.34,6.42,6.18,6.27
2020-03-10,6.3,6.3,6.05,6.25
2020-03-11,6.25,6.55,6.22,6.43
2020-03-12,6.32,6.38,6.15,6.19
2020-03-13,5.78,6.12,5.78,6.06
2020-03-16,6.1,6.16,5.8,5.83
2020-03-17,5.82,5.93,5.3,5.66
2020-03-18,5.7,5.76,5.5,5.51
2020-03-19,5.44,5.51,5.3,5.44
2020-03-20,5.48,5.61,5.46,5.59
2020-03-23,5.47,5.5,5.32,5.33
2020-03-24,5.47,5.7,5.41,5.48
2020-03-25,5.63,5.64,5.52,5.57
2020-03-26,5.55,5.64,5.5,5.58
2020-03-27,5.61,5.63,5.5,5.51
2020-03-30,5.51,5.51,5.33,5.36
2020-03-31,5.39,5.47,5.33,5.42
2020-04-01,5.39,5.45,5.37,5.39
2020-04-02,5.35,5.45,5.32,5.45
2020-04-03,5.43,5.47,5.4,5.44
2020-04-07,5.48,5.6,5.48,5.59
2020-04-08,5.57,5.7,5.51,5.68
2020-04-09,5.69,5.71,5.6,5.68
2020-04-10,5.7,5.71,5.58,5.6
2020-04-13,5.6,5.64,5.51,5.6
2020-04-14,5.6,5.71,5.6,5.67
2020-04-15,5.67,5.81,5.6,5.64
2020-04-16,5.62,5.66,5.46,5.57
2020-04-17,5.57,5.63,5.52,5.55
2020-04-20,5.58,5.6,5.5,5.56
2020-04-21,5.54,5.64,5.48,5.58
2020-04-22,5.55,5.71,5.53,5.7
2020-04-23,5.71,5.93,5.61,5.9
2020-04-24,5.82,5.88,5.65,5.73
2020-04-27,5.74,5.76,5.61,5.62
2020-04-28,5.66,5.68,5.35,5.48
2020-04-29,5.49,5.54,5.45,5.48
2020-04-30,5.54,5.71,5.52,5.66
2020-05-06,5.6,5.84,5.57,5.79
2020-05-07,5.79,5.82,5.72,5.73
2020-05-08,5.76,5.84,5.7,5.82
2020-05-11,5.85,5.88,5.71,5.77
2020-05-12,5.79,5.79,5.69,5.76
2020-05-13,5.77,5.82,5.73,5.78
2020-05-14,5.8,5.89,5.74,5.78
2020-05-15,5.78,5.81,5.75,5.77
2020-05-18,5.78,5.96,5.75,5.9
2020-05-19,5.93,6.06,5.88,6.04
2020-05-20,6.01,6.1,5.95,6.0
2020-05-21,6.01,6.22,5.99,6.08
2020-05-22,6.08,6.29,5.98,6.24
2020-05-25,6.23,6.28,6.03,6.05
2020-05-26,6.11,6.17,6.02,6.16
2020-05-27,6.15,6.22,6.08,6.19
2020-05-28,6.2,6.25,6.1,6.21
2020-05-29,6.19,6.3,6.13,6.3
2020-06-01,6.31,6.32,6.19,6.31
2020-06-02,6.7,6.7,6.33,6.38
2020-06-03,6.3,6.3,6.21,6.21
2020-06-04,6.21,6.28,6.13,6.18
2020-06-05,6.2,6.2,6.06,6.1
2020-06-08,6.11,6.48,6.11,6.39
2020-06-09,6.4,6.55,6.4,6.44
2020-06-10,6.45,6.54,6.33,6.38
2020-06-11,6.36,6.47,6.32,6.35
2020-06-12,6.22,6.29,6.2,6.25
2020-06-15,6.25,6.25,6.07,6.07
2020-06-16,6.14,6.16,6.06,6.13
2020-06-17,6.13,6.18,6.08,6.09
2020-06-18,6.08,6.14,6.06,6.13
2020-06-19,6.14,6.17,6.08,6.13
2020-06-22,6.11,6.18,6.1,6.11
2020-06-23,6.1,6.13,5.98,6.0
2020-06-24,5.99,6.1,5.9,6.01
2020-06-29,5.99,6.01,5.9,5.91
2020-06-30,5.91,6.0,5.9,5.96
2020-07-01,5.98,6.05,5.96,6.03
2020-07-02,6.03,6.25,6.0,6.19
2020-07-03,6.19,6.33,6.19,6.3
2020-07-06,6.34,6.66,6.31,6.61
2020-07-07,6.71,6.87,6.52,6.52
2020-07-08,6.54,7.08,6.47,6.99
2020-07-09,6.9,7.2,6.84,7.11
2020-07-10,7.1,7.14,6.91,6.97
2020-07-13,6.92,7.25,6.91,7.17
2020-07-14,7.14,7.27,6.92,7.06
2020-07-15,7.06,7.18,6.82,6.89
2020-07-16,7.05,7.2,6.61,6.64
2020-07-17,6.69,6.77,6.49,6.68
2020-07-20,6.7,7.07,6.68,7.0
2020-07-21,6.99,7.09,6.79,6.94
2020-07-22,7.02,7.34,6.97,7.22
2020-07-23,7.08,7.35,7.04,7.15
2020-07-24,7.26,7.3,6.86,6.91
2020-07-27,6.93,7.19,6.93,7.01
2020-07-28,7.16,7.45,7.11,7.19
2020-07-29,7.13,7.26,6.97,7.24
2020-07-30,7.28,7.28,7.09,7.22
2020-07-31,7.2,7.25,7.04,7.16
2020-08-03,7.18,7.88,7.14,7.7
2020-08-04,7.75,7.98,7.61,7.7
2020-08-05,7.73,7.85,7.48,7.73
2020-08-06,7.72,8.09,7.68,7.78
2020-08-07,7.78,7.81,7.5,7.66
2020-08-10,7.55,7.62,7.35,7.46
2020-08-11,7.38,7.47,7.14,7.17
2020-08-12,7.07,7.12,6.78,6.92
2020-08-13,6.92,7.01,6.88,6.95
2020-08-14,6.93,7.02,6.8,6.99
2020-08-17,7.0,7.14,6.96,7.12
2020-08-18,7.18,7.18,7.03,7.07
2020-08-19,7.09,7.2,7.01,7.03
2020-08-20,6.95,6.96,6.85,6.86
2020-08-21,6.88,7.35,6.8,7.17
2020-08-24,7.28,7.36,7.16,7.21
2020-08-25,7.25,7.28,7.05,7.08
2020-08-26,7.08,7.14,6.85,6.92
2020-08-27,6.89,7.0,6.88,7.0
2020-08-28,7.01,7.04,6.86,7.01
2020-08-31,7.0,7.21,7.0,7.07
2020-09-01,7.07,7.19,7.01,7.15
2020-09-02,7.16,7.17,7.01,7.04
2020-09-03,7.03,7.1,6.93,6.96
2020-09-04,6.87,6.95,6.8,6.9
2020-09-07,6.89,7.04,6.84,6.86
2020-09-08,6.88,6.92,6.8,6.9
2020-09-09,6.85,6.92,6.73,6.75
2020-09-10,6.82,7.14,6.61,6.88
2020-09-11,6.87,7.0,6.6,6.98
2020-09-14,6.97,7.19,6.96,7.17
2020-09-15,7.26,7.29,6.99,7.05
2020-09-16,7.05,7.22,6.95,7.16
2020-09-17,7.11,7.23,7.06,7.1
2020-09-18,7.12,7.24,7.01,7.22
2020-09-21,7.21,7.34,7.07,7.12
2020-09-22,7.05,7.06,6.88,6.88
2020-09-23,6.92,6.93,6.79,6.85
2020-09-24,6.73,6.79,6.63,6.74
2020-09-25,6.75,6.76,6.64,6.7
2020-09-28,6.7,6.73,6.64,6.65
2020-09-29,6.68,6.72,6.64,6.65
2020-09-30,6.69,6.7,6.57,6.57
2020-10-09,6.64,6.75,6.64,6.73
2020-10-12,6.69,6.93,6.69,6.9
2020-10-13,6.83,6.96,6.81,6.92
2020-10-14,6.9,6.94,6.82,6.84
2020-10-15,6.89,6.89,6.72,6.74
2020-10-16,6.76,6.78,6.68,6.74
2020-10-19,6.72,6.85,6.68,6.71
2020-10-20,6.89,6.97,6.79,6.84
2020-10-21,6.82,6.82,6.68,6.71
2020-10-22,6.74,6.74,6.64,6.7
2020-10-23,6.72,6.77,6.65,6.66
2020-10-26,6.66,6.7,6.58,6.6
2020-10-27,6.58,6.64,6.55,6.62
2020-10-28,6.6,6.65,6.41,6.47
2020-10-29,6.48,6.48,6.35,6.37
2020-10-30,6.38,6.4,6.2,6.26
2020-11-02,6.26,6.3,6.19,6.27
2020-11-03,6.29,6.57,6.28,6.55
2020-11-04,6.56,6.63,6.5,6.57
2020-11-05,6.62,6.76,6.57,6.6
2020-11-06,6.63,6.7,6.51,6.56
2020-11-09,6.61,6.77,6.59,6.76
2020-11-10,6.78,6.79,6.64,6.68
2020-11-11,6.75,6.83,6.62,6.72
2020-11-12,6.7,6.73,6.61,6.64
2020-11-13,6.63,6.78,6.61,6.69
2020-11-16,6.71,7.01,6.67,6.94
2020-11-17,6.92,7.0,6.83,6.88
2020-11-18,6.89,7.15,6.88,7.07
2020-11-19,7.05,7.12,6.91,7.01
2020-11-20,7.02,7.22,6.96,7.17
2020-11-23,7.19,7.45,7.12,7.29
2020-11-24,7.25,7.42,7.19,7.4
2020-11-25,7.38,7.43,7.06,7.09
2020-11-26,7.13,7.16,6.93,7.0
2020-11-27,7.0,7.06,6.88,7.04
2020-11-30,7.01,7.23,6.98,7.03
2020-12-01,6.98,7.02,6.85,7.01
2020-12-02,6.99,7.25,6.93,7.13
2020-12-03,7.09,7.12,6.9,6.95
2020-12-04,6.95,7.3,6.86,7.3
2020-12-07,7.26,7.34,7.12,7.16
2020-12-08,7.16,7.21,6.92,6.93
2020-12-09,6.99,7.05,6.77,6.79
2020-12-10,6.76,6.79,6.63,6.72
2020-12-11,6.77,6.98,6.6,6.71
2020-12-14,6.65,6.74,6.57,6.72
2020-12-15,6.65,6.7,6.58,6.6
2020-12-16,6.62,6.79,6.55,6.67
2020-12-17,6.64,6.97,6.58,6.93
2020-12-18,6.93,7.26,6.89,7.09
2020-12-21,7.06,7.22,7.03,7.15
2020-12-22,7.16,7.23,6.96,6.99
2020-12-23,7.04,7.25,6.95,7.19
2020-12-24,7.16,7.24,7.07,7.13
2020-12-25,7.05,7.55,6.95,7.43
2020-12-28,7.41,7.46,7.23,7.27
2020-12-29,7.34,7.34,6.9,6.93
2020-12-30,6.9,7.38,6.86,7.29
2020-12-31,7.32,7.36,7.16,7.25
2021-01-04,7.23,7.68,7.2,7.55
2021-01-05,7.56,7.67,7.43,7.59
2021-01-06,7.57,7.75,7.36,7.4
2021-01-07,7.3,7.71,7.29,7.57
2021-01-08,7.59,7.64,7.11,7.36
2021-01-11,7.26,7.33,7.02,7.04
2021-01-12,6.98,7.12,6.83,7.06
2021-01-13,6.99,7.22,6.84,6.87
2021-01-14,6.81,6.86,6.6,6.6
2021-01-15,6.64,6.69,6.5,6.63
2021-01-18,6.6,6.71,6.39,6.59
2021-01-19,6.53,6.54,6.36,6.39
2021-01-20,6.39,6.42,6.23,6.4
2021-01-21,6.38,7.0,6.35,6.99
2021-01-22,6.9,6.93,6.68,6.78
2021-01-25,6.82,7.23,6.82,7.19
2021-01-26,7.2,7.32,7.07,7.13
2021-01-27,7.1,7.18,6.81,7.05
2021-01-28,6.97,7.1,6.77,6.81
2021-01-29,6.95,7.1,6.51,6.6
2021-02-01,6.54,6.65,6.42,6.61
2021-02-02,6.6,6.77,6.51,6.74
2021-02-03,6.65,6.93,6.61,6.76
2021-02-04,6.73,6.75,6.43,6.51
2021-02-05,6.52,6.55,6.24,6.26
2021-02-08,6.28,6.41,6.19,6.38
2021-02-09,6.41,7.02,6.41,7.02
2021-02-10,7.01,7.32,6.96,7.18
2021-02-18,7.46,7.6,7.16,7.33
2021-02-19,7.28,7.6,7.18,7.6
2021-02-22,7.64,8.36,7.62,7.85
2021-02-23,7.64,7.89,7.56,7.67
2021-02-24,7.62,7.97,7.59,7.87
2021-02-25,8.11,8.19,7.45,7.54
2021-02-26,7.26,7.6,7.2,7.37
2021-03-01,7.44,7.88,7.4,7.83
2021-03-02,7.75,8.1,7.6,7.84
2021-03-03,7.85,8.37,7.78,8.33
2021-03-04,8.14,8.69,8.09,8.29
2021-03-05,8.1,8.22,7.87,7.99
2021-03-08,8.1,8.63,7.99,8.25
2021-03-09,8.0,8.19,7.55,7.76
2021-03-10,7.81,7.93,7.61,7.76
2021-03-11,7.8,8.54,7.76,8.54
2021-03-12,8.73,9.15,8.63,8.78
2021-03-15,8.8,8.86,8.5,8.58
2021-03-16,8.6,8.66,8.36,8.51
2021-03-17,8.38,8.48,8.14,8.45
2021-03-18,8.37,8.59,8.2,8.23
2021-03-19,8.1,8.27,7.98,7.99
2021-03-22,7.95,8.57,7.84,8.33
2021-03-23,8.26,8.41,7.79,7.94
2021-03-24,7.82,8.0,7.56,7.6
2021-03-25,7.63,7.97,7.53,7.74
2021-03-26,7.71,7.92,7.6,7.81
2021-03-29,7.81,7.94,7.68,7.8
2021-03-30,7.74,8.03,7.58,7.93
2021-03-31,7.81,7.86,7.65,7.73
2021-04-01,7.71,7.81,7.63,7.72
2021-04-02,7.73,7.73,7.5,7.54
2021-04-06,7.62,7.76,7.57,7.69
2021-04-07,7.68,8.46,7.54,8.46
2021-04-08,8.34,8.97,8.28,8.34
2021-04-09,8.34,8.6,8.21,8.43
2021-04-12,8.46,8.69,8.33,8.38
2021-04-13,8.37,8.43,8.08,8.12
2021-04-14,8.15,8.24,7.91,8.04
2021-04-15,8.1,8.36,7.82,7.94
2021-04-16,7.9,8.1,7.9,7.94
2021-04-19,7.96,8.29,7.71,8.16
2021-04-20,8.06,8.4,8.02,8.21
2021-04-21,8.1,8.21,7.9,8.08
2021-04-22,8.1,8.34,8.1,8.18
2021-04-23,8.18,8.21,7.98,8.07
2021-04-26,8.1,8.38,8.06,8.24
2021-04-27,8.32,8.5,8.11,8.32
2021-04-28,8.24,8.36,8.0,8.35
2021-04-29,8.35,8.58,8.22,8.55
2021-04-30,8.5,8.72,8.38,8.67
2021-05-06,8.81,9.1,8.62,9.03
2021-05-07,8.9,9.36,8.69,8.7
2021-05-10,8.72,9.5,8.72,9.3
2021-05-11,9.02,9.14,8.66,8.91
2021-05-12,8.9,9.64,8.82,9.37
2021-05-13,9.23,9.27,8.98,9.04
2021-05-14,9.06,9.11,8.68,8.88
2021-05-17,8.8,8.96,8.55,8.86
2021-05-18,8.86,9.04,8.78,8.85
2021-05-19,8.79,9.03,8.68,8.81
2021-05-20,8.6,8.62,8.17,8.22
2021-05-21,8.23,8.35,8.14,8.21
2021-05-24,8.21,8.26,8.03,8.1
2021-05-25,8.14,8.24,8.08,8.15
2021-05-26,8.18,8.34,8.15,8.28
2021-05-27,8.27,8.42,8.17,8.38
2021-05-28,8.45,8.51,8.37,8.43
2021-05-31,8.42,8.6,8.37,8.45
2021-06-01,8.4,8.4,8.13,8.28
2021-06-02,8.27,8.34,8.13,8.15
2021-06-03,8.12,8.41,8.1,8.28
2021-06-04,8.2,8.38,8.1,8.35
2021-06-07,8.33,8.46,8.28,8.37
2021-06-08,8.35,8.41,8.16,8.18
2021-06-09,8.18,8.28,8.15,8.23
2021-06-10,8.23,8.3,8.14,8.24
2021-06-11,8.26,8.29,7.99,8.03
2021-06-15,8.12,8.18,8.01,8.04
2021-06-16,8.08,8.08,7.8,7.86
2021-06-17,7.86,7.9,7.68,7.73
2021-06-18,7.68,8.35,7.66,8.28
2021-06-21,8.3,8.65,8.2,8.44
2021-06-22,8.44,8.93,8.41,8.87
2021-06-23,8.89,9.15,8.82,9.06
2021-06-24,8.99,9.44,8.97,9.26
2021-06-25,9.28,9.54,9.21,9.23
2021-06-28,9.24,9.53,9.04,9.35
2021-06-29,9.34,9.5,9.16,9.22
2021-06-30,9.36,10.14,9.24,10.14
2021-07-01,10.62,11.15,10.6,10.96
2021-07-02,11.12,12.06,10.79,11.24
2021-07-05,10.66,11.5,10.49,11.06
2021-07-06,11.37,12.17,11.01,11.55
2021-07-07,11.43,12.17,11.11,11.91
2021-07-08,11.91,11.91,11.28,11.58
2021-07-09,11.38,12.18,11.21,11.87
2021-07-12,11.87,12.0,11.29,11.38
2021-07-13,11.17,11.21,10.8,11.05
2021-07-14,11.75,12.16,11.72,12.16
2021-07-15,12.5,12.5,10.94,11.49
2021-07-16,11.4,12.38,11.27,11.82
2021-07-19,11.93,13.0,11.93,12.5
2021-07-20,12.3,13.75,12.3,13.75
2021-07-21,14.2,14.8,13.7,14.39
2021-07-22,14.02,14.22,13.75,13.94
2021-07-23,13.94,15.1,13.8,14.5
2021-07-26,14.32,14.97,13.88,14.86
2021-07-27,14.52,14.78,13.91,14.29
2021-07-28,13.8,14.28,12.86,14.12
2021-07-29,14.12,14.68,14.12,14.64
2021-07-30,14.36,14.59,13.88,14.33
2021-08-02,14.29,14.73,13.63,13.9
2021-08-03,13.97,13.99,12.87,13.03
2021-08-04,13.12,13.73,13.0,13.43
2021-08-05,13.49,13.56,12.92,13.06
2021-08-06,13.26,13.85,12.9,13.6
2021-08-09,13.4,13.4,12.71,13.01
2021-08-10,13.0,13.62,12.89,13.22
2021-08-11,13.23,13.88,13.0,13.82
2021-08-12,13.8,13.97,13.36,13.93
2021-08-13,13.73,13.93,13.4,13.55
2021-08-16,13.3,13.42,12.87,13.05
2021-08-17,12.92,13.13,12.05,12.61
2021-08-18,12.76,13.35,12.65,12.85
2021-08-19,13.0,13.23,12.59,13.03
2021-08-20,12.97,13.25,12.64,12.71
2021-08-23,12.91,13.98,12.91,13.98
2021-08-24,14.4,15.38,14.4,15.02
2021-08-25,15.5,15.73,14.33,14.78
2021-08-26,14.92,15.12,14.22,14.46
2021-08-27,14.03,14.8,14.02,14.68
2021-08-30,14.9,15.3,14.42,14.82
2021-08-31,14.82,14.83,14.04,14.56
2021-09-01,14.57,14.76,13.3,13.77
2021-09-02,13.51,13.91,13.08,13.66
2021-09-03,13.53,14.15,12.79,12.95
2021-09-06,13.0,13.1,12.45,12.85
2021-09-07,12.92,13.72,12.71,13.49
2021-09-08,13.5,13.58,13.14,13.26
2021-09-09,13.2,13.6,13.13,13.56
2021-09-10,13.57,14.37,13.5,13.92
2021-09-13,13.92,14.25,13.4,14.25
2021-09-14,13.93,13.94,13.05,13.1
2021-09-15,12.99,13.55,12.94,13.45
2021-09-16,13.45,13.85,12.8,12.87
2021-09-17,13.12,13.12,12.02,12.7
2021-09-22,12.4,12.5,12.17,12.4
2021-09-23,12.48,12.75,12.26,12.34
2021-09-24,12.42,12.89,12.06,12.1
2021-09-27,12.09,12.09,11.01,11.23
2021-09-28,11.28,11.48,11.0,11.22
2021-09-29,11.22,11.26,10.8,10.83
2021-09-30,10.84,11.05,10.84,10.99
2021-10-08,11.22,11.29,10.92,11.05
2021-10-11,11.04,11.04,10.66,10.9
2021-10-12,11.99,11.99,11.99,11.99
2021-10-13,13.0,13.19,12.25,12.76
2021-10-14,12.53,13.32,12.53,13.02
2021-10-15,12.95,13.8,12.88,13.54
2021-10-18,13.55,14.35,13.26,14.3
2021-10-19,14.15,14.79,14.01,14.74
2021-10-20,14.8,15.08,14.46,14.65
2021-10-21,14.72,15.33,14.45,14.99
2021-10-22,14.91,15.1,14.21,14.33
2021-10-25,14.51,14.6,13.88,14.12
2021-10-26,13.96,14.8,13.84,13.95
2021-10-27,14.24,14.88,13.76,14.01
2021-10-28,13.92,14.17,13.26,13.56
2021-10-29,13.59,13.67,13.0,13.28
2021-11-01,13.4,14.05,13.32,13.88
2021-11-02,13.95,14.06,13.42,13.64
2021-11-03,13.56,13.8,13.21,13.36
2021-11-04,13.55,14.11,13.43,14.02
2021-11-05,14.1,14.18,13.1,13.26
2021-11-08,12.9,13.65,12.64,13.52
2021-11-09,13.65,13.7,13.27,13.58
2021-11-10,13.61,13.61,13.0,13.55
2021-11-11,13.5,14.56,13.41,14.4
2021-11-12,14.42,15.2,14.19,15.02
2021-11-15,15.29,15.95,14.69,14.78
2021-11-16,14.6,14.7,14.08,14.3
2021-11-17,14.15,14.49,14.07,14.31
2021-11-18,14.34,15.74,14.2,15.74
2021-11-19,16.18,16.48,15.35,15.51
2021-11-22,15.53,17.06,15.2,17.06
2021-11-23,17.18,17.82,16.62,17.09
2021-11-24,17.09,18.08,17.01,17.27
2021-11-25,17.41,18.59,17.16,18.22
2021-11-26,17.87,20.04,17.82,19.21
2021-11-29,19.51,21.13,19.51,20.81
2021-11-30,20.21,20.79,18.73,18.73
2021-12-01,18.73,18.89,18.0,18.29
2021-12-02,18.17,18.27,17.68,17.96
2021-12-03,17.99,17.99,17.1,17.69
2021-12-06,17.77,18.21,17.6,17.63
2021-12-07,17.79,18.08,17.06,17.31
2021-12-08,17.35,17.84,17.13,17.61
2021-12-09,17.64,17.64,17.09,17.12
2021-12-10,17.06,17.37,16.75,16.95
2021-12-13,16.99,17.15,16.48,16.89
2021-12-14,17.0,17.08,16.38,16.49
2021-12-15,16.47,16.85,16.19,16.26
2021-12-16,16.45,16.54,16.11,16.5
2021-12-17,16.51,16.58,16.0,16.17
2021-12-20,16.03,16.32,15.71,16.09
2021-12-21,16.09,16.64,15.9,16.52
2021-12-22,16.56,17.05,16.28,16.9
2021-12-23,17.08,17.15,16.62,16.69
2021-12-24,16.69,16.83,15.4,15.92
2021-12-27,15.92,16.09,15.6,15.72
2021-12-28,15.8,16.18,15.7,16.1
2021-12-29,16.06,16.5,15.88,16.09
2021-12-30,16.21,16.29,15.73,15.76
2021-12-31,15.74,16.35,15.74,16.08
2022-01-04,16.08,16.19,15.2,15.22
2022-01-05,15.22,15.3,14.66,14.99
2022-01-06,14.96,15.32,14.89,15.21
2022-01-07,15.1,15.26,14.91,14.92
2022-01-10,14.91,15.3,14.77,15.12
2022-01-11,15.12,15.19,14.83,14.88
2022-01-12,15.01,15.22,14.6,15.21
2022-01-13,15.21,15.25,14.78,14.85
2022-01-14,14.85,15.2,14.71,15.05
2022-01-17,15.05,15.5,14.8,15.3
2022-01-18,15.33,16.36,15.2,15.86
2022-01-19,15.72,15.84,14.98,15.08
2022-01-20,14.95,15.2,14.21,14.26
2022-01-21,14.28,14.54,13.93,14.07
2022-01-24,14.07,14.64,14.01,14.53
2022-01-25,14.53,15.1,14.1,14.13
2022-01-26,14.16,14.33,13.88,14.22
2022-01-27,14.22,14.36,13.64,13.7
2022-01-28,13.4,13.5,12.88,13.13
2022-02-07,13.3,13.47,12.91,13.05
2022-02-08,13.15,13.17,12.6,12.94
2022-02-09,13.01,13.36,12.87,13.28
2022-02-10,13.27,13.38,13.02,13.08
2022-02-11,13.0,13.12,12.72,12.79
2022-02-14,12.79,13.0,12.57,12.65
2022-02-15,12.72,13.34,12.7,13.23
2022-02-16,13.32,13.55,13.14,13.5
2022-02-17,13.57,14.0,13.3,13.68
2022-02-18,13.64,13.67,13.28,13.45
2022-02-21,13.38,13.72,13.19,13.71
2022-02-22,13.65,13.67,13.43,13.63
2022-02-23,13.63,14.44,13.5,14.42
2022-02-24,14.2,14.75,13.68,13.89
2022-02-25,14.3,14.5,14.03,14.45
2022-02-28,14.45,14.66,14.26,14.55
2022-03-01,14.51,14.58,14.15,14.33
2022-03-02,14.25,14.39,14.18,14.23
2022-03-03,14.33,14.34,13.85,13.89
2022-03-04,13.81,13.97,13.43,13.48
2022-03-07,13.41,13.85,13.27,13.4
2022-03-08,13.39,13.49,12.3,12.43
2022-03-09,12.44,12.5,11.4,12.04
2022-03-10,12.4,12.78,12.16,12.56
2022-03-11,12.45,12.59,12.05,12.52
2022-03-14,12.35,12.35,11.7,11.72
2022-03-15,11.61,11.67,10.9,10.98
2022-03-16,11.18,11.4,10.62,11.33
2022-03-17,11.55,11.91,11.48,11.6
2022-03-18,11.48,11.67,11.38,11.59
2022-03-21,11.68,11.89,11.56,11.66
2022-03-22,11.75,12.02,11.64,11.71
2022-03-23,11.75,11.95,11.63,11.84
2022-03-24,11.7,12.05,11.65,12.02
2022-03-25,11.91,12.03,11.68,11.71
2022-03-28,11.7,11.75,11.26,11.58
2022-03-29,11.67,11.74,11.45,11.57
2022-03-30,11.58,11.79,11.47,11.7
2022-03-31,11.65,11.78,11.3,11.36
2022-04-01,11.34,11.5,11.08,11.49
2022-04-06,11.41,11.46,11.08,11.28
2022-04-07,11.3,11.4,10.99,11.08
2022-04-08,11.18,11.18,10.7,10.95
2022-04-11,10.95,10.95,10.2,10.33
2022-04-12,10.33,10.48,10.03,10.4
2022-04-13,10.35,10.97,10.16,10.72
2022-04-14,10.78,10.98,10.63,10.9
2022-04-15,10.78,10.95,10.71,10.8
2022-04-18,10.71,10.84,10.33,10.79
2022-04-19,10.84,11.13,10.81,11.13
2022-04-20,11.02,11.22,10.88,10.93
2022-04-21,10.87,10.96,10.22,10.25
2022-04-22,10.14,10.44,9.78,10.18
2022-04-25,9.99,9.99,9.16,9.16
2022-04-26,8.93,9.07,8.52,8.53
2022-04-27,8.4,9.38,8.25,9.38
2022-04-28,9.39,9.84,9.36,9.56
2022-04-29,9.52,9.95,9.4,9.86
2022-05-05,9.8,10.04,9.62,9.84
2022-05-06,9.61,9.69,9.42,9.58
2022-05-09,9.5,9.89,9.48,9.81
2022-05-10,9.68,9.98,9.51,9.84
2022-05-11,9.91,10.82,9.83,10.41
2022-05-12,10.44,10.52,10.2,10.29
2022-05-13,10.34,11.32,10.25,11.32
2022-05-16,11.54,12.02,11.05,11.3
2022-05-17,11.31,12.43,11.16,12.43
2022-05-18,12.6,12.7,12.0,12.18
2022-05-19,12.0,12.98,11.92,12.48
2022-05-20,12.38,12.6,12.18,12.4
2022-05-23,12.35,12.4,11.84,12.19
2022-05-24,12.15,13.08,12.03,12.36
2022-05-25,12.36,12.69,12.03,12.63
2022-05-26,12.5,12.92,12.03,12.58
2022-05-27,12.64,12.98,12.32,12.53
2022-05-30,12.36,13.78,12.35,13.4
2022-05-31,13.41,13.94,13.16,13.53
2022-06-01,13.53,14.24,13.15,13.71
2022-06-02,13.77,15.02,13.75,14.72
2022-06-06,14.79,15.5,14.39,15.12
2022-06-07,15.26,15.76,14.73,15.18
2022-06-08,14.9,15.14,14.46,14.94
2022-06-09,14.77,14.77,14.32,14.58
2022-06-10,14.94,16.0,14.6,15.66
2022-06-13,15.55,16.6,15.5,16.21
2022-06-14,16.2,16.85,15.51,16.15
2022-06-15,16.18,16.3,15.27,15.31
2022-06-16,15.32,15.75,15.23,15.54
2022-06-17,15.21,16.02,14.97,15.59
2022-06-20,15.64,15.94,15.25,15.55
2022-06-21,15.3,15.43,14.53,14.75
2022-06-22,14.75,15.28,14.72,14.8
2022-06-23,14.85,15.54,14.63,15.48
2022-06-24,15.36,16.33,15.2,16.01
2022-06-27,15.8,15.98,15.46,15.78
2022-06-28,15.7,16.28,15.44,15.63
2022-06-29,15.47,15.58,14.84,15.0
2022-06-30,14.9,15.31,14.7,15.0
2022-07-01,14.95,16.16,14.9,15.87
2022-07-04,15.99,17.25,15.88,17.06
2022-07-05,17.07,17.47,16.8,16.95
2022-07-06,16.95,16.99,15.71,16.01
2022-07-07,16.01,16.38,15.5,16.2
2022-07-08,16.16,16.74,15.9,15.9
2022-07-11,15.8,16.29,15.08,15.28
2022-07-12,15.28,15.56,14.74,14.78
2022-07-13,14.8,14.87,14.0,14.52
2022-07-14,14.5,15.3,14.32,15.06
2022-07-15,14.96,15.76,14.86,15.22
2022-07-18,15.22,16.18,15.09,15.81
2022-07-19,15.9,16.03,15.59,15.63
2022-07-20,15.68,16.2,15.57,16.08
2022-07-21,15.96,16.03,15.53,15.66
2022-07-22,15.67,15.94,15.15,15.38
2022-07-25,15.3,16.42,15.27,16.16
2022-07-26,16.08,17.6,16.04,17.19
2022-07-27,17.26,18.1,17.1,17.78
2022-07-28,17.63,18.77,17.48,17.69
2022-07-29,17.69,18.15,17.46,17.7
2022-08-01,17.5,17.88,17.08,17.72
2022-08-02,17.5,17.5,16.51,16.82
2022-08-03,16.83,17.55,16.75,16.86
2022-08-04,16.82,17.19,16.36,16.71
2022-08-05,17.0,17.04,16.06,16.47
2022-08-08,16.47,17.35,16.16,17.19
2022-08-09,17.15,17.77,16.91,17.43
2022-08-10,17.34,17.59,17.02,17.15
2022-08-11,17.15,17.24,16.61,16.95
2022-08-12,17.0,17.23,16.45,16.5
2022-08-15,16.46,17.13,16.4,17.08
2022-08-16,17.01,17.75,16.88,17.45
2022-08-17,17.46,17.47,15.8,16.7
2022-08-18,16.28,16.38,15.83,16.04
2022-08-19,16.05,16.12,14.71,14.97
2022-08-22,14.85,15.54,14.54,15.5
2022-08-23,15.3,15.49,14.88,14.95
2022-08-24,14.89,15.01,14.02,14.15
2022-08-25,14.23,14.5,13.77,13.9
2022-08-26,13.95,14.72,13.81,14.16
2022-08-29,14.01,14.09,13.67,13.83
2022-08-30,13.89,13.94,13.44,13.6
2022-08-31,13.6,13.6,12.7,12.88
2022-09-01,13.0,13.03,12.63,12.67
2022-09-02,12.78,12.84,12.52,12.68
2022-09-05,12.68,13.13,12.5,13.02
2022-09-06,13.15,13.86,13.02,13.8
2022-09-07,13.77,14.28,13.6,14.28
2022-09-08,14.35,14.39,14.05,14.18
2022-09-09,14.24,14.3,13.86,14.05
2022-09-13,14.09,14.28,13.77,13.95
2022-09-14,13.64,13.97,13.55,13.72
2022-09-15,13.84,13.86,12.6,13.01
2022-09-16,13.09,13.09,12.38,12.4
2022-09-19,12.52,13.21,12.48,12.77
2022-09-20,12.89,13.67,12.86,13.39
2022-09-21,13.34,13.6,13.1,13.41
2022-09-22,13.31,13.65,13.21,13.41
2022-09-23,13.44,13.49,12.74,12.98
2022-09-26,13.06,13.41,12.68,12.99
2022-09-27,13.07,13.1,12.52,12.97
2022-09-28,12.86,12.91,12.24,12.24
2022-09-29,12.4,12.6,12.26,12.35
2022-09-30,12.35,12.5,12.11,12.23
2022-10-10,12.2,12.29,11.81,11.83
2022-10-11,11.86,12.08,11.75,11.92
2022-10-12,11.96,12.95,11.8,12.89
2022-10-13,12.9,13.58,12.77,13.29
2022-10-14,13.3,13.96,13.3,13.77
2022-10-17,13.64,14.51,13.64,14.34
2022-10-18,14.31,14.45,14.12,14.15
2022-10-19,14.0,14.52,13.95,14.1
2022-10-20,14.0,14.3,13.63,14.14
2022-10-21,14.17,14.27,13.89,14.14
2022-10-24,14.13,14.82,14.1,14.4
2022-10-25,14.42,15.0,13.87,14.89
2022-10-26,15.0,15.14,14.5,15.02
2022-10-27,14.58,15.27,14.58,14.76
2022-10-28,14.76,14.89,14.07,14.1
2022-10-31,14.25,14.77,13.76,14.44
2022-11-01,14.45,15.15,14.2,14.88
2022-11-02,14.75,15.81,14.63,15.25
2022-11-03,15.1,16.11,15.07,16.01
2022-11-04,16.18,16.2,15.79,15.96
2022-11-07,15.83,16.4,15.75,15.88
2022-11-08,15.8,15.9,15.38,15.5
2022-11-09,15.45,15.75,15.27,15.32
2022-11-10,15.28,15.49,14.9,15.41
2022-11-11,15.7,16.17,15.49,15.72
2022-11-14,15.52,16.08,15.36,15.66
2022-11-15,15.6,16.3,15.45,16.17
2022-11-16,16.07,16.3,15.79,16.13
2022-11-17,15.99,16.31,15.88,16.2
2022-11-18,16.18,17.1,15.41,15.49
2022-11-21,15.48,16.58,15.2,16.5
2022-11-22,16.3,16.69,16.12,16.26
2022-11-23,16.28,16.74,15.84,16.13
2022-11-24,16.2,16.5,15.8,15.94
2022-11-25,15.85,15.86,15.13,15.19
2022-11-28,15.03,15.12,14.7,14.92
2022-11-29,14.92,15.38,14.73,15.12
2022-11-30,15.13,15.75,14.96,15.3
2022-12-01,15.46,16.83,15.46,16.53
2022-12-02,16.28,16.7,16.09,16.28
2022-12-05,16.4,16.8,16.22,16.61
2022-12-06,16.58,16.85,16.31,16.62
2022-12-07,16.52,16.98,16.25,16.45
2022-12-08,16.31,16.7,16.12,16.2
2022-12-09,16.21,16.38,15.76,16.08
2022-12-12,16.07,16.08,15.5,15.83
2022-12-13,16.03,16.25,15.5,15.69
2022-12-14,15.69,15.91,15.42,15.56
2022-12-15,15.52,15.68,15.39,15.6
2022-12-16,15.45,15.58,15.08,15.27
2022-12-19,15.24,15.67,15.2,15.39
2022-12-20,15.4,15.45,15.01,15.12
2022-12-21,15.24,15.31,14.7,14.86
2022-12-22,15.01,15.01,14.56,14.6
2022-12-23,14.6,14.69,14.41,14.54
2022-12-26,14.5,15.18,14.47,15.04
2022-12-27,15.1,16.5,15.08,16.38
2022-12-28,16.38,16.58,16.16,16.46
2022-12-29,16.46,16.48,15.82,16.05
2022-12-30,16.07,16.35,15.78,15.84
2023-01-03,15.76,16.47,15.61,16.38
2023-01-04,16.44,16.46,15.71,15.79
2023-01-05,15.79,16.14,15.69,15.97
2023-01-06,15.85,16.32,15.82,16.14
2023-01-09,16.21,16.67,16.11,16.3
2023-01-10,16.3,16.35,15.85,15.98
2023-01-11,15.96,16.03,15.48,15.6
2023-01-12,15.62,15.97,15.55,15.68
2023-01-13,15.78,15.8,15.14,15.46
2023-01-16,15.45,15.7,15.34,15.51
2023-01-17,15.51,15.58,15.23,15.38
2023-01-18,15.45,16.15,15.36,15.96
2023-01-19,15.9,15.93,15.52,15.69
2023-01-20,15.79,16.27,15.79,16.25
2023-01-30,16.49,16.83,16.36,16.52
2023-01-31,16.36,16.6,16.31,16.4
2023-02-01,16.5,17.49,16.35,17.24
2023-02-02,17.27,17.58,17.08,17.25
2023-02-03,17.24,17.56,16.85,17.36
2023-02-06,17.17,17.19,16.48,16.68
2023-02-07,16.83,17.25,16.59,17.2
2023-02-08,17.21,17.35,16.77,16.81
2023-02-09,16.99,17.0,16.72,16.9
2023-02-10,16.83,16.88,16.39,16.54
2023-02-13,16.56,16.98,16.44,16.84
2023-02-14,16.84,17.05,16.69,16.81
2023-02-15,16.86,16.94,16.08,16.17
2023-02-16,16.15,16.24,15.48,15.58
2023-02-17,15.59,15.73,15.33,15.35
2023-02-20,15.35,15.43,15.16,15.4
2023-02-21,15.51,15.76,15.36,15.76
2023-02-22,15.75,15.75,15.45,15.55
2023-02-23,15.6,15.61,15.25,15.4
2023-02-24,15.42,15.44,15.25,15.4
2023-02-27,15.36,15.39,14.88,14.92
2023-02-28,14.96,15.18,14.95,15.16
2023-03-01,15.16,15.2,15.01,15.15
2023-03-02,15.17,15.31,14.93,15.03
2023-03-03,15.06,15.1,14.79,14.98
2023-03-06,14.98,15.58,14.87,15.51
2023-03-07,15.53,15.57,14.95,15.02
2023-03-08,15.0,15.0,14.57,14.7
2023-03-09,14.75,14.83,14.27,14.36
2023-03-10,14.3,14.3,13.62,13.77
2023-03-13,13.7,13.92,13.61,13.81
2023-03-14,13.82,14.1,13.63,13.98
2023-03-15,14.04,14.15,13.6,13.68
2023-03-16,13.56,13.56,12.86,12.96
2023-03-17,13.07,13.35,13.05,13.23
2023-03-20,13.3,13.99,13.13,13.76
2023-03-21,13.8,13.87,13.4,13.8
2023-03-22,13.83,14.06,13.69,13.78
2023-03-23,13.79,13.81,13.42,13.52
2023-03-24,13.52,13.53,13.04,13.18
2023-03-27,13.15,13.42,13.06,13.3
2023-03-28,13.21,13.3,13.04,13.07
2023-03-29,13.15,13.27,13.0,13.02
2023-03-30,13.04,13.12,12.91,13.08
2023-03-31,13.1,13.46,13.05,13.4
2023-04-03,13.36,13.54,13.21,13.42
2023-04-04,13.42,13.44,12.88,12.98
2023-04-06,12.97,13.13,12.87,13.09
2023-04-07,13.12,13.21,13.03,13.19
2023-04-10,13.3,13.38,13.11,13.31
2023-04-11,13.25,13.31,13.12,13.29
2023-04-12,13.3,13.67,13.29,13.58
2023-04-13,13.58,13.8,13.48,13.52
2023-04-14,13.61,13.74,13.53,13.69
2023-04-17,13.69,13.75,13.55,13.73
2023-04-18,13.67,14.5,13.65,14.26
2023-04-19,14.34,14.6,13.97,13.98
2023-04-20,13.98,14.13,13.68,14.05
2023-04-21,13.91,14.04,13.61,13.62
2023-04-24,13.54,13.56,13.1,13.26
2023-04-25,13.28,13.38,12.3,12.6
2023-04-26,12.57,13.19,12.39,12.82
2023-04-27,12.85,13.0,12.65,12.92
2023-04-28,12.9,13.59,12.87,13.3
2023-05-04,13.25,13.33,13.03,13.08
2023-05-05,13.09,13.11,12.77,12.94
2023-05-08,12.87,13.46,12.86,13.37
2023-05-09,13.4,13.77,13.07,13.31
2023-05-10,13.28,13.55,13.14,13.48
2023-05-11,13.41,13.59,13.05,13.19
2023-05-12,13.23,13.23,12.97,13.19
2023-05-15,13.19,13.33,13.05,13.28
2023-05-16,13.4,13.42,12.91,13.03
2023-05-17,12.91,13.1,12.88,13.08
2023-05-18,13.08,13.15,12.91,12.98
2023-05-19,12.9,12.99,12.85,12.87
2023-05-22,12.8,12.92,12.72,12.89
2023-05-23,12.9,12.98,12.72,12.72
2023-05-24,12.72,12.89,12.6,12.72
2023-05-25,12.72,12.77,12.34,12.52
2023-05-26,12.52,12.55,12.1,12.36
2023-05-29,12.31,12.42,12.09,12.13
2023-05-30,12.12,12.24,11.71,12.0
2023-05-31,11.92,12.1,11.88,12.05
2023-06-01,12.03,12.16,11.99,12.03
2023-06-02,12.01,12.49,12.01,12.47
2023-06-05,12.52,12.53,12.32,12.39
2023-06-06,12.45,12.46,12.22,12.24
2023-06-07,12.28,12.32,12.13,12.16
2023-06-08,12.16,12.27,12.07,12.21
2023-06-09,9.4,9.42,9.21,9.31
2023-06-12,9.31,9.38,9.23,9.3
2023-06-13,9.33,9.36,9.2,9.22
2023-06-14,9.22,9.52,9.11,9.35
2023-06-15,9.37,9.65,9.26,9.61
2023-06-16,9.58,9.85,9.57,9.77
2023-06-19,9.77,9.82,9.6,9.65
2023-06-20,9.64,9.76,9.58,9.65
2023-06-21,9.66,9.75,9.44,9.47
2023-06-26,9.47,9.55,9.34,9.38
2023-06-27,9.4,9.58,9.34,9.53
2023-06-28,9.53,9.57,9.29,9.46
2023-06-29,9.4,9.65,9.37,9.55
2023-06-30,9.55,9.79,9.49,9.69
2023-07-03,9.69,9.8,9.67,9.73
2023-07-04,9.86,9.99,9.65,9.71
2023-07-05,9.67,10.21,9.63,10.15
2023-07-06,10.06,10.06,9.82,9.94
2023-07-07,9.9,9.95,9.73,9.87
2023-07-10,9.94,9.98,9.71,9.74
2023-07-11,9.7,9.84,9.66,9.82
2023-07-12,9.75,10.26,9.75,10.02
2023-07-13,10.18,10.18,9.96,10.02
2023-07-14,10.02,10.1,9.9,9.92
2023-07-17,9.82,9.95,9.61,9.89
2023-07-18,9.86,10.04,9.84,9.96
2023-07-19,9.92,9.98,9.8,9.89
2023-07-20,9.88,9.99,9.82,9.83
2023-07-21,9.8,9.87,9.58,9.62
2023-07-24,9.62,9.62,9.48,9.51
2023-07-25,9.62,9.98,9.62,9.94
2023-07-26,9.96,10.08,9.88,10.02
2023-07-27,10.0,10.06,9.8,9.84
2023-07-28,9.74,10.01,9.72,9.95
2023-07-31,10.0,10.43,10.0,10.27
2023-08-01,10.34,10.5,10.27,10.39
2023-08-02,10.43,10.43,10.25,10.33
2023-08-03,10.25,10.35,10.21,10.31
2023-08-04,10.33,10.56,10.24,10.26
2023-08-07,10.26,10.3,10.12,10.16
2023-08-08,10.16,10.25,10.01,10.19
2023-08-09,10.15,10.16,10.04,10.07
2023-08-10,10.03,10.11,9.96,10.08
2023-08-11,10.13,10.15,9.92,9.95
2023-08-14,9.9,9.93,9.58,9.81
2023-08-15,9.86,9.88,9.6,9.63
2023-08-16,9.6,9.77,9.56,9.61
2023-08-17,9.59,9.84,9.42,9.8
2023-08-18,9.8,9.86,9.59,9.59
2023-08-21,9.67,9.67,9.48,9.48
2023-08-22,9.58,9.59,9.26,9.43
2023-08-23,9.43,9.44,8.86,9.04
2023-08-24,9.08,9.14,8.91,8.95
2023-08-25,8.96,9.06,8.87,8.95
2023-08-28,9.61,9.61,9.09,9.18
2023-08-29,9.09,9.36,9.09,9.3
2023-08-30,9.36,9.62,9.29,9.46
2023-08-31,9.51,9.55,9.36,9.37
2023-09-01,9.33,9.61,9.33,9.54
2023-09-04,9.61,10.22,9.58,10.19
2023-09-05,10.27,10.28,10.1,10.16
2023-09-06,10.15,10.15,9.84,10.04
2023-09-07,9.99,10.06,9.7,9.76
2023-09-08,9.69,9.79,9.63,9.65
2023-09-11,9.67,9.93,9.56,9.83
2023-09-12,9.87,9.89,9.71,9.75
2023-09-13,9.8,9.8,9.62,9.69
2023-09-14,9.66,9.78,9.64,9.77
2023-09-15,9.82,9.88,9.72,9.81
2023-09-18,9.76,9.85,9.66,9.71
2023-09-19,9.72,9.72,9.61,9.66
2023-09-20,9.66,9.69,9.5,9.5
2023-09-21,9.42,9.59,9.41,9.45
2023-09-22,9.41,9.53,9.36,9.5
2023-09-25,9.52,9.53,9.35,9.38
2023-09-26,9.4,9.4,9.31,9.32
2023-09-27,9.32,9.41,9.22,9.3
2023-09-28,9.32,9.42,9.28,9.32
2023-10-09,9.27,9.38,9.22,9.29
2023-10-10,9.31,9.45,9.28,9.35
2023-10-11,9.36,9.36,9.13,9.18
2023-10-12,9.26,9.59,9.23,9.46
2023-10-13,9.42,9.67,9.38,9.53
2023-10-16,9.58,9.59,9.16,9.2
2023-10-17,9.2,9.88,9.1,9.77
2023-10-18,9.73,9.82,9.31,9.34
2023-10-19,9.3,9.66,9.16,9.31
2023-10-20,9.25,9.54,9.21,9.31
2023-10-23,9.3,9.31,8.72,8.73
2023-10-24,8.78,9.09,8.77,9.07
2023-10-25,9.16,9.3,9.08,9.11
2023-10-26,9.11,9.28,8.97,9.27
2023-10-27,9.08,9.1,8.76,8.87
2023-10-30,8.8,8.93,8.75,8.93
2023-10-31,8.87,9.01,8.85,8.91
2023-11-01,8.9,9.8,8.88,9.43
2023-11-02,9.45,9.57,9.14,9.15
2023-11-03,9.15,9.57,9.13,9.42
2023-11-06,9.47,9.7,9.38,9.67
2023-11-07,9.63,9.63,9.47,9.55
2023-11-08,9.51,9.6,9.39,9.46
2023-11-09,9.45,9.49,9.37,9.41
2023-11-10,9.39,9.44,9.31,9.38
2023-11-13,9.45,9.46,9.33,9.44
2023-11-14,9.48,9.48,9.26,9.31
2023-11-15,9.39,9.54,9.37,9.43
2023-11-16,9.42,9.42,9.19,9.26
2023-11-17,9.23,9.43,9.18,9.34
2023-11-20,9.36,9.4,9.25,9.29
2023-11-21,9.35,9.36,9.19,9.21
2023-11-22,9.21,9.22,9.06,9.11
2023-11-23,9.1,9.19,9.06,9.15
2023-11-24,9.2,9.2,8.93,9.03
2023-11-27,9.06,9.09,8.93,9.07
2023-11-28,9.07,9.07,8.98,9.05
2023-11-29,9.06,9.21,9.05,9.11
2023-11-30,9.09,9.15,8.99,9.05
2023-12-01,9.06,9.19,8.9,9.15
2023-12-04,9.17,9.29,9.15,9.26
2023-12-05,9.18,9.26,8.96,8.99
2023-12-06,8.93,9.2,8.9,9.07
2023-12-07,9.05,9.11,8.85,8.93
2023-12-08,8.94,9.02,8.88,8.96
2023-12-11,8.92,8.96,8.73,8.94
2023-12-12,8.89,8.93,8.86,8.91
2023-12-13,8.88,8.89,8.71,8.73
2023-12-14,8.76,8.85,8.63,8.69
2023-12-15,8.7,8.79,8.45,8.54
2023-12-18,8.54,8.54,8.38,8.42
2023-12-19,8.38,8.47,8.37,8.43
2023-12-20,8.44,8.45,8.25,8.29
2023-12-21,8.24,8.39,8.17,8.33
2023-12-22,8.35,8.52,8.26,8.47
2023-12-25,8.46,8.55,8.39,8.48
2024-01-10,9.33,9.33,9.1,9.33
2024-01-11,9.39,9.48,9.02,9.22
2024-01-12,9.05,9.19,8.75,8.78
2024-01-15,8.75,8.8,8.49,8.57
2024-01-16,8.57,8.67,8.29,8.43
2024-01-17,8.38,8.44,8.17,8.19
2024-01-18,8.09,8.15,7.74,8.02
2024-01-19,7.97,8.16,7.93,7.93
2024-01-22,7.95,8.01,7.43,7.5
2024-01-23,7.5,8.17,7.37,8.14
2024-01-24,8.06,8.13,7.82,8.12
2024-01-25,8.12,8.71,8.12,8.63
2024-01-26,8.53,8.86,8.53,8.57
2024-01-29,8.55,8.61,8.29,8.32
2024-01-30,8.24,8.3,7.88,7.92
2024-01-31,7.98,8.08,7.72,7.73
2024-02-01,7.7,7.86,7.56,7.58
2024-02-02,7.61,7.67,7.01,7.34
2024-02-05,7.25,7.33,6.7,6.77
2024-02-06,6.78,7.45,6.78,7.45
2024-02-07,7.6,8.09,7.46,7.89
2024-02-08,7.87,8.34,7.84,8.09
2024-02-19,8.09,8.26,7.99,8.1
2024-02-20,8.04,8.1,7.92,8.01
2024-02-21,7.93,8.29,7.9,8.07
2024-02-22,8.02,8.17,8.01,8.09
2024-02-23,8.08,8.15,8.02,8.13
2024-02-26,8.26,8.44,8.16,8.28
2024-02-27,8.28,8.38,8.18,8.38
2024-02-28,8.38,8.63,8.12,8.12
2024-02-29,8.05,8.35,8.02,8.35
2024-03-01,8.33,8.41,8.27,8.39
2024-03-04,8.34,8.46,8.21,8.32
2024-03-05,8.24,8.36,8.21,8.28
2024-03-06,8.25,8.38,8.17,8.36
2024-03-07,8.36,8.78,8.35,8.5
2024-03-08,8.75,9.18,8.75,8.99
2024-03-11,8.95,9.1,8.84,8.96
2024-03-12,8.93,8.95,8.73,8.79
2024-03-13,8.76,9.61,8.75,9.36
2024-03-14,9.54,10.09,9.4,9.44
2024-03-15,9.38,10.38,9.38,10.38
2024-03-18,10.54,10.75,10.15,10.55
2024-03-19,10.47,11.28,10.39,11.08
2024-03-20,10.89,10.98,10.66,10.81
2024-03-21,10.83,10.99,10.6,10.78
2024-03-22,10.68,10.75,10.3,10.32
2024-03-25,10.37,10.59,10.2,10.2
2024-03-26,10.16,10.22,9.8,9.91
2024-03-27,9.91,10.04,9.77,9.8
2024-03-28,9.81,10.15,9.77,10.01
2024-03-29,10.06,10.36,10.0,10.33
2024-04-01,10.54,10.68,10.17,10.27
2024-04-02,10.1,10.79,10.1,10.79
2024-04-03,10.78,11.87,10.71,11.65
2024-04-08,11.66,12.72,11.53,11.98
2024-04-09,11.67,12.06,11.56,11.7
2024-04-10,11.79,12.06,11.48,11.66
2024-04-11,11.47,12.35,11.22,11.78
2024-04-12,11.78,11.92,11.56,11.6
2024-04-15,11.25,11.75,10.92,11.58
2024-04-16,11.44,11.63,10.85,10.87
2024-04-17,10.97,11.77,10.88,11.75
2024-04-18,11.64,11.8,11.41,11.62
2024-04-19,11.67,11.95,11.23,11.39
2024-04-22,11.51,11.7,11.08,11.1
2024-04-23,10.8,10.92,10.38,10.42
2024-04-24,10.33,10.72,10.24,10.68
2024-04-25,10.66,10.88,10.53,10.65
2024-04-26,10.48,10.81,10.25,10.71
2024-04-29,10.65,10.84,10.47,10.81
2024-04-30,11.08,11.49,10.71,10.8
2024-05-06,10.9,11.88,10.83,11.88
2024-05-07,11.89,12.68,11.89,12.4
2024-05-08,12.17,12.5,12.11,12.16
2024-05-09,12.16,12.77,12.07,12.46
2024-05-10,12.56,12.75,11.9,12.27
2024-05-13,12.22,12.8,12.1,12.56
2024-05-14,12.64,12.99,12.47,12.69
2024-05-15,12.59,12.69,12.2,12.28
2024-05-16,12.32,12.45,12.06,12.13
2024-05-17,12.09,12.23,11.9,12.22
2024-05-20,12.4,12.64,11.98,12.51
2024-05-21,12.4,12.47,11.8,11.9
2024-05-22,11.9,12.0,11.6,11.7
2024-05-23,11.4,11.41,11.03,11.1
2024-05-24,11.1,11.26,11.07,11.1
2024-05-27,11.06,11.51,11.03,11.48
2024-05-28,11.51,11.82,11.28,11.31
2024-05-29,11.21,12.12,11.14,11.96
2024-05-30,12.0,12.0,11.28,11.33
2024-05-31,11.18,11.45,11.15,11.28
2024-06-03,11.19,11.19,10.74,10.89
2024-06-04,11.0,11.06,10.7,11.02
2024-06-05,10.92,10.96,10.58,10.6
2024-06-06,10.75,10.78,10.41,10.48
2024-06-07,10.6,10.64,10.3,10.49
2024-06-11,10.29,10.6,10.1,10.53
2024-06-12,10.53,10.76,10.46,10.63
2024-06-13,10.61,10.64,10.3,10.42
2024-06-14,10.36,10.74,10.32,10.71
2024-06-17,10.65,10.71,10.25,10.3
2024-06-18,10.35,10.45,9.69,9.92
2024-06-19,9.9,10.28,9.83,10.02
2024-06-20,10.04,10.06,9.69,9.85
2024-06-21,9.89,10.1,9.84,9.99
2024-06-24,9.85,9.97,9.4,9.47
2024-06-25,9.48,9.52,9.32,9.39
2024-06-26,9.32,9.49,9.14,9.48
2024-06-27,9.4,9.42,9.05,9.05
2024-06-28,9.1,9.34,9.04,9.14
2024-07-01,9.23,9.33,9.1,9.27
2024-07-02,9.19,9.27,9.01,9.02
2024-07-03,9.05,9.12,8.97,9.01
2024-07-04,9.09,9.14,8.8,8.88
2024-07-05,9.11,9.19,8.8,9.18
2024-07-08,9.09,9.18,8.8,8.84
2024-07-09,8.83,9.0,8.67,8.97
2024-07-10,8.94,9.14,8.81,8.85
2024-07-11,8.98,9.31,8.94,9.21
2024-07-12,9.28,9.33,8.93,8.99
2024-07-15,8.9,9.08,8.84,8.99
2024-07-16,8.88,9.1,8.88,9.0
2024-07-17,9.01,9.1,8.76,8.78
2024-07-18,8.69,8.83,8.52,8.8
2024-07-19,8.61,8.82,8.47,8.68
2024-07-22,8.67,8.69,8.55,8.66
2024-07-23,8.64,8.69,8.31,8.31
2024-07-24,8.34,8.4,8.23,8.26
2024-07-25,8.21,8.32,8.13,8.2
2024-07-26,8.26,8.43,8.21,8.31
2024-07-29,8.34,8.38,8.14,8.19
2024-07-30,8.19,8.28,8.08,8.25
2024-07-31,8.28,8.59,8.25,8.59
2024-08-01,8.68,8.77,8.43,8.47
2024-08-02,8.37,8.51,8.33,8.35
2024-08-05,8.29,8.49,8.15,8.16
2024-08-06,8.28,8.35,8.15,8.25
2024-08-07,8.26,8.3,8.17,8.18
2024-08-08,8.16,8.18,7.95,8.1
2024-08-09,8.16,8.33,8.13,8.13
2024-08-12,8.1,8.19,8.05,8.11
2024-08-13,8.16,8.21,8.06,8.18
2024-08-14,8.17,8.21,8.04,8.06
2024-08-15,8.02,8.25,7.98,8.15
2024-08-16,8.25,8.28,8.03,8.04
2024-08-19,8.03,8.27,8.01,8.11
2024-08-20,8.11,8.18,7.86,7.9
2024-08-21,7.91,8.15,7.88,8.09
2024-08-22,8.1,8.11,7.98,8.0
2024-08-23,7.86,8.02,7.73,7.97
2024-08-26,7.98,8.05,7.76,7.81
2024-08-27,7.79,7.81,7.58,7.62
2024-08-28,7.59,7.79,7.56,7.62
2024-08-29,7.6,7.81,7.53,7.78
2024-08-30,7.78,8.01,7.69,7.89
2024-09-02,7.87,7.89,7.7,7.7
2024-09-03,7.7,7.83,7.64,7.75
2024-09-04,7.71,7.76,7.6,7.68
2024-09-05,7.68,7.78,7.58,7.66
2024-09-06,7.63,7.7,7.53,7.53
2024-09-09,7.51,7.53,7.42,7.45
2024-09-10,7.47,7.51,7.3,7.46
2024-09-11,7.41,7.57,7.39,7.47
2024-09-12,7.5,7.62,7.41,7.44
2024-09-13,7.45,7.53,7.37,7.37
2024-09-18,7.45,7.53,7.3,7.51
2024-09-19,7.52,7.88,7.46,7.78
2024-09-20,7.78,8.05,7.62,7.81
2024-09-23,7.82,7.95,7.67,7.86
2024-09-24,7.86,8.1,7.85,8.1
2024-09-25,8.28,8.41,8.07,8.08
2024-09-26,8.08,8.54,8.05,8.54
2024-09-27,8.9,9.08,8.66,8.98
2024-09-30,9.47,9.8,9.15,9.8
2024-10-08,10.78,10.78,9.68,10.24
2024-10-09,9.81,9.95,9.23,9.34
2024-10-10,9.39,9.8,9.15,9.42
2024-10-11,9.41,9.44,8.91,8.99
2024-10-14,9.02,9.19,8.82,9.15
2024-10-15,9.13,9.13,8.83,8.83
2024-10-16,8.69,8.92,8.55,8.82
2024-10-17,8.87,8.97,8.67,8.68
2024-10-18,8.61,9.08,8.58,8.85
2024-10-21,8.87,9.15,8.86,9.0
2024-10-22,8.9,9.14,8.9,9.08
2024-10-23,9.07,9.29,8.97,9.19
2024-10-24,9.13,9.18,8.96,9.05
2024-10-25,9.13,9.35,9.05,9.28
2024-10-28,9.31,9.48,9.22,9.45
2024-10-29,9.5,9.73,9.32,9.52
2024-10-30,9.49,9.64,9.3,9.37
2024-10-31,9.6,9.75,9.46,9.61
2024-11-01,9.56,10.57,9.53,10.33
2024-11-04,10.48,10.48,9.79,9.94
2024-11-05,9.83,10.19,9.76,10.14
2024-11-06,10.06,10.28,9.95,10.06
2024-11-07,10.07,10.46,9.93,10.34
2024-11-08,10.7,10.76,10.12,10.18
2024-11-11,11.0,11.0,10.55,10.74
2024-11-12,10.85,11.26,10.65,11.01
2024-11-13,11.06,11.63,10.97,11.63
2024-11-14,11.77,11.81,10.7,11.0
2024-11-15,11.03,11.09,10.39,10.42
2024-11-18,10.6,10.73,9.85,9.94
2024-11-19,9.98,10.01,9.6,10.0
2024-11-20,10.37,10.59,10.21,10.37
2024-11-21,10.45,11.01,10.45,10.8
2024-11-22,10.69,10.78,10.2,10.24
2024-11-25,10.24,10.5,9.86,10.09
2024-11-26,10.04,10.14,9.77,9.78
2024-11-27,9.73,9.8,9.36,9.8
2024-11-28,9.75,10.16,9.7,9.98
2024-11-29,9.9,10.63,9.76,10.56
2024-12-02,10.4,11.0,10.38,10.77
2024-12-03,10.85,10.85,10.32,10.43
2024-12-04,10.65,10.67,10.15,10.22
2024-12-05,10.22,10.38,10.08,10.25
2024-12-06,10.2,10.29,9.99,10.22
2024-12-09,10.23,10.38,10.12,10.15
2024-12-10,10.35,10.47,10.06,10.09
2024-12-11,10.06,10.18,10.01,10.11
2024-12-12,10.12,10.21,10.08,10.17
2024-12-13,10.11,10.12,9.88,9.9
2024-12-16,9.89,10.02,9.82,9.87
2024-12-17,9.81,9.89,9.68,9.72
2024-12-18,9.81,9.92,9.77,9.81
2024-12-19,9.65,9.88,9.57,9.83
2024-12-20,9.81,9.88,9.76,9.8
2024-12-23,9.78,10.02,9.72,9.79
2024-12-24,9.75,9.82,9.63,9.75
2024-12-25,9.72,9.73,9.45,9.53
2024-12-26,9.6,9.94,9.57,9.74
2024-12-27,9.81,9.84,9.65,9.68
2024-12-30,9.64,9.64,9.5,9.55
2024-12-31,9.54,9.6,9.18,9.21
2025-01-02,9.19,9.23,8.84,8.94
2025-01-03,8.94,9.14,8.7,8.77
2025-01-06,8.73,9.02,8.69,8.88
2025-01-07,8.88,9.01,8.78,8.98
2025-01-08,8.98,8.98,8.5,8.82
2025-01-09,8.76,9.63,8.75,9.38
2025-01-10,9.4,9.46,9.1,9.1
2025-01-13,9.01,9.18,8.97,9.08
2025-01-14,9.14,9.35,9.06,9.28
2025-01-15,9.28,9.32,9.11,9.18
2025-01-16,9.21,9.34,9.16,9.26
2025-01-17,9.59,9.69,9.35,9.54
2025-01-20,9.54,9.64,9.5,9.53
2025-01-21,9.56,9.59,9.32,9.39
2025-01-22,9.4,9.44,9.28,9.29
2025-01-23,9.36,9.57,9.3,9.34
2025-01-24,9.31,9.62,9.28,9.58
2025-01-27,9.57,9.7,9.46,9.46
2025-02-05,9.69,9.8,9.58,9.67
2025-02-06,9.6,9.84,9.6,9.8
2025-02-07,9.76,9.9,9.73,9.84
2025-02-10,9.8,9.87,9.69,9.71
2025-02-11,9.71,9.75,9.59,9.63
2025-02-12,9.6,9.66,9.45,9.63
2025-02-13,9.63,9.69,9.49,9.51
2025-02-14,9.49,9.63,9.46,9.53
2025-02-17,9.5,9.53,9.37,9.41
2025-02-18,9.4,9.65,9.28,9.35
2025-02-19,9.3,9.58,9.28,9.52
2025-02-20,9.49,9.63,9.46,9.56
2025-02-21,9.53,9.71,9.53,9.65
2025-02-24,9.61,9.66,9.52,9.56
2025-02-25,9.5,9.59,9.41,9.48
2025-02-26,9.51,9.75,9.49,9.69
2025-02-27,9.7,9.72,9.36,9.48
2025-02-28,9.4,9.45,9.21,9.24
2025-03-03,9.25,9.61,9.24,9.43
2025-03-04,9.4,9.59,9.34,9.56
2025-03-05,9.56,9.63,9.32,9.53
2025-03-06,9.53,9.79,9.51,9.77
2025-03-07,9.9,10.75,9.85,10.44
2025-03-10,10.9,11.16,10.6,10.71
2025-03-11,10.56,11.04,10.51,11.04
2025-03-12,11.1,11.3,10.76,10.8
2025-03-13,10.82,11.0,10.5,10.68
2025-03-14,10.99,11.11,10.67,10.73
2025-03-17,10.66,10.67,10.36,10.46
2025-03-18,10.46,10.67,10.41,10.48
2025-03-19,10.42,10.48,10.23,10.3
2025-03-20,10.3,10.39,10.2,10.25
2025-03-21,10.19,10.39,10.08,10.12
2025-03-24,10.14,10.29,9.98,10.19
2025-03-25,10.1,10.3,10.02,10.22
2025-03-26,10.21,10.45,10.09,10.12
2025-03-27,10.0,10.09,9.9,9.95
2025-03-28,9.96,10.02,9.79,9.87
2025-03-31,9.87,10.04,9.72,9.91
2025-04-01,9.91,10.18,9.91,10.15
2025-04-02,10.15,10.21,10.01,10.09
2025-04-03,10.09,10.15,9.88,9.95
2025-04-07,9.5,9.6,8.96,8.96
2025-04-08,9.03,9.06,8.6,8.98
2025-04-09,8.9,9.1,8.55,9.06
2025-04-10,9.19,9.45,9.11,9.14
2025-04-11,9.16,9.28,9.09,9.14
2025-04-14,9.2,9.59,9.2,9.5
2025-04-15,9.51,9.52,9.26,9.3
2025-04-16,9.31,9.35,9.05,9.17
2025-04-17,9.13,9.24,9.11,9.12
2025-04-18,9.13,9.14,9.01,9.11
2025-04-21,9.09,9.55,9.03,9.46
2025-04-22,9.45,9.78,9.36,9.57
2025-04-23,9.7,9.84,9.62,9.68
2025-04-24,9.7,9.73,9.49,9.59
2025-04-25,9.55,10.03,9.53,9.64
2025-04-28,9.65,9.7,9.51,9.53
2025-04-29,9.52,9.68,9.45,9.55
2025-04-30,9.58,9.63,9.47,9.55
2025-05-06,9.59,9.94,9.59,9.93
2025-05-07,10.0,10.04,9.84,9.94
2025-05-08,9.99,10.18,9.89,10.06
2025-05-09,10.13,10.66,10.09,10.37
2025-05-12,10.28,10.74,10.02,10.57
2025-05-13,10.64,10.66,10.22,10.37
2025-05-14,10.32,10.69,10.28,10.64
2025-05-15,10.64,10.88,10.57,10.72
2025-05-16,10.71,11.79,10.64,11.53
2025-05-19,11.6,11.6,11.15,11.16
2025-05-20,11.16,11.27,10.98,11.2
2025-05-21,11.2,11.22,10.82,11.05
2025-05-22,11.0,11.06,10.67,10.68
2025-05-23,10.66,10.89,10.66,10.68
2025-05-26,10.67,10.84,10.6,10.65
2025-05-27,10.67,10.72,10.44,10.5
2025-05-28,10.5,10.94,10.45,10.76
2025-05-29,10.95,11.51,10.93,11.34
2025-05-30,11.29,11.4,11.08,11.31
2025-06-03,11.32,11.75,11.15,11.63
2025-06-04,11.64,12.35,11.61,12.04
2025-06-05,12.1,12.21,11.76,11.92
2025-06-06,12.01,12.12,11.81,11.99
2025-06-09,12.05,12.14,11.85,12.01
2025-06-10,11.95,12.15,11.8,11.96
2025-06-11,11.95,12.39,11.9,12.03
2025-06-12,12.03,12.03,11.66,11.91
2025-06-13,11.92,12.14,11.8,11.99
2025-06-16,12.05,12.2,11.86,12.04
2025-06-17,11.96,12.56,11.93,12.03
2025-06-18,11.9,12.08,11.66,12.05
2025-06-19,11.87,12.05,11.76,11.78
2025-06-20,11.81,11.89,11.5,11.55
2025-06-23,11.49,11.68,11.43,11.61
2025-06-24,11.58,11.7,11.48,11.57
2025-06-25,11.57,11.82,11.44,11.56
2025-06-26,11.59,11.8,11.44,11.45
2025-06-27,11.53,11.73,11.41,11.56
2025-06-30,11.6,11.92,11.46,11.86
2025-07-01,11.83,12.2,11.63,12.15
2025-07-02,12.25,12.25,11.91,12.13
2025-07-03,12.13,12.17,11.77,12.0
2025-07-04,11.92,12.45,11.83,12.07
2025-07-07,12.05,12.2,11.88,11.99
2025-07-08,11.94,12.19,11.92,12.07
2025-07-09,12.07,12.14,11.73,11.94
2025-07-10,11.98,12.19,11.88,12.08
2025-07-11,12.13,12.78,12.06,12.46
2025-07-14,12.6,12.83,12.4,12.68
2025-07-15,12.57,12.76,12.32,12.56
2025-07-16,12.57,13.29,12.57,13.05
2025-07-17,13.03,13.42,12.89,13.2
2025-07-18,13.29,13.88,13.17,13.61
2025-07-21,13.77,14.0,13.52,13.87
2025-07-22,14.47,15.26,14.11,15.26
2025-07-23,16.0,16.79,15.35,16.18
2025-07-24,16.51,17.8,16.01,17.8
2025-07-25,18.13,19.58,18.0,19.08
2025-07-28,18.58,18.91,17.41,18.01
2025-07-29,18.3,19.35,17.86,19.0
2025-07-30,18.62,18.73,17.1,17.1
2025-07-31,16.66,16.89,16.06,16.11
2025-08-01,16.06,16.15,15.72,15.84
2025-08-04,15.78,15.96,15.7,15.76
2025-08-05,15.8,16.05,15.59,15.79
2025-08-06,15.78,16.4,15.69,16.12
2025-08-07,16.03,16.48,15.58,16.18
2025-08-08,15.9,16.78,15.83,16.46
2025-08-11,16.47,16.88,16.05,16.62
2025-08-12,16.82,16.95,16.31,16.59
2025-08-13,16.65,17.1,16.51,16.98
2025-08-14,17.0,17.94,16.91,17.2
2025-08-15,16.91,18.0,16.91,17.84
2025-08-18,18.04,18.48,17.35,18.09
2025-08-19,18.02,19.9,17.91,19.1
2025-08-20,19.44,20.29,18.91,19.17
2025-08-21,19.18,20.08,18.1,18.21
2025-08-22,18.26,19.23,18.26,18.75
2025-08-25,19.1,19.58,18.63,19.17
2025-08-26,19.07,19.87,18.55,19.36
2025-08-27,19.4,20.68,19.25,19.62
2025-08-28,19.66,19.95,18.86,19.62
2025-08-29,19.9,21.28,19.6,20.68
2025-09-01,21.0,21.9,20.5,21.83
2025-09-02,22.29,22.29,20.8,21.34
2025-09-03,21.45,21.58,19.77,19.99
2025-09-04,19.9,20.31,18.38,18.76
2025-09-05,18.69,19.29,18.6,19.27
2025-09-08,20.0,20.45,19.68,19.79
2025-09-09,19.64,20.24,19.21,19.33
2025-09-10,19.06,19.45,18.56,18.8
2025-09-11,18.71,19.79,18.62,19.53
2025-09-12,19.53,19.99,19.35,19.79
2025-09-15,19.79,19.79,19.0,19.11
2025-09-16,19.09,19.18,17.91,18.52
2025-09-17,18.31,18.9,18.16,18.82
2025-09-18,18.54,18.8,17.9,18.15
2025-09-19,18.09,18.37,17.91,18.02
2025-09-22,18.1,18.25,17.62,17.98
2025-09-23,17.98,18.22,16.98,17.35
2025-09-24,17.26,17.7,17.23,17.49
2025-09-25,17.68,17.95,17.41,17.81
2025-09-26,18.11,18.86,17.95,18.43
2025-09-29,18.73,18.81,17.83,18.35
2025-09-30,18.38,18.88,18.38,18.63
2025-10-09,19.08,19.6,18.85,19.57
2025-10-10,19.6,19.6,18.6,18.63
2025-10-13,17.94,19.8,17.85,19.53
2025-10-14,19.65,20.12,18.69,18.93
2025-10-15,18.76,18.94,18.03,18.45
2025-10-16,18.12,18.22,16.8,17.13
2025-10-17,16.87,17.06,16.3,16.32
2025-10-20,16.48,16.74,16.35,16.64
2025-10-21,16.85,17.59,16.77,17.52
2025-10-22,17.29,18.5,17.04,18.14
2025-10-23,18.0,18.74,18.0,18.61
2025-10-24,18.85,19.35,18.7,18.95
2025-10-27,19.6,20.85,19.6,20.46
2025-10-28,21.48,22.51,21.3,22.51
2025-10-29,23.97,24.76,23.95,24.76
2025-10-30,26.24,26.87,25.31,26.01
2025-10-31,26.01,26.15,23.41,23.41
2025-11-03,23.0,23.29,22.15,22.75
2025-11-04,23.03,23.26,22.61,22.77
2025-11-05,22.31,25.05,22.26,25.05
2025-11-06,25.1,25.4,24.4,25.1
2025-11-07,24.71,25.31,24.4,24.7
2025-11-10,24.5,24.67,22.87,23.19
2025-11-11,23.56,23.77,22.14,22.3
2025-11-12,23.0,23.44,22.36,22.76
2025-11-13,22.3,23.35,22.18,22.56
2025-11-14,22.19,23.35,21.66,22.59
2025-11-17,22.36,23.34,22.29,22.82
2025-11-18,22.82,23.88,22.45,23.06
2025-11-19,22.87,23.25,21.87,22.26
2025-11-20,22.6,23.2,22.4,22.46
2025-11-21,22.0,22.32,20.94,20.99
2025-11-24,20.99,21.95,20.98,21.66
2025-11-25,21.97,22.48,21.7,22.01
2025-11-26,22.32,22.5,21.76,22.03
2025-11-27,22.08,22.44,21.35,21.4
2025-11-28,21.33,22.57,21.2,22.2
2025-12-01,22.48,22.65,21.85,22.05
2025-12-02,22.05,22.72,21.92,22.15
2025-12-03,22.01,22.59,21.97,22.22
2025-12-04,22.25,22.68,21.96,22.28
2025-12-05,22.23,23.49,22.17,23.2
2025-12-08,23.37,24.22,23.19,24.11
2025-12-09,23.87,25.28,23.62,24.8
2025-12-10,24.58,24.99,23.66,24.72
2025-12-11,25.05,25.15,24.21,24.3
2025-12-12,24.65,24.9,23.63,24.9
2025-12-15,24.81,25.6,24.71,25.21
2025-12-16,25.5,26.61,25.15,26.05
2025-12-17,26.17,28.66,25.46,28.51
2025-12-18,28.12,28.4,27.17,27.21
2025-12-19,27.36,28.11,27.01,27.3
2025-12-22,27.8,30.0,27.56,29.64
2025-12-23,29.51,32.18,29.15,31.06
2025-12-24,31.01,31.12,28.81,29.41
2025-12-25,28.89,29.35,28.48,28.82
2025-12-26,28.93,30.15,28.87,29.5
2025-12-29,29.5,29.85,28.38,28.46
2025-12-30,28.05,28.77,27.82,28.04
2025-12-31,28.06,28.57,27.57,27.71
2026-01-05,28.26,28.55,27.6,28.5
2026-01-06,29.0,30.16,28.61,29.72
2026-01-07,30.0,32.39,29.51,32.0
2026-01-08,31.2,31.8,30.69,31.02
2026-01-09,31.02,33.29,31.0,32.89
2026-01-12,33.01,33.46,31.9,32.47
2026-01-13,32.58,34.32,31.61,33.55
2026-01-14,33.22,35.5,33.21,34.81
2026-01-15,34.61,37.17,34.4,36.73
2026-01-16,37.0,39.27,36.1,37.5
2026-01-19,37.41,40.3,37.0,40.26
2026-01-20,40.3,40.51,36.3,37.89
2026-01-21,38.41,41.68,38.41,41.68
2026-01-22,43.04,44.39,41.7,42.51
2026-01-23,42.78,45.3,40.8,44.97
2026-01-26,45.66,49.47,44.8,49.47
2026-01-27,49.51,53.45,49.0,50.49
2026-01-28,49.99,52.86,49.02,52.28
2026-01-29,52.28,53.76,47.5,49.37
2026-01-30,47.53,50.8,45.6,48.5
2026-02-02,46.63,48.96,45.59,45.6
2026-02-03,47.87,48.7,45.83,47.02
2026-02-04,47.88,48.44,45.77,46.88
2026-02-05,46.11,47.31,44.28,45.45
2026-02-06,44.64,48.9,44.5,47.93
2026-02-09,47.97,48.91,46.88,47.29
2026-02-10,47.63,48.57,46.9,47.61
2026-02-11,48.04,52.37,47.91,52.37
2026-02-12,51.32,56.8,51.3,55.33
2026-02-13,53.53,55.38,52.31,52.41
2026-02-24,54.66,55.26,53.08,53.48
2026-02-25,54.0,58.83,53.12,58.83
2026-02-26,61.18,64.71,59.84,60.2
2026-02-27,60.6,66.22,60.6,66.22
2026-03-02,71.0,71.0,67.22,69.02
2026-03-03,68.75,71.5,64.77,64.94
2026-03-04,62.31,68.83,62.0,66.48
2026-03-05,67.81,67.95,63.66,64.37
2026-03-06,65.0,68.6,63.7,65.66
2026-03-09,64.6,65.85,61.64,65.11
2026-03-10,66.08,66.61,62.5,66.46
2026-03-11,67.69,69.2,62.4,62.85
2026-03-12,62.51,64.5,61.01,62.3
2026-03-13,59.7,59.7,56.07,56.07
2026-03-16,54.61,56.24,53.49,55.19
2026-03-17,54.53,55.84,53.41,53.55
2026-03-18,54.28,55.2,53.49,54.44
2026-03-19,53.2,53.46,50.97,51.39
2026-03-20,52.41,52.68,49.74,50.09
2026-03-23,48.5,50.0,47.2,47.76
2026-03-24,48.81,49.74,46.64,49.74
2026-03-25,51.14,51.78,48.77,49.55
2026-03-26,49.81,49.98,46.7,47.11
2026-03-27,46.89,49.41,46.4,48.62
2026-03-30,49.99,50.22,47.8,48.82
2026-03-31,49.79,49.92,47.2,47.71
2026-04-01,48.73,49.33,48.03,48.87
2026-04-02,48.0,48.16,45.55,46.17
2026-04-03,46.86,47.24,46.0,46.27
2026-04-07,46.87,48.54,46.57,47.64
2026-04-08,49.0,49.83,48.22,49.45
2026-04-09,48.42,50.1,47.93,49.15
2026-04-10,49.2,49.87,47.2,48.98
2026-04-13,48.3,49.3,46.95,48.35
2026-04-14,49.18,50.54,48.36,49.94
2026-04-15,50.96,51.01,46.8,47.18
2026-04-16,47.61,51.9,45.6,51.9
2026-04-17,53.5,57.09,53.37,56.12
2026-04-20,57.16,60.75,57.16,58.54
2026-04-21,58.0,58.69,56.88,57.81
2026-04-22,57.74,59.66,56.71,58.13
2026-04-23,57.78,58.2,55.0,56.57
2026-04-24,55.31,56.92,53.3,55.18
2026-04-27,54.01,56.74,53.55,53.83
2026-04-28,53.82,54.5,51.13,52.1
2026-04-29,52.07,57.31,51.8,57.31
2026-04-30,58.0,59.9,57.3,58.19
2026-05-06,58.47,62.83,55.68,61.99
2026-05-07,62.88,64.31,61.05,63.19
2026-05-08,61.8,62.79,59.7,60.47
2026-05-11,60.0,61.76,59.12,60.64
2026-05-12,60.88,60.99,58.53,59.68
2026-05-13,59.33,63.3,59.09,62.46
2026-05-14,61.84,63.25,58.8,59.05
2026-05-15,58.54,59.12,56.0,56.46
2026-05-18,56.21,58.64,55.88,56.96
2026-05-19,56.47,56.8,52.53,53.97
2026-05-20,54.01,55.29,52.72,55.18
2026-05-21,55.13,60.5,54.9,56.71
2026-05-22,57.24,62.38,57.2,62.38
2026-05-25,64.8,65.3,62.2,64.21
2026-05-26,63.94,68.9,63.03,67.69
2026-05-27,68.8,68.82,63.6,64.83
2026-05-28,64.68,70.38,64.21,68.97
2026-05-29,68.97,70.96,66.7,68.0
2026-06-01,68.02,70.8,63.01,63.18
2026-06-02,64.13,67.1,61.3,66.51
2026-06-03,65.89,73.16,65.11,71.71
2026-06-04,70.5,74.81,69.0,74.33
2026-06-05,73.03,74.31,69.54,70.1
2026-06-08,66.0,72.24,64.57,67.92
2026-06-09,69.0,71.18,67.28,70.8
2026-06-10,69.18,74.6,68.2,72.9
2026-06-11,72.8,79.6,72.22,77.95
2026-06-12,80.31,84.32,75.68,79.0
2026-06-15,80.8,86.9,77.99,86.9
2026-06-16,89.48,94.14,89.01,92.5
2026-06-17,89.0,92.12,88.0,89.53
2026-06-18,88.75,98.48,88.75,98.48
2026-06-22,103.08,108.33,101.58,108.33
2026-06-23,113.99,113.99,101.08,102.5
2026-06-24,99.86,101.96,94.79,100.08
2026-06-25,101.0,107.58,98.0,105.68
2026-06-26,103.06,109.68,99.0,99.51
2026-06-29,98.0,101.5,91.68,95.57
2026-06-30,94.0,97.3,92.52,95.72
2026-07-01,98.61,101.33,94.41,95.94
2026-07-02,91.0,101.5,90.68,97.03
2026-07-03,95.0,96.53,87.88,89.63
2026-07-06,89.76,90.58,80.46,80.46
2026-07-07,80.13,80.8,75.41,76.84
2026-07-08,77.61,78.79,72.98,73.95
2026-07-09,75.0,76.46,71.06,75.99
2026-07-10,75.99,80.11,74.6,74.71
2026-07-13,74.23,76.0,68.7,69.36
2026-07-14,69.5,75.25,69.01,74.79
2026-07-15,76.0,76.5,69.55,69.8
2026-07-16,68.55,70.63,66.37,67.25
2026-07-17,67.51,67.93,60.53,60.76
2026-07-20,63.79,64.0,54.68,56.04
2026-07-21,57.49,60.69,50.82,60.44
2026-07-22,59.79,62.6,57.19,58.11
2026-07-23,58.8,59.4,56.9,57.75
2026-07-24,56.49,58.5,55.3,55.51
2026-07-27,56.34,58.99,54.43,58.99
2026-07-28,57.78,58.78,53.48,53.98
2026-07-29,53.68,54.55,50.61,52.54
2026-07-30,52.57,53.58,47.47,48.4
2026-07-31,51.88,52.98,49.51,49.51
2026-08-03,49.59,50.24,47.66,47.99
2026-08-04,48.61,52.79,48.12,52.21
2026-08-05,52.01,57.43,52.01,57.43
2026-08-06,61.45,63.17,59.47,62.5
2026-08-07,62.47,67.99,62.3,67.01
2026-08-10,69.0,73.68,66.38,72.8
2026-08-11,69.02,70.7,67.72,68.15
2026-08-12,68.0,71.88,66.7,70.43
2026-08-13,71.59,72.0,66.68,66.7
2026-08-14,66.89,68.98,66.25,68.29
2026-08-17,68.6,70.55,68.2,70.49
2026-08-18,72.01,75.5,71.11,72.94
2026-08-19,68.8,70.6,65.68,66.16
2026-08-20,68.0,68.24,63.58,64.45
2026-08-21,64.51,68.6,63.91,68.14
2026-08-24,69.0,69.58,64.8,66.76
2026-08-25,65.7,65.86,62.0,63.81
2026-08-26,63.83,64.78,62.61,63.01
2026-08-27,62.64,67.96,62.64,67.54
2026-08-28,67.9,69.4,66.35,66.76
2026-08-31,64.8,65.98,63.37,65.8
2026-09-01,65.78,65.79,62.28,62.33
2026-09-02,60.47,61.0,59.3,59.77
2026-09-03,60.63,60.89,59.24,60.02
2026-09-04,60.61,61.22,57.08,57.64
2026-09-07,58.0,60.28,57.46,60.0
2026-09-08,60.01,61.6,59.5,59.86
2026-09-09,61.02,61.63,59.62,60.5
2026-09-10,59.22,60.25,58.65,59.42
2026-09-11,57.83,59.0,56.3,58.52
2026-09-14,57.99,59.59,56.93,59.17
2026-09-15,60.58,63.56,60.57,62.23
2026-09-16,60.78,62.75,59.7,62.04
