date,open,high,low,close
1998-06-09,8.23,8.47,8.0,8.2
1998-06-10,8.27,8.44,8.15,8.36
1998-06-11,8.37,8.39,7.81,7.87
1998-06-12,8.18,8.6,8.08,8.53
1998-06-15,8.55,8.78,8.35,8.63
1998-06-16,8.55,8.55,8.15,8.31
1998-06-17,8.35,8.48,8.15,8.17
1998-06-18,8.18,8.37,8.12,8.28
1998-06-19,8.26,8.67,8.16,8.49
1998-06-20,8.26,8.67,8.16,8.49
1998-06-22,8.55,8.9,8.45,8.74
1998-06-23,8.7,8.97,8.5,8.94
1998-06-24,8.8,9.09,8.68,8.7
1998-06-25,8.7,8.91,8.55,8.79
1998-06-26,8.79,8.9,8.65,8.66
1998-06-29,8.68,8.68,8.35,8.38
1998-06-30,8.35,8.45,8.18,8.21
1998-07-01,8.45,8.48,8.01,8.04
1998-07-02,8.35,8.35,8.0,8.34
1998-07-03,8.2,8.3,8.08,8.17
1998-07-06,8.1,8.15,7.9,7.93
1998-07-07,7.9,8.16,7.9,8.1
1998-07-08,8.12,8.19,8.01,8.06
1998-07-09,8.08,8.17,8.03,8.09
1998-07-10,8.18,8.48,8.18,8.29
1998-07-13,8.29,8.29,8.03,8.15
1998-07-14,8.09,8.14,7.94,7.94
1998-07-15,8.06,8.13,7.88,8.02
1998-07-16,8.0,8.01,7.9,7.93
1998-07-17,7.95,8.09,7.9,8.01
1998-07-20,7.99,8.0,7.71,7.77
1998-07-21,7.7,8.0,7.7,7.92
1998-07-22,7.85,7.99,7.71,7.76
1998-07-23,7.9,8.1,7.86,7.95
1998-07-24,8.0,8.02,7.9,7.94
1998-07-27,7.91,8.05,7.73,8.04
1998-07-28,8.03,8.1,7.9,7.91
1998-07-29,7.91,8.0,7.81,7.82
1998-07-30,7.81,7.85,7.74,7.78
1998-07-31,7.7,7.95,7.7,7.84
1998-08-03,7.78,7.85,7.73,7.8
1998-08-04,7.75,8.34,7.58,8.3
1998-08-05,8.3,9.04,8.23,8.85
1998-08-06,8.9,9.15,8.81,9.09
1998-08-07,9.08,9.2,8.83,9.0
1998-08-10,8.87,9.11,8.31,8.4
1998-08-11,8.34,8.55,8.2,8.31
1998-08-12,8.31,8.8,8.25,8.72
1998-08-13,8.76,9.2,8.76,9.15
1998-08-14,9.16,9.3,8.94,9.23
1998-08-17,9.0,9.21,8.51,8.55
1998-08-18,8.42,9.05,8.4,9.03
1998-08-19,9.08,9.93,8.52,9.93
1998-08-20,9.95,10.65,9.73,10.5
1998-08-21,10.55,10.66,10.2,10.37
1998-08-24,10.35,10.95,10.2,10.42
1998-08-25,10.41,10.95,10.26,10.92
1998-08-26,11.0,11.32,10.47,10.48
1998-08-27,10.4,10.49,9.76,9.76
1998-08-28,9.53,10.74,9.53,10.74
1998-08-31,10.99,10.99,10.21,10.85
1998-09-01,10.8,11.08,10.58,10.81
1998-09-02,10.7,10.96,10.54,10.75
1998-09-03,10.81,10.81,10.39,10.5
1998-09-04,10.4,10.65,10.2,10.29
1998-09-07,10.06,10.55,10.06,10.51
1998-09-08,10.55,10.56,10.34,10.47
1998-09-09,10.51,10.95,10.49,10.85
1998-09-10,11.0,11.06,10.7,10.81
1998-09-14,10.78,11.71,10.7,11.64
1998-09-15,11.7,11.71,11.14,11.23
1998-09-16,11.15,11.42,11.14,11.35
1998-09-17,11.34,11.45,10.73,10.87
1998-09-18,10.9,10.9,10.41,10.52
1998-09-21,10.4,11.18,10.3,11.17
1998-09-22,11.15,11.42,10.8,10.8
1998-09-23,10.8,10.98,10.28,10.51
1998-09-24,10.5,10.5,9.69,9.77
1998-09-25,9.76,10.09,9.7,9.84
1998-09-28,9.86,9.97,9.7,9.75
1998-09-29,9.75,9.9,9.65,9.66
1998-09-30,9.7,9.89,9.48,9.51
1998-10-05,9.55,9.8,9.5,9.6
1998-10-06,9.62,9.7,9.07,9.09
1998-10-07,9.04,9.34,9.01,9.33
1998-10-08,9.32,9.5,9.06,9.5
1998-10-09,9.49,9.78,9.29,9.76
1998-10-12,9.71,9.95,9.5,9.89
1998-10-13,9.82,10.08,9.59,9.68
1998-10-14,9.59,9.78,9.15,9.19
1998-10-15,9.2,9.45,9.15,9.33
1998-10-16,9.38,9.7,9.3,9.33
1998-10-19,9.38,9.59,9.34,9.45
1998-10-20,9.52,9.58,9.3,9.35
1998-10-21,9.33,9.38,8.9,8.93
1998-10-22,8.88,8.98,8.61,8.95
1998-10-23,8.98,8.99,8.7,8.73
1998-10-26,8.7,8.7,8.3,8.45
1998-10-27,8.5,8.98,8.5,8.95
1998-10-28,9.0,9.05,8.81,8.97
1998-10-29,8.95,9.3,8.93,9.11
1998-10-30,9.12,9.18,8.88,8.91
1998-11-02,8.86,9.05,8.73,9.0
1998-11-03,9.03,9.24,8.98,9.17
1998-11-04,9.2,9.23,8.9,9.03
1998-11-05,9.05,9.23,9.0,9.21
1998-11-06,9.29,9.34,9.08,9.14
1998-11-09,9.16,9.44,9.1,9.43
1998-11-10,9.4,9.55,9.3,9.36
1998-11-11,9.38,9.4,9.22,9.25
1998-11-12,9.25,9.37,9.15,9.16
1998-11-13,9.15,9.63,9.1,9.48
1998-11-16,9.55,9.7,9.33,9.44
1998-11-17,9.48,9.53,9.25,9.31
1998-11-18,9.35,9.36,9.21,9.25
1998-11-19,9.25,9.4,9.16,9.23
1998-11-20,9.23,9.53,9.12,9.35
1998-11-23,9.35,9.45,9.23,9.24
1998-11-24,9.2,9.3,9.15,9.15
1998-11-25,9.18,9.2,8.92,8.95
1998-11-26,8.9,8.97,8.69,8.75
1998-11-27,8.75,9.08,8.72,8.72
1998-11-30,8.72,8.85,8.6,8.83
1998-12-01,8.72,8.85,8.62,8.65
1998-12-02,8.6,8.64,8.44,8.64
1998-12-03,8.7,8.72,8.5,8.55
1998-12-04,8.58,8.6,8.46,8.46
1998-12-07,8.63,8.7,8.23,8.27
1998-12-08,8.27,8.3,8.18,8.3
1998-12-09,8.3,8.35,8.25,8.27
1998-12-10,8.28,8.3,8.16,8.17
1998-12-11,8.15,8.22,8.0,8.21
1998-12-14,8.2,8.2,8.0,8.0
1998-12-15,7.91,8.1,7.78,8.08
1998-12-16,8.08,8.08,7.84,7.86
1998-12-17,7.81,8.05,7.7,7.97
1998-12-18,8.0,8.1,7.9,8.07
1998-12-21,8.06,8.22,8.05,8.17
1998-12-22,8.18,8.4,8.11,8.39
1998-12-23,8.41,8.41,8.18,8.2
1998-12-24,8.12,8.24,8.05,8.12
1998-12-25,8.21,8.42,8.13,8.29
1998-12-28,8.45,8.45,8.18,8.2
1998-12-29,8.18,8.19,7.96,8.01
1998-12-30,8.0,8.18,7.85,8.12
1998-12-31,8.14,8.15,7.95,8.01
1999-01-04,8.0,8.0,7.8,7.8
1999-01-05,7.89,7.89,7.6,7.71
1999-01-06,7.7,8.0,7.7,7.98
1999-01-07,7.98,8.06,7.85,7.93
1999-01-08,7.95,8.3,7.95,8.3
1999-01-11,8.32,8.35,8.18,8.34
1999-01-12,8.26,8.32,8.02,8.03
1999-01-13,8.0,8.15,7.9,8.06
1999-01-14,8.1,8.13,7.9,7.97
1999-01-15,7.98,8.0,7.82,7.83
1999-01-18,7.79,8.0,7.7,7.98
1999-01-19,8.0,8.15,7.95,8.12
1999-01-20,8.11,8.2,8.06,8.06
1999-01-21,8.08,8.15,7.89,8.14
1999-01-22,8.14,8.29,8.12,8.2
1999-01-25,8.27,8.29,8.05,8.05
1999-01-26,8.0,8.1,7.86,7.9
1999-01-27,7.87,8.05,7.85,7.96
1999-01-28,7.95,7.98,7.85,7.86
1999-01-29,7.8,7.9,7.75,7.82
1999-02-01,7.77,7.85,7.7,7.75
1999-02-02,7.74,7.9,7.66,7.87
1999-02-03,7.94,7.94,7.7,7.73
1999-02-04,7.66,7.68,7.43,7.45
1999-02-05,7.4,7.45,7.09,7.15
1999-02-08,7.03,7.35,7.02,7.03
1999-02-09,7.03,7.18,7.03,7.15
1999-03-01,7.17,7.28,7.07,7.23
1999-03-02,7.25,7.4,7.14,7.27
1999-03-03,7.27,7.57,7.27,7.5
1999-03-04,7.55,7.55,7.3,7.37
1999-03-05,7.35,7.65,7.31,7.54
1999-03-08,7.56,7.75,7.46,7.73
1999-03-09,7.74,7.75,7.51,7.58
1999-03-10,7.56,7.56,7.37,7.4
1999-03-11,7.6,7.7,7.4,7.62
1999-03-12,7.65,7.9,7.6,7.82
1999-03-15,7.82,7.97,7.8,7.81
1999-03-16,7.8,7.85,7.71,7.82
1999-03-17,7.85,7.93,7.66,7.66
1999-03-18,7.69,7.69,7.47,7.48
1999-03-19,7.48,7.74,7.44,7.72
1999-03-22,7.79,7.9,7.71,7.76
1999-03-23,7.71,7.86,7.7,7.85
1999-03-24,7.85,7.98,7.75,7.79
1999-03-25,7.74,7.74,7.58,7.71
1999-03-26,7.59,7.8,7.58,7.8
1999-03-29,7.81,7.98,7.8,7.97
1999-03-30,7.97,7.99,7.86,7.86
1999-03-31,7.8,8.2,7.8,8.12
1999-04-01,8.17,8.32,8.15,8.3
1999-04-02,8.38,8.45,8.3,8.38
1999-04-05,8.4,8.4,8.2,8.28
1999-04-06,8.23,8.26,8.12,8.16
1999-04-07,8.1,8.3,8.08,8.16
1999-04-08,8.14,8.15,8.01,8.03
1999-04-09,8.03,8.24,7.95,8.1
1999-04-12,8.1,8.1,7.9,7.9
1999-04-13,7.88,7.88,7.61,7.68
1999-04-14,7.75,7.89,7.75,7.81
1999-04-15,7.81,7.9,7.63,7.63
1999-04-19,7.6,7.6,7.45,7.51
1999-04-20,7.5,7.69,7.5,7.65
1999-04-21,7.65,7.7,7.37,7.38
1999-04-22,7.28,7.77,7.2,7.56
1999-04-23,7.56,7.59,7.4,7.49
1999-04-26,7.47,7.69,7.31,7.32
1999-04-27,7.3,7.4,7.08,7.15
1999-04-28,7.15,7.32,7.1,7.15
1999-04-29,7.16,7.5,7.16,7.3
1999-04-30,7.32,7.57,7.3,7.48
1999-05-04,7.4,7.52,7.31,7.37
1999-05-05,7.35,7.37,7.2,7.33
1999-05-06,7.34,7.49,7.33,7.48
1999-05-07,7.35,7.5,7.3,7.37
1999-05-10,7.2,7.28,6.9,6.98
1999-05-11,6.96,7.2,6.96,7.1
1999-05-12,7.12,7.2,7.01,7.1
1999-05-13,7.08,7.1,7.0,7.0
1999-05-14,6.98,6.98,6.79,6.8
1999-05-17,6.75,6.85,6.58,6.65
1999-05-18,6.65,6.79,6.6,6.6
1999-05-19,6.5,6.97,6.5,6.92
1999-05-20,7.0,7.24,6.9,7.16
1999-05-21,7.2,7.3,7.1,7.25
1999-05-24,7.15,7.42,7.0,7.42
1999-05-25,7.49,7.5,7.13,7.38
1999-05-26,7.29,7.42,7.25,7.36
1999-05-27,7.42,7.66,7.4,7.52
1999-05-28,7.55,7.69,7.26,7.3
1999-05-31,7.3,7.48,7.16,7.22
1999-06-01,7.2,7.42,7.2,7.41
1999-06-02,7.55,7.6,7.2,7.28
1999-06-03,7.28,7.42,7.2,7.25
1999-06-04,7.45,7.9,7.45,7.6
1999-06-07,7.55,7.66,7.33,7.58
1999-06-08,7.65,7.8,7.5,7.7
1999-06-09,7.7,7.77,7.58,7.75
1999-06-10,7.84,8.24,7.72,7.9
1999-06-11,7.9,8.1,7.86,7.99
1999-06-14,8.2,8.5,8.01,8.45
1999-06-15,8.5,8.7,7.68,7.8
1999-06-16,7.88,8.17,7.8,8.16
1999-06-17,8.28,8.4,8.0,8.32
1999-06-18,8.32,8.69,8.15,8.62
1999-06-21,8.79,9.08,8.65,9.04
1999-06-22,9.05,9.08,8.7,9.0
1999-06-23,9.05,9.31,9.0,9.21
1999-06-24,9.3,9.35,9.0,9.13
1999-06-25,9.18,9.35,8.63,8.7
1999-06-28,8.68,9.05,8.64,9.05
1999-06-29,9.15,9.25,8.72,9.0
1999-06-30,9.0,9.8,8.74,9.53
1999-07-01,9.5,9.5,8.58,8.87
1999-07-02,8.91,9.76,8.91,9.76
1999-07-05,10.08,10.6,9.87,10.08
1999-07-06,10.04,10.1,9.2,9.32
1999-07-07,9.21,9.52,8.8,9.37
1999-07-08,9.4,9.65,9.21,9.55
1999-07-09,9.55,10.17,9.53,9.74
1999-07-12,9.81,10.12,9.5,9.77
1999-07-13,9.63,9.74,9.25,9.35
1999-07-14,9.35,9.55,9.05,9.39
1999-07-15,9.39,9.5,9.1,9.13
1999-07-16,9.13,9.3,9.0,9.05
1999-07-19,8.89,9.0,8.46,8.82
1999-07-20,8.75,9.47,8.5,9.47
1999-07-21,9.4,9.5,9.14,9.43
1999-07-22,9.3,9.68,9.16,9.48
1999-07-23,9.48,10.05,9.45,9.89
1999-07-26,10.05,10.08,9.8,9.88
1999-07-27,9.5,10.09,9.5,9.91
1999-07-28,10.0,10.31,9.95,10.2
1999-07-29,10.2,10.4,9.98,10.09
1999-07-30,10.09,10.18,9.85,10.09
1999-08-02,10.08,10.15,9.92,10.0
1999-08-03,10.01,10.07,9.79,9.88
1999-08-04,9.8,10.3,9.75,10.19
1999-08-05,10.25,11.0,10.25,10.76
1999-08-06,10.81,10.85,10.2,10.51
1999-08-09,10.7,10.89,10.43,10.61
1999-08-10,10.65,11.1,10.63,10.75
1999-08-11,10.69,10.74,10.3,10.4
1999-08-12,10.26,10.43,10.08,10.19
1999-08-13,10.3,10.3,10.05,10.18
1999-08-16,10.05,10.4,10.05,10.12
1999-08-17,10.2,10.45,10.14,10.28
1999-08-18,10.35,10.35,9.99,10.31
1999-08-19,10.31,10.7,10.2,10.6
1999-08-20,10.66,10.66,10.26,10.49
1999-08-23,10.45,10.75,10.42,10.64
1999-08-24,10.68,11.15,10.68,11.03
1999-08-25,11.04,11.12,10.69,10.88
1999-08-26,10.75,11.0,10.7,10.99
1999-08-27,11.15,11.15,10.88,11.09
1999-08-30,11.02,11.18,10.8,10.96
1999-08-31,10.96,10.98,10.65,10.7
1999-09-01,10.82,10.85,10.35,10.56
1999-09-02,10.53,10.76,10.18,10.71
1999-09-03,10.46,10.68,10.4,10.6
1999-09-06,10.21,10.5,10.21,10.38
1999-09-07,10.3,10.5,10.26,10.27
1999-09-08,10.25,10.36,10.16,10.19
1999-09-09,10.31,10.8,10.31,10.78
1999-09-10,10.9,10.9,10.46,10.46
1999-09-13,10.54,10.54,10.25,10.47
1999-09-14,10.5,10.6,10.34,10.44
1999-09-15,10.4,10.66,10.3,10.58
1999-09-16,10.58,10.86,10.58,10.81
1999-09-17,10.85,10.92,10.59,10.67
1999-09-20,10.63,10.76,10.45,10.47
1999-09-21,10.4,10.5,10.28,10.49
1999-09-22,10.4,10.47,10.23,10.44
1999-09-23,10.4,10.44,10.08,10.38
1999-09-24,10.4,10.46,10.31,10.43
1999-09-27,10.32,10.43,10.0,10.19
1999-09-28,10.15,10.28,9.81,10.03
1999-09-29,9.9,10.15,9.8,9.88
1999-09-30,9.88,10.07,9.82,10.02
1999-10-08,10.0,10.0,9.66,9.87
1999-10-11,9.65,9.83,9.48,9.74
1999-10-12,9.7,9.95,9.55,9.86
1999-10-13,9.7,9.73,9.55,9.71
1999-10-14,9.7,9.9,9.6,9.85
1999-10-15,9.82,10.15,9.7,10.12
1999-10-18,10.19,10.19,9.97,9.97
1999-10-19,9.8,9.97,9.7,9.73
1999-10-20,9.76,10.08,9.55,10.04
1999-10-21,10.04,10.37,9.98,10.27
1999-10-22,10.23,10.5,10.15,10.44
1999-10-25,10.43,10.49,10.0,10.28
1999-10-26,10.23,10.37,10.15,10.3
1999-10-27,10.33,10.54,10.3,10.41
1999-10-28,10.38,10.38,10.02,10.22
1999-10-29,10.2,10.23,9.8,9.96
1999-11-01,9.9,9.93,9.64,9.76
1999-11-02,9.8,9.99,9.7,9.96
1999-11-03,9.88,9.94,9.7,9.78
1999-11-04,9.76,9.77,9.5,9.66
1999-11-05,9.7,9.82,9.58,9.77
1999-11-09,9.88,9.88,9.55,9.75
1999-11-10,9.73,9.74,9.48,9.69
1999-11-11,9.69,9.69,9.4,9.54
1999-11-12,9.5,9.6,9.35,9.55
1999-11-15,9.53,9.53,9.3,9.48
1999-11-16,9.5,9.68,9.39,9.56
1999-11-17,9.56,9.78,9.4,9.76
1999-11-18,9.72,10.14,9.68,10.01
1999-11-19,10.03,10.15,9.73,9.9
1999-11-22,9.9,9.9,9.74,9.85
1999-11-23,9.83,9.9,9.73,9.88
1999-11-24,9.86,9.9,9.65,9.75
1999-11-25,9.73,9.73,9.43,9.45
1999-11-26,9.43,9.58,9.43,9.56
1999-11-29,9.5,9.5,9.28,9.48
1999-11-30,9.55,9.59,9.43,9.58
1999-12-01,9.58,9.73,9.41,9.65
1999-12-02,9.62,9.73,9.43,9.5
1999-12-03,9.5,9.58,9.3,9.45
1999-12-06,9.46,9.52,9.34,9.37
1999-12-07,9.38,9.5,9.32,9.39
1999-12-08,9.4,9.4,9.26,9.39
1999-12-09,9.4,9.41,9.18,9.18
1999-12-10,9.4,9.43,9.16,9.38
1999-12-13,9.43,9.43,9.02,9.11
1999-12-14,9.1,9.28,9.1,9.19
1999-12-15,9.25,9.47,9.2,9.27
1999-12-16,9.38,9.39,9.17,9.23
1999-12-21,9.25,9.25,9.0,9.17
1999-12-22,9.15,9.15,8.88,9.03
1999-12-23,9.03,9.3,9.0,9.09
1999-12-24,9.06,9.06,8.76,8.95
1999-12-27,8.88,8.9,8.66,8.83
1999-12-28,8.83,8.9,8.57,8.69
1999-12-29,8.75,8.75,8.46,8.59
1999-12-30,8.58,8.78,8.58,8.61
2000-01-04,8.65,8.8,8.6,8.72
2000-01-05,8.73,9.08,8.62,8.92
2000-01-06,8.9,9.2,8.75,9.1
2000-01-07,9.18,9.53,9.1,9.5
2000-01-10,9.6,9.97,9.51,9.9
2000-01-11,9.8,9.9,9.3,9.39
2000-01-12,9.35,9.5,9.05,9.08
2000-01-13,9.08,9.15,8.98,9.14
2000-01-14,9.14,9.15,8.83,8.98
2000-01-17,8.96,9.0,8.75,8.99
2000-01-18,9.0,9.19,8.77,9.16
2000-01-19,9.13,9.36,9.05,9.35
2000-01-20,9.33,9.83,9.3,9.75
2000-01-21,9.73,9.8,9.4,9.66
2000-01-24,9.65,9.95,9.5,9.89
2000-01-25,9.85,9.95,9.55,9.7
2000-01-26,9.7,9.71,9.5,9.52
2000-01-27,9.55,10.0,9.48,9.96
2000-01-28,9.98,10.41,9.95,10.39
2000-02-14,10.59,11.43,10.52,11.35
2000-02-15,11.48,11.8,10.73,11.11
2000-02-16,11.2,11.43,10.65,10.99
2000-02-17,11.18,12.09,10.65,12.09
2000-02-18,12.3,13.3,12.2,13.3
2000-02-21,13.65,14.5,12.65,13.1
2000-02-22,13.18,13.35,12.36,12.39
2000-02-23,12.3,12.3,11.15,11.15
2000-02-24,11.09,11.6,11.0,11.52
2000-02-25,11.5,12.0,11.33,11.71
2000-02-28,11.71,12.0,11.36,11.78
2000-03-02,11.99,12.14,11.33,11.51
2000-03-03,11.55,12.08,11.5,11.71
2000-03-06,11.75,11.97,11.05,11.07
2000-03-07,11.0,11.54,10.76,11.52
2000-03-08,11.5,11.5,11.01,11.38
2000-03-09,11.31,11.85,11.09,11.69
2000-03-10,11.7,12.1,11.5,12.09
2000-03-13,12.08,12.6,12.05,12.48
2000-03-14,12.38,12.38,11.66,12.2
2000-03-15,12.15,12.27,11.8,11.8
2000-03-16,11.75,11.76,10.94,11.35
2000-03-17,11.28,11.96,11.15,11.95
2000-03-20,11.8,12.3,11.6,12.3
2000-03-21,12.45,13.1,12.38,12.69
2000-03-22,12.68,12.74,12.29,12.47
2000-03-23,12.46,12.95,12.46,12.85
2000-03-24,12.88,13.23,12.5,12.57
2000-03-27,12.5,13.2,12.48,13.0
2000-03-28,13.3,13.38,12.73,12.86
2000-03-29,12.9,13.0,12.29,12.45
2000-03-30,12.6,12.8,12.39,12.68
2000-03-31,12.68,13.35,12.6,13.25
2000-04-03,13.25,14.0,13.1,13.2
2000-04-04,13.1,13.1,12.55,12.61
2000-04-05,12.4,12.8,12.31,12.72
2000-04-06,12.77,13.18,12.71,12.96
2000-04-07,13.0,13.15,12.72,12.88
2000-04-10,12.88,13.49,12.75,13.42
2000-04-11,13.4,13.4,12.8,12.84
2000-04-12,12.79,13.0,12.45,12.98
2000-04-13,13.0,13.19,12.75,12.92
2000-04-14,12.95,13.05,12.59,12.6
2000-04-17,12.5,12.6,11.79,12.19
2000-04-18,12.25,12.39,11.9,12.29
2000-04-19,12.3,12.4,12.11,12.31
2000-04-20,12.32,12.46,12.1,12.32
2000-04-21,12.4,12.59,12.2,12.27
2000-04-24,12.27,12.27,11.95,11.97
2000-04-25,12.0,12.29,11.97,12.13
2000-04-26,12.25,12.95,12.25,12.6
2000-04-27,12.6,12.79,12.2,12.24
2000-04-28,12.25,12.5,12.25,12.4
2000-05-08,12.4,12.75,12.4,12.71
2000-05-09,12.7,12.9,12.51,12.89
2000-05-10,12.89,12.9,12.4,12.64
2000-05-11,12.65,12.84,11.9,11.96
2000-05-12,11.98,12.18,11.67,11.74
2000-05-15,11.8,11.8,11.35,11.47
2000-05-16,11.4,11.69,11.4,11.6
2000-05-17,11.58,11.76,11.41,11.55
2000-05-18,11.64,11.86,11.45,11.85
2000-05-19,11.85,12.0,11.7,11.94
2000-05-22,12.0,12.38,11.96,12.25
2000-05-23,12.3,12.3,11.9,12.12
2000-05-24,12.08,12.33,12.0,12.22
2000-05-25,12.28,12.69,12.25,12.59
2000-05-26,12.65,12.75,12.35,12.38
2000-05-29,12.4,12.48,12.25,12.34
2000-05-30,12.0,12.6,12.0,12.33
2000-05-31,12.2,12.65,12.2,12.45
2000-06-01,12.45,12.84,12.45,12.82
2000-06-02,12.88,12.9,12.58,12.64
2000-06-05,12.84,12.89,12.43,12.53
2000-06-06,12.6,12.6,12.28,12.51
2000-06-07,12.7,13.35,12.58,13.27
2000-06-08,13.3,13.35,12.98,12.99
2000-06-09,13.05,13.19,12.7,12.7
2000-06-12,12.71,13.29,12.61,13.1
2000-06-13,13.1,13.8,13.1,13.63
2000-06-14,13.64,13.7,13.31,13.39
2000-06-15,13.58,13.6,13.21,13.55
2000-06-16,13.4,13.58,13.15,13.16
2000-06-19,13.2,13.2,12.85,12.92
2000-06-20,12.9,12.9,12.55,12.76
2000-06-21,12.69,12.87,12.6,12.83
2000-06-22,12.9,12.92,12.61,12.67
2000-06-23,12.75,12.92,12.68,12.8
2000-06-26,12.85,13.32,12.75,13.22
2000-06-27,13.35,13.35,13.02,13.07
2000-06-28,13.0,13.2,13.0,13.07
2000-06-29,13.05,13.18,12.7,12.86
2000-06-30,12.96,12.98,12.62,12.83
2000-07-03,12.79,12.79,12.4,12.43
2000-07-04,12.4,12.65,12.26,12.65
2000-07-05,12.65,12.65,12.45,12.48
2000-07-06,13.0,13.0,12.38,12.63
2000-07-07,12.78,12.87,12.6,12.67
2000-07-10,12.68,13.42,12.68,13.41
2000-07-11,13.5,13.58,13.13,13.27
2000-07-12,13.35,13.35,13.1,13.35
2000-07-13,13.35,13.35,12.95,13.12
2000-07-14,13.12,13.18,12.85,12.9
2000-07-17,12.81,13.25,12.8,12.92
2000-07-18,12.88,13.1,12.81,12.96
2000-07-19,13.18,13.5,13.0,13.33
2000-07-20,13.36,13.5,13.18,13.5
2000-07-21,13.5,13.9,13.5,13.5
2000-07-24,13.51,13.89,13.51,13.72
2000-07-25,13.72,13.77,13.38,13.39
2000-07-26,13.41,13.69,13.4,13.52
2000-07-27,13.55,14.18,13.45,14.1
2000-07-28,14.18,14.5,13.95,14.36
2000-07-31,14.5,14.85,14.25,14.29
2000-08-01,14.3,14.55,14.2,14.32
2000-08-02,14.37,14.5,14.05,14.1
2000-08-03,14.15,14.5,14.15,14.2
2000-08-04,14.01,14.35,13.62,13.66
2000-08-07,13.58,13.82,13.52,13.8
2000-08-08,13.85,14.09,13.8,13.91
2000-08-09,13.92,13.92,13.68,13.7
2000-08-10,13.71,13.9,13.6,13.75
2000-08-11,13.75,13.89,13.65,13.88
2000-08-14,13.85,14.3,13.79,14.2
2000-08-15,14.3,14.3,13.91,14.0
2000-08-16,14.0,14.3,14.0,14.13
2000-08-17,14.2,14.4,14.05,14.35
2000-08-18,14.32,14.55,14.3,14.42
2000-08-21,14.45,14.59,14.0,14.19
2000-08-22,14.19,14.5,13.9,13.9
2000-08-23,13.8,13.9,13.0,13.57
2000-08-24,13.67,13.9,13.4,13.7
2000-08-25,13.7,13.86,13.5,13.6
2000-08-28,13.61,13.9,13.61,13.89
2000-08-29,13.9,14.08,13.85,13.9
2000-08-30,14.0,14.0,13.5,13.57
2000-08-31,13.51,13.51,13.0,13.06
2000-09-01,13.0,13.08,12.8,12.82
2000-09-04,12.75,12.98,12.32,12.83
2000-09-05,12.92,12.93,12.36,12.44
2000-09-06,12.35,12.55,12.31,12.32
2000-09-07,12.36,12.62,12.36,12.52
2000-09-08,12.55,12.8,12.44,12.72
2000-09-11,12.72,12.9,12.7,12.8
2000-09-12,12.7,12.85,12.66,12.82
2000-09-13,12.88,12.88,12.68,12.82
2000-09-14,12.82,12.85,12.6,12.6
2000-09-15,12.5,12.57,12.34,12.5
2000-09-18,12.6,12.6,12.25,12.25
2000-09-19,12.2,12.21,11.78,11.8
2000-09-20,11.79,12.24,11.79,12.24
2000-09-21,12.26,12.26,11.98,12.0
2000-09-22,12.0,12.0,11.81,11.98
2000-09-25,12.0,12.19,11.98,11.99
2000-09-26,12.09,12.2,12.0,12.07
2000-09-27,12.09,12.26,12.08,12.25
2000-09-28,12.28,12.28,11.98,12.0
2000-09-29,11.86,12.19,11.86,12.04
2000-10-09,11.95,12.24,11.95,12.22
2000-10-10,12.4,13.28,12.35,13.2
2000-10-11,13.23,13.25,12.8,12.91
2000-10-12,12.95,12.99,12.7,12.96
2000-10-13,12.94,13.1,12.81,12.82
2000-10-16,12.83,12.98,12.58,12.6
2000-10-17,12.6,12.8,12.52,12.74
2000-10-18,12.75,12.95,12.67,12.93
2000-10-19,12.92,13.0,12.7,12.78
2000-10-20,12.8,12.9,12.6,12.88
2000-10-23,12.91,13.17,12.88,13.09
2000-10-24,13.1,13.1,12.95,13.03
2000-10-25,13.0,13.1,12.92,13.09
2000-10-26,13.13,13.2,12.96,12.98
2000-10-27,12.98,13.03,12.7,12.73
2000-10-30,12.75,12.86,12.58,12.83
2000-10-31,12.88,12.88,12.64,12.7
2000-11-01,12.7,13.07,12.66,13.0
2000-11-02,13.0,13.05,12.86,12.87
2000-11-03,12.9,13.2,12.9,13.12
2000-11-06,13.17,13.38,13.1,13.3
2000-11-07,13.4,13.78,13.4,13.5
2000-11-08,13.5,13.52,13.28,13.3
2000-11-09,13.3,13.45,13.28,13.39
2000-11-10,12.6,12.67,12.49,12.58
2000-11-13,12.59,12.67,12.51,12.65
2000-11-14,12.65,13.01,12.6,12.94
2000-11-15,12.9,13.0,12.85,12.86
2000-11-16,12.87,13.2,12.86,13.19
2000-11-17,13.2,13.28,13.1,13.19
2000-11-20,13.18,13.25,13.08,13.23
2000-11-21,13.23,13.36,13.08,13.08
2000-11-22,13.06,13.16,12.91,13.0
2000-11-23,13.01,13.26,12.9,13.01
2000-11-24,13.05,13.35,12.78,12.81
2000-11-27,12.73,13.14,12.66,12.9
2000-11-28,12.92,13.14,12.85,13.14
2000-11-29,13.2,13.5,13.11,13.46
2000-11-30,13.46,13.5,13.3,13.4
2000-12-01,13.4,13.55,13.37,13.49
2000-12-04,13.5,13.71,13.5,13.59
2000-12-05,13.6,13.6,13.41,13.42
2000-12-06,13.4,13.55,13.25,13.26
2000-12-07,13.3,13.41,13.22,13.37
2000-12-08,13.37,13.64,13.32,13.56
2000-12-11,13.6,13.65,13.35,13.58
2000-12-12,13.6,13.9,13.41,13.85
2000-12-13,13.86,14.09,13.65,13.84
2000-12-14,13.85,13.93,13.65,13.82
2000-12-15,13.85,14.18,13.67,14.09
2000-12-18,14.02,14.35,13.9,14.29
2000-12-19,14.4,14.55,14.15,14.19
2000-12-20,14.14,14.2,13.8,13.97
2000-12-21,13.97,14.3,13.94,14.08
2000-12-22,13.91,13.97,13.6,13.6
2000-12-25,13.6,13.84,13.5,13.77
2000-12-26,13.88,13.89,13.58,13.64
2000-12-27,13.61,13.76,13.61,13.7
2000-12-28,13.7,13.85,13.6,13.67
2000-12-29,13.72,13.99,13.71,13.93
2001-01-02,14.0,14.23,13.93,14.19
2001-01-03,14.2,14.25,14.03,14.16
2001-01-04,14.18,14.4,14.05,14.14
2001-01-05,14.14,14.3,14.01,14.21
2001-01-08,14.3,14.37,13.95,14.07
2001-01-09,14.05,14.3,13.9,14.03
2001-01-10,13.91,14.2,13.91,14.18
2001-01-11,14.3,14.32,14.16,14.18
2001-01-12,14.18,14.27,13.92,13.98
2001-01-15,13.91,13.94,13.2,13.3
2001-01-16,13.03,13.45,12.95,13.27
2001-01-17,13.3,13.38,13.23,13.24
2001-01-18,13.15,13.42,13.15,13.29
2001-01-19,13.24,13.5,13.22,13.47
2001-02-05,13.47,13.5,12.95,12.99
2001-02-06,12.95,12.95,12.5,12.83
2001-02-07,12.95,12.95,12.6,12.65
2001-02-08,12.75,12.85,12.45,12.47
2001-02-09,12.4,12.8,12.4,12.67
2001-02-12,12.67,12.96,12.45,12.96
2001-02-13,12.93,13.08,12.9,13.04
2001-02-14,13.0,13.1,12.95,13.0
2001-02-15,12.96,13.1,12.9,12.99
2001-02-16,12.8,13.04,12.6,13.04
2001-02-19,13.0,13.43,13.0,13.34
2001-02-20,13.3,13.39,13.0,13.05
2001-02-21,13.0,13.0,12.6,12.8
2001-02-22,12.75,12.99,12.75,12.85
2001-02-23,12.86,13.0,12.75,12.95
2001-02-26,13.0,13.25,13.0,13.05
2001-02-27,13.15,13.15,12.8,13.0
2001-02-28,12.95,13.0,12.78,12.85
2001-03-01,12.85,13.0,12.85,12.98
2001-03-02,13.0,13.18,12.98,13.18
2001-03-05,13.2,13.45,12.24,13.33
2001-03-06,13.33,13.4,12.7,13.14
2001-03-07,13.15,13.35,13.15,13.28
2001-03-08,13.3,13.45,13.2,13.41
2001-03-09,13.4,13.68,13.32,13.54
2001-03-12,13.54,13.76,13.5,13.68
2001-03-13,13.6,13.68,13.38,13.49
2001-03-14,13.49,13.63,13.4,13.6
2001-03-15,13.6,13.65,13.5,13.6
2001-03-16,13.65,13.76,13.58,13.66
2001-03-19,13.8,14.0,13.71,13.96
2001-03-20,14.0,14.2,13.85,14.19
2001-03-21,14.2,14.38,13.96,13.98
2001-03-22,14.0,14.2,13.78,14.17
2001-03-23,14.2,14.26,13.78,13.8
2001-03-26,13.8,14.35,13.8,14.31
2001-03-27,14.36,14.7,14.26,14.6
2001-03-28,14.68,14.8,14.5,14.67
2001-03-29,14.7,15.0,14.51,14.94
2001-03-30,14.94,15.5,14.9,15.07
2001-04-02,15.1,15.49,15.0,15.1
2001-04-03,15.1,15.19,14.7,14.81
2001-04-04,14.9,15.39,14.77,14.97
2001-04-05,14.95,15.78,14.88,15.76
2001-04-06,15.75,16.2,15.6,15.8
2001-04-10,15.9,16.15,15.71,15.87
2001-04-11,15.9,16.4,15.8,16.31
2001-04-12,16.4,16.56,15.95,16.15
2001-04-13,16.15,16.2,15.81,15.88
2001-04-16,15.9,16.35,15.81,16.18
2001-04-17,16.18,16.29,15.8,15.93
2001-04-18,15.9,15.95,15.61,15.63
2001-04-19,15.62,15.8,15.45,15.7
2001-04-20,15.75,15.75,15.4,15.43
2001-04-23,15.41,15.41,14.95,15.14
2001-04-24,15.17,15.5,15.03,15.46
2001-04-25,15.35,15.38,14.97,15.01
2001-04-26,15.0,15.1,14.64,14.66
2001-04-27,14.66,15.0,14.66,14.85
2001-04-30,14.9,15.0,14.6,14.93
2001-05-08,15.0,15.65,15.0,15.62
2001-05-09,15.63,15.76,15.4,15.52
2001-05-10,15.55,16.1,15.5,16.1
2001-05-11,16.08,16.2,15.94,16.18
2001-05-14,16.21,16.25,15.96,16.08
2001-05-15,16.1,16.12,15.71,16.01
2001-05-16,16.01,16.35,15.91,16.04
2001-05-17,16.1,16.18,15.79,15.88
2001-05-18,15.88,15.98,15.7,15.86
2001-05-21,15.84,16.8,15.8,16.77
2001-05-22,16.9,17.35,16.8,16.9
2001-05-23,17.0,17.05,16.53,16.98
2001-05-24,16.98,17.35,16.8,17.04
2001-05-25,17.19,17.75,17.19,17.45
2001-05-28,17.6,17.98,17.45,17.8
2001-05-29,17.82,18.0,17.61,17.75
2001-05-30,17.71,17.72,17.3,17.37
2001-05-31,17.48,17.86,17.35,17.7
2001-06-01,17.73,17.78,17.38,17.76
2001-06-04,17.88,18.28,17.7,17.78
2001-06-05,17.78,17.88,17.38,17.4
2001-06-06,17.4,17.65,17.2,17.56
2001-06-07,17.56,18.02,17.46,17.63
2001-06-08,17.8,17.8,17.38,17.58
2001-06-11,17.6,17.6,17.21,17.28
2001-06-12,17.28,18.0,17.28,17.99
2001-06-13,17.95,18.15,17.81,18.05
2001-06-14,18.0,18.03,17.38,17.42
2001-06-15,17.48,17.78,17.33,17.47
2001-06-18,17.5,17.75,16.45,16.85
2001-06-19,16.85,16.89,16.45,16.67
2001-06-20,16.71,17.4,16.71,16.94
2001-06-21,17.1,17.2,16.9,17.18
2001-06-22,17.15,17.48,17.1,17.36
2001-06-25,17.39,17.42,17.05,17.22
2001-06-26,17.22,17.55,17.2,17.37
2001-06-27,17.35,17.5,17.0,17.16
2001-06-28,17.2,17.4,17.0,17.01
2001-06-29,17.1,17.18,16.82,16.96
2001-07-02,16.85,17.0,16.75,16.83
2001-07-03,17.0,17.0,16.68,16.83
2001-07-04,16.8,16.85,16.54,16.62
2001-07-05,16.61,16.81,16.5,16.6
2001-07-06,16.56,16.7,16.5,16.58
2001-07-09,16.52,16.67,16.06,16.29
2001-07-10,16.27,16.63,16.08,16.6
2001-07-11,16.6,16.6,16.36,16.43
2001-07-12,16.28,16.31,16.0,16.12
2001-07-13,16.0,16.3,16.0,16.02
2001-07-16,16.12,16.2,15.56,15.61
2001-07-17,15.52,15.81,15.48,15.78
2001-07-18,15.78,16.1,15.55,15.72
2001-07-19,15.71,15.77,15.56,15.73
2001-07-20,15.8,16.18,15.8,16.0
2001-07-23,16.0,16.4,15.98,16.35
2001-07-24,16.2,16.32,15.77,15.91
2001-07-25,15.71,15.9,15.62,15.67
2001-07-26,15.65,15.65,15.1,15.21
2001-07-27,15.8,15.8,15.35,15.4
2001-07-30,15.24,15.24,14.0,14.03
2001-07-31,14.0,14.55,13.7,13.79
2001-08-01,14.0,14.51,14.0,14.49
2001-08-02,14.4,14.4,13.89,14.25
2001-08-03,14.25,14.3,13.92,14.15
2001-08-06,14.2,14.29,13.26,13.32
2001-08-07,13.33,13.8,13.3,13.68
2001-08-08,13.66,13.75,13.38,13.69
2001-08-09,13.69,14.2,13.69,14.15
2001-08-10,14.18,14.5,14.18,14.38
2001-08-13,14.35,14.35,13.99,14.24
2001-08-14,14.24,14.45,13.95,14.16
2001-08-15,14.45,14.45,14.0,14.2
2001-08-16,14.4,14.4,13.93,13.94
2001-08-17,13.84,14.05,13.84,14.04
2001-08-20,13.86,14.17,13.86,14.06
2001-08-21,14.09,14.24,14.02,14.12
2001-08-22,14.12,14.12,13.79,13.84
2001-08-23,13.8,13.87,13.5,13.8
2001-08-24,13.83,13.98,13.53,13.54
2001-08-27,13.4,13.5,12.9,12.94
2001-08-28,12.81,13.28,12.65,13.28
2001-08-29,13.25,13.4,13.1,13.12
2001-08-30,13.1,13.27,12.91,12.94
2001-08-31,13.09,13.1,12.88,12.94
2001-09-03,12.96,12.96,12.65,12.68
2001-09-04,12.9,13.19,12.75,13.17
2001-09-05,13.39,13.49,13.16,13.2
2001-09-06,13.2,13.3,12.98,13.0
2001-09-07,13.0,13.1,12.76,12.78
2001-09-10,12.6,13.25,12.5,13.22
2001-09-11,13.29,13.5,13.2,13.48
2001-09-13,13.2,13.46,13.1,13.11
2001-09-14,13.1,13.15,12.68,12.78
2001-09-17,12.66,12.97,12.5,12.53
2001-09-18,12.86,12.9,12.53,12.6
2001-09-19,12.6,13.15,12.6,13.1
2001-09-20,13.09,13.38,13.0,13.0
2001-09-21,13.0,13.12,12.63,12.65
2001-09-24,12.79,12.89,12.55,12.74
2001-09-25,12.79,12.85,12.65,12.73
2001-09-26,12.76,12.76,12.5,12.55
2001-09-27,12.6,12.75,12.42,12.42
2001-09-28,12.43,12.64,12.18,12.3
2001-10-08,12.3,12.35,11.81,11.81
2001-10-09,11.84,12.14,11.84,11.89
2001-10-10,12.05,12.05,11.26,11.29
2001-10-11,11.25,11.4,10.9,11.0
2001-10-12,11.0,11.49,10.75,11.4
2001-10-15,11.35,11.4,11.01,11.25
2001-10-16,11.35,11.35,10.9,11.02
2001-10-17,11.29,11.29,10.96,11.25
2001-10-18,11.33,11.83,11.33,11.6
2001-10-19,11.5,11.53,10.85,11.15
2001-10-22,11.01,11.3,10.81,10.84
2001-10-23,11.9,11.92,11.61,11.92
2001-10-24,12.38,13.0,12.21,12.58
2001-10-25,12.55,12.55,12.01,12.03
2001-10-26,12.35,12.35,12.0,12.23
2001-10-29,12.4,12.65,12.25,12.52
2001-10-30,12.56,12.59,12.23,12.29
2001-10-31,12.28,12.35,12.04,12.35
2001-11-01,12.35,12.5,12.25,12.42
2001-11-02,12.28,12.45,12.2,12.25
2001-11-05,12.08,12.21,12.06,12.1
2001-11-06,12.0,12.31,12.0,12.04
2001-11-07,12.03,12.03,10.88,11.0
2001-11-08,10.86,11.25,10.8,11.23
2001-11-09,11.2,11.45,10.98,11.36
2001-11-12,11.41,11.41,11.2,11.21
2001-11-13,10.98,11.14,10.88,10.95
2001-11-14,10.96,11.1,10.95,11.01
2001-11-15,11.02,11.19,11.02,11.15
2001-11-16,12.26,12.27,11.28,11.31
2001-11-19,11.31,11.69,11.3,11.65
2001-11-20,11.66,11.98,11.53,11.88
2001-11-21,11.95,12.1,11.8,11.94
2001-11-22,11.94,12.1,11.83,12.08
2001-11-23,12.02,12.1,11.86,11.92
2001-11-26,11.88,11.9,11.59,11.7
2001-11-27,11.7,11.94,11.7,11.91
2001-11-28,11.98,12.21,11.9,12.13
2001-11-29,12.23,12.48,12.2,12.24
2001-11-30,12.22,12.42,12.22,12.42
2001-12-03,12.42,12.62,12.42,12.52
2001-12-04,12.58,12.58,12.32,12.55
2001-12-05,12.44,12.78,12.38,12.39
2001-12-06,12.29,12.6,12.26,12.48
2001-12-07,12.48,12.5,12.28,12.28
2001-12-10,12.31,12.31,12.06,12.15
2001-12-11,12.17,12.22,12.07,12.09
2001-12-12,12.08,12.18,12.08,12.14
2001-12-13,12.14,12.16,11.74,11.75
2001-12-14,11.75,11.85,11.52,11.65
2001-12-17,11.65,11.7,11.55,11.69
2001-12-18,11.65,11.8,11.59,11.8
2001-12-19,11.81,11.85,11.68,11.68
2001-12-20,11.55,11.55,11.2,11.24
2001-12-21,11.2,11.35,11.18,11.35
2001-12-24,11.35,11.57,11.02,11.1
2001-12-25,11.11,11.23,11.0,11.14
2001-12-26,11.12,11.6,11.11,11.56
2001-12-27,11.46,11.69,11.35,11.47
2001-12-28,11.5,11.6,11.3,11.53
2002-01-04,11.53,11.53,11.19,11.21
2002-01-07,11.21,11.21,11.0,11.17
2002-01-08,11.2,11.25,10.93,10.93
2002-01-09,11.0,11.0,10.7,10.77
2002-01-10,10.99,11.03,10.57,11.0
2002-01-11,11.0,11.0,10.68,10.69
2002-01-14,10.2,10.6,10.2,10.24
2002-01-15,10.2,10.35,9.98,10.0
2002-01-16,9.91,10.15,9.8,10.12
2002-01-17,10.0,10.02,9.18,9.3
2002-01-18,9.25,9.5,8.81,9.0
2002-01-21,9.0,9.13,8.1,8.1
2002-01-22,8.0,8.25,7.7,7.84
2002-01-23,7.78,8.62,7.75,8.62
2002-01-24,8.5,9.2,8.26,8.98
2002-01-25,8.88,9.08,8.78,8.94
2002-01-28,8.91,8.95,8.05,8.05
2002-01-29,8.0,8.49,7.81,8.43
2002-01-30,8.58,8.68,8.34,8.59
2002-01-31,8.68,9.39,8.68,9.33
2002-02-01,9.3,9.48,9.19,9.24
2002-02-04,9.24,9.86,9.13,9.66
2002-02-05,9.6,9.79,9.55,9.68
2002-02-06,9.69,9.69,9.25,9.28
2002-02-07,9.39,9.65,9.28,9.56
2002-02-08,9.68,9.87,9.63,9.7
2002-02-25,9.82,10.25,9.82,10.19
2002-02-26,10.18,10.18,9.8,10.14
2002-02-27,10.08,10.17,10.0,10.05
2002-02-28,10.05,10.21,9.95,9.98
2002-03-01,9.98,9.98,9.58,9.59
2002-03-04,9.51,9.95,9.5,9.94
2002-03-05,9.95,10.35,9.95,10.23
2002-03-06,10.25,10.48,10.15,10.17
2002-03-07,10.2,10.8,10.2,10.78
2002-03-08,10.84,10.96,10.61,10.88
2002-03-11,10.9,11.1,10.75,11.1
2002-03-12,11.1,11.11,10.8,10.81
2002-03-13,10.68,10.68,10.28,10.34
2002-03-14,10.3,10.7,10.26,10.7
2002-03-15,10.85,10.88,10.5,10.6
2002-03-18,11.2,11.2,10.6,10.84
2002-03-19,10.85,11.0,10.67,10.98
2002-03-20,11.01,11.18,10.95,11.1
2002-03-21,11.1,11.2,10.95,11.01
2002-03-22,11.0,11.25,10.91,10.99
2002-03-25,11.03,11.08,10.92,11.0
2002-03-26,11.0,11.0,10.7,10.75
2002-03-27,10.74,10.9,10.56,10.89
2002-03-28,10.87,11.0,10.71,10.81
2002-03-29,10.85,10.85,10.31,10.4
2002-04-01,10.33,10.55,10.31,10.49
2002-04-02,10.52,10.52,10.14,10.23
2002-04-03,10.32,10.5,10.24,10.4
2002-04-04,10.38,10.69,10.25,10.66
2002-04-05,10.66,10.9,10.61,10.69
2002-04-08,10.7,10.98,10.7,10.86
2002-04-09,10.97,11.13,10.81,11.07
2002-04-10,11.1,11.18,11.02,11.09
2002-04-11,11.09,11.1,10.76,10.81
2002-04-12,10.81,11.28,10.8,11.25
2002-04-15,11.32,11.41,11.06,11.2
2002-04-17,11.15,11.15,10.9,10.97
2002-04-18,10.98,10.99,10.65,10.7
2002-04-19,10.7,10.83,10.48,10.81
2002-04-22,10.79,10.79,10.51,10.63
2002-04-23,10.6,10.72,10.58,10.63
2002-04-24,10.65,10.65,10.49,10.5
2002-04-25,10.51,10.63,10.5,10.59
2002-04-26,10.56,10.88,10.56,10.79
2002-04-29,10.81,11.03,10.8,11.01
2002-04-30,11.05,11.05,10.9,11.02
2002-05-08,11.0,11.0,10.71,10.75
2002-05-09,10.7,10.89,10.51,10.83
2002-05-10,10.8,10.86,10.65,10.75
2002-05-13,10.51,10.69,10.51,10.61
2002-05-14,10.61,10.8,10.55,10.8
2002-05-15,10.71,10.71,10.5,10.58
2002-05-16,10.51,10.51,10.08,10.11
2002-05-17,10.23,10.37,10.02,10.23
2002-05-20,10.1,10.19,9.8,10.18
2002-05-21,10.23,10.6,10.23,10.48
2002-05-22,10.57,10.58,10.35,10.46
2002-05-23,10.4,10.61,10.35,10.38
2002-05-24,10.4,10.6,10.2,10.35
2002-05-27,10.5,10.5,10.1,10.34
2002-05-28,10.4,10.48,10.25,10.26
2002-05-29,10.32,10.32,9.9,9.99
2002-05-30,10.0,10.09,9.69,9.88
2002-05-31,9.9,9.94,9.71,9.74
2002-06-03,9.6,9.6,9.38,9.4
2002-06-04,9.62,9.62,9.26,9.44
2002-06-05,9.22,9.39,9.0,9.09
2002-06-06,9.06,9.7,9.0,9.58
2002-06-07,9.61,9.7,9.4,9.6
2002-06-10,9.53,9.53,9.36,9.4
2002-06-11,9.38,9.55,9.38,9.54
2002-06-12,9.45,9.46,9.35,9.45
2002-06-13,9.42,9.51,9.38,9.38
2002-06-14,9.38,9.47,9.21,9.22
2002-06-17,9.1,9.26,9.1,9.23
2002-06-18,9.35,9.54,9.3,9.46
2002-06-19,9.41,9.43,9.32,9.37
2002-06-20,9.37,9.53,9.37,9.45
2002-06-21,9.49,9.99,9.45,9.98
2002-06-24,10.98,10.98,10.56,10.98
2002-06-25,10.97,11.2,10.58,10.63
2002-06-26,10.7,10.78,10.38,10.65
2002-06-27,10.69,10.75,10.55,10.61
2002-06-28,10.65,10.75,10.35,10.6
2002-07-01,10.62,10.65,10.4,10.4
2002-07-02,10.4,10.57,10.3,10.57
2002-07-03,10.66,10.66,10.4,10.53
2002-07-04,10.5,10.58,10.35,10.35
2002-07-05,10.36,10.5,10.36,10.48
2002-07-09,10.48,10.67,10.48,10.49
2002-07-10,10.46,10.48,10.35,10.36
2002-07-11,10.35,10.4,10.27,10.35
2002-07-12,10.3,10.4,10.22,10.28
2002-07-15,10.28,10.39,10.23,10.34
2002-07-16,10.32,10.42,10.25,10.28
2002-07-17,10.26,10.28,10.1,10.2
2002-07-18,10.28,10.3,10.12,10.24
2002-07-19,10.28,10.42,10.21,10.41
2002-07-22,10.44,10.53,10.32,10.51
2002-07-23,10.56,10.79,10.52,10.61
2002-07-24,10.58,10.62,10.5,10.53
2002-07-25,10.54,10.64,10.39,10.51
2002-07-26,10.55,10.55,10.32,10.37
2002-07-29,10.35,10.35,10.18,10.28
2002-07-30,10.33,10.36,10.2,10.32
2002-07-31,10.26,10.3,10.22,10.22
2002-08-01,10.22,10.34,10.16,10.3
2002-08-02,10.3,10.34,10.23,10.3
2002-08-05,10.33,10.35,10.25,10.28
2002-08-06,10.5,10.5,10.18,10.32
2002-08-07,10.28,10.3,10.22,10.23
2002-08-08,10.32,10.32,10.19,10.2
2002-08-09,10.2,10.22,10.15,10.15
2002-08-12,10.15,10.2,10.05,10.16
2002-08-13,10.16,10.16,10.02,10.04
2002-08-14,9.99,10.1,9.9,10.02
2002-08-15,10.04,10.04,9.88,9.92
2002-08-16,10.0,10.12,9.88,10.08
2002-08-19,10.08,10.08,9.89,9.93
2002-08-20,9.94,10.15,9.91,10.08
2002-08-21,10.07,10.18,9.99,10.14
2002-08-22,10.0,10.29,10.0,10.21
2002-08-23,10.21,10.35,10.1,10.17
2002-08-26,10.21,10.21,10.05,10.13
2002-08-27,10.58,10.58,10.06,10.34
2002-08-28,10.34,10.44,10.18,10.22
2002-08-29,10.32,10.7,10.25,10.3
2002-08-30,10.25,10.39,10.2,10.25
2002-09-02,10.21,10.28,10.2,10.24
2002-09-03,10.22,10.32,10.2,10.27
2002-09-04,10.27,10.27,10.15,10.24
2002-09-05,10.18,10.18,9.96,10.0
2002-09-06,10.0,10.05,9.92,9.93
2002-09-09,9.9,10.11,9.89,9.93
2002-09-10,9.95,10.07,9.9,9.97
2002-09-11,10.18,10.18,9.92,10.02
2002-09-12,10.12,10.12,9.97,10.04
2002-09-13,10.0,10.05,9.9,9.95
2002-09-16,9.86,9.91,9.78,9.79
2002-09-17,9.8,9.83,9.66,9.71
2002-09-18,9.75,9.75,9.68,9.7
2002-09-19,9.6,9.99,9.6,9.85
2002-09-20,9.68,9.89,9.68,9.8
2002-09-23,9.82,9.97,9.74,9.75
2002-09-24,9.7,9.78,9.62,9.72
2002-09-25,9.65,9.89,9.63,9.71
2002-09-26,9.66,9.8,9.58,9.69
2002-09-27,9.68,9.79,9.52,9.68
2002-10-08,9.6,9.63,9.51,9.52
2002-10-09,9.41,9.55,9.28,9.28
2002-10-10,9.22,9.37,9.18,9.28
2002-10-11,9.2,9.3,9.15,9.27
2002-10-14,9.16,9.3,8.9,9.27
2002-10-15,9.2,9.2,8.85,8.88
2002-10-16,8.81,9.07,8.8,8.99
2002-10-17,8.85,8.95,8.68,8.71
2002-10-18,8.75,8.82,8.68,8.79
2002-10-21,8.71,8.83,8.7,8.83
2002-10-22,8.88,9.09,8.86,9.03
2002-10-23,9.03,9.03,8.91,9.0
2002-10-24,9.0,9.03,8.94,8.97
2002-10-25,8.93,9.0,8.8,8.82
2002-10-28,8.82,8.84,8.71,8.75
2002-10-29,8.72,8.8,8.53,8.78
2002-10-30,8.67,8.96,8.67,8.81
2002-10-31,8.85,8.88,8.73,8.73
2002-11-01,8.7,8.79,8.61,8.75
2002-11-04,8.8,8.96,8.73,8.95
2002-11-05,8.91,9.14,8.9,9.1
2002-11-06,9.1,9.1,9.0,9.05
2002-11-07,9.09,9.1,8.95,9.08
2002-11-08,9.1,9.14,8.81,9.04
2002-11-11,8.99,8.99,8.8,8.8
2002-11-12,8.8,8.85,8.55,8.58
2002-11-13,8.55,8.66,8.45,8.64
2002-11-14,8.61,8.65,8.43,8.44
2002-11-15,8.4,8.66,8.4,8.46
2002-11-18,8.45,8.55,8.4,8.5
2002-11-19,8.59,8.74,8.45,8.68
2002-11-20,8.65,8.65,8.45,8.46
2002-11-21,8.41,8.41,8.0,8.15
2002-11-22,8.15,8.4,8.05,8.21
2002-11-25,8.1,8.18,8.0,8.13
2002-11-26,8.17,8.2,7.7,7.75
2002-11-27,7.67,7.85,7.66,7.8
2002-11-28,7.79,8.1,7.79,8.1
2002-11-29,8.1,8.35,8.1,8.33
2002-12-02,8.35,8.37,8.03,8.07
2002-12-03,8.04,8.2,8.03,8.17
2002-12-04,8.25,8.45,8.16,8.23
2002-12-05,8.15,8.28,8.12,8.24
2002-12-06,8.29,8.29,8.12,8.24
2002-12-09,8.2,8.24,8.16,8.18
2002-12-10,8.2,8.2,7.98,8.11
2002-12-11,8.07,8.14,7.96,8.12
2002-12-12,8.12,8.2,8.01,8.12
2002-12-13,7.99,8.28,7.97,8.23
2002-12-16,8.21,8.34,8.19,8.28
2002-12-17,8.25,8.56,8.2,8.48
2002-12-18,8.47,8.47,8.28,8.35
2002-12-19,8.3,8.4,8.2,8.28
2002-12-20,8.35,8.45,8.21,8.39
2002-12-23,8.34,8.47,8.34,8.36
2002-12-24,8.31,8.37,8.3,8.37
2002-12-25,8.4,8.44,8.25,8.28
2002-12-26,8.26,8.26,7.9,7.98
2002-12-27,7.97,8.03,7.78,7.93
2002-12-31,7.88,7.93,7.7,7.7
2003-01-02,7.65,7.86,7.6,7.68
2003-01-03,7.71,7.8,7.7,7.75
2003-01-06,7.8,7.9,7.71,7.86
2003-01-07,7.89,7.92,7.75,7.79
2003-01-08,7.71,7.99,7.71,7.96
2003-01-09,7.95,8.15,7.95,8.14
2003-01-10,8.1,8.25,8.04,8.05
2003-01-13,8.03,8.14,8.0,8.05
2003-01-14,8.03,8.46,8.03,8.38
2003-01-15,8.4,8.47,8.2,8.25
2003-01-16,8.2,8.48,8.2,8.44
2003-01-17,8.45,8.73,8.45,8.67
2003-01-20,8.7,8.79,8.45,8.76
2003-01-21,8.89,8.89,8.55,8.55
2003-01-22,8.5,8.58,8.44,8.55
2003-01-23,8.51,8.55,8.38,8.39
2003-01-24,8.37,8.57,8.36,8.53
2003-01-27,8.58,8.7,8.58,8.63
2003-01-28,8.65,8.68,8.56,8.67
2003-01-29,8.63,8.73,8.59,8.61
2003-02-10,8.6,8.6,8.43,8.52
2003-02-11,8.54,8.57,8.44,8.54
2003-02-12,8.52,8.7,8.5,8.67
2003-02-13,8.7,8.72,8.62,8.66
2003-02-14,8.59,8.73,8.58,8.73
2003-02-17,8.75,8.75,8.55,8.61
2003-02-18,8.64,8.65,8.53,8.57
2003-02-19,8.6,8.67,8.4,8.66
2003-02-20,8.66,8.69,8.59,8.65
2003-02-21,8.61,8.64,8.39,8.4
2003-02-24,8.35,8.52,8.35,8.49
2003-02-25,8.5,8.65,8.5,8.65
2003-02-26,8.58,8.71,8.58,8.7
2003-02-27,8.7,8.73,8.61,8.65
2003-02-28,8.64,8.67,8.5,8.65
2003-03-03,8.69,8.85,8.63,8.81
2003-03-04,8.81,8.83,8.7,8.81
2003-03-05,8.78,8.81,8.65,8.8
2003-03-06,8.76,8.76,8.63,8.63
2003-03-07,8.65,8.84,8.63,8.72
2003-03-10,8.7,9.02,8.67,8.98
2003-03-11,8.97,8.97,8.81,8.95
2003-03-12,8.92,9.0,8.75,8.91
2003-03-13,8.91,9.25,8.9,9.02
2003-03-14,8.9,8.98,8.7,8.75
2003-03-17,8.72,8.75,8.41,8.52
2003-03-18,8.51,8.6,8.25,8.26
2003-03-19,8.25,8.43,8.21,8.3
2003-03-20,8.3,8.36,8.17,8.29
2003-03-21,8.28,8.36,8.22,8.35
2003-03-24,8.38,8.4,8.32,8.37
2003-03-25,8.36,8.36,8.23,8.23
2003-03-26,8.23,8.3,8.1,8.14
2003-03-27,8.11,8.43,8.06,8.42
2003-03-28,8.45,8.45,8.3,8.3
2003-03-31,8.3,8.39,8.26,8.36
2003-04-01,8.33,8.48,8.32,8.47
2003-04-02,8.48,8.5,8.42,8.48
2003-04-03,8.43,8.48,8.36,8.37
2003-04-04,8.35,8.4,8.3,8.33
2003-04-07,8.39,8.43,8.34,8.34
2003-04-08,8.27,8.33,8.19,8.2
2003-04-09,8.23,8.26,8.09,8.24
2003-04-10,8.24,8.4,8.0,8.33
2003-04-11,8.39,8.6,8.33,8.56
2003-04-14,8.53,8.8,8.53,8.79
2003-04-15,8.8,8.9,8.7,8.81
2003-04-17,8.7,8.75,8.49,8.65
2003-04-18,8.66,8.89,8.66,8.8
2003-04-21,8.87,8.87,8.51,8.64
2003-04-22,8.64,8.65,8.51,8.57
2003-04-23,8.55,8.6,8.35,8.38
2003-04-24,8.35,8.4,8.08,8.19
2003-04-25,8.18,8.25,8.08,8.13
2003-04-28,8.13,8.26,7.98,8.25
2003-04-29,8.23,8.25,8.0,8.0
2003-04-30,8.02,8.12,7.93,7.98
2003-05-12,7.95,8.09,7.82,8.0
2003-05-13,8.0,8.0,7.64,7.67
2003-05-14,7.65,7.87,7.61,7.79
2003-05-15,7.81,8.15,7.81,8.11
2003-05-16,8.11,8.38,8.04,8.2
2003-05-19,8.18,8.3,8.11,8.26
2003-05-20,8.25,8.28,8.13,8.17
2003-05-21,8.12,8.27,8.1,8.16
2003-05-22,8.16,8.28,8.09,8.27
2003-05-23,8.29,8.38,8.15,8.27
2003-05-26,8.27,8.38,8.22,8.37
2003-05-27,8.37,8.38,8.26,8.37
2003-05-28,8.35,8.4,8.23,8.26
2003-05-29,8.21,8.32,8.17,8.27
2003-05-30,8.27,8.58,8.27,8.45
2003-06-02,8.45,8.54,8.3,8.48
2003-06-03,8.54,8.54,8.32,8.35
2003-06-04,8.32,8.35,8.2,8.35
2003-06-05,8.28,8.38,8.15,8.21
2003-06-06,8.19,8.2,8.08,8.1
2003-06-09,8.1,8.1,7.95,8.01
2003-06-10,8.05,8.09,8.01,8.06
2003-06-11,8.06,8.21,8.03,8.17
2003-06-12,8.18,8.22,8.06,8.13
2003-06-13,8.14,8.22,8.1,8.14
2003-06-16,8.15,8.22,8.13,8.21
2003-06-17,8.25,8.25,8.16,8.18
2003-06-18,8.17,8.22,8.15,8.17
2003-06-19,8.17,8.17,7.97,8.01
2003-06-20,7.97,8.04,7.96,7.97
2003-06-23,7.96,8.01,7.94,7.98
2003-06-24,7.99,8.02,7.94,7.98
2003-06-25,8.0,8.08,7.88,7.88
2003-06-26,7.88,7.98,7.77,7.89
2003-06-27,7.89,7.96,7.78,7.93
2003-06-30,7.9,7.9,7.68,7.76
2003-07-01,7.71,7.9,7.71,7.81
2003-07-02,7.79,7.82,7.65,7.81
2003-07-03,7.84,7.86,7.73,7.81
2003-07-04,7.81,7.82,7.71,7.73
2003-07-07,7.7,7.76,7.68,7.74
2003-07-08,7.75,7.95,7.75,7.92
2003-07-09,7.94,7.94,7.78,7.82
2003-07-10,7.8,7.94,7.8,7.91
2003-07-11,7.86,7.91,7.85,7.89
2003-07-14,7.88,7.88,7.77,7.78
2003-07-15,7.75,7.97,7.72,7.96
2003-07-16,8.12,8.21,8.04,8.08
2003-07-17,8.05,8.15,8.05,8.08
2003-07-18,8.11,8.18,7.96,7.96
2003-07-21,7.9,7.97,7.85,7.95
2003-07-22,8.0,8.11,7.92,8.06
2003-07-23,8.05,8.17,7.98,8.13
2003-07-24,8.13,8.13,8.0,8.01
2003-07-25,7.96,8.06,7.79,7.92
2003-07-28,7.9,7.94,7.8,7.84
2003-07-29,7.81,7.89,7.81,7.89
2003-07-30,7.89,7.9,7.8,7.89
2003-07-31,7.85,7.91,7.81,7.83
2003-08-01,7.84,7.92,7.79,7.9
2003-08-04,7.91,8.05,7.87,8.04
2003-08-05,8.08,8.08,7.97,8.05
2003-08-06,8.01,8.12,7.95,8.1
2003-08-07,8.07,8.16,8.03,8.13
2003-08-08,8.15,8.15,8.0,8.05
2003-08-11,8.04,8.09,7.96,8.04
2003-08-12,8.04,8.09,8.01,8.07
2003-08-13,8.02,8.05,7.98,8.0
2003-08-14,7.95,8.1,7.95,8.02
2003-08-15,7.9,8.09,7.86,8.03
2003-08-18,8.03,8.12,7.97,8.09
2003-08-19,8.14,8.18,8.11,8.15
2003-08-20,8.12,8.19,8.0,8.02
2003-08-21,8.05,8.05,7.96,8.03
2003-08-22,7.98,8.01,7.9,7.95
2003-08-25,7.93,7.93,7.75,7.79
2003-08-26,7.79,7.85,7.71,7.8
2003-08-27,7.81,7.88,7.75,7.86
2003-08-28,7.88,7.9,7.78,7.79
2003-08-29,7.75,7.78,7.63,7.77
2003-09-01,7.77,7.93,7.7,7.93
2003-09-02,7.85,7.94,7.81,7.88
2003-09-03,7.88,7.99,7.81,7.96
2003-09-04,7.96,7.97,7.89,7.9
2003-09-05,7.95,7.95,7.81,7.82
2003-09-08,7.86,7.92,7.82,7.91
2003-09-09,7.95,7.97,7.8,7.86
2003-09-10,7.92,7.99,7.86,7.97
2003-09-11,7.97,7.97,7.88,7.89
2003-09-12,7.97,8.07,7.94,7.99
2003-09-15,8.0,8.03,7.81,7.83
2003-09-16,7.85,8.0,7.84,7.98
2003-09-17,7.98,7.99,7.89,7.92
2003-09-18,7.95,8.04,7.92,8.0
2003-09-19,8.04,8.1,7.96,8.01
2003-09-22,8.05,8.16,8.05,8.13
2003-09-23,8.18,8.18,8.05,8.13
2003-09-24,8.13,8.13,8.01,8.05
2003-09-25,8.1,8.15,8.05,8.12
2003-09-26,8.1,8.1,7.89,7.95
2003-09-29,7.95,7.95,7.74,7.8
2003-09-30,7.73,7.89,7.63,7.87
2003-10-08,7.83,8.01,7.78,8.0
2003-10-09,8.04,8.07,7.93,7.97
2003-10-10,8.08,8.16,7.93,8.15
2003-10-13,8.15,8.17,8.05,8.09
2003-10-14,8.08,8.14,8.01,8.03
2003-10-15,8.01,8.15,8.01,8.08
2003-10-16,8.09,8.09,7.83,7.87
2003-10-17,7.87,7.95,7.75,7.82
2003-10-20,7.82,7.88,7.78,7.87
2003-10-21,7.78,7.9,7.78,7.9
2003-10-22,7.9,8.11,7.81,8.06
2003-10-23,8.06,8.1,7.99,8.02
2003-10-24,8.0,8.06,7.88,7.99
2003-10-27,7.93,8.0,7.73,7.82
2003-10-28,7.82,7.94,7.69,7.78
2003-10-29,7.8,7.81,7.29,7.56
2003-10-30,8.05,8.05,7.5,7.6
2003-10-31,7.6,7.69,7.33,7.55
2003-11-03,7.35,7.56,7.35,7.52
2003-11-04,7.52,7.73,7.45,7.5
2003-11-05,7.62,7.62,7.39,7.43
2003-11-06,7.4,7.4,6.95,6.95
2003-11-07,6.8,6.99,6.74,6.88
2003-11-10,6.8,6.89,6.76,6.87
2003-11-11,6.87,6.92,6.78,6.85
2003-11-12,6.87,6.87,6.66,6.67
2003-11-13,6.62,6.72,6.62,6.68
2003-11-14,6.68,6.81,6.63,6.75
2003-11-17,6.76,6.85,6.71,6.8
2003-11-18,6.8,6.85,6.73,6.73
2003-11-19,6.74,6.94,6.68,6.9
2003-11-20,6.81,7.1,6.8,7.09
2003-11-21,7.12,7.18,6.9,6.94
2003-11-24,6.92,7.13,6.91,7.11
2003-11-25,7.15,7.23,7.02,7.1
2003-11-26,7.15,7.22,7.05,7.13
2003-11-27,7.13,7.17,6.93,6.94
2003-11-28,6.91,7.0,6.9,6.95
2003-12-01,7.0,7.14,6.93,7.1
2003-12-02,7.12,7.17,7.07,7.09
2003-12-03,7.1,7.2,7.06,7.15
2003-12-04,7.15,7.3,7.15,7.21
2003-12-05,7.22,7.25,7.14,7.18
2003-12-08,7.18,7.25,7.05,7.09
2003-12-09,7.09,7.12,7.04,7.11
2003-12-10,7.2,7.2,7.06,7.15
2003-12-11,7.15,7.22,7.11,7.18
2003-12-12,7.18,7.2,7.09,7.17
2003-12-15,7.15,7.29,7.12,7.28
2003-12-16,7.29,7.3,7.1,7.15
2003-12-17,7.16,7.23,7.13,7.14
2003-12-18,7.05,7.12,6.98,7.04
2003-12-19,7.03,7.04,6.72,6.81
2003-12-22,6.8,7.01,6.67,7.0
2003-12-23,7.02,7.06,6.92,6.99
2003-12-24,6.95,7.24,6.95,7.21
2003-12-25,7.21,7.41,7.18,7.4
2003-12-26,7.5,7.72,7.4,7.49
2003-12-29,7.5,7.5,7.26,7.26
2003-12-30,7.25,7.31,7.2,7.3
2003-12-31,7.33,7.33,7.25,7.25
2004-01-02,7.19,7.31,7.19,7.3
2004-01-05,7.3,7.37,7.26,7.35
2004-01-06,7.38,7.38,7.2,7.23
2004-01-07,7.21,7.5,7.14,7.47
2004-01-08,7.4,7.62,7.4,7.54
2004-01-09,7.5,7.6,7.35,7.4
2004-01-12,7.4,7.5,7.36,7.48
2004-01-13,7.49,7.67,7.49,7.61
2004-01-14,7.65,7.65,7.54,7.56
2004-01-15,7.52,7.55,7.46,7.5
2004-01-16,7.48,7.6,7.48,7.59
2004-01-29,7.65,7.72,7.53,7.71
2004-01-30,7.75,7.77,7.59,7.6
2004-02-02,7.72,7.85,7.58,7.77
2004-02-03,7.8,7.8,7.68,7.79
2004-02-04,7.78,8.05,7.77,7.96
2004-02-05,7.96,8.13,7.96,8.1
2004-02-06,8.1,8.12,7.96,7.97
2004-02-09,7.97,8.08,7.95,8.08
2004-02-10,8.1,8.16,8.06,8.1
2004-02-11,8.08,8.13,7.93,8.0
2004-02-12,8.0,8.1,7.95,8.03
2004-02-13,8.08,8.27,8.0,8.16
2004-02-16,8.16,8.32,8.13,8.31
2004-02-17,8.17,8.29,8.06,8.18
2004-02-18,8.18,8.2,8.08,8.17
2004-02-19,8.17,8.34,8.16,8.19
2004-02-20,8.18,8.22,8.11,8.22
2004-02-23,8.25,8.41,8.11,8.12
2004-02-24,8.1,8.15,7.9,8.0
2004-02-25,8.01,8.17,7.81,7.85
2004-02-26,7.82,7.87,7.68,7.82
2004-02-27,7.82,7.91,7.71,7.9
2004-03-01,7.89,8.05,7.8,8.02
2004-03-02,8.02,8.05,7.88,7.93
2004-03-03,7.93,7.96,7.73,7.77
2004-03-04,7.77,7.92,7.71,7.86
2004-03-05,7.9,7.93,7.8,7.82
2004-03-08,7.82,7.84,7.64,7.67
2004-03-09,7.65,7.73,7.61,7.61
2004-03-10,7.61,7.78,7.61,7.78
2004-03-11,7.78,7.98,7.75,7.84
2004-03-12,7.88,7.9,7.76,7.88
2004-03-15,7.88,8.02,7.81,8.01
2004-03-16,8.01,8.04,7.92,8.03
2004-03-17,8.03,8.18,8.01,8.07
2004-03-18,8.07,8.23,8.04,8.19
2004-03-22,8.23,8.4,8.2,8.37
2004-03-23,8.38,8.4,8.22,8.28
2004-03-24,8.27,8.3,8.2,8.22
2004-03-25,8.17,8.44,8.11,8.33
2004-03-26,8.31,8.31,8.18,8.23
2004-03-29,8.22,8.22,8.06,8.09
2004-03-30,8.08,8.16,8.04,8.15
2004-03-31,8.16,8.3,8.15,8.23
2004-04-01,8.24,8.28,8.17,8.26
2004-04-02,8.25,8.33,8.25,8.32
2004-04-05,8.35,8.52,8.26,8.49
2004-04-06,8.41,8.55,8.39,8.5
2004-04-07,8.5,8.55,8.38,8.39
2004-04-08,8.36,8.45,8.29,8.36
2004-04-09,8.36,8.4,8.1,8.1
2004-04-12,8.1,8.24,8.03,8.19
2004-04-13,8.18,8.2,8.11,8.15
2004-04-14,8.15,8.18,7.95,8.05
2004-04-15,8.01,8.09,7.89,7.89
2004-04-16,7.92,7.96,7.78,7.95
2004-04-19,7.95,7.95,7.83,7.87
2004-04-20,7.85,8.02,7.85,7.99
2004-04-21,8.0,8.0,7.79,7.84
2004-04-22,7.99,7.99,7.83,7.92
2004-04-23,7.85,7.91,7.79,7.82
2004-04-26,7.82,7.85,7.64,7.71
2004-04-27,7.72,7.89,7.66,7.71
2004-04-28,7.72,7.87,7.71,7.84
2004-04-29,7.85,7.86,7.68,7.69
2004-04-30,7.75,7.77,7.58,7.68
2004-05-10,7.7,7.7,7.45,7.46
2004-05-11,7.46,7.52,7.39,7.49
2004-05-12,7.45,7.63,7.45,7.61
2004-05-13,7.62,7.62,7.5,7.53
2004-05-14,7.53,7.53,7.38,7.42
2004-05-17,7.4,7.43,7.31,7.31
2004-05-18,7.31,7.5,7.3,7.49
2004-05-19,7.53,7.59,7.41,7.44
2004-05-20,7.44,7.66,7.42,7.49
2004-05-21,7.53,7.58,7.48,7.56
2004-05-24,7.58,7.58,7.31,7.42
2004-05-25,7.39,7.4,7.2,7.2
2004-05-26,7.3,7.31,7.12,7.18
2004-05-27,7.18,7.31,7.14,7.3
2004-05-28,7.27,7.34,7.2,7.25
2004-05-31,7.32,7.32,7.22,7.26
2004-06-01,7.26,7.43,7.25,7.4
2004-06-02,7.4,7.44,7.33,7.43
2004-06-03,7.42,7.42,7.25,7.25
2004-06-04,7.21,7.32,7.2,7.32
2004-06-07,7.3,7.3,7.18,7.18
2004-06-08,7.21,7.25,7.13,7.13
2004-06-09,7.13,7.13,6.89,6.96
2004-06-10,6.96,7.05,6.86,6.89
2004-06-11,6.98,6.99,6.86,6.88
2004-06-14,6.9,6.9,6.64,6.68
2004-06-15,6.87,6.87,6.69,6.83
2004-06-16,6.83,6.89,6.75,6.84
2004-06-17,6.84,6.85,6.63,6.65
2004-06-18,6.65,6.66,6.56,6.61
2004-06-21,6.55,6.73,6.55,6.7
2004-06-22,6.7,6.86,6.7,6.8
2004-06-23,6.75,6.85,6.64,6.68
2004-06-24,6.66,6.77,6.66,6.74
2004-06-25,6.72,6.78,6.65,6.69
2004-06-28,6.66,6.69,6.53,6.55
2004-06-29,6.55,6.65,6.53,6.63
2004-06-30,6.64,6.64,6.5,6.55
2004-07-01,6.5,6.72,6.5,6.71
2004-07-02,6.7,6.71,6.6,6.67
2004-07-05,6.67,6.73,6.55,6.61
2004-07-06,6.62,6.75,6.61,6.74
2004-07-07,6.72,6.72,6.64,6.68
2004-07-08,6.65,6.73,6.65,6.7
2004-07-09,6.68,6.73,6.6,6.65
2004-07-12,6.63,6.63,6.0,6.25
2004-07-13,6.28,6.28,6.11,6.18
2004-07-14,6.22,6.22,5.9,6.08
2004-07-15,6.08,6.11,5.97,6.11
2004-07-16,6.11,6.29,6.08,6.28
2004-07-19,6.3,6.3,6.2,6.25
2004-07-20,6.23,6.23,6.18,6.2
2004-07-21,6.15,6.21,6.15,6.15
2004-07-22,6.15,6.18,6.0,6.02
2004-07-23,6.03,6.08,5.98,6.06
2004-07-26,6.01,6.05,5.92,5.96
2004-07-27,5.96,6.0,5.9,5.98
2004-07-28,5.93,6.02,5.93,6.01
2004-07-29,6.01,6.13,6.01,6.1
2004-07-30,6.11,6.11,5.95,6.0
2004-08-02,5.96,6.03,5.93,5.98
2004-08-03,5.97,6.0,5.91,5.98
2004-08-04,5.99,6.17,5.98,6.1
2004-08-05,6.13,6.13,6.01,6.04
2004-08-06,6.01,6.09,5.99,6.08
2004-08-09,6.16,6.17,6.1,6.16
2004-08-10,6.16,6.18,6.07,6.12
2004-08-11,6.12,6.12,6.01,6.08
2004-08-12,6.01,6.01,5.82,5.89
2004-08-13,5.89,5.99,5.88,5.94
2004-08-16,5.89,6.0,5.84,5.86
2004-08-17,5.87,5.92,5.8,5.89
2004-08-18,6.15,6.48,6.1,6.48
2004-08-19,6.61,6.61,6.35,6.43
2004-08-20,6.4,6.48,6.31,6.39
2004-08-23,6.39,6.41,6.2,6.25
2004-08-24,6.25,6.49,6.22,6.43
2004-08-25,6.45,6.57,6.38,6.39
2004-08-26,6.39,6.63,6.36,6.6
2004-08-27,6.6,6.6,6.45,6.54
2004-08-30,6.5,6.58,6.39,6.55
2004-08-31,6.6,6.87,6.56,6.58
2004-09-01,6.54,6.54,6.38,6.41
2004-09-02,6.38,6.61,6.34,6.59
2004-09-03,6.6,6.65,6.5,6.51
2004-09-06,6.46,6.5,6.42,6.47
2004-09-07,6.48,6.53,6.42,6.51
2004-09-08,6.56,6.6,6.43,6.47
2004-09-09,6.39,6.48,6.35,6.37
2004-09-10,6.34,6.46,6.34,6.45
2004-09-13,6.4,6.46,6.3,6.3
2004-09-14,6.44,6.7,6.39,6.6
2004-09-15,6.6,6.98,6.56,6.82
2004-09-16,6.81,6.88,6.67,6.82
2004-09-17,6.84,7.05,6.76,6.96
2004-09-20,6.97,7.22,6.9,7.14
2004-09-21,7.1,7.18,7.0,7.08
2004-09-22,7.12,7.15,6.89,6.92
2004-09-23,6.92,7.09,6.82,7.08
2004-09-24,7.15,7.2,6.88,6.9
2004-09-27,7.0,7.07,6.81,6.88
2004-09-28,6.98,7.06,6.85,7.05
2004-09-29,7.09,7.24,7.06,7.07
2004-09-30,7.07,7.08,6.96,6.97
2004-10-08,7.0,7.17,6.91,7.16
2004-10-11,7.25,7.44,7.16,7.34
2004-10-12,7.3,7.4,7.21,7.39
2004-10-13,7.39,7.51,7.32,7.46
2004-10-14,7.33,7.46,6.92,6.92
2004-10-15,6.93,7.1,6.88,6.93
2004-10-18,6.99,7.05,6.9,7.03
2004-10-19,7.03,7.13,6.95,6.95
2004-10-20,6.9,6.94,6.65,6.8
2004-10-21,6.8,6.87,6.7,6.71
2004-10-22,6.65,6.81,6.55,6.81
2004-10-25,6.82,6.94,6.74,6.85
2004-10-26,6.85,6.94,6.78,6.93
2004-10-27,6.96,7.1,6.88,7.07
2004-10-28,7.02,7.2,7.01,7.13
2004-10-29,7.1,7.3,7.05,7.13
2004-11-01,7.15,7.16,6.9,6.95
2004-11-02,6.95,6.95,6.75,6.78
2004-11-03,6.79,6.96,6.79,6.94
2004-11-04,6.95,7.0,6.8,6.82
2004-11-05,6.9,6.95,6.77,6.8
2004-11-08,6.8,6.99,6.78,6.98
2004-11-09,7.0,7.12,6.99,7.1
2004-11-10,7.14,7.23,6.93,7.2
2004-11-11,7.2,7.28,7.07,7.12
2004-11-12,7.04,7.2,7.01,7.06
2004-11-15,7.07,7.18,7.07,7.15
2004-11-16,7.1,7.19,7.03,7.15
2004-11-17,7.1,7.18,7.03,7.05
2004-11-18,7.01,7.18,7.01,7.17
2004-11-19,7.19,7.32,7.15,7.3
2004-11-22,7.3,7.38,7.25,7.29
2004-11-23,7.32,7.34,7.19,7.3
2004-11-24,7.3,7.32,7.19,7.2
2004-11-25,7.19,7.2,7.11,7.14
2004-11-26,7.11,7.24,7.11,7.2
2004-11-29,7.28,7.28,7.02,7.08
2004-11-30,7.07,7.1,7.02,7.08
2004-12-01,7.06,7.1,7.03,7.05
2004-12-02,7.0,7.09,7.0,7.05
2004-12-03,7.05,7.12,7.04,7.1
2004-12-06,7.06,7.12,6.98,7.12
2004-12-07,7.06,7.08,6.95,6.98
2004-12-08,7.01,7.05,6.96,6.98
2004-12-09,6.98,7.1,6.89,7.05
2004-12-10,7.01,7.09,6.85,6.86
2004-12-13,6.9,6.9,6.77,6.85
2004-12-14,6.9,6.9,6.8,6.85
2004-12-15,6.85,6.95,6.78,6.93
2004-12-16,6.94,6.95,6.78,6.82
2004-12-17,6.72,6.85,6.72,6.72
2004-12-20,6.7,6.81,6.65,6.65
2004-12-21,6.75,6.75,6.62,6.65
2004-12-22,6.66,6.84,6.66,6.83
2004-12-23,6.84,6.84,6.7,6.7
2004-12-24,6.7,6.78,6.61,6.72
2004-12-27,6.72,6.74,6.66,6.72
2004-12-28,6.66,6.75,6.65,6.68
2004-12-29,6.69,6.74,6.65,6.7
2004-12-30,6.74,6.74,6.62,6.69
2004-12-31,6.61,6.68,6.43,6.46
2005-01-04,6.45,6.45,6.31,6.35
2005-01-05,6.33,6.5,6.33,6.46
2005-01-06,6.48,6.48,6.32,6.4
2005-01-07,6.39,6.48,6.31,6.42
2005-01-10,6.35,6.39,6.2,6.37
2005-01-11,6.36,6.41,6.31,6.41
2005-01-12,6.4,6.49,6.4,6.44
2005-01-13,6.4,6.46,6.32,6.4
2005-01-14,6.44,6.54,6.33,6.37
2005-01-17,6.3,6.43,6.2,6.28
2005-01-18,6.28,6.38,6.23,6.3
2005-01-19,6.35,6.35,6.26,6.28
2005-01-20,6.2,6.26,6.16,6.17
2005-01-21,6.17,6.3,6.04,6.27
2005-01-24,6.3,6.4,6.3,6.4
2005-01-25,6.4,6.4,6.15,6.33
2005-01-26,6.38,6.38,6.23,6.28
2005-01-27,6.2,6.3,6.17,6.17
2005-01-28,6.16,6.19,6.06,6.07
2005-01-31,6.04,6.04,5.78,5.82
2005-02-01,5.98,5.98,5.8,5.83
2005-02-02,5.8,6.14,5.8,6.12
2005-02-03,6.08,6.13,5.91,6.01
2005-02-04,6.01,6.13,5.92,6.09
2005-02-16,6.2,6.28,6.1,6.16
2005-02-17,6.16,6.16,6.0,6.16
2005-02-18,6.14,6.14,6.04,6.04
2005-02-21,6.03,6.14,6.03,6.12
2005-02-22,6.12,6.27,6.12,6.27
2005-02-23,6.27,6.38,6.22,6.32
2005-02-24,6.3,6.43,6.3,6.38
2005-02-25,6.36,6.45,6.35,6.36
2005-02-28,6.37,6.49,6.32,6.44
2005-03-01,6.45,6.47,6.38,6.43
2005-03-02,6.42,6.48,6.28,6.3
2005-03-03,6.28,6.39,6.21,6.38
2005-03-04,6.35,6.4,6.3,6.3
2005-03-07,6.3,6.39,6.3,6.36
2005-03-08,6.32,6.51,6.31,6.5
2005-03-09,6.53,6.53,6.41,6.47
2005-03-10,6.5,6.7,6.31,6.39
2005-03-11,6.39,6.56,6.39,6.5
2005-03-14,6.5,6.5,6.32,6.43
2005-03-15,6.43,6.44,6.23,6.28
2005-03-16,6.34,6.34,6.13,6.16
2005-03-17,6.14,6.18,6.05,6.1
2005-03-18,6.08,6.15,5.98,6.0
2005-03-21,6.0,6.1,5.9,5.97
2005-03-22,5.95,5.97,5.75,5.78
2005-03-23,5.72,5.88,5.7,5.8
2005-03-24,5.78,5.89,5.7,5.88
2005-03-25,5.86,5.92,5.8,5.87
2005-03-28,5.87,6.08,5.87,6.06
2005-03-29,6.2,6.2,6.05,6.06
2005-03-30,6.01,6.01,5.85,5.89
2005-03-31,5.85,6.0,5.81,5.99
2005-04-01,5.99,6.24,5.9,6.16
2005-04-04,6.08,6.1,6.0,6.05
2005-04-05,6.01,6.09,5.88,5.9
2005-04-06,5.92,6.07,5.83,6.07
2005-04-07,6.0,6.21,6.0,6.13
2005-04-08,6.13,6.25,6.07,6.24
2005-04-11,6.22,6.28,6.12,6.19
2005-04-12,6.18,6.19,6.06,6.07
2005-04-13,6.07,6.24,6.07,6.21
2005-04-14,6.26,6.26,6.08,6.09
2005-04-15,6.09,6.09,5.91,5.96
2005-04-18,5.99,6.09,5.91,5.95
2005-04-19,5.93,6.05,5.93,6.0
2005-04-20,6.0,6.04,5.84,5.9
2005-04-21,5.86,5.95,5.74,5.8
2005-04-22,5.81,5.87,5.74,5.8
2005-04-25,5.93,5.93,5.5,5.58
2005-04-26,5.58,5.7,5.52,5.68
2005-04-27,5.71,5.71,5.58,5.61
2005-04-28,5.55,5.78,5.52,5.74
2005-04-29,5.99,5.99,5.79,5.84
2005-05-10,5.65,5.76,5.51,5.75
2005-05-11,5.7,5.78,5.63,5.67
2005-05-12,5.62,5.75,5.6,5.67
2005-05-13,5.74,5.76,5.66,5.73
2005-05-16,5.81,5.81,5.65,5.7
2005-05-17,5.7,5.79,5.65,5.75
2005-05-18,5.75,5.8,5.65,5.72
2005-05-19,5.72,5.77,5.65,5.76
2005-05-20,5.75,5.85,5.75,5.8
2005-05-23,5.76,5.76,5.6,5.62
2005-05-24,5.69,5.8,5.6,5.76
2005-05-25,5.76,5.77,5.67,5.74
2005-05-26,5.73,5.76,5.62,5.67
2005-05-27,5.67,5.72,5.61,5.62
2005-05-30,5.58,5.67,5.52,5.61
2005-05-31,5.61,5.68,5.57,5.62
2005-06-01,5.64,5.64,5.5,5.51
2005-06-02,5.47,5.53,5.2,5.22
2005-06-03,5.2,5.29,5.13,5.25
2005-06-06,5.25,5.31,5.16,5.3
2005-06-07,5.35,5.42,5.3,5.32
2005-06-08,5.31,5.76,5.31,5.7
2005-06-09,5.72,5.76,5.63,5.71
2005-06-10,5.7,5.7,5.54,5.55
2005-06-13,5.5,5.6,5.5,5.57
2005-06-14,5.62,5.63,5.5,5.5
2005-06-15,5.47,5.51,5.34,5.34
2005-06-16,5.39,5.39,5.29,5.39
2005-06-17,5.45,5.48,5.36,5.42
2005-06-20,5.42,5.59,5.36,5.56
2005-06-21,5.58,5.61,5.5,5.59
2005-06-22,5.58,5.67,5.52,5.63
2005-06-23,5.61,5.65,5.56,5.56
2005-06-24,5.52,5.58,5.5,5.53
2005-06-27,4.59,4.7,4.55,4.62
2005-06-28,4.66,4.66,4.52,4.53
2005-06-29,4.52,4.56,4.51,4.51
2005-06-30,4.52,4.52,4.4,4.41
2005-07-01,4.38,4.38,4.13,4.15
2005-07-04,4.04,4.09,3.99,4.06
2005-07-05,4.03,4.09,4.03,4.06
2005-07-06,4.05,4.1,4.04,4.07
2005-07-07,4.07,4.08,4.0,4.06
2005-07-08,4.05,4.05,3.86,3.87
2005-07-11,3.91,3.98,3.82,3.83
2005-07-12,3.83,4.0,3.82,3.99
2005-07-13,3.95,3.97,3.88,3.93
2005-07-14,3.91,3.97,3.9,3.92
2005-07-15,3.95,3.95,3.78,3.8
2005-07-18,3.75,3.76,3.63,3.66
2005-07-19,3.68,3.76,3.58,3.75
2005-07-20,3.92,4.04,3.9,3.92
2005-07-21,3.88,3.91,3.81,3.83
2005-07-22,3.98,4.12,3.95,4.01
2005-07-25,4.03,4.14,3.96,4.08
2005-07-26,4.03,4.19,4.03,4.17
2005-07-27,4.17,4.26,4.08,4.22
2005-07-28,4.21,4.23,4.13,4.15
2005-07-29,4.16,4.22,4.09,4.14
2005-08-01,4.12,4.22,4.1,4.15
2005-08-02,4.14,4.2,4.1,4.2
2005-08-03,4.22,4.31,4.21,4.25
2005-08-04,4.2,4.23,4.18,4.2
2005-08-05,4.2,4.32,4.2,4.31
2005-08-08,4.31,4.39,4.31,4.34
2005-08-09,4.35,4.4,4.3,4.38
2005-08-10,4.39,4.52,4.35,4.5
2005-08-11,4.54,4.55,4.41,4.45
2005-08-12,4.47,4.6,4.39,4.56
2005-08-15,4.55,4.61,4.51,4.61
2005-08-16,4.61,4.61,4.41,4.5
2005-08-17,4.45,4.54,4.37,4.54
2005-08-18,4.53,4.55,4.32,4.34
2005-08-19,4.34,4.36,4.19,4.29
2005-08-22,4.27,4.42,4.26,4.4
2005-08-23,4.45,4.65,4.45,4.53
2005-08-24,4.53,4.57,4.49,4.56
2005-08-25,4.56,4.61,4.49,4.6
2005-08-26,4.63,4.77,4.57,4.7
2005-08-29,4.7,4.7,4.54,4.56
2005-08-30,4.53,4.63,4.53,4.53
2005-08-31,4.53,4.7,4.53,4.7
2005-09-01,4.73,4.92,4.7,4.88
2005-09-02,4.91,4.93,4.81,4.88
2005-09-05,4.83,4.9,4.83,4.89
2005-09-06,4.86,4.99,4.7,4.74
2005-09-07,4.7,4.9,4.7,4.9
2005-09-08,4.94,4.94,4.82,4.88
2005-09-09,4.9,4.9,4.78,4.79
2005-09-12,4.79,4.87,4.78,4.85
2005-09-13,4.86,4.98,4.85,4.97
2005-09-14,4.98,5.06,4.96,5.02
2005-09-15,5.02,5.36,5.02,5.13
2005-09-16,5.18,5.18,5.07,5.14
2005-09-19,5.13,5.24,5.13,5.2
2005-09-20,5.2,5.24,5.06,5.09
2005-09-21,5.08,5.11,4.93,4.95
2005-09-22,4.91,4.94,4.73,4.81
2005-09-23,4.81,4.85,4.76,4.79
2005-09-26,4.72,4.82,4.72,4.8
2005-09-27,4.85,4.85,4.64,4.65
2005-09-28,4.67,4.71,4.65,4.68
2005-09-29,4.68,4.8,4.68,4.77
2005-09-30,4.8,4.8,4.73,4.76
2005-10-10,4.76,4.76,4.61,4.62
2005-10-11,4.6,4.77,4.35,4.76
2005-10-12,4.68,4.8,4.68,4.78
2005-10-13,4.81,4.81,4.7,4.72
2005-10-14,4.72,4.72,4.57,4.57
2005-10-17,4.58,4.62,4.53,4.61
2005-10-18,4.59,4.71,4.59,4.71
2005-10-19,4.7,4.73,4.63,4.65
2005-10-20,4.75,4.9,4.71,4.8
2005-10-21,4.81,4.89,4.75,4.84
2005-10-24,4.8,4.9,4.8,4.88
2005-10-25,4.88,4.88,4.72,4.77
2005-10-26,4.77,4.79,4.6,4.61
2005-10-27,4.6,4.62,4.5,4.51
2005-10-28,4.53,4.59,4.38,4.46
2005-10-31,4.4,4.44,4.25,4.33
2005-11-01,4.33,4.37,4.25,4.32
2005-11-02,4.28,4.48,4.28,4.44
2005-11-03,4.44,4.48,4.36,4.37
2005-11-04,4.35,4.39,4.33,4.38
2005-11-07,4.38,4.48,4.33,4.48
2005-11-08,4.47,4.55,4.4,4.53
2005-11-09,4.62,4.67,4.54,4.54
2005-11-10,4.54,4.54,4.36,4.38
2005-11-11,4.34,4.53,4.31,4.49
2005-11-24,4.54,4.69,4.54,4.58
2005-11-25,4.58,4.62,4.58,4.6
2005-11-28,4.62,4.69,4.62,4.67
2005-11-29,4.67,4.81,4.65,4.7
2005-11-30,4.68,4.85,4.68,4.79
2005-12-01,4.75,4.84,4.72,4.75
2005-12-29,3.85,3.93,3.84,3.9
2005-12-30,3.89,3.91,3.85,3.89
2006-01-04,3.89,3.94,3.83,3.89
2006-01-05,3.91,3.97,3.84,3.97
2006-01-06,3.97,4.05,3.92,3.97
2006-01-09,3.99,4.03,3.97,4.03
2006-01-10,4.02,4.05,3.99,4.05
2006-01-11,4.04,4.05,3.97,3.98
2006-01-12,3.99,4.12,3.96,4.09
2006-01-13,4.09,4.16,4.04,4.15
2006-01-16,4.14,4.24,4.05,4.09
2006-01-17,4.08,4.13,4.02,4.1
2006-01-18,4.09,4.25,4.06,4.21
2006-01-19,4.2,4.33,4.17,4.29
2006-01-20,4.3,4.32,4.22,4.27
2006-01-23,4.25,4.28,4.17,4.24
2006-01-24,4.23,4.35,4.2,4.27
2006-01-25,4.25,4.35,4.21,4.33
2006-02-06,4.35,4.38,4.24,4.37
2006-02-07,4.37,4.51,4.32,4.46
2006-02-08,4.46,4.53,4.36,4.46
2006-02-09,4.45,4.45,4.28,4.29
2006-02-10,4.29,4.35,4.29,4.33
2006-02-13,4.33,4.36,4.21,4.25
2006-02-14,4.26,4.31,4.23,4.26
2006-02-15,4.26,4.31,4.24,4.28
2006-02-16,4.3,4.31,4.11,4.12
2006-02-17,4.13,4.26,4.1,4.21
2006-02-20,4.15,4.22,4.14,4.16
2006-02-21,4.18,4.23,4.11,4.22
2006-02-22,4.26,4.4,4.26,4.32
2006-02-23,4.3,4.32,4.22,4.28
2006-02-24,4.25,4.32,4.23,4.3
2006-02-27,4.3,4.3,4.19,4.19
2006-02-28,4.2,4.24,4.17,4.22
2006-03-01,4.2,4.25,4.19,4.23
2006-03-02,4.21,4.31,4.09,4.17
2006-03-03,4.14,4.21,4.13,4.2
2006-03-06,4.18,4.23,4.15,4.18
2006-03-07,4.18,4.18,3.99,4.02
2006-03-08,4.02,4.1,3.98,4.01
2006-03-09,4.04,4.05,3.95,4.01
2006-03-10,4.0,4.04,3.85,3.88
2006-03-13,3.88,3.94,3.83,3.9
2006-03-14,3.9,3.91,3.76,3.85
2006-03-15,3.82,3.89,3.8,3.89
2006-03-16,3.88,3.94,3.87,3.94
2006-03-17,3.96,3.98,3.91,3.92
2006-03-20,3.91,3.99,3.88,3.99
2006-03-21,3.99,4.03,3.97,3.99
2006-03-22,3.99,4.11,3.9,4.11
2006-03-23,4.08,4.13,4.04,4.12
2006-03-24,4.12,4.13,4.01,4.05
2006-03-27,4.05,4.09,3.98,4.08
2006-03-28,4.08,4.13,4.06,4.12
2006-03-29,4.12,4.14,4.06,4.1
2006-03-30,4.1,4.1,3.96,3.97
2006-03-31,3.96,4.0,3.93,3.98
2006-04-03,3.98,4.11,3.97,4.11
2006-04-04,4.11,4.32,4.08,4.29
2006-04-05,4.29,4.32,4.24,4.31
2006-04-06,4.31,4.4,4.27,4.32
2006-04-07,4.27,4.38,4.27,4.38
2006-04-10,4.39,4.58,4.37,4.56
2006-04-11,4.58,4.63,4.47,4.52
2006-04-12,4.5,4.57,4.45,4.51
2006-04-13,4.55,4.57,4.34,4.37
2006-04-14,4.3,4.81,4.11,4.72
2006-04-17,4.71,4.9,4.6,4.74
2006-04-18,4.7,4.86,4.68,4.77
2006-04-19,4.76,4.82,4.6,4.8
2006-04-20,4.8,5.0,4.78,4.8
2006-04-21,4.76,5.0,4.7,4.87
2006-04-24,4.88,4.88,4.53,4.58
2006-04-25,4.55,4.66,4.49,4.55
2006-04-26,4.53,4.75,4.5,4.74
2006-04-27,4.75,5.01,4.65,4.93
2006-05-08,5.11,5.42,5.08,5.42
2006-05-09,5.47,5.96,5.47,5.96
2006-05-10,6.2,6.25,5.68,5.85
2006-05-11,5.8,6.0,5.57,5.58
2006-05-12,5.48,5.9,5.45,5.74
2006-05-15,5.76,5.8,5.36,5.75
2006-05-16,5.69,5.69,5.45,5.53
2006-05-17,5.58,6.01,5.58,5.83
2006-05-18,5.7,6.0,5.5,5.85
2006-05-19,5.85,6.23,5.8,6.21
2006-05-22,6.19,6.37,6.04,6.36
2006-05-23,6.32,6.32,5.91,6.09
2006-05-24,6.08,6.23,5.98,6.13
2006-05-25,6.15,6.62,6.08,6.6
2006-05-26,6.6,6.66,6.41,6.5
2006-05-29,6.57,6.64,6.43,6.59
2006-05-30,6.64,6.88,6.5,6.61
2006-05-31,6.57,6.57,6.16,6.28
2006-06-01,6.25,6.58,6.16,6.51
2006-06-02,6.46,6.5,6.23,6.32
2006-06-05,6.28,6.52,6.04,6.51
2006-06-06,6.45,6.75,6.34,6.47
2006-06-07,6.47,6.47,5.96,6.06
2006-06-08,6.0,6.0,5.86,5.96
2006-06-09,5.95,6.06,5.8,5.9
2006-06-12,5.8,5.96,5.8,5.9
2006-06-13,5.85,5.95,5.62,5.67
2006-06-14,5.64,5.67,5.4,5.42
2006-06-15,5.46,5.7,5.45,5.58
2006-06-16,5.61,5.9,5.55,5.85
2006-06-19,5.85,5.85,5.51,5.7
2006-06-20,5.7,5.78,5.65,5.71
2006-06-21,5.71,5.73,5.58,5.68
2006-06-22,5.66,5.73,5.59,5.68
2006-06-23,5.61,5.93,5.6,5.83
2006-06-26,5.83,6.3,5.83,6.28
2006-06-27,6.44,6.47,6.2,6.46
2006-06-28,6.52,6.95,6.32,6.57
2006-06-29,6.57,6.75,6.42,6.69
2006-06-30,6.68,6.77,6.52,6.66
2006-07-03,6.71,6.81,6.35,6.45
2006-07-04,6.4,6.51,6.21,6.46
2006-07-05,6.4,6.73,6.36,6.71
2006-07-06,6.86,7.04,6.69,7.02
2006-07-07,7.05,7.1,6.85,7.02
2006-07-10,6.98,7.19,6.68,7.1
2006-07-11,7.06,7.18,6.9,6.97
2006-07-12,6.99,6.99,6.75,6.8
2006-07-13,6.8,6.8,6.12,6.3
2006-07-14,6.28,6.59,6.22,6.31
2006-07-17,6.43,6.43,6.25,6.31
2006-07-18,6.34,6.58,6.32,6.58
2006-07-19,6.5,6.62,6.32,6.44
2006-07-20,6.29,6.62,6.01,6.6
2006-07-24,6.41,6.58,6.3,6.5
2006-07-25,6.46,6.58,6.41,6.5
2006-07-26,6.45,6.58,6.44,6.58
2006-07-27,6.57,6.57,6.34,6.55
2006-07-28,6.5,6.54,6.3,6.43
2006-07-31,6.31,6.4,6.0,6.1
2006-08-01,6.1,6.1,5.91,6.0
2006-08-02,6.05,6.09,5.88,6.09
2006-08-03,6.12,6.42,6.06,6.15
2006-08-04,6.11,6.27,6.1,6.23
2006-08-07,6.25,6.25,6.13,6.25
2006-08-08,6.3,6.6,6.25,6.57
2006-08-09,6.57,6.93,6.52,6.56
2006-08-10,6.5,6.75,6.5,6.75
2006-08-11,6.75,6.8,6.61,6.73
2006-08-14,6.73,6.73,6.34,6.39
2006-08-15,6.39,6.48,6.26,6.41
2006-08-16,6.39,6.52,6.31,6.47
2006-08-17,6.43,6.67,6.38,6.55
2006-08-18,6.45,6.6,6.43,6.48
2006-08-21,6.33,6.45,6.2,6.45
2006-08-22,6.7,6.7,6.45,6.55
2006-08-23,6.3,6.59,6.3,6.43
2006-08-24,6.34,6.48,6.34,6.48
2006-08-25,6.5,6.57,6.43,6.5
2006-08-28,6.5,6.72,6.5,6.67
2006-08-30,6.8,6.88,6.67,6.8
2006-08-31,6.85,7.17,6.75,7.04
2006-09-01,7.07,7.12,6.85,7.01
2006-09-04,7.0,7.15,6.97,7.13
2006-09-05,7.18,7.35,7.08,7.1
2006-09-06,7.06,7.18,7.0,7.07
2006-09-07,7.05,7.07,6.81,6.83
2006-09-08,6.85,6.93,6.8,6.85
2006-09-11,6.85,7.05,6.73,7.05
2006-09-12,7.35,7.35,6.98,7.05
2006-09-13,7.05,7.13,6.82,6.87
2006-09-14,6.84,7.0,6.8,6.88
2006-09-15,6.88,7.03,6.88,6.93
2006-09-18,6.99,7.05,6.88,6.97
2006-09-19,6.98,7.08,6.96,7.03
2006-09-20,7.04,7.12,6.96,7.1
2006-09-21,7.1,7.29,7.1,7.2
2006-09-22,7.2,7.27,7.12,7.23
2006-09-25,7.27,7.49,7.25,7.45
2006-09-26,7.45,7.49,7.35,7.4
2006-09-28,7.0,7.23,6.91,6.97
2006-09-29,6.95,6.96,6.67,6.89
2006-10-09,6.89,6.96,6.8,6.92
2006-10-10,7.0,7.2,6.92,7.2
2006-10-11,7.2,7.4,7.15,7.3
2006-10-12,7.3,7.33,7.02,7.1
2006-10-13,7.12,7.12,6.91,7.1
2006-10-16,7.1,7.16,6.96,7.0
2006-10-17,6.99,7.23,6.91,7.2
2006-10-18,7.19,7.34,7.12,7.31
2006-10-19,7.28,7.85,7.26,7.76
2006-10-20,7.7,8.2,7.7,8.06
2006-10-23,8.09,8.23,7.73,7.86
2006-10-24,7.85,8.29,7.78,8.12
2006-10-25,8.13,8.2,7.86,8.01
2006-10-26,8.01,8.01,7.69,7.75
2006-10-27,7.74,7.93,7.65,7.75
2006-10-30,7.74,7.75,7.37,7.55
2006-10-31,7.6,7.78,7.44,7.75
2006-11-01,7.74,7.74,7.48,7.65
2006-11-02,7.65,7.88,7.5,7.72
2006-11-03,7.72,7.98,7.57,7.92
2006-11-06,7.74,8.02,7.7,7.85
2006-11-07,7.78,7.85,7.43,7.6
2006-11-08,7.54,7.87,7.36,7.56
2006-11-09,7.56,7.74,7.52,7.6
2006-11-10,7.6,7.7,7.42,7.42
2006-11-13,7.37,7.5,7.05,7.06
2006-11-14,7.0,7.1,6.78,6.86
2006-11-15,6.89,7.15,6.85,7.11
2006-11-16,7.2,7.2,6.96,6.97
2006-11-17,6.95,7.18,6.89,7.15
2006-11-20,7.0,7.14,6.78,6.92
2006-11-21,6.88,7.02,6.82,6.94
2006-11-22,6.94,7.15,6.84,7.1
2006-11-23,7.08,7.2,6.98,7.2
2006-11-24,7.15,7.6,7.11,7.35
2006-11-27,7.28,7.39,7.16,7.39
2006-11-28,7.33,7.45,7.26,7.3
2006-11-29,7.2,7.36,7.15,7.35
2006-11-30,7.35,7.48,7.3,7.42
2006-12-01,7.34,7.59,7.34,7.58
2006-12-04,7.57,7.88,7.57,7.8
2006-12-05,7.84,7.84,7.63,7.69
2006-12-06,7.68,7.68,7.12,7.34
2006-12-07,7.25,7.36,7.16,7.3
2006-12-08,7.2,7.7,7.18,7.33
2006-12-11,7.32,7.59,7.18,7.46
2006-12-12,7.46,7.52,7.18,7.25
2006-12-13,7.26,7.5,7.2,7.36
2006-12-14,7.38,7.53,7.27,7.45
2006-12-15,7.4,7.7,7.39,7.68
2006-12-18,7.9,8.08,7.77,7.93
2006-12-19,7.91,8.5,7.78,8.48
2006-12-20,8.36,8.6,8.1,8.3
2006-12-21,8.28,8.34,8.02,8.02
2006-12-22,7.93,8.09,7.81,7.98
2006-12-25,7.95,8.21,7.92,8.05
2006-12-27,8.0,8.02,7.76,7.78
2006-12-28,7.78,7.79,7.46,7.74
2006-12-29,7.71,8.09,7.7,7.8
2007-01-04,7.86,7.97,7.75,7.81
2007-01-05,7.8,7.95,7.62,7.95
2007-01-08,7.91,8.7,7.91,8.48
2007-01-09,8.69,8.78,8.52,8.6
2007-01-10,8.6,8.75,8.4,8.75
2007-01-11,8.75,9.18,8.7,8.84
2007-01-12,8.78,8.96,8.28,8.31
2007-01-15,8.3,8.62,8.26,8.6
2007-01-16,8.6,9.02,8.46,8.88
2007-01-17,8.88,9.42,8.78,9.0
2007-01-18,9.02,9.16,8.72,9.02
2007-01-19,9.1,9.68,9.01,9.56
2007-01-22,9.57,9.85,9.43,9.85
2007-01-23,9.82,9.82,9.26,9.51
2007-01-24,9.52,9.65,9.3,9.49
2007-01-25,9.38,9.38,8.8,8.81
2007-01-26,8.77,8.85,8.0,8.66
2007-01-29,8.69,9.07,8.67,8.99
2007-01-30,8.99,9.29,8.87,8.9
2007-01-31,8.9,9.0,8.6,8.6
2007-02-01,8.5,8.98,8.3,8.8
2007-02-02,8.81,8.85,8.51,8.54
2007-02-05,8.54,8.79,8.4,8.67
2007-02-06,8.69,9.48,8.69,9.09
2007-02-07,9.11,9.9,9.01,9.38
2007-02-08,9.4,9.6,9.29,9.32
2007-02-09,9.31,9.88,9.31,9.76
2007-02-12,9.86,10.42,9.85,10.42
2007-02-13,11.0,11.46,11.0,11.46
2007-02-14,11.5,12.61,11.47,12.61
2007-02-15,13.28,13.5,12.78,13.19
2007-02-16,13.25,14.51,12.8,14.18
2007-02-26,14.22,14.31,13.61,14.25
2007-02-27,14.26,14.26,12.83,12.83
2007-02-28,12.35,12.99,12.21,12.97
2007-03-01,13.04,13.04,11.68,11.98
2007-03-02,12.0,12.77,11.9,12.29
2007-03-05,12.43,12.66,11.81,12.05
2007-03-06,12.11,12.73,12.09,12.5
2007-03-07,12.65,13.07,12.6,12.72
2007-03-08,12.75,13.8,12.5,13.8
2007-03-09,13.99,14.88,13.99,14.6
2007-03-12,14.64,14.68,13.7,14.4
2007-03-13,14.35,14.35,14.02,14.28
2007-03-14,13.99,13.99,13.2,13.6
2007-03-15,13.62,13.88,13.4,13.66
2007-03-16,13.6,13.6,12.68,13.13
2007-03-19,12.78,13.69,12.55,13.58
2007-03-20,13.58,14.38,13.35,13.96
2007-03-21,14.0,14.31,13.8,14.0
2007-03-22,14.01,14.25,13.68,13.71
2007-03-23,13.7,13.87,13.2,13.66
2007-03-26,13.75,13.86,13.46,13.75
2007-03-27,13.8,14.65,13.8,14.6
2007-03-28,14.57,14.8,13.45,14.19
2007-03-29,14.01,14.46,13.7,13.7
2007-03-30,13.7,13.97,13.51,13.75
2007-04-02,13.73,14.18,13.63,14.05
2007-04-03,14.01,14.6,13.8,14.41
2007-04-04,14.41,15.55,14.41,15.22
2007-04-05,15.19,15.4,14.88,15.24
2007-04-06,15.17,15.42,14.78,14.97
2007-04-09,15.2,15.39,14.55,15.2
2007-04-10,14.66,15.1,14.13,14.99
2007-04-11,15.01,16.49,14.71,16.48
2007-04-12,16.62,16.85,16.23,16.53
2007-04-13,16.54,16.65,15.86,15.98
2007-04-16,15.95,16.53,15.87,16.31
2007-04-17,16.31,16.52,15.5,16.16
2007-04-18,16.03,16.51,16.02,16.29
2007-04-19,16.3,16.34,14.76,15.2
2007-04-20,15.3,15.89,15.3,15.82
2007-04-23,15.89,16.41,15.87,16.3
2007-04-24,16.29,17.0,16.16,16.61
2007-04-25,16.5,16.5,15.72,16.37
2007-04-26,16.3,16.44,16.0,16.21
2007-04-27,16.21,16.85,16.2,16.4
2007-04-30,16.5,16.76,16.22,16.39
2007-05-08,16.72,18.0,16.31,17.44
2007-05-09,17.27,17.47,16.12,16.69
2007-05-11,16.85,16.88,15.9,16.15
2007-05-14,16.0,16.4,15.8,16.1
2007-05-15,16.1,16.25,15.39,15.45
2007-05-16,15.35,15.86,15.25,15.79
2007-05-17,15.83,16.42,15.72,16.24
2007-05-18,16.18,16.58,15.99,16.55
2007-05-21,15.81,17.45,15.81,17.22
2007-05-22,17.41,17.88,16.96,16.99
2007-05-23,16.88,17.54,16.86,17.24
2007-05-24,17.35,17.96,17.3,17.84
2007-05-25,18.0,18.4,17.96,18.08
2007-05-28,18.09,18.35,17.6,17.97
2007-05-29,18.0,18.45,17.92,18.1
2007-05-30,16.29,17.7,16.29,16.29
2007-05-31,15.96,16.29,14.66,15.12
2007-06-01,15.3,15.62,14.1,14.45
2007-06-04,14.55,15.01,13.01,13.01
2007-06-05,13.07,13.77,11.75,13.76
2007-06-06,13.74,14.5,13.01,14.03
2007-06-08,14.5,15.15,14.35,14.54
2007-06-11,14.84,15.35,14.8,15.23
2007-06-12,15.35,16.75,15.3,16.75
2007-06-13,17.35,17.97,16.9,17.02
2007-06-14,16.98,17.74,16.32,17.4
2007-06-15,17.18,17.7,16.72,17.0
2007-06-18,17.54,18.3,17.5,17.64
2007-06-19,17.6,18.5,17.6,18.33
2007-06-20,18.29,18.3,17.0,17.22
2007-06-21,17.15,17.22,16.5,16.82
2007-06-22,16.9,17.58,15.71,16.23
2007-06-25,16.5,16.7,14.8,14.81
2007-06-26,14.59,15.07,14.0,15.02
2007-06-27,15.05,16.2,15.0,15.82
2007-06-28,15.8,15.8,14.38,14.55
2007-06-29,14.01,14.99,13.5,14.05
2007-07-02,14.06,14.6,14.06,14.45
2007-07-03,14.7,14.88,14.28,14.79
2007-07-04,14.87,15.07,14.28,14.38
2007-07-05,14.11,14.37,12.94,12.94
2007-07-06,12.76,13.92,12.1,13.92
2007-07-09,13.88,14.23,13.65,14.07
2007-07-10,13.83,14.01,13.11,13.2
2007-07-11,13.0,13.6,12.91,13.37
2007-07-12,13.3,13.46,13.22,13.39
2007-07-13,13.4,13.66,13.0,13.15
2007-07-16,13.2,13.38,12.51,12.6
2007-07-17,12.5,13.06,12.5,12.99
2007-07-18,12.97,14.1,12.83,13.88
2007-07-19,13.8,13.95,13.5,13.9
2007-07-20,13.9,14.29,13.78,14.16
2007-07-23,14.17,14.96,14.17,14.75
2007-07-24,14.95,14.95,14.45,14.49
2007-07-25,14.53,15.19,14.29,14.88
2007-07-26,15.1,15.6,14.95,15.32
2007-07-27,15.35,15.65,14.93,15.25
2007-07-30,15.3,15.85,15.08,15.65
2007-07-31,15.6,15.92,15.4,15.92
2007-08-01,16.0,16.16,14.74,14.85
2007-08-02,14.95,15.45,14.76,15.29
2007-08-03,15.26,15.95,14.89,15.59
2007-08-06,15.57,15.89,15.38,15.69
2007-08-07,15.68,16.31,15.41,16.05
2007-08-08,16.0,16.15,15.35,15.7
2007-08-09,15.58,15.84,15.48,15.56
2007-08-10,15.56,15.6,14.52,15.01
2007-08-13,15.2,15.49,15.0,15.31
2007-08-14,15.45,16.16,15.37,15.89
2007-08-15,16.17,16.49,15.78,16.32
2007-08-16,16.4,16.4,15.8,16.36
2007-08-17,16.28,17.2,16.05,16.89
2007-08-20,17.0,17.48,16.91,17.28
2007-08-21,17.46,18.08,17.01,17.05
2007-08-22,17.1,18.76,17.1,18.76
2007-08-23,19.4,20.64,18.78,19.25
2007-08-24,19.25,19.6,18.85,19.2
2007-08-27,19.3,20.5,19.0,19.75
2007-08-28,19.68,19.8,18.83,19.24
2007-08-29,19.0,19.0,17.5,17.93
2007-08-30,18.2,18.65,18.1,18.32
2007-08-31,18.36,19.1,18.22,18.55
2007-09-03,18.62,19.3,18.62,18.86
2007-09-04,18.9,19.1,17.96,18.2
2007-09-06,18.5,19.95,18.45,19.0
2007-09-07,18.98,20.5,18.32,19.31
2007-09-10,18.98,20.3,18.8,20.28
2007-09-11,20.48,21.0,19.01,19.2
2007-09-12,19.32,19.9,18.3,19.0
2007-09-13,19.02,19.68,18.6,19.45
2007-09-14,19.6,19.99,19.2,19.5
2007-09-17,19.66,20.5,19.45,20.19
2007-09-18,20.19,21.55,19.71,21.4
2007-09-19,21.6,23.3,21.6,21.9
2007-09-20,22.0,22.75,21.65,22.7
2007-09-24,22.9,22.9,21.0,21.35
2007-09-25,21.35,21.96,20.22,20.59
2007-09-26,20.6,21.4,20.25,20.52
2007-09-27,20.5,21.19,20.5,20.89
2007-09-28,20.93,21.59,20.9,21.12
2007-10-08,21.6,21.75,20.4,20.78
2007-10-09,20.77,20.77,19.9,20.2
2007-10-10,20.25,20.6,19.78,20.05
2007-10-11,20.1,20.29,19.18,19.2
2007-10-12,19.2,19.5,18.18,18.61
2007-10-15,18.61,19.19,18.2,19.03
2007-10-16,19.06,19.17,18.38,18.84
2007-10-17,18.8,19.19,18.3,19.17
2007-10-18,19.0,19.14,18.51,18.75
2007-10-19,18.8,19.35,18.58,18.75
2007-10-22,18.65,18.88,18.18,18.5
2007-10-23,18.8,18.8,17.22,17.6
2007-10-24,17.8,17.98,16.35,16.4
2007-10-25,16.35,16.35,14.76,14.76
2007-10-26,14.41,15.05,13.98,14.35
2007-10-29,14.37,14.99,14.03,14.94
2007-10-30,14.91,15.16,14.38,14.99
2007-10-31,15.18,15.8,15.07,15.7
2007-11-01,15.74,15.74,14.5,14.64
2007-11-02,14.4,14.85,14.1,14.53
2007-11-05,14.55,14.85,14.0,14.66
2007-11-06,14.69,15.2,14.56,15.1
2007-11-07,15.15,15.78,14.95,15.17
2007-11-08,15.1,15.23,14.5,14.5
2007-11-09,14.11,14.8,14.11,14.46
2007-11-12,14.11,14.49,13.3,13.71
2007-11-13,13.82,14.22,13.51,13.85
2007-11-14,13.98,14.58,13.91,14.43
2007-11-15,14.4,15.66,14.25,15.3
2007-11-16,15.2,15.55,14.93,15.41
2007-11-19,15.6,16.2,15.22,16.1
2007-11-20,15.98,16.4,15.8,16.1
2007-11-21,16.08,16.3,15.82,16.15
2007-11-22,15.88,16.6,15.7,16.52
2007-11-23,16.37,16.96,15.84,16.82
2007-11-26,16.82,17.38,16.53,17.38
2007-11-27,17.0,17.31,16.83,16.85
2007-11-28,16.75,17.09,15.81,16.48
2007-11-29,16.41,16.58,15.65,16.54
2007-12-03,16.08,16.58,16.01,16.26
2007-12-04,16.25,16.6,16.2,16.43
2007-12-05,16.88,17.58,16.26,17.41
2007-12-06,17.35,17.9,17.0,17.88
2007-12-07,17.77,18.2,17.51,18.08
2007-12-10,17.54,18.99,17.53,18.69
2007-12-11,18.69,18.87,18.13,18.69
2007-12-12,18.6,19.0,18.22,18.61
2007-12-13,18.5,19.02,18.27,19.01
2007-12-14,18.7,19.48,18.66,19.4
2007-12-17,19.49,20.08,19.02,19.9
2007-12-18,19.69,20.26,19.35,19.39
2007-12-19,19.45,19.75,19.25,19.31
2007-12-20,19.31,20.85,19.3,20.8
2007-12-21,20.8,21.7,20.56,21.28
2007-12-24,21.3,21.64,20.91,21.11
2007-12-25,20.92,21.58,20.9,21.55
2007-12-26,21.58,21.86,20.9,21.44
2007-12-27,21.44,21.5,20.85,20.93
2007-12-28,20.93,21.25,20.42,20.7
2008-01-02,20.7,21.56,20.5,21.19
2008-01-03,21.19,22.19,21.19,21.35
2008-01-07,21.35,21.49,20.8,21.4
2008-01-08,21.35,22.2,21.11,21.8
2008-01-09,21.8,22.22,21.48,22.08
2008-01-10,22.01,22.23,21.56,21.9
2008-01-11,21.7,21.93,20.71,21.18
2008-01-14,21.08,21.2,19.95,20.27
2008-01-15,20.31,20.8,20.1,20.49
2008-01-16,20.53,20.74,20.0,20.5
2008-01-17,20.2,20.69,19.4,20.07
2008-01-18,20.0,20.28,19.7,19.75
2008-01-21,19.75,20.1,19.05,19.9
2008-01-22,19.3,19.75,17.91,18.18
2008-01-23,18.13,20.0,18.13,20.0
2008-01-24,19.88,20.55,19.45,20.25
2008-01-25,20.2,20.78,19.76,20.25
2008-01-28,20.0,20.35,18.33,19.19
2008-01-29,19.1,19.87,19.06,19.8
2008-01-30,19.5,20.38,19.31,20.18
2008-01-31,19.92,20.39,19.6,19.8
2008-02-01,19.0,19.8,18.21,18.48
2008-02-04,18.75,20.1,18.75,20.0
2008-02-05,19.9,20.59,19.72,20.57
2008-02-13,20.4,20.94,19.51,20.39
2008-02-14,20.39,21.02,20.35,20.51
2008-02-15,20.11,20.76,20.01,20.45
2008-02-18,20.51,21.2,20.51,20.8
2008-02-19,20.85,21.32,20.7,21.2
2008-02-20,21.45,21.49,20.6,20.82
2008-02-21,20.35,20.9,19.9,20.68
2008-02-22,20.56,20.56,19.59,19.91
2008-02-25,19.92,20.17,19.0,19.18
2008-02-26,19.4,19.7,18.72,19.1
2008-02-27,19.2,19.59,19.2,19.57
2008-02-28,19.58,19.58,19.0,19.11
2008-02-29,18.97,19.29,18.9,19.15
2008-03-03,19.01,19.76,18.93,19.65
2008-03-04,19.7,19.82,19.0,19.3
2008-03-05,19.33,20.1,19.0,19.98
2008-03-06,19.99,21.45,19.98,20.9
2008-03-07,20.9,21.29,20.18,20.83
2008-03-10,20.35,20.88,19.86,19.93
2008-03-11,19.93,20.39,19.48,20.0
2008-03-12,20.15,20.86,20.15,20.28
2008-03-13,20.26,20.33,18.7,19.1
2008-03-14,18.9,19.3,18.21,18.87
2008-03-17,18.96,19.12,16.98,16.98
2008-03-18,16.0,16.0,15.28,15.5
2008-03-19,16.0,16.8,15.5,16.31
2008-03-20,16.3,17.5,15.28,17.27
2008-03-21,17.0,17.49,16.82,17.0
2008-03-24,17.35,17.7,16.7,16.71
2008-03-25,16.48,17.12,16.29,16.99
2008-03-26,16.78,17.45,16.78,16.8
2008-03-27,16.48,16.78,16.06,16.13
2008-03-28,16.12,16.66,15.27,16.2
2008-03-31,15.9,16.2,15.52,15.59
2008-04-01,15.67,15.68,14.03,14.03
2008-04-02,14.22,14.22,12.7,12.78
2008-04-03,13.03,13.4,12.27,13.05
2008-04-07,12.95,14.03,12.5,14.01
2008-04-08,13.9,14.42,13.9,14.25
2008-04-09,14.01,15.26,14.0,14.2
2008-04-11,14.8,15.18,14.5,14.63
2008-04-14,14.1,14.54,13.51,13.65
2008-04-15,13.6,14.0,13.0,13.82
2008-04-16,13.6,14.15,13.6,13.8
2008-04-17,13.82,14.28,13.8,14.0
2008-04-21,14.87,14.87,12.6,13.3
2008-04-22,13.17,13.88,12.0,13.48
2008-04-23,13.1,14.25,12.8,14.04
2008-04-24,15.03,15.42,14.65,15.28
2008-04-25,15.1,15.79,14.63,15.08
2008-04-28,15.07,15.1,14.48,14.51
2008-04-29,14.5,15.0,14.31,14.5
2008-04-30,14.95,15.32,14.46,15.15
2008-05-05,15.1,15.9,14.93,15.8
2008-05-06,15.51,15.85,15.3,15.58
2008-05-07,15.3,15.6,14.54,14.61
2008-05-08,14.31,14.81,14.01,14.8
2008-05-09,14.8,14.93,14.08,14.6
2008-05-12,14.12,14.86,14.06,14.67
2008-05-13,14.17,14.67,14.11,14.56
2008-05-14,14.55,15.2,14.52,15.02
2008-05-15,15.25,15.5,14.81,15.3
2008-05-16,15.3,15.5,14.74,14.88
2008-05-19,14.43,15.2,14.43,15.02
2008-05-20,14.92,15.25,14.0,14.1
2008-05-21,14.08,14.2,13.01,13.99
2008-05-22,13.99,13.99,13.41,13.51
2008-05-23,13.57,13.59,12.96,13.11
2008-05-26,13.15,13.38,12.8,13.16
2008-05-27,13.17,13.48,13.0,13.35
2008-05-28,13.35,13.95,13.09,13.73
2008-05-29,13.62,13.7,12.97,13.05
2008-05-30,13.11,13.39,12.78,13.18
2008-06-02,13.16,13.2,12.88,13.0
2008-06-03,12.98,13.09,12.8,12.96
2008-06-04,13.06,13.06,12.45,12.53
2008-06-05,12.46,12.57,12.32,12.48
2008-06-06,12.72,12.72,12.4,12.49
2008-06-10,11.9,12.07,11.24,11.24
2008-06-11,11.24,11.24,10.52,10.61
2008-06-12,10.51,10.75,10.12,10.16
2008-06-13,10.3,10.56,9.9,9.91
2008-06-16,9.98,10.17,9.71,9.98
2008-06-17,9.99,10.15,8.99,9.09
2008-06-18,9.06,9.78,8.6,9.46
2008-06-19,9.38,9.38,8.51,8.51
2008-06-20,8.56,9.06,8.03,8.6
2008-06-23,8.9,8.9,8.45,8.7
2008-06-24,8.75,9.0,8.55,8.98
2008-06-25,8.99,9.78,8.88,9.73
2008-06-26,9.7,9.85,9.3,9.67
2008-06-27,9.3,9.3,8.7,8.73
2008-06-30,8.69,8.78,8.31,8.5
2008-07-01,8.78,8.78,8.28,8.46
2008-07-02,8.46,8.57,8.37,8.44
2008-07-03,8.25,9.16,8.08,8.81
2008-07-04,8.81,8.96,8.6,8.71
2008-07-07,8.67,9.58,8.67,9.58
2008-07-08,9.65,10.05,9.11,10.01
2008-07-09,10.02,10.21,9.81,10.15
2008-07-10,10.01,10.05,9.8,9.83
2008-07-11,9.82,9.91,9.43,9.6
2008-07-14,9.5,10.34,9.47,10.21
2008-07-15,10.21,10.51,9.93,10.1
2008-07-16,10.1,10.2,9.86,10.14
2008-07-17,10.15,11.0,10.15,10.72
2008-07-18,10.74,11.18,10.54,11.08
2008-07-21,11.05,11.62,10.86,11.3
2008-07-23,11.32,12.3,11.32,12.12
2008-07-24,12.22,12.37,11.85,12.22
2008-07-25,12.25,12.76,11.95,12.2
2008-07-28,12.2,12.5,11.88,11.89
2008-07-29,11.79,12.32,11.51,12.15
2008-07-30,12.21,12.48,12.06,12.39
2008-07-31,12.41,12.41,11.8,11.82
2008-08-01,11.7,12.17,11.65,11.97
2008-08-04,11.97,12.39,11.7,12.28
2008-08-05,12.28,12.45,12.0,12.08
2008-08-06,12.25,12.25,11.0,11.8
2008-08-07,11.76,12.38,11.5,12.3
2008-08-08,12.31,12.39,11.3,11.6
2008-08-11,11.2,11.21,10.44,10.44
2008-08-12,10.0,10.44,9.82,9.96
2008-08-13,9.98,10.19,9.51,9.99
2008-08-14,9.9,10.24,9.9,10.05
2008-08-15,10.13,10.38,9.85,10.36
2008-08-18,10.36,10.55,10.01,10.29
2008-08-19,10.29,10.6,10.08,10.55
2008-08-20,10.55,11.61,10.31,11.5
2008-08-21,11.46,11.75,11.1,11.5
2008-08-22,11.4,11.63,11.0,11.41
2008-08-25,11.25,11.7,11.12,11.49
2008-08-26,11.49,11.55,10.88,10.91
2008-08-27,10.71,11.14,10.2,10.97
2008-08-28,10.6,11.08,10.5,10.95
2008-08-29,10.99,11.55,10.99,11.39
2008-09-01,10.88,11.35,10.88,11.18
2008-09-02,11.09,11.2,10.51,10.9
2008-09-03,10.6,10.88,10.37,10.72
2008-09-04,10.52,10.85,10.41,10.8
2008-09-05,10.42,10.65,9.95,10.17
2008-09-08,9.97,10.2,9.15,9.15
2008-09-09,8.83,9.25,8.25,8.4
2008-09-10,8.21,8.83,8.2,8.66
2008-09-11,8.51,8.99,8.51,8.83
2008-09-12,8.8,8.96,8.7,8.84
2008-09-17,8.63,8.99,8.15,8.6
2008-09-18,8.26,8.6,7.74,8.6
2008-09-19,9.39,9.46,8.97,9.46
2008-09-22,10.1,10.3,9.38,9.98
2008-09-23,9.3,9.65,8.98,8.98
2008-09-24,8.9,9.08,8.32,9.0
2008-09-25,8.94,9.38,8.88,9.08
2008-09-26,9.07,9.16,8.66,8.82
2008-10-06,8.65,8.83,8.32,8.35
2008-10-07,8.2,8.4,8.05,8.32
2008-10-08,8.3,8.33,7.96,8.1
2008-10-09,8.21,8.32,8.05,8.1
2008-10-10,8.5,8.5,8.0,8.14
2008-10-13,8.05,8.17,7.33,7.6
2008-10-14,7.92,7.92,6.84,6.84
2008-10-15,6.77,6.77,6.16,6.27
2008-10-16,6.14,6.19,5.92,5.98
2008-10-17,6.05,6.2,5.98,6.05
2008-10-20,6.1,6.48,6.01,6.33
2008-10-21,6.33,6.48,6.23,6.27
2008-10-22,6.21,6.35,6.11,6.12
2008-10-23,6.0,6.07,5.89,6.03
2008-10-24,6.07,6.21,6.0,6.03
2008-10-27,5.92,5.92,5.43,5.43
2008-10-28,5.12,5.55,5.12,5.43
2008-10-29,5.49,5.53,5.12,5.18
2008-10-30,5.21,5.3,5.05,5.16
2008-10-31,5.18,5.24,4.8,4.92
2008-11-03,4.8,4.96,4.8,4.91
2008-11-04,4.89,4.95,4.8,4.9
2008-11-05,4.95,5.17,4.9,5.1
2008-11-06,4.98,5.0,4.88,4.9
2008-11-07,4.82,5.07,4.8,5.0
2008-11-10,5.03,5.46,5.03,5.42
2008-11-11,5.35,5.58,5.27,5.48
2008-11-12,5.41,5.69,5.38,5.69
2008-11-13,5.51,6.16,5.51,5.98
2008-11-14,6.04,6.21,5.83,6.18
2008-11-17,6.14,6.45,6.01,6.38
2008-11-18,6.29,6.3,5.74,5.74
2008-11-19,5.62,6.12,5.58,6.08
2008-11-20,5.97,6.22,5.82,6.2
2008-11-21,6.01,6.3,5.65,6.06
2008-11-24,6.08,6.15,5.69,5.7
2008-11-25,5.78,5.89,5.54,5.69
2008-11-26,5.59,5.8,5.58,5.7
2008-11-27,6.05,6.1,5.72,5.74
2008-11-28,5.74,5.75,5.4,5.55
2008-12-01,5.47,5.74,5.2,5.74
2008-12-02,5.5,5.95,5.46,5.9
2008-12-03,5.94,6.28,5.94,6.16
2008-12-04,6.2,6.61,6.13,6.29
2008-12-05,6.21,6.45,6.17,6.35
2008-12-08,6.45,6.71,6.42,6.64
2008-12-09,6.67,6.68,6.36,6.41
2008-12-10,6.39,7.05,6.36,6.96
2008-12-11,6.95,7.05,6.64,6.65
2008-12-12,6.56,6.62,6.13,6.23
2008-12-15,6.35,6.38,6.03,6.26
2008-12-16,6.22,6.34,5.96,6.31
2008-12-17,6.35,6.44,6.25,6.27
2008-12-18,6.23,6.61,6.23,6.58
2008-12-19,6.57,6.87,6.55,6.6
2008-12-22,6.63,6.68,6.31,6.45
2008-12-23,6.49,6.49,5.96,5.97
2008-12-24,5.9,5.95,5.71,5.76
2008-12-25,5.83,5.87,5.62,5.73
2008-12-26,5.75,5.82,5.65,5.7
2008-12-29,5.71,5.71,5.45,5.6
2008-12-30,5.64,5.73,5.53,5.6
2008-12-31,5.64,5.7,5.51,5.53
2009-01-05,5.61,5.78,5.57,5.77
2009-01-06,5.73,6.0,5.7,5.97
2009-01-07,5.99,6.04,5.88,6.0
2009-01-08,5.9,6.11,5.66,6.09
2009-01-09,6.03,6.28,6.0,6.23
2009-01-12,6.26,6.52,6.23,6.34
2009-01-13,6.23,6.29,6.0,6.03
2009-01-14,6.06,6.32,6.04,6.3
2009-01-15,6.23,6.42,6.2,6.34
2009-01-16,6.39,6.63,6.35,6.44
2009-01-19,6.47,6.55,6.23,6.35
2009-01-20,6.32,6.44,6.3,6.43
2009-01-21,6.36,6.66,6.32,6.51
2009-01-22,6.52,6.76,6.5,6.74
2009-01-23,6.77,6.78,6.54,6.59
2009-02-02,6.66,6.9,6.61,6.82
2009-02-03,6.78,7.27,6.72,7.11
2009-02-04,7.2,7.4,7.12,7.33
2009-02-05,7.3,7.3,7.01,7.05
2009-02-06,7.06,7.6,7.06,7.57
2009-02-09,7.65,7.95,7.53,7.7
2009-02-10,7.73,8.05,7.6,8.04
2009-02-11,7.85,8.27,7.8,8.05
2009-02-12,8.01,8.54,7.84,8.4
2009-02-13,8.45,9.24,8.4,9.08
2009-02-16,9.14,9.31,8.78,9.15
2009-02-17,9.14,9.14,8.57,8.58
2009-02-18,8.31,8.77,8.28,8.66
2009-02-19,8.67,9.25,8.67,9.18
2009-02-20,9.28,9.52,8.94,9.36
2009-02-23,9.29,9.96,9.22,9.9
2009-02-24,9.8,10.18,9.72,9.8
2009-02-25,9.96,10.12,9.18,9.7
2009-02-26,9.71,9.88,8.73,8.73
2009-02-27,8.48,8.57,7.86,7.87
2009-03-02,7.8,8.17,7.7,8.06
2009-03-03,7.9,8.87,7.83,8.87
2009-03-04,8.9,9.74,8.9,9.46
2009-03-05,9.51,10.41,9.5,10.41
2009-03-06,10.48,10.74,9.88,10.37
2009-03-09,10.35,10.35,9.36,9.5
2009-03-11,9.3,9.82,9.13,9.2
2009-03-12,9.1,9.1,8.53,8.91
2009-03-13,8.82,9.05,8.68,8.8
2009-03-16,8.8,8.87,8.52,8.84
2009-03-17,8.82,9.28,8.71,9.18
2009-03-18,9.18,9.42,9.0,9.26
2009-03-19,9.2,9.52,9.16,9.49
2009-03-20,9.42,9.65,9.23,9.6
2009-03-23,9.56,10.26,9.51,10.12
2009-03-24,10.15,10.38,10.01,10.15
2009-03-25,10.03,10.23,9.7,9.71
2009-03-26,9.78,10.05,9.35,10.04
2009-03-27,10.1,10.45,9.88,10.16
2009-03-30,10.32,10.66,9.96,10.38
2009-04-01,10.48,11.1,10.41,11.05
2009-04-02,11.1,12.16,10.89,11.87
2009-04-03,12.13,12.18,11.46,11.53
2009-04-07,11.5,11.85,11.27,11.52
2009-04-08,11.59,11.59,10.9,10.93
2009-04-09,10.74,11.08,10.46,11.07
2009-04-10,11.09,11.44,11.0,11.26
2009-04-13,11.25,11.27,10.86,11.15
2009-04-14,11.19,11.19,10.71,10.87
2009-04-15,10.72,11.04,10.5,11.02
2009-04-16,11.0,11.0,10.63,10.81
2009-04-17,10.73,11.07,10.73,10.86
2009-04-20,10.79,11.05,10.76,10.99
2009-04-21,10.9,11.48,10.81,11.48
2009-04-22,11.4,11.68,10.33,10.35
2009-04-23,10.2,10.42,9.65,10.34
2009-04-24,10.33,10.33,9.88,9.88
2009-04-27,9.71,9.96,9.59,9.75
2009-04-28,9.7,9.92,9.6,9.92
2009-04-29,9.9,10.19,9.83,10.15
2009-04-30,10.15,10.16,9.95,10.05
2009-05-04,10.1,10.28,10.0,10.25
2009-05-05,10.32,10.59,10.24,10.44
2009-05-06,10.45,11.48,10.44,11.15
2009-05-07,11.0,11.18,10.65,11.07
2009-05-08,11.0,11.1,10.68,10.89
2009-05-11,10.85,11.07,10.08,10.25
2009-05-12,10.15,10.32,9.93,10.17
2009-05-13,10.15,10.48,10.0,10.48
2009-05-14,10.36,10.5,10.19,10.25
2009-05-15,10.25,10.37,10.08,10.23
2009-05-18,10.24,10.51,10.24,10.48
2009-05-19,10.44,10.65,10.42,10.55
2009-05-20,10.6,10.68,10.2,10.27
2009-05-21,10.17,10.37,9.77,9.95
2009-05-22,9.97,10.04,9.85,9.96
2009-05-25,9.8,10.15,9.65,10.06
2009-05-26,10.07,10.15,9.92,10.0
2009-05-27,10.06,10.14,9.9,9.99
2009-06-01,10.01,10.12,9.98,10.0
2009-06-02,10.0,10.5,9.97,10.25
2009-06-03,10.25,10.25,10.0,10.09
2009-06-04,10.08,10.89,10.05,10.8
2009-06-05,10.66,11.25,10.56,10.94
2009-06-08,11.08,11.34,10.75,10.96
2009-06-09,10.89,11.22,10.6,10.86
2009-06-10,10.88,11.44,10.88,11.44
2009-06-11,11.31,11.63,11.16,11.19
2009-06-12,11.02,11.21,10.66,10.9
2009-06-15,10.92,11.16,10.67,11.15
2009-06-16,11.13,11.81,11.0,11.47
2009-06-17,11.33,11.66,11.14,11.24
2009-06-18,11.2,11.6,11.1,11.25
2009-06-19,11.26,11.36,11.1,11.2
2009-06-22,11.3,11.45,10.88,10.9
2009-06-23,10.65,10.85,10.6,10.67
2009-06-24,10.67,10.8,10.41,10.65
2009-06-25,10.67,10.68,10.48,10.56
2009-06-26,10.51,10.59,10.29,10.54
2009-06-29,10.56,10.58,10.3,10.52
2009-06-30,10.52,10.84,10.38,10.75
2009-07-01,10.61,10.83,10.6,10.65
2009-07-03,10.61,10.84,10.43,10.53
2009-07-06,10.6,10.66,10.4,10.58
2009-07-07,10.58,11.14,10.46,10.86
2009-07-08,10.79,10.81,10.6,10.79
2009-07-09,10.9,10.96,10.7,10.93
2009-07-10,10.91,11.12,10.86,10.98
2009-07-13,11.04,11.08,10.87,10.88
2009-07-14,10.85,11.2,10.75,11.13
2009-07-15,11.13,11.24,11.03,11.16
2009-07-16,11.21,11.26,10.9,11.0
2009-07-17,11.0,11.48,10.93,11.25
2009-07-20,11.22,11.57,11.22,11.54
2009-07-21,11.58,11.59,11.11,11.25
2009-07-22,11.24,11.4,11.16,11.23
2009-07-23,11.26,11.65,11.0,11.22
2009-07-24,11.26,11.78,11.25,11.64
2009-07-27,11.85,12.15,11.56,12.08
2009-07-28,12.0,12.01,11.8,11.93
2009-07-29,11.86,11.95,10.74,10.94
2009-07-30,11.14,11.19,10.45,10.81
2009-07-31,10.8,11.09,10.69,11.03
2009-08-03,11.04,11.99,10.93,11.71
2009-08-04,11.69,12.24,11.53,11.82
2009-08-05,11.7,11.92,11.25,11.47
2009-08-06,11.43,11.72,11.16,11.48
2009-08-07,11.5,11.64,10.9,10.95
2009-08-10,11.0,11.23,10.81,11.05
2009-08-11,11.09,11.18,10.93,11.12
2009-08-12,11.09,11.12,10.3,10.36
2009-08-13,10.32,10.45,9.98,10.22
2009-08-14,10.23,10.3,9.54,9.54
2009-08-17,9.38,9.4,8.6,8.66
2009-08-19,8.84,8.98,8.09,8.2
2009-08-20,8.22,8.56,8.0,8.47
2009-08-21,8.41,8.65,8.39,8.65
2009-08-24,8.67,8.99,8.58,8.84
2009-08-25,8.83,8.83,8.3,8.57
2009-08-26,8.5,9.05,8.45,8.9
2009-08-27,8.98,9.33,8.86,9.16
2009-08-28,9.06,9.12,8.68,8.82
2009-08-31,8.6,8.6,8.0,8.02
2009-09-01,7.99,8.18,7.85,7.97
2009-09-02,7.97,8.11,7.85,8.07
2009-09-03,8.05,8.54,8.0,8.49
2009-09-04,8.43,8.85,8.38,8.77
2009-09-07,8.7,9.03,8.56,8.78
2009-09-08,8.75,8.78,8.45,8.77
2009-09-09,9.1,9.65,9.1,9.65
2009-09-10,10.04,10.32,9.66,9.79
2009-09-11,9.51,9.93,9.4,9.69
2009-09-14,9.7,9.85,9.6,9.76
2009-09-15,9.77,9.83,9.48,9.62
2009-09-16,9.62,9.93,9.52,9.65
2009-09-17,9.62,9.79,9.58,9.76
2009-09-18,9.79,10.15,9.6,9.82
2009-09-21,9.82,9.85,9.14,9.6
2009-09-22,9.6,9.65,9.14,9.14
2009-09-23,9.06,9.24,8.68,8.69
2009-09-24,8.68,8.97,8.51,8.71
2009-09-25,8.72,8.79,8.53,8.65
2009-09-28,8.65,8.75,8.29,8.3
2009-09-29,8.25,8.33,8.0,8.13
2009-09-30,8.2,8.31,8.16,8.25
2009-10-09,8.5,8.65,8.37,8.61
2009-10-12,8.59,8.65,8.46,8.57
2009-10-13,8.57,8.83,8.53,8.8
2009-10-14,8.83,9.15,8.78,8.86
2009-10-15,8.87,9.02,8.84,8.88
2009-10-16,8.94,8.94,8.58,8.78
2009-10-19,8.76,8.96,8.66,8.96
2009-10-20,9.0,9.18,8.91,9.14
2009-10-21,9.15,10.05,9.06,9.98
2009-10-22,9.5,10.18,9.41,9.93
2009-10-23,9.84,10.19,9.71,9.8
2009-10-26,9.94,9.98,9.5,9.61
2009-10-27,9.6,9.6,9.38,9.39
2009-10-28,9.43,9.85,9.4,9.55
2009-10-29,9.44,9.44,9.21,9.22
2009-10-30,9.38,9.5,9.23,9.24
2009-12-02,10.16,10.16,10.16,10.16
2009-12-03,11.18,11.18,10.4,10.46
2009-12-04,10.4,10.6,9.83,10.08
2009-12-07,10.04,10.48,9.96,10.37
2009-12-08,10.4,10.46,10.11,10.24
2009-12-09,10.16,10.2,9.97,10.1
2009-12-10,10.15,10.33,10.1,10.21
2009-12-11,10.21,10.3,10.12,10.2
2009-12-14,10.24,10.24,9.91,10.07
2009-12-15,10.08,10.24,10.07,10.13
2009-12-16,10.1,10.16,9.98,10.0
2009-12-17,10.0,10.07,9.66,9.66
2009-12-18,9.65,9.85,9.53,9.58
2009-12-21,9.55,9.67,9.52,9.66
2009-12-22,9.66,9.68,9.41,9.5
2009-12-23,9.58,9.58,9.42,9.56
2009-12-24,9.53,9.8,9.53,9.79
2009-12-25,9.79,10.02,9.7,9.98
2009-12-28,9.91,10.2,9.91,10.04
2009-12-29,10.09,10.09,9.85,9.99
2009-12-30,9.98,10.12,9.93,10.01
2009-12-31,10.05,10.08,9.93,10.05
2010-01-04,10.15,10.19,10.01,10.1
2010-01-05,10.15,10.2,9.98,10.2
2010-01-06,10.18,10.4,10.05,10.09
2010-01-07,10.1,10.19,9.78,9.81
2010-01-08,9.82,9.83,9.63,9.8
2010-01-12,9.82,10.08,9.76,10.06
2010-01-13,9.94,10.16,9.85,10.09
2010-01-14,10.08,10.32,10.08,10.3
2010-01-15,10.3,10.73,10.25,10.56
2010-01-18,10.55,10.72,10.33,10.58
2010-01-19,10.83,11.0,10.64,10.67
2010-01-20,10.57,10.69,10.15,10.19
2010-01-21,10.16,10.39,10.11,10.31
2010-01-22,10.18,10.25,9.83,10.06
2010-01-25,9.99,10.18,9.96,10.14
2010-01-26,10.13,10.17,9.5,9.57
2010-01-27,9.6,9.67,9.35,9.45
2010-01-28,9.49,9.55,9.35,9.47
2010-01-29,9.47,9.62,9.39,9.5
2010-02-01,9.5,9.5,9.07,9.16
2010-02-02,9.25,9.31,9.12,9.13
2010-02-03,9.2,9.29,8.94,9.27
2010-02-04,9.24,9.47,9.18,9.31
2010-02-05,9.18,9.51,9.06,9.37
2010-02-08,9.39,9.47,9.36,9.39
2010-02-09,9.39,9.53,9.32,9.48
2010-02-10,9.52,9.53,9.41,9.5
2010-02-11,9.52,9.65,9.46,9.63
2010-02-12,9.62,9.65,9.56,9.59
2010-02-22,9.62,9.62,9.45,9.48
2010-02-23,9.48,9.6,9.22,9.59
2010-02-24,9.5,9.93,9.43,9.92
2010-02-25,9.94,10.32,9.88,10.12
2010-02-26,10.06,10.46,10.05,10.42
2010-03-01,10.46,10.78,10.42,10.49
2010-03-02,10.45,11.1,10.38,10.88
2010-03-03,10.79,11.0,10.66,10.85
2010-03-04,10.86,11.07,10.6,10.8
2010-03-05,10.76,11.33,10.75,11.08
2010-03-08,11.26,11.96,11.1,11.18
2010-03-09,11.15,11.38,10.88,11.3
2010-03-10,12.43,12.43,12.21,12.43
2010-03-11,12.35,13.67,12.18,13.25
2010-03-12,13.05,13.28,12.91,13.14
2010-03-15,13.13,13.29,12.8,13.24
2010-03-16,13.1,13.47,12.92,13.07
2010-03-17,13.05,13.39,12.87,13.34
2010-03-18,13.35,13.73,13.19,13.7
2010-03-19,13.59,13.75,13.42,13.51
2010-03-22,13.55,13.7,13.22,13.27
2010-03-23,13.3,13.61,13.13,13.53
2010-03-24,13.58,14.46,13.47,14.05
2010-03-25,14.05,14.43,13.93,14.05
2010-03-26,13.93,14.04,13.61,13.84
2010-03-29,13.83,14.2,13.81,14.01
2010-03-30,13.98,14.15,13.82,13.88
2010-03-31,13.8,13.94,13.64,13.93
2010-04-01,13.88,14.15,13.81,14.08
2010-04-02,14.1,14.72,13.94,14.55
2010-04-07,14.68,14.86,14.42,14.75
2010-04-08,14.74,15.44,14.7,15.08
2010-04-09,14.81,15.3,14.8,15.05
2010-04-12,15.11,15.39,14.83,14.9
2010-04-13,14.88,14.98,13.7,14.12
2010-04-14,14.05,14.29,13.98,14.24
2010-04-15,14.35,14.52,13.81,14.01
2010-04-16,14.06,14.4,13.83,14.28
2010-04-19,14.2,14.25,13.66,13.7
2010-04-20,13.97,14.05,13.73,14.05
2010-04-21,14.16,14.79,14.0,14.72
2010-04-22,14.6,14.77,14.37,14.61
2010-04-23,14.56,14.7,14.23,14.48
2010-04-26,14.38,14.44,14.09,14.25
2010-04-27,14.21,14.21,13.31,13.5
2010-04-28,13.5,13.74,13.3,13.64
2010-04-29,13.6,13.7,12.9,13.0
2010-04-30,13.1,13.16,12.5,12.74
2010-05-04,12.69,13.09,12.53,12.9
2010-05-05,12.74,13.38,12.68,13.34
2010-05-06,13.26,13.3,12.57,12.6
2010-05-07,12.11,12.69,12.08,12.08
2010-05-10,12.18,12.4,11.66,12.29
2010-05-11,12.58,12.65,11.88,11.95
2010-05-12,11.78,12.15,11.51,11.8
2010-05-13,11.86,12.18,11.5,12.14
2010-05-14,11.94,12.35,11.85,12.18
2010-05-17,12.0,12.0,11.32,11.32
2010-05-18,11.33,11.9,11.26,11.69
2010-05-19,11.58,12.35,11.5,12.15
2010-05-20,11.93,12.23,11.82,11.87
2010-05-21,11.59,12.34,11.48,12.34
2010-05-24,12.36,13.0,12.28,12.83
2010-05-25,12.74,12.89,12.55,12.72
2010-05-26,12.75,13.05,12.6,13.05
2010-05-27,12.9,13.6,12.79,13.48
2010-05-28,13.75,13.75,13.1,13.14
2010-05-31,13.04,13.35,12.9,12.95
2010-06-01,12.94,13.03,12.11,12.56
2010-06-02,12.6,12.96,12.42,12.95
2010-06-03,13.11,13.26,12.66,12.68
2010-06-04,6.1,6.25,5.9,6.15
2010-06-07,5.95,6.05,5.89,5.97
2010-06-08,5.96,6.03,5.9,5.98
2010-06-09,6.04,6.38,6.04,6.18
2010-06-10,6.09,6.38,6.06,6.31
2010-06-11,6.35,6.36,6.14,6.18
2010-06-17,6.25,6.25,6.13,6.14
2010-06-18,6.14,6.16,5.85,6.02
2010-06-21,6.1,6.62,6.1,6.62
2010-06-22,6.62,6.79,6.55,6.75
2010-06-23,6.66,6.68,6.44,6.59
2010-06-24,6.59,6.74,6.5,6.61
2010-06-25,6.61,6.61,6.3,6.43
2010-06-28,6.45,6.47,6.13,6.15
2010-06-29,6.1,6.22,5.62,5.63
2010-06-30,5.48,5.53,5.3,5.41
2010-07-01,5.41,5.74,5.38,5.47
2010-07-02,5.47,5.55,5.11,5.41
2010-07-05,5.38,5.4,5.21,5.3
2010-07-06,5.3,5.53,5.23,5.51
2010-07-07,5.52,5.64,5.42,5.6
2010-07-08,5.6,5.63,5.42,5.47
2010-07-09,5.52,5.65,5.48,5.62
2010-07-12,5.63,5.8,5.58,5.73
2010-07-13,5.68,5.68,5.49,5.56
2010-07-14,5.58,5.73,5.58,5.65
2010-07-15,5.45,5.45,5.16,5.26
2010-07-16,5.18,5.19,5.02,5.14
2010-07-19,5.09,5.23,5.01,5.2
2010-07-20,5.21,5.44,5.17,5.42
2010-07-21,5.44,5.78,5.41,5.58
2010-07-22,5.51,5.69,5.46,5.61
2010-07-23,5.6,5.61,5.47,5.55
2010-07-26,5.57,5.64,5.5,5.62
2010-07-27,5.59,5.67,5.54,5.58
2010-07-28,5.58,5.77,5.52,5.75
2010-07-29,5.73,5.95,5.72,5.95
2010-07-30,6.0,6.5,6.0,6.17
2010-08-02,6.02,6.21,6.01,6.19
2010-08-03,6.19,6.28,6.09,6.14
2010-08-04,6.11,6.18,5.95,6.15
2010-08-05,6.17,6.71,6.12,6.54
2010-08-06,6.49,6.64,6.35,6.57
2010-08-09,6.65,6.89,6.58,6.67
2010-08-10,6.6,6.7,6.28,6.29
2010-08-11,6.26,6.4,6.19,6.29
2010-08-12,6.14,6.24,6.06,6.09
2010-08-13,6.07,6.23,6.03,6.21
2010-08-16,6.1,6.35,6.09,6.33
2010-08-17,6.3,6.36,6.24,6.33
2010-08-18,6.32,6.49,6.3,6.47
2010-08-19,6.49,6.54,6.34,6.37
2010-08-20,6.31,6.32,6.09,6.12
2010-08-23,6.12,6.18,6.09,6.17
2010-08-24,6.17,6.27,6.07,6.22
2010-08-25,6.16,6.25,6.02,6.07
2010-08-26,6.07,6.1,5.94,6.01
2010-08-27,6.0,6.0,5.88,5.96
2010-08-30,5.97,6.08,5.94,6.08
2010-08-31,6.06,6.06,5.95,6.02
2010-09-01,6.02,6.06,5.87,5.98
2010-09-02,6.0,6.08,5.94,6.06
2010-09-03,6.06,6.08,5.92,5.96
2010-09-06,5.99,6.14,5.9,6.14
2010-09-07,6.12,6.17,6.06,6.16
2010-09-08,6.13,6.28,6.07,6.23
2010-09-09,6.24,6.42,6.19,6.28
2010-09-10,6.27,6.56,6.22,6.55
2010-09-13,6.55,6.72,6.42,6.55
2010-09-14,6.64,6.66,6.4,6.43
2010-09-15,6.58,7.07,6.55,7.07
2010-09-16,7.07,7.68,7.0,7.42
2010-09-17,7.25,7.36,7.0,7.07
2010-09-20,7.07,7.15,6.5,6.62
2010-09-21,6.6,7.0,6.43,6.81
2010-09-28,6.97,7.27,6.8,7.01
2010-09-29,6.99,6.99,6.72,6.84
2010-09-30,6.84,6.9,6.6,6.85
2010-10-08,6.9,7.29,6.78,7.09
2010-10-11,7.07,7.4,6.98,7.18
2010-10-12,7.04,7.3,7.0,7.08
2010-10-13,7.05,7.05,6.72,6.97
2010-10-14,6.99,6.99,6.6,6.61
2010-10-15,6.53,7.05,6.4,6.84
2010-10-18,6.78,6.8,6.48,6.6
2010-10-19,6.52,6.72,6.52,6.7
2010-10-20,6.65,6.94,6.52,6.86
2010-10-21,6.86,6.86,6.63,6.71
2010-10-22,6.71,6.81,6.65,6.73
2010-10-25,6.74,6.98,6.73,6.98
2010-10-26,6.95,7.11,6.85,7.11
2010-10-27,7.13,7.22,6.98,6.99
2010-10-28,6.9,6.97,6.72,6.78
2010-10-29,6.8,6.82,6.65,6.73
2010-11-01,6.71,6.84,6.69,6.83
2010-11-02,6.88,6.9,6.76,6.84
2010-11-03,6.86,6.88,6.66,6.67
2010-11-04,6.7,6.79,6.6,6.79
2010-11-05,6.83,7.38,6.77,7.3
2010-11-08,7.33,7.36,7.11,7.25
2010-11-09,7.25,7.33,7.12,7.3
2010-11-10,7.28,7.63,7.23,7.5
2010-11-12,7.3,7.43,6.75,6.75
2010-11-15,6.75,6.9,6.58,6.89
2010-11-16,6.9,7.09,6.7,6.96
2010-11-17,6.52,6.92,6.52,6.58
2010-11-18,6.69,6.78,6.58,6.64
2010-11-19,6.62,6.79,6.57,6.78
2010-11-22,6.75,6.8,6.65,6.7
2010-11-23,6.7,6.72,6.15,6.31
2010-11-24,6.2,6.44,6.19,6.39
2010-11-25,6.39,6.49,6.37,6.47
2010-11-26,6.49,6.49,6.24,6.36
2010-11-29,6.28,6.44,6.28,6.36
2010-11-30,6.34,6.37,5.98,6.16
2010-12-01,6.16,6.16,6.01,6.08
2010-12-02,6.69,6.69,6.69,6.69
2010-12-03,7.36,7.36,6.9,7.0
2010-12-06,6.8,6.89,6.54,6.58
2010-12-07,6.57,6.87,6.21,6.78
2010-12-08,6.63,6.75,6.56,6.57
2010-12-09,6.56,6.56,6.27,6.3
2010-12-10,6.24,6.36,6.21,6.32
2010-12-13,6.34,6.45,6.3,6.45
2010-12-14,6.44,6.46,6.35,6.45
2010-12-15,6.45,6.5,6.38,6.42
2010-12-16,6.4,6.45,6.37,6.41
2010-12-17,6.41,6.52,6.38,6.51
2010-12-20,6.56,6.58,6.21,6.31
2010-12-22,6.43,6.45,6.32,6.34
2010-12-23,6.34,6.34,6.21,6.21
2010-12-24,6.18,6.25,6.11,6.2
2010-12-27,6.16,6.27,5.99,6.04
2010-12-28,5.95,6.02,5.79,5.8
2010-12-29,5.86,5.91,5.73,5.9
2010-12-30,5.9,5.98,5.79,5.91
2010-12-31,5.91,6.06,5.9,6.06
2011-01-04,6.1,6.16,6.01,6.09
2011-01-05,6.05,6.16,6.03,6.16
2011-01-06,6.14,6.18,6.09,6.12
2011-01-07,6.12,6.3,6.06,6.25
2011-01-10,6.25,6.26,5.98,5.99
2011-01-11,5.98,6.03,5.87,5.94
2011-01-12,5.98,6.02,5.92,6.0
2011-01-13,6.09,6.24,6.03,6.11
2011-01-14,6.08,6.11,5.99,6.03
2011-01-17,6.02,6.02,5.66,5.67
2011-01-18,5.61,5.79,5.61,5.75
2011-01-19,5.72,5.85,5.72,5.82
2011-01-20,5.78,5.82,5.57,5.59
2011-01-21,5.6,5.69,5.55,5.65
2011-01-24,5.66,5.72,5.55,5.55
2011-01-25,5.56,5.56,5.39,5.46
2011-01-26,5.45,5.54,5.45,5.52
2011-01-27,5.52,5.6,5.43,5.59
2011-01-28,5.58,5.69,5.52,5.64
2011-01-31,5.64,5.73,5.59,5.71
2011-02-01,5.73,5.78,5.67,5.75
2011-02-09,5.72,5.76,5.67,5.69
2011-02-10,5.69,5.79,5.67,5.77
2011-02-11,5.77,5.86,5.74,5.83
2011-02-14,5.82,5.97,5.8,5.93
2011-02-15,5.94,5.97,5.89,5.9
2011-02-16,5.9,6.13,5.84,6.08
2011-02-17,6.04,6.16,5.97,6.04
2011-02-18,6.04,6.08,5.97,6.04
2011-02-21,6.0,6.13,5.97,6.09
2011-02-22,6.1,6.12,5.87,5.88
2011-02-23,5.85,6.2,5.85,6.19
2011-02-24,6.15,6.45,6.13,6.28
2011-02-25,6.27,6.27,6.06,6.23
2011-02-28,6.22,6.49,6.14,6.45
2011-03-01,6.45,6.69,6.45,6.6
2011-03-02,6.6,7.26,6.53,7.11
2011-03-03,7.1,7.14,6.8,6.82
2011-03-04,6.82,7.09,6.74,7.02
2011-03-07,7.05,7.09,6.85,6.91
2011-03-08,6.88,7.04,6.68,6.9
2011-03-09,6.84,6.93,6.76,6.86
2011-03-10,6.85,6.98,6.78,6.87
2011-03-11,6.9,6.9,6.68,6.7
2011-03-14,6.65,6.81,6.63,6.75
2011-03-15,6.72,7.25,6.71,7.17
2011-03-16,7.02,7.28,7.02,7.17
2011-03-17,7.17,7.22,6.9,6.91
2011-03-18,6.93,7.35,6.93,7.3
2011-03-21,7.3,7.53,7.23,7.45
2011-03-22,7.5,7.99,7.43,7.55
2011-03-23,7.48,7.87,7.44,7.72
2011-03-24,7.72,7.83,7.52,7.73
2011-03-25,7.7,8.5,7.68,8.5
2011-03-28,8.53,8.84,8.0,8.72
2011-03-29,8.58,8.84,8.23,8.35
2011-03-30,8.25,8.41,7.88,8.28
2011-03-31,8.2,8.63,8.08,8.5
2011-04-01,8.5,8.72,8.22,8.57
2011-04-06,8.45,8.66,8.11,8.36
2011-04-07,8.31,8.45,8.15,8.23
2011-04-08,8.2,9.05,8.15,9.05
2011-04-11,9.06,9.17,8.85,9.12
2011-04-12,8.95,9.2,8.82,8.94
2011-04-13,8.95,9.0,8.63,8.96
2011-04-14,8.9,9.18,8.77,8.82
2011-04-15,8.79,8.84,8.44,8.5
2011-04-18,8.45,8.8,8.42,8.52
2011-04-19,8.53,8.56,8.05,8.16
2011-06-03,7.34,7.34,7.34,7.34
2011-06-07,6.61,7.08,6.61,6.85
2011-06-08,6.64,6.87,6.56,6.83
2011-06-09,6.72,6.93,6.65,6.7
2011-06-10,6.62,6.69,6.4,6.65
2011-06-13,6.5,6.65,6.42,6.6
2011-06-14,6.56,6.94,6.56,6.78
2011-06-15,6.7,6.85,6.62,6.68
2011-06-16,6.6,6.61,6.45,6.54
2011-06-17,6.52,6.62,6.26,6.35
2011-06-20,6.33,6.33,5.9,6.04
2011-06-21,6.03,6.19,6.0,6.17
2011-06-22,6.18,6.33,6.1,6.19
2011-06-23,6.25,6.32,6.18,6.25
2011-06-24,6.18,6.43,6.12,6.32
2011-06-27,6.3,6.52,6.29,6.47
2011-06-28,6.45,6.62,6.32,6.47
2011-06-29,6.43,6.45,6.22,6.33
2011-06-30,6.3,6.51,6.28,6.5
2011-07-01,6.47,6.79,6.42,6.6
2011-07-04,6.58,6.64,6.49,6.61
2011-07-05,6.59,6.72,6.52,6.71
2011-07-06,6.69,6.74,6.6,6.69
2011-07-07,6.67,6.72,6.56,6.65
2011-07-08,6.63,6.79,6.59,6.7
2011-07-11,6.69,6.71,6.62,6.66
2011-07-12,6.61,6.71,6.53,6.6
2011-07-13,6.65,6.84,6.61,6.79
2011-07-14,6.78,6.97,6.75,6.87
2011-07-15,6.82,7.15,6.81,7.06
2011-07-18,7.0,7.07,6.81,6.89
2011-07-19,6.8,6.93,6.64,6.82
2011-07-20,6.83,6.88,6.7,6.75
2011-07-21,6.75,6.77,6.57,6.59
2011-07-22,6.61,6.65,6.5,6.6
2011-07-25,6.6,6.6,6.17,6.2
2011-07-26,6.17,6.24,6.07,6.2
2011-07-27,6.2,6.36,6.14,6.28
2011-07-28,6.23,6.33,6.2,6.29
2011-07-29,6.26,6.3,6.18,6.19
2011-08-01,6.17,6.3,6.09,6.2
2011-08-02,6.16,6.34,6.09,6.28
2011-08-03,6.2,6.33,6.17,6.26
2011-08-04,6.26,6.44,6.25,6.31
2011-08-05,6.17,6.25,6.02,6.11
2011-08-08,6.06,6.06,5.57,5.62
2011-08-09,5.51,5.58,5.2,5.52
2011-08-10,5.64,5.72,5.51,5.56
2011-08-11,5.38,5.89,5.33,5.85
2011-08-12,5.83,6.35,5.8,6.25
2011-08-15,6.16,6.48,6.15,6.25
2011-08-16,6.24,6.29,6.08,6.11
2011-08-17,6.1,6.35,5.99,6.14
2011-08-18,6.09,6.33,6.08,6.29
2011-08-19,6.15,6.42,6.11,6.42
2011-08-22,6.39,6.55,6.16,6.31
2011-08-23,6.28,6.34,6.23,6.33
2011-08-24,6.38,6.47,6.21,6.21
2011-08-25,6.21,6.35,6.16,6.32
2011-08-26,6.28,6.46,6.22,6.4
2011-08-29,6.33,6.99,6.29,6.79
2011-08-30,6.77,7.39,6.76,7.1
2011-08-31,7.11,7.28,6.96,7.14
2011-09-01,7.18,7.18,6.97,7.02
2011-09-02,6.99,6.99,6.5,6.62
2011-09-05,6.6,7.28,6.46,7.27
2011-09-06,7.06,7.15,6.76,6.8
2011-09-07,6.81,7.2,6.64,7.1
2011-09-08,7.02,7.63,7.0,7.34
2011-09-09,7.28,7.74,7.27,7.32
2011-09-13,7.1,7.22,6.9,7.19
2011-09-14,7.18,7.39,7.02,7.26
2011-09-15,7.29,7.67,7.23,7.57
2011-09-16,7.57,7.57,7.32,7.35
2011-09-19,7.34,7.34,7.03,7.1
2011-09-20,7.01,7.33,7.01,7.25
2011-09-21,7.2,7.45,7.11,7.42
2011-09-22,7.33,7.39,6.9,6.94
2011-09-23,6.77,6.88,6.52,6.72
2011-09-26,6.69,6.95,6.6,6.66
2011-09-27,6.75,6.81,6.53,6.7
2011-09-28,6.75,6.77,6.3,6.3
2011-09-29,6.25,6.38,5.86,5.86
2011-09-30,5.97,6.15,5.93,5.99
2011-10-10,6.0,6.17,6.0,6.1
2011-10-11,6.3,6.35,6.05,6.16
2011-10-12,6.16,6.46,6.05,6.37
2011-10-13,6.33,6.51,6.31,6.4
2011-10-14,6.4,6.4,6.23,6.3
2011-10-17,6.21,6.25,6.0,6.05
2011-10-18,5.99,6.01,5.8,5.8
2011-10-19,5.85,5.88,5.62,5.69
2011-10-20,5.7,5.8,5.59,5.69
2011-10-21,5.75,5.76,5.55,5.55
2011-10-24,5.58,5.69,5.31,5.69
2011-10-25,5.69,5.88,5.58,5.8
2011-10-26,5.75,5.88,5.7,5.8
2011-10-27,5.83,5.9,5.76,5.79
2011-10-28,5.84,5.96,5.83,5.94
2011-10-31,5.94,6.18,5.88,6.18
2011-11-01,6.1,6.22,6.01,6.06
2011-11-02,5.96,6.03,5.79,6.01
2011-11-03,6.02,6.15,6.02,6.03
2011-11-04,6.05,6.24,6.03,6.1
2011-11-07,6.1,6.25,6.07,6.13
2011-11-08,6.13,6.16,5.83,5.88
2011-11-09,5.89,5.99,5.75,5.97
2011-11-10,5.88,5.88,5.68,5.7
2011-11-11,5.71,5.78,5.59,5.71
2011-11-14,5.75,5.85,5.71,5.8
2011-11-16,5.81,5.87,5.67,5.69
2011-11-17,5.7,5.75,5.64,5.71
2011-11-18,5.7,5.7,5.52,5.54
2011-11-21,5.58,5.58,5.45,5.57
2011-11-22,5.51,5.6,5.46,5.57
2011-11-23,5.62,5.63,5.54,5.55
2011-11-24,5.52,5.53,5.43,5.46
2011-11-25,5.45,5.72,5.43,5.59
2011-11-28,5.58,5.85,5.55,5.81
2011-11-29,5.88,5.88,5.71,5.76
2011-11-30,5.78,5.83,5.3,5.45
2011-12-01,5.62,5.68,5.55,5.58
2011-12-02,5.55,5.55,5.36,5.41
2011-12-05,5.42,5.46,5.18,5.2
2011-12-06,5.2,5.26,5.08,5.17
2011-12-07,5.19,5.24,5.12,5.14
2011-12-08,5.15,5.19,5.08,5.15
2011-12-09,5.1,5.17,5.05,5.06
2011-12-12,5.0,5.07,4.8,4.83
2011-12-13,4.8,4.8,4.39,4.48
2011-12-14,4.45,4.49,4.28,4.3
2011-12-15,4.27,4.27,4.0,4.05
2011-12-20,4.46,4.46,4.46,4.46
2011-12-21,4.91,4.91,4.91,4.91
2012-03-05,5.4,5.4,5.4,5.4
2012-03-06,5.94,5.94,5.94,5.94
2012-12-17,5.64,5.64,5.64,5.64
2012-12-18,5.36,5.36,5.36,5.36
2012-12-19,5.09,5.09,5.09,5.09
2012-12-20,4.84,4.84,4.84,4.84
2012-12-21,4.64,5.08,4.64,5.08
2012-12-24,4.9,4.96,4.83,4.83
2012-12-25,4.71,4.88,4.63,4.77
2012-12-26,4.79,4.87,4.75,4.82
2012-12-27,4.85,5.06,4.77,5.06
2012-12-28,5.01,5.06,4.97,5.0
2012-12-31,5.05,5.22,4.95,5.08
2013-01-09,5.33,5.33,5.33,5.33
2013-01-10,5.6,5.6,5.6,5.6
2013-01-11,5.61,5.83,5.32,5.57
2013-01-14,5.45,5.64,5.42,5.55
2013-01-15,5.56,5.65,5.52,5.56
2013-01-16,5.55,5.73,5.51,5.6
2013-01-17,5.58,5.59,5.42,5.45
2013-01-18,5.47,5.55,5.43,5.49
2013-01-21,5.52,5.76,5.46,5.76
2013-01-22,5.81,6.05,5.8,5.92
2013-01-23,5.85,5.89,5.67,5.79
2013-01-24,5.87,6.08,5.78,6.01
2013-01-25,5.98,6.27,5.89,6.13
2013-01-28,6.06,6.2,5.92,6.03
2013-01-29,5.94,6.02,5.73,5.74
2013-01-30,5.73,6.03,5.58,6.03
2013-01-31,6.0,6.0,5.8,5.82
2013-02-01,5.66,5.74,5.54,5.64
2013-02-04,5.65,5.76,5.6,5.62
2013-02-05,5.63,5.83,5.6,5.77
2013-02-06,5.74,5.85,5.7,5.78
2013-02-07,5.78,5.92,5.76,5.85
2013-02-08,5.9,5.9,5.69,5.74
2013-02-18,5.76,5.87,5.7,5.77
2013-02-19,5.79,5.8,5.55,5.55
2013-02-20,5.55,5.69,5.53,5.66
2013-02-21,5.62,5.63,5.5,5.56
2013-02-22,5.57,5.73,5.55,5.61
2013-02-25,5.58,5.61,5.5,5.56
2013-02-26,5.58,5.58,5.39,5.39
2013-03-04,5.66,5.66,5.66,5.66
2013-03-05,5.94,5.94,5.66,5.72
2013-03-06,5.66,5.67,5.43,5.67
2013-03-07,5.59,5.6,5.52,5.57
2013-03-08,5.57,5.7,5.53,5.63
2013-03-11,5.66,5.9,5.6,5.83
2013-03-12,5.95,6.12,5.87,6.12
2013-03-13,6.15,6.22,5.86,5.89
2013-03-14,5.91,6.18,5.87,6.18
2013-03-15,6.02,6.19,5.9,5.9
2013-03-18,5.91,6.07,5.78,5.83
2013-03-19,5.83,5.85,5.68,5.74
2013-03-20,5.74,5.94,5.7,5.87
2013-03-21,5.85,6.02,5.85,5.95
2013-03-22,5.95,6.09,5.91,5.95
2013-03-25,6.08,6.19,5.99,6.05
2013-03-26,6.0,6.35,6.0,6.2
2013-03-27,6.21,6.27,6.13,6.2
2013-03-28,6.18,6.18,5.96,5.98
2013-03-29,5.93,6.15,5.93,6.15
2013-04-01,6.07,6.23,6.05,6.18
2013-04-02,6.19,6.31,6.13,6.21
2013-04-03,6.2,6.2,6.03,6.1
2013-04-08,6.01,6.01,5.8,5.91
2013-04-09,5.91,5.99,5.87,5.96
2013-04-10,5.91,5.96,5.72,5.85
2013-04-11,5.84,5.92,5.78,5.8
2013-04-12,5.78,5.87,5.72,5.73
2013-04-15,5.68,5.69,5.44,5.49
2013-04-16,5.45,5.6,5.34,5.55
2013-04-17,5.55,5.57,5.49,5.57
2013-04-18,5.51,5.68,5.46,5.63
2013-04-19,5.63,5.76,5.6,5.72
2013-04-22,5.63,5.85,5.63,5.83
2013-04-23,5.83,5.83,5.63,5.73
2013-04-24,5.7,5.8,5.67,5.76
2013-04-25,5.9,6.03,5.8,5.82
2013-04-26,5.75,5.79,5.53,5.53
2013-05-02,5.53,5.65,5.44,5.56
2013-05-03,5.57,5.65,5.47,5.49
2013-05-06,5.47,5.56,5.45,5.54
2013-05-07,5.5,5.5,5.26,5.31
2013-05-08,5.28,5.36,5.24,5.3
2013-05-09,5.32,5.32,5.06,5.17
2013-05-10,5.17,5.24,5.1,5.24
2013-05-13,5.31,5.44,5.28,5.39
2013-05-14,5.39,5.41,5.3,5.38
2013-05-15,5.38,5.41,5.25,5.34
2013-05-16,5.32,5.4,5.27,5.38
2013-05-17,5.38,5.48,5.35,5.46
2013-05-20,5.53,5.57,5.45,5.45
2013-05-21,5.48,5.48,5.4,5.44
2013-05-22,5.42,5.48,5.38,5.47
2013-05-23,5.44,5.61,5.42,5.5
2013-05-24,5.5,5.78,5.5,5.78
2013-05-27,5.76,5.87,5.71,5.78
2013-05-28,5.81,6.06,5.81,5.98
2013-05-29,6.02,6.28,5.99,6.28
2013-05-30,6.25,6.31,6.09,6.27
2013-05-31,6.2,6.29,6.12,6.24
2013-06-20,5.93,5.93,5.93,5.93
2013-06-21,5.63,5.63,5.63,5.63
2013-06-24,5.45,5.54,5.35,5.35
2013-06-25,5.14,5.25,5.08,5.08
2013-06-26,5.12,5.16,4.98,5.12
2013-06-27,5.17,5.24,4.86,4.86
2013-06-28,4.82,4.9,4.62,4.74
2013-07-01,4.72,4.98,4.68,4.98
2013-07-02,5.0,5.17,4.98,5.12
2013-07-03,5.1,5.24,5.07,5.12
2013-07-04,5.11,5.15,4.99,5.04
2013-07-05,5.02,5.13,5.01,5.04
2013-07-08,5.01,5.01,4.79,4.79
2013-07-09,4.76,4.77,4.55,4.58
2013-07-10,4.58,4.79,4.58,4.76
2013-07-11,4.74,4.92,4.74,4.87
2013-07-12,4.87,4.91,4.73,4.74
2013-07-15,4.75,4.94,4.74,4.86
2013-07-16,4.83,4.9,4.77,4.88
2013-07-17,4.88,4.91,4.81,4.84
2013-07-18,4.84,4.84,4.62,4.7
2013-07-19,4.68,4.7,4.49,4.52
2013-07-22,4.5,4.54,4.32,4.53
2013-07-23,4.48,4.66,4.48,4.6
2013-07-24,4.58,4.65,4.5,4.62
2013-07-25,4.62,4.63,4.54,4.6
2013-07-26,4.59,4.65,4.55,4.61
2013-07-29,4.59,4.59,4.49,4.58
2013-07-30,4.58,4.73,4.5,4.7
2013-07-31,4.67,4.79,4.62,4.63
2013-08-01,4.66,4.77,4.62,4.75
2013-08-02,4.78,4.8,4.72,4.74
2013-08-05,4.77,4.85,4.72,4.83
2013-08-06,4.8,4.93,4.78,4.87
2013-08-07,4.86,4.94,4.81,4.88
2013-08-08,4.84,4.89,4.8,4.85
2013-08-09,4.85,4.87,4.78,4.83
2013-08-12,4.93,4.96,4.83,4.96
2013-08-13,4.95,4.96,4.85,4.91
2013-08-14,4.88,4.92,4.86,4.9
2013-08-15,4.89,4.9,4.79,4.82
2013-08-16,4.77,4.83,4.68,4.69
2013-08-19,4.66,4.74,4.64,4.68
2013-08-20,4.69,4.76,4.68,4.74
2013-08-21,4.74,4.98,4.7,4.98
2013-08-22,5.08,5.18,4.99,5.07
2013-08-23,5.03,5.08,4.93,5.0
2013-08-26,5.01,5.14,4.98,5.1
2013-08-27,5.13,5.17,5.07,5.13
2013-08-28,5.07,5.12,4.99,5.01
2013-08-29,5.01,5.06,4.94,5.0
2013-08-30,4.99,5.05,4.97,4.99
2013-09-02,5.01,5.16,4.99,5.12
2013-09-03,5.13,5.18,5.08,5.15
2013-09-04,5.16,5.17,5.09,5.13
2013-09-05,5.15,5.22,5.09,5.2
2013-09-06,5.22,5.41,5.19,5.37
2013-09-09,5.43,5.48,5.31,5.36
2013-09-10,5.38,5.38,5.16,5.25
2013-09-11,5.24,5.28,5.17,5.2
2013-09-12,4.99,5.09,4.94,5.0
2013-09-13,4.97,5.01,4.92,4.99
2013-09-16,5.0,5.07,5.0,5.03
2013-09-17,5.05,5.05,4.92,4.92
2013-09-18,4.92,4.98,4.92,4.97
2013-09-23,4.99,5.08,4.96,5.06
2013-09-24,5.06,5.08,4.97,5.01
2013-09-25,5.01,5.07,4.92,4.94
2013-09-26,4.95,4.96,4.77,4.77
2013-09-27,4.78,5.0,4.7,4.98
2013-09-30,4.9,4.99,4.88,4.99
2013-10-08,4.94,4.96,4.86,4.93
2013-10-09,4.92,4.97,4.89,4.95
2013-10-10,4.95,4.95,4.86,4.88
2013-10-11,4.89,4.99,4.89,4.94
2013-10-14,4.9,4.94,4.85,4.89
2013-10-15,4.89,4.91,4.86,4.88
2013-10-16,4.88,4.88,4.71,4.74
2013-10-17,4.74,4.88,4.74,4.77
2013-10-18,4.78,4.82,4.75,4.81
2013-10-21,4.78,4.84,4.75,4.82
2013-10-22,4.82,4.83,4.77,4.78
2013-10-23,4.79,4.82,4.62,4.74
2013-10-24,4.7,4.87,4.67,4.86
2013-10-25,4.84,4.86,4.74,4.75
2013-10-28,4.73,4.74,4.6,4.69
2013-10-29,4.75,4.83,4.49,4.63
2013-10-30,4.62,4.67,4.56,4.67
2013-10-31,4.66,4.7,4.61,4.69
2013-11-01,4.72,4.92,4.69,4.84
2013-11-04,4.8,4.86,4.76,4.84
2013-11-05,4.84,4.9,4.8,4.86
2013-11-06,4.87,4.91,4.82,4.83
2013-11-07,4.8,4.84,4.74,4.77
2013-11-08,4.74,4.77,4.6,4.66
2013-11-11,4.64,4.73,4.5,4.71
2013-11-12,4.7,4.75,4.67,4.72
2013-11-13,4.72,4.73,4.68,4.69
2013-11-14,4.7,4.83,4.64,4.77
2013-11-15,4.77,4.84,4.77,4.81
2013-11-18,4.74,4.83,4.71,4.79
2013-11-19,4.77,4.84,4.72,4.74
2013-11-20,4.74,4.78,4.71,4.76
2013-11-21,4.74,4.76,4.69,4.72
2013-11-22,4.71,4.82,4.7,4.75
2013-11-25,4.8,4.94,4.77,4.86
2013-11-26,4.87,4.89,4.82,4.86
2013-11-27,4.85,4.87,4.82,4.86
2013-11-28,4.85,4.95,4.84,4.88
2013-11-29,4.87,4.98,4.85,4.97
2013-12-02,4.76,4.89,4.72,4.72
2013-12-03,4.59,4.75,4.59,4.71
2013-12-04,4.77,4.81,4.72,4.76
2013-12-05,4.75,4.77,4.72,4.75
2013-12-06,4.76,4.79,4.73,4.79
2013-12-09,4.8,4.84,4.76,4.82
2013-12-10,4.84,4.84,4.73,4.77
2013-12-11,4.77,4.78,4.71,4.76
2013-12-12,4.78,4.78,4.72,4.74
2013-12-13,4.72,4.75,4.7,4.74
2013-12-16,4.73,4.73,4.67,4.68
2013-12-17,4.67,4.7,4.56,4.56
2013-12-18,4.6,4.66,4.59,4.61
2013-12-19,4.64,4.64,4.56,4.6
2013-12-20,4.6,4.6,4.38,4.44
2013-12-23,4.44,4.45,4.35,4.35
2013-12-24,4.35,4.42,4.35,4.37
2013-12-25,4.39,4.44,4.37,4.44
2013-12-26,4.41,4.57,4.41,4.48
2013-12-27,4.5,4.56,4.46,4.53
2013-12-31,4.98,4.98,4.98,4.98
2014-01-02,4.88,4.88,4.67,4.75
2014-01-03,4.72,4.72,4.51,4.51
2014-01-06,4.53,4.57,4.42,4.46
2014-01-07,4.41,4.49,4.36,4.38
2014-01-08,4.42,4.43,4.24,4.26
2014-01-09,4.25,4.28,4.09,4.12
2014-01-10,4.13,4.13,4.02,4.08
2014-01-13,4.08,4.11,4.0,4.03
2014-01-14,4.01,4.22,4.01,4.18
2014-01-15,4.13,4.18,4.09,4.11
2014-01-16,4.12,4.24,4.1,4.16
2014-01-17,4.13,4.16,3.99,4.03
2014-01-20,4.02,4.03,3.96,3.99
2014-01-21,4.01,4.06,3.99,4.03
2014-01-22,4.05,4.12,4.01,4.1
2014-01-23,4.11,4.14,4.09,4.11
2014-01-24,4.13,4.15,4.08,4.14
2014-01-27,4.12,4.12,4.07,4.09
2014-01-28,4.1,4.11,4.04,4.08
2014-01-29,4.06,4.12,4.05,4.11
2014-01-30,4.03,4.11,4.03,4.06
2014-02-07,4.06,4.13,4.01,4.12
2014-02-10,4.13,4.26,4.12,4.22
2014-02-11,4.23,4.39,4.17,4.21
2014-02-12,4.2,4.26,4.19,4.23
2014-02-13,4.25,4.25,4.1,4.13
2014-02-14,4.16,4.19,4.14,4.18
2014-02-17,4.2,4.26,4.17,4.23
2014-02-18,4.22,4.45,4.16,4.31
2014-02-19,4.32,4.35,4.27,4.31
2014-02-20,4.35,4.35,4.24,4.25
2014-02-21,4.25,4.25,4.15,4.18
2014-02-24,4.18,4.21,4.06,4.08
2014-02-25,4.09,4.11,3.97,4.0
2014-02-26,3.99,4.03,3.96,4.03
2014-02-27,4.03,4.23,4.0,4.15
2014-02-28,4.12,4.16,4.07,4.13
2014-03-03,4.11,4.13,4.08,4.11
2014-03-04,4.08,4.1,4.04,4.07
2014-03-05,4.07,4.09,4.05,4.07
2014-03-06,4.07,4.08,4.0,4.06
2014-03-07,4.06,4.07,4.03,4.05
2014-03-10,4.02,4.02,3.82,3.84
2014-03-11,3.83,3.88,3.8,3.86
2014-03-12,3.86,3.94,3.82,3.91
2014-03-13,3.9,3.93,3.86,3.89
2014-03-14,3.88,3.94,3.84,3.91
2014-03-17,3.91,3.96,3.9,3.96
2014-03-18,3.96,4.01,3.9,3.98
2014-03-19,3.96,3.97,3.91,3.96
2014-03-20,3.95,4.11,3.93,3.96
2014-03-21,3.95,4.04,3.88,4.03
2014-03-24,4.04,4.06,3.99,4.04
2014-03-25,4.05,4.07,4.02,4.05
2014-03-26,4.05,4.08,4.03,4.07
2014-03-27,4.06,4.08,4.03,4.04
2014-03-28,4.08,4.14,3.97,3.99
2014-03-31,3.97,3.97,3.84,3.85
2014-04-01,3.87,3.93,3.86,3.92
2014-04-02,3.94,3.95,3.9,3.94
2014-04-03,3.93,4.07,3.93,3.98
2014-04-04,3.95,3.99,3.93,3.99
2014-04-08,3.97,4.03,3.96,4.01
2014-04-09,4.02,4.13,4.0,4.1
2014-04-10,4.09,4.12,4.05,4.07
2014-04-11,4.06,4.07,4.0,4.06
2014-04-14,4.03,4.09,4.02,4.06
2014-04-15,4.02,4.07,3.99,4.06
2014-04-16,4.03,4.06,4.02,4.04
2014-04-17,4.04,4.07,4.03,4.05
2014-04-18,4.04,4.05,4.0,4.05
2014-04-21,4.04,4.04,3.95,3.95
2014-04-22,3.95,3.97,3.87,3.92
2014-04-23,3.91,3.98,3.9,3.96
2014-04-24,3.96,4.23,3.95,4.14
2014-04-25,4.1,4.14,4.04,4.06
2014-04-28,4.0,4.05,3.93,4.0
2014-04-29,3.99,4.1,3.95,4.08
2014-04-30,4.08,4.21,4.04,4.18
2014-05-05,4.14,4.3,4.1,4.24
2014-05-06,4.25,4.35,4.21,4.22
2014-05-07,4.22,4.32,4.18,4.28
2014-05-08,4.26,4.32,4.19,4.24
2014-05-09,4.22,4.28,4.15,4.28
2014-05-12,4.25,4.39,4.25,4.38
2014-05-13,4.38,4.43,4.32,4.35
2014-05-14,4.35,4.35,4.3,4.31
2014-05-15,4.29,4.33,4.27,4.29
2014-05-16,4.27,4.37,4.27,4.35
2014-05-19,4.34,4.38,4.3,4.36
2014-05-20,4.38,4.46,4.34,4.42
2014-05-21,4.42,4.48,4.38,4.46
2014-05-22,4.46,4.48,4.3,4.35
2014-05-23,4.31,4.37,4.27,4.35
2014-05-26,4.35,4.41,4.32,4.41
2014-05-27,4.41,4.48,4.39,4.42
2014-05-28,4.42,4.44,4.35,4.37
2014-05-29,4.37,4.39,4.34,4.36
2014-05-30,4.35,4.36,4.29,4.35
2014-06-03,4.38,4.42,4.35,4.4
2014-06-04,4.41,4.47,4.3,4.44
2014-06-05,4.44,4.56,4.37,4.52
2014-06-06,4.51,4.7,4.48,4.57
2014-06-09,4.57,4.7,4.55,4.6
2014-06-10,4.6,4.68,4.55,4.56
2014-06-11,4.54,4.66,4.53,4.54
2014-06-12,4.53,4.59,4.52,4.53
2014-06-13,4.54,4.62,4.52,4.59
2014-06-16,4.56,4.64,4.55,4.58
2014-06-17,4.58,4.65,4.55,4.62
2014-06-18,4.58,4.64,4.55,4.59
2014-06-19,4.59,4.59,4.25,4.36
2014-06-20,4.38,4.5,4.34,4.41
2014-06-23,4.39,4.46,4.37,4.39
2014-06-24,4.38,4.55,4.34,4.5
2014-06-25,4.48,4.57,4.45,4.53
2014-06-26,4.5,4.72,4.5,4.69
2014-09-26,5.16,5.16,5.16,5.16
2014-09-29,5.68,5.68,5.68,5.68
2014-09-30,6.25,6.25,6.25,6.25
2014-10-08,6.88,6.88,6.88,6.88
2014-10-09,7.57,7.57,7.57,7.57
2014-10-10,8.33,8.33,8.33,8.33
2014-10-13,9.16,9.16,8.5,9.16
2014-10-14,8.79,8.93,8.42,8.55
2014-10-15,8.41,8.73,8.18,8.56
2014-10-16,8.55,8.78,8.33,8.56
2014-10-17,8.56,8.58,7.9,8.07
2014-10-20,8.03,8.21,7.81,8.15
2014-10-21,8.09,8.38,8.08,8.12
2014-10-22,8.12,8.25,8.04,8.05
2014-10-23,8.0,8.42,7.92,8.16
2014-10-24,8.16,8.37,8.04,8.07
2014-10-27,7.98,8.12,7.82,7.99
2014-10-28,8.02,8.36,8.02,8.29
2014-10-29,8.26,8.5,8.26,8.42
2014-10-30,8.5,8.5,8.22,8.25
2014-10-31,8.26,8.35,8.12,8.21
2014-11-03,8.2,8.45,8.17,8.41
2014-11-04,8.41,8.47,8.25,8.36
2014-11-05,8.31,8.85,8.21,8.73
2014-11-06,8.68,9.29,8.64,9.12
2014-11-07,9.1,9.16,8.72,8.82
2014-11-10,8.86,9.19,8.72,9.04
2014-11-11,9.0,9.67,8.95,9.2
2014-11-12,9.25,9.25,8.83,8.97
2014-11-13,9.01,9.05,8.55,8.56
2014-11-14,8.5,8.65,8.26,8.51
2014-11-17,8.44,8.72,8.36,8.56
2014-11-18,8.56,8.67,8.48,8.54
2014-11-19,8.49,8.64,8.47,8.63
2014-11-20,8.66,9.14,8.63,9.14
2014-11-21,9.14,9.19,8.91,8.96
2014-11-24,9.1,9.1,8.82,8.91
2014-11-25,8.91,9.24,8.86,9.15
2014-11-26,9.1,9.34,9.1,9.15
2014-11-27,9.16,10.07,9.12,9.95
2014-11-28,9.93,10.04,9.5,9.67
2014-12-01,9.9,10.57,9.4,9.4
2014-12-02,9.49,9.72,9.31,9.37
2014-12-03,9.41,9.59,9.14,9.44
2014-12-04,9.44,9.58,9.3,9.41
2014-12-05,9.37,9.38,8.51,9.07
2014-12-08,9.03,9.03,8.79,8.91
2014-12-09,8.85,8.85,8.2,8.22
2014-12-10,8.3,8.6,8.2,8.58
2014-12-11,8.61,9.21,8.49,9.0
2014-12-12,9.03,9.21,8.95,9.0
2014-12-15,9.05,9.38,9.01,9.12
2014-12-16,9.15,9.19,8.82,8.94
2014-12-17,9.2,9.6,9.0,9.05
2014-12-18,8.9,9.09,8.65,8.82
2014-12-19,8.83,8.88,8.28,8.46
2014-12-22,8.42,8.46,7.99,7.99
2014-12-23,8.0,8.23,7.88,8.09
2014-12-24,8.11,8.33,8.1,8.3
2014-12-25,8.3,8.38,8.2,8.3
2014-12-26,8.3,8.35,8.16,8.27
2014-12-29,8.27,8.3,8.06,8.11
2014-12-30,8.19,8.19,7.84,7.84
2014-12-31,7.84,7.95,7.4,7.94
2015-01-05,7.87,7.9,7.7,7.84
2015-01-06,7.86,8.07,7.72,7.96
2015-01-07,7.96,7.96,7.81,7.89
2015-01-08,7.89,7.95,7.7,7.87
2015-01-09,7.86,7.97,7.78,7.85
2015-01-12,7.84,7.84,7.65,7.76
2015-01-13,7.75,8.14,7.74,8.1
2015-01-14,8.14,8.18,7.95,8.02
2015-01-15,7.62,7.95,7.62,7.77
2015-01-16,7.7,7.74,7.46,7.61
2015-01-19,7.58,8.1,7.55,7.71
2015-01-20,7.75,7.93,7.75,7.91
2015-01-21,7.93,8.7,7.91,8.7
2015-01-22,9.07,9.53,8.62,9.07
2015-01-23,8.75,8.95,8.62,8.85
2015-01-26,8.73,9.1,8.65,8.86
2015-01-27,8.88,9.11,8.79,9.04
2015-01-28,9.0,9.14,8.89,8.89
2015-01-29,8.8,8.9,8.5,8.61
2015-01-30,8.62,9.0,8.6,8.71
2015-02-02,8.71,9.05,8.45,8.84
2015-02-03,8.88,9.3,8.84,8.99
2015-02-04,9.0,9.07,8.78,8.83
2015-02-05,8.9,8.95,8.74,8.91
2015-02-06,8.84,8.84,8.52,8.54
2015-02-09,8.58,8.68,8.29,8.32
2015-02-10,8.32,8.43,8.25,8.38
2015-02-11,8.52,8.6,8.35,8.49
2015-02-12,8.5,8.66,8.46,8.58
2015-02-13,8.58,8.76,8.57,8.6
2015-02-16,8.66,8.88,8.62,8.74
2015-02-17,8.77,8.93,8.75,8.9
2015-02-25,8.89,8.96,8.82,8.9
2015-02-26,8.93,8.95,8.81,8.89
2015-02-27,8.91,9.0,8.84,8.98
2015-03-02,8.98,9.09,8.93,9.0
2015-03-03,8.96,9.38,8.81,9.25
2015-03-04,9.22,10.18,9.18,10.18
2015-03-05,10.39,10.51,10.0,10.16
2015-03-06,10.16,10.22,9.71,9.83
2015-03-09,9.84,10.15,9.71,9.98
2015-03-10,9.99,10.47,9.87,10.03
2015-03-11,10.0,10.4,9.95,10.09
2015-03-12,10.14,10.63,10.07,10.19
2015-03-13,10.25,10.36,10.0,10.2
2015-03-16,10.24,10.91,10.21,10.83
2015-03-17,10.84,11.0,10.56,10.75
2015-03-18,10.84,10.99,10.66,10.84
2015-03-19,10.79,10.95,10.65,10.7
2015-03-20,10.72,10.85,10.63,10.71
2015-03-23,10.72,11.7,10.61,11.64
2015-03-24,11.63,12.58,11.32,12.43
2015-03-25,12.39,13.01,12.11,12.5
2015-03-26,12.5,12.86,11.99,12.05
2015-03-27,11.95,12.41,11.51,12.26
2015-03-30,12.28,13.49,12.28,13.34
2015-03-31,13.32,14.1,12.95,13.11
2015-04-01,13.16,13.62,13.0,13.34
2015-04-02,13.35,14.67,13.35,14.66
2015-04-03,14.65,15.51,14.3,15.28
2015-04-07,15.28,16.31,15.01,16.12
2015-04-08,16.13,16.27,15.12,15.71
2015-04-09,15.71,15.71,14.14,15.26
2015-04-10,15.12,15.87,14.81,15.67
2015-04-13,15.7,15.92,14.98,15.29
2015-04-14,15.32,16.29,15.18,15.51
2015-04-16,14.73,14.73,14.73,14.73
2015-04-17,13.99,15.4,13.99,15.31
2015-04-20,14.93,16.08,14.85,15.6
2015-04-21,15.67,16.38,15.67,16.38
2015-04-22,16.98,17.2,16.78,17.2
2015-04-23,18.06,18.06,18.06,18.06
2015-04-24,18.96,18.96,18.96,18.96
2015-04-27,19.91,19.91,18.2,18.99
2015-04-28,18.99,19.78,18.45,18.56
2015-04-29,18.51,19.49,18.44,19.49
2015-04-30,20.46,20.46,20.06,20.46
2015-05-04,21.2,21.48,20.0,20.46
2015-05-05,19.93,20.85,19.92,20.09
2015-05-06,20.35,21.09,20.35,21.09
2015-05-07,21.79,22.14,21.51,22.14
2015-05-08,23.24,23.25,23.24,23.25
2015-05-11,24.41,24.41,23.51,24.41
2015-05-12,25.63,25.63,25.63,25.63
2015-05-13,26.91,26.91,26.91,26.91
2015-05-14,28.26,28.26,28.26,28.26
2015-05-15,29.67,29.67,26.86,29.67
2015-05-18,31.14,31.15,29.68,31.15
2015-05-19,32.71,32.71,32.71,32.71
2015-05-20,34.35,34.35,34.35,34.35
2015-05-21,36.07,36.07,34.46,36.07
2015-05-22,37.87,37.87,37.87,37.87
2015-05-25,39.76,39.76,38.73,39.76
2015-05-26,41.75,41.75,41.75,41.75
2015-05-27,43.84,43.84,43.84,43.84
2015-05-28,46.03,46.03,45.1,45.6
2015-05-29,45.5,45.6,43.32,43.32
2015-06-01,41.15,41.15,41.15,41.15
2015-06-02,39.09,43.21,39.09,43.21
2015-06-03,45.37,45.37,41.05,41.05
2015-06-04,39.6,41.9,39.0,39.0
2015-06-05,39.02,40.5,37.05,37.05
2015-06-08,35.62,36.62,35.2,35.2
2015-06-09,33.44,36.95,33.44,35.87
2015-06-10,35.64,37.66,35.02,37.66
2015-06-11,39.45,39.45,37.66,38.41
2015-06-12,37.93,37.93,36.49,36.49
2015-06-15,36.0,36.98,34.67,34.7
2015-06-16,33.44,34.3,32.97,32.97
2015-06-17,31.35,32.3,31.32,31.32
2015-06-18,31.59,32.84,29.9,29.9
2015-06-19,28.98,28.98,28.41,28.41
2015-06-23,26.99,26.99,26.99,26.99
2015-06-24,27.0,28.34,27.0,28.34
2015-06-25,28.44,29.6,26.92,26.92
2015-06-26,25.57,25.88,25.57,25.57
2015-06-29,24.29,24.29,24.29,24.29
2015-06-30,23.08,25.43,23.08,23.59
2015-07-01,23.39,24.36,22.41,22.41
2015-07-02,21.29,21.29,21.29,21.29
2015-07-03,20.23,20.23,20.23,20.23
2015-07-06,19.6,21.11,19.22,19.22
2015-07-07,18.26,18.26,18.26,18.26
2015-07-08,17.35,17.35,17.35,17.35
2015-07-09,16.48,18.22,16.48,18.14
2015-07-10,17.4,19.05,17.23,19.05
2015-07-13,19.08,20.0,18.13,20.0
2015-07-14,19.99,21.0,19.2,20.39
2015-07-15,19.5,20.19,19.37,19.37
2015-07-16,18.4,19.45,18.4,18.41
2015-07-17,18.37,19.2,17.65,18.67
2015-07-20,18.68,19.6,18.68,19.6
2015-07-21,20.0,20.58,19.71,20.58
2015-07-22,21.61,21.61,21.61,21.61
2015-07-23,22.69,22.69,22.69,22.69
2015-07-24,23.82,23.82,23.82,23.82
2015-07-27,25.01,25.01,22.7,22.75
2015-07-28,21.61,23.89,21.61,23.89
2015-07-29,25.08,25.08,25.08,25.08
2015-07-30,26.33,26.33,26.33,26.33
2015-07-31,26.5,27.65,25.02,27.49
2015-08-03,26.99,27.88,26.12,26.12
2015-08-04,26.29,26.75,24.81,24.83
2015-08-05,24.5,24.7,23.6,23.95
2015-08-06,24.0,25.15,23.5,25.15
2015-08-07,26.38,26.41,25.61,26.41
2015-08-10,27.4,27.4,25.5,27.19
2015-08-11,26.5,28.48,26.27,27.77
2015-08-12,27.24,28.81,27.01,27.9
2015-08-13,28.3,28.5,26.85,27.81
2015-08-14,28.01,28.39,26.42,26.78
2015-08-17,27.0,27.82,26.21,26.56
2015-08-18,26.47,27.13,25.23,25.23
2015-08-19,24.02,25.2,23.97,24.42
2015-08-20,25.63,25.63,23.25,23.4
2015-08-21,23.58,24.16,22.23,22.23
2015-08-24,21.12,21.12,21.12,21.12
2015-08-25,20.06,20.06,20.06,20.06
2015-08-26,19.06,19.06,19.06,19.06
2015-08-27,18.11,19.06,18.11,18.11
2015-08-28,18.5,19.01,17.5,18.85
2015-08-31,18.5,18.6,17.91,17.91
2015-09-01,17.01,17.17,17.01,17.01
2015-09-02,16.16,16.9,16.16,16.16
2015-09-07,15.47,16.5,15.35,15.35
2015-09-08,14.9,14.95,14.58,14.58
2015-09-09,14.96,15.31,14.83,15.31
2015-09-10,16.08,16.08,15.71,16.08
2015-09-11,16.88,16.88,16.88,16.88
2015-09-14,17.72,17.72,16.09,16.8
2015-09-15,16.22,17.64,16.22,17.64
2015-09-16,18.0,18.43,16.76,18.23
2015-09-17,17.66,18.15,17.32,17.32
2015-09-18,17.01,17.52,16.52,16.72
2015-09-21,16.43,17.51,16.4,17.41
2015-09-22,17.43,18.28,17.43,18.28
2015-09-23,18.13,18.13,17.42,17.83
2015-09-24,18.0,18.72,17.6,18.0
2015-09-25,18.0,18.6,17.11,17.35
2015-09-28,17.34,17.95,17.0,17.65
2015-09-29,17.4,17.44,16.94,16.95
2015-09-30,17.03,17.29,16.67,16.84
2015-10-08,17.3,17.68,17.07,17.6
2015-10-09,17.79,17.95,17.41,17.9
2015-10-12,17.82,18.8,17.82,18.8
2015-10-13,19.74,19.74,19.74,19.74
2015-10-14,20.73,20.73,20.0,20.73
2015-10-15,20.6,21.73,20.32,21.26
2015-10-16,21.5,21.98,20.5,20.96
2015-10-19,21.0,22.01,20.96,22.01
2015-10-20,22.5,23.11,22.5,23.11
2015-10-21,23.9,23.9,21.95,21.95
2015-10-22,21.9,22.55,20.99,21.95
2015-10-23,22.29,23.05,21.43,23.05
2015-10-26,23.35,24.2,23.05,24.2
2015-10-27,24.25,25.4,23.4,25.39
2015-10-28,25.39,25.74,24.6,24.81
2015-10-29,24.96,25.2,23.79,24.49
2015-10-30,24.61,25.71,23.6,25.71
2015-11-02,25.18,26.96,24.7,25.91
2015-11-03,25.6,26.68,25.6,26.17
2015-11-04,26.49,27.19,26.03,26.9
2015-11-05,26.79,26.95,25.56,25.56
2015-11-06,25.59,26.17,25.01,25.59
2015-11-09,26.49,26.87,26.17,26.87
2015-11-10,28.21,28.21,27.01,28.21
2015-11-11,28.3,29.62,28.3,29.62
2015-11-12,31.1,31.1,28.14,28.2
2015-11-13,27.91,28.5,26.9,27.02
2015-11-16,26.08,26.5,25.7,26.2
2015-11-17,26.4,27.51,26.33,27.51
2015-11-18,27.71,28.18,26.22,26.31
2015-11-19,26.26,26.6,25.0,25.8
2015-11-20,25.73,27.0,25.55,26.0
2015-11-23,26.15,26.38,25.11,25.32
2015-11-24,25.29,26.1,24.5,25.72
2015-11-25,25.61,26.36,25.6,25.94
2015-11-26,26.13,27.24,25.81,27.2
2015-11-27,27.05,28.19,26.0,26.46
2015-11-30,26.28,27.2,25.65,26.93
2015-12-01,26.92,27.36,25.7,25.8
2015-12-02,25.8,26.0,24.51,24.51
2015-12-03,24.6,24.99,23.86,24.7
2015-12-04,24.7,25.49,24.6,25.2
2015-12-07,25.2,25.99,25.12,25.64
2015-12-08,25.74,25.79,24.52,25.07
2015-12-09,25.29,26.32,25.27,26.32
2015-12-10,27.64,27.64,27.64,27.64
2015-12-11,27.65,27.98,26.66,26.87
2015-12-14,26.42,28.0,26.01,27.44
2015-12-15,27.44,28.77,27.0,27.77
2015-12-16,27.67,28.48,27.4,27.56
2015-12-17,27.56,28.36,27.56,28.15
2015-12-18,28.15,28.35,27.7,28.2
2015-12-21,28.32,28.99,27.88,28.15
2015-12-22,28.14,28.53,27.8,27.95
2015-12-23,27.76,28.35,27.5,27.65
2015-12-24,28.14,28.95,27.83,28.48
2015-12-25,28.33,28.48,28.0,28.24
2015-12-28,28.24,28.36,26.85,26.99
2015-12-29,26.85,26.85,25.8,26.22
2015-12-30,27.0,27.53,26.5,27.53
2015-12-31,28.28,28.28,26.75,26.92
2016-01-04,26.51,26.92,25.57,25.57
2016-01-05,24.29,24.97,24.29,24.29
2016-01-06,24.29,24.5,23.08,23.85
2016-01-07,22.74,23.5,22.66,22.66
2016-01-08,23.1,23.4,21.53,21.73
2016-01-11,21.79,22.0,20.64,20.64
2016-01-12,19.7,20.2,19.61,19.61
2016-01-13,19.0,20.36,18.63,18.64
2016-01-14,18.15,19.07,17.71,18.94
2016-01-15,18.7,19.68,18.52,18.67
2016-01-18,19.5,19.6,18.82,19.6
2016-01-19,20.58,20.58,20.3,20.58
2016-01-20,21.61,21.61,21.61,21.61
2016-01-21,21.61,22.38,20.53,20.69
2016-01-22,20.82,21.72,20.6,21.72
2016-01-25,22.0,22.81,21.82,22.81
2016-01-26,22.4,23.16,21.67,21.67
2016-01-27,21.0,21.88,20.59,20.74
2016-01-28,20.95,21.0,19.7,19.7
2016-01-29,19.5,20.35,18.96,20.05
2016-02-01,20.05,20.35,19.5,19.69
2016-02-02,19.94,20.67,19.8,20.67
2016-02-03,20.5,21.7,20.3,21.56
2016-02-04,21.6,22.13,21.3,21.49
2016-02-05,21.51,21.89,21.2,21.3
2016-02-15,20.88,22.37,20.51,22.37
2016-02-16,22.81,23.42,22.45,23.0
2016-02-17,23.11,23.39,22.6,23.01
2016-02-18,23.1,23.5,22.56,22.67
2016-02-19,22.71,22.93,22.16,22.58
2016-02-22,22.77,23.14,22.38,22.6
2016-02-23,22.42,23.71,22.42,23.53
2016-02-24,23.59,24.22,22.86,23.5
2016-02-25,23.45,23.45,22.33,22.33
2016-02-26,21.31,21.89,21.21,21.21
2016-02-29,21.0,21.0,20.15,20.15
2016-03-01,19.25,20.14,19.14,19.68
2016-03-02,19.91,20.66,19.78,20.66
2016-03-03,20.86,21.69,20.76,21.24
2016-03-04,22.3,22.3,21.6,22.3
2016-03-07,22.8,23.42,22.3,23.42
2016-03-08,24.0,24.59,22.7,24.59
2016-03-09,23.86,25.29,23.61,24.0
2016-03-10,23.67,24.2,22.8,22.8
2016-03-11,22.2,23.16,21.8,22.15
2016-03-14,22.85,23.26,22.31,23.26
2016-03-15,23.8,23.8,22.91,23.3
2016-03-16,23.55,24.35,23.1,23.41
2016-03-17,23.68,24.25,22.94,23.9
2016-03-18,23.51,25.1,23.51,24.7
2016-03-21,24.99,25.94,24.6,25.6
2016-03-22,25.39,25.39,24.57,24.63
2016-03-23,24.18,25.27,24.18,25.05
2016-03-25,26.75,27.0,24.48,25.05
2016-03-28,24.65,27.56,24.63,26.49
2016-03-29,26.11,26.48,24.5,25.25
2016-03-30,25.53,26.19,25.22,26.09
2016-03-31,27.0,27.1,26.28,26.57
2016-04-01,26.35,26.75,25.37,25.66
2016-04-05,25.7,26.4,25.23,26.18
2016-04-06,25.93,26.16,24.97,25.76
2016-04-07,25.5,25.96,24.7,24.74
2016-04-08,24.49,24.49,23.12,23.73
2016-04-11,24.2,25.09,24.05,24.7
2016-04-12,24.99,24.99,23.7,24.18
2016-04-13,24.45,25.6,24.25,24.84
2016-04-14,24.83,25.48,24.64,25.18
2016-04-15,25.16,25.33,24.53,24.9
2016-04-18,24.53,24.68,23.67,23.94
2016-04-19,24.2,24.59,23.77,24.5
2016-04-20,24.42,24.57,22.05,22.45
2016-04-21,22.45,22.58,21.09,21.2
2016-04-22,21.16,21.48,20.79,21.4
2016-04-25,21.48,22.05,20.59,21.95
2016-04-26,21.9,22.6,21.7,22.24
2016-04-27,22.56,22.56,21.88,21.88
2016-04-28,21.56,22.1,20.88,21.48
2016-04-29,21.49,22.0,21.2,21.64
2016-05-03,21.65,22.62,21.45,22.23
2016-05-04,22.18,22.4,21.83,21.84
2016-05-05,21.81,22.35,21.71,22.1
2016-05-06,22.0,22.35,20.85,20.85
2016-05-09,20.8,20.8,19.82,20.03
2016-05-10,20.1,20.38,19.9,20.14
2016-05-11,20.36,20.45,19.88,19.98
2016-05-12,19.8,19.88,19.38,19.6
2016-05-13,19.9,20.33,19.58,19.76
2016-05-16,19.78,20.19,19.6,19.82
2016-05-17,19.99,20.0,19.6,19.8
2016-05-18,19.71,19.71,18.5,18.91
2016-05-19,18.89,19.09,18.51,18.58
2016-05-20,18.9,20.43,18.71,19.59
2016-05-23,19.4,20.0,19.34,19.58
2016-05-24,19.3,19.59,18.88,19.13
2016-05-25,19.25,20.2,19.2,20.02
2016-05-26,19.79,20.08,19.2,19.6
2016-05-27,19.79,19.79,19.26,19.64
2016-05-30,19.46,19.5,19.07,19.48
2016-05-31,19.54,21.38,19.54,21.34
2016-06-01,21.3,22.25,21.05,21.58
2016-06-02,21.8,22.1,21.37,21.98
2016-06-03,21.9,21.98,21.22,21.86
2016-06-06,21.81,21.9,21.31,21.47
2016-06-07,21.5,21.95,21.2,21.39
2016-06-08,21.27,21.49,21.13,21.41
2016-06-13,21.22,21.22,19.65,19.7
2016-06-14,19.65,19.87,19.06,19.5
2016-06-15,19.3,20.35,19.0,19.96
2016-06-16,19.82,20.15,19.38,19.57
2016-06-17,19.57,19.96,19.4,19.78
2016-06-20,19.44,19.75,19.32,19.5
2016-06-21,19.75,20.55,19.55,19.88
2016-06-22,19.76,19.98,19.6,19.91
2016-06-23,19.91,20.34,19.62,19.97
2016-06-24,19.98,20.19,18.61,19.78
2016-06-27,19.42,20.8,19.4,20.77
2016-06-28,20.82,20.82,20.28,20.56
2016-06-29,20.57,21.14,20.57,20.6
2016-06-30,20.65,20.82,20.23,20.78
2016-07-01,20.7,20.88,20.22,20.78
2016-07-04,20.6,20.88,20.36,20.71
2016-07-05,20.6,21.33,20.52,20.69
2016-07-06,20.58,20.83,20.35,20.49
2016-07-07,20.53,20.53,19.9,20.17
2016-07-08,20.02,20.2,19.74,19.77
2016-07-11,19.99,20.04,19.55,19.67
2016-07-12,19.56,19.83,19.0,19.67
2016-07-13,19.72,20.28,19.55,19.88
2016-07-14,19.89,20.13,19.3,19.7
2016-07-15,19.87,20.67,19.5,20.55
2016-07-18,20.65,22.61,20.45,21.88
2016-07-19,21.61,22.53,21.6,21.98
2016-07-20,22.2,23.5,22.2,22.7
2016-07-21,22.48,23.12,22.2,22.8
2016-07-22,22.68,22.7,22.02,22.2
2016-07-25,22.5,22.65,22.0,22.49
2016-07-26,22.4,23.25,22.21,23.09
2016-07-27,23.0,23.67,21.2,22.3
2016-07-28,22.12,22.42,20.2,21.63
2016-07-29,21.57,21.94,21.2,21.62
2016-08-01,21.66,22.68,21.22,22.4
2016-08-02,22.45,23.7,22.45,22.56
2016-08-03,22.4,22.89,22.05,22.27
2016-08-04,22.3,22.71,22.1,22.57
2016-08-05,22.59,22.7,21.97,21.97
2016-08-08,21.79,21.95,21.42,21.9
2016-08-09,21.8,21.84,21.55,21.73
2016-08-10,22.7,22.7,22.7,22.7
2016-08-11,22.71,22.86,22.17,22.17
2016-08-12,22.19,22.49,22.11,22.36
2016-08-15,22.34,22.96,22.0,22.62
2016-08-16,22.7,23.27,22.53,22.72
2016-08-17,22.72,23.88,22.61,23.68
2016-08-18,23.45,23.93,23.2,23.24
2016-08-19,23.25,23.41,23.13,23.29
2016-08-22,23.29,23.49,22.58,22.61
2016-08-23,22.61,22.75,22.36,22.45
2016-08-24,22.58,22.98,22.4,22.75
2016-08-25,22.65,22.97,22.2,22.82
2016-08-26,22.82,23.17,22.6,22.71
2016-08-29,22.55,22.69,22.2,22.53
2016-08-30,22.49,22.84,22.4,22.62
2016-08-31,22.83,23.18,22.71,23.0
2016-09-01,23.01,23.14,22.4,22.5
2016-09-02,22.43,22.6,22.18,22.2
2016-09-05,22.41,22.86,22.04,22.56
2016-09-06,22.48,22.85,22.25,22.83
2016-09-07,22.85,23.53,22.74,23.1
2016-09-08,23.02,23.68,22.87,23.5
2016-09-09,23.5,23.78,23.2,23.24
2016-09-12,22.73,23.0,22.41,22.6
2016-09-13,22.98,22.98,22.49,22.65
2016-09-14,22.63,22.63,22.21,22.35
2016-09-19,22.49,22.71,22.35,22.63
2016-09-20,22.68,22.72,22.35,22.37
2016-09-21,22.37,22.96,22.3,22.68
2016-09-22,22.89,22.93,22.7,22.73
2016-09-23,22.73,22.73,22.52,22.63
2016-09-26,22.68,22.68,22.1,22.15
2016-09-27,22.2,22.24,21.85,22.1
2016-09-28,22.2,22.24,21.85,21.95
2016-09-29,21.95,22.1,21.89,21.91
2016-09-30,21.7,22.2,21.7,21.98
2016-10-10,22.1,22.3,22.06,22.2
2016-10-11,22.2,22.48,22.2,22.36
2016-10-12,23.09,24.2,22.83,22.9
2016-10-13,22.9,23.15,22.76,22.96
2016-10-14,22.99,23.67,22.88,23.58
2016-10-17,23.59,24.4,23.41,23.9
2016-10-18,23.9,24.2,23.6,24.02
2016-10-19,23.94,25.02,23.83,24.82
2016-10-20,24.8,24.96,24.28,24.34
2016-10-21,24.34,24.49,23.8,24.05
2016-10-24,24.14,24.39,23.99,24.05
2016-10-25,24.01,25.96,24.01,25.64
2016-10-26,25.79,25.97,25.25,25.52
2016-10-27,25.55,25.71,25.1,25.54
2016-10-28,25.3,25.76,25.23,25.27
2016-10-31,24.98,24.98,23.0,24.18
2016-11-01,24.2,24.42,23.9,24.17
2016-11-02,24.2,24.29,23.5,23.5
2016-11-03,23.38,23.75,23.17,23.49
2016-11-04,23.49,23.74,22.95,23.14
2016-11-07,23.2,23.86,22.8,23.62
2016-11-08,23.7,23.78,23.41,23.68
2016-11-09,23.47,23.68,23.0,23.33
2016-11-10,23.5,23.75,23.41,23.63
2016-11-11,23.63,23.75,23.41,23.5
2016-11-14,23.46,23.65,23.1,23.27
2016-11-15,23.28,23.28,22.88,23.25
2016-11-16,23.25,23.44,22.95,23.25
2016-11-17,23.2,23.2,23.0,23.02
2016-11-18,23.01,23.22,22.99,23.05
2016-11-21,23.17,23.17,22.98,23.07
2016-11-22,23.07,23.15,22.96,23.08
2016-11-23,23.08,23.13,22.58,22.63
2016-11-24,22.62,22.9,22.48,22.69
2016-11-25,22.7,22.86,22.44,22.69
2016-11-28,22.66,22.75,22.5,22.67
2016-11-29,22.63,22.67,22.25,22.29
2016-11-30,22.88,22.88,22.35,22.4
2016-12-01,22.5,22.65,22.4,22.42
2016-12-02,22.5,22.55,21.57,21.59
2016-12-05,21.06,21.52,20.5,20.88
2016-12-06,20.88,21.37,20.88,21.26
2016-12-07,21.27,21.51,21.27,21.44
2016-12-08,21.44,21.58,21.0,21.05
2016-12-09,21.0,21.35,20.91,20.96
2016-12-12,20.97,21.27,19.85,20.0
2016-12-13,20.0,20.22,19.78,19.96
2016-12-14,19.96,20.09,19.32,19.39
2016-12-15,19.5,20.14,19.5,19.95
2016-12-16,19.99,20.5,19.99,20.4
2016-12-19,20.48,20.6,20.0,20.11
2016-12-20,20.29,20.29,20.01,20.22
2016-12-21,20.37,20.5,20.22,20.35
2016-12-22,20.36,20.43,20.1,20.15
2016-12-23,20.33,20.33,19.89,19.99
2016-12-26,19.91,19.97,19.5,19.6
2016-12-27,19.6,20.2,19.58,20.16
2016-12-28,20.15,20.24,19.82,19.88
2016-12-29,19.79,19.97,19.79,19.86
2016-12-30,20.07,21.17,20.07,20.55
2017-01-03,20.56,20.69,20.29,20.48
2017-01-04,20.48,20.53,20.28,20.44
2017-01-05,20.38,20.38,20.11,20.19
2017-01-06,20.15,20.21,19.9,19.99
2017-01-09,20.12,20.12,19.78,19.89
2017-01-10,19.89,20.12,19.85,19.95
2017-01-11,19.95,21.2,19.63,20.79
2017-01-12,20.41,20.76,20.16,20.17
2017-01-13,20.6,20.6,19.6,19.6
2017-01-16,19.6,19.87,17.78,19.6
2017-01-17,19.25,19.4,18.61,19.11
2017-01-18,19.04,19.11,18.72,18.76
2017-01-19,18.75,18.98,18.42,18.83
2017-01-20,18.75,19.3,18.7,19.22
2017-01-23,19.18,19.35,19.05,19.15
2017-01-24,19.08,19.21,18.88,19.03
2017-01-25,18.99,19.52,18.88,19.5
2017-01-26,19.5,19.5,19.25,19.5
2017-02-03,19.52,19.53,19.12,19.33
2017-02-06,19.23,19.34,19.17,19.26
2017-02-07,19.22,19.5,19.11,19.13
2017-02-08,19.12,19.24,19.01,19.21
2017-02-09,19.21,19.4,19.15,19.35
2017-02-10,19.35,19.37,19.0,19.09
2017-02-13,19.05,19.2,18.8,19.14
2017-02-14,19.16,19.24,18.92,19.05
2017-02-15,19.13,19.13,18.7,18.79
2017-02-16,18.71,18.87,18.49,18.75
2017-02-17,18.57,18.84,18.57,18.7
2017-02-20,18.7,18.83,18.0,18.52
2017-02-21,18.35,18.53,18.18,18.52
2017-02-22,18.4,18.7,18.32,18.56
2017-02-23,18.52,18.67,18.4,18.44
2017-02-24,18.45,18.92,18.41,18.84
2017-02-27,18.86,18.9,18.58,18.58
2017-02-28,18.48,18.66,18.45,18.53
2017-03-01,18.61,18.64,18.4,18.57
2017-03-02,18.58,18.71,18.42,18.53
2017-03-03,18.46,18.5,18.25,18.45
2017-03-06,18.41,18.6,18.26,18.49
2017-03-07,18.48,18.89,18.47,18.67
2017-03-08,18.6,19.1,18.53,18.95
2017-03-09,18.91,18.93,18.31,18.56
2017-03-10,18.75,18.75,18.39,18.45
2017-03-13,18.45,18.61,18.28,18.5
2017-03-14,18.5,18.65,18.4,18.47
2017-03-15,18.44,20.0,18.24,19.19
2017-03-16,18.94,19.35,18.81,19.11
2017-03-17,18.85,19.08,18.68,18.69
2017-03-20,18.67,18.79,18.46,18.53
2017-03-21,18.53,18.67,18.44,18.59
2017-03-22,18.5,18.52,18.3,18.34
2017-03-23,18.26,18.49,18.09,18.16
2017-03-24,18.17,18.31,18.1,18.26
2017-03-27,18.25,18.32,18.06,18.32
2017-03-28,18.21,18.3,18.01,18.07
2017-03-29,18.11,18.24,18.01,18.03
2017-03-30,17.93,18.04,16.8,16.8
2017-03-31,16.95,16.97,16.0,16.45
2017-04-05,16.7,18.1,16.52,17.6
2017-04-06,17.71,17.77,17.16,17.16
2017-04-07,17.2,17.63,17.0,17.19
2017-04-10,17.21,17.29,16.29,16.42
2017-04-11,16.42,16.66,15.71,16.52
2017-04-12,16.45,16.45,16.01,16.21
2017-04-13,16.18,16.44,16.18,16.29
2017-04-14,16.4,16.4,15.98,16.01
2017-04-17,16.07,16.09,15.31,15.43
2017-04-18,15.43,15.5,15.09,15.12
2017-04-19,15.2,15.2,14.15,14.51
2017-04-20,14.49,14.99,14.39,14.94
2017-04-21,15.12,15.12,14.87,14.95
2017-04-24,14.96,14.96,14.23,14.23
2017-04-25,14.39,14.5,14.02,14.07
2017-04-26,14.01,14.43,13.6,14.21
2017-04-27,14.3,14.39,13.65,14.04
2017-04-28,14.04,14.32,13.88,14.29
2017-05-02,14.08,14.5,14.06,14.1
2017-05-03,14.1,14.25,14.01,14.19
2017-05-04,14.25,14.25,13.86,14.0
2017-05-05,14.34,14.8,14.16,14.56
2017-05-08,14.32,14.64,14.1,14.25
2017-05-09,14.26,14.26,13.73,14.02
2017-05-10,13.9,14.1,13.46,13.59
2017-05-11,13.5,13.53,12.83,13.52
2017-05-12,13.36,13.53,13.1,13.5
2017-05-15,13.51,13.9,13.28,13.62
2017-05-16,13.8,13.88,13.15,13.59
2017-05-17,13.46,13.69,13.34,13.5
2017-05-18,13.36,13.45,13.05,13.3
2017-05-19,13.21,13.3,13.08,13.3
2017-05-22,13.15,13.24,13.02,13.02
2017-05-23,12.98,13.05,12.47,12.73
2017-05-24,12.59,12.79,12.43,12.72
2017-05-25,12.72,13.48,12.72,13.31
2017-05-26,13.33,13.38,13.03,13.14
2017-05-31,13.28,13.33,13.1,13.1
2017-06-01,13.13,13.19,12.7,13.11
2017-06-02,12.99,13.09,12.78,13.06
2017-06-05,13.04,13.38,12.9,13.25
2017-06-06,13.25,13.34,13.07,13.3
2017-06-07,13.32,13.8,13.23,13.66
2017-06-08,13.68,14.95,13.51,14.21
2017-06-09,14.3,14.3,13.77,13.88
2017-06-12,13.05,13.97,13.05,13.55
2017-06-13,13.55,13.67,13.44,13.67
2017-06-14,13.67,13.77,13.53,13.57
2017-06-15,13.58,13.73,13.5,13.62
2017-06-16,13.61,13.82,13.57,13.73
2017-06-19,13.69,13.99,13.66,13.78
2017-06-20,13.94,13.94,13.54,13.63
2017-06-21,13.64,13.66,13.48,13.53
2017-06-22,13.59,13.6,12.98,13.01
2017-06-23,13.04,13.15,12.91,13.04
2017-06-26,13.34,13.34,13.06,13.11
2017-06-27,13.15,13.2,12.95,13.19
2017-06-28,13.17,13.18,13.03,13.1
2017-06-29,13.12,13.26,13.08,13.15
2017-06-30,13.15,13.15,12.95,13.02
2017-07-03,13.13,13.87,12.98,13.42
2017-07-04,13.37,13.43,13.11,13.17
2017-07-05,13.15,13.55,13.11,13.35
2017-07-06,13.31,13.39,13.08,13.15
2017-07-07,13.18,13.31,13.11,13.25
2017-07-10,13.24,13.24,13.03,13.08
2017-07-11,13.06,13.25,12.98,13.0
2017-07-12,13.01,13.05,12.73,12.98
2017-07-13,12.94,13.3,12.82,13.1
2017-07-14,13.03,13.09,12.76,12.98
2017-07-17,12.97,12.97,11.68,11.68
2017-07-18,11.4,11.99,11.0,11.83
2017-07-19,11.7,11.89,11.58,11.83
2017-07-20,11.83,11.99,11.73,11.85
2017-07-21,11.85,11.9,11.7,11.85
2017-07-24,11.71,11.75,11.37,11.7
2017-07-25,11.62,11.7,11.41,11.51
2017-07-26,11.5,11.57,11.27,11.32
2017-07-27,11.29,11.69,11.21,11.61
2017-07-28,11.55,11.62,11.35,11.37
2017-07-31,11.36,11.56,11.24,11.53
2017-08-01,11.53,12.5,11.43,11.9
2017-08-02,11.82,11.99,11.66,11.75
2017-08-03,11.66,11.89,11.66,11.77
2017-08-04,11.79,11.95,11.62,11.69
2017-08-07,11.65,11.79,11.58,11.71
2017-08-08,11.66,11.9,11.65,11.85
2017-08-09,11.8,11.9,11.78,11.87
2017-08-10,11.83,11.86,11.55,11.62
2017-08-11,11.5,11.67,11.45,11.45
2017-08-14,11.49,11.7,11.47,11.59
2017-08-15,11.66,12.26,11.57,12.05
2017-08-16,12.05,12.69,11.91,12.49
2017-08-17,12.36,12.59,12.2,12.46
2017-08-18,12.36,12.62,12.25,12.54
2017-08-21,12.55,12.65,12.31,12.4
2017-08-22,12.33,12.45,12.15,12.25
2017-08-23,12.21,12.37,12.21,12.26
2017-08-24,12.17,12.43,12.16,12.18
2017-08-25,12.32,12.54,12.2,12.51
2017-08-28,12.51,12.63,12.38,12.47
2017-08-29,12.47,12.5,12.35,12.41
2017-08-30,12.44,12.6,12.31,12.51
2017-08-31,12.63,12.63,12.42,12.49
2017-09-01,12.49,12.6,12.36,12.59
2017-09-04,12.59,12.94,12.53,12.88
2017-09-05,12.83,14.0,12.83,13.64
2017-09-06,13.53,13.71,13.41,13.64
2017-09-07,13.6,13.6,13.35,13.35
2017-09-08,13.5,14.69,13.46,14.69
2017-09-11,15.0,16.16,14.9,16.0
2017-09-12,15.64,15.7,15.26,15.42
2017-09-13,15.36,16.16,15.22,15.5
2017-09-14,15.73,16.08,15.4,16.02
2017-09-15,16.1,16.42,15.55,15.87
2017-09-18,15.6,15.62,15.16,15.6
2017-09-19,15.54,15.55,15.21,15.24
2017-09-20,15.22,15.4,14.74,15.35
2017-09-21,15.58,15.72,15.16,15.16
2017-09-22,15.19,15.19,14.7,15.11
2017-09-25,15.09,15.23,14.81,14.86
2017-09-26,14.91,15.58,14.86,15.47
2017-09-27,15.65,16.3,15.48,16.0
2017-09-28,15.77,15.98,15.45,15.53
2017-09-29,16.0,16.0,15.65,15.97
2017-10-09,16.08,16.3,15.9,16.08
2017-10-10,16.09,16.19,15.72,15.81
2017-10-11,15.81,15.88,15.13,15.2
2017-10-12,15.16,16.72,15.14,16.72
2017-10-13,16.8,17.2,16.27,16.36
2017-10-16,16.45,16.79,16.0,16.51
2017-10-17,16.36,16.73,16.21,16.6
2017-10-18,16.47,16.59,15.67,15.68
2017-10-19,15.6,17.25,15.5,17.25
2017-10-20,17.55,18.38,17.55,18.16
2017-10-23,18.01,18.28,17.69,18.27
2017-10-24,18.55,18.59,17.82,17.89
2017-10-25,17.77,18.25,17.71,18.12
2017-10-26,18.08,19.65,17.72,19.03
2017-10-27,18.84,19.92,18.84,19.45
2017-10-30,19.3,19.42,18.31,18.55
2017-10-31,18.68,19.78,18.5,19.51
2017-11-01,19.38,20.39,19.36,20.02
2017-11-02,19.96,20.16,19.53,19.59
2017-11-03,19.7,20.02,18.9,19.2
2017-11-06,19.2,19.37,18.11,18.78
2017-11-07,18.78,19.38,18.44,19.33
2017-11-08,19.06,20.2,18.81,18.88
2017-11-09,19.08,19.3,18.58,19.22
2017-11-10,19.18,19.69,18.69,18.86
2017-11-13,18.88,19.05,18.63,18.93
2017-11-14,18.73,19.86,18.73,19.68
2017-11-15,19.48,19.88,19.03,19.38
2017-11-16,19.15,19.75,19.13,19.2
2017-11-17,19.21,19.5,17.8,18.01
2017-11-20,17.89,17.89,16.21,17.22
2017-11-21,17.06,18.6,17.04,18.39
2017-11-22,18.45,18.71,17.9,17.98
2017-11-23,18.57,18.57,17.1,17.27
2017-11-24,17.7,17.7,16.7,17.39
2017-11-27,17.49,17.49,16.8,16.83
2017-11-28,16.83,17.07,16.62,16.95
2017-11-29,16.95,17.57,16.78,17.49
2017-11-30,17.43,17.46,17.07,17.1
2017-12-01,17.44,17.9,17.26,17.5
2017-12-04,17.88,17.88,17.12,17.24
2017-12-05,17.13,17.34,16.06,16.16
2017-12-06,16.14,16.33,15.55,16.09
2017-12-07,16.29,16.44,16.01,16.35
2017-12-08,16.39,16.52,16.26,16.43
2017-12-11,16.99,17.35,16.63,16.68
2017-12-12,16.68,16.97,16.55,16.7
2017-12-13,16.21,16.66,16.06,16.51
2017-12-14,16.41,16.6,16.3,16.47
2017-12-15,16.47,16.55,16.01,16.07
2017-12-18,16.21,16.99,16.08,16.78
2017-12-19,16.78,16.94,16.68,16.79
2017-12-20,16.83,16.95,16.7,16.86
2017-12-21,16.9,16.91,16.5,16.7
2017-12-22,16.49,16.67,16.16,16.4
2017-12-25,16.42,16.42,15.67,15.85
2017-12-26,15.87,16.08,15.39,15.82
2017-12-27,15.81,15.81,15.48,15.7
2017-12-28,15.7,15.77,15.24,15.37
2017-12-29,15.38,15.63,14.81,15.1
2018-01-02,15.3,15.3,14.9,15.12
2018-01-03,15.12,15.45,15.12,15.35
2018-01-04,15.4,15.4,15.18,15.39
2018-01-05,15.22,15.38,15.15,15.24
2018-01-08,15.16,15.17,14.96,15.0
2018-01-09,15.18,16.18,15.02,15.67
2018-01-10,15.75,16.0,15.21,15.66
2018-01-11,15.45,16.04,15.43,15.78
2018-01-12,15.93,16.7,15.77,16.46
2018-01-15,16.51,16.98,16.03,16.6
2018-01-16,16.8,17.08,16.35,16.89
2018-01-17,16.89,17.0,16.55,16.8
2018-01-18,16.68,16.85,16.45,16.53
2018-01-19,16.49,16.84,16.43,16.5
2018-01-22,16.74,16.76,16.3,16.61
2018-01-23,16.61,16.8,16.39,16.55
2018-01-24,16.45,16.7,16.45,16.67
2018-01-25,16.67,16.85,16.1,16.17
2018-01-26,16.18,16.99,16.18,16.49
2018-01-29,16.4,16.4,15.43,15.48
2018-01-30,15.47,15.75,15.32,15.43
2018-01-31,15.45,15.58,15.3,15.44
2018-02-01,15.44,15.55,13.95,14.16
2018-02-02,14.01,14.85,13.1,14.56
2018-02-05,14.52,14.56,14.25,14.38
2018-02-06,14.25,14.3,13.13,13.57
2018-02-07,13.68,14.04,12.5,13.61
2018-02-08,13.32,13.75,13.32,13.59
2018-02-09,13.35,13.5,12.43,13.5
2018-02-12,13.12,13.88,13.12,13.58
2018-02-13,13.65,13.84,13.54,13.57
2018-02-14,13.51,13.77,13.4,13.5
2018-02-22,13.52,13.74,13.52,13.64
2018-02-23,13.69,13.69,13.26,13.3
2018-02-26,13.37,13.52,12.88,12.96
2018-02-27,12.99,13.0,12.61,12.65
2018-02-28,12.54,12.54,11.63,12.12
2018-03-01,12.16,13.33,12.16,13.33
2018-03-02,13.34,13.43,12.8,12.87
2018-03-05,12.9,13.12,12.75,12.9
2018-03-06,12.99,13.13,12.8,13.0
2018-03-07,13.1,13.48,13.03,13.25
2018-03-08,13.26,13.26,12.85,13.03
2018-03-09,13.1,13.27,12.67,13.25
2018-03-12,13.26,13.54,13.11,13.46
2018-03-13,13.46,13.66,13.25,13.53
2018-03-14,13.46,13.46,12.98,13.07
2018-03-15,13.06,13.06,12.3,12.65
2018-03-16,12.54,12.84,12.5,12.5
2018-03-19,12.5,12.62,12.22,12.48
2018-03-20,12.29,12.58,12.25,12.55
2018-03-21,12.6,12.94,12.48,12.53
2018-03-22,12.51,12.67,12.25,12.3
2018-03-23,11.8,11.8,11.07,11.1
2018-03-26,10.9,11.61,10.42,11.56
2018-03-27,11.67,12.65,11.64,12.36
2018-03-28,12.26,12.49,11.95,12.18
2018-03-29,12.18,12.4,12.18,12.27
2018-03-30,12.44,12.55,12.23,12.32
2018-04-02,12.35,12.51,12.21,12.3
2018-04-03,12.18,12.18,11.91,12.08
2018-04-04,12.28,12.47,12.08,12.25
2018-04-09,12.25,12.35,11.92,12.16
2018-04-10,12.15,12.3,12.03,12.22
2018-04-11,12.25,12.28,12.03,12.1
2018-04-12,12.05,12.28,11.98,12.0
2018-04-13,12.13,12.16,11.9,11.95
2018-04-16,12.0,12.25,11.93,12.19
2018-04-17,12.18,12.24,11.39,11.4
2018-04-18,11.57,11.7,11.11,11.6
2018-04-19,11.65,11.75,11.46,11.55
2018-04-20,11.56,11.62,11.11,11.21
2018-04-23,11.31,11.37,10.85,11.0
2018-04-24,10.87,11.28,10.85,11.22
2018-04-25,11.2,11.48,11.13,11.32
2018-04-26,11.25,11.37,10.96,11.02
2018-04-27,11.29,11.29,11.0,11.0
2018-05-02,11.04,11.16,10.86,10.96
2018-05-03,10.95,11.1,10.76,11.05
2018-05-04,11.07,11.21,10.93,11.12
2018-05-07,11.1,12.23,11.1,12.23
2018-05-08,12.42,12.42,11.89,11.95
2018-05-09,11.85,12.1,11.85,11.9
2018-05-10,11.98,12.22,11.88,11.95
2018-05-11,11.95,12.07,11.82,11.84
2018-05-14,11.9,11.95,11.77,11.89
2018-05-15,11.95,12.22,11.9,12.02
2018-05-16,11.95,12.15,11.83,11.83
2018-05-17,11.74,11.83,11.55,11.63
2018-05-18,11.69,11.8,11.63,11.76
2018-05-21,11.77,11.95,11.77,11.85
2018-05-22,11.85,11.88,11.76,11.81
2018-05-23,11.77,11.89,11.7,11.7
2018-05-24,11.71,11.75,11.39,11.46
2018-05-25,11.38,11.53,11.2,11.3
2018-05-28,11.33,11.37,11.13,11.15
2018-05-29,11.15,11.28,10.95,10.95
2018-05-30,10.84,10.88,10.08,10.15
2018-05-31,10.22,10.53,10.22,10.34
2018-06-01,10.37,11.36,10.28,10.71
2018-06-04,10.69,10.86,10.55,10.71
2018-06-05,10.71,10.92,10.64,10.85
2018-06-06,10.85,10.88,10.65,10.76
2018-06-07,10.8,10.8,10.0,10.51
2018-06-08,10.48,10.48,10.19,10.4
2018-06-11,10.4,10.47,10.1,10.2
2018-06-12,10.28,10.49,10.16,10.44
2018-06-13,10.43,10.54,10.14,10.25
2018-06-14,10.26,10.34,10.12,10.27
2018-06-15,10.27,10.5,10.12,10.36
2018-06-19,10.4,10.45,9.32,9.32
2018-06-20,8.39,9.21,8.39,8.67
2018-06-21,8.65,8.85,8.29,8.37
2018-06-22,8.39,8.43,8.05,8.38
2018-06-25,8.42,8.62,8.27,8.28
2018-06-26,8.21,8.21,7.6,8.15
2018-06-27,8.15,8.37,8.06,8.16
2018-06-28,8.15,8.19,7.63,7.94
2018-06-29,7.94,8.2,7.9,8.17
2018-07-02,8.27,8.83,8.11,8.3
2018-07-03,8.09,8.43,7.9,8.37
2018-07-04,8.34,8.34,8.08,8.09
2018-07-05,8.08,8.17,7.6,7.7
2018-07-06,7.69,7.99,7.35,7.71
2018-07-09,7.71,8.12,7.71,8.11
2018-07-10,8.05,8.2,7.94,8.16
2018-07-11,8.1,8.1,7.82,8.0
2018-07-12,8.08,8.3,7.99,8.16
2018-07-13,8.16,8.46,8.12,8.32
2018-07-16,8.45,8.53,8.25,8.37
2018-07-17,8.43,8.43,8.1,8.23
2018-07-18,8.23,8.37,8.18,8.22
2018-07-19,8.22,8.26,8.02,8.04
2018-07-20,7.98,8.24,7.98,8.21
2018-07-23,8.4,8.4,8.21,8.3
2018-07-24,8.36,8.46,8.17,8.45
2018-07-25,8.37,8.74,8.37,8.53
2018-07-26,8.51,8.7,8.42,8.65
2018-07-27,8.64,9.48,8.45,8.88
2018-07-30,8.88,9.34,8.88,9.25
2018-07-31,9.07,9.14,8.74,8.81
2018-08-01,8.81,9.28,8.81,8.86
2018-08-02,8.79,8.79,7.97,8.45
2018-08-03,8.27,8.67,8.23,8.25
2018-08-06,8.26,8.27,7.96,8.08
2018-08-07,8.08,8.28,8.0,8.26
2018-08-08,8.23,8.27,8.01,8.04
2018-08-09,8.03,8.38,7.95,8.2
2018-08-10,8.2,8.45,8.13,8.39
2018-08-13,8.24,8.66,8.18,8.62
2018-08-14,8.59,8.69,8.41,8.45
2018-08-15,8.48,8.58,8.16,8.17
2018-08-16,8.16,8.23,8.01,8.01
2018-08-17,8.15,8.17,7.77,7.77
2018-08-20,7.75,7.89,7.66,7.87
2018-08-21,7.88,8.66,7.88,8.66
2018-08-22,9.18,9.35,8.78,8.81
2018-08-23,8.5,9.45,8.48,9.05
2018-08-24,8.81,9.0,8.64,8.66
2018-08-27,8.81,9.06,8.68,8.86
2018-08-28,8.76,8.85,8.68,8.7
2018-08-29,8.7,8.89,8.68,8.71
2018-08-30,8.71,9.25,8.71,9.04
2018-08-31,9.01,9.01,8.61,8.7
2018-09-03,8.69,8.69,8.32,8.63
2018-09-04,8.57,8.86,8.5,8.77
2018-09-05,8.73,8.73,8.4,8.42
2018-09-06,8.41,8.5,8.1,8.15
2018-09-07,8.15,8.43,8.15,8.33
2018-09-10,8.46,8.46,7.8,7.86
2018-09-11,7.87,8.08,7.87,8.02
2018-09-12,7.99,8.18,7.96,8.03
2018-09-13,8.09,8.17,7.99,8.04
2018-09-14,8.06,8.16,8.0,8.11
2018-09-17,8.0,8.05,7.77,7.85
2018-09-18,7.75,8.12,7.75,8.08
2018-09-19,8.11,8.19,8.02,8.1
2018-09-20,8.06,8.21,8.05,8.12
2018-09-21,8.09,8.18,7.96,8.12
2018-09-25,8.07,8.29,8.01,8.13
2018-09-26,8.18,8.22,8.08,8.12
2018-09-27,8.1,8.18,7.88,7.89
2018-09-28,7.9,8.09,7.9,8.0
2018-10-08,7.94,7.94,7.7,7.71
2018-10-09,7.71,7.8,7.61,7.71
2018-10-10,7.66,7.82,7.66,7.82
2018-10-11,7.71,7.71,7.04,7.04
2018-10-12,7.03,7.09,6.43,6.91
2018-10-15,6.88,7.05,6.68,6.74
2018-10-16,6.83,6.83,6.5,6.65
2018-10-17,6.72,6.8,6.52,6.66
2018-10-18,6.64,6.64,6.26,6.32
2018-10-19,6.2,6.48,6.1,6.45
2018-10-22,6.57,6.82,6.57,6.72
2018-10-23,6.76,6.81,6.62,6.66
2018-10-24,6.59,6.78,6.3,6.71
2018-10-25,6.5,6.58,6.38,6.55
2018-10-26,6.5,6.75,6.4,6.58
2018-10-29,6.49,7.1,6.49,6.75
2018-10-30,6.65,6.75,6.43,6.64
2018-10-31,6.66,6.74,6.61,6.73
2018-11-01,6.74,7.06,6.72,6.9
2018-11-02,7.09,7.16,6.86,7.08
2018-11-05,7.03,7.08,6.89,6.99
2018-11-06,6.92,7.05,6.83,6.96
2018-11-07,7.0,7.09,6.92,6.95
2018-11-08,7.05,7.17,6.93,6.95
2018-11-09,6.95,7.22,6.7,6.98
2018-11-12,6.88,7.15,6.88,7.14
2018-11-13,7.02,7.36,7.01,7.27
2018-11-14,7.25,7.38,7.1,7.22
2018-11-15,7.24,7.73,7.24,7.69
2018-11-16,7.74,8.46,7.73,8.12
2018-11-19,8.05,8.22,7.82,8.05
2018-11-20,7.88,8.12,7.8,7.9
2018-11-21,7.76,7.88,7.65,7.8
2018-11-22,8.0,8.0,7.65,7.76
2018-11-23,7.71,7.73,7.02,7.09
2018-11-26,7.11,7.28,7.1,7.25
2018-11-27,7.4,7.4,7.16,7.21
2018-11-28,7.21,7.32,7.0,7.28
2018-11-29,7.3,7.45,6.97,7.0
2018-11-30,7.0,7.13,6.8,7.07
2018-12-03,7.22,7.42,7.2,7.32
2018-12-04,7.35,7.56,7.33,7.52
2018-12-05,7.37,7.52,7.3,7.37
2018-12-06,7.37,7.37,7.18,7.24
2018-12-07,7.2,7.3,7.12,7.21
2018-12-10,7.19,7.19,7.03,7.07
2018-12-11,7.16,7.2,7.07,7.16
2018-12-12,7.21,7.25,7.16,7.17
2018-12-13,7.17,7.3,7.1,7.22
2018-12-14,7.22,7.34,7.07,7.07
2018-12-17,7.08,7.14,7.02,7.04
2018-12-18,7.01,7.11,6.87,6.92
2018-12-19,6.99,7.0,6.79,6.9
2018-12-20,6.75,6.96,6.75,6.96
2018-12-21,6.86,6.9,6.75,6.83
2018-12-24,6.83,6.86,6.75,6.83
2018-12-25,6.78,6.78,6.28,6.54
2018-12-26,6.69,7.15,6.56,6.82
2018-12-27,6.85,7.01,6.81,6.83
2018-12-28,6.89,6.93,6.68,6.75
2019-01-02,6.86,6.93,6.76,6.83
2019-01-03,6.71,6.88,6.68,6.69
2019-01-04,6.6,6.93,6.56,6.85
2019-01-07,6.9,7.17,6.89,7.16
2019-01-08,7.19,7.26,7.08,7.12
2019-01-09,7.11,7.27,7.1,7.13
2019-01-10,7.09,7.22,7.01,7.04
2019-01-11,6.99,7.56,6.99,7.45
2019-01-14,7.41,7.49,7.15,7.19
2019-01-15,7.13,7.27,7.13,7.27
2019-01-16,7.27,7.35,7.11,7.18
2019-01-17,7.15,7.23,7.05,7.05
2019-01-18,7.06,7.2,7.05,7.1
2019-01-21,7.11,7.19,7.05,7.06
2019-01-22,7.06,7.16,6.9,6.97
2019-01-23,6.93,7.01,6.82,6.85
2019-01-24,6.85,6.97,6.83,6.91
2019-01-25,6.96,7.12,6.83,6.9
2019-01-28,7.0,7.02,6.79,6.8
2019-01-29,6.74,6.76,6.51,6.58
2019-01-30,6.61,6.65,6.51,6.57
2019-01-31,6.57,6.72,6.39,6.48
2019-02-01,6.68,6.77,6.52,6.72
2019-02-11,6.74,6.86,6.72,6.85
2019-02-12,6.99,7.54,6.94,7.54
2019-02-13,7.68,8.19,7.65,7.84
2019-02-14,7.51,7.78,7.51,7.69
2019-02-15,7.6,7.83,7.55,7.73
2019-02-18,7.68,7.99,7.62,7.98
2019-02-19,7.98,7.98,7.63,7.76
2019-02-20,7.8,7.8,7.56,7.78
2019-02-21,7.78,7.85,7.62,7.66
2019-02-22,7.6,7.8,7.6,7.77
2019-02-25,7.94,8.26,7.71,8.16
2019-02-26,8.14,8.35,7.95,8.05
2019-02-27,8.05,8.17,7.88,7.97
2019-02-28,7.96,8.35,7.93,8.12
2019-03-01,8.17,8.68,8.08,8.47
2019-03-04,8.61,8.66,8.35,8.63
2019-03-05,8.55,9.49,8.52,9.41
2019-03-06,9.4,9.75,9.13,9.35
2019-03-07,9.4,9.8,9.27,9.46
2019-03-08,8.99,9.25,8.62,8.62
2019-03-11,8.66,8.93,8.49,8.92
2019-03-12,8.93,9.2,8.86,9.1
2019-03-13,9.11,9.28,8.92,8.93
2019-03-14,8.87,9.1,8.45,8.61
2019-03-15,8.7,8.97,8.64,8.95
2019-03-18,8.95,8.95,8.69,8.9
2019-03-19,8.86,9.17,8.83,8.91
2019-03-20,8.8,8.96,8.66,8.84
2019-03-21,8.85,9.07,8.78,8.99
2019-03-22,9.0,9.11,8.77,9.05
2019-03-25,8.82,8.98,8.81,8.85
2019-03-26,8.84,8.9,8.36,8.45
2019-03-27,8.53,8.6,8.33,8.45
2019-03-28,8.5,8.56,8.28,8.29
2019-03-29,8.35,8.66,8.18,8.65
2019-04-01,8.68,8.97,8.66,8.91
2019-04-02,8.97,9.09,8.88,8.94
2019-04-03,8.92,9.06,8.8,9.06
2019-04-04,9.13,9.26,8.98,9.02
2019-04-08,9.0,9.17,8.72,8.92
2019-04-09,9.01,9.18,8.86,9.16
2019-04-10,9.15,10.08,8.92,10.08
2019-04-11,10.4,11.09,10.02,10.09
2019-04-12,9.68,10.23,9.57,9.63
2019-04-15,9.58,9.8,9.45,9.57
2019-04-16,9.6,9.69,9.35,9.59
2019-04-17,9.57,9.71,9.45,9.66
2019-04-18,9.68,9.68,9.15,9.23
2019-04-19,9.11,9.23,8.92,9.1
2019-04-22,9.07,9.08,8.81,8.81
2019-04-23,8.86,8.86,8.45,8.58
2019-04-24,8.58,9.44,8.51,9.44
2019-04-25,10.38,10.38,10.38,10.38
2019-04-26,11.42,11.42,11.42,11.42
2019-04-29,12.56,12.56,12.51,12.56
2019-04-30,11.98,13.82,11.9,13.0
2019-05-06,11.7,11.7,11.7,11.7
2019-05-07,10.53,12.87,10.53,12.87
2019-05-08,12.3,14.16,12.3,14.16
2019-05-09,13.8,14.72,12.74,12.74
2019-05-10,12.9,14.01,12.49,14.01
2019-05-13,14.0,14.0,13.0,13.04
2019-05-14,12.5,13.96,12.01,13.37
2019-05-15,13.09,14.71,12.83,14.71
2019-05-16,14.52,16.18,14.3,15.55
2019-05-17,15.0,15.2,14.0,14.0
2019-05-20,13.6,13.84,12.6,13.13
2019-05-21,13.2,14.1,12.78,13.46
2019-05-22,13.13,14.15,12.74,13.66
2019-05-23,13.27,13.72,12.33,12.61
2019-05-24,12.76,12.76,11.35,11.37
2019-05-27,11.67,12.08,11.3,11.85
2019-05-28,11.71,12.74,11.69,12.05
2019-05-29,11.85,12.4,11.72,12.04
2019-05-30,11.92,12.16,11.31,11.82
2019-05-31,11.99,12.05,11.24,11.3
2019-06-03,11.55,11.65,10.84,11.0
2019-06-04,11.09,11.24,10.65,10.89
2019-06-05,11.01,11.15,10.61,10.64
2019-06-06,10.48,10.81,10.3,10.34
2019-06-10,10.56,11.27,10.36,10.94
2019-06-11,10.8,11.34,10.75,11.23
2019-06-12,11.32,11.88,11.11,11.42
2019-06-13,11.15,11.49,11.01,11.19
2019-06-14,11.28,11.38,10.66,10.7
2019-06-17,10.93,10.93,9.63,9.77
2019-06-18,9.82,10.11,9.72,9.73
2019-06-19,10.07,10.34,9.92,10.1
2019-06-20,10.27,10.65,9.98,10.53
2019-06-21,10.3,10.64,10.28,10.37
2019-06-24,10.47,10.8,10.14,10.46
2019-06-25,9.9,9.9,9.42,9.49
2019-06-26,9.62,10.14,9.6,9.88
2019-06-27,9.96,9.96,9.57,9.65
2019-06-28,9.71,9.75,8.95,9.27
2019-07-01,9.42,10.2,9.31,10.2
2019-07-02,10.14,10.28,9.86,9.97
2019-07-03,9.99,10.01,9.61,9.71
2019-07-04,9.88,10.04,9.58,9.65
2019-07-05,9.52,9.9,9.51,9.69
2019-07-08,9.64,9.73,9.03,9.18
2019-07-09,8.9,9.08,8.67,9.0
2019-07-10,8.9,8.93,8.63,8.68
2019-07-11,8.8,9.15,8.7,8.87
2019-07-12,8.98,8.99,8.71,8.79
2019-07-15,8.7,8.85,8.22,8.78
2019-07-16,8.76,8.98,8.69,8.73
2019-07-17,8.61,8.83,8.61,8.68
2019-07-18,8.68,8.68,8.38,8.39
2019-07-19,8.45,8.95,8.44,8.58
2019-07-22,8.55,8.97,8.29,8.39
2019-07-23,8.23,8.5,8.18,8.44
2019-07-24,8.43,8.68,8.4,8.59
2019-07-25,8.5,8.95,8.45,8.78
2019-07-26,8.62,8.75,8.56,8.64
2019-07-29,8.52,8.61,8.39,8.56
2019-07-30,8.55,8.86,8.55,8.64
2019-07-31,8.57,8.84,8.5,8.72
2019-08-01,8.74,9.15,8.68,9.15
2019-08-02,8.93,9.65,8.86,9.37
2019-08-05,9.3,9.55,8.81,8.97
2019-08-06,8.57,8.76,8.07,8.11
2019-08-07,8.1,8.18,7.87,7.9
2019-08-08,7.89,8.01,7.78,7.93
2019-08-09,8.0,8.08,7.71,7.83
2019-08-12,7.97,7.97,7.66,7.88
2019-08-13,7.78,7.84,7.63,7.7
2019-08-14,7.83,8.05,7.74,7.78
2019-08-15,7.46,7.76,7.4,7.72
2019-08-16,7.65,7.95,7.64,7.76
2019-08-19,7.78,8.04,7.7,7.96
2019-08-20,7.99,8.1,7.86,7.89
2019-08-21,7.97,7.97,7.8,7.87
2019-08-22,7.89,8.09,7.81,7.97
2019-08-23,7.91,7.96,7.74,7.8
2019-08-26,7.48,7.75,7.47,7.65
2019-08-27,7.69,8.0,7.69,7.94
2019-08-28,7.9,8.08,7.86,8.03
2019-08-29,8.07,8.48,7.94,8.03
2019-08-30,8.03,8.24,7.74,7.8
2019-09-02,7.84,8.14,7.77,8.08
2019-09-03,8.06,8.55,8.06,8.45
2019-09-04,8.35,8.4,8.18,8.31
2019-09-05,8.36,8.58,8.31,8.31
2019-09-06,8.42,8.68,8.33,8.54
2019-09-09,8.56,9.2,8.44,8.85
2019-09-10,8.91,9.45,8.66,9.26
2019-09-11,9.17,9.45,8.92,8.94
2019-09-12,9.03,9.4,8.74,9.21
2019-09-16,9.12,9.43,9.0,9.28
2019-09-17,9.24,9.24,8.84,8.91
2019-09-18,8.8,9.15,8.79,8.87
2019-09-19,8.69,8.89,8.61,8.76
2019-09-20,8.87,8.95,8.57,8.67
2019-09-23,8.65,8.67,8.27,8.47
2019-09-24,8.55,8.64,8.42,8.45
2019-09-25,8.48,8.48,8.01,8.03
2019-09-26,7.95,8.06,7.6,7.6
2019-09-27,7.6,8.36,7.5,8.21
2019-09-30,7.99,8.05,7.66,7.68
2019-10-08,7.7,7.77,7.55,7.6
2019-10-09,7.51,7.67,7.46,7.66
2019-10-10,7.61,7.61,7.37,7.52
2019-10-11,7.59,7.94,7.39,7.79
2019-10-14,7.68,7.85,7.63,7.79
2019-10-15,7.82,8.03,7.72,7.79
2019-10-16,7.77,7.83,7.56,7.59
2019-10-17,7.59,7.94,7.56,7.75
2019-10-18,7.7,7.73,7.48,7.52
2019-10-21,7.52,7.55,7.31,7.39
2019-10-22,7.4,7.61,7.36,7.56
2019-10-23,7.56,7.56,7.44,7.48
2019-10-24,7.43,7.47,7.34,7.36
2019-10-25,7.34,7.43,7.28,7.36
2019-10-28,7.77,7.77,7.51,7.56
2019-10-29,7.54,7.63,7.39,7.42
2019-10-30,7.33,7.4,7.14,7.18
2019-10-31,7.18,7.23,6.98,7.05
2019-11-01,7.09,7.17,6.88,7.14
2019-11-04,7.16,7.3,7.12,7.18
2019-11-05,7.19,7.3,7.13,7.21
2019-11-06,7.2,7.29,7.1,7.11
2019-11-07,7.09,7.18,7.04,7.15
2019-11-08,7.2,7.27,7.08,7.11
2019-11-11,6.8,6.99,6.4,6.4
2019-11-12,6.35,6.55,6.34,6.49
2019-11-13,6.36,6.56,6.13,6.46
2019-11-14,6.48,6.71,6.48,6.59
2019-11-15,6.54,6.63,6.47,6.47
2019-11-18,6.55,6.64,6.37,6.53
2019-11-19,6.51,6.76,6.47,6.74
2019-11-20,6.87,6.97,6.6,6.61
2019-11-21,6.48,6.7,6.46,6.62
2019-11-22,6.66,6.7,6.45,6.51
2019-11-25,6.48,6.56,6.38,6.46
2019-11-26,6.54,6.54,6.36,6.42
2019-11-27,6.41,6.46,6.3,6.34
2019-11-28,6.3,6.36,6.27,6.3
2019-11-29,6.32,6.34,6.2,6.23
2019-12-02,6.21,6.28,6.14,6.16
2019-12-03,6.28,6.78,6.26,6.78
2019-12-04,7.0,7.3,6.82,6.82
2019-12-05,6.82,6.88,6.66,6.78
2019-12-06,6.73,6.73,6.58,6.67
2019-12-09,6.68,7.23,6.6,6.96
2019-12-10,6.88,7.19,6.74,6.95
2019-12-11,6.9,7.07,6.8,6.98
2019-12-12,6.98,7.26,6.91,7.15
2019-12-13,7.15,7.27,7.07,7.15
2019-12-16,7.16,7.39,6.94,7.27
2019-12-17,7.35,7.57,7.28,7.29
2019-12-18,7.22,7.57,7.1,7.54
2019-12-19,7.46,7.56,7.41,7.5
2019-12-20,7.53,7.55,7.18,7.18
2019-12-23,7.17,7.18,6.82,6.84
2019-12-24,6.87,7.04,6.82,6.96
2019-12-25,6.96,6.96,6.78,6.86
2019-12-26,6.86,6.86,6.65,6.83
2019-12-27,6.83,6.99,6.76,6.79
2019-12-30,6.7,6.94,6.5,6.85
2019-12-31,6.83,6.89,6.73,6.77
2020-01-02,6.86,7.04,6.81,7.01
2020-01-03,7.08,7.11,6.96,7.03
2020-01-06,6.96,7.18,6.86,7.1
2020-01-07,7.1,7.38,7.06,7.27
2020-01-08,7.27,7.27,6.97,7.0
2020-01-09,7.08,7.7,7.07,7.7
2020-01-10,7.99,8.23,7.6,7.62
2020-01-13,7.46,7.73,7.45,7.65
2020-01-14,7.66,7.69,7.4,7.44
2020-01-15,7.4,7.57,7.36,7.48
2020-01-16,7.47,7.82,7.33,7.69
2020-01-17,7.53,7.77,7.46,7.75
2020-01-20,7.7,7.72,7.49,7.58
2020-01-21,7.51,7.51,7.23,7.27
2020-01-22,7.23,7.35,7.12,7.22
2020-01-23,7.22,7.23,6.71,6.81
2020-02-03,6.13,6.13,6.13,6.13
2020-02-04,5.52,6.14,5.52,5.95
2020-02-05,6.0,6.25,6.0,6.12
2020-02-06,6.15,6.45,6.07,6.41
2020-02-07,6.66,7.05,6.51,7.05
2020-02-10,7.76,7.76,7.14,7.23
2020-02-11,7.31,7.58,7.01,7.05
2020-02-12,7.23,7.76,7.09,7.76
2020-02-13,8.1,8.3,7.58,7.6
2020-02-14,7.37,7.69,7.32,7.37
2020-02-17,7.36,7.62,7.24,7.53
2020-02-18,7.47,7.82,7.39,7.76
2020-02-19,7.67,7.72,7.4,7.44
2020-02-20,7.41,7.56,7.29,7.51
2020-02-21,7.55,7.92,7.45,7.69
2020-02-24,7.83,8.19,7.7,8.05
2020-02-25,7.8,7.93,7.4,7.84
2020-02-26,7.73,8.27,7.68,7.94
2020-02-27,8.05,8.65,7.93,8.47
2020-02-28,8.03,8.26,7.62,7.62
2020-03-02,7.62,7.98,7.55,7.89
2020-03-03,8.04,8.68,7.96,8.39
2020-03-04,8.45,9.08,8.14,8.84
2020-03-05,9.53,9.62,8.68,8.89
2020-03-06,8.69,9.23,8.69,9.01
2020-03-09,8.8,8.92,8.39,8.42
2020-03-10,8.37,8.89,8.03,8.88
2020-03-11,8.82,9.03,8.41,8.41
2020-03-12,8.21,8.34,7.8,8.02
2020-03-13,7.48,8.05,7.42,7.8
2020-03-16,7.93,8.03,7.26,7.34
2020-03-17,7.48,7.63,7.06,7.39
2020-03-18,7.52,7.78,7.31,7.34
2020-03-19,7.41,7.73,7.26,7.68
2020-03-20,7.75,7.88,7.53,7.77
2020-03-23,7.41,7.97,7.41,7.68
2020-03-24,7.89,8.45,7.72,8.3
2020-03-25,8.12,8.38,8.08,8.28
2020-03-26,8.26,8.26,7.82,7.83
2020-03-27,8.0,8.0,7.66,7.68
2020-03-30,7.47,7.54,7.15,7.25
2020-03-31,7.11,7.33,6.7,6.83
2020-04-01,6.85,6.92,6.62,6.64
2020-04-02,6.66,6.9,6.63,6.89
2020-04-03,6.9,6.93,6.68,6.71
2020-04-07,6.82,7.05,6.8,6.96
2020-04-08,6.92,7.04,6.85,6.97
2020-04-09,7.03,7.23,6.99,7.11
2020-04-10,7.09,7.12,6.8,6.83
2020-04-13,6.8,6.83,6.61,6.62
2020-04-14,6.66,6.8,6.65,6.74
2020-04-15,7.08,7.2,6.8,6.88
2020-04-16,6.8,7.0,6.71,6.95
2020-04-17,7.02,7.1,6.87,6.88
2020-04-20,6.92,7.4,6.83,7.26
2020-04-21,7.23,7.56,7.19,7.36
2020-04-22,7.2,7.34,7.15,7.32
2020-04-23,7.32,7.35,7.0,7.02
2020-04-24,7.02,7.13,6.84,6.89
2020-04-27,6.95,6.96,6.76,6.8
2020-04-28,6.79,6.79,6.3,6.62
2020-04-29,6.6,6.76,6.57,6.65
2020-04-30,6.7,6.9,6.61,6.88
2020-05-06,6.76,7.14,6.73,7.08
2020-05-07,7.1,7.21,6.97,7.0
2020-05-08,7.05,7.17,7.01,7.09
2020-05-11,7.18,7.2,7.01,7.09
2020-05-12,7.15,7.47,7.06,7.26
2020-05-13,7.11,7.15,7.0,7.09
2020-05-14,7.02,7.1,6.94,6.95
2020-05-15,7.02,7.13,6.95,7.01
2020-05-18,7.1,7.16,6.97,7.0
2020-05-19,7.05,7.09,6.97,7.04
2020-05-20,6.99,7.03,6.77,6.82
2020-05-21,6.81,6.86,6.7,6.75
2020-05-22,6.75,6.79,6.61,6.71
2020-05-25,6.68,6.75,6.66,6.73
2020-05-26,6.73,6.92,6.72,6.84
2020-05-27,6.89,7.07,6.87,6.91
2020-05-28,6.88,7.06,6.8,6.86
2020-05-29,6.82,6.97,6.76,6.85
2020-06-01,6.84,7.1,6.84,7.05
2020-06-02,7.08,7.14,6.98,7.1
2020-06-03,7.12,7.14,7.02,7.03
2020-06-04,7.08,7.09,6.95,6.97
2020-06-05,7.01,7.02,6.85,6.92
2020-06-08,6.99,7.03,6.85,6.87
2020-06-09,7.05,7.56,7.01,7.22
2020-06-10,7.12,7.18,6.91,6.99
2020-06-11,6.97,6.97,6.81,6.82
2020-06-12,6.64,6.81,6.61,6.74
2020-06-15,6.72,6.85,6.65,6.71
2020-06-16,6.76,6.83,6.75,6.8
2020-06-17,6.8,6.81,6.68,6.76
2020-06-18,6.76,6.91,6.72,6.9
2020-06-19,6.85,6.94,6.83,6.88
2020-06-22,6.92,7.0,6.87,6.9
2020-06-23,6.9,7.05,6.8,6.98
2020-06-24,6.98,7.04,6.93,6.97
2020-06-29,6.96,6.98,6.67,6.7
2020-06-30,6.74,6.79,6.7,6.75
2020-07-01,6.76,6.84,6.72,6.77
2020-07-02,6.75,6.91,6.72,6.88
2020-07-03,6.91,7.03,6.88,7.0
2020-07-06,7.01,7.28,7.01,7.26
2020-07-07,7.45,7.55,7.17,7.45
2020-07-08,7.4,7.75,7.36,7.6
2020-07-09,7.62,7.9,7.6,7.8
2020-07-10,7.74,8.01,7.68,7.68
2020-07-13,7.61,7.92,7.6,7.9
2020-07-14,7.84,8.03,7.66,7.95
2020-07-15,8.06,8.15,7.61,7.63
2020-07-16,7.6,7.74,7.23,7.27
2020-07-17,7.27,7.39,7.16,7.25
2020-07-20,7.3,7.67,7.3,7.67
2020-07-21,7.6,7.74,7.5,7.65
2020-07-22,7.6,7.76,7.55,7.56
2020-07-23,7.57,7.58,7.27,7.41
2020-07-24,7.41,7.53,7.01,7.03
2020-07-27,7.08,7.08,6.82,6.95
2020-07-28,7.03,7.11,6.95,7.0
2020-07-29,7.0,7.16,6.91,7.16
2020-07-30,7.18,7.24,7.08,7.14
2020-07-31,7.12,7.3,7.09,7.26
2020-08-03,7.29,7.49,7.26,7.48
2020-08-04,7.49,7.6,7.42,7.52
2020-08-05,7.55,7.65,7.37,7.59
2020-08-06,7.59,7.6,7.42,7.51
2020-08-07,7.52,7.62,7.27,7.44
2020-08-10,7.44,7.68,7.35,7.63
2020-08-11,7.6,7.63,7.33,7.37
2020-08-12,7.58,7.99,7.39,7.54
2020-08-13,7.46,7.8,7.44,7.66
2020-08-14,7.59,7.62,7.38,7.51
2020-08-17,7.5,7.67,7.47,7.65
2020-08-18,7.64,7.8,7.61,7.73
2020-08-19,7.78,7.94,7.55,7.6
2020-08-20,7.5,7.68,7.47,7.5
2020-08-21,7.55,7.64,7.46,7.52
2020-08-24,7.5,7.63,7.42,7.59
2020-08-25,7.59,7.66,7.43,7.51
2020-08-26,7.44,7.49,7.08,7.13
2020-08-27,7.12,7.2,7.08,7.16
2020-08-28,7.16,7.2,7.05,7.17
2020-08-31,7.2,7.34,7.17,7.22
2020-09-01,7.22,7.24,7.1,7.19
2020-09-02,7.21,7.24,7.08,7.11
2020-09-03,7.11,7.15,7.01,7.05
2020-09-04,6.95,7.04,6.91,7.03
2020-09-07,7.01,7.09,6.92,6.93
2020-09-08,6.96,7.05,6.91,7.05
2020-09-09,7.0,7.03,6.91,6.95
2020-09-10,7.01,7.08,6.67,6.73
2020-09-11,6.68,6.8,6.65,6.77
2020-09-14,6.82,6.84,6.73,6.76
2020-09-15,6.77,6.78,6.66,6.7
2020-09-16,6.7,6.83,6.66,6.79
2020-09-17,6.79,6.92,6.74,6.85
2020-09-18,6.85,6.98,6.83,6.97
2020-09-21,7.0,7.06,6.89,6.91
2020-09-22,6.87,6.91,6.76,6.82
2020-09-23,6.84,7.08,6.84,6.91
2020-09-24,6.85,6.85,6.66,6.67
2020-09-25,6.7,6.75,6.65,6.68
2020-09-28,6.7,6.72,6.46,6.47
2020-09-29,6.36,6.36,6.22,6.26
2020-09-30,6.28,6.3,6.05,6.06
2020-10-09,6.16,6.32,6.16,6.29
2020-10-12,6.31,6.41,6.3,6.39
2020-10-13,6.38,6.38,6.25,6.3
2020-10-14,6.36,6.36,6.16,6.19
2020-10-15,6.16,6.22,6.15,6.17
2020-10-16,6.15,6.22,6.13,6.2
2020-10-19,6.21,6.31,6.2,6.25
2020-10-20,6.21,6.26,6.15,6.26
2020-10-21,6.26,6.26,6.15,6.15
2020-10-22,6.14,6.18,6.05,6.17
2020-10-23,6.17,6.21,6.08,6.09
2020-10-26,6.09,6.1,5.97,6.0
2020-10-27,6.0,6.04,5.9,5.96
2020-10-28,5.95,5.99,5.85,5.95
2020-10-29,5.85,5.94,5.82,5.85
2020-10-30,5.85,5.87,5.57,5.61
2020-11-02,5.61,5.64,5.49,5.52
2020-11-03,5.54,5.69,5.53,5.68
2020-11-04,5.7,5.76,5.6,5.63
2020-11-05,5.68,5.72,5.65,5.7
2020-11-06,5.69,5.72,5.63,5.68
2020-11-09,5.7,5.82,5.7,5.8
2020-11-10,5.81,5.84,5.67,5.71
2020-11-11,5.7,5.7,5.61,5.61
2020-11-12,5.61,5.71,5.61,5.64
2020-11-13,5.64,5.75,5.57,5.72
2020-11-16,5.69,5.81,5.68,5.8
2020-11-17,5.8,5.8,5.69,5.73
2020-11-18,5.7,5.83,5.7,5.8
2020-11-19,5.8,5.83,5.76,5.8
2020-11-20,5.79,5.83,5.72,5.83
2020-11-23,5.84,5.95,5.75,5.9
2020-11-24,5.9,5.91,5.81,5.84
2020-11-25,5.85,5.87,5.74,5.75
2020-11-26,5.75,5.75,5.65,5.68
2020-11-27,5.68,5.71,5.6,5.7
2020-11-30,5.68,5.8,5.68,5.69
2020-12-01,5.69,5.76,5.68,5.75
2020-12-02,5.73,5.77,5.69,5.76
2020-12-03,5.75,5.87,5.73,5.87
2020-12-04,5.88,5.9,5.79,5.85
2020-12-07,5.85,5.87,5.79,5.81
2020-12-08,5.81,5.84,5.72,5.73
2020-12-09,5.76,6.2,5.7,5.95
2020-12-10,5.86,6.18,5.85,6.03
2020-12-11,6.0,6.05,5.79,5.93
2020-12-14,5.91,5.97,5.81,5.95
2020-12-15,5.95,5.95,5.81,5.86
2020-12-16,5.86,6.04,5.71,5.86
2020-12-17,5.76,5.81,5.6,5.75
2020-12-18,5.75,5.79,5.62,5.62
2020-12-21,5.62,5.66,5.55,5.61
2020-12-22,5.61,5.62,5.5,5.51
2020-12-23,5.54,5.6,5.49,5.6
2020-12-24,5.6,5.6,5.3,5.31
2020-12-25,5.31,5.39,5.3,5.33
2020-12-28,5.31,5.34,5.2,5.22
2020-12-29,5.24,5.56,5.22,5.41
2020-12-30,5.34,5.39,5.28,5.33
2020-12-31,5.31,5.4,5.31,5.35
2021-01-04,5.36,5.45,5.32,5.39
2021-01-05,5.35,5.38,5.28,5.31
2021-01-06,5.31,5.84,5.31,5.84
2021-01-07,5.75,6.09,5.54,5.84
2021-01-08,5.68,5.95,5.6,5.7
2021-01-11,5.78,5.82,5.5,5.66
2021-01-12,5.6,6.06,5.55,5.93
2021-01-13,5.79,5.94,5.71,5.92
2021-01-14,5.85,6.3,5.75,5.97
2021-01-15,6.01,6.15,5.91,6.1
2021-01-18,6.11,6.19,5.96,6.05
2021-01-19,6.01,6.01,5.77,5.81
2021-01-20,5.75,5.91,5.66,5.83
2021-01-21,5.83,5.83,5.7,5.73
2021-01-22,5.73,5.75,5.55,5.56
2021-01-25,5.56,5.56,5.32,5.35
2021-01-26,5.32,5.4,5.28,5.33
2021-01-27,5.34,5.49,5.31,5.43
2021-01-28,5.37,5.49,5.32,5.39
2021-01-29,5.39,5.55,5.32,5.33
2021-02-01,5.29,5.29,4.84,4.94
2021-02-02,4.94,4.94,4.48,4.79
2021-02-03,4.8,4.87,4.67,4.67
2021-02-04,4.62,4.65,4.45,4.48
2021-02-05,4.51,4.57,4.37,4.37
2021-02-08,4.4,4.48,4.36,4.4
2021-02-09,4.39,4.45,4.37,4.44
2021-02-10,4.47,4.48,4.42,4.45
2021-02-18,4.49,4.66,4.49,4.63
2021-02-19,4.61,4.83,4.59,4.82
2021-02-22,4.83,5.1,4.83,4.97
2021-02-23,4.95,5.08,4.87,4.94
2021-02-24,5.03,5.11,4.93,4.99
2021-02-25,5.0,5.01,4.86,4.86
2021-02-26,4.8,4.98,4.77,4.91
2021-03-01,4.91,5.09,4.91,5.08
2021-03-02,5.09,5.11,4.97,5.02
2021-03-03,5.05,5.05,4.97,5.02
2021-03-04,5.03,5.08,4.98,5.0
2021-03-05,4.96,5.13,4.94,5.05
2021-03-08,5.06,5.18,5.0,5.03
2021-03-09,5.03,5.09,4.77,4.94
2021-03-10,4.98,4.99,4.81,4.82
2021-03-11,4.82,5.15,4.77,5.08
2021-03-12,5.05,5.08,4.97,4.99
2021-03-15,5.02,5.08,4.96,5.02
2021-03-16,5.02,5.09,4.95,5.07
2021-03-17,5.05,5.1,5.0,5.05
2021-03-18,5.03,5.31,5.0,5.1
2021-03-19,5.03,5.2,5.02,5.07
2021-03-22,5.02,5.35,5.01,5.26
2021-03-23,5.23,5.31,5.11,5.22
2021-03-24,5.18,5.32,5.14,5.2
2021-03-25,5.2,5.22,5.11,5.15
2021-03-26,5.18,5.32,5.11,5.25
2021-03-29,5.3,5.43,5.24,5.38
2021-03-30,5.34,5.34,5.16,5.19
2021-03-31,5.19,5.23,5.14,5.21
2021-04-01,5.21,5.23,5.13,5.13
2021-04-02,5.15,5.23,5.12,5.17
2021-04-06,5.17,5.32,5.14,5.28
2021-04-07,5.28,5.34,5.25,5.28
2021-04-08,5.27,5.32,5.17,5.17
2021-04-09,5.18,5.22,5.06,5.07
2021-04-12,5.1,5.11,4.92,4.96
2021-04-13,4.95,5.0,4.9,4.91
2021-04-14,4.9,4.99,4.9,4.98
2021-04-15,4.93,5.05,4.93,5.01
2021-04-16,5.01,5.12,5.0,5.1
2021-04-19,5.1,5.12,5.06,5.11
2021-04-20,5.11,5.24,5.08,5.12
2021-04-21,5.11,5.16,5.03,5.05
2021-04-22,5.11,5.23,5.07,5.09
2021-04-23,5.1,5.11,4.95,4.96
2021-04-26,5.01,5.01,4.88,4.91
2021-04-27,4.89,4.92,4.8,4.88
2021-04-28,4.86,4.93,4.83,4.91
2021-04-29,4.93,4.93,4.82,4.84
2021-04-30,4.84,4.85,4.69,4.74
2021-05-06,4.75,4.88,4.75,4.83
2021-05-07,4.83,4.92,4.81,4.89
2021-05-10,4.91,4.96,4.86,4.92
2021-05-11,4.89,4.94,4.82,4.93
2021-05-12,4.89,4.99,4.89,4.96
2021-05-13,4.95,5.0,4.89,4.92
2021-05-14,4.93,5.08,4.92,4.98
2021-05-17,4.95,5.02,4.8,4.83
2021-05-18,4.83,4.86,4.79,4.84
2021-05-19,4.83,4.86,4.78,4.8
2021-05-20,4.79,4.82,4.77,4.8
2021-05-21,4.95,5.28,4.93,5.28
2021-05-24,5.81,5.81,5.61,5.81
2021-05-25,5.69,5.82,5.42,5.56
2021-05-26,5.48,5.96,5.46,5.82
2021-05-27,5.66,5.7,5.53,5.58
2021-05-28,5.58,5.65,5.47,5.55
2021-05-31,5.55,5.66,5.48,5.62
2021-06-01,5.6,5.6,5.47,5.55
2021-06-02,5.51,5.73,5.49,5.52
2021-06-03,5.49,5.76,5.33,5.72
2021-06-04,5.66,5.73,5.51,5.57
2021-06-07,5.56,5.59,5.49,5.53
2021-06-08,5.53,5.57,5.44,5.44
2021-06-09,5.44,5.58,5.36,5.52
2021-06-10,5.51,5.71,5.45,5.62
2021-06-11,5.59,5.62,5.4,5.4
2021-06-15,5.38,5.38,5.18,5.19
2021-06-16,5.21,5.27,5.19,5.23
2021-06-17,5.23,5.23,5.13,5.21
2021-06-18,5.19,5.29,5.1,5.23
2021-06-21,5.19,5.26,5.15,5.25
2021-06-22,5.25,5.29,5.21,5.26
2021-06-23,5.27,5.27,5.19,5.2
2021-06-24,5.23,5.24,5.14,5.14
2021-06-25,5.16,5.21,5.11,5.17
2021-06-28,5.18,5.24,5.17,5.24
2021-06-29,5.25,5.25,5.13,5.14
2021-06-30,5.2,5.31,5.2,5.24
2021-07-01,5.22,5.25,5.11,5.11
2021-07-02,5.1,5.11,5.01,5.03
2021-07-05,5.03,5.06,4.99,5.05
2021-07-06,5.06,5.1,5.03,5.07
2021-07-07,5.06,5.08,5.03,5.07
2021-07-08,5.07,5.13,5.03,5.05
2021-07-09,5.06,5.1,4.99,5.08
2021-07-12,5.1,5.24,5.09,5.13
2021-07-13,5.16,5.25,5.11,5.24
2021-07-14,5.27,5.34,5.2,5.29
2021-07-15,5.27,5.36,5.21,5.24
2021-07-16,5.25,5.32,5.21,5.26
2021-07-19,5.27,5.29,5.13,5.18
2021-07-20,5.13,5.2,5.13,5.18
2021-07-21,5.18,5.29,5.15,5.27
2021-07-22,5.25,5.3,5.22,5.27
2021-07-23,5.26,5.27,5.12,5.13
2021-07-26,5.13,5.16,4.95,5.06
2021-07-27,5.02,5.09,4.93,4.94
2021-07-28,4.92,4.93,4.77,4.81
2021-07-29,4.83,4.95,4.81,4.9
2021-07-30,4.88,5.03,4.85,4.99
2021-08-02,4.97,5.09,4.93,5.06
2021-08-03,5.06,5.23,5.04,5.12
2021-08-04,5.11,5.18,5.08,5.14
2021-08-05,5.14,5.16,5.06,5.07
2021-08-06,5.06,5.11,5.0,5.05
2021-08-09,5.07,5.17,5.03,5.16
2021-08-10,5.13,5.2,5.13,5.19
2021-08-11,5.16,5.23,5.16,5.2
2021-08-12,5.22,5.32,5.15,5.25
2021-08-13,5.25,5.32,5.22,5.29
2021-08-16,5.27,5.35,5.26,5.26
2021-08-17,5.31,5.31,5.1,5.14
2021-08-18,5.15,5.23,5.13,5.21
2021-08-19,5.23,5.23,5.14,5.17
2021-08-20,5.15,5.23,5.1,5.19
2021-08-23,5.22,5.3,5.2,5.29
2021-08-24,5.29,5.31,5.25,5.29
2021-08-25,5.26,5.33,5.24,5.33
2021-08-26,5.34,5.44,5.28,5.42
2021-08-27,5.42,5.96,5.24,5.96
2021-08-30,6.56,6.56,6.56,6.56
2021-08-31,7.22,7.22,7.22,7.22
2021-09-01,7.94,7.94,7.7,7.94
2021-09-02,8.3,8.73,7.95,8.53
2021-09-03,8.01,8.18,7.68,7.68
2021-09-06,7.36,7.44,6.91,7.03
2021-09-07,6.94,7.28,6.89,7.19
2021-09-08,7.05,7.22,6.95,7.1
2021-09-09,7.2,7.2,6.91,6.93
2021-09-10,6.82,6.95,6.65,6.73
2021-09-13,6.73,6.96,6.71,6.89
2021-09-14,6.85,7.24,6.76,7.11
2021-09-15,7.09,7.09,6.82,6.89
2021-09-16,6.82,7.03,6.75,6.79
2021-09-17,6.78,7.09,6.72,7.03
2021-09-22,6.52,6.65,6.33,6.33
2021-09-23,6.35,6.96,6.34,6.96
2021-09-24,6.86,6.86,6.43,6.55
2021-09-27,6.63,6.63,6.15,6.18
2021-09-28,6.18,6.32,6.09,6.15
2021-09-29,6.07,6.16,5.95,5.96
2021-09-30,6.02,6.21,5.97,6.16
2021-10-08,6.15,6.31,6.14,6.28
2021-10-11,6.25,6.37,6.13,6.3
2021-10-12,6.32,6.33,5.98,6.1
2021-10-13,6.11,6.17,5.97,6.06
2021-10-14,6.03,6.18,5.98,6.14
2021-10-15,6.05,6.66,5.96,6.23
2021-10-18,6.23,6.23,6.0,6.16
2021-10-19,6.17,6.44,6.1,6.4
2021-10-20,6.38,6.39,6.16,6.16
2021-10-21,6.14,6.21,6.06,6.07
2021-10-22,6.07,6.28,6.01,6.1
2021-10-25,5.99,6.0,5.6,5.76
2021-10-26,5.71,5.78,5.56,5.56
2021-10-27,5.62,5.64,5.35,5.4
2021-10-28,5.38,5.46,5.29,5.34
2021-10-29,5.35,5.45,5.31,5.43
2021-11-01,5.44,5.57,5.31,5.49
2021-11-02,5.47,5.61,5.4,5.4
2021-11-03,5.39,5.54,5.39,5.44
2021-11-04,5.41,5.53,5.39,5.47
2021-11-05,5.47,5.68,5.42,5.53
2021-11-08,5.47,5.62,5.45,5.58
2021-11-09,5.53,5.61,5.52,5.57
2021-11-10,5.56,5.58,5.46,5.58
2021-11-11,5.55,5.64,5.52,5.62
2021-11-12,5.62,5.63,5.53,5.56
2021-11-15,5.57,5.75,5.57,5.71
2021-11-16,5.75,5.78,5.58,5.6
2021-11-17,5.58,6.16,5.55,6.16
2021-11-18,6.13,6.38,5.9,6.22
2021-11-19,6.1,6.19,6.0,6.11
2021-11-22,6.12,6.12,6.03,6.07
2021-11-23,6.07,6.16,5.98,6.08
2021-11-24,6.06,6.09,5.97,6.05
2021-11-25,6.02,6.13,6.02,6.08
2021-11-26,6.05,6.24,5.87,6.19
2021-11-29,6.03,6.11,5.98,6.03
2021-11-30,6.01,6.44,6.01,6.18
2021-12-01,6.15,6.5,6.12,6.4
2021-12-02,6.33,6.53,6.26,6.34
2021-12-03,6.38,6.38,6.16,6.21
2021-12-06,6.22,6.24,6.01,6.01
2021-12-07,6.05,6.09,5.87,5.92
2021-12-08,5.93,6.51,5.92,6.51
2021-12-09,6.4,6.51,6.34,6.39
2021-12-10,6.34,6.49,6.31,6.33
2021-12-13,6.35,6.5,6.3,6.41
2021-12-14,6.36,6.55,6.24,6.48
2021-12-15,6.5,6.96,6.4,6.6
2021-12-16,6.61,6.65,6.49,6.59
2021-12-17,6.59,6.6,6.41,6.43
2021-12-20,6.4,6.48,6.35,6.44
2021-12-21,6.42,6.62,6.39,6.52
2021-12-22,6.53,7.17,6.48,6.83
2021-12-23,6.74,7.02,6.6,6.65
2021-12-24,6.68,6.77,6.39,6.39
2021-12-27,6.39,6.44,6.28,6.4
2021-12-28,6.39,6.7,6.38,6.54
2021-12-29,6.49,6.65,6.36,6.54
2021-12-30,6.52,6.8,6.47,6.68
2021-12-31,6.88,6.98,6.65,6.72
2022-01-04,6.73,7.15,6.7,6.93
2022-01-05,6.89,6.99,6.76,6.78
2022-01-06,6.68,6.89,6.6,6.85
2022-01-07,6.85,6.88,6.6,6.61
2022-01-10,6.52,6.82,6.5,6.69
2022-01-11,6.7,6.79,6.53,6.56
2022-01-12,6.59,6.7,6.54,6.64
2022-01-13,7.0,7.15,6.73,6.73
2022-01-14,6.79,6.88,6.55,6.56
2022-01-17,6.69,7.06,6.6,6.98
2022-01-18,6.93,7.35,6.82,6.83
2022-01-19,6.98,7.51,6.9,7.51
2022-01-20,7.5,7.5,7.08,7.2
2022-01-21,7.15,7.81,7.09,7.3
2022-01-24,7.3,8.03,7.15,7.74
2022-01-25,7.51,7.67,7.01,7.06
2022-01-26,7.19,7.49,6.8,7.38
2022-01-27,7.21,7.21,6.64,6.64
2022-01-28,6.64,6.69,6.21,6.36
2022-02-07,6.42,6.44,6.06,6.18
2022-02-08,6.24,6.8,6.08,6.71
2022-02-09,6.7,6.9,6.63,6.83
2022-02-10,6.81,7.01,6.73,6.86
2022-02-11,6.87,6.89,6.58,6.6
2022-02-14,6.63,6.72,6.48,6.69
2022-02-15,6.65,6.7,6.42,6.47
2022-02-16,6.6,6.88,6.5,6.57
2022-02-17,6.57,6.73,6.36,6.61
2022-02-18,7.27,7.27,7.27,7.27
2022-02-21,8.0,8.0,8.0,8.0
2022-02-22,8.8,8.8,8.8,8.8
2022-02-23,9.68,9.68,9.68,9.68
2022-02-24,10.65,10.65,10.65,10.65
2022-02-25,11.72,11.72,11.72,11.72
2022-02-28,12.15,12.89,11.01,12.89
2022-03-01,12.4,14.18,11.8,14.17
2022-03-02,13.5,14.43,13.0,14.11
2022-03-03,14.25,15.52,14.25,15.2
2022-03-04,15.3,16.5,13.68,16.0
2022-03-07,15.12,15.5,14.4,15.5
2022-03-08,16.05,17.05,13.98,13.98
2022-03-09,14.0,15.38,13.26,15.38
2022-03-10,15.91,16.25,14.5,15.03
2022-03-11,14.32,16.53,14.28,16.53
2022-03-14,16.59,18.0,16.0,16.31
2022-03-15,16.13,17.77,14.68,17.42
2022-03-16,17.45,19.16,16.7,19.16
2022-03-17,20.1,21.08,19.22,19.41
2022-03-18,18.1,19.09,17.47,17.47
2022-03-21,16.67,17.87,16.67,17.24
2022-03-22,17.0,18.57,16.4,17.74
2022-03-23,17.18,17.2,15.97,16.2
2022-03-24,15.96,16.95,15.43,16.22
2022-03-25,15.9,16.19,14.65,14.68
2022-03-28,14.68,15.0,14.25,14.75
2022-03-29,14.48,14.94,14.19,14.38
2022-03-30,14.43,14.9,13.9,14.57
2022-03-31,14.27,15.68,14.27,15.2
2022-04-01,14.7,14.76,13.68,13.68
2022-04-06,13.2,13.88,13.2,13.51
2022-04-07,13.51,14.19,13.3,13.3
2022-04-08,13.06,13.25,12.62,12.7
2022-04-11,12.69,12.89,12.2,12.36
2022-04-12,12.37,12.59,11.98,12.55
2022-04-13,12.45,12.45,11.59,11.73
2022-04-14,11.85,12.42,11.77,11.88
2022-04-15,11.72,13.07,11.71,12.82
2022-04-18,12.22,12.46,11.74,12.37
2022-04-19,12.4,12.81,12.06,12.37
2022-04-20,12.66,12.85,12.1,12.67
2022-04-21,12.32,12.33,11.4,11.4
2022-04-22,10.78,10.97,10.26,10.26
2022-04-25,9.8,10.08,9.44,9.47
2022-04-26,9.55,9.76,9.08,9.15
2022-04-27,9.14,9.88,9.03,9.7
2022-04-28,9.73,10.01,9.33,9.78
2022-04-29,9.79,10.27,9.69,10.15
2022-05-05,10.06,10.45,9.95,10.25
2022-05-06,9.91,11.28,9.86,11.28
2022-05-09,12.05,12.41,11.73,12.41
2022-05-10,12.5,13.65,12.47,12.9
2022-05-11,12.93,14.06,12.3,12.5
2022-05-12,11.89,12.62,11.65,11.88
2022-05-13,11.9,12.0,11.43,11.59
2022-05-16,11.66,11.98,11.47,11.6
2022-05-17,11.48,11.74,11.0,11.45
2022-05-18,11.96,12.4,11.48,11.62
2022-05-19,11.1,11.7,11.03,11.61
2022-05-20,11.62,11.83,11.35,11.64
2022-05-23,11.66,11.85,11.44,11.7
2022-05-24,11.79,11.79,10.53,10.53
2022-05-25,10.53,10.77,10.31,10.7
2022-05-26,10.8,11.01,10.39,10.78
2022-05-27,10.95,11.17,10.75,10.88
2022-05-30,11.18,11.86,10.8,11.12
2022-05-31,11.0,11.11,10.59,10.92
2022-06-01,10.81,11.11,10.13,10.58
2022-06-02,10.43,10.7,10.29,10.59
2022-06-06,10.54,10.91,10.37,10.83
2022-06-07,10.87,10.93,10.31,10.62
2022-06-08,10.52,11.31,10.5,11.04
2022-06-09,10.85,10.85,10.16,10.23
2022-06-10,10.07,10.3,10.05,10.16
2022-06-13,10.1,10.22,9.88,9.96
2022-06-14,9.8,9.87,9.38,9.73
2022-06-15,9.78,10.22,9.66,9.95
2022-06-16,9.9,10.95,9.82,10.95
2022-06-17,10.65,10.8,10.37,10.49
2022-06-20,10.33,10.78,10.33,10.72
2022-06-21,10.63,10.87,10.45,10.69
2022-06-22,10.63,10.71,10.3,10.3
2022-06-23,10.6,10.78,10.13,10.35
2022-06-24,10.41,10.76,10.35,10.36
2022-06-27,10.3,10.46,10.17,10.24
2022-06-28,10.3,10.35,10.01,10.19
2022-06-29,10.1,10.44,10.05,10.14
2022-06-30,10.11,10.3,9.88,10.13
2022-07-01,10.0,10.13,9.89,9.91
2022-07-04,10.0,10.16,9.92,9.99
2022-07-05,9.97,10.03,9.6,9.73
2022-07-06,9.73,9.75,9.41,9.51
2022-07-07,9.51,9.64,9.42,9.55
2022-07-08,9.65,9.88,9.6,9.76
2022-07-11,9.66,9.68,9.33,9.38
2022-07-12,9.38,9.51,9.13,9.47
2022-07-13,9.44,9.84,9.37,9.72
2022-07-14,9.63,9.65,9.35,9.35
2022-07-15,9.03,10.29,9.03,9.54
2022-07-18,9.34,9.79,9.2,9.62
2022-07-19,9.53,9.89,9.53,9.87
2022-07-20,9.87,10.2,9.77,9.98
2022-07-21,9.9,10.45,9.85,10.14
2022-07-22,10.14,10.32,9.75,9.76
2022-07-25,9.89,10.25,9.82,10.01
2022-07-26,9.94,10.28,9.86,10.18
2022-07-27,10.22,10.83,10.1,10.48
2022-07-28,10.42,10.51,10.22,10.26
2022-07-29,10.22,10.26,9.92,9.98
2022-08-01,9.99,10.04,9.81,9.89
2022-08-02,9.75,9.75,8.9,8.93
2022-08-03,8.8,9.09,8.42,8.52
2022-08-04,8.55,9.06,8.55,9.06
2022-08-05,9.0,9.25,8.85,9.2
2022-08-08,9.08,9.29,9.01,9.22
2022-08-09,9.28,9.28,9.01,9.04
2022-08-10,9.02,9.5,8.9,9.22
2022-08-11,9.21,9.22,9.08,9.12
2022-08-12,9.09,9.22,9.05,9.06
2022-08-15,9.01,9.06,8.83,9.0
2022-08-16,8.98,9.04,8.85,8.95
2022-08-17,8.95,9.05,8.85,8.88
2022-08-18,8.91,8.92,8.67,8.77
2022-08-19,8.81,9.1,8.71,8.77
2022-08-22,8.85,8.86,8.61,8.81
2022-08-23,8.74,8.84,8.71,8.71
2022-08-24,8.74,9.58,8.72,9.29
2022-08-25,9.1,9.13,8.7,8.83
2022-08-26,8.8,8.97,8.66,8.7
2022-08-29,8.45,8.55,8.25,8.49
2022-08-30,8.47,8.65,8.42,8.49
2022-08-31,8.45,8.5,8.21,8.22
2022-09-01,8.22,8.38,8.21,8.21
2022-09-02,8.21,8.59,8.2,8.4
2022-09-05,8.41,8.41,8.16,8.2
2022-09-06,8.21,8.29,8.15,8.27
2022-09-07,8.27,8.37,8.2,8.37
2022-09-08,8.3,8.42,8.2,8.21
2022-09-09,8.25,8.29,8.17,8.27
2022-09-13,8.29,8.54,8.28,8.38
2022-09-14,8.21,8.26,8.15,8.21
2022-09-15,8.25,8.26,8.02,8.09
2022-09-16,8.03,8.88,8.01,8.24
2022-09-19,8.17,8.17,7.8,7.81
2022-09-20,7.83,7.92,7.78,7.84
2022-09-21,7.82,7.86,7.57,7.83
2022-09-22,7.78,7.95,7.74,7.75
2022-09-23,7.71,7.73,7.45,7.49
2022-09-26,7.31,7.95,7.29,7.43
2022-09-27,7.3,7.68,7.3,7.64
2022-09-28,7.61,7.67,7.31,7.33
2022-09-29,7.45,7.48,7.1,7.12
2022-09-30,7.13,7.22,7.08,7.1
2022-10-10,7.08,7.14,6.91,6.97
2022-10-11,7.02,7.22,6.93,7.2
2022-10-12,7.12,7.92,7.1,7.92
2022-10-13,8.4,8.57,8.1,8.13
2022-10-14,8.03,8.68,8.01,8.36
2022-10-17,8.2,8.45,8.11,8.3
2022-10-18,8.27,8.48,8.2,8.34
2022-10-19,8.28,8.79,8.24,8.58
2022-10-20,8.45,8.5,8.25,8.25
2022-10-21,8.23,8.33,8.09,8.11
2022-10-24,8.18,8.4,8.06,8.07
2022-10-25,8.01,8.08,7.78,7.93
2022-10-26,7.95,8.33,7.95,8.25
2022-10-27,8.17,8.66,8.14,8.35
2022-10-28,8.29,9.19,8.25,9.19
2022-11-14,10.11,10.11,10.11,10.11
2022-11-15,11.12,11.12,11.12,11.12
2022-11-16,12.23,12.23,12.23,12.23
2022-11-17,13.45,13.45,13.45,13.45
2022-11-18,14.5,14.8,14.5,14.8
2022-11-21,15.5,16.28,14.28,15.05
2022-11-22,15.3,16.55,14.8,16.16
2022-11-23,15.64,16.3,14.54,15.0
2022-11-24,15.2,15.44,14.29,14.9
2022-11-25,14.37,15.89,14.37,15.65
2022-11-28,15.33,16.55,14.88,16.55
2022-11-29,16.6,17.18,15.58,15.61
2022-11-30,15.5,17.17,14.98,17.17
2022-12-01,17.39,18.1,16.37,17.5
2022-12-02,16.92,17.0,15.75,15.76
2022-12-05,15.29,15.69,14.61,15.0
2022-12-06,14.8,15.05,13.83,13.85
2022-12-07,13.8,13.86,13.32,13.66
2022-12-08,13.55,13.84,13.4,13.53
2022-12-09,13.45,13.63,13.27,13.29
2022-12-12,13.28,13.66,13.22,13.53
2022-12-13,13.49,13.49,12.92,13.06
2022-12-14,12.95,13.2,12.84,13.18
2022-12-15,13.06,13.96,12.71,13.4
2022-12-16,13.2,14.55,12.73,14.06
2022-12-19,13.61,15.47,13.55,15.47
2022-12-20,16.79,16.79,14.18,14.3
2022-12-21,13.51,15.48,13.51,14.81
2022-12-22,14.72,15.3,13.82,14.0
2022-12-23,14.03,14.54,13.1,13.17
2022-12-26,12.89,14.49,12.89,14.49
2022-12-27,15.0,15.18,14.02,14.28
2022-12-28,14.07,14.5,13.39,13.85
2022-12-29,13.58,13.87,13.11,13.23
2022-12-30,13.35,14.1,13.1,13.58
2023-01-03,13.99,14.94,13.7,14.94
2023-01-04,15.09,16.4,14.4,15.55
2023-01-05,15.23,17.11,15.23,17.11
2023-01-06,17.0,17.25,15.45,15.45
2023-01-09,15.64,15.9,15.04,15.12
2023-01-10,15.05,15.35,14.84,15.28
2023-01-11,15.22,15.33,14.26,14.34
2023-01-12,14.44,14.57,13.92,14.01
2023-01-13,14.13,14.13,13.66,13.86
2023-01-16,14.0,14.47,13.93,14.37
2023-01-17,14.33,14.49,13.85,13.88
2023-01-18,14.03,15.27,13.98,15.01
2023-01-19,15.04,16.14,14.52,14.55
2023-01-20,14.32,14.91,14.19,14.57
2023-01-30,14.82,15.33,14.71,14.97
2023-01-31,14.69,15.57,14.5,15.21
2023-02-01,15.02,15.69,14.95,15.41
2023-02-02,15.36,15.63,14.9,15.19
2023-02-03,15.2,16.5,14.98,16.14
2023-02-06,15.88,16.94,15.7,16.39
2023-02-07,16.11,16.35,15.68,15.81
2023-02-08,15.6,17.39,15.4,16.59
2023-02-09,16.19,16.39,15.78,16.15
2023-02-10,16.17,16.48,15.3,15.44
2023-02-13,15.09,15.63,15.02,15.47
2023-02-14,15.47,15.87,15.32,15.44
2023-02-15,15.44,15.78,15.27,15.62
2023-02-16,15.6,16.4,15.35,15.56
2023-02-17,15.4,15.62,14.41,14.44
2023-02-20,14.36,14.75,14.2,14.59
2023-02-21,14.54,14.86,14.35,14.54
2023-02-22,14.42,14.68,14.26,14.53
2023-02-23,14.55,14.6,14.03,14.17
2023-02-24,14.17,15.59,14.15,15.2
2023-02-27,14.86,14.91,14.43,14.43
2023-02-28,15.08,15.15,14.5,14.83
2023-03-01,14.85,15.56,14.84,15.29
2023-03-02,15.13,15.38,15.01,15.2
2023-03-03,15.07,15.22,14.9,14.9
2023-03-06,14.99,15.15,14.8,14.88
2023-03-07,14.95,15.52,14.91,15.3
2023-03-08,15.62,15.77,15.33,15.37
2023-03-09,15.13,15.24,14.76,14.77
2023-03-10,14.55,14.96,14.55,14.57
2023-03-13,14.42,15.15,14.36,14.86
2023-03-14,14.68,14.99,14.46,14.72
2023-03-15,16.1,16.1,15.0,15.06
2023-03-16,14.77,14.88,14.42,14.5
2023-03-17,14.6,14.77,14.5,14.65
2023-03-20,14.6,14.7,14.3,14.3
2023-03-21,14.36,14.47,14.03,14.45
2023-03-22,14.34,15.3,14.3,14.89
2023-03-23,14.7,15.12,14.69,14.88
2023-03-24,14.91,15.28,14.8,15.1
2023-03-27,15.0,15.22,14.73,14.91
2023-03-28,14.83,15.39,14.41,15.1
2023-03-29,14.99,15.05,14.65,14.67
2023-03-30,14.67,14.79,14.43,14.48
2023-03-31,14.45,14.66,14.45,14.52
2023-04-03,14.45,14.83,14.43,14.75
2023-04-04,14.7,15.03,14.62,14.65
2023-04-06,14.46,14.48,14.15,14.22
2023-04-07,14.23,14.29,14.08,14.1
2023-04-10,14.1,14.15,13.36,13.36
2023-04-11,13.4,13.49,13.31,13.42
2023-04-12,13.36,13.76,13.3,13.59
2023-04-13,13.42,13.56,13.03,13.09
2023-04-14,13.09,13.19,12.7,12.78
2023-04-17,12.62,12.68,12.3,12.42
2023-04-18,12.4,12.4,12.17,12.25
2023-04-19,12.3,12.49,12.15,12.16
2023-04-20,12.13,12.41,12.03,12.28
2023-04-21,12.55,12.77,11.78,11.84
2023-04-24,11.83,12.07,11.58,11.94
2023-04-25,11.94,11.94,11.37,11.56
2023-04-26,11.39,11.79,11.39,11.54
2023-04-27,11.51,11.66,11.38,11.43
2023-04-28,11.5,11.9,11.5,11.86
2023-05-04,11.84,11.92,11.7,11.83
2023-05-05,11.9,12.32,11.76,12.28
2023-05-08,12.42,12.42,12.14,12.22
2023-05-09,12.1,12.18,11.79,11.87
2023-05-10,11.88,11.97,11.57,11.72
2023-05-11,11.92,11.97,11.48,11.55
2023-05-12,11.43,11.59,11.37,11.38
2023-05-15,11.38,11.44,11.11,11.35
2023-05-16,11.31,11.35,10.93,10.98
2023-05-17,10.98,11.15,10.94,11.08
2023-05-18,11.01,11.2,10.95,11.14
2023-05-19,11.08,11.08,10.86,10.99
2023-05-22,10.93,10.98,10.75,10.89
2023-05-23,10.9,10.91,10.59,10.61
2023-05-24,10.59,10.75,10.48,10.68
2023-05-25,10.72,10.87,10.4,10.55
2023-05-26,10.41,10.51,10.31,10.43
2023-05-29,10.44,10.55,10.2,10.24
2023-05-30,10.13,10.27,10.0,10.24
2023-05-31,10.25,11.1,10.23,10.56
2023-06-01,10.4,10.76,10.25,10.61
2023-06-02,10.61,10.89,10.57,10.88
2023-06-05,10.81,10.94,10.7,10.85
2023-06-06,10.95,11.27,10.53,10.55
2023-06-07,10.58,11.03,10.58,10.9
2023-06-08,10.83,11.05,10.76,10.98
2023-06-09,10.98,11.98,10.79,11.42
2023-06-12,11.36,12.2,11.18,11.93
2023-06-13,11.66,12.16,11.62,11.94
2023-06-14,11.88,11.98,11.7,11.7
2023-06-15,11.69,11.74,11.44,11.51
2023-06-16,12.07,12.66,11.99,12.66
2023-06-19,13.23,13.93,13.08,13.93
2023-06-20,13.72,14.04,13.1,13.4
2023-06-21,13.08,13.98,12.93,13.2
2023-06-26,12.9,12.9,11.88,11.88
2023-06-27,11.58,12.23,11.42,12.05
2023-06-28,12.2,12.24,11.34,11.76
2023-06-29,11.73,12.04,11.64,11.87
2023-06-30,11.8,12.1,11.7,11.98
2023-07-03,11.8,12.3,11.6,12.13
2023-07-04,12.02,12.9,11.96,12.58
2023-07-05,12.72,13.0,12.4,12.4
2023-07-06,12.17,12.66,12.17,12.37
2023-07-07,12.27,12.35,11.86,11.88
2023-07-10,11.88,11.94,11.63,11.65
2023-07-11,11.56,11.58,11.31,11.38
2023-07-12,11.36,11.36,10.92,10.94
2023-07-13,10.98,11.17,10.96,11.13
2023-07-14,11.17,11.48,11.15,11.3
2023-07-17,11.4,12.02,11.21,11.72
2023-07-18,11.62,11.64,11.3,11.34
2023-07-19,11.45,11.6,11.21,11.25
2023-07-20,11.24,11.35,11.09,11.12
2023-07-21,11.02,11.24,11.02,11.19
2023-07-24,11.18,11.4,11.02,11.28
2023-07-25,11.36,11.5,11.33,11.4
2023-07-26,11.35,11.66,11.22,11.6
2023-07-27,11.5,11.54,11.22,11.25
2023-07-28,11.2,11.39,11.11,11.3
2023-07-31,11.28,11.69,11.22,11.5
2023-08-01,11.58,11.64,11.36,11.62
2023-08-02,11.68,11.73,11.46,11.49
2023-08-03,11.4,11.48,11.33,11.45
2023-08-04,11.45,11.76,11.44,11.69
2023-08-07,11.65,11.8,11.63,11.75
2023-08-08,11.72,11.72,11.34,11.4
2023-08-09,11.34,11.57,11.21,11.29
2023-08-10,11.3,11.69,11.28,11.52
2023-08-11,11.46,11.47,11.13,11.15
2023-08-14,11.01,11.44,10.77,11.35
2023-08-15,11.35,11.66,11.22,11.25
2023-08-16,11.36,11.8,11.13,11.64
2023-08-17,11.45,11.6,11.23,11.6
2023-08-18,11.6,11.71,11.12,11.12
2023-08-21,11.1,11.51,10.98,11.17
2023-08-22,11.29,12.29,11.25,11.88
2023-08-23,11.59,11.95,11.52,11.65
2023-08-24,11.61,12.5,11.53,12.07
2023-08-25,11.86,12.81,11.77,12.52
2023-08-28,13.2,13.35,11.81,12.07
2023-08-29,11.91,12.44,11.84,12.3
2023-08-30,12.16,12.19,11.88,12.08
2023-08-31,11.9,11.93,11.27,11.42
2023-09-01,11.36,11.51,11.27,11.45
2023-09-04,11.44,11.58,11.3,11.56
2023-09-05,11.45,11.45,11.17,11.17
2023-09-06,11.11,11.27,11.05,11.22
2023-09-07,11.17,11.68,11.12,11.32
2023-09-08,11.25,11.33,11.09,11.14
2023-09-11,11.14,11.46,11.0,11.33
2023-09-12,11.28,11.34,11.17,11.2
2023-09-13,11.15,11.19,11.01,11.05
2023-09-14,11.04,11.12,10.8,10.8
2023-09-15,10.82,10.89,10.4,10.44
2023-09-18,10.4,10.49,10.32,10.44
2023-09-19,10.4,10.55,10.34,10.45
2023-09-20,10.5,10.63,10.48,10.51
2023-09-21,10.36,10.51,10.35,10.38
2023-09-22,10.38,10.69,10.36,10.62
2023-09-25,10.55,10.68,10.53,10.57
2023-09-26,10.5,10.53,10.32,10.32
2023-09-27,10.32,10.38,10.21,10.23
2023-09-28,10.26,10.44,10.26,10.41
2023-10-09,10.41,10.58,10.35,10.53
2023-10-10,10.54,10.7,10.52,10.61
2023-10-11,10.6,11.09,10.48,10.77
2023-10-12,10.69,11.25,10.65,10.98
2023-10-13,10.83,11.21,10.7,11.08
2023-10-16,10.96,11.59,10.9,11.58
2023-10-17,11.65,11.75,11.32,11.44
2023-10-18,11.31,12.05,11.31,11.76
2023-10-19,11.61,11.65,11.04,11.09
2023-10-20,10.99,11.0,10.5,10.58
2023-10-23,10.55,11.64,10.38,11.64
2023-10-24,11.6,12.12,11.46,11.7
2023-10-25,11.56,12.1,11.55,11.72
2023-10-26,11.55,11.98,11.51,11.66
2023-10-27,11.65,11.97,11.46,11.87
2023-10-30,11.98,12.16,11.68,11.82
2023-10-31,11.73,11.8,11.47,11.57
2023-11-01,11.63,11.92,11.58,11.63
2023-11-02,11.54,11.74,11.31,11.33
2023-11-03,11.32,11.44,11.27,11.33
2023-11-06,11.34,11.85,11.34,11.81
2023-11-07,11.8,12.99,11.71,12.99
2023-11-08,13.4,13.59,12.89,12.92
2023-11-09,12.98,13.18,12.5,12.58
2023-11-10,12.4,12.58,12.27,12.3
2023-11-13,12.32,12.54,12.24,12.41
2023-11-14,12.41,12.88,12.24,12.8
2023-11-15,12.81,12.85,12.53,12.68
2023-11-16,12.67,13.18,12.53,12.97
2023-11-17,12.73,12.86,12.66,12.72
2023-11-20,12.72,12.8,12.47,12.55
2023-11-21,12.53,12.65,12.37,12.43
2023-11-22,12.34,12.63,12.03,12.08
2023-11-23,11.95,12.22,11.73,12.12
2023-11-24,12.06,12.09,11.75,11.82
2023-11-27,11.81,11.88,11.63,11.85
2023-11-28,11.83,12.04,11.65,11.77
2023-11-29,11.72,11.82,11.61,11.64
2023-11-30,11.64,11.73,11.44,11.61
2023-12-01,11.61,11.8,11.55,11.79
2023-12-04,11.77,11.98,11.76,11.81
2023-12-05,11.82,11.92,11.42,11.44
2023-12-06,11.26,11.46,11.26,11.27
2023-12-07,11.25,11.37,11.17,11.33
2023-12-08,11.38,11.53,11.29,11.3
2023-12-11,11.29,11.33,11.11,11.33
2023-12-12,11.3,11.63,11.28,11.48
2023-12-13,11.42,11.43,11.21,11.22
2023-12-14,11.27,11.47,11.2,11.35
2023-12-15,11.35,11.37,11.12,11.12
2023-12-18,11.11,11.48,11.07,11.22
2023-12-19,11.12,11.36,11.12,11.3
2023-12-20,11.31,11.42,11.13,11.14
2023-12-21,11.11,11.21,10.76,11.15
2023-12-22,11.14,11.17,10.77,10.81
2023-12-25,10.82,10.89,10.75,10.85
2023-12-26,10.8,10.84,10.53,10.53
2023-12-27,10.6,11.33,10.6,10.84
2023-12-28,10.75,10.98,10.63,10.92
2023-12-29,10.93,11.08,10.9,11.06
2024-01-02,10.99,11.01,10.88,10.9
2024-01-03,10.63,10.85,10.63,10.75
2024-01-04,10.75,10.83,10.67,10.75
2024-01-05,10.78,10.82,10.4,10.48
2024-01-08,10.43,10.45,10.02,10.02
2024-01-09,10.02,10.1,9.64,9.72
2024-01-10,9.7,9.7,9.39,9.39
2024-01-11,9.5,9.82,9.43,9.79
2024-01-12,9.73,9.85,9.64,9.64
2024-01-15,9.64,9.68,9.55,9.57
2024-01-16,9.58,9.59,9.35,9.49
2024-01-17,9.47,9.47,9.18,9.19
2024-01-18,9.1,9.25,8.86,9.23
2024-01-19,9.17,9.25,9.0,9.0
2024-01-22,9.06,9.08,8.32,8.38
2024-01-23,8.42,8.63,8.3,8.6
2024-01-24,8.67,8.75,8.39,8.71
2024-01-25,8.71,9.13,8.65,9.1
2024-01-26,9.09,9.4,9.03,9.15
2024-01-29,9.27,9.38,8.98,8.98
2024-01-30,8.9,9.01,8.6,8.62
2024-01-31,8.68,8.69,8.12,8.13
2024-02-01,8.12,8.22,7.83,7.95
2024-02-02,7.96,8.23,7.16,7.56
2024-02-05,6.8,6.8,6.8,6.8
2024-02-06,6.12,6.61,6.12,6.22
2024-02-07,6.27,6.35,5.66,5.87
2024-02-08,5.91,6.46,5.9,6.46
2024-02-19,6.57,7.11,6.53,7.11
2024-02-20,7.32,7.78,7.06,7.4
2024-02-21,7.3,7.56,7.21,7.33
2024-02-22,8.06,8.06,8.06,8.06
2024-02-23,8.87,8.87,8.87,8.87
2024-02-26,9.76,9.76,9.26,9.76
2024-02-27,9.16,10.7,9.16,9.92
2024-02-28,9.75,10.23,8.93,8.93
2024-02-29,8.38,9.2,8.38,9.2
2024-03-01,9.16,9.28,8.9,9.09
2024-03-04,9.15,9.7,9.15,9.48
2024-03-05,9.28,9.68,9.11,9.36
2024-03-06,9.26,9.68,9.18,9.4
2024-03-07,9.36,9.6,9.16,9.17
2024-03-08,9.21,10.09,8.98,10.09
2024-03-11,10.15,10.99,10.13,10.2
2024-03-12,10.23,10.69,10.23,10.5
2024-03-13,10.31,10.54,10.2,10.26
2024-03-14,10.15,10.49,10.0,10.13
2024-03-15,10.19,10.35,10.01,10.28
2024-03-18,10.28,10.39,10.19,10.33
2024-03-19,10.51,10.51,10.13,10.15
2024-03-20,10.1,10.37,10.1,10.27
2024-03-21,10.29,10.41,10.11,10.16
2024-03-22,10.09,10.4,10.0,10.27
2024-03-25,10.27,10.94,10.09,10.33
2024-03-26,10.15,10.23,9.5,9.6
2024-03-27,9.66,9.7,8.87,8.93
2024-03-28,8.91,9.59,8.9,9.44
2024-03-29,9.43,9.6,9.28,9.45
2024-04-01,9.52,9.9,9.4,9.7
2024-04-02,9.7,9.7,9.31,9.39
2024-04-03,9.4,9.47,9.09,9.14
2024-04-08,9.09,9.12,8.91,8.92
2024-04-09,8.94,9.15,8.94,9.1
2024-04-10,9.05,9.1,8.71,8.83
2024-04-11,8.7,9.04,8.64,8.8
2024-04-12,8.78,8.88,8.73,8.73
2024-04-15,8.63,8.83,8.2,8.51
2024-04-16,8.5,8.5,7.69,7.72
2024-04-17,8.0,8.49,8.0,8.49
2024-04-18,8.4,8.87,8.35,8.42
2024-04-19,8.38,8.43,8.18,8.24
2024-04-22,8.1,8.36,7.99,8.2
2024-04-23,8.26,8.42,8.24,8.3
2024-04-24,8.41,8.67,8.41,8.57
2024-04-25,8.46,8.62,8.42,8.5
2024-04-26,8.64,9.04,8.64,8.92
2024-04-29,8.96,9.36,8.96,9.12
2024-04-30,9.16,9.26,8.88,9.08
2024-05-06,9.2,9.2,8.95,9.02
2024-05-07,8.97,9.08,8.87,8.98
2024-05-08,8.97,8.98,8.79,8.8
2024-05-09,8.8,8.89,8.77,8.81
2024-05-10,8.8,8.83,8.59,8.63
2024-05-13,8.68,8.68,8.38,8.39
2024-05-14,8.47,8.69,8.42,8.61
2024-05-15,8.56,8.8,8.47,8.55
2024-05-16,8.55,8.62,8.48,8.49
2024-05-17,8.48,8.55,8.41,8.51
2024-05-20,8.51,8.87,8.45,8.76
2024-05-21,8.61,8.74,8.49,8.52
2024-05-22,8.45,8.54,8.42,8.49
2024-05-23,8.48,8.5,8.17,8.2
2024-05-24,8.2,8.25,8.03,8.06
2024-05-27,8.07,8.16,7.95,8.14
2024-05-28,8.06,8.12,7.94,7.96
2024-05-29,8.0,8.07,7.86,7.9
2024-05-30,7.87,7.96,7.8,7.89
2024-05-31,7.88,8.17,7.87,8.04
2024-06-03,8.08,8.13,7.78,7.87
2024-06-04,7.89,7.9,7.7,7.77
2024-06-05,7.77,7.8,7.67,7.68
2024-06-06,7.71,7.74,7.21,7.3
2024-06-07,7.39,7.51,7.36,7.48
2024-06-11,7.49,7.53,7.32,7.49
2024-06-12,7.5,7.65,7.46,7.6
2024-06-13,7.6,7.66,7.47,7.49
2024-06-14,7.48,7.58,7.38,7.57
2024-06-17,7.52,7.55,7.45,7.48
2024-06-18,7.44,7.58,7.44,7.58
2024-06-19,7.62,7.64,7.48,7.49
2024-06-20,7.49,7.49,7.2,7.21
2024-06-21,7.19,7.43,7.07,7.27
2024-06-24,7.29,7.29,6.95,6.98
2024-06-25,6.98,7.1,6.9,6.99
2024-06-26,7.02,7.33,6.94,7.32
2024-06-27,7.32,7.4,7.2,7.2
2024-06-28,7.14,7.33,7.14,7.19
2024-07-01,7.23,7.29,7.11,7.26
2024-07-02,7.26,7.45,7.21,7.37
2024-07-03,7.33,7.4,7.27,7.32
2024-07-04,7.31,7.36,7.04,7.06
2024-07-05,7.08,7.18,6.95,7.16
2024-07-08,7.14,7.15,6.85,6.88
2024-07-09,6.86,7.0,6.69,6.98
2024-07-10,6.98,7.06,6.88,6.91
2024-07-11,7.1,7.22,7.0,7.2
2024-07-12,7.18,7.24,7.11,7.18
2024-07-15,7.14,7.2,7.02,7.05
2024-07-16,7.05,7.1,6.98,7.05
2024-07-17,7.02,7.08,6.94,6.94
2024-07-18,6.88,6.9,6.72,6.85
2024-07-19,6.84,7.04,6.78,6.93
2024-07-22,6.99,7.1,6.92,7.04
2024-07-23,7.05,7.11,6.88,6.89
2024-07-24,6.85,6.95,6.71,6.73
2024-07-25,6.68,6.84,6.61,6.75
2024-07-26,6.76,7.43,6.76,7.16
2024-07-29,7.05,7.15,6.99,7.1
2024-07-30,7.02,7.24,7.02,7.19
2024-07-31,7.18,7.43,7.15,7.39
2024-08-01,7.43,7.47,7.35,7.4
2024-08-02,7.32,7.4,7.23,7.24
2024-08-05,7.21,7.33,7.06,7.06
2024-08-06,7.18,7.26,7.08,7.26
2024-08-07,7.34,7.38,7.2,7.21
2024-08-08,7.13,7.23,7.04,7.17
2024-08-09,7.19,7.23,7.09,7.11
2024-08-12,7.11,7.14,6.9,6.95
2024-08-13,6.94,6.98,6.84,6.98
2024-08-14,6.95,7.21,6.9,7.06
2024-08-15,7.05,7.2,6.96,7.19
2024-08-16,7.18,7.27,7.16,7.2
2024-08-19,7.16,7.24,7.13,7.22
2024-08-20,7.22,7.22,7.05,7.06
2024-08-21,7.04,7.09,6.93,6.96
2024-08-22,6.97,7.0,6.69,6.7
2024-08-23,6.7,6.84,6.62,6.79
2024-08-26,6.79,7.19,6.77,7.05
2024-08-27,6.97,7.37,6.82,7.2
2024-08-28,7.1,7.86,7.01,7.37
2024-08-29,7.29,7.45,7.27,7.3
2024-08-30,7.28,7.69,7.27,7.42
2024-09-02,7.39,7.46,7.2,7.23
2024-09-03,7.23,7.66,7.2,7.5
2024-09-04,7.37,7.65,7.35,7.38
2024-09-05,7.35,7.43,7.29,7.32
2024-09-06,7.27,7.35,7.03,7.06
2024-09-09,6.99,7.08,6.91,7.06
2024-09-10,7.08,7.22,7.0,7.17
2024-09-11,7.14,7.22,7.05,7.08
2024-09-12,7.1,7.42,7.09,7.33
2024-09-13,7.39,7.46,7.24,7.26
2024-09-18,7.23,7.32,7.03,7.1
2024-09-19,7.17,7.81,7.06,7.81
2024-09-20,8.07,8.59,8.01,8.32
2024-09-23,8.1,8.39,8.09,8.18
2024-09-24,8.19,8.83,8.08,8.49
2024-09-25,8.36,8.7,8.36,8.39
2024-09-26,8.32,8.53,8.31,8.5
2024-09-27,8.67,9.16,8.5,8.92
2024-09-30,9.14,9.8,8.92,9.68
2024-10-08,10.62,10.65,9.7,10.65
2024-10-09,10.13,10.2,9.59,9.59
2024-10-10,9.77,9.97,9.22,9.33
2024-10-11,9.27,9.3,8.69,8.83
2024-10-14,9.0,9.09,8.76,9.08
2024-10-15,9.03,9.31,8.96,8.98
2024-10-16,8.8,9.04,8.76,8.88
2024-10-17,8.95,9.5,8.92,9.22
2024-10-18,9.11,9.53,9.09,9.39
2024-10-21,9.39,9.75,9.25,9.59
2024-10-22,9.51,9.52,9.33,9.43
2024-10-23,9.45,10.37,9.36,10.07
2024-10-24,9.86,9.86,9.53,9.53
2024-10-25,9.55,10.37,9.55,10.06
2024-10-28,10.1,11.0,10.04,10.78
2024-10-29,10.8,10.81,10.29,10.31
2024-10-30,10.25,10.5,10.03,10.4
2024-10-31,10.42,10.6,10.23,10.25
2024-11-01,10.14,10.14,9.37,9.39
2024-11-04,9.22,9.57,9.22,9.51
2024-11-05,9.48,9.77,9.48,9.71
2024-11-06,9.68,9.93,9.63,9.71
2024-11-07,9.77,10.26,9.67,10.16
2024-11-08,10.21,10.45,10.15,10.25
2024-11-11,10.19,10.49,10.11,10.4
2024-11-12,10.5,10.6,10.16,10.28
2024-11-13,10.16,10.49,10.07,10.28
2024-11-14,10.21,10.33,9.84,9.87
2024-11-15,9.89,10.21,9.65,9.68
2024-11-18,10.02,10.65,9.68,10.25
2024-11-19,9.93,11.28,9.7,11.28
2024-11-20,11.69,12.41,11.69,11.97
2024-11-21,12.0,12.69,11.68,11.74
2024-11-22,11.39,12.66,11.39,11.8
2024-11-25,11.69,12.42,11.59,11.86
2024-11-26,11.66,12.36,11.22,12.14
2024-11-27,11.92,12.08,11.45,11.94
2024-11-28,12.4,13.13,12.06,13.13
2024-11-29,13.2,13.75,12.41,12.62
2024-12-02,12.66,12.73,12.27,12.5
2024-12-03,12.37,12.6,11.81,11.88
2024-12-04,11.85,12.25,11.6,11.68
2024-12-05,11.68,11.98,11.65,11.86
2024-12-06,11.76,12.18,11.68,11.97
2024-12-09,11.98,12.04,11.55,11.63
2024-12-10,11.91,12.05,11.72,11.74
2024-12-11,11.76,12.4,11.76,12.23
2024-12-12,12.24,12.25,11.93,12.11
2024-12-13,12.0,12.39,11.98,12.16
2024-12-16,12.18,12.42,11.42,11.48
2024-12-17,11.32,11.42,10.66,10.8
2024-12-18,10.92,11.12,10.67,10.93
2024-12-19,10.75,12.02,10.7,11.84
2024-12-20,11.51,11.55,11.26,11.29
2024-12-23,11.3,11.48,10.72,10.77
2024-12-24,10.8,10.96,10.5,10.63
2024-12-25,10.65,10.94,10.21,10.85
2024-12-26,10.81,11.9,10.75,11.42
2024-12-27,11.24,12.08,11.13,11.52
2024-12-30,11.66,11.83,11.31,11.43
2024-12-31,11.48,11.74,11.26,11.45
2025-01-02,11.18,11.4,10.8,11.01
2025-01-03,10.95,11.03,9.91,9.91
2025-01-06,9.68,9.85,9.28,9.32
2025-01-07,9.4,9.75,9.36,9.67
2025-01-08,9.65,9.76,9.15,9.51
2025-01-09,9.52,9.8,9.48,9.57
2025-01-10,9.54,9.64,9.14,9.14
2025-01-13,9.0,9.26,8.82,9.24
2025-01-14,9.29,9.71,9.2,9.67
2025-01-15,9.68,9.85,9.63,9.69
2025-01-16,9.73,9.9,9.6,9.71
2025-01-17,9.63,9.75,9.55,9.66
2025-01-20,9.74,10.11,9.57,9.88
2025-01-21,9.89,9.99,9.67,9.73
2025-01-22,9.71,9.81,9.61,9.66
2025-01-23,9.8,9.98,9.6,9.6
2025-01-24,9.5,9.85,9.49,9.72
2025-01-27,9.66,10.15,9.52,9.52
2025-02-05,10.05,10.47,9.85,10.47
2025-02-06,10.35,10.8,10.24,10.67
2025-02-07,10.65,11.36,10.65,11.03
2025-02-10,11.2,11.79,11.04,11.5
2025-02-11,11.33,11.58,11.18,11.24
2025-02-12,11.18,11.65,11.18,11.53
2025-02-13,11.54,11.72,11.35,11.62
2025-02-14,11.99,12.66,11.43,12.23
2025-02-17,12.49,12.83,11.83,11.91
2025-02-18,11.65,11.95,11.07,11.13
2025-02-19,11.23,11.4,11.04,11.39
2025-02-20,11.35,11.59,11.03,11.34
2025-02-21,11.66,12.47,11.51,12.47
2025-02-24,12.5,13.05,12.43,12.54
2025-02-25,12.3,13.79,12.13,13.3
2025-02-26,14.62,14.63,14.62,14.63
2025-02-27,14.85,15.33,13.35,13.6
2025-02-28,13.2,13.49,12.24,12.24
2025-03-03,12.1,12.23,11.51,11.64
2025-03-04,11.53,12.18,11.51,11.95
2025-03-05,11.97,12.42,11.95,12.22
2025-03-06,12.3,12.78,12.24,12.59
2025-03-07,12.51,13.11,12.3,12.44
2025-03-10,12.34,12.43,11.92,12.1
2025-03-11,11.63,13.31,11.63,13.31
2025-03-12,13.7,14.64,13.42,14.17
2025-03-13,14.5,14.78,12.91,13.13
2025-03-14,13.87,14.44,13.79,14.44
2025-03-17,14.96,15.88,14.42,15.88
2025-03-18,16.26,17.47,16.26,16.74
2025-03-19,17.05,17.34,15.55,15.75
2025-03-20,15.84,16.69,15.13,15.48
2025-03-21,15.27,16.15,14.75,15.2
2025-03-24,15.09,15.16,13.74,14.15
2025-03-25,14.18,14.23,13.38,13.46
2025-03-26,13.5,14.13,13.49,13.51
2025-03-27,13.53,13.66,12.85,12.88
2025-03-28,12.83,13.51,12.83,12.96
2025-03-31,12.61,13.2,12.27,13.05
2025-04-01,13.03,13.3,12.78,12.87
2025-04-02,12.9,13.19,12.66,12.71
2025-04-03,12.55,12.93,12.31,12.5
2025-04-07,11.48,11.75,11.25,11.25
2025-04-08,10.56,11.04,10.14,10.6
2025-04-09,11.02,11.66,10.69,11.66
2025-04-10,11.99,12.33,11.81,11.92
2025-04-11,11.7,12.19,11.7,11.92
2025-04-14,12.12,12.3,11.96,12.07
2025-04-15,12.15,12.46,12.0,12.18
2025-04-16,12.09,12.14,11.57,11.75
2025-04-17,11.61,11.97,11.59,11.63
2025-04-18,11.62,11.86,11.6,11.66
2025-04-21,11.6,12.04,11.46,12.02
2025-04-22,11.98,12.01,11.77,11.87
2025-04-23,11.97,12.16,11.9,12.0
2025-04-24,12.01,12.04,11.55,11.6
2025-04-25,11.7,12.12,11.69,11.88
2025-04-28,12.18,12.8,12.05,12.32
2025-04-29,12.33,13.55,12.1,13.55
2025-04-30,13.55,14.11,13.37,13.77
2025-05-06,13.85,14.29,13.68,14.14
2025-05-07,14.03,14.18,13.66,13.82
2025-05-08,13.67,13.85,13.59,13.63
2025-05-09,13.67,13.73,13.35,13.5
2025-05-12,13.69,13.74,13.45,13.61
2025-05-13,13.72,13.87,13.48,13.55
2025-05-14,13.38,14.23,13.38,14.2
2025-05-15,14.06,14.06,13.25,13.27
2025-05-16,13.15,13.5,13.02,13.28
2025-05-19,13.45,13.59,13.23,13.44
2025-05-20,13.38,13.65,13.13,13.47
2025-05-21,13.44,13.47,13.14,13.14
2025-05-22,13.06,13.17,12.74,12.76
2025-05-23,12.75,13.0,12.56,12.56
2025-05-26,12.01,12.4,11.56,12.3
2025-05-27,12.3,12.35,12.01,12.13
2025-05-28,12.16,12.29,11.87,11.95
2025-05-29,11.99,12.28,11.88,12.18
2025-05-30,12.1,12.17,11.8,11.92
2025-06-03,11.77,12.07,11.75,11.93
2025-06-04,11.94,12.18,11.94,12.12
2025-06-05,12.34,12.47,12.09,12.35
2025-06-06,12.9,13.59,12.9,13.59
2025-06-09,13.33,14.03,13.33,13.5
2025-06-10,13.56,13.61,12.92,13.16
2025-06-11,13.2,13.36,12.93,13.23
2025-06-12,13.11,13.28,12.73,12.94
2025-06-13,12.92,12.94,12.5,12.52
2025-06-16,12.47,12.79,12.39,12.64
2025-06-17,12.62,12.69,12.3,12.51
2025-06-18,12.4,12.46,12.25,12.36
2025-06-19,12.35,12.6,12.18,12.21
2025-06-20,12.21,12.32,11.92,12.24
2025-06-23,12.06,12.32,11.96,12.31
2025-06-24,12.38,12.63,12.34,12.59
2025-06-25,12.61,12.77,12.46,12.73
2025-06-26,12.7,13.25,12.55,12.96
2025-06-27,12.9,13.2,12.77,12.9
2025-06-30,12.87,12.98,12.81,12.9
2025-07-01,12.9,12.95,12.59,12.62
2025-07-02,12.65,13.11,12.39,13.0
2025-07-03,13.02,13.06,12.82,12.88
2025-07-04,12.84,13.36,12.81,12.88
2025-07-07,12.6,12.73,12.42,12.7
2025-07-08,12.68,12.96,12.58,12.95
2025-07-09,12.94,12.94,12.7,12.75
2025-07-10,12.7,12.88,12.64,12.77
2025-07-11,12.8,13.08,12.77,12.96
2025-07-14,12.96,12.98,12.76,12.85
2025-07-15,13.05,13.64,12.98,13.35
2025-07-16,13.38,13.8,13.24,13.33
2025-07-17,13.21,13.44,13.1,13.38
2025-07-18,13.43,13.64,13.24,13.58
2025-07-21,13.5,13.63,13.38,13.57
2025-07-22,13.46,13.47,13.15,13.19
2025-07-23,13.2,13.38,13.05,13.14
2025-07-24,13.09,13.32,13.09,13.24
2025-07-25,13.36,13.75,13.21,13.53
2025-07-28,13.41,13.51,13.27,13.46
2025-07-29,13.39,13.48,13.18,13.29
2025-07-30,13.22,13.24,12.91,12.97
2025-07-31,12.97,13.45,12.95,13.15
2025-08-01,13.19,13.26,12.81,13.12
2025-08-04,12.91,13.08,12.86,13.07
2025-08-05,13.05,13.48,12.98,13.43
2025-08-06,13.43,13.53,13.28,13.49
2025-08-07,13.52,13.61,13.37,13.41
2025-08-08,13.4,13.5,13.28,13.31
2025-08-11,13.32,13.69,13.25,13.55
2025-08-12,13.56,13.92,13.56,13.67
2025-08-13,13.66,14.26,13.61,14.19
2025-08-14,14.25,14.27,13.88,13.88
2025-08-15,13.84,14.28,13.82,14.22
2025-08-18,14.31,14.98,14.21,14.86
2025-08-19,14.86,15.2,14.52,14.73
2025-08-20,14.65,14.85,14.51,14.8
2025-08-21,14.78,14.81,14.29,14.4
2025-08-22,14.37,14.63,14.34,14.48
2025-08-25,14.66,14.88,14.53,14.64
2025-08-26,14.56,15.0,14.52,14.74
2025-08-27,14.9,15.35,14.62,14.62
2025-08-28,14.62,15.72,14.4,15.44
2025-08-29,15.22,15.26,14.71,14.83
2025-09-01,14.98,15.16,14.51,14.53
2025-09-02,14.6,14.64,13.7,13.88
2025-09-03,13.9,13.97,13.22,13.32
2025-09-04,13.37,13.49,12.83,13.17
2025-09-05,13.22,13.48,13.0,13.46
2025-09-08,13.49,13.53,13.31,13.41
2025-09-09,13.42,13.43,13.16,13.19
2025-09-10,13.61,13.78,13.44,13.51
2025-09-11,13.86,13.88,13.6,13.72
2025-09-12,13.65,13.99,13.53,13.6
2025-09-15,12.82,13.24,12.7,13.0
2025-09-16,12.92,13.05,12.72,12.89
2025-09-17,12.87,12.87,12.72,12.78
2025-09-18,12.7,12.88,12.49,12.55
2025-09-19,12.55,12.6,12.16,12.28
2025-09-22,12.14,12.46,12.14,12.37
2025-09-23,12.44,12.55,12.0,12.23
2025-09-24,12.18,12.68,12.09,12.63
2025-09-25,12.63,12.8,12.53,12.6
2025-09-26,12.48,12.5,12.24,12.25
2025-09-29,12.26,12.36,12.09,12.35
2025-09-30,12.4,12.45,12.25,12.26
2025-10-09,12.3,12.68,12.3,12.65
2025-10-10,12.56,12.68,12.44,12.62
2025-10-13,12.24,12.52,12.13,12.47
2025-10-14,12.48,12.59,12.31,12.39
2025-10-15,12.39,12.44,12.22,12.43
2025-10-16,12.43,12.43,12.16,12.21
2025-10-17,12.3,12.33,11.85,11.86
2025-10-20,11.99,12.05,11.73,11.79
2025-10-21,11.8,12.07,11.78,12.04
2025-10-22,12.0,12.09,11.8,12.05
2025-10-23,12.0,12.12,11.81,12.11
2025-10-24,12.13,12.29,12.13,12.2
2025-10-27,12.46,12.46,12.25,12.31
2025-10-28,12.31,12.48,12.25,12.39
2025-10-29,12.3,12.38,12.22,12.33
2025-10-30,12.34,12.56,12.25,12.36
2025-10-31,12.46,12.79,12.31,12.57
2025-11-03,12.46,12.58,12.39,12.58
2025-11-04,12.54,12.54,12.28,12.41
2025-11-05,12.24,12.45,12.2,12.41
2025-11-06,12.39,12.4,12.26,12.36
2025-11-07,12.33,12.35,12.22,12.25
2025-11-10,12.25,12.42,12.24,12.38
2025-11-11,12.31,12.5,12.31,12.41
2025-11-12,12.41,12.41,12.05,12.11
2025-11-13,12.12,12.53,12.03,12.47
2025-11-14,12.36,12.45,12.21,12.21
2025-11-17,12.16,12.4,12.13,12.39
2025-11-18,12.36,12.57,12.26,12.44
2025-11-19,12.5,12.55,12.12,12.19
2025-11-20,12.25,12.42,12.05,12.14
2025-11-21,12.07,12.2,11.63,11.65
2025-11-24,11.7,12.11,11.6,12.07
2025-11-25,12.1,12.29,12.07,12.25
2025-11-26,12.2,12.33,11.97,11.98
2025-11-27,11.98,12.05,11.82,11.85
2025-11-28,11.81,12.27,11.79,12.21
2025-12-01,12.18,12.24,12.08,12.21
2025-12-02,12.14,12.19,11.99,12.01
2025-12-03,12.07,12.08,11.61,11.67
2025-12-04,11.69,11.7,11.31,11.41
2025-12-05,11.35,11.54,11.3,11.52
2025-12-08,11.52,11.66,11.51,11.6
2025-12-09,11.58,11.9,11.5,11.54
2025-12-10,11.47,11.54,11.31,11.38
2025-12-11,11.37,11.41,11.1,11.1
2025-12-12,11.2,11.21,11.07,11.1
2025-12-15,11.1,11.19,10.92,11.11
2025-12-16,11.1,11.11,10.82,10.82
2025-12-17,10.82,10.95,10.71,10.94
2025-12-18,10.84,11.1,10.81,10.98
2025-12-19,10.97,11.06,10.91,11.01
2025-12-22,11.03,11.2,10.97,11.12
2025-12-23,11.12,11.15,10.95,10.99
2025-12-24,11.03,11.47,10.97,11.3
2025-12-25,11.27,11.36,11.2,11.32
2025-12-26,11.37,11.37,11.24,11.3
2025-12-29,11.3,11.43,11.25,11.37
2025-12-30,11.3,11.36,11.13,11.16
2025-12-31,11.2,11.26,11.14,11.19
2026-01-05,11.22,11.42,11.19,11.4
2026-01-06,11.41,11.6,11.4,11.54
2026-01-07,11.52,11.71,11.38,11.49
2026-01-08,11.5,11.97,11.44,11.87
2026-01-09,11.8,12.1,11.8,12.04
2026-01-12,12.15,12.45,12.02,12.38
2026-01-13,12.52,12.59,11.95,11.95
2026-01-14,11.95,12.55,11.93,12.35
2026-01-15,12.57,12.6,12.05,12.14
2026-01-16,12.2,12.23,11.82,11.95
2026-01-19,11.9,12.06,11.77,11.99
2026-01-20,12.05,12.05,11.66,11.73
2026-01-21,11.71,11.9,11.66,11.81
2026-01-22,11.88,11.97,11.81,11.95
2026-01-23,11.95,12.0,11.87,11.97
2026-01-26,12.1,13.17,12.01,13.17
2026-01-27,12.88,13.14,12.6,12.98
2026-01-28,14.28,14.28,13.95,14.28
2026-01-29,13.4,14.49,13.39,13.78
2026-01-30,13.55,14.38,13.15,14.25
2026-02-02,14.2,15.2,13.83,13.83
2026-02-03,13.84,15.0,13.5,14.73
2026-02-04,14.31,14.34,13.6,13.91
2026-02-05,13.52,14.14,13.41,13.41
2026-02-06,13.14,13.74,12.69,13.5
2026-02-09,13.8,14.43,13.74,14.12
2026-02-10,14.38,15.53,14.1,15.53
2026-02-11,15.0,15.59,14.99,15.03
2026-02-12,16.53,16.53,15.6,15.6
2026-02-13,15.42,15.83,14.7,14.75
2026-02-24,14.92,14.95,14.25,14.26
2026-02-25,14.34,14.39,13.93,14.01
2026-02-26,14.08,14.68,14.02,14.6
2026-02-27,14.25,15.24,14.1,15.0
2026-03-02,14.3,14.68,14.3,14.4
2026-03-03,14.42,14.53,12.96,12.96
2026-03-04,12.96,13.88,12.96,13.48
2026-03-05,13.8,14.83,13.55,14.83
2026-03-06,15.17,16.31,15.08,16.31
2026-03-09,16.53,17.94,15.81,17.94
2026-03-10,19.01,19.73,17.6,17.9
2026-03-11,18.17,18.54,17.51,17.73
2026-03-12,17.62,19.11,17.62,18.84
2026-03-13,18.1,18.13,16.96,16.96
2026-03-16,15.78,16.82,15.66,16.65
2026-03-17,16.66,16.71,15.94,15.96
2026-03-18,16.0,17.56,16.0,17.56
2026-03-19,18.22,19.32,18.22,19.32
2026-03-20,19.47,20.59,18.95,18.95
2026-03-23,19.03,19.9,18.38,19.4
2026-03-24,19.41,21.34,18.61,20.56
2026-03-25,20.81,22.62,20.81,21.29
2026-03-26,20.6,21.23,20.1,20.12
2026-03-27,19.23,20.99,19.23,20.29
2026-03-30,19.55,20.23,19.11,20.03
2026-03-31,19.7,19.82,18.81,18.82
2026-04-01,19.33,20.7,19.18,20.7
2026-04-02,20.44,20.5,19.36,19.66
2026-04-03,20.25,20.62,19.13,19.37
2026-04-07,18.56,19.78,17.94,19.06
2026-04-08,19.64,20.47,19.53,20.31
2026-04-09,20.74,21.12,19.85,20.09
2026-04-10,20.41,20.44,19.07,19.18
2026-04-13,18.6,20.66,18.35,20.28
2026-04-14,20.65,21.3,20.5,20.91
2026-04-15,20.87,20.88,20.02,20.19
2026-04-16,20.18,22.21,20.16,22.21
2026-04-17,23.0,23.1,21.4,21.6
2026-04-20,21.62,22.1,21.34,21.95
2026-04-21,21.5,21.5,20.21,20.89
2026-04-22,20.73,21.21,20.11,21.12
2026-04-23,20.86,21.7,20.25,20.37
2026-04-24,20.77,20.78,18.76,19.17
2026-04-27,18.98,20.27,18.58,19.64
2026-04-28,19.3,20.29,19.22,20.09
2026-04-29,19.61,20.55,19.31,19.86
2026-04-30,19.8,20.11,19.0,19.02
2026-05-06,20.51,20.92,20.51,20.92
2026-05-07,21.4,23.0,21.1,22.13
2026-05-08,21.93,23.45,21.6,22.96
2026-05-11,22.98,22.98,21.7,21.84
2026-05-12,21.87,22.06,21.07,21.34
2026-05-13,21.05,22.8,20.82,22.47
2026-05-14,22.51,22.77,21.3,21.34
2026-05-15,21.36,22.44,20.8,21.04
2026-05-18,20.94,21.77,20.53,20.75
2026-05-19,20.55,21.13,20.0,21.12
2026-05-20,20.8,21.08,20.0,20.11
2026-05-21,19.99,20.15,18.5,18.65
2026-05-22,18.8,19.27,18.27,19.19
2026-05-25,19.64,19.68,18.81,19.29
2026-05-26,18.86,18.96,17.4,17.64
2026-05-27,17.41,17.42,16.41,16.52
2026-05-28,16.85,17.13,16.44,16.85
2026-05-29,16.86,17.05,15.96,16.07
2026-06-01,16.01,16.55,15.92,16.22
2026-06-02,16.35,16.48,15.52,16.07
2026-06-03,15.94,16.49,15.72,16.12
2026-06-04,15.95,16.26,15.71,15.88
2026-06-05,15.85,16.07,15.41,15.69
2026-06-08,15.12,15.59,14.78,15.07
2026-06-09,15.31,15.43,15.07,15.34
2026-06-10,15.67,16.87,15.67,16.87
2026-06-11,15.77,16.46,15.54,15.66
2026-06-12,15.89,15.98,15.18,15.29
2026-06-15,15.48,16.04,15.4,16.01
2026-06-16,16.06,16.51,15.7,16.3
2026-06-17,16.49,17.48,16.18,17.28
2026-06-18,16.89,17.44,16.68,17.06
2026-06-22,17.0,18.27,16.99,17.75
2026-06-23,17.29,17.55,16.45,16.55
2026-06-24,16.28,17.28,15.55,16.99
2026-06-25,16.67,16.84,15.8,15.85
2026-06-26,15.52,15.8,14.58,14.6
2026-06-29,14.51,14.76,14.02,14.1
2026-06-30,14.07,14.77,13.84,14.55
2026-07-01,14.48,15.18,14.18,14.69
2026-07-02,14.49,14.85,14.21,14.24
2026-07-03,14.22,14.44,13.85,13.86
2026-07-06,13.85,13.95,13.42,13.5
2026-07-07,13.51,13.56,12.93,13.0
2026-07-08,13.01,13.92,12.96,13.52
2026-07-09,13.36,13.85,13.05,13.77
2026-07-10,13.72,14.4,13.55,14.07
2026-07-13,13.95,14.37,13.18,13.3
2026-07-14,13.31,13.51,12.5,13.16
2026-07-15,13.08,13.48,12.96,13.04
2026-07-16,12.91,13.36,12.73,12.93
2026-07-17,12.79,13.01,11.97,12.12
2026-07-20,13.33,13.33,13.33,13.33
2026-07-21,14.65,14.66,14.6,14.66
2026-07-22,16.13,16.13,15.51,16.13
2026-07-23,16.47,17.74,16.13,17.74
2026-07-24,17.37,17.37,16.14,16.19
2026-07-27,16.21,16.7,15.6,16.6
2026-07-28,15.65,16.4,15.34,15.82
2026-07-29,15.72,15.8,14.25,15.0
2026-07-30,14.73,15.09,13.7,13.8
2026-07-31,14.36,15.18,14.27,15.18
2026-08-03,15.9,16.7,15.78,16.7
2026-08-04,18.0,18.37,17.69,18.37
2026-08-05,19.0,19.8,18.52,18.85
2026-08-06,18.24,19.13,17.86,18.31
2026-08-07,18.04,18.3,17.4,18.03
2026-08-10,18.03,18.89,18.0,18.22
2026-08-11,18.51,19.37,17.85,18.88
2026-08-12,19.5,19.8,18.4,18.73
2026-08-13,19.22,19.68,18.3,18.36
2026-08-14,18.29,19.6,17.48,18.97
2026-08-17,18.5,19.0,17.74,18.86
2026-08-18,18.3,18.77,17.78,17.87
2026-08-19,16.64,16.91,16.08,16.08
2026-08-20,16.12,16.38,15.62,16.11
2026-08-21,16.06,16.52,15.62,16.48
2026-08-24,16.48,16.77,15.8,16.05
2026-08-25,15.66,17.29,15.53,16.7
2026-08-26,16.7,16.7,16.01,16.27
2026-08-27,16.47,16.75,16.12,16.63
2026-08-28,16.63,16.95,16.32,16.32
2026-08-31,15.9,16.59,15.81,16.59
2026-09-01,16.66,17.17,16.41,16.59
2026-09-02,16.32,16.98,16.21,16.76
2026-09-03,16.81,16.85,16.33,16.46
2026-09-04,16.81,16.9,16.05,16.18
2026-09-07,16.18,16.45,15.91,16.35
2026-09-08,16.33,16.81,16.08,16.14
2026-09-09,16.31,17.1,16.01,16.28
2026-09-10,15.96,15.96,15.36,15.62
2026-09-11,15.28,15.59,15.05,15.44
2026-09-14,15.43,15.8,15.34,15.55
2026-09-15,15.55,15.55,15.55,15.55
