date,open,high,low,close
2004-06-25,40.0,48.0,36.01,39.09
2004-06-28,35.19,36.0,35.18,35.18
2004-06-29,31.66,31.66,31.66,31.66
2004-06-30,28.49,30.7,28.49,29.0
2004-07-01,29.27,30.01,28.0,28.3
2004-07-02,28.36,29.18,25.8,27.62
2004-07-05,27.81,28.5,26.93,28.0
2004-07-06,27.61,28.61,27.53,27.7
2004-07-07,27.5,27.6,26.42,26.58
2004-07-08,26.4,27.23,26.3,26.65
2004-07-09,26.7,27.19,25.98,26.03
2004-07-12,25.8,25.81,23.98,24.15
2004-07-13,24.0,24.38,22.96,23.84
2004-07-14,24.0,24.08,22.8,23.59
2004-07-15,24.5,25.38,24.38,24.4
2004-07-16,24.39,26.6,24.17,26.1
2004-07-19,25.85,26.43,25.6,25.77
2004-07-20,25.8,26.48,25.6,26.2
2004-07-21,26.15,27.15,25.81,25.85
2004-07-22,25.8,26.28,24.2,24.47
2004-07-23,24.4,25.34,24.08,25.29
2004-07-26,24.98,24.98,23.82,24.26
2004-07-27,24.2,24.67,23.35,23.83
2004-07-28,23.87,26.21,23.87,26.21
2004-07-29,26.49,27.81,26.25,26.9
2004-07-30,26.8,27.5,26.56,26.83
2004-08-02,26.8,27.86,26.6,27.05
2004-08-03,27.3,28.78,27.11,27.96
2004-08-04,27.9,28.24,27.32,28.02
2004-08-05,28.0,28.29,27.52,27.75
2004-08-06,27.5,27.5,24.98,24.98
2004-08-09,24.0,24.0,22.85,23.19
2004-08-10,23.1,23.74,23.1,23.49
2004-08-11,23.45,23.45,22.35,22.5
2004-08-12,22.2,22.8,21.88,22.34
2004-08-13,22.3,22.85,22.2,22.55
2004-08-16,22.23,22.49,20.3,20.3
2004-08-17,20.0,20.76,19.61,20.11
2004-08-18,20.16,20.3,19.52,19.59
2004-08-19,19.45,20.08,19.3,20.02
2004-08-20,19.98,20.57,19.52,20.28
2004-08-23,19.8,19.91,19.14,19.3
2004-08-24,19.35,20.13,19.35,19.78
2004-08-25,19.65,19.65,18.8,19.02
2004-08-26,18.98,19.05,18.42,18.45
2004-08-27,18.46,18.67,17.95,18.0
2004-08-30,18.0,19.3,17.55,18.65
2004-08-31,19.35,19.65,18.8,18.86
2004-09-01,18.66,18.7,18.25,18.28
2004-09-02,18.01,18.74,18.01,18.68
2004-09-03,18.8,19.49,18.58,18.92
2004-09-07,18.8,19.35,18.72,18.98
2004-09-08,19.02,19.15,18.61,18.82
2004-09-09,18.69,18.78,18.31,18.49
2004-09-10,18.6,18.68,18.36,18.52
2004-09-13,18.6,18.6,17.43,17.49
2004-09-14,17.83,18.5,17.7,18.14
2004-09-15,18.2,19.95,18.15,19.9
2004-09-16,20.01,20.84,19.6,20.5
2004-09-17,20.55,21.5,19.94,21.44
2004-09-20,21.44,22.05,21.01,21.99
2004-09-21,22.0,23.47,21.38,22.85
2004-09-22,22.6,25.14,22.15,24.91
2004-09-23,24.95,25.1,23.68,24.15
2004-09-24,24.89,26.27,23.9,24.0
2004-09-27,24.2,24.79,23.0,23.21
2004-09-28,23.21,23.87,22.7,23.5
2004-09-29,23.5,23.83,23.28,23.4
2004-09-30,23.4,24.24,23.08,23.35
2004-10-08,23.32,25.25,23.11,25.25
2004-10-11,25.68,26.49,24.66,24.9
2004-10-12,24.86,25.19,24.11,24.23
2004-10-13,24.23,24.7,24.11,24.41
2004-10-14,24.56,24.58,21.97,21.97
2004-10-15,20.35,20.97,19.8,19.84
2004-10-18,20.1,20.68,20.1,20.18
2004-10-19,20.23,21.0,20.0,20.05
2004-10-20,20.0,20.0,18.9,19.78
2004-10-21,19.78,20.28,19.53,19.85
2004-10-22,19.98,20.6,18.9,20.6
2004-10-25,21.0,21.28,20.31,20.54
2004-10-26,20.36,21.0,20.05,20.99
2004-10-27,21.0,21.99,20.78,21.99
2004-10-28,21.68,21.99,20.3,20.65
2004-10-29,19.75,21.15,19.34,20.2
2004-11-01,20.75,20.75,20.05,20.13
2004-11-02,20.1,20.38,19.7,19.93
2004-11-03,20.01,20.64,20.0,20.59
2004-11-04,20.9,20.91,19.8,19.9
2004-11-05,20.01,20.3,19.71,19.9
2004-11-08,19.9,20.18,19.6,20.0
2004-11-09,20.0,20.32,19.88,20.1
2004-11-10,20.35,21.65,20.0,21.49
2004-11-11,21.6,22.94,21.6,21.65
2004-11-12,21.7,22.3,21.67,21.95
2004-11-15,21.98,22.3,21.67,22.0
2004-11-16,22.3,22.6,21.92,22.18
2004-11-17,22.18,22.18,21.61,21.72
2004-11-18,22.18,22.56,22.01,22.15
2004-11-19,22.3,22.48,21.7,21.9
2004-11-22,22.05,22.28,21.8,21.88
2004-11-23,21.9,21.98,21.39,21.44
2004-11-24,21.2,21.85,21.16,21.62
2004-11-25,21.7,21.7,21.1,21.23
2004-11-26,21.24,21.46,21.15,21.23
2004-11-29,21.23,21.26,20.2,20.28
2004-11-30,20.2,20.46,20.2,20.36
2004-12-01,20.41,20.45,19.91,20.0
2004-12-02,20.0,20.07,19.58,20.07
2004-12-03,20.45,21.03,20.32,20.55
2004-12-06,20.5,20.61,20.13,20.32
2004-12-07,20.26,20.49,19.9,19.91
2004-12-08,20.29,20.68,20.08,20.2
2004-12-09,20.2,20.88,19.91,20.6
2004-12-10,20.2,20.64,20.15,20.29
2004-12-13,20.09,20.5,19.96,20.27
2004-12-14,20.27,20.48,20.17,20.3
2004-12-15,20.3,20.86,20.3,20.7
2004-12-16,20.7,20.7,20.18,20.2
2004-12-17,20.02,20.03,19.52,19.56
2004-12-20,19.4,19.4,18.7,18.75
2004-12-21,18.82,19.1,18.7,18.93
2004-12-22,18.92,19.67,18.92,19.65
2004-12-23,19.75,19.88,19.0,19.0
2004-12-24,18.83,19.4,18.82,19.03
2004-12-27,19.06,19.27,18.92,19.2
2004-12-28,19.08,19.35,18.95,19.08
2004-12-29,18.96,19.4,18.4,18.45
2004-12-30,18.41,18.85,18.41,18.68
2004-12-31,18.89,18.89,18.47,18.6
2005-01-04,18.11,18.5,18.11,18.19
2005-01-05,18.23,18.7,18.22,18.59
2005-01-06,18.65,18.76,18.42,18.56
2005-01-07,18.5,18.88,18.28,18.45
2005-01-10,18.36,18.75,18.2,18.7
2005-01-11,18.75,18.97,18.7,18.83
2005-01-12,18.8,18.85,18.46,18.54
2005-01-13,18.56,18.82,18.43,18.63
2005-01-14,18.52,18.78,18.25,18.26
2005-01-17,18.09,18.18,17.53,17.55
2005-01-18,17.55,17.96,17.53,17.88
2005-01-19,17.89,17.89,17.0,17.1
2005-01-20,17.0,17.0,16.35,16.55
2005-01-21,16.55,17.4,16.4,17.35
2005-01-24,17.98,18.1,17.48,17.8
2005-01-25,17.3,17.3,16.7,16.9
2005-01-26,16.91,17.0,16.65,16.7
2005-01-27,16.7,16.7,16.35,16.36
2005-01-28,16.16,16.4,15.98,16.04
2005-01-31,16.0,16.0,15.1,15.24
2005-02-01,15.15,15.6,15.13,15.23
2005-02-02,15.23,16.37,15.23,16.29
2005-02-03,16.49,16.49,15.7,15.7
2005-02-04,15.6,16.3,15.6,16.14
2005-02-16,16.24,16.5,16.23,16.26
2005-02-17,16.18,16.4,16.01,16.3
2005-02-18,16.3,16.43,16.09,16.1
2005-02-21,16.05,16.17,15.37,16.17
2005-02-22,16.2,17.79,16.06,17.79
2005-02-23,17.85,18.7,17.58,18.25
2005-02-24,18.0,18.0,17.15,17.65
2005-02-25,17.6,17.97,17.35,17.53
2005-02-28,17.53,18.23,17.46,17.75
2005-03-01,17.9,17.9,17.41,17.5
2005-03-02,17.5,17.7,17.28,17.35
2005-03-03,17.2,17.39,17.0,17.33
2005-03-04,17.36,17.4,17.0,17.03
2005-03-07,17.37,17.37,16.67,16.8
2005-03-08,16.99,17.8,16.79,17.75
2005-03-09,17.7,18.26,17.62,17.75
2005-03-10,17.68,18.99,17.68,18.05
2005-03-11,17.99,18.3,17.65,18.2
2005-03-14,18.18,18.5,17.52,17.98
2005-03-15,18.0,18.13,17.62,17.63
2005-03-16,17.8,17.8,17.1,17.28
2005-03-17,17.25,17.28,16.68,16.84
2005-03-18,16.8,17.0,16.65,16.7
2005-03-21,16.65,16.99,16.17,16.99
2005-03-22,16.99,16.99,16.3,16.58
2005-03-23,16.54,17.16,16.42,16.8
2005-03-24,16.66,17.08,16.62,17.0
2005-03-25,17.09,17.76,17.0,17.38
2005-03-28,17.39,17.39,16.6,16.95
2005-03-29,17.05,17.13,16.55,16.56
2005-03-30,16.4,16.4,15.45,15.6
2005-03-31,15.5,15.8,15.23,15.72
2005-04-01,15.89,16.6,15.58,16.4
2005-04-04,17.0,17.5,16.7,16.84
2005-04-05,16.69,16.99,16.6,16.61
2005-04-06,16.62,17.28,16.55,17.18
2005-04-07,17.28,17.68,17.15,17.2
2005-04-08,17.58,17.59,17.2,17.45
2005-04-11,17.45,18.05,17.24,17.59
2005-04-12,17.55,17.88,17.1,17.16
2005-04-13,17.41,18.1,17.3,17.74
2005-04-14,17.8,18.55,17.65,17.98
2005-04-15,17.95,18.17,17.58,17.6
2005-04-18,17.5,17.69,17.08,17.23
2005-04-19,17.17,17.44,17.05,17.32
2005-04-20,17.32,17.33,16.52,16.58
2005-04-21,16.55,16.89,16.51,16.6
2005-04-22,16.6,16.79,16.2,16.25
2005-04-25,16.3,16.3,15.65,15.93
2005-04-26,15.91,16.42,15.8,16.3
2005-04-27,16.58,16.6,16.0,16.08
2005-04-28,15.0,15.6,14.47,14.7
2005-04-29,14.48,14.5,13.85,14.08
2005-05-09,13.99,14.2,13.3,13.37
2005-05-11,13.6,13.78,13.33,13.4
2005-05-12,13.65,13.84,13.4,13.64
2005-05-13,13.64,13.97,13.59,13.81
2005-05-16,13.92,13.96,13.6,13.61
2005-05-17,13.8,14.19,13.5,13.97
2005-05-18,14.07,14.1,13.81,14.02
2005-05-19,14.06,14.45,13.81,14.15
2005-05-20,14.29,14.29,13.9,13.96
2005-05-23,13.9,13.9,13.32,13.34
2005-05-24,13.65,13.84,13.21,13.71
2005-05-25,13.98,14.13,13.68,13.87
2005-05-26,13.86,14.18,13.77,13.84
2005-05-27,13.97,14.05,13.68,13.7
2005-05-30,13.8,13.9,13.5,13.83
2005-05-31,13.9,13.9,13.36,13.45
2005-06-01,8.5,8.66,8.24,8.35
2005-06-02,8.34,8.34,7.86,7.91
2005-06-03,7.92,8.1,7.9,7.98
2005-06-06,7.97,8.14,7.65,8.12
2005-06-07,8.15,8.56,8.03,8.26
2005-06-08,8.2,9.09,8.12,9.09
2005-06-09,9.19,9.58,8.91,9.37
2005-06-10,9.4,9.4,8.8,8.9
2005-06-13,8.99,9.06,8.71,9.0
2005-06-14,9.02,9.15,8.65,8.65
2005-06-15,8.61,8.99,8.4,8.8
2005-06-16,9.06,9.68,9.06,9.68
2005-06-17,10.2,10.39,9.4,9.4
2005-06-20,9.32,10.32,9.0,10.32
2005-06-21,10.14,10.45,9.88,10.11
2005-06-22,9.95,10.23,9.82,10.0
2005-06-23,9.91,10.15,9.45,9.58
2005-06-24,9.48,9.72,9.46,9.68
2005-06-27,9.81,10.65,9.81,10.31
2005-06-28,10.1,10.16,9.88,9.98
2005-06-29,9.91,10.14,9.69,9.7
2005-06-30,9.68,9.75,9.23,9.24
2005-07-01,9.19,9.34,8.88,8.9
2005-07-04,8.9,8.98,8.6,8.97
2005-07-05,8.98,9.22,8.88,9.07
2005-07-06,9.06,9.23,8.74,8.82
2005-07-07,8.9,8.97,8.8,8.91
2005-07-08,8.95,8.95,8.44,8.46
2005-07-11,8.7,9.05,8.3,8.37
2005-07-12,8.33,9.18,8.23,9.06
2005-07-13,9.06,9.06,8.8,8.89
2005-07-14,8.89,9.18,8.85,8.95
2005-07-15,8.99,9.04,8.58,8.66
2005-07-18,8.68,8.85,8.5,8.72
2005-07-19,8.75,8.99,8.7,8.92
2005-07-20,8.91,9.05,8.84,8.93
2005-07-21,8.9,8.93,8.6,8.72
2005-07-22,8.8,9.0,8.51,8.86
2005-07-25,8.87,8.87,8.5,8.54
2005-07-26,8.45,8.78,8.45,8.63
2005-07-27,8.69,9.02,8.51,9.0
2005-07-28,8.97,9.28,8.92,9.0
2005-07-29,9.05,9.05,8.76,8.85
2005-08-01,8.82,9.08,8.81,9.01
2005-08-02,9.11,9.26,9.01,9.17
2005-08-03,9.2,9.49,9.11,9.22
2005-08-04,9.21,9.67,9.16,9.41
2005-08-05,9.45,10.13,9.45,10.09
2005-08-08,10.28,11.1,10.28,10.7
2005-08-09,10.7,11.31,10.6,11.13
2005-08-10,11.13,11.18,10.78,11.08
2005-08-11,11.0,11.35,10.76,11.18
2005-08-12,11.18,11.3,10.79,10.94
2005-08-15,10.9,11.74,10.86,11.69
2005-08-16,11.6,11.79,11.16,11.34
2005-08-17,11.34,11.9,11.16,11.7
2005-08-18,11.73,11.84,10.55,10.75
2005-08-19,10.75,10.89,10.11,10.46
2005-08-22,10.42,10.65,10.2,10.62
2005-08-23,10.58,10.67,10.35,10.48
2005-08-24,10.52,11.15,10.52,10.9
2005-08-25,10.81,11.0,10.73,11.0
2005-08-26,10.99,11.07,10.81,11.03
2005-08-29,11.03,11.03,10.81,10.86
2005-08-30,10.77,10.82,10.6,10.72
2005-08-31,10.7,11.16,10.7,11.11
2005-09-02,11.7,12.22,11.7,12.22
2005-09-05,12.6,12.6,12.15,12.3
2005-09-06,12.3,12.5,11.81,11.88
2005-09-07,11.85,13.07,11.83,13.07
2005-09-08,12.98,13.3,12.72,12.93
2005-09-09,13.2,13.82,12.91,12.98
2005-09-12,12.7,12.8,12.25,12.68
2005-09-13,12.72,12.86,12.4,12.8
2005-09-14,12.7,13.42,12.61,13.2
2005-09-15,13.01,13.25,12.9,13.04
2005-09-16,13.04,13.07,12.61,12.79
2005-09-29,12.2,13.37,12.2,13.25
2005-09-30,13.21,13.66,13.05,13.55
2005-10-10,13.5,13.88,13.31,13.41
2005-10-11,13.25,13.69,13.25,13.69
2005-10-12,13.67,14.28,13.61,13.95
2005-10-13,13.94,14.69,13.92,14.61
2005-10-14,14.6,15.17,14.58,14.9
2005-11-28,11.92,12.18,10.95,11.11
2005-11-29,11.07,11.8,11.05,11.61
2005-11-30,11.59,12.25,11.45,12.05
2005-12-01,12.02,12.02,11.54,11.6
2005-12-02,11.38,11.64,11.37,11.58
2005-12-05,11.52,11.52,11.03,11.15
2005-12-06,11.05,11.14,10.66,10.75
2005-12-07,10.71,10.92,10.53,10.72
2005-12-08,10.75,10.88,10.66,10.87
2005-12-09,10.9,11.04,10.74,11.0
2005-12-12,11.03,11.09,10.85,10.93
2005-12-13,10.85,10.88,10.46,10.8
2005-12-14,10.7,11.0,10.56,10.92
2005-12-15,10.9,10.95,10.7,10.74
2005-12-16,10.7,10.98,10.52,10.94
2005-12-19,10.82,10.88,10.68,10.7
2005-12-20,10.71,10.78,10.49,10.5
2005-12-21,10.46,10.64,9.9,10.19
2005-12-22,10.1,10.38,10.06,10.2
2005-12-23,10.11,10.35,10.09,10.3
2005-12-26,10.32,10.77,10.32,10.62
2005-12-27,10.65,10.7,10.44,10.46
2005-12-28,10.46,10.69,10.37,10.61
2005-12-29,10.61,10.91,10.6,10.8
2005-12-30,10.8,10.8,10.46,10.49
2006-01-04,10.49,10.74,10.4,10.69
2006-01-05,10.7,10.97,10.67,10.91
2006-01-06,10.91,11.3,10.72,11.11
2006-01-09,11.2,11.5,11.0,11.37
2006-01-10,11.38,11.44,11.16,11.29
2006-01-11,11.38,11.57,11.2,11.43
2006-01-12,11.61,12.57,11.61,12.48
2006-01-13,12.62,13.25,12.62,12.78
2006-01-16,13.0,13.55,12.8,13.19
2006-01-17,13.18,13.78,13.01,13.32
2006-01-18,13.33,13.6,13.05,13.36
2006-01-19,13.3,13.49,13.01,13.35
2006-01-20,13.35,14.1,12.98,13.79
2006-01-23,13.7,13.82,13.32,13.6
2006-01-24,13.6,14.55,13.42,14.14
2006-01-25,14.0,14.0,12.75,13.59
2006-02-06,13.39,14.58,13.39,14.45
2006-02-07,14.45,14.6,13.9,14.09
2006-02-08,14.0,14.02,13.58,13.96
2006-02-09,13.95,13.95,13.26,13.37
2006-02-10,13.31,13.85,13.31,13.6
2006-02-13,13.55,14.25,13.42,13.72
2006-02-14,13.6,13.96,13.6,13.91
2006-02-15,13.7,13.99,13.63,13.7
2006-02-16,13.7,13.74,13.02,13.19
2006-02-17,13.19,13.22,12.68,12.8
2006-02-20,12.8,12.92,11.95,12.07
2006-02-21,12.1,12.56,11.93,12.5
2006-02-22,12.49,12.65,12.05,12.18
2006-02-23,12.18,12.28,11.95,12.02
2006-02-24,12.05,12.48,12.05,12.41
2006-02-27,12.56,12.58,12.08,12.13
2006-02-28,12.1,12.33,12.1,12.31
2006-03-01,12.34,12.62,12.34,12.57
2006-03-02,12.58,12.67,12.01,12.11
2006-03-03,12.07,12.17,11.45,11.9
2006-03-06,11.79,11.84,11.57,11.71
2006-03-07,11.71,11.71,11.44,11.5
2006-03-08,11.48,11.72,11.43,11.69
2006-03-09,11.71,11.84,11.53,11.62
2006-03-10,11.58,11.75,11.51,11.58
2006-03-13,11.5,11.58,11.35,11.55
2006-03-14,11.5,11.64,11.45,11.64
2006-03-15,11.66,12.1,11.56,12.08
2006-03-16,12.1,12.17,11.86,12.14
2006-03-17,12.12,12.12,11.89,11.98
2006-03-20,11.9,12.28,11.66,12.23
2006-03-21,12.18,12.47,12.06,12.35
2006-03-22,12.3,12.51,12.18,12.41
2006-03-23,12.41,12.77,12.41,12.58
2006-03-24,12.58,12.7,12.2,12.2
2006-03-27,12.15,12.48,12.11,12.4
2006-03-28,12.35,12.98,12.3,12.9
2006-03-29,12.9,12.99,12.69,12.75
2006-03-30,12.76,13.26,12.65,13.1
2006-03-31,13.08,13.26,12.89,13.2
2006-04-03,13.24,13.85,13.22,13.71
2006-04-04,13.75,13.88,13.46,13.82
2006-04-05,14.61,15.2,14.61,14.95
2006-04-06,14.79,15.1,14.4,14.68
2006-04-07,14.85,14.88,14.5,14.79
2006-04-10,14.89,15.87,14.81,15.25
2006-04-11,15.29,15.38,14.78,14.93
2006-04-12,14.9,14.93,14.56,14.56
2006-04-13,14.5,15.33,14.0,14.06
2006-04-14,14.0,14.88,13.9,14.88
2006-04-17,14.7,15.3,14.63,15.18
2006-04-18,15.18,15.25,14.7,14.81
2006-04-19,14.78,15.23,14.75,15.01
2006-04-20,15.01,15.58,14.9,15.09
2006-04-21,15.1,15.57,14.51,15.35
2006-04-24,15.3,15.49,14.7,14.8
2006-04-25,14.75,14.76,14.1,14.5
2006-04-26,14.43,15.95,14.3,15.95
2006-04-27,15.82,16.3,15.56,15.94
2006-04-28,15.7,17.36,15.3,16.9
2006-05-08,16.9,17.42,16.55,17.08
2006-05-10,17.58,17.89,16.37,16.65
2006-05-11,16.66,16.8,15.7,15.8
2006-05-12,15.65,16.44,15.5,16.3
2006-05-15,16.52,17.93,16.06,17.9
2006-05-16,17.7,17.78,16.11,16.11
2006-05-17,15.82,16.5,15.58,15.76
2006-05-18,16.2,16.96,15.91,16.82
2006-05-19,17.01,18.49,17.01,18.33
2006-05-22,19.05,20.16,19.05,20.16
2006-05-23,20.29,20.29,18.49,18.9
2006-05-24,19.49,19.77,17.7,18.28
2006-05-25,11.9,12.09,11.05,11.53
2006-05-26,11.79,12.44,11.55,12.23
2006-05-29,12.39,12.7,12.25,12.43
2006-05-30,12.3,12.8,11.96,12.67
2006-05-31,12.5,12.82,12.2,12.3
2006-06-01,12.31,13.1,12.15,13.02
2006-06-02,13.27,14.0,13.0,13.7
2006-06-05,13.8,15.07,13.8,14.93
2006-06-06,14.95,15.07,14.35,14.5
2006-06-07,14.4,14.48,13.1,13.1
2006-06-08,12.97,14.41,12.85,14.41
2006-06-09,14.61,15.15,14.1,14.68
2006-06-12,14.5,14.88,14.12,14.42
2006-06-13,14.5,15.5,14.5,15.04
2006-06-14,15.05,15.68,14.78,15.65
2006-06-15,15.67,16.47,15.5,15.65
2006-06-16,15.5,16.19,15.02,15.99
2006-06-19,15.65,16.31,15.4,15.6
2006-06-20,15.34,15.69,15.1,15.28
2006-06-21,15.28,15.48,14.86,14.87
2006-06-22,14.7,15.35,14.6,14.95
2006-06-23,14.8,15.15,14.7,14.98
2006-06-26,15.0,15.86,15.0,15.65
2006-06-27,15.72,15.89,15.25,15.44
2006-06-28,15.37,15.73,15.28,15.39
2006-06-29,15.25,15.65,15.25,15.59
2006-06-30,15.65,15.74,15.03,15.1
2006-07-03,15.02,15.07,14.67,14.8
2006-07-04,14.85,14.96,14.52,14.59
2006-07-05,14.6,14.99,14.52,14.6
2006-07-06,14.61,15.1,14.61,15.09
2006-07-07,15.15,15.28,14.7,14.74
2006-07-10,14.7,14.7,14.15,14.28
2006-07-11,14.28,14.92,14.28,14.75
2006-07-12,14.75,14.85,14.27,14.36
2006-07-13,14.36,14.45,13.1,13.6
2006-07-14,13.38,13.88,13.3,13.4
2006-07-17,13.4,13.45,13.0,13.19
2006-07-18,13.19,13.48,13.05,13.47
2006-07-19,13.52,13.59,12.8,13.15
2006-07-20,12.98,13.3,12.95,13.02
2006-07-21,13.1,13.45,13.05,13.2
2006-07-24,13.15,13.15,12.72,13.05
2006-07-25,13.05,13.56,13.05,13.47
2006-07-26,13.47,13.82,13.33,13.7
2006-07-27,13.7,13.76,13.34,13.68
2006-07-28,13.47,13.75,13.41,13.55
2006-07-31,13.58,13.58,12.41,12.43
2006-08-01,12.45,12.69,11.89,11.94
2006-08-02,11.9,12.06,11.32,11.7
2006-08-03,11.65,11.97,11.65,11.85
2006-08-04,11.9,11.94,11.55,11.6
2006-08-07,11.57,11.78,11.48,11.5
2006-08-08,11.51,11.95,11.51,11.9
2006-08-09,11.89,12.28,11.8,12.04
2006-08-10,12.18,12.45,12.04,12.35
2006-08-11,12.35,12.37,12.1,12.17
2006-08-14,12.12,12.27,11.58,11.63
2006-08-15,11.63,11.81,11.52,11.78
2006-08-16,11.8,12.39,11.8,12.38
2006-08-17,12.36,12.36,12.05,12.15
2006-08-18,12.0,12.28,11.96,12.02
2006-08-22,12.1,12.92,12.1,12.82
2006-08-23,12.82,13.0,12.55,12.77
2006-08-24,12.78,13.03,12.65,13.0
2006-08-25,13.1,13.22,12.9,13.13
2006-08-28,13.25,13.55,13.08,13.34
2006-08-29,13.35,13.57,13.18,13.18
2006-08-30,13.14,13.28,12.91,13.03
2006-08-31,13.03,13.2,13.0,13.12
2006-09-01,13.21,13.21,12.64,12.73
2006-09-04,12.73,13.27,12.61,13.25
2006-09-05,13.24,13.3,13.0,13.24
2006-09-06,13.2,13.2,12.98,13.16
2006-09-07,13.16,13.45,13.03,13.36
2006-09-11,13.41,13.94,13.21,13.9
2006-09-12,13.84,14.07,13.71,13.72
2006-09-13,13.72,14.18,13.0,13.39
2006-09-14,13.29,13.45,13.05,13.4
2006-09-15,13.49,13.5,13.28,13.4
2006-09-19,13.58,14.0,13.5,13.69
2006-09-20,13.68,13.77,13.37,13.66
2006-09-21,13.65,13.9,13.5,13.85
2006-09-22,13.91,14.45,13.73,14.29
2006-09-25,14.23,14.54,14.18,14.39
2006-09-26,14.3,14.38,14.0,14.06
2006-09-27,14.05,14.61,14.05,14.6
2006-09-28,14.64,15.03,14.47,14.9
2006-09-29,14.88,15.0,14.76,14.82
2006-10-09,14.97,16.1,14.97,16.03
2006-10-10,16.1,16.3,15.78,16.1
2006-10-11,16.0,17.2,16.0,16.83
2006-10-12,16.83,17.03,16.15,16.35
2006-10-13,16.2,16.55,16.03,16.46
2006-10-16,16.54,16.68,16.1,16.19
2006-10-17,16.12,16.34,15.93,16.2
2006-10-18,16.28,16.6,16.0,16.46
2006-10-19,16.47,17.22,16.35,16.88
2006-10-20,16.9,17.15,16.72,17.0
2006-10-23,16.95,17.19,16.06,16.18
2006-10-24,16.1,16.49,15.86,16.39
2006-10-25,16.39,16.55,16.02,16.25
2006-10-26,16.24,16.3,15.79,15.8
2006-10-27,15.7,16.07,15.55,15.74
2006-10-30,15.74,16.05,15.7,15.97
2006-10-31,16.05,16.5,15.95,16.49
2006-11-01,16.46,16.6,15.95,16.1
2006-11-02,16.15,16.15,15.0,15.28
2006-11-03,15.17,15.67,15.15,15.22
2006-11-06,15.17,15.35,14.96,15.05
2006-11-07,15.0,15.05,14.45,14.73
2006-11-08,14.68,15.1,14.5,14.9
2006-11-09,14.9,15.1,14.81,15.06
2006-11-10,15.1,15.27,14.56,14.7
2006-11-13,14.7,14.8,13.96,13.98
2006-11-14,14.0,14.28,13.71,14.28
2006-11-15,14.29,14.78,14.1,14.6
2006-11-16,14.78,15.07,14.6,14.74
2006-11-17,14.51,15.07,14.3,15.0
2006-11-20,15.15,15.44,15.06,15.13
2006-11-21,15.13,15.48,15.05,15.45
2006-11-22,15.48,15.64,15.3,15.45
2006-11-23,15.45,15.55,14.91,15.15
2006-11-24,15.19,15.25,15.0,15.02
2006-11-27,15.02,15.8,14.88,15.7
2006-11-28,15.6,16.17,15.51,15.88
2006-11-29,15.75,16.59,15.42,16.55
2006-11-30,16.48,17.45,16.48,17.28
2006-12-01,17.15,17.72,17.05,17.64
2006-12-04,17.64,18.05,17.3,17.88
2006-12-05,17.88,17.88,17.2,17.34
2006-12-06,17.31,17.34,16.2,16.88
2006-12-07,16.98,17.09,16.61,16.7
2006-12-08,16.34,16.74,16.3,16.4
2006-12-11,16.4,16.7,16.22,16.62
2006-12-12,16.75,16.79,16.2,16.42
2006-12-13,16.43,16.58,16.25,16.43
2006-12-14,16.6,17.36,16.46,17.28
2006-12-15,17.51,17.88,17.51,17.7
2006-12-18,18.09,18.38,17.65,17.96
2006-12-19,17.98,18.06,17.51,17.7
2006-12-20,17.79,18.27,17.2,17.99
2006-12-21,18.02,18.26,17.6,17.8
2006-12-22,17.59,17.88,17.21,17.51
2006-12-25,17.3,17.85,17.3,17.61
2006-12-26,17.62,19.37,17.56,19.37
2006-12-27,19.47,20.1,19.2,19.6
2006-12-28,19.52,20.98,19.42,20.66
2006-12-29,20.71,20.8,20.12,20.68
2007-01-04,20.5,20.9,19.13,19.28
2007-01-05,19.09,19.28,18.5,19.28
2007-01-08,19.3,19.8,19.01,19.43
2007-01-09,19.52,20.52,19.5,20.14
2007-01-10,20.05,20.48,19.58,20.3
2007-01-11,20.29,21.1,19.91,20.1
2007-01-12,19.9,20.08,18.9,19.0
2007-01-15,18.85,19.82,18.5,19.82
2007-01-16,19.83,20.58,19.21,20.28
2007-01-17,20.3,21.68,19.9,20.8
2007-01-18,20.69,21.78,20.5,21.7
2007-01-19,21.68,22.68,21.55,22.0
2007-01-22,22.0,23.98,21.78,23.69
2007-01-23,23.88,24.8,23.48,24.1
2007-01-24,23.99,24.3,23.5,24.1
2007-01-25,23.61,23.7,21.69,22.48
2007-01-26,22.35,22.96,21.2,22.83
2007-01-29,23.27,23.27,22.1,22.8
2007-01-30,22.8,22.8,22.0,22.2
2007-01-31,22.23,22.4,20.45,21.58
2007-02-01,21.3,21.52,20.6,21.35
2007-02-02,21.35,21.4,20.4,20.45
2007-02-05,20.16,20.72,20.15,20.5
2007-02-06,20.75,20.75,19.4,20.16
2007-02-07,20.1,20.65,20.1,20.33
2007-02-08,20.55,20.97,20.34,20.77
2007-02-09,20.65,20.77,19.91,20.46
2007-02-12,20.46,22.14,20.05,22.14
2007-02-13,22.0,22.55,21.8,22.31
2007-02-14,22.45,22.49,22.01,22.31
2007-02-15,22.45,23.85,22.44,22.95
2007-02-16,23.12,23.59,22.55,23.0
2007-02-26,23.0,23.25,22.5,23.0
2007-02-27,22.8,22.8,20.7,20.7
2007-02-28,20.25,20.7,19.7,20.42
2007-03-01,20.45,21.18,19.63,21.18
2007-03-02,21.41,22.62,21.41,22.0
2007-03-05,22.3,22.98,21.36,22.1
2007-03-06,22.08,22.39,21.52,22.15
2007-03-07,22.19,22.77,22.19,22.75
2007-03-08,22.8,23.71,22.7,23.71
2007-03-09,23.9,24.06,22.7,23.08
2007-03-12,23.49,23.49,22.63,22.85
2007-03-13,22.81,25.14,22.79,25.14
2007-03-14,25.11,26.4,23.32,25.3
2007-03-15,25.18,26.0,24.81,24.91
2007-03-16,24.7,25.2,23.78,24.1
2007-03-19,23.0,24.38,22.8,23.9
2007-03-20,23.71,24.18,23.6,23.81
2007-03-21,24.15,24.47,23.7,24.15
2007-03-22,24.21,25.65,24.21,24.3
2007-03-23,24.35,24.88,23.88,24.51
2007-03-26,24.6,25.2,24.6,24.99
2007-03-27,25.0,25.35,24.66,25.0
2007-03-28,25.08,25.28,23.0,24.02
2007-03-29,23.9,23.97,23.16,23.35
2007-03-30,23.55,24.01,23.2,23.36
2007-04-02,23.79,23.9,23.11,23.86
2007-04-03,24.29,25.0,23.8,24.13
2007-04-04,24.48,25.13,24.28,24.97
2007-04-05,24.96,26.25,24.51,25.82
2007-04-06,25.7,26.12,25.5,25.69
2007-04-09,25.81,26.15,25.61,25.95
2007-04-10,26.03,26.96,25.5,26.3
2007-04-11,26.39,26.48,25.41,25.97
2007-04-12,25.91,27.0,25.6,26.79
2007-04-13,26.85,28.49,26.39,27.92
2007-04-16,28.68,28.68,27.66,28.4
2007-04-17,28.1,28.3,27.0,27.8
2007-04-18,27.8,29.55,27.5,28.5
2007-04-19,28.2,28.3,25.65,26.2
2007-04-20,26.58,27.38,26.58,27.17
2007-04-23,27.5,28.48,27.37,28.0
2007-04-25,27.9,27.91,26.5,27.16
2007-04-26,26.8,27.7,26.52,27.7
2007-04-27,28.01,28.63,27.3,28.44
2007-04-30,28.52,31.28,28.52,31.1
2007-05-08,32.0,34.0,31.9,32.0
2007-05-09,32.0,32.33,29.59,31.22
2007-05-10,31.18,31.18,29.9,30.66
2007-05-11,30.6,30.6,29.41,30.11
2007-05-14,19.01,19.89,19.0,19.34
2007-05-15,19.5,19.68,18.32,18.36
2007-05-16,18.22,19.35,18.14,19.25
2007-05-17,19.5,20.64,19.5,20.29
2007-05-18,20.3,20.4,19.68,19.8
2007-05-21,18.87,20.18,18.78,19.75
2007-05-22,20.08,20.99,19.7,20.95
2007-05-23,21.46,21.93,21.0,21.38
2007-05-24,21.4,21.49,20.3,20.88
2007-05-25,20.5,20.8,20.3,20.72
2007-05-28,20.8,21.2,20.68,20.95
2007-05-29,20.95,21.3,20.71,21.3
2007-05-30,20.1,21.13,19.17,19.17
2007-05-31,18.71,20.49,17.5,20.02
2007-06-01,20.25,21.5,20.02,20.45
2007-06-04,20.3,20.33,18.41,18.9
2007-06-05,18.41,19.4,17.01,18.98
2007-06-06,19.04,19.91,18.7,19.49
2007-06-07,19.49,20.38,19.49,20.3
2007-06-08,20.5,20.98,20.3,20.75
2007-06-11,21.92,22.83,21.92,22.83
2007-06-12,24.0,24.12,22.5,23.18
2007-06-13,23.25,23.4,22.7,23.27
2007-06-14,23.13,23.3,22.34,22.51
2007-06-15,22.1,23.63,21.97,23.6
2007-06-18,23.8,25.8,23.8,24.35
2007-06-19,25.4,26.75,25.4,26.4
2007-06-20,26.17,26.17,24.49,24.9
2007-06-21,24.5,25.4,24.0,24.41
2007-06-22,24.43,24.85,22.68,23.16
2007-06-25,22.93,23.55,22.18,22.3
2007-06-26,22.2,23.39,21.6,23.39
2007-06-27,23.51,24.35,23.4,24.03
2007-06-28,24.01,24.48,22.46,22.62
2007-06-29,22.0,23.42,21.8,22.75
2007-07-02,22.76,23.31,21.8,22.95
2007-07-03,22.97,23.4,22.6,23.15
2007-07-04,23.21,24.16,23.21,23.26
2007-07-06,21.79,24.0,21.3,23.94
2007-07-09,24.0,24.4,23.51,24.21
2007-07-10,24.18,24.18,23.02,23.12
2007-07-11,22.82,23.39,22.8,23.21
2007-07-12,24.0,24.48,23.5,23.6
2007-07-13,23.6,23.6,22.81,23.13
2007-07-16,23.11,24.12,22.88,23.01
2007-07-17,23.04,24.5,23.03,24.25
2007-07-18,24.25,24.85,24.05,24.39
2007-07-19,24.5,24.92,24.35,24.5
2007-07-20,24.36,26.1,24.31,25.79
2007-07-23,25.81,26.58,25.8,26.3
2007-07-24,26.31,27.79,25.5,26.53
2007-07-25,26.35,27.5,26.35,26.91
2007-07-26,26.92,27.46,26.6,27.04
2007-07-27,26.9,27.0,26.32,26.87
2007-07-30,26.98,28.18,26.9,27.59
2007-07-31,27.75,27.99,26.8,27.7
2007-08-01,27.7,27.98,25.9,26.2
2007-08-02,26.4,27.32,26.4,26.78
2007-08-03,27.1,28.1,26.66,27.94
2007-08-06,28.25,30.58,28.25,29.85
2007-08-07,29.88,30.6,29.0,29.88
2007-08-08,29.02,29.8,28.6,28.67
2007-08-09,28.7,29.18,28.5,28.6
2007-08-10,28.66,29.6,27.69,28.88
2007-08-13,28.6,30.7,28.59,30.06
2007-08-14,30.1,31.5,29.5,30.98
2007-08-15,30.88,31.4,30.0,31.0
2007-08-16,30.68,32.2,30.5,31.76
2007-08-17,31.98,31.98,29.58,29.85
2007-08-20,30.2,32.1,30.2,31.4
2007-08-21,31.15,31.98,31.15,31.6
2007-08-22,31.3,32.23,30.7,31.66
2007-08-23,31.99,32.05,31.11,31.55
2007-08-24,31.22,32.0,31.1,31.4
2007-08-27,31.4,31.88,30.07,30.1
2007-08-28,29.9,29.9,29.01,29.2
2007-08-29,29.1,30.19,28.6,29.78
2007-08-30,29.77,31.7,29.77,31.12
2007-08-31,31.2,31.6,30.17,30.37
2007-09-03,30.5,30.8,30.0,30.42
2007-09-04,30.51,30.98,30.01,30.6
2007-09-06,30.3,31.11,30.3,30.49
2007-09-07,30.5,30.79,29.1,29.28
2007-09-11,29.28,30.18,27.51,27.51
2007-09-12,27.6,28.49,27.1,28.0
2007-09-13,27.99,28.38,27.55,28.15
2007-09-14,28.3,28.3,27.6,27.8
2007-09-17,27.8,28.2,27.7,28.09
2007-09-18,28.15,28.85,27.72,28.07
2007-09-19,28.1,28.49,27.58,27.59
2007-09-20,27.67,28.07,26.94,27.08
2007-09-21,27.15,27.36,26.3,26.39
2007-09-24,26.31,28.99,25.38,28.0
2007-09-25,28.0,30.15,27.63,30.03
2007-09-26,30.12,30.5,28.66,28.96
2007-09-27,28.97,29.1,27.98,28.39
2007-09-28,29.98,30.1,28.5,28.81
2007-10-08,29.01,29.35,28.21,28.68
2007-10-09,28.7,29.95,28.31,29.85
2007-10-10,29.85,30.36,28.6,29.5
2007-10-11,29.3,29.3,28.18,28.33
2007-10-12,28.25,28.28,26.3,27.09
2007-10-15,27.18,27.7,26.29,26.78
2007-10-16,27.0,27.59,26.78,27.1
2007-10-18,27.65,27.65,26.5,26.53
2007-10-19,26.53,26.81,26.15,26.19
2007-10-22,26.2,27.0,25.93,26.42
2007-10-23,26.5,26.98,25.96,26.22
2007-10-24,26.6,26.7,24.9,25.5
2007-10-25,25.29,25.76,22.99,23.3
2007-10-26,23.5,24.21,23.31,23.81
2007-10-29,23.96,24.49,23.18,24.2
2007-10-30,24.15,24.2,23.4,23.92
2007-10-31,24.18,25.58,24.18,25.25
2007-11-01,25.2,25.25,24.3,24.31
2007-11-02,24.13,24.13,23.28,23.5
2007-11-05,23.1,24.5,22.99,24.07
2007-11-06,23.95,25.85,23.68,25.5
2007-11-07,25.63,25.81,24.88,25.32
2007-11-08,25.36,26.36,25.05,25.21
2007-11-09,25.0,25.7,24.28,24.7
2007-11-12,24.49,24.8,23.22,24.0
2007-11-13,24.07,24.72,23.91,24.04
2007-11-14,24.09,24.85,24.09,24.79
2007-11-15,24.79,25.6,24.55,24.77
2007-11-16,24.7,24.98,24.5,24.92
2007-11-19,25.05,26.58,24.97,26.54
2007-11-20,26.58,27.11,26.4,26.88
2007-11-21,26.79,27.65,26.1,26.28
2007-11-22,26.13,26.6,25.6,25.8
2007-11-23,25.61,25.79,25.0,25.74
2007-11-26,26.0,26.22,25.26,25.3
2007-11-27,25.4,26.6,25.31,26.41
2007-11-28,26.38,26.8,25.5,26.46
2007-11-29,26.75,26.79,25.88,26.7
2007-11-30,27.0,27.21,26.1,26.95
2007-12-03,26.15,27.4,26.15,27.13
2007-12-04,27.14,27.28,26.81,26.95
2007-12-05,26.82,27.19,26.7,26.9
2007-12-06,26.9,27.32,26.8,27.3
2007-12-07,27.4,27.4,26.8,26.92
2007-12-10,26.65,27.6,26.58,27.59
2007-12-11,27.81,29.0,27.81,28.91
2007-12-12,28.5,29.3,28.25,28.81
2007-12-13,28.71,29.69,28.2,28.36
2007-12-14,28.1,29.0,27.73,28.7
2007-12-17,28.72,29.08,28.0,29.01
2007-12-18,28.8,29.01,28.18,28.4
2007-12-19,28.58,29.9,28.57,29.1
2007-12-20,29.2,29.5,28.82,29.29
2007-12-21,29.2,29.3,28.81,29.0
2007-12-24,29.25,29.68,28.99,29.2
2007-12-25,29.38,29.38,28.52,28.85
2007-12-26,28.88,31.4,28.25,31.4
2007-12-27,31.08,31.95,30.6,31.49
2007-12-28,31.17,31.69,30.58,30.7
2008-01-02,30.8,31.78,29.98,31.51
2008-01-03,31.4,32.67,31.02,31.89
2008-01-04,31.75,32.2,31.18,31.25
2008-01-07,31.07,31.53,30.7,31.38
2008-01-08,31.4,31.4,29.66,30.0
2008-01-09,29.51,30.55,29.51,30.42
2008-01-10,30.25,30.79,30.22,30.65
2008-01-11,30.6,31.0,29.8,30.6
2008-01-14,30.6,31.6,30.28,31.48
2008-01-15,31.5,32.29,31.5,32.01
2008-01-16,31.69,31.8,30.78,30.79
2008-01-17,30.8,31.3,28.6,29.4
2008-01-18,29.1,30.35,29.09,30.3
2008-01-22,28.0,28.97,27.27,27.27
2008-01-23,27.6,28.3,26.01,28.1
2008-01-24,28.17,29.6,28.17,28.77
2008-01-25,28.77,30.37,28.48,30.28
2008-01-28,30.0,30.0,28.01,28.02
2008-01-29,28.0,29.1,27.59,27.99
2008-01-30,28.3,28.78,26.68,27.51
2008-01-31,27.5,27.5,26.65,26.9
2008-02-01,26.9,27.5,24.21,25.06
2008-02-04,25.55,27.57,25.55,27.28
2008-02-05,27.29,28.86,26.8,28.31
2008-02-13,27.99,29.0,27.49,28.98
2008-02-14,28.8,29.68,28.5,29.3
2008-02-15,29.3,29.45,28.7,29.41
2008-02-18,29.6,30.33,29.48,29.91
2008-02-19,30.3,31.25,30.1,30.81
2008-02-20,30.86,31.09,29.98,30.1
2008-02-21,29.5,31.21,29.5,30.98
2008-02-22,30.9,31.0,29.48,30.01
2008-02-25,30.38,30.39,28.88,28.9
2008-02-26,29.8,29.97,27.65,28.2
2008-02-27,27.92,28.9,27.92,28.64
2008-02-28,28.8,30.1,28.5,29.78
2008-02-29,30.4,30.4,29.8,30.1
2008-03-03,29.95,31.1,29.7,31.0
2008-03-04,31.29,31.29,30.0,30.0
2008-03-05,29.9,29.95,28.87,29.58
2008-03-06,29.58,30.09,29.08,29.8
2008-03-07,29.8,30.8,29.25,29.7
2008-03-10,29.5,29.6,28.6,28.65
2008-03-11,28.2,28.9,27.94,28.75
2008-03-12,29.5,29.5,27.88,28.69
2008-03-13,28.1,28.29,26.7,28.0
2008-03-14,27.11,27.85,27.02,27.52
2008-03-17,26.96,27.0,25.1,25.11
2008-03-18,25.0,25.15,22.6,23.5
2008-03-19,23.8,24.7,23.12,23.98
2008-03-20,23.8,25.65,22.8,25.2
2008-03-21,25.0,25.8,25.0,25.4
2008-03-25,24.2,25.4,23.55,25.4
2008-03-26,25.4,25.76,24.84,25.22
2008-03-27,24.0,24.8,23.42,23.68
2008-03-28,23.28,24.29,22.05,24.2
2008-03-31,23.45,23.83,22.98,23.11
2008-04-01,23.0,23.01,21.35,21.36
2008-04-02,21.2,22.15,19.22,19.22
2008-04-03,18.02,20.1,17.3,19.89
2008-04-07,19.45,20.89,18.51,20.5
2008-04-08,20.31,20.7,19.7,20.13
2008-04-09,20.1,20.13,18.53,18.58
2008-04-10,18.39,18.79,17.2,18.6
2008-04-11,18.81,19.5,18.65,18.83
2008-04-14,18.7,18.7,17.5,17.85
2008-04-15,17.7,17.9,16.55,17.47
2008-04-16,17.18,18.6,17.0,18.4
2008-04-17,18.2,18.8,17.5,17.58
2008-04-18,17.0,17.83,16.56,16.89
2008-04-21,18.51,18.51,16.7,16.9
2008-04-22,16.8,18.55,16.58,18.17
2008-04-23,18.0,19.23,18.0,18.9
2008-04-24,20.79,20.79,19.81,20.79
2008-04-25,13.1,13.8,12.6,13.24
2008-04-28,12.99,13.24,12.52,13.1
2008-04-29,12.88,13.06,12.38,12.6
2008-04-30,12.6,13.2,12.5,13.18
2008-05-05,13.3,14.5,13.3,14.49
2008-05-06,14.5,14.62,13.94,14.1
2008-05-07,13.84,14.44,13.55,13.58
2008-05-08,13.29,13.96,13.21,13.94
2008-05-09,14.1,14.44,13.45,13.97
2008-05-12,13.65,14.56,13.5,14.12
2008-05-13,13.69,14.54,13.51,13.95
2008-05-14,13.9,14.49,13.7,14.33
2008-05-15,14.37,14.82,14.2,14.42
2008-05-16,14.44,14.64,13.85,14.21
2008-05-19,14.18,14.23,13.6,13.95
2008-05-20,14.0,14.0,13.0,13.12
2008-05-21,13.0,13.38,12.6,13.19
2008-05-22,13.2,13.29,12.6,12.65
2008-05-23,12.7,13.0,12.2,13.0
2008-05-26,12.9,13.0,12.36,12.8
2008-05-27,12.8,12.88,12.5,12.81
2008-05-28,12.88,13.22,12.8,13.12
2008-05-29,13.0,13.3,12.8,13.13
2008-05-30,13.1,13.1,12.71,12.98
2008-06-02,13.12,13.48,13.07,13.42
2008-06-03,13.42,13.5,13.1,13.12
2008-06-04,13.11,13.11,12.42,12.65
2008-06-05,12.63,12.74,12.5,12.68
2008-06-06,12.68,12.8,12.45,12.58
2008-06-10,12.25,12.25,11.32,11.32
2008-06-11,11.2,11.2,10.3,10.68
2008-06-12,10.45,11.37,10.0,11.15
2008-06-13,11.07,11.15,10.55,10.58
2008-06-16,10.31,10.68,10.0,10.36
2008-06-17,10.29,10.88,10.0,10.48
2008-06-18,10.2,11.35,10.05,11.2
2008-06-19,11.09,11.15,10.5,10.5
2008-06-20,10.7,11.38,10.06,11.09
2008-06-23,10.79,11.27,10.72,11.05
2008-06-24,11.0,11.35,11.0,11.24
2008-06-25,11.05,11.75,11.05,11.61
2008-06-26,11.62,12.19,11.61,11.82
2008-06-27,11.48,11.59,10.81,10.95
2008-06-30,10.8,11.55,10.75,11.33
2008-07-01,11.33,11.48,10.98,11.01
2008-07-02,11.1,11.5,11.08,11.32
2008-07-03,11.32,12.4,11.13,12.25
2008-07-04,12.2,12.65,11.95,12.35
2008-07-07,12.38,12.85,12.28,12.72
2008-07-08,12.73,12.75,12.26,12.61
2008-07-09,12.61,12.79,11.91,12.22
2008-07-10,11.99,12.42,11.75,12.09
2008-07-16,11.34,11.68,10.92,11.15
2008-07-17,11.18,11.5,11.06,11.21
2008-07-18,11.31,11.5,11.1,11.45
2008-07-21,11.4,12.24,11.38,12.15
2008-07-22,12.12,12.38,11.91,12.0
2008-07-23,11.97,12.11,11.8,11.96
2008-07-24,11.5,12.18,11.49,12.0
2008-07-25,12.18,12.84,12.18,12.43
2008-07-28,12.65,13.55,12.25,13.4
2008-07-29,13.18,13.4,12.8,13.05
2008-07-30,13.38,13.41,12.75,12.88
2008-07-31,12.99,13.0,12.45,12.46
2008-08-01,12.45,12.68,11.96,12.59
2008-08-04,12.34,12.58,12.06,12.08
2008-08-05,12.0,12.25,11.35,11.41
2008-08-06,11.48,11.71,11.28,11.63
2008-08-07,11.61,11.92,11.45,11.9
2008-08-08,11.92,12.29,10.91,11.68
2008-08-11,11.6,11.94,11.08,11.46
2008-08-12,11.35,11.6,11.06,11.51
2008-08-13,11.45,11.95,11.28,11.8
2008-08-14,11.71,12.12,11.7,11.82
2008-08-18,11.85,11.87,11.3,11.48
2008-08-19,11.25,11.47,10.95,11.41
2008-08-20,11.41,12.3,11.08,12.14
2008-08-21,11.9,12.2,11.21,11.7
2008-08-22,11.5,11.6,10.9,11.06
2008-08-25,11.05,11.22,10.9,11.0
2008-08-26,10.79,11.18,10.79,11.01
2008-08-27,11.11,11.14,10.86,10.98
2008-08-28,11.0,11.13,10.92,11.01
2008-08-29,11.0,11.25,11.0,11.16
2008-09-01,11.19,11.19,10.81,10.81
2008-09-02,10.66,10.85,10.01,10.48
2008-09-03,10.5,10.57,10.17,10.4
2008-09-04,10.4,10.55,10.13,10.33
2008-09-05,10.1,10.15,9.8,9.81
2008-09-08,9.8,9.8,8.83,8.83
2008-09-09,8.7,8.82,8.08,8.41
2008-09-10,8.36,8.65,8.23,8.41
2008-09-11,8.42,8.51,8.3,8.35
2008-09-12,8.3,8.6,8.3,8.55
2008-09-16,8.48,8.85,8.27,8.81
2008-09-17,8.81,9.03,8.66,9.03
2008-09-18,8.78,9.0,8.13,8.65
2008-09-19,9.5,9.52,9.2,9.52
2008-09-22,10.24,10.41,9.55,9.74
2008-09-23,9.48,10.16,9.05,10.07
2008-09-24,9.99,9.99,9.58,9.76
2008-09-25,9.97,9.98,9.65,9.84
2008-09-26,9.74,9.96,9.54,9.82
2008-10-06,9.5,9.65,9.0,9.09
2008-10-07,8.86,9.15,8.55,9.03
2008-10-08,8.79,9.01,8.55,8.89
2008-10-09,9.01,9.15,8.35,8.37
2008-10-10,8.0,8.1,7.85,7.99
2008-10-13,7.7,8.0,7.19,7.5
2008-10-14,7.88,7.9,6.92,6.92
2008-10-15,6.71,6.79,6.23,6.23
2008-10-16,6.0,6.05,5.7,5.76
2008-10-17,5.83,5.95,5.65,5.87
2008-10-20,5.74,6.08,5.69,6.07
2008-10-21,6.12,6.19,5.91,5.97
2008-10-23,5.6,5.76,5.42,5.75
2008-10-24,5.74,5.97,5.66,5.97
2008-10-27,5.81,5.85,5.37,5.37
2008-10-28,5.15,5.59,5.1,5.49
2008-10-29,5.68,5.75,5.3,5.31
2008-10-30,5.32,5.49,5.18,5.26
2008-10-31,5.28,5.46,5.12,5.13
2008-11-03,5.05,5.15,4.99,5.0
2008-11-04,4.96,4.99,4.69,4.71
2008-11-05,4.71,4.94,4.71,4.85
2008-11-06,4.7,4.84,4.56,4.8
2008-11-07,4.7,5.03,4.65,4.92
2008-11-10,5.09,5.33,4.99,5.3
2008-11-11,5.19,5.48,5.15,5.34
2008-11-12,5.35,5.39,5.05,5.34
2008-11-13,5.23,5.87,5.16,5.81
2008-11-14,5.86,6.2,5.71,6.1
2008-11-17,6.11,6.65,5.93,6.59
2008-11-18,6.44,6.63,5.93,5.93
2008-11-19,5.8,6.45,5.62,6.32
2008-11-20,6.1,6.37,5.98,6.22
2008-11-21,5.96,6.18,5.6,5.83
2008-11-24,5.85,5.85,5.25,5.29
2008-11-25,5.38,5.46,5.03,5.13
2008-11-26,5.18,5.18,4.89,5.02
2008-11-27,5.36,5.47,5.18,5.27
2008-11-28,5.18,5.47,5.07,5.41
2008-12-01,5.36,5.8,5.15,5.73
2008-12-02,5.53,6.09,5.48,5.91
2008-12-03,5.99,6.32,5.99,6.21
2008-12-04,6.33,6.83,6.1,6.53
2008-12-05,6.44,6.63,6.32,6.53
2008-12-08,6.6,6.94,6.58,6.83
2008-12-09,6.84,6.87,6.44,6.47
2008-12-10,6.43,6.78,6.3,6.73
2008-12-11,6.7,6.9,6.59,6.63
2008-12-12,6.53,6.59,5.98,6.02
2008-12-15,6.15,6.2,5.82,6.06
2008-12-16,6.01,6.18,5.81,6.17
2008-12-17,6.19,6.37,6.1,6.22
2008-12-18,6.26,6.35,6.03,6.35
2008-12-19,6.32,6.63,6.29,6.54
2008-12-22,6.58,6.85,6.56,6.83
2008-12-23,6.83,6.83,6.16,6.18
2008-12-24,6.09,6.18,5.76,5.85
2008-12-25,5.82,5.95,5.6,5.72
2008-12-26,5.77,5.88,5.6,5.85
2008-12-29,5.8,5.93,5.48,5.92
2008-12-30,5.89,5.97,5.7,5.92
2008-12-31,5.97,5.97,5.71,5.85
2009-01-05,5.92,6.06,5.83,6.06
2009-01-06,6.05,6.43,5.96,6.38
2009-01-07,6.33,6.46,6.23,6.35
2009-01-08,6.2,6.27,6.05,6.11
2009-01-09,6.11,6.48,6.11,6.48
2009-01-12,6.54,6.83,6.48,6.56
2009-01-13,6.5,6.52,6.28,6.32
2009-01-14,6.26,6.78,6.25,6.72
2009-01-15,6.6,7.39,6.55,7.21
2009-01-16,7.05,7.37,7.0,7.02
2009-01-19,7.01,7.1,6.62,6.7
2009-01-20,6.72,6.92,6.65,6.92
2009-01-21,6.8,6.96,6.7,6.79
2009-01-22,6.86,6.98,6.79,6.94
2009-01-23,6.95,6.96,6.76,6.78
2009-02-02,6.81,7.1,6.76,7.05
2009-02-03,7.01,7.45,6.99,7.3
2009-02-04,7.36,7.76,7.25,7.64
2009-02-05,7.58,7.87,7.24,7.36
2009-02-06,7.41,7.79,7.41,7.71
2009-02-09,7.86,8.24,7.81,8.09
2009-02-10,8.0,8.22,7.76,8.19
2009-02-11,8.0,8.45,7.91,8.08
2009-02-12,8.1,8.18,7.7,8.16
2009-02-13,8.2,8.76,8.2,8.69
2009-02-16,8.8,8.9,8.5,8.82
2009-02-17,8.7,8.77,8.26,8.28
2009-02-18,8.09,8.25,7.71,7.73
2009-02-19,8.05,8.15,7.77,7.96
2009-02-20,7.94,8.29,7.75,8.24
2009-02-23,8.15,8.55,8.01,8.54
2009-02-24,8.36,8.48,7.85,7.89
2009-02-25,7.98,8.06,7.4,7.76
2009-02-26,7.75,7.88,6.98,7.13
2009-02-27,7.0,7.11,6.61,6.75
2009-03-02,6.75,7.04,6.67,7.0
2009-03-03,6.76,7.08,6.75,6.94
2009-03-04,6.9,7.43,6.9,7.4
2009-03-05,7.47,7.51,7.22,7.41
2009-03-06,7.22,7.35,7.15,7.26
2009-03-10,6.88,7.16,6.75,7.09
2009-03-11,7.25,7.39,7.12,7.15
2009-03-12,7.08,7.15,6.91,7.1
2009-03-13,7.17,7.31,7.1,7.14
2009-03-16,7.1,7.28,7.02,7.23
2009-03-17,7.26,7.57,7.17,7.51
2009-03-18,7.52,8.26,7.52,8.0
2009-03-19,8.07,8.35,7.96,8.23
2009-03-20,8.29,8.29,7.93,8.15
2009-03-23,8.16,8.36,8.03,8.33
2009-03-24,8.36,8.42,8.14,8.15
2009-03-25,8.18,8.3,7.81,7.83
2009-03-26,7.85,8.14,7.67,8.12
2009-03-27,8.15,8.31,8.01,8.21
2009-03-30,8.27,8.78,8.17,8.56
2009-03-31,8.4,8.86,8.26,8.77
2009-04-01,8.8,9.03,8.68,8.7
2009-04-02,8.87,9.57,8.87,9.15
2009-04-03,9.2,9.23,8.88,8.99
2009-04-07,8.96,9.43,8.91,9.27
2009-04-08,9.27,9.44,8.66,8.71
2009-04-09,8.71,8.89,8.46,8.8
2009-04-10,8.9,9.26,8.76,9.14
2009-04-13,9.19,9.36,9.08,9.19
2009-04-14,9.0,9.15,8.71,8.98
2009-04-15,8.87,9.25,8.75,9.16
2009-04-16,9.15,9.41,8.92,9.36
2009-04-17,9.3,9.45,8.97,9.16
2009-04-20,9.12,9.42,9.02,9.4
2009-04-21,9.26,9.8,9.2,9.79
2009-04-22,9.92,9.95,9.02,9.17
2009-04-23,9.01,9.45,8.7,9.35
2009-04-24,9.35,9.66,9.08,9.52
2009-04-27,9.68,9.68,9.11,9.48
2009-04-28,9.45,9.6,9.03,9.35
2009-04-29,9.44,9.9,9.4,9.7
2009-04-30,9.9,9.9,9.35,9.4
2009-05-04,9.35,9.68,9.28,9.61
2009-05-05,9.55,9.57,9.36,9.41
2009-05-06,9.41,9.41,9.13,9.29
2009-05-07,9.35,9.59,9.27,9.38
2009-05-08,9.37,9.37,8.91,9.02
2009-05-11,9.03,9.12,8.55,8.56
2009-05-12,8.5,8.85,8.47,8.84
2009-05-13,8.85,8.96,8.66,8.87
2009-05-14,8.81,8.97,8.75,8.9
2009-05-15,8.96,8.97,8.82,8.88
2009-05-19,8.97,9.03,8.78,8.83
2009-05-20,8.85,8.94,8.68,8.68
2009-05-21,8.59,8.88,8.51,8.81
2009-05-22,8.8,8.8,8.54,8.65
2009-05-25,8.44,8.53,8.22,8.46
2009-05-26,8.45,8.68,8.4,8.42
2009-05-27,8.45,8.74,8.45,8.72
2009-06-01,8.8,8.93,8.64,8.84
2009-06-02,8.9,8.94,8.72,8.8
2009-06-03,8.81,8.88,8.73,8.76
2009-06-04,8.85,8.85,8.5,8.58
2009-06-05,8.6,8.74,8.59,8.61
2009-06-08,8.61,8.61,8.21,8.29
2009-06-09,8.3,8.42,8.08,8.22
2009-06-10,8.23,8.31,8.17,8.31
2009-06-11,8.3,8.55,8.26,8.5
2009-06-12,8.45,8.49,8.03,8.13
2009-06-15,8.13,8.35,8.08,8.32
2009-06-16,8.22,8.44,8.12,8.37
2009-06-17,8.42,8.52,8.24,8.44
2009-06-18,8.42,8.44,8.3,8.36
2009-06-19,8.36,8.38,8.2,8.29
2009-06-22,8.29,8.37,8.23,8.25
2009-06-23,8.2,8.23,8.09,8.19
2009-06-24,8.15,8.28,8.14,8.24
2009-06-25,8.26,8.29,8.15,8.16
2009-06-26,8.21,8.38,8.18,8.28
2009-06-29,8.28,8.33,8.21,8.3
2009-06-30,8.3,8.32,8.13,8.15
2009-07-01,8.15,8.19,8.11,8.15
2009-07-02,8.18,8.37,8.16,8.31
2009-07-03,8.23,8.32,8.21,8.27
2009-07-06,8.27,8.48,8.14,8.37
2009-07-07,8.29,8.33,8.18,8.26
2009-07-08,8.23,8.45,8.21,8.44
2009-07-09,8.42,8.68,8.38,8.6
2009-07-10,8.6,8.66,8.51,8.54
2009-07-13,8.54,8.74,8.48,8.59
2009-07-14,8.64,8.79,8.57,8.73
2009-07-15,8.74,8.89,8.66,8.75
2009-07-16,8.78,8.82,8.55,8.58
2009-07-17,8.58,8.86,8.56,8.69
2009-07-20,8.71,9.07,8.65,8.98
2009-07-21,8.98,9.04,8.61,8.67
2009-07-22,8.65,9.01,8.65,8.84
2009-07-23,8.9,9.01,8.8,9.0
2009-07-24,9.05,9.1,8.59,8.77
2009-07-27,8.85,9.0,8.73,8.86
2009-07-28,8.9,9.55,8.8,9.31
2009-07-29,9.25,9.3,8.38,8.63
2009-07-30,8.63,8.8,8.26,8.59
2009-07-31,8.61,8.98,8.54,8.9
2009-08-03,8.91,9.52,8.85,9.47
2009-08-04,9.44,10.2,9.27,10.0
2009-08-05,10.13,10.26,9.61,9.91
2009-08-06,9.94,10.25,9.69,10.0
2009-08-07,10.05,10.16,9.36,9.43
2009-08-10,9.52,9.65,9.19,9.31
2009-08-11,9.38,9.63,9.27,9.49
2009-08-12,9.51,9.68,8.95,9.02
2009-08-13,9.03,9.13,8.74,8.9
2009-08-14,8.92,8.94,8.16,8.26
2009-08-17,8.12,8.26,7.55,7.63
2009-08-18,7.6,7.85,7.4,7.76
2009-08-19,7.72,7.72,7.1,7.24
2009-08-20,7.28,7.49,7.18,7.46
2009-08-21,7.47,7.63,7.36,7.59
2009-08-24,7.6,7.8,7.5,7.73
2009-08-25,7.68,7.68,7.22,7.46
2009-08-26,7.4,7.82,7.36,7.75
2009-08-27,7.76,8.12,7.72,8.1
2009-08-28,8.0,8.01,7.68,7.75
2009-08-31,7.56,7.72,6.98,6.99
2009-09-01,6.92,7.15,6.92,6.99
2009-09-02,6.97,7.12,6.93,7.05
2009-09-03,7.13,7.67,7.05,7.48
2009-09-04,7.38,7.57,7.37,7.51
2009-09-07,7.58,7.69,7.47,7.58
2009-09-08,7.58,8.0,7.49,7.82
2009-09-09,7.8,7.9,7.66,7.76
2009-09-10,7.77,7.85,7.64,7.67
2009-09-11,7.66,8.02,7.65,7.82
2009-09-15,7.97,8.35,7.9,8.22
2009-09-16,8.19,8.47,7.99,8.32
2009-09-17,8.3,9.08,8.29,8.75
2009-09-18,8.89,9.01,8.2,8.32
2009-09-21,8.22,8.52,7.99,8.49
2009-09-22,8.43,8.56,8.1,8.1
2009-09-23,8.1,8.28,7.99,8.05
2009-09-24,8.0,8.12,7.8,7.99
2009-09-25,7.98,8.09,7.89,7.89
2009-09-28,7.92,8.15,7.68,7.75
2009-09-29,7.73,7.82,7.28,7.51
2009-09-30,7.61,7.77,7.6,7.63
2009-10-09,7.82,8.18,7.8,8.1
2009-10-12,8.06,8.3,8.0,8.16
2009-10-13,8.16,8.2,7.99,8.14
2009-10-14,8.14,8.25,8.07,8.15
2009-10-15,8.19,8.47,8.15,8.4
2009-10-16,8.37,8.43,8.12,8.37
2009-10-19,8.34,8.43,8.19,8.42
2009-10-20,8.44,8.66,8.37,8.62
2009-10-21,8.56,8.62,8.39,8.39
2009-10-22,8.35,8.39,8.19,8.22
2009-10-23,8.24,8.41,8.24,8.34
2009-10-26,8.34,8.55,8.25,8.5
2009-10-27,8.44,8.87,8.38,8.64
2009-10-28,8.55,8.91,8.51,8.88
2009-10-29,8.78,8.78,8.59,8.7
2009-10-30,8.85,8.95,8.61,8.63
2009-11-02,8.36,9.07,8.33,9.01
2009-11-03,9.07,9.36,8.93,9.18
2009-11-04,9.25,9.29,8.98,9.12
2009-11-05,9.1,9.34,9.03,9.3
2009-11-06,9.3,9.38,9.15,9.17
2009-11-09,9.14,9.2,8.94,9.06
2009-11-11,8.99,8.99,8.75,8.9
2009-11-12,8.89,9.16,8.83,8.95
2009-11-13,8.9,9.15,8.85,9.13
2009-11-16,9.19,9.37,9.14,9.29
2009-11-17,9.32,9.49,9.24,9.3
2009-11-18,9.35,9.38,9.08,9.14
2009-11-19,9.15,9.35,9.12,9.33
2009-11-20,9.29,9.6,9.26,9.42
2009-11-23,9.39,9.49,9.3,9.47
2009-11-24,9.5,9.78,8.9,9.0
2009-11-25,8.94,9.17,8.73,9.14
2009-11-26,9.15,9.18,8.51,8.55
2009-11-27,8.51,8.72,8.38,8.44
2009-11-30,8.5,8.82,8.5,8.75
2009-12-01,8.73,9.12,8.7,9.02
2009-12-02,9.08,9.28,8.89,9.24
2009-12-03,9.15,9.26,9.07,9.19
2009-12-04,9.16,9.26,8.7,9.05
2009-12-08,9.15,9.59,9.1,9.37
2009-12-09,9.25,9.31,8.93,9.05
2009-12-10,9.06,9.16,8.91,9.05
2009-12-11,9.05,9.12,8.97,9.0
2009-12-14,8.98,9.26,8.9,9.24
2009-12-15,9.18,9.31,9.17,9.23
2009-12-16,9.15,9.48,9.14,9.27
2009-12-17,9.43,9.57,9.17,9.27
2009-12-18,9.15,9.23,8.73,8.9
2009-12-21,8.91,8.98,8.67,8.84
2009-12-22,8.86,8.96,8.6,8.6
2009-12-23,8.53,8.96,8.53,8.93
2009-12-24,8.93,9.18,8.87,9.12
2009-12-25,9.12,10.03,9.06,10.03
2009-12-28,10.38,11.03,10.25,11.03
2009-12-29,11.18,11.49,10.72,11.3
2009-12-30,11.07,11.17,10.74,10.92
2009-12-31,10.83,11.0,10.7,10.82
2010-01-04,10.9,11.35,10.6,11.02
2010-01-05,11.02,12.04,10.92,11.58
2010-01-06,11.45,11.95,11.3,11.45
2010-01-07,11.32,12.0,11.23,11.67
2010-01-08,11.51,12.2,11.51,12.04
2010-01-11,11.99,12.38,11.7,12.06
2010-01-12,12.06,12.07,11.72,11.85
2010-01-13,11.66,12.49,11.66,12.05
2010-01-14,12.29,13.22,12.2,12.69
2010-01-15,12.8,12.85,12.39,12.7
2010-01-18,12.65,12.98,12.41,12.72
2010-01-19,12.87,12.99,12.6,12.89
2010-01-20,13.04,13.5,11.7,11.9
2010-01-21,11.95,12.38,11.7,12.06
2010-01-22,11.7,11.95,11.09,11.53
2010-01-25,11.29,11.63,11.18,11.45
2010-01-26,11.4,11.45,10.72,10.83
2010-01-27,10.78,11.05,10.6,10.8
2010-01-28,10.81,11.18,10.66,10.98
2010-01-29,10.86,11.65,10.81,11.32
2010-02-01,11.25,11.25,10.38,10.65
2010-02-02,10.7,11.08,10.6,10.68
2010-02-03,10.69,11.06,10.24,11.05
2010-02-04,11.14,11.77,11.06,11.5
2010-02-05,11.18,11.82,11.01,11.75
2010-02-08,11.69,11.89,11.49,11.51
2010-02-09,11.52,11.72,11.2,11.3
2010-02-10,11.4,11.79,11.37,11.72
2010-02-11,11.72,11.87,11.4,11.72
2010-02-12,11.72,11.85,11.6,11.77
2010-02-22,11.81,11.81,11.4,11.45
2010-02-23,11.42,11.56,10.95,11.55
2010-02-24,11.4,11.96,11.33,11.95
2010-02-25,12.01,12.23,11.93,12.12
2010-02-26,12.0,12.06,11.78,11.92
2010-03-01,11.85,12.2,11.8,12.01
2010-03-02,12.17,12.48,12.0,12.41
2010-03-03,12.36,12.65,12.22,12.47
2010-03-04,12.48,12.49,11.54,11.61
2010-03-05,11.63,11.95,11.6,11.66
2010-03-08,11.66,11.77,11.42,11.65
2010-03-09,11.55,11.63,11.22,11.44
2010-03-10,11.45,11.6,11.17,11.25
2010-03-11,11.25,11.54,11.18,11.49
2010-03-12,11.5,11.5,11.06,11.14
2010-03-15,11.07,11.17,10.7,10.79
2010-03-16,10.72,10.94,10.7,10.82
2010-03-17,10.85,11.34,10.85,11.31
2010-03-18,11.47,11.69,11.32,11.4
2010-03-19,11.32,11.49,11.29,11.4
2010-03-22,11.41,11.85,11.21,11.7
2010-03-23,11.65,11.89,11.5,11.7
2010-03-24,11.71,11.76,11.41,11.49
2010-03-25,11.4,11.45,11.04,11.05
2010-03-26,11.1,11.33,11.03,11.25
2010-03-29,11.35,11.39,11.15,11.26
2010-03-30,11.3,11.79,11.21,11.73
2010-03-31,11.68,11.88,11.58,11.85
2010-04-01,11.86,12.08,11.75,11.82
2010-04-02,11.82,12.06,11.65,11.95
2010-04-06,11.98,12.03,11.66,11.77
2010-04-07,11.71,12.0,11.7,11.98
2010-04-08,12.01,12.34,11.93,12.03
2010-04-09,12.03,12.35,12.03,12.27
2010-04-12,12.33,12.9,12.15,12.81
2010-04-13,12.85,12.94,11.9,12.51
2010-04-14,12.36,13.0,12.11,12.95
2010-04-15,12.96,13.22,12.68,12.8
2010-04-16,12.8,12.96,12.33,12.76
2010-04-19,12.6,12.93,12.0,12.11
2010-04-20,12.08,12.42,11.61,12.27
2010-04-21,12.21,13.5,12.15,13.5
2010-04-22,13.7,14.13,13.4,13.6
2010-04-23,13.57,13.85,13.27,13.4
2010-04-26,13.39,14.2,13.25,13.8
2010-04-27,13.7,14.0,13.0,13.5
2010-04-28,13.47,13.73,13.2,13.27
2010-04-29,13.31,13.98,13.18,13.27
2010-04-30,13.15,13.16,11.94,12.06
2010-05-04,11.83,12.28,11.51,12.0
2010-05-05,11.97,13.15,11.86,13.07
2010-05-06,12.95,13.33,12.75,12.77
2010-05-07,12.35,12.88,12.17,12.32
2010-05-10,12.15,12.65,11.1,11.51
2010-05-11,11.8,11.9,10.89,11.0
2010-05-12,10.9,11.2,10.61,11.18
2010-05-13,11.18,11.42,10.6,11.4
2010-05-14,11.3,11.51,11.03,11.21
2010-05-18,10.33,10.94,10.12,10.7
2010-05-19,10.6,10.99,10.09,10.6
2010-05-20,10.4,10.85,10.26,10.31
2010-05-21,9.95,10.74,9.9,10.69
2010-05-24,10.72,11.48,10.72,11.27
2010-05-25,11.15,11.31,10.98,11.16
2010-05-26,11.11,11.22,10.89,10.91
2010-05-27,10.88,11.29,10.51,11.17
2010-05-28,11.32,11.54,11.18,11.42
2010-05-31,11.39,11.76,11.3,11.31
2010-06-01,11.1,11.35,10.65,10.9
2010-06-02,10.8,11.27,10.68,11.27
2010-06-03,11.34,11.67,11.28,11.35
2010-06-04,11.3,12.04,11.3,12.03
2010-06-07,11.72,12.18,11.67,12.02
2010-06-08,12.0,12.36,11.93,12.14
2010-06-09,12.31,12.42,12.12,12.32
2010-06-10,12.29,12.64,12.24,12.4
2010-06-11,12.43,12.55,12.01,12.22
2010-06-17,12.3,12.4,11.91,11.93
2010-06-18,11.88,12.08,11.26,11.46
2010-06-21,11.4,11.82,11.33,11.79
2010-06-22,11.79,12.14,11.7,11.95
2010-06-23,11.9,12.4,11.81,12.3
2010-06-24,12.2,12.37,12.13,12.23
2010-06-25,12.2,12.55,12.08,12.29
2010-06-28,12.28,12.36,11.56,11.68
2010-06-29,11.7,11.75,10.85,11.0
2010-06-30,10.93,11.19,10.73,11.09
2010-07-01,11.01,11.33,11.0,11.18
2010-07-02,11.18,11.28,10.68,11.11
2010-07-05,11.09,11.29,10.9,11.21
2010-07-06,11.18,11.5,11.1,11.39
2010-07-07,11.39,11.48,11.18,11.39
2010-07-08,11.45,11.48,11.09,11.11
2010-07-09,11.22,11.84,11.11,11.75
2010-07-12,11.64,12.2,11.64,12.08
2010-07-13,11.99,12.3,11.83,12.21
2010-07-14,12.3,12.4,12.0,12.08
2010-07-15,12.0,12.27,11.68,11.7
2010-07-16,11.57,11.95,11.5,11.87
2010-07-19,11.79,12.35,11.62,12.26
2010-07-20,12.25,12.46,12.06,12.4
2010-07-21,12.21,12.34,12.08,12.17
2010-07-22,12.1,13.19,12.08,12.77
2010-07-23,12.69,12.93,12.5,12.78
2010-07-26,12.79,13.0,12.6,12.79
2010-07-27,12.7,13.0,12.62,12.81
2010-07-28,12.79,13.16,12.6,12.96
2010-07-29,12.91,12.99,12.6,12.75
2010-07-30,12.76,13.07,12.61,12.8
2010-08-02,12.82,13.35,12.72,13.22
2010-08-03,13.26,13.28,12.69,12.69
2010-08-04,12.6,12.75,12.38,12.74
2010-08-05,12.7,12.8,12.48,12.55
2010-08-06,12.55,13.08,12.5,12.98
2010-08-09,12.98,13.07,12.81,13.01
2010-08-10,12.89,12.9,12.1,12.1
2010-08-11,12.1,12.28,11.9,12.25
2010-08-12,12.0,12.25,11.97,12.01
2010-08-13,12.02,12.37,12.02,12.34
2010-08-16,12.38,12.6,12.25,12.52
2010-08-17,12.5,12.59,12.38,12.51
2010-08-18,12.52,12.54,12.21,12.4
2010-08-19,12.4,12.94,12.4,12.84
2010-08-20,12.77,12.77,12.3,12.33
2010-08-23,12.3,13.56,12.26,13.56
2010-08-24,13.41,13.73,13.18,13.56
2010-08-25,13.46,13.84,13.31,13.53
2010-08-26,13.53,13.76,13.34,13.64
2010-08-27,13.75,13.87,13.31,13.57
2010-08-30,13.68,14.14,13.46,14.1
2010-08-31,13.97,14.45,13.89,14.3
2010-09-01,14.35,15.56,14.28,14.66
2010-09-02,14.8,15.15,14.34,14.8
2010-09-03,14.68,14.92,14.28,14.59
2010-09-06,14.6,15.08,14.37,14.38
2010-09-07,14.35,14.84,14.31,14.72
2010-09-08,14.69,15.09,14.5,14.93
2010-09-09,14.93,15.16,14.35,14.37
2010-09-10,14.38,14.53,13.78,14.2
2010-09-14,14.35,14.8,14.31,14.65
2010-09-15,14.6,14.6,13.98,14.1
2010-09-16,14.09,14.15,13.34,13.4
2010-09-17,13.49,13.64,13.28,13.34
2010-09-20,13.37,13.61,13.19,13.53
2010-09-21,13.58,13.58,13.35,13.41
2010-09-27,13.51,13.79,13.41,13.75
2010-09-28,13.75,13.79,13.38,13.45
2010-09-29,13.45,13.65,13.03,13.07
2010-09-30,12.98,13.38,12.9,13.35
2010-10-08,13.55,13.79,13.46,13.62
2010-10-11,13.66,13.81,13.44,13.6
2010-10-12,13.56,14.09,13.46,13.99
2010-10-13,14.11,14.15,13.71,14.03
2010-10-14,14.1,14.16,13.3,13.35
2010-10-15,13.58,14.67,13.58,14.09
2010-10-18,14.09,14.1,13.32,13.84
2010-10-19,13.85,15.0,13.85,14.84
2010-10-20,14.59,15.8,14.5,15.62
2010-10-21,15.62,15.85,15.18,15.58
2010-10-22,15.53,15.53,15.01,15.33
2010-10-25,15.38,15.95,15.38,15.56
2010-10-26,15.58,15.94,15.0,15.4
2010-10-27,15.42,16.19,15.28,15.41
2010-10-28,15.3,16.58,15.21,16.41
2010-10-29,16.3,17.12,15.95,16.78
2010-11-01,16.8,17.2,16.5,16.89
2010-11-02,16.8,17.15,16.45,16.67
2010-11-03,16.59,16.67,15.91,15.91
2010-11-04,15.91,16.52,15.76,16.37
2010-11-05,16.51,17.21,16.51,16.88
2010-11-08,17.0,17.18,16.77,16.9
2010-11-09,16.92,17.37,16.8,17.02
2010-11-10,17.04,17.1,16.7,16.86
2010-11-11,16.89,18.5,16.88,17.73
2010-11-12,17.4,18.39,16.1,16.1
2010-11-15,16.38,17.3,16.2,17.19
2010-11-16,17.15,17.79,16.06,16.7
2010-11-17,16.5,16.58,15.03,15.12
2010-11-18,15.16,15.81,15.1,15.67
2010-11-19,15.68,16.5,15.68,16.34
2010-11-22,16.3,17.25,16.2,16.93
2010-11-23,16.75,16.83,15.86,16.29
2010-11-24,16.04,17.2,16.01,17.2
2010-11-25,17.9,18.49,17.35,17.54
2010-11-26,17.36,17.97,17.27,17.52
2010-11-29,17.35,17.99,17.3,17.66
2010-11-30,17.66,17.78,16.25,16.95
2010-12-01,16.83,17.24,16.75,17.0
2010-12-02,17.3,17.43,16.69,16.79
2010-12-03,16.73,16.78,16.36,16.49
2010-12-06,16.11,16.52,15.8,16.05
2010-12-07,16.04,16.47,15.81,16.43
2010-12-08,16.47,16.91,16.4,16.44
2010-12-09,16.44,16.44,15.92,15.98
2010-12-10,15.89,16.35,15.82,16.29
2010-12-13,16.43,17.06,16.43,17.05
2010-12-14,17.25,18.5,17.23,18.16
2010-12-15,18.48,19.88,17.98,19.25
2010-12-16,19.0,20.3,18.88,19.43
2010-12-17,19.26,21.25,19.13,21.25
2010-12-20,21.41,22.2,20.01,21.68
2010-12-21,21.4,21.76,20.8,21.38
2010-12-22,21.43,21.49,20.88,21.09
2010-12-23,21.09,21.47,19.92,20.18
2010-12-24,20.0,20.12,19.14,19.58
2010-12-28,18.88,20.25,18.3,19.68
2010-12-29,19.68,20.66,19.55,20.2
2010-12-30,20.2,22.22,20.09,22.22
2010-12-31,21.9,23.49,21.9,22.4
2011-01-04,22.44,24.36,22.05,24.0
2011-01-05,23.8,24.28,23.1,23.15
2011-01-06,23.01,24.05,22.82,22.9
2011-01-07,22.5,23.42,22.2,23.03
2011-01-10,22.9,22.98,21.5,21.63
2011-01-11,21.5,21.87,21.12,21.79
2011-01-12,21.7,22.03,20.53,21.3
2011-01-13,21.15,22.81,21.09,22.74
2011-01-14,22.49,22.83,21.49,21.49
2011-01-17,21.1,21.12,19.5,19.91
2011-01-18,19.5,20.5,19.38,20.12
2011-01-19,20.12,21.39,19.85,20.88
2011-01-20,20.75,20.96,19.7,19.71
2011-01-21,19.53,20.22,19.21,19.72
2011-01-24,19.8,19.9,18.7,18.78
2011-01-25,18.51,19.07,18.0,18.68
2011-01-26,18.75,19.8,18.72,19.44
2011-01-27,19.44,21.15,19.25,20.7
2011-01-28,20.72,21.17,20.36,20.57
2011-01-31,20.71,20.71,19.58,20.29
2011-02-01,20.2,20.22,18.98,19.41
2011-02-09,19.01,20.08,18.94,19.73
2011-02-10,19.6,20.45,19.25,20.33
2011-02-11,20.28,21.2,20.1,20.86
2011-02-14,20.91,21.6,20.69,21.4
2011-02-15,21.4,21.65,21.05,21.08
2011-02-16,21.0,22.65,20.66,22.46
2011-02-17,22.4,22.64,21.9,22.47
2011-02-18,22.38,23.28,22.19,22.33
2011-02-21,22.06,24.0,21.95,23.72
2011-02-22,23.72,24.4,22.96,23.68
2011-02-23,23.4,25.98,23.39,25.23
2011-02-24,25.0,25.2,24.51,24.85
2011-02-25,24.92,25.36,23.6,23.81
2011-02-28,23.85,24.28,23.34,24.19
2011-03-01,24.29,24.77,23.8,23.9
2011-03-02,23.55,23.75,22.51,23.03
2011-03-03,23.2,23.48,22.4,22.55
2011-03-04,22.9,23.34,22.5,23.14
2011-03-07,23.14,23.99,23.03,23.82
2011-03-08,23.94,23.99,22.9,23.23
2011-03-09,23.24,23.38,22.78,22.92
2011-03-10,22.94,23.27,22.5,22.8
2011-03-11,22.55,23.15,22.45,22.83
2011-03-14,22.79,23.95,22.62,23.89
2011-03-15,23.96,25.59,23.62,25.01
2011-03-16,24.88,25.5,24.46,25.29
2011-03-17,25.01,25.96,24.35,24.48
2011-03-18,24.5,25.03,23.81,24.06
2011-03-21,24.07,24.18,23.2,23.32
2011-03-22,23.39,23.68,22.6,23.08
2011-03-23,23.15,23.9,22.97,23.74
2011-03-24,23.76,24.09,23.33,23.33
2011-03-25,23.28,23.74,23.0,23.48
2011-03-28,23.44,23.78,22.86,22.96
2011-03-29,22.95,22.95,22.05,22.14
2011-03-30,22.08,22.26,21.2,21.4
2011-03-31,21.39,21.8,21.24,21.51
2011-04-01,21.55,21.87,21.0,21.85
2011-04-06,21.8,21.85,21.0,21.18
2011-04-07,21.14,21.46,20.8,21.28
2011-04-08,21.32,22.27,21.25,22.24
2011-04-11,22.49,22.49,21.5,21.53
2011-04-12,21.54,21.85,21.33,21.85
2011-04-13,21.72,22.33,21.52,22.12
2011-04-14,22.1,22.32,21.74,21.75
2011-04-15,21.97,22.36,21.84,22.15
2011-04-18,22.1,22.38,21.63,21.83
2011-04-19,21.62,21.62,20.6,20.76
2011-04-20,20.79,21.14,20.79,20.97
2011-04-21,21.24,21.24,20.53,20.92
2011-04-22,20.89,21.43,20.6,20.96
2011-04-25,20.95,21.26,20.5,20.83
2011-04-26,20.85,20.95,20.28,20.48
2011-04-27,20.66,20.68,19.29,19.44
2011-04-28,19.51,19.65,18.28,18.3
2011-04-29,18.3,19.1,18.3,18.8
2011-05-03,18.93,19.68,18.92,19.61
2011-05-04,19.6,19.6,18.91,18.94
2011-05-05,18.6,19.38,18.57,19.27
2011-05-09,19.43,19.99,19.34,19.88
2011-05-10,19.98,20.05,19.5,19.7
2011-05-11,19.7,20.08,19.4,19.82
2011-05-12,19.7,20.0,19.41,19.53
2011-05-13,19.55,19.88,19.52,19.75
2011-05-16,19.65,20.39,19.6,20.08
2011-05-17,20.15,20.15,19.8,19.93
2011-05-18,19.95,20.1,19.82,20.05
2011-05-19,20.06,20.17,19.2,19.27
2011-05-20,19.18,19.27,18.71,18.95
2011-05-23,18.96,18.96,18.15,18.4
2011-05-24,18.21,18.56,18.09,18.44
2011-05-25,18.5,18.58,18.18,18.22
2011-05-26,18.25,18.48,18.0,18.09
2011-05-27,18.0,18.08,17.31,17.39
2011-05-30,17.29,17.45,16.75,16.95
2011-05-31,17.0,17.74,17.0,17.62
2011-06-01,17.54,18.1,17.54,18.1
2011-06-02,17.8,17.97,17.52,17.7
2011-06-03,17.72,18.4,17.7,18.3
2011-06-07,18.4,18.58,18.2,18.33
2011-06-08,18.3,18.48,17.96,18.17
2011-06-09,18.17,18.17,17.55,17.55
2011-06-10,17.5,18.03,17.35,18.01
2011-06-13,17.93,18.35,17.76,18.27
2011-06-14,18.24,18.53,18.2,18.53
2011-06-15,12.19,12.3,11.92,11.94
2011-06-16,11.8,12.02,11.66,11.67
2011-06-17,11.6,11.8,11.26,11.29
2011-06-20,11.2,11.39,11.01,11.04
2011-06-21,11.11,11.19,10.97,11.18
2011-06-22,11.21,11.3,11.12,11.2
2011-06-23,11.2,11.57,11.11,11.51
2011-06-24,11.51,12.43,11.41,12.13
2011-06-27,12.15,12.58,12.15,12.41
2011-06-28,12.4,12.4,12.2,12.36
2011-06-29,12.36,12.38,12.06,12.06
2011-06-30,12.0,12.56,12.0,12.48
2011-07-01,12.5,12.78,12.42,12.47
2011-07-04,12.71,13.09,12.47,12.99
2011-07-05,13.0,13.27,12.9,13.05
2011-07-06,13.05,13.27,12.81,13.19
2011-07-07,13.1,13.7,13.1,13.41
2011-07-08,13.41,13.59,13.15,13.5
2011-07-11,13.38,13.38,13.15,13.18
2011-07-12,13.04,13.04,12.75,12.79
2011-07-13,12.7,13.16,12.7,13.12
2011-07-14,13.12,13.3,12.95,13.16
2011-07-15,13.16,13.45,13.05,13.36
2011-07-18,13.38,13.56,13.28,13.51
2011-07-19,13.44,13.47,13.04,13.27
2011-07-20,13.25,13.46,12.96,13.1
2011-07-21,13.1,13.1,12.63,12.73
2011-07-22,12.78,12.89,12.63,12.73
2011-07-25,12.69,12.83,12.23,12.28
2011-07-26,12.3,12.64,12.13,12.64
2011-07-27,12.52,12.86,12.4,12.72
2011-07-28,12.65,12.65,12.31,12.44
2011-07-29,12.45,12.57,12.17,12.34
2011-08-01,12.3,12.38,12.08,12.21
2011-08-02,12.12,12.16,11.73,12.0
2011-08-03,11.88,12.2,11.8,12.11
2011-08-04,12.15,12.27,12.09,12.15
2011-08-05,11.7,12.09,11.6,11.86
2011-08-08,11.68,11.88,10.81,11.2
2011-08-09,10.83,11.37,10.69,11.25
2011-08-10,11.55,11.61,11.24,11.24
2011-08-11,11.02,11.3,10.91,11.21
2011-08-12,11.32,11.45,11.27,11.33
2011-08-15,11.44,11.57,11.28,11.56
2011-08-16,11.55,11.66,11.41,11.44
2011-08-17,11.37,11.49,11.18,11.24
2011-08-18,11.2,11.28,10.85,10.89
2011-08-19,10.68,10.76,10.3,10.55
2011-08-22,10.52,10.52,9.7,9.9
2011-08-23,9.8,9.97,9.77,9.91
2011-08-24,10.0,10.1,9.92,9.97
2011-08-25,10.02,10.18,9.94,10.17
2011-08-26,10.16,10.27,10.04,10.11
2011-08-29,10.12,10.12,9.8,9.82
2011-08-30,9.94,9.98,9.76,9.77
2011-08-31,9.75,9.86,9.72,9.83
2011-09-01,9.86,10.27,9.86,10.2
2011-09-02,10.14,10.3,10.06,10.18
2011-09-05,10.06,10.1,9.75,9.76
2011-09-06,9.6,9.63,9.31,9.34
2011-09-07,9.4,9.7,9.19,9.69
2011-09-08,9.67,9.95,9.55,9.65
2011-09-09,9.6,9.83,9.37,9.39
2011-09-13,9.22,9.26,9.05,9.21
2011-09-14,9.28,9.33,9.09,9.29
2011-09-15,9.44,9.75,9.41,9.58
2011-09-16,9.65,9.69,9.44,9.47
2011-09-19,9.39,9.39,9.19,9.19
2011-09-20,9.18,9.38,9.1,9.29
2011-09-21,9.37,9.66,9.23,9.6
2011-09-22,9.49,9.53,9.15,9.17
2011-09-23,8.99,9.31,8.85,9.22
2011-09-26,9.22,9.33,9.05,9.09
2011-09-27,9.19,9.23,9.0,9.13
2011-09-28,9.23,9.27,9.01,9.03
2011-09-29,8.97,9.03,8.73,8.78
2011-09-30,8.79,8.85,8.73,8.75
2011-10-10,8.81,8.86,8.6,8.62
2011-10-11,8.88,8.93,8.4,8.55
2011-10-12,8.54,8.9,8.4,8.82
2011-10-13,8.86,9.02,8.75,8.97
2011-10-14,8.86,8.95,8.68,8.81
2011-10-17,8.84,8.91,8.72,8.79
2011-10-18,8.7,8.74,8.42,8.45
2011-10-19,8.44,8.54,8.38,8.4
2011-10-20,8.38,8.39,7.89,7.98
2011-10-21,8.0,8.01,7.58,7.61
2011-10-24,7.66,7.66,7.15,7.49
2011-10-25,7.47,8.16,7.4,8.12
2011-10-26,7.98,8.25,7.91,8.07
2011-10-27,8.05,8.12,7.9,7.97
2011-10-28,8.1,8.25,7.98,8.23
2011-10-31,8.24,8.37,8.14,8.19
2011-11-01,8.1,8.58,8.06,8.54
2011-11-02,8.35,9.39,8.29,9.39
2011-11-03,9.42,10.12,9.39,9.44
2011-11-04,9.51,9.66,9.34,9.64
2011-11-07,9.54,9.82,9.43,9.48
2011-11-08,9.5,9.65,9.2,9.21
2011-11-09,9.25,9.57,9.03,9.56
2011-11-10,9.38,9.78,9.31,9.47
2011-11-11,9.49,9.8,9.34,9.66
2011-11-14,9.83,10.07,9.73,9.86
2011-11-15,9.86,9.87,9.67,9.79
2011-11-16,9.84,9.94,9.31,9.4
2011-11-17,9.4,9.5,9.21,9.29
2011-11-18,9.2,9.21,8.9,8.92
2011-11-21,8.89,8.95,8.65,8.87
2011-11-22,8.75,8.98,8.72,8.98
2011-11-23,9.1,9.5,9.1,9.23
2011-11-24,9.04,9.35,8.85,9.35
2011-11-25,9.3,9.45,9.15,9.15
2011-11-28,9.15,9.25,8.81,8.9
2011-11-29,9.05,9.34,8.95,9.31
2011-11-30,9.32,9.46,8.81,8.99
2011-12-01,9.33,9.47,9.1,9.25
2011-12-02,9.15,9.2,8.82,8.83
2011-12-05,8.73,8.73,8.05,8.06
2011-12-06,7.98,8.28,7.9,8.16
2011-12-07,8.16,8.22,8.03,8.11
2011-12-08,8.12,8.29,7.95,8.18
2011-12-09,8.08,8.3,8.06,8.11
2011-12-12,8.12,8.22,8.05,8.08
2011-12-13,8.06,8.06,7.27,7.27
2011-12-14,7.16,7.22,6.97,7.0
2011-12-15,6.88,7.05,6.73,6.91
2011-12-16,6.92,7.2,6.9,7.15
2011-12-19,7.11,7.18,6.8,7.09
2011-12-20,7.07,7.27,6.91,6.93
2011-12-21,7.04,7.05,6.51,6.54
2011-12-22,6.42,6.5,6.14,6.3
2011-12-26,6.34,6.46,6.28,6.37
2011-12-27,6.35,6.36,6.05,6.11
2011-12-28,6.05,6.31,6.01,6.27
2011-12-29,6.24,6.32,6.15,6.2
2011-12-30,6.25,6.82,6.22,6.56
2012-01-04,6.72,6.81,6.34,6.37
2012-01-05,6.29,6.4,6.16,6.19
2012-01-06,6.13,6.56,6.1,6.52
2012-01-09,6.55,6.97,6.46,6.91
2012-01-10,6.9,7.26,6.85,7.23
2012-01-11,7.23,7.34,7.07,7.19
2012-01-12,7.12,7.34,7.09,7.17
2012-01-13,7.17,7.21,6.78,6.82
2012-01-16,6.7,6.87,6.63,6.64
2012-01-17,6.62,7.25,6.62,7.25
2012-01-18,7.25,7.28,6.9,6.97
2012-01-19,6.97,7.19,6.94,7.1
2012-01-20,7.11,7.33,7.1,7.22
2012-01-30,7.25,7.26,7.05,7.11
2012-01-31,7.09,7.17,6.95,7.09
2012-02-01,7.07,7.18,6.95,6.96
2012-02-02,7.0,7.17,6.96,7.16
2012-02-03,7.16,7.6,7.11,7.44
2012-02-06,7.44,7.46,7.27,7.38
2012-02-07,7.44,7.67,7.28,7.39
2012-02-08,7.35,7.59,7.23,7.54
2012-02-09,7.52,7.73,7.47,7.55
2012-02-10,7.55,7.66,7.46,7.54
2012-02-13,7.44,7.77,7.4,7.71
2012-02-14,7.7,7.75,7.57,7.62
2012-02-15,7.64,7.97,7.54,7.84
2012-02-16,7.85,7.92,7.64,7.74
2012-02-17,7.79,7.84,7.61,7.69
2012-02-20,7.81,7.84,7.63,7.63
2012-02-21,7.6,7.73,7.5,7.73
2012-02-22,7.71,7.87,7.7,7.86
2012-02-23,7.88,7.92,7.72,7.82
2012-02-24,7.82,8.16,7.74,8.04
2012-02-27,8.08,8.57,8.02,8.3
2012-02-28,8.27,8.5,8.2,8.35
2012-02-29,8.34,8.46,8.15,8.26
2012-03-01,8.17,8.32,8.16,8.25
2012-03-02,8.24,8.5,8.22,8.43
2012-03-05,8.47,8.73,8.38,8.59
2012-03-06,8.58,8.93,8.35,8.75
2012-03-07,8.61,8.82,8.47,8.48
2012-03-08,8.5,8.64,8.43,8.53
2012-03-09,8.57,8.72,8.5,8.68
2012-03-12,8.68,8.71,8.45,8.62
2012-03-13,8.62,8.62,8.46,8.59
2012-03-14,8.64,8.75,7.92,8.07
2012-03-15,8.02,8.13,7.62,7.74
2012-03-16,7.78,7.94,7.71,7.94
2012-03-19,7.91,8.13,7.89,8.11
2012-03-20,8.12,8.12,7.78,7.8
2012-03-21,7.84,8.01,7.74,7.9
2012-03-22,7.9,7.92,7.73,7.81
2012-03-23,7.8,7.8,7.56,7.63
2012-03-26,7.6,7.68,7.58,7.68
2012-03-27,7.75,7.81,7.65,7.67
2012-03-28,7.66,7.67,7.13,7.18
2012-03-29,7.1,7.15,6.8,7.05
2012-03-30,7.0,7.09,6.9,7.01
2012-04-05,7.01,7.29,6.96,7.27
2012-04-06,7.25,7.35,7.2,7.27
2012-04-09,7.24,7.24,7.1,7.11
2012-04-10,7.09,7.28,6.91,7.28
2012-04-11,7.16,7.58,7.11,7.5
2012-04-12,7.48,7.63,7.37,7.57
2012-04-13,7.6,7.72,7.57,7.6
2012-04-16,7.5,7.75,7.48,7.62
2012-04-17,7.63,7.68,7.45,7.48
2012-04-18,7.53,7.75,7.5,7.69
2012-04-19,7.68,7.77,7.65,7.72
2012-04-20,7.7,7.82,7.66,7.8
2012-04-23,7.69,7.69,7.34,7.35
2012-04-24,7.26,7.3,6.89,7.25
2012-04-25,7.16,7.4,7.1,7.3
2012-04-26,7.3,7.47,7.2,7.39
2012-04-27,7.33,7.45,7.24,7.33
2012-05-02,7.47,7.49,7.36,7.42
2012-05-03,7.4,7.53,7.38,7.5
2012-05-04,7.46,7.64,7.45,7.59
2012-05-07,7.54,7.57,7.45,7.54
2012-05-09,7.47,7.47,7.25,7.34
2012-05-10,7.27,7.46,7.26,7.43
2012-05-11,7.37,7.56,7.32,7.49
2012-05-14,7.58,7.58,7.36,7.49
2012-05-15,7.36,7.4,7.22,7.4
2012-05-16,7.35,7.38,7.24,7.33
2012-05-17,7.42,7.44,7.3,7.41
2012-05-18,7.33,7.33,7.13,7.26
2012-05-21,7.21,7.25,7.04,7.18
2012-05-22,7.18,7.25,7.16,7.25
2012-05-23,7.2,7.44,7.17,7.32
2012-05-24,7.26,7.29,7.16,7.18
2012-05-25,7.18,7.22,7.01,7.03
2012-05-28,7.03,7.07,6.81,7.05
2012-05-29,7.05,7.21,7.01,7.18
2012-05-30,7.14,7.2,7.12,7.15
2012-05-31,7.1,7.29,7.1,7.19
2012-06-01,7.16,7.24,7.1,7.1
2012-06-04,6.95,6.95,6.8,6.8
2012-06-05,6.8,6.86,6.75,6.77
2012-06-06,6.78,6.88,6.75,6.82
2012-06-07,6.9,6.93,6.71,6.72
2012-06-08,6.81,6.83,6.71,6.73
2012-06-11,6.75,6.87,6.74,6.85
2012-06-12,6.81,6.89,6.8,6.86
2012-06-13,6.74,6.74,6.61,6.71
2012-06-14,6.68,6.74,6.62,6.63
2012-06-15,6.67,6.68,6.49,6.58
2012-06-18,6.62,6.72,6.62,6.66
2012-06-19,6.66,6.66,6.52,6.55
2012-06-20,6.62,6.62,6.52,6.53
2012-06-21,6.56,6.56,6.36,6.38
2012-06-25,6.31,6.37,6.16,6.18
2012-06-26,6.18,6.39,6.14,6.33
2012-06-27,6.36,6.37,6.26,6.3
2012-06-28,6.31,6.34,6.16,6.17
2012-06-29,6.2,6.28,6.11,6.28
2012-07-02,6.33,6.38,6.29,6.35
2012-07-03,6.39,6.51,6.35,6.47
2012-07-04,6.53,6.53,6.41,6.43
2012-07-05,6.44,6.44,6.25,6.25
2012-07-06,6.28,6.41,6.2,6.4
2012-07-09,6.37,6.4,6.08,6.13
2012-07-10,6.13,6.16,6.04,6.08
2012-07-11,6.05,6.14,6.04,6.13
2012-07-12,6.08,6.2,5.97,6.17
2012-07-13,6.11,6.16,6.06,6.07
2012-07-16,6.09,6.09,5.81,5.82
2012-07-17,5.82,5.92,5.8,5.89
2012-07-18,5.88,5.93,5.81,5.93
2012-07-19,5.92,6.08,5.88,6.03
2012-07-20,6.01,6.06,5.92,5.93
2012-07-23,5.95,6.07,5.89,6.0
2012-07-24,5.95,6.07,5.94,6.05
2012-07-25,6.03,6.04,5.92,5.93
2012-07-26,5.92,5.98,5.89,5.89
2012-07-27,5.94,5.94,5.89,5.91
2012-07-30,5.93,5.97,5.81,5.83
2012-07-31,5.84,5.85,5.65,5.74
2012-08-01,5.74,5.9,5.73,5.88
2012-08-02,5.85,5.98,5.84,5.87
2012-08-03,5.89,5.99,5.85,5.98
2012-08-06,5.96,6.08,5.93,6.07
2012-08-07,6.07,6.11,6.04,6.1
2012-08-08,6.09,6.11,5.99,6.02
2012-08-09,6.02,6.14,5.96,6.11
2012-08-10,6.1,6.17,6.08,6.13
2012-08-13,6.12,6.14,5.98,5.98
2012-08-14,5.99,6.05,5.87,6.05
2012-08-15,6.05,6.14,6.0,6.07
2012-08-16,6.01,6.15,5.96,6.12
2012-08-17,6.14,6.28,6.09,6.26
2012-08-20,6.2,6.24,6.1,6.2
2012-08-21,6.2,6.28,6.15,6.22
2012-08-22,6.22,6.23,6.1,6.13
2012-08-23,6.12,6.16,6.04,6.14
2012-08-28,6.07,6.75,6.07,6.75
2012-08-29,7.28,7.43,7.18,7.43
2012-08-30,8.0,8.1,7.59,7.88
2012-08-31,7.88,7.89,7.49,7.61
2012-09-03,7.65,8.35,7.65,8.06
2012-09-04,7.91,8.01,7.79,7.96
2012-09-05,7.89,8.29,7.86,7.97
2012-09-06,7.93,8.35,7.79,8.25
2012-09-07,8.3,8.5,8.1,8.26
2012-09-10,8.18,8.55,8.12,8.19
2012-09-11,8.05,8.19,7.92,8.04
2012-09-12,8.12,8.17,7.86,8.0
2012-09-13,8.03,8.24,7.93,7.94
2012-09-14,7.99,8.07,7.68,7.82
2012-09-17,7.79,7.94,7.74,7.82
2012-09-18,7.79,8.03,7.78,7.79
2012-09-19,7.79,8.14,7.68,8.14
2012-09-20,8.01,8.12,7.77,7.83
2012-09-21,7.81,7.85,7.28,7.36
2012-09-24,7.3,7.57,7.22,7.49
2012-09-25,7.47,7.55,7.25,7.27
2012-09-26,7.28,7.31,7.06,7.23
2012-09-27,7.21,7.51,7.07,7.3
2012-09-28,7.24,7.45,7.19,7.44
2012-10-08,7.46,7.54,7.37,7.41
2012-10-09,7.41,7.96,7.41,7.82
2012-10-10,7.78,8.6,7.73,8.6
2012-10-11,8.65,8.76,8.3,8.49
2012-10-12,8.44,8.58,7.74,7.97
2012-10-15,8.36,8.77,8.35,8.77
2012-10-16,8.95,8.95,8.65,8.68
2012-10-17,8.72,9.0,8.58,8.73
2012-10-18,8.67,8.98,8.6,8.96
2012-10-19,8.88,9.15,8.79,8.8
2012-10-22,8.73,9.09,8.67,8.89
2012-10-23,8.85,8.98,8.65,8.67
2012-10-24,8.6,8.93,8.59,8.75
2012-10-25,8.5,8.5,7.88,7.89
2012-10-26,7.7,7.86,7.53,7.72
2012-10-29,7.69,7.87,7.61,7.84
2012-10-30,7.85,7.88,7.74,7.77
2012-10-31,7.86,8.21,7.86,8.11
2012-11-01,8.12,8.24,8.03,8.15
2012-11-02,8.15,8.18,8.02,8.11
2012-11-05,8.11,8.15,7.72,7.88
2012-11-06,7.83,7.9,7.69,7.87
2012-11-07,7.87,8.16,7.85,8.04
2012-11-08,7.95,8.07,7.85,7.89
2012-11-09,7.89,7.93,7.77,7.8
2012-11-12,7.82,7.85,7.72,7.81
2012-11-13,7.81,7.82,7.6,7.61
2012-11-14,7.6,7.68,7.43,7.66
2012-11-15,7.58,7.68,7.33,7.35
2012-11-16,7.35,7.4,7.14,7.32
2012-11-19,7.38,7.46,7.27,7.43
2012-11-20,7.47,7.53,7.39,7.4
2012-11-21,7.4,7.55,7.3,7.53
2012-11-22,7.49,7.49,7.36,7.38
2012-11-23,7.35,7.6,7.32,7.48
2012-11-26,7.48,7.59,7.41,7.44
2012-11-27,7.39,7.43,7.18,7.28
2012-11-28,7.2,7.28,7.09,7.1
2012-11-29,7.1,7.25,6.82,6.89
2012-11-30,6.9,7.02,6.82,6.94
2012-12-03,6.93,6.99,6.7,6.71
2012-12-04,6.69,7.05,6.63,6.98
2012-12-05,6.97,7.43,6.92,7.35
2012-12-06,7.36,7.43,7.25,7.3
2012-12-07,7.3,7.55,7.27,7.5
2012-12-10,7.52,8.15,7.52,8.01
2012-12-11,8.03,8.1,7.86,7.93
2012-12-12,7.88,8.03,7.81,7.94
2012-12-13,7.89,7.93,7.72,7.74
2012-12-14,7.69,8.17,7.69,8.09
2012-12-17,8.12,8.15,7.75,7.96
2012-12-18,7.9,8.09,7.78,7.88
2012-12-19,7.85,8.4,7.85,8.16
2012-12-20,8.11,8.32,8.07,8.25
2012-12-21,8.23,8.28,8.01,8.1
2012-12-24,8.1,8.26,8.03,8.2
2012-12-25,8.18,8.4,8.14,8.34
2012-12-26,8.32,8.43,8.24,8.36
2012-12-27,8.38,8.39,8.13,8.14
2012-12-28,8.09,8.23,8.09,8.15
2012-12-31,8.15,8.28,8.11,8.18
2013-01-04,8.28,8.3,8.07,8.1
2013-01-07,8.07,8.3,8.04,8.3
2013-01-08,8.37,8.65,8.34,8.52
2013-01-09,8.49,9.0,8.45,8.81
2013-01-10,8.8,8.97,8.61,8.81
2013-01-11,8.86,9.35,8.8,9.0
2013-01-14,8.91,9.85,8.91,9.71
2013-01-15,9.8,10.58,9.65,10.0
2013-01-16,10.06,10.48,9.83,10.27
2013-01-17,10.2,10.23,9.8,9.83
2013-01-18,10.11,10.81,10.11,10.81
2013-01-21,11.15,11.35,10.79,11.03
2013-01-22,10.71,10.86,10.42,10.5
2013-01-23,10.49,11.25,10.48,11.01
2013-01-24,11.09,11.1,10.14,10.25
2013-01-25,10.12,10.4,10.1,10.17
2013-01-28,10.25,10.49,10.22,10.4
2013-01-29,10.39,11.2,10.32,10.88
2013-01-30,10.84,11.25,10.63,10.94
2013-01-31,10.81,10.88,10.41,10.55
2013-02-01,10.57,11.1,10.44,10.63
2013-02-04,10.55,10.78,10.26,10.33
2013-02-05,10.34,11.14,10.23,11.04
2013-02-06,10.95,11.3,10.8,10.87
2013-02-07,10.98,11.8,10.86,11.69
2013-02-08,11.58,12.16,11.5,11.79
2013-02-18,11.7,12.04,11.52,11.73
2013-02-19,11.68,11.98,11.52,11.67
2013-02-20,11.58,11.78,11.24,11.78
2013-02-21,11.63,11.66,11.22,11.27
2013-02-22,11.36,11.55,11.19,11.2
2013-02-25,11.26,11.78,11.21,11.64
2013-02-26,11.49,11.69,11.18,11.24
2013-02-27,11.25,11.7,11.25,11.64
2013-02-28,11.69,11.83,11.42,11.77
2013-03-01,11.74,12.36,11.65,12.25
2013-03-04,12.11,12.25,11.81,11.91
2013-03-05,11.92,13.08,11.81,12.92
2013-03-06,12.95,13.13,12.72,12.94
2013-03-07,12.9,13.4,12.5,12.63
2013-03-08,12.73,13.18,12.63,12.74
2013-03-11,12.75,12.76,12.13,12.39
2013-03-12,12.4,12.58,11.3,11.52
2013-03-13,11.51,11.51,10.92,11.24
2013-03-14,11.17,11.51,11.15,11.24
2013-03-15,11.28,12.14,11.23,11.72
2013-03-18,11.65,11.99,11.59,11.75
2013-03-19,11.77,11.85,11.36,11.76
2013-03-20,11.81,12.36,11.8,12.35
2013-03-21,12.35,12.78,12.3,12.57
2013-03-22,12.5,12.64,12.32,12.48
2013-03-25,12.55,13.01,12.32,12.89
2013-03-26,12.78,12.88,12.4,12.65
2013-03-27,12.64,12.99,12.52,12.62
2013-03-28,12.4,12.71,12.0,12.18
2013-03-29,12.28,13.12,12.27,12.97
2013-04-01,12.95,13.47,12.73,13.26
2013-04-02,13.21,13.56,12.6,12.7
2013-04-03,12.7,12.84,12.32,12.6
2013-04-08,12.31,13.34,12.0,13.19
2013-04-09,13.13,13.6,13.11,13.26
2013-04-10,13.21,14.15,13.21,13.82
2013-04-11,13.78,13.95,13.51,13.53
2013-04-12,13.54,13.93,13.4,13.7
2013-04-15,13.62,13.8,13.14,13.35
2013-04-16,13.19,13.98,13.0,13.97
2013-04-17,13.9,14.11,13.75,14.0
2013-04-18,13.96,14.08,13.74,13.86
2013-04-19,13.95,14.4,13.86,14.37
2013-04-22,14.25,14.46,14.1,14.3
2013-04-23,14.15,14.15,13.2,13.28
2013-04-24,13.45,13.79,13.38,13.6
2013-04-25,13.5,13.78,13.0,13.07
2013-04-26,12.8,12.8,11.76,11.76
2013-05-02,10.81,11.48,10.81,11.18
2013-05-03,11.23,11.6,11.16,11.31
2013-05-06,11.27,11.73,11.2,11.69
2013-05-07,11.63,11.97,11.54,11.7
2013-05-08,11.76,11.88,11.59,11.81
2013-05-09,11.85,12.53,11.83,12.35
2013-05-10,12.26,12.44,12.06,12.24
2013-05-13,12.2,12.37,12.12,12.29
2013-05-14,12.23,12.23,11.29,11.41
2013-05-15,11.55,11.91,11.44,11.86
2013-05-16,11.8,12.33,11.7,11.96
2013-05-17,11.91,12.4,11.91,12.2
2013-05-20,13.2,13.42,12.74,13.42
2013-05-21,13.47,14.19,13.3,13.93
2013-05-22,13.96,13.97,13.41,13.54
2013-05-23,13.4,14.58,13.2,14.08
2013-05-24,14.08,14.87,13.95,14.65
2013-05-27,14.69,15.23,14.27,14.48
2013-05-28,14.3,14.38,13.52,13.8
2013-05-29,13.8,14.19,13.63,14.07
2013-05-30,13.95,14.4,13.64,13.78
2013-05-31,13.82,13.9,13.32,13.46
2013-06-03,13.38,13.77,13.22,13.5
2013-06-04,13.42,13.74,13.01,13.25
2013-06-05,13.26,13.47,13.15,13.36
2013-06-06,13.38,13.41,12.7,12.77
2013-06-07,12.82,12.86,12.18,12.25
2013-06-13,12.0,12.2,11.57,12.17
2013-06-14,12.25,12.97,12.2,12.79
2013-06-17,12.89,12.98,12.41,12.71
2013-06-18,12.7,12.9,12.57,12.77
2013-06-19,12.66,13.0,12.39,12.99
2013-06-20,12.88,13.07,12.1,12.3
2013-06-21,11.87,12.21,11.59,11.95
2013-06-24,11.94,12.03,10.76,10.85
2013-06-25,10.7,11.43,9.8,11.29
2013-06-26,11.29,11.54,11.0,11.47
2013-06-27,11.53,11.95,11.31,11.34
2013-06-28,11.1,11.6,10.87,11.19
2013-07-01,11.25,11.55,11.06,11.5
2013-07-02,11.5,11.78,11.3,11.74
2013-07-03,11.61,11.66,11.2,11.57
2013-07-04,11.43,11.87,11.31,11.65
2013-07-05,11.72,11.79,11.2,11.25
2013-07-08,11.0,11.0,10.19,10.2
2013-07-09,10.19,10.37,10.0,10.09
2013-07-10,10.18,10.65,10.12,10.57
2013-07-11,10.67,11.24,10.6,11.07
2013-07-12,11.06,11.47,11.0,11.09
2013-07-15,11.23,11.42,11.16,11.31
2013-07-16,11.4,12.21,11.35,12.06
2013-07-17,12.05,12.12,11.65,11.69
2013-07-18,11.6,12.1,11.45,11.76
2013-07-19,11.75,11.93,11.24,11.25
2013-07-22,11.08,11.66,10.9,11.64
2013-07-23,11.6,12.19,11.56,12.19
2013-07-24,12.1,12.48,11.92,12.4
2013-07-25,12.38,12.65,12.05,12.06
2013-07-26,11.97,12.32,11.85,12.11
2013-07-29,12.09,12.34,11.71,11.89
2013-07-30,11.85,12.08,11.4,11.67
2013-07-31,11.71,11.93,11.67,11.74
2013-08-01,11.76,12.18,11.74,12.15
2013-08-02,12.21,12.5,12.14,12.17
2013-08-05,12.24,12.63,12.19,12.56
2013-08-06,12.4,12.59,12.34,12.5
2013-08-07,12.55,12.94,12.35,12.43
2013-08-08,12.43,12.59,12.3,12.4
2013-08-09,12.45,12.53,12.09,12.3
2013-08-12,12.4,12.68,12.32,12.51
2013-08-13,12.54,12.71,12.32,12.69
2013-08-14,12.68,12.72,12.37,12.46
2013-08-15,12.43,12.49,12.04,12.06
2013-08-16,11.96,12.28,11.59,11.63
2013-08-19,11.54,11.92,11.52,11.89
2013-08-20,11.82,12.07,11.65,11.72
2013-08-21,11.79,11.82,11.6,11.8
2013-08-22,11.79,11.91,11.7,11.71
2013-08-23,11.75,11.8,11.16,11.42
2013-08-26,11.36,11.77,11.14,11.75
2013-08-27,11.77,11.78,11.54,11.72
2013-08-28,11.7,11.72,11.4,11.42
2013-08-29,11.4,11.54,11.17,11.23
2013-08-30,11.26,11.28,10.92,10.98
2013-09-02,10.94,11.32,10.93,11.25
2013-09-03,11.25,11.36,11.2,11.35
2013-09-04,11.32,11.45,11.25,11.3
2013-09-05,11.33,11.52,11.25,11.45
2013-09-06,11.45,11.76,11.3,11.63
2013-09-09,11.63,11.79,11.47,11.68
2013-09-10,11.69,11.75,11.41,11.52
2013-09-11,11.52,11.53,11.08,11.16
2013-09-12,11.16,11.25,11.04,11.08
2013-09-13,11.12,11.15,10.98,11.15
2013-09-16,11.2,11.3,11.04,11.08
2013-09-17,11.04,11.05,10.58,10.6
2013-09-18,10.6,10.69,10.54,10.65
2013-09-23,10.69,10.97,10.69,10.9
2013-09-24,10.86,11.02,10.83,10.93
2013-09-25,10.93,11.0,10.6,10.64
2013-09-26,10.62,10.62,10.2,10.25
2013-09-27,10.28,10.44,10.25,10.38
2013-09-30,10.4,10.53,10.35,10.46
2013-10-08,10.46,10.64,10.42,10.6
2013-10-09,10.5,10.85,10.48,10.81
2013-10-10,10.81,10.81,10.5,10.54
2013-10-11,10.55,10.84,10.54,10.77
2013-10-14,10.75,10.76,10.6,10.7
2013-10-15,10.68,10.68,10.48,10.52
2013-10-16,10.49,10.49,10.15,10.17
2013-10-17,10.23,10.35,10.11,10.16
2013-10-18,10.17,10.26,10.13,10.24
2013-10-21,10.18,11.26,10.18,11.26
2013-10-22,11.2,11.45,11.07,11.12
2013-10-23,11.15,11.33,10.78,10.95
2013-10-24,10.85,11.14,10.85,11.07
2013-10-25,11.14,11.16,10.68,10.69
2013-10-28,10.7,10.86,10.63,10.79
2013-10-29,10.79,11.14,10.18,11.05
2013-10-30,10.94,11.08,10.78,10.93
2013-10-31,10.93,10.93,10.44,10.46
2013-11-01,10.4,10.65,10.3,10.56
2013-11-04,10.56,10.67,10.3,10.38
2013-11-05,10.32,10.49,10.18,10.44
2013-11-06,10.5,11.18,10.49,10.86
2013-11-07,10.71,11.06,10.65,10.76
2013-11-08,10.74,10.79,10.38,10.4
2013-11-11,10.59,10.8,10.43,10.68
2013-11-12,10.67,10.93,10.54,10.83
2013-11-13,10.74,10.8,10.56,10.62
2013-11-14,10.55,10.9,10.46,10.79
2013-11-15,10.8,11.22,10.8,10.99
2013-11-18,11.02,11.25,10.95,11.21
2013-11-19,11.28,11.43,11.12,11.25
2013-11-20,11.27,11.48,11.15,11.42
2013-11-21,11.4,11.4,11.03,11.12
2013-11-22,11.11,11.35,11.09,11.14
2013-11-25,11.15,11.6,11.15,11.42
2013-11-26,11.43,12.43,11.42,12.13
2013-11-27,12.04,12.5,12.0,12.27
2013-11-28,12.26,13.19,12.18,12.86
2013-11-29,12.85,13.0,12.62,12.81
2013-12-02,12.6,12.65,11.66,11.92
2013-12-03,11.86,13.11,11.86,13.11
2013-12-04,13.1,13.63,12.93,13.54
2013-12-05,13.4,13.57,13.1,13.13
2013-12-06,13.05,13.32,12.71,12.87
2013-12-09,12.9,13.24,12.82,13.01
2013-12-10,13.01,13.09,12.4,12.58
2013-12-11,12.45,12.7,12.31,12.68
2013-12-12,12.65,12.75,12.5,12.53
2013-12-13,12.45,13.35,12.35,13.08
2013-12-16,13.13,13.29,12.77,13.12
2013-12-17,13.11,13.68,12.83,13.44
2013-12-18,13.35,13.45,13.0,13.0
2013-12-19,13.05,13.12,12.64,12.71
2013-12-20,12.73,12.9,12.51,12.8
2013-12-23,12.65,12.68,11.85,12.04
2013-12-24,12.09,12.69,12.08,12.33
2013-12-25,12.36,13.0,12.36,12.92
2013-12-26,13.0,13.39,12.68,12.91
2013-12-27,12.88,13.45,12.73,13.23
2013-12-30,13.09,13.64,13.09,13.15
2013-12-31,13.1,13.7,13.06,13.49
2014-01-02,13.51,14.48,13.42,14.21
2014-01-03,14.18,14.98,14.15,14.32
2014-01-06,14.32,14.75,13.88,14.13
2014-01-07,14.13,14.46,13.62,14.35
2014-01-08,14.38,14.62,13.94,14.11
2014-01-09,14.11,14.34,13.35,13.55
2014-01-10,13.58,13.58,12.94,13.09
2014-01-13,13.12,13.24,12.62,13.12
2014-01-14,13.05,14.06,12.91,14.03
2014-01-15,13.93,14.85,13.93,14.77
2014-01-16,14.68,14.87,14.39,14.4
2014-01-17,14.36,15.28,14.3,14.93
2014-01-20,14.7,15.63,14.7,15.0
2014-01-21,14.92,15.25,14.44,14.88
2014-01-22,14.96,15.39,14.72,15.19
2014-01-23,15.2,15.2,14.57,14.81
2014-01-24,14.78,15.98,14.71,15.9
2014-01-27,16.0,16.3,15.64,15.7
2014-01-28,15.6,16.15,15.38,15.66
2014-01-29,15.6,16.01,15.6,15.86
2014-01-30,15.83,16.17,15.38,15.4
2014-02-07,15.23,16.16,14.98,16.09
2014-02-10,16.3,17.25,16.3,16.97
2014-02-11,16.9,17.19,16.4,16.68
2014-02-12,16.68,16.78,16.3,16.78
2014-02-13,17.03,17.57,16.7,16.79
2014-02-14,16.6,17.13,16.4,17.04
2014-02-17,17.04,17.45,16.87,17.0
2014-02-18,16.93,16.94,16.4,16.57
2014-02-19,16.62,16.97,16.16,16.4
2014-02-20,16.3,16.39,15.6,15.84
2014-02-21,15.85,16.05,15.61,16.0
2014-02-24,16.03,16.65,15.65,16.65
2014-02-25,16.8,17.48,15.79,15.9
2014-02-26,15.8,15.9,14.78,15.62
2014-02-27,15.63,16.28,15.0,15.06
2014-02-28,15.05,15.33,14.48,15.2
2014-03-03,15.05,15.46,14.8,15.26
2014-03-04,15.2,15.72,15.0,15.51
2014-03-05,15.5,16.15,15.39,15.87
2014-03-06,15.87,16.01,15.48,15.98
2014-03-07,15.9,16.24,15.12,15.14
2014-03-10,14.93,14.93,14.1,14.26
2014-03-11,14.13,14.61,14.1,14.3
2014-03-12,14.28,14.5,13.92,14.2
2014-03-13,14.22,14.66,14.17,14.66
2014-03-14,14.6,14.9,14.41,14.76
2014-03-17,14.85,15.18,14.62,15.05
2014-03-18,15.05,15.13,14.67,14.69
2014-03-19,14.55,14.77,14.1,14.25
2014-03-20,14.23,14.59,13.92,13.95
2014-03-21,13.94,13.94,13.39,13.89
2014-03-24,13.88,13.9,13.54,13.78
2014-03-25,13.76,14.0,13.66,13.9
2014-03-26,13.93,14.25,13.8,14.13
2014-03-27,14.08,14.12,13.47,13.48
2014-03-28,13.37,13.67,13.19,13.22
2014-03-31,13.24,13.4,13.07,13.24
2014-04-01,13.32,14.56,13.04,14.56
2014-04-02,14.56,15.16,14.5,14.81
2014-04-03,14.84,15.2,14.53,14.81
2014-04-04,14.74,15.16,14.56,15.06
2014-04-08,14.98,15.5,14.78,15.23
2014-04-09,15.15,15.8,14.98,15.3
2014-04-10,15.35,16.02,15.35,15.54
2014-04-11,15.3,15.63,14.89,15.61
2014-04-14,15.5,15.69,15.17,15.39
2014-04-15,15.35,15.69,15.19,15.44
2014-04-16,15.34,15.38,14.88,14.95
2014-04-17,14.97,16.06,14.97,16.0
2014-04-18,15.93,16.25,15.76,16.11
2014-04-21,15.9,16.5,15.86,16.03
2014-04-22,15.9,16.08,15.34,15.62
2014-04-23,15.6,15.74,15.34,15.51
2014-04-24,15.55,15.64,14.9,15.04
2014-04-25,15.0,15.04,14.2,14.45
2014-04-28,14.31,14.59,13.9,14.59
2014-04-29,14.29,15.15,14.13,14.92
2014-04-30,14.99,15.23,14.81,14.9
2014-05-05,14.88,15.93,14.83,15.93
2014-05-06,15.93,16.55,15.88,16.0
2014-05-07,15.92,16.2,15.64,15.69
2014-05-08,15.69,16.18,15.61,15.73
2014-05-09,15.83,16.25,15.65,16.25
2014-05-12,16.36,16.49,15.95,16.39
2014-05-13,16.29,16.6,16.1,16.25
2014-05-14,16.23,16.4,15.92,16.19
2014-05-15,16.1,16.3,15.12,15.13
2014-05-16,15.06,15.31,14.91,15.21
2014-05-19,15.19,15.33,14.95,15.21
2014-05-20,15.36,15.91,15.29,15.5
2014-05-21,15.5,16.6,15.2,16.6
2014-05-22,16.52,16.66,16.22,16.35
2014-05-23,16.33,16.78,16.22,16.6
2014-05-26,16.81,17.25,16.62,16.67
2014-05-27,16.58,17.24,16.58,17.2
2014-05-28,17.1,17.25,16.71,17.19
2014-05-29,17.1,17.28,16.69,16.69
2014-05-30,16.68,17.49,16.49,17.47
2014-06-03,17.39,17.55,17.17,17.44
2014-06-04,17.35,17.39,16.67,16.88
2014-06-05,16.78,17.08,16.68,16.83
2014-06-06,16.75,17.49,16.75,17.16
2014-06-09,17.09,17.46,16.95,17.03
2014-06-10,17.04,17.16,16.47,17.09
2014-06-11,16.97,17.26,16.75,17.04
2014-06-12,16.95,16.96,16.62,16.7
2014-06-13,16.58,17.5,16.58,17.22
2014-06-16,17.16,17.23,16.81,17.01
2014-06-17,16.9,17.25,16.51,16.68
2014-06-18,16.71,16.88,16.46,16.56
2014-06-19,16.55,16.74,15.67,16.13
2014-06-20,16.08,16.55,15.96,16.41
2014-06-23,16.41,16.66,16.25,16.35
2014-06-24,16.35,16.49,16.16,16.49
2014-06-25,16.46,16.55,16.2,16.34
2014-06-26,16.34,17.34,16.33,17.28
2014-06-27,17.2,17.27,16.92,17.1
2014-06-30,17.2,17.38,16.89,17.34
2014-07-01,17.32,17.62,17.15,17.36
2014-07-02,17.35,17.83,17.27,17.7
2014-07-03,17.6,17.62,17.28,17.45
2014-07-04,17.48,17.48,17.0,17.07
2014-07-07,17.08,17.25,16.78,17.01
2014-07-08,16.99,16.99,16.33,16.8
2014-07-09,16.7,16.95,16.45,16.67
2014-07-10,16.7,16.77,16.03,16.09
2014-07-11,16.1,16.48,16.08,16.23
2014-07-14,16.2,16.73,16.16,16.71
2014-07-15,16.95,17.42,16.88,17.04
2014-07-16,17.04,17.25,16.66,17.14
2014-07-17,17.05,17.27,16.82,16.97
2014-07-18,16.78,17.17,16.27,16.63
2014-07-21,16.61,16.77,16.4,16.65
2014-07-22,16.5,16.79,16.3,16.67
2014-07-23,16.58,16.76,16.18,16.4
2014-07-24,16.33,16.36,16.07,16.08
2014-07-25,16.11,16.68,16.1,16.45
2014-07-28,16.49,16.7,16.47,16.61
2014-07-29,16.65,16.99,16.57,16.93
2014-07-30,16.86,16.99,16.58,16.69
2014-07-31,16.72,17.27,16.72,17.2
2014-08-01,17.03,17.16,16.7,16.71
2014-08-04,16.74,16.82,16.32,16.56
2014-08-05,16.6,16.87,16.35,16.85
2014-08-06,16.77,17.23,16.52,17.09
2014-08-07,17.09,17.19,16.9,16.96
2014-08-08,16.98,17.43,16.97,17.22
2014-08-11,17.25,17.46,17.06,17.34
2014-08-12,17.3,18.96,17.24,18.58
2014-08-13,18.38,18.67,18.14,18.61
2014-08-14,18.69,18.85,18.2,18.29
2014-08-15,18.35,18.85,18.25,18.44
2014-08-18,18.55,18.64,18.27,18.53
2014-08-19,18.52,18.93,18.36,18.53
2014-08-20,18.5,18.56,18.25,18.3
2014-08-21,18.29,18.38,17.62,18.05
2014-08-22,18.0,18.47,17.9,18.45
2014-08-25,18.55,18.94,18.42,18.47
2014-08-26,18.87,19.38,18.55,18.78
2014-08-27,18.83,19.96,18.83,19.7
2014-08-28,19.52,19.75,19.32,19.5
2014-08-29,19.5,20.33,19.5,19.76
2014-09-01,19.64,20.46,19.52,20.3
2014-09-02,20.28,20.65,19.96,20.56
2014-09-03,20.49,20.52,20.06,20.19
2014-09-04,20.1,20.46,19.88,20.16
2014-09-05,20.34,20.47,19.9,20.27
2014-09-09,20.22,20.22,19.92,20.17
2014-09-10,19.7,19.7,19.1,19.23
2014-09-11,19.24,19.69,19.24,19.5
2014-09-12,19.42,19.68,19.2,19.58
2014-09-15,19.6,20.36,19.5,20.18
2014-09-16,20.18,20.28,19.2,19.21
2014-09-17,19.32,19.5,18.91,19.24
2014-09-18,19.25,19.37,19.09,19.2
2014-09-19,19.23,19.54,19.16,19.48
2014-09-22,19.43,19.62,19.0,19.4
2014-09-23,19.41,19.89,19.38,19.79
2014-09-24,19.74,20.07,19.7,19.93
2014-09-25,19.91,20.4,19.8,20.13
2014-09-26,19.9,20.37,19.73,19.85
2014-09-29,19.68,19.81,19.29,19.41
2014-09-30,19.46,19.7,19.36,19.55
2014-10-08,18.94,18.94,17.89,18.62
2014-10-09,18.5,18.88,18.3,18.78
2014-10-10,18.55,18.75,18.38,18.44
2014-10-13,18.35,18.35,17.77,17.94
2014-10-14,17.96,18.2,17.95,18.13
2014-10-15,18.13,18.19,17.7,17.88
2014-10-16,17.78,18.03,17.45,17.49
2014-10-17,17.54,17.78,17.3,17.65
2014-11-04,17.64,18.5,16.8,18.41
2014-11-05,18.0,18.36,17.73,17.91
2014-11-06,17.91,18.14,17.55,17.74
2014-11-07,18.3,18.44,17.63,17.65
2014-11-10,17.75,17.86,17.29,17.5
2014-11-11,17.51,17.57,16.66,16.8
2014-11-12,16.77,16.98,16.48,16.88
2014-11-13,16.8,16.8,16.17,16.4
2014-11-14,16.43,16.65,16.31,16.43
2014-11-17,16.44,16.86,16.2,16.65
2014-11-18,16.66,16.75,16.41,16.6
2014-11-19,16.61,17.17,16.52,16.99
2014-11-20,16.79,16.85,16.6,16.68
2014-11-21,16.68,16.68,16.25,16.43
2014-11-24,16.55,16.89,16.3,16.88
2014-11-25,16.94,17.46,16.88,17.33
2014-11-26,17.36,17.42,17.04,17.2
2014-11-27,17.23,17.42,17.11,17.31
2014-11-28,17.4,17.57,17.17,17.35
2014-12-01,17.36,17.38,16.8,16.83
2014-12-02,16.79,17.08,16.69,16.91
2014-12-03,16.92,17.19,16.62,17.0
2014-12-04,17.05,17.56,17.05,17.47
2014-12-05,17.5,17.51,16.66,17.1
2014-12-08,17.0,17.05,16.7,16.92
2014-12-09,16.8,17.5,16.6,16.68
2014-12-10,16.68,17.32,16.59,17.21
2014-12-11,17.15,17.45,16.99,17.23
2014-12-12,17.4,17.7,17.31,17.49
2014-12-15,17.5,18.08,17.4,18.08
2014-12-16,18.03,18.27,17.61,17.78
2014-12-17,17.78,17.78,17.27,17.38
2014-12-18,17.42,17.62,17.3,17.31
2014-12-19,17.35,17.46,16.73,16.92
2014-12-22,16.94,16.99,16.25,16.31
2014-12-23,16.3,16.7,16.21,16.32
2014-12-24,16.4,16.56,16.24,16.44
2014-12-25,16.44,16.67,16.4,16.64
2014-12-26,16.64,16.64,16.36,16.52
2014-12-29,16.59,16.63,15.84,15.91
2014-12-30,15.8,16.14,15.36,15.41
2014-12-31,15.44,16.09,15.31,15.97
2015-01-05,15.98,16.24,15.6,16.13
2015-01-06,16.02,16.47,15.89,16.42
2015-01-07,16.41,16.43,16.11,16.17
2015-01-08,16.13,16.4,16.06,16.09
2015-01-09,16.12,16.73,16.06,16.27
2015-01-12,16.3,16.66,16.19,16.49
2015-01-13,16.5,17.16,16.38,17.04
2015-01-14,17.0,17.0,16.6,16.73
2015-01-15,16.73,16.92,16.5,16.61
2015-01-16,16.59,16.93,16.51,16.81
2015-01-19,16.5,17.13,16.0,16.25
2015-01-20,16.35,17.14,16.35,17.09
2015-01-21,17.14,17.44,17.03,17.28
2015-01-22,17.18,17.87,17.18,17.67
2015-01-23,17.67,17.76,17.2,17.29
2015-01-26,17.32,17.69,17.3,17.65
2015-01-27,17.67,17.72,17.07,17.32
2015-01-28,17.22,17.48,17.1,17.16
2015-01-29,17.05,17.25,16.92,17.01
2015-01-30,17.1,17.18,16.98,17.08
2015-02-02,17.1,17.49,17.0,17.36
2015-02-03,17.41,17.8,17.22,17.65
2015-02-04,17.67,18.15,17.63,17.71
2015-02-05,17.81,18.24,17.56,17.78
2015-02-06,17.84,18.05,16.99,17.08
2015-02-09,16.98,17.14,16.6,16.62
2015-02-10,16.65,16.98,16.57,16.98
2015-02-11,16.98,17.2,16.82,17.17
2015-02-12,17.18,17.52,17.08,17.33
2015-02-13,17.31,17.69,17.31,17.38
2015-02-16,17.59,18.18,17.55,18.14
2015-02-17,18.16,18.27,17.8,17.99
2015-02-25,18.09,18.67,18.06,18.41
2015-02-26,18.3,18.41,18.02,18.2
2015-02-27,18.22,18.48,18.06,18.19
2015-03-02,18.45,18.66,18.22,18.57
2015-03-03,18.58,19.23,18.41,18.63
2015-03-04,18.8,18.88,18.4,18.64
2015-03-05,18.7,19.22,18.61,19.16
2015-03-06,19.23,19.25,18.38,18.45
2015-03-09,18.39,18.96,18.1,18.83
2015-03-10,19.16,19.25,18.74,18.84
2015-03-11,18.84,18.89,18.3,18.48
2015-03-12,18.48,18.87,18.2,18.39
2015-03-13,18.48,18.66,18.36,18.58
2015-03-16,18.76,19.14,18.61,19.02
2015-03-17,19.14,19.6,18.9,19.29
2015-03-18,19.29,19.49,19.06,19.41
2015-03-19,19.45,19.71,19.15,19.35
2015-03-20,19.35,19.55,19.15,19.36
2015-03-23,19.49,19.94,19.33,19.76
2015-03-24,19.85,19.85,19.02,19.57
2015-03-25,19.4,20.88,19.29,20.29
2015-03-26,20.28,20.85,19.78,20.12
2015-03-27,20.15,20.34,19.81,20.09
2015-03-30,20.19,20.42,20.04,20.32
2015-03-31,20.45,21.24,20.18,20.75
2015-04-01,21.4,22.83,21.3,22.83
2015-04-02,23.25,24.38,23.23,24.08
2015-04-03,24.0,24.0,23.33,23.92
2015-04-07,23.85,24.77,23.65,23.93
2015-04-08,23.93,24.48,23.01,23.44
2015-04-09,23.39,23.39,22.1,22.65
2015-04-10,22.65,23.55,22.6,23.5
2015-04-13,24.0,24.2,23.66,23.77
2015-04-14,23.97,25.57,23.79,24.68
2015-04-15,24.68,24.99,23.09,23.11
2015-04-16,22.8,23.63,22.5,23.24
2015-04-17,23.4,23.93,22.88,23.24
2015-04-20,23.24,23.85,22.65,23.68
2015-04-21,23.29,24.73,23.13,24.68
2015-04-22,24.68,25.55,24.66,24.7
2015-04-23,24.86,26.95,24.86,25.86
2015-04-24,25.68,28.45,25.32,28.45
2015-04-27,29.2,29.57,27.42,27.61
2015-04-28,27.67,28.24,25.89,27.7
2015-04-29,27.18,29.18,26.71,28.14
2015-04-30,28.13,28.36,27.0,27.05
2015-05-04,27.0,27.47,26.28,26.85
2015-05-05,26.53,27.54,25.95,25.98
2015-05-06,26.3,26.99,25.56,25.92
2015-05-07,25.95,26.48,25.63,25.9
2015-05-08,26.35,26.98,26.09,26.9
2015-05-11,27.2,28.28,26.65,28.02
2015-05-12,28.09,28.27,27.0,27.8
2015-05-13,27.61,29.5,27.23,28.45
2015-05-14,28.45,28.83,27.6,27.73
2015-05-15,27.45,27.46,26.59,26.63
2015-05-18,26.3,27.24,26.11,26.79
2015-05-19,26.82,28.2,26.82,27.99
2015-05-20,28.8,30.78,27.9,28.45
2015-05-21,29.0,30.18,28.6,29.93
2015-05-22,30.33,30.65,28.86,29.41
2015-05-25,29.12,30.0,27.98,29.88
2015-05-26,30.07,31.97,30.01,31.29
2015-05-27,31.28,31.56,30.07,30.94
2015-05-28,31.08,32.77,29.29,29.75
2015-05-29,29.75,31.4,28.14,30.87
2015-06-01,31.79,33.96,31.0,33.96
2015-06-02,35.1,36.68,34.41,36.49
2015-06-04,36.25,36.71,32.5,36.01
2015-06-15,39.61,39.61,38.1,39.61
2015-06-16,38.0,39.35,36.58,36.8
2015-06-17,36.17,36.96,33.3,35.85
2015-06-18,35.62,37.88,34.31,34.45
2015-06-19,33.94,33.94,31.51,31.52
2015-06-23,31.66,33.14,30.11,33.1
2015-06-24,33.5,34.31,32.9,33.7
2015-06-25,34.5,35.08,32.01,32.4
2015-06-26,31.01,31.75,29.16,29.16
2015-06-29,30.41,30.44,26.24,26.24
2015-06-30,26.44,28.76,23.62,28.72
2015-07-01,28.5,30.49,27.2,27.7
2015-07-02,27.86,28.96,25.45,26.58
2015-07-03,25.5,28.4,24.0,25.65
2015-07-06,28.22,28.22,23.21,24.8
2015-07-07,23.21,24.19,22.32,22.32
2015-07-08,20.09,20.99,20.09,20.09
2015-07-09,20.09,22.1,20.09,22.1
2015-07-10,23.5,24.31,23.0,24.31
2015-07-13,26.3,26.74,25.53,26.74
2015-07-14,27.3,29.19,26.4,27.95
2015-07-15,27.0,27.45,25.16,25.16
2015-07-16,23.71,27.16,23.01,26.29
2015-07-17,26.74,28.8,26.31,28.23
2015-07-20,28.0,29.32,27.3,28.05
2015-07-21,27.9,28.91,26.99,28.91
2015-07-22,29.18,30.31,28.46,29.91
2015-07-23,29.77,30.36,29.27,30.08
2015-07-24,30.09,30.17,27.84,28.51
2015-07-27,27.6,28.96,25.66,25.66
2015-07-28,24.7,26.23,23.1,25.29
2015-07-29,25.72,27.42,24.24,27.07
2015-07-30,26.9,27.68,25.81,25.85
2015-07-31,25.5,26.74,25.04,25.65
2015-08-03,25.23,25.39,23.09,23.47
2015-08-04,23.86,25.82,23.71,25.82
2015-08-05,26.05,27.3,25.87,26.16
2015-08-06,25.3,26.82,25.03,26.38
2015-08-07,26.98,27.5,26.41,27.41
2015-08-10,28.0,28.9,27.42,28.53
2015-08-11,28.4,28.5,27.55,27.8
2015-08-12,27.39,28.17,27.06,27.06
2015-08-13,27.12,27.71,26.42,27.7
2015-08-14,27.76,28.4,27.41,27.69
2015-08-17,27.38,28.4,26.65,28.24
2015-08-18,28.01,28.81,25.42,25.42
2015-08-19,24.53,27.17,23.98,26.98
2015-08-20,26.46,27.56,26.14,26.41
2015-08-21,25.89,26.7,24.2,24.28
2015-08-24,23.2,23.87,21.85,21.85
2015-08-25,19.7,20.97,19.67,19.67
2015-08-26,19.82,20.69,17.8,17.84
2015-08-27,18.65,19.25,17.01,19.24
2015-08-28,20.48,21.16,19.82,21.16
2015-08-31,21.0,21.6,20.0,21.2
2015-09-01,20.63,20.72,19.35,20.29
2015-09-02,18.66,20.9,18.66,19.46
2015-09-07,20.0,20.93,19.55,19.78
2015-09-08,19.5,20.97,19.34,20.88
2015-09-09,21.1,22.22,20.9,21.69
2015-09-10,21.0,21.5,20.8,20.8
2015-09-11,20.66,21.36,20.66,21.11
2015-09-14,21.4,21.42,19.0,19.0
2015-09-15,18.6,18.8,17.41,17.6
2015-09-16,17.8,19.36,17.51,19.36
2015-09-17,19.36,19.99,18.75,18.8
2015-09-18,18.96,19.29,18.5,19.15
2015-09-21,18.8,20.15,18.66,20.02
2015-09-22,20.1,20.51,19.69,20.01
2015-09-23,19.6,20.17,19.5,20.0
2015-09-24,20.2,20.58,20.02,20.35
2015-09-25,20.13,20.29,19.03,19.21
2015-09-28,19.21,19.79,19.16,19.7
2015-09-29,19.25,19.65,19.0,19.23
2015-09-30,19.32,19.74,19.11,19.48
2015-10-08,20.48,21.08,20.11,20.65
2015-10-09,20.54,21.66,20.5,21.32
2015-10-12,21.7,23.08,21.7,22.25
2015-10-13,22.06,22.88,22.0,22.41
2015-10-14,22.21,23.05,22.21,22.6
2015-10-15,22.64,24.86,22.64,24.86
2015-10-16,25.3,25.43,24.11,24.64
2015-10-19,24.62,25.2,24.1,24.73
2015-10-20,24.61,25.45,24.5,25.08
2015-10-21,25.0,25.0,22.69,22.8
2015-10-22,22.9,23.99,22.9,23.92
2015-10-23,24.2,24.63,23.53,24.2
2015-10-26,24.58,25.39,24.4,24.94
2015-10-27,24.68,26.57,24.28,26.15
2015-10-28,25.8,27.3,25.2,25.56
2015-10-29,26.05,26.26,24.9,25.28
2015-10-30,25.05,25.8,24.85,25.18
2015-11-02,24.7,25.8,24.49,24.95
2015-11-03,24.94,25.46,24.78,25.05
2015-11-04,25.4,26.5,25.22,26.48
2015-11-05,26.48,26.95,25.79,25.87
2015-11-06,26.05,27.05,26.05,26.71
2015-11-09,26.52,27.3,26.26,26.61
2015-11-10,26.5,27.13,26.2,26.43
2015-11-11,26.34,26.49,25.9,26.43
2015-11-12,26.55,26.8,25.37,25.86
2015-11-13,25.48,25.66,24.81,25.01
2015-11-16,24.51,26.84,24.45,26.7
2015-11-17,27.01,27.2,25.52,25.76
2015-11-18,25.72,25.9,24.8,24.9
2015-11-19,25.06,25.8,25.05,25.75
2015-11-20,25.86,25.98,25.26,25.57
2015-11-23,25.73,26.48,25.6,25.83
2015-11-24,26.0,26.17,25.11,25.77
2015-11-25,25.73,26.18,25.4,26.09
2015-11-26,26.14,26.24,25.65,25.65
2015-11-27,25.5,25.52,23.2,23.58
2015-11-30,23.61,24.18,22.77,23.84
2015-12-01,23.84,24.36,23.72,24.0
2015-12-02,24.09,24.26,23.21,24.2
2015-12-03,24.5,25.2,24.5,24.96
2015-12-04,24.75,24.96,24.2,24.36
2015-12-07,24.47,25.2,24.16,25.06
2015-12-08,24.8,25.77,24.5,25.19
2015-12-09,25.03,26.36,25.03,25.78
2015-12-10,25.81,26.05,25.21,25.48
2015-12-11,25.49,26.07,24.68,24.89
2015-12-14,24.5,25.35,24.21,25.3
2015-12-15,25.33,26.08,25.25,25.88
2015-12-16,26.01,26.25,25.71,25.93
2015-12-17,25.95,26.6,25.9,26.23
2015-12-18,26.1,26.18,25.52,25.9
2015-12-21,25.93,26.35,25.79,25.99
2015-12-22,26.05,28.18,25.77,27.66
2015-12-23,27.5,27.57,26.75,26.76
2015-12-24,26.83,27.25,26.51,26.99
2015-12-25,27.2,27.24,26.38,26.64
2015-12-28,26.99,27.08,25.78,25.83
2015-12-29,26.04,26.29,25.49,26.05
2015-12-30,26.1,26.53,25.9,26.5
2015-12-31,26.49,26.54,25.87,25.89
2016-01-04,25.9,25.98,23.3,23.33
2016-01-05,22.63,23.53,21.66,22.75
2016-01-06,22.98,23.52,22.6,23.46
2016-01-07,23.0,23.02,21.11,21.12
2016-01-08,21.63,21.96,20.02,21.45
2016-01-11,20.7,21.27,19.31,19.34
2016-01-12,19.88,20.94,19.34,20.38
2016-01-13,20.63,21.63,20.55,20.56
2016-01-14,19.7,21.99,19.7,21.99
2016-01-15,21.79,22.37,20.92,21.31
2016-01-18,20.8,22.22,20.7,21.8
2016-01-19,21.82,22.34,21.11,22.19
2016-01-20,21.98,22.06,21.32,21.61
2016-01-21,21.25,21.99,20.32,20.35
2016-01-22,20.69,21.24,20.36,21.12
2016-01-25,21.49,21.78,21.11,21.6
2016-01-26,21.3,21.4,19.65,19.8
2016-01-27,20.15,20.17,18.61,19.65
2016-01-28,19.53,20.42,19.07,19.54
2016-01-29,19.6,20.57,19.6,20.38
2016-02-01,20.38,20.65,19.92,20.32
2016-02-02,20.36,21.48,20.34,21.19
2016-02-03,20.9,21.52,20.82,21.27
2016-02-04,21.25,21.83,21.23,21.6
2016-02-05,21.6,21.78,21.07,21.09
2016-02-15,21.5,22.42,21.25,21.8
2016-02-16,21.6,22.62,21.53,22.43
2016-02-17,22.55,22.55,21.9,22.45
2016-02-18,22.55,22.66,22.08,22.3
2016-02-19,22.19,22.33,21.8,22.06
2016-02-22,22.4,22.96,22.13,22.59
2016-02-23,22.53,22.67,22.2,22.3
2016-02-24,22.19,22.47,21.52,22.11
2016-02-25,22.16,22.16,19.9,19.99
2016-02-26,20.5,20.56,19.83,19.93
2016-02-29,19.93,19.93,18.12,18.21
2016-03-01,18.28,19.12,17.95,18.83
2016-03-02,18.83,19.95,18.66,19.73
2016-03-03,19.7,20.2,19.58,19.75
2016-03-04,19.65,20.18,19.28,19.35
2016-03-07,19.57,20.15,19.57,20.08
2016-03-08,19.9,19.95,19.0,19.92
2016-03-09,19.5,19.71,19.2,19.34
2016-03-10,19.49,19.7,19.05,19.08
2016-03-11,18.9,19.42,18.72,19.28
2016-03-14,19.35,20.28,19.35,19.96
2016-03-15,20.0,20.27,19.8,19.99
2016-03-16,20.04,20.28,19.68,19.7
2016-03-17,19.9,20.56,19.75,20.46
2016-03-18,20.6,21.44,20.48,21.01
2016-03-21,21.39,21.7,21.06,21.44
2016-03-22,21.3,21.52,21.1,21.14
2016-03-23,21.16,21.45,21.0,21.43
2016-03-24,21.17,21.45,20.99,21.11
2016-03-25,20.96,21.48,20.96,21.24
2016-03-28,21.33,21.64,20.78,20.85
2016-03-29,20.82,20.95,20.25,20.54
2016-03-30,20.83,22.39,20.75,22.14
2016-03-31,22.19,22.49,22.0,22.25
2016-04-01,22.18,22.88,21.76,22.35
2016-04-05,22.62,23.28,22.62,22.9
2016-04-06,22.8,23.58,22.65,23.11
2016-04-07,23.24,23.24,22.39,22.39
2016-04-08,22.18,22.62,22.16,22.42
2016-04-11,22.61,23.12,22.61,22.66
2016-04-12,22.7,23.12,22.66,22.95
2016-04-13,23.05,23.5,22.6,22.69
2016-04-14,22.9,23.27,22.75,23.25
2016-04-15,23.43,23.45,22.92,23.06
2016-04-18,22.79,22.9,22.42,22.87
2016-04-19,22.94,23.56,22.94,23.29
2016-04-20,23.45,23.78,22.18,22.93
2016-04-21,22.79,23.91,22.61,23.49
2016-04-22,23.44,23.44,22.68,23.13
2016-04-25,22.93,22.93,21.95,22.22
2016-04-26,22.2,22.49,22.01,22.45
2016-04-27,22.45,22.84,22.26,22.33
2016-04-28,22.4,22.48,21.6,21.95
2016-04-29,21.7,22.08,21.61,21.75
2016-05-03,21.85,22.7,21.71,22.46
2016-05-04,22.34,22.73,22.26,22.41
2016-05-05,22.44,22.67,22.3,22.61
2016-05-06,22.7,22.96,21.76,21.89
2016-05-09,21.7,21.94,20.88,21.09
2016-05-10,21.3,21.3,20.81,20.9
2016-05-11,21.18,21.28,20.73,20.89
2016-05-12,20.65,21.5,20.56,21.46
2016-05-13,21.3,21.51,21.06,21.18
2016-05-16,21.12,21.55,20.93,21.5
2016-05-17,21.48,21.6,21.09,21.24
2016-05-18,21.16,21.16,20.4,20.83
2016-05-19,20.7,21.26,20.68,20.77
2016-05-20,20.55,20.97,20.03,20.96
2016-05-23,20.95,21.47,20.9,21.31
2016-05-24,21.25,21.47,20.98,21.06
2016-05-25,21.26,21.42,20.86,20.86
2016-05-26,20.85,21.21,20.38,21.2
2016-05-27,21.2,22.27,21.1,22.23
2016-05-30,22.35,23.17,22.02,22.46
2016-05-31,22.44,23.07,22.28,23.0
2016-06-01,22.99,23.47,22.87,23.1
2016-06-02,22.9,23.11,22.61,23.0
2016-06-03,23.0,23.18,22.7,22.8
2016-06-06,23.0,23.49,22.68,22.84
2016-06-07,22.75,23.55,22.73,23.54
2016-06-08,23.4,23.48,22.68,22.85
2016-06-13,22.49,22.49,21.7,21.71
2016-06-14,21.61,22.1,21.61,21.89
2016-06-15,21.51,22.89,21.51,22.81
2016-06-16,22.7,23.14,22.5,22.55
2016-06-17,22.68,23.4,22.6,22.98
2016-06-20,23.01,23.27,22.71,23.21
2016-06-21,23.26,23.45,22.55,22.65
2016-06-22,22.5,22.93,22.37,22.88
2016-06-23,22.7,22.79,22.29,22.61
2016-06-24,22.52,22.75,21.71,22.14
2016-06-27,22.02,22.76,22.02,22.75
2016-06-28,22.58,22.91,22.37,22.84
2016-06-29,22.93,23.2,22.69,22.91
2016-06-30,22.89,23.05,22.71,22.84
2016-07-01,22.84,23.73,22.84,23.47
2016-07-04,23.36,23.93,23.2,23.84
2016-07-05,23.85,24.15,23.46,23.57
2016-07-06,23.41,23.61,23.2,23.39
2016-07-07,23.45,23.5,23.06,23.35
2016-07-08,23.22,23.56,23.11,23.25
2016-07-11,23.33,23.43,22.66,22.7
2016-07-12,22.72,22.8,22.22,22.78
2016-07-13,22.81,23.11,22.54,22.86
2016-07-14,22.89,22.96,22.7,22.87
2016-07-15,22.86,23.05,22.57,22.86
2016-07-18,22.86,22.86,22.53,22.72
2016-07-19,22.69,23.43,22.63,23.42
2016-07-20,23.38,23.54,22.99,23.07
2016-07-21,23.07,23.67,23.06,23.16
2016-07-22,23.08,23.47,22.75,23.4
2016-07-25,23.46,24.62,23.31,24.36
2016-07-26,24.1,24.42,23.9,24.29
2016-07-27,24.37,24.59,23.15,23.3
2016-07-28,23.21,23.75,22.88,23.71
2016-07-29,23.4,23.64,22.76,22.78
2016-08-01,22.7,22.7,22.1,22.45
2016-08-02,22.44,22.64,22.32,22.53
2016-08-03,22.53,22.96,22.52,22.78
2016-08-04,22.75,22.87,22.38,22.72
2016-08-05,22.78,23.35,22.61,23.18
2016-08-08,23.0,23.63,22.85,23.46
2016-08-09,23.37,23.75,23.31,23.46
2016-08-10,23.4,23.4,23.4,23.4
2016-08-11,23.37,23.48,22.82,22.85
2016-08-12,22.9,23.26,22.68,23.26
2016-08-15,23.29,23.85,23.03,23.69
2016-08-16,23.69,23.97,23.58,23.73
2016-08-17,23.8,24.31,23.58,23.61
2016-08-18,23.6,24.5,23.45,24.41
2016-08-19,24.23,24.3,23.84,24.09
2016-08-22,24.11,24.17,23.66,23.67
2016-08-23,23.62,23.81,23.3,23.49
2016-08-24,23.51,24.04,23.42,23.8
2016-08-25,23.4,23.4,22.22,22.8
2016-08-26,22.85,22.94,22.6,22.65
2016-08-29,22.75,22.84,22.51,22.6
2016-08-30,22.6,22.82,22.58,22.71
2016-08-31,22.76,22.81,22.45,22.7
2016-09-01,22.64,22.79,22.44,22.48
2016-09-02,22.44,22.55,22.1,22.15
2016-09-05,22.2,22.59,22.2,22.31
2016-09-06,22.35,23.06,22.24,23.05
2016-09-07,23.0,23.05,22.78,22.95
2016-09-08,22.9,23.07,22.66,22.8
2016-09-09,22.8,22.9,22.53,22.55
2016-09-12,22.08,22.28,21.6,21.78
2016-09-13,21.8,22.03,21.8,21.9
2016-09-14,21.81,22.11,21.6,21.97
2016-09-19,22.1,22.4,22.1,22.17
2016-09-20,22.19,22.23,21.93,22.17
2016-09-21,22.15,22.22,22.03,22.08
2016-09-22,22.19,22.37,22.12,22.12
2016-09-23,22.15,22.29,22.05,22.13
2016-09-26,22.13,22.17,21.39,21.4
2016-09-27,21.43,21.56,21.13,21.52
2016-09-28,21.65,21.65,21.38,21.4
2016-09-29,21.43,21.84,21.43,21.46
2016-09-30,21.42,21.59,21.29,21.34
2016-10-10,21.5,21.86,21.4,21.84
2016-10-11,21.85,22.09,21.8,22.06
2016-10-12,22.0,22.09,21.87,22.01
2016-10-13,22.21,22.65,22.12,22.6
2016-10-14,22.78,22.82,22.28,22.37
2016-10-17,22.49,22.65,22.01,22.1
2016-10-18,22.15,22.65,22.11,22.57
2016-10-19,22.6,22.75,22.33,22.56
2016-10-20,22.75,24.19,22.75,23.68
2016-10-21,23.52,23.97,23.41,23.78
2016-10-24,23.69,24.13,23.61,23.73
2016-10-25,23.3,23.3,22.78,23.1
2016-10-26,23.0,23.27,22.88,22.99
2016-10-27,22.91,23.14,22.8,23.09
2016-10-28,22.97,23.24,22.73,22.74
2016-10-31,22.68,22.68,22.35,22.56
2016-11-01,22.57,23.3,22.56,23.1
2016-11-02,23.11,23.27,22.97,23.21
2016-11-03,23.1,23.85,23.05,23.5
2016-11-04,23.52,23.83,23.41,23.64
2016-11-07,23.55,23.81,23.3,23.48
2016-11-08,23.53,23.69,23.21,23.58
2016-11-09,23.52,24.15,23.19,23.7
2016-11-10,23.85,23.97,23.48,23.65
2016-11-11,23.6,23.7,23.18,23.29
2016-11-14,23.33,23.41,23.02,23.16
2016-11-15,23.1,23.35,23.08,23.32
2016-11-16,23.32,23.48,23.23,23.31
2016-11-17,23.34,23.34,23.02,23.31
2016-11-18,23.33,23.4,22.98,22.98
2016-11-21,22.9,23.23,22.86,23.0
2016-11-22,23.07,23.39,22.94,23.27
2016-11-23,23.3,23.5,23.19,23.4
2016-11-24,23.4,23.46,23.0,23.02
2016-11-25,23.06,23.06,22.59,22.94
2016-11-28,22.96,23.07,22.82,22.98
2016-11-29,22.97,23.54,22.95,23.3
2016-11-30,23.3,23.37,23.08,23.14
2016-12-01,23.1,23.5,23.08,23.24
2016-12-02,23.23,23.25,22.69,22.75
2016-12-05,22.65,23.3,22.52,23.27
2016-12-06,23.29,23.4,23.0,23.03
2016-12-07,23.05,23.16,22.9,23.11
2016-12-08,23.11,23.48,23.11,23.36
2016-12-09,23.4,23.48,22.56,22.69
2016-12-12,22.69,22.69,21.65,21.68
2016-12-13,21.68,21.81,21.3,21.58
2016-12-14,21.59,21.65,21.13,21.2
2016-12-15,21.2,21.57,21.17,21.3
2016-12-16,21.34,21.53,21.1,21.45
2016-12-19,21.49,21.62,21.29,21.31
2016-12-20,21.32,21.79,21.3,21.71
2016-12-21,21.66,22.36,21.6,22.29
2016-12-22,22.24,22.8,22.15,22.29
2016-12-23,22.3,22.34,22.0,22.05
2016-12-26,21.98,22.63,21.89,22.46
2016-12-27,22.34,22.8,22.34,22.51
2016-12-28,22.42,22.51,22.11,22.38
2016-12-29,22.36,22.79,22.21,22.6
2016-12-30,22.6,22.7,22.43,22.6
2017-01-03,22.6,22.7,22.41,22.46
2017-01-04,22.5,22.93,22.43,22.75
2017-01-05,22.72,22.85,22.62,22.69
2017-01-06,22.77,22.79,21.88,21.9
2017-01-09,21.91,22.06,21.88,21.99
2017-01-10,22.02,22.29,21.93,22.15
2017-01-11,22.19,22.27,21.83,22.02
2017-01-12,22.02,22.14,21.78,21.81
2017-01-13,21.81,21.81,21.25,21.6
2017-01-16,21.47,21.71,21.0,21.44
2017-01-17,21.4,21.92,21.28,21.77
2017-01-18,21.76,21.83,21.55,21.76
2017-01-19,21.65,21.91,21.6,21.76
2017-01-20,21.76,22.38,21.68,22.25
2017-01-23,22.25,22.53,22.25,22.35
2017-01-24,22.16,22.57,22.06,22.51
2017-01-25,22.46,22.55,22.36,22.5
2017-01-26,22.42,22.53,22.38,22.41
2017-02-03,22.5,22.54,22.22,22.3
2017-02-06,22.3,22.9,22.25,22.75
2017-02-07,22.73,23.3,22.66,23.09
2017-02-08,23.09,23.27,22.8,23.05
2017-02-09,23.05,23.33,22.95,23.05
2017-02-10,23.1,23.26,22.97,23.03
2017-02-13,23.12,23.53,23.03,23.41
2017-02-14,23.5,23.63,23.29,23.44
2017-02-15,23.44,23.91,23.44,23.49
2017-02-16,23.5,23.74,23.31,23.51
2017-02-17,23.51,23.73,23.09,23.18
2017-02-20,23.21,24.23,23.2,23.93
2017-02-21,23.88,24.0,23.61,23.86
2017-02-22,23.93,23.93,23.68,23.79
2017-02-23,23.82,23.83,23.33,23.45
2017-02-24,23.48,24.28,23.42,23.68
2017-02-27,23.75,24.36,23.75,24.03
2017-02-28,24.06,24.49,24.0,24.05
2017-03-01,24.12,24.32,23.88,24.15
2017-03-02,24.2,24.3,23.82,23.84
2017-03-03,23.83,24.3,23.82,24.29
2017-03-06,24.35,25.68,24.35,25.55
2017-03-07,25.6,26.05,25.33,25.66
2017-03-08,25.45,26.03,25.24,25.8
2017-03-09,25.61,25.93,25.28,25.74
2017-03-10,25.5,25.68,25.05,25.2
2017-03-13,25.21,26.52,25.16,26.28
2017-03-14,26.31,26.5,25.1,25.16
2017-03-15,25.18,26.96,24.76,26.96
2017-03-16,26.59,26.98,26.35,26.79
2017-03-17,26.65,27.15,26.1,26.29
2017-03-20,26.24,26.78,26.03,26.68
2017-03-21,26.5,26.81,26.34,26.52
2017-03-22,26.26,26.65,26.05,26.31
2017-03-23,26.31,27.09,26.08,26.98
2017-03-24,26.98,27.87,26.88,26.9
2017-03-27,26.86,26.86,25.84,26.2
2017-03-28,26.2,26.29,25.61,25.74
2017-03-29,25.88,26.58,25.81,26.23
2017-03-30,26.15,26.46,25.47,25.88
2017-03-31,25.8,26.35,25.53,26.27
2017-04-05,26.2,27.22,25.86,27.13
2017-04-06,27.1,27.1,26.39,26.68
2017-04-07,26.68,26.78,26.38,26.68
2017-04-10,26.6,26.87,25.9,25.97
2017-04-11,25.97,26.2,25.0,25.54
2017-04-12,25.6,26.55,25.28,26.13
2017-04-13,26.05,26.38,25.88,26.06
2017-04-14,26.16,26.21,25.17,25.19
2017-04-17,25.19,25.79,25.01,25.32
2017-04-18,25.32,26.13,25.32,25.71
2017-04-19,25.65,26.04,25.47,26.0
2017-04-20,26.07,26.66,25.9,26.5
2017-04-21,26.35,27.03,26.21,26.5
2017-04-24,26.5,26.75,25.67,26.33
2017-04-25,28.5,28.96,27.8,28.95
2017-04-26,29.02,30.3,28.88,29.2
2017-04-27,28.77,29.78,28.77,29.63
2017-04-28,29.4,30.13,29.13,29.41
2017-05-02,29.5,30.08,29.17,30.03
2017-05-03,29.93,30.0,28.98,29.3
2017-05-04,29.3,30.68,29.12,30.25
2017-05-05,30.0,31.15,29.92,30.62
2017-05-08,30.67,31.76,29.97,29.97
2017-05-09,29.78,31.42,29.35,31.18
2017-05-10,31.2,31.67,30.88,31.06
2017-05-11,30.81,31.94,30.2,31.27
2017-05-12,31.1,31.43,29.91,30.6
2017-05-15,30.9,32.25,30.86,32.25
2017-05-16,32.2,33.75,31.84,33.7
2017-05-17,33.5,34.66,32.92,33.31
2017-05-18,33.0,33.66,32.59,32.68
2017-05-19,33.0,33.25,31.99,32.34
2017-05-22,32.37,33.13,32.22,32.34
2017-05-23,32.31,33.45,32.28,32.72
2017-05-24,32.38,33.15,31.18,33.03
2017-05-25,32.77,33.09,31.81,32.31
2017-05-26,32.2,32.3,30.3,30.84
2017-05-31,31.03,31.29,30.5,31.2
2017-06-01,31.11,31.88,30.89,31.25
2017-06-02,31.35,31.55,30.61,31.4
2017-06-05,31.4,32.58,31.4,32.55
2017-06-06,32.25,32.68,32.05,32.4
2017-06-07,32.6,33.15,32.28,32.4
2017-06-08,32.42,33.18,32.4,32.99
2017-06-09,33.03,33.2,32.35,32.56
2017-06-12,32.02,32.17,31.05,31.6
2017-06-13,31.62,32.11,31.21,31.99
2017-06-14,31.9,32.16,30.9,31.21
2017-06-15,31.24,31.58,30.95,31.39
2017-06-16,31.35,32.0,31.12,31.8
2017-06-19,31.78,32.09,31.55,31.67
2017-06-20,31.83,32.78,31.68,32.3
2017-06-21,32.4,33.97,32.35,33.97
2017-06-22,33.96,34.99,33.4,33.4
2017-06-23,33.73,34.36,33.3,34.33
2017-06-26,34.49,34.88,34.01,34.74
2017-06-27,34.39,35.28,34.25,34.67
2017-06-28,34.33,34.56,33.11,33.51
2017-06-29,33.66,34.85,33.5,34.8
2017-06-30,34.46,34.84,33.9,34.64
2017-07-03,34.62,35.4,33.5,33.69
2017-07-04,35.9,36.45,34.98,35.82
2017-07-05,35.75,37.06,35.6,36.98
2017-07-06,36.9,37.81,36.67,37.15
2017-07-07,37.28,37.94,36.78,37.2
2017-07-10,37.36,37.39,35.8,36.09
2017-07-11,36.25,36.79,36.0,36.14
2017-07-12,36.4,37.55,36.25,37.36
2017-07-13,37.49,37.67,36.48,36.67
2017-07-14,36.66,37.31,36.03,36.87
2017-07-17,37.23,37.23,35.52,36.0
2017-07-18,35.88,36.44,34.58,35.95
2017-07-19,35.68,38.0,35.46,37.91
2017-07-20,37.77,38.38,37.62,37.93
2017-07-21,37.9,38.48,37.26,37.5
2017-07-24,37.2,37.72,37.19,37.38
2017-07-25,37.4,37.66,36.2,36.31
2017-07-26,36.15,36.46,35.2,35.47
2017-07-27,36.55,36.67,35.65,36.54
2017-07-28,36.45,36.45,35.55,36.01
2017-07-31,36.0,36.37,35.57,35.8
2017-08-01,35.7,35.7,34.87,35.18
2017-08-02,35.46,36.34,35.46,35.85
2017-08-03,36.01,36.04,34.35,34.55
2017-08-04,34.35,34.74,33.48,33.73
2017-08-07,33.76,34.7,33.76,34.28
2017-08-08,34.28,34.48,33.88,34.17
2017-08-09,34.02,35.09,34.02,34.82
2017-08-10,34.72,35.8,34.72,35.19
2017-08-11,35.03,36.16,34.82,35.19
2017-08-14,35.36,37.0,35.2,36.76
2017-08-15,36.81,36.94,35.88,36.35
2017-08-16,36.3,36.5,35.73,35.75
2017-08-17,35.89,35.94,34.68,35.1
2017-08-18,34.75,35.41,34.57,34.83
2017-08-21,35.0,35.33,34.8,35.08
2017-08-22,35.2,35.29,34.5,34.64
2017-08-23,34.77,35.41,34.77,35.15
2017-08-24,35.01,35.19,34.65,34.8
2017-08-25,34.79,35.1,34.0,34.4
2017-08-28,34.4,35.93,34.4,35.69
2017-08-29,37.17,38.8,37.17,38.3
2017-08-30,38.7,39.35,38.0,38.28
2017-08-31,38.19,39.39,37.91,39.19
2017-09-01,39.35,39.35,38.62,38.83
2017-09-04,39.0,39.59,38.16,39.19
2017-09-05,38.99,39.28,38.3,38.44
2017-09-06,38.49,39.07,38.28,38.51
2017-09-07,38.4,39.42,38.23,38.87
2017-09-08,38.88,40.0,38.49,40.0
2017-09-11,40.41,41.35,39.61,39.88
2017-09-12,40.05,40.24,39.22,39.52
2017-09-13,39.62,39.65,38.28,39.1
2017-09-14,38.92,39.68,38.76,39.08
2017-09-15,38.88,39.41,38.6,39.31
2017-09-18,39.4,41.27,39.38,40.91
2017-09-19,40.88,40.9,39.7,39.83
2017-09-20,39.94,41.35,39.93,40.42
2017-09-21,40.27,41.98,39.82,41.55
2017-09-22,41.58,41.88,40.86,41.82
2017-09-25,41.41,41.6,40.33,41.05
2017-09-26,40.84,41.48,40.59,41.35
2017-09-27,41.89,42.65,41.41,41.54
2017-09-28,41.55,42.56,41.35,42.43
2017-09-29,42.35,43.86,42.0,43.6
2017-10-09,44.37,44.77,43.22,43.8
2017-10-10,43.93,43.94,41.6,42.82
2017-10-11,42.51,43.26,42.06,42.82
2017-10-12,42.69,44.57,42.66,44.57
2017-10-13,44.52,45.94,44.33,44.9
2017-10-16,44.9,46.15,44.13,44.49
2017-10-17,44.44,45.8,44.37,45.28
2017-10-18,45.4,48.28,45.3,47.83
2017-10-19,47.83,47.83,46.68,47.5
2017-10-20,47.02,47.99,46.56,47.6
2017-10-23,47.8,48.7,47.5,47.99
2017-10-24,47.7,49.3,47.47,49.22
2017-10-25,49.3,49.85,48.53,49.23
2017-10-26,48.5,48.5,47.0,47.4
2017-10-27,47.12,48.12,47.08,48.09
2017-10-30,48.8,48.87,46.5,46.88
2017-10-31,46.95,48.0,46.01,47.84
2017-11-01,47.6,47.88,46.83,47.06
2017-11-02,46.96,47.8,46.42,47.5
2017-11-03,47.44,50.4,47.25,50.1
2017-11-06,50.0,53.0,49.43,52.35
2017-11-07,52.34,52.98,51.34,52.3
2017-11-08,51.71,52.88,50.69,50.7
2017-11-09,50.7,55.77,50.24,55.39
2017-11-10,55.25,58.38,54.8,57.19
2017-11-13,57.18,58.5,56.5,57.43
2017-11-14,57.32,58.78,56.24,57.5
2017-11-15,57.17,57.98,53.2,55.14
2017-11-16,54.88,57.0,53.3,56.99
2017-11-17,56.58,57.13,54.74,55.5
2017-11-20,54.9,56.92,53.36,55.89
2017-11-21,55.6,59.32,55.2,59.32
2017-11-22,59.32,60.0,55.56,56.78
2017-11-23,56.03,56.09,51.72,51.72
2017-11-24,51.25,53.15,51.23,52.48
2017-11-27,51.81,52.19,49.21,51.38
2017-11-28,51.53,52.85,51.1,52.71
2017-11-29,52.68,53.18,50.23,51.3
2017-11-30,50.75,51.48,47.83,48.51
2017-12-01,48.76,50.8,48.76,49.98
2017-12-04,50.0,52.0,49.8,50.97
2017-12-05,50.31,53.0,50.26,51.36
2017-12-06,51.5,52.17,49.68,51.33
2017-12-07,51.11,51.21,49.3,49.32
2017-12-08,49.3,51.87,49.3,51.73
2017-12-11,51.59,53.5,51.12,53.28
2017-12-12,53.2,53.93,52.48,52.66
2017-12-13,52.87,54.68,52.82,53.94
2017-12-14,54.19,55.48,53.46,54.45
2017-12-15,54.06,54.09,52.68,53.05
2017-12-18,53.04,53.55,51.05,52.16
2017-12-19,52.41,52.93,51.7,52.6
2017-12-20,52.4,52.82,51.29,51.43
2017-12-21,51.18,54.12,50.98,53.98
2017-12-22,53.81,54.36,53.6,54.17
2017-12-25,54.5,54.53,51.6,51.99
2017-12-26,51.59,52.76,50.73,52.48
2017-12-27,52.01,52.29,50.5,50.52
2017-12-28,50.55,50.72,49.02,49.11
2017-12-29,49.12,49.68,48.44,49.4
2018-01-02,49.54,50.28,48.63,50.13
2018-01-03,50.19,51.88,49.51,51.55
2018-01-04,51.5,51.9,51.01,51.51
2018-01-05,51.25,52.92,51.02,51.55
2018-01-08,51.29,51.29,49.43,50.38
2018-01-09,50.52,53.5,50.18,53.45
2018-01-10,53.45,54.38,52.0,54.05
2018-01-11,53.7,55.69,53.3,54.88
2018-01-12,54.75,55.14,53.9,54.34
2018-01-15,54.5,56.11,53.41,53.92
2018-01-16,54.3,56.83,53.93,55.95
2018-01-17,54.5,54.6,50.37,52.32
2018-01-18,52.11,53.13,51.22,51.93
2018-01-19,51.75,53.04,50.47,52.12
2018-01-22,52.0,54.2,51.38,54.05
2018-01-23,54.06,55.15,53.4,53.73
2018-01-24,53.89,54.48,52.96,53.91
2018-01-25,53.85,55.54,53.8,54.42
2018-01-26,54.05,54.75,52.99,53.11
2018-01-29,52.88,52.88,49.92,50.18
2018-01-30,49.81,50.58,49.51,50.02
2018-01-31,49.7,50.28,47.82,49.34
2018-02-01,49.3,50.23,48.22,48.96
2018-02-02,49.34,50.43,47.87,50.04
2018-02-05,48.9,50.1,48.03,48.69
2018-02-06,46.87,48.25,46.55,47.06
2018-02-07,48.02,48.45,44.5,45.66
2018-02-08,45.66,47.55,44.88,47.29
2018-02-09,45.65,47.29,45.0,45.97
2018-02-12,46.5,49.88,46.45,49.49
2018-02-13,49.59,51.38,49.59,49.89
2018-02-14,50.1,50.82,49.31,50.4
2018-02-22,51.0,52.58,50.81,51.89
2018-02-23,51.7,52.18,51.07,51.5
2018-02-26,52.06,55.99,52.06,55.0
2018-02-27,55.24,56.28,54.66,55.1
2018-02-28,54.9,58.57,54.54,56.92
2018-03-01,56.5,57.66,56.13,57.48
2018-03-02,56.81,57.48,55.13,56.06
2018-03-05,56.06,57.03,55.08,56.1
2018-03-06,56.4,57.92,55.44,55.91
2018-03-07,55.6,56.78,54.89,55.27
2018-03-08,55.66,56.78,55.14,55.91
2018-03-09,56.5,59.33,56.03,59.09
2018-03-12,59.29,60.45,58.5,59.1
2018-03-13,58.75,58.99,57.5,57.91
2018-03-14,58.1,59.25,57.5,58.32
2018-03-15,58.0,58.95,57.15,57.99
2018-03-16,57.89,58.15,56.83,56.9
2018-03-19,56.96,58.33,56.8,56.9
2018-03-20,56.35,57.45,55.9,57.02
2018-03-21,56.94,58.12,56.5,56.54
2018-03-22,56.48,57.28,53.81,53.85
2018-03-23,50.5,52.88,50.4,52.25
2018-03-26,51.3,53.95,51.25,53.85
2018-03-27,54.88,55.61,54.32,54.84
2018-03-28,53.83,54.8,52.7,52.9
2018-03-29,53.15,53.9,51.84,52.9
2018-03-30,54.01,55.8,53.49,54.7
2018-04-02,54.52,55.7,54.5,54.64
2018-04-03,54.57,55.6,53.8,54.5
2018-04-04,54.8,54.88,52.9,53.05
2018-04-09,52.85,53.68,51.82,53.0
2018-04-10,53.49,54.66,52.55,54.48
2018-04-11,54.88,55.79,54.7,55.1
2018-04-12,55.0,55.45,54.72,55.1
2018-04-13,55.49,55.99,54.92,55.03
2018-04-16,54.39,55.95,54.33,55.2
2018-04-17,55.0,55.14,50.21,51.1
2018-04-18,51.6,52.2,50.0,51.22
2018-04-19,52.11,52.96,51.78,52.65
2018-04-20,52.45,53.2,51.78,52.43
2018-04-23,52.2,52.57,48.2,48.84
2018-04-24,47.7,49.23,46.0,49.0
2018-04-25,48.7,48.78,46.79,47.58
2018-04-26,47.31,48.15,46.22,47.28
2018-04-27,47.65,47.84,46.03,46.7
2018-05-02,47.01,47.98,46.7,47.21
2018-05-03,47.5,49.09,46.5,49.0
2018-05-04,49.0,49.34,48.45,48.69
2018-05-07,49.4,50.18,49.2,49.96
2018-05-08,49.97,52.08,49.97,51.62
2018-05-09,51.82,52.6,51.2,52.0
2018-05-10,52.52,52.52,51.53,51.88
2018-05-11,52.35,52.35,51.6,51.82
2018-05-14,52.29,53.51,52.05,52.7
2018-05-15,53.1,53.43,52.27,52.79
2018-05-16,52.89,54.5,52.79,53.79
2018-05-17,54.0,54.26,53.32,54.17
2018-05-18,54.29,54.29,52.22,54.0
2018-05-21,54.15,55.96,54.0,54.62
2018-05-22,54.66,55.4,54.23,55.27
2018-05-23,55.35,56.59,54.98,55.58
2018-05-24,55.97,55.99,53.22,53.5
2018-05-25,53.68,54.86,53.0,53.82
2018-05-28,53.8,55.73,53.36,55.18
2018-05-29,55.37,55.55,54.5,54.66
2018-05-30,52.8,54.08,52.14,52.9
2018-05-31,53.26,55.0,53.26,55.0
2018-06-01,54.6,54.88,53.22,53.85
2018-06-04,54.4,55.84,54.4,55.41
2018-06-05,55.93,58.37,55.5,58.0
2018-06-06,57.68,59.05,57.61,57.8
2018-06-07,58.5,59.79,57.8,58.03
2018-06-08,58.48,59.95,58.04,59.9
2018-06-11,59.92,60.2,57.57,58.45
2018-06-12,58.58,60.07,57.68,58.2
2018-06-13,59.0,60.28,55.32,55.5
2018-06-14,55.75,57.87,55.75,56.75
2018-06-15,57.38,57.49,55.8,55.82
2018-06-19,54.42,55.5,51.85,53.09
2018-06-20,53.02,54.31,51.85,53.6
2018-06-21,53.22,53.86,51.38,51.48
2018-06-22,50.57,52.6,49.68,52.32
2018-06-25,52.65,52.88,51.42,51.56
2018-06-26,50.52,52.71,50.13,52.15
2018-06-27,52.62,52.7,50.01,50.2
2018-06-28,49.8,52.0,49.71,50.65
2018-06-29,51.12,53.19,50.24,53.19
2018-07-02,53.47,53.47,49.9,50.89
2018-07-03,50.7,50.7,47.94,49.47
2018-07-04,49.17,49.17,47.05,47.3
2018-07-05,47.34,47.54,45.7,46.45
2018-07-06,46.47,48.05,45.65,46.62
2018-07-09,47.0,49.58,47.0,49.42
2018-07-10,49.55,50.09,49.12,49.86
2018-07-11,48.5,49.26,47.56,48.72
2018-07-12,48.58,51.38,48.58,50.81
2018-07-13,50.65,52.3,50.65,52.08
2018-07-16,51.98,52.56,51.57,51.77
2018-07-17,51.65,52.1,50.33,51.19
2018-07-18,51.3,51.97,50.0,50.0
2018-07-19,50.38,50.87,49.07,49.19
2018-07-20,49.12,50.85,48.71,50.72
2018-07-23,50.3,52.14,49.71,50.76
2018-07-24,51.58,51.78,50.63,50.88
2018-07-25,51.0,51.14,49.39,49.98
2018-07-26,49.86,49.95,47.41,47.66
2018-07-27,46.5,49.19,46.0,48.49
2018-07-30,47.97,48.45,46.59,46.91
2018-07-31,46.8,48.3,46.7,48.19
2018-08-01,47.99,48.15,45.82,45.84
2018-08-02,45.85,45.9,42.44,43.91
2018-08-03,43.85,43.88,40.86,41.15
2018-08-06,40.75,41.89,39.63,40.71
2018-08-07,41.25,42.4,40.26,42.3
2018-08-08,42.0,42.0,39.4,40.01
2018-08-09,40.0,42.65,39.55,42.09
2018-08-10,42.65,44.55,42.6,43.45
2018-08-13,43.0,44.18,42.61,44.09
2018-08-14,44.1,44.47,43.55,43.85
2018-08-15,44.6,44.6,42.71,43.11
2018-08-16,42.95,43.9,41.81,42.5
2018-08-17,43.4,43.89,42.2,42.5
2018-08-20,43.0,44.2,42.68,43.97
2018-08-21,43.89,45.45,43.5,44.9
2018-08-22,44.91,45.0,43.9,43.95
2018-08-23,44.0,44.54,43.31,43.87
2018-08-24,43.8,43.83,42.88,43.44
2018-08-27,43.27,45.18,43.27,44.85
2018-08-28,44.89,46.13,44.85,45.07
2018-08-29,45.1,45.26,44.38,44.5
2018-08-30,44.88,45.44,44.45,44.71
2018-08-31,44.69,44.69,43.13,43.68
2018-09-03,43.5,43.5,41.94,42.77
2018-09-04,42.6,43.38,42.55,43.2
2018-09-05,42.99,43.15,41.71,41.95
2018-09-06,41.62,42.38,41.23,41.53
2018-09-07,41.77,42.75,41.36,41.5
2018-09-10,41.15,41.15,39.2,39.69
2018-09-11,39.57,40.17,39.25,39.98
2018-09-12,39.98,40.38,39.4,39.52
2018-09-13,40.52,40.98,39.68,40.29
2018-09-14,40.39,40.54,39.46,40.21
2018-09-17,40.01,40.54,39.55,40.21
2018-09-18,39.76,41.01,39.55,40.8
2018-09-19,40.69,41.95,40.45,41.69
2018-09-20,41.58,42.45,41.32,41.69
2018-09-21,41.73,43.15,41.42,42.8
2018-09-25,42.3,42.99,42.21,42.4
2018-09-26,42.65,43.37,42.15,42.8
2018-09-27,42.91,42.91,41.51,41.71
2018-09-28,41.9,42.38,41.5,42.37
2018-10-08,41.64,41.64,39.67,39.7
2018-10-09,39.51,40.14,37.73,38.31
2018-10-10,38.28,38.78,37.34,37.77
2018-10-11,36.12,37.26,35.01,35.67
2018-10-12,35.65,36.83,35.65,36.3
2018-10-15,36.55,37.22,35.65,36.01
2018-10-16,36.0,36.29,34.75,35.39
2018-10-17,35.98,36.35,34.78,36.17
2018-10-18,35.85,36.58,35.29,35.99
2018-10-19,35.5,35.98,32.39,34.5
2018-10-22,34.55,35.57,31.93,35.29
2018-10-23,34.66,34.66,32.52,32.89
2018-10-24,32.39,33.12,31.41,31.62
2018-10-25,30.0,30.48,29.64,30.28
2018-10-26,30.8,31.1,29.83,30.15
2018-10-29,30.2,30.71,29.52,30.05
2018-10-30,29.47,30.87,29.44,30.62
2018-10-31,30.93,31.68,30.58,31.36
2018-11-01,31.83,33.17,31.83,32.0
2018-11-02,33.8,35.2,33.27,35.2
2018-11-05,34.65,34.99,33.33,34.0
2018-11-06,33.79,33.79,32.93,33.32
2018-11-07,33.5,34.17,33.02,33.15
2018-11-08,33.52,33.68,32.5,32.65
2018-11-09,32.4,32.97,32.12,32.63
2018-11-12,32.62,33.8,32.32,33.74
2018-11-13,33.05,33.8,32.73,33.47
2018-11-14,33.31,33.36,32.93,33.06
2018-11-15,32.93,33.45,32.8,33.43
2018-11-16,33.5,35.77,33.5,35.13
2018-11-19,35.0,35.46,34.72,35.34
2018-11-20,34.98,34.98,33.55,33.6
2018-11-21,32.9,34.09,32.8,33.8
2018-11-22,33.8,33.9,33.3,33.38
2018-11-23,33.48,33.48,32.14,32.25
2018-11-26,32.15,32.54,31.85,31.96
2018-11-27,32.49,32.79,31.9,32.14
2018-11-28,32.33,33.16,31.91,33.11
2018-11-29,33.61,33.97,32.7,32.7
2018-11-30,32.6,33.69,32.25,33.62
2018-12-03,35.09,35.79,34.56,35.03
2018-12-04,34.97,35.17,34.3,34.75
2018-12-05,33.81,34.65,33.76,34.19
2018-12-06,33.75,33.75,32.64,32.89
2018-12-07,32.95,33.32,32.83,32.97
2018-12-10,32.5,32.81,32.13,32.59
2018-12-11,32.29,32.44,30.68,31.49
2018-12-12,31.65,31.79,31.44,31.58
2018-12-13,31.68,32.65,31.6,32.49
2018-12-14,32.49,32.49,31.66,31.67
2018-12-17,31.6,31.99,31.1,31.46
2018-12-18,31.25,31.46,30.51,30.57
2018-12-19,30.73,30.85,30.02,30.16
2018-12-20,30.0,30.28,29.45,29.85
2018-12-21,29.66,30.11,29.37,30.09
2018-12-24,29.95,30.6,29.77,30.31
2018-12-25,29.76,30.24,29.41,30.13
2018-12-26,30.15,30.31,29.65,29.85
2018-12-27,30.66,30.73,30.01,30.02
2018-12-28,30.2,30.7,30.05,30.36
2019-01-02,30.54,30.65,29.16,29.31
2019-01-03,29.0,29.0,27.51,27.56
2019-01-04,26.8,28.14,26.72,27.86
2019-01-07,28.16,29.12,28.1,28.87
2019-01-08,28.8,29.13,28.51,28.66
2019-01-09,28.85,29.57,28.63,28.87
2019-01-10,28.87,29.1,28.55,28.76
2019-01-11,28.76,29.12,28.37,28.71
2019-01-14,28.72,28.87,27.21,27.37
2019-01-15,27.18,29.11,27.16,29.1
2019-01-16,29.14,29.15,28.45,28.67
2019-01-17,28.8,29.06,28.67,28.84
2019-01-18,29.02,30.26,28.85,29.89
2019-01-21,30.1,30.82,29.63,30.38
2019-01-22,30.05,30.6,29.68,30.12
2019-01-23,29.86,30.2,29.75,30.0
2019-01-24,30.07,30.38,29.4,30.08
2019-01-25,30.18,31.83,30.11,31.3
2019-01-28,31.8,32.3,30.8,31.56
2019-01-29,31.5,31.5,30.5,30.84
2019-01-30,30.81,31.59,30.8,30.85
2019-01-31,31.17,32.02,31.04,31.57
2019-02-01,31.81,33.78,31.8,33.22
2019-02-11,33.95,34.88,33.35,34.75
2019-02-12,34.35,35.6,34.2,35.16
2019-02-13,35.7,38.68,35.27,37.4
2019-02-14,37.4,37.49,36.63,37.13
2019-02-15,37.18,37.65,36.34,36.44
2019-02-18,36.77,39.08,36.77,38.99
2019-02-19,39.0,39.14,37.71,38.47
2019-02-20,38.0,38.33,37.71,38.15
2019-02-21,38.15,38.88,37.31,37.6
2019-02-22,37.7,39.3,37.03,39.15
2019-02-25,40.02,41.5,39.5,40.33
2019-02-26,40.4,42.9,39.74,40.9
2019-02-27,40.8,42.3,39.72,40.48
2019-02-28,39.7,40.16,38.88,39.77
2019-03-01,40.3,40.47,39.15,40.01
2019-03-04,40.25,42.6,40.23,42.0
2019-03-05,41.61,42.28,40.84,42.26
2019-03-06,45.91,45.98,43.38,44.17
2019-03-07,42.8,43.48,42.08,42.44
2019-03-08,40.6,45.1,39.8,42.55
2019-03-11,42.71,44.7,42.71,44.51
2019-03-12,45.09,45.9,43.03,43.99
2019-03-13,43.31,43.31,41.86,42.05
2019-03-14,41.67,42.42,41.41,41.83
2019-03-15,42.27,42.88,42.0,42.16
2019-03-18,42.16,43.57,41.42,43.38
2019-03-19,43.65,43.8,42.87,43.13
2019-03-20,43.16,43.26,41.86,42.37
2019-03-21,42.42,42.84,42.16,42.39
2019-03-22,42.31,42.38,41.6,41.83
2019-03-25,41.01,41.59,40.41,40.46
2019-03-26,40.67,41.04,39.48,39.64
2019-03-27,39.94,40.66,38.99,40.3
2019-03-28,39.96,41.27,39.7,40.51
2019-03-29,40.58,42.33,40.3,42.2
2019-04-01,41.18,43.19,40.8,42.97
2019-04-02,42.9,46.89,42.38,44.59
2019-04-03,43.96,44.48,43.1,43.85
2019-04-04,43.78,44.57,43.51,43.63
2019-04-08,43.66,43.95,42.18,42.59
2019-04-09,42.4,43.08,42.1,42.65
2019-04-10,42.35,42.35,41.12,41.57
2019-04-11,41.68,42.09,40.9,40.94
2019-04-12,40.86,41.39,40.37,40.6
2019-04-15,41.12,42.25,41.1,41.37
2019-04-16,40.89,42.76,40.89,42.7
2019-04-17,42.9,43.8,42.56,42.81
2019-04-18,42.85,43.25,41.91,42.18
2019-04-19,42.17,43.06,41.72,42.89
2019-04-22,42.94,43.09,40.94,41.19
2019-04-23,41.47,42.11,40.52,40.54
2019-04-24,40.58,41.12,40.15,40.99
2019-04-25,40.84,40.85,39.14,39.17
2019-04-26,38.97,39.49,37.77,37.83
2019-04-29,37.76,38.53,36.46,37.6
2019-04-30,37.9,39.34,37.61,39.1
2019-05-06,37.0,37.77,35.5,36.11
2019-05-07,36.58,38.98,36.58,38.31
2019-05-08,37.4,38.38,37.1,37.19
2019-05-09,36.8,37.63,36.24,36.5
2019-05-10,37.0,38.05,35.93,38.0
2019-05-13,37.3,37.53,35.68,36.2
2019-05-14,35.66,36.39,34.71,34.78
2019-05-15,35.07,35.24,34.51,35.07
2019-05-16,35.07,35.34,34.41,34.99
2019-05-17,34.99,35.12,32.84,33.27
2019-05-20,32.76,32.93,31.52,32.1
2019-05-21,32.49,33.63,32.36,33.33
2019-05-22,33.33,34.33,33.0,33.88
2019-05-23,33.8,33.8,32.08,32.43
2019-05-24,32.6,33.28,32.44,32.58
2019-05-27,32.37,33.77,31.8,33.31
2019-05-28,33.28,33.31,32.63,32.68
2019-05-29,32.55,33.06,32.42,32.83
2019-05-30,32.7,32.7,31.86,32.26
2019-05-31,32.25,33.3,32.19,33.13
2019-06-03,33.17,33.5,32.7,32.99
2019-06-04,32.99,33.28,32.67,33.1
2019-06-05,33.3,34.38,33.29,34.2
2019-06-06,33.97,34.19,33.13,33.16
2019-06-10,33.35,34.75,33.35,34.42
2019-06-11,34.65,35.57,34.17,35.36
2019-06-12,35.2,35.82,34.76,35.42
2019-06-13,35.4,35.77,34.85,34.9
2019-06-14,35.05,35.05,33.73,33.79
2019-06-17,33.86,34.09,33.22,33.35
2019-06-18,33.28,33.77,33.12,33.51
2019-06-19,35.0,35.55,34.51,34.52
2019-06-20,34.7,35.76,34.53,35.41
2019-06-21,35.55,36.16,35.18,35.79
2019-06-24,35.51,35.51,34.85,34.98
2019-06-25,34.98,34.98,33.66,34.2
2019-06-26,33.81,34.45,33.78,34.26
2019-06-27,34.5,35.21,34.4,34.99
2019-06-28,34.86,34.95,34.0,34.38
2019-07-01,35.4,37.55,35.25,37.28
2019-07-02,36.93,37.88,36.81,37.57
2019-07-03,37.5,37.57,36.51,36.7
2019-07-04,36.9,37.33,36.0,36.16
2019-07-05,36.29,36.78,36.0,36.44
2019-07-08,36.16,36.8,35.29,35.4
2019-07-09,35.39,35.76,35.02,35.62
2019-07-10,35.7,35.96,35.4,35.71
2019-07-11,35.9,36.63,35.3,35.58
2019-07-12,35.58,36.1,35.31,36.06
2019-07-15,32.8,33.4,32.45,32.45
2019-07-16,31.85,32.4,31.58,31.78
2019-07-17,31.66,32.08,31.33,31.41
2019-07-18,30.0,30.2,28.27,28.55
2019-07-19,27.8,28.21,27.35,27.57
2019-07-22,27.83,27.95,27.15,27.67
2019-07-23,27.68,27.68,26.52,27.19
2019-07-24,27.0,28.5,26.9,28.02
2019-07-25,27.78,28.39,27.51,27.87
2019-07-26,27.72,28.9,27.52,28.69
2019-07-29,28.2,30.87,28.09,29.74
2019-07-30,29.6,30.56,29.44,29.73
2019-07-31,29.6,30.16,29.02,29.25
2019-08-01,28.25,29.3,27.55,28.6
2019-08-02,25.85,26.89,25.85,26.08
2019-08-05,25.88,25.94,24.62,25.2
2019-08-06,24.42,24.94,23.61,24.93
2019-08-07,24.93,26.66,24.57,26.14
2019-08-08,26.0,26.83,25.91,26.28
2019-08-09,26.42,27.44,26.3,26.87
2019-08-12,26.79,27.37,26.18,27.22
2019-08-13,26.86,28.05,26.6,27.83
2019-08-14,28.53,29.7,28.53,28.78
2019-08-15,28.1,29.65,28.08,29.43
2019-08-16,29.28,31.34,29.19,31.18
2019-08-19,32.21,33.49,31.57,32.46
2019-08-20,32.4,32.46,31.48,31.66
2019-08-21,31.3,32.21,31.02,31.25
2019-08-22,31.39,31.41,30.3,30.65
2019-08-23,30.95,32.31,30.8,31.88
2019-08-26,30.88,31.56,30.08,30.8
2019-08-27,30.83,32.08,30.67,31.12
2019-08-28,31.12,31.59,30.63,30.89
2019-08-29,30.95,31.32,30.29,30.65
2019-08-30,30.94,31.67,30.7,31.0
2019-09-02,30.99,32.6,30.6,32.29
2019-09-03,32.29,34.44,32.11,34.32
2019-09-04,34.02,34.17,32.75,33.33
2019-09-05,33.42,35.66,33.4,34.5
2019-09-06,34.6,35.38,33.82,34.79
2019-09-09,34.91,35.13,33.83,34.65
2019-09-10,34.49,34.5,33.38,33.47
2019-09-11,33.85,34.11,33.17,33.33
2019-09-12,33.56,33.63,33.01,33.49
2019-09-16,34.08,36.04,34.08,35.73
2019-09-17,35.98,36.55,35.32,36.1
2019-09-18,35.9,37.33,35.09,36.3
2019-09-19,36.18,38.49,36.16,37.75
2019-09-20,37.4,39.9,37.0,39.75
2019-09-23,39.1,40.15,38.2,39.55
2019-09-24,39.5,39.5,38.22,38.58
2019-09-25,38.38,38.38,36.28,37.25
2019-09-26,37.25,38.12,36.03,36.8
2019-09-27,37.13,37.88,36.3,37.3
2019-09-30,37.01,37.28,35.53,35.55
2019-10-08,35.78,37.33,35.55,35.6
2019-10-09,35.05,35.2,33.54,35.0
2019-10-10,35.5,36.97,34.73,36.7
2019-10-11,36.9,37.39,36.23,36.65
2019-10-14,37.15,38.36,37.07,38.2
2019-10-15,37.93,38.2,37.19,37.54
2019-10-16,37.2,37.84,36.7,36.9
2019-10-17,37.25,38.08,36.69,37.65
2019-10-18,37.65,38.55,36.82,36.89
2019-10-21,36.78,36.9,35.69,36.36
2019-10-22,36.62,37.27,35.8,37.17
2019-10-23,37.1,38.57,36.72,37.85
2019-10-24,37.5,39.33,37.47,38.6
2019-10-25,38.45,39.69,37.8,39.33
2019-10-28,39.6,41.0,38.97,39.41
2019-10-29,39.45,39.6,38.5,38.55
2019-10-30,38.7,39.39,37.88,39.0
2019-10-31,39.46,39.46,37.7,38.0
2019-11-01,38.26,38.55,37.6,37.89
2019-11-04,37.99,38.64,37.12,38.3
2019-11-05,38.7,38.7,37.8,38.24
2019-11-06,38.45,39.0,37.22,37.43
2019-11-07,37.23,37.8,36.97,37.09
2019-11-08,37.36,37.9,37.2,37.22
2019-11-11,37.14,37.2,36.0,36.11
2019-11-12,36.11,36.87,35.57,36.32
2019-11-13,36.65,36.68,35.8,36.55
2019-11-14,36.5,36.7,35.8,36.43
2019-11-15,36.6,37.48,36.22,36.77
2019-11-18,36.7,36.88,36.0,36.37
2019-11-19,36.2,36.7,35.78,36.65
2019-11-20,36.66,37.08,34.55,35.0
2019-11-21,35.0,35.15,34.01,34.81
2019-11-22,34.8,34.98,33.08,33.16
2019-11-25,33.34,33.85,32.85,33.17
2019-11-26,33.73,34.65,33.34,34.36
2019-11-27,34.13,34.98,34.01,34.69
2019-11-28,34.69,35.65,34.48,35.11
2019-11-29,35.13,35.26,34.5,34.99
2019-12-02,34.97,35.28,34.26,34.79
2019-12-03,34.79,35.38,34.44,35.38
2019-12-04,35.3,36.78,35.05,36.55
2019-12-05,36.8,37.2,36.27,36.92
2019-12-06,36.79,37.38,36.5,37.21
2019-12-09,37.46,37.47,35.67,36.07
2019-12-10,35.9,37.9,35.7,37.74
2019-12-11,37.59,38.28,37.1,37.7
2019-12-12,37.42,38.15,37.18,37.9
2019-12-13,38.4,38.45,37.45,38.18
2019-12-16,38.18,39.22,37.68,39.19
2019-12-17,39.2,40.33,38.95,40.1
2019-12-18,40.0,40.39,39.3,39.9
2019-12-19,39.68,39.7,38.68,39.34
2019-12-20,39.34,39.98,38.88,39.33
2019-12-23,39.21,39.8,38.29,38.32
2019-12-24,38.58,39.65,38.35,39.6
2019-12-25,39.6,40.29,39.44,39.87
2019-12-26,39.59,40.1,38.55,38.93
2019-12-27,39.19,39.55,38.41,38.52
2019-12-30,38.03,39.0,37.3,38.69
2019-12-31,38.75,40.18,38.7,40.0
2020-01-02,40.37,41.88,40.01,41.78
2020-01-03,41.73,42.18,40.9,41.12
2020-01-06,41.1,42.92,40.83,42.13
2020-01-07,42.29,44.55,42.25,44.3
2020-01-08,43.7,44.22,42.58,42.99
2020-01-09,42.02,44.2,42.0,43.0
2020-01-10,43.58,43.66,41.6,42.69
2020-01-13,43.0,43.6,41.8,43.25
2020-01-14,43.48,44.4,43.36,44.02
2020-01-15,43.98,44.11,42.24,43.3
2020-01-16,43.33,44.12,42.85,42.9
2020-01-17,43.16,43.88,42.32,42.89
2020-01-20,42.89,44.73,42.89,44.73
2020-01-21,44.5,44.87,43.59,43.91
2020-01-22,43.6,45.92,42.5,45.45
2020-01-23,44.58,45.48,42.94,43.46
2020-02-03,39.11,39.65,39.11,39.11
2020-02-04,37.3,40.36,37.3,40.07
2020-02-05,40.25,41.4,39.73,40.2
2020-02-06,39.97,40.28,38.8,40.1
2020-02-07,40.14,40.17,37.52,38.77
2020-02-10,38.54,38.7,37.6,38.62
2020-02-11,38.46,40.31,38.46,39.8
2020-02-12,39.3,40.32,38.95,40.03
2020-02-13,40.2,41.08,39.75,40.28
2020-02-14,40.37,41.5,39.9,40.82
2020-02-17,40.6,41.75,40.6,41.6
2020-02-18,41.67,41.68,40.39,40.92
2020-02-19,40.79,40.98,39.84,40.03
2020-02-20,40.03,40.78,39.68,40.75
2020-02-21,40.65,42.85,40.56,42.61
2020-02-24,42.58,44.87,41.75,44.11
2020-02-25,42.98,43.98,40.5,43.5
2020-02-26,42.21,42.65,40.75,40.75
2020-02-27,41.38,41.45,40.02,40.34
2020-02-28,38.96,39.12,37.8,38.09
2020-03-02,38.14,39.13,37.5,38.81
2020-03-03,39.3,40.2,37.9,38.27
2020-03-04,37.94,38.55,37.41,38.0
2020-03-05,38.76,39.17,37.55,39.0
2020-03-06,38.4,38.7,37.81,38.1
2020-03-09,37.35,37.35,35.4,35.62
2020-03-10,34.71,37.0,34.71,36.7
2020-03-11,36.65,36.91,35.5,35.66
2020-03-12,35.31,35.31,33.5,34.2
2020-03-13,32.33,33.8,30.95,33.28
2020-03-16,33.75,33.75,30.33,30.49
2020-03-17,30.8,31.18,28.73,30.18
2020-03-18,30.51,31.3,29.54,29.58
2020-03-19,29.5,29.9,28.52,29.68
2020-03-20,29.95,30.12,28.91,29.4
2020-03-23,28.33,28.65,27.15,27.44
2020-03-24,27.97,28.14,26.95,27.82
2020-03-25,28.5,29.67,28.38,29.35
2020-03-26,29.15,29.2,28.47,28.51
2020-03-27,29.1,29.21,28.51,28.62
2020-03-30,28.1,28.1,27.03,27.79
2020-03-31,28.2,28.78,28.0,28.19
2020-04-01,28.19,29.58,27.98,28.75
2020-04-02,28.51,29.9,28.51,29.77
2020-04-03,29.77,29.77,29.01,29.16
2020-04-07,29.9,31.22,29.6,31.05
2020-04-08,30.69,31.37,30.62,31.01
2020-04-09,31.28,31.4,29.9,30.26
2020-04-10,30.35,30.4,28.8,29.03
2020-04-13,28.84,28.84,28.19,28.55
2020-04-14,28.72,29.56,28.71,29.56
2020-04-15,29.64,29.98,29.28,29.48
2020-04-16,29.25,29.79,29.04,29.69
2020-04-17,30.0,30.55,29.85,30.04
2020-04-20,30.15,30.37,29.75,30.02
2020-04-21,29.83,29.84,28.83,29.29
2020-04-22,28.91,29.63,28.72,29.5
2020-04-23,29.7,29.8,28.97,29.01
2020-04-24,28.92,29.13,28.4,28.55
2020-04-27,28.69,28.89,28.12,28.74
2020-04-28,28.76,28.8,27.43,28.45
2020-04-29,28.39,29.03,28.19,28.93
2020-04-30,29.0,30.97,29.0,30.3
2020-05-06,30.29,32.28,30.1,32.14
2020-05-07,32.51,33.07,32.13,32.57
2020-05-08,33.0,33.66,32.66,33.5
2020-05-11,33.61,33.84,33.03,33.38
2020-05-12,33.8,33.88,32.19,32.73
2020-05-13,32.7,33.07,32.29,32.64
2020-05-14,32.51,32.61,32.11,32.2
2020-05-15,32.43,32.45,31.65,31.69
2020-05-18,31.49,31.55,30.6,30.87
2020-05-19,31.24,31.95,31.02,31.95
2020-05-20,31.9,31.9,31.0,31.11
2020-05-21,31.21,31.47,30.22,30.37
2020-05-22,30.2,30.36,29.18,29.67
2020-05-25,29.5,29.55,28.98,29.14
2020-05-26,29.41,30.42,29.41,30.36
2020-05-27,30.35,30.35,29.7,29.94
2020-05-28,30.15,30.41,29.32,29.88
2020-05-29,29.88,30.88,29.78,30.42
2020-06-01,30.68,32.16,30.66,32.16
2020-06-02,32.77,32.77,31.65,32.28
2020-06-03,32.4,33.43,31.78,32.61
2020-06-04,32.63,32.7,31.82,31.9
2020-06-05,31.9,32.1,31.21,31.63
2020-06-08,32.2,32.72,32.02,32.22
2020-06-09,32.31,32.44,31.79,32.11
2020-06-10,32.08,32.68,31.69,32.54
2020-06-11,32.3,32.78,31.75,31.88
2020-06-12,31.0,31.69,30.88,31.65
2020-06-15,31.68,34.82,31.52,33.96
2020-06-16,34.41,34.67,33.4,33.98
2020-06-17,34.0,34.08,32.89,33.33
2020-06-18,33.21,34.25,33.01,34.19
2020-06-19,34.5,34.54,33.87,34.17
2020-06-22,34.2,34.35,33.33,33.47
2020-06-23,33.34,33.41,32.46,32.73
2020-06-24,32.73,35.37,32.69,34.63
2020-06-29,34.63,35.48,33.93,35.04
2020-06-30,35.3,36.59,35.3,35.95
2020-07-01,35.91,37.09,35.41,36.7
2020-07-02,36.89,37.31,36.21,36.75
2020-07-03,36.76,36.85,35.5,36.32
2020-07-06,36.45,38.09,36.43,37.98
2020-07-07,38.03,39.79,37.81,37.98
2020-07-08,38.02,39.3,38.01,39.08
2020-07-09,39.1,40.97,39.09,40.88
2020-07-10,40.88,41.57,39.95,40.58
2020-07-13,40.8,41.88,40.26,41.42
2020-07-14,41.04,41.15,38.99,39.62
2020-07-15,41.28,41.59,39.4,39.48
2020-07-16,40.0,41.48,38.48,38.97
2020-07-17,39.51,41.17,39.18,40.8
2020-07-20,41.14,41.2,36.81,39.49
2020-07-21,38.8,39.68,38.5,39.14
2020-07-22,39.19,43.01,38.92,42.71
2020-07-23,42.06,42.6,40.78,41.86
2020-07-24,41.22,42.26,37.77,38.02
2020-07-27,38.15,38.4,36.75,37.37
2020-07-28,38.0,38.75,37.59,38.58
2020-07-29,38.4,39.41,38.02,39.33
2020-07-30,39.3,39.39,38.42,38.48
2020-07-31,39.23,40.69,39.15,39.96
2020-08-03,41.0,41.52,40.42,41.19
2020-08-04,41.1,44.15,40.73,43.24
2020-08-05,43.58,43.6,41.38,42.69
2020-08-06,42.4,42.5,41.42,42.25
2020-08-07,42.26,42.62,39.9,40.87
2020-08-10,40.16,41.04,39.06,40.4
2020-08-11,40.0,40.68,39.0,39.07
2020-08-12,39.01,40.18,38.7,39.55
2020-08-13,40.29,40.42,39.18,39.42
2020-08-14,39.42,39.79,38.63,39.78
2020-08-17,39.99,40.24,39.35,40.19
2020-08-18,40.3,40.3,39.39,39.65
2020-08-19,39.63,39.63,37.72,37.96
2020-08-20,37.53,37.7,37.0,37.23
2020-08-21,37.5,38.07,37.1,37.41
2020-08-24,37.9,38.99,37.68,38.53
2020-08-25,39.4,39.4,38.0,38.2
2020-08-26,38.8,38.95,36.88,37.17
2020-08-27,37.23,37.47,36.32,37.1
2020-08-28,37.0,37.59,36.43,37.45
2020-08-31,37.8,38.49,37.1,37.16
2020-09-01,37.11,37.38,36.57,36.97
2020-09-02,36.97,37.29,36.57,37.05
2020-09-03,37.1,37.1,35.57,35.57
2020-09-04,34.97,36.08,34.74,36.02
2020-09-07,35.81,36.32,35.33,35.44
2020-09-08,35.6,35.76,34.65,35.13
2020-09-09,34.55,34.97,33.74,34.05
2020-09-10,34.44,34.66,33.52,33.7
2020-09-11,33.7,34.4,33.27,34.34
2020-09-14,34.48,35.25,34.25,34.99
2020-09-15,34.81,34.93,34.39,34.72
2020-09-16,34.72,35.22,34.6,34.87
2020-09-17,34.66,35.42,34.39,35.31
2020-09-18,35.32,35.62,34.95,35.58
2020-09-21,35.37,35.57,34.4,34.44
2020-09-22,34.09,34.19,33.33,33.39
2020-09-23,33.58,33.91,33.38,33.67
2020-09-24,33.3,33.45,32.47,32.64
2020-09-25,32.81,33.08,32.64,32.99
2020-09-28,33.22,33.34,32.85,33.0
2020-09-29,33.2,33.58,33.1,33.14
2020-09-30,33.2,33.4,32.76,32.9
2020-10-09,33.52,34.68,33.52,34.41
2020-10-12,34.9,35.34,34.67,35.21
2020-10-13,35.1,35.46,34.7,35.45
2020-10-14,35.26,35.38,34.56,34.72
2020-10-15,35.4,36.19,34.9,35.61
2020-10-16,35.4,35.58,34.66,34.83
2020-10-19,35.0,35.09,34.4,34.47
2020-10-20,34.3,35.08,34.2,35.08
2020-10-21,35.09,35.1,34.24,34.57
2020-10-22,34.65,35.88,34.19,35.59
2020-10-23,35.59,35.83,34.95,35.2
2020-10-26,35.2,37.75,34.98,37.58
2020-10-27,37.28,38.62,37.17,38.49
2020-10-28,38.26,41.07,38.11,40.37
2020-10-29,39.8,41.5,39.65,41.16
2020-10-30,40.94,41.38,40.02,40.2
2020-11-02,40.4,41.5,40.15,41.46
2020-11-03,41.13,41.3,39.88,40.98
2020-11-04,40.6,42.25,40.51,41.88
2020-11-05,42.25,42.44,41.38,41.86
2020-11-06,42.1,43.38,41.89,42.99
2020-11-09,43.1,45.1,42.56,45.09
2020-11-10,44.3,44.5,41.93,42.63
2020-11-11,42.38,42.38,40.65,40.82
2020-11-12,41.47,42.87,41.26,41.85
2020-11-13,41.79,44.37,41.79,43.13
2020-11-16,43.28,43.88,42.68,43.54
2020-11-17,43.4,43.4,42.32,43.23
2020-11-18,42.93,42.93,41.58,41.82
2020-11-19,41.58,42.48,41.38,41.8
2020-11-20,41.8,42.4,41.4,41.9
2020-11-23,41.5,41.5,40.3,40.75
2020-11-24,40.88,41.47,40.18,40.46
2020-11-25,40.56,41.0,39.59,39.65
2020-11-26,39.61,40.5,39.41,39.99
2020-11-27,40.04,40.57,39.25,39.73
2020-11-30,39.9,40.78,39.19,39.54
2020-12-01,39.3,40.42,39.25,40.27
2020-12-02,40.32,40.85,39.53,40.12
2020-12-03,39.9,40.11,39.3,39.7
2020-12-04,39.7,40.19,38.96,39.48
2020-12-07,39.8,40.62,39.48,40.03
2020-12-08,39.9,40.55,39.49,40.38
2020-12-09,40.31,40.35,36.8,37.59
2020-12-10,37.41,38.52,37.01,38.01
2020-12-11,38.1,38.2,36.44,36.99
2020-12-14,37.08,37.42,36.4,37.31
2020-12-15,37.19,38.45,37.04,38.3
2020-12-16,38.3,38.35,37.54,38.03
2020-12-17,37.8,39.95,37.75,39.8
2020-12-18,40.2,40.29,39.33,39.91
2020-12-21,39.99,41.12,39.5,40.89
2020-12-22,40.5,40.82,39.4,39.62
2020-12-23,39.7,41.3,39.67,41.1
2020-12-24,40.9,41.88,39.05,39.72
2020-12-25,39.3,39.55,38.41,39.17
2020-12-28,38.94,39.35,37.89,38.29
2020-12-29,38.46,39.4,38.4,38.78
2020-12-30,38.0,42.66,37.75,42.66
2020-12-31,42.82,43.15,42.12,42.75
2021-01-04,42.7,44.36,42.46,43.88
2021-01-05,43.15,45.84,43.05,44.35
2021-01-06,44.41,45.54,44.01,44.6
2021-01-07,44.65,47.88,44.63,47.0
2021-01-08,47.6,48.45,46.4,47.4
2021-01-11,47.39,48.88,46.44,47.0
2021-01-12,46.9,48.37,46.68,48.37
2021-01-13,48.05,49.86,46.87,47.21
2021-01-14,46.95,48.38,46.5,46.61
2021-01-15,46.46,47.98,45.7,47.11
2021-01-18,47.17,48.6,46.01,48.01
2021-01-19,48.2,50.43,46.13,46.49
2021-01-20,46.35,50.75,45.7,49.24
2021-01-21,49.27,50.58,48.78,50.05
2021-01-22,50.08,51.86,49.5,51.6
2021-01-25,49.98,53.15,47.87,50.5
2021-01-26,50.5,50.88,46.45,47.97
2021-01-27,47.96,48.78,45.9,46.95
2021-01-28,45.8,46.46,44.27,44.3
2021-01-29,44.91,45.14,41.8,42.86
2021-02-01,43.08,44.71,43.08,44.39
2021-02-02,44.39,46.0,44.26,45.45
2021-02-03,45.45,46.08,44.28,44.47
2021-02-04,44.0,45.38,43.16,44.74
2021-02-05,45.01,45.18,41.2,42.18
2021-02-08,41.8,43.97,41.61,43.5
2021-02-09,43.7,47.85,43.43,47.85
2021-02-10,48.9,52.1,48.51,51.62
2021-02-18,53.0,53.2,50.3,50.8
2021-02-19,51.0,51.34,49.0,49.95
2021-02-22,51.0,51.2,48.23,48.29
2021-02-23,47.86,50.19,47.84,48.48
2021-02-24,48.31,49.01,44.9,45.94
2021-02-25,46.51,46.6,44.45,44.74
2021-02-26,43.6,44.13,42.71,43.11
2021-03-01,43.62,44.69,43.5,44.61
2021-03-02,44.71,44.82,43.0,43.86
2021-03-03,43.32,44.67,43.01,44.62
2021-03-04,44.0,44.07,41.69,42.53
2021-03-05,41.78,43.61,41.31,43.29
2021-03-08,43.47,43.87,41.59,41.6
2021-03-09,41.55,43.19,40.21,41.74
2021-03-10,42.61,43.08,41.87,42.73
2021-03-11,42.5,43.48,42.36,43.28
2021-03-12,43.1,43.3,40.67,41.33
2021-03-15,40.81,40.82,38.62,39.03
2021-03-16,39.08,39.6,38.2,39.5
2021-03-17,39.11,39.99,38.45,39.65
2021-03-18,39.98,40.39,39.79,40.32
2021-03-19,39.74,39.75,38.95,39.35
2021-03-22,39.47,40.1,39.2,39.86
2021-03-23,39.96,40.56,39.49,40.15
2021-03-24,39.7,40.37,39.27,39.45
2021-03-25,39.4,40.31,38.99,40.23
2021-03-26,39.99,41.91,39.8,41.33
2021-03-29,41.59,41.94,41.12,41.54
2021-03-30,41.63,42.53,41.46,41.74
2021-03-31,41.44,42.67,41.3,42.36
2021-04-01,42.35,42.71,41.81,42.31
2021-04-02,42.38,42.48,41.83,42.12
2021-04-06,42.36,42.39,41.38,41.49
2021-04-07,41.49,42.39,41.14,42.36
2021-04-08,42.23,42.33,41.2,41.38
2021-04-09,41.56,41.89,40.8,41.0
2021-04-12,40.98,41.0,39.2,39.62
2021-04-13,40.18,41.36,39.84,39.97
2021-04-14,40.18,40.58,39.69,40.44
2021-04-15,40.48,41.85,40.31,41.49
2021-04-16,41.6,42.17,40.89,41.53
2021-04-19,41.73,43.27,41.33,43.2
2021-04-20,43.63,43.63,42.72,42.88
2021-04-21,42.5,43.28,42.43,42.6
2021-04-22,42.96,42.96,41.77,42.2
2021-04-23,42.0,43.19,41.88,42.6
2021-04-26,42.95,43.13,41.49,41.71
2021-04-27,41.5,41.59,39.9,40.1
2021-04-28,40.1,40.68,39.91,40.68
2021-04-29,40.5,41.28,40.33,40.7
2021-04-30,40.51,40.69,39.2,40.17
2021-05-06,39.61,39.75,37.0,37.21
2021-05-07,37.01,37.49,35.98,36.02
2021-05-10,35.9,35.9,34.14,34.72
2021-05-11,34.71,34.95,33.89,34.95
2021-05-12,34.84,35.05,34.17,34.78
2021-05-13,34.33,34.89,33.8,34.32
2021-05-14,34.48,35.54,34.42,35.53
2021-05-17,35.6,36.28,35.31,35.75
2021-05-18,35.65,35.67,35.08,35.42
2021-05-19,35.2,36.3,35.01,36.3
2021-05-20,36.2,36.2,35.55,35.85
2021-05-21,35.84,36.1,35.19,35.26
2021-05-24,35.48,36.3,34.97,35.62
2021-05-25,35.7,36.65,35.67,36.44
2021-05-26,36.29,36.55,35.87,35.87
2021-05-27,35.87,37.24,35.79,36.99
2021-05-28,36.88,37.53,36.6,37.3
2021-05-31,37.65,37.8,36.96,37.5
2021-06-01,37.49,37.49,36.6,37.25
2021-06-02,37.25,38.19,37.1,37.35
2021-06-03,38.21,39.75,38.0,38.12
2021-06-04,37.67,38.93,37.56,38.61
2021-06-07,38.98,39.47,38.45,39.07
2021-06-08,38.85,38.85,38.18,38.33
2021-06-09,38.11,38.65,37.88,38.01
2021-06-10,38.02,38.66,37.84,38.41
2021-06-11,38.22,38.25,37.29,37.74
2021-06-15,38.0,38.05,36.87,37.12
2021-06-16,37.0,37.01,35.55,35.88
2021-06-17,35.65,37.48,35.5,37.35
2021-06-18,37.35,38.88,37.25,38.6
2021-06-21,38.58,38.66,37.84,38.42
2021-06-22,38.48,38.63,37.7,38.01
2021-06-23,37.91,38.74,37.81,38.71
2021-06-24,38.54,38.54,37.9,38.33
2021-06-25,38.35,39.76,37.97,38.74
2021-06-28,38.83,39.48,38.55,39.15
2021-06-29,39.29,39.88,38.77,39.88
2021-06-30,39.71,40.4,39.42,40.39
2021-07-01,41.0,41.0,38.61,38.77
2021-07-02,38.5,39.36,37.7,38.92
2021-07-05,38.9,39.1,38.13,38.56
2021-07-06,38.6,39.03,38.11,38.7
2021-07-07,38.48,38.63,37.0,37.6
2021-07-08,37.6,39.4,37.02,39.4
2021-07-09,39.02,39.15,37.9,39.02
2021-07-12,39.35,39.77,38.6,38.96
2021-07-13,39.1,39.59,38.61,39.42
2021-07-14,39.1,39.15,38.5,38.62
2021-07-15,38.61,38.77,37.87,38.31
2021-07-16,38.35,38.56,37.92,38.0
2021-07-19,37.65,37.79,37.1,37.42
2021-07-20,37.1,37.82,37.05,37.69
2021-07-21,37.69,38.32,37.69,38.02
2021-07-22,38.05,38.08,37.48,37.69
2021-07-23,37.3,37.47,36.24,36.33
2021-07-26,36.2,36.33,34.88,35.36
2021-07-27,35.59,37.33,35.43,36.2
2021-07-28,35.75,36.07,34.74,35.14
2021-07-29,35.61,37.13,35.3,37.04
2021-07-30,36.88,37.05,36.3,36.83
2021-08-02,36.8,37.85,36.39,37.72
2021-08-03,37.35,38.19,37.03,37.14
2021-08-04,36.99,37.6,36.52,37.59
2021-08-05,37.4,37.4,35.76,35.82
2021-08-06,35.89,36.25,35.25,36.22
2021-08-09,35.95,36.47,35.8,36.28
2021-08-10,36.25,37.04,36.19,36.63
2021-08-11,36.5,36.82,36.21,36.31
2021-08-12,36.13,38.55,36.03,38.27
2021-08-13,38.58,42.1,38.5,42.1
2021-08-16,42.49,43.25,41.48,41.58
2021-08-17,41.48,42.05,39.24,39.61
2021-08-18,39.62,40.1,38.88,39.51
2021-08-19,39.49,40.39,39.11,39.93
2021-08-20,40.2,41.78,39.38,41.18
2021-08-23,41.8,45.11,40.98,43.75
2021-08-24,44.43,45.77,43.26,43.82
2021-08-25,43.53,44.61,43.1,44.1
2021-08-26,43.51,45.49,43.33,43.96
2021-08-27,43.95,46.4,43.58,44.16
2021-08-30,44.52,47.2,44.01,46.53
2021-08-31,45.92,46.3,43.8,44.86
2021-09-01,44.69,44.72,41.4,42.99
2021-09-02,42.7,44.17,42.51,43.41
2021-09-03,43.89,44.69,42.78,43.49
2021-09-06,43.49,43.88,42.12,43.46
2021-09-07,43.3,44.81,42.68,44.75
2021-09-08,44.37,44.7,43.1,43.49
2021-09-09,43.0,43.47,41.06,41.59
2021-09-10,41.5,42.1,41.17,41.68
2021-09-13,41.59,42.26,40.39,42.2
2021-09-14,41.87,42.37,41.45,41.56
2021-09-15,41.5,42.37,40.47,41.82
2021-09-16,41.9,42.56,40.5,40.51
2021-09-17,40.26,40.7,39.0,39.88
2021-09-22,39.25,40.1,39.2,39.87
2021-09-23,40.29,40.87,40.1,40.17
2021-09-24,40.21,41.93,39.86,41.13
2021-09-27,41.08,41.58,39.85,40.1
2021-09-28,39.9,40.73,39.4,40.12
2021-09-29,39.68,39.76,37.38,37.55
2021-09-30,37.7,38.09,37.53,37.83
2021-10-08,38.01,38.46,37.84,37.96
2021-10-11,38.0,38.87,37.7,38.2
2021-10-12,38.01,38.02,36.6,36.94
2021-10-13,37.01,37.34,36.4,37.3
2021-10-14,37.07,38.75,37.07,38.54
2021-10-15,38.57,39.55,38.0,39.13
2021-10-18,39.0,39.49,38.37,39.36
2021-10-19,39.19,40.21,38.75,39.93
2021-10-20,39.9,40.25,39.6,39.76
2021-10-21,39.65,39.9,39.11,39.57
2021-10-22,39.58,40.79,39.5,39.84
2021-10-25,39.7,40.4,39.25,40.05
2021-10-26,41.28,44.0,41.1,43.14
2021-10-27,43.14,43.8,42.09,43.01
2021-10-28,42.88,43.72,42.6,42.8
2021-10-29,42.69,43.7,42.15,42.86
2021-11-01,43.07,43.92,42.7,43.92
2021-11-02,43.41,43.63,41.92,42.8
2021-11-03,42.95,43.35,42.24,43.08
2021-11-04,43.23,44.37,43.06,43.69
2021-11-05,43.48,44.08,43.1,43.29
2021-11-08,42.95,44.27,42.38,43.82
2021-11-09,43.88,44.83,43.34,43.84
2021-11-10,43.38,44.13,42.9,43.96
2021-11-11,43.95,44.1,42.96,43.87
2021-11-12,43.61,45.1,43.42,44.82
2021-11-15,44.64,45.08,42.8,42.8
2021-11-16,42.76,43.13,41.61,41.63
2021-11-17,41.79,42.68,41.79,42.33
2021-11-18,42.03,42.58,41.82,41.97
2021-11-19,42.0,45.23,41.92,44.26
2021-11-22,44.42,45.35,44.01,45.1
2021-11-23,45.1,46.89,45.0,45.57
2021-11-24,45.67,46.23,45.3,45.56
2021-11-25,45.56,45.71,44.69,44.9
2021-11-26,44.93,45.37,44.15,44.19
2021-11-29,43.68,44.39,43.5,44.0
2021-11-30,44.46,45.95,44.07,45.15
2021-12-01,44.9,45.15,44.09,44.38
2021-12-02,44.5,47.55,44.38,46.86
2021-12-03,46.85,48.49,46.19,47.52
2021-12-06,47.26,48.15,46.59,46.87
2021-12-07,47.5,47.5,45.58,46.19
2021-12-08,46.43,49.06,46.4,48.94
2021-12-09,48.7,50.29,48.56,49.5
2021-12-10,49.11,51.25,49.0,49.75
2021-12-13,49.62,50.4,49.18,49.34
2021-12-14,49.25,51.47,49.25,51.42
2021-12-15,50.95,51.66,50.21,51.54
2021-12-16,51.6,52.58,50.76,52.32
2021-12-17,52.0,53.37,51.26,51.43
2021-12-20,50.71,51.24,49.9,50.23
2021-12-21,51.39,51.43,49.38,50.66
2021-12-22,50.45,53.3,50.05,52.77
2021-12-23,53.0,54.2,52.3,54.01
2021-12-24,53.97,55.11,53.0,53.42
2021-12-27,53.27,54.89,52.89,53.42
2021-12-28,53.11,53.95,52.4,53.3
2021-12-29,53.42,53.84,52.7,52.92
2021-12-30,53.1,54.76,53.0,54.05
2021-12-31,53.86,54.55,52.67,54.0
2022-01-04,54.28,54.48,51.6,51.88
2022-01-05,51.21,51.48,48.93,49.59
2022-01-06,49.59,50.17,48.33,49.31
2022-01-07,49.54,50.09,48.46,48.81
2022-01-10,48.98,49.18,47.61,48.26
2022-01-11,48.2,48.32,46.99,47.3
2022-01-12,48.0,48.1,47.14,47.63
2022-01-13,47.64,47.65,45.51,45.68
2022-01-14,47.96,49.16,47.5,47.87
2022-01-17,47.8,49.8,47.38,48.7
2022-01-18,48.62,49.43,47.97,48.7
2022-01-19,48.5,48.5,46.77,47.37
2022-01-20,47.37,48.6,46.66,48.33
2022-01-21,48.05,49.0,47.19,47.55
2022-01-24,47.2,49.3,47.05,48.7
2022-01-25,48.3,49.09,47.6,47.7
2022-01-26,48.01,48.77,47.27,48.42
2022-01-27,48.0,48.3,46.46,46.48
2022-01-28,46.75,48.71,46.37,47.14
2022-02-07,48.3,49.13,47.8,47.99
2022-02-08,48.11,48.2,45.35,46.76
2022-02-09,46.74,46.97,45.06,46.58
2022-02-10,46.61,46.72,44.0,45.0
2022-02-11,44.44,45.92,44.25,44.68
2022-02-14,44.51,44.6,43.7,44.1
2022-02-15,44.02,46.45,44.02,46.31
2022-02-16,46.82,47.06,45.91,46.68
2022-02-17,46.99,47.61,46.4,47.12
2022-02-18,46.78,47.32,46.5,46.86
2022-02-21,46.7,47.01,46.11,46.34
2022-02-22,46.0,46.42,45.56,46.2
2022-02-23,47.5,48.88,47.1,48.85
2022-02-24,48.5,48.7,46.58,47.14
2022-02-25,48.0,49.23,47.84,48.45
2022-02-28,48.64,49.48,47.38,48.68
2022-03-01,49.5,50.19,48.8,49.32
2022-03-02,48.71,50.17,48.48,49.76
2022-03-03,49.68,49.98,48.45,48.7
2022-03-04,48.21,48.6,47.2,47.61
2022-03-07,47.14,47.7,43.92,44.33
2022-03-08,44.45,44.45,42.32,42.62
2022-03-09,42.8,43.76,41.27,43.1
2022-03-10,43.8,44.66,43.51,44.48
2022-03-11,43.59,43.66,42.11,43.2
2022-03-14,42.32,42.65,41.54,41.6
2022-03-15,41.16,41.73,39.5,39.5
2022-03-16,40.3,41.1,38.61,40.93
2022-03-17,41.92,42.2,41.27,41.54
2022-03-18,41.39,41.49,37.96,39.36
2022-03-21,39.36,40.88,39.12,40.52
2022-03-22,40.53,40.84,40.11,40.26
2022-03-23,40.64,41.45,40.3,40.67
2022-03-24,40.4,40.49,39.61,40.0
2022-03-25,40.17,40.29,39.06,39.1
2022-03-28,39.11,39.12,38.18,38.64
2022-03-29,38.97,39.07,37.6,37.66
2022-03-30,37.95,38.69,37.9,38.67
2022-03-31,38.88,38.94,38.05,38.36
2022-04-01,38.09,39.1,38.0,38.65
2022-04-06,38.51,38.6,37.31,37.5
2022-04-07,37.0,37.58,36.37,36.4
2022-04-08,36.8,36.85,35.7,35.88
2022-04-11,35.89,36.0,33.71,33.8
2022-04-12,34.19,34.81,33.46,34.79
2022-04-13,34.48,34.87,33.99,34.16
2022-04-14,34.42,34.97,34.01,34.49
2022-04-15,34.2,34.24,33.35,33.9
2022-04-18,33.61,34.6,32.73,34.36
2022-04-19,34.45,34.75,33.68,33.92
2022-04-20,34.1,34.14,32.73,32.96
2022-04-21,30.91,31.4,29.66,29.71
2022-04-22,29.34,29.6,28.52,28.9
2022-04-25,28.7,28.77,26.77,26.79
2022-04-26,26.95,27.3,26.0,26.03
2022-04-27,25.8,27.63,25.7,27.61
2022-04-28,27.4,27.68,26.82,27.2
2022-04-29,27.2,27.98,26.89,27.8
2022-05-05,27.89,28.28,27.38,28.08
2022-05-06,27.2,27.44,26.94,27.23
2022-05-09,27.2,27.44,26.85,27.1
2022-05-10,26.62,28.08,26.5,27.93
2022-05-11,28.14,29.45,27.93,28.57
2022-05-12,28.26,28.75,28.13,28.5
2022-05-13,28.78,28.87,28.13,28.5
2022-05-16,28.9,29.09,28.19,28.31
2022-05-17,28.32,29.03,28.23,28.95
2022-05-18,29.19,29.46,28.95,29.07
2022-05-19,28.5,29.61,28.4,29.58
2022-05-20,29.61,29.97,29.16,29.96
2022-05-23,29.87,29.87,29.35,29.67
2022-05-24,29.59,29.86,28.22,28.26
2022-05-25,28.15,28.76,28.08,28.74
2022-05-26,28.78,29.15,28.05,28.92
2022-05-27,29.19,29.67,28.49,28.72
2022-05-30,28.89,29.14,28.54,29.0
2022-05-31,29.11,29.85,28.44,29.81
2022-06-01,29.79,29.94,29.37,29.6
2022-06-02,29.56,30.72,29.26,30.51
2022-06-06,30.58,31.49,30.56,31.35
2022-06-07,31.5,31.69,31.01,31.42
2022-06-08,31.6,32.09,30.77,31.29
2022-06-09,31.22,31.25,29.93,30.2
2022-06-10,29.88,31.0,29.86,31.0
2022-06-13,30.8,31.45,30.58,31.15
2022-06-14,30.7,31.04,29.82,30.99
2022-06-15,31.02,31.96,31.01,31.4
2022-06-16,31.5,31.91,30.78,30.99
2022-06-17,30.59,31.32,30.25,30.95
2022-06-20,31.08,31.91,30.93,31.55
2022-06-21,31.84,33.1,31.6,32.15
2022-06-22,32.0,32.0,30.7,30.78
2022-06-23,30.6,31.55,30.28,31.54
2022-06-24,31.81,32.49,31.61,32.32
2022-06-27,32.68,32.79,31.85,32.03
2022-06-28,31.98,33.86,31.67,33.7
2022-06-29,33.53,34.38,32.43,32.48
2022-06-30,32.57,33.48,32.47,33.13
2022-07-01,33.42,33.68,32.4,32.71
2022-07-04,32.38,32.38,31.71,32.07
2022-07-05,32.04,32.24,31.05,31.61
2022-07-06,31.6,32.06,30.91,31.18
2022-07-07,31.3,31.74,31.0,31.53
2022-07-08,31.56,32.0,31.39,31.54
2022-07-11,31.55,31.58,30.57,30.71
2022-07-12,30.47,30.64,29.88,29.89
2022-07-13,29.7,30.06,29.32,29.82
2022-07-14,29.52,30.88,29.45,30.66
2022-07-15,30.32,30.54,29.69,29.74
2022-07-18,29.98,30.35,29.7,30.3
2022-07-19,30.18,30.48,29.88,30.3
2022-07-20,30.4,30.7,30.29,30.5
2022-07-21,30.4,30.75,30.22,30.33
2022-07-22,30.34,30.63,29.51,29.81
2022-07-25,29.56,29.85,28.65,28.87
2022-07-26,28.89,29.04,28.08,28.35
2022-07-27,28.35,29.23,28.26,28.96
2022-07-28,29.5,31.86,29.32,31.86
2022-07-29,33.2,33.22,31.65,31.72
2022-08-01,32.06,33.87,31.86,33.8
2022-08-02,33.24,36.75,32.09,35.5
2022-08-03,35.15,37.25,34.67,35.51
2022-08-04,35.05,35.09,33.58,33.9
2022-08-05,34.01,34.39,33.01,33.8
2022-08-08,33.6,34.66,33.32,34.43
2022-08-09,34.1,34.44,33.56,34.4
2022-08-10,34.16,35.37,33.86,34.78
2022-08-11,34.9,36.4,34.85,36.2
2022-08-12,36.88,36.99,35.4,35.45
2022-08-15,35.11,35.29,34.44,34.49
2022-08-16,34.28,35.12,34.2,34.44
2022-08-17,34.21,37.75,34.01,36.93
2022-08-18,36.69,37.16,35.89,36.82
2022-08-19,34.97,35.59,33.4,33.5
2022-08-22,32.97,33.3,32.62,33.06
2022-08-23,32.88,34.32,32.71,33.77
2022-08-24,33.6,33.66,31.7,31.77
2022-08-25,31.87,31.98,30.65,30.96
2022-08-26,31.13,31.44,30.88,31.07
2022-08-29,30.45,30.97,30.1,30.22
2022-08-30,30.25,31.16,30.03,30.95
2022-08-31,30.7,30.94,29.57,29.83
2022-09-01,29.8,30.17,29.76,29.98
2022-09-02,29.8,30.53,29.76,30.35
2022-09-05,30.16,30.18,29.42,29.64
2022-09-06,29.81,30.42,29.58,30.33
2022-09-07,30.25,31.38,30.17,31.23
2022-09-08,31.08,31.1,30.18,30.29
2022-09-09,30.2,30.53,29.98,30.34
2022-09-13,30.44,30.85,30.35,30.51
2022-09-14,29.88,30.09,29.66,29.85
2022-09-15,29.88,30.0,28.5,28.78
2022-09-16,28.56,28.94,28.38,28.4
2022-09-19,28.41,29.0,28.21,28.61
2022-09-20,28.62,29.23,28.61,29.03
2022-09-21,28.82,29.05,28.39,28.83
2022-09-22,28.57,29.17,28.51,28.61
2022-09-23,28.51,28.71,27.1,27.17
2022-09-26,26.67,27.53,26.63,26.93
2022-09-27,27.03,27.37,26.6,27.32
2022-09-28,27.39,27.39,26.37,26.37
2022-09-29,26.65,26.94,26.11,26.35
2022-09-30,26.21,26.45,25.98,26.06
2022-10-10,26.1,26.2,24.65,24.77
2022-10-11,24.85,25.0,24.4,24.8
2022-10-12,24.7,25.96,24.53,25.93
2022-10-13,25.66,26.28,25.58,25.85
2022-10-14,26.16,26.68,26.04,26.54
2022-10-17,26.25,27.75,26.17,27.7
2022-10-18,27.78,27.84,27.23,27.61
2022-10-19,27.7,28.5,27.61,27.92
2022-10-20,27.78,28.47,27.5,27.95
2022-10-21,27.93,28.35,27.79,27.99
2022-10-24,28.01,28.4,27.12,27.24
2022-10-25,26.0,26.07,24.63,25.8
2022-10-26,25.78,26.98,25.3,26.56
2022-10-27,26.37,27.14,26.2,26.2
2022-10-28,26.11,26.32,25.06,25.18
2022-10-31,25.01,25.66,24.83,25.31
2022-11-01,25.52,26.11,25.1,26.09
2022-11-02,26.09,26.88,25.98,26.73
2022-11-03,26.36,26.89,26.29,26.68
2022-11-04,26.58,27.28,26.55,27.24
2022-11-07,27.09,27.44,26.92,27.12
2022-11-08,27.1,27.11,26.44,26.75
2022-11-09,26.75,26.87,26.46,26.47
2022-11-10,26.21,26.28,25.7,25.92
2022-11-11,26.73,27.67,26.57,27.22
2022-11-14,27.45,27.54,26.73,26.92
2022-11-15,26.8,28.13,26.73,28.07
2022-11-16,28.1,28.37,27.76,27.94
2022-11-17,27.78,28.37,27.41,28.36
2022-11-18,28.28,28.5,27.81,27.89
2022-11-21,27.75,27.75,27.23,27.52
2022-11-22,27.57,27.65,26.99,27.07
2022-11-23,27.15,27.37,26.65,27.27
2022-11-24,27.34,27.45,26.87,27.0
2022-11-25,26.95,26.95,26.54,26.6
2022-11-28,26.09,26.17,25.63,26.11
2022-11-29,26.2,26.83,26.14,26.7
2022-11-30,26.7,27.0,26.44,26.55
2022-12-01,27.03,28.1,27.03,27.34
2022-12-02,27.34,27.53,27.16,27.31
2022-12-05,27.5,27.66,27.32,27.64
2022-12-06,27.54,27.75,27.34,27.45
2022-12-07,27.38,27.62,27.21,27.28
2022-12-08,27.27,27.32,26.96,27.05
2022-12-09,27.2,27.39,27.0,27.26
2022-12-12,27.18,27.8,26.67,27.52
2022-12-13,27.5,27.5,26.85,26.88
2022-12-14,27.27,27.57,27.02,27.08
2022-12-15,27.0,27.67,26.84,27.47
2022-12-16,27.25,27.25,26.83,26.98
2022-12-19,26.97,26.98,26.11,26.22
2022-12-20,26.0,26.48,26.0,26.14
2022-12-21,26.0,26.25,25.78,25.86
2022-12-22,25.96,26.04,25.45,25.57
2022-12-23,25.41,25.59,25.26,25.34
2022-12-26,25.46,25.9,25.42,25.9
2022-12-27,26.0,26.09,25.76,26.02
2022-12-28,25.86,25.9,25.55,25.67
2022-12-29,25.57,25.83,25.52,25.6
2022-12-30,25.65,25.77,25.61,25.65
2023-01-03,25.66,26.14,25.27,26.13
2023-01-04,26.05,26.21,25.83,26.04
2023-01-05,26.1,26.22,25.97,26.18
2023-01-06,26.16,26.56,26.03,26.39
2023-01-09,26.39,26.56,26.28,26.32
2023-01-10,26.3,26.43,26.05,26.1
2023-01-11,26.1,26.29,25.66,25.76
2023-01-12,25.85,26.17,25.78,25.86
2023-01-13,25.93,26.08,25.71,26.06
2023-01-16,26.06,26.78,26.0,26.54
2023-01-17,26.56,26.86,26.55,26.74
2023-01-18,26.76,27.22,26.68,27.04
2023-01-19,27.08,27.5,26.94,27.45
2023-01-20,27.65,27.85,27.29,27.47
2023-01-30,28.03,28.27,27.79,27.85
2023-01-31,27.9,28.09,27.7,27.95
2023-02-01,28.02,28.33,27.86,28.33
2023-02-02,28.46,29.07,28.18,28.63
2023-02-03,28.5,28.91,27.98,28.79
2023-02-06,28.5,28.69,28.19,28.4
2023-02-07,28.69,31.24,28.68,30.5
2023-02-08,30.2,30.22,29.41,29.48
2023-02-09,29.31,30.92,29.22,30.55
2023-02-10,30.22,31.19,30.21,30.32
2023-02-13,30.28,30.57,29.88,30.46
2023-02-14,30.48,30.49,29.89,30.16
2023-02-15,30.15,30.55,29.85,30.43
2023-02-16,30.47,31.1,29.82,30.2
2023-02-17,30.32,30.51,29.46,29.47
2023-02-20,29.45,29.99,29.24,29.9
2023-02-21,29.8,30.28,29.61,29.94
2023-02-22,29.71,30.09,29.61,29.85
2023-02-23,29.83,29.95,29.43,29.58
2023-02-24,29.55,29.85,29.24,29.28
2023-02-27,29.11,29.36,28.9,28.95
2023-02-28,29.1,29.55,28.82,29.35
2023-03-01,29.22,29.62,29.05,29.5
2023-03-02,29.6,30.1,29.48,29.78
2023-03-03,29.93,30.05,29.19,29.63
2023-03-06,29.6,30.18,29.36,29.97
2023-03-07,29.92,29.92,28.55,28.57
2023-03-08,28.4,28.93,28.34,28.88
2023-03-09,28.88,29.6,27.86,28.36
2023-03-10,28.28,28.45,28.01,28.21
2023-03-13,28.12,28.41,27.76,28.26
2023-03-14,28.11,28.19,27.43,28.04
2023-03-15,28.11,29.2,28.11,28.69
2023-03-16,28.46,28.55,27.69,27.72
2023-03-17,28.0,28.6,28.0,28.25
2023-03-20,28.25,28.96,28.25,28.5
2023-03-21,28.57,28.92,28.33,28.9
2023-03-22,28.97,29.69,28.9,29.64
2023-03-23,29.62,31.39,29.5,31.29
2023-03-24,31.08,31.49,30.83,31.15
2023-03-27,31.15,31.66,30.77,31.35
2023-03-28,31.41,31.46,30.06,30.07
2023-03-29,30.46,30.67,29.92,30.27
2023-03-30,30.28,30.69,29.92,30.31
2023-03-31,30.31,30.48,29.98,30.35
2023-04-03,30.38,30.88,30.38,30.84
2023-04-04,30.74,31.07,30.35,30.61
2023-04-06,30.3,31.29,30.1,31.28
2023-04-07,31.15,32.65,30.93,31.88
2023-04-10,31.3,31.3,30.19,30.35
2023-04-11,30.11,30.3,29.67,30.05
2023-04-12,30.06,30.74,30.06,30.18
2023-04-13,29.88,29.89,28.84,28.85
2023-04-14,29.0,29.31,28.51,29.17
2023-04-17,29.15,29.31,28.84,29.05
2023-04-18,29.09,29.13,28.67,28.71
2023-04-19,28.71,28.95,28.43,28.5
2023-04-20,28.59,28.63,28.15,28.45
2023-04-21,28.5,28.51,27.15,27.23
2023-04-24,26.22,26.22,25.11,25.35
2023-04-25,25.35,25.55,24.87,25.26
2023-04-26,25.31,25.53,24.96,25.3
2023-04-27,25.35,25.68,25.22,25.43
2023-04-28,25.61,26.12,25.45,26.12
2023-05-04,26.15,26.15,25.67,25.76
2023-05-05,25.67,25.68,24.9,24.97
2023-05-08,25.0,25.07,24.21,24.84
2023-05-09,24.78,25.01,24.42,24.5
2023-05-10,24.41,24.63,24.18,24.51
2023-05-11,24.6,24.65,24.36,24.41
2023-05-12,24.43,24.45,23.58,23.61
2023-05-15,23.56,24.15,23.37,24.08
2023-05-16,24.05,24.22,23.86,23.99
2023-05-17,23.99,24.21,23.92,24.19
2023-05-18,24.02,24.78,23.95,24.42
2023-05-19,24.35,24.88,24.23,24.75
2023-05-22,24.72,24.73,24.42,24.6
2023-05-23,24.64,24.89,24.42,24.46
2023-05-24,24.38,24.75,24.15,24.5
2023-05-25,24.38,24.77,24.12,24.43
2023-05-26,24.41,24.56,24.12,24.51
2023-05-29,24.6,24.95,24.54,24.63
2023-05-30,24.59,24.62,24.0,24.42
2023-05-31,24.42,24.42,24.02,24.16
2023-06-01,24.15,24.9,24.0,24.86
2023-06-02,24.85,25.07,24.65,25.0
2023-06-05,25.05,25.25,24.83,25.0
2023-06-06,24.91,24.94,24.21,24.37
2023-06-07,24.4,24.56,24.12,24.26
2023-06-08,24.18,24.18,23.64,23.77
2023-06-09,23.76,25.12,23.56,25.12
2023-06-12,25.12,25.15,24.75,24.8
2023-06-13,24.73,25.12,24.64,25.06
2023-06-14,25.06,25.21,24.81,24.94
2023-06-15,24.99,25.77,24.99,25.53
2023-06-16,25.6,25.71,25.28,25.59
2023-06-19,25.52,25.75,25.36,25.62
2023-06-20,25.5,26.42,25.29,26.2
2023-06-21,26.05,26.39,25.74,25.75
2023-06-26,25.45,26.05,25.1,25.26
2023-06-27,25.16,25.44,24.95,25.28
2023-06-28,25.29,25.58,24.53,25.45
2023-06-29,25.45,26.35,25.35,26.19
2023-06-30,26.0,26.29,25.84,26.2
2023-07-03,26.33,26.66,26.08,26.11
2023-07-04,26.05,26.57,25.91,26.3
2023-07-05,26.27,26.57,26.06,26.42
2023-07-06,26.24,26.9,26.03,26.64
2023-07-07,26.5,26.51,26.03,26.15
2023-07-10,26.15,26.5,26.1,26.29
2023-07-11,26.29,26.5,26.13,26.46
2023-07-12,26.53,26.53,25.76,25.77
2023-07-13,25.84,26.22,25.83,25.9
2023-07-14,25.89,26.04,25.61,25.65
2023-07-17,25.65,25.83,25.33,25.6
2023-07-18,25.6,25.89,25.52,25.69
2023-07-19,25.6,25.77,24.8,25.16
2023-07-20,25.2,25.35,24.91,24.93
2023-07-21,24.94,25.08,24.8,24.9
2023-07-24,24.74,24.96,24.51,24.77
2023-07-25,25.03,25.23,24.97,25.16
2023-07-26,25.16,25.17,24.88,24.9
2023-07-27,24.9,25.0,24.08,24.19
2023-07-28,24.19,24.53,24.03,24.49
2023-07-31,24.5,24.95,24.45,24.5
2023-08-01,24.51,24.59,24.22,24.39
2023-08-02,24.25,24.51,24.24,24.48
2023-08-03,24.38,24.55,24.29,24.48
2023-08-04,24.61,24.94,24.52,24.66
2023-08-07,24.67,24.68,24.42,24.55
2023-08-08,24.5,24.65,24.36,24.46
2023-08-09,24.3,24.4,24.2,24.27
2023-08-10,24.26,24.44,24.24,24.34
2023-08-11,24.35,24.4,23.87,23.9
2023-08-14,23.8,23.97,23.57,23.96
2023-08-15,23.93,23.93,23.43,23.61
2023-08-16,23.51,23.62,23.22,23.23
2023-08-17,23.2,23.5,22.95,23.44
2023-08-18,23.38,23.49,23.1,23.1
2023-08-21,23.06,23.23,22.21,22.25
2023-08-22,22.54,22.9,22.08,22.53
2023-08-23,22.51,22.51,22.05,22.05
2023-08-24,22.05,22.23,21.78,21.81
2023-08-25,21.65,21.69,21.01,21.1
2023-08-28,22.3,22.4,21.33,21.44
2023-08-29,21.49,22.25,21.42,22.25
2023-08-30,22.23,22.68,22.16,22.36
2023-08-31,22.25,22.54,22.22,22.35
2023-09-01,22.31,22.43,22.16,22.35
2023-09-04,22.43,22.7,22.32,22.7
2023-09-05,22.7,23.2,22.58,23.06
2023-09-06,22.91,23.6,22.67,23.51
2023-09-07,23.35,23.35,22.62,22.68
2023-09-08,22.68,24.13,22.68,23.71
2023-09-11,23.8,23.8,23.13,23.41
2023-09-12,23.25,23.69,23.08,23.27
2023-09-13,23.1,23.18,22.5,22.69
2023-09-14,22.7,22.71,22.34,22.43
2023-09-15,22.54,22.74,22.27,22.48
2023-09-18,22.9,24.17,22.88,23.6
2023-09-19,23.35,23.45,22.77,22.83
2023-09-20,22.7,23.03,22.6,22.61
2023-09-21,22.46,22.73,22.35,22.43
2023-09-22,22.3,22.83,22.18,22.81
2023-09-25,22.85,23.21,22.82,23.16
2023-09-26,22.95,23.05,22.82,22.95
2023-09-27,23.1,23.39,22.93,22.96
2023-09-28,22.98,23.2,22.9,23.08
2023-10-09,23.0,23.24,22.71,23.24
2023-10-10,23.2,23.31,23.01,23.09
2023-10-11,23.1,23.56,23.05,23.45
2023-10-12,23.54,23.6,23.28,23.39
2023-10-13,23.26,23.45,23.11,23.17
2023-10-16,23.1,23.2,22.52,22.64
2023-10-17,22.64,22.82,22.53,22.74
2023-10-18,22.68,22.68,22.21,22.23
2023-10-19,22.12,22.33,21.96,22.0
2023-10-20,21.88,22.04,21.53,21.55
2023-10-23,21.46,21.47,21.01,21.11
2023-10-24,20.88,20.96,19.56,20.28
2023-10-25,20.34,20.63,20.29,20.38
2023-10-26,20.2,20.59,20.0,20.59
2023-10-27,20.46,21.04,20.26,20.94
2023-10-30,20.88,21.65,20.82,21.49
2023-10-31,21.48,21.59,21.23,21.46
2023-11-01,21.46,21.63,21.34,21.46
2023-11-02,21.4,21.58,21.18,21.23
2023-11-03,21.39,21.97,21.39,21.87
2023-11-06,22.06,22.38,22.01,22.26
2023-11-07,22.25,22.82,22.15,22.7
2023-11-08,22.66,23.79,22.62,23.3
2023-11-09,23.3,23.53,22.86,22.92
2023-11-10,22.83,23.07,22.63,22.8
2023-11-13,22.86,23.04,22.71,22.83
2023-11-14,22.78,23.23,22.77,23.04
2023-11-15,23.18,23.48,22.88,22.94
2023-11-16,22.88,23.1,22.71,22.72
2023-11-17,22.72,22.9,22.68,22.77
2023-11-20,22.77,23.01,22.66,22.93
2023-11-21,22.94,23.14,22.67,22.73
2023-11-22,22.67,22.75,22.25,22.26
2023-11-23,22.22,22.6,22.14,22.51
2023-11-24,22.5,22.5,22.07,22.18
2023-11-27,22.18,22.36,22.01,22.23
2023-11-28,22.31,22.59,22.14,22.36
2023-11-29,22.39,22.58,22.2,22.24
2023-11-30,22.21,22.24,21.76,21.88
2023-12-01,21.88,21.99,21.63,21.95
2023-12-04,21.95,22.1,21.65,21.65
2023-12-05,21.65,21.65,21.08,21.08
2023-12-06,21.08,21.28,21.05,21.16
2023-12-07,21.08,21.28,20.95,21.12
2023-12-08,21.13,21.45,21.12,21.12
2023-12-11,21.1,21.38,20.67,21.37
2023-12-12,21.37,21.44,21.18,21.26
2023-12-13,21.17,21.37,21.01,21.01
2023-12-14,21.16,21.29,20.83,20.85
2023-12-15,20.96,21.03,20.63,20.65
2023-12-18,20.6,20.61,20.14,20.22
2023-12-19,20.21,20.43,20.03,20.29
2023-12-20,20.38,20.38,19.95,19.96
2023-12-21,19.82,20.16,19.66,20.09
2023-12-22,20.1,20.32,19.86,19.96
2023-12-25,19.92,20.18,19.87,20.1
2023-12-26,20.09,20.09,19.72,19.8
2023-12-27,19.85,19.94,19.67,19.9
2023-12-28,19.82,20.55,19.79,20.45
2023-12-29,20.47,20.75,20.43,20.72
2024-01-02,20.78,20.78,20.46,20.46
2024-01-03,20.39,20.55,20.02,20.19
2024-01-04,20.14,20.18,19.82,19.89
2024-01-05,19.92,20.08,19.5,19.57
2024-01-08,19.47,19.5,18.68,18.71
2024-01-09,18.7,19.18,18.7,18.92
2024-01-10,18.86,19.1,18.56,18.84
2024-01-11,18.8,19.24,18.76,19.16
2024-01-12,19.15,19.32,19.01,19.14
2024-01-15,19.07,19.11,18.78,18.87
2024-01-16,18.85,19.03,18.63,18.84
2024-01-17,18.8,18.85,18.39,18.39
2024-01-18,18.25,18.45,17.85,18.43
2024-01-19,18.43,18.58,18.14,18.15
2024-01-22,18.19,18.23,17.22,17.27
2024-01-23,17.27,18.0,17.23,17.78
2024-01-24,17.87,18.06,17.4,17.99
2024-01-25,18.02,18.55,17.89,18.52
2024-01-26,18.45,18.6,18.17,18.25
2024-01-29,18.3,18.38,17.75,17.81
2024-01-30,17.71,17.85,17.2,17.22
2024-01-31,17.21,17.27,16.47,16.5
2024-02-01,16.48,16.85,16.24,16.51
2024-02-02,16.58,16.85,15.21,15.7
2024-02-05,15.58,15.63,14.45,14.76
2024-02-06,15.18,16.24,15.1,16.24
2024-02-07,17.49,17.86,17.28,17.86
2024-02-08,18.09,19.2,17.86,18.5
2024-02-19,18.5,18.54,17.92,18.25
2024-02-20,18.1,18.15,17.76,18.09
2024-02-21,17.95,18.63,17.9,18.13
2024-02-22,18.02,18.45,18.02,18.4
2024-02-23,18.4,18.64,18.17,18.6
2024-02-26,19.1,20.19,18.96,20.18
2024-02-27,19.63,20.11,19.32,20.01
2024-02-28,19.82,20.15,18.8,18.84
2024-02-29,18.65,19.9,18.62,19.85
2024-03-01,19.91,20.35,19.71,20.26
2024-03-04,20.42,20.54,19.9,20.03
2024-03-05,19.81,20.17,19.65,19.78
2024-03-06,19.67,20.07,19.52,19.84
2024-03-07,19.99,20.58,19.68,19.68
2024-03-08,19.6,19.85,19.46,19.81
2024-03-11,19.68,19.97,19.51,19.97
2024-03-12,19.97,20.13,19.71,20.01
2024-03-13,20.01,20.05,19.76,19.85
2024-03-14,19.82,19.97,19.3,19.57
2024-03-15,19.53,19.93,19.5,19.92
2024-03-18,20.08,20.17,19.82,20.09
2024-03-19,20.15,20.27,20.0,20.0
2024-03-20,20.0,20.08,19.86,20.03
2024-03-21,20.03,20.1,19.72,19.89
2024-03-22,19.77,19.82,19.21,19.43
2024-03-25,19.28,19.52,18.9,18.93
2024-03-26,18.9,19.06,18.56,18.83
2024-03-27,18.8,18.86,18.13,18.14
2024-03-28,18.12,18.83,18.12,18.58
2024-03-29,18.59,18.77,18.42,18.7
2024-04-01,18.79,19.3,18.79,19.29
2024-04-02,19.29,19.29,18.93,19.08
2024-04-03,19.09,19.1,18.84,18.93
2024-04-08,18.93,18.99,18.53,18.56
2024-04-09,18.51,18.75,18.51,18.72
2024-04-10,18.97,19.04,18.25,18.42
2024-04-11,18.25,18.67,18.2,18.41
2024-04-12,18.4,18.65,18.25,18.26
2024-04-15,18.34,18.52,18.01,18.28
2024-04-16,18.11,18.35,17.62,17.65
2024-04-17,17.82,18.43,17.82,18.4
2024-04-18,18.46,19.24,18.4,18.95
2024-04-19,18.81,19.02,18.75,18.96
2024-04-22,18.82,19.16,18.75,18.85
2024-04-23,18.86,19.08,18.84,18.95
2024-04-24,19.0,19.05,18.8,18.96
2024-04-25,19.6,20.36,19.42,20.19
2024-04-26,19.8,20.21,19.72,20.14
2024-04-29,20.24,20.86,20.16,20.85
2024-04-30,20.97,21.38,20.73,21.09
2024-05-06,21.3,21.75,21.23,21.63
2024-05-07,21.56,21.58,21.11,21.29
2024-05-08,21.2,21.26,20.83,20.86
2024-05-09,20.85,21.35,20.81,21.34
2024-05-10,21.34,21.39,21.0,21.11
2024-05-13,20.82,21.15,20.71,20.96
2024-05-14,20.91,21.25,20.83,20.9
2024-05-15,20.72,20.86,20.53,20.54
2024-05-16,20.59,20.79,20.54,20.62
2024-05-17,20.5,21.1,20.42,21.1
2024-05-20,21.4,21.44,20.83,21.03
2024-05-21,21.0,21.2,20.7,21.05
2024-05-22,21.0,21.2,20.92,21.15
2024-05-23,21.14,21.14,20.59,20.62
2024-05-24,20.51,20.74,20.13,20.2
2024-05-27,20.21,20.7,19.95,20.69
2024-05-28,20.69,20.92,20.33,20.4
2024-05-29,20.3,20.62,20.23,20.44
2024-05-30,20.28,20.68,20.24,20.58
2024-05-31,20.64,20.86,20.45,20.47
2024-06-03,20.46,20.64,20.27,20.44
2024-06-04,20.36,20.62,20.23,20.6
2024-06-05,20.57,20.78,20.23,20.25
2024-06-06,20.33,20.56,19.89,19.95
2024-06-07,20.05,20.26,19.8,20.01
2024-06-11,19.85,20.42,19.71,20.37
2024-06-12,20.34,20.8,20.25,20.75
2024-06-13,20.77,20.89,20.57,20.63
2024-06-14,20.66,20.9,20.43,20.82
2024-06-17,20.82,21.28,20.74,21.17
2024-06-18,21.17,21.31,20.95,21.26
2024-06-19,21.25,21.27,20.83,20.91
2024-06-20,20.86,20.99,20.31,20.35
2024-06-21,20.28,20.72,20.23,20.58
2024-06-24,20.5,20.57,19.98,19.99
2024-06-25,20.0,20.42,19.77,19.9
2024-06-26,20.0,20.25,19.61,20.21
2024-06-27,20.11,20.65,19.99,20.21
2024-06-28,20.01,21.12,19.96,20.8
2024-07-01,20.81,21.02,20.53,20.93
2024-07-02,20.81,20.99,20.33,20.45
2024-07-03,20.38,20.65,20.27,20.27
2024-07-04,20.27,20.79,20.15,20.24
2024-07-05,20.1,20.1,19.53,19.93
2024-07-08,19.69,19.89,19.46,19.55
2024-07-09,19.43,20.71,19.29,20.62
2024-07-10,20.56,20.94,20.5,20.74
2024-07-11,21.03,21.89,20.8,21.86
2024-07-12,21.62,21.7,21.3,21.57
2024-07-15,21.65,21.77,20.98,21.15
2024-07-16,21.02,22.22,20.84,22.15
2024-07-17,22.1,22.25,21.7,21.72
2024-07-18,21.45,22.06,21.11,22.03
2024-07-19,21.9,22.57,21.82,22.09
2024-07-22,22.1,22.48,21.75,22.45
2024-07-23,22.48,22.6,21.65,21.67
2024-07-24,21.89,22.93,21.77,21.84
2024-07-25,21.47,21.62,21.02,21.19
2024-07-26,21.28,21.78,21.0,21.48
2024-07-29,21.65,21.65,21.15,21.17
2024-07-30,21.04,21.16,20.5,21.1
2024-07-31,21.05,22.06,20.83,22.01
2024-08-01,22.01,22.15,21.75,21.95
2024-08-02,21.77,21.93,21.28,21.35
2024-08-05,21.0,21.4,20.3,20.3
2024-08-06,20.68,20.78,20.19,20.51
2024-08-07,20.45,20.61,20.34,20.35
2024-08-08,20.3,20.6,19.97,20.42
2024-08-09,20.51,20.72,20.31,20.35
2024-08-12,20.18,20.33,20.04,20.11
2024-08-13,20.1,20.29,19.83,20.24
2024-08-14,20.15,20.17,19.94,20.03
2024-08-15,20.0,20.44,19.88,20.19
2024-08-16,20.16,20.32,20.04,20.12
2024-08-19,20.12,20.38,19.98,20.25
2024-08-20,20.22,20.24,19.34,19.41
2024-08-21,19.28,19.38,18.98,18.98
2024-08-22,19.0,19.08,18.49,18.54
2024-08-23,18.56,18.74,18.45,18.61
2024-08-26,18.66,18.81,18.56,18.69
2024-08-27,18.69,18.7,18.06,18.11
2024-08-28,18.1,18.37,18.02,18.27
2024-08-29,18.18,18.85,18.12,18.75
2024-08-30,18.79,19.53,18.75,19.24
2024-09-02,19.32,19.33,18.87,18.88
2024-09-03,18.89,19.29,18.87,19.15
2024-09-04,19.0,19.14,18.82,18.97
2024-09-05,19.03,19.2,18.97,19.09
2024-09-06,19.08,19.08,18.71,18.71
2024-09-09,18.58,18.84,18.5,18.61
2024-09-10,18.67,18.9,18.31,18.79
2024-09-11,18.6,18.87,18.6,18.74
2024-09-12,18.8,18.99,18.65,18.65
2024-09-13,18.64,18.77,18.22,18.24
2024-09-18,18.49,18.56,18.23,18.44
2024-09-19,18.5,18.92,18.31,18.75
2024-09-20,18.73,18.78,18.54,18.69
2024-09-23,18.61,18.88,18.5,18.73
2024-09-24,18.84,19.46,18.72,19.44
2024-09-25,19.61,19.98,19.41,19.42
2024-09-26,19.41,20.08,19.36,20.08
2024-09-27,20.4,21.63,20.34,21.39
2024-09-30,22.33,23.53,22.3,23.53
2024-10-08,25.88,25.88,24.51,25.88
2024-10-09,25.87,26.88,24.7,25.28
2024-10-10,25.3,25.72,24.08,24.45
2024-10-11,24.23,24.47,22.86,23.3
2024-10-14,23.2,23.6,22.63,23.54
2024-10-15,23.36,23.84,23.01,23.02
2024-10-16,22.6,23.3,22.51,22.83
2024-10-17,22.99,23.22,22.63,22.66
2024-10-18,22.66,24.52,22.6,23.98
2024-10-21,24.42,24.84,23.95,24.28
2024-10-22,24.3,24.81,24.17,24.5
2024-10-23,24.54,24.69,24.22,24.42
2024-10-24,24.43,24.7,24.14,24.19
2024-10-25,24.35,24.78,24.18,24.57
2024-10-28,25.26,25.27,24.47,24.78
2024-10-29,24.79,25.62,24.54,24.96
2024-10-30,24.79,26.0,24.7,26.0
2024-10-31,26.14,26.19,25.51,25.8
2024-11-01,25.65,26.4,24.96,24.99
2024-11-04,24.79,26.11,24.78,25.55
2024-11-05,25.55,26.19,25.3,26.08
2024-11-06,26.14,28.6,25.88,27.6
2024-11-07,27.1,27.55,26.65,27.53
2024-11-08,27.7,28.26,27.1,27.26
2024-11-11,27.4,29.26,27.23,28.94
2024-11-12,29.28,29.28,27.46,27.74
2024-11-13,27.46,27.66,26.72,27.44
2024-11-14,27.23,27.78,26.6,26.68
2024-11-15,26.59,29.35,26.48,28.2
2024-11-18,28.29,28.35,26.16,26.5
2024-11-19,26.11,28.27,26.0,27.86
2024-11-20,27.58,29.13,27.42,28.46
2024-11-21,28.2,28.9,27.65,27.98
2024-11-22,27.68,27.94,26.41,26.5
2024-11-25,26.52,26.75,25.3,25.71
2024-11-26,25.72,25.9,25.09,25.1
2024-11-27,25.0,25.69,24.65,25.68
2024-11-28,25.68,25.75,25.25,25.31
2024-11-29,25.28,26.69,25.15,26.34
2024-12-02,26.51,27.12,26.35,26.79
2024-12-03,26.75,26.75,26.1,26.43
2024-12-04,26.4,27.12,26.19,26.54
2024-12-05,26.35,26.67,26.11,26.42
2024-12-06,26.43,28.0,26.15,27.19
2024-12-09,26.9,27.29,26.62,26.93
2024-12-10,27.85,27.85,26.99,27.1
2024-12-11,27.1,27.23,26.85,27.1
2024-12-12,27.04,27.04,26.51,26.93
2024-12-13,26.7,26.78,26.08,26.1
2024-12-16,26.1,26.17,25.6,25.77
2024-12-17,25.7,25.94,25.5,25.56
2024-12-18,25.68,25.88,25.47,25.67
2024-12-19,25.3,26.27,25.23,26.18
2024-12-20,26.15,26.67,26.0,26.36
2024-12-23,26.35,26.51,25.73,25.77
2024-12-24,25.77,26.1,25.51,25.99
2024-12-25,25.94,25.97,25.4,25.42
2024-12-26,25.5,26.48,25.33,26.32
2024-12-27,26.4,26.55,25.95,26.08
2024-12-30,26.05,26.55,25.79,26.06
2024-12-31,26.1,26.1,25.0,25.0
2025-01-02,25.0,25.04,23.66,23.94
2025-01-03,24.04,24.17,23.34,23.41
2025-01-06,23.42,23.67,23.25,23.5
2025-01-07,23.55,23.88,23.41,23.88
2025-01-08,23.75,23.91,22.95,23.64
2025-01-09,23.5,24.29,23.48,24.14
2025-01-10,24.0,24.91,23.97,24.36
2025-01-13,24.0,24.5,23.85,24.24
2025-01-14,24.39,25.38,24.14,25.38
2025-01-15,25.48,25.52,25.2,25.37
2025-01-16,25.48,25.75,24.91,25.09
2025-01-17,24.98,25.63,24.93,25.24
2025-01-20,25.45,25.66,25.31,25.43
2025-01-21,25.6,25.97,25.43,25.88
2025-01-22,25.67,26.0,25.52,25.72
2025-01-23,25.98,26.22,25.4,25.43
2025-01-24,25.31,25.85,25.31,25.75
2025-01-27,26.13,26.33,25.6,25.63
2025-02-05,26.0,26.14,25.73,25.95
2025-02-06,25.7,27.14,25.68,27.06
2025-02-07,27.0,27.46,26.71,27.1
2025-02-10,27.14,27.45,27.08,27.18
2025-02-11,27.25,27.36,26.85,27.11
2025-02-12,27.09,27.6,26.99,27.6
2025-02-13,27.65,27.93,27.05,27.45
2025-02-14,27.29,27.43,26.97,27.36
2025-02-17,27.4,27.65,27.12,27.45
2025-02-18,27.44,27.58,26.72,26.9
2025-02-19,26.88,28.08,26.83,28.01
2025-02-20,28.01,29.68,27.8,29.23
2025-02-21,29.2,29.59,28.81,29.41
2025-02-24,29.41,29.8,28.76,29.06
2025-02-25,28.52,29.09,28.4,28.67
2025-02-26,28.66,29.24,28.3,28.87
2025-02-27,28.87,28.94,27.72,28.45
2025-02-28,28.15,28.39,27.18,27.2
2025-03-03,27.28,27.83,26.99,27.23
2025-03-04,27.03,27.76,26.98,27.57
2025-03-05,27.4,27.95,27.31,27.58
2025-03-06,27.82,28.3,27.79,28.11
2025-03-07,28.0,29.33,27.94,28.69
2025-03-10,28.8,30.23,28.76,29.39
2025-03-11,28.81,29.32,28.63,29.08
2025-03-12,29.47,29.6,28.75,28.84
2025-03-13,28.73,28.82,27.87,28.12
2025-03-14,28.07,28.87,27.98,28.76
2025-03-17,28.87,28.93,28.45,28.64
2025-03-18,28.8,30.65,28.7,30.27
2025-03-19,30.2,30.48,29.47,30.03
2025-03-20,29.82,29.97,29.45,29.58
2025-03-21,29.35,30.44,29.04,29.11
2025-03-24,29.17,29.34,28.33,29.23
2025-03-25,28.94,29.23,28.36,28.5
2025-03-26,28.38,29.35,28.36,28.7
2025-03-27,28.65,29.05,28.13,28.64
2025-03-28,28.64,29.26,28.5,28.51
2025-03-31,28.23,28.44,27.56,27.98
2025-04-01,27.99,28.16,27.64,27.71
2025-04-02,27.71,28.31,27.6,27.85
2025-04-03,27.7,28.03,26.84,27.38
2025-04-07,25.74,25.98,24.64,24.64
2025-04-08,24.01,24.67,22.19,23.04
2025-04-09,22.26,23.42,21.51,23.16
2025-04-10,24.15,24.5,23.73,23.94
2025-04-11,23.6,24.4,23.48,24.0
2025-04-14,24.59,24.69,23.98,24.0
2025-04-15,24.01,24.1,23.58,23.81
2025-04-16,23.68,23.73,23.1,23.31
2025-04-17,23.22,23.66,23.16,23.34
2025-04-18,23.42,23.96,23.25,23.9
2025-04-21,23.91,24.29,23.57,24.27
2025-04-22,23.75,23.75,22.91,23.32
2025-04-23,23.31,23.65,23.31,23.53
2025-04-24,23.63,23.63,23.18,23.48
2025-04-25,23.48,23.59,23.38,23.44
2025-04-28,23.32,23.4,23.0,23.0
2025-04-29,23.0,23.05,22.82,22.95
2025-04-30,22.95,23.27,22.93,23.1
2025-05-06,23.35,23.87,23.2,23.85
2025-05-07,24.18,24.25,23.62,23.9
2025-05-08,23.77,24.45,23.73,24.35
2025-05-09,24.36,24.53,23.99,24.29
2025-05-12,24.59,24.82,24.46,24.8
2025-05-13,25.0,25.09,24.56,24.67
2025-05-14,24.57,24.77,24.37,24.55
2025-05-15,24.56,24.56,24.15,24.21
2025-05-16,24.11,24.94,24.11,24.89
2025-05-19,24.82,25.13,24.2,24.21
2025-05-20,23.99,24.18,23.22,24.16
2025-05-21,23.93,23.96,23.68,23.82
2025-05-22,23.71,23.92,23.56,23.57
2025-05-23,23.6,23.77,23.26,23.26
2025-05-26,23.25,23.4,23.13,23.3
2025-05-27,23.3,23.3,23.03,23.08
2025-05-28,23.13,23.22,22.98,23.08
2025-05-29,23.1,23.54,23.09,23.45
2025-05-30,23.38,23.38,22.93,22.99
2025-06-03,22.88,23.15,22.83,23.03
2025-06-04,23.08,23.37,23.06,23.29
2025-06-05,23.29,23.58,23.14,23.49
2025-06-06,23.5,23.51,23.27,23.36
2025-06-09,23.36,23.72,23.36,23.53
2025-06-10,23.52,23.52,22.98,23.17
2025-06-11,23.17,23.48,23.17,23.32
2025-06-12,23.31,23.59,23.18,23.36
2025-06-13,23.3,23.41,23.0,23.03
2025-06-16,22.95,23.18,22.9,23.15
2025-06-17,23.12,23.22,22.98,23.11
2025-06-18,23.03,23.78,22.98,23.63
2025-06-19,23.63,23.84,23.27,23.38
2025-06-20,23.36,23.46,23.04,23.26
2025-06-23,23.15,23.69,23.11,23.4
2025-06-24,23.43,23.99,23.3,23.98
2025-06-25,24.16,24.23,23.84,24.19
2025-06-26,24.21,24.49,24.05,24.08
2025-06-27,24.16,24.3,24.03,24.08
2025-06-30,24.1,24.46,24.1,24.37
2025-07-01,24.39,24.5,24.2,24.42
2025-07-02,24.35,24.35,23.88,24.02
2025-07-03,24.11,24.64,24.01,24.52
2025-07-04,24.5,24.5,24.17,24.21
2025-07-07,24.17,24.2,23.9,23.91
2025-07-08,23.88,24.99,23.87,24.66
2025-07-09,24.65,24.8,24.34,24.46
2025-07-10,24.44,24.57,24.25,24.5
2025-07-11,24.43,24.74,24.33,24.54
2025-07-14,24.56,24.62,24.39,24.46
2025-07-15,24.31,24.5,24.07,24.22
2025-07-16,24.22,24.43,24.14,24.28
2025-07-17,24.22,24.75,24.17,24.74
2025-07-18,24.72,24.9,24.55,24.79
2025-07-21,24.78,25.14,24.73,25.09
2025-07-22,25.1,25.2,24.85,25.04
2025-07-23,25.05,25.1,24.86,24.91
2025-07-24,24.93,27.1,24.93,26.87
2025-07-25,26.5,26.77,26.25,26.42
2025-07-28,26.37,28.3,26.33,28.08
2025-07-29,27.76,27.81,27.21,27.45
2025-07-30,27.47,27.48,26.39,26.51
2025-07-31,26.47,28.1,26.45,26.97
2025-08-01,26.9,27.3,26.35,26.56
2025-08-04,26.4,26.54,25.99,26.47
2025-08-05,26.53,26.88,26.4,26.73
2025-08-06,26.67,27.08,26.48,27.02
2025-08-07,27.51,29.17,27.41,29.13
2025-08-08,28.84,30.98,28.42,30.8
2025-08-11,32.99,33.88,31.92,33.88
2025-08-12,34.5,35.82,33.78,34.76
2025-08-13,34.21,35.83,34.07,35.69
2025-08-14,35.68,37.12,34.9,34.98
2025-08-15,34.87,35.69,34.08,34.45
2025-08-18,34.02,35.06,33.0,33.82
2025-08-19,33.63,34.06,33.0,33.07
2025-08-20,33.01,34.35,32.95,33.47
2025-08-21,33.77,33.82,32.56,32.72
2025-08-22,32.61,33.92,32.61,33.64
2025-08-25,33.8,36.06,33.1,35.7
2025-08-26,35.0,38.36,34.25,37.82
2025-08-27,37.54,37.82,36.47,36.52
2025-08-28,36.12,37.89,35.82,37.19
2025-08-29,37.15,38.28,36.7,37.46
2025-09-01,37.21,37.81,35.84,36.37
2025-09-02,36.7,36.74,34.02,34.34
2025-09-03,34.44,35.14,34.12,34.25
2025-09-04,34.42,35.54,32.16,32.92
2025-09-05,32.95,34.08,32.95,34.0
2025-09-08,34.18,34.67,33.95,34.1
2025-09-09,33.95,35.17,33.7,34.41
2025-09-10,34.41,36.0,33.97,35.51
2025-09-11,35.6,39.06,35.28,39.06
2025-09-12,38.68,39.31,38.21,38.33
2025-09-15,38.48,39.53,37.44,37.63
2025-09-16,38.23,41.13,38.03,40.37
2025-09-17,40.32,40.96,39.0,39.97
2025-09-18,40.01,42.99,39.97,41.71
2025-09-19,41.75,42.36,40.8,41.26
2025-09-22,41.9,45.39,40.6,44.78
2025-09-23,46.71,47.62,42.3,43.7
2025-09-24,43.51,43.62,41.22,42.59
2025-09-25,42.5,43.45,41.6,42.83
2025-09-26,42.34,42.9,40.73,40.81
2025-09-29,40.64,41.37,40.0,41.22
2025-09-30,41.22,41.53,40.39,40.71
2025-10-09,41.03,41.48,40.03,40.27
2025-10-10,40.0,40.5,38.45,38.76
2025-10-13,36.5,37.66,36.5,37.32
2025-10-14,37.6,37.91,35.0,35.29
2025-10-15,35.29,36.38,35.01,36.38
2025-10-16,36.02,36.6,35.8,36.01
2025-10-17,36.01,36.06,34.43,34.55
2025-10-20,35.23,36.05,34.89,35.33
2025-10-21,37.0,37.32,35.86,36.61
2025-10-22,36.19,37.1,36.03,36.73
2025-10-23,37.21,40.18,36.71,39.57
2025-10-24,39.75,41.35,39.18,41.18
2025-10-27,41.88,43.18,41.65,42.37
2025-10-28,42.24,43.8,42.0,42.78
2025-10-29,42.78,44.05,42.69,44.0
2025-10-30,43.46,43.83,42.23,42.46
2025-10-31,42.38,42.91,41.05,41.18
2025-11-03,41.4,42.34,40.44,42.18
2025-11-04,42.0,42.39,40.8,41.06
2025-11-05,40.08,40.86,39.64,40.68
2025-11-06,40.75,41.57,40.47,41.25
2025-11-07,40.8,41.0,39.98,40.06
2025-11-10,40.06,40.54,38.96,39.5
2025-11-11,39.75,40.29,38.43,38.94
2025-11-12,38.8,39.36,38.5,39.04
2025-11-13,38.69,39.56,38.58,39.44
2025-11-14,38.89,39.06,38.0,38.0
2025-11-17,37.91,38.56,37.77,38.12
2025-11-18,37.96,38.15,37.06,37.37
2025-11-19,37.38,37.68,36.68,36.89
2025-11-20,37.66,37.85,36.53,36.69
2025-11-21,35.98,36.49,34.87,34.9
2025-11-24,35.34,35.79,35.0,35.58
2025-11-25,35.85,36.98,35.85,36.3
2025-11-26,36.08,37.35,35.79,36.6
2025-11-27,36.39,37.34,36.05,36.18
2025-11-28,36.15,36.96,36.11,36.77
2025-12-01,37.18,37.3,36.5,37.13
2025-12-02,36.85,37.31,36.56,37.02
2025-12-03,36.87,37.29,36.29,36.37
2025-12-04,36.58,36.96,35.79,36.62
2025-12-05,36.55,38.39,36.4,37.92
2025-12-08,38.09,40.29,37.92,39.5
2025-12-09,39.34,39.61,38.68,39.1
2025-12-10,38.78,39.47,38.5,39.0
2025-12-11,39.0,39.27,38.14,38.15
2025-12-12,38.05,38.42,37.45,38.02
2025-12-15,37.87,37.9,36.81,36.99
2025-12-16,36.82,37.27,35.79,36.1
2025-12-17,36.18,37.84,36.18,37.73
2025-12-18,37.35,37.85,37.02,37.1
2025-12-19,37.3,37.58,36.83,36.98
2025-12-22,37.22,38.48,37.13,38.16
2025-12-23,38.17,38.79,37.8,38.38
2025-12-24,38.38,42.08,38.0,41.58
2025-12-25,41.32,42.24,40.88,41.78
2025-12-26,41.76,42.93,41.26,42.4
2025-12-29,42.99,43.5,41.8,42.09
2025-12-30,42.05,42.67,41.31,41.9
2025-12-31,41.75,41.98,41.07,41.19
2026-01-05,41.86,43.75,41.44,42.71
2026-01-06,42.5,42.97,41.97,42.55
2026-01-07,43.0,44.58,42.35,43.94
2026-01-08,43.51,43.73,42.36,42.67
2026-01-09,42.55,46.94,42.33,44.4
2026-01-12,44.49,44.68,43.24,44.21
2026-01-13,43.82,43.97,41.7,41.77
2026-01-14,42.78,43.95,42.52,42.94
2026-01-15,42.93,45.06,42.55,44.72
2026-01-16,45.0,47.41,44.51,47.16
2026-01-19,46.81,48.58,46.37,48.12
2026-01-20,48.0,48.09,46.09,46.59
2026-01-21,46.27,50.59,46.1,49.72
2026-01-22,49.88,52.64,49.84,51.45
2026-01-23,52.05,52.8,50.08,51.45
2026-01-26,51.12,52.6,50.45,50.98
2026-01-27,51.27,53.71,50.7,53.38
2026-01-28,52.85,53.22,51.6,52.13
2026-01-29,51.44,51.88,48.2,48.4
2026-01-30,48.7,49.12,46.4,48.25
2026-02-02,48.1,48.75,46.8,47.12
2026-02-03,48.1,50.48,47.48,50.42
2026-02-04,50.25,50.96,48.88,50.39
2026-02-05,50.08,50.5,48.83,48.95
2026-02-06,48.19,49.39,47.43,48.05
2026-02-09,48.99,50.79,48.92,50.25
2026-02-10,50.11,50.47,49.52,50.21
2026-02-11,50.01,51.28,49.56,49.78
2026-02-12,49.78,53.53,48.23,53.11
2026-02-13,51.12,55.26,51.07,54.5
2026-02-24,54.73,59.4,54.53,58.83
2026-02-25,58.6,63.5,58.1,63.38
2026-02-26,64.1,69.72,64.1,69.72
2026-02-27,69.72,73.21,68.72,72.3
2026-03-02,71.0,75.88,70.71,74.62
2026-03-03,74.5,74.75,70.2,70.45
2026-03-04,69.8,70.82,67.46,70.05
2026-03-05,69.66,74.18,69.0,71.48
2026-03-06,71.31,71.9,68.25,69.54
2026-03-09,66.6,68.0,64.3,67.77
2026-03-10,69.06,73.78,69.06,73.01
2026-03-11,73.27,75.06,71.7,72.35
2026-03-12,71.75,72.8,69.55,70.75
2026-03-13,70.53,71.1,68.0,68.7
2026-03-16,68.68,68.69,65.9,67.36
2026-03-17,67.82,68.26,63.5,63.73
2026-03-18,64.02,65.48,63.85,65.13
2026-03-19,64.4,64.4,62.48,63.0
2026-03-20,63.78,66.11,62.53,64.59
2026-03-23,62.1,63.96,59.2,59.9
2026-03-24,61.83,62.38,59.62,61.76
2026-03-25,63.0,66.06,62.74,63.89
2026-03-26,64.34,64.38,61.58,61.91
2026-03-27,60.49,64.25,60.48,62.86
2026-03-30,62.83,64.57,61.4,63.85
2026-03-31,63.9,64.55,60.82,61.28
2026-04-01,63.36,64.5,62.07,64.1
2026-04-02,63.9,64.23,60.89,61.71
2026-04-03,62.23,65.48,61.81,63.86
2026-04-07,64.59,65.71,63.26,64.36
2026-04-08,67.9,70.8,65.42,70.8
2026-04-09,71.0,77.88,70.54,76.36
2026-04-10,76.36,77.32,75.55,76.55
2026-04-13,75.01,76.82,75.01,75.78
2026-04-14,76.6,83.36,76.06,82.7
2026-04-15,82.62,82.81,78.4,78.79
2026-04-16,77.81,86.67,77.81,86.67
2026-04-17,88.4,89.71,86.27,87.56
2026-04-20,88.59,91.68,86.7,89.18
2026-04-21,89.6,95.8,88.84,92.8
2026-04-22,91.31,96.0,91.31,94.18
2026-04-23,95.0,103.6,93.56,103.6
2026-04-24,103.6,105.99,99.5,102.46
2026-04-27,100.99,107.0,99.56,104.67
2026-04-28,103.0,110.96,101.0,105.22
2026-04-29,104.0,105.87,101.17,103.34
2026-04-30,102.31,104.11,98.33,100.72
2026-05-06,101.1,103.95,98.89,102.19
2026-05-07,102.07,112.41,102.07,112.41
2026-05-08,115.4,122.92,112.2,122.06
2026-05-11,124.5,134.27,124.5,134.27
2026-05-12,134.2,139.82,128.28,134.66
2026-05-13,138.32,148.13,137.35,148.13
2026-05-14,153.0,156.5,147.07,149.23
2026-05-15,149.24,151.1,138.71,143.3
2026-05-18,141.04,142.8,136.77,138.53
2026-05-19,137.89,139.91,133.91,136.99
2026-05-20,135.8,145.9,135.68,144.54
2026-05-21,146.61,152.49,140.01,142.59
2026-05-22,139.74,150.0,139.74,146.28
2026-05-25,146.8,147.52,138.15,142.23
2026-05-26,142.18,143.0,130.1,135.45
2026-05-27,134.01,138.0,129.0,131.31
2026-05-28,132.88,137.85,132.55,135.98
2026-05-29,136.1,137.69,130.07,131.85
2026-06-01,133.68,136.52,124.8,124.91
2026-06-02,125.1,129.76,123.32,127.0
2026-06-03,127.08,134.6,124.0,130.6
2026-06-04,129.75,138.0,126.59,134.65
2026-06-05,133.99,135.62,127.0,127.87
2026-06-08,122.22,127.04,120.35,120.86
2026-06-09,123.03,126.01,118.9,124.5
2026-06-10,122.0,123.45,116.3,122.48
2026-06-11,121.28,126.0,119.45,121.45
2026-06-12,127.0,127.2,118.0,119.12
2026-06-15,121.15,125.13,118.0,124.2
2026-06-16,125.74,136.62,123.0,136.62
2026-06-17,139.35,143.0,130.08,135.84
2026-06-18,135.54,137.86,129.2,134.9
2026-06-22,136.88,140.35,128.0,131.93
2026-06-23,134.0,145.12,132.0,145.11
2026-06-24,136.73,157.74,135.0,152.23
2026-06-25,153.75,156.6,147.8,152.8
2026-06-26,168.08,168.08,151.0,151.27
2026-06-29,150.0,157.42,137.0,141.2
2026-06-30,144.01,155.32,138.68,150.11
2026-07-01,149.0,150.49,136.88,137.98
2026-07-02,130.26,133.4,125.0,125.01
2026-07-03,125.01,134.2,124.68,129.64
2026-07-06,130.95,138.5,129.63,130.97
2026-07-07,129.63,133.8,126.72,130.35
2026-07-08,130.31,134.48,126.0,127.9
2026-07-09,130.1,131.99,122.67,130.9
2026-07-10,138.88,140.68,127.0,130.3
2026-07-13,131.19,131.29,117.27,117.27
2026-07-14,113.4,121.98,107.56,119.5
2026-07-15,121.8,122.2,113.88,114.36
2026-07-16,113.29,115.13,106.6,108.1
2026-07-17,107.5,109.63,100.0,101.91
2026-07-20,103.96,105.0,91.72,91.72
2026-07-21,93.3,100.89,87.29,100.89
2026-07-22,104.45,109.88,104.04,104.93
2026-07-23,106.5,109.38,103.3,105.3
2026-07-24,102.1,105.28,100.19,101.76
2026-07-27,101.77,103.77,98.0,103.32
2026-07-28,100.01,102.51,93.11,94.17
2026-07-29,94.07,96.05,86.73,91.0
2026-07-30,89.08,90.75,81.9,81.9
2026-07-31,89.0,90.09,84.48,84.51
2026-08-03,84.01,86.48,80.8,81.21
2026-08-04,82.29,89.33,80.32,88.25
2026-08-05,87.37,95.75,86.5,94.8
2026-08-06,92.3,98.03,90.75,95.2
2026-08-07,95.2,101.13,94.75,99.75
2026-08-10,99.97,100.9,92.91,95.91
2026-08-11,94.66,96.87,93.28,95.38
2026-08-12,95.99,97.96,93.33,94.3
2026-08-13,95.8,99.71,94.66,94.75
2026-08-14,95.07,99.49,93.7,99.0
2026-08-17,99.99,100.77,96.16,100.77
2026-08-18,100.78,101.58,95.85,98.0
2026-08-19,94.16,95.89,88.2,88.2
2026-08-20,89.31,92.08,87.13,91.56
2026-08-21,91.0,93.0,88.81,90.9
2026-08-24,92.32,92.68,83.26,86.1
2026-08-25,84.04,86.66,82.33,85.05
2026-08-26,85.62,87.06,83.01,85.68
2026-08-27,87.02,90.58,85.89,90.0
2026-08-28,89.81,90.85,87.55,87.62
2026-08-31,86.47,96.38,85.73,96.38
2026-09-01,97.37,99.5,94.02,94.6
2026-09-02,95.5,95.5,91.0,93.39
2026-09-03,94.4,95.19,90.9,93.0
2026-09-04,94.0,94.59,86.86,87.67
2026-09-07,89.34,96.38,89.01,93.77
2026-09-08,94.12,97.5,92.17,95.72
2026-09-09,95.01,97.7,93.8,94.85
2026-09-10,95.03,96.64,93.2,94.78
2026-09-11,92.22,93.98,89.4,92.85
2026-09-14,91.01,93.45,88.71,92.28
2026-09-15,91.61,96.5,91.61,94.02
