date,open,high,low,close
2007-04-20,50.01,55.0,48.0,52.5
2007-04-23,49.1,50.78,49.0,50.52
2007-04-24,50.88,50.88,49.07,49.35
2007-04-25,49.15,50.08,48.55,49.97
2007-04-26,49.5,49.88,48.89,49.3
2007-04-27,49.3,49.3,47.35,47.6
2007-04-30,47.09,47.1,45.18,46.15
2007-05-08,46.98,46.99,46.16,46.76
2007-05-09,46.76,47.59,46.1,47.51
2007-05-10,47.66,47.66,46.8,47.01
2007-05-11,46.95,46.95,45.9,46.09
2007-05-14,45.48,46.31,45.2,45.81
2007-05-15,45.8,47.0,45.55,46.0
2007-05-16,46.0,46.88,45.89,46.8
2007-05-17,47.0,47.48,46.68,47.18
2007-05-18,47.36,47.36,46.66,46.96
2007-05-21,46.01,49.3,45.92,48.79
2007-05-22,48.51,48.88,47.9,48.09
2007-05-23,48.0,49.0,47.82,48.23
2007-05-24,48.23,48.44,46.5,46.8
2007-05-25,46.53,49.0,46.53,48.63
2007-05-29,49.51,49.7,48.31,48.95
2007-05-30,46.48,48.35,46.0,46.7
2007-05-31,46.95,49.02,46.04,49.02
2007-06-01,49.2,51.99,48.89,49.3
2007-06-04,48.51,50.0,45.5,45.5
2007-06-05,45.17,47.0,40.95,44.88
2007-06-06,44.88,45.89,43.33,45.4
2007-06-07,45.44,47.99,45.44,47.56
2007-06-08,47.32,49.9,47.32,49.47
2007-06-11,49.9,53.5,49.88,51.84
2007-06-12,52.1,53.09,50.08,52.29
2007-06-13,52.2,55.06,51.32,55.0
2007-06-14,55.2,58.79,53.5,56.0
2007-06-15,55.3,57.8,55.23,56.82
2007-06-18,57.8,59.94,57.0,57.79
2007-06-19,57.28,58.8,56.8,57.79
2007-06-20,57.4,57.5,53.68,54.06
2007-06-21,54.11,55.35,53.28,54.52
2007-06-22,54.7,54.86,51.3,51.91
2007-06-25,51.8,52.76,49.7,49.9
2007-06-26,49.6,52.33,49.05,52.33
2007-06-27,52.55,54.45,51.66,54.45
2007-06-28,53.9,54.68,50.7,50.77
2007-06-29,49.33,50.7,48.0,48.85
2007-07-02,48.1,49.5,47.7,49.3
2007-07-03,49.28,50.0,48.72,49.52
2007-07-04,49.6,49.9,47.76,47.95
2007-07-05,47.27,47.27,45.81,45.81
2007-07-06,46.0,48.8,45.58,48.5
2007-07-09,48.4,49.68,48.0,49.39
2007-07-10,48.88,49.0,47.06,47.26
2007-07-11,47.26,48.97,47.2,48.88
2007-07-12,48.6,49.8,48.5,48.6
2007-07-13,48.61,49.55,47.6,48.98
2007-07-16,48.6,50.0,48.5,49.18
2007-07-17,49.25,54.0,48.9,52.26
2007-07-18,51.56,53.58,51.56,52.4
2007-07-19,52.0,52.96,51.58,52.55
2007-07-20,51.5,54.5,50.5,53.7
2007-07-23,54.0,55.0,53.06,55.0
2007-07-24,55.3,55.32,53.61,53.66
2007-07-25,53.8,54.96,52.38,54.8
2007-07-26,54.99,54.99,53.01,53.5
2007-07-27,53.15,58.0,52.6,57.25
2007-07-30,56.0,57.98,55.06,57.2
2007-07-31,56.92,57.98,55.22,56.51
2007-08-01,56.21,57.18,52.78,52.93
2007-08-02,52.71,56.38,52.71,55.98
2007-08-03,56.18,59.8,55.6,58.0
2007-08-06,58.4,58.44,56.12,57.17
2007-08-07,56.98,58.1,55.31,56.75
2007-08-08,56.6,56.6,54.5,55.3
2007-08-09,55.3,55.95,54.8,55.44
2007-08-10,54.97,55.89,51.99,52.85
2007-08-13,53.01,53.8,51.3,53.33
2007-08-14,53.3,54.1,52.34,53.82
2007-08-15,53.8,53.8,51.68,52.7
2007-08-16,52.5,53.5,51.88,52.43
2007-08-17,52.45,53.95,52.06,52.99
2007-08-20,53.7,54.8,53.36,54.2
2007-08-21,53.8,54.69,53.22,53.9
2007-08-22,53.8,54.24,53.31,53.5
2007-08-23,53.99,53.99,52.4,53.24
2007-08-24,53.13,54.5,52.5,54.05
2007-08-27,54.25,54.48,52.61,52.73
2007-08-28,52.71,52.71,50.38,50.8
2007-08-29,50.81,51.5,50.18,50.6
2007-08-30,50.9,51.7,50.66,51.4
2007-08-31,51.7,52.37,51.0,51.78
2007-09-03,51.8,52.0,51.23,51.56
2007-09-04,51.55,51.56,50.6,50.86
2007-09-06,51.92,52.39,51.51,51.8
2007-09-07,51.59,51.59,50.0,50.08
2007-09-10,49.59,50.78,48.3,50.78
2007-09-11,50.76,50.96,47.51,47.51
2007-09-12,47.71,48.58,47.15,48.26
2007-09-13,48.19,48.69,47.76,48.69
2007-09-14,48.65,51.5,48.52,50.9
2007-09-17,50.38,51.49,49.82,50.06
2007-09-18,50.1,50.38,48.98,49.2
2007-09-19,49.5,49.5,48.11,48.31
2007-09-20,48.7,49.5,48.32,48.6
2007-09-21,48.79,48.79,47.0,47.35
2007-09-24,47.2,48.97,47.2,47.94
2007-09-25,48.48,48.48,46.7,47.17
2007-09-26,47.5,47.86,47.02,47.64
2007-09-27,47.8,49.86,47.22,49.41
2007-09-28,49.99,49.99,49.06,49.61
2007-10-08,50.0,50.26,49.01,49.58
2007-10-09,49.55,51.9,48.5,51.1
2007-10-10,51.0,51.7,50.2,50.22
2007-10-11,50.4,51.4,49.22,51.38
2007-10-12,51.6,51.6,48.52,50.97
2007-10-15,50.5,53.4,49.6,52.71
2007-10-16,52.4,53.2,51.56,52.19
2007-10-17,52.19,52.21,50.71,50.95
2007-10-18,50.3,50.95,49.15,49.21
2007-10-19,49.5,50.4,48.55,49.19
2007-10-22,48.5,49.7,48.01,48.3
2007-10-23,49.0,49.9,48.3,49.16
2007-10-24,49.49,49.5,48.1,48.22
2007-10-25,48.21,48.35,45.0,45.17
2007-10-26,45.18,46.27,44.51,45.47
2007-10-29,45.0,45.0,41.28,42.98
2007-10-30,42.97,43.24,42.25,43.23
2007-10-31,43.26,44.89,43.22,44.78
2007-11-01,44.8,44.85,42.21,42.33
2007-11-02,42.2,42.9,41.3,42.44
2007-11-05,42.5,44.7,42.5,43.95
2007-11-06,43.68,43.95,43.13,43.24
2007-11-07,43.5,43.6,42.25,42.52
2007-11-08,42.52,42.8,41.38,41.38
2007-11-09,41.38,42.0,40.5,40.69
2007-11-12,40.5,41.0,38.73,38.9
2007-11-13,39.58,39.87,39.06,39.5
2007-11-14,39.9,41.3,39.9,41.18
2007-11-16,40.51,40.65,39.54,40.44
2007-11-19,40.55,42.31,40.51,42.01
2007-11-20,42.01,42.75,41.31,42.45
2007-11-21,42.47,43.15,42.4,42.9
2007-11-22,42.5,42.5,39.5,40.0
2007-11-23,39.75,40.38,39.41,40.35
2007-11-26,40.62,41.15,40.0,40.03
2007-11-27,39.79,40.47,39.63,39.99
2007-11-28,39.99,40.64,39.78,39.89
2007-11-29,41.93,41.93,40.55,41.21
2007-11-30,41.09,41.62,40.3,40.41
2007-12-03,41.2,41.2,40.02,40.5
2007-12-04,40.51,41.3,40.51,41.25
2007-12-05,41.23,42.2,40.61,42.18
2007-12-06,42.0,42.35,41.36,41.63
2007-12-07,41.6,42.3,41.6,42.02
2007-12-10,41.91,43.3,41.01,43.09
2007-12-11,43.25,43.79,42.68,43.2
2007-12-12,43.01,43.98,43.0,43.75
2007-12-13,43.8,44.8,42.82,42.93
2007-12-14,42.22,43.3,42.22,43.3
2007-12-17,43.78,44.45,43.4,43.79
2007-12-18,43.8,44.1,42.5,42.75
2007-12-19,43.6,44.6,42.88,44.55
2007-12-20,44.6,45.3,44.5,44.88
2007-12-21,44.5,45.49,44.5,45.47
2007-12-24,45.5,46.98,45.5,45.7
2007-12-25,45.99,46.27,45.41,46.0
2007-12-26,46.71,47.44,46.05,47.36
2007-12-27,47.4,49.5,47.4,48.2
2007-12-28,48.6,48.9,47.5,47.73
2008-01-02,48.0,49.18,47.2,49.08
2008-01-03,49.1,49.82,48.55,49.48
2008-01-04,49.83,49.83,48.23,48.7
2008-01-07,48.2,48.88,47.8,48.01
2008-01-08,48.01,48.88,47.58,47.6
2008-01-09,49.03,51.5,49.03,51.07
2008-01-10,51.07,53.18,50.61,51.05
2008-01-11,51.9,52.52,50.07,52.17
2008-01-14,52.2,53.28,52.0,52.9
2008-01-15,52.91,53.49,52.14,52.86
2008-01-16,52.79,53.23,51.8,51.82
2008-01-17,51.58,53.51,50.75,52.87
2008-01-18,53.05,55.15,52.57,53.9
2008-01-21,54.17,55.5,51.08,51.68
2008-01-22,50.98,50.98,46.51,46.51
2008-01-23,46.56,49.28,46.52,49.02
2008-01-24,49.02,50.17,48.5,49.66
2008-01-25,50.0,50.0,48.67,48.82
2008-01-28,48.5,48.78,44.01,44.6
2008-01-29,45.61,46.78,45.19,46.05
2008-01-30,46.98,47.66,45.51,46.88
2008-01-31,47.15,47.18,45.8,45.81
2008-02-01,45.55,46.55,42.01,43.86
2008-02-04,44.6,47.48,44.6,47.4
2008-02-05,47.2,48.16,46.35,47.89
2008-02-13,47.02,48.2,47.0,47.68
2008-02-14,47.8,48.6,47.8,48.0
2008-02-15,48.18,48.18,47.2,47.85
2008-02-18,48.85,50.4,48.26,49.55
2008-02-19,49.55,50.88,49.03,50.3
2008-02-20,50.19,50.59,49.22,49.38
2008-02-21,49.3,49.81,48.38,49.4
2008-02-22,49.39,49.39,47.5,47.51
2008-02-25,47.99,48.37,47.05,47.3
2008-02-26,48.49,48.99,47.0,48.0
2008-02-27,48.6,48.8,47.07,48.78
2008-02-28,48.78,48.79,47.28,47.3
2008-02-29,47.77,48.09,46.99,47.45
2008-03-03,47.51,49.8,47.0,49.36
2008-03-04,49.36,49.45,48.0,48.01
2008-03-05,47.95,48.09,46.75,47.36
2008-03-06,47.4,48.07,46.91,47.4
2008-03-07,47.08,47.77,46.78,46.8
2008-03-10,46.8,46.8,45.26,45.29
2008-03-11,45.05,46.37,44.7,46.27
2008-03-12,46.96,46.98,44.78,45.0
2008-03-13,45.0,45.0,42.51,43.5
2008-03-14,43.6,43.65,42.51,42.99
2008-03-17,42.61,43.3,40.84,40.84
2008-03-18,40.84,41.82,38.08,38.41
2008-03-19,39.0,40.8,38.5,40.0
2008-03-20,39.5,41.7,37.6,41.18
2008-03-21,41.2,41.95,40.31,41.43
2008-03-24,41.45,41.8,40.7,40.78
2008-03-25,40.03,42.26,40.03,41.9
2008-03-26,42.3,42.74,41.51,41.89
2008-03-27,41.36,41.6,40.18,40.55
2008-03-28,40.6,41.99,39.6,41.8
2008-03-31,40.6,43.38,40.05,43.14
2008-04-01,43.0,43.0,39.52,39.71
2008-04-02,40.0,40.87,37.71,38.49
2008-04-03,38.1,40.5,37.0,39.92
2008-04-07,39.0,42.18,38.01,42.01
2008-04-08,42.09,42.8,41.7,42.05
2008-04-09,42.28,42.43,41.05,41.05
2008-04-10,40.8,41.85,40.5,41.8
2008-04-11,42.0,42.5,41.15,42.25
2008-04-14,42.0,42.0,39.19,39.54
2008-04-15,39.45,40.8,38.21,40.43
2008-04-16,40.21,40.78,39.5,39.8
2008-04-17,39.65,40.37,37.99,38.25
2008-04-18,38.01,38.01,36.12,36.22
2008-04-22,35.5,35.5,32.6,33.65
2008-04-23,33.38,34.99,32.06,34.9
2008-04-24,37.1,38.38,35.6,38.15
2008-04-25,37.0,38.0,36.5,36.71
2008-04-28,37.0,38.99,36.7,38.48
2008-04-29,37.86,38.67,37.53,38.12
2008-04-30,38.6,40.68,38.2,40.61
2008-05-05,41.55,44.67,41.55,44.67
2008-05-06,22.29,22.29,21.0,21.32
2008-05-07,21.55,21.55,20.0,20.0
2008-05-08,19.6,21.18,19.5,21.0
2008-05-09,21.1,21.27,19.91,20.26
2008-05-12,19.9,20.83,19.32,20.49
2008-05-13,19.61,20.45,19.5,19.85
2008-05-14,19.85,20.7,19.69,20.42
2008-05-15,20.3,20.81,20.28,20.31
2008-05-16,20.33,20.48,19.6,19.86
2008-05-19,19.9,19.9,19.5,19.59
2008-05-20,19.6,19.8,17.72,17.97
2008-05-21,17.36,18.0,16.67,17.95
2008-05-22,17.69,17.9,17.16,17.47
2008-05-23,17.43,17.87,16.84,17.0
2008-05-26,17.29,17.56,16.91,17.38
2008-05-27,17.49,17.54,17.0,17.24
2008-05-28,17.4,17.6,17.07,17.56
2008-05-29,17.6,17.7,17.06,17.1
2008-05-30,17.02,17.25,16.7,16.87
2008-06-02,16.82,17.32,16.7,17.26
2008-06-03,17.2,17.2,16.77,16.9
2008-06-04,16.71,16.99,16.66,16.82
2008-06-05,16.9,17.2,16.71,17.05
2008-06-06,17.0,17.84,16.82,17.4
2008-06-10,16.3,16.72,15.66,15.66
2008-06-11,15.45,15.45,14.8,14.9
2008-06-12,15.07,15.4,14.5,14.8
2008-06-13,14.85,15.08,14.28,14.48
2008-06-16,14.38,14.79,13.85,14.08
2008-06-17,14.19,14.48,13.83,13.91
2008-06-18,13.91,14.6,13.2,14.5
2008-06-19,14.35,14.35,13.05,13.05
2008-06-20,13.05,13.7,12.5,13.18
2008-06-23,13.0,13.0,12.5,12.58
2008-06-24,12.8,12.82,12.08,12.7
2008-06-25,12.72,13.97,12.7,13.88
2008-06-26,14.18,14.2,13.47,13.9
2008-06-27,13.3,13.4,12.51,12.65
2008-06-30,12.73,12.82,12.26,12.61
2008-07-01,12.75,12.75,12.2,12.2
2008-07-02,12.2,12.7,12.2,12.38
2008-07-03,12.18,13.09,12.0,12.88
2008-07-04,12.89,13.14,12.55,12.84
2008-07-07,12.8,13.79,12.76,13.69
2008-07-08,13.69,13.88,13.45,13.87
2008-07-09,13.9,14.49,13.8,14.44
2008-07-10,14.1,15.3,14.0,14.9
2008-07-11,14.7,14.84,14.08,14.21
2008-07-14,13.91,14.5,13.7,14.38
2008-07-15,14.25,14.3,13.0,13.05
2008-07-16,12.86,12.86,12.0,12.3
2008-07-17,12.26,12.72,12.06,12.1
2008-07-18,12.29,12.52,11.9,12.48
2008-07-21,12.39,13.0,12.35,12.92
2008-07-22,12.96,13.2,12.8,13.08
2008-07-23,13.2,13.86,13.12,13.67
2008-07-24,13.6,13.8,13.28,13.68
2008-07-25,13.6,13.67,13.31,13.4
2008-07-28,13.4,13.78,13.38,13.54
2008-07-29,13.42,13.57,13.04,13.13
2008-07-31,13.13,13.13,12.38,12.46
2008-08-01,12.15,12.79,12.01,12.58
2008-08-04,12.48,12.59,12.18,12.2
2008-08-05,12.21,12.41,12.03,12.03
2008-08-06,12.38,12.38,12.01,12.27
2008-08-07,12.28,12.39,12.0,12.28
2008-08-08,12.3,12.35,11.11,11.2
2008-08-11,11.16,11.29,10.08,10.08
2008-08-12,9.79,9.99,9.6,9.63
2008-08-13,9.7,9.7,9.2,9.44
2008-08-14,9.43,9.59,9.25,9.46
2008-08-15,9.46,9.68,9.31,9.5
2008-08-18,9.55,9.7,8.8,8.8
2008-08-19,8.7,9.19,8.52,8.93
2008-08-20,8.96,9.67,8.59,9.65
2008-08-21,9.5,9.57,9.1,9.1
2008-08-22,9.0,9.1,8.68,8.8
2008-08-25,8.71,9.08,8.71,8.9
2008-08-26,8.72,8.9,8.41,8.5
2008-08-27,8.57,8.67,8.08,8.33
2008-08-28,8.22,8.43,8.22,8.25
2008-08-29,8.39,8.65,8.25,8.58
2008-09-01,8.5,8.58,8.22,8.33
2008-09-02,8.29,8.55,8.28,8.47
2008-09-03,8.47,8.63,8.3,8.47
2008-09-04,8.56,8.72,8.39,8.7
2008-09-05,8.53,8.54,8.11,8.17
2008-09-08,8.17,8.2,7.61,7.63
2008-09-09,7.74,7.85,7.55,7.7
2008-09-10,7.61,7.98,7.52,7.74
2008-09-11,7.66,7.88,7.61,7.77
2008-09-12,7.8,7.9,7.72,7.9
2008-09-16,7.88,7.88,7.64,7.65
2008-09-17,7.78,7.83,7.42,7.49
2008-09-18,7.49,7.49,6.83,7.1
2008-09-19,7.8,7.81,7.58,7.81
2008-09-22,8.19,8.59,8.03,8.19
2008-09-23,8.14,8.14,7.65,7.65
2008-09-24,7.51,7.78,7.4,7.76
2008-09-25,7.71,8.08,7.71,7.88
2008-09-26,7.97,8.25,7.9,8.05
2008-10-06,8.0,8.0,7.61,7.61
2008-10-07,7.55,7.55,7.3,7.48
2008-10-08,7.33,7.48,7.21,7.32
2008-10-09,7.28,7.54,7.28,7.4
2008-10-10,7.25,7.25,6.86,6.89
2008-10-13,6.87,6.89,6.51,6.89
2008-10-14,6.92,7.25,6.75,6.75
2008-10-15,6.8,6.8,6.5,6.67
2008-10-16,6.6,6.6,6.01,6.27
2008-10-17,6.26,6.4,6.16,6.38
2008-10-20,6.4,6.59,6.2,6.55
2008-10-21,6.6,6.78,6.43,6.52
2008-10-22,6.32,6.59,6.3,6.44
2008-10-23,6.3,6.44,6.13,6.43
2008-10-24,6.45,6.49,6.18,6.26
2008-10-27,6.24,6.24,5.76,5.8
2008-10-28,5.63,5.98,5.63,5.9
2008-10-29,5.92,6.0,5.8,5.96
2008-10-30,5.99,6.19,5.86,6.08
2008-10-31,6.06,6.06,5.9,6.05
2008-11-03,6.07,6.07,5.9,5.95
2008-11-04,5.93,6.05,5.7,5.87
2008-11-05,5.87,6.09,5.87,6.04
2008-11-06,5.91,6.64,5.82,6.64
2008-11-07,6.6,7.1,6.52,6.85
2008-11-10,6.77,7.3,6.73,7.19
2008-11-11,7.03,7.18,7.03,7.04
2008-11-12,6.93,7.16,6.93,7.14
2008-11-13,7.85,7.85,7.85,7.85
2008-11-14,8.64,8.64,8.64,8.64
2008-11-17,9.5,9.5,9.5,9.5
2008-11-18,10.45,10.45,10.38,10.45
2008-11-19,10.45,11.5,10.0,11.5
2008-11-20,10.92,11.49,10.43,10.47
2008-11-21,10.06,10.86,9.77,10.25
2008-11-24,10.25,11.18,9.65,10.49
2008-11-25,10.55,10.56,9.51,9.78
2008-11-26,9.75,10.08,9.31,9.58
2008-11-27,10.18,10.39,9.8,9.84
2008-11-28,9.39,10.16,9.39,9.57
2008-12-01,9.6,10.53,9.55,10.53
2008-12-02,10.38,11.32,10.3,11.1
2008-12-03,11.08,11.3,10.82,11.21
2008-12-04,11.35,11.85,10.89,10.9
2008-12-05,10.6,11.29,10.51,11.29
2008-12-08,11.4,11.77,11.21,11.63
2008-12-09,11.57,12.79,11.39,12.55
2008-12-10,12.3,13.76,12.01,13.45
2008-12-11,13.2,13.7,12.6,12.6
2008-12-12,12.36,12.36,11.34,11.36
2008-12-15,11.3,11.79,10.97,11.57
2008-12-16,11.5,12.73,11.3,12.73
2008-12-17,12.75,13.06,12.4,12.41
2008-12-18,12.25,12.66,12.08,12.4
2008-12-19,12.4,13.57,12.4,13.02
2008-12-22,12.9,13.5,12.65,13.29
2008-12-23,13.29,13.38,11.96,11.99
2008-12-24,11.58,12.14,11.5,11.63
2008-12-25,11.65,11.96,10.62,11.21
2008-12-26,11.26,11.48,11.0,11.2
2008-12-29,11.2,11.22,10.65,10.99
2008-12-30,10.94,11.8,10.94,11.45
2008-12-31,11.27,11.98,11.27,11.58
2009-01-05,11.63,12.1,11.6,12.09
2009-01-06,12.04,12.4,11.78,12.31
2009-01-07,12.31,12.58,12.12,12.31
2009-01-08,11.99,12.2,11.25,11.51
2009-01-09,11.55,11.97,11.51,11.92
2009-01-12,11.86,12.66,11.7,12.32
2009-01-13,12.1,12.65,12.0,12.05
2009-01-14,12.0,12.85,11.81,12.73
2009-01-15,12.63,13.15,12.51,12.7
2009-01-16,12.7,12.99,12.38,12.46
2009-01-19,12.47,12.64,12.0,12.2
2009-01-20,12.3,12.4,12.1,12.4
2009-01-21,12.36,12.56,12.2,12.27
2009-01-22,12.22,12.39,12.0,12.2
2009-01-23,12.27,12.66,12.19,12.23
2009-02-02,12.47,13.2,12.28,13.0
2009-02-03,13.05,14.3,12.96,14.3
2009-02-04,14.4,15.25,14.25,14.26
2009-02-05,14.28,14.28,13.7,13.81
2009-02-06,13.75,14.48,13.75,14.36
2009-02-09,14.38,15.06,14.25,14.91
2009-02-10,14.8,14.8,14.24,14.78
2009-02-11,14.5,15.0,14.25,14.35
2009-02-12,14.38,14.65,13.75,14.59
2009-02-13,14.39,15.19,14.39,14.99
2009-02-16,14.99,15.27,14.63,14.98
2009-02-17,15.01,15.72,14.6,14.97
2009-02-18,14.6,15.09,13.6,13.66
2009-02-19,13.83,14.37,13.7,14.25
2009-02-20,14.18,14.66,13.95,14.54
2009-02-23,14.44,15.5,14.36,15.34
2009-02-24,15.29,16.2,15.0,15.35
2009-02-25,15.32,15.53,14.21,14.93
2009-02-26,14.81,14.9,13.44,13.44
2009-02-27,13.02,13.1,12.1,12.1
2009-03-02,11.61,12.5,11.5,12.29
2009-03-03,11.89,12.28,11.52,11.94
2009-03-04,11.93,12.95,11.8,12.95
2009-03-05,13.01,13.43,12.51,12.9
2009-03-06,12.5,12.89,12.38,12.56
2009-03-09,12.53,12.92,12.0,12.15
2009-03-10,12.0,12.66,12.0,12.58
2009-03-11,12.7,13.0,12.45,12.53
2009-03-12,12.4,13.49,12.4,13.49
2009-03-13,13.58,13.83,13.13,13.16
2009-03-16,13.11,13.45,13.06,13.25
2009-03-17,13.4,13.75,13.15,13.65
2009-03-18,13.65,14.0,13.6,13.82
2009-03-19,13.93,14.01,13.61,13.95
2009-03-20,13.94,13.94,13.41,13.61
2009-03-23,13.68,14.39,13.45,14.35
2009-03-24,14.27,14.5,14.05,14.24
2009-03-25,14.1,14.34,13.5,13.52
2009-03-26,13.52,14.18,13.52,14.1
2009-03-27,14.36,15.5,14.35,14.9
2009-03-30,14.9,16.39,14.8,16.1
2009-03-31,15.48,17.56,15.01,17.19
2009-04-01,17.01,17.61,16.6,16.79
2009-04-02,16.89,17.59,16.8,16.85
2009-04-03,16.91,17.17,16.2,16.43
2009-04-07,16.6,16.94,16.33,16.75
2009-04-08,16.65,16.76,16.01,16.06
2009-04-09,16.06,16.34,15.56,16.19
2009-04-10,16.45,17.29,16.2,17.0
2009-04-13,17.05,17.42,17.0,17.22
2009-04-14,17.21,18.5,16.9,18.45
2009-04-15,18.3,19.88,18.02,19.31
2009-04-16,19.38,20.35,18.98,19.2
2009-04-17,19.44,19.8,18.12,19.05
2009-04-20,19.44,20.87,19.44,20.82
2009-04-22,20.4,20.53,18.74,18.74
2009-04-23,17.9,18.9,17.2,18.42
2009-04-24,18.52,18.55,17.77,17.77
2009-04-27,17.74,17.75,16.51,16.63
2009-04-28,16.65,17.2,16.6,17.05
2009-04-29,16.8,18.2,16.8,18.01
2009-04-30,18.01,18.29,17.73,17.92
2009-05-04,17.9,18.67,17.9,18.6
2009-05-05,18.82,19.46,18.82,19.1
2009-05-06,19.15,20.49,18.9,20.09
2009-05-07,20.09,20.38,19.0,19.61
2009-05-08,19.21,19.59,18.67,18.95
2009-05-11,18.89,18.95,17.76,17.8
2009-05-12,17.81,18.95,17.68,18.94
2009-05-13,19.0,19.36,18.62,19.1
2009-05-14,19.0,19.08,18.55,18.77
2009-05-15,18.55,19.38,18.55,19.03
2009-05-18,19.25,20.0,18.5,19.85
2009-05-19,19.55,19.9,19.48,19.5
2009-05-20,19.52,19.97,18.91,19.3
2009-05-21,19.3,19.48,18.76,18.81
2009-05-22,18.7,19.36,18.7,19.01
2009-05-25,18.78,20.65,18.61,20.5
2009-05-26,20.39,21.47,19.85,19.94
2009-05-27,20.2,20.6,19.7,20.28
2009-06-01,20.51,21.08,19.95,20.54
2009-06-02,13.8,13.8,13.14,13.2
2009-06-03,13.2,13.49,13.04,13.32
2009-06-04,13.32,13.32,12.87,13.04
2009-06-05,13.11,13.4,12.88,13.25
2009-06-08,13.23,13.28,12.94,12.99
2009-06-09,13.0,13.28,12.6,13.21
2009-06-10,13.21,13.25,13.01,13.15
2009-06-11,13.15,13.26,13.01,13.08
2009-06-12,13.0,13.08,12.48,12.55
2009-06-15,12.54,12.78,12.4,12.74
2009-06-17,12.6,12.78,12.5,12.67
2009-06-18,12.67,12.99,12.65,12.95
2009-06-19,12.9,12.97,12.58,12.72
2009-06-22,13.03,13.99,13.03,13.99
2009-06-23,14.3,15.39,14.29,15.39
2009-06-24,15.51,16.77,15.01,15.35
2009-06-25,15.0,15.19,14.55,14.85
2009-06-26,14.8,14.8,14.4,14.53
2009-06-29,14.59,14.97,14.51,14.63
2009-06-30,14.52,14.6,14.16,14.24
2009-07-01,14.26,14.46,14.1,14.44
2009-07-02,14.44,15.5,14.2,15.33
2009-07-03,14.99,15.1,14.76,14.85
2009-07-06,14.85,14.85,14.36,14.43
2009-07-07,14.42,15.03,14.3,14.51
2009-07-08,14.31,14.9,14.28,14.68
2009-07-09,14.68,15.4,14.65,15.22
2009-07-10,15.18,15.18,14.81,14.91
2009-07-13,14.86,15.3,14.81,15.03
2009-07-14,15.17,15.26,14.92,15.26
2009-07-15,15.39,16.79,15.1,16.77
2009-07-16,16.55,16.67,15.81,15.98
2009-07-17,16.0,16.2,15.8,16.0
2009-07-20,16.0,17.2,16.0,16.7
2009-07-21,16.51,17.54,16.27,16.96
2009-07-22,16.98,17.6,16.68,16.82
2009-07-23,16.73,17.07,16.6,16.96
2009-07-24,16.96,17.15,16.07,16.46
2009-07-27,16.39,16.8,16.32,16.47
2009-07-28,16.5,17.2,16.11,16.78
2009-07-29,16.7,16.7,15.1,15.33
2009-07-30,15.5,15.9,14.81,15.57
2009-07-31,15.8,16.16,15.58,15.97
2009-08-03,15.97,16.21,15.85,16.1
2009-08-04,16.1,16.48,15.92,16.44
2009-08-05,16.45,17.05,16.2,16.93
2009-08-06,16.6,17.5,16.32,16.96
2009-08-07,16.9,17.05,16.15,16.25
2009-08-10,16.51,16.69,15.72,16.25
2009-08-11,16.26,16.47,15.91,16.16
2009-08-12,16.17,16.19,14.97,15.0
2009-08-13,15.0,15.38,14.91,15.27
2009-08-14,15.28,15.45,14.21,14.32
2009-08-17,14.3,14.3,12.97,13.02
2009-08-18,13.01,13.51,12.88,13.46
2009-08-19,13.54,13.6,12.51,12.57
2009-08-20,12.58,13.28,12.58,13.2
2009-08-21,13.1,13.81,13.04,13.76
2009-08-24,13.76,14.22,13.45,14.06
2009-08-25,13.95,14.0,13.05,13.63
2009-08-26,13.66,14.29,13.54,14.06
2009-08-27,14.06,14.38,13.81,14.09
2009-08-28,14.0,14.2,13.66,13.76
2009-08-31,13.75,13.75,12.7,12.71
2009-09-01,12.66,12.95,12.58,12.73
2009-09-02,12.9,13.2,12.73,13.02
2009-09-03,13.06,13.79,12.9,13.61
2009-09-04,13.6,13.99,13.46,13.83
2009-09-07,13.87,14.2,13.72,14.2
2009-09-08,14.27,14.3,13.86,14.14
2009-09-09,14.17,14.27,13.85,14.15
2009-09-10,14.13,14.19,13.72,13.81
2009-09-11,13.67,14.24,13.65,14.15
2009-09-14,14.2,15.57,14.05,15.57
2009-09-15,15.4,16.09,15.03,15.36
2009-09-16,15.19,15.42,14.89,15.19
2009-09-17,15.19,16.09,15.19,15.6
2009-09-18,15.68,16.34,15.21,15.41
2009-09-21,15.75,16.93,15.75,16.5
2009-09-22,16.4,16.49,16.0,16.02
2009-09-23,17.05,17.62,17.05,17.62
2009-09-24,17.6,19.38,17.01,18.35
2009-09-25,17.5,17.7,16.52,16.52
2009-09-28,15.91,16.58,15.04,15.25
2009-09-29,14.96,15.2,13.98,14.48
2009-09-30,14.63,15.25,14.55,14.84
2009-10-09,15.09,15.78,14.8,15.69
2009-10-12,15.49,16.21,15.31,15.77
2009-10-13,15.62,15.96,15.4,15.94
2009-10-14,15.83,16.88,15.83,16.7
2009-10-15,16.6,17.19,16.4,16.69
2009-10-19,16.65,17.12,16.33,16.87
2009-10-20,17.0,17.54,16.8,17.04
2009-10-21,16.91,17.0,16.5,16.5
2009-10-22,16.35,16.8,16.3,16.56
2009-10-23,16.68,17.29,16.51,17.01
2009-10-26,17.05,17.46,16.99,17.31
2009-10-27,17.16,17.16,16.39,16.41
2009-10-28,16.38,16.62,16.02,16.62
2009-10-29,16.18,16.36,15.97,15.97
2009-10-30,16.28,16.45,16.02,16.03
2009-11-02,15.6,16.39,15.3,16.39
2009-11-03,16.39,17.3,16.39,17.12
2009-11-04,17.23,17.58,17.01,17.13
2009-11-05,17.25,18.6,17.25,18.58
2009-11-06,18.35,18.66,18.0,18.13
2009-11-09,18.09,18.86,17.89,18.52
2009-11-10,18.37,18.72,18.17,18.27
2009-11-11,18.27,18.57,18.18,18.39
2009-11-12,18.33,18.77,18.08,18.17
2009-11-13,18.2,19.18,18.1,19.01
2009-11-16,19.27,20.0,19.0,19.03
2009-11-17,19.05,20.86,18.81,20.2
2009-11-18,19.8,19.98,19.6,19.84
2009-11-19,19.8,19.93,19.2,19.63
2009-11-20,19.36,19.91,19.31,19.66
2009-11-23,19.8,20.2,19.5,20.06
2009-11-24,20.03,20.18,18.35,18.45
2009-11-25,18.2,18.97,18.15,18.94
2009-11-26,18.88,18.9,17.61,17.86
2009-11-27,18.2,19.35,18.19,18.58
2009-11-30,18.78,20.39,18.78,20.36
2009-12-01,20.0,20.6,19.7,20.6
2009-12-02,20.6,20.8,20.05,20.35
2009-12-03,20.17,21.2,20.17,20.75
2009-12-04,20.65,20.8,19.13,19.71
2009-12-07,19.81,20.35,19.73,19.98
2009-12-08,19.9,20.88,19.7,20.39
2009-12-09,20.0,20.09,19.5,19.6
2009-12-10,19.6,20.09,19.39,19.74
2009-12-11,19.83,20.48,19.51,20.1
2009-12-14,20.01,20.3,19.52,19.87
2009-12-15,19.97,20.5,19.8,20.18
2009-12-16,20.17,20.28,19.7,19.78
2009-12-17,19.98,20.1,18.9,18.92
2009-12-18,18.73,19.15,18.2,18.6
2009-12-21,18.62,18.93,18.5,18.91
2009-12-22,19.02,19.3,18.3,18.41
2009-12-23,18.52,18.79,18.28,18.7
2009-12-24,18.8,19.27,18.7,19.21
2009-12-25,19.07,19.5,18.91,19.3
2009-12-28,19.6,19.72,19.2,19.55
2009-12-29,19.4,19.8,19.3,19.71
2009-12-30,19.9,19.96,19.33,19.4
2009-12-31,19.3,19.47,19.0,19.33
2010-01-04,19.38,19.75,19.33,19.58
2010-01-05,19.66,20.2,19.4,20.12
2010-01-06,20.19,20.4,19.81,20.12
2010-01-07,20.0,20.2,18.97,19.4
2010-01-08,19.06,19.64,19.0,19.55
2010-01-11,19.27,19.69,19.11,19.45
2010-01-12,19.43,20.09,19.3,20.07
2010-01-13,19.72,20.12,19.5,19.65
2010-01-14,19.8,20.9,19.66,20.75
2010-01-18,20.7,20.87,20.18,20.74
2010-01-19,20.74,20.85,20.36,20.39
2010-01-20,20.39,22.05,20.2,20.94
2010-01-21,20.53,20.89,19.97,20.5
2010-01-22,20.0,20.38,19.0,19.67
2010-01-25,19.6,19.9,18.8,18.98
2010-01-26,19.0,19.3,18.03,18.49
2010-01-27,18.21,18.55,18.0,18.3
2010-01-28,18.3,18.9,18.3,18.64
2010-01-29,18.5,19.08,18.31,18.62
2010-02-01,18.6,18.89,17.4,18.03
2010-02-02,18.17,18.36,17.53,17.61
2010-02-03,17.8,17.8,16.6,17.56
2010-02-04,17.57,18.09,17.45,17.85
2010-02-05,17.28,17.74,17.1,17.22
2010-02-08,17.23,17.49,17.02,17.24
2010-02-09,17.2,17.55,17.0,17.52
2010-02-10,17.52,17.69,17.35,17.69
2010-02-11,17.69,17.8,17.59,17.7
2010-02-12,17.85,17.97,17.72,17.84
2010-02-22,17.84,18.59,17.7,18.2
2010-02-23,18.15,18.36,17.7,18.14
2010-02-24,17.9,18.78,17.85,18.58
2010-02-25,18.59,18.88,18.53,18.68
2010-02-26,18.69,18.96,18.55,18.8
2010-03-01,18.8,19.24,18.8,18.93
2010-03-02,19.05,19.85,19.01,19.49
2010-03-03,19.31,21.44,19.22,21.44
2010-03-04,22.05,23.57,20.96,22.58
2010-03-05,22.23,22.29,21.2,21.33
2010-03-08,21.3,22.4,21.15,21.62
2010-03-09,21.21,21.99,20.55,21.88
2010-03-10,21.5,22.47,20.98,21.9
2010-03-11,21.7,23.5,21.53,22.36
2010-03-12,22.09,23.1,21.81,21.9
2010-03-15,21.51,21.95,20.68,20.81
2010-03-16,20.7,21.32,20.61,21.0
2010-03-17,21.05,21.75,20.83,21.69
2010-03-18,21.76,23.49,21.75,22.67
2010-03-19,22.56,23.36,22.32,23.26
2010-03-22,23.19,23.98,22.87,22.95
2010-03-23,22.83,23.6,22.69,23.43
2010-03-24,23.5,23.55,22.9,22.97
2010-03-25,22.7,23.0,22.3,22.31
2010-03-26,22.28,22.8,21.93,22.72
2010-03-29,22.72,22.85,22.03,22.37
2010-03-30,22.45,22.84,22.17,22.64
2010-03-31,22.85,24.61,22.85,24.59
2010-04-01,24.06,24.67,24.0,24.35
2010-04-02,24.42,24.58,24.0,24.36
2010-04-06,24.17,24.53,23.66,23.9
2010-04-07,23.7,24.48,23.65,24.14
2010-04-08,24.06,24.3,23.78,23.9
2010-04-09,23.9,25.76,23.77,25.08
2010-04-12,25.2,25.5,24.7,25.3
2010-04-13,25.05,25.3,23.3,24.05
2010-04-14,24.0,24.3,23.7,24.05
2010-04-15,24.05,24.05,22.83,22.86
2010-04-16,22.76,23.25,22.01,22.92
2010-04-19,22.6,23.4,22.21,22.21
2010-04-20,22.34,22.9,21.72,22.87
2010-04-21,22.99,24.05,22.92,23.9
2010-04-22,23.8,24.59,23.67,24.1
2010-04-26,25.21,25.4,24.18,24.25
2010-04-27,24.0,24.0,22.7,23.24
2010-04-28,22.8,23.35,22.66,23.07
2010-04-29,23.05,23.59,21.6,21.69
2010-04-30,21.05,21.57,20.0,20.27
2010-05-04,19.81,20.69,19.4,20.45
2010-05-05,20.3,21.32,20.0,21.27
2010-05-06,21.27,21.78,20.66,20.66
2010-05-07,19.8,20.8,19.8,20.45
2010-05-10,20.29,20.8,19.6,20.02
2010-05-11,20.5,20.7,19.0,19.1
2010-05-12,19.15,19.47,18.15,18.32
2010-05-13,18.35,19.18,17.51,19.15
2010-05-14,18.9,19.75,18.75,19.36
2010-05-17,18.69,19.2,17.6,17.73
2010-05-18,17.85,18.67,17.6,18.54
2010-05-19,18.3,19.09,18.21,18.66
2010-05-20,18.3,18.98,18.21,18.55
2010-05-21,18.01,19.4,17.8,19.24
2010-05-24,19.5,20.09,19.39,19.93
2010-05-25,19.7,20.16,19.52,19.9
2010-05-26,20.02,21.58,20.02,20.3
2010-05-27,20.3,20.69,19.61,20.54
2010-05-28,20.94,20.94,20.26,20.4
2010-05-31,20.25,20.47,19.64,19.65
2010-06-01,19.9,20.5,19.61,20.25
2010-06-02,20.18,20.35,19.72,20.35
2010-06-03,20.55,20.63,20.0,20.0
2010-06-04,20.0,20.38,19.77,20.3
2010-06-07,19.9,20.86,19.55,20.67
2010-06-08,13.77,14.16,13.63,14.13
2010-06-09,14.34,14.38,13.89,14.21
2010-06-10,14.15,14.95,14.05,14.73
2010-06-11,14.78,15.09,14.5,14.73
2010-06-17,14.75,14.95,14.06,14.1
2010-06-18,14.1,14.37,13.3,13.52
2010-06-21,13.52,13.96,13.08,13.95
2010-06-22,13.9,14.5,13.83,14.42
2010-06-23,14.26,14.39,13.85,14.12
2010-06-24,14.0,14.21,13.91,14.05
2010-06-25,14.05,14.05,13.62,13.82
2010-06-28,13.94,13.94,13.3,13.34
2010-06-29,13.27,13.48,12.4,12.43
2010-06-30,12.38,12.38,11.41,11.88
2010-07-01,11.89,12.04,11.64,11.68
2010-07-02,11.59,11.68,10.77,11.43
2010-07-05,11.0,11.32,10.86,11.14
2010-07-06,11.1,11.63,11.03,11.56
2010-07-07,11.65,12.0,11.56,11.98
2010-07-08,12.1,12.25,11.66,11.9
2010-07-09,11.93,12.38,11.71,12.29
2010-07-12,12.3,12.43,12.15,12.31
2010-07-13,12.14,12.83,11.93,12.56
2010-07-14,12.51,12.79,12.42,12.67
2010-07-15,12.5,12.68,11.9,11.99
2010-07-16,11.93,12.24,11.7,12.16
2010-07-19,11.98,12.47,11.88,12.43
2010-07-20,12.48,13.36,12.4,13.16
2010-07-21,13.44,14.48,13.43,14.48
2010-07-22,14.48,15.47,14.3,14.8
2010-07-23,14.64,15.38,14.53,15.18
2010-07-26,15.14,15.27,14.9,15.16
2010-07-27,15.06,15.45,14.93,15.37
2010-07-28,15.35,15.93,14.98,15.68
2010-07-29,15.6,15.78,15.3,15.46
2010-07-30,15.39,15.65,15.22,15.43
2010-08-02,15.46,15.65,15.32,15.54
2010-08-03,15.6,16.33,15.35,15.72
2010-08-04,15.45,15.55,14.64,15.17
2010-08-05,14.97,15.11,14.65,14.83
2010-08-06,14.75,15.58,14.72,15.58
2010-08-09,15.67,16.19,15.53,15.86
2010-08-10,15.76,15.79,14.92,14.92
2010-08-11,15.0,15.26,14.9,15.22
2010-08-12,15.0,16.74,14.85,16.5
2010-08-13,16.24,16.59,15.86,16.44
2010-08-16,16.33,16.74,16.12,16.58
2010-08-17,16.7,17.37,16.4,17.03
2010-08-18,16.83,16.98,16.51,16.64
2010-08-19,16.68,16.73,16.25,16.45
2010-08-20,16.33,16.7,16.2,16.49
2010-08-23,16.52,17.17,16.51,16.69
2010-08-24,16.58,17.5,16.5,17.5
2010-08-25,17.3,17.57,16.9,16.93
2010-08-26,16.96,17.16,16.48,16.62
2010-08-27,16.62,17.24,16.6,16.85
2010-08-30,16.76,17.37,16.73,17.32
2010-08-31,17.26,18.1,16.9,17.66
2010-09-01,17.78,18.08,16.93,17.2
2010-09-02,17.4,18.27,17.08,18.08
2010-09-03,18.08,19.3,17.85,19.3
2010-09-06,19.76,20.36,18.37,18.98
2010-09-07,18.5,18.99,18.35,18.78
2010-09-08,19.11,19.74,19.06,19.2
2010-09-09,19.35,19.65,18.5,18.6
2010-09-10,18.6,18.87,18.13,18.79
2010-09-13,18.7,19.33,18.66,19.02
2010-09-14,19.01,19.86,19.01,19.75
2010-09-15,19.82,19.95,18.85,18.96
2010-09-16,18.83,19.09,17.96,18.28
2010-09-17,18.12,18.55,18.0,18.23
2010-09-21,18.28,18.59,17.78,17.84
2010-09-27,17.91,18.85,17.91,18.75
2010-09-28,18.76,19.04,18.41,18.89
2010-09-29,18.5,18.97,18.43,18.54
2010-09-30,18.22,18.85,18.22,18.75
2010-10-08,18.8,19.39,18.8,19.28
2010-10-11,19.32,19.48,18.8,19.3
2010-10-12,19.25,19.25,18.9,19.02
2010-10-13,19.0,20.92,18.95,20.92
2010-10-14,21.38,22.98,20.08,22.66
2010-10-15,22.8,24.93,22.78,24.93
2010-10-18,25.1,27.4,22.99,26.13
2010-10-19,25.3,25.98,24.0,25.52
2010-10-20,24.6,27.0,24.0,25.9
2010-10-21,25.85,26.48,24.88,25.48
2010-10-22,25.38,26.38,24.73,24.99
2010-10-25,24.96,26.18,24.76,25.81
2010-10-26,25.99,28.3,25.99,27.52
2010-10-27,27.0,27.1,26.01,26.12
2010-10-28,26.0,26.95,25.71,26.4
2010-10-29,26.6,27.3,26.1,26.27
2010-11-01,26.35,28.9,26.02,28.9
2010-11-02,29.0,31.7,28.8,28.95
2010-11-03,28.47,31.29,27.15,29.02
2010-11-04,28.45,30.59,28.18,29.4
2010-11-05,30.09,30.5,28.67,29.69
2010-11-08,29.3,29.79,28.5,28.95
2010-11-09,28.88,28.98,28.28,28.76
2010-11-10,28.75,29.23,28.52,29.23
2010-11-12,28.5,28.55,26.31,26.31
2010-11-15,25.95,26.96,24.0,26.55
2010-11-16,26.33,26.33,23.95,24.1
2010-11-17,23.88,25.35,23.41,24.09
2010-11-18,24.18,24.85,23.56,24.3
2010-11-19,24.6,24.68,23.79,24.63
2010-11-22,24.51,25.8,24.3,25.59
2010-11-23,25.35,25.5,23.99,24.45
2010-11-24,24.1,25.32,24.0,25.18
2010-11-25,25.52,26.14,25.3,25.5
2010-11-26,25.45,26.04,24.8,25.89
2010-11-29,25.51,26.35,25.32,26.3
2010-11-30,26.15,26.72,24.0,25.36
2010-12-01,26.0,26.36,25.03,25.17
2010-12-02,25.32,25.48,24.81,24.9
2010-12-03,24.81,25.16,24.06,24.35
2010-12-06,24.3,24.33,23.31,23.45
2010-12-07,23.31,23.85,22.31,23.75
2010-12-08,23.65,24.1,23.43,23.81
2010-12-09,23.6,23.6,22.6,22.69
2010-12-10,22.5,23.29,22.4,23.15
2010-12-13,23.48,25.47,23.2,25.37
2010-12-14,25.4,26.3,25.02,25.75
2010-12-15,25.49,25.99,25.15,25.24
2010-12-16,25.15,25.5,25.0,25.12
2010-12-17,25.14,25.6,24.95,25.38
2010-12-20,25.5,25.89,23.5,25.4
2010-12-21,25.28,25.4,24.6,25.26
2010-12-22,25.3,26.26,25.18,25.71
2010-12-23,25.8,25.8,24.78,24.84
2010-12-24,24.31,24.6,22.98,23.26
2010-12-27,23.3,23.89,22.3,22.4
2010-12-28,22.4,22.45,21.38,21.56
2010-12-29,21.56,22.19,21.56,22.1
2010-12-30,22.15,22.5,21.73,22.29
2010-12-31,22.26,23.25,22.2,23.13
2011-01-04,24.55,25.06,23.7,23.8
2011-01-05,23.6,26.18,23.45,26.18
2011-01-06,25.8,25.9,25.03,25.15
2011-01-07,25.0,25.5,24.22,24.49
2011-01-10,24.5,25.12,23.78,24.02
2011-01-11,23.67,23.94,23.05,23.51
2011-01-12,23.7,23.97,22.61,23.28
2011-01-13,23.5,23.59,22.9,23.45
2011-01-14,23.23,23.25,22.66,22.82
2011-01-17,22.5,23.24,22.0,22.46
2011-01-18,22.2,22.8,22.03,22.78
2011-01-19,22.66,24.52,22.6,24.12
2011-01-20,23.89,23.89,22.5,22.56
2011-01-21,22.35,23.51,22.2,22.92
2011-01-24,22.96,23.02,22.21,22.21
2011-01-25,22.1,22.22,21.04,21.15
2011-01-26,21.14,21.87,21.1,21.64
2011-01-27,21.58,23.0,21.22,22.44
2011-01-28,22.25,22.88,22.19,22.56
2011-01-31,22.41,23.35,22.41,23.17
2011-02-01,23.15,24.25,23.15,23.39
2011-02-09,23.05,23.98,23.0,23.15
2011-02-10,23.0,23.6,22.9,23.58
2011-02-11,23.58,23.98,23.3,23.61
2011-02-14,23.61,24.69,23.58,24.37
2011-02-15,24.29,24.85,23.83,24.37
2011-02-16,24.1,25.11,24.09,24.84
2011-02-17,24.93,26.1,24.34,25.78
2011-02-18,25.6,25.6,24.76,24.78
2011-02-21,24.48,25.44,24.38,25.21
2011-02-22,25.58,25.99,24.5,24.58
2011-02-23,24.33,25.68,24.33,25.25
2011-02-24,25.0,25.38,24.9,25.3
2011-02-25,25.25,26.95,25.25,26.34
2011-02-28,26.65,27.5,26.12,27.34
2011-03-01,27.29,27.29,26.39,26.66
2011-03-02,26.5,27.12,25.9,26.7
2011-03-03,26.66,26.87,25.3,25.35
2011-03-04,25.37,25.8,25.03,25.71
2011-03-07,26.03,26.57,25.41,26.55
2011-03-09,26.81,26.89,26.14,26.28
2011-03-10,26.18,26.27,25.41,25.41
2011-03-11,25.3,25.84,25.22,25.24
2011-03-14,23.99,24.68,23.61,24.25
2011-03-15,23.78,23.78,22.66,22.99
2011-03-16,23.01,23.6,23.01,23.35
2011-03-17,21.5,22.0,21.06,21.59
2011-03-18,21.6,21.98,21.2,21.86
2011-03-21,22.0,23.59,21.96,22.77
2011-03-22,22.7,22.7,21.87,22.26
2011-03-23,22.27,22.39,21.9,22.32
2011-03-24,22.3,22.3,21.9,21.92
2011-03-25,21.88,21.95,21.4,21.72
2011-03-28,21.62,21.62,21.02,21.16
2011-03-29,21.12,21.12,19.8,19.96
2011-03-30,19.79,20.42,19.61,20.27
2011-03-31,20.3,20.8,20.3,20.42
2011-04-01,20.5,20.67,19.86,20.25
2011-04-06,20.17,20.17,19.2,19.47
2011-04-07,19.44,19.96,19.11,19.7
2011-04-08,19.54,20.18,19.25,20.13
2011-04-11,20.34,20.35,19.9,19.95
2011-04-12,19.94,19.94,19.35,19.5
2011-04-13,19.5,20.1,19.22,20.08
2011-04-14,20.1,20.4,19.9,20.2
2011-04-15,20.2,20.2,19.65,19.78
2011-04-18,19.6,19.78,19.54,19.57
2011-04-19,19.5,19.52,19.11,19.19
2011-04-20,19.28,19.7,19.26,19.5
2011-04-21,19.5,19.92,19.37,19.9
2011-04-22,19.85,19.98,19.56,19.7
2011-04-25,19.7,19.72,19.2,19.23
2011-04-26,19.2,19.33,18.34,18.37
2011-04-27,18.4,18.62,17.6,17.76
2011-04-28,17.62,17.84,16.78,16.79
2011-04-29,16.8,17.46,16.8,17.39
2011-05-03,17.45,19.13,17.3,19.13
2011-05-04,19.17,19.38,18.06,18.56
2011-05-05,18.36,18.48,17.9,18.21
2011-05-06,18.06,18.55,17.85,18.27
2011-05-09,18.61,20.1,18.61,20.03
2011-05-10,19.97,19.97,19.21,19.7
2011-05-11,19.7,19.79,19.22,19.56
2011-05-12,19.3,19.75,19.2,19.48
2011-05-13,19.48,19.9,19.24,19.7
2011-05-16,19.78,20.09,19.53,19.58
2011-05-17,19.45,19.47,18.5,18.68
2011-05-18,18.66,19.05,18.61,18.85
2011-05-19,18.89,18.95,18.58,18.6
2011-05-20,18.53,18.69,18.53,18.6
2011-05-23,18.75,19.17,18.0,18.23
2011-05-24,18.06,18.79,17.46,18.66
2011-05-25,18.61,18.8,18.13,18.34
2011-06-03,15.6,16.55,15.3,16.29
2011-06-07,16.0,16.48,15.91,16.3
2011-06-08,16.28,16.46,15.89,16.1
2011-06-09,16.1,16.27,15.55,15.59
2011-06-10,15.37,15.7,15.06,15.2
2011-06-13,15.1,15.1,14.45,14.8
2011-06-14,14.79,15.28,14.7,15.2
2011-06-15,15.28,15.36,14.94,14.95
2011-06-16,14.8,14.8,14.3,14.31
2011-06-17,14.32,14.5,14.0,14.0
2011-06-20,13.99,14.1,13.3,13.39
2011-06-21,13.42,13.56,13.3,13.55
2011-06-22,13.62,14.65,13.62,14.05
2011-06-23,13.92,14.3,13.65,14.18
2011-06-24,14.23,14.63,14.13,14.52
2011-06-27,14.87,15.88,14.64,15.33
2011-06-28,15.32,15.74,15.0,15.4
2011-06-29,15.3,15.34,15.0,15.02
2011-06-30,15.02,15.31,14.92,15.17
2011-07-01,15.18,15.32,15.04,15.06
2011-07-04,15.06,15.5,15.06,15.5
2011-07-05,15.64,15.82,15.53,15.72
2011-07-06,15.6,15.61,15.3,15.49
2011-07-07,15.52,15.74,15.36,15.46
2011-07-08,15.4,15.53,15.1,15.24
2011-07-11,15.2,15.3,14.92,15.29
2011-07-12,15.2,15.2,14.87,14.89
2011-07-13,14.83,15.35,14.83,15.35
2011-07-14,15.44,15.95,15.37,15.9
2011-07-15,15.85,15.93,15.68,15.8
2011-07-19,16.36,16.77,15.9,15.96
2011-07-20,15.91,16.15,15.51,15.71
2011-07-21,15.65,15.95,15.53,15.72
2011-07-22,15.79,16.49,15.79,16.13
2011-07-25,16.1,16.1,14.88,15.06
2011-07-26,15.0,15.01,14.5,14.79
2011-07-27,14.8,15.0,14.51,14.9
2011-07-28,14.8,15.3,14.54,15.03
2011-07-29,14.96,15.06,14.53,14.65
2011-08-01,14.54,14.9,14.54,14.75
2011-08-02,14.75,14.89,14.32,14.62
2011-08-03,14.51,14.88,14.32,14.69
2011-08-04,14.7,14.96,14.7,14.89
2011-08-05,14.04,14.64,14.04,14.48
2011-08-08,14.25,14.3,13.1,13.4
2011-08-09,12.98,13.39,12.31,13.14
2011-08-10,13.44,14.45,13.44,14.45
2011-08-11,14.19,14.58,14.0,14.42
2011-08-12,14.58,14.65,14.32,14.55
2011-08-15,14.48,14.85,14.47,14.66
2011-08-16,14.7,14.78,14.35,14.39
2011-08-17,14.33,14.98,14.2,14.73
2011-08-18,14.65,14.65,14.26,14.28
2011-08-19,13.71,14.08,13.57,13.87
2011-08-22,13.76,14.06,13.7,13.78
2011-08-23,13.94,14.24,13.86,14.19
2011-08-24,14.18,14.49,14.11,14.22
2011-08-25,14.23,14.59,14.05,14.55
2011-08-26,14.5,14.76,14.4,14.71
2011-08-29,14.67,14.67,14.4,14.41
2011-08-30,14.59,14.81,14.15,14.15
2011-08-31,14.22,14.35,14.01,14.16
2011-09-01,14.11,14.3,13.94,14.09
2011-09-02,14.06,14.16,13.84,13.95
2011-09-05,13.85,13.85,13.44,13.45
2011-09-06,13.3,13.59,13.21,13.34
2011-09-07,13.46,13.77,13.46,13.77
2011-09-08,13.8,13.93,13.6,13.62
2011-09-09,13.62,13.76,13.38,13.42
2011-09-13,13.16,13.16,12.89,13.07
2011-09-14,13.1,13.33,12.91,13.33
2011-09-15,13.31,13.5,13.3,13.36
2011-09-16,13.37,13.52,13.25,13.26
2011-09-19,13.16,13.16,12.9,12.92
2011-09-20,13.0,13.68,12.9,13.43
2011-09-21,14.2,14.5,13.97,14.43
2011-09-22,14.15,14.73,14.13,14.31
2011-09-23,14.0,15.7,13.82,15.58
2011-09-26,15.3,15.88,15.16,15.43
2011-09-27,15.56,15.75,15.17,15.46
2011-09-28,15.65,15.85,14.83,15.04
2011-09-29,14.7,14.99,14.25,14.52
2011-09-30,14.58,15.83,14.5,15.68
2011-10-10,15.52,16.5,15.4,16.28
2011-10-11,16.47,16.81,15.6,16.15
2011-10-12,15.94,16.87,15.4,16.79
2011-10-13,16.6,17.07,16.39,16.73
2011-10-14,16.51,16.67,16.12,16.23
2011-10-17,16.22,16.86,16.01,16.75
2011-10-18,16.5,16.67,15.3,15.52
2011-10-19,15.52,16.43,15.32,15.82
2011-10-20,15.6,15.98,15.35,15.8
2011-10-21,15.52,15.87,14.71,14.75
2011-10-24,14.7,15.15,13.6,15.1
2011-10-25,14.98,15.86,14.76,15.67
2011-10-26,15.4,16.56,15.35,15.96
2011-10-27,15.97,16.49,15.68,15.75
2011-10-28,16.01,16.74,15.8,16.66
2011-10-31,16.5,17.33,16.49,17.03
2011-11-01,16.8,17.03,16.43,16.75
2011-11-02,16.41,17.5,16.14,17.25
2011-11-03,17.36,18.43,17.0,17.01
2011-11-04,16.87,17.25,16.6,16.9
2011-11-07,16.87,16.99,16.47,16.57
2011-11-08,16.5,16.87,16.5,16.59
2011-11-09,16.75,17.22,16.68,17.19
2011-11-10,16.9,17.08,16.67,16.68
2011-11-11,16.72,16.98,16.5,16.67
2011-11-14,16.88,17.23,16.88,17.2
2011-11-15,17.21,17.67,17.02,17.19
2011-11-16,17.1,17.33,16.51,16.63
2011-11-17,16.61,16.83,16.45,16.72
2011-11-18,16.5,16.65,15.68,15.74
2011-11-21,15.72,16.09,15.45,16.05
2011-11-22,15.84,16.6,15.6,16.6
2011-11-23,17.15,17.49,16.6,16.62
2011-11-24,16.0,16.44,15.91,16.17
2011-11-25,16.1,16.29,15.77,15.84
2011-11-28,16.0,16.15,15.67,16.0
2011-11-29,16.15,16.24,15.91,16.17
2011-11-30,15.8,15.89,14.55,14.55
2011-12-01,14.85,14.98,14.18,14.26
2011-12-02,14.0,14.0,13.31,13.48
2011-12-05,13.44,13.93,13.02,13.64
2011-12-06,13.48,14.02,13.36,13.8
2011-12-07,13.73,13.93,13.53,13.75
2011-12-08,13.81,13.94,13.39,13.64
2011-12-09,13.45,14.05,13.45,13.76
2011-12-12,13.7,13.7,13.31,13.39
2011-12-13,13.35,13.5,12.6,12.74
2011-12-14,12.71,12.89,12.4,12.47
2011-12-15,12.36,12.57,11.9,11.91
2011-12-16,11.91,12.57,11.9,12.55
2011-12-19,12.4,12.84,12.17,12.78
2011-12-20,12.7,12.92,12.58,12.63
2011-12-21,12.75,12.85,12.03,12.09
2011-12-22,11.99,12.07,11.18,11.83
2011-12-23,11.66,12.05,11.53,11.84
2011-12-26,11.88,12.1,11.71,11.82
2011-12-27,11.82,13.0,11.62,12.64
2011-12-28,12.0,12.93,12.0,12.81
2011-12-29,12.69,13.19,12.54,12.65
2011-12-30,12.69,12.97,12.69,12.86
2012-01-04,12.98,13.08,12.45,12.45
2012-01-05,12.15,12.29,11.8,12.04
2012-01-06,11.99,13.03,11.7,12.88
2012-01-09,12.7,13.35,12.48,13.32
2012-01-10,13.15,13.74,13.06,13.53
2012-01-11,13.55,14.3,13.4,13.61
2012-01-12,13.5,13.78,13.29,13.37
2012-01-13,13.31,13.41,12.7,12.93
2012-01-16,12.84,13.28,12.58,12.6
2012-01-17,12.62,13.53,12.43,13.48
2012-01-18,14.0,14.43,13.33,13.41
2012-01-19,13.1,13.52,12.81,13.36
2012-01-20,13.3,13.74,13.3,13.49
2012-01-30,13.7,13.95,13.46,13.5
2012-01-31,13.52,13.54,13.11,13.42
2012-02-01,13.38,13.59,13.18,13.25
2012-02-02,13.28,13.6,13.27,13.6
2012-02-03,13.58,13.77,13.43,13.74
2012-02-06,14.0,14.15,13.69,13.78
2012-02-08,13.73,14.56,13.71,14.55
2012-02-09,14.37,14.62,14.12,14.38
2012-02-10,14.28,14.43,14.11,14.42
2012-02-13,14.25,14.85,14.12,14.73
2012-02-14,14.7,14.85,14.4,14.41
2012-02-15,14.55,14.67,14.3,14.53
2012-02-16,14.41,14.53,14.2,14.38
2012-02-17,14.43,14.73,14.36,14.49
2012-02-20,14.65,14.71,14.28,14.3
2012-02-21,14.31,15.73,14.0,15.73
2012-02-22,15.88,15.98,15.47,15.77
2012-02-23,15.59,15.95,15.52,15.61
2012-02-24,15.55,15.95,15.51,15.73
2012-02-27,15.7,16.23,15.51,15.7
2012-02-28,15.51,15.8,15.23,15.8
2012-02-29,15.73,16.19,15.52,15.84
2012-03-01,15.59,16.1,15.59,15.91
2012-03-02,15.91,16.35,15.86,16.29
2012-03-05,16.43,16.6,16.15,16.22
2012-03-06,16.08,16.16,15.59,15.85
2012-03-07,15.56,16.14,15.5,16.05
2012-03-08,16.05,16.44,15.84,16.06
2012-03-09,16.07,16.37,15.88,16.28
2012-03-12,16.7,16.96,16.22,16.25
2012-03-13,16.05,17.47,16.03,16.88
2012-03-14,16.85,16.85,15.62,15.82
2012-03-15,15.88,16.3,15.23,15.91
2012-03-16,15.85,16.08,15.58,16.02
2012-03-19,16.02,16.17,15.8,16.16
2012-03-20,16.2,16.54,16.05,16.11
2012-03-22,15.95,16.5,15.61,16.5
2012-03-23,16.39,16.47,15.9,16.18
2012-03-26,16.29,16.49,16.0,16.25
2012-03-27,16.35,16.48,15.79,15.87
2012-03-28,15.64,15.64,14.46,14.5
2012-03-29,14.49,14.49,13.83,13.94
2012-03-30,13.94,14.2,13.75,13.88
2012-04-05,14.15,14.55,14.0,14.55
2012-04-06,14.6,15.19,14.4,15.05
2012-04-09,14.94,15.04,14.5,14.52
2012-04-10,14.39,15.39,14.11,15.31
2012-04-11,15.0,15.33,14.91,15.24
2012-04-12,15.24,15.46,15.1,15.38
2012-04-13,15.38,15.56,15.18,15.37
2012-04-16,15.24,15.51,15.15,15.33
2012-04-17,15.35,15.43,14.8,14.83
2012-04-18,14.92,15.47,14.87,15.34
2012-04-19,15.3,15.88,15.24,15.56
2012-04-23,15.51,15.85,15.4,15.54
2012-04-24,15.29,15.55,14.48,15.0
2012-04-25,14.99,16.39,14.66,16.04
2012-04-26,15.8,16.3,15.77,16.01
2012-04-27,16.04,16.08,15.65,15.79
2012-05-02,15.87,16.61,15.87,16.45
2012-05-03,16.4,16.4,16.06,16.26
2012-05-04,16.21,16.5,16.03,16.17
2012-05-07,16.05,16.07,15.79,16.07
2012-05-08,16.07,16.29,15.96,16.28
2012-05-09,16.06,16.21,15.72,15.9
2012-05-10,16.35,16.55,15.9,15.95
2012-05-11,16.09,16.19,15.79,15.9
2012-05-14,16.05,16.05,15.55,15.6
2012-05-15,15.38,15.49,15.2,15.47
2012-05-16,15.45,15.51,15.11,15.12
2012-05-17,15.13,15.37,15.0,15.27
2012-05-18,15.22,15.7,15.13,15.24
2012-05-21,15.22,15.55,14.99,15.4
2012-05-22,15.45,15.99,15.38,15.91
2012-05-23,15.77,15.87,15.5,15.73
2012-05-24,15.79,16.2,15.73,15.81
2012-05-25,15.8,16.19,15.66,16.09
2012-05-28,16.13,16.82,15.66,16.59
2012-05-29,16.57,17.18,16.43,16.59
2012-05-30,16.44,17.58,16.39,17.2
2012-05-31,17.2,17.2,16.81,17.13
2012-06-01,11.58,11.8,11.18,11.22
2012-06-04,10.79,11.04,10.65,10.65
2012-06-05,10.77,10.85,10.5,10.58
2012-06-06,10.75,10.8,10.54,10.69
2012-06-07,10.84,10.9,10.32,10.38
2012-06-08,10.5,10.66,10.2,10.45
2012-06-11,10.58,10.86,10.52,10.85
2012-06-12,10.77,10.89,10.62,10.66
2012-06-13,10.71,10.95,10.46,10.92
2012-06-14,10.83,10.94,10.68,10.69
2012-06-15,10.73,10.85,10.5,10.67
2012-06-18,10.94,11.09,10.81,11.04
2012-06-19,11.0,11.0,10.85,10.85
2012-06-20,10.9,10.98,10.78,10.79
2012-06-21,10.79,10.79,10.5,10.55
2012-06-25,10.49,10.49,10.12,10.13
2012-06-26,10.05,10.29,9.91,10.2
2012-06-27,10.17,10.68,10.08,10.43
2012-06-28,10.43,10.76,10.39,10.54
2012-06-29,10.4,10.72,10.4,10.62
2012-07-02,10.72,10.99,10.6,10.84
2012-07-03,10.75,10.93,10.61,10.86
2012-07-04,10.88,11.95,10.78,11.95
2012-07-05,11.68,11.75,11.36,11.61
2012-07-06,11.5,11.81,11.3,11.6
2012-07-09,11.47,11.81,11.36,11.5
2012-07-10,11.39,11.83,11.1,11.6
2012-07-11,11.4,11.68,11.15,11.46
2012-07-12,11.41,11.95,11.4,11.83
2012-07-13,11.75,11.84,11.2,11.2
2012-07-16,10.86,10.86,10.08,10.08
2012-07-17,9.84,10.07,9.55,9.82
2012-07-18,9.88,10.08,9.72,9.99
2012-07-19,9.9,10.2,9.85,10.04
2012-07-20,10.0,10.15,9.81,10.11
2012-07-23,10.1,10.1,9.9,9.96
2012-07-24,9.8,10.06,9.75,9.93
2012-07-25,9.91,10.08,9.85,9.99
2012-07-26,9.97,10.05,9.72,9.72
2012-07-27,9.78,9.85,9.31,9.32
2012-07-30,9.31,9.47,9.13,9.2
2012-07-31,9.15,9.27,8.86,9.05
2012-08-01,9.0,9.32,9.0,9.22
2012-08-02,9.2,9.28,9.03,9.06
2012-08-03,9.01,9.42,9.01,9.38
2012-08-06,9.39,9.72,9.3,9.68
2012-08-07,9.68,9.75,9.6,9.69
2012-08-08,9.69,9.76,9.49,9.54
2012-08-09,9.52,9.93,9.44,9.74
2012-09-14,10.71,10.71,9.96,9.97
2012-09-17,9.81,9.85,9.21,9.22
2012-09-18,9.25,9.84,9.25,9.42
2012-09-19,9.42,9.45,9.11,9.33
2012-09-20,9.33,9.33,8.91,8.93
2012-09-21,8.97,9.1,8.72,9.02
2012-09-24,8.98,9.18,8.81,9.1
2012-09-25,9.1,9.54,9.05,9.35
2012-09-26,9.3,9.41,8.95,9.04
2012-09-27,9.05,9.28,9.0,9.14
2012-09-28,9.14,9.26,9.11,9.25
2012-10-08,9.25,9.31,9.01,9.1
2012-10-09,9.11,9.4,9.1,9.4
2012-10-10,9.38,9.68,9.33,9.64
2012-10-11,9.53,9.6,9.34,9.35
2012-10-12,9.38,9.49,9.12,9.22
2012-10-15,9.22,9.42,9.08,9.42
2012-10-16,9.4,9.72,9.38,9.48
2012-10-17,9.66,9.72,9.48,9.55
2012-10-18,9.49,9.64,9.43,9.58
2012-10-19,9.52,9.59,9.42,9.57
2012-10-22,9.4,9.57,9.36,9.57
2012-10-23,9.64,10.35,9.62,10.06
2012-10-24,9.95,10.1,9.86,10.1
2012-10-25,10.4,11.0,10.12,10.14
2012-10-26,9.7,9.88,9.31,9.4
2012-10-29,9.32,9.32,9.0,9.1
2012-10-30,9.04,9.25,9.04,9.11
2012-10-31,9.11,9.19,8.9,9.05
2012-11-01,9.08,9.24,9.0,9.18
2012-11-02,9.19,9.26,9.1,9.21
2012-11-05,9.34,9.46,9.23,9.3
2012-11-06,9.28,9.3,9.0,9.12
2012-11-07,9.09,9.19,9.06,9.14
2012-11-08,9.09,9.09,8.81,8.81
2012-11-09,8.8,8.9,8.78,8.83
2012-11-12,8.86,8.94,8.83,8.92
2012-11-13,8.92,8.92,8.51,8.52
2012-11-14,8.58,8.62,8.2,8.36
2012-11-15,8.34,8.34,7.99,8.04
2012-11-16,8.03,8.14,8.0,8.08
2012-11-19,8.1,8.18,8.03,8.14
2012-11-20,8.21,8.5,8.17,8.21
2012-11-21,8.18,8.28,8.04,8.25
2012-11-22,8.26,8.26,8.05,8.09
2012-11-23,8.09,8.18,8.08,8.09
2012-11-26,8.1,8.13,7.94,7.95
2012-11-27,7.89,7.9,7.29,7.3
2012-11-28,7.3,7.41,7.03,7.07
2012-11-29,7.03,7.2,6.8,6.9
2012-11-30,6.9,7.06,6.87,7.02
2012-12-03,6.95,7.08,6.61,6.66
2012-12-04,6.61,6.82,6.45,6.78
2012-12-05,6.78,7.12,6.71,7.07
2012-12-06,7.06,7.19,6.95,7.05
2012-12-07,7.09,7.3,6.99,7.28
2012-12-10,7.29,7.8,7.28,7.67
2012-12-11,7.73,7.75,7.45,7.48
2012-12-12,7.44,7.56,7.32,7.44
2012-12-13,7.37,7.42,7.23,7.23
2012-12-14,7.22,7.56,7.22,7.56
2012-12-17,7.56,7.84,7.56,7.75
2012-12-18,7.99,8.2,7.79,7.8
2012-12-19,7.66,7.8,7.62,7.75
2012-12-20,7.78,7.98,7.65,7.82
2012-12-21,7.82,7.98,7.73,7.79
2012-12-24,7.75,7.82,7.68,7.73
2012-12-25,7.73,7.97,7.66,7.93
2012-12-26,7.9,8.1,7.89,8.09
2012-12-27,8.13,8.19,7.95,7.98
2012-12-28,8.01,8.19,7.92,8.17
2012-12-31,8.28,8.36,8.16,8.23
2013-01-04,8.24,8.29,8.0,8.26
2013-01-07,8.35,8.35,8.14,8.3
2013-01-08,8.48,9.08,8.48,8.68
2013-01-09,8.54,8.68,8.4,8.49
2013-01-10,8.72,9.29,8.72,9.04
2013-01-11,8.98,9.0,8.65,8.72
2013-01-14,8.67,8.98,8.51,8.94
2013-01-15,8.94,9.22,8.85,9.12
2013-01-16,9.17,9.25,8.93,9.25
2013-01-17,9.3,9.36,8.9,8.94
2013-01-18,8.95,9.05,8.84,9.02
2013-01-21,9.0,9.1,8.9,9.0
2013-01-22,9.0,9.0,8.63,8.67
2013-01-23,8.69,8.79,8.51,8.72
2013-01-24,8.71,8.87,8.5,8.5
2013-01-25,8.5,8.55,8.31,8.31
2013-01-28,8.35,8.57,8.35,8.57
2013-01-29,8.65,8.81,8.63,8.71
2013-01-30,8.75,8.84,8.59,8.68
2013-01-31,8.84,8.91,8.75,8.9
2013-02-01,8.88,8.88,8.73,8.82
2013-02-04,8.87,8.93,8.63,8.67
2013-02-05,8.6,8.78,8.57,8.78
2013-02-06,8.82,9.31,8.74,9.06
2013-02-07,8.97,9.02,8.86,8.93
2013-02-08,8.92,9.1,8.9,9.03
2013-02-18,9.2,9.28,9.08,9.15
2013-02-19,9.14,9.37,8.91,9.34
2013-02-20,9.21,9.3,9.12,9.26
2013-02-21,9.22,9.22,8.86,8.92
2013-02-22,8.82,9.09,8.8,8.83
2013-02-25,8.87,9.07,8.84,9.0
2013-02-26,8.94,8.94,8.64,8.65
2013-02-27,8.66,8.82,8.57,8.62
2013-02-28,8.66,8.91,8.66,8.9
2013-03-01,8.87,9.08,8.87,9.06
2013-03-04,9.08,9.08,8.73,9.03
2013-03-05,9.02,9.28,8.85,9.28
2013-03-06,9.25,9.52,9.21,9.47
2013-03-07,9.46,9.78,9.27,9.37
2013-03-08,9.32,9.43,9.1,9.12
2013-03-11,9.13,9.26,9.1,9.14
2013-03-12,9.17,9.17,8.7,8.81
2013-03-13,8.8,8.83,8.62,8.74
2013-03-14,8.7,8.83,8.68,8.74
2013-03-15,8.75,8.95,8.65,8.87
2013-03-18,8.77,8.85,8.66,8.7
2013-03-19,8.7,8.75,8.36,8.52
2013-03-20,8.52,8.78,8.49,8.78
2013-03-21,8.82,8.92,8.73,8.88
2013-03-22,8.92,9.01,8.75,9.0
2013-03-25,9.0,9.12,8.98,9.12
2013-03-26,9.08,9.09,8.84,8.88
2013-03-27,8.88,9.0,8.77,8.84
2013-03-28,8.78,8.78,8.41,8.41
2013-03-29,8.41,8.53,8.4,8.5
2013-04-01,8.47,8.47,8.28,8.42
2013-04-02,8.45,8.52,8.35,8.36
2013-04-03,8.4,8.59,8.33,8.45
2013-04-08,8.34,8.38,8.12,8.36
2013-04-09,8.39,8.52,8.31,8.49
2013-04-10,8.4,8.55,8.4,8.5
2013-04-11,8.52,8.57,8.35,8.39
2013-04-12,8.33,8.52,8.3,8.32
2013-04-15,8.21,8.3,7.9,7.9
2013-04-16,7.91,8.0,7.7,7.98
2013-04-17,8.04,8.11,7.93,8.0
2013-04-18,8.0,8.18,7.95,8.09
2013-04-19,8.12,8.38,8.09,8.37
2013-04-22,8.26,8.4,8.22,8.37
2013-04-23,8.45,8.58,8.25,8.25
2013-04-24,8.19,8.48,8.17,8.47
2013-04-25,8.45,8.46,8.27,8.28
2013-04-26,8.28,8.37,7.91,7.97
2013-05-02,7.91,8.05,7.83,7.93
2013-05-03,7.91,8.11,7.91,8.03
2013-05-06,8.06,8.5,8.05,8.33
2013-05-07,8.3,8.32,8.15,8.22
2013-05-08,8.24,8.31,8.19,8.3
2013-05-09,8.22,8.65,8.18,8.55
2013-05-10,8.49,8.99,8.47,8.89
2013-05-13,8.92,8.92,8.66,8.8
2013-05-14,8.77,8.92,8.67,8.71
2013-05-15,8.71,8.82,8.53,8.73
2013-05-16,8.74,8.8,8.63,8.71
2013-05-17,8.73,8.82,8.67,8.77
2013-05-20,8.84,9.04,8.77,9.0
2013-05-21,9.0,9.25,8.98,9.04
2013-05-22,9.05,9.18,8.9,8.93
2013-05-23,8.98,9.02,8.8,8.81
2013-05-24,6.74,6.99,6.7,6.93
2013-05-27,6.93,6.96,6.8,6.86
2013-05-28,6.89,7.04,6.88,6.95
2013-05-29,6.98,7.0,6.87,6.92
2013-05-30,6.9,6.92,6.8,6.85
2013-05-31,6.85,6.93,6.8,6.8
2013-06-03,6.8,6.9,6.78,6.86
2013-06-04,6.85,6.88,6.65,6.67
2013-06-05,6.78,7.28,6.78,7.07
2013-06-06,7.0,7.22,6.9,7.11
2013-06-07,7.1,7.1,6.75,6.82
2013-06-13,6.77,6.77,6.19,6.34
2013-06-14,6.34,6.44,6.32,6.39
2013-06-17,6.38,6.53,6.37,6.43
2013-06-18,6.38,6.48,6.37,6.41
2013-06-19,6.39,6.6,6.33,6.48
2013-06-20,6.43,6.43,6.19,6.2
2013-06-21,6.0,6.12,5.98,6.08
2013-06-24,6.09,6.2,5.59,5.75
2013-06-25,5.75,5.75,5.2,5.7
2013-06-26,5.7,5.8,5.53,5.76
2013-06-27,5.76,5.95,5.67,5.88
2013-06-28,5.71,5.9,5.69,5.78
2013-07-01,5.79,5.85,5.69,5.84
2013-07-02,5.81,5.9,5.8,5.89
2013-07-03,5.88,5.91,5.77,5.83
2013-07-04,5.78,5.97,5.73,5.91
2013-07-05,5.9,5.95,5.85,5.85
2013-07-08,5.7,5.73,5.43,5.45
2013-07-09,5.5,5.56,5.38,5.42
2013-07-10,5.45,5.7,5.42,5.68
2013-07-11,5.68,5.91,5.62,5.85
2013-07-12,5.96,6.08,5.85,5.92
2013-07-15,5.95,6.04,5.85,5.96
2013-07-16,5.96,6.16,5.9,6.11
2013-07-17,6.07,6.08,5.87,5.87
2013-07-18,5.85,5.95,5.82,5.84
2013-07-19,5.81,5.92,5.59,5.59
2013-07-22,5.5,5.67,5.46,5.66
2013-07-23,5.66,5.82,5.66,5.8
2013-07-24,5.8,5.85,5.64,5.8
2013-07-25,5.8,5.82,5.64,5.75
2013-07-26,5.74,5.8,5.6,5.77
2013-07-29,5.73,5.73,5.59,5.61
2013-07-30,5.67,5.67,5.51,5.64
2013-07-31,5.65,5.71,5.61,5.65
2013-08-01,5.68,5.81,5.62,5.8
2013-08-02,5.85,5.93,5.78,5.85
2013-08-05,5.81,6.07,5.81,5.99
2013-08-06,5.93,6.06,5.91,6.01
2013-08-07,5.99,6.02,5.87,5.9
2013-08-08,5.86,5.99,5.85,5.92
2013-08-09,5.93,6.03,5.88,6.03
2013-08-12,6.06,6.18,6.03,6.18
2013-08-13,6.15,6.19,6.09,6.14
2013-08-14,6.12,6.18,6.06,6.11
2013-08-15,6.08,6.16,6.03,6.03
2013-08-16,5.91,6.14,5.87,5.9
2013-08-19,5.84,6.23,5.8,6.22
2013-08-20,6.29,6.3,6.04,6.18
2013-08-21,6.11,6.15,6.06,6.13
2013-08-22,6.1,6.19,6.1,6.13
2013-08-23,6.13,6.16,5.87,6.02
2013-08-26,6.06,6.15,5.99,6.15
2013-08-27,6.14,6.18,6.08,6.18
2013-08-28,6.11,6.38,6.05,6.26
2013-08-29,6.2,6.27,6.13,6.23
2013-08-30,6.23,6.35,6.18,6.31
2013-09-02,6.39,6.39,6.14,6.31
2013-09-03,6.38,6.43,6.27,6.39
2013-09-04,6.37,6.4,6.27,6.31
2013-09-05,6.3,6.32,6.18,6.2
2013-09-06,6.2,6.26,6.16,6.23
2013-09-09,6.23,6.41,6.17,6.32
2013-09-10,6.34,6.43,6.29,6.4
2013-09-11,6.39,6.43,6.24,6.31
2013-09-12,6.36,6.46,6.34,6.36
2013-09-13,6.46,6.53,6.37,6.42
2013-09-16,6.38,6.39,6.26,6.27
2013-09-17,6.28,6.31,6.09,6.09
2013-09-18,6.06,6.17,6.06,6.15
2013-09-23,6.17,6.35,6.15,6.3
2013-09-24,6.27,6.27,6.18,6.22
2013-09-25,6.2,6.22,6.07,6.07
2013-09-26,6.08,6.14,6.06,6.08
2013-09-27,6.08,6.14,6.05,6.08
2013-09-30,6.08,6.18,6.08,6.14
2013-10-08,6.13,6.2,6.09,6.19
2013-10-09,6.2,6.72,6.16,6.66
2013-10-10,6.5,6.6,6.45,6.49
2013-10-11,6.49,6.64,6.47,6.62
2013-10-14,6.62,6.7,6.56,6.6
2013-10-15,6.68,6.76,6.52,6.69
2013-10-16,6.72,7.08,6.6,6.83
2013-10-17,6.88,7.07,6.7,6.95
2013-10-18,6.88,6.89,6.67,6.69
2013-10-21,6.61,6.77,6.6,6.71
2013-10-22,6.76,6.94,6.66,6.89
2013-10-23,6.9,6.95,6.54,6.55
2013-10-24,6.55,6.67,6.45,6.46
2013-10-25,6.47,6.63,6.42,6.54
2013-10-28,6.5,6.59,6.25,6.29
2013-10-29,6.3,6.37,5.74,5.93
2013-10-30,5.95,6.05,5.92,6.03
2013-10-31,6.03,6.63,5.94,6.38
2013-11-01,6.18,6.24,6.08,6.13
2013-11-04,6.17,6.25,6.1,6.15
2013-11-05,6.15,6.23,6.0,6.18
2013-11-06,6.18,6.26,6.11,6.11
2013-11-07,6.1,6.11,5.97,6.01
2013-11-08,6.02,6.26,5.93,6.1
2013-11-11,6.08,6.2,6.03,6.13
2013-11-12,6.1,6.25,6.07,6.21
2013-11-13,6.22,6.27,6.07,6.08
2013-11-14,6.07,6.21,5.97,6.18
2013-11-15,6.18,6.32,6.15,6.24
2013-11-18,6.26,6.56,6.26,6.48
2013-11-19,6.45,6.58,6.41,6.51
2013-11-20,6.53,6.85,6.42,6.65
2013-11-21,6.6,6.74,6.51,6.58
2013-11-22,6.58,6.72,6.52,6.53
2013-11-25,6.53,6.57,6.45,6.49
2013-11-26,6.47,6.66,6.36,6.62
2013-11-27,6.65,6.8,6.6,6.73
2013-11-28,6.71,6.75,6.63,6.67
2013-11-29,6.65,6.8,6.63,6.74
2013-12-02,6.6,6.6,6.2,6.38
2013-12-03,6.6,7.02,6.59,7.02
2013-12-04,7.2,7.37,7.11,7.34
2013-12-05,7.24,7.32,7.07,7.1
2013-12-06,7.04,7.2,7.02,7.14
2013-12-09,7.21,7.27,7.03,7.05
2013-12-10,7.08,7.08,6.93,6.97
2013-12-11,6.88,6.93,6.75,6.81
2013-12-12,6.82,6.9,6.79,6.85
2013-12-13,6.81,6.87,6.72,6.82
2013-12-16,6.81,6.81,6.61,6.61
2013-12-17,6.61,6.71,6.6,6.67
2013-12-18,6.68,6.73,6.58,6.68
2013-12-19,6.73,6.88,6.66,6.68
2013-12-20,6.62,6.68,6.52,6.57
2013-12-23,6.56,6.65,6.4,6.56
2013-12-24,6.56,6.65,6.52,6.6
2013-12-25,6.6,6.67,6.53,6.66
2013-12-26,6.67,6.71,6.37,6.38
2013-12-27,6.39,6.52,6.35,6.45
2013-12-30,6.47,6.6,6.43,6.57
2013-12-31,6.52,6.62,6.44,6.61
2014-01-02,6.59,6.65,6.56,6.61
2014-01-03,6.6,6.6,6.44,6.48
2014-01-06,6.47,6.47,6.18,6.21
2014-01-07,6.2,6.27,6.13,6.22
2014-01-08,6.21,6.29,6.14,6.15
2014-01-09,6.16,6.35,6.15,6.2
2014-01-10,6.23,6.82,6.14,6.82
2014-01-13,6.89,6.9,6.53,6.66
2014-01-14,6.65,6.86,6.54,6.86
2014-01-15,6.83,6.92,6.72,6.8
2014-01-16,6.8,6.96,6.77,6.8
2014-01-17,6.66,6.7,6.5,6.55
2014-01-20,6.44,6.54,6.4,6.43
2014-01-21,6.42,6.74,6.42,6.68
2014-01-22,6.7,6.79,6.65,6.78
2014-01-23,6.81,6.81,6.69,6.73
2014-01-24,6.73,6.92,6.7,6.8
2014-01-27,6.72,7.1,6.72,6.86
2014-01-28,6.83,7.04,6.8,6.99
2014-01-29,6.97,7.14,6.9,7.05
2014-01-30,7.01,7.05,6.91,6.93
2014-02-07,6.81,7.15,6.8,7.14
2014-02-10,7.1,7.34,7.09,7.23
2014-02-11,7.23,7.26,7.07,7.12
2014-02-12,7.12,7.27,7.08,7.19
2014-02-13,7.16,7.16,6.96,6.97
2014-02-14,6.97,7.1,6.92,7.08
2014-02-17,7.2,7.49,7.2,7.35
2014-02-18,7.37,8.09,7.27,8.09
2014-02-19,8.04,8.04,7.72,7.88
2014-02-20,7.82,7.89,7.62,7.67
2014-02-21,7.73,7.77,7.42,7.59
2014-02-24,7.57,7.82,7.48,7.78
2014-02-25,7.79,7.81,7.1,7.2
2014-02-26,7.08,7.34,7.06,7.34
2014-02-27,7.35,7.58,7.21,7.3
2014-02-28,7.33,7.43,7.13,7.42
2014-03-03,7.35,7.68,7.34,7.62
2014-03-04,7.63,7.8,7.55,7.76
2014-03-05,7.8,8.05,7.61,7.76
2014-03-06,7.73,7.79,7.54,7.62
2014-03-07,7.9,8.09,7.69,7.75
2014-03-10,7.51,7.55,7.2,7.23
2014-03-11,7.2,7.46,7.16,7.4
2014-03-12,7.3,7.39,7.09,7.27
2014-03-13,7.2,7.63,7.2,7.63
2014-03-14,7.6,7.89,7.51,7.75
2014-03-17,7.79,7.89,7.66,7.85
2014-03-18,7.87,8.64,7.78,8.29
2014-03-19,8.1,8.42,8.03,8.35
2014-03-20,8.26,8.46,7.94,7.98
2014-03-21,7.87,8.78,7.87,8.78
2014-03-24,9.0,9.13,8.71,9.03
2014-03-25,8.93,8.99,8.62,8.8
2014-03-26,8.69,8.79,8.51,8.66
2014-03-27,8.6,8.87,8.46,8.5
2014-03-28,8.54,8.86,8.26,8.29
2014-03-31,8.19,8.45,8.1,8.34
2014-04-01,8.35,8.44,8.15,8.43
2014-04-02,8.37,8.44,8.2,8.23
2014-04-03,8.25,8.38,8.13,8.28
2014-04-04,8.25,8.34,8.17,8.34
2014-04-08,8.46,8.87,8.46,8.7
2014-04-09,8.7,8.8,8.62,8.77
2014-04-10,8.75,8.77,8.61,8.63
2014-04-11,8.56,8.56,8.34,8.42
2014-04-14,8.6,8.87,8.6,8.72
2014-04-15,8.6,8.69,8.52,8.65
2014-04-16,8.62,8.75,8.55,8.75
2014-04-17,8.79,9.29,8.73,9.01
2014-04-18,9.02,9.2,8.89,9.1
2014-04-21,9.41,9.84,9.16,9.26
2014-04-22,9.05,9.22,8.85,9.14
2014-04-23,9.06,9.58,9.02,9.41
2014-04-24,9.35,9.54,9.05,9.07
2014-04-25,9.01,9.01,8.19,8.3
2014-04-28,8.26,8.54,8.0,8.36
2014-04-29,8.3,8.51,8.22,8.51
2014-04-30,8.51,8.58,8.33,8.44
2014-05-05,8.4,8.64,8.18,8.63
2014-05-06,8.64,8.85,8.54,8.79
2014-05-07,8.68,8.75,8.38,8.41
2014-05-08,8.3,8.66,8.25,8.31
2014-05-09,8.31,8.48,8.12,8.33
2014-05-12,8.4,8.64,8.31,8.6
2014-05-13,8.65,8.79,8.53,8.63
2014-05-14,8.6,9.18,8.43,8.99
2014-05-15,8.85,9.02,8.65,8.75
2014-05-16,8.68,9.15,8.67,9.06
2014-05-19,9.1,9.2,8.86,9.17
2014-05-20,9.25,9.32,8.95,8.97
2014-05-21,8.87,9.1,8.71,9.02
2014-05-22,8.99,9.17,8.74,8.76
2014-05-23,8.88,8.88,8.63,8.71
2014-05-26,8.73,8.95,8.67,8.95
2014-05-27,8.91,8.96,8.8,8.83
2014-05-28,8.9,9.18,8.86,9.12
2014-05-29,9.12,9.25,8.98,9.07
2014-05-30,9.06,9.14,8.9,9.07
2014-06-03,9.12,9.19,8.95,8.95
2014-06-04,8.9,8.99,8.64,8.71
2014-06-05,8.8,9.11,8.8,9.03
2014-06-06,9.01,9.09,8.88,8.95
2014-06-09,8.84,8.94,8.74,8.75
2014-06-10,8.78,8.88,8.68,8.87
2014-06-11,8.95,9.15,8.91,9.06
2014-06-12,9.07,9.16,8.89,9.13
2014-06-13,9.2,9.66,9.13,9.53
2014-06-16,10.09,10.4,9.69,9.77
2014-06-17,9.66,10.75,9.6,10.75
2014-06-18,10.5,10.62,10.26,10.35
2014-06-19,10.22,10.58,9.49,9.92
2014-06-20,9.88,10.03,9.63,9.95
2014-06-23,10.0,10.15,9.8,9.9
2014-06-24,9.84,10.06,9.6,10.03
2014-06-26,9.68,10.6,9.52,10.33
2014-06-27,10.17,10.54,10.14,10.18
2014-06-30,10.23,10.43,9.96,10.24
2014-07-01,10.25,10.34,10.03,10.23
2014-07-02,10.23,10.3,10.05,10.09
2014-07-03,10.11,10.14,9.95,9.99
2014-07-04,9.94,10.05,9.82,9.97
2014-07-07,9.9,10.55,9.9,10.37
2014-07-08,10.25,11.31,10.21,10.86
2014-07-09,10.79,11.26,10.6,10.62
2014-07-10,10.52,10.83,10.35,10.42
2014-07-11,10.43,10.8,10.38,10.8
2014-07-14,10.82,10.96,10.72,10.87
2014-07-15,10.87,11.15,10.51,10.65
2014-07-16,10.58,10.59,10.32,10.37
2014-07-17,10.37,10.96,10.28,10.92
2014-07-18,10.81,11.3,10.65,10.66
2014-07-21,10.72,11.09,10.52,10.69
2014-07-22,10.79,11.07,10.54,10.96
2014-07-23,10.86,11.05,10.6,10.78
2014-07-24,10.8,10.9,10.15,10.21
2014-07-25,10.21,10.36,10.16,10.28
2014-07-28,10.34,10.57,10.34,10.54
2014-07-29,10.59,10.99,10.46,10.86
2014-07-30,10.75,10.87,10.61,10.71
2014-07-31,10.8,11.02,10.76,10.8
2014-08-01,10.91,11.0,10.55,10.58
2014-08-04,10.48,10.89,10.4,10.75
2014-08-05,10.8,10.84,10.59,10.76
2014-08-06,10.76,10.85,10.56,10.69
2014-08-07,10.67,10.84,10.45,10.51
2014-08-08,10.51,10.64,10.32,10.58
2014-08-11,10.62,10.79,10.52,10.68
2014-08-12,10.64,10.77,10.54,10.76
2014-08-13,10.77,10.77,10.46,10.58
2014-08-14,10.56,10.58,10.35,10.36
2014-08-15,10.36,10.49,10.36,10.4
2014-08-18,10.49,10.58,10.41,10.58
2014-08-19,10.57,10.89,10.51,10.78
2014-08-20,10.8,10.88,10.68,10.78
2014-08-21,10.81,11.0,10.66,10.92
2014-08-22,10.92,11.05,10.77,10.9
2014-08-25,10.9,10.93,10.66,10.67
2014-08-26,10.67,10.67,10.34,10.38
2014-08-27,10.38,10.64,10.38,10.62
2014-08-28,10.78,11.38,10.65,10.79
2014-08-29,10.59,10.69,10.42,10.66
2014-09-01,10.6,10.82,10.57,10.8
2014-09-02,10.87,11.06,10.77,10.94
2014-09-03,11.07,11.18,10.9,10.96
2014-09-04,10.88,10.95,10.68,10.88
2014-09-05,10.82,11.07,10.68,10.99
2014-09-09,11.47,11.99,11.31,11.64
2014-09-10,11.5,11.64,11.38,11.53
2014-09-11,11.48,11.67,11.25,11.5
2014-09-12,11.4,11.42,11.15,11.32
2014-09-15,11.22,11.38,11.21,11.34
2014-09-16,11.31,11.32,10.6,10.6
2014-09-17,10.58,10.68,10.3,10.5
2014-09-18,10.5,10.56,10.34,10.55
2014-09-19,10.53,10.9,10.46,10.82
2014-09-22,10.76,10.88,10.55,10.77
2014-09-23,10.77,11.14,10.71,11.07
2014-09-24,11.03,11.18,10.92,11.13
2014-09-25,11.28,12.2,11.28,11.7
2014-09-26,11.68,12.09,11.51,11.62
2014-09-29,11.63,11.75,11.43,11.6
2014-09-30,11.59,11.65,11.46,11.57
2014-10-08,11.58,11.82,11.45,11.77
2014-10-09,11.83,12.1,11.65,11.86
2014-10-10,11.72,12.0,11.52,11.77
2014-10-13,11.74,11.74,11.54,11.72
2014-10-14,11.68,11.98,11.62,11.89
2014-10-15,11.89,11.95,11.59,11.69
2014-10-16,11.6,11.76,11.43,11.43
2014-10-17,11.49,11.73,11.38,11.6
2014-10-20,11.66,11.7,11.51,11.65
2014-10-21,11.78,11.88,11.49,11.51
2014-10-22,11.51,11.57,11.0,11.2
2014-10-23,11.2,11.3,11.01,11.17
2014-10-24,11.25,11.58,11.25,11.46
2014-10-27,11.57,11.57,11.38,11.49
2014-10-28,11.68,12.48,11.61,12.37
2014-10-29,12.37,13.09,12.25,12.67
2014-10-30,12.54,12.92,12.4,12.48
2014-10-31,12.6,12.7,12.14,12.34
2014-11-03,12.47,12.59,12.15,12.38
2014-11-04,12.38,13.48,12.16,12.89
2014-11-05,12.84,13.1,12.5,12.64
2014-11-06,12.59,13.79,12.53,13.6
2014-11-07,13.48,14.2,13.05,13.37
2014-11-10,13.34,14.64,13.19,14.35
2014-11-11,14.17,14.34,13.52,13.75
2014-11-12,13.54,13.73,13.15,13.62
2014-11-13,13.4,13.54,12.75,12.78
2014-11-14,12.62,13.1,12.54,12.85
2014-11-17,13.02,13.67,12.87,13.45
2014-11-18,13.42,14.55,13.26,14.33
2014-11-19,14.02,14.1,13.65,13.73
2014-11-20,13.65,14.36,13.54,13.9
2014-11-21,13.75,13.97,13.5,13.66
2014-11-24,13.67,13.72,13.3,13.56
2014-11-25,13.73,14.2,13.72,13.83
2014-11-26,13.78,13.83,13.6,13.8
2014-11-27,13.83,14.12,13.6,13.8
2014-11-28,13.81,13.81,13.34,13.53
2014-12-01,13.49,13.49,13.11,13.28
2014-12-02,13.28,13.75,13.27,13.59
2014-12-03,13.75,13.95,13.44,13.95
2014-12-04,13.96,14.75,13.72,14.33
2014-12-05,14.62,14.85,13.7,14.21
2014-12-08,14.0,14.58,13.5,14.2
2014-12-09,14.0,14.0,12.78,12.81
2014-12-10,12.85,13.44,12.85,13.32
2014-12-11,13.32,13.47,13.12,13.28
2014-12-12,13.4,13.68,13.4,13.5
2014-12-15,13.47,13.98,13.2,13.89
2014-12-16,13.91,14.26,13.76,13.91
2014-12-17,13.91,14.14,13.33,13.54
2014-12-18,13.68,14.39,13.68,14.08
2014-12-19,13.92,13.92,13.29,13.65
2014-12-22,13.66,13.91,12.8,13.04
2014-12-23,12.8,12.99,12.12,12.14
2014-12-24,12.38,12.49,12.14,12.39
2014-12-25,12.39,12.72,12.39,12.68
2014-12-26,12.64,12.78,12.45,12.69
2014-12-29,12.79,12.86,12.43,12.63
2014-12-30,12.63,12.63,12.03,12.06
2014-12-31,12.09,12.67,11.97,12.43
2015-01-05,12.42,12.42,12.03,12.34
2015-01-06,12.29,12.67,12.1,12.57
2015-01-07,12.5,13.54,12.47,13.31
2015-01-08,13.3,13.87,13.03,13.21
2015-01-09,12.94,13.34,12.8,12.83
2015-01-12,12.6,12.67,12.2,12.32
2015-01-13,12.32,12.79,12.3,12.72
2015-01-14,12.9,13.36,12.61,13.17
2015-01-15,13.0,13.19,12.86,13.08
2015-01-16,13.65,13.8,13.21,13.28
2015-01-19,12.8,13.2,12.33,12.6
2015-01-20,12.75,13.1,12.68,13.04
2015-01-21,13.18,13.64,13.05,13.5
2015-01-22,13.55,13.71,13.28,13.55
2015-01-23,13.65,14.1,13.43,13.7
2015-01-26,13.71,14.27,13.56,14.05
2015-01-27,14.13,14.85,13.76,14.7
2015-01-28,14.37,14.48,14.06,14.15
2015-01-29,14.2,14.45,14.11,14.21
2015-01-30,14.21,14.32,13.57,13.61
2015-02-02,13.44,13.75,13.3,13.54
2015-02-03,13.53,13.78,13.53,13.69
2015-02-04,13.75,13.97,13.48,13.54
2015-02-05,13.89,13.89,13.42,13.54
2015-02-06,13.59,13.89,13.52,13.6
2015-02-09,13.66,13.76,12.98,13.05
2015-02-10,13.04,13.36,13.0,13.26
2015-02-11,13.4,13.55,13.3,13.44
2015-02-12,13.57,13.75,13.45,13.66
2015-02-13,13.79,13.85,13.64,13.73
2015-02-16,13.75,13.89,13.73,13.86
2015-02-17,13.91,13.97,13.73,13.94
2015-02-25,14.0,14.05,13.8,13.82
2015-02-26,13.77,13.94,13.71,13.9
2015-02-27,13.91,14.1,13.86,13.95
2015-03-02,14.06,14.58,13.91,14.54
2015-03-03,14.52,15.6,14.25,14.94
2015-03-04,15.15,15.42,14.81,15.12
2015-03-05,14.98,14.98,14.45,14.57
2015-03-06,14.59,14.8,14.4,14.57
2015-03-09,14.43,14.65,14.2,14.63
2015-03-10,14.63,14.8,14.49,14.77
2015-03-11,14.93,14.94,14.47,14.5
2015-03-12,14.6,14.76,14.29,14.38
2015-03-13,14.39,14.48,14.28,14.45
2015-03-16,14.47,14.73,14.46,14.73
2015-03-17,14.75,15.0,14.68,14.94
2015-03-18,14.96,15.22,14.81,15.13
2015-03-19,15.1,15.35,14.91,15.26
2015-03-20,15.26,15.36,15.01,15.23
2015-03-23,15.33,15.48,15.2,15.47
2015-03-24,15.5,15.85,14.75,15.24
2015-03-25,15.12,15.39,14.93,15.15
2015-03-26,15.08,15.35,14.95,15.22
2015-03-27,15.22,15.27,14.93,15.13
2015-03-30,15.25,15.69,15.25,15.54
2015-03-31,15.52,15.53,15.12,15.15
2015-04-01,15.15,15.57,15.14,15.51
2015-04-02,15.56,16.45,15.49,16.0
2015-04-03,15.8,16.35,15.7,16.25
2015-04-07,16.91,17.82,16.66,17.82
2015-04-08,18.91,19.6,18.27,19.15
2015-04-09,19.6,19.95,17.85,19.3
2015-04-10,18.5,19.33,18.4,18.87
2015-04-13,18.88,19.27,18.4,18.98
2015-04-14,18.98,20.88,18.6,20.88
2015-04-15,21.7,21.97,20.4,20.88
2015-04-16,22.18,22.97,21.45,22.97
2015-04-17,25.0,25.27,23.11,23.39
2015-04-20,22.48,24.35,21.86,23.66
2015-04-21,23.37,23.37,22.01,22.93
2015-04-22,23.7,24.84,23.38,23.5
2015-04-23,23.8,24.53,22.99,23.19
2015-04-24,22.7,22.7,21.83,22.36
2015-04-27,22.49,22.68,22.2,22.41
2015-04-28,22.42,22.42,21.05,21.17
2015-04-29,20.9,22.12,20.76,21.89
2015-04-30,22.0,22.42,21.72,21.9
2015-05-04,21.95,21.95,21.25,21.59
2015-05-05,21.62,22.29,21.4,21.58
2015-05-06,21.41,21.8,20.39,20.6
2015-05-07,20.99,21.38,20.06,20.08
2015-05-08,20.39,20.64,20.1,20.6
2015-05-11,22.66,22.66,21.94,22.66
2015-05-12,23.59,24.93,23.35,24.93
2015-05-13,25.0,25.97,24.01,24.25
2015-05-14,24.7,26.68,24.04,26.68
2015-05-15,26.68,26.68,24.91,25.71
2015-05-18,24.99,26.6,24.35,25.01
2015-05-19,24.6,25.2,24.18,24.8
2015-05-20,24.81,25.91,24.81,25.0
2015-05-21,25.08,27.5,24.2,27.5
2015-05-22,28.2,29.63,26.58,27.95
2015-05-25,27.9,29.78,27.22,29.2
2015-05-26,29.18,31.5,28.81,31.08
2015-05-27,31.11,32.03,29.79,30.89
2015-05-28,30.4,31.38,27.8,27.8
2015-05-29,27.3,28.96,25.1,27.71
2015-06-01,28.4,30.38,28.39,29.95
2015-06-02,30.03,30.9,28.8,29.9
2015-06-03,30.38,30.38,28.45,29.0
2015-06-04,29.18,29.89,26.68,29.5
2015-06-05,29.8,29.97,29.05,29.78
2015-06-08,29.85,29.98,28.41,29.11
2015-06-09,29.7,32.02,29.29,32.02
2015-06-10,30.45,31.0,29.3,29.85
2015-06-11,29.7,29.7,28.7,29.31
2015-06-12,29.11,29.62,28.9,29.25
2015-06-15,29.35,29.5,27.51,27.78
2015-06-16,28.8,29.14,27.0,27.55
2015-06-17,27.67,28.0,25.01,27.63
2015-06-18,27.0,27.18,25.51,25.62
2015-06-19,25.0,25.0,23.06,23.06
2015-06-23,23.06,23.55,21.01,23.48
2015-06-24,24.01,24.6,23.69,24.25
2015-06-25,24.2,24.9,22.05,22.97
2015-06-26,22.0,22.4,20.67,20.67
2015-06-29,21.5,21.64,18.6,18.6
2015-06-30,18.0,20.17,16.74,19.98
2015-07-01,19.8,21.3,18.5,18.86
2015-07-02,18.9,18.94,16.97,16.97
2015-08-11,18.67,18.67,18.67,18.67
2015-08-12,20.54,20.54,20.54,20.54
2015-08-13,21.39,22.58,20.9,22.3
2015-08-14,21.99,23.85,21.75,22.8
2015-08-17,22.44,22.75,21.8,22.14
2015-08-18,22.14,22.65,19.93,19.93
2015-08-19,18.95,20.25,18.0,20.12
2015-08-20,19.57,19.92,18.2,18.2
2015-08-21,17.9,18.83,17.2,17.9
2015-08-24,17.0,17.5,16.11,16.11
2015-08-25,14.5,14.99,14.5,14.5
2015-08-26,14.6,14.8,13.05,13.05
2015-08-27,13.29,13.66,12.05,13.27
2015-08-28,13.6,14.6,13.41,14.6
2015-08-31,15.44,16.06,15.19,16.06
2015-09-01,16.06,16.99,15.0,15.05
2015-09-02,13.55,15.78,13.55,13.89
2015-09-07,14.2,15.2,14.0,14.95
2015-09-08,14.88,16.45,14.51,16.45
2015-09-09,17.23,17.69,16.71,17.42
2015-09-10,16.99,19.1,16.61,17.98
2015-09-11,17.5,18.19,17.3,17.78
2015-09-14,17.86,18.68,16.0,16.0
2015-09-15,14.9,16.42,14.8,14.98
2015-09-16,15.38,16.48,15.18,16.48
2015-09-17,16.8,18.0,16.5,16.74
2015-09-18,17.05,17.68,16.61,17.61
2015-09-21,17.49,18.8,17.1,18.7
2015-09-22,18.8,18.88,17.81,18.19
2015-09-23,18.4,19.15,18.19,18.74
2015-09-24,18.73,20.45,18.0,20.21
2015-09-25,19.55,19.78,18.19,18.2
2015-09-28,18.53,18.89,18.25,18.65
2015-09-29,18.26,18.85,18.01,18.26
2015-09-30,18.5,19.41,18.3,18.89
2015-10-08,20.0,20.77,19.48,20.27
2015-10-09,20.06,20.55,20.0,20.31
2015-10-12,20.7,22.1,20.4,21.1
2015-10-13,21.0,23.21,20.8,23.21
2015-10-14,23.52,25.3,23.06,24.26
2015-10-15,23.8,25.39,23.78,24.93
2015-10-16,25.21,26.3,24.9,25.87
2015-10-19,26.38,27.67,25.26,26.0
2015-10-20,26.06,26.14,24.89,25.88
2015-10-21,25.9,26.07,23.29,23.29
2015-10-22,23.5,24.79,22.47,24.52
2015-10-23,24.17,24.64,23.26,24.09
2015-10-26,24.4,25.7,23.4,25.42
2015-10-27,24.99,25.2,23.7,24.85
2015-10-28,24.5,26.23,24.01,25.01
2015-10-29,25.01,26.14,24.3,25.38
2015-10-30,24.9,25.99,24.48,25.3
2015-11-02,24.93,25.77,23.1,23.49
2015-11-03,23.55,23.89,22.33,22.53
2015-11-04,22.78,23.79,22.62,23.72
2015-11-05,23.91,24.86,23.39,24.0
2015-11-06,23.89,24.47,23.8,24.28
2015-11-09,24.0,24.6,23.51,24.26
2015-11-10,24.0,24.8,23.83,24.48
2015-11-11,24.57,25.88,24.32,25.74
2015-11-12,25.75,27.07,24.7,26.39
2015-11-13,25.9,26.44,24.9,25.0
2015-11-16,24.35,25.05,24.11,24.99
2015-11-17,25.49,25.67,24.5,24.51
2015-11-18,24.56,24.77,23.4,23.54
2015-11-19,23.54,24.3,23.54,24.22
2015-11-20,24.41,24.97,24.22,24.64
2015-11-23,24.64,24.88,23.8,23.96
2015-11-24,23.97,24.17,23.6,24.14
2015-11-25,24.16,26.5,24.16,25.9
2015-11-26,25.7,25.85,24.8,24.89
2015-11-27,24.8,24.8,22.41,22.72
2015-11-30,22.73,23.4,21.15,23.06
2015-12-01,23.17,23.2,22.6,23.13
2015-12-02,23.15,23.19,21.77,22.67
2015-12-03,22.66,23.85,22.62,23.59
2015-12-04,23.36,23.69,22.68,22.92
2015-12-07,23.04,23.88,23.04,23.29
2015-12-08,23.2,23.2,22.42,22.46
2015-12-09,22.2,22.53,21.8,21.92
2015-12-10,21.93,22.26,21.7,21.75
2015-12-11,21.66,21.89,21.31,21.43
2015-12-14,21.3,22.79,21.18,22.74
2015-12-15,22.9,23.46,22.71,22.95
2015-12-16,22.99,23.5,22.7,23.5
2015-12-17,24.18,24.78,23.86,23.9
2015-12-18,23.7,23.96,23.3,23.59
2015-12-21,23.45,23.73,23.21,23.63
2015-12-22,23.65,23.75,23.36,23.61
2015-12-23,23.61,23.61,22.93,22.97
2015-12-24,22.9,23.36,22.8,23.13
2015-12-25,23.3,23.49,23.0,23.34
2015-12-28,23.44,23.77,22.75,22.75
2015-12-29,22.78,22.86,22.23,22.69
2015-12-30,22.71,22.98,22.61,22.84
2015-12-31,22.97,23.5,22.86,22.92
2016-01-04,22.93,22.98,20.63,20.64
2016-01-05,19.12,20.8,18.8,19.7
2016-01-06,19.75,20.35,19.64,20.33
2016-01-07,19.55,19.97,18.3,18.3
2016-01-08,18.71,19.13,16.79,18.35
2016-01-11,17.79,18.05,16.52,16.52
2016-01-12,16.35,17.64,16.16,17.2
2016-01-13,17.33,17.38,16.15,16.2
2016-01-14,16.2,17.82,16.12,17.82
2016-01-15,17.82,18.54,17.65,17.84
2016-01-18,17.37,18.68,17.22,18.27
2016-01-19,17.94,18.76,17.62,18.68
2016-01-20,18.0,18.99,17.87,18.2
2016-01-21,17.65,18.08,16.7,16.7
2016-01-22,17.11,17.29,16.3,16.9
2016-01-25,17.0,17.27,16.71,17.09
2016-01-26,16.89,16.89,15.38,15.38
2016-01-27,15.38,15.5,14.0,14.88
2016-01-28,14.53,14.98,13.73,13.79
2016-01-29,13.86,14.87,13.85,14.66
2016-02-01,14.66,14.78,14.2,14.5
2016-02-02,14.52,15.37,14.52,15.06
2016-02-03,14.75,15.15,14.55,15.1
2016-02-04,15.08,15.47,15.07,15.36
2016-02-05,15.5,15.6,15.08,15.08
2016-02-15,14.44,15.15,14.3,14.98
2016-02-16,15.11,15.85,15.11,15.76
2016-02-17,15.8,16.43,15.7,16.14
2016-02-18,16.34,16.65,15.95,16.15
2016-02-19,16.0,16.24,15.89,16.09
2016-02-22,16.38,16.55,16.16,16.49
2016-02-23,16.49,16.72,16.1,16.5
2016-02-24,16.41,16.85,16.03,16.8
2016-02-25,16.7,16.7,15.12,15.12
2016-02-26,15.29,15.46,14.52,15.08
2016-02-29,15.2,15.25,13.8,14.13
2016-03-01,14.35,14.66,14.0,14.51
2016-03-02,14.66,15.48,14.52,15.39
2016-03-03,15.72,16.18,15.58,15.79
2016-03-04,15.81,16.0,14.92,15.22
2016-03-07,15.26,15.89,15.26,15.62
2016-03-08,15.74,16.12,14.74,16.08
2016-03-09,15.62,15.98,15.31,15.48
2016-03-10,15.57,15.73,15.03,15.09
2016-03-11,14.76,15.14,14.7,14.9
2016-03-14,15.3,15.8,15.15,15.5
2016-03-15,15.54,15.73,15.38,15.56
2016-03-16,15.7,15.75,15.15,15.31
2016-03-17,15.36,16.38,15.35,16.12
2016-03-18,16.59,17.6,16.21,17.08
2016-03-21,17.37,17.7,17.14,17.39
2016-03-22,17.2,18.13,17.05,17.61
2016-03-23,17.42,17.98,17.38,17.94
2016-03-24,18.0,19.48,17.92,18.19
2016-03-25,18.01,18.86,17.81,18.64
2016-03-28,18.64,18.97,18.46,18.64
2016-03-29,18.66,18.67,17.57,17.69
2016-03-30,17.91,18.74,17.91,18.72
2016-03-31,18.92,18.99,18.32,18.48
2016-04-01,18.49,18.65,17.72,17.89
2016-04-05,17.95,18.38,17.7,18.29
2016-04-06,18.16,18.65,18.01,18.59
2016-04-07,18.66,18.75,17.93,17.94
2016-04-08,17.78,17.79,17.41,17.77
2016-04-11,17.94,18.5,17.94,18.24
2016-04-12,18.16,18.16,17.5,17.72
2016-04-13,17.82,18.33,17.8,18.05
2016-04-14,18.12,18.27,17.96,18.24
2016-04-15,18.25,18.28,18.05,18.14
2016-04-18,18.05,18.06,17.55,17.6
2016-04-19,17.68,17.79,17.52,17.71
2016-04-20,17.77,17.87,16.02,16.5
2016-04-21,16.5,16.78,16.22,16.25
2016-04-22,16.08,16.38,16.02,16.33
2016-04-25,16.3,16.53,15.81,16.46
2016-04-26,16.48,16.65,16.27,16.6
2016-04-27,16.61,16.8,16.44,16.56
2016-04-28,16.52,16.6,16.04,16.46
2016-04-29,16.38,16.55,16.29,16.37
2016-05-03,16.15,16.59,15.55,16.59
2016-05-04,16.36,16.53,16.2,16.32
2016-05-05,16.28,16.34,16.1,16.26
2016-05-06,16.27,16.39,15.5,15.5
2016-05-09,15.3,15.31,14.45,14.47
2016-05-10,14.47,14.78,14.38,14.56
2016-05-11,14.68,14.75,14.4,14.43
2016-05-12,14.28,14.41,13.77,14.34
2016-05-13,14.3,14.66,14.2,14.37
2016-05-16,14.43,14.78,14.27,14.78
2016-05-17,14.65,14.79,14.5,14.54
2016-05-18,14.6,14.63,13.8,13.95
2016-05-19,14.05,14.29,13.99,14.04
2016-05-20,13.95,14.24,13.83,14.2
2016-05-23,14.25,14.57,14.25,14.42
2016-05-24,14.41,14.78,14.05,14.46
2016-05-25,14.51,14.75,14.33,14.65
2016-05-26,14.44,14.65,14.15,14.57
2016-05-27,14.58,14.67,14.43,14.47
2016-05-30,14.3,14.59,14.11,14.36
2016-05-31,14.45,15.07,14.4,15.05
2016-06-01,15.08,15.25,14.9,15.12
2016-06-02,15.02,15.18,14.97,15.14
2016-06-03,15.14,15.56,15.13,15.43
2016-06-06,15.46,15.6,15.13,15.26
2016-06-07,15.2,15.35,15.15,15.2
2016-06-08,15.2,15.72,15.01,15.55
2016-06-13,15.3,15.75,14.56,14.57
2016-06-14,14.49,14.77,14.14,14.36
2016-06-15,14.15,14.93,14.1,14.89
2016-06-16,14.91,16.15,14.9,15.7
2016-06-17,15.6,15.79,15.3,15.4
2016-06-20,15.3,15.55,15.09,15.4
2016-06-21,15.46,15.85,15.01,15.28
2016-06-22,15.15,15.76,15.05,15.75
2016-06-23,15.7,15.7,15.31,15.45
2016-06-24,15.5,15.6,14.5,15.1
2016-06-27,14.9,15.65,14.9,15.56
2016-06-28,15.45,15.85,15.36,15.74
2016-06-29,15.74,16.03,15.64,15.82
2016-06-30,15.71,16.18,15.6,16.08
2016-07-01,16.01,16.38,15.95,16.22
2016-07-04,16.07,16.65,16.02,16.51
2016-07-05,16.6,17.48,16.52,16.79
2016-07-06,16.75,16.75,16.3,16.52
2016-07-07,16.52,16.54,16.17,16.4
2016-07-08,16.35,16.68,16.26,16.35
2016-07-11,16.41,16.79,16.31,16.45
2016-07-12,16.4,16.88,16.11,16.83
2016-07-13,16.87,17.02,16.59,16.75
2016-07-14,16.75,16.81,16.5,16.61
2016-07-15,16.88,17.05,16.67,16.74
2016-07-18,16.77,17.06,16.73,16.76
2016-07-19,16.77,16.78,16.31,16.74
2016-07-20,16.75,16.83,16.54,16.55
2016-07-21,16.45,16.66,16.38,16.45
2016-07-22,16.45,16.72,16.41,16.45
2016-07-25,16.41,16.44,16.08,16.32
2016-07-26,16.3,16.46,16.29,16.46
2016-07-27,16.5,16.53,15.24,15.31
2016-07-28,15.31,15.43,14.87,15.14
2016-07-29,15.15,15.25,14.93,14.99
2016-08-01,14.86,14.9,14.48,14.7
2016-08-02,14.71,14.89,14.68,14.87
2016-08-03,14.85,14.97,14.75,14.86
2016-08-04,14.81,14.95,14.72,14.91
2016-08-05,14.9,14.99,14.69,14.74
2016-08-08,14.66,14.99,14.65,14.99
2016-08-09,14.92,15.22,14.92,15.19
2016-08-10,15.03,15.03,15.03,15.03
2016-08-11,15.13,15.14,14.76,14.77
2016-08-12,14.72,14.95,14.7,14.93
2016-08-15,14.94,15.3,14.89,15.22
2016-08-16,15.25,15.5,15.19,15.39
2016-08-17,15.36,15.36,15.2,15.26
2016-08-18,15.26,15.34,15.21,15.29
2016-08-19,15.26,15.35,15.22,15.33
2016-08-22,15.31,15.35,15.21,15.23
2016-08-23,15.23,15.49,15.21,15.45
2016-08-24,15.39,15.53,15.32,15.39
2016-08-25,15.32,15.32,14.83,15.06
2016-08-26,15.1,15.24,15.04,15.09
2016-08-29,15.06,15.18,15.05,15.1
2016-08-30,15.1,15.31,15.03,15.2
2016-08-31,15.16,15.24,15.0,15.14
2016-09-01,15.14,15.21,14.95,14.95
2016-09-02,14.91,15.05,14.8,14.89
2016-09-05,14.89,15.01,14.85,14.88
2016-09-06,14.88,15.35,14.88,15.3
2016-09-07,15.32,15.59,15.11,15.16
2016-09-08,15.06,15.26,15.04,15.13
2016-09-09,15.15,15.36,15.1,15.19
2016-09-12,14.95,14.95,14.51,14.6
2016-09-13,14.71,14.75,14.6,14.7
2016-09-14,14.62,14.74,14.52,14.59
2016-09-19,14.95,16.0,14.95,15.46
2016-09-20,15.38,15.4,15.1,15.16
2016-09-21,15.16,15.25,15.08,15.11
2016-09-22,15.2,15.26,15.07,15.09
2016-09-23,15.14,15.23,14.85,14.87
2016-09-26,14.86,14.87,14.51,14.51
2016-09-27,14.5,14.73,14.45,14.6
2016-09-28,14.7,14.7,14.59,14.65
2016-09-29,14.63,14.76,14.63,14.72
2016-09-30,14.72,14.81,14.71,14.72
2016-10-10,14.82,15.05,14.82,15.02
2016-10-11,15.02,15.11,14.99,15.07
2016-10-12,15.0,15.26,14.96,15.15
2016-10-13,15.11,15.34,15.06,15.1
2016-10-14,15.04,15.1,14.9,15.02
2016-10-17,15.05,15.25,14.9,14.91
2016-10-18,14.88,15.24,14.82,15.2
2016-10-19,15.21,15.56,15.1,15.21
2016-10-20,15.15,15.27,15.1,15.18
2016-10-21,15.21,15.26,15.03,15.12
2016-10-24,15.12,15.4,15.06,15.35
2016-10-25,15.3,15.3,15.14,15.21
2016-10-26,15.21,15.27,15.09,15.11
2016-10-27,15.14,15.19,15.04,15.13
2016-10-28,15.2,15.25,15.05,15.07
2016-10-31,15.07,15.07,14.83,14.95
2016-11-01,14.97,15.15,14.96,15.11
2016-11-02,15.04,15.11,14.78,14.83
2016-11-03,14.78,14.99,14.73,14.85
2016-11-04,14.85,14.95,14.81,14.86
2016-11-07,14.82,15.07,14.82,15.0
2016-11-08,15.06,15.09,14.92,14.99
2016-11-09,15.01,15.02,14.51,14.79
2016-11-10,14.97,15.05,14.87,14.97
2016-11-11,14.97,15.18,14.96,15.1
2016-11-14,15.1,15.25,15.04,15.2
2016-11-15,15.2,15.39,15.1,15.35
2016-11-16,15.44,15.44,15.21,15.24
2016-11-17,15.2,15.35,15.02,15.33
2016-11-18,15.32,15.33,15.09,15.13
2016-11-21,15.2,15.25,15.05,15.14
2016-11-22,15.15,15.46,15.12,15.42
2016-11-23,15.45,15.45,15.15,15.19
2016-11-24,15.15,15.26,15.07,15.13
2016-11-25,15.09,15.36,14.89,15.36
2016-11-28,15.3,15.4,15.24,15.36
2016-11-29,15.36,15.5,15.14,15.2
2016-11-30,15.11,15.84,15.11,15.47
2016-12-01,15.57,16.3,15.5,16.17
2016-12-02,16.12,16.14,15.67,15.84
2016-12-05,15.67,16.38,15.67,16.02
2016-12-06,16.0,16.05,15.67,15.81
2016-12-07,15.75,16.2,15.65,16.16
2016-12-08,16.02,16.17,15.85,15.93
2016-12-09,15.86,16.15,15.79,15.92
2016-12-12,15.86,15.86,14.53,14.66
2016-12-13,14.66,14.76,14.4,14.59
2016-12-14,14.6,14.68,14.19,14.21
2016-12-15,14.2,14.46,14.15,14.29
2016-12-16,14.35,14.53,14.31,14.49
2016-12-19,14.5,14.63,14.36,14.44
2016-12-20,14.41,14.55,14.38,14.48
2016-12-21,14.5,14.65,14.38,14.52
2016-12-22,14.5,14.71,14.46,14.63
2016-12-23,14.58,14.66,14.32,14.33
2016-12-26,14.28,14.39,14.05,14.36
2016-12-27,14.36,14.56,14.28,14.43
2016-12-28,14.41,14.48,14.27,14.33
2016-12-29,14.24,14.38,14.21,14.21
2016-12-30,14.22,14.3,14.05,14.12
2017-01-03,14.19,14.25,14.1,14.23
2017-01-04,14.22,14.39,14.17,14.35
2017-01-05,14.32,14.45,14.29,14.4
2017-01-06,14.4,14.52,14.33,14.49
2017-01-09,14.4,14.66,14.22,14.62
2017-01-10,14.53,14.56,14.38,14.4
2017-01-11,14.39,14.49,14.28,14.3
2017-01-12,14.3,14.37,14.21,14.31
2017-01-17,13.35,13.82,13.22,13.68
2017-01-18,13.58,13.75,13.35,13.41
2017-01-19,13.36,13.5,13.35,13.38
2017-01-20,13.36,13.53,13.33,13.48
2017-01-23,13.52,13.67,13.48,13.6
2017-01-24,13.6,13.65,13.41,13.44
2017-01-25,13.47,13.56,13.42,13.49
2017-01-26,13.51,13.7,13.51,13.66
2017-02-03,13.68,13.79,13.57,13.62
2017-02-06,13.76,13.8,13.61,13.71
2017-02-07,13.71,13.71,13.49,13.59
2017-02-08,13.59,13.69,13.49,13.69
2017-02-09,13.68,13.86,13.65,13.75
2017-02-10,13.73,13.97,13.65,13.83
2017-02-13,13.81,14.46,13.76,14.18
2017-02-14,14.15,14.18,13.97,14.02
2017-02-15,14.09,14.14,13.85,13.86
2017-02-16,13.82,14.37,13.8,14.18
2017-02-17,14.16,14.21,13.93,13.99
2017-02-20,14.06,14.21,14.05,14.19
2017-02-21,14.25,14.29,14.09,14.22
2017-02-22,14.2,14.36,14.1,14.22
2017-02-23,14.2,14.22,13.96,14.05
2017-02-24,14.03,14.1,13.98,14.05
2017-02-27,14.0,14.13,13.98,13.99
2017-02-28,13.97,14.05,13.91,13.98
2017-03-01,13.93,14.12,13.9,14.04
2017-03-02,14.04,14.08,13.95,13.98
2017-03-03,13.9,13.97,13.82,13.91
2017-03-06,13.86,14.23,13.86,14.2
2017-03-07,14.15,14.19,14.06,14.18
2017-03-08,14.15,14.29,14.11,14.22
2017-03-09,14.23,14.29,14.12,14.21
2017-03-10,14.21,14.22,14.02,14.08
2017-03-13,14.11,14.12,13.88,14.11
2017-03-14,14.1,14.14,14.05,14.08
2017-03-15,14.08,14.09,13.93,13.98
2017-03-16,13.94,14.11,13.93,14.1
2017-03-17,14.12,14.26,14.08,14.09
2017-03-20,14.3,14.61,14.1,14.2
2017-03-21,14.19,14.36,13.86,13.88
2017-03-22,13.79,13.84,13.58,13.68
2017-03-23,13.64,14.1,13.6,13.93
2017-03-24,13.89,13.89,13.7,13.79
2017-03-27,13.83,13.84,13.62,13.65
2017-03-28,13.65,13.75,13.63,13.7
2017-03-29,13.7,13.73,13.54,13.54
2017-03-30,13.52,13.57,13.2,13.27
2017-03-31,13.3,13.43,13.23,13.3
2017-04-05,13.32,13.55,13.32,13.53
2017-04-06,13.5,13.73,13.47,13.59
2017-04-07,13.58,13.68,13.49,13.53
2017-04-10,13.53,13.59,13.25,13.34
2017-04-11,13.47,13.94,13.47,13.93
2017-04-12,13.98,14.05,13.76,13.81
2017-04-13,13.75,13.9,13.69,13.75
2017-04-14,13.73,14.0,13.72,13.74
2017-04-17,13.75,14.05,13.48,13.77
2017-04-18,13.76,13.86,13.61,13.82
2017-04-19,13.67,13.81,13.33,13.44
2017-04-20,13.51,13.58,13.3,13.37
2017-04-21,13.34,13.5,13.3,13.32
2017-04-24,13.37,13.39,12.6,12.82
2017-04-25,12.81,12.92,12.6,12.8
2017-04-26,12.81,12.84,12.72,12.77
2017-04-27,12.78,12.84,12.35,12.78
2017-04-28,12.71,12.89,12.7,12.83
2017-05-02,12.83,12.96,12.73,12.85
2017-05-03,12.85,12.99,12.78,12.87
2017-05-04,12.87,13.19,12.84,13.04
2017-05-05,13.05,13.1,12.72,12.72
2017-05-08,12.72,12.97,12.68,12.82
2017-05-09,12.82,12.99,12.68,12.96
2017-05-10,12.89,13.18,12.88,13.0
2017-05-11,12.93,13.11,12.51,12.87
2017-05-12,12.81,13.05,12.81,12.9
2017-05-15,6.46,6.57,6.37,6.43
2017-05-16,6.45,6.55,6.23,6.53
2017-05-17,6.53,6.66,6.48,6.63
2017-05-18,6.56,6.66,6.52,6.57
2017-05-19,6.57,6.66,6.47,6.49
2017-05-22,6.49,6.62,6.38,6.41
2017-05-23,6.32,6.46,6.16,6.46
2017-05-24,6.4,6.43,6.24,6.41
2017-05-25,6.41,6.47,6.36,6.4
2017-05-26,6.38,6.83,6.38,6.5
2017-05-31,6.55,6.6,6.48,6.49
2017-06-01,6.45,6.54,6.31,6.42
2017-06-02,6.4,6.42,6.2,6.33
2017-06-05,6.34,6.37,6.28,6.31
2017-06-06,6.32,6.32,6.26,6.28
2017-06-07,6.69,6.69,6.51,6.52
2017-06-08,6.49,6.6,6.44,6.51
2017-06-09,6.49,6.58,6.38,6.53
2017-06-12,6.53,6.53,6.38,6.39
2017-06-13,6.37,6.45,6.33,6.43
2017-06-14,6.38,6.44,6.38,6.41
2017-06-15,6.41,6.54,6.39,6.48
2017-06-16,6.47,6.47,6.39,6.41
2017-06-19,6.45,6.48,6.4,6.43
2017-06-20,6.48,6.49,6.43,6.46
2017-06-21,6.47,6.49,6.37,6.42
2017-06-22,6.43,6.44,6.33,6.33
2017-06-23,6.96,6.96,6.66,6.76
2017-06-26,6.6,6.67,6.49,6.64
2017-06-27,6.51,6.59,6.5,6.55
2017-06-28,6.52,6.75,6.51,6.56
2017-06-29,6.51,6.55,6.42,6.48
2017-06-30,6.45,6.46,6.37,6.43
2017-07-03,6.43,6.47,6.4,6.46
2017-07-04,6.46,6.52,6.44,6.47
2017-07-05,6.49,6.49,6.43,6.47
2017-07-06,6.48,6.53,6.43,6.47
2017-07-07,6.46,6.5,6.4,6.47
2017-07-10,6.45,6.45,6.38,6.41
2017-07-11,6.4,6.45,6.37,6.37
2017-07-12,6.38,6.4,6.3,6.36
2017-07-13,6.36,6.36,6.3,6.34
2017-07-14,6.35,6.37,6.31,6.34
2017-07-17,6.31,6.35,5.9,6.11
2017-07-18,6.08,6.14,6.01,6.11
2017-07-19,6.08,6.21,6.04,6.17
2017-07-20,6.17,6.51,6.15,6.45
2017-07-21,6.45,6.72,6.34,6.54
2017-07-24,6.51,6.62,6.49,6.52
2017-07-25,6.62,6.88,6.58,6.73
2017-07-26,6.67,6.69,6.53,6.58
2017-07-27,6.6,6.74,6.55,6.65
2017-07-28,6.61,6.63,6.55,6.55
2017-07-31,6.6,6.66,6.57,6.61
2017-08-01,6.58,6.62,6.51,6.56
2017-08-02,6.57,6.77,6.5,6.71
2017-08-03,6.68,6.69,6.6,6.63
2017-08-04,6.65,6.71,6.55,6.55
2017-08-07,6.53,6.62,6.52,6.57
2017-08-08,6.56,6.75,6.53,6.75
2017-08-09,6.76,6.77,6.64,6.7
2017-08-10,6.71,6.71,6.57,6.59
2017-08-11,6.58,6.74,6.54,6.58
2017-08-14,6.55,6.73,6.55,6.72
2017-08-15,6.7,6.72,6.64,6.65
2017-08-16,6.69,6.76,6.68,6.7
2017-08-17,6.68,6.91,6.68,6.8
2017-08-18,6.73,6.76,6.7,6.72
2017-08-21,6.75,6.76,6.68,6.74
2017-08-22,6.75,6.76,6.64,6.65
2017-08-23,6.66,6.67,6.55,6.57
2017-08-24,6.58,6.61,6.51,6.52
2017-08-25,6.51,6.6,6.51,6.59
2017-08-28,6.59,6.67,6.58,6.65
2017-08-29,6.65,6.68,6.6,6.6
2017-08-30,6.65,6.67,6.6,6.62
2017-08-31,6.62,6.63,6.5,6.58
2017-09-01,6.57,6.59,6.52,6.57
2017-09-04,6.57,6.62,6.54,6.59
2017-09-05,6.6,6.64,6.56,6.62
2017-09-06,6.6,6.75,6.52,6.69
2017-09-07,6.68,6.76,6.65,6.66
2017-09-08,6.68,6.69,6.55,6.62
2017-09-11,6.61,6.72,6.61,6.7
2017-09-12,6.73,6.91,6.72,6.8
2017-09-13,6.75,6.79,6.69,6.77
2017-09-14,6.76,6.77,6.66,6.69
2017-09-15,6.69,6.8,6.65,6.79
2017-09-18,6.76,6.85,6.73,6.77
2017-09-19,6.76,6.8,6.68,6.69
2017-09-20,6.66,6.87,6.66,6.85
2017-09-21,6.86,6.88,6.74,6.76
2017-09-22,6.72,6.75,6.63,6.71
2017-09-25,6.7,6.71,6.56,6.56
2017-09-26,6.56,6.61,6.5,6.54
2017-09-27,6.53,6.64,6.53,6.59
2017-09-28,6.62,6.62,6.52,6.52
2017-09-29,6.52,6.63,6.52,6.57
2017-10-09,6.64,6.68,6.6,6.66
2017-10-10,6.67,6.7,6.59,6.69
2017-10-11,6.7,6.75,6.64,6.75
2017-10-12,6.73,6.75,6.62,6.67
2017-10-13,6.67,6.84,6.62,6.8
2017-10-16,6.77,6.78,6.63,6.67
2017-10-17,6.68,7.2,6.66,6.81
2017-10-18,6.77,6.86,6.72,6.77
2017-10-19,6.75,6.75,6.56,6.56
2017-10-20,6.56,6.65,6.53,6.63
2017-10-23,6.67,6.68,6.6,6.62
2017-10-24,6.62,6.62,6.5,6.54
2017-10-25,6.55,6.63,6.53,6.58
2017-10-26,6.58,6.68,6.54,6.63
2017-10-27,6.59,6.61,6.52,6.54
2017-10-30,6.51,6.55,6.31,6.34
2017-10-31,6.41,6.45,6.32,6.38
2017-11-01,6.4,6.45,6.34,6.4
2017-11-02,6.4,6.5,6.35,6.49
2017-11-03,6.46,6.48,6.38,6.41
2017-11-06,6.4,6.48,6.39,6.48
2017-11-07,6.45,6.55,6.42,6.51
2017-11-08,6.53,6.54,6.43,6.47
2017-11-09,6.48,6.78,6.46,6.58
2017-11-10,6.53,6.68,6.48,6.61
2017-11-13,6.63,6.75,6.62,6.65
2017-11-14,6.65,6.77,6.6,6.74
2017-11-15,6.69,6.76,6.6,6.65
2017-11-16,6.61,6.73,6.6,6.62
2017-11-17,6.6,6.63,6.13,6.3
2017-11-20,6.22,6.34,6.14,6.33
2017-11-21,6.26,6.34,6.17,6.28
2017-11-22,6.28,6.28,6.19,6.24
2017-11-23,6.22,6.25,6.01,6.2
2017-11-24,6.14,6.22,6.1,6.22
2017-11-27,6.19,6.22,6.1,6.22
2017-11-28,6.17,6.25,6.13,6.24
2017-11-29,6.24,6.25,6.14,6.23
2017-11-30,6.21,6.21,6.13,6.21
2017-12-01,6.19,6.23,6.16,6.19
2017-12-04,6.19,6.2,6.1,6.1
2017-12-05,6.1,6.15,5.83,5.87
2017-12-06,5.88,5.89,5.72,5.8
2017-12-07,5.81,6.0,5.74,5.88
2017-12-08,5.83,5.89,5.78,5.83
2017-12-11,5.83,5.85,5.8,5.84
2017-12-12,5.84,5.91,5.81,5.81
2017-12-13,5.78,5.9,5.75,5.86
2017-12-14,5.8,5.83,5.77,5.79
2017-12-15,5.79,5.8,5.64,5.67
2017-12-18,5.66,5.69,5.57,5.61
2017-12-19,5.61,5.68,5.6,5.66
2017-12-20,5.66,5.72,5.65,5.69
2017-12-21,5.66,5.71,5.65,5.69
2017-12-22,5.68,5.88,5.65,5.76
2018-01-10,6.15,6.29,5.95,6.0
2018-01-11,5.94,6.11,5.83,6.0
2018-01-12,5.98,6.0,5.86,5.86
2018-01-15,5.88,5.9,5.6,5.71
2018-01-16,5.67,5.7,5.61,5.62
2018-01-17,5.63,5.68,5.37,5.54
2018-01-18,5.52,5.52,5.43,5.44
2018-01-19,5.48,5.54,5.46,5.53
2018-01-22,5.51,5.58,5.49,5.54
2018-01-23,5.55,5.65,5.54,5.62
2018-01-24,5.63,5.66,5.56,5.59
2018-01-25,5.65,5.79,5.65,5.66
2018-01-26,5.63,5.64,5.55,5.57
2018-01-29,5.58,5.61,5.5,5.55
2018-01-30,5.5,5.54,5.48,5.54
2018-01-31,5.5,5.51,5.39,5.47
2018-02-01,5.49,5.55,5.01,5.37
2018-02-02,5.21,5.39,5.13,5.38
2018-02-26,5.42,5.63,5.42,5.52
2018-02-27,5.53,5.6,5.47,5.55
2018-02-28,5.53,5.58,5.48,5.53
2018-03-01,5.49,5.55,5.47,5.55
2018-03-02,5.5,5.59,5.5,5.56
2018-03-05,5.54,5.6,5.52,5.57
2018-03-06,5.58,5.61,5.51,5.59
2018-03-07,5.6,5.6,5.53,5.53
2018-03-08,5.55,5.56,5.51,5.54
2018-03-09,5.55,5.64,5.55,5.64
2018-03-12,5.66,5.75,5.63,5.73
2018-03-13,5.7,5.97,5.7,5.89
2018-03-14,5.8,5.91,5.78,5.79
2018-03-15,5.78,5.78,5.59,5.67
2018-03-16,5.65,5.75,5.62,5.65
2018-03-19,5.64,5.66,5.54,5.57
2018-03-20,5.54,5.6,5.48,5.59
2018-03-21,5.58,5.63,5.52,5.53
2018-03-22,5.53,5.56,5.48,5.5
2018-03-23,5.4,5.4,5.09,5.4
2018-03-26,5.26,5.4,5.22,5.4
2018-03-27,5.41,5.5,5.41,5.44
2018-03-28,5.37,5.44,5.35,5.4
2018-03-29,5.35,5.46,5.35,5.43
2018-03-30,5.53,5.53,5.45,5.47
2018-04-02,5.48,5.5,5.44,5.47
2018-04-03,5.38,5.44,5.34,5.4
2018-04-04,5.38,5.63,5.38,5.46
2018-04-09,5.42,5.53,5.4,5.5
2018-04-10,5.52,5.59,5.49,5.52
2018-04-11,5.57,5.67,5.52,5.65
2018-04-12,5.61,5.68,5.55,5.63
2018-04-13,5.63,5.7,5.56,5.56
2018-04-16,5.5,5.57,5.45,5.48
2018-04-17,5.48,5.52,5.38,5.42
2018-04-18,5.4,5.48,5.35,5.44
2018-04-19,5.44,5.5,5.41,5.46
2018-04-20,5.43,5.46,5.32,5.41
2018-04-23,5.41,5.44,5.33,5.4
2018-04-24,5.41,5.48,5.39,5.47
2018-04-25,5.49,5.49,5.42,5.45
2018-04-26,5.49,5.54,5.45,5.46
2018-04-27,5.59,5.65,5.49,5.54
2018-05-02,5.54,5.58,5.35,5.43
2018-05-03,5.4,5.47,5.37,5.43
2018-05-04,5.43,5.44,5.38,5.4
2018-05-07,5.4,5.44,5.37,5.44
2018-05-08,5.44,5.44,5.38,5.42
2018-05-09,5.42,5.42,5.39,5.4
2018-05-10,5.4,5.43,5.38,5.4
2018-05-11,5.77,5.94,5.68,5.7
2018-05-14,5.52,5.66,5.49,5.55
2018-05-15,5.55,5.59,5.47,5.58
2018-05-16,5.6,5.69,5.55,5.56
2018-05-17,5.5,5.67,5.48,5.64
2018-05-18,5.6,5.67,5.57,5.64
2018-05-21,5.65,5.67,5.58,5.6
2018-05-22,5.58,5.6,5.52,5.56
2018-05-23,5.57,5.58,5.52,5.53
2018-05-24,5.54,5.56,5.52,5.52
2018-05-25,5.52,5.54,5.4,5.41
2018-05-28,5.42,5.42,5.33,5.39
2018-05-29,5.37,5.4,5.36,5.39
2018-05-30,5.38,5.38,5.19,5.36
2018-05-31,5.37,5.37,5.28,5.36
2018-06-01,5.38,5.38,5.3,5.36
2018-06-04,5.36,5.37,5.29,5.35
2018-06-05,5.34,5.39,5.32,5.36
2018-06-06,5.37,5.45,5.32,5.39
2018-06-07,5.37,5.38,5.33,5.35
2018-06-08,5.35,5.38,5.25,5.36
2018-06-11,5.36,5.38,5.32,5.36
2018-06-12,5.36,5.36,5.3,5.35
2018-06-13,5.3,5.35,5.23,5.35
2018-06-14,5.33,5.36,5.28,5.32
2018-06-15,5.3,5.32,5.24,5.31
2018-06-19,5.26,5.26,4.78,4.86
2018-06-20,4.85,4.87,4.48,4.57
2018-06-21,4.57,4.68,4.4,4.4
2018-06-22,4.4,4.51,4.25,4.44
2018-06-25,4.5,4.52,4.35,4.4
2018-06-26,4.31,4.42,4.27,4.42
2018-06-27,4.41,4.42,4.34,4.36
2018-06-28,4.34,4.39,4.3,4.31
2018-06-29,4.34,4.36,4.25,4.36
2018-07-02,4.36,4.41,4.31,4.33
2018-07-03,4.33,4.38,4.29,4.38
2018-07-04,4.38,4.66,4.33,4.44
2018-07-05,4.35,4.44,4.25,4.26
2018-07-06,4.25,4.31,3.9,4.04
2018-07-09,4.04,4.12,4.02,4.11
2018-07-10,4.12,4.2,4.09,4.13
2018-07-11,4.09,4.09,3.92,3.98
2018-07-12,3.97,4.15,3.97,4.1
2018-07-13,4.1,4.17,4.07,4.12
2018-07-16,4.1,4.22,4.1,4.19
2018-07-17,4.19,4.19,4.09,4.13
2018-07-18,4.15,4.17,4.12,4.14
2018-07-19,4.12,4.14,4.06,4.06
2018-07-20,4.04,4.13,4.03,4.12
2018-07-23,4.08,4.16,4.08,4.16
2018-07-24,4.17,4.26,4.15,4.24
2018-07-25,4.23,4.28,4.21,4.27
2018-07-26,4.24,4.31,4.24,4.31
2018-07-27,4.31,4.33,4.24,4.26
2018-07-30,4.23,4.29,4.21,4.22
2018-07-31,4.23,4.27,4.21,4.22
2018-08-01,4.22,4.25,4.09,4.09
2018-08-02,4.06,4.13,3.9,3.97
2018-08-03,4.0,4.04,3.98,4.03
2018-08-06,4.02,4.11,3.92,4.04
2018-08-07,4.07,4.12,4.03,4.12
2018-08-08,4.12,4.36,4.08,4.16
2018-08-09,4.12,4.36,4.08,4.27
2018-08-10,4.35,4.39,4.24,4.29
2018-08-13,4.23,4.26,4.17,4.25
2018-08-14,4.25,4.35,4.22,4.31
2018-08-15,4.3,4.31,4.2,4.22
2018-08-16,4.15,4.2,4.09,4.1
2018-08-17,4.14,4.17,4.03,4.07
2018-08-20,4.07,4.12,4.0,4.12
2018-08-21,4.1,4.19,4.08,4.17
2018-08-22,4.17,4.2,4.12,4.12
2018-08-23,4.13,4.17,4.1,4.15
2018-08-24,4.14,4.15,4.07,4.09
2018-08-27,4.1,4.17,4.1,4.17
2018-08-28,4.18,4.26,4.15,4.25
2018-08-29,4.18,4.24,4.15,4.17
2018-08-30,4.17,4.17,4.05,4.11
2018-08-31,4.09,4.13,4.02,4.13
2018-09-03,4.1,4.1,4.01,4.1
2018-09-04,4.11,4.13,4.05,4.11
2018-09-05,4.09,4.11,4.05,4.05
2018-09-06,4.05,4.1,4.03,4.05
2018-09-07,4.06,4.09,4.03,4.05
2018-09-10,4.04,4.06,3.98,3.99
2018-09-11,3.99,4.03,3.98,4.01
2018-09-12,4.01,4.11,4.0,4.04
2018-09-13,4.07,4.08,4.02,4.06
2018-09-14,4.06,4.07,4.04,4.06
2018-09-17,4.05,4.06,3.98,4.04
2018-09-18,4.03,4.06,3.97,4.06
2018-09-19,4.04,4.13,4.02,4.08
2018-09-20,4.06,4.1,4.04,4.06
2018-09-21,4.05,4.09,4.02,4.08
2018-09-25,4.07,4.07,4.04,4.06
2018-09-26,4.06,4.08,4.05,4.06
2018-09-27,4.05,4.06,4.0,4.0
2018-09-28,4.0,4.03,4.0,4.02
2018-10-08,4.0,4.0,3.91,3.91
2018-10-09,3.92,3.94,3.9,3.91
2018-10-10,3.93,3.93,3.87,3.91
2018-10-11,3.8,3.8,3.52,3.52
2018-10-12,3.48,3.48,3.17,3.26
2018-10-15,3.29,3.31,3.18,3.19
2018-10-16,3.19,3.24,3.03,3.06
2018-10-17,3.1,3.17,3.07,3.14
2018-10-18,3.14,3.14,3.05,3.08
2018-10-19,3.05,3.16,3.03,3.15
2018-10-22,3.19,3.33,3.18,3.29
2018-10-23,3.29,3.31,3.22,3.23
2018-10-24,3.21,3.28,3.18,3.23
2018-10-25,3.15,3.23,3.09,3.21
2018-10-26,3.23,3.31,3.23,3.27
2018-10-29,3.29,3.33,3.22,3.27
2018-10-30,3.27,3.28,3.19,3.27
2018-10-31,3.26,3.51,3.24,3.48
2018-11-01,3.41,3.55,3.38,3.45
2018-11-02,3.5,3.59,3.42,3.56
2018-11-05,3.5,3.54,3.41,3.5
2018-11-06,3.49,3.58,3.43,3.52
2018-11-07,3.48,3.53,3.45,3.46
2018-11-08,3.49,3.52,3.46,3.46
2018-11-09,3.52,3.53,3.46,3.46
2018-11-12,3.48,3.61,3.45,3.58
2018-11-13,3.52,3.74,3.51,3.68
2018-11-14,3.69,3.73,3.64,3.65
2018-11-15,3.66,3.86,3.66,3.83
2018-11-16,3.82,3.85,3.75,3.81
2018-11-19,3.81,3.9,3.78,3.83
2018-11-20,3.81,3.87,3.66,3.67
2018-11-21,3.64,3.74,3.61,3.72
2018-11-22,3.75,3.88,3.73,3.82
2018-11-23,3.81,3.81,3.55,3.57
2018-11-26,3.53,3.67,3.53,3.58
2018-11-27,3.61,3.71,3.61,3.65
2018-11-28,3.7,3.7,3.57,3.67
2018-11-29,3.69,3.93,3.64,3.7
2018-11-30,3.71,3.81,3.5,3.81
2018-12-03,3.83,3.89,3.76,3.86
2018-12-04,3.82,3.9,3.8,3.86
2018-12-05,3.8,3.82,3.74,3.77
2018-12-06,3.77,3.8,3.73,3.73
2018-12-07,3.74,3.76,3.63,3.69
2018-12-10,3.62,3.67,3.61,3.61
2018-12-11,3.64,3.68,3.63,3.66
2018-12-12,3.67,3.7,3.57,3.58
2018-12-13,3.58,3.65,3.55,3.62
2018-12-14,3.6,3.61,3.5,3.5
2018-12-17,3.49,3.51,3.44,3.49
2018-12-18,3.48,3.5,3.42,3.45
2018-12-19,3.47,3.5,3.43,3.45
2018-12-20,3.47,3.47,3.38,3.44
2018-12-21,3.43,3.43,3.39,3.41
2018-12-24,3.41,3.45,3.4,3.44
2018-12-25,3.42,3.42,3.21,3.32
2018-12-26,3.32,3.32,3.23,3.26
2018-12-27,3.32,3.33,3.22,3.23
2018-12-28,3.23,3.26,3.17,3.24
2019-01-02,3.25,3.27,3.19,3.2
2019-01-03,3.23,3.29,3.21,3.27
2019-01-04,3.24,3.46,3.22,3.46
2019-01-07,3.49,3.81,3.44,3.81
2019-01-08,4.19,4.19,4.02,4.03
2019-01-09,3.84,4.14,3.82,4.01
2019-01-10,3.92,4.07,3.89,3.93
2019-01-11,3.86,3.93,3.82,3.86
2019-01-14,3.89,3.96,3.84,3.89
2019-01-15,3.86,3.96,3.86,3.9
2019-01-16,3.9,3.91,3.8,3.83
2019-01-17,3.84,3.86,3.65,3.77
2019-01-18,3.74,3.76,3.66,3.73
2019-01-21,3.75,3.79,3.72,3.72
2019-01-22,3.74,3.75,3.69,3.74
2019-01-23,3.73,3.87,3.71,3.87
2019-01-24,3.87,3.91,3.81,3.87
2019-01-25,3.87,3.96,3.85,3.86
2019-01-28,3.91,4.19,3.85,3.9
2019-01-29,3.77,3.82,3.54,3.78
2019-01-30,3.71,3.74,3.56,3.69
2019-01-31,3.68,3.68,3.37,3.43
2019-02-01,3.43,3.52,3.42,3.52
2019-02-11,3.53,3.62,3.49,3.59
2019-02-12,3.61,3.79,3.59,3.68
2019-02-13,3.66,3.8,3.61,3.78
2019-02-14,3.76,3.9,3.73,3.84
2019-02-15,3.82,3.87,3.78,3.82
2019-02-18,3.83,4.09,3.83,3.97
2019-02-19,4.07,4.1,3.91,3.98
2019-02-20,3.99,4.09,3.96,4.03
2019-02-21,4.02,4.08,3.89,3.92
2019-02-22,3.97,4.26,3.92,4.17
2019-02-25,4.15,4.44,4.13,4.37
2019-02-26,4.34,4.48,4.25,4.3
2019-02-27,4.29,4.35,4.22,4.27
2019-02-28,4.22,4.4,4.21,4.32
2019-03-01,4.29,4.31,4.21,4.28
2019-03-04,4.3,4.66,4.26,4.4
2019-03-05,4.35,4.52,4.31,4.49
2019-03-06,4.55,4.88,4.47,4.81
2019-03-07,4.7,4.94,4.68,4.82
2019-03-08,4.72,4.76,4.4,4.41
2019-03-11,4.41,4.69,4.38,4.67
2019-03-12,4.8,4.87,4.59,4.75
2019-03-13,4.7,4.74,4.52,4.57
2019-03-14,4.58,4.61,4.35,4.43
2019-03-15,4.47,4.53,4.42,4.47
2019-03-18,4.48,4.58,4.47,4.58
2019-03-19,5.04,5.04,5.04,5.04
2019-03-20,5.18,5.54,5.05,5.33
2019-03-21,5.18,5.86,5.1,5.69
2019-03-22,5.55,5.66,5.38,5.5
2019-03-25,5.34,5.95,5.26,5.7
2019-03-26,5.75,5.76,5.26,5.3
2019-03-27,5.3,5.45,5.15,5.43
2019-03-28,5.31,5.46,5.0,5.03
2019-03-29,5.12,5.3,5.03,5.26
2019-04-01,5.39,5.79,5.27,5.79
2019-04-02,6.36,6.37,6.05,6.37
2019-04-03,6.3,6.86,6.18,6.47
2019-04-04,6.38,6.7,6.26,6.36
2019-04-08,6.42,6.81,6.36,6.56
2019-04-09,6.43,6.44,6.23,6.28
2019-04-10,6.23,6.43,6.06,6.27
2019-04-11,6.27,6.45,6.18,6.28
2019-04-12,6.22,6.55,6.2,6.53
2019-04-15,6.7,6.77,6.06,6.14
2019-04-16,6.12,6.24,5.98,6.21
2019-04-17,6.2,6.38,6.13,6.27
2019-04-18,6.27,6.27,6.05,6.09
2019-04-19,6.07,6.2,6.02,6.17
2019-04-22,6.17,6.17,5.91,5.92
2019-04-23,5.93,5.96,5.75,5.81
2019-04-24,5.85,5.93,5.7,5.9
2019-04-25,5.89,5.89,5.34,5.38
2019-04-26,5.38,5.45,5.22,5.36
2019-04-29,5.35,5.42,4.98,5.03
2019-04-30,5.07,5.22,5.06,5.2
2019-05-06,5.07,5.07,4.68,4.69
2019-05-07,4.71,4.91,4.69,4.83
2019-05-08,4.71,5.16,4.61,4.96
2019-05-09,4.89,4.94,4.78,4.79
2019-05-10,4.84,5.06,4.71,5.03
2019-05-13,4.94,4.99,4.89,4.94
2019-05-14,4.91,4.97,4.84,4.89
2019-05-15,4.93,5.05,4.91,5.02
2019-05-16,5.0,5.17,4.97,5.1
2019-05-17,5.12,5.12,4.77,4.8
2019-05-20,4.81,4.89,4.65,4.88
2019-05-21,4.9,5.13,4.85,5.09
2019-05-22,5.08,5.11,4.87,4.95
2019-05-23,4.96,5.01,4.87,4.97
2019-05-24,4.9,5.04,4.85,4.94
2019-05-27,4.94,5.07,4.87,5.07
2019-05-28,5.07,5.12,5.0,5.02
2019-05-29,4.99,5.07,4.96,5.02
2019-05-30,4.98,5.0,4.81,4.88
2019-05-31,4.91,5.02,4.84,4.96
2019-06-03,4.98,4.98,4.8,4.84
2019-06-04,4.85,4.86,4.72,4.76
2019-06-05,4.83,4.83,4.7,4.7
2019-06-06,4.7,4.98,4.67,4.83
2019-06-10,4.79,4.97,4.77,4.9
2019-06-11,4.87,5.39,4.81,5.39
2019-06-12,5.5,5.78,5.42,5.53
2019-06-13,5.46,5.7,5.39,5.51
2019-06-14,5.45,5.45,5.19,5.2
2019-06-17,5.29,5.46,5.25,5.31
2019-06-18,5.38,5.44,5.11,5.44
2019-06-19,5.56,5.56,5.38,5.4
2019-06-20,5.38,5.45,5.24,5.39
2019-06-21,5.4,5.67,5.39,5.66
2019-06-24,5.58,5.61,5.51,5.54
2019-06-25,5.54,5.54,5.25,5.38
2019-06-26,5.31,5.39,5.3,5.35
2019-06-27,5.35,5.42,5.32,5.35
2019-06-28,5.38,5.4,5.16,5.21
2019-07-01,5.3,5.37,5.26,5.36
2019-07-02,5.36,5.42,5.31,5.33
2019-07-03,5.31,5.31,5.2,5.24
2019-07-04,5.22,5.31,5.2,5.22
2019-07-05,5.21,5.25,5.12,5.17
2019-07-08,5.15,5.15,4.9,4.91
2019-07-09,4.91,4.96,4.85,4.94
2019-07-10,4.94,5.02,4.91,4.92
2019-07-11,4.94,5.01,4.91,4.93
2019-07-12,4.94,4.97,4.86,4.92
2019-07-15,4.93,5.17,4.82,5.06
2019-07-16,5.02,5.08,5.01,5.02
2019-07-17,5.01,5.04,4.98,5.02
2019-07-18,4.97,4.97,4.84,4.88
2019-07-19,4.92,4.95,4.88,4.88
2019-07-22,4.9,4.91,4.75,4.77
2019-07-23,4.8,4.97,4.76,4.93
2019-07-24,4.94,5.01,4.88,4.95
2019-07-25,4.97,4.99,4.92,4.94
2019-07-26,4.93,4.98,4.9,4.96
2019-07-29,4.89,5.04,4.83,4.95
2019-07-30,4.98,5.0,4.89,4.9
2019-07-31,4.87,4.88,4.81,4.83
2019-08-01,4.8,4.83,4.78,4.79
2019-08-02,4.7,4.7,4.58,4.65
2019-08-05,4.64,4.71,4.59,4.59
2019-08-06,4.5,4.68,4.13,4.48
2019-08-07,4.43,4.49,4.34,4.34
2019-08-08,4.31,4.42,4.31,4.35
2019-08-09,4.41,4.41,4.26,4.27
2019-08-12,4.28,4.37,4.26,4.37
2019-08-13,4.33,4.38,4.32,4.34
2019-08-14,4.42,4.44,4.37,4.37
2019-08-15,4.27,4.45,4.2,4.42
2019-08-16,4.39,4.55,4.37,4.44
2019-08-19,4.54,4.65,4.49,4.62
2019-08-20,4.67,4.69,4.59,4.61
2019-08-21,4.58,4.65,4.56,4.58
2019-08-22,4.65,4.78,4.6,4.76
2019-08-23,4.72,4.74,4.61,4.64
2019-08-26,4.51,4.56,4.47,4.52
2019-08-27,4.57,4.66,4.54,4.6
2019-08-28,4.62,5.06,4.57,4.82
2019-08-29,4.78,4.8,4.68,4.7
2019-08-30,4.73,4.82,4.57,4.6
2019-09-02,4.62,4.82,4.58,4.81
2019-09-03,4.85,5.07,4.79,4.9
2019-09-04,4.92,4.98,4.83,4.87
2019-09-05,4.87,5.0,4.85,4.91
2019-09-06,4.9,4.96,4.84,4.88
2019-09-09,4.91,5.0,4.89,4.98
2019-09-10,4.98,5.04,4.91,4.99
2019-09-11,4.94,4.96,4.85,4.85
2019-09-12,4.86,4.89,4.78,4.84
2019-09-16,4.83,4.92,4.81,4.84
2019-09-17,4.83,4.84,4.63,4.64
2019-09-18,4.68,4.7,4.63,4.64
2019-09-19,4.64,4.66,4.51,4.64
2019-09-20,4.61,4.65,4.58,4.6
2019-09-23,4.6,4.61,4.5,4.53
2019-09-24,4.56,4.67,4.56,4.61
2019-09-25,4.58,4.58,4.5,4.5
2019-09-26,4.51,4.51,4.35,4.35
2019-09-27,4.38,4.45,4.35,4.37
2019-09-30,4.38,4.44,4.34,4.34
2019-10-08,4.35,4.41,4.3,4.31
2019-10-09,4.31,4.37,4.28,4.36
2019-10-10,4.41,4.43,4.37,4.42
2019-10-11,4.45,4.46,4.39,4.44
2019-10-14,4.46,4.54,4.46,4.53
2019-10-15,4.51,4.54,4.44,4.49
2019-10-16,4.5,4.54,4.4,4.41
2019-10-17,4.42,4.44,4.4,4.42
2019-10-18,4.42,4.44,4.31,4.31
2019-10-21,4.35,4.35,4.2,4.31
2019-10-22,4.31,4.4,4.31,4.4
2019-10-23,4.39,4.42,4.35,4.36
2019-10-24,4.38,4.45,4.33,4.37
2019-10-25,4.5,4.76,4.49,4.61
2019-10-28,4.56,4.72,4.52,4.68
2019-10-29,4.69,4.74,4.63,4.63
2019-10-30,4.6,4.66,4.55,4.6
2019-10-31,4.6,4.64,4.52,4.53
2019-11-01,4.5,4.68,4.5,4.64
2019-11-04,4.62,4.65,4.56,4.56
2019-11-05,4.6,4.67,4.57,4.66
2019-11-06,4.66,4.7,4.62,4.66
2019-11-07,4.67,4.74,4.63,4.7
2019-11-08,4.71,4.75,4.58,4.59
2019-11-11,4.56,4.56,4.42,4.5
2019-11-12,4.46,4.51,4.4,4.46
2019-11-13,4.45,4.46,4.34,4.37
2019-11-14,4.39,4.47,4.38,4.42
2019-11-15,4.42,4.44,4.37,4.37
2019-11-18,4.37,4.44,4.37,4.43
2019-11-19,4.43,4.49,4.42,4.48
2019-11-20,4.47,4.55,4.44,4.49
2019-11-21,4.5,4.5,4.41,4.42
2019-11-22,4.42,4.48,4.35,4.41
2019-11-25,4.38,4.47,4.33,4.42
2019-11-26,4.4,4.6,4.37,4.54
2019-11-27,4.5,4.54,4.45,4.46
2019-11-28,4.48,4.51,4.41,4.45
2019-11-29,4.44,4.45,4.4,4.42
2019-12-02,4.43,4.47,4.42,4.43
2019-12-03,4.43,4.48,4.4,4.48
2019-12-04,4.46,4.63,4.46,4.53
2019-12-05,4.53,4.56,4.52,4.55
2019-12-06,4.53,4.58,4.52,4.56
2019-12-09,4.56,4.63,4.54,4.59
2019-12-10,4.59,4.6,4.53,4.59
2019-12-11,4.59,4.61,4.53,4.58
2019-12-12,4.55,4.72,4.55,4.63
2019-12-13,4.67,4.68,4.61,4.66
2019-12-16,4.67,4.76,4.66,4.74
2019-12-17,4.76,4.84,4.73,4.8
2019-12-18,4.81,4.94,4.8,4.88
2019-12-19,4.86,4.93,4.83,4.89
2019-12-20,4.87,4.9,4.74,4.75
2019-12-23,4.78,4.86,4.65,4.66
2019-12-24,4.67,4.86,4.63,4.81
2019-12-25,4.78,4.92,4.78,4.89
2019-12-26,4.85,4.92,4.84,4.9
2019-12-27,4.93,4.95,4.8,4.82
2019-12-30,4.81,4.96,4.79,4.96
2019-12-31,4.98,5.01,4.88,4.94
2020-01-02,4.96,5.0,4.93,4.98
2020-01-03,4.98,5.09,4.97,5.08
2020-01-06,5.1,5.26,5.05,5.2
2020-01-07,5.29,5.29,5.11,5.2
2020-01-08,5.2,5.24,5.12,5.14
2020-01-09,5.21,5.39,5.17,5.37
2020-01-10,5.4,5.4,5.23,5.28
2020-01-13,5.29,5.29,5.16,5.28
2020-01-14,5.29,5.4,5.24,5.24
2020-01-15,5.24,5.24,5.08,5.16
2020-01-16,5.16,5.18,5.07,5.1
2020-01-17,5.11,5.14,5.06,5.1
2020-01-20,5.11,5.16,5.09,5.16
2020-01-21,5.13,5.14,5.05,5.05
2020-01-22,5.01,5.12,4.88,5.1
2020-01-23,5.06,5.13,4.88,4.96
2020-02-03,4.46,4.46,4.46,4.46
2020-02-04,4.02,4.37,4.02,4.3
2020-02-05,4.34,4.62,4.3,4.49
2020-02-06,4.48,4.59,4.41,4.54
2020-02-07,4.5,4.6,4.46,4.57
2020-02-10,4.55,4.65,4.5,4.65
2020-02-11,4.65,4.77,4.61,4.64
2020-02-12,4.59,4.76,4.58,4.74
2020-02-13,4.78,4.78,4.66,4.68
2020-02-14,4.68,4.74,4.62,4.66
2020-02-17,4.7,4.85,4.68,4.82
2020-02-18,4.88,5.3,4.87,5.3
2020-02-19,5.38,5.48,5.18,5.18
2020-02-20,5.1,5.25,5.08,5.23
2020-02-21,5.17,5.45,5.16,5.3
2020-02-24,5.3,5.57,5.26,5.52
2020-02-25,5.31,5.86,5.11,5.76
2020-02-26,5.58,5.73,5.4,5.45
2020-02-27,5.53,5.69,5.36,5.44
2020-02-28,5.1,5.29,4.99,5.02
2020-03-02,5.04,5.32,5.04,5.28
2020-03-03,5.39,5.54,5.28,5.4
2020-03-04,5.31,5.49,5.28,5.46
2020-03-05,5.6,5.6,5.44,5.47
2020-03-06,5.41,5.6,5.34,5.5
2020-03-09,5.4,5.46,5.2,5.22
2020-03-10,5.1,5.34,5.0,5.31
2020-03-11,5.34,5.43,5.19,5.19
2020-03-12,5.11,5.22,5.05,5.12
2020-03-13,4.9,5.11,4.85,5.08
2020-03-16,5.15,5.17,4.83,4.86
2020-03-17,4.86,4.95,4.51,4.75
2020-03-18,4.82,4.9,4.67,4.74
2020-03-19,4.66,4.81,4.63,4.77
2020-03-20,4.85,4.86,4.72,4.8
2020-03-23,4.7,4.73,4.52,4.53
2020-03-24,4.65,4.68,4.51,4.63
2020-03-25,4.73,4.79,4.7,4.77
2020-03-26,4.76,4.78,4.65,4.66
2020-03-27,4.73,4.75,4.65,4.66
2020-03-30,4.61,4.61,4.41,4.47
2020-03-31,4.54,4.55,4.41,4.41
2020-04-01,4.4,4.49,4.38,4.39
2020-04-02,4.39,4.52,4.33,4.52
2020-04-03,4.51,4.54,4.42,4.47
2020-04-07,4.56,4.64,4.54,4.64
2020-04-08,4.59,4.69,4.57,4.67
2020-04-09,4.69,4.79,4.69,4.72
2020-04-10,4.73,4.76,4.64,4.64
2020-04-13,4.63,4.68,4.57,4.65
2020-04-14,4.68,4.76,4.65,4.72
2020-04-15,4.65,4.7,4.5,4.51
2020-04-16,4.52,4.59,4.46,4.57
2020-04-17,4.56,4.65,4.55,4.58
2020-04-20,4.6,4.67,4.54,4.67
2020-04-21,4.61,4.68,4.52,4.68
2020-04-22,4.6,4.77,4.58,4.77
2020-04-23,4.74,4.78,4.71,4.71
2020-04-24,4.69,4.75,4.6,4.74
2020-04-27,4.74,4.87,4.7,4.74
2020-04-28,4.71,4.74,4.48,4.56
2020-04-29,4.59,4.65,4.55,4.57
2020-04-30,4.59,4.7,4.59,4.67
2020-05-06,4.61,4.76,4.6,4.76
2020-05-07,4.76,4.77,4.69,4.7
2020-05-08,4.73,4.84,4.73,4.79
2020-05-11,4.84,5.04,4.82,4.92
2020-05-12,4.9,4.92,4.75,4.85
2020-05-13,4.82,4.84,4.76,4.83
2020-05-14,4.78,4.83,4.72,4.74
2020-05-15,4.76,4.78,4.68,4.73
2020-05-18,4.75,4.8,4.64,4.74
2020-05-19,4.76,4.78,4.7,4.76
2020-05-20,4.73,4.74,4.61,4.63
2020-05-21,4.64,4.65,4.53,4.53
2020-05-22,4.55,4.56,4.4,4.45
2020-05-25,4.45,4.46,4.4,4.44
2020-05-26,4.45,4.52,4.44,4.52
2020-05-27,4.52,4.57,4.47,4.5
2020-05-28,4.5,4.56,4.45,4.55
2020-05-29,4.54,4.56,4.51,4.56
2020-06-01,4.55,4.68,4.53,4.67
2020-06-02,4.66,4.85,4.62,4.74
2020-06-03,4.75,4.78,4.67,4.7
2020-06-04,4.7,4.77,4.64,4.66
2020-06-05,4.68,4.68,4.6,4.65
2020-06-08,4.67,4.7,4.61,4.62
2020-06-09,4.62,4.65,4.58,4.64
2020-06-10,4.65,4.66,4.56,4.56
2020-06-11,4.6,4.61,4.51,4.52
2020-06-12,4.42,4.56,4.4,4.56
2020-06-15,4.53,4.58,4.5,4.5
2020-06-16,4.52,4.56,4.52,4.55
2020-06-17,4.55,4.67,4.52,4.67
2020-06-18,4.66,4.66,4.6,4.62
2020-06-19,4.62,4.66,4.6,4.65
2020-06-22,4.65,4.71,4.64,4.64
2020-06-23,4.64,4.64,4.57,4.58
2020-06-24,4.58,4.6,4.51,4.55
2020-06-29,4.55,4.55,4.48,4.49
2020-06-30,4.52,4.62,4.5,4.57
2020-07-01,4.57,4.75,4.53,4.71
2020-07-02,4.67,4.75,4.63,4.75
2020-07-03,4.75,4.79,4.72,4.74
2020-07-06,4.78,4.98,4.78,4.96
2020-07-07,5.05,5.09,4.94,5.0
2020-07-08,5.04,5.13,5.0,5.12
2020-07-09,5.12,5.63,5.12,5.63
2020-07-10,5.73,5.78,5.48,5.51
2020-07-13,5.57,5.83,5.56,5.72
2020-07-14,5.71,6.18,5.68,5.91
2020-07-15,5.9,5.94,5.64,5.64
2020-07-16,5.73,5.85,5.37,5.48
2020-07-17,5.5,5.68,5.42,5.52
2020-07-20,5.58,5.88,5.58,5.86
2020-07-21,5.93,5.95,5.67,5.73
2020-07-22,5.75,5.82,5.66,5.69
2020-07-23,5.69,6.14,5.64,5.88
2020-07-24,5.9,6.06,5.46,5.53
2020-07-27,5.7,5.96,5.4,5.71
2020-07-28,5.78,5.88,5.57,5.62
2020-07-29,5.58,5.73,5.53,5.71
2020-07-30,5.69,5.95,5.62,5.92
2020-07-31,5.9,6.3,5.85,6.26
2020-08-03,6.3,6.38,6.1,6.32
2020-08-04,6.25,6.31,6.07,6.08
2020-08-05,6.03,6.11,5.92,6.11
2020-08-06,6.11,6.22,5.99,6.19
2020-08-07,6.11,6.24,6.0,6.13
2020-08-10,6.06,6.34,6.03,6.27
2020-08-11,6.26,6.29,5.87,5.91
2020-08-12,5.86,5.91,5.51,5.63
2020-08-13,5.65,5.69,5.55,5.56
2020-08-14,5.55,5.62,5.47,5.62
2020-08-17,5.64,5.75,5.57,5.71
2020-08-18,5.71,5.84,5.65,5.77
2020-08-19,5.73,5.87,5.63,5.68
2020-08-20,5.61,5.67,5.56,5.58
2020-08-21,5.61,5.7,5.6,5.64
2020-08-24,5.65,5.68,5.55,5.62
2020-08-25,5.63,5.7,5.58,5.59
2020-08-26,5.57,5.57,5.37,5.41
2020-08-27,5.55,5.69,5.51,5.54
2020-08-28,5.58,5.67,5.49,5.67
2020-08-31,5.72,5.93,5.67,5.87
2020-09-01,5.82,5.92,5.79,5.9
2020-09-02,5.91,5.93,5.72,5.87
2020-09-03,6.11,6.11,5.76,5.78
2020-09-04,5.55,5.69,5.52,5.63
2020-09-07,5.62,5.66,5.44,5.48
2020-09-08,5.46,5.54,5.42,5.53
2020-09-09,5.46,5.57,5.44,5.48
2020-09-10,5.51,5.55,5.08,5.14
2020-09-11,5.08,5.2,5.05,5.18
2020-09-14,5.21,5.28,5.16,5.2
2020-09-15,5.21,5.22,5.14,5.21
2020-09-16,5.22,5.22,5.14,5.19
2020-09-17,5.2,5.2,5.08,5.14
2020-09-18,5.13,5.27,5.12,5.26
2020-09-21,5.27,5.33,5.23,5.25
2020-09-22,5.2,5.26,5.15,5.17
2020-09-23,5.18,5.23,5.14,5.21
2020-09-24,5.17,5.18,5.01,5.03
2020-09-25,5.03,5.09,4.97,5.03
2020-09-28,5.03,5.08,4.98,4.99
2020-09-29,5.02,5.12,5.02,5.07
2020-09-30,5.05,5.12,5.02,5.06
2020-10-09,5.12,5.28,5.12,5.26
2020-10-12,5.32,5.48,5.32,5.46
2020-10-13,5.44,5.49,5.39,5.45
2020-10-14,5.48,5.55,5.43,5.49
2020-10-15,5.5,5.51,5.4,5.43
2020-10-16,5.42,5.47,5.38,5.41
2020-10-19,5.43,5.46,5.28,5.3
2020-10-20,5.28,5.37,5.23,5.34
2020-10-21,5.34,5.36,5.2,5.22
2020-10-22,5.21,5.25,5.14,5.21
2020-10-23,5.22,5.25,5.11,5.13
2020-10-26,5.12,5.2,5.09,5.19
2020-10-27,5.32,5.38,5.21,5.24
2020-10-28,5.22,5.45,5.21,5.45
2020-10-29,5.35,5.44,5.32,5.39
2020-10-30,5.38,5.43,5.22,5.24
2020-11-02,5.25,5.32,5.22,5.29
2020-11-03,5.31,5.45,5.29,5.45
2020-11-04,5.43,5.44,5.33,5.4
2020-11-05,5.44,5.54,5.4,5.53
2020-11-06,5.5,5.61,5.43,5.54
2020-11-09,5.53,5.65,5.53,5.6
2020-11-10,5.62,5.64,5.44,5.49
2020-11-11,5.48,5.55,5.37,5.38
2020-11-12,5.4,5.41,5.33,5.38
2020-11-13,5.38,5.43,5.33,5.4
2020-11-16,5.4,5.54,5.39,5.54
2020-11-17,5.56,5.62,5.46,5.53
2020-11-18,5.54,5.75,5.52,5.63
2020-11-19,5.6,5.67,5.57,5.64
2020-11-20,5.62,5.67,5.57,5.65
2020-11-23,5.65,5.74,5.58,5.69
2020-11-24,5.69,5.83,5.66,5.73
2020-11-25,5.76,5.87,5.58,5.6
2020-11-26,5.64,5.7,5.59,5.63
2020-11-27,5.63,5.66,5.55,5.65
2020-11-30,5.66,5.71,5.48,5.5
2020-12-01,5.5,5.67,5.45,5.67
2020-12-02,5.65,5.72,5.6,5.67
2020-12-03,5.67,5.68,5.55,5.55
2020-12-04,5.56,5.58,5.48,5.53
2020-12-07,5.55,5.61,5.44,5.45
2020-12-08,5.45,5.48,5.4,5.41
2020-12-09,5.4,5.42,5.23,5.24
2020-12-10,5.21,5.26,5.18,5.2
2020-12-11,5.23,5.24,5.06,5.1
2020-12-14,5.1,5.18,5.06,5.17
2020-12-15,5.17,5.22,5.11,5.2
2020-12-16,5.23,5.23,5.11,5.17
2020-12-17,5.19,5.25,5.06,5.22
2020-12-18,5.23,5.27,5.17,5.18
2020-12-21,5.2,5.31,5.15,5.29
2020-12-22,5.27,5.29,5.12,5.12
2020-12-23,5.15,5.33,5.11,5.29
2020-12-24,5.27,5.46,5.26,5.37
2020-12-25,5.31,5.54,5.3,5.5
2020-12-28,5.51,5.63,5.45,5.51
2020-12-29,5.5,5.69,5.41,5.61
2020-12-30,5.53,5.53,5.37,5.46
2020-12-31,5.41,5.6,5.41,5.53
2021-01-04,5.56,5.84,5.53,5.81
2021-01-05,5.76,5.95,5.73,5.81
2021-01-06,5.81,5.86,5.65,5.7
2021-01-07,5.7,5.78,5.63,5.7
2021-01-08,5.67,5.68,5.5,5.61
2021-01-11,5.56,5.72,5.5,5.6
2021-01-12,5.54,5.88,5.45,5.85
2021-01-13,5.8,5.95,5.73,5.87
2021-01-14,5.82,5.82,5.54,5.71
2021-01-15,5.65,5.71,5.6,5.67
2021-01-18,5.7,6.14,5.68,5.9
2021-01-19,5.93,6.08,5.84,5.91
2021-01-20,6.04,6.04,5.8,5.9
2021-01-21,5.88,6.14,5.8,6.09
2021-01-22,6.08,6.08,5.92,6.01
2021-01-25,5.97,5.98,5.75,5.96
2021-01-26,5.91,5.91,5.6,5.6
2021-01-27,5.56,5.75,5.55,5.65
2021-01-28,5.6,6.22,5.55,6.21
2021-01-29,6.14,6.22,5.93,6.18
2021-02-01,6.24,6.32,6.03,6.17
2021-02-02,6.13,6.58,6.08,6.39
2021-02-03,6.39,6.39,6.12,6.13
2021-02-04,6.07,6.18,5.65,5.8
2021-02-05,5.74,5.8,5.23,5.29
2021-02-08,5.28,5.32,5.06,5.26
2021-02-09,5.33,5.55,5.27,5.5
2021-02-10,5.47,5.53,5.4,5.44
2021-02-18,5.55,5.65,5.47,5.58
2021-02-19,5.57,5.75,5.5,5.74
2021-02-22,5.75,5.98,5.72,5.83
2021-02-23,5.82,5.95,5.76,5.89
2021-02-24,6.0,6.05,5.81,5.92
2021-02-25,5.9,5.94,5.73,5.75
2021-02-26,5.65,6.11,5.63,6.03
2021-03-01,5.98,6.35,5.95,6.3
2021-03-02,6.32,6.35,6.15,6.24
2021-03-03,6.25,6.42,6.17,6.33
2021-03-04,6.28,6.38,6.2,6.26
2021-03-05,6.18,6.58,6.11,6.46
2021-03-08,6.78,7.1,6.43,6.44
2021-03-09,6.43,6.55,5.91,6.05
2021-03-10,6.14,6.28,5.98,6.0
2021-03-11,6.05,6.6,5.96,6.6
2021-03-12,6.62,6.85,6.56,6.62
2021-03-15,6.56,6.76,6.47,6.66
2021-03-16,6.66,7.33,6.54,7.22
2021-03-17,7.01,7.02,6.69,6.79
2021-03-18,6.7,6.81,6.64,6.74
2021-03-19,6.61,6.84,6.56,6.69
2021-03-22,6.68,7.05,6.63,6.97
2021-03-23,6.9,6.94,6.48,6.51
2021-03-24,6.5,6.63,6.25,6.35
2021-03-25,6.31,6.42,6.17,6.35
2021-03-26,6.3,6.52,6.29,6.47
2021-03-29,6.49,6.52,6.31,6.37
2021-03-30,6.32,6.35,6.11,6.32
2021-03-31,6.26,6.42,6.21,6.36
2021-04-01,6.35,6.36,6.18,6.21
2021-04-02,6.14,6.2,6.07,6.07
2021-04-06,6.07,6.21,6.04,6.17
2021-04-07,6.15,6.29,6.08,6.28
2021-04-08,6.28,6.28,6.14,6.17
2021-04-09,6.14,6.35,6.12,6.26
2021-04-12,6.26,6.44,6.17,6.37
2021-04-13,6.3,6.36,6.12,6.17
2021-04-14,6.33,6.64,6.26,6.52
2021-04-15,6.45,6.54,6.34,6.5
2021-04-16,6.48,6.66,6.46,6.59
2021-04-19,6.58,6.78,6.54,6.65
2021-04-20,6.64,6.67,6.48,6.54
2021-04-21,6.56,6.74,6.43,6.69
2021-04-22,6.8,6.82,6.55,6.58
2021-04-23,6.63,6.86,6.52,6.74
2021-04-26,6.7,6.72,6.43,6.49
2021-04-27,6.45,6.48,6.26,6.36
2021-04-28,6.32,6.43,6.3,6.41
2021-04-29,6.35,6.45,6.3,6.38
2021-04-30,6.36,6.44,6.31,6.33
2021-05-06,6.33,6.63,6.33,6.62
2021-05-07,6.58,6.73,6.54,6.61
2021-05-10,6.63,6.83,6.57,6.78
2021-05-11,6.75,6.93,6.62,6.85
2021-05-12,6.84,6.84,6.67,6.8
2021-05-13,6.77,6.87,6.69,6.72
2021-05-14,6.76,7.05,6.72,7.05
2021-05-17,7.0,7.08,6.88,6.92
2021-05-18,6.89,7.07,6.74,6.97
2021-05-19,6.88,6.89,6.69,6.69
2021-05-20,6.75,7.28,6.72,6.96
2021-05-21,6.82,7.04,6.73,7.03
2021-05-24,7.12,7.45,7.07,7.29
2021-05-25,7.15,7.27,7.1,7.23
2021-05-26,7.18,7.21,7.01,7.13
2021-05-27,7.09,7.2,7.02,7.14
2021-05-28,7.15,7.17,6.83,6.84
2021-05-31,6.84,6.98,6.74,6.89
2021-06-01,6.94,6.94,6.7,6.79
2021-06-02,6.81,6.9,6.71,6.74
2021-06-03,6.73,6.83,6.7,6.77
2021-06-04,6.78,6.95,6.78,6.94
2021-06-07,6.89,7.09,6.87,7.06
2021-06-08,7.04,7.11,6.95,7.06
2021-06-09,7.03,7.11,6.98,7.09
2021-06-10,7.08,7.09,6.97,7.07
2021-06-11,7.07,7.07,6.51,6.56
2021-06-15,6.56,6.62,6.41,6.58
2021-06-16,6.53,6.62,6.25,6.31
2021-06-17,6.34,6.38,6.3,6.38
2021-06-18,6.34,6.49,6.27,6.45
2021-06-21,6.42,6.49,6.37,6.45
2021-06-22,6.44,6.5,6.38,6.48
2021-06-23,6.48,6.48,6.31,6.38
2021-06-24,6.37,6.37,6.28,6.3
2021-06-25,6.3,6.37,6.25,6.35
2021-06-28,6.35,6.46,6.33,6.44
2021-06-29,6.42,6.46,6.3,6.32
2021-06-30,6.32,6.41,6.32,6.39
2021-07-01,6.39,6.41,6.12,6.13
2021-07-02,6.13,6.22,6.11,6.14
2021-07-05,6.14,6.25,6.14,6.24
2021-07-06,6.21,6.39,6.2,6.38
2021-07-07,6.34,6.42,6.3,6.4
2021-07-08,6.43,6.5,6.38,6.44
2021-07-09,6.44,6.54,6.33,6.52
2021-07-12,6.54,6.6,6.48,6.57
2021-07-13,6.58,6.76,6.48,6.69
2021-07-14,6.65,6.72,6.56,6.57
2021-07-15,6.52,6.78,6.49,6.78
2021-07-16,6.76,6.82,6.69,6.73
2021-07-19,6.71,6.85,6.66,6.69
2021-07-20,6.61,6.95,6.6,6.93
2021-07-21,6.92,6.93,6.81,6.91
2021-07-22,6.89,6.93,6.83,6.88
2021-07-23,6.88,7.11,6.82,6.98
2021-07-26,6.98,7.12,6.73,6.91
2021-07-27,6.91,7.1,6.72,6.76
2021-07-28,6.72,6.84,6.31,6.66
2021-07-29,6.72,7.14,6.71,7.02
2021-07-30,7.01,7.31,6.95,7.25
2021-08-02,7.21,7.35,7.11,7.29
2021-08-03,7.41,7.45,7.12,7.18
2021-08-04,7.18,7.3,7.11,7.23
2021-08-05,7.17,7.38,7.11,7.37
2021-08-06,7.37,8.11,7.3,7.93
2021-08-09,7.95,8.23,7.79,7.82
2021-08-10,7.9,8.2,7.82,7.88
2021-08-11,7.92,8.22,7.83,8.13
2021-08-12,8.17,8.94,8.13,8.94
2021-08-13,9.0,9.38,8.91,9.03
2021-08-16,9.02,9.14,8.59,8.65
2021-08-17,8.69,8.74,8.17,8.22
2021-08-18,8.19,8.38,8.12,8.19
2021-08-19,8.19,8.22,7.88,8.06
2021-08-20,8.05,8.2,7.91,8.07
2021-08-23,8.1,8.37,8.06,8.33
2021-08-24,8.3,8.32,8.01,8.05
2021-08-25,8.07,8.22,8.04,8.16
2021-08-26,8.22,8.79,8.22,8.45
2021-08-27,8.26,8.67,8.22,8.57
2021-08-30,8.57,8.75,8.39,8.6
2021-08-31,8.48,8.53,8.27,8.5
2021-09-01,8.55,9.02,8.31,9.01
2021-09-02,8.83,9.34,8.7,9.22
2021-09-03,9.26,9.69,8.63,8.7
2021-09-06,8.8,9.08,8.3,8.56
2021-09-07,8.56,8.74,8.46,8.65
2021-09-08,8.64,8.95,8.5,8.91
2021-09-09,8.81,8.83,8.6,8.73
2021-09-10,8.71,8.72,8.3,8.5
2021-09-13,8.5,8.76,8.36,8.74
2021-09-14,8.73,8.73,8.45,8.51
2021-09-15,8.45,9.05,8.33,9.04
2021-09-16,9.13,9.18,8.6,8.63
2021-09-17,8.56,9.45,8.46,9.25
2021-09-22,9.11,10.0,9.05,9.83
2021-09-23,9.84,9.85,9.5,9.51
2021-09-24,9.48,9.65,9.06,9.1
2021-09-27,9.21,9.28,8.19,8.19
2021-09-28,7.94,8.04,7.62,7.91
2021-09-29,7.77,7.9,7.42,7.55
2021-09-30,7.64,7.84,7.57,7.79
2021-10-08,7.87,7.94,7.56,7.75
2021-10-11,7.74,7.88,7.57,7.66
2021-10-12,7.61,7.69,7.14,7.28
2021-10-13,7.28,7.35,7.11,7.33
2021-10-14,7.32,7.49,7.22,7.41
2021-10-15,7.44,7.46,7.24,7.3
2021-10-18,7.25,7.53,7.25,7.5
2021-10-19,7.5,7.71,7.46,7.55
2021-10-20,7.5,7.69,7.39,7.65
2021-10-21,7.65,7.74,7.54,7.56
2021-10-22,7.52,7.58,7.25,7.27
2021-10-25,7.25,7.6,7.17,7.56
2021-10-26,7.6,7.74,7.51,7.59
2021-10-27,7.56,7.65,7.36,7.45
2021-10-28,7.44,7.51,7.1,7.2
2021-10-29,7.2,7.36,7.12,7.33
2021-11-01,7.33,7.72,7.3,7.63
2021-11-02,7.64,7.76,7.42,7.53
2021-11-03,7.54,7.7,7.45,7.63
2021-11-04,7.64,7.95,7.58,7.92
2021-11-05,7.95,8.08,7.79,7.8
2021-11-08,7.85,7.96,7.71,7.79
2021-11-09,7.84,7.97,7.77,7.87
2021-11-10,7.85,7.85,7.61,7.77
2021-11-11,7.77,7.83,7.73,7.78
2021-11-12,7.78,7.99,7.68,7.95
2021-11-15,7.94,8.05,7.9,7.99
2021-11-16,7.99,8.28,7.87,8.27
2021-11-17,8.27,8.57,8.15,8.52
2021-11-18,8.52,8.63,8.31,8.35
2021-11-19,8.32,8.55,8.32,8.42
2021-11-22,8.46,8.74,8.4,8.64
2021-11-23,8.57,8.77,8.53,8.58
2021-11-24,8.52,8.61,8.35,8.37
2021-11-25,8.42,8.76,8.33,8.71
2021-11-26,8.66,8.69,8.48,8.55
2021-11-29,8.36,8.53,8.31,8.42
2021-11-30,8.48,8.82,8.43,8.66
2021-12-01,8.65,8.79,8.56,8.74
2021-12-02,8.77,8.86,8.51,8.53
2021-12-03,8.5,8.58,8.37,8.55
2021-12-06,8.53,8.72,8.32,8.36
2021-12-07,8.4,8.5,7.98,8.03
2021-12-08,8.16,8.17,8.0,8.1
2021-12-09,8.09,8.19,8.05,8.1
2021-12-10,8.1,8.1,7.9,7.92
2021-12-13,7.99,8.14,7.9,8.08
2021-12-14,8.15,8.31,8.1,8.12
2021-12-15,8.09,8.17,8.01,8.04
2021-12-16,8.03,8.14,8.0,8.12
2021-12-17,8.09,8.38,8.08,8.22
2021-12-20,8.16,8.26,7.96,7.98
2021-12-21,7.96,8.06,7.75,8.06
2021-12-22,8.06,8.11,7.99,8.07
2021-12-23,8.03,8.4,7.99,8.34
2021-12-24,8.3,8.35,8.06,8.06
2021-12-27,8.03,8.45,8.0,8.43
2021-12-28,8.46,8.48,8.22,8.38
2021-12-29,8.34,8.46,8.2,8.23
2021-12-30,8.19,8.4,8.19,8.2
2021-12-31,8.23,8.33,8.2,8.25
2022-01-04,8.27,8.39,8.17,8.35
2022-01-05,8.29,8.31,8.05,8.07
2022-01-06,8.04,8.17,8.03,8.09
2022-01-07,8.12,8.15,7.81,7.81
2022-01-10,7.81,7.83,7.57,7.75
2022-01-11,7.78,7.83,7.66,7.68
2022-01-12,7.7,7.81,7.7,7.8
2022-01-13,7.8,7.81,7.66,7.68
2022-01-14,7.67,7.75,7.6,7.75
2022-01-17,7.68,7.88,7.67,7.87
2022-01-18,7.85,7.85,7.75,7.8
2022-01-19,7.78,7.79,7.57,7.64
2022-01-20,7.6,7.69,7.33,7.41
2022-01-21,7.42,7.45,7.28,7.43
2022-01-24,7.41,7.47,7.34,7.43
2022-01-25,7.41,7.41,7.05,7.06
2022-01-26,7.06,7.17,7.0,7.08
2022-01-27,7.07,7.08,6.81,6.9
2022-01-28,6.95,6.97,6.7,6.97
2022-02-07,6.98,7.17,6.98,7.03
2022-02-08,7.06,7.14,6.98,7.13
2022-02-09,7.12,7.27,7.08,7.25
2022-02-10,7.23,7.26,7.13,7.16
2022-02-11,7.13,7.14,6.98,7.0
2022-02-14,6.95,7.08,6.91,6.96
2022-02-15,6.99,7.04,6.94,7.02
2022-02-16,7.07,7.13,7.05,7.11
2022-02-17,7.09,7.15,7.05,7.07
2022-02-18,7.05,7.12,7.02,7.09
2022-02-21,7.06,7.17,7.06,7.15
2022-02-22,7.09,7.12,7.01,7.08
2022-02-23,7.08,7.23,7.07,7.23
2022-02-24,7.22,7.22,6.93,7.0
2022-02-25,7.09,7.15,7.05,7.08
2022-02-28,7.13,7.21,7.08,7.18
2022-03-01,7.21,7.29,7.18,7.29
2022-03-02,7.23,7.32,7.2,7.29
2022-03-03,7.34,7.48,7.28,7.41
2022-03-04,7.37,7.42,7.21,7.24
2022-03-07,7.21,7.23,6.98,7.04
2022-03-08,7.04,7.07,6.71,6.74
2022-03-09,6.74,6.85,6.29,6.66
2022-03-10,6.75,6.86,6.7,6.73
2022-03-11,6.65,6.75,6.48,6.73
2022-03-14,6.66,6.74,6.48,6.48
2022-03-15,6.42,6.43,5.95,5.97
2022-03-16,6.05,6.15,5.74,6.13
2022-03-17,6.2,6.32,6.17,6.19
2022-03-18,6.13,6.29,6.13,6.27
2022-03-21,6.27,6.34,6.21,6.29
2022-03-22,6.25,6.36,6.23,6.3
2022-03-23,6.32,6.38,6.3,6.33
2022-03-24,6.29,6.3,6.2,6.23
2022-03-25,6.29,6.29,6.12,6.13
2022-03-28,6.11,6.22,6.0,6.17
2022-03-29,6.18,6.24,6.09,6.11
2022-03-30,6.16,6.28,6.11,6.28
2022-03-31,6.23,6.28,6.22,6.25
2022-04-01,6.19,6.3,6.14,6.26
2022-04-06,6.21,6.29,6.17,6.28
2022-04-07,6.24,6.34,6.16,6.16
2022-04-08,6.18,6.2,6.02,6.14
2022-04-11,6.13,6.13,5.82,5.83
2022-04-12,5.83,5.96,5.78,5.94
2022-04-13,5.94,5.95,5.84,5.84
2022-04-14,5.9,5.92,5.84,5.87
2022-04-15,5.85,6.04,5.79,6.0
2022-04-18,5.98,6.33,5.9,6.27
2022-04-19,6.33,6.56,6.24,6.44
2022-04-20,6.42,6.44,6.26,6.4
2022-04-21,6.3,6.3,5.9,5.97
2022-04-22,5.8,5.97,5.67,5.78
2022-04-25,5.62,5.63,5.2,5.2
2022-04-26,5.2,5.25,4.9,4.95
2022-04-27,4.91,5.25,4.79,5.24
2022-04-28,5.19,5.21,5.0,5.1
2022-04-29,5.04,5.26,5.0,5.22
2022-05-05,5.19,5.32,5.15,5.24
2022-05-06,5.08,5.16,5.03,5.1
2022-05-09,5.08,5.18,5.08,5.14
2022-05-10,5.08,5.24,5.04,5.24
2022-05-11,5.24,5.4,5.23,5.25
2022-05-12,5.23,5.3,5.17,5.24
2022-05-13,5.26,5.35,5.24,5.33
2022-05-16,5.4,5.41,5.27,5.3
2022-05-17,5.32,5.33,5.21,5.32
2022-05-18,5.32,5.38,5.32,5.35
2022-05-19,5.25,5.39,5.24,5.38
2022-05-20,5.4,5.53,5.39,5.52
2022-05-23,5.58,5.6,5.51,5.57
2022-05-24,5.57,5.57,5.34,5.34
2022-05-25,5.45,5.52,5.34,5.51
2022-05-26,5.5,5.64,5.43,5.59
2022-05-27,5.6,5.62,5.45,5.52
2022-05-30,5.52,5.58,5.47,5.55
2022-05-31,5.55,5.64,5.51,5.61
2022-06-01,5.6,5.68,5.56,5.62
2022-06-02,5.62,5.67,5.57,5.66
2022-06-06,5.68,5.77,5.66,5.75
2022-06-07,5.77,5.78,5.65,5.7
2022-06-08,5.75,5.75,5.53,5.66
2022-06-09,5.66,5.66,5.48,5.52
2022-06-10,5.48,5.63,5.45,5.61
2022-06-13,5.58,5.7,5.53,5.65
2022-06-14,5.59,5.67,5.45,5.67
2022-06-15,5.69,5.78,5.66,5.7
2022-06-16,5.7,5.75,5.66,5.68
2022-06-17,5.64,5.77,5.6,5.76
2022-06-20,5.78,5.92,5.77,5.88
2022-06-21,5.88,5.94,5.8,5.9
2022-06-22,5.89,5.93,5.8,5.81
2022-06-23,5.88,6.0,5.83,6.0
2022-06-24,5.99,6.06,5.96,6.03
2022-06-27,6.07,6.08,5.98,6.02
2022-06-28,6.01,6.27,6.0,6.22
2022-06-29,6.22,6.27,6.0,6.0
2022-06-30,6.0,6.27,5.97,6.14
2022-07-01,6.12,6.2,6.03,6.12
2022-07-04,6.07,6.2,5.99,6.17
2022-07-05,6.16,6.3,6.13,6.26
2022-07-06,6.3,6.51,6.14,6.48
2022-07-07,6.43,6.47,6.31,6.38
2022-07-08,6.42,6.42,6.22,6.23
2022-07-11,6.24,6.36,6.18,6.28
2022-07-12,6.22,6.24,6.08,6.09
2022-07-13,6.09,6.18,6.07,6.14
2022-07-14,6.15,6.35,6.12,6.33
2022-07-15,6.31,6.31,6.15,6.15
2022-07-18,6.2,6.35,6.18,6.34
2022-07-19,6.3,6.4,6.29,6.35
2022-07-20,6.39,6.48,6.31,6.45
2022-07-21,6.41,6.51,6.35,6.37
2022-07-22,6.36,6.43,6.26,6.35
2022-07-25,6.36,6.36,6.12,6.16
2022-07-26,6.17,6.25,6.04,6.25
2022-07-27,6.22,6.34,6.2,6.32
2022-07-28,6.36,6.4,6.32,6.34
2022-07-29,6.34,6.45,6.33,6.34
2022-08-01,6.33,6.55,6.26,6.54
2022-08-02,6.48,6.49,6.13,6.22
2022-08-03,6.25,6.84,6.25,6.54
2022-08-04,6.53,6.59,6.28,6.36
2022-08-05,6.39,6.43,6.22,6.38
2022-08-08,6.34,6.49,6.23,6.42
2022-08-09,6.4,6.8,6.38,6.77
2022-08-10,6.73,6.82,6.65,6.68
2022-08-11,6.68,6.73,6.62,6.7
2022-08-12,6.72,6.72,6.55,6.57
2022-08-15,6.56,6.82,6.53,6.81
2022-08-16,6.84,7.33,6.84,7.05
2022-08-17,7.03,7.18,6.99,7.02
2022-08-18,7.07,7.25,7.05,7.22
2022-08-19,7.22,7.3,7.02,7.2
2022-08-22,7.28,7.82,7.27,7.61
2022-08-23,7.45,7.97,7.4,7.62
2022-08-24,7.85,8.05,7.66,7.7
2022-08-25,7.86,7.98,7.29,7.37
2022-08-26,7.51,7.55,7.1,7.19
2022-08-29,7.06,7.85,7.0,7.71
2022-08-30,7.67,7.73,7.36,7.48
2022-08-31,7.51,7.56,6.99,7.07
2022-09-01,7.1,7.15,6.91,6.95
2022-09-02,6.97,7.21,6.9,6.99
2022-09-05,7.08,7.45,7.0,7.4
2022-09-06,7.44,7.85,7.4,7.78
2022-09-07,7.65,7.85,7.59,7.72
2022-09-08,7.68,8.05,7.65,7.73
2022-09-09,7.7,7.77,7.45,7.6
2022-09-13,7.67,7.76,7.57,7.66
2022-09-14,7.5,7.6,7.32,7.37
2022-09-15,7.5,7.57,6.79,6.95
2022-09-16,6.89,7.05,6.7,6.73
2022-09-19,6.76,6.89,6.59,6.67
2022-09-20,6.72,6.94,6.71,6.8
2022-09-21,6.7,6.79,6.55,6.67
2022-09-22,6.62,6.75,6.59,6.65
2022-09-23,6.64,6.69,6.4,6.5
2022-09-26,6.41,6.46,6.29,6.32
2022-09-27,6.38,6.49,6.33,6.45
2022-09-28,6.43,6.43,6.15,6.16
2022-09-29,6.25,6.28,6.1,6.16
2022-09-30,6.14,6.19,5.99,6.0
2022-10-10,6.01,6.04,5.81,5.84
2022-10-11,5.87,5.95,5.78,5.91
2022-10-12,5.9,6.11,5.73,6.1
2022-10-13,6.1,6.2,6.05,6.11
2022-10-14,6.16,6.32,6.09,6.27
2022-10-17,6.21,6.33,6.18,6.3
2022-10-18,6.33,6.46,6.27,6.36
2022-10-19,6.33,6.51,6.3,6.39
2022-10-20,6.35,6.45,6.19,6.37
2022-10-21,6.33,6.47,6.33,6.39
2022-10-24,6.4,6.57,6.36,6.4
2022-10-25,6.39,6.48,6.24,6.45
2022-10-26,6.44,6.63,6.37,6.59
2022-10-27,6.6,6.75,6.58,6.68
2022-10-28,6.69,6.69,6.31,6.33
2022-10-31,6.32,6.48,6.3,6.41
2022-11-01,6.42,6.68,6.42,6.66
2022-11-02,6.64,6.74,6.6,6.71
2022-11-03,6.62,6.81,6.61,6.79
2022-11-04,6.73,6.88,6.73,6.88
2022-11-07,6.89,7.02,6.85,6.96
2022-11-08,6.98,7.0,6.8,6.95
2022-11-09,6.93,6.99,6.87,6.9
2022-11-10,6.85,6.89,6.78,6.87
2022-11-11,7.0,7.04,6.81,6.81
2022-11-14,6.84,6.89,6.67,6.82
2022-11-15,6.78,7.5,6.72,7.45
2022-11-16,7.44,7.5,7.08,7.15
2022-11-17,7.18,7.21,7.03,7.11
2022-11-18,7.13,7.18,7.04,7.05
2022-11-21,7.05,7.14,6.95,7.14
2022-11-22,7.08,7.13,6.9,6.93
2022-11-23,6.94,7.05,6.82,6.98
2022-11-24,6.96,7.02,6.91,6.93
2022-11-25,6.85,7.06,6.82,6.82
2022-11-28,6.75,6.82,6.64,6.79
2022-11-29,6.77,6.89,6.76,6.87
2022-11-30,6.85,6.88,6.8,6.82
2022-12-01,6.88,6.91,6.8,6.81
2022-12-02,6.8,6.85,6.76,6.84
2022-12-05,6.86,6.93,6.82,6.91
2022-12-06,6.9,6.91,6.81,6.83
2022-12-07,6.8,6.82,6.71,6.74
2022-12-08,6.71,6.76,6.6,6.63
2022-12-09,6.64,6.65,6.53,6.54
2022-12-12,6.55,6.62,6.44,6.58
2022-12-13,6.62,6.71,6.52,6.54
2022-12-14,6.49,6.6,6.42,6.45
2022-12-15,6.45,6.59,6.41,6.56
2022-12-16,6.53,6.56,6.35,6.37
2022-12-19,6.37,6.45,6.22,6.26
2022-12-20,6.38,6.47,6.28,6.34
2022-12-21,6.32,6.36,6.19,6.23
2022-12-22,6.26,6.29,6.12,6.15
2022-12-23,6.11,6.16,6.04,6.13
2022-12-26,6.2,6.43,6.11,6.4
2022-12-27,6.44,6.45,6.33,6.39
2022-12-28,6.38,6.42,6.33,6.39
2022-12-29,6.36,6.4,6.32,6.32
2022-12-30,6.38,6.57,6.38,6.45
2023-01-03,6.42,6.6,6.41,6.57
2023-01-04,6.57,6.61,6.54,6.57
2023-01-05,6.57,6.64,6.53,6.61
2023-01-06,6.65,6.75,6.61,6.69
2023-01-09,6.68,6.75,6.64,6.67
2023-01-10,6.66,6.7,6.59,6.62
2023-01-11,6.65,6.74,6.59,6.62
2023-01-12,6.65,6.73,6.62,6.68
2023-01-13,6.7,6.82,6.65,6.77
2023-01-16,6.75,6.83,6.73,6.79
2023-01-17,6.83,6.98,6.79,6.92
2023-01-18,6.9,6.97,6.89,6.92
2023-01-19,6.9,6.97,6.87,6.97
2023-01-20,6.96,7.01,6.94,7.0
2023-01-30,7.08,7.13,7.0,7.03
2023-01-31,7.04,7.08,6.98,7.07
2023-02-01,7.1,7.22,7.07,7.21
2023-02-02,7.19,7.23,7.12,7.14
2023-02-03,7.14,7.18,7.01,7.09
2023-02-06,7.21,7.49,7.15,7.18
2023-02-07,7.19,7.55,7.17,7.47
2023-02-08,7.42,7.58,7.4,7.46
2023-02-09,7.46,7.53,7.41,7.49
2023-02-10,7.44,7.59,7.44,7.56
2023-02-13,7.55,7.82,7.49,7.7
2023-02-14,7.62,7.83,7.62,7.78
2023-02-15,7.77,8.32,7.74,8.08
2023-02-16,8.09,8.12,7.51,7.58
2023-02-17,7.58,7.64,7.37,7.42
2023-02-20,7.43,7.6,7.36,7.58
2023-02-21,7.59,7.7,7.52,7.66
2023-02-22,7.6,7.7,7.54,7.56
2023-02-23,7.56,7.63,7.46,7.55
2023-02-24,7.55,7.57,7.47,7.53
2023-02-27,7.49,7.62,7.47,7.55
2023-02-28,7.61,7.71,7.53,7.69
2023-03-01,7.67,7.76,7.58,7.7
2023-03-02,7.78,7.87,7.7,7.72
2023-03-03,7.73,7.8,7.64,7.7
2023-03-06,7.72,7.82,7.71,7.75
2023-03-07,7.75,7.77,7.44,7.44
2023-03-08,7.41,7.61,7.41,7.58
2023-03-09,7.84,7.9,7.6,7.73
2023-03-10,7.58,7.64,7.42,7.44
2023-03-13,7.41,7.48,7.32,7.39
2023-03-14,7.39,7.44,7.2,7.26
2023-03-15,7.32,7.48,7.29,7.42
2023-03-16,7.41,7.42,7.21,7.22
2023-03-17,7.28,7.36,7.23,7.24
2023-03-20,7.24,7.34,7.2,7.27
2023-03-21,7.34,7.6,7.27,7.6
2023-03-22,7.62,7.73,7.56,7.67
2023-03-23,7.68,7.74,7.61,7.64
2023-03-24,7.66,7.69,7.6,7.65
2023-03-27,7.65,7.85,7.6,7.81
2023-03-28,7.81,7.81,7.54,7.57
2023-03-29,7.58,7.76,7.56,7.72
2023-03-30,7.9,8.07,7.68,7.74
2023-03-31,7.71,7.79,7.61,7.68
2023-04-03,7.7,7.72,7.55,7.62
2023-04-04,7.68,7.7,7.52,7.63
2023-04-06,7.63,7.64,7.51,7.6
2023-04-07,7.63,7.7,7.57,7.68
2023-04-10,7.68,7.88,7.66,7.71
2023-04-11,7.67,7.74,7.53,7.6
2023-04-12,7.57,7.69,7.57,7.6
2023-04-13,7.68,8.09,7.66,7.8
2023-04-14,7.79,7.89,7.56,7.6
2023-04-17,7.56,7.8,7.55,7.69
2023-04-18,7.72,7.73,7.48,7.53
2023-04-19,7.47,7.83,7.47,7.61
2023-04-20,7.58,7.62,7.26,7.42
2023-04-21,7.44,7.6,7.2,7.22
2023-04-24,7.2,7.23,6.97,7.01
2023-04-25,7.01,7.11,6.78,6.9
2023-04-26,6.89,7.12,6.88,7.07
2023-04-27,7.06,7.21,7.06,7.12
2023-04-28,7.06,7.06,6.73,6.86
2023-05-04,6.82,6.84,6.69,6.83
2023-05-05,6.83,6.84,6.62,6.66
2023-05-08,6.74,7.09,6.7,6.87
2023-05-09,6.85,6.92,6.68,6.69
2023-05-10,6.66,6.97,6.64,6.94
2023-05-11,6.92,7.01,6.83,6.91
2023-05-12,6.9,6.9,6.7,6.72
2023-05-15,6.74,6.99,6.72,6.92
2023-05-16,6.92,7.07,6.85,6.9
2023-05-17,6.9,7.06,6.9,7.05
2023-05-18,7.05,7.12,7.01,7.09
2023-05-19,7.1,7.19,7.03,7.14
2023-05-22,7.13,7.19,7.1,7.1
2023-05-23,7.11,7.15,6.96,6.97
2023-05-24,6.95,7.05,6.9,6.95
2023-05-25,6.95,7.06,6.87,7.02
2023-05-26,6.98,7.08,6.9,7.05
2023-05-29,7.08,7.08,6.94,6.97
2023-05-30,6.97,7.07,6.94,7.06
2023-05-31,7.06,7.12,6.93,7.06
2023-06-01,7.05,7.06,6.95,6.96
2023-06-02,6.97,7.01,6.93,6.96
2023-06-05,6.96,7.05,6.92,7.02
2023-06-06,6.99,7.0,6.76,6.76
2023-06-07,6.77,6.8,6.69,6.73
2023-06-08,6.73,6.88,6.71,6.82
2023-06-09,6.86,7.5,6.83,7.5
2023-06-12,7.5,7.96,7.44,7.75
2023-06-13,7.71,8.12,7.66,8.05
2023-06-14,8.01,8.22,7.78,7.79
2023-06-15,8.13,8.25,7.83,8.01
2023-06-16,8.01,8.09,7.82,7.97
2023-06-19,8.05,8.77,7.82,8.34
2023-06-20,8.4,8.51,8.2,8.43
2023-06-21,8.38,8.44,7.94,7.99
2023-06-26,7.99,8.37,7.91,8.12
2023-06-27,8.08,8.2,8.02,8.07
2023-06-28,8.09,8.09,7.7,7.84
2023-06-29,7.86,8.18,7.82,8.12
2023-06-30,8.08,8.25,7.94,8.12
2023-07-03,8.1,8.12,7.92,7.96
2023-07-04,7.97,8.05,7.9,7.96
2023-07-05,7.95,7.95,7.77,7.8
2023-07-06,7.77,7.85,7.73,7.76
2023-07-07,7.72,7.81,7.6,7.7
2023-07-10,7.7,7.74,7.57,7.61
2023-07-11,7.58,7.68,7.55,7.66
2023-07-12,7.68,7.81,7.58,7.59
2023-07-13,7.65,7.75,7.61,7.67
2023-07-14,7.71,7.84,7.64,7.65
2023-07-17,7.61,7.68,7.5,7.6
2023-07-18,7.59,7.61,7.47,7.49
2023-07-19,7.52,7.56,7.42,7.49
2023-07-20,7.49,7.54,7.35,7.36
2023-07-21,7.35,7.36,7.19,7.22
2023-07-24,7.21,7.34,7.15,7.25
2023-07-25,7.34,7.36,7.26,7.32
2023-07-26,7.3,7.31,7.12,7.17
2023-07-27,7.17,7.37,7.16,7.18
2023-07-28,7.16,7.23,7.06,7.21
2023-07-31,7.35,7.39,7.25,7.28
2023-08-01,7.3,7.3,6.74,7.02
2023-08-02,7.35,7.43,7.0,7.04
2023-08-03,6.85,6.92,6.8,6.89
2023-08-04,6.87,7.04,6.86,6.99
2023-08-07,6.99,7.07,6.92,7.02
2023-08-08,6.99,7.03,6.91,6.98
2023-08-09,6.94,6.97,6.87,6.92
2023-08-10,6.89,6.93,6.85,6.91
2023-08-11,6.92,6.94,6.77,6.77
2023-08-14,6.71,6.8,6.61,6.79
2023-08-15,6.86,7.05,6.85,6.9
2023-08-16,6.9,7.04,6.86,6.94
2023-08-17,6.95,7.06,6.86,7.06
2023-08-18,7.03,7.05,6.84,6.85
2023-08-21,6.81,6.92,6.8,6.8
2023-08-22,6.81,6.88,6.67,6.87
2023-08-23,6.84,6.95,6.73,6.86
2023-08-24,6.85,6.87,6.72,6.81
2023-08-25,6.75,6.84,6.64,6.68
2023-08-28,7.02,7.02,6.73,6.76
2023-08-29,6.72,6.99,6.71,6.97
2023-08-30,7.0,7.1,6.98,7.06
2023-08-31,7.05,7.05,6.95,6.98
2023-09-01,6.98,7.03,6.96,7.0
2023-09-04,7.04,7.1,7.01,7.1
2023-09-05,7.1,7.15,7.05,7.08
2023-09-06,7.07,7.1,7.02,7.09
2023-09-07,7.08,7.08,6.91,6.93
2023-09-08,6.93,7.03,6.91,6.99
2023-09-11,6.99,7.07,6.94,7.06
2023-09-12,7.05,7.08,7.0,7.07
2023-09-13,7.08,7.1,6.94,7.01
2023-09-14,6.99,7.0,6.86,6.9
2023-09-15,6.97,6.99,6.9,6.96
2023-09-18,6.95,6.99,6.88,6.97
2023-09-19,6.97,6.98,6.86,6.89
2023-09-20,6.87,6.92,6.79,6.8
2023-09-21,6.78,6.83,6.75,6.76
2023-09-22,6.76,6.9,6.75,6.89
2023-09-25,6.91,6.94,6.84,6.85
2023-09-26,6.88,6.89,6.83,6.84
2023-09-27,6.85,6.93,6.82,6.89
2023-09-28,6.91,6.98,6.89,6.98
2023-10-09,7.04,7.37,7.03,7.28
2023-10-10,7.34,7.37,7.22,7.32
2023-10-11,7.32,7.33,7.22,7.26
2023-10-12,7.3,7.37,7.26,7.32
2023-10-13,7.3,7.36,7.26,7.31
2023-10-16,7.32,7.32,7.16,7.19
2023-10-17,7.22,7.23,7.1,7.12
2023-10-18,7.12,7.12,6.88,6.9
2023-10-19,6.89,6.94,6.81,6.84
2023-10-20,6.81,6.91,6.76,6.77
2023-10-23,6.76,6.77,6.39,6.41
2023-10-24,6.47,6.56,6.39,6.52
2023-10-25,6.55,6.72,6.55,6.64
2023-10-26,6.6,6.84,6.55,6.82
2023-10-27,6.94,7.18,6.87,7.16
2023-10-30,7.13,7.26,7.08,7.2
2023-10-31,7.19,7.25,7.1,7.14
2023-11-01,7.16,7.29,7.13,7.24
2023-11-02,7.22,7.24,7.07,7.08
2023-11-03,7.1,7.22,7.09,7.17
2023-11-06,7.19,7.32,7.19,7.3
2023-11-07,7.32,7.35,7.26,7.31
2023-11-08,7.31,7.36,7.28,7.33
2023-11-09,7.31,7.44,7.3,7.41
2023-11-10,7.36,7.5,7.28,7.46
2023-11-13,7.44,7.62,7.38,7.57
2023-11-14,7.57,7.59,7.44,7.48
2023-11-15,7.57,7.6,7.46,7.49
2023-11-16,7.46,7.5,7.37,7.38
2023-11-17,7.36,7.46,7.34,7.43
2023-11-20,7.49,7.6,7.45,7.59
2023-11-21,7.55,7.6,7.46,7.49
2023-11-22,7.44,7.5,7.34,7.34
2023-11-23,7.34,7.54,7.32,7.5
2023-11-24,7.49,7.49,7.3,7.33
2023-11-27,7.33,7.47,7.3,7.41
2023-11-28,7.39,7.49,7.36,7.47
2023-11-29,7.5,7.57,7.41,7.43
2023-11-30,7.5,7.5,7.27,7.36
2023-12-01,7.36,7.42,7.29,7.38
2023-12-04,7.44,7.47,7.34,7.38
2023-12-05,7.35,7.37,7.18,7.18
2023-12-06,7.23,7.33,7.18,7.26
2023-12-07,7.24,7.29,7.2,7.25
2023-12-08,7.29,7.34,7.18,7.18
2023-12-11,7.18,7.37,7.12,7.37
2023-12-12,7.35,7.41,7.29,7.36
2023-12-13,7.37,7.41,7.28,7.34
2023-12-14,7.34,7.38,7.28,7.3
2023-12-15,7.3,7.39,7.23,7.25
2023-12-18,7.22,7.24,7.03,7.07
2023-12-19,7.1,7.18,7.06,7.14
2023-12-20,7.17,7.18,7.04,7.05
2023-12-21,7.05,7.15,6.91,7.13
2023-12-22,7.2,7.2,7.02,7.05
2023-12-25,7.01,7.11,6.96,7.08
2023-12-26,7.1,7.1,6.95,6.97
2023-12-27,6.95,7.09,6.93,7.08
2023-12-28,7.07,7.33,7.01,7.3
2023-12-29,7.33,7.55,7.29,7.55
2024-01-02,7.61,7.85,7.57,7.77
2024-01-03,7.73,7.79,7.62,7.7
2024-01-04,7.68,7.7,7.51,7.57
2024-01-05,7.56,7.58,7.35,7.38
2024-01-08,7.33,7.43,7.11,7.13
2024-01-09,7.13,7.21,7.04,7.13
2024-01-10,7.13,7.26,6.99,7.2
2024-01-11,7.17,7.37,7.12,7.33
2024-01-12,7.32,7.44,7.28,7.29
2024-01-15,7.29,7.31,7.18,7.26
2024-01-16,7.24,7.29,7.06,7.19
2024-01-17,7.19,7.21,7.01,7.01
2024-01-18,7.01,7.02,6.62,6.86
2024-01-19,6.85,6.85,6.7,6.71
2024-01-22,6.7,6.73,6.26,6.28
2024-01-23,6.3,6.35,6.12,6.27
2024-01-24,6.35,6.49,6.2,6.45
2024-01-25,6.45,6.68,6.39,6.66
2024-01-26,6.61,6.69,6.53,6.57
2024-01-29,6.6,6.65,6.39,6.41
2024-01-30,6.35,6.45,6.19,6.22
2024-01-31,6.25,6.29,5.83,5.88
2024-02-01,5.88,5.94,5.7,5.78
2024-02-02,5.78,5.91,5.33,5.52
2024-02-05,5.49,5.5,4.97,5.1
2024-02-06,5.03,5.61,5.03,5.61
2024-02-07,5.69,5.91,5.63,5.79
2024-02-08,5.92,6.25,5.86,6.23
2024-02-19,6.35,6.35,6.08,6.16
2024-02-20,6.18,6.23,6.0,6.21
2024-02-21,6.15,6.44,6.13,6.2
2024-02-22,6.24,6.34,6.17,6.27
2024-02-23,6.27,6.45,6.21,6.42
2024-02-26,6.46,6.59,6.39,6.48
2024-02-27,6.44,6.65,6.42,6.65
2024-02-28,6.65,6.79,6.25,6.27
2024-02-29,6.5,6.9,6.45,6.83
2024-03-01,6.89,6.94,6.71,6.85
2024-03-04,6.85,7.03,6.77,7.01
2024-03-05,6.95,7.01,6.89,6.96
2024-03-06,6.9,7.12,6.87,7.05
2024-03-07,7.06,7.09,6.91,6.92
2024-03-08,6.96,7.02,6.88,6.99
2024-03-11,7.0,7.11,6.94,7.11
2024-03-12,7.11,7.13,7.02,7.08
2024-03-13,7.11,7.23,7.05,7.15
2024-03-14,7.12,7.27,7.11,7.21
2024-03-15,7.2,7.3,7.13,7.3
2024-03-18,7.31,7.44,7.28,7.43
2024-03-19,7.43,7.79,7.38,7.5
2024-03-20,7.75,8.25,7.62,8.25
2024-03-21,8.45,9.08,8.29,9.08
2024-03-22,9.99,9.99,9.99,9.99
2024-03-25,10.99,10.99,10.52,10.77
2024-03-26,10.13,11.85,10.13,11.15
2024-03-27,10.38,11.48,10.11,10.6
2024-03-28,10.65,11.66,9.91,11.14
2024-03-29,11.35,12.25,11.35,12.25
2024-04-01,12.25,12.25,11.03,11.19
2024-04-02,11.22,11.4,10.42,10.76
2024-04-03,10.44,10.48,9.74,10.0
2024-04-08,10.0,10.31,9.79,10.07
2024-04-09,9.98,10.07,9.6,9.81
2024-04-10,9.75,9.87,9.37,9.64
2024-04-11,9.56,10.26,9.5,9.93
2024-04-12,10.26,10.92,10.15,10.67
2024-04-15,10.68,11.23,10.58,10.84
2024-04-16,10.4,11.47,10.13,11.05
2024-04-17,10.92,12.16,10.78,12.16
2024-04-18,12.16,13.28,11.81,12.63
2024-04-19,12.3,12.71,11.85,12.46
2024-04-22,11.69,12.46,11.21,12.17
2024-04-23,12.3,12.44,11.63,11.74
2024-04-24,11.98,12.91,11.96,12.91
2024-04-25,12.91,12.91,12.19,12.42
2024-04-26,12.8,13.66,12.64,13.46
2024-04-29,13.99,14.81,13.87,14.81
2024-04-30,14.88,14.89,13.89,14.35
2024-05-06,14.66,14.68,14.02,14.15
2024-05-07,14.35,14.51,13.56,14.4
2024-05-08,13.9,14.2,13.1,13.95
2024-05-09,13.83,14.08,13.64,13.92
2024-05-10,13.87,13.97,12.9,13.0
2024-05-13,13.0,14.2,12.98,13.57
2024-05-14,13.54,14.2,13.27,13.77
2024-05-15,13.51,13.95,13.39,13.55
2024-05-16,14.0,14.78,13.9,14.64
2024-05-17,14.35,15.85,14.3,15.5
2024-05-20,15.12,15.58,14.8,15.58
2024-05-21,15.5,15.92,15.01,15.13
2024-05-22,14.92,15.36,14.61,14.82
2024-05-23,14.97,15.09,13.94,14.37
2024-05-24,14.33,14.54,13.68,13.75
2024-05-27,13.75,14.18,13.7,14.07
2024-05-28,13.77,14.14,13.47,13.7
2024-05-29,13.92,14.05,12.99,13.15
2024-05-30,13.12,13.51,12.94,13.16
2024-05-31,13.08,13.68,13.07,13.22
2024-06-03,13.2,14.0,13.2,13.86
2024-06-04,13.65,14.04,13.2,13.45
2024-06-05,13.4,13.5,12.5,12.76
2024-06-06,12.95,13.2,12.62,12.7
2024-06-07,12.86,12.96,12.2,12.45
2024-06-11,12.35,12.72,12.17,12.62
2024-06-12,12.59,13.88,12.51,13.63
2024-06-13,13.59,14.07,13.33,13.41
2024-06-14,13.33,13.88,13.18,13.7
2024-06-17,13.95,14.1,13.67,13.78
2024-06-18,13.78,14.43,13.68,14.09
2024-06-19,14.27,14.3,13.7,13.73
2024-06-20,13.6,13.97,13.45,13.7
2024-06-21,13.6,14.69,13.48,14.41
2024-06-24,14.26,14.45,13.45,13.52
2024-06-25,13.19,13.62,13.07,13.25
2024-06-26,13.55,13.83,13.23,13.73
2024-06-27,13.6,13.6,12.84,12.84
2024-06-28,12.99,14.12,12.99,14.12
2024-07-01,14.38,15.18,14.33,14.98
2024-07-02,15.08,15.35,14.68,14.8
2024-07-03,14.68,14.72,14.0,14.17
2024-07-04,14.36,14.6,14.12,14.12
2024-07-05,14.25,14.76,13.88,14.58
2024-07-08,14.35,14.97,14.35,14.78
2024-07-09,14.77,16.26,14.66,16.26
2024-07-10,16.22,16.85,16.08,16.26
2024-07-11,16.58,16.66,15.67,16.02
2024-07-12,15.49,15.8,15.39,15.5
2024-07-15,15.55,15.58,15.2,15.51
2024-07-16,15.36,16.36,15.3,16.29
2024-07-17,15.94,16.04,14.78,14.9
2024-07-18,14.44,15.1,13.83,15.06
2024-07-19,14.81,15.01,14.5,14.58
2024-07-22,14.5,15.84,14.44,15.34
2024-07-23,15.6,15.88,15.16,15.17
2024-07-24,15.33,16.69,15.3,16.39
2024-07-25,15.56,16.03,15.29,15.59
2024-07-26,15.57,16.32,15.32,15.97
2024-07-29,15.9,17.3,15.66,16.58
2024-07-30,16.39,17.89,16.18,16.9
2024-07-31,16.5,17.05,16.35,16.78
2024-08-01,17.32,17.45,16.36,16.46
2024-08-02,16.0,17.3,15.97,16.78
2024-08-05,15.75,15.84,15.1,15.1
2024-08-06,15.29,15.45,14.72,15.15
2024-08-07,14.93,15.23,14.45,14.61
2024-08-08,13.8,14.14,13.46,13.58
2024-08-09,13.88,14.39,13.82,13.83
2024-08-12,13.96,14.1,13.6,13.84
2024-08-13,14.05,14.77,14.01,14.39
2024-08-14,14.67,14.95,14.35,14.35
2024-08-15,14.3,14.92,14.26,14.56
2024-08-16,14.91,15.4,14.65,15.08
2024-08-19,14.85,14.88,14.1,14.52
2024-08-20,14.75,14.87,13.94,14.01
2024-08-21,13.9,14.02,13.67,13.86
2024-08-22,13.82,15.13,13.37,14.6
2024-08-23,14.27,14.44,13.84,13.96
2024-08-26,13.9,14.32,13.59,13.64
2024-08-27,13.45,13.5,13.15,13.29
2024-08-28,13.2,13.88,13.2,13.48
2024-08-29,13.18,13.72,12.85,13.61
2024-08-30,13.55,14.59,13.5,14.11
2024-09-02,13.94,14.02,12.98,12.99
2024-09-03,12.59,12.96,12.31,12.86
2024-09-04,12.15,12.3,12.0,12.17
2024-09-05,12.18,12.31,11.91,12.0
2024-09-06,11.89,12.04,11.45,11.51
2024-09-09,11.4,11.65,11.4,11.54
2024-09-10,11.54,11.64,11.28,11.59
2024-09-11,11.66,11.67,11.4,11.56
2024-09-12,11.98,12.02,11.47,11.49
2024-09-13,11.02,11.41,10.86,10.87
2024-09-18,10.81,10.99,10.71,10.79
2024-09-19,10.86,10.95,10.59,10.8
2024-09-20,10.84,10.85,10.63,10.73
2024-09-23,10.7,11.29,10.66,11.06
2024-09-24,11.06,11.65,10.86,11.6
2024-09-25,11.7,12.49,11.66,12.07
2024-09-26,12.25,12.33,11.9,12.33
2024-09-27,12.34,13.13,12.2,12.87
2024-09-30,13.01,14.09,13.01,13.95
2024-10-08,15.35,15.35,13.8,15.35
2024-10-09,14.9,16.77,14.51,15.59
2024-10-10,15.98,15.99,14.5,14.79
2024-10-11,14.7,15.19,13.95,14.25
2024-10-14,14.35,15.68,14.12,15.68
2024-10-15,16.75,17.25,16.72,17.08
2024-10-16,16.4,16.54,15.76,15.92
2024-10-17,16.01,17.51,15.95,17.37
2024-10-18,17.54,19.11,17.54,18.74
2024-10-21,18.69,19.85,17.96,19.0
2024-10-22,19.19,20.9,19.12,20.9
2024-10-23,19.85,20.5,19.6,20.09
2024-10-24,19.87,20.37,19.41,19.79
2024-10-25,19.65,19.94,19.19,19.44
2024-10-28,19.0,20.75,18.85,20.7
2024-10-29,19.9,22.01,19.73,20.19
2024-10-30,19.88,22.0,19.81,21.92
2024-10-31,21.97,21.97,21.1,21.31
2024-11-01,20.74,21.0,19.37,19.44
2024-11-04,19.44,20.55,19.44,20.12
2024-11-05,20.02,20.57,19.89,20.29
2024-11-06,20.58,21.03,19.15,19.49
2024-11-07,19.1,19.82,18.5,19.47
2024-11-08,19.6,20.61,19.58,19.69
2024-11-11,19.3,19.82,18.83,19.59
2024-11-12,19.49,19.91,18.8,19.04
2024-11-13,18.71,19.79,18.52,19.53
2024-11-14,19.24,19.39,18.5,18.58
2024-11-15,18.74,18.99,17.49,17.5
2024-11-18,17.48,17.74,16.63,16.9
2024-11-19,17.0,18.56,17.0,18.44
2024-11-20,18.56,19.27,18.41,18.65
2024-11-21,18.4,18.83,17.88,18.36
2024-11-22,18.64,18.78,17.48,17.48
2024-11-25,17.71,17.9,16.8,17.18
2024-11-26,17.03,17.94,16.9,17.3
2024-11-27,17.22,17.66,16.8,17.66
2024-11-28,17.5,17.72,17.22,17.3
2024-11-29,17.39,18.3,17.11,18.3
2024-12-02,18.81,20.13,18.6,19.77
2024-12-03,19.3,19.85,18.93,19.26
2024-12-04,19.26,19.52,18.69,18.78
2024-12-05,19.11,20.0,18.91,19.06
2024-12-06,18.86,19.23,18.61,18.97
2024-12-09,18.91,19.33,18.7,18.98
2024-12-10,19.19,19.29,18.35,18.4
2024-12-11,18.05,20.22,17.97,20.0
2024-12-12,20.01,20.66,19.6,20.4
2024-12-13,20.7,21.55,20.48,20.61
2024-12-16,21.9,22.67,21.05,22.67
2024-12-17,23.48,24.44,22.24,23.57
2024-12-18,23.6,23.98,22.76,22.9
2024-12-19,22.83,24.14,22.78,23.3
2024-12-20,23.01,25.5,22.99,24.96
2024-12-23,25.5,26.8,25.03,25.2
2024-12-24,26.31,26.6,24.81,26.27
2024-12-25,25.58,26.3,25.1,25.79
2024-12-26,26.03,28.37,26.03,28.37
2024-12-27,29.0,29.88,28.4,29.22
2024-12-30,29.22,30.87,27.2,27.8
2024-12-31,27.66,27.99,25.1,25.25
2025-01-02,25.45,25.73,24.56,24.85
2025-01-03,24.84,24.93,23.56,23.71
2025-01-06,24.08,24.75,23.58,23.88
2025-01-07,23.98,26.27,23.6,26.0
2025-01-08,25.0,25.98,24.36,25.65
2025-01-09,25.5,27.0,25.21,25.91
2025-01-10,25.34,26.23,24.2,24.24
2025-01-13,24.0,24.4,23.23,23.51
2025-01-14,23.61,25.23,23.28,25.13
2025-01-15,25.0,25.32,24.28,24.4
2025-01-16,24.81,25.3,24.01,25.19
2025-01-17,24.62,24.95,24.15,24.62
2025-01-20,26.1,27.08,25.92,27.08
2025-01-21,27.87,28.99,27.01,28.4
2025-01-22,28.31,29.8,27.96,28.4
2025-01-23,29.5,30.8,27.68,27.72
2025-01-24,27.65,29.0,27.61,28.37
2025-01-27,26.8,27.19,25.53,25.53
2025-02-05,23.25,23.95,22.98,22.98
2025-02-06,23.11,23.66,22.56,23.64
2025-02-07,23.58,24.8,23.39,24.05
2025-02-10,24.0,24.3,23.53,23.9
2025-02-11,24.2,25.47,24.1,25.21
2025-02-12,24.76,25.37,24.54,25.17
2025-02-13,24.92,24.92,23.64,23.68
2025-02-14,23.98,24.35,23.25,23.55
2025-02-17,23.6,25.09,23.56,24.7
2025-02-18,24.43,24.66,23.68,23.91
2025-02-19,23.6,24.5,23.38,24.38
2025-02-20,24.99,25.38,24.42,24.86
2025-02-21,24.65,25.9,24.4,25.64
2025-02-24,25.01,25.13,24.5,24.92
2025-02-25,24.16,24.66,24.02,24.3
2025-02-26,24.2,26.7,23.8,25.88
2025-02-27,25.63,26.47,24.68,24.78
2025-02-28,22.97,23.66,22.6,22.98
2025-03-03,22.96,22.97,21.61,21.85
2025-03-04,20.84,22.0,20.84,21.89
2025-03-05,21.99,22.35,21.86,22.13
2025-03-06,22.2,22.67,22.02,22.47
2025-03-07,22.0,22.44,21.9,22.13
2025-03-10,22.33,22.9,22.2,22.55
2025-03-11,22.0,22.86,21.95,22.62
2025-03-12,22.7,23.1,22.51,22.8
2025-03-13,23.12,23.26,22.39,22.71
2025-03-14,22.73,23.11,22.43,22.91
2025-03-17,23.08,23.14,22.75,22.81
2025-03-18,22.99,23.32,22.51,23.09
2025-03-19,22.86,22.86,22.35,22.39
2025-03-20,22.58,22.94,22.3,22.31
2025-03-21,22.09,22.11,21.38,21.4
2025-03-24,21.45,21.71,20.84,21.51
2025-03-25,21.6,22.39,21.42,21.92
2025-03-26,21.71,21.71,21.31,21.35
2025-03-27,21.0,21.03,20.3,20.5
2025-03-28,20.43,20.68,20.3,20.31
2025-03-31,20.1,20.25,19.68,20.21
2025-04-01,20.22,20.49,20.11,20.24
2025-04-02,20.3,20.73,20.2,20.35
2025-04-03,19.86,20.34,19.75,19.81
2025-04-07,17.84,18.44,17.83,17.83
2025-04-08,16.82,17.4,16.05,16.18
2025-04-09,15.8,16.8,14.8,16.63
2025-04-10,17.59,18.0,17.46,17.56
2025-04-11,17.16,17.99,17.0,17.8
2025-04-14,18.45,18.7,18.0,18.13
2025-04-15,18.0,18.16,17.73,17.83
2025-04-16,17.7,17.8,17.08,17.38
2025-04-17,17.25,17.66,17.25,17.38
2025-04-18,17.5,17.71,17.39,17.62
2025-04-21,17.62,18.11,17.48,18.1
2025-04-22,18.01,18.14,17.82,17.88
2025-04-23,18.25,18.61,17.99,18.38
2025-04-24,18.07,18.36,17.81,17.81
2025-04-25,17.88,18.24,17.86,17.98
2025-04-28,18.4,18.87,18.02,18.02
2025-04-29,18.08,18.48,17.84,17.98
2025-04-30,17.92,18.44,17.92,18.33
2025-05-06,18.64,19.32,18.58,19.26
2025-05-07,19.6,19.84,19.03,19.28
2025-05-08,19.32,21.21,19.29,21.21
2025-05-09,20.99,20.99,20.17,20.2
2025-05-12,20.59,21.5,20.1,21.3
2025-05-13,21.32,21.35,20.73,20.97
2025-05-14,21.31,21.6,21.01,21.14
2025-05-15,20.8,20.84,20.0,20.03
2025-05-16,19.8,20.5,19.75,20.07
2025-05-19,19.95,20.28,19.56,20.04
2025-05-20,19.92,20.04,19.73,19.89
2025-05-21,19.85,20.15,19.53,19.95
2025-05-22,19.82,19.9,19.42,19.49
2025-05-23,19.4,19.8,19.1,19.13
2025-05-26,19.12,19.92,19.1,19.79
2025-05-27,19.78,19.78,19.2,19.36
2025-05-28,19.42,19.88,19.42,19.62
2025-05-29,19.91,20.45,19.87,20.24
2025-05-30,19.88,19.88,19.42,19.5
2025-06-03,19.3,19.63,19.1,19.43
2025-06-04,19.56,20.3,19.56,20.1
2025-06-05,20.11,22.0,19.85,21.19
2025-06-06,20.9,21.99,20.9,21.3
2025-06-09,21.7,22.62,21.7,22.08
2025-06-10,22.09,22.19,21.42,21.8
2025-06-11,21.8,22.0,21.38,21.45
2025-06-12,21.26,23.36,21.26,22.81
2025-06-13,22.4,22.98,22.26,22.61
2025-06-16,22.63,23.84,22.62,23.53
2025-06-17,23.74,23.79,22.85,23.15
2025-06-18,23.0,23.75,22.32,23.66
2025-06-19,24.0,24.46,23.51,23.81
2025-06-20,23.62,23.74,22.81,22.86
2025-06-23,22.51,23.2,22.3,22.59
2025-06-24,22.79,23.0,22.3,22.42
2025-06-25,22.63,23.25,22.42,22.75
2025-06-26,23.12,23.34,22.55,23.08
2025-06-27,22.91,24.0,22.6,23.74
2025-06-30,24.0,24.3,23.5,23.82
2025-07-01,23.66,23.75,23.2,23.37
2025-07-02,23.1,23.26,22.7,22.77
2025-07-03,22.85,22.99,22.12,22.6
2025-07-04,22.8,24.86,22.71,24.31
2025-07-07,24.04,24.8,23.5,23.62
2025-07-08,23.75,25.86,23.73,25.53
2025-07-09,25.57,26.8,25.57,25.85
2025-07-10,26.31,26.58,25.6,25.87
2025-07-11,25.2,25.39,24.38,24.57
2025-07-14,24.56,24.94,24.44,24.46
2025-07-15,24.69,25.36,24.41,24.7
2025-07-16,24.94,25.0,24.28,24.33
2025-07-17,24.0,24.88,23.98,24.72
2025-07-18,24.75,24.84,24.2,24.25
2025-07-21,24.25,24.77,23.71,24.75
2025-07-22,24.5,25.35,24.4,24.62
2025-07-23,24.25,24.3,23.61,23.62
2025-07-24,23.7,23.88,23.13,23.42
2025-07-25,23.49,23.5,23.15,23.2
2025-07-28,23.21,23.44,23.02,23.43
2025-07-29,23.4,23.97,23.22,23.88
2025-07-30,23.73,23.78,23.22,23.29
2025-07-31,23.18,24.13,23.18,23.39
2025-08-01,23.1,23.1,22.5,22.65
2025-08-04,22.28,22.87,22.01,22.81
2025-08-05,22.9,23.49,22.63,23.19
2025-08-06,22.96,23.19,22.8,23.1
2025-08-07,23.21,23.37,22.81,22.92
2025-08-08,22.84,23.06,22.76,22.81
2025-08-11,22.76,23.37,22.71,23.23
2025-08-12,23.32,24.49,23.23,24.34
2025-08-13,24.35,24.49,23.96,24.45
2025-08-14,24.57,24.65,23.92,24.03
2025-08-15,23.95,24.4,23.81,24.36
2025-08-18,24.46,25.5,24.25,25.25
2025-08-19,25.25,25.78,24.8,25.32
2025-08-20,24.81,25.5,24.51,25.09
2025-08-21,25.06,25.55,24.55,24.88
2025-08-22,24.75,25.11,24.69,24.84
2025-08-25,24.85,25.73,24.85,25.64
2025-08-26,25.68,26.64,25.4,25.98
2025-08-27,25.85,26.49,25.2,25.21
2025-08-28,25.01,26.45,24.7,26.26
2025-08-29,26.27,27.16,25.76,26.46
2025-09-01,26.23,26.43,25.52,25.98
2025-09-02,25.7,25.94,23.8,24.06
2025-09-03,24.06,24.36,23.33,23.41
2025-09-04,23.61,24.47,22.85,23.28
2025-09-05,23.31,24.68,22.92,24.25
2025-09-08,24.27,24.27,23.51,23.83
2025-09-09,23.69,23.95,23.27,23.38
2025-09-10,23.71,24.09,23.55,23.69
2025-09-11,23.77,26.06,23.34,26.06
2025-09-12,26.8,27.77,26.44,27.05
2025-09-15,26.61,27.26,26.4,26.7
2025-09-16,26.72,27.76,26.5,27.3
2025-09-17,27.3,28.88,27.06,28.09
2025-09-18,27.62,28.27,26.69,27.28
2025-09-19,27.41,27.76,26.71,26.72
2025-09-22,26.71,29.3,26.71,28.5
2025-09-23,28.9,31.35,28.69,31.35
2025-09-24,30.67,31.8,30.01,31.79
2025-09-25,31.5,34.97,31.33,34.19
2025-09-26,34.2,34.85,32.42,32.49
2025-09-29,33.0,33.2,30.62,30.96
2025-09-30,31.45,31.55,30.4,30.51
2025-10-09,30.97,31.18,30.44,30.52
2025-10-10,30.95,31.22,29.86,30.01
2025-10-13,28.5,29.5,28.48,29.23
2025-10-14,29.4,29.73,27.6,27.81
2025-10-15,27.71,28.59,27.51,28.59
2025-10-16,28.8,29.44,28.6,28.84
2025-10-17,28.61,28.65,27.31,27.4
2025-10-20,27.99,28.58,27.7,28.04
2025-10-21,28.3,28.8,28.04,28.65
2025-10-22,28.3,28.72,28.07,28.39
2025-10-23,28.66,28.79,27.64,28.25
2025-10-24,28.49,29.68,28.34,29.59
2025-10-27,29.87,29.99,29.37,29.76
2025-10-28,29.56,30.51,29.35,30.0
2025-10-29,29.88,30.38,29.43,30.37
2025-10-30,29.67,29.7,28.25,28.26
2025-10-31,28.08,28.32,27.53,27.69
2025-11-03,27.71,27.8,26.94,27.69
2025-11-04,27.71,27.71,27.02,27.18
2025-11-05,26.5,27.0,26.39,26.82
2025-11-06,26.82,27.6,26.82,27.5
2025-11-07,27.19,27.57,26.92,27.17
2025-11-10,27.1,27.51,26.72,26.92
2025-11-11,27.22,27.47,26.9,26.9
2025-11-12,26.63,26.67,25.61,25.67
2025-11-13,25.67,26.15,25.52,25.96
2025-11-14,25.62,26.15,25.41,25.7
2025-11-17,25.62,25.81,25.54,25.72
2025-11-18,25.55,25.83,25.23,25.31
2025-11-19,25.31,25.69,24.99,25.23
2025-11-20,25.8,25.89,25.08,25.09
2025-11-21,24.44,24.75,24.0,24.0
2025-11-24,24.1,24.58,23.91,24.45
2025-11-25,24.6,25.21,24.57,24.8
2025-11-26,24.79,25.12,24.6,24.78
2025-11-27,24.7,25.39,24.6,24.78
2025-11-28,24.72,25.14,24.67,25.08
2025-12-01,25.3,25.66,25.2,25.46
2025-12-02,25.56,26.1,25.2,25.82
2025-12-03,25.64,26.88,25.6,26.61
2025-12-04,26.0,26.26,25.77,26.03
2025-12-05,25.91,26.37,25.34,26.22
2025-12-08,26.22,26.85,26.13,26.55
2025-12-09,26.5,27.19,26.37,26.55
2025-12-10,26.27,26.95,26.02,26.9
2025-12-11,26.95,27.18,26.55,26.9
2025-12-12,26.79,28.5,26.71,28.04
2025-12-15,27.55,27.93,26.73,26.78
2025-12-16,26.5,26.78,25.7,25.86
2025-12-17,25.87,26.59,25.7,26.57
2025-12-18,26.15,26.48,25.68,25.68
2025-12-19,25.95,26.87,25.95,26.04
2025-12-22,26.16,26.64,26.0,26.55
2025-12-23,26.49,26.82,26.31,26.61
2025-12-24,26.56,27.09,26.37,27.0
2025-12-25,26.84,27.19,26.7,26.91
2025-12-26,26.77,27.17,26.43,26.96
2025-12-29,26.76,26.91,26.16,26.28
2025-12-30,26.07,27.15,26.05,26.76
2025-12-31,26.7,26.78,26.26,26.32
2026-01-05,26.39,26.97,26.36,26.95
2026-01-06,27.07,27.2,26.74,27.16
2026-01-07,27.27,28.18,27.2,27.57
2026-01-08,27.34,27.89,27.09,27.42
2026-01-09,27.3,28.15,27.2,27.97
2026-01-12,28.06,28.39,27.45,28.26
2026-01-13,28.25,28.25,26.88,26.95
2026-01-14,26.96,27.57,26.75,27.07
2026-01-15,26.9,29.78,26.9,29.78
2026-01-16,31.43,31.95,30.22,31.11
2026-01-19,31.4,31.75,29.52,29.69
2026-01-20,29.68,30.79,28.88,30.62
2026-01-21,30.24,31.36,29.67,30.95
2026-01-22,32.5,33.4,32.0,32.73
2026-01-23,31.91,32.22,31.29,31.44
2026-01-26,31.5,34.28,31.48,33.34
2026-01-27,32.8,33.54,32.2,32.58
2026-01-28,32.74,33.15,29.32,29.32
2026-01-29,29.3,29.84,27.21,27.43
2026-01-30,27.4,27.56,26.2,26.99
2026-02-02,26.99,28.38,26.92,27.17
2026-02-03,27.45,27.63,26.7,27.57
2026-02-04,27.05,27.99,27.05,27.75
2026-02-05,27.26,27.68,26.84,27.51
2026-02-06,27.12,27.49,26.69,27.27
2026-02-09,27.55,27.65,27.24,27.32
2026-02-10,27.52,28.69,27.52,28.41
2026-02-11,28.22,28.67,27.96,27.98
2026-02-12,27.91,28.33,27.82,28.18
2026-02-13,27.8,28.15,27.3,27.36
2026-02-24,27.79,28.08,27.4,27.45
2026-02-25,27.57,28.3,27.54,27.9
2026-02-26,28.19,28.85,27.98,28.73
2026-02-27,28.1,28.62,27.88,28.53
2026-03-02,27.98,28.39,27.7,27.82
2026-03-03,27.96,28.06,25.45,25.56
2026-03-04,25.0,26.24,24.95,25.64
2026-03-05,26.51,27.27,26.51,26.69
2026-03-06,26.6,26.86,26.18,26.25
2026-03-09,25.59,25.6,24.55,25.49
2026-03-10,25.77,26.45,25.75,26.38
2026-03-11,26.38,26.75,26.22,26.28
2026-03-12,26.24,26.39,25.41,25.78
2026-03-13,25.42,26.06,25.32,25.58
2026-03-16,25.61,27.0,25.05,26.64
2026-03-17,28.94,29.3,27.34,27.51
2026-03-18,27.01,27.19,25.8,26.5
2026-03-19,25.69,25.84,25.1,25.2
2026-03-20,25.56,25.66,24.59,24.61
2026-03-23,23.9,23.99,23.12,23.13
2026-03-24,23.63,23.79,22.79,23.7
2026-03-25,23.71,24.9,23.71,24.62
2026-03-26,24.42,24.43,23.62,23.69
2026-03-27,23.09,23.91,23.02,23.8
2026-03-30,23.23,23.75,23.16,23.71
2026-03-31,23.66,23.89,23.4,23.47
2026-04-01,23.99,24.14,23.65,23.85
2026-04-02,23.69,23.73,23.1,23.18
2026-04-03,23.29,23.45,22.88,22.89
2026-04-07,22.95,23.18,22.77,23.0
2026-04-08,23.55,24.48,23.55,24.43
2026-04-09,24.04,24.54,23.9,24.3
2026-04-10,24.58,24.9,24.45,24.63
2026-04-13,24.38,25.27,24.3,25.13
2026-04-14,25.42,25.98,25.38,25.64
2026-04-15,25.89,25.98,25.15,25.2
2026-04-16,25.22,25.58,25.22,25.57
2026-04-17,25.75,25.79,25.48,25.62
2026-04-20,25.62,26.4,25.62,26.2
2026-04-21,26.03,26.2,25.6,26.0
2026-04-22,25.82,26.3,25.71,26.27
2026-04-23,26.5,26.64,25.8,26.06
2026-04-24,24.17,24.65,23.45,23.62
2026-04-27,23.88,24.07,23.62,23.7
2026-04-28,23.62,23.66,22.71,22.86
2026-04-29,22.63,22.99,22.63,22.9
2026-04-30,22.9,22.98,22.6,22.74
2026-05-06,22.78,23.55,22.78,23.37
2026-05-07,23.5,23.8,23.12,23.78
2026-05-08,23.56,23.69,23.38,23.58
2026-05-11,23.6,23.78,23.37,23.5
2026-05-12,23.56,24.1,23.19,23.85
2026-05-13,23.53,23.9,23.53,23.8
2026-05-14,23.87,23.97,22.82,22.84
2026-05-15,22.8,22.99,22.4,22.49
2026-05-18,22.3,22.38,21.6,21.73
2026-05-19,21.73,21.9,21.05,21.89
2026-05-20,21.73,21.79,21.19,21.44
2026-05-21,21.58,21.83,20.43,20.46
2026-05-22,20.6,21.08,20.51,20.99
2026-05-25,21.1,21.69,21.1,21.67
2026-05-26,21.52,21.75,21.17,21.52
2026-05-27,21.34,22.85,21.34,22.0
2026-05-28,21.81,22.24,21.59,22.17
2026-05-29,22.22,22.85,21.71,21.99
2026-06-01,22.5,22.72,21.83,22.36
2026-06-02,22.0,22.01,21.0,21.46
2026-06-03,21.94,22.45,21.36,21.64
2026-06-04,21.0,21.47,20.63,20.96
2026-06-05,20.86,21.28,20.51,20.56
2026-06-08,19.78,19.8,18.97,19.05
2026-06-09,19.5,19.55,19.05,19.48
2026-06-10,20.02,20.54,19.15,19.35
2026-06-11,18.86,19.1,18.6,18.66
2026-06-12,19.0,19.8,18.7,19.19
2026-06-15,19.49,20.56,19.31,20.53
2026-06-16,20.41,21.2,20.26,20.84
2026-06-17,20.59,20.95,20.22,20.63
2026-06-18,20.47,20.84,20.33,20.47
2026-06-22,20.47,20.56,19.91,20.44
2026-06-23,20.42,20.75,19.65,19.71
2026-06-24,19.71,20.05,19.38,19.56
2026-06-25,19.43,19.66,18.96,19.16
2026-06-26,19.0,19.1,17.72,17.77
2026-06-29,17.77,18.04,17.3,17.54
2026-06-30,17.45,19.29,17.26,18.96
2026-07-01,19.01,19.16,18.23,18.35
2026-07-02,18.19,18.19,17.59,17.61
2026-07-03,17.81,18.65,17.65,18.28
2026-07-06,18.48,19.36,18.18,18.52
2026-07-07,18.5,18.5,17.61,17.64
2026-07-08,17.5,17.97,17.46,17.47
2026-07-09,17.48,17.49,16.58,17.31
2026-07-10,17.31,18.15,17.03,17.62
2026-07-13,17.5,17.58,16.31,16.33
2026-07-14,16.3,16.47,15.74,16.42
2026-07-15,16.34,16.34,15.93,16.03
2026-07-16,15.89,16.34,15.71,15.98
2026-07-17,16.0,16.19,15.1,15.24
2026-07-20,15.4,15.55,14.91,15.32
2026-07-21,15.27,15.8,15.13,15.71
2026-07-22,15.62,15.96,15.56,15.63
2026-07-23,15.62,16.17,15.49,16.1
2026-07-24,15.87,16.0,15.46,15.48
2026-07-27,15.49,15.97,15.44,15.96
2026-07-28,15.7,15.75,15.48,15.54
2026-07-29,15.46,16.86,15.43,16.48
2026-07-30,16.2,17.35,16.12,17.09
2026-07-31,17.19,17.25,16.65,16.7
2026-08-03,16.88,17.18,16.8,17.13
2026-08-04,17.08,17.82,16.96,17.53
2026-08-05,17.31,17.58,17.29,17.52
2026-08-06,17.37,17.61,17.06,17.23
2026-08-07,17.28,17.62,17.1,17.23
2026-08-10,17.29,17.32,16.98,17.23
2026-08-11,17.23,17.3,17.03,17.07
2026-08-12,17.07,17.46,17.03,17.41
2026-08-13,17.41,17.45,17.02,17.04
2026-08-14,17.03,17.15,16.81,16.95
2026-08-17,16.93,17.32,16.75,17.28
2026-08-18,17.31,17.32,16.81,17.05
2026-08-19,16.86,16.87,16.09,16.1
2026-08-20,16.42,16.48,16.12,16.28
2026-08-21,16.12,16.36,16.0,16.29
2026-08-24,16.28,16.32,15.68,15.87
2026-08-25,16.29,17.2,16.2,17.05
2026-08-26,16.9,17.45,16.82,17.2
2026-08-27,17.1,17.29,16.87,17.23
2026-08-28,17.24,17.37,17.12,17.16
2026-08-31,16.87,17.22,16.84,17.12
2026-09-01,17.1,17.22,16.89,16.9
2026-09-02,16.73,16.85,16.3,16.67
2026-09-03,16.77,17.15,16.37,17.03
2026-09-04,17.07,17.49,17.0,17.17
2026-09-07,17.25,17.33,17.02,17.19
2026-09-08,17.2,17.24,16.89,16.93
2026-09-09,16.89,17.75,16.89,17.57
2026-09-10,17.4,17.63,17.16,17.17
2026-09-11,16.96,17.99,16.81,17.93
