date,open,high,low,close
2008-07-23,30.1,32.0,29.11,31.0
2008-07-24,33.2,34.1,32.71,34.1
2008-07-25,33.8,35.38,33.5,34.27
2008-07-28,34.43,35.6,33.92,35.52
2008-07-29,34.9,35.24,33.9,34.3
2008-07-30,34.67,35.6,34.11,34.66
2008-07-31,34.45,34.7,33.1,33.45
2008-08-01,33.0,34.0,32.07,33.7
2008-08-04,33.0,33.44,32.55,33.01
2008-08-05,32.76,34.03,32.7,33.13
2008-08-06,33.18,33.48,30.58,32.61
2008-08-07,32.0,32.35,31.0,31.49
2008-08-08,31.68,32.17,30.05,30.44
2008-08-11,30.22,30.98,29.32,29.79
2008-08-12,29.58,30.13,27.6,28.0
2008-08-13,27.6,28.52,26.8,27.5
2008-08-14,27.3,28.76,27.3,28.45
2008-08-15,28.58,29.2,27.77,28.99
2008-08-18,28.51,29.02,28.0,28.17
2008-08-19,28.0,28.74,27.3,28.66
2008-08-20,28.38,30.5,28.14,30.2
2008-08-21,29.89,29.89,27.18,28.0
2008-08-22,27.8,27.88,26.4,27.08
2008-08-25,26.43,27.26,26.42,26.75
2008-08-26,26.88,26.88,25.9,25.95
2008-08-27,25.95,26.49,24.8,25.0
2008-08-28,25.5,25.5,24.53,25.2
2008-08-29,25.18,26.89,25.18,26.12
2008-09-01,26.12,26.76,25.32,26.5
2008-09-02,26.01,26.76,26.01,26.34
2008-09-03,26.71,26.71,25.5,26.1
2008-09-04,25.88,26.6,25.7,26.6
2008-09-05,25.9,27.28,25.41,27.0
2008-09-08,27.0,27.0,25.3,25.3
2008-09-09,25.01,26.54,25.01,26.22
2008-09-10,25.99,27.0,25.9,26.53
2008-09-11,26.48,27.4,26.48,26.99
2008-09-12,26.05,26.95,26.05,26.7
2008-09-16,26.7,27.6,25.7,27.0
2008-09-17,26.28,27.46,26.28,27.06
2008-09-18,26.55,27.68,25.66,27.01
2008-09-19,28.8,29.71,28.49,29.71
2008-09-22,29.6,31.8,27.4,28.1
2008-09-23,26.77,26.8,25.29,25.29
2008-09-24,22.76,23.8,22.76,23.0
2008-09-25,23.03,24.4,23.03,24.0
2008-09-26,24.11,24.11,21.6,23.3
2008-10-06,22.4,22.4,20.97,20.97
2008-10-08,19.9,20.0,18.9,19.21
2008-10-09,19.3,19.7,19.07,19.12
2008-10-10,17.81,18.44,17.5,17.55
2008-10-13,17.1,17.7,16.58,17.58
2008-10-14,17.91,18.15,16.72,17.23
2008-10-15,16.89,16.99,16.21,16.7
2008-10-16,16.25,16.25,15.15,15.45
2008-10-17,15.5,16.0,15.4,15.83
2008-10-20,15.7,16.09,14.92,15.92
2008-10-21,16.09,16.49,15.79,15.98
2008-10-22,15.54,16.49,15.5,16.15
2008-10-23,15.75,17.7,15.03,17.45
2008-10-24,16.9,17.45,16.8,17.35
2008-10-27,16.9,17.17,16.28,16.28
2008-10-28,16.25,16.73,15.5,16.22
2008-10-29,16.48,17.2,16.09,16.38
2008-10-30,16.41,16.98,16.01,16.76
2008-10-31,16.75,16.76,16.0,16.0
2008-11-03,15.79,16.19,15.75,15.88
2008-11-04,15.8,16.0,15.61,15.94
2008-11-05,16.05,17.0,16.0,16.88
2008-11-06,16.58,16.58,15.83,16.0
2008-11-07,15.7,16.43,15.6,16.38
2008-11-10,17.0,17.7,16.7,17.59
2008-11-11,17.48,18.0,17.0,17.26
2008-11-12,17.03,18.65,17.0,18.28
2008-11-13,17.93,19.28,17.85,18.84
2008-11-14,19.0,19.59,18.6,19.2
2008-11-17,19.02,20.33,19.0,20.19
2008-11-18,20.0,20.2,18.17,18.17
2008-11-19,18.2,19.8,18.2,19.68
2008-11-20,19.1,20.85,19.1,19.7
2008-11-21,18.85,19.7,18.26,19.12
2008-11-24,19.5,19.7,18.85,18.92
2008-11-25,19.35,19.49,18.2,18.89
2008-11-26,18.91,19.07,18.51,18.86
2008-11-27,19.9,20.28,18.67,18.7
2008-11-28,18.6,18.7,17.8,17.91
2008-12-01,17.71,19.23,17.71,19.16
2008-12-02,18.78,20.09,18.52,19.65
2008-12-03,19.91,21.5,19.8,21.35
2008-12-04,21.58,22.7,20.9,21.02
2008-12-05,21.29,23.12,21.06,23.12
2008-12-08,23.6,24.33,23.15,24.2
2008-12-09,24.17,24.17,22.9,23.31
2008-12-10,23.0,23.91,22.66,23.91
2008-12-11,23.89,24.39,22.7,22.8
2008-12-12,22.41,23.5,21.91,22.4
2008-12-15,23.0,24.49,22.8,23.81
2008-12-16,23.4,23.98,22.49,23.9
2008-12-17,23.89,25.5,23.01,25.13
2008-12-18,24.77,25.75,24.5,25.51
2008-12-19,25.51,27.28,25.25,26.35
2008-12-22,26.37,28.68,26.37,28.4
2008-12-23,27.68,28.59,25.56,25.56
2008-12-24,24.86,25.19,23.88,24.31
2008-12-25,24.29,24.88,23.52,24.87
2008-12-26,24.9,26.48,24.51,24.9
2008-12-29,24.81,24.81,22.7,23.84
2008-12-30,23.8,24.89,23.72,24.55
2008-12-31,24.62,26.36,24.62,25.5
2009-01-05,26.69,27.28,25.71,27.2
2009-01-06,27.4,28.08,27.05,27.32
2009-01-07,27.09,27.98,26.97,27.43
2009-01-08,27.0,29.79,26.75,29.76
2009-01-09,31.0,31.0,29.44,29.76
2009-01-12,29.76,32.68,29.2,31.4
2009-01-13,31.0,32.9,29.0,29.0
2009-01-14,29.0,30.75,28.38,30.1
2009-01-15,29.3,30.38,29.18,29.8
2009-01-16,29.45,30.45,29.0,29.22
2009-01-19,29.13,30.08,27.68,30.0
2009-01-20,29.77,31.29,29.5,30.5
2009-01-21,30.4,30.5,29.37,29.89
2009-01-22,29.99,31.05,29.61,30.9
2009-01-23,30.8,31.48,29.93,30.06
2009-02-02,30.35,30.79,29.92,30.65
2009-02-03,30.59,31.38,30.59,31.0
2009-02-04,31.2,31.88,30.88,31.88
2009-02-05,31.85,32.67,30.1,30.5
2009-02-06,30.58,31.54,30.3,30.94
2009-02-09,30.8,31.3,30.2,31.02
2009-02-10,31.08,31.08,30.29,31.0
2009-02-11,30.51,32.3,30.51,31.61
2009-02-12,31.6,34.77,31.3,34.27
2009-02-13,34.1,35.2,33.2,34.43
2009-02-16,34.43,35.01,33.0,33.38
2009-02-17,33.37,33.37,31.25,31.3
2009-02-18,30.55,31.75,29.65,29.82
2009-02-19,30.58,30.96,29.83,30.71
2009-02-20,31.2,33.0,31.2,32.65
2009-02-23,32.48,32.77,31.6,32.68
2009-02-24,32.0,32.4,30.62,31.24
2009-02-25,31.18,31.85,30.65,31.63
2009-02-26,31.47,31.9,28.47,28.7
2009-02-27,28.0,28.69,26.72,27.89
2009-03-02,27.61,28.33,27.01,28.23
2009-03-03,27.86,28.69,27.33,28.18
2009-03-04,28.4,29.88,28.2,29.56
2009-03-05,29.86,30.5,28.7,29.2
2009-03-06,28.65,29.6,28.4,29.26
2009-03-09,29.0,29.77,27.9,27.9
2009-03-10,27.8,28.74,27.6,28.74
2009-03-11,29.15,29.85,28.82,29.26
2009-03-12,29.0,29.46,27.4,29.26
2009-03-13,28.99,30.02,28.5,29.2
2009-03-16,29.2,29.68,28.6,29.35
2009-03-17,29.55,30.4,29.05,30.2
2009-03-18,30.28,31.68,30.19,30.61
2009-03-19,30.55,31.45,30.5,31.1
2009-03-20,31.31,31.31,29.96,30.44
2009-03-24,31.04,31.66,30.77,31.58
2009-03-25,31.65,31.65,30.25,30.79
2009-03-26,30.45,30.95,29.9,30.59
2009-03-27,30.65,30.97,30.1,30.65
2009-03-30,30.6,31.5,30.5,31.37
2009-03-31,30.85,33.05,30.19,33.0
2009-04-01,32.71,33.35,32.51,32.8
2009-04-02,33.15,33.53,32.03,33.17
2009-04-03,33.38,36.49,33.09,36.49
2009-04-07,36.98,37.9,36.0,36.6
2009-04-08,36.05,39.9,36.05,37.29
2009-04-09,37.8,39.9,36.16,39.3
2009-04-10,39.69,41.65,38.9,40.16
2009-04-13,40.18,42.3,39.51,41.25
2009-04-14,40.7,45.38,40.41,45.38
2009-04-15,46.71,49.88,46.0,46.2
2009-04-16,47.0,47.2,41.7,42.4
2009-04-17,41.38,42.0,38.8,39.48
2009-04-20,39.0,40.32,38.59,39.8
2009-04-21,39.3,39.49,37.82,38.8
2009-04-22,39.33,40.9,37.66,37.85
2009-04-23,38.35,40.2,37.8,40.17
2009-04-24,40.0,40.0,38.18,38.51
2009-04-27,38.5,38.61,36.51,37.82
2009-04-28,37.11,37.93,36.6,37.0
2009-04-29,36.75,37.98,36.72,37.98
2009-04-30,38.09,39.5,38.01,39.1
2009-05-04,38.9,40.98,38.81,40.3
2009-05-05,40.59,40.59,39.0,40.2
2009-05-06,39.58,41.06,39.55,40.91
2009-05-07,40.91,41.17,39.01,39.69
2009-05-08,39.59,39.59,37.88,38.52
2009-05-12,37.05,38.52,36.81,38.52
2009-05-13,38.37,38.8,38.27,38.4
2009-05-14,38.5,40.0,38.0,39.58
2009-05-15,39.53,40.3,38.48,38.95
2009-05-18,39.18,39.36,38.02,39.12
2009-05-19,39.12,40.3,38.65,39.79
2009-05-20,40.2,43.1,40.1,41.0
2009-05-21,40.51,41.87,38.8,39.25
2009-05-22,39.1,40.27,38.6,40.23
2009-05-25,39.0,39.6,38.11,39.02
2009-05-26,27.75,28.66,27.5,27.71
2009-05-27,27.6,27.95,26.63,26.84
2009-06-01,27.0,27.45,26.5,27.16
2009-06-02,27.11,27.15,26.69,26.79
2009-06-03,26.8,27.0,26.69,26.75
2009-06-04,26.6,27.46,26.6,26.8
2009-06-05,27.08,27.1,26.15,26.15
2009-06-08,26.2,26.38,24.9,25.0
2009-06-09,25.07,25.64,25.0,25.3
2009-06-10,25.51,25.85,25.19,25.79
2009-06-11,25.79,25.79,25.33,25.52
2009-06-12,25.55,25.65,25.01,25.03
2009-06-15,25.0,25.76,25.0,25.61
2009-06-16,25.32,26.79,25.3,26.7
2009-06-17,26.48,27.35,26.48,26.94
2009-06-18,26.94,27.6,26.28,27.26
2009-06-19,27.4,27.4,26.7,26.78
2009-06-22,26.8,27.03,26.28,26.43
2009-06-23,25.99,26.43,25.6,25.96
2009-06-24,26.02,26.82,26.02,26.76
2009-06-25,26.62,26.97,26.39,26.48
2009-06-26,26.5,27.13,26.4,26.69
2009-06-29,26.69,26.99,26.03,26.26
2009-06-30,26.49,26.49,25.5,25.54
2009-07-01,25.55,25.77,25.17,25.3
2009-07-02,25.31,25.79,25.29,25.32
2009-07-03,25.3,25.65,25.0,25.43
2009-07-06,25.42,25.63,25.2,25.59
2009-07-07,25.33,27.0,25.3,26.8
2009-07-08,26.65,26.65,25.85,26.35
2009-07-09,26.5,28.0,26.27,27.73
2009-07-10,27.99,28.0,27.2,27.29
2009-07-13,27.29,29.19,27.29,28.7
2009-07-14,28.51,29.86,28.51,29.02
2009-07-15,29.0,29.45,28.75,29.05
2009-07-16,29.0,29.8,28.31,29.53
2009-07-17,29.9,32.48,29.81,32.48
2009-07-20,33.0,34.99,31.4,31.5
2009-07-21,31.0,32.7,30.7,31.5
2009-07-22,31.0,31.96,30.22,30.5
2009-07-23,30.9,31.9,30.39,31.09
2009-07-24,30.91,31.27,29.51,29.87
2009-07-27,29.87,30.79,29.21,30.36
2009-07-28,30.15,30.85,29.3,30.25
2009-07-29,30.22,31.9,29.9,30.44
2009-07-30,30.33,32.43,30.33,31.96
2009-07-31,32.2,32.6,31.5,32.2
2009-08-03,32.7,33.99,32.35,32.52
2009-08-04,32.08,32.34,30.81,31.15
2009-08-05,31.16,31.98,30.83,31.5
2009-08-06,31.79,31.79,29.88,30.19
2009-08-07,29.88,30.44,29.71,29.85
2009-08-10,29.85,30.74,29.8,30.29
2009-08-11,30.29,31.48,30.02,31.24
2009-08-12,31.01,31.15,29.5,29.62
2009-08-13,29.69,30.0,28.88,28.95
2009-08-14,28.96,29.2,27.5,27.59
2009-08-17,27.6,27.6,26.5,26.61
2009-08-18,26.61,27.49,26.31,27.4
2009-08-19,27.48,28.5,26.62,28.0
2009-08-20,28.01,29.0,27.92,28.9
2009-08-24,29.58,31.79,29.03,31.78
2009-08-25,31.49,32.98,31.4,32.11
2009-08-26,31.97,33.0,31.0,32.45
2009-08-27,32.45,33.38,32.01,32.6
2009-08-28,32.59,33.6,32.02,32.16
2009-08-31,32.88,33.45,31.88,32.01
2009-09-01,31.91,32.46,30.0,31.2
2009-09-02,30.52,30.52,28.08,28.08
2009-09-03,26.39,28.48,25.88,28.08
2009-09-04,27.6,28.15,27.1,27.85
2009-09-07,27.9,29.68,27.9,29.16
2009-09-08,28.87,29.24,28.33,28.94
2009-09-09,28.96,29.69,28.96,29.64
2009-09-10,29.6,29.64,28.15,28.68
2009-09-11,28.21,29.63,28.18,29.03
2009-09-14,29.5,29.85,28.82,29.68
2009-09-15,29.68,31.81,29.41,31.0
2009-09-16,30.76,31.55,30.11,30.86
2009-09-17,30.86,32.98,30.86,32.0
2009-09-18,31.99,32.3,29.86,30.08
2009-09-21,29.51,30.2,28.4,30.0
2009-09-22,29.8,30.97,29.54,29.9
2009-09-23,30.0,30.79,29.68,30.6
2009-09-24,30.58,31.49,28.95,29.7
2009-09-25,29.47,29.59,28.08,28.19
2009-09-28,28.26,28.85,27.12,27.25
2009-09-29,28.5,28.5,26.22,27.15
2009-09-30,27.15,27.69,26.82,27.3
2009-10-09,27.58,28.85,27.58,28.75
2009-10-12,28.78,29.75,28.75,28.96
2009-10-13,28.95,29.86,28.86,29.66
2009-10-14,29.9,30.52,28.9,29.29
2009-10-15,29.6,30.2,29.4,29.82
2009-10-16,29.67,30.27,28.95,29.55
2009-10-19,29.3,30.37,29.3,30.3
2009-10-20,30.58,31.31,30.2,31.1
2009-10-21,31.06,31.6,30.15,31.12
2009-10-22,31.0,32.2,30.87,32.01
2009-10-23,31.7,32.86,30.81,31.34
2009-10-26,31.3,31.57,30.8,31.34
2009-10-27,31.19,31.34,30.61,30.99
2009-10-28,30.9,31.58,30.7,31.58
2009-10-29,31.3,32.27,31.0,31.65
2009-10-30,31.82,32.8,30.5,30.6
2009-11-02,29.96,30.7,29.01,30.65
2009-11-03,30.66,32.26,30.66,31.95
2009-11-04,32.0,33.5,31.87,33.3
2009-11-05,33.3,36.59,33.3,35.45
2009-11-06,35.0,35.9,34.62,35.0
2009-11-09,34.64,35.44,34.23,34.84
2009-11-11,34.7,35.18,34.2,35.0
2009-11-12,35.01,35.38,34.3,34.4
2009-11-13,34.02,34.66,33.54,34.4
2009-11-16,34.42,36.29,34.42,35.78
2009-11-17,35.42,36.49,35.42,36.0
2009-11-18,36.4,36.67,35.42,35.71
2009-11-19,35.67,36.4,35.55,36.19
2009-11-20,36.2,38.0,35.88,37.0
2009-11-23,37.01,37.17,36.23,36.91
2009-11-24,36.86,37.9,34.75,36.0
2009-11-25,36.0,36.89,35.05,36.65
2009-11-26,36.58,36.58,34.33,34.49
2009-11-27,34.0,34.2,32.51,33.59
2009-11-30,33.59,34.87,33.2,34.5
2009-12-01,34.51,36.96,34.12,36.35
2009-12-02,36.49,37.28,36.3,36.81
2009-12-03,36.84,36.84,36.11,36.41
2009-12-04,36.45,36.45,33.52,34.48
2009-12-07,34.45,34.8,33.91,34.72
2009-12-08,34.8,34.86,33.92,34.25
2009-12-09,33.78,34.5,33.3,33.39
2009-12-10,33.79,34.1,33.2,34.05
2009-12-11,34.05,34.5,33.8,34.08
2009-12-14,34.22,34.25,33.05,33.96
2009-12-15,33.79,34.99,33.55,34.65
2009-12-16,34.67,35.1,34.2,34.23
2009-12-17,34.22,34.49,33.33,34.28
2009-12-18,34.0,35.96,33.71,35.28
2009-12-21,35.29,36.34,34.9,35.78
2009-12-22,35.85,38.96,35.43,38.2
2009-12-23,38.65,39.95,37.4,39.09
2009-12-24,39.06,41.58,39.01,40.19
2009-12-25,39.73,41.05,39.16,39.55
2009-12-28,39.72,40.31,38.92,40.31
2009-12-29,40.56,40.56,39.41,40.15
2009-12-30,39.91,40.39,39.2,39.5
2009-12-31,39.52,41.28,39.0,40.0
2010-01-04,40.28,43.3,39.0,42.5
2010-01-05,42.1,44.48,42.03,43.14
2010-01-06,42.61,42.9,41.8,42.01
2010-01-07,41.9,43.0,40.88,41.58
2010-01-08,41.58,43.15,41.2,43.08
2010-01-11,42.5,46.61,42.0,44.98
2010-01-12,44.51,46.3,44.5,45.25
2010-01-13,44.39,46.5,44.03,44.4
2010-01-14,45.49,48.84,44.9,48.84
2010-01-15,48.84,50.17,47.47,48.95
2010-01-18,48.58,48.58,46.45,47.78
2010-01-19,47.67,47.67,45.46,46.15
2010-01-20,46.36,46.8,43.3,44.41
2010-01-21,44.85,45.8,43.62,45.24
2010-01-22,44.5,44.5,41.03,41.36
2010-01-25,41.33,41.9,40.1,41.01
2010-01-26,40.88,41.25,37.87,38.8
2010-01-27,38.53,39.95,38.11,38.9
2010-01-28,38.9,40.5,38.3,40.09
2010-01-29,40.0,41.58,39.45,39.58
2010-02-01,38.8,39.6,36.4,37.59
2010-02-02,38.1,38.36,37.5,37.72
2010-02-03,37.81,38.34,36.1,38.34
2010-02-04,38.3,39.8,37.56,38.18
2010-02-05,37.15,37.8,36.6,37.51
2010-02-08,37.5,37.7,37.0,37.23
2010-02-09,37.15,37.7,36.81,37.7
2010-02-10,38.2,38.98,38.0,38.85
2010-02-11,39.02,40.67,39.02,39.81
2010-02-12,40.1,42.8,39.82,42.18
2010-02-22,42.0,42.1,40.93,41.07
2010-02-23,41.01,41.66,40.3,41.66
2010-02-24,41.39,43.2,40.7,42.86
2010-02-25,42.98,44.3,42.0,44.3
2010-02-26,44.34,45.2,43.18,44.76
2010-03-01,44.5,45.47,44.0,44.4
2010-03-02,44.4,44.63,43.65,44.44
2010-03-03,44.3,44.69,43.71,44.3
2010-03-04,44.72,45.88,41.0,41.5
2010-03-05,41.5,42.45,40.01,40.25
2010-03-08,40.3,41.19,39.8,40.86
2010-03-09,40.5,40.84,39.65,40.5
2010-03-10,40.49,40.79,39.03,39.38
2010-03-11,39.47,39.74,38.56,39.11
2010-03-12,39.29,39.85,38.88,39.3
2010-03-15,39.49,40.25,38.58,39.95
2010-03-16,39.95,41.5,39.58,41.06
2010-03-17,41.44,43.32,40.5,42.9
2010-03-18,43.0,44.2,42.0,42.4
2010-03-19,42.2,43.66,42.1,43.07
2010-03-22,43.0,43.7,42.52,43.61
2010-03-23,43.6,43.6,42.67,42.8
2010-03-24,42.7,44.92,42.42,44.85
2010-03-25,44.08,45.28,43.2,43.37
2010-03-26,42.95,43.3,42.2,43.0
2010-03-29,43.29,43.29,41.36,41.97
2010-03-30,41.95,43.0,41.66,42.6
2010-03-31,42.79,46.8,42.22,44.8
2010-04-01,45.0,46.2,44.5,45.08
2010-04-02,45.25,46.8,45.25,46.43
2010-04-06,46.18,46.49,44.64,45.2
2010-04-07,45.21,46.09,44.66,46.0
2010-04-08,45.81,47.85,45.2,46.81
2010-04-12,47.58,48.77,46.9,47.09
2010-04-13,47.1,47.39,42.8,44.79
2010-04-14,44.3,45.7,43.63,45.28
2010-04-15,45.5,45.6,41.68,42.6
2010-04-16,42.4,43.15,41.9,42.2
2010-04-19,41.5,42.8,41.28,41.52
2010-04-20,41.2,42.86,40.3,42.77
2010-04-21,42.8,44.16,42.78,43.85
2010-04-22,43.86,44.2,43.3,43.6
2010-04-23,43.6,43.98,41.6,42.19
2010-04-26,42.01,43.66,41.56,43.08
2010-04-27,42.8,42.8,39.31,39.52
2010-04-28,30.0,30.8,28.51,28.92
2010-04-29,28.91,29.65,28.5,28.5
2010-04-30,28.51,29.17,28.2,28.8
2010-05-04,28.43,28.95,27.0,28.09
2010-05-05,27.61,28.99,27.29,28.88
2010-05-06,28.89,29.47,28.38,28.52
2010-05-07,27.9,29.08,27.33,28.6
2010-05-10,28.96,29.19,26.4,26.5
2010-05-11,27.1,27.52,26.41,27.0
2010-05-12,26.61,27.0,25.8,26.28
2010-05-13,26.29,27.36,25.88,27.1
2010-05-14,27.1,27.49,26.65,27.35
2010-05-17,26.85,27.08,24.62,24.62
2010-05-18,24.1,24.9,23.6,24.59
2010-05-19,24.4,25.21,23.8,24.71
2010-05-20,24.06,25.57,24.06,25.0
2010-05-21,24.1,26.68,24.0,26.52
2010-05-24,26.61,28.61,26.39,27.79
2010-05-26,27.04,27.79,27.04,27.33
2010-05-27,27.1,27.89,27.1,27.89
2010-05-28,28.25,28.27,27.6,27.7
2010-05-31,27.7,27.7,26.66,26.66
2010-06-01,26.0,26.5,24.5,25.1
2010-06-02,24.79,25.41,24.6,25.02
2010-06-03,25.37,26.17,25.2,25.48
2010-06-04,25.21,26.55,25.19,26.45
2010-06-07,25.95,27.98,25.2,27.77
2010-06-08,27.78,28.56,27.08,27.9
2010-06-09,27.94,28.35,27.5,28.19
2010-06-11,29.6,31.01,29.6,31.01
2010-06-17,31.95,31.97,29.45,29.58
2010-06-18,29.08,29.22,27.53,27.68
2010-06-21,27.68,29.8,27.68,29.7
2010-06-22,29.15,30.3,29.0,29.69
2010-06-23,29.35,30.19,28.9,29.28
2010-06-24,29.31,30.03,29.3,29.64
2010-06-25,29.47,29.75,27.98,28.39
2010-06-28,28.66,28.74,27.8,28.55
2010-06-29,28.5,28.5,26.51,27.58
2010-06-30,27.01,27.5,26.0,27.2
2010-07-01,27.66,27.68,26.2,26.92
2010-07-02,26.79,27.17,24.24,25.6
2010-07-05,25.89,26.54,24.53,25.63
2010-07-06,24.78,26.25,24.78,26.0
2010-07-07,26.0,26.5,25.55,26.41
2010-07-08,26.43,26.59,25.6,26.0
2010-07-09,26.0,27.2,25.65,26.83
2010-07-12,26.8,27.6,26.71,27.16
2010-07-13,27.1,27.63,26.1,26.71
2010-07-14,26.76,28.96,26.76,28.21
2010-07-15,28.12,28.49,27.54,27.61
2010-07-16,27.61,28.3,27.2,27.78
2010-07-19,27.79,28.4,27.35,28.3
2010-07-20,28.4,28.98,28.1,28.85
2010-07-21,28.56,29.38,28.56,29.01
2010-07-22,28.8,29.12,28.56,29.0
2010-07-23,29.0,29.25,28.65,29.0
2010-07-26,29.17,29.81,28.76,29.63
2010-07-27,29.7,29.87,29.15,29.33
2010-07-28,29.21,30.01,29.21,29.86
2010-07-29,29.86,30.38,29.49,29.9
2010-07-30,29.52,30.5,29.52,30.28
2010-08-02,30.03,30.5,30.03,30.5
2010-08-03,30.6,30.85,29.7,29.7
2010-08-04,29.68,29.81,28.69,29.8
2010-08-05,29.72,29.98,29.01,29.29
2010-08-06,28.83,30.13,28.83,30.11
2010-08-09,29.98,31.36,29.98,30.9
2010-08-10,30.66,31.0,29.88,29.88
2010-08-11,29.88,30.2,29.61,30.15
2010-08-12,29.98,30.94,29.71,30.15
2010-08-13,29.6,30.38,28.8,30.0
2010-08-16,29.79,30.64,29.42,30.05
2010-08-17,30.34,31.35,30.06,31.2
2010-08-18,31.1,31.32,30.76,30.96
2010-08-19,30.8,31.24,30.6,30.75
2010-08-20,30.74,30.74,29.01,29.1
2010-08-23,29.08,29.56,28.8,29.29
2010-08-24,29.07,29.59,29.0,29.3
2010-08-25,29.38,29.54,28.6,28.62
2010-08-26,28.63,29.37,28.62,29.13
2010-08-27,29.11,29.65,29.05,29.65
2010-08-30,29.65,30.6,29.65,30.51
2010-08-31,30.4,31.2,29.97,30.91
2010-09-01,30.99,34.0,30.91,33.15
2010-09-02,33.36,36.47,32.88,36.47
2010-09-03,36.45,37.65,35.72,37.2
2010-09-06,37.16,37.17,35.01,36.8
2010-09-07,36.01,36.99,35.93,36.68
2010-09-08,36.6,38.44,35.61,37.88
2010-09-09,37.48,37.8,35.81,36.0
2010-09-10,36.0,36.58,35.08,36.24
2010-09-13,36.22,38.14,35.0,37.9
2010-09-14,37.78,38.39,37.29,37.82
2010-09-15,36.89,37.98,35.6,36.0
2010-09-16,35.88,35.98,33.7,35.37
2010-09-17,35.25,35.78,35.05,35.35
2010-09-20,35.05,35.61,34.6,35.2
2010-09-21,35.01,35.59,34.7,34.99
2010-09-28,35.6,37.66,35.6,36.48
2010-09-29,36.2,37.0,35.7,35.73
2010-09-30,35.65,35.94,34.8,35.79
2010-10-08,36.0,37.1,35.67,36.88
2010-10-11,36.8,37.0,35.09,35.23
2010-10-12,35.2,35.76,34.58,34.98
2010-10-13,35.1,35.29,33.3,35.19
2010-10-14,34.99,35.23,33.05,33.2
2010-10-15,33.18,34.0,32.05,32.4
2010-10-18,32.5,32.8,29.7,30.7
2010-10-19,30.5,33.77,29.79,33.77
2010-10-20,32.4,35.11,32.23,34.3
2010-10-21,34.0,34.0,33.15,33.55
2010-10-22,33.55,34.26,33.18,33.55
2010-10-25,33.57,35.0,33.55,34.71
2010-10-26,34.6,35.0,33.61,34.81
2010-10-27,34.81,35.19,33.8,34.21
2010-10-28,34.21,34.31,33.4,33.41
2010-10-29,33.99,34.48,32.99,34.0
2010-11-01,35.05,37.1,35.05,36.39
2010-11-02,37.0,37.16,35.75,36.03
2010-11-03,35.6,36.65,35.2,36.29
2010-11-04,36.28,36.57,35.8,36.47
2010-11-05,36.87,40.12,36.87,40.12
2010-11-08,40.12,42.88,38.81,41.31
2010-11-09,40.7,41.67,39.82,40.64
2010-11-10,40.39,40.96,39.8,40.35
2010-11-11,40.37,42.04,39.5,39.56
2010-11-12,39.38,41.52,39.01,40.4
2010-11-15,40.79,43.5,40.76,43.34
2010-11-16,43.56,44.45,39.8,41.46
2010-11-17,40.51,42.28,39.38,41.38
2010-11-18,41.3,42.35,40.0,41.55
2010-11-19,42.0,44.4,41.58,43.59
2010-11-22,43.9,46.47,43.5,44.56
2010-11-23,44.0,44.98,43.11,44.22
2010-11-24,43.88,46.96,43.88,45.8
2010-11-25,46.6,46.62,43.75,44.0
2010-11-26,43.96,44.65,42.38,42.47
2010-11-29,42.54,43.36,41.5,43.0
2010-11-30,43.16,43.16,39.28,40.48
2010-12-01,40.48,40.99,39.7,40.8
2010-12-02,40.95,41.35,39.99,41.0
2010-12-03,40.97,41.37,39.9,40.93
2010-12-06,40.85,41.24,38.99,40.0
2010-12-07,39.5,40.88,38.61,40.35
2010-12-08,40.35,41.2,40.03,40.55
2010-12-09,40.8,41.32,40.3,40.58
2010-12-10,39.33,43.88,39.33,42.92
2010-12-13,43.45,43.82,42.35,43.5
2010-12-14,43.52,44.88,43.0,43.55
2010-12-15,43.2,44.85,42.5,44.0
2010-12-16,44.0,45.8,43.19,43.96
2010-12-17,43.85,43.91,42.7,43.3
2010-12-20,43.02,43.49,40.12,43.17
2010-12-21,42.8,44.3,42.56,43.99
2010-12-22,43.99,44.43,42.3,42.4
2010-12-23,42.51,43.17,41.85,42.32
2010-12-24,42.01,42.5,40.87,41.0
2010-12-27,41.0,42.38,39.5,40.52
2010-12-28,40.52,40.52,38.5,38.6
2010-12-29,38.31,39.25,38.31,39.23
2010-12-30,39.23,39.27,38.35,39.25
2010-12-31,39.4,40.8,39.0,39.79
2011-01-04,40.5,40.5,38.71,39.93
2011-01-05,39.6,40.95,39.38,40.8
2011-01-06,40.8,43.23,40.8,42.79
2011-01-07,42.4,43.0,41.11,41.65
2011-01-10,41.95,41.97,40.06,40.13
2011-01-11,39.89,40.0,37.51,38.28
2011-01-12,38.0,38.48,37.5,38.38
2011-01-13,38.48,39.61,38.48,39.05
2011-01-14,39.1,39.1,38.0,38.61
2011-01-17,38.03,38.58,35.8,37.6
2011-01-18,37.01,37.61,36.62,37.61
2011-01-19,37.61,38.61,37.6,38.38
2011-01-20,38.01,38.28,36.6,37.9
2011-01-21,37.1,37.8,36.65,37.35
2011-01-24,37.35,37.35,33.62,35.96
2011-01-25,35.0,35.3,33.8,34.19
2011-01-26,34.28,35.8,34.2,35.34
2011-01-27,35.34,35.34,34.61,35.0
2011-01-28,34.79,35.3,34.0,34.26
2011-01-31,34.43,34.88,33.89,34.88
2011-02-01,35.0,35.0,34.22,34.43
2011-02-09,34.15,35.0,34.0,34.9
2011-02-10,34.95,36.06,34.95,35.95
2011-02-11,35.95,37.18,35.68,36.6
2011-02-14,36.81,37.59,36.81,37.43
2011-02-15,37.33,37.73,37.08,37.28
2011-02-16,37.27,37.86,37.18,37.71
2011-02-17,37.91,38.9,37.59,37.95
2011-02-18,37.95,38.2,37.04,37.1
2011-02-21,37.0,37.7,36.8,37.7
2011-02-22,38.5,38.6,36.5,36.58
2011-02-23,36.58,36.75,35.12,36.68
2011-02-24,36.41,36.41,35.38,35.99
2011-02-25,35.99,37.5,35.61,37.2
2011-02-28,37.22,37.58,36.0,37.18
2011-03-01,37.09,39.0,36.81,38.83
2011-03-02,38.07,38.65,37.71,37.9
2011-03-03,37.55,38.49,36.7,36.8
2011-03-04,37.0,37.14,36.32,37.01
2011-03-07,37.3,37.3,36.71,37.24
2011-03-08,37.36,37.36,36.73,36.93
2011-03-09,37.1,37.12,36.15,37.09
2011-03-10,37.02,37.79,36.1,37.22
2011-03-11,37.15,37.59,36.48,37.23
2011-03-14,36.63,37.5,36.52,37.3
2011-03-15,37.35,37.5,36.0,36.3
2011-03-16,36.28,36.68,35.9,36.21
2011-03-17,36.09,36.09,34.76,34.9
2011-03-18,35.25,35.6,35.03,35.34
2011-03-21,35.02,35.6,34.15,34.23
2011-03-22,34.41,34.89,34.12,34.6
2011-03-23,34.6,34.88,34.48,34.79
2011-03-24,34.79,35.19,34.79,34.91
2011-03-25,34.9,35.22,34.2,34.43
2011-03-28,34.49,34.5,33.78,33.91
2011-03-29,33.9,34.35,32.0,32.47
2011-03-30,32.4,32.58,31.5,32.03
2011-03-31,32.04,32.5,31.5,32.2
2011-04-01,32.18,32.45,31.79,32.16
2011-04-06,32.16,32.39,31.45,31.64
2011-04-07,31.64,31.64,31.0,31.06
2011-04-08,31.06,31.89,30.93,31.56
2011-04-11,31.6,31.95,31.21,31.57
2011-04-12,31.5,31.88,31.21,31.47
2011-04-13,31.45,32.1,31.01,32.1
2011-04-14,32.1,32.62,31.91,32.49
2011-04-15,32.48,32.48,31.8,31.93
2011-04-18,31.9,32.23,30.94,32.0
2011-04-19,31.3,32.8,31.3,32.5
2011-04-20,32.68,33.67,32.68,33.61
2011-04-21,33.63,33.76,33.2,33.29
2011-04-22,33.2,33.2,32.17,32.57
2011-04-25,32.4,32.4,31.2,31.43
2011-04-26,31.31,31.83,31.3,31.35
2011-04-27,31.7,31.71,31.04,31.68
2011-04-28,31.93,31.93,29.6,29.9
2011-04-29,29.8,30.58,29.5,30.35
2011-05-03,30.35,31.8,30.3,31.7
2011-05-04,31.99,31.99,31.3,31.54
2011-05-05,31.8,31.89,31.33,31.7
2011-05-06,31.99,31.99,31.03,31.84
2011-05-09,31.85,32.66,31.85,32.29
2011-05-10,32.47,32.68,31.86,32.18
2011-05-11,32.3,32.3,31.55,32.18
2011-05-13,31.94,32.1,31.3,31.96
2011-05-16,31.9,32.58,31.9,32.34
2011-05-17,32.54,32.54,31.3,31.35
2011-05-18,31.32,31.72,31.3,31.7
2011-05-19,32.18,32.28,31.49,31.6
2011-05-20,31.4,31.84,31.35,31.7
2011-05-23,31.5,31.55,30.1,30.1
2011-05-24,30.1,30.45,29.77,30.35
2011-05-25,30.12,30.48,29.83,30.1
2011-05-26,30.1,30.55,29.6,29.83
2011-05-27,29.7,29.81,28.0,28.48
2011-05-30,28.5,28.5,27.9,28.09
2011-05-31,28.08,28.79,28.0,28.75
2011-06-01,28.75,28.83,28.28,28.71
2011-06-02,28.7,28.84,28.05,28.8
2011-06-03,19.15,19.28,18.8,19.18
2011-06-07,19.0,19.35,19.0,19.22
2011-06-08,19.22,19.25,18.66,19.0
2011-06-09,18.9,19.4,18.9,18.99
2011-06-10,18.73,18.98,18.14,18.48
2011-06-13,18.85,18.85,18.32,18.45
2011-06-14,18.21,18.76,18.21,18.66
2011-06-15,18.7,18.7,18.15,18.49
2011-06-16,18.49,18.49,18.15,18.38
2011-06-17,18.17,18.3,17.5,18.1
2011-06-20,18.0,18.0,16.91,17.09
2011-06-21,17.1,17.34,16.35,16.7
2011-06-22,16.85,16.85,16.22,16.59
2011-06-23,16.54,16.98,16.25,16.86
2011-06-24,16.82,17.99,16.82,17.68
2011-06-27,17.67,18.13,17.6,17.99
2011-06-28,18.13,18.14,17.62,17.88
2011-06-29,17.88,18.0,17.58,17.74
2011-06-30,17.78,18.02,17.62,17.87
2011-07-01,17.74,18.0,17.5,17.64
2011-07-04,17.73,18.13,17.71,18.13
2011-07-05,18.13,18.8,18.03,18.75
2011-07-06,18.7,19.1,18.2,19.0
2011-07-07,18.97,19.24,18.76,18.96
2011-07-08,18.86,19.19,18.81,19.11
2011-07-11,19.09,19.2,18.66,18.9
2011-07-12,18.9,18.94,18.41,18.5
2011-07-13,18.49,18.87,18.49,18.79
2011-07-14,18.79,19.28,18.79,19.1
2011-07-15,19.18,19.58,18.9,19.5
2011-07-18,19.7,20.46,19.58,19.8
2011-07-19,19.7,19.7,19.1,19.5
2011-07-20,19.61,19.9,18.78,18.95
2011-07-21,19.1,19.1,18.52,18.52
2011-07-22,18.51,18.67,18.22,18.55
2011-07-25,18.67,18.69,16.84,17.0
2011-07-26,17.01,17.23,16.85,16.97
2011-07-27,16.88,17.43,16.7,17.31
2011-07-28,17.12,17.3,16.91,17.26
2011-07-29,17.5,17.5,17.08,17.21
2011-08-01,17.35,17.48,17.07,17.22
2011-08-02,17.2,17.2,16.57,17.02
2011-08-03,16.68,17.1,16.68,16.99
2011-08-04,17.0,17.95,17.0,17.49
2011-08-05,16.99,17.68,16.8,17.29
2011-08-08,17.0,17.16,16.02,16.57
2011-08-09,16.07,16.56,15.61,16.51
2011-08-10,16.55,16.99,16.55,16.83
2011-08-11,16.5,17.0,15.51,16.8
2011-08-12,16.8,18.48,16.26,18.48
2011-08-15,18.0,19.28,17.97,18.74
2011-08-16,18.5,18.73,18.15,18.2
2011-08-17,18.09,18.88,17.73,18.65
2011-08-18,18.55,18.55,17.98,17.98
2011-08-19,17.57,17.69,17.27,17.6
2011-08-22,17.6,18.19,17.6,17.79
2011-08-23,17.85,18.45,17.85,18.39
2011-08-24,18.5,18.76,18.23,18.33
2011-08-25,18.25,18.6,18.1,18.45
2011-08-29,18.36,18.89,18.31,18.48
2011-08-30,18.48,18.88,18.16,18.16
2011-08-31,18.28,18.3,17.35,17.43
2011-09-01,17.32,17.58,16.8,16.86
2011-09-02,16.9,17.06,16.7,16.95
2011-09-05,16.7,16.76,16.24,16.24
2011-09-06,16.58,16.58,16.02,16.39
2011-09-07,16.46,16.85,16.42,16.8
2011-09-08,16.86,16.9,16.21,16.21
2011-09-09,16.22,16.45,15.96,16.14
2011-09-13,15.8,16.01,15.7,15.87
2011-09-14,16.05,16.5,15.9,16.49
2011-09-15,16.46,16.85,16.46,16.56
2011-09-16,16.7,16.82,16.54,16.8
2011-09-19,16.78,17.05,16.44,16.7
2011-09-20,16.77,17.02,16.48,16.89
2011-09-21,16.76,17.35,16.6,17.1
2011-09-22,17.02,17.1,16.2,16.27
2011-09-23,15.65,15.95,15.5,15.84
2011-09-26,15.6,15.99,15.51,15.55
2011-09-27,15.7,15.85,15.25,15.48
2011-09-28,15.55,15.78,15.25,15.3
2011-09-29,15.22,15.53,14.65,14.88
2011-09-30,14.91,15.08,14.66,14.84
2011-10-14,15.75,16.32,15.34,15.52
2011-10-17,15.52,16.39,15.21,16.08
2011-10-18,15.88,16.0,15.48,15.87
2011-10-19,15.77,16.95,15.77,16.09
2011-10-20,15.69,16.49,15.13,16.31
2011-10-21,16.08,17.09,15.71,15.72
2011-10-24,15.35,15.37,14.15,14.4
2011-10-25,14.1,14.78,13.75,14.68
2011-10-26,14.5,15.52,14.31,15.16
2011-10-27,15.2,15.48,14.39,14.45
2011-10-28,14.58,15.9,14.5,15.9
2011-10-31,16.7,17.44,16.21,17.07
2011-11-01,16.67,18.5,16.61,17.78
2011-11-02,17.39,19.56,17.31,19.56
2011-11-03,20.45,21.0,19.75,19.98
2011-11-04,20.11,20.31,19.18,19.29
2011-11-07,19.0,19.49,18.8,19.25
2011-11-08,19.25,19.33,18.8,19.0
2011-11-09,19.09,19.6,18.71,19.55
2011-11-10,19.3,19.87,18.91,18.91
2011-11-11,18.8,18.99,18.01,18.52
2011-11-14,18.76,19.29,18.55,19.17
2011-11-15,19.17,19.65,19.08,19.59
2011-11-16,19.62,19.7,18.3,18.65
2011-11-17,18.6,18.95,18.22,18.41
2011-11-18,18.25,18.38,17.82,17.96
2011-11-21,18.0,18.04,17.45,17.93
2011-11-22,17.65,18.03,17.38,17.56
2011-11-23,17.71,17.85,17.2,17.27
2011-11-24,16.98,17.47,16.0,17.44
2011-11-25,17.16,18.07,17.1,17.4
2011-11-28,17.42,17.88,17.21,17.62
2011-11-29,18.05,18.76,18.05,18.24
2011-11-30,18.06,18.15,16.42,16.75
2011-12-01,17.35,17.63,16.75,16.89
2011-12-02,16.6,16.88,16.3,16.49
2011-12-05,16.17,16.36,14.84,14.84
2011-12-06,14.32,15.8,14.32,15.37
2011-12-07,15.35,15.55,15.0,15.38
2011-12-08,15.6,16.92,15.52,16.92
2011-12-09,17.5,18.34,17.18,17.41
2011-12-12,17.2,17.44,16.61,16.67
2011-12-13,16.4,16.58,15.48,16.2
2011-12-14,16.0,16.89,15.51,16.3
2011-12-15,15.78,17.93,15.72,17.19
2011-12-16,16.8,18.91,16.71,18.91
2011-12-19,18.99,20.45,18.56,19.93
2011-12-20,19.41,19.58,18.62,18.7
2011-12-21,18.89,20.05,18.7,19.44
2011-12-22,18.8,19.8,18.46,19.6
2011-12-23,19.09,20.89,18.6,20.09
2011-12-26,20.12,20.45,19.0,19.52
2011-12-27,19.3,19.65,18.41,18.9
2011-12-28,18.5,19.16,17.85,18.89
2011-12-29,18.69,18.85,18.0,18.3
2011-12-30,18.11,19.65,18.06,19.25
2012-01-04,19.3,20.38,19.2,19.25
2012-01-05,18.69,18.97,17.4,17.82
2012-01-06,17.6,17.8,16.5,17.19
2012-01-09,16.92,18.71,16.85,18.49
2012-01-10,18.29,20.34,18.2,20.15
2012-01-11,19.75,20.77,19.72,19.88
2012-01-12,19.59,21.5,19.5,20.39
2012-01-13,20.01,21.35,19.4,20.81
2012-01-16,20.45,21.32,19.62,20.11
2012-01-17,19.82,21.2,18.52,20.95
2012-01-18,20.75,21.93,19.36,19.86
2012-01-19,18.9,19.19,17.87,17.87
2012-01-20,17.58,18.47,17.55,17.9
2012-01-30,18.01,18.78,17.98,18.41
2012-01-31,18.27,18.64,17.6,18.45
2012-02-01,18.21,18.62,17.78,17.97
2012-02-02,17.94,18.36,17.45,18.36
2012-02-03,18.28,19.01,17.95,18.83
2012-02-06,18.85,18.9,18.4,18.52
2012-02-07,18.41,19.19,18.26,18.6
2012-02-08,18.32,19.07,18.21,18.86
2012-02-09,18.86,20.75,18.81,20.75
2012-02-10,20.6,21.63,20.05,20.99
2012-02-13,20.5,21.7,20.33,21.2
2012-02-14,21.17,21.88,20.6,20.79
2012-02-15,20.62,22.23,20.45,21.31
2012-02-16,20.89,21.35,20.47,20.67
2012-02-17,20.66,21.45,20.25,21.24
2012-02-20,21.45,22.35,21.18,21.27
2012-02-21,21.1,23.4,21.03,22.91
2012-02-22,22.61,23.3,22.4,23.2
2012-02-23,23.06,23.09,22.36,22.6
2012-02-24,22.5,22.88,21.92,22.44
2012-02-27,22.4,22.93,22.18,22.35
2012-02-28,22.08,22.7,21.61,22.28
2012-02-29,22.41,22.5,21.14,21.16
2012-03-01,21.0,21.87,20.95,21.4
2012-03-02,21.34,22.18,21.32,21.88
2012-03-05,21.91,22.86,21.91,22.58
2012-03-06,22.53,22.53,21.82,22.06
2012-03-07,21.87,23.33,21.81,22.49
2012-03-08,22.4,22.77,22.2,22.61
2012-03-09,22.7,23.13,22.41,22.68
2012-03-12,22.7,23.2,22.2,22.97
2012-03-13,22.91,23.05,22.55,22.75
2012-03-14,22.75,23.38,20.75,21.03
2012-03-15,20.92,21.26,20.3,20.42
2012-03-16,20.61,20.96,20.4,20.91
2012-03-19,20.9,21.21,20.63,21.08
2012-03-20,21.0,21.0,20.19,20.19
2012-03-21,20.39,20.49,19.81,20.35
2012-03-22,20.35,20.67,19.9,20.62
2012-03-23,20.48,20.99,20.32,20.65
2012-03-26,20.64,21.22,20.43,21.1
2012-03-27,21.22,21.29,20.8,21.07
2012-03-28,21.01,21.18,19.0,19.66
2012-03-29,19.38,19.41,18.58,18.82
2012-03-30,18.8,19.22,18.15,18.52
2012-04-05,18.52,19.13,18.52,19.06
2012-04-06,19.05,19.66,18.92,19.45
2012-04-09,19.41,19.41,18.37,18.46
2012-04-10,18.29,18.84,17.62,18.82
2012-04-11,18.48,18.88,18.25,18.55
2012-04-12,18.58,18.88,18.42,18.83
2012-04-13,18.8,19.5,18.8,19.15
2012-04-16,19.05,19.05,18.57,18.65
2012-04-17,18.59,18.86,18.3,18.32
2012-04-18,18.3,18.73,18.26,18.63
2012-04-19,18.68,18.87,18.45,18.51
2012-04-20,18.1,18.2,17.0,17.47
2012-04-23,17.31,17.32,16.6,16.78
2012-04-24,16.5,17.08,16.4,17.07
2012-04-25,17.02,17.02,16.58,16.81
2012-04-26,16.87,16.93,16.4,16.5
2012-04-27,16.51,16.74,16.29,16.59
2012-05-02,16.78,16.99,16.41,16.94
2012-05-03,16.94,17.17,16.68,17.02
2012-05-04,16.96,17.46,16.95,17.3
2012-05-07,17.27,17.46,17.11,17.38
2012-05-08,17.35,18.76,17.23,17.98
2012-05-09,17.69,17.69,17.28,17.3
2012-05-11,17.67,17.88,17.19,17.19
2012-05-14,17.23,17.42,16.8,16.81
2012-05-15,16.51,16.65,16.2,16.45
2012-05-16,16.41,16.62,16.2,16.23
2012-05-17,16.25,16.5,16.23,16.44
2012-05-18,16.3,16.85,16.3,16.38
2012-05-21,16.36,16.65,16.14,16.26
2012-05-22,16.36,16.49,16.31,16.44
2012-05-23,16.48,16.6,15.88,15.98
2012-05-24,15.95,15.95,15.56,15.87
2012-05-25,15.79,15.92,15.4,15.42
2012-05-28,15.39,15.39,14.81,15.26
2012-05-29,15.39,15.84,15.28,15.76
2012-05-30,15.82,16.24,15.78,15.93
2012-05-31,15.94,16.22,15.58,16.04
2012-06-01,16.0,16.15,15.76,15.81
2012-06-04,15.46,15.59,15.0,15.02
2012-06-05,14.98,15.18,14.9,14.99
2012-06-06,11.51,11.88,11.3,11.44
2012-06-07,11.51,11.61,11.07,11.1
2012-06-08,11.21,11.47,10.91,11.15
2012-06-11,11.3,11.42,11.18,11.38
2012-06-12,11.25,11.28,11.02,11.06
2012-06-13,11.16,11.36,11.06,11.33
2012-06-14,11.33,11.5,11.15,11.21
2012-06-15,11.3,11.32,11.08,11.23
2012-06-18,11.3,12.35,11.25,11.85
2012-06-19,11.7,12.28,11.67,12.08
2012-06-20,12.11,12.55,12.11,12.19
2012-06-21,12.19,12.19,11.69,11.82
2012-06-25,11.73,11.98,11.54,11.54
2012-06-26,11.36,11.49,10.92,11.26
2012-06-27,11.35,11.44,11.15,11.16
2012-06-28,11.22,11.26,11.0,11.0
2012-06-29,10.98,11.22,10.61,11.22
2012-07-02,11.25,11.35,11.15,11.29
2012-07-03,11.22,11.55,11.18,11.43
2012-07-04,11.4,11.7,11.35,11.43
2012-07-05,11.35,11.46,10.92,10.92
2012-07-06,11.05,11.38,10.68,11.38
2012-07-09,11.33,11.53,11.12,11.13
2012-07-10,11.01,11.44,10.9,11.38
2012-07-11,11.31,11.37,10.98,11.25
2012-07-12,11.29,11.62,10.98,11.51
2012-07-13,11.76,11.9,11.51,11.51
2012-07-16,11.32,11.32,10.41,10.51
2012-07-17,10.35,10.56,10.2,10.47
2012-07-18,10.52,10.66,10.18,10.36
2012-07-19,10.36,10.58,10.18,10.41
2012-07-20,10.4,10.46,10.12,10.15
2012-07-23,10.02,10.02,9.68,9.7
2012-07-24,9.65,9.78,9.56,9.73
2012-07-25,9.68,9.71,9.56,9.57
2012-07-26,9.58,9.71,9.56,9.59
2012-07-27,9.66,10.15,9.45,9.85
2012-07-30,9.71,9.79,8.9,9.11
2012-07-31,9.0,9.07,8.54,8.67
2012-08-01,8.72,8.91,8.65,8.79
2012-08-02,8.76,8.9,8.48,8.65
2012-08-03,8.65,8.96,8.56,8.88
2012-08-06,8.8,9.77,8.76,9.77
2012-08-07,10.02,10.4,9.96,10.26
2012-08-08,10.17,10.7,10.13,10.24
2012-08-09,10.01,10.46,10.01,10.3
2012-08-10,10.26,10.68,10.19,10.62
2012-08-13,10.55,10.55,10.11,10.13
2012-08-14,10.04,10.59,10.02,10.57
2012-08-15,10.58,10.59,10.14,10.29
2012-08-16,10.2,10.6,10.09,10.14
2012-08-17,10.12,10.37,10.06,10.28
2012-08-20,10.2,10.67,10.09,10.45
2012-08-21,10.38,11.5,10.26,11.5
2012-08-22,11.6,12.12,11.14,11.14
2012-08-23,10.95,11.34,10.72,10.98
2012-08-24,10.88,11.13,10.61,10.63
2012-08-27,10.37,10.37,10.05,10.08
2012-08-28,10.12,10.52,10.12,10.27
2012-08-29,10.15,10.58,10.11,10.3
2012-08-30,10.26,10.47,9.27,9.67
2012-08-31,9.51,9.65,9.31,9.51
2012-09-03,9.41,9.85,9.36,9.79
2012-09-04,9.79,10.32,9.77,9.98
2012-09-05,9.8,10.65,9.8,10.42
2012-09-06,10.39,11.1,10.31,10.84
2012-09-07,10.85,11.16,10.7,11.02
2012-09-10,10.88,11.22,10.81,10.99
2012-09-11,10.86,11.22,10.81,11.19
2012-09-12,11.23,11.33,10.82,11.05
2012-09-13,10.92,11.06,10.63,10.64
2012-09-14,10.75,10.92,10.65,10.77
2012-09-17,10.78,10.94,10.16,10.17
2012-09-18,10.15,10.3,9.97,10.08
2012-09-19,10.19,10.45,10.16,10.26
2012-09-20,10.26,10.33,9.71,9.77
2012-09-21,9.78,9.88,9.6,9.6
2012-09-24,9.51,9.77,9.29,9.69
2012-09-25,9.55,9.73,9.48,9.67
2012-09-26,9.65,10.09,9.24,9.36
2012-09-27,9.3,9.67,9.11,9.51
2012-09-28,9.48,9.68,9.42,9.58
2012-10-08,9.64,9.72,9.5,9.63
2012-10-09,9.62,9.94,9.62,9.93
2012-10-10,9.85,10.2,9.83,10.16
2012-10-11,10.09,10.17,9.75,9.77
2012-10-12,9.94,10.09,9.47,9.69
2012-10-15,9.56,9.68,9.15,9.34
2012-10-16,9.31,9.6,9.3,9.47
2012-10-17,9.5,9.5,9.24,9.44
2012-10-18,9.34,9.6,9.32,9.57
2012-10-19,9.58,9.75,9.53,9.63
2012-10-22,9.6,9.66,9.44,9.6
2012-10-23,9.65,9.68,9.28,9.3
2012-10-24,9.21,9.35,9.21,9.24
2012-10-25,9.24,9.58,9.03,9.37
2012-10-26,9.36,9.39,9.17,9.28
2012-10-29,9.19,9.5,9.04,9.42
2012-10-30,9.25,9.36,9.03,9.05
2012-10-31,9.05,9.09,8.7,8.82
2012-11-01,8.75,8.98,8.75,8.87
2012-11-02,8.94,8.99,8.87,8.99
2012-11-05,8.97,9.0,8.87,8.88
2012-11-06,8.8,8.87,8.51,8.67
2012-11-07,8.67,8.77,8.61,8.71
2012-11-08,8.62,8.63,8.21,8.23
2012-11-09,8.22,8.27,7.94,8.02
2012-11-12,8.04,8.15,8.02,8.1
2012-11-13,8.12,8.14,7.92,7.92
2012-11-14,7.92,8.0,7.75,7.96
2012-11-15,7.87,7.89,7.65,7.65
2012-11-16,7.6,7.65,7.44,7.52
2012-11-19,7.52,7.69,7.45,7.6
2012-11-20,7.61,7.8,7.61,7.65
2012-11-21,7.7,8.25,7.64,8.04
2012-11-22,7.92,8.05,7.8,8.04
2012-11-23,8.0,8.07,7.88,7.94
2012-11-26,7.98,7.98,7.6,7.65
2012-11-27,7.59,7.65,7.12,7.14
2012-11-28,7.05,7.11,6.92,6.95
2012-11-29,6.97,7.18,6.75,6.89
2012-11-30,6.9,7.03,6.79,6.98
2012-12-03,6.99,7.09,6.6,6.64
2012-12-04,6.63,6.88,6.53,6.84
2012-12-05,6.99,7.23,6.82,7.1
2012-12-06,7.1,7.42,7.1,7.15
2012-12-07,7.15,7.6,7.0,7.48
2012-12-10,7.5,7.58,7.33,7.57
2012-12-11,7.49,7.56,7.35,7.38
2012-12-12,7.33,7.51,7.24,7.39
2012-12-13,7.46,7.55,7.25,7.27
2012-12-14,7.23,7.72,7.14,7.63
2012-12-17,7.63,7.89,7.53,7.75
2012-12-18,7.7,7.91,7.56,7.73
2012-12-19,7.68,7.95,7.67,7.86
2012-12-20,7.81,7.82,7.6,7.75
2012-12-21,7.75,7.86,7.63,7.79
2012-12-24,7.79,8.03,7.74,8.0
2012-12-25,7.98,8.15,7.91,8.1
2012-12-26,8.09,8.29,7.99,8.25
2012-12-27,8.25,8.29,7.96,7.98
2012-12-28,7.98,8.1,7.89,8.05
2012-12-31,8.05,8.11,7.93,8.0
2013-01-04,8.08,8.12,7.78,7.83
2013-01-07,7.8,8.07,7.78,8.07
2013-01-08,8.05,8.62,8.03,8.4
2013-01-09,8.35,8.42,8.16,8.24
2013-01-10,8.37,8.78,8.34,8.64
2013-01-11,8.69,9.5,8.68,9.5
2013-01-14,9.39,9.94,9.18,9.76
2013-01-15,9.56,9.68,9.46,9.58
2013-01-16,9.58,9.87,9.33,9.5
2013-01-17,9.38,9.78,9.21,9.59
2013-01-18,9.65,9.78,9.42,9.61
2013-01-21,9.63,9.69,9.44,9.52
2013-01-22,9.49,9.52,9.11,9.15
2013-01-23,9.1,9.36,8.93,9.36
2013-01-24,9.3,9.34,8.83,8.91
2013-01-25,8.9,8.95,8.71,8.75
2013-01-28,8.77,9.0,8.77,9.0
2013-01-29,9.01,9.29,9.01,9.2
2013-01-30,9.2,9.29,9.01,9.12
2013-01-31,9.25,9.29,9.1,9.17
2013-02-01,9.0,9.15,8.92,9.06
2013-02-04,9.05,9.15,8.74,8.83
2013-02-05,8.83,8.98,8.78,8.97
2013-02-06,8.97,9.2,8.97,9.15
2013-02-07,9.16,9.21,9.01,9.12
2013-02-08,9.17,9.23,9.09,9.16
2013-02-18,9.16,9.37,9.14,9.35
2013-02-19,9.33,9.34,8.99,9.03
2013-02-20,9.02,9.25,9.0,9.22
2013-02-21,9.36,9.86,9.36,9.5
2013-02-22,9.28,9.45,9.12,9.33
2013-02-25,9.33,9.65,9.3,9.63
2013-02-26,9.64,9.84,9.53,9.6
2013-02-27,9.65,10.56,9.64,10.22
2013-02-28,10.03,10.07,9.67,10.06
2013-03-01,9.92,10.19,9.82,10.17
2013-03-04,10.05,10.05,9.4,9.44
2013-03-05,9.4,9.68,9.21,9.61
2013-03-06,9.62,9.94,9.48,9.87
2013-03-07,9.79,10.19,9.71,9.77
2013-03-08,9.77,10.11,9.7,9.7
2013-03-11,9.69,9.79,9.52,9.54
2013-03-12,9.53,9.64,8.93,9.08
2013-03-13,9.09,9.15,8.89,9.12
2013-03-14,9.08,9.18,9.03,9.06
2013-03-15,9.13,9.27,8.98,9.1
2013-03-18,9.1,9.12,8.42,8.48
2013-03-19,8.48,8.6,8.15,8.46
2013-03-20,8.47,8.83,8.41,8.77
2013-03-21,8.75,8.92,8.7,8.87
2013-03-22,8.86,8.86,8.63,8.75
2013-03-25,8.8,8.82,8.56,8.58
2013-03-26,8.58,8.96,8.29,8.8
2013-03-27,8.82,8.86,8.6,8.68
2013-03-28,8.65,8.93,8.38,8.7
2013-03-29,8.58,8.9,8.58,8.72
2013-04-01,8.77,8.99,8.72,8.97
2013-04-02,9.0,9.05,8.51,8.57
2013-04-03,8.4,8.5,8.15,8.23
2013-04-08,8.03,8.75,7.92,8.75
2013-04-09,8.86,9.63,8.65,9.63
2013-04-10,9.36,9.52,9.22,9.35
2013-04-11,9.35,9.48,9.13,9.15
2013-04-12,9.04,9.25,8.98,9.08
2013-04-15,8.92,9.07,8.71,8.83
2013-04-16,8.65,9.05,8.53,9.0
2013-04-17,9.11,9.38,9.02,9.3
2013-04-18,9.23,9.62,9.15,9.49
2013-04-19,9.4,9.61,9.33,9.49
2013-04-22,9.46,9.93,9.36,9.61
2013-04-23,9.5,9.58,9.06,9.09
2013-04-24,9.01,9.73,8.98,9.69
2013-04-25,9.61,9.9,9.45,9.47
2013-04-26,9.42,9.85,9.32,9.76
2013-05-02,9.68,10.24,9.61,10.15
2013-05-03,10.07,10.86,10.01,10.44
2013-05-06,10.35,10.8,10.28,10.33
2013-05-07,10.3,10.57,10.05,10.15
2013-05-08,10.24,11.15,10.08,10.82
2013-05-09,10.65,11.08,10.51,10.99
2013-05-10,10.8,10.95,10.4,10.59
2013-05-13,10.5,10.88,10.39,10.8
2013-05-14,10.77,10.77,10.05,10.06
2013-05-15,10.07,10.29,10.05,10.27
2013-05-16,10.25,10.47,10.08,10.31
2013-05-17,10.28,10.6,10.18,10.49
2013-05-20,10.49,11.05,10.49,10.92
2013-05-21,10.81,11.4,10.75,11.34
2013-05-22,11.34,11.4,10.68,10.8
2013-05-23,10.79,11.07,10.62,10.67
2013-05-24,11.3,11.74,11.3,11.7
2013-05-27,11.58,12.0,11.46,11.85
2013-05-28,11.69,11.75,11.13,11.3
2013-05-29,11.2,11.62,11.17,11.62
2013-05-30,11.5,11.92,11.44,11.74
2013-05-31,11.68,12.1,11.4,11.45
2013-06-03,11.35,11.55,11.15,11.34
2013-06-04,11.3,11.66,10.8,11.16
2013-06-05,11.16,11.69,10.89,11.69
2013-06-06,11.5,11.97,11.28,11.76
2013-06-07,11.64,11.92,11.18,11.18
2013-06-13,10.74,10.74,10.06,10.17
2013-06-14,10.22,11.19,10.17,11.19
2013-06-17,11.29,12.1,11.25,11.54
2013-06-18,11.65,12.69,11.38,12.69
2013-06-19,12.8,13.18,12.38,12.95
2013-06-20,12.55,12.87,11.88,12.11
2013-06-21,11.71,13.32,11.42,13.32
2013-06-24,13.2,13.87,12.5,13.2
2013-06-25,13.18,14.52,12.26,14.52
2013-06-26,14.53,15.96,14.25,15.32
2013-06-27,15.25,15.99,14.85,15.04
2013-06-28,14.5,15.6,14.05,14.46
2013-07-01,14.2,15.91,14.1,15.91
2013-07-02,16.45,16.47,15.5,15.7
2013-07-03,15.39,17.08,15.25,16.52
2013-07-04,16.25,16.45,15.56,15.77
2013-07-05,15.38,16.51,15.2,15.21
2013-07-08,14.5,15.16,13.8,14.18
2013-07-09,14.4,15.06,14.22,14.8
2013-07-10,14.72,15.6,14.5,15.13
2013-07-11,14.9,15.26,14.31,15.12
2013-07-12,15.1,16.35,15.0,15.87
2013-07-15,15.96,16.95,15.95,16.59
2013-07-16,16.61,16.67,15.9,16.37
2013-07-17,16.5,17.17,16.37,16.94
2013-07-18,17.1,18.53,16.86,17.97
2013-07-19,17.97,18.8,17.4,17.4
2013-07-22,17.2,18.29,17.15,17.9
2013-07-23,18.25,18.88,17.83,18.48
2013-07-24,18.26,18.73,17.93,18.31
2013-07-25,18.3,18.3,16.48,16.48
2013-07-26,16.38,18.13,16.32,18.13
2013-07-29,18.15,18.15,17.0,17.13
2013-07-30,16.9,17.39,15.42,15.96
2013-07-31,15.89,16.49,15.5,15.83
2013-08-01,15.73,16.88,15.7,16.58
2013-08-02,16.5,16.94,16.2,16.59
2013-08-05,16.44,16.69,16.1,16.35
2013-08-06,16.38,17.38,16.38,17.18
2013-08-07,17.29,17.47,16.47,16.6
2013-08-08,16.36,16.58,15.91,16.06
2013-08-09,16.28,16.37,15.24,15.78
2013-08-12,15.56,15.78,15.0,15.56
2013-08-13,15.5,16.16,15.4,15.94
2013-08-14,16.05,16.61,15.73,16.39
2013-08-15,16.4,17.23,16.11,16.83
2013-08-16,16.51,16.6,15.52,15.66
2013-08-19,15.51,16.43,15.3,16.26
2013-08-20,16.28,16.98,16.28,16.98
2013-08-21,17.08,17.09,16.6,16.98
2013-08-22,17.15,17.94,17.02,17.45
2013-08-23,17.4,18.24,17.2,17.89
2013-08-26,17.81,18.37,17.58,17.9
2013-08-27,17.75,19.38,17.2,18.6
2013-08-28,18.23,20.46,18.1,20.24
2013-08-29,21.38,22.26,21.0,22.26
2013-08-30,23.0,23.77,20.6,21.05
2013-09-02,20.8,23.16,20.8,23.16
2013-09-03,23.8,25.48,23.18,24.6
2013-09-04,23.81,27.06,23.5,27.06
2013-09-05,27.2,29.77,27.06,29.77
2013-09-10,32.75,32.75,29.0,32.09
2013-09-11,31.1,32.4,29.45,31.0
2013-09-12,30.72,33.86,29.46,29.9
2013-09-13,29.16,31.19,27.11,30.18
2013-09-16,29.09,32.47,29.04,30.93
2013-09-17,31.01,32.09,29.13,29.28
2013-09-18,28.68,29.6,27.49,28.25
2013-09-23,28.1,30.29,28.03,30.1
2013-09-24,30.13,31.55,29.53,30.45
2013-09-25,30.0,31.37,29.18,31.29
2013-09-26,31.15,33.09,30.0,30.01
2013-09-27,29.61,30.98,29.01,30.55
2013-09-30,30.01,33.18,30.01,32.89
2013-10-08,33.15,35.68,32.81,33.44
2013-10-09,32.71,35.68,32.71,34.71
2013-10-10,34.4,34.6,31.39,31.83
2013-10-11,31.66,32.49,29.2,30.8
2013-10-14,30.55,32.07,29.36,31.69
2013-10-15,31.5,32.06,29.75,29.99
2013-10-16,30.3,30.41,26.99,26.99
2013-10-17,26.3,26.9,24.59,24.78
2013-10-18,24.48,25.75,24.48,25.22
2013-10-21,25.3,26.2,24.71,25.94
2013-10-22,25.93,26.59,23.61,23.76
2013-10-23,23.68,25.88,22.68,25.22
2013-10-24,24.8,25.27,24.02,24.28
2013-10-25,24.28,24.96,23.2,24.63
2013-10-28,24.32,25.22,24.09,24.97
2013-10-29,24.98,25.7,23.7,25.6
2013-10-30,25.2,26.45,25.1,25.89
2013-10-31,25.52,25.74,23.3,23.3
2013-11-01,22.74,22.74,20.97,21.05
2013-11-04,20.55,21.32,20.27,20.68
2013-11-05,20.57,21.55,20.43,21.36
2013-11-06,21.16,21.84,20.72,20.72
2013-11-07,20.57,21.4,20.1,20.77
2013-11-08,20.5,21.25,20.2,20.71
2013-11-11,20.37,20.79,19.48,19.6
2013-11-12,19.61,20.05,19.01,19.86
2013-11-13,19.66,20.42,19.53,19.89
2013-11-14,19.61,20.87,19.32,20.71
2013-11-15,20.59,21.64,20.53,20.93
2013-11-18,20.96,21.75,20.71,21.63
2013-11-19,21.9,22.49,21.71,22.2
2013-11-20,22.06,22.36,21.7,22.2
2013-11-21,22.4,23.28,22.05,23.15
2013-11-22,23.48,24.49,22.76,24.06
2013-11-25,23.75,24.18,23.17,23.46
2013-11-26,23.33,23.6,22.45,22.63
2013-11-27,22.76,23.8,22.76,23.41
2013-11-28,23.5,23.98,23.0,23.03
2013-11-29,23.16,24.17,23.15,24.04
2013-12-02,22.99,22.99,21.64,21.64
2013-12-03,20.56,22.3,19.48,22.02
2013-12-04,21.52,22.44,21.52,21.86
2013-12-05,22.2,22.5,21.29,21.3
2013-12-06,20.99,21.14,20.52,20.57
2013-12-09,20.6,21.19,20.52,21.04
2013-12-10,21.04,21.18,20.64,20.7
2013-12-11,20.52,21.15,20.52,20.76
2013-12-12,20.67,22.29,20.67,21.9
2013-12-13,21.62,21.87,21.47,21.62
2013-12-16,21.7,22.32,21.62,21.97
2013-12-17,21.9,22.23,20.8,21.13
2013-12-18,22.35,23.24,21.95,21.97
2013-12-19,21.83,22.31,21.51,21.6
2013-12-20,21.5,21.85,20.84,20.95
2013-12-23,20.88,20.9,19.01,19.7
2013-12-24,19.7,20.3,19.56,20.06
2013-12-25,20.04,20.96,19.81,20.94
2013-12-26,20.82,20.82,19.97,19.98
2013-12-27,19.97,20.46,19.9,20.26
2013-12-30,20.47,20.68,20.31,20.4
2013-12-31,20.41,20.41,19.53,19.74
2014-01-02,19.66,20.62,19.25,20.43
2014-01-03,20.43,22.47,20.31,22.47
2014-01-06,23.15,23.88,22.7,23.45
2014-01-07,23.29,24.55,22.81,24.24
2014-01-08,24.0,25.0,23.41,24.3
2014-01-09,24.52,25.97,23.79,23.85
2014-01-10,24.25,25.6,23.97,24.9
2014-01-13,25.22,25.96,24.6,25.78
2014-01-14,25.83,25.84,24.58,25.36
2014-01-15,25.09,26.1,24.81,25.23
2014-01-16,25.4,25.4,23.86,23.94
2014-01-17,24.1,24.77,23.98,24.11
2014-01-20,24.6,25.6,24.59,25.6
2014-01-21,25.34,28.16,24.76,28.16
2014-01-22,27.9,30.11,27.47,28.71
2014-01-23,28.37,29.46,28.22,28.8
2014-01-24,28.64,30.4,28.3,29.3
2014-01-27,29.0,29.83,28.61,28.81
2014-01-28,28.65,29.18,27.39,27.9
2014-01-29,28.07,29.75,28.07,29.64
2014-01-30,29.5,30.2,28.9,28.98
2014-02-07,28.66,29.6,27.88,29.6
2014-02-10,29.5,30.85,29.11,29.92
2014-02-11,29.52,29.95,28.22,28.73
2014-02-12,28.62,28.7,27.89,27.94
2014-02-13,28.0,28.69,27.16,27.36
2014-05-20,17.56,18.4,17.56,17.56
2014-05-21,16.35,17.49,16.3,16.9
2014-05-22,16.87,17.42,16.7,16.99
2014-05-23,16.95,17.18,16.41,17.17
2014-05-26,17.06,17.84,16.97,17.78
2014-05-27,17.65,17.71,17.29,17.44
2014-05-28,17.53,18.1,17.53,17.93
2014-05-29,17.94,18.15,17.38,17.39
2014-05-30,17.38,17.75,17.3,17.57
2014-06-03,17.58,17.79,17.41,17.61
2014-06-04,17.56,17.67,16.82,16.94
2014-06-05,17.0,17.88,16.95,17.78
2014-06-06,17.85,17.85,17.36,17.57
2014-06-09,17.59,17.87,17.44,17.46
2014-06-10,17.55,17.68,16.9,17.62
2014-06-11,17.52,17.79,17.37,17.59
2014-06-12,17.6,17.7,17.48,17.5
2014-06-13,17.35,17.74,17.27,17.61
2014-06-16,17.65,19.33,17.63,18.88
2014-06-17,18.68,18.85,18.32,18.35
2014-06-18,18.27,18.75,17.85,17.85
2014-06-19,17.9,18.36,16.9,17.47
2014-06-20,17.65,17.77,17.2,17.59
2014-06-23,17.66,18.64,17.65,18.4
2014-06-24,18.38,18.44,18.07,18.24
2014-06-25,18.32,18.53,18.1,18.23
2014-06-26,18.19,18.84,18.19,18.66
2014-06-27,18.8,19.29,18.63,19.12
2014-06-30,19.08,19.23,18.62,18.84
2014-07-01,18.82,19.06,18.5,18.84
2014-07-02,18.78,20.36,18.45,20.06
2014-07-03,19.78,21.18,19.65,20.5
2014-07-04,20.51,20.94,19.96,20.34
2014-07-07,20.57,20.96,20.38,20.75
2014-07-08,20.55,20.78,19.97,20.45
2014-07-09,20.3,20.3,19.45,19.45
2014-07-10,19.59,19.7,19.1,19.45
2014-07-11,19.3,19.58,19.18,19.4
2014-07-14,19.68,20.22,19.45,19.61
2014-07-15,19.61,19.79,18.6,18.73
2014-07-16,18.74,18.99,18.03,18.05
2014-07-17,18.25,18.67,18.1,18.29
2014-07-18,18.32,18.32,18.06,18.15
2014-07-21,18.15,18.28,17.44,17.58
2014-07-22,17.57,18.03,17.48,17.87
2014-07-23,17.9,18.05,17.38,17.4
2014-07-24,17.41,17.6,16.72,17.0
2014-07-25,17.06,17.4,16.93,17.34
2014-07-28,17.29,18.05,17.27,18.0
2014-07-29,18.05,18.3,17.77,17.97
2014-07-30,17.97,18.28,17.88,18.26
2014-07-31,18.26,18.46,18.21,18.3
2014-08-01,18.18,18.3,17.63,17.64
2014-08-04,17.72,17.81,17.45,17.68
2014-08-05,17.69,18.23,17.58,18.14
2014-08-06,18.14,18.59,18.02,18.48
2014-08-07,18.46,18.71,18.19,18.28
2014-08-08,18.33,18.93,18.2,18.71
2014-08-11,18.8,19.02,18.62,19.02
2014-08-12,19.03,19.1,18.82,19.0
2014-08-13,19.0,19.04,18.32,18.62
2014-08-14,18.56,19.3,18.45,19.12
2014-08-15,19.11,19.35,18.94,19.29
2014-08-18,19.33,20.65,19.26,20.06
2014-08-19,20.26,20.65,19.84,20.01
2014-08-20,20.01,20.2,19.37,19.5
2014-08-21,19.39,20.06,19.38,20.05
2014-08-22,20.18,21.45,20.08,20.85
2014-08-25,20.7,20.87,20.12,20.4
2014-08-26,20.3,20.6,19.82,20.0
2014-08-27,20.1,20.86,20.09,20.6
2014-08-28,20.55,20.55,19.7,19.73
2014-08-29,19.8,19.93,19.5,19.83
2014-09-01,19.82,20.44,19.79,20.29
2014-09-02,20.52,22.32,20.52,22.32
2014-09-03,23.82,24.55,23.34,24.55
2014-09-04,24.87,25.74,24.55,25.51
2014-09-05,25.0,25.3,24.41,24.63
2014-09-09,24.95,25.25,24.29,24.65
2014-09-10,24.6,24.6,23.88,24.32
2014-09-18,23.7,23.7,22.75,23.08
2014-09-19,22.99,23.45,22.6,23.25
2014-09-22,23.15,23.15,22.34,22.81
2014-09-23,22.69,23.1,22.2,23.08
2014-09-24,22.9,23.35,22.78,22.94
2014-09-25,22.97,23.47,22.88,23.15
2014-09-26,23.1,23.14,22.6,22.62
2014-09-29,22.69,22.94,22.6,22.73
2014-09-30,23.19,23.46,22.91,23.1
2014-10-09,23.88,24.6,23.5,23.68
2014-10-10,23.35,23.35,22.81,22.84
2014-10-13,22.6,22.6,22.22,22.41
2014-10-14,22.38,22.78,22.37,22.52
2014-10-15,22.55,22.69,21.86,21.98
2014-10-16,21.86,21.97,21.08,21.28
2014-10-17,21.19,21.5,20.65,21.05
2014-10-20,21.22,21.96,21.13,21.94
2014-10-21,21.94,22.01,21.49,21.65
2014-10-22,21.65,21.93,21.52,21.76
2014-10-23,21.67,21.9,21.41,21.65
2014-10-24,21.67,22.04,21.51,21.8
2014-10-27,21.87,21.87,21.18,21.35
2014-10-28,21.49,21.85,21.32,21.83
2014-10-29,21.85,22.47,21.85,22.3
2014-10-30,22.35,22.57,22.13,22.2
2014-10-31,22.0,22.3,21.5,21.59
2014-11-03,21.71,21.97,21.56,21.85
2014-11-04,21.88,22.19,21.73,22.11
2014-11-05,22.02,22.13,21.61,21.65
2014-11-06,21.69,21.97,21.67,21.82
2014-11-07,21.89,22.29,21.68,21.81
2014-11-10,21.79,21.9,21.25,21.4
2014-11-11,21.58,21.58,19.7,19.9
2014-11-12,19.9,20.09,19.72,19.95
2014-11-13,19.91,19.93,18.04,18.7
2014-11-14,18.72,19.2,18.72,18.82
2014-11-17,18.82,19.58,18.6,19.35
2014-11-18,19.26,19.96,19.26,19.8
2014-11-19,19.92,20.2,19.74,19.85
2014-11-20,19.86,19.99,19.38,19.42
2014-11-21,19.65,20.0,19.62,19.84
2014-11-24,19.85,20.36,19.84,20.22
2014-11-25,20.25,21.03,20.25,20.95
2014-11-26,20.99,21.08,20.42,20.66
2014-11-27,20.67,20.92,20.16,20.35
2014-11-28,20.37,20.79,20.2,20.38
2014-12-01,20.4,20.58,18.39,19.58
2014-12-02,19.57,19.95,19.45,19.66
2014-12-03,19.68,20.13,19.18,20.12
2014-12-04,20.12,20.49,20.01,20.3
2014-12-05,20.3,20.44,19.21,19.5
2014-12-08,19.4,19.79,18.93,19.12
2014-12-09,19.1,19.11,17.9,17.9
2014-12-10,18.0,18.87,18.0,18.86
2014-12-11,18.9,19.37,18.77,18.94
2014-12-12,18.99,19.25,18.75,19.25
2014-12-15,19.26,19.88,19.09,19.75
2014-12-16,19.78,19.89,19.32,19.37
2014-12-17,19.31,19.31,18.68,18.86
2014-12-18,18.89,19.2,18.6,18.81
2014-12-19,18.82,18.88,18.11,18.32
2014-12-22,18.32,18.38,17.09,17.33
2014-12-23,17.33,17.87,17.33,17.43
2014-12-24,17.69,17.69,17.38,17.65
2014-12-25,17.7,17.92,17.5,17.78
2014-12-26,17.77,17.93,17.59,17.84
2014-12-29,17.84,17.88,17.04,17.17
2014-12-30,17.25,17.34,16.61,16.77
2014-12-31,16.77,17.04,16.66,16.79
2015-01-05,17.1,17.28,16.73,17.19
2015-01-06,17.0,18.18,17.0,18.08
2015-01-07,18.19,18.19,17.81,17.91
2015-01-08,17.91,18.23,17.83,17.95
2015-01-09,18.13,18.48,17.95,18.2
2015-04-20,20.02,20.02,20.02,20.02
2015-04-21,22.02,22.02,22.02,22.02
2015-04-22,24.22,24.22,24.22,24.22
2015-04-23,26.64,26.64,26.64,26.64
2015-04-24,29.3,29.3,29.3,29.3
2015-04-27,32.23,32.23,32.23,32.23
2015-04-28,35.45,35.45,35.45,35.45
2015-04-29,39.0,39.0,36.51,39.0
2015-04-30,41.0,42.9,40.58,42.9
2015-05-04,47.19,47.19,46.01,47.19
2015-05-05,46.7,46.85,43.63,44.6
2015-05-06,40.14,43.5,40.14,40.14
2015-05-07,38.22,41.24,37.49,40.15
2015-05-08,41.0,42.65,40.0,41.07
2015-05-11,40.04,45.18,39.86,45.18
2015-05-12,47.0,49.7,46.5,49.7
2015-05-13,49.3,54.67,48.5,54.67
2015-05-14,57.0,60.13,51.8,51.98
2015-05-15,50.06,57.18,49.01,57.18
2015-05-18,58.0,62.9,57.26,62.9
2015-05-19,65.0,68.9,61.5,67.7
2015-05-20,67.87,70.0,65.01,65.57
2015-05-21,64.0,70.0,63.52,66.6
2015-05-22,66.67,68.0,61.0,63.13
2015-05-25,61.06,65.97,59.85,63.3
2015-05-26,63.1,65.0,62.0,63.92
2015-05-27,63.98,64.59,60.29,60.78
2015-05-28,60.7,61.78,56.68,56.88
2015-05-29,56.89,59.0,54.5,56.99
2015-06-01,56.99,62.69,56.76,62.69
2015-06-02,64.6,65.0,60.72,62.78
2015-06-03,61.6,63.0,60.08,61.0
2015-06-04,60.78,62.95,58.0,62.45
2015-06-05,64.08,64.99,60.01,60.77
2015-06-08,59.29,59.3,55.0,55.15
2015-06-09,54.22,56.46,53.5,54.99
2015-06-10,55.65,59.9,54.8,58.1
2015-06-11,58.15,59.79,56.98,57.45
2015-06-12,61.5,63.2,61.49,63.2
2015-06-15,68.8,68.85,61.93,62.5
2015-06-16,60.0,60.0,56.3,56.91
2015-06-17,56.8,58.08,52.8,57.65
2015-06-18,57.66,57.66,53.0,53.09
2015-06-19,50.05,52.15,47.78,47.78
2015-06-23,47.02,49.9,43.68,48.51
2015-06-24,48.52,49.98,47.55,49.01
2015-06-25,49.63,49.99,44.81,45.45
2015-06-26,46.0,49.95,41.21,44.6
2015-06-29,46.29,47.6,40.79,44.16
2015-06-30,44.06,48.58,39.8,48.57
2015-07-01,47.8,50.99,44.3,45.57
2015-07-02,46.66,46.7,41.01,41.01
2015-07-03,37.68,42.0,36.91,36.91
2015-07-06,40.58,40.58,33.22,33.22
2015-07-07,30.1,32.0,29.9,29.9
2015-07-13,32.89,32.89,32.89,32.89
2015-07-14,36.18,36.18,36.18,36.18
2015-07-15,39.8,39.8,33.54,33.55
2015-07-16,31.0,35.48,30.66,34.47
2015-07-17,34.51,37.92,34.51,37.92
2015-07-20,38.5,40.77,38.0,40.16
2015-07-21,39.17,40.87,38.6,39.47
2015-07-22,39.3,40.64,38.68,39.61
2015-07-23,39.75,41.25,39.02,40.96
2015-07-24,41.01,44.81,41.01,43.07
2015-07-27,42.0,43.55,38.76,38.76
2015-07-28,34.89,38.75,34.88,34.88
2015-07-29,35.55,37.63,31.9,37.46
2015-07-30,36.96,37.68,34.46,34.47
2015-07-31,34.46,35.45,32.8,33.78
2015-08-03,32.36,33.5,30.4,30.87
2015-08-04,31.0,33.96,31.0,33.96
2015-08-05,34.0,34.98,33.02,33.63
2015-08-06,32.0,33.49,31.31,32.6
2015-08-07,33.14,35.86,33.14,35.86
2015-08-10,37.0,39.35,35.71,38.72
2015-08-11,38.08,40.49,37.88,38.65
2015-08-12,37.6,38.8,37.0,37.02
2015-08-13,36.97,39.39,36.3,39.35
2015-08-14,39.2,39.9,38.18,38.41
2015-08-17,38.44,39.22,38.08,39.0
2015-08-18,39.01,40.98,35.1,35.1
2015-08-19,34.0,38.61,32.11,38.61
2015-08-20,38.74,40.43,38.0,38.6
2015-08-21,37.0,37.86,34.9,34.95
2015-08-24,33.0,33.48,31.46,31.46
2015-08-25,28.31,29.0,28.31,28.31
2015-08-26,28.6,29.0,25.48,25.48
2015-08-27,26.09,27.09,22.95,25.81
2015-08-28,26.3,28.35,25.91,28.33
2015-08-31,28.25,28.3,25.5,25.5
2015-09-01,25.4,25.4,22.95,22.95
2015-09-02,21.0,24.4,20.66,20.67
2015-09-07,21.44,22.63,21.3,21.9
2015-09-08,21.66,24.09,21.32,24.09
2015-09-09,24.5,25.96,24.19,25.78
2015-09-10,24.98,25.47,24.62,24.74
2015-09-11,24.71,25.69,24.71,25.38
2015-09-14,25.29,25.59,22.84,22.84
2015-09-15,21.6,22.35,20.56,20.56
2015-09-16,20.66,22.62,20.66,22.62
2015-09-17,23.07,24.35,22.72,22.98
2015-09-18,23.26,24.72,23.0,24.09
2015-09-21,23.4,25.84,23.1,25.83
2015-09-22,25.89,26.05,24.81,25.35
2015-09-23,24.67,27.18,24.59,26.28
2015-09-24,26.28,27.38,25.74,26.1
2015-09-25,25.94,26.06,23.81,24.08
2015-09-28,24.21,25.87,23.85,25.76
2015-09-29,25.01,26.6,24.88,26.13
2015-09-30,26.2,28.74,24.9,26.9
2015-10-08,28.48,29.12,27.52,28.39
2015-10-09,28.34,28.97,28.1,28.42
2015-10-12,28.9,30.48,28.55,29.81
2015-10-13,29.35,30.32,29.25,30.03
2015-10-14,29.7,30.05,28.7,28.78
2015-10-22,31.66,31.66,31.01,31.66
2015-10-23,34.83,34.83,34.83,34.83
2015-10-26,38.31,38.31,35.18,37.05
2015-10-27,36.15,38.0,34.0,37.2
2015-10-28,36.5,36.98,34.44,34.82
2015-10-29,34.99,35.95,34.25,35.04
2015-10-30,35.95,38.54,35.19,38.54
2015-11-02,36.0,38.4,35.28,35.5
2015-11-03,35.17,35.95,34.31,34.79
2015-11-04,35.01,37.11,34.68,36.97
2015-11-05,36.49,37.06,34.52,35.99
2015-11-06,35.95,37.99,35.82,37.41
2015-11-09,36.93,40.81,36.61,40.19
2015-11-10,39.96,40.5,38.4,39.61
2015-11-11,39.35,43.57,39.35,43.46
2015-11-12,43.0,43.29,41.61,42.3
2015-11-13,41.76,41.96,38.88,39.69
2015-11-16,38.5,40.88,38.35,40.45
2015-11-17,41.06,41.8,38.4,38.4
2015-11-18,38.4,39.4,37.63,37.83
2015-11-19,38.15,39.86,38.1,39.76
2015-11-20,40.0,41.2,38.84,40.33
2015-11-23,40.37,40.74,38.92,39.05
2015-11-24,38.73,40.43,38.4,40.16
2015-11-25,40.6,41.6,39.68,41.33
2015-11-26,41.46,41.7,39.65,39.88
2015-11-27,39.17,39.47,35.9,36.06
2015-11-30,36.3,36.66,32.6,35.81
2015-12-01,35.2,36.55,35.1,35.9
2015-12-02,35.6,35.8,33.0,34.46
2015-12-03,34.73,35.86,34.7,35.75
2015-12-04,35.8,37.18,35.6,36.08
2015-12-07,36.5,38.97,36.3,38.85
2015-12-08,38.35,39.58,37.25,38.67
2015-12-09,38.25,40.6,37.0,39.43
2015-12-10,39.18,40.22,38.8,39.32
2015-12-11,39.26,39.26,37.6,37.75
2015-12-14,37.25,39.87,36.9,39.72
2015-12-15,40.0,40.91,39.49,40.15
2015-12-16,40.5,41.3,39.8,40.88
2015-12-17,41.0,41.4,40.39,41.31
2015-12-18,41.31,41.45,40.05,40.37
2015-12-21,40.0,40.1,39.0,39.48
2015-12-22,39.51,42.0,39.5,41.79
2015-12-23,41.79,41.79,39.82,39.85
2015-12-24,39.5,39.73,38.6,39.55
2015-12-25,39.51,40.68,39.05,39.62
2015-12-28,39.75,40.94,38.95,38.95
2015-12-29,38.88,39.18,37.5,38.77
2015-12-30,38.8,39.95,38.38,39.51
2015-12-31,39.43,40.3,38.66,38.9
2016-01-04,38.6,38.73,35.01,35.01
2016-01-05,33.0,35.01,31.51,32.12
2016-01-06,32.8,33.18,31.7,32.83
2016-02-01,29.55,29.55,29.55,29.55
2016-02-02,26.6,29.48,26.6,27.99
2016-02-03,26.65,27.49,25.93,27.2
2016-02-04,27.4,28.45,27.0,27.51
2016-02-05,27.48,27.55,26.37,26.38
2016-02-15,24.87,26.5,24.05,26.2
2016-02-16,26.37,27.87,26.37,27.77
2016-02-17,27.89,28.47,27.42,28.37
2016-02-18,28.81,28.96,28.01,28.23
2016-02-19,27.99,29.48,27.83,28.94
2016-02-22,29.31,29.76,28.98,29.53
2016-02-23,29.61,30.38,29.02,29.81
2016-02-24,29.69,30.17,28.49,29.44
2016-02-25,29.67,29.69,26.5,26.5
2016-02-26,27.75,28.18,26.5,27.22
2016-02-29,26.9,26.9,24.5,25.5
2016-03-01,25.3,25.9,23.01,25.34
2016-03-02,25.3,26.75,24.95,26.65
2016-03-03,26.42,27.38,26.36,26.49
2016-03-04,26.34,26.7,24.6,24.91
2016-03-07,25.18,26.3,25.18,25.79
2016-03-08,25.35,26.18,23.98,26.09
2016-03-09,25.48,26.3,25.0,25.59
2016-03-10,25.8,26.01,25.04,25.23
2016-03-11,25.0,25.39,24.56,24.95
2016-03-14,25.44,26.66,25.44,26.32
2016-03-15,26.08,26.42,25.72,25.74
2016-03-16,25.95,26.19,25.13,25.57
2016-03-17,25.69,26.98,25.62,26.8
2016-03-18,27.18,28.93,27.02,28.57
2016-03-21,29.1,29.35,28.62,29.15
2016-03-22,29.04,31.09,28.71,29.93
2016-03-23,30.9,32.92,30.69,32.92
2016-03-24,34.3,36.21,33.91,35.57
2016-03-25,35.82,36.18,32.95,33.91
2016-03-28,34.03,35.58,33.92,34.0
2016-03-29,16.97,16.97,15.58,16.56
2016-03-30,16.71,17.38,16.55,17.18
2016-03-31,16.96,17.27,16.6,16.67
2016-04-01,16.44,16.44,15.41,15.74
2016-04-05,15.7,16.45,15.65,16.24
2016-04-06,16.22,16.52,15.93,16.36
2016-04-07,16.3,16.32,15.6,15.66
2016-04-08,15.48,15.55,15.2,15.46
2016-04-11,15.68,16.48,15.66,16.09
2016-04-12,16.09,16.09,15.45,15.7
2016-04-13,15.8,16.33,15.79,15.89
2016-04-14,16.01,16.14,15.73,16.04
2016-04-15,16.07,16.08,15.6,15.75
2016-04-18,15.64,15.64,15.3,15.36
2016-04-19,15.43,15.61,15.33,15.46
2016-04-20,15.56,15.62,14.0,14.19
2016-04-21,14.09,14.12,13.69,13.7
2016-04-22,13.5,14.23,13.38,14.22
2016-04-25,14.25,14.27,13.71,13.96
2016-04-26,13.92,14.23,13.92,14.18
2016-04-27,14.19,14.27,13.86,13.94
2016-04-28,14.07,14.48,13.92,14.28
2016-04-29,14.1,14.25,13.95,14.04
2016-05-03,14.13,14.55,13.94,14.5
2016-05-04,14.38,14.88,14.3,14.59
2016-05-05,14.55,14.78,14.4,14.71
2016-05-06,14.73,14.8,13.86,13.88
2016-05-09,13.69,13.72,13.06,13.3
2016-05-10,13.3,13.48,13.14,13.2
2016-05-11,13.32,13.36,12.94,12.95
2016-05-12,12.79,12.86,12.37,12.81
2016-05-13,12.78,12.98,12.55,12.68
2016-05-16,12.68,12.92,12.61,12.91
2016-05-17,12.97,13.55,12.92,13.29
2016-05-18,13.1,13.16,12.43,12.73
2016-05-19,12.72,13.53,12.68,13.25
2016-05-20,13.12,13.83,12.93,13.68
2016-05-23,13.68,13.76,13.51,13.68
2016-05-24,13.54,13.6,13.1,13.24
2016-05-25,13.36,13.55,13.1,13.16
2016-05-26,13.15,13.32,12.77,13.3
2016-05-27,13.3,13.37,13.16,13.2
2016-05-30,13.0,13.2,12.75,13.06
2016-05-31,13.0,14.17,13.0,14.03
2016-06-01,14.1,14.15,13.9,13.94
2016-06-02,13.94,14.17,13.81,14.17
2016-06-03,14.17,14.35,13.9,14.1
2016-06-06,14.18,14.28,13.85,14.0
2016-06-07,14.05,14.08,13.83,14.0
2016-06-08,14.04,14.1,13.76,13.93
2016-06-13,13.68,13.75,12.82,12.84
2016-06-14,12.7,12.93,12.65,12.77
2016-06-15,12.62,13.3,12.52,13.15
2016-06-16,13.07,13.14,12.8,12.86
2016-06-17,12.92,13.26,12.9,12.98
2016-06-20,12.92,13.07,12.68,12.95
2016-06-21,13.03,13.2,12.74,12.8
2016-06-22,12.88,13.3,12.76,13.25
2016-06-23,13.26,13.68,13.15,13.53
2016-06-24,13.43,13.55,12.76,13.16
2016-06-27,13.02,13.67,12.99,13.64
2016-06-28,13.52,13.92,13.4,13.81
2016-06-29,13.95,13.95,13.59,13.66
2016-06-30,13.73,13.89,13.58,13.83
2016-07-01,13.88,13.95,13.54,13.59
2016-07-04,13.51,13.88,13.43,13.83
2016-07-05,13.85,13.93,13.61,13.8
2016-07-06,13.82,14.07,13.75,13.92
2016-07-07,13.9,13.91,13.56,13.74
2016-07-08,13.74,14.38,13.66,14.13
2016-07-11,14.14,14.34,13.86,13.9
2016-07-12,13.85,13.99,13.61,13.99
2016-07-13,13.98,14.43,13.93,14.38
2016-07-14,14.35,14.8,14.13,14.57
2016-07-15,14.48,14.49,14.18,14.2
2016-07-18,14.19,14.31,13.95,14.13
2016-07-19,14.18,14.56,14.11,14.55
2016-07-20,14.54,14.68,14.35,14.43
2016-07-21,14.43,15.84,14.43,15.27
2016-07-22,15.16,15.5,15.0,15.1
2016-07-25,15.1,15.39,14.85,15.2
2016-07-26,15.12,15.29,15.05,15.25
2016-07-27,15.2,15.34,14.0,14.14
2016-07-28,14.16,14.25,13.28,13.71
2016-07-29,13.68,13.78,13.28,13.38
2016-08-01,13.27,13.44,12.82,13.27
2016-08-02,13.25,13.41,13.13,13.35
2016-08-03,13.34,13.38,13.2,13.27
2016-08-04,13.26,13.44,13.26,13.38
2016-08-05,13.4,13.42,13.11,13.15
2016-08-08,13.16,13.35,13.03,13.32
2016-08-09,13.29,13.51,13.23,13.51
2016-08-10,13.37,13.37,13.37,13.37
2016-08-11,13.3,13.41,13.15,13.18
2016-08-12,13.16,13.32,13.09,13.3
2016-08-15,13.38,13.83,13.2,13.74
2016-08-16,13.75,13.83,13.65,13.68
2016-08-17,13.74,13.83,13.64,13.77
2016-08-18,13.76,13.78,13.55,13.6
2016-08-19,13.66,13.86,13.59,13.73
2016-08-22,13.81,13.9,13.46,13.47
2016-08-23,13.42,13.64,13.4,13.56
2016-08-24,13.62,13.75,13.53,13.6
2016-08-25,13.52,13.55,13.15,13.31
2016-08-26,13.39,13.48,13.27,13.31
2016-08-29,13.26,13.38,13.24,13.25
2016-08-30,13.28,13.56,13.2,13.4
2016-08-31,13.44,13.6,13.27,13.49
2016-09-01,13.52,13.54,13.41,13.42
2016-09-02,13.32,13.47,13.32,13.37
2016-09-05,13.34,13.47,13.32,13.35
2016-09-06,13.34,13.7,13.2,13.68
2016-09-07,13.64,13.76,13.5,13.54
2016-09-08,13.56,13.76,13.56,13.73
2016-09-09,13.76,13.88,13.6,13.67
2016-09-12,13.41,13.42,13.0,13.02
2016-09-13,13.12,13.19,13.03,13.05
2016-09-14,13.0,13.15,12.94,13.1
2016-09-19,13.13,13.27,13.08,13.15
2016-09-20,13.15,13.23,13.07,13.1
2016-09-21,13.1,13.14,13.04,13.09
2016-09-22,13.22,13.23,13.06,13.07
2016-09-23,13.08,13.14,12.98,13.0
2016-09-26,13.03,13.13,12.83,12.83
2016-09-27,12.73,12.99,12.73,12.94
2016-09-28,13.01,13.01,12.85,12.86
2016-09-29,12.89,13.08,12.86,13.0
2016-09-30,12.93,13.07,12.93,13.01
2016-10-10,13.1,13.47,13.1,13.39
2016-10-11,13.43,13.45,13.33,13.36
2016-10-12,13.35,13.41,13.28,13.34
2016-10-13,13.38,13.42,13.3,13.33
2016-10-14,13.29,13.33,13.1,13.23
2016-10-17,13.23,13.37,13.12,13.18
2016-10-18,13.32,13.74,13.22,13.61
2016-10-19,13.69,13.83,13.53,13.61
2016-10-20,13.56,13.68,13.52,13.59
2016-10-21,13.63,13.69,13.39,13.5
2016-10-24,13.5,13.65,13.46,13.55
2016-10-25,13.57,13.66,13.5,13.52
2016-10-26,13.6,13.6,13.21,13.24
2016-10-27,13.23,13.38,13.2,13.32
2016-10-28,13.3,13.35,13.01,13.08
2016-10-31,13.02,13.13,12.96,13.09
2016-11-01,13.14,13.15,13.01,13.13
2016-11-02,13.09,13.09,12.97,12.98
2016-11-03,12.95,13.15,12.91,13.04
2016-11-04,13.04,13.18,12.96,13.01
2016-11-07,13.0,13.0,12.86,12.94
2016-11-08,12.99,13.14,12.99,13.08
2016-11-09,13.1,13.13,12.83,12.92
2016-11-10,13.07,13.12,13.0,13.09
2016-11-11,13.08,13.13,12.97,13.13
2016-11-14,13.13,13.27,13.11,13.16
2016-11-15,13.2,13.47,13.02,13.42
2016-11-16,13.38,13.48,13.19,13.32
2016-11-17,13.37,13.37,13.17,13.26
2016-11-18,13.27,13.29,13.12,13.15
2016-11-21,13.14,13.19,13.1,13.16
2016-11-22,13.16,13.36,13.11,13.31
2016-11-23,13.28,13.37,13.17,13.19
2016-11-24,13.13,13.17,13.01,13.08
2016-11-25,13.05,13.19,12.9,13.16
2016-11-28,13.19,13.23,13.09,13.09
2016-11-29,13.08,13.16,12.98,13.02
2016-11-30,12.98,13.18,12.91,13.01
2016-12-01,12.96,12.97,12.75,12.93
2016-12-02,12.9,12.92,12.79,12.79
2016-12-05,12.68,12.87,12.66,12.82
2016-12-06,12.83,12.92,12.81,12.86
2016-12-07,12.83,12.94,12.83,12.94
2016-12-08,12.94,12.94,12.83,12.84
2016-12-09,12.85,12.94,12.81,12.83
2016-12-12,12.83,12.94,12.51,12.53
2016-12-13,12.53,12.7,12.47,12.62
2016-12-14,12.62,12.65,12.51,12.55
2016-12-15,12.55,12.73,12.5,12.61
2016-12-16,12.76,12.94,12.73,12.75
2016-12-19,12.66,12.75,12.51,12.55
2016-12-20,12.51,12.58,12.5,12.53
2016-12-21,12.56,12.65,12.54,12.65
2016-12-22,12.64,12.66,12.45,12.56
2016-12-23,12.51,12.55,12.33,12.33
2016-12-26,12.21,12.33,12.13,12.28
2016-12-27,12.28,12.31,12.18,12.24
2016-12-28,12.25,12.3,12.08,12.12
2016-12-29,12.08,12.16,12.02,12.02
2016-12-30,12.1,12.12,11.87,11.92
2017-01-03,11.93,12.05,11.93,12.02
2017-01-04,12.02,12.12,12.0,12.1
2017-01-05,12.1,12.14,12.0,12.03
2017-01-06,12.0,12.15,12.0,12.12
2017-01-09,12.11,12.11,11.96,12.07
2017-01-10,12.09,12.13,12.02,12.08
2017-01-11,12.08,12.08,11.95,11.96
2017-01-12,11.92,11.99,11.85,11.87
2017-01-13,11.87,11.95,11.46,11.52
2017-01-16,11.52,11.57,10.58,10.94
2017-01-17,10.89,11.18,10.76,11.13
2017-01-18,11.09,11.19,10.89,11.12
2017-01-19,11.11,11.26,10.94,11.19
2017-01-20,11.19,11.53,11.12,11.4
2017-01-23,11.33,11.44,11.3,11.32
2017-01-24,11.3,11.35,11.22,11.25
2017-01-25,11.22,11.36,11.22,11.28
2017-01-26,11.29,11.47,11.29,11.32
2017-02-03,11.32,11.42,11.29,11.38
2017-02-06,11.37,11.45,11.3,11.41
2017-02-07,11.5,11.54,11.32,11.34
2017-02-08,11.34,11.34,11.11,11.27
2017-02-09,11.25,11.35,11.21,11.34
2017-02-10,11.37,11.37,11.16,11.21
2017-02-13,11.24,11.42,11.18,11.35
2017-02-14,11.34,11.35,11.18,11.27
2017-02-15,11.26,11.31,11.11,11.14
2017-02-16,11.11,11.22,11.02,11.22
2017-02-17,11.22,11.25,11.15,11.17
2017-02-20,11.17,11.27,11.14,11.26
2017-02-21,11.27,11.63,11.2,11.49
2017-02-22,11.49,11.93,11.46,11.77
2017-02-23,11.78,11.85,11.53,11.65
2017-02-24,11.66,11.8,11.61,11.69
2017-02-27,11.7,11.74,11.45,11.51
2017-02-28,11.47,11.55,11.43,11.54
2017-03-01,11.52,11.78,11.52,11.7
2017-03-02,11.65,11.82,11.59,11.59
2017-03-03,11.55,11.83,11.53,11.82
2017-03-06,11.78,12.25,11.78,12.11
2017-03-07,12.05,12.48,12.05,12.37
2017-03-08,12.37,12.43,12.11,12.2
2017-03-09,12.21,12.21,11.97,12.13
2017-03-10,12.06,12.18,12.06,12.15
2017-03-13,12.17,12.19,12.0,12.13
2017-03-14,12.15,12.23,11.97,11.99
2017-03-15,11.91,12.05,11.86,12.02
2017-03-16,12.03,12.12,12.0,12.09
2017-03-17,12.03,12.21,12.01,12.08
2017-03-20,12.06,12.4,12.02,12.33
2017-03-21,12.36,12.36,12.09,12.14
2017-03-22,12.02,12.12,11.71,11.75
2017-03-23,11.75,11.93,11.48,11.64
2017-03-24,11.64,11.71,11.5,11.68
2017-03-27,11.68,11.78,11.56,11.58
2017-03-28,11.58,11.68,11.55,11.65
2017-03-29,11.65,11.68,11.47,11.47
2017-03-30,11.45,11.5,11.08,11.12
2017-03-31,11.13,11.36,11.13,11.21
2017-04-05,11.21,11.67,11.21,11.66
2017-04-06,11.66,11.96,11.65,11.76
2017-04-07,11.77,11.88,11.65,11.66
2017-04-10,11.66,11.7,11.52,11.6
2017-04-11,11.6,11.71,11.36,11.7
2017-04-12,11.7,11.77,11.56,11.7
2017-04-13,11.68,11.72,11.56,11.6
2017-04-14,11.6,11.7,11.4,11.41
2017-04-17,11.39,11.53,11.3,11.36
2017-04-18,11.41,11.41,11.18,11.2
2017-04-19,11.12,11.56,11.1,11.27
2017-04-20,11.27,11.45,11.23,11.36
2017-04-21,11.3,11.46,11.29,11.37
2017-04-24,11.35,11.36,10.9,11.09
2017-04-25,11.05,11.15,11.02,11.05
2017-04-26,11.05,11.12,10.95,11.0
2017-04-27,11.05,11.35,10.88,11.32
2017-04-28,11.32,11.45,11.21,11.41
2017-05-02,11.41,11.43,11.28,11.39
2017-05-03,11.35,11.45,11.3,11.36
2017-05-04,11.3,11.38,11.12,11.13
2017-05-05,11.13,11.28,11.08,11.17
2017-05-08,11.17,11.35,11.08,11.29
2017-05-09,11.31,11.38,11.1,11.17
2017-05-10,11.18,11.25,10.8,10.85
2017-05-11,10.76,10.94,10.22,10.5
2017-05-12,10.51,10.6,10.14,10.26
2017-05-15,10.35,10.45,10.26,10.28
2017-05-16,10.2,10.59,10.14,10.56
2017-05-17,10.51,10.77,10.51,10.65
2017-05-18,10.59,10.93,10.56,10.93
2017-05-19,11.03,11.48,11.03,11.43
2017-05-22,11.45,11.7,11.32,11.53
2017-05-23,11.44,11.58,11.27,11.36
2017-05-24,11.3,11.55,11.26,11.45
2017-05-25,11.41,11.6,11.3,11.57
2017-05-26,11.55,11.9,11.49,11.72
2017-05-31,11.75,11.83,11.31,11.51
2017-06-01,11.53,11.53,11.21,11.28
2017-06-02,11.35,11.5,11.16,11.5
2017-06-05,11.46,11.83,11.41,11.75
2017-06-06,11.76,11.84,11.61,11.79
2017-06-07,11.78,11.93,11.76,11.86
2017-06-08,11.85,11.97,11.71,11.79
2017-06-09,11.77,11.96,11.71,11.96
2017-06-12,11.88,12.04,11.86,11.96
2017-06-13,11.9,12.0,11.85,11.94
2017-06-14,11.95,12.13,11.83,11.88
2017-06-15,11.89,12.03,11.77,12.0
2017-06-16,11.99,12.36,11.95,12.22
2017-06-19,12.18,12.26,12.09,12.23
2017-06-20,12.15,12.37,12.15,12.29
2017-06-21,12.4,12.52,12.22,12.5
2017-06-22,12.52,12.75,12.46,12.63
2017-06-23,12.58,12.75,12.33,12.58
2017-06-26,12.69,12.82,12.51,12.74
2017-06-27,12.79,12.8,12.63,12.74
2017-06-28,12.8,12.83,12.65,12.74
2017-06-29,12.68,12.9,12.22,12.6
2017-06-30,12.3,12.4,11.66,11.71
2017-07-03,11.68,11.78,11.6,11.73
2017-07-04,11.69,11.8,11.62,11.74
2017-07-05,11.74,12.05,11.65,12.04
2017-07-06,12.08,12.14,11.9,12.03
2017-07-07,12.09,12.09,11.84,11.92
2017-07-10,11.92,12.01,11.75,11.89
2017-07-11,11.89,11.9,11.62,11.7
2017-07-12,11.7,11.75,11.0,11.55
2017-07-13,11.54,11.62,11.36,11.59
2017-07-14,11.51,11.62,11.42,11.46
2017-07-17,11.45,11.45,10.31,10.31
2017-07-18,10.13,10.15,9.28,9.38
2017-07-19,9.14,9.28,8.93,9.2
2017-07-20,9.18,9.33,9.12,9.23
2017-07-21,9.25,9.31,9.16,9.18
2017-07-24,9.2,9.22,8.96,9.13
2017-07-25,9.13,9.2,9.06,9.13
2017-07-26,9.14,9.18,9.09,9.11
2017-07-27,9.11,9.45,9.04,9.41
2017-07-28,9.4,9.4,9.28,9.29
2017-07-31,9.27,9.4,9.21,9.33
2017-08-01,9.33,9.38,9.28,9.36
2017-08-02,9.37,9.6,9.25,9.49
2017-08-03,9.45,9.62,9.37,9.55
2017-08-04,9.57,9.58,9.38,9.39
2017-08-07,9.37,9.47,9.35,9.43
2017-08-08,9.39,9.44,9.28,9.38
2017-08-09,9.38,9.4,9.31,9.33
2017-08-10,9.33,9.4,9.2,9.23
2017-08-11,9.19,9.24,9.06,9.06
2017-08-14,9.06,9.48,9.06,9.46
2017-08-15,9.46,9.55,9.4,9.5
2017-08-16,9.5,9.91,9.43,9.8
2017-08-17,9.59,9.97,9.56,9.72
2017-08-18,9.69,9.82,9.59,9.63
2017-08-21,9.57,9.73,9.55,9.64
2017-08-22,9.65,9.68,9.45,9.49
2017-08-23,9.51,9.57,9.42,9.48
2017-08-24,9.49,9.57,9.42,9.44
2017-08-25,9.45,9.56,9.38,9.52
2017-08-28,9.48,9.78,9.41,9.7
2017-08-29,9.72,9.84,9.6,9.65
2017-08-30,9.66,9.69,9.49,9.65
2017-08-31,9.6,9.72,9.56,9.61
2017-09-01,9.61,9.69,9.5,9.68
2017-09-04,9.65,9.96,9.6,9.96
2017-09-05,9.93,10.07,9.85,9.9
2017-09-06,9.87,9.99,9.81,9.94
2017-09-07,9.96,10.05,9.81,9.84
2017-09-08,9.81,9.91,9.78,9.85
2017-09-11,9.87,9.95,9.74,9.95
2017-09-12,9.93,9.93,9.75,9.81
2017-09-13,9.81,9.82,9.7,9.75
2017-09-14,9.74,9.74,9.63,9.68
2017-09-15,9.65,9.68,9.48,9.51
2017-09-18,9.51,9.64,9.47,9.62
2017-09-19,9.62,9.63,9.46,9.47
2017-09-20,9.47,9.57,9.41,9.55
2017-09-21,9.53,9.67,9.51,9.51
2017-09-22,9.44,9.77,9.42,9.77
2017-09-25,9.81,10.26,9.81,9.84
2017-09-26,9.73,9.88,9.54,9.76
2017-09-27,9.8,10.15,9.73,10.08
2017-09-28,10.01,10.19,9.94,10.04
2017-09-29,10.09,10.28,9.98,10.17
2017-10-09,10.3,10.48,10.13,10.16
2017-10-10,10.13,10.26,10.03,10.26
2017-10-11,10.08,10.09,9.69,9.7
2017-10-12,9.65,9.87,9.63,9.81
2017-10-13,9.75,9.93,9.66,9.88
2017-10-16,9.79,9.8,9.52,9.53
2017-10-17,9.56,9.65,9.49,9.6
2017-10-18,9.63,9.69,9.35,9.35
2017-10-19,9.3,9.37,9.11,9.15
2017-10-20,9.13,9.26,9.08,9.24
2017-10-23,9.27,9.32,9.21,9.28
2017-10-24,9.27,9.28,9.12,9.25
2017-10-25,9.27,9.33,9.22,9.32
2017-10-26,9.32,9.37,9.26,9.34
2017-10-27,9.35,9.35,9.17,9.2
2017-10-30,9.17,9.18,8.59,8.68
2017-10-31,8.69,8.74,8.59,8.73
2017-11-01,8.72,8.78,8.65,8.71
2017-11-02,8.71,8.74,8.4,8.42
2017-11-03,8.42,8.48,8.2,8.4
2017-11-06,8.43,8.49,8.33,8.49
2017-11-07,8.48,8.48,8.37,8.46
2017-11-08,8.48,8.59,8.44,8.53
2017-11-09,8.54,8.68,8.48,8.61
2017-11-10,8.63,8.64,8.54,8.59
2017-11-13,8.62,8.62,8.38,8.42
2017-11-14,8.42,8.47,8.21,8.36
2017-11-15,8.34,8.41,8.31,8.4
2017-11-16,8.41,8.42,8.32,8.4
2017-11-17,8.38,8.39,7.91,8.0
2017-11-20,7.97,7.97,7.68,7.87
2017-11-21,7.87,7.93,7.78,7.82
2017-11-22,7.99,8.6,7.97,8.6
2017-11-23,8.8,8.97,8.42,8.42
2017-11-24,8.2,8.56,8.06,8.37
2017-11-27,8.3,8.42,7.93,7.98
2017-11-28,8.01,8.49,7.88,8.39
2017-11-29,8.3,8.44,8.1,8.25
2017-11-30,8.25,8.25,8.02,8.12
2017-12-01,8.11,8.34,8.03,8.3
2017-12-04,8.12,8.15,7.81,7.83
2017-12-05,7.81,7.86,7.36,7.43
2017-12-06,7.36,7.52,7.3,7.52
2017-12-07,7.46,7.51,7.39,7.46
2017-12-08,8.1,8.21,7.99,8.21
2017-12-11,9.03,9.03,8.58,8.8
2017-12-12,8.95,9.35,8.77,8.96
2017-12-13,9.08,9.08,8.61,8.85
2017-12-14,8.73,9.28,8.6,9.05
2017-12-15,8.95,9.16,8.82,9.11
2017-12-18,8.93,9.05,8.72,8.9
2017-12-19,8.86,9.15,8.76,9.14
2017-12-20,9.09,9.11,8.88,8.94
2017-12-21,8.81,8.81,8.05,8.34
2017-12-22,8.35,8.45,8.06,8.1
2017-12-25,8.07,8.17,7.76,7.82
2017-12-26,7.6,7.76,7.54,7.69
2017-12-27,7.65,7.82,7.53,7.53
2017-12-28,7.54,7.8,7.54,7.74
2017-12-29,7.73,7.75,7.61,7.74
2018-01-02,7.74,7.84,7.69,7.83
2018-01-03,7.86,7.95,7.76,7.94
2018-01-04,7.89,7.9,7.74,7.81
2018-01-05,7.78,7.87,7.77,7.79
2018-01-08,7.8,7.8,7.63,7.7
2018-01-09,7.68,7.84,7.65,7.78
2018-01-10,7.79,7.79,7.57,7.7
2018-01-11,7.71,8.09,7.61,8.01
2018-01-12,7.98,7.98,7.8,7.85
2018-01-15,7.82,7.84,7.45,7.48
2018-01-16,7.48,7.57,7.37,7.55
2018-01-17,7.45,7.46,7.08,7.35
2018-01-18,7.32,7.46,7.26,7.36
2018-01-19,7.33,7.43,7.31,7.36
2018-01-22,7.4,7.58,7.28,7.5
2018-01-23,7.48,7.54,7.4,7.47
2018-01-24,7.41,7.74,7.36,7.7
2018-01-25,7.63,7.9,7.58,7.63
2018-01-26,7.6,7.66,7.54,7.56
2018-01-29,7.55,7.63,7.32,7.39
2018-01-30,7.39,7.47,7.37,7.4
2018-01-31,7.39,7.41,7.01,7.04
2018-02-01,6.76,6.78,6.34,6.34
2018-02-02,6.33,6.48,6.12,6.31
2018-02-05,6.23,6.32,6.13,6.27
2018-02-06,6.21,6.24,5.75,5.83
2018-02-07,5.95,6.05,5.8,5.94
2018-02-08,5.94,6.23,5.94,6.13
2018-02-09,6.02,6.26,5.93,6.05
2018-02-12,6.1,6.27,6.1,6.2
2018-02-13,6.17,6.28,6.16,6.16
2018-02-14,6.15,6.2,6.14,6.16
2018-02-22,6.2,6.37,6.18,6.33
2018-02-23,6.34,6.35,6.22,6.27
2018-02-26,6.29,6.47,6.29,6.45
2018-02-27,6.48,6.55,6.42,6.46
2018-02-28,6.38,6.57,6.33,6.48
2018-03-01,6.3,6.77,6.27,6.73
2018-03-02,6.7,6.7,6.51,6.56
2018-03-05,6.61,6.67,6.52,6.63
2018-03-06,6.62,6.73,6.57,6.68
2018-03-07,6.65,6.78,6.58,6.61
2018-03-08,6.67,6.7,6.53,6.7
2018-03-09,6.68,7.03,6.64,6.89
2018-03-12,6.94,7.14,6.9,7.04
2018-03-13,7.03,7.29,6.92,7.13
2018-03-14,7.05,7.12,6.81,7.02
2018-03-15,6.93,7.0,6.72,6.9
2018-03-16,6.88,7.14,6.85,6.99
2018-03-19,6.97,7.15,6.86,6.88
2018-03-20,6.81,7.02,6.72,7.02
2018-03-21,7.0,7.07,6.83,6.86
2018-03-22,6.84,7.22,6.8,7.08
2018-03-23,6.81,6.91,6.37,6.38
2018-03-26,6.14,6.46,6.02,6.44
2018-03-27,6.49,6.73,6.49,6.72
2018-03-28,6.61,6.83,6.54,6.75
2018-03-29,6.76,6.87,6.72,6.83
2018-03-30,6.89,7.12,6.8,7.08
2018-04-02,6.95,7.2,6.88,7.0
2018-04-03,7.32,7.65,7.01,7.06
2018-04-04,7.01,7.15,6.73,6.83
2018-04-09,6.8,6.82,6.58,6.71
2018-04-10,6.68,6.72,6.48,6.57
2018-04-11,6.57,6.69,6.56,6.6
2018-04-12,6.59,6.64,6.53,6.57
2018-04-13,6.62,6.69,6.58,6.69
2018-04-16,6.65,7.07,6.65,6.96
2018-04-17,6.9,6.94,6.54,6.56
2018-04-18,6.6,6.92,6.52,6.84
2018-04-19,6.83,6.91,6.73,6.73
2018-04-20,6.68,6.7,6.34,6.37
2018-04-23,6.39,6.53,6.35,6.42
2018-04-24,6.41,6.74,6.3,6.68
2018-04-25,6.61,7.0,6.58,6.88
2018-04-26,6.87,6.91,6.76,6.83
2018-04-27,6.82,6.88,6.43,6.54
2018-05-02,6.55,6.56,6.27,6.32
2018-05-03,6.32,6.47,6.21,6.44
2018-05-04,6.42,6.42,6.32,6.33
2018-05-07,6.37,6.55,6.34,6.49
2018-05-08,6.48,6.64,6.41,6.55
2018-05-09,6.54,6.57,6.48,6.54
2018-05-10,6.52,6.66,6.49,6.55
2018-05-11,6.56,6.56,6.34,6.34
2018-05-14,6.37,6.48,6.31,6.35
2018-05-15,6.39,6.41,6.22,6.4
2018-05-16,6.36,6.36,6.24,6.25
2018-05-17,6.29,6.29,6.05,6.1
2018-05-18,6.09,6.17,6.07,6.15
2018-05-21,6.21,6.29,6.2,6.25
2018-05-22,6.22,6.32,6.18,6.31
2018-05-23,6.3,6.3,6.18,6.2
2018-05-24,6.1,6.1,5.91,5.95
2018-05-25,5.96,5.98,5.78,5.79
2018-05-28,5.79,5.88,5.77,5.77
2018-05-29,5.78,5.84,5.65,5.67
2018-05-30,5.6,5.6,5.33,5.36
2018-05-31,5.36,5.53,5.36,5.5
2018-06-01,5.49,5.5,5.29,5.34
2018-06-04,5.38,5.4,5.28,5.3
2018-06-05,5.31,5.45,5.3,5.44
2018-06-06,5.42,5.48,5.36,5.39
2018-06-07,5.4,5.43,5.28,5.31
2018-06-08,5.3,5.33,5.07,5.14
2018-06-11,5.13,5.26,5.09,5.2
2018-06-12,5.23,5.28,5.13,5.24
2018-06-13,5.24,5.25,5.09,5.1
2018-06-14,5.08,5.22,5.08,5.08
2018-06-15,5.09,5.12,4.88,4.93
2018-06-19,4.93,4.93,4.44,4.44
2018-06-20,4.4,4.49,4.3,4.41
2018-06-21,4.35,4.44,4.11,4.13
2018-06-22,4.1,4.3,4.06,4.25
2018-06-25,4.28,4.37,4.27,4.3
2018-06-26,4.24,4.44,4.2,4.39
2018-06-27,4.45,4.54,4.4,4.43
2018-06-28,4.42,4.53,4.39,4.39
2018-06-29,4.42,4.6,4.4,4.6
2018-07-02,4.57,4.63,4.4,4.48
2018-07-03,4.49,4.69,4.43,4.62
2018-07-04,4.62,4.68,4.44,4.52
2018-07-05,4.55,4.62,4.33,4.34
2018-07-06,4.42,4.52,4.29,4.4
2018-07-09,4.48,4.59,4.44,4.54
2018-07-10,4.53,4.57,4.46,4.55
2018-07-11,4.48,4.48,4.23,4.36
2018-07-12,4.35,4.54,4.35,4.46
2018-07-13,4.5,4.51,4.39,4.42
2018-07-16,4.41,4.46,4.38,4.42
2018-07-17,4.46,4.48,4.36,4.46
2018-07-18,4.46,4.51,4.42,4.44
2018-07-19,4.46,4.46,4.29,4.32
2018-07-20,4.29,4.39,4.25,4.37
2018-07-23,4.34,4.45,4.34,4.43
2018-07-24,4.43,4.57,4.4,4.54
2018-07-25,4.56,4.64,4.51,4.56
2018-07-26,4.55,4.9,4.52,4.68
2018-07-27,4.64,4.66,4.56,4.58
2018-07-30,4.54,4.54,4.38,4.43
2018-07-31,4.44,4.5,4.39,4.43
2018-08-01,4.46,4.46,4.26,4.3
2018-08-02,4.26,4.29,4.12,4.18
2018-08-03,4.23,4.31,4.19,4.19
2018-08-06,4.35,4.61,4.35,4.61
2018-08-07,4.61,5.07,4.42,5.07
2018-08-08,5.18,5.58,5.18,5.58
2018-08-09,5.44,5.87,5.36,5.4
2018-08-10,5.29,5.35,4.87,5.02
2018-08-13,4.91,5.02,4.81,4.96
2018-08-14,4.9,5.03,4.84,4.93
2018-08-15,4.9,4.91,4.7,4.73
2018-08-16,4.66,4.83,4.58,4.72
2018-08-17,4.77,4.79,4.46,4.48
2018-08-20,4.44,4.61,4.41,4.59
2018-08-21,4.56,4.62,4.51,4.59
2018-08-22,4.58,4.64,4.42,4.47
2018-08-23,4.44,4.65,4.42,4.54
2018-08-24,4.31,4.34,4.18,4.25
2018-08-27,4.21,4.34,4.2,4.31
2018-08-28,4.32,4.45,4.31,4.36
2018-08-29,4.34,4.35,4.26,4.31
2018-08-30,4.34,4.37,4.2,4.23
2018-08-31,4.22,4.31,4.18,4.28
2018-09-03,4.28,4.29,4.1,4.24
2018-09-04,4.21,4.35,4.19,4.32
2018-09-05,4.3,4.4,4.26,4.26
2018-09-06,4.27,4.35,4.22,4.28
2018-09-07,4.27,4.42,4.24,4.36
2018-09-10,4.43,4.47,4.3,4.33
2018-09-11,4.27,4.28,4.1,4.22
2018-09-12,4.21,4.26,4.15,4.2
2018-09-13,4.24,4.26,4.19,4.25
2018-09-14,4.25,4.26,4.12,4.12
2018-09-17,4.08,4.16,4.08,4.11
2018-09-18,4.1,4.22,4.09,4.22
2018-09-19,4.18,4.3,4.15,4.25
2018-09-20,4.24,4.68,4.19,4.68
2018-09-21,4.58,4.75,4.54,4.6
2018-09-25,4.55,4.6,4.48,4.5
2018-09-26,4.5,4.57,4.44,4.53
2018-09-27,4.49,4.51,4.38,4.46
2018-09-28,4.47,4.48,4.43,4.45
2018-10-08,4.37,4.41,4.16,4.2
2018-10-09,4.26,4.35,4.22,4.35
2018-10-10,4.34,4.44,4.29,4.44
2018-10-11,4.26,4.39,4.0,4.01
2018-10-12,3.94,4.03,3.62,3.96
2018-10-15,3.98,4.02,3.79,3.8
2018-10-16,3.85,3.87,3.63,3.66
2018-10-17,3.71,3.79,3.55,3.75
2018-10-18,3.69,3.73,3.43,3.47
2018-10-19,3.4,3.56,3.28,3.52
2018-10-22,3.55,3.79,3.53,3.74
2018-10-23,3.75,3.76,3.6,3.64
2018-10-24,3.77,3.93,3.7,3.7
2018-10-25,3.52,3.65,3.41,3.63
2018-10-26,3.67,3.71,3.62,3.65
2018-10-29,3.8,4.0,3.72,3.72
2018-10-30,3.64,3.84,3.64,3.77
2018-10-31,3.78,3.85,3.75,3.8
2018-11-01,4.0,4.05,3.82,3.85
2018-11-02,3.87,3.95,3.87,3.95
2018-11-05,3.93,3.98,3.87,3.98
2018-11-06,3.93,3.95,3.83,3.91
2018-11-07,3.92,4.3,3.88,4.3
2018-11-08,4.39,4.39,4.17,4.18
2018-11-09,4.15,4.29,4.12,4.18
2018-11-12,4.16,4.29,4.13,4.27
2018-11-13,4.2,4.58,4.18,4.45
2018-11-14,4.4,4.53,4.35,4.39
2018-11-15,4.4,4.68,4.33,4.55
2018-11-16,4.45,4.97,4.44,4.74
2018-11-19,4.71,5.15,4.66,4.91
2018-11-20,4.8,5.25,4.75,5.15
2018-11-21,5.02,5.2,4.85,5.01
2018-11-22,4.97,5.07,4.76,4.85
2018-11-23,4.8,4.82,4.41,4.49
2018-11-26,4.45,4.55,4.42,4.48
2018-11-27,4.51,4.62,4.51,4.52
2018-11-28,4.52,4.7,4.33,4.67
2018-11-29,4.67,4.73,4.36,4.37
2018-11-30,4.37,4.8,4.37,4.66
2018-12-03,4.8,4.93,4.72,4.75
2018-12-04,4.75,4.92,4.73,4.84
2018-12-05,4.7,4.8,4.63,4.79
2018-12-06,4.75,4.75,4.5,4.54
2018-12-07,4.54,4.71,4.54,4.57
2018-12-10,4.52,4.78,4.45,4.73
2018-12-11,4.6,4.7,4.53,4.65
2018-12-12,4.6,4.61,4.43,4.48
2018-12-13,4.49,4.57,4.45,4.51
2018-12-14,4.52,4.52,4.27,4.32
2018-12-17,4.32,4.42,4.29,4.36
2018-12-18,4.3,4.35,4.17,4.22
2018-12-19,4.27,4.45,4.22,4.29
2018-12-20,4.22,4.37,4.19,4.34
2018-12-21,4.29,4.42,4.27,4.33
2018-12-24,4.25,4.43,4.19,4.4
2018-12-25,4.31,4.44,4.0,4.31
2018-12-26,4.26,4.49,4.21,4.44
2018-12-27,4.44,4.55,4.36,4.36
2018-12-28,4.32,4.38,4.21,4.22
2019-01-02,4.26,4.3,4.21,4.28
2019-01-03,4.28,4.37,4.19,4.2
2019-01-04,4.06,4.31,4.02,4.26
2019-01-07,4.31,4.69,4.25,4.69
2019-01-08,4.68,4.68,4.54,4.56
2019-01-09,4.57,4.97,4.5,4.76
2019-01-10,4.73,5.18,4.65,4.97
2019-01-11,4.91,5.07,4.83,5.04
2019-01-14,4.95,4.96,4.69,4.85
2019-01-15,4.81,4.86,4.72,4.83
2019-01-16,4.85,4.86,4.68,4.7
2019-01-17,4.66,4.81,4.58,4.62
2019-01-18,4.65,4.76,4.61,4.7
2019-01-21,4.72,4.92,4.67,4.8
2019-01-22,4.85,4.95,4.64,4.72
2019-01-23,4.64,4.65,4.5,4.58
2019-01-24,4.59,4.67,4.53,4.6
2019-01-25,4.56,4.61,4.32,4.37
2019-01-28,4.44,4.47,4.21,4.23
2019-01-29,4.22,4.28,4.01,4.11
2019-01-30,4.08,4.15,3.98,3.98
2019-01-31,3.99,4.09,3.82,3.93
2019-02-01,3.95,4.05,3.93,4.04
2019-02-11,4.06,4.19,4.05,4.18
2019-02-12,4.2,4.26,4.17,4.24
2019-02-13,4.25,4.42,4.19,4.39
2019-02-14,4.36,4.42,4.3,4.38
2019-02-15,4.35,4.52,4.32,4.43
2019-02-18,4.43,4.62,4.43,4.61
2019-02-19,4.65,4.84,4.56,4.76
2019-02-20,4.73,4.73,4.59,4.68
2019-02-21,4.67,4.88,4.63,4.73
2019-02-22,4.67,4.97,4.62,4.97
2019-02-25,5.25,5.38,5.02,5.25
2019-02-26,5.18,5.78,5.11,5.57
2019-02-27,5.38,5.59,5.31,5.5
2019-02-28,5.43,5.65,5.4,5.58
2019-03-01,5.56,5.61,5.43,5.5
2019-03-04,5.54,5.77,5.46,5.52
2019-03-05,5.46,6.0,5.42,5.89
2019-03-06,6.0,6.28,5.75,6.2
2019-03-07,6.13,6.44,5.93,6.16
2019-03-08,5.95,6.37,5.83,5.86
2019-03-11,5.99,6.13,5.81,6.13
2019-03-12,6.2,6.34,6.04,6.23
2019-03-13,6.18,6.29,5.92,5.96
2019-03-14,5.9,6.12,5.51,5.7
2019-03-15,5.75,5.85,5.61,5.72
2019-03-18,5.8,5.87,5.59,5.8
2019-03-19,5.8,5.92,5.73,5.79
2019-03-20,5.8,5.8,5.56,5.71
2019-03-21,5.75,5.93,5.75,5.8
2019-03-22,5.92,6.05,5.75,5.95
2019-03-25,5.8,5.86,5.72,5.74
2019-03-26,5.75,5.81,5.36,5.42
2019-03-27,5.47,5.53,5.34,5.45
2019-03-28,5.4,5.6,5.35,5.41
2019-03-29,5.42,5.57,5.24,5.52
2019-04-01,5.6,6.07,5.6,6.07
2019-04-02,6.2,6.68,6.18,6.43
2019-04-03,6.28,6.59,6.18,6.4
2019-04-04,6.5,6.57,6.26,6.32
2019-04-08,6.41,6.48,5.97,6.06
2019-04-09,6.11,6.22,6.02,6.19
2019-04-10,6.1,6.13,5.95,6.05
2019-04-11,6.06,6.13,5.89,5.9
2019-04-12,5.92,5.98,5.71,5.81
2019-04-15,5.95,6.28,5.88,5.89
2019-04-16,5.81,6.38,5.81,6.32
2019-04-17,6.25,6.34,6.14,6.18
2019-04-18,6.16,6.39,6.13,6.25
2019-04-19,6.18,6.35,6.08,6.35
2019-04-22,6.41,6.55,6.21,6.32
2019-04-23,6.32,6.4,5.96,6.01
2019-04-24,6.06,6.61,5.96,6.61
2019-04-25,6.74,7.18,6.36,6.4
2019-04-26,6.37,7.04,6.18,6.73
2019-04-29,6.9,6.99,6.06,6.06
2019-04-30,5.66,5.96,5.46,5.59
2019-05-06,5.36,5.42,5.03,5.03
2019-05-07,5.07,5.2,4.95,5.16
2019-05-08,4.98,5.25,4.82,5.08
2019-05-09,5.03,5.2,4.98,5.1
2019-05-10,5.2,5.48,4.99,5.38
2019-05-13,5.28,5.59,5.25,5.59
2019-05-14,5.39,5.78,5.35,5.56
2019-05-15,5.6,5.72,5.53,5.65
2019-05-16,5.6,5.62,5.43,5.51
2019-05-17,5.6,5.75,5.38,5.41
2019-05-20,5.19,5.43,5.06,5.43
2019-05-21,5.35,5.63,5.28,5.47
2019-05-22,5.52,6.02,5.44,6.02
2019-05-23,6.0,6.16,5.74,5.85
2019-05-24,5.74,6.15,5.7,5.84
2019-05-27,5.72,6.33,5.69,6.2
2019-05-28,6.0,6.19,5.97,6.05
2019-05-29,6.04,6.13,5.91,6.08
2019-05-30,6.03,6.03,5.71,5.86
2019-05-31,5.93,6.45,5.88,6.45
2019-06-03,6.48,7.05,6.31,6.39
2019-06-04,6.34,6.58,5.89,6.2
2019-06-05,6.26,6.45,6.05,6.22
2019-06-06,6.12,6.14,5.71,5.79
2019-06-10,5.74,6.05,5.72,6.04
2019-06-11,6.05,6.26,5.86,6.2
2019-06-12,6.19,6.36,6.12,6.14
2019-06-13,6.22,6.48,6.15,6.31
2019-06-14,6.3,6.33,5.91,5.93
2019-06-17,5.93,6.03,5.73,5.87
2019-06-18,5.82,5.92,5.74,5.79
2019-06-19,5.97,6.3,5.88,6.1
2019-06-20,6.07,6.24,5.95,6.18
2019-06-21,6.19,6.45,6.15,6.25
2019-06-24,6.28,6.33,6.11,6.24
2019-06-25,6.19,6.2,5.98,6.1
2019-06-26,6.04,6.22,5.99,6.1
2019-06-27,6.12,6.43,6.11,6.31
2019-06-28,6.29,6.3,6.02,6.11
2019-07-01,6.33,6.65,6.24,6.47
2019-07-02,6.45,6.99,6.35,6.72
2019-07-03,6.61,6.67,6.44,6.55
2019-07-04,6.55,6.55,6.3,6.4
2019-07-05,6.39,6.48,6.35,6.39
2019-07-08,6.38,6.38,5.95,5.95
2019-07-09,5.88,6.05,5.85,6.0
2019-07-10,6.04,6.12,5.94,5.98
2019-07-11,6.02,6.05,5.65,5.77
2019-07-12,5.77,5.81,5.66,5.79
2019-07-15,5.81,5.93,5.64,5.9
2019-07-16,5.9,6.04,5.85,5.92
2019-07-17,5.92,5.94,5.81,5.82
2019-07-18,5.8,5.8,5.66,5.66
2019-07-19,5.69,5.78,5.65,5.67
2019-07-22,5.73,5.74,5.34,5.37
2019-07-23,5.38,5.53,5.37,5.48
2019-07-24,5.5,5.66,5.5,5.57
2019-07-25,5.55,5.66,5.52,5.6
2019-07-26,5.61,5.62,5.51,5.56
2019-07-29,5.58,5.61,5.47,5.49
2019-07-30,5.52,5.69,5.51,5.66
2019-07-31,5.92,5.92,5.64,5.65
2019-08-01,5.57,5.63,5.51,5.55
2019-08-02,5.35,5.43,5.26,5.38
2019-08-05,5.32,5.49,5.31,5.37
2019-08-06,5.21,5.38,4.92,5.34
2019-08-07,5.3,5.37,5.18,5.19
2019-08-08,5.23,5.38,5.22,5.37
2019-08-09,5.49,5.56,5.3,5.35
2019-08-12,5.27,5.47,5.21,5.46
2019-08-13,5.33,5.45,5.29,5.35
2019-08-14,5.47,5.5,5.28,5.29
2019-08-15,5.11,5.35,5.0,5.31
2019-08-16,5.3,5.48,5.26,5.35
2019-08-19,5.39,5.64,5.38,5.58
2019-08-20,5.6,5.76,5.52,5.53
2019-08-21,5.56,5.61,5.48,5.51
2019-08-22,5.52,5.57,5.44,5.56
2019-08-23,5.59,5.59,5.42,5.44
2019-08-26,5.21,5.34,5.21,5.29
2019-08-27,5.34,5.43,5.31,5.38
2019-08-28,5.37,5.43,5.31,5.4
2019-08-29,5.46,5.57,5.4,5.49
2019-08-30,5.52,5.55,5.23,5.33
2019-09-02,5.31,5.54,5.31,5.53
2019-09-03,5.53,5.71,5.49,5.66
2019-09-04,5.61,5.68,5.53,5.66
2019-09-05,5.68,5.84,5.67,5.7
2019-09-06,5.73,5.88,5.72,5.79
2019-09-09,5.86,6.05,5.82,6.05
2019-09-10,6.11,6.21,5.91,6.08
2019-09-11,6.06,6.1,5.92,6.02
2019-09-12,6.12,6.13,5.93,6.04
2019-09-16,6.09,6.34,6.03,6.18
2019-09-17,6.13,6.13,5.86,5.9
2019-09-18,5.93,6.23,5.85,6.23
2019-09-19,6.3,6.45,6.12,6.18
2019-09-20,6.1,6.45,6.05,6.41
2019-09-23,6.3,6.37,6.21,6.33
2019-09-24,6.3,6.42,6.2,6.21
2019-09-25,6.1,6.1,5.91,5.91
2019-09-26,5.9,5.95,5.55,5.55
2019-09-27,5.57,5.76,5.56,5.62
2019-09-30,5.66,5.72,5.56,5.58
2019-10-08,5.61,5.76,5.57,5.6
2019-10-09,5.57,5.75,5.51,5.72
2019-10-10,5.74,5.98,5.71,5.94
2019-10-11,5.98,6.02,5.85,5.97
2019-10-14,6.0,6.12,5.93,6.0
2019-10-15,5.97,6.22,5.83,6.1
2019-10-16,6.09,6.18,6.04,6.07
2019-10-17,6.08,6.21,6.01,6.21
2019-10-18,6.19,6.19,5.96,5.99
2019-10-21,5.94,5.97,5.69,5.79
2019-10-22,5.84,5.9,5.79,5.89
2019-10-23,5.87,6.48,5.85,6.18
2019-10-24,6.08,6.44,6.08,6.27
2019-10-25,6.25,6.47,6.18,6.27
2019-10-28,6.44,6.63,6.33,6.49
2019-10-29,6.43,6.52,6.24,6.24
2019-10-30,6.19,6.8,6.18,6.59
2019-10-31,6.5,6.53,6.28,6.35
2019-11-01,6.1,6.14,5.72,5.8
2019-11-04,5.74,5.76,5.64,5.68
2019-11-05,5.67,5.74,5.62,5.73
2019-11-06,5.71,5.71,5.48,5.53
2019-11-07,5.49,5.62,5.48,5.6
2019-11-08,5.63,5.66,5.52,5.53
2019-11-11,5.51,5.52,5.34,5.34
2019-11-12,5.38,5.41,5.31,5.41
2019-11-13,5.4,5.4,5.31,5.33
2019-11-14,5.35,5.46,5.32,5.46
2019-11-15,5.45,5.48,5.38,5.39
2019-11-18,5.33,5.4,5.26,5.38
2019-11-19,5.39,5.6,5.35,5.58
2019-11-20,5.59,5.68,5.5,5.55
2019-11-21,5.48,5.56,5.42,5.46
2019-11-22,5.5,5.54,5.32,5.36
2019-11-25,5.37,5.4,5.16,5.21
2019-11-26,5.24,5.28,5.19,5.19
2019-11-27,5.19,5.26,5.15,5.21
2019-11-28,5.18,5.26,5.18,5.22
2019-11-29,5.22,5.24,5.16,5.21
2019-12-02,5.22,5.27,5.21,5.24
2019-12-03,5.2,5.26,5.16,5.25
2019-12-04,5.22,5.25,5.18,5.2
2019-12-05,5.21,5.36,5.21,5.31
2019-12-06,5.3,5.43,5.28,5.42
2019-12-09,5.4,5.46,5.38,5.39
2019-12-10,5.4,5.52,5.37,5.5
2019-12-11,5.49,5.63,5.43,5.61
2019-12-12,5.47,5.65,5.41,5.55
2019-12-13,5.59,5.65,5.5,5.58
2019-12-16,5.6,5.95,5.59,5.89
2019-12-17,5.88,6.16,5.84,6.1
2019-12-18,6.12,6.32,6.04,6.14
2019-12-19,6.21,6.42,6.13,6.24
2019-12-20,6.24,6.42,6.15,6.15
2019-12-23,6.19,6.77,6.1,6.77
2019-12-24,6.9,7.45,6.81,7.45
2019-12-25,7.7,8.2,7.48,8.05
2019-12-26,7.75,8.85,7.47,8.51
2019-12-27,8.49,9.36,8.36,9.36
2019-12-30,9.7,9.7,8.42,8.56
2019-12-31,8.55,8.72,8.24,8.28
2020-01-02,8.28,9.11,8.26,9.11
2020-01-03,9.29,9.98,8.81,8.92
2020-01-06,8.66,9.57,8.66,9.26
2020-01-07,9.24,9.46,8.92,9.15
2020-01-08,8.98,10.07,8.9,10.07
2020-01-09,9.97,10.94,9.71,10.22
2020-01-10,10.28,10.82,10.03,10.34
2020-01-13,10.39,10.65,10.1,10.44
2020-01-14,10.32,11.39,10.26,10.92
2020-01-15,10.72,11.38,10.62,10.79
2020-01-16,10.68,11.3,10.67,11.19
2020-01-17,11.19,11.79,10.8,10.96
2020-01-20,10.67,11.26,10.47,11.21
2020-01-21,11.05,11.19,10.09,10.09
2020-01-22,9.9,10.77,9.83,10.7
2020-01-23,10.46,10.6,9.72,10.09
2020-02-03,9.08,9.08,9.08,9.08
2020-02-04,8.45,9.99,8.45,9.97
2020-02-05,9.9,10.97,9.75,10.97
2020-02-06,11.69,12.07,11.45,12.07
2020-02-07,13.17,13.28,12.02,12.52
2020-02-10,12.45,13.28,11.69,12.16
2020-02-11,12.59,12.75,11.57,11.63
2020-02-12,11.58,12.79,11.52,12.79
2020-02-13,12.41,12.6,11.8,11.99
2020-02-14,11.98,12.28,11.53,11.68
2020-02-17,11.65,11.98,11.34,11.78
2020-02-18,11.69,12.9,11.58,12.58
2020-02-19,12.31,12.49,11.86,11.86
2020-02-20,11.6,12.65,11.58,12.23
2020-02-21,12.28,13.28,12.0,12.9
2020-02-24,12.98,13.41,12.6,13.14
2020-02-25,12.6,12.87,11.9,12.54
2020-02-26,12.14,12.82,11.93,11.98
2020-02-27,12.17,12.36,11.75,12.01
2020-02-28,11.35,11.62,10.81,10.81
2020-03-02,10.81,10.96,10.23,10.84
2020-03-03,11.1,11.3,10.57,10.65
2020-03-04,10.02,10.27,9.8,10.16
2020-03-05,10.31,10.41,9.96,10.15
2020-03-06,10.0,10.27,9.89,10.03
2020-03-09,9.85,9.98,9.18,9.21
2020-03-10,9.07,9.76,9.03,9.71
2020-03-11,9.76,10.06,9.55,9.57
2020-03-12,9.34,9.8,9.3,9.45
2020-03-13,8.84,9.44,8.84,9.28
2020-03-16,9.46,9.56,8.58,8.69
2020-03-17,8.88,8.94,8.39,8.79
2020-03-18,8.89,9.67,8.88,9.67
2020-03-19,9.79,10.48,9.67,10.2
2020-03-20,10.0,10.29,9.66,10.07
2020-03-23,9.7,10.4,9.7,9.94
2020-03-24,10.22,10.93,10.01,10.93
2020-03-25,11.2,11.37,10.55,10.79
2020-03-26,10.63,10.93,9.97,10.1
2020-03-27,10.21,10.28,9.45,9.47
2020-03-30,9.1,9.17,8.71,8.8
2020-03-31,8.98,9.04,8.61,8.63
2020-04-01,8.63,8.95,8.5,8.73
2020-04-02,8.63,9.15,8.59,9.15
2020-04-03,9.0,9.1,8.72,8.78
2020-04-07,8.95,9.16,8.91,9.12
2020-04-08,9.05,9.23,8.98,9.1
2020-04-09,9.16,9.6,9.06,9.31
2020-04-10,9.18,9.24,8.72,8.75
2020-04-13,8.85,9.14,8.81,8.96
2020-04-14,8.82,9.08,8.8,9.07
2020-04-15,9.08,9.27,9.01,9.08
2020-04-16,8.93,9.09,8.86,9.01
2020-04-17,9.05,9.24,9.04,9.09
2020-04-20,9.15,9.58,8.98,9.47
2020-04-21,9.33,9.63,9.21,9.55
2020-04-22,9.4,9.5,9.3,9.43
2020-04-23,9.45,9.46,9.01,9.03
2020-04-24,8.99,9.06,8.65,8.71
2020-04-27,8.7,8.74,8.38,8.4
2020-04-28,8.44,8.64,7.62,8.58
2020-04-29,8.44,8.56,8.2,8.21
2020-04-30,8.23,8.73,8.23,8.62
2020-05-06,8.49,8.95,8.43,8.91
2020-05-07,9.03,9.15,8.79,8.8
2020-05-08,9.06,9.44,8.98,9.23
2020-05-11,9.4,9.49,8.97,9.06
2020-05-12,9.0,9.06,8.8,9.03
2020-05-13,8.94,9.03,8.84,8.93
2020-05-14,8.85,9.28,8.81,9.13
2020-05-15,9.18,9.45,9.0,9.17
2020-05-18,9.1,9.1,8.64,8.68
2020-05-19,8.75,8.84,8.69,8.78
2020-05-20,8.75,8.75,8.45,8.53
2020-05-21,8.61,8.76,8.4,8.43
2020-05-22,8.46,8.48,8.11,8.19
2020-05-25,8.11,8.18,7.9,7.96
2020-05-26,7.97,8.42,7.97,8.38
2020-05-27,8.3,8.44,8.25,8.3
2020-05-28,8.24,8.34,8.0,8.17
2020-05-29,8.13,8.34,8.06,8.15
2020-06-01,8.17,8.59,8.17,8.53
2020-06-02,8.53,8.61,8.45,8.54
2020-06-03,8.61,8.69,8.44,8.45
2020-06-04,8.49,8.53,8.24,8.27
2020-06-05,8.29,8.49,8.2,8.36
2020-06-08,8.42,8.54,8.34,8.36
2020-06-09,8.38,8.39,8.23,8.26
2020-06-10,8.31,8.31,8.13,8.21
2020-06-11,8.21,8.49,8.16,8.36
2020-06-12,8.16,8.33,8.11,8.27
2020-06-15,8.42,8.54,8.27,8.3
2020-06-16,8.4,8.66,8.33,8.65
2020-06-17,8.69,8.8,8.43,8.72
2020-06-18,8.62,8.75,8.5,8.67
2020-06-19,8.67,8.69,8.54,8.56
2020-06-22,8.57,8.68,8.52,8.55
2020-06-23,8.6,8.72,8.52,8.7
2020-06-24,8.72,8.72,8.55,8.55
2020-06-29,8.53,8.53,8.1,8.11
2020-06-30,8.12,8.23,8.12,8.16
2020-07-01,8.54,8.98,8.49,8.98
2020-07-02,9.29,9.48,8.98,9.12
2020-07-03,9.06,9.28,8.91,9.21
2020-07-06,9.24,9.62,9.11,9.62
2020-07-07,9.49,10.5,9.33,9.85
2020-07-08,9.66,10.2,9.65,10.06
2020-07-09,10.0,10.98,9.87,10.62
2020-07-10,10.43,10.67,10.29,10.35
2020-07-13,10.42,10.85,10.41,10.76
2020-07-14,10.78,11.18,10.43,11.03
2020-07-15,10.6,10.6,9.93,9.93
2020-07-16,9.93,9.97,9.14,9.18
2020-07-17,9.19,9.42,9.12,9.39
2020-07-20,9.5,9.57,9.32,9.56
2020-07-21,9.59,9.65,9.3,9.36
2020-07-22,9.37,9.47,9.24,9.3
2020-07-23,9.16,9.24,8.89,9.11
2020-07-24,9.15,9.34,8.88,8.88
2020-07-27,8.9,9.0,8.64,8.8
2020-07-28,8.85,8.94,8.8,8.88
2020-07-29,8.88,9.2,8.82,9.18
2020-07-30,9.24,9.25,9.03,9.03
2020-07-31,9.07,9.2,9.03,9.16
2020-08-03,9.21,9.43,9.15,9.38
2020-08-04,9.4,9.44,9.16,9.27
2020-08-05,9.36,9.39,9.14,9.22
2020-08-06,9.19,9.29,8.98,9.2
2020-08-07,9.12,9.17,8.91,8.99
2020-08-10,9.1,9.8,9.05,9.71
2020-08-11,9.78,9.84,9.4,9.43
2020-08-12,9.31,9.46,9.04,9.3
2020-08-13,9.3,10.2,9.29,9.92
2020-08-14,9.96,10.28,9.67,10.02
2020-08-17,9.86,10.05,9.72,10.01
2020-08-18,9.95,9.96,9.67,9.7
2020-08-19,9.65,9.79,9.33,9.37
2020-08-20,9.31,9.46,9.18,9.41
2020-08-21,9.43,9.5,9.18,9.25
2020-08-24,9.23,9.35,9.11,9.28
2020-08-25,9.3,9.35,9.15,9.19
2020-08-26,9.16,9.25,8.95,9.0
2020-08-27,9.0,9.1,8.87,9.02
2020-08-28,9.02,9.06,8.84,9.01
2020-08-31,9.04,9.15,9.02,9.05
2020-09-01,9.09,9.09,8.9,9.02
2020-09-02,9.09,9.27,9.05,9.21
2020-09-03,9.09,9.09,8.81,8.85
2020-09-04,8.65,8.88,8.61,8.86
2020-09-07,8.85,8.96,8.71,8.73
2020-09-08,8.6,8.65,8.35,8.48
2020-09-09,8.38,8.39,8.17,8.21
2020-09-10,8.26,8.33,8.01,8.02
2020-09-11,8.01,8.17,7.97,8.1
2020-09-14,8.13,8.28,8.13,8.2
2020-09-15,8.15,8.16,8.07,8.13
2020-09-16,8.1,8.14,8.01,8.04
2020-09-17,8.0,8.14,7.95,8.08
2020-09-18,8.05,8.19,8.03,8.18
2020-09-21,8.24,8.33,8.17,8.18
2020-09-22,8.16,8.25,8.03,8.07
2020-09-23,8.17,8.45,8.17,8.2
2020-09-24,8.21,8.3,8.13,8.25
2020-09-25,8.2,8.23,8.0,8.04
2020-09-28,8.05,8.09,7.87,7.87
2020-09-29,7.87,7.94,7.81,7.83
2020-09-30,7.88,7.89,7.74,7.75
2020-10-09,7.89,7.97,7.8,7.95
2020-10-12,7.97,8.21,7.97,8.2
2020-10-13,8.2,8.22,8.12,8.17
2020-10-14,8.16,8.16,8.01,8.05
2020-10-15,8.04,8.08,7.88,7.9
2020-10-16,7.88,7.96,7.85,7.93
2020-10-19,7.96,8.08,7.9,7.95
2020-10-20,7.98,7.98,7.87,7.95
2020-10-21,7.94,7.95,7.76,7.8
2020-10-22,7.71,7.79,7.65,7.76
2020-10-23,7.78,7.87,7.65,7.69
2020-10-26,7.62,7.69,7.5,7.52
2020-10-27,7.44,7.44,7.02,7.21
2020-10-28,7.2,7.27,7.02,7.22
2020-10-29,7.12,7.21,7.06,7.1
2020-10-30,7.11,7.18,6.77,6.9
2020-11-02,6.81,6.88,6.6,6.73
2020-11-03,6.71,7.03,6.71,6.99
2020-11-04,6.99,7.03,6.85,6.9
2020-11-05,6.97,7.1,6.94,7.07
2020-11-06,7.06,7.14,6.95,6.99
2020-11-09,7.02,7.35,7.01,7.27
2020-11-10,7.28,7.3,7.14,7.2
2020-11-11,7.19,7.22,7.05,7.06
2020-11-12,7.16,7.27,7.04,7.08
2020-11-13,7.02,7.13,6.93,7.1
2020-11-16,7.02,7.14,6.95,7.05
2020-11-17,7.02,7.07,6.88,6.92
2020-11-18,6.93,7.03,6.91,6.96
2020-11-19,6.95,7.01,6.86,6.98
2020-11-20,6.98,7.0,6.9,6.96
2020-11-23,6.95,7.15,6.91,7.08
2020-11-24,7.04,7.12,7.01,7.09
2020-11-25,7.11,7.18,7.05,7.06
2020-11-26,7.03,7.08,6.95,6.97
2020-11-27,6.97,7.01,6.9,6.95
2020-11-30,6.94,7.02,6.93,6.97
2020-12-01,6.95,7.11,6.91,7.07
2020-12-02,7.1,7.22,7.09,7.14
2020-12-03,7.2,7.2,7.09,7.15
2020-12-04,7.16,7.23,7.1,7.21
2020-12-07,7.2,7.21,7.05,7.06
2020-12-08,7.05,7.09,7.02,7.04
2020-12-09,7.05,7.05,6.9,6.91
2020-12-10,6.91,6.91,6.71,6.72
2020-12-11,6.72,6.75,6.42,6.54
2020-12-14,6.54,6.6,6.47,6.57
2020-12-15,6.58,6.62,6.53,6.59
2020-12-16,6.6,6.62,6.0,6.19
2020-12-17,6.18,6.81,6.15,6.81
2020-12-18,6.86,7.1,6.66,6.71
2020-12-21,6.59,6.69,6.49,6.64
2020-12-22,6.56,6.83,6.51,6.69
2020-12-23,6.6,6.79,6.58,6.7
2020-12-24,6.7,6.7,6.39,6.42
2020-12-25,6.42,6.48,6.34,6.38
2020-12-28,6.38,6.38,6.18,6.22
2020-12-29,6.19,6.84,6.19,6.84
2020-12-30,7.0,7.35,6.93,7.09
2020-12-31,6.98,7.24,6.91,7.15
2021-01-04,7.05,7.41,7.02,7.34
2021-01-05,7.26,7.43,7.19,7.32
2021-01-06,7.26,7.28,7.05,7.1
2021-01-07,7.18,7.19,6.88,7.0
2021-01-08,6.99,7.39,6.9,7.33
2021-01-11,7.22,7.56,7.11,7.41
2021-01-12,7.39,7.55,7.29,7.42
2021-01-13,7.32,7.41,7.14,7.15
2021-01-14,7.13,7.69,7.11,7.53
2021-01-15,7.45,7.6,7.4,7.57
2021-01-18,7.48,7.6,7.43,7.48
2021-01-19,7.43,7.47,7.2,7.23
2021-01-20,7.22,7.32,7.17,7.28
2021-01-21,7.23,7.32,7.14,7.28
2021-01-22,7.25,7.27,7.0,7.0
2021-01-25,6.95,6.95,6.5,6.65
2021-01-26,6.65,6.83,6.56,6.67
2021-01-27,6.66,6.97,6.61,6.81
2021-01-28,6.73,6.94,6.65,6.67
2021-01-29,6.74,6.94,6.63,6.79
2021-02-01,6.84,7.09,6.82,7.05
2021-02-02,7.04,7.04,6.9,6.95
2021-02-03,6.9,6.94,6.6,6.6
2021-02-04,6.63,6.69,6.27,6.38
2021-02-05,6.41,6.56,6.3,6.32
2021-02-08,6.39,6.47,6.22,6.44
2021-02-09,6.43,6.55,6.38,6.45
2021-02-10,6.44,6.5,6.35,6.36
2021-02-18,6.43,6.65,6.43,6.59
2021-02-19,6.6,6.82,6.56,6.82
2021-02-22,6.84,7.18,6.84,6.91
2021-02-23,6.86,7.05,6.82,6.87
2021-02-24,6.86,7.04,6.86,6.94
2021-02-25,7.0,7.05,6.79,6.8
2021-02-26,6.71,7.0,6.71,6.96
2021-03-01,7.0,7.13,6.97,7.06
2021-03-02,7.03,7.07,6.89,6.98
2021-03-03,6.97,7.06,6.92,7.06
2021-03-04,7.04,7.05,6.91,6.92
2021-03-05,6.88,6.99,6.87,6.93
2021-03-08,6.94,7.03,6.74,6.75
2021-03-09,6.75,6.78,6.4,6.47
2021-03-10,6.53,6.54,6.38,6.4
2021-03-11,6.4,6.55,6.37,6.5
2021-03-12,6.52,6.54,6.41,6.5
2021-03-15,6.5,6.53,6.39,6.46
2021-03-16,6.44,6.57,6.42,6.56
2021-03-17,6.56,6.58,6.49,6.53
2021-03-18,6.51,6.53,6.41,6.42
2021-03-19,6.4,6.44,6.34,6.36
2021-03-22,6.38,6.46,6.38,6.44
2021-03-23,6.46,6.56,6.4,6.51
2021-03-24,6.51,6.53,6.42,6.42
2021-03-25,6.41,6.53,6.36,6.47
2021-03-26,6.49,6.55,6.45,6.52
2021-03-29,6.52,6.58,6.46,6.46
2021-03-30,6.46,6.46,6.35,6.37
2021-03-31,6.41,6.41,6.35,6.39
2021-04-01,6.41,6.48,6.35,6.42
2021-04-02,6.42,6.47,6.41,6.45
2021-04-06,6.46,6.51,6.43,6.49
2021-04-07,6.46,6.48,6.36,6.4
2021-04-08,6.45,6.59,6.42,6.42
2021-04-09,6.39,6.42,6.36,6.37
2021-04-12,6.37,6.38,6.19,6.19
2021-04-13,6.2,6.23,6.15,6.2
2021-04-14,6.17,6.22,6.13,6.21
2021-04-15,6.23,6.33,6.21,6.24
2021-04-16,6.24,6.31,6.23,6.3
2021-04-19,6.39,6.42,6.34,6.41
2021-04-20,6.4,7.05,6.36,6.78
2021-04-21,6.59,6.62,6.47,6.52
2021-04-22,6.53,6.75,6.46,6.7
2021-04-23,6.92,7.36,6.84,6.86
2021-04-26,6.74,6.88,6.61,6.61
2021-04-27,6.57,6.68,6.52,6.54
2021-04-28,6.5,6.63,6.47,6.55
2021-04-29,6.48,6.59,6.45,6.52
2021-04-30,6.52,6.55,6.34,6.37
2021-05-06,6.4,6.4,6.33,6.38
2021-05-07,6.37,6.51,6.34,6.4
2021-05-10,6.4,6.84,6.37,6.66
2021-05-11,6.59,6.71,6.55,6.69
2021-05-12,6.98,7.27,6.94,7.16
2021-05-13,7.38,7.55,7.08,7.13
2021-05-14,7.25,7.35,7.0,7.19
2021-05-17,7.41,7.53,7.16,7.16
2021-05-18,7.03,7.16,6.91,7.07
2021-05-19,7.03,7.09,6.85,6.86
2021-05-20,6.87,6.9,6.73,6.75
2021-05-21,6.75,6.86,6.67,6.73
2021-05-24,6.74,6.96,6.63,6.94
2021-05-25,7.1,7.26,7.01,7.2
2021-05-26,7.21,7.41,7.19,7.2
2021-05-27,7.11,7.36,7.11,7.3
2021-05-28,7.38,8.03,7.23,8.03
2021-05-31,8.4,8.82,8.21,8.43
2021-06-01,8.3,9.16,8.28,8.78
2021-06-02,8.86,8.87,8.38,8.55
2021-06-03,8.59,8.68,8.07,8.12
2021-06-04,8.01,8.29,7.96,8.1
2021-06-07,8.18,8.91,8.1,8.91
2021-06-08,9.15,9.74,8.9,9.07
2021-06-09,8.99,9.92,8.71,9.55
2021-06-10,9.26,10.29,9.2,9.91
2021-06-11,9.75,10.28,9.52,9.68
2021-06-15,9.31,9.4,8.99,8.99
2021-06-16,8.48,9.24,8.21,8.7
2021-06-17,8.65,9.57,8.58,9.47
2021-06-18,9.22,9.69,9.13,9.33
2021-06-21,9.45,9.7,9.21,9.42
2021-06-22,9.32,9.51,8.85,9.0
2021-06-23,8.91,9.21,8.78,9.14
2021-06-24,9.03,9.3,8.68,8.68
2021-06-25,8.59,8.87,8.33,8.39
2021-06-28,8.37,8.75,8.33,8.63
2021-06-29,8.88,9.49,8.7,9.49
2021-06-30,9.88,10.43,9.7,10.17
2021-07-01,10.31,10.89,9.84,9.95
2021-07-02,9.8,10.85,9.8,10.41
2021-07-05,10.6,10.69,10.16,10.52
2021-07-06,10.6,10.76,10.04,10.27
2021-07-07,9.94,10.21,9.8,10.11
2021-07-08,10.05,10.29,9.8,9.81
2021-07-09,9.68,10.07,9.56,9.85
2021-07-12,10.12,10.35,9.93,10.22
2021-07-13,10.04,10.13,9.74,9.89
2021-07-14,9.8,10.2,9.7,10.15
2021-07-15,10.35,10.44,9.8,9.99
2021-07-16,9.85,10.15,9.71,9.71
2021-07-19,9.63,9.65,9.03,9.08
2021-07-20,9.0,9.15,8.83,9.14
2021-07-21,9.18,9.37,9.07,9.27
2021-07-22,9.28,9.28,9.03,9.06
2021-07-23,9.02,9.17,8.8,8.85
2021-07-26,8.67,8.9,8.35,8.47
2021-07-27,8.54,8.68,8.36,8.37
2021-07-28,8.36,8.45,7.9,8.05
2021-07-29,8.15,8.39,8.09,8.23
2021-07-30,8.18,8.59,8.1,8.36
2021-08-02,8.19,8.39,8.04,8.35
2021-08-03,8.28,8.51,8.1,8.14
2021-08-04,8.09,8.24,8.06,8.14
2021-08-05,8.09,8.14,7.81,7.88
2021-08-06,7.88,8.02,7.75,7.87
2021-08-09,7.84,8.14,7.77,8.11
2021-08-10,8.16,8.17,8.02,8.11
2021-08-11,8.15,8.15,7.95,8.01
2021-08-12,7.99,8.35,7.97,8.27
2021-08-13,8.25,8.25,8.02,8.11
2021-08-16,8.02,8.09,7.95,8.0
2021-08-17,8.01,8.03,7.74,7.76
2021-08-18,7.76,7.76,7.48,7.7
2021-08-19,7.71,7.84,7.63,7.71
2021-08-20,7.67,7.69,7.5,7.58
2021-08-23,7.58,7.77,7.58,7.74
2021-08-24,7.74,7.79,7.66,7.67
2021-08-25,7.67,7.67,7.51,7.53
2021-08-26,7.53,7.54,7.29,7.3
2021-08-27,7.3,7.41,7.18,7.35
2021-08-30,7.36,7.53,7.34,7.37
2021-08-31,7.33,7.51,7.21,7.38
2021-09-01,7.28,7.52,7.1,7.52
2021-09-02,7.54,7.87,7.42,7.84
2021-09-03,7.83,8.25,7.66,8.13
2021-09-06,8.01,8.23,7.99,8.09
2021-09-07,8.05,8.2,8.03,8.05
2021-09-08,8.06,8.29,8.05,8.26
2021-09-09,8.2,8.2,8.05,8.06
2021-09-10,8.06,8.12,7.96,8.04
2021-09-13,8.05,8.06,7.82,8.0
2021-09-14,8.08,8.8,8.05,8.8
2021-09-15,8.88,9.06,8.48,8.54
2021-09-16,8.58,9.39,8.4,9.13
2021-09-17,9.16,9.16,8.62,8.81
2021-09-22,8.56,8.74,8.41,8.58
2021-09-23,8.51,9.2,8.5,8.92
2021-09-24,9.0,9.5,8.86,8.86
2021-09-27,9.22,9.51,8.9,9.07
2021-09-28,8.61,8.84,8.16,8.17
2021-09-29,8.0,8.01,7.6,7.64
2021-09-30,7.66,7.91,7.66,7.78
2021-10-08,8.04,8.56,8.03,8.56
2021-10-11,8.54,9.21,8.41,9.07
2021-10-12,8.9,9.1,8.74,8.88
2021-10-13,9.01,9.13,8.64,8.84
2021-10-14,8.77,9.12,8.62,8.92
2021-10-15,8.77,9.34,8.77,9.02
2021-10-18,9.08,9.3,8.81,8.98
2021-10-19,9.0,9.88,8.96,9.88
2021-10-20,10.07,10.15,9.55,9.71
2021-10-21,9.69,9.85,9.44,9.65
2021-10-22,9.67,9.76,9.15,9.22
2021-10-25,8.71,8.72,8.3,8.31
2021-10-26,8.3,8.57,8.24,8.55
2021-10-27,8.4,8.4,7.9,8.14
2021-10-28,8.2,8.54,7.88,8.24
2021-10-29,8.16,8.31,8.01,8.26
2021-11-01,8.26,8.37,8.13,8.24
2021-11-02,8.24,8.31,7.9,7.97
2021-11-03,7.95,8.12,7.91,8.0
2021-11-04,8.02,8.21,8.01,8.17
2021-11-05,8.17,8.45,8.13,8.37
2021-11-08,8.34,8.38,8.0,8.21
2021-11-09,8.22,8.62,8.22,8.47
2021-11-10,8.48,8.5,8.26,8.37
2021-11-11,8.27,8.44,8.18,8.32
2021-11-12,8.28,8.36,8.23,8.3
2021-11-15,8.29,8.55,8.23,8.41
2021-11-16,8.42,8.49,8.32,8.36
2021-11-17,8.31,8.5,8.18,8.45
2021-11-18,8.42,8.58,8.12,8.15
2021-11-19,8.12,8.19,8.04,8.17
2021-11-22,8.19,8.24,8.05,8.16
2021-11-23,8.11,8.22,8.06,8.15
2021-11-24,8.13,8.29,8.08,8.17
2021-11-25,8.17,8.45,8.1,8.36
2021-11-26,8.36,8.36,8.12,8.23
2021-11-29,8.1,8.2,8.05,8.09
2021-11-30,8.09,8.24,8.08,8.15
2021-12-01,8.14,8.36,8.13,8.26
2021-12-02,8.24,8.33,8.1,8.12
2021-12-03,8.11,8.17,8.08,8.13
2021-12-06,8.11,8.15,8.0,8.03
2021-12-07,8.03,8.09,7.85,7.9
2021-12-08,7.9,8.0,7.9,7.96
2021-12-09,7.93,8.08,7.92,8.04
2021-12-10,8.03,8.08,7.97,8.04
2021-12-13,8.03,8.1,8.01,8.07
2021-12-14,8.06,8.23,8.03,8.21
2021-12-15,8.2,8.26,8.11,8.12
2021-12-16,8.13,8.18,8.11,8.16
2021-12-17,8.15,8.16,8.02,8.06
2021-12-20,8.03,8.05,7.87,7.9
2021-12-21,7.9,8.1,7.89,8.07
2021-12-22,8.12,8.19,8.07,8.15
2021-12-23,8.15,8.31,8.09,8.18
2021-12-24,8.23,8.27,7.97,8.0
2021-12-27,8.28,8.5,8.12,8.44
2021-12-28,8.34,8.39,8.21,8.34
2021-12-29,8.3,8.32,8.17,8.19
2021-12-30,8.16,8.29,8.14,8.25
2021-12-31,8.28,8.34,8.19,8.25
2022-01-04,8.28,8.64,8.23,8.54
2022-01-05,8.58,8.65,8.38,8.61
2022-01-06,8.53,8.71,8.42,8.57
2022-01-07,8.53,8.69,8.27,8.28
2022-01-10,8.18,8.34,7.98,8.28
2022-01-11,8.29,8.39,8.13,8.16
2022-01-12,8.15,8.25,8.14,8.2
2022-01-13,8.33,8.41,8.21,8.24
2022-01-14,8.15,8.27,8.09,8.09
2022-01-17,8.27,8.88,8.19,8.68
2022-01-18,9.12,9.55,9.05,9.14
2022-01-19,9.04,9.44,9.01,9.24
2022-01-20,9.2,9.36,8.9,9.0
2022-01-21,9.01,9.18,8.68,8.73
2022-01-24,8.76,8.99,8.7,8.75
2022-01-25,8.7,8.77,7.88,7.88
2022-01-26,7.89,7.98,7.37,7.49
2022-01-27,7.51,7.55,6.86,6.9
2022-01-28,6.95,7.07,6.87,6.94
2022-02-07,7.11,7.18,6.98,7.06
2022-02-08,7.01,7.25,6.95,7.21
2022-02-09,7.25,7.57,7.22,7.55
2022-02-10,7.48,7.55,7.38,7.43
2022-02-11,7.43,7.54,7.32,7.37
2022-02-14,7.27,7.37,7.12,7.32
2022-02-15,7.32,7.43,7.26,7.34
2022-02-16,7.43,7.5,7.3,7.35
2022-02-17,7.25,7.32,7.2,7.21
2022-02-18,7.5,7.88,7.44,7.77
2022-02-21,8.18,8.54,7.96,8.37
2022-02-22,8.04,8.24,7.95,8.04
2022-02-23,8.04,8.26,8.04,8.1
2022-02-24,8.01,8.43,7.67,7.82
2022-02-25,7.94,8.15,7.84,7.87
2022-02-28,7.99,8.07,7.8,7.93
2022-03-01,7.99,8.06,7.82,8.04
2022-03-02,7.93,8.02,7.86,7.95
2022-03-03,7.96,7.98,7.73,7.75
2022-03-04,7.67,7.75,7.58,7.6
2022-03-07,7.59,8.05,7.42,7.87
2022-03-08,7.75,7.87,7.4,7.41
2022-03-09,7.38,7.47,6.95,7.41
2022-03-10,7.53,7.59,7.28,7.29
2022-03-11,7.14,7.41,7.08,7.4
2022-03-14,7.45,7.55,7.16,7.2
2022-03-15,7.12,7.24,6.87,6.89
2022-03-16,7.0,7.2,6.81,7.16
2022-03-17,7.22,7.32,7.15,7.2
2022-03-18,7.16,7.23,7.1,7.19
2022-03-21,7.14,7.19,6.96,7.06
2022-03-22,7.04,7.13,6.97,7.09
2022-03-23,7.07,7.15,7.01,7.08
2022-03-24,7.06,7.06,6.93,6.93
2022-03-25,7.01,7.02,6.85,6.87
2022-03-28,6.95,7.55,6.94,7.45
2022-03-29,7.2,7.26,7.1,7.11
2022-03-30,7.08,7.13,6.91,7.08
2022-03-31,6.9,7.02,6.84,6.85
2022-04-01,6.78,6.84,6.62,6.77
2022-04-06,6.77,6.93,6.76,6.85
2022-04-07,6.84,6.91,6.68,6.69
2022-04-08,6.7,6.74,6.42,6.47
2022-04-11,6.46,6.46,6.1,6.14
2022-04-12,6.2,6.45,6.14,6.37
2022-04-13,6.35,6.35,6.18,6.2
2022-04-14,6.28,6.31,6.22,6.23
2022-04-15,6.21,6.21,6.06,6.11
2022-04-18,6.02,6.09,5.92,6.06
2022-04-19,6.08,6.14,6.02,6.06
2022-04-20,6.11,6.2,5.96,5.99
2022-04-21,5.9,5.92,5.55,5.58
2022-04-22,5.56,5.6,5.45,5.5
2022-04-25,5.45,5.45,4.95,4.95
2022-04-26,4.99,5.09,4.81,4.84
2022-04-27,4.8,5.05,4.67,5.05
2022-04-28,5.25,5.25,4.96,5.03
2022-04-29,5.11,5.32,5.1,5.29
2022-05-05,5.35,5.48,5.22,5.45
2022-05-06,5.26,5.89,5.23,5.62
2022-05-09,5.6,5.71,5.53,5.59
2022-05-10,5.5,5.81,5.47,5.75
2022-05-11,5.76,5.94,5.71,5.71
2022-05-12,5.69,5.84,5.67,5.77
2022-05-13,5.75,5.88,5.72,5.79
2022-05-16,5.82,5.88,5.74,5.77
2022-05-17,5.78,5.8,5.66,5.8
2022-05-18,5.86,5.96,5.85,5.9
2022-05-19,5.79,5.87,5.74,5.85
2022-05-20,5.88,5.92,5.8,5.89
2022-05-23,5.89,6.12,5.85,6.06
2022-05-24,6.06,6.07,5.65,5.67
2022-05-25,5.67,6.24,5.67,6.24
2022-05-26,6.14,6.73,6.05,6.41
2022-05-27,6.3,6.41,6.14,6.2
2022-05-30,6.15,6.24,6.1,6.17
2022-05-31,6.18,6.21,6.05,6.18
2022-06-01,6.18,6.24,6.12,6.2
2022-06-02,6.24,6.29,6.11,6.29
2022-06-06,6.25,6.44,6.23,6.36
2022-06-07,6.38,6.41,6.24,6.33
2022-06-08,6.38,6.61,6.3,6.52
2022-06-09,6.45,6.49,6.2,6.21
2022-06-10,6.17,6.35,6.15,6.19
2022-06-13,6.15,6.48,6.13,6.39
2022-06-14,6.3,6.36,6.08,6.35
2022-06-15,6.35,6.44,6.29,6.34
2022-06-16,6.35,6.47,6.32,6.38
2022-06-17,6.33,6.4,6.21,6.27
2022-06-20,6.46,6.9,6.35,6.65
2022-06-21,6.54,6.61,6.33,6.41
2022-06-22,6.33,6.39,6.18,6.18
2022-06-23,6.18,6.39,6.18,6.38
2022-06-24,6.41,6.51,6.38,6.42
2022-06-27,6.39,6.43,6.29,6.35
2022-06-28,6.32,6.44,6.24,6.42
2022-06-29,6.42,6.59,6.39,6.41
2022-06-30,6.39,6.46,6.36,6.41
2022-07-01,6.39,6.48,6.31,6.34
2022-07-04,6.36,6.4,6.28,6.35
2022-07-05,6.35,6.36,6.15,6.21
2022-07-06,6.21,6.22,6.06,6.1
2022-07-07,6.13,6.2,6.11,6.17
2022-07-08,6.17,6.32,6.13,6.25
2022-07-11,6.2,6.23,6.08,6.1
2022-07-12,6.11,6.16,5.98,5.98
2022-07-13,6.02,6.08,6.0,6.05
2022-07-14,6.0,6.14,5.98,6.09
2022-07-15,6.05,6.07,5.86,5.87
2022-07-18,5.87,6.19,5.84,6.19
2022-07-19,6.25,6.81,6.22,6.81
2022-07-20,6.9,7.17,6.82,6.85
2022-07-21,6.74,7.0,6.69,6.74
2022-07-22,6.78,6.85,6.57,6.59
2022-07-25,6.67,6.76,6.5,6.71
2022-07-26,6.67,6.77,6.61,6.68
2022-07-27,6.69,6.88,6.62,6.81
2022-07-28,6.95,6.98,6.7,6.76
2022-07-29,6.76,6.94,6.65,6.82
2022-08-01,6.78,6.95,6.69,6.81
2022-08-02,6.7,6.71,6.36,6.57
2022-08-03,6.56,6.72,6.5,6.51
2022-08-04,6.56,6.73,6.56,6.73
2022-08-05,6.78,6.91,6.71,6.91
2022-08-08,6.9,7.0,6.83,7.0
2022-08-09,6.98,7.0,6.85,6.93
2022-08-10,6.92,6.92,6.79,6.82
2022-08-11,6.88,6.96,6.85,6.9
2022-08-12,6.88,7.05,6.82,6.93
2022-08-15,6.93,6.95,6.8,6.84
2022-08-16,6.88,6.92,6.74,6.81
2022-08-17,6.83,6.9,6.76,6.89
2022-08-18,6.87,7.09,6.72,7.01
2022-08-19,7.03,7.28,6.86,6.87
2022-08-22,6.75,6.98,6.71,6.91
2022-08-23,6.91,7.15,6.88,7.06
2022-08-24,7.03,7.06,6.6,6.64
2022-08-25,6.7,6.72,6.47,6.59
2022-08-26,6.65,6.82,6.59,6.61
2022-08-29,6.58,6.58,6.35,6.44
2022-08-30,6.42,6.72,6.36,6.62
2022-08-31,6.6,6.73,6.41,6.45
2022-09-01,6.59,7.1,6.59,7.1
2022-09-02,7.3,7.39,7.05,7.15
2022-09-05,7.02,7.15,6.97,7.06
2022-09-06,7.02,7.16,6.96,7.04
2022-09-07,7.0,7.01,6.82,6.85
2022-09-08,6.85,6.91,6.66,6.68
2022-09-09,6.68,6.74,6.62,6.72
2022-09-13,6.72,6.82,6.62,6.65
2022-09-14,6.57,6.65,6.44,6.63
2022-09-15,6.67,6.68,6.3,6.4
2022-09-16,6.36,6.56,6.32,6.32
2022-09-19,6.32,6.33,6.07,6.1
2022-09-20,6.13,6.23,6.12,6.16
2022-09-21,6.18,6.24,5.95,6.22
2022-09-22,6.13,6.33,6.12,6.22
2022-09-23,6.2,6.24,5.99,6.01
2022-09-26,5.97,5.99,5.77,5.78
2022-09-27,5.8,6.0,5.8,6.0
2022-09-28,5.95,5.99,5.82,5.83
2022-09-29,5.9,5.94,5.71,5.75
2022-09-30,5.76,5.82,5.69,5.7
2022-10-10,5.7,5.76,5.58,5.59
2022-10-11,5.59,5.72,5.59,5.68
2022-10-12,5.63,6.03,5.63,6.03
2022-10-13,5.98,6.44,5.94,6.18
2022-10-14,6.11,6.29,6.1,6.24
2022-10-17,6.23,6.86,6.21,6.86
2022-10-18,7.1,7.1,6.63,6.68
2022-10-19,6.69,6.75,6.57,6.65
2022-10-20,6.64,6.88,6.55,6.76
2022-10-21,6.73,7.07,6.61,6.88
2022-10-24,6.86,7.24,6.81,6.9
2022-10-25,6.8,6.87,6.64,6.8
2022-10-26,6.79,7.16,6.77,7.0
2022-10-27,6.94,7.5,6.89,7.11
2022-10-28,7.04,7.31,6.96,6.96
2022-10-31,7.07,7.58,7.01,7.41
2022-11-01,7.57,8.05,7.27,7.59
2022-11-02,7.57,8.09,7.5,7.68
2022-11-03,7.53,7.66,7.17,7.44
2022-11-04,7.4,7.44,7.24,7.38
2022-11-07,7.41,7.53,7.1,7.3
2022-11-08,7.22,7.45,7.06,7.34
2022-11-09,7.23,7.53,7.14,7.29
2022-11-10,7.21,7.48,7.2,7.27
2022-11-11,7.44,7.62,7.18,7.31
2022-11-14,7.23,7.38,7.18,7.29
2022-11-15,7.2,7.78,7.2,7.57
2022-11-16,7.46,7.6,7.36,7.43
2022-11-17,7.5,7.65,7.3,7.65
2022-11-18,7.66,7.74,7.3,7.36
2022-11-21,7.27,7.51,7.14,7.37
2022-11-22,7.27,7.33,7.04,7.07
2022-11-23,7.06,7.14,6.85,7.02
2022-11-24,6.99,7.16,6.99,7.04
2022-11-25,7.0,7.07,6.9,6.9
2022-11-28,6.8,6.94,6.77,6.82
2022-11-29,6.8,7.07,6.79,7.03
2022-11-30,7.02,7.04,6.9,6.93
2022-12-01,6.97,7.12,6.94,7.11
2022-12-02,7.13,7.24,7.03,7.13
2022-12-05,7.1,7.26,7.1,7.24
2022-12-06,7.24,7.28,7.07,7.1
2022-12-07,7.1,7.12,6.98,7.06
2022-12-08,7.03,7.08,6.85,6.85
2022-12-09,6.85,6.89,6.7,6.74
2022-12-12,6.75,6.84,6.7,6.81
2022-12-13,6.79,6.81,6.5,6.5
2022-12-14,6.53,6.9,6.51,6.72
2022-12-15,6.68,6.86,6.62,6.76
2022-12-16,6.7,6.74,6.53,6.54
2022-12-19,6.59,6.61,6.44,6.46
2022-12-20,6.55,6.63,6.34,6.39
2022-12-21,6.37,6.44,6.32,6.38
2022-12-22,6.43,6.47,6.28,6.29
2022-12-23,6.28,6.48,6.25,6.39
2022-12-26,6.39,6.64,6.37,6.61
2022-12-27,6.6,6.64,6.46,6.58
2022-12-28,6.58,6.58,6.42,6.45
2022-12-29,6.44,6.54,6.4,6.4
2022-12-30,6.46,6.73,6.43,6.63
2023-01-03,6.64,7.05,6.63,7.01
2023-01-04,7.03,7.25,7.01,7.19
2023-01-05,7.18,7.23,7.11,7.15
2023-01-06,7.14,7.18,7.01,7.05
2023-01-09,7.07,7.19,7.04,7.08
2023-01-10,7.07,7.32,7.0,7.22
2023-01-11,7.19,7.2,7.01,7.05
2023-01-12,7.31,7.42,6.92,7.08
2023-01-13,7.05,7.08,6.9,6.98
2023-01-16,7.0,7.23,6.98,7.19
2023-01-17,7.15,7.21,7.08,7.11
2023-01-18,7.12,7.3,7.12,7.2
2023-01-19,7.16,7.38,7.16,7.35
2023-01-20,7.4,7.46,7.29,7.37
2023-01-30,6.99,7.14,6.81,7.08
2023-01-31,7.08,7.08,6.96,7.03
2023-02-01,7.03,7.4,6.98,7.39
2023-02-02,7.41,7.54,7.31,7.36
2023-02-03,7.36,7.65,7.31,7.6
2023-02-06,7.75,7.85,7.53,7.7
2023-02-07,7.54,7.67,7.43,7.64
2023-02-08,7.75,7.8,7.44,7.64
2023-02-09,7.59,7.99,7.4,7.95
2023-02-10,7.94,8.05,7.77,7.88
2023-02-13,7.78,8.45,7.69,8.38
2023-02-14,8.3,8.34,8.05,8.23
2023-02-15,8.45,9.0,8.22,8.54
2023-02-16,8.58,9.39,8.45,9.04
2023-02-17,9.8,9.94,9.48,9.48
2023-02-20,9.95,10.43,9.81,10.43
2023-02-21,10.68,11.1,9.95,10.15
2023-02-22,10.36,10.56,10.08,10.56
2023-02-23,10.25,10.32,9.5,9.5
2023-02-24,9.9,10.45,9.82,10.45
2023-02-27,10.94,11.19,10.63,10.83
2023-02-28,11.13,11.32,10.11,10.7
2023-03-01,10.49,11.45,10.4,10.96
2023-03-02,10.74,11.14,10.53,11.04
2023-03-03,10.7,12.14,10.7,11.79
2023-03-06,11.61,11.7,11.05,11.55
2023-03-07,11.39,11.64,11.1,11.42
2023-03-08,11.23,11.47,10.92,11.28
2023-03-09,11.16,11.38,10.86,10.92
2023-03-10,10.64,10.76,10.22,10.22
2023-03-13,10.12,10.64,10.02,10.6
2023-03-14,10.46,10.6,10.12,10.17
2023-03-15,10.4,10.48,9.92,9.96
2023-03-16,9.91,10.12,9.76,9.87
2023-03-17,10.02,10.59,9.96,10.46
2023-03-20,10.99,11.45,10.59,10.64
2023-03-21,10.69,11.21,10.59,11.08
2023-03-22,11.05,12.19,11.02,12.19
2023-03-23,12.5,13.0,11.93,12.76
2023-03-24,12.63,14.04,12.55,14.04
2023-03-27,14.99,15.44,14.76,15.44
2023-03-28,15.44,16.68,15.13,15.92
2023-03-29,15.98,16.65,15.54,15.67
2023-03-30,15.63,16.2,15.01,15.66
2023-03-31,15.45,15.79,14.7,15.52
2023-04-03,15.87,17.07,15.58,16.78
2023-04-04,16.2,16.34,15.43,15.67
2023-04-06,15.0,15.65,14.65,14.89
2023-04-07,14.91,15.15,14.24,14.96
2023-04-10,14.5,14.59,13.46,13.46
2023-04-11,13.62,14.45,13.61,14.3
2023-04-12,14.21,14.64,13.98,14.31
2023-04-13,14.14,14.3,13.66,13.7
2023-04-14,13.71,13.79,12.9,13.45
2023-04-17,13.41,13.62,13.1,13.52
2023-04-18,13.53,14.36,13.4,14.23
2023-04-19,14.0,15.63,13.86,15.3
2023-04-20,15.56,15.9,14.9,15.7
2023-04-21,15.2,15.23,14.13,14.15
2023-04-24,13.65,14.0,13.21,13.56
2023-04-25,13.58,14.06,13.21,13.85
2023-04-26,13.5,13.57,12.47,12.47
2023-04-27,11.99,12.32,11.37,11.59
2023-04-28,11.61,12.16,11.61,12.13
2023-05-04,12.02,13.27,11.71,12.76
2023-05-05,12.48,13.03,12.41,12.59
2023-05-08,12.9,13.3,12.59,12.77
2023-05-09,12.15,12.68,11.96,12.0
2023-05-10,11.96,12.41,11.92,12.1
2023-05-11,12.09,12.31,11.47,11.51
2023-05-12,11.44,12.1,11.4,11.8
2023-05-15,11.92,12.04,11.52,11.94
2023-05-16,11.73,11.81,11.19,11.25
2023-05-17,11.16,12.38,11.09,12.38
2023-05-18,12.4,13.36,12.28,12.93
2023-05-19,13.0,13.18,12.56,12.67
2023-05-22,12.38,12.8,12.05,12.14
2023-05-23,11.9,12.0,11.51,11.63
2023-05-24,11.7,11.98,11.55,11.72
2023-05-25,12.18,12.3,11.71,12.17
2023-05-26,12.09,13.39,11.93,13.39
2023-05-29,13.81,14.37,13.76,14.19
2023-05-30,13.86,14.99,13.6,14.38
2023-05-31,14.39,14.72,14.07,14.29
2023-06-01,13.9,15.3,13.79,14.57
2023-06-02,14.6,14.76,14.23,14.25
2023-06-05,14.69,15.32,14.58,14.99
2023-06-06,14.67,14.98,14.04,14.06
2023-06-07,14.35,14.75,14.11,14.57
2023-06-08,14.17,16.03,13.8,16.03
2023-06-09,16.99,17.63,16.8,17.63
2023-06-12,19.39,19.39,19.39,19.39
2023-06-13,20.11,21.32,18.82,19.09
2023-06-14,18.0,19.62,17.28,18.74
2023-06-15,17.81,19.5,17.66,18.83
2023-06-16,18.6,19.99,18.45,19.31
2023-06-19,18.95,19.79,18.94,19.11
2023-06-20,18.8,20.9,18.6,20.4
2023-06-21,20.63,21.04,19.71,20.11
2023-06-26,19.6,20.7,18.17,18.18
2023-06-27,18.77,20.0,18.4,20.0
2023-06-28,20.2,21.35,19.5,20.3
2023-06-29,20.51,20.7,18.88,19.29
2023-06-30,18.71,19.76,18.22,19.31
2023-07-03,19.31,20.27,19.02,19.46
2023-07-04,19.1,21.4,18.69,20.75
2023-07-05,20.51,21.15,19.64,19.78
2023-07-06,19.59,21.76,19.59,21.76
2023-07-07,22.81,22.98,20.8,20.81
2023-07-10,21.6,22.1,20.8,21.19
2023-07-11,20.61,23.2,20.2,22.45
2023-07-12,22.49,22.7,21.55,21.89
2023-07-13,22.69,22.85,21.05,21.99
2023-07-14,21.4,22.41,20.5,20.86
2023-07-17,20.28,20.45,19.35,19.45
2023-07-18,19.46,19.85,18.73,18.78
2023-07-19,18.8,18.97,18.12,18.25
2023-07-20,18.25,18.36,17.48,17.92
2023-07-21,17.9,18.07,17.35,17.36
2023-07-24,17.07,18.34,16.96,17.86
2023-07-25,18.01,18.95,17.69,18.41
2023-07-26,17.5,17.77,16.63,16.89
2023-07-27,17.34,17.78,16.78,17.3
2023-07-28,17.04,17.26,16.9,16.97
2023-07-31,17.1,18.02,16.82,17.67
2023-08-01,17.68,18.2,17.0,17.94
2023-08-02,17.78,19.0,17.68,18.8
2023-08-03,18.43,18.84,18.06,18.42
2023-08-04,18.27,18.77,18.11,18.43
2023-08-07,18.54,18.7,18.0,18.08
2023-08-08,17.89,18.19,17.44,17.54
2023-08-09,17.4,17.66,16.95,17.0
2023-08-10,16.33,16.6,15.94,16.16
2023-08-11,16.3,16.39,15.57,15.63
2023-08-14,15.4,16.76,15.4,16.58
2023-08-15,16.6,16.75,15.98,16.2
2023-08-16,16.19,16.19,15.55,15.61
2023-08-17,15.55,16.12,15.36,15.88
2023-08-18,15.87,15.87,15.17,15.18
2023-08-21,15.17,16.09,15.06,15.57
2023-08-22,15.92,16.5,15.48,16.42
2023-08-23,16.1,16.16,15.38,15.4
2023-08-24,15.8,15.85,15.3,15.31
2023-08-25,15.0,15.0,14.05,14.18
2023-08-28,15.08,15.09,14.3,14.33
2023-08-29,14.32,14.91,14.15,14.84
2023-08-30,15.11,16.32,15.11,16.32
2023-08-31,17.01,17.48,16.75,16.79
2023-09-01,16.71,17.13,16.58,17.0
2023-09-04,17.3,18.7,16.91,18.7
2023-09-05,18.79,19.93,18.25,18.32
2023-09-06,18.32,19.17,18.24,19.05
2023-09-07,18.3,19.46,18.3,18.4
2023-09-08,18.24,19.0,18.0,18.21
2023-09-11,18.06,18.9,17.81,18.41
2023-09-12,18.41,19.59,18.4,19.22
2023-09-13,18.55,18.75,17.78,18.38
2023-09-14,18.14,18.57,18.03,18.2
2023-09-15,18.18,18.55,17.4,17.56
2023-09-18,17.27,18.08,17.26,17.63
2023-09-19,17.4,17.55,16.92,16.96
2023-09-20,17.82,18.66,17.82,18.17
2023-09-21,17.48,18.47,17.34,18.3
2023-09-22,18.1,19.2,17.86,18.99
2023-09-25,19.07,19.47,18.66,18.81
2023-09-26,18.44,18.64,17.85,18.08
2023-09-27,17.92,18.35,17.65,17.77
2023-09-28,17.77,17.98,17.46,17.82
2023-10-09,17.78,18.9,17.71,18.86
2023-10-10,18.85,20.39,18.59,19.65
2023-10-11,19.3,20.1,19.19,19.31
2023-10-12,19.52,19.8,19.0,19.16
2023-10-13,19.02,19.34,18.71,18.85
2023-10-16,18.63,19.85,18.5,19.75
2023-10-17,20.35,20.5,19.08,19.12
2023-10-18,19.8,20.45,19.4,20.06
2023-10-19,19.51,19.97,18.62,18.68
2023-10-20,18.0,18.09,16.81,17.09
2023-10-23,16.81,16.94,15.82,16.05
2023-10-24,16.05,16.52,15.71,16.23
2023-10-25,16.3,17.27,16.1,17.05
2023-10-26,16.85,17.4,16.66,16.92
2023-10-27,16.7,16.89,16.51,16.73
2023-10-30,16.6,17.45,16.51,17.28
2023-10-31,17.29,17.29,16.62,16.89
2023-11-01,16.69,16.98,16.38,16.4
2023-11-02,16.31,16.54,16.05,16.08
2023-11-03,16.25,16.26,16.01,16.2
2023-11-06,16.22,16.83,16.21,16.79
2023-11-07,16.64,17.38,16.56,17.32
2023-11-08,17.6,17.88,17.0,17.38
2023-11-09,17.21,18.43,17.01,18.0
2023-11-10,17.48,17.66,17.08,17.13
2023-11-13,17.15,17.83,17.15,17.65
2023-11-14,17.55,18.44,17.48,18.24
2023-11-15,18.39,18.39,17.76,17.8
2023-11-16,17.64,19.13,17.52,18.33
2023-11-17,18.21,18.49,18.08,18.43
2023-11-20,18.45,18.49,18.01,18.31
2023-11-21,18.33,18.34,17.65,17.81
2023-11-22,17.68,17.92,17.4,17.41
2023-11-23,17.35,17.52,16.87,17.5
2023-11-24,17.45,17.46,16.8,16.83
2023-11-27,16.75,17.12,16.65,16.92
2023-11-28,16.93,16.99,16.6,16.8
2023-11-29,16.78,16.96,16.58,16.84
2023-11-30,16.85,16.86,16.3,16.5
2023-12-01,16.49,16.97,16.37,16.94
2023-12-04,16.94,17.18,16.82,16.83
2023-12-05,16.8,16.81,16.25,16.26
2023-12-06,16.18,16.42,16.0,16.27
2023-12-07,16.3,16.63,16.3,16.53
2023-12-08,16.55,17.09,16.54,16.93
2023-12-11,16.99,17.05,16.68,16.97
2023-12-12,17.0,17.05,16.84,16.9
2023-12-13,16.81,16.88,16.56,16.57
2023-12-14,16.61,16.77,16.28,16.29
2023-12-15,16.27,16.38,16.13,16.22
2023-12-18,16.18,16.22,15.76,15.82
2023-12-19,15.82,15.99,15.64,15.9
2023-12-20,15.92,15.97,15.06,15.11
2023-12-21,15.01,15.47,14.8,15.39
2023-12-22,15.3,15.4,14.6,14.66
2023-12-25,14.6,14.89,14.51,14.7
2023-12-26,14.7,14.75,14.11,14.17
2023-12-27,14.25,14.76,14.25,14.62
2023-12-28,14.54,14.89,14.38,14.77
2023-12-29,14.7,15.1,14.68,15.04
2024-01-02,14.96,15.06,14.73,14.74
2024-01-03,14.72,14.99,14.55,14.83
2024-01-04,14.82,15.47,14.59,15.17
2024-01-05,15.0,15.03,14.51,14.65
2024-01-08,14.4,14.57,14.18,14.19
2024-01-09,14.28,14.39,13.87,13.98
2024-01-10,13.91,13.91,13.5,13.54
2024-01-11,13.55,14.5,13.55,14.38
2024-01-12,14.29,14.54,14.01,14.04
2024-01-15,14.0,14.22,13.86,14.06
2024-01-16,14.11,14.19,13.66,13.91
2024-01-17,13.86,14.1,13.71,13.71
2024-01-18,13.47,13.86,13.24,13.83
2024-01-19,13.79,13.79,13.3,13.3
2024-01-22,13.3,13.39,12.42,12.56
2024-01-23,12.5,13.03,12.42,12.95
2024-01-24,12.95,13.14,12.43,12.9
2024-01-25,12.95,13.48,12.74,13.41
2024-01-26,13.3,13.55,13.16,13.2
2024-01-29,13.18,13.34,12.67,12.69
2024-01-30,12.65,12.84,12.22,12.23
2024-01-31,12.2,12.38,11.52,11.53
2024-02-01,11.5,12.05,11.38,11.65
2024-02-02,11.66,11.85,10.51,10.99
2024-02-05,10.85,10.98,9.9,10.06
2024-02-06,9.87,10.75,9.65,10.58
2024-02-07,10.68,11.54,10.57,11.18
2024-02-08,11.22,11.84,11.22,11.78
2024-02-19,12.55,12.96,12.47,12.96
2024-02-20,13.45,13.71,12.83,13.31
2024-02-21,13.12,13.57,13.02,13.21
2024-02-22,13.55,14.35,13.41,14.11
2024-02-23,14.28,14.4,13.85,14.39
2024-02-26,14.42,14.92,14.12,14.48
2024-02-27,14.3,15.46,14.2,15.45
2024-02-28,15.3,15.53,14.03,14.18
2024-02-29,14.0,14.9,13.91,14.88
2024-03-01,15.0,15.86,14.87,15.66
2024-03-04,16.23,16.35,15.51,16.02
2024-03-05,15.66,16.36,15.54,15.73
2024-03-06,15.38,15.83,15.32,15.59
2024-03-07,15.68,16.18,15.29,15.31
2024-03-08,15.2,15.53,15.06,15.43
2024-03-11,15.18,16.97,15.15,16.97
2024-03-12,17.3,17.78,16.85,16.93
2024-03-13,17.22,17.38,16.81,17.0
2024-03-14,16.6,17.29,16.38,16.76
2024-03-15,16.6,16.8,16.22,16.72
2024-03-18,16.74,17.16,16.62,16.95
2024-03-19,16.8,17.42,16.7,16.99
2024-03-20,16.8,17.04,16.66,16.88
2024-03-21,16.88,17.18,16.84,16.89
2024-03-22,16.89,16.89,16.31,16.5
2024-03-25,16.51,16.86,15.93,15.95
2024-03-26,15.82,16.28,15.37,15.49
2024-03-27,15.44,15.48,14.45,14.46
2024-03-28,14.46,15.43,14.46,15.21
2024-03-29,15.11,15.15,14.71,15.0
2024-04-01,15.32,15.62,15.23,15.58
2024-04-02,15.56,15.57,14.93,15.08
2024-04-03,15.0,15.01,14.53,14.69
2024-04-08,14.66,15.28,14.5,14.92
2024-04-09,14.74,14.87,14.43,14.7
2024-04-10,14.59,14.86,14.24,14.32
2024-04-11,14.15,14.82,14.11,14.45
2024-04-12,14.48,14.64,14.2,14.23
2024-04-15,14.08,14.39,13.49,13.78
2024-04-16,13.59,13.79,12.8,12.81
2024-04-17,13.01,13.7,13.01,13.6
2024-04-18,13.53,13.84,13.28,13.52
2024-04-19,13.52,13.63,13.18,13.22
2024-04-22,12.76,13.19,12.59,12.91
2024-04-23,12.97,13.21,12.92,12.97
2024-04-24,13.07,13.56,12.97,13.48
2024-04-25,13.32,13.69,13.2,13.23
2024-04-26,13.07,13.99,13.07,13.74
2024-04-29,13.78,14.25,13.78,14.16
2024-04-30,14.25,14.4,13.98,14.13
2024-05-06,14.35,14.44,14.04,14.12
2024-05-07,14.1,14.23,13.87,13.98
2024-05-08,13.03,13.3,12.59,12.84
2024-05-09,12.76,13.1,12.71,12.83
2024-05-10,12.83,12.86,12.28,12.33
2024-05-13,12.2,12.27,11.92,12.03
2024-05-14,12.1,12.3,12.05,12.3
2024-05-15,12.28,12.32,12.08,12.13
2024-05-16,12.15,12.4,12.13,12.3
2024-05-17,12.28,12.43,12.1,12.43
2024-05-20,12.73,12.78,12.51,12.65
2024-05-21,12.61,12.65,12.45,12.49
2024-05-22,12.43,12.63,12.38,12.6
2024-05-23,12.63,12.68,12.22,12.25
2024-05-24,12.27,12.35,12.0,12.02
2024-05-27,11.93,12.06,11.7,12.04
2024-05-28,11.98,12.1,11.77,11.78
2024-05-29,11.78,11.92,11.66,11.78
2024-05-30,11.58,11.84,11.45,11.75
2024-05-31,11.83,12.03,11.74,11.99
2024-06-03,12.01,12.07,11.78,11.92
2024-06-04,11.9,11.95,11.67,11.86
2024-06-05,11.9,12.01,11.82,11.84
2024-06-06,11.74,11.92,11.33,11.36
2024-06-07,11.35,11.59,11.24,11.4
2024-06-11,11.24,11.65,11.18,11.62
2024-06-12,11.58,11.94,11.56,11.87
2024-06-13,11.9,12.03,11.82,11.85
2024-06-14,11.77,12.19,11.75,12.18
2024-06-17,11.94,12.1,11.8,12.03
2024-06-18,12.03,12.31,12.03,12.26
2024-06-19,12.36,12.41,12.12,12.21
2024-06-20,12.18,12.21,11.81,11.82
2024-06-21,11.75,12.3,11.6,11.93
2024-06-24,11.78,11.94,11.22,11.25
2024-06-25,11.25,11.32,10.73,10.84
2024-06-26,10.93,11.35,10.78,11.34
2024-06-27,11.18,11.3,11.01,11.03
2024-06-28,11.07,11.34,11.01,11.07
2024-07-01,11.19,11.2,10.88,11.07
2024-07-02,11.13,11.34,11.04,11.17
2024-07-03,11.17,11.17,10.94,10.96
2024-07-04,11.05,11.07,10.64,10.67
2024-07-05,10.6,10.81,10.47,10.67
2024-07-08,10.65,10.65,10.22,10.24
2024-07-09,10.24,10.62,9.99,10.57
2024-07-10,10.57,10.72,10.48,10.55
2024-07-11,10.68,10.83,10.63,10.74
2024-07-12,10.68,10.72,10.49,10.5
2024-07-15,10.35,10.46,10.26,10.3
2024-07-16,10.26,10.49,10.13,10.44
2024-07-17,10.44,10.57,10.17,10.17
2024-07-18,10.11,10.13,9.77,10.04
2024-07-19,9.99,10.45,9.94,10.29
2024-07-22,10.5,11.32,10.45,11.19
2024-07-23,10.96,11.18,10.65,10.67
2024-07-24,10.6,10.79,10.28,10.3
2024-07-25,10.25,10.43,10.09,10.21
2024-07-26,10.2,10.39,10.17,10.33
2024-07-29,10.3,10.4,10.17,10.34
2024-07-30,10.27,10.45,10.16,10.37
2024-07-31,10.38,10.77,10.36,10.76
2024-08-01,10.75,10.93,10.67,10.78
2024-08-02,10.69,10.84,10.5,10.52
2024-08-05,10.5,10.69,10.12,10.14
2024-08-06,10.25,10.43,10.17,10.33
2024-08-07,10.3,10.43,10.24,10.27
2024-08-08,10.56,10.56,10.17,10.31
2024-08-09,10.28,10.38,10.11,10.11
2024-08-12,10.1,10.1,9.9,9.92
2024-08-13,9.98,10.02,9.86,9.98
2024-08-14,10.01,10.19,9.94,10.12
2024-08-15,10.11,10.29,9.98,10.2
2024-08-16,10.25,10.34,10.19,10.27
2024-08-19,10.14,10.33,10.11,10.25
2024-08-20,10.23,10.23,9.82,9.83
2024-08-21,9.77,9.82,9.4,9.48
2024-08-22,9.49,10.4,9.37,9.82
2024-08-23,10.0,10.8,9.99,10.8
2024-08-26,11.2,11.87,10.98,11.32
2024-08-27,11.2,12.05,11.1,11.43
2024-08-28,11.15,11.47,10.69,11.14
2024-08-29,11.15,11.68,11.13,11.29
2024-08-30,11.57,12.27,11.57,11.86
2024-09-02,11.7,11.96,11.19,11.2
2024-09-03,11.15,12.32,11.15,12.32
2024-09-04,12.78,13.21,12.47,12.76
2024-09-05,12.45,13.01,12.36,12.41
2024-09-06,12.2,12.35,11.77,11.79
2024-09-09,11.8,11.88,11.33,11.39
2024-09-10,11.44,12.5,11.06,12.19
2024-09-11,11.88,12.08,11.68,11.72
2024-09-12,11.77,12.25,11.64,11.95
2024-09-13,11.82,12.66,11.55,12.24
2024-09-18,12.03,13.2,12.0,13.02
2024-09-19,12.89,13.2,12.52,12.61
2024-09-20,12.76,13.87,12.73,13.87
2024-09-23,14.09,15.26,14.03,14.66
2024-09-24,14.0,14.34,13.19,13.74
2024-09-25,13.48,14.71,13.4,14.52
2024-09-26,14.19,15.01,14.01,14.56
2024-09-27,14.39,15.58,14.32,15.03
2024-09-30,16.01,16.53,15.8,16.53
2024-10-08,18.18,18.18,18.18,18.18
2024-10-09,20.0,20.0,18.51,20.0
2024-10-10,20.5,21.68,18.0,19.0
2024-10-11,17.11,20.0,17.11,18.98
2024-10-14,18.6,20.88,17.68,20.88
2024-10-15,20.78,22.81,19.98,20.93
2024-10-16,20.0,22.0,20.0,21.03
2024-10-17,21.06,23.0,20.51,22.32
2024-10-18,21.86,23.56,20.86,22.3
2024-10-21,22.3,24.53,22.18,24.53
2024-10-22,26.98,26.98,24.53,25.27
2024-10-23,24.3,25.58,23.0,23.22
2024-10-24,22.3,25.49,21.95,24.9
2024-10-25,24.5,25.41,23.88,24.17
2024-10-28,24.28,25.5,23.77,24.82
2024-10-29,24.51,26.6,24.1,24.87
2024-10-30,24.3,27.28,23.89,26.6
2024-10-31,27.01,28.7,25.99,26.78
2024-11-01,26.0,26.0,24.1,24.1
2024-11-04,21.69,24.1,21.69,23.15
2024-11-05,23.15,25.47,22.69,25.47
2024-11-06,25.47,27.24,24.7,24.9
2024-11-07,24.3,25.55,23.48,24.55
2024-11-08,24.6,26.2,24.59,25.32
2024-11-11,25.32,26.26,24.75,25.6
2024-11-12,25.61,25.73,24.53,24.82
2024-11-13,24.68,25.08,24.1,24.37
2024-11-14,24.29,26.81,23.85,26.39
2024-11-15,26.19,27.38,24.6,25.04
2024-11-18,24.18,24.18,22.54,22.54
2024-11-19,21.0,22.48,21.0,22.31
2024-11-20,22.32,22.6,21.8,22.34
2024-11-21,22.25,23.0,21.88,22.45
2024-11-22,22.24,23.12,21.6,21.89
2024-11-25,21.5,22.29,20.42,21.28
2024-11-26,21.07,21.39,20.31,20.37
2024-11-27,20.18,20.67,19.6,20.66
2024-11-28,20.74,20.9,20.17,20.18
2024-11-29,20.13,20.67,19.66,20.28
2024-12-02,20.28,20.7,20.16,20.65
2024-12-03,20.65,20.84,20.04,20.4
2024-12-04,20.4,20.78,20.02,20.1
2024-12-05,20.0,20.75,19.93,20.61
2024-12-06,20.71,20.9,20.22,20.54
2024-12-09,20.55,20.98,20.24,20.58
2024-12-10,21.21,21.35,20.5,20.56
2024-12-11,20.31,20.7,20.24,20.67
2024-12-12,20.65,20.66,20.26,20.54
2024-12-13,20.39,20.48,19.98,19.99
2024-12-16,19.93,19.93,19.16,19.34
2024-12-17,19.19,19.29,18.66,18.7
2024-12-18,18.69,19.24,18.53,19.07
2024-12-19,18.89,19.74,18.75,19.37
2024-12-20,19.2,19.96,19.14,19.64
2024-12-23,19.7,19.89,18.83,18.91
2024-12-24,18.87,19.04,18.63,18.91
2024-12-25,18.92,18.92,18.26,18.36
2024-12-26,18.36,19.0,18.36,18.91
2024-12-27,18.91,19.35,18.69,18.78
2024-12-30,18.78,19.57,18.46,19.13
2024-12-31,19.13,19.49,18.3,18.31
2025-01-02,18.26,18.38,17.45,17.67
2025-01-03,17.65,17.73,16.54,16.6
2025-01-06,16.59,18.26,16.28,17.69
2025-01-07,17.61,17.8,16.95,17.79
2025-01-08,17.57,17.69,16.68,17.29
2025-01-09,17.21,17.9,17.11,17.3
2025-01-10,17.18,17.77,16.75,16.75
2025-01-13,16.5,16.9,16.33,16.77
2025-01-14,17.0,18.0,16.9,17.95
2025-01-15,17.99,18.05,17.59,17.62
2025-01-16,17.7,18.38,17.56,17.81
2025-01-17,17.6,17.87,17.43,17.6
2025-01-20,17.52,17.72,17.35,17.43
2025-01-21,17.56,17.69,17.01,17.29
2025-01-22,17.12,17.29,16.96,17.09
2025-01-23,17.36,17.81,16.95,16.96
2025-01-24,16.9,17.98,16.81,17.56
2025-01-27,17.7,17.84,16.88,16.88
2025-02-05,18.13,18.57,17.91,18.57
2025-02-06,20.32,20.43,19.51,20.43
2025-02-07,21.37,22.47,21.04,22.47
2025-02-10,24.72,24.72,24.72,24.72
2025-02-11,27.19,27.19,27.19,27.19
2025-02-12,27.95,29.91,27.6,29.91
2025-02-13,32.29,32.9,29.96,30.19
2025-02-14,30.61,33.21,29.48,33.21
2025-02-17,34.5,35.88,31.5,31.78
2025-02-18,31.21,34.76,31.21,34.35
2025-02-19,34.96,37.73,33.6,36.32
2025-02-20,35.1,37.96,35.1,37.96
2025-02-21,38.6,41.76,36.0,41.76
2025-02-24,42.15,44.1,40.26,41.52
2025-02-25,39.02,42.1,37.37,37.37
2025-02-26,38.11,38.7,36.71,37.56
2025-02-27,37.24,37.88,34.9,35.25
2025-02-28,35.25,35.71,33.16,33.5
2025-03-03,33.89,34.92,32.78,34.68
2025-03-04,33.63,35.0,33.63,34.56
2025-03-05,34.59,38.02,33.63,38.02
2025-03-06,39.0,41.82,38.18,40.38
2025-03-07,39.1,39.57,36.34,36.34
2025-03-10,35.23,35.64,33.85,34.0
2025-03-11,33.6,34.63,33.5,34.53
2025-03-12,34.88,36.83,34.11,35.17
2025-03-13,34.66,35.9,33.8,34.74
2025-03-14,34.1,34.98,33.78,34.22
2025-03-17,34.23,35.19,34.23,34.56
2025-03-18,34.6,35.46,34.28,34.97
2025-03-19,34.9,35.3,34.1,34.21
2025-03-20,34.21,37.0,33.52,35.2
2025-03-21,34.43,34.43,31.88,32.04
2025-03-24,31.08,31.49,30.0,30.41
2025-03-25,30.85,30.86,28.93,29.06
2025-03-26,29.0,29.67,28.95,29.31
2025-03-27,29.11,29.48,28.63,28.7
2025-03-28,28.7,29.27,28.18,28.2
2025-03-31,28.18,28.77,27.54,28.6
2025-04-01,29.11,29.61,28.34,29.01
2025-04-02,28.72,29.18,28.45,28.59
2025-04-03,28.03,28.7,27.84,28.07
2025-04-07,26.0,26.98,25.26,25.26
2025-04-08,23.97,24.81,22.97,24.2
2025-04-09,23.52,25.48,22.3,25.09
2025-04-10,25.66,26.48,25.3,25.76
2025-04-11,25.41,26.7,25.41,26.07
2025-04-14,26.35,27.0,26.11,26.24
2025-04-15,26.24,26.8,25.9,26.39
2025-04-16,26.3,27.38,25.61,25.8
2025-04-17,25.85,28.38,25.85,28.38
2025-04-18,28.8,30.43,28.6,29.28
2025-04-21,29.05,30.49,28.6,30.2
2025-04-22,29.8,29.85,28.74,28.74
2025-04-23,29.0,29.29,28.37,28.81
2025-04-24,28.82,28.88,27.66,27.66
2025-04-25,27.75,30.43,27.75,30.43
2025-04-28,31.15,32.11,30.88,31.4
2025-04-29,31.4,32.63,31.09,31.98
2025-04-30,31.84,34.37,31.7,33.3
2025-05-06,33.77,35.95,33.04,35.18
2025-05-07,35.7,35.7,33.72,34.1
2025-05-08,33.7,34.49,33.5,33.68
2025-05-09,33.72,34.95,32.84,33.35
2025-05-12,33.35,34.19,33.2,33.73
2025-05-13,34.01,35.0,33.06,34.59
2025-05-14,34.6,34.69,33.81,34.18
2025-05-15,34.0,34.08,32.6,32.61
2025-05-16,32.16,33.18,32.16,32.88
2025-05-19,33.01,33.14,32.0,32.36
2025-05-20,32.33,33.0,31.41,32.06
2025-05-21,31.83,31.99,31.3,31.4
2025-05-22,31.2,31.58,31.0,31.03
2025-05-23,30.97,31.29,30.5,30.55
2025-05-26,30.58,31.14,30.4,30.82
2025-05-27,30.72,30.75,29.8,29.98
2025-05-28,29.89,30.09,29.29,29.39
2025-05-29,29.54,30.27,29.42,30.11
2025-05-30,29.81,29.81,29.1,29.29
2025-06-03,28.96,29.49,28.82,29.25
2025-06-04,29.24,29.88,29.15,29.52
2025-06-05,29.6,32.35,29.48,31.9
2025-06-06,31.68,31.7,31.01,31.05
2025-06-09,31.12,31.49,30.89,31.14
2025-06-10,31.44,31.6,29.88,30.31
2025-06-11,30.03,30.75,29.86,30.21
2025-06-12,30.02,30.55,29.71,29.96
2025-06-13,29.75,29.93,29.1,29.21
2025-06-16,28.96,29.58,28.9,29.42
2025-06-17,29.42,29.68,29.2,29.33
2025-06-18,29.18,31.28,29.04,30.35
2025-06-19,30.0,30.52,29.5,29.59
2025-06-20,29.7,30.65,29.7,29.77
2025-06-23,28.94,29.63,28.6,29.53
2025-06-24,29.7,30.66,29.59,30.46
2025-06-25,30.45,31.15,30.11,30.91
2025-06-26,30.8,32.39,30.66,31.22
2025-06-27,31.1,31.79,30.64,30.93
2025-06-30,30.93,31.33,30.78,30.95
2025-07-01,30.88,31.48,30.41,31.01
2025-07-02,30.75,30.75,29.9,30.02
2025-07-03,29.9,30.26,29.9,30.03
2025-07-04,29.96,30.68,29.9,30.07
2025-07-07,29.86,30.07,29.6,29.74
2025-07-08,29.77,30.46,29.64,30.37
2025-07-09,30.38,30.5,29.86,29.94
2025-07-10,29.95,30.1,29.63,29.88
2025-07-11,29.91,30.5,29.54,30.26
2025-07-14,30.25,30.44,29.93,30.36
2025-07-15,30.29,31.2,30.1,30.99
2025-07-16,31.35,31.36,30.54,30.65
2025-07-17,30.54,33.58,30.34,32.28
2025-07-18,31.65,32.14,31.5,31.6
2025-07-21,31.4,32.0,31.31,31.75
2025-07-22,31.67,31.67,31.0,31.1
2025-07-23,30.98,31.47,30.82,30.93
2025-07-24,30.69,31.26,30.68,31.23
2025-07-25,31.58,32.6,31.43,32.4
2025-07-28,33.88,34.25,32.4,32.77
2025-07-29,32.26,33.11,31.9,32.27
2025-07-30,31.98,32.02,31.26,31.41
2025-07-31,31.21,33.0,31.2,32.45
2025-08-01,32.83,32.83,31.5,31.77
2025-08-04,31.33,32.3,31.23,32.06
2025-08-05,31.97,32.09,31.61,32.03
2025-08-06,32.0,32.93,31.75,32.58
2025-08-07,32.58,32.65,32.08,32.11
2025-08-08,32.18,32.25,31.32,31.34
2025-08-11,30.88,31.49,30.5,31.47
2025-08-12,31.51,32.2,31.01,31.75
2025-08-13,31.79,32.7,31.47,32.27
2025-08-14,32.0,33.0,31.7,31.8
2025-08-15,31.5,32.56,31.5,32.27
2025-08-18,32.6,34.23,32.6,33.79
2025-08-19,33.8,35.68,33.48,34.16
2025-08-20,33.88,35.32,33.66,34.92
2025-08-21,34.95,35.1,34.0,34.18
2025-08-22,35.06,37.5,34.6,36.09
2025-08-25,37.5,38.54,36.3,36.61
2025-08-26,37.29,40.27,36.73,40.27
2025-08-27,41.09,43.5,40.77,41.3
2025-08-28,40.53,45.43,40.3,44.1
2025-08-29,44.09,44.1,41.41,41.44
2025-09-01,41.16,42.28,39.68,40.92
2025-09-02,40.3,40.3,37.51,37.82
2025-09-03,37.83,38.0,36.1,36.33
2025-09-04,36.22,36.58,33.71,34.56
2025-09-05,34.63,35.84,34.03,35.64
2025-09-08,35.65,36.36,35.3,36.05
2025-09-09,35.96,36.02,34.65,34.68
2025-09-10,34.9,35.49,34.59,35.17
2025-09-11,35.55,37.28,35.04,37.25
2025-09-12,37.57,38.2,37.09,37.19
2025-09-15,37.0,38.22,36.8,37.65
2025-09-16,37.86,39.48,37.38,39.18
2025-09-17,39.0,39.03,38.0,38.48
2025-09-18,38.5,40.94,37.9,39.25
2025-09-19,39.39,39.91,38.8,39.24
2025-09-22,39.5,40.32,38.98,39.8
2025-09-23,39.3,39.39,36.99,37.14
2025-09-24,36.92,37.5,36.37,37.21
2025-09-25,37.0,38.38,36.71,37.46
2025-09-26,36.9,37.01,35.41,35.41
2025-09-29,35.91,36.0,35.08,35.67
2025-09-30,36.48,36.88,35.96,36.14
2025-10-09,36.14,37.15,35.8,36.79
2025-10-10,36.4,36.4,35.01,35.08
2025-10-13,33.0,35.72,33.0,35.32
2025-10-14,35.28,35.56,34.0,34.0
2025-10-15,34.0,34.32,33.47,34.17
2025-10-16,34.06,37.29,33.46,36.09
2025-10-17,35.38,36.66,34.38,34.39
2025-10-20,34.8,35.66,34.3,34.96
2025-10-21,34.62,35.24,34.4,35.09
2025-10-22,35.0,35.17,34.5,34.64
2025-10-23,34.64,35.15,34.29,35.08
2025-10-24,35.55,35.55,34.81,35.01
2025-10-27,35.05,35.67,35.03,35.41
2025-10-28,35.0,35.09,34.6,34.75
2025-10-29,34.68,34.95,34.0,34.86
2025-10-30,34.83,34.83,34.0,34.01
2025-10-31,34.01,34.58,33.86,34.26
2025-11-03,34.27,35.0,34.2,34.95
2025-11-04,34.62,34.76,34.0,34.12
2025-11-05,33.64,33.95,33.1,33.5
2025-11-06,33.72,34.0,33.18,33.87
2025-11-07,33.57,33.59,33.1,33.11
2025-11-10,33.15,33.35,32.5,32.77
2025-11-11,32.83,32.83,31.68,31.71
2025-11-12,31.5,31.67,30.87,31.23
2025-11-13,31.16,31.76,30.97,31.74
2025-11-14,31.45,32.56,31.31,31.93
2025-11-17,32.67,34.47,32.67,33.95
2025-11-18,34.0,35.05,33.47,34.65
2025-11-19,34.85,34.88,33.3,33.52
2025-11-20,33.52,34.5,33.01,34.01
2025-11-21,33.48,34.15,32.21,32.22
2025-11-24,32.6,32.7,30.87,32.26
2025-11-25,32.26,32.8,32.1,32.11
2025-11-26,31.92,32.41,31.57,31.9
2025-11-27,31.61,32.2,31.43,31.45
2025-11-28,31.4,31.67,31.1,31.67
2025-12-01,31.7,32.17,31.66,32.11
2025-12-02,32.26,32.26,31.2,31.21
2025-12-03,31.1,31.2,30.38,30.4
2025-12-04,30.3,30.69,29.85,30.41
2025-12-05,30.35,30.68,29.91,30.65
2025-12-08,30.66,31.19,30.66,31.0
2025-12-09,31.0,31.41,30.57,30.6
2025-12-10,30.3,30.69,30.14,30.59
2025-12-11,30.6,30.7,29.88,29.98
2025-12-12,29.88,30.96,29.69,30.9
2025-12-15,30.66,31.0,30.42,30.51
2025-12-16,30.51,30.58,29.61,29.66
2025-12-17,29.63,30.15,29.13,30.03
2025-12-18,29.8,30.22,29.61,29.62
2025-12-19,29.82,30.2,29.82,30.12
2025-12-22,30.1,30.5,30.1,30.27
2025-12-23,30.27,30.43,29.91,30.04
2025-12-24,29.9,30.7,29.88,30.52
2025-12-25,30.52,30.7,30.4,30.61
2025-12-26,30.54,31.08,30.45,30.7
2025-12-29,31.88,33.77,31.86,33.77
2025-12-30,34.0,34.88,33.84,34.17
2025-12-31,33.75,34.41,33.05,33.1
2026-01-05,33.1,33.99,32.94,33.75
2026-01-06,33.42,34.51,33.26,34.27
2026-01-07,34.27,34.6,33.47,33.73
2026-01-08,34.21,35.28,33.78,34.18
2026-01-09,33.57,35.1,33.4,35.1
2026-01-12,35.77,37.77,35.38,36.88
2026-01-13,36.89,36.99,34.42,34.56
2026-01-14,34.56,36.55,34.56,35.68
2026-01-15,37.4,37.5,35.2,35.31
2026-01-16,34.7,35.38,33.81,34.21
2026-01-19,33.94,34.4,33.63,33.77
2026-01-20,33.85,34.28,32.8,33.15
2026-01-21,32.89,33.66,32.82,33.48
2026-01-22,33.48,34.15,33.41,33.57
2026-01-23,33.39,33.86,33.38,33.75
2026-01-26,33.67,34.49,32.7,33.09
2026-01-27,33.02,33.45,32.0,33.14
2026-01-28,33.3,33.74,33.0,33.16
2026-01-29,33.17,33.8,32.33,32.72
2026-01-30,32.36,32.81,31.55,31.68
2026-02-02,31.68,32.14,31.04,31.04
2026-02-03,31.24,31.77,31.1,31.7
2026-02-04,31.49,31.59,30.9,31.33
2026-02-05,31.0,31.25,30.81,30.9
2026-02-06,30.71,31.2,30.28,30.78
2026-02-09,31.36,31.55,31.19,31.45
2026-02-10,31.52,31.99,31.3,31.8
2026-02-11,31.7,32.22,31.58,31.68
2026-02-12,32.03,32.7,31.91,32.55
2026-02-13,32.5,33.85,32.38,33.16
2026-02-24,33.44,33.48,31.88,32.18
2026-02-25,32.68,32.79,32.22,32.28
2026-02-26,32.3,33.48,32.1,33.2
2026-02-27,33.5,36.52,33.36,36.52
2026-03-02,36.49,37.48,35.65,35.83
2026-03-03,36.17,37.8,35.32,37.51
2026-03-04,36.5,38.99,36.42,37.2
2026-03-05,37.88,37.88,35.05,35.5
2026-03-06,34.88,39.05,34.59,39.05
2026-03-09,39.49,42.96,37.91,42.96
2026-03-10,42.15,44.06,40.72,41.76
2026-03-11,41.51,43.89,41.03,41.08
2026-03-12,40.82,42.5,39.39,39.72
2026-03-13,39.0,39.49,36.46,36.9
2026-03-16,36.5,37.58,35.91,37.32
2026-03-17,37.32,38.5,36.74,37.17
2026-03-18,36.8,40.02,36.52,38.92
2026-03-19,37.5,39.23,37.5,38.13
2026-03-20,38.13,38.5,35.3,35.57
2026-03-23,34.49,36.16,34.15,34.28
2026-03-24,35.0,35.3,33.77,34.97
2026-03-25,35.0,36.28,34.9,35.72
2026-03-26,35.39,35.4,33.43,33.65
2026-03-27,32.87,34.99,32.81,34.73
2026-03-30,33.78,35.5,33.57,35.03
2026-03-31,34.61,35.61,34.18,34.18
2026-04-01,34.87,35.86,34.78,35.23
2026-04-02,34.91,35.0,33.35,33.44
2026-04-03,33.92,34.31,33.22,33.57
2026-04-07,34.04,34.47,33.67,33.81
2026-04-08,35.0,36.3,34.98,36.2
2026-04-09,35.61,36.46,35.61,35.88
2026-04-10,36.25,36.81,35.77,35.79
2026-04-13,35.3,36.38,35.29,35.99
2026-04-14,36.56,36.98,36.13,36.49
2026-04-15,36.75,37.29,36.09,36.4
2026-04-16,36.6,37.44,36.4,37.12
2026-04-17,36.85,37.95,36.71,37.66
2026-04-20,38.27,38.76,37.5,37.67
2026-04-21,37.07,37.28,35.9,36.15
2026-04-22,36.16,39.48,35.66,38.43
2026-04-23,38.04,39.16,38.0,38.22
2026-04-24,37.83,40.66,36.94,39.48
2026-04-27,39.55,39.78,38.15,38.3
2026-04-28,36.88,37.0,34.47,35.03
2026-04-29,34.28,35.38,33.96,34.91
2026-04-30,34.97,35.79,34.7,35.44
2026-05-06,36.16,38.38,36.15,37.6
2026-05-07,37.62,37.9,37.28,37.75
2026-05-08,36.56,36.94,35.8,35.87
2026-05-11,36.28,36.55,35.2,35.22
2026-05-12,35.18,35.18,33.7,34.01
2026-05-13,33.7,35.5,33.42,35.23
2026-05-14,35.53,35.7,33.65,33.67
2026-05-15,33.54,34.11,33.22,33.33
2026-05-18,33.68,34.19,33.55,33.93
2026-05-19,33.84,34.69,33.27,34.68
2026-05-20,34.45,34.68,33.6,33.7
2026-05-21,34.1,34.1,32.22,32.27
2026-05-22,32.27,32.58,31.68,32.23
2026-05-25,32.4,33.45,31.84,33.17
2026-05-26,32.84,33.44,32.01,32.25
2026-05-27,32.0,32.0,30.46,30.55
2026-05-28,30.55,31.09,29.94,30.86
2026-05-29,30.95,31.27,29.55,29.68
2026-06-01,29.74,30.86,29.73,30.48
2026-06-02,30.5,30.59,29.47,30.04
2026-06-03,30.0,30.4,29.65,29.87
2026-06-04,29.56,29.6,28.82,29.03
2026-06-05,29.0,29.1,28.12,28.39
2026-06-08,27.25,28.17,26.65,27.05
2026-06-09,27.49,28.5,26.9,28.1
2026-06-10,28.11,30.91,28.01,30.91
2026-06-11,30.59,30.59,28.88,28.92
2026-06-12,29.2,30.59,28.85,29.81
2026-06-15,29.82,30.3,29.56,30.19
2026-06-16,29.85,30.2,29.41,30.01
2026-06-17,29.7,29.97,29.24,29.5
2026-06-18,29.86,30.76,29.48,30.54
2026-06-22,30.4,31.36,30.01,31.2
2026-06-23,30.79,31.07,29.85,29.86
2026-06-24,29.6,29.6,28.51,29.24
2026-06-25,28.91,29.45,28.29,28.46
2026-06-26,28.32,28.9,26.89,26.89
2026-06-29,26.8,27.4,26.41,26.86
2026-06-30,27.15,28.23,26.88,28.01
2026-07-01,28.1,28.94,27.81,28.47
2026-07-02,28.1,31.32,28.0,29.89
2026-07-03,29.74,30.0,28.83,29.18
2026-07-06,29.18,30.39,28.75,30.1
2026-07-07,29.53,30.3,28.8,28.8
2026-07-08,29.73,31.32,29.19,30.84
2026-07-09,30.0,32.4,29.68,31.92
2026-07-10,31.61,32.98,30.8,32.08
2026-07-13,32.0,33.5,31.8,33.0
2026-07-14,33.65,33.88,30.0,30.59
2026-07-15,29.8,29.8,27.78,28.13
2026-07-16,27.25,30.94,27.22,29.95
2026-07-17,29.2,29.8,27.1,27.38
2026-07-20,27.9,28.68,26.5,27.8
2026-07-21,27.28,28.18,26.38,27.99
2026-07-22,27.51,29.41,27.31,28.73
2026-07-23,28.46,29.07,27.71,28.01
2026-07-24,27.46,28.12,26.84,26.86
2026-07-27,26.5,27.34,25.84,27.26
2026-07-28,26.77,27.19,26.4,26.61
2026-07-29,26.5,26.86,25.38,26.26
2026-07-30,26.0,26.31,24.52,24.59
2026-07-31,25.2,26.45,25.16,25.93
2026-08-03,25.93,26.67,25.9,26.21
2026-08-04,26.5,27.58,26.43,27.38
2026-08-05,27.08,28.18,27.0,27.81
2026-08-06,27.47,27.86,27.01,27.4
2026-08-07,27.4,27.62,26.62,27.19
2026-08-10,26.49,26.65,25.82,26.01
2026-08-11,26.0,26.79,25.5,26.32
2026-08-12,26.6,26.74,26.11,26.27
2026-08-13,26.66,27.08,26.14,26.15
2026-08-14,26.2,26.55,25.73,26.44
2026-08-17,26.42,26.74,25.92,26.71
2026-08-18,26.5,27.93,25.79,27.19
2026-08-19,26.3,26.4,25.65,25.66
2026-08-20,25.66,26.23,25.42,25.67
2026-08-21,25.44,25.8,25.01,25.5
2026-08-24,25.53,25.56,25.01,25.08
2026-08-25,24.9,25.3,24.8,25.18
2026-08-26,25.18,25.55,25.05,25.39
2026-08-27,25.39,25.65,25.34,25.6
2026-08-28,25.66,26.16,25.5,25.5
2026-08-31,25.01,25.63,25.01,25.6
2026-09-01,25.6,26.72,25.58,26.27
2026-09-02,25.79,25.9,25.43,25.47
2026-09-03,25.59,25.76,25.32,25.41
2026-09-04,25.69,25.95,25.39,25.48
2026-09-07,25.81,25.94,25.46,25.88
2026-09-08,25.87,26.16,25.7,25.79
2026-09-09,25.64,26.2,25.23,25.74
2026-09-10,25.4,25.51,25.21,25.22
2026-09-11,25.02,25.6,24.82,25.3
