date,open,high,low,close
2010-04-09,58.0,69.6,58.0,69.57
2010-04-12,65.98,69.96,65.55,66.38
2010-04-13,66.18,68.48,59.74,59.8
2010-04-14,58.0,59.01,56.55,56.56
2010-04-15,56.3,57.88,53.5,53.99
2010-04-16,53.25,53.4,50.05,52.5
2010-04-19,51.46,53.78,51.01,53.08
2010-04-20,53.09,55.34,52.25,55.15
2010-04-21,55.17,57.8,54.52,57.64
2010-04-22,57.89,59.19,57.0,59.0
2010-04-23,58.6,59.47,56.52,57.19
2010-04-26,57.17,59.65,54.12,58.8
2010-04-27,57.9,58.87,54.18,56.4
2010-04-28,55.0,58.76,54.3,58.17
2010-04-29,58.15,61.78,57.68,59.35
2010-04-30,59.0,59.9,56.01,59.23
2010-05-04,57.38,59.12,57.21,57.98
2010-05-05,57.4,60.82,57.4,60.3
2010-05-06,60.27,62.0,58.54,58.96
2010-05-07,57.14,58.78,54.2,54.5
2010-05-10,53.03,56.1,51.61,54.13
2010-05-11,55.48,55.77,53.0,53.99
2010-05-12,54.0,54.49,48.59,48.59
2010-05-13,47.3,48.58,43.92,48.35
2010-05-14,47.5,49.78,46.05,49.22
2010-05-17,48.0,49.22,46.62,47.5
2010-05-18,46.8,48.5,44.5,47.0
2010-05-19,46.54,48.78,46.06,47.93
2010-05-20,47.81,48.62,46.9,47.3
2010-05-21,46.1,48.35,45.92,48.24
2010-05-24,48.7,52.22,48.7,51.25
2010-05-25,51.0,52.22,50.7,51.35
2010-05-26,50.8,51.73,50.5,50.8
2010-05-27,50.81,54.6,50.81,53.45
2010-05-28,53.8,56.46,53.35,56.1
2010-05-31,55.52,56.5,53.38,53.42
2010-06-01,53.15,54.87,51.45,53.32
2010-06-02,53.32,58.6,53.05,57.85
2010-06-03,57.6,58.99,56.86,57.54
2010-06-07,57.5,58.5,56.52,57.96
2010-06-08,57.96,61.17,57.2,60.01
2010-06-09,65.0,65.0,58.0,59.06
2010-06-10,58.26,59.75,58.26,58.98
2010-06-11,59.05,60.5,59.05,59.57
2010-06-17,59.6,60.0,54.77,57.49
2010-06-18,57.0,57.62,54.07,54.53
2010-06-21,55.0,57.21,54.01,56.34
2010-06-22,56.14,60.49,55.74,59.93
2010-06-23,59.88,63.68,59.8,63.68
2010-06-24,63.0,66.4,62.73,64.65
2010-06-25,64.8,64.97,61.85,63.69
2010-06-28,62.99,65.99,62.8,63.55
2010-06-29,63.83,63.83,58.88,59.0
2010-06-30,58.06,58.8,54.0,57.67
2010-07-01,57.01,58.69,56.0,57.0
2010-07-02,56.75,58.37,52.6,55.79
2010-07-05,54.37,55.2,52.7,54.51
2010-07-06,53.79,56.28,53.77,55.36
2010-07-07,54.82,56.37,53.2,53.5
2010-07-08,53.5,55.8,53.5,55.56
2010-07-09,53.99,56.2,50.51,54.7
2010-07-12,54.64,57.95,53.08,57.1
2010-07-13,56.4,57.43,54.9,56.0
2010-07-14,56.8,56.8,53.5,54.0
2010-07-15,53.88,53.92,52.5,52.5
2010-07-16,52.0,53.2,50.8,52.4
2010-07-19,51.1,54.15,51.1,53.79
2010-07-20,53.79,55.1,53.35,54.14
2010-07-21,54.45,54.84,53.93,53.93
2010-07-22,53.87,54.09,52.78,53.97
2010-07-23,53.98,59.37,53.98,59.2
2010-07-26,58.8,58.8,57.4,58.2
2010-07-27,58.2,59.35,57.46,58.5
2010-07-28,58.04,61.0,58.01,59.11
2010-07-29,59.0,60.0,57.88,60.0
2010-07-30,59.99,63.0,59.81,61.09
2010-08-02,61.36,61.5,59.87,60.44
2010-08-03,60.58,60.98,58.41,58.41
2010-08-04,58.4,58.79,57.01,58.65
2010-08-05,59.01,59.39,58.01,58.35
2010-08-06,58.3,58.37,56.32,58.11
2010-08-09,58.01,59.57,57.82,58.97
2010-08-10,58.99,59.15,56.36,56.53
2010-08-11,56.45,57.43,56.3,57.14
2010-08-12,56.0,57.58,56.0,56.88
2010-08-13,56.88,59.08,56.42,59.01
2010-08-16,59.08,59.26,58.55,59.19
2010-08-17,59.3,62.9,59.01,62.71
2010-08-18,62.75,63.56,60.93,63.25
2010-08-19,62.89,64.3,61.0,61.5
2010-08-20,60.98,61.0,59.18,59.4
2010-08-23,59.2,60.49,58.18,59.3
2010-08-24,59.0,60.46,59.0,59.55
2010-08-25,59.55,59.89,58.01,58.5
2010-08-26,58.42,60.28,58.38,60.21
2010-08-27,60.3,61.74,59.83,60.96
2010-08-30,61.58,63.78,61.2,62.31
2010-08-31,61.89,62.2,61.0,61.6
2010-09-01,61.8,61.8,58.62,59.2
2010-09-02,59.88,60.45,59.25,60.43
2010-09-03,60.45,62.0,59.61,61.38
2010-09-06,61.7,62.91,60.4,61.02
2010-09-08,61.0,67.12,61.0,67.12
2010-09-09,66.67,67.46,64.6,65.01
2010-09-10,64.69,66.94,64.55,65.33
2010-09-13,64.8,65.97,64.2,65.44
2010-09-14,65.61,68.0,63.68,64.1
2010-09-15,63.56,63.56,60.9,60.98
2010-09-16,61.53,62.5,60.2,61.7
2010-09-17,61.75,63.36,61.5,62.01
2010-09-20,61.66,62.01,59.6,60.03
2010-09-21,59.68,60.88,59.58,60.69
2010-09-27,61.5,62.0,60.7,61.79
2010-09-28,62.36,62.5,58.81,59.2
2010-09-29,59.2,59.56,55.0,56.1
2010-09-30,56.0,56.93,55.23,56.75
2010-10-08,56.96,59.18,56.96,58.38
2010-10-11,58.0,59.49,56.91,56.92
2010-10-12,56.9,59.03,56.32,58.28
2010-10-13,58.21,58.21,56.91,57.69
2010-10-14,58.5,58.5,55.28,55.4
2010-10-15,55.39,56.6,54.1,54.71
2010-10-18,55.01,55.01,49.24,50.03
2010-10-19,50.2,54.69,50.2,54.45
2010-10-20,53.25,55.99,52.6,53.87
2010-10-21,53.87,54.78,53.0,53.86
2010-10-22,54.31,56.28,54.15,54.59
2010-10-25,55.0,60.05,54.99,59.14
2010-10-26,59.91,59.91,58.07,59.53
2010-10-27,59.98,61.34,59.03,60.0
2010-10-28,60.0,61.8,59.51,60.79
2010-10-29,60.91,63.64,59.5,62.64
2010-11-01,63.58,68.9,63.0,68.9
2010-11-02,68.9,71.95,65.7,66.4
2010-11-03,66.38,69.8,66.01,67.57
2010-11-04,67.1,68.56,66.02,68.23
2010-11-05,68.4,69.5,67.0,68.61
2010-11-08,68.6,68.9,66.03,68.1
2010-11-09,68.11,68.5,65.4,65.88
2010-11-10,65.9,70.07,65.9,69.66
2010-11-11,69.4,71.98,67.1,68.0
2010-11-12,67.69,68.5,62.69,63.99
2010-11-15,64.6,66.3,63.1,66.05
2010-11-16,66.1,67.47,61.67,61.9
2010-11-17,61.68,62.9,58.51,59.14
2010-11-18,59.25,60.75,59.12,60.22
2010-11-19,61.0,63.61,60.79,62.82
2010-11-22,63.5,69.08,63.0,68.5
2010-11-23,67.6,69.3,65.7,68.0
2010-11-24,67.56,73.0,67.02,72.99
2010-11-25,72.78,74.5,70.83,72.5
2010-11-26,72.7,73.98,70.91,71.67
2010-11-29,71.5,78.84,70.2,77.5
2010-11-30,77.35,77.96,70.52,74.0
2010-12-01,73.95,76.66,72.2,75.97
2010-12-02,75.97,78.66,75.0,75.1
2010-12-03,75.35,77.79,71.33,73.99
2010-12-06,74.94,74.94,70.65,71.72
2010-12-07,71.0,75.39,70.0,75.3
2010-12-08,75.1,75.8,73.5,73.6
2010-12-09,72.48,73.36,68.88,68.9
2010-12-13,70.5,75.79,70.5,75.79
2010-12-14,77.5,78.5,75.78,77.8
2010-12-15,77.75,77.75,75.77,75.87
2010-12-16,75.12,82.41,75.12,79.7
2010-12-17,80.0,82.38,79.06,80.5
2010-12-20,81.39,81.39,76.0,79.37
2010-12-21,79.88,80.0,77.77,79.39
2010-12-22,79.39,79.39,77.22,77.94
2010-12-23,77.6,78.47,75.99,77.0
2010-12-24,76.71,76.71,74.0,74.02
2010-12-27,74.5,76.47,71.58,72.01
2010-12-28,71.5,73.4,70.5,72.15
2010-12-29,72.49,75.79,72.18,74.83
2010-12-30,73.0,73.0,68.86,70.89
2010-12-31,71.0,75.15,70.0,74.69
2011-01-04,74.68,74.68,72.52,72.95
2011-01-05,72.95,73.0,70.35,71.78
2011-01-06,71.39,71.7,69.3,69.87
2011-01-07,69.87,71.74,67.81,69.27
2011-01-10,69.8,69.9,67.81,68.22
2011-01-11,68.0,68.22,65.5,66.29
2011-01-12,66.69,68.16,65.75,67.7
2011-01-13,68.05,69.34,67.7,68.1
2011-01-14,68.1,68.78,67.01,67.35
2011-01-17,66.91,66.91,63.8,63.84
2011-01-18,63.81,63.83,62.05,63.47
2011-01-19,63.5,65.3,62.44,64.79
2011-01-20,64.5,65.0,61.8,62.02
2011-01-21,62.2,63.97,61.7,62.68
2011-01-24,62.0,63.43,56.41,57.1
2011-01-26,57.1,59.1,56.1,58.9
2011-01-27,58.74,61.5,57.5,61.16
2011-01-28,61.0,62.18,59.59,60.8
2011-01-31,59.91,60.84,59.44,60.04
2011-02-01,60.44,60.44,59.71,59.83
2011-02-09,59.83,60.81,59.16,59.28
2011-02-10,59.28,60.75,58.53,60.6
2011-02-11,60.88,62.8,60.6,62.7
2011-02-14,63.0,65.33,62.33,64.67
2011-02-15,64.97,64.97,63.8,64.6
2011-02-16,64.6,65.99,63.7,65.93
2011-02-17,65.88,65.88,63.89,65.52
2011-02-18,65.0,68.0,65.0,65.32
2011-02-21,65.27,65.7,64.6,65.22
2011-02-22,65.8,67.88,64.5,64.86
2011-02-23,64.55,65.74,64.06,65.5
2011-02-24,65.48,68.1,64.75,67.99
2011-03-01,66.49,66.5,63.65,63.83
2011-03-02,63.6,63.8,62.61,63.35
2011-03-03,63.24,63.36,59.0,60.1
2011-03-04,60.0,60.8,59.0,60.36
2011-03-07,60.78,60.97,59.13,60.0
2011-03-08,60.6,60.94,59.8,60.62
2011-03-09,60.62,61.89,60.2,61.06
2011-03-10,61.5,61.89,60.5,61.15
2011-03-11,61.11,61.11,60.02,60.23
2011-03-14,60.0,60.0,58.67,59.8
2011-03-15,59.79,60.96,59.46,60.76
2011-03-16,60.78,63.49,60.76,63.35
2011-03-17,62.4,63.48,61.3,62.43
2011-03-18,62.4,63.4,61.53,61.6
2011-03-21,61.5,61.5,58.67,59.84
2011-03-22,59.31,60.35,58.9,59.71
2011-03-23,59.6,59.93,59.05,59.85
2011-03-24,59.8,59.93,58.8,58.81
2011-03-25,58.77,59.69,58.6,58.99
2011-03-28,58.91,59.39,57.77,57.85
2011-03-29,57.8,57.8,56.1,56.78
2011-03-30,56.78,57.17,55.07,55.3
2011-03-31,55.1,55.86,54.39,54.68
2011-04-01,54.79,55.0,54.25,55.0
2011-04-06,55.0,55.05,52.51,52.98
2011-04-07,52.51,53.06,51.85,52.6
2011-04-08,52.6,54.86,52.15,54.13
2011-04-11,54.1,54.1,52.3,52.5
2011-04-13,52.49,53.16,51.5,52.51
2011-04-14,52.6,53.35,52.0,53.02
2011-04-15,53.0,53.35,51.8,52.01
2011-04-18,51.79,52.2,49.97,50.19
2011-04-19,50.18,51.68,50.1,51.26
2011-04-20,51.8,54.3,51.8,54.3
2011-04-21,54.43,54.44,53.02,53.6
2011-04-22,45.8,45.8,43.11,43.75
2011-04-25,43.19,43.78,43.0,43.08
2011-04-26,43.06,43.7,40.0,41.11
2011-04-27,41.0,41.88,40.2,40.4
2011-04-28,40.5,40.9,38.38,38.44
2011-04-29,38.38,38.98,38.34,38.78
2011-05-03,38.88,39.39,38.77,39.09
2011-05-04,38.71,39.48,38.41,38.47
2011-05-05,38.4,38.98,37.6,38.3
2011-05-06,38.25,39.0,37.6,38.8
2011-05-09,38.78,39.4,38.58,38.8
2011-05-10,38.95,39.38,38.56,39.01
2011-05-11,39.2,39.33,38.6,39.0
2011-05-12,38.72,38.99,38.11,38.37
2011-05-13,38.09,38.6,37.28,37.96
2011-05-16,37.99,38.66,37.98,38.21
2011-05-17,38.47,38.8,37.98,38.55
2011-05-18,38.55,38.7,38.12,38.31
2011-05-19,38.36,38.47,37.51,37.86
2011-05-20,37.72,37.99,36.5,36.5
2011-05-23,36.51,36.7,35.21,35.35
2011-05-24,34.88,36.74,34.71,36.41
2011-05-25,36.4,36.4,34.94,35.38
2011-05-26,35.76,35.88,34.94,35.2
2011-05-27,35.2,35.2,34.6,34.79
2011-05-30,34.62,35.35,34.04,34.75
2011-05-31,34.46,35.78,34.46,35.75
2011-06-01,35.63,36.05,35.3,35.81
2011-06-02,35.56,35.56,33.7,33.94
2011-06-03,34.2,34.9,33.88,34.55
2011-06-07,34.55,34.9,34.15,34.67
2011-06-08,34.6,34.65,33.87,34.47
2011-06-09,34.43,34.52,33.39,33.39
2011-06-10,33.3,33.39,31.7,32.2
2011-06-13,32.09,32.6,31.62,32.25
2011-06-14,32.56,32.89,32.27,32.8
2011-06-15,32.51,32.78,31.93,32.02
2011-06-16,31.69,31.7,30.85,30.95
2011-06-17,30.63,31.0,30.1,30.2
2011-06-20,30.23,30.3,27.18,28.05
2011-06-21,28.19,28.6,27.82,28.4
2011-06-22,28.41,28.74,27.0,27.66
2011-06-23,27.59,30.43,27.2,30.43
2011-06-24,31.33,33.47,31.05,33.46
2011-06-27,32.88,34.46,32.27,33.95
2011-06-28,33.75,33.88,33.08,33.63
2011-06-29,33.54,34.33,33.3,33.5
2011-06-30,33.36,34.0,33.3,33.75
2011-07-01,33.75,36.29,33.66,34.68
2011-07-04,34.98,35.68,34.37,35.33
2011-07-05,35.5,35.58,34.65,35.16
2011-07-06,35.12,35.12,34.35,34.94
2011-07-07,35.0,36.65,34.61,35.88
2011-07-08,35.67,35.87,34.98,35.26
2011-07-11,34.88,35.49,34.4,35.19
2011-07-12,34.8,35.0,34.35,34.64
2011-07-13,34.63,36.29,34.52,36.06
2011-07-14,36.37,37.2,36.0,36.54
2011-07-18,36.99,37.47,36.28,36.47
2011-07-19,36.22,36.22,34.89,35.15
2011-07-20,35.4,35.57,34.43,34.82
2011-07-21,34.85,34.85,33.5,33.74
2011-07-22,33.9,34.24,33.4,33.5
2011-07-25,33.4,33.49,31.01,31.4
2011-07-26,31.1,31.75,31.01,31.68
2011-07-27,31.6,32.55,31.15,32.51
2011-07-28,32.43,33.81,32.1,33.4
2011-07-29,33.13,33.5,32.2,32.28
2011-08-01,32.01,33.08,31.81,32.82
2011-08-02,32.45,32.65,31.01,32.05
2011-08-03,31.49,32.36,31.02,31.89
2011-08-04,31.97,33.0,31.97,32.42
2011-08-05,30.5,31.6,30.46,31.29
2011-08-08,30.85,31.18,28.17,28.32
2011-08-09,27.09,28.02,25.7,27.74
2011-08-10,28.28,29.1,28.0,28.03
2011-08-11,26.8,28.55,26.8,28.55
2011-08-12,29.1,29.88,28.95,29.27
2011-08-15,29.65,30.35,29.28,30.21
2011-08-16,30.24,30.54,29.6,29.67
2011-08-17,29.68,29.85,29.21,29.55
2011-08-18,29.54,29.54,28.6,28.62
2011-08-19,27.7,28.35,27.67,28.34
2011-08-22,28.35,29.1,28.35,28.67
2011-08-23,28.85,30.2,28.85,30.16
2011-08-24,30.29,31.2,29.71,29.99
2011-08-25,30.5,30.8,29.9,30.68
2011-08-26,30.6,31.54,30.42,31.03
2011-08-29,30.35,30.6,29.98,30.03
2011-08-30,30.3,30.87,29.22,29.33
2011-08-31,29.18,29.49,28.35,28.82
2011-09-01,29.0,29.56,28.7,29.1
2011-09-02,29.0,29.46,28.5,28.85
2011-09-05,28.5,28.58,28.1,28.25
2011-09-06,28.0,28.36,27.7,27.86
2011-09-07,27.95,30.65,27.95,30.62
2011-09-08,30.62,30.62,29.51,29.53
2011-09-09,29.52,30.09,29.33,29.65
2011-09-13,28.95,29.12,28.3,28.83
2011-09-14,29.0,30.1,28.6,29.95
2011-09-15,29.99,30.5,29.76,29.81
2011-09-16,30.0,30.33,29.75,29.78
2011-09-19,29.0,29.3,28.89,29.0
2011-09-20,28.84,30.38,28.71,29.83
2011-09-21,29.84,31.44,29.71,31.06
2011-09-22,30.85,31.31,30.1,30.2
2011-09-23,29.5,30.09,29.07,29.98
2011-09-26,29.79,30.49,29.6,29.97
2011-09-27,30.2,31.19,30.2,30.92
2011-09-28,31.25,32.98,31.25,32.04
2011-09-29,32.04,32.04,31.0,31.18
2011-09-30,31.38,31.4,28.06,28.49
2011-10-10,28.52,29.34,28.52,29.14
2011-10-11,29.8,29.98,27.64,28.3
2011-10-12,28.3,29.45,27.3,29.36
2011-10-13,29.35,30.57,29.05,30.57
2011-10-14,30.43,30.79,29.66,30.22
2011-10-17,30.23,31.7,30.23,31.25
2011-10-18,30.99,31.85,30.5,30.95
2011-10-19,30.98,31.8,30.7,31.17
2011-10-20,29.5,29.5,28.05,28.05
2011-10-21,27.06,27.16,25.25,25.25
2011-10-24,25.4,25.66,23.0,24.91
2011-10-25,24.33,25.5,24.16,25.41
2011-10-26,25.19,25.92,24.91,25.2
2011-10-27,25.13,25.85,24.76,24.9
2011-10-28,25.3,25.87,24.88,25.81
2011-10-31,25.81,26.6,25.6,26.45
2011-11-01,26.13,26.6,25.8,26.12
2011-11-02,25.61,26.7,25.2,26.68
2011-11-03,26.71,28.97,26.71,28.0
2011-11-04,28.0,28.3,27.55,27.74
2011-11-07,27.42,27.8,27.22,27.25
2011-11-08,27.21,27.77,26.9,27.03
2011-11-09,28.35,29.72,27.58,28.1
2011-11-10,27.55,28.19,27.35,27.76
2011-11-11,27.5,27.91,27.5,27.66
2011-11-14,27.98,28.77,27.89,28.39
2011-11-15,28.27,28.36,28.0,28.25
2011-11-16,28.36,28.59,27.01,27.16
2011-11-17,27.18,27.65,27.05,27.11
2011-11-18,26.9,26.9,25.38,25.55
2011-11-21,25.79,25.83,24.88,25.82
2011-11-22,25.3,25.67,25.15,25.56
2011-11-23,25.61,25.9,25.39,25.45
2011-11-24,25.05,25.46,24.8,25.14
2011-11-25,24.9,25.29,24.45,24.45
2011-11-28,24.45,24.55,23.9,24.23
2011-11-29,24.52,24.85,24.32,24.85
2011-11-30,24.8,24.81,23.01,23.39
2011-12-01,24.18,24.38,23.63,23.95
2011-12-02,23.53,23.89,23.05,23.36
2011-12-05,23.35,23.5,22.12,22.13
2011-12-06,22.12,22.37,21.7,22.16
2011-12-07,22.38,22.5,22.07,22.24
2011-12-08,22.18,22.65,21.5,22.29
2011-12-09,22.02,22.42,21.97,22.2
2011-12-12,22.08,22.47,21.9,21.9
2011-12-13,21.8,21.8,20.88,20.9
2011-12-14,21.03,21.49,20.56,20.58
2011-12-15,20.42,21.0,20.08,20.45
2011-12-16,20.45,21.2,20.45,21.2
2011-12-19,21.01,21.25,20.55,21.2
2011-12-20,21.14,22.48,21.02,21.69
2011-12-21,21.78,21.99,20.81,20.82
2011-12-22,20.56,20.68,19.53,20.36
2011-12-23,20.35,20.92,20.08,20.6
2011-12-26,20.4,20.8,20.2,20.27
2011-12-27,20.0,20.25,19.47,19.52
2011-12-28,19.34,19.34,18.6,19.18
2011-12-29,18.99,19.28,18.9,18.97
2011-12-30,19.19,19.37,19.09,19.18
2012-01-04,19.41,19.72,18.79,18.79
2012-01-05,18.61,18.76,17.41,17.47
2012-01-06,17.42,17.74,16.86,17.6
2012-01-09,17.58,18.47,17.11,18.29
2012-01-10,18.29,19.25,18.16,19.16
2012-01-11,19.2,19.4,18.95,19.16
2012-01-12,19.16,19.5,18.8,19.5
2012-01-13,19.42,19.68,17.55,17.55
2012-01-16,17.04,17.04,16.28,16.3
2012-01-17,16.35,17.4,16.29,17.3
2012-01-18,17.61,17.7,16.5,16.58
2012-01-19,16.6,17.34,16.58,17.2
2012-01-20,17.37,17.56,17.15,17.4
2012-01-30,17.49,17.96,17.41,17.7
2012-01-31,17.66,17.66,17.2,17.52
2012-02-01,16.78,17.35,16.53,17.0
2012-02-02,16.93,17.39,16.82,17.38
2012-02-03,17.38,19.12,17.19,19.12
2012-02-06,19.5,19.52,18.91,19.32
2012-02-07,19.11,19.48,18.94,19.43
2012-02-08,19.23,19.79,19.0,19.65
2012-02-09,19.7,20.6,19.45,19.54
2012-02-10,19.33,19.83,19.03,19.74
2012-02-13,19.5,20.45,19.35,20.12
2012-02-14,20.15,20.19,19.73,19.85
2012-02-15,19.83,20.35,19.6,20.31
2012-02-16,20.23,20.7,19.9,20.09
2012-02-17,20.11,20.2,19.57,19.86
2012-02-20,20.2,20.26,19.85,19.85
2012-02-21,19.75,20.35,19.61,20.33
2012-02-22,20.4,22.36,20.39,21.51
2012-02-23,21.32,21.79,21.2,21.74
2012-02-24,21.76,22.0,21.55,22.0
2012-02-27,22.08,22.47,21.65,21.96
2012-02-28,21.8,21.99,21.05,21.37
2012-02-29,21.36,22.15,21.2,21.21
2012-03-01,21.29,21.37,20.83,21.15
2012-03-02,21.12,21.92,21.12,21.82
2012-03-05,21.84,23.7,21.84,22.59
2012-03-06,22.59,22.59,21.87,22.17
2012-03-07,21.82,22.25,21.57,21.88
2012-03-08,21.83,22.53,21.83,22.42
2012-03-09,22.69,22.7,22.13,22.35
2012-03-12,22.2,22.33,21.66,21.9
2012-03-13,21.95,22.49,21.95,22.18
2012-03-14,22.31,22.42,20.31,20.68
2012-03-15,20.45,20.91,19.82,20.34
2012-03-16,20.34,20.65,19.95,20.55
2012-03-19,20.5,20.6,20.1,20.52
2012-03-20,20.57,20.57,20.0,20.0
2012-03-21,20.15,20.33,19.84,20.12
2012-03-22,20.09,20.2,19.9,20.0
2012-03-23,19.95,19.97,19.17,19.2
2012-03-26,19.21,19.4,18.97,19.05
2012-03-27,19.2,19.3,18.93,19.08
2012-03-28,19.1,19.11,17.81,17.91
2012-03-29,17.91,17.91,17.42,17.55
2012-03-30,17.8,17.8,16.98,17.3
2012-04-05,17.3,19.03,17.3,19.03
2012-04-06,18.97,19.28,18.74,19.04
2012-04-09,18.87,19.2,18.78,19.18
2012-04-10,19.1,19.37,17.69,18.67
2012-04-11,18.57,19.07,18.16,19.05
2012-04-12,20.5,20.85,19.74,20.01
2012-04-13,19.82,20.44,19.71,20.29
2012-04-16,19.94,20.24,19.71,19.92
2012-04-17,20.0,21.05,19.86,20.14
2012-04-18,20.01,20.51,19.81,20.4
2012-04-20,20.4,21.25,20.19,20.94
2012-04-23,20.64,20.9,19.51,19.69
2012-04-24,19.59,19.8,18.56,18.95
2012-04-25,19.09,19.17,18.68,19.17
2012-04-26,19.23,19.64,19.07,19.43
2012-04-27,19.59,20.1,19.16,19.86
2012-05-02,19.99,20.14,19.6,19.98
2012-05-03,20.01,21.04,20.01,20.83
2012-05-04,20.85,20.98,20.59,20.8
2012-05-07,20.7,20.75,20.28,20.74
2012-05-08,20.78,21.95,20.4,21.56
2012-05-09,21.3,21.54,21.05,21.29
2012-05-10,21.41,21.98,21.22,21.6
2012-05-11,21.55,22.15,21.0,21.13
2012-05-14,21.44,21.5,20.88,21.25
2012-05-16,21.28,21.9,21.05,21.39
2012-05-17,21.4,22.2,21.31,22.09
2012-05-18,22.02,22.4,21.69,22.03
2012-05-21,22.03,22.03,21.0,21.24
2012-05-22,21.35,21.65,21.1,21.41
2012-05-23,21.29,21.35,20.29,20.56
2012-05-24,20.49,20.49,19.64,19.91
2012-05-25,20.0,20.4,19.97,20.29
2012-05-28,20.36,20.63,19.5,20.6
2012-05-29,20.73,22.39,20.73,22.06
2012-05-30,22.2,22.25,21.65,21.94
2012-05-31,21.66,22.68,21.65,22.54
2012-06-01,22.59,22.97,22.11,22.4
2012-06-04,21.78,22.28,21.2,21.5
2012-06-05,21.49,21.82,21.08,21.1
2012-06-06,10.6,10.64,10.14,10.2
2012-06-07,10.35,10.56,10.22,10.39
2012-06-08,10.55,10.55,9.93,9.98
2012-06-11,9.94,10.5,9.81,10.32
2012-06-12,10.35,11.1,10.15,10.87
2012-06-13,10.82,11.83,10.75,11.83
2012-06-14,11.65,11.92,11.48,11.53
2012-06-15,11.57,12.07,11.5,11.78
2012-06-18,11.86,11.89,11.57,11.78
2012-06-19,11.78,11.8,11.45,11.48
2012-06-20,11.55,12.56,11.36,12.22
2012-06-21,12.11,12.8,11.86,12.45
2012-06-25,12.19,12.94,12.15,12.4
2012-06-26,12.25,12.42,11.31,11.77
2012-06-27,11.69,12.37,11.5,11.92
2012-06-28,11.92,12.3,11.64,11.69
2012-06-29,11.42,11.65,11.05,11.4
2012-07-02,11.49,11.99,11.33,11.9
2012-07-03,12.03,13.09,12.03,13.09
2012-07-04,13.0,13.1,12.59,13.0
2012-07-05,12.85,13.48,12.56,13.04
2012-07-06,13.06,13.54,12.67,13.41
2012-07-09,13.2,13.54,12.6,12.65
2012-07-10,12.6,12.9,12.1,12.19
2012-07-11,12.18,12.66,12.02,12.66
2012-07-12,12.58,13.4,12.33,13.25
2012-07-13,13.06,13.25,12.8,12.88
2012-07-16,12.8,12.94,12.2,12.27
2012-07-17,12.09,12.48,12.02,12.46
2012-07-18,12.42,12.42,11.21,11.63
2012-07-19,11.46,12.0,11.38,11.82
2012-07-20,11.83,11.95,11.41,11.5
2012-07-23,11.3,11.57,11.23,11.52
2012-07-24,11.36,11.87,11.36,11.72
2012-07-25,11.64,11.9,11.6,11.67
2012-07-26,11.63,11.8,11.33,11.35
2012-07-27,11.41,11.49,10.61,10.65
2012-07-30,10.55,10.89,10.08,10.18
2012-07-31,10.2,10.3,9.7,10.01
2012-08-01,10.1,10.4,10.01,10.28
2012-08-02,10.26,10.39,10.02,10.11
2012-08-03,10.1,10.55,10.02,10.46
2012-08-06,10.36,10.96,10.36,10.82
2012-08-07,10.81,10.97,10.71,10.93
2012-08-08,10.99,11.0,10.35,10.65
2012-08-09,10.59,10.68,10.25,10.64
2012-08-10,10.65,11.35,10.57,11.19
2012-08-13,10.99,11.17,10.81,10.83
2012-08-14,10.77,10.9,10.25,10.63
2012-08-15,10.58,10.6,10.29,10.32
2012-08-16,10.26,10.58,10.06,10.1
2012-08-17,10.1,10.35,9.78,9.99
2012-08-20,9.87,9.94,9.7,9.8
2012-08-21,9.85,10.2,9.76,10.0
2012-08-22,10.0,10.04,9.71,9.75
2012-08-23,9.75,10.03,9.73,9.97
2012-08-24,9.9,10.06,9.7,9.72
2012-08-27,9.73,9.77,9.09,9.21
2012-08-28,9.21,9.45,8.92,9.31
2012-08-29,9.33,9.95,9.16,9.75
2012-08-30,9.69,9.8,9.21,9.55
2012-08-31,9.59,9.86,9.5,9.8
2012-09-03,9.91,10.07,9.72,9.98
2012-09-04,9.92,9.99,9.51,9.6
2012-09-05,9.61,9.85,9.6,9.7
2012-09-06,9.73,10.42,9.72,10.08
2012-09-07,10.14,10.9,10.07,10.7
2012-09-10,10.6,10.92,10.52,10.81
2012-09-11,10.8,11.03,10.6,10.9
2012-09-12,10.92,11.28,10.82,10.87
2012-09-13,10.85,11.06,10.53,10.55
2012-09-14,10.69,11.0,10.55,10.76
2012-09-17,10.66,11.0,10.52,10.52
2012-09-18,10.42,10.79,10.21,10.72
2012-09-19,10.71,11.4,10.6,11.32
2012-09-20,11.19,11.32,10.81,10.81
2012-09-21,10.65,10.86,10.49,10.59
2012-09-24,10.53,10.7,10.23,10.52
2012-09-25,10.48,10.57,9.88,9.9
2012-09-26,9.9,9.95,9.65,9.69
2012-09-27,9.64,10.05,9.64,9.88
2012-09-28,9.84,10.32,9.77,10.3
2012-10-08,10.3,10.6,10.21,10.47
2012-10-09,10.5,10.75,10.46,10.7
2012-10-10,10.61,10.82,10.55,10.79
2012-10-11,10.71,10.97,10.56,10.62
2012-10-12,10.63,10.75,10.31,10.51
2012-10-15,10.56,10.56,10.18,10.55
2012-10-16,10.49,10.79,10.44,10.59
2012-10-17,10.64,10.65,10.37,10.49
2012-10-18,10.47,10.79,10.44,10.75
2012-10-19,10.78,10.92,10.58,10.72
2012-10-22,10.68,11.19,10.64,11.08
2012-10-23,11.08,11.08,10.5,10.52
2012-10-24,10.42,10.44,10.16,10.23
2012-10-25,10.2,10.41,10.05,10.07
2012-10-26,10.1,10.15,9.88,9.95
2012-10-29,10.03,10.12,9.91,9.99
2012-10-30,10.06,10.14,9.99,10.1
2012-10-31,10.16,10.16,9.94,9.96
2012-11-01,9.98,10.26,9.96,10.21
2012-11-02,10.21,10.3,10.09,10.16
2012-11-05,10.18,10.2,9.88,9.89
2012-11-06,9.94,9.95,9.55,9.72
2012-11-07,9.66,9.85,9.62,9.72
2012-11-08,9.69,9.69,9.27,9.27
2012-11-09,9.2,9.33,8.73,8.8
2012-11-12,8.82,8.9,8.64,8.88
2012-11-13,9.02,9.26,8.9,8.9
2012-11-14,8.9,8.96,8.7,8.9
2012-11-15,8.81,8.86,8.61,8.67
2012-11-16,8.74,8.74,8.45,8.5
2012-11-19,8.52,8.54,8.21,8.43
2012-11-20,8.45,8.55,8.25,8.31
2012-11-21,8.31,8.54,8.17,8.52
2012-11-22,8.51,8.51,8.2,8.32
2012-11-23,8.35,8.43,8.27,8.32
2012-11-26,8.34,8.39,8.17,8.17
2012-11-27,8.16,8.16,7.7,7.73
2012-11-28,7.68,7.78,7.51,7.69
2012-11-29,7.69,7.85,7.55,7.56
2012-11-30,7.56,7.75,7.45,7.65
2012-12-03,7.61,7.73,7.15,7.2
2012-12-04,7.18,7.35,7.07,7.31
2012-12-05,7.26,7.76,7.25,7.67
2012-12-06,7.64,7.79,7.48,7.6
2012-12-07,7.6,7.85,7.53,7.83
2012-12-10,7.83,8.13,7.75,8.07
2012-12-11,8.04,8.08,7.9,7.91
2012-12-12,7.93,8.01,7.78,7.93
2012-12-13,7.89,7.93,7.68,7.71
2012-12-14,7.66,8.44,7.66,8.19
2012-12-17,8.29,8.54,8.2,8.32
2012-12-18,8.28,8.34,8.17,8.22
2012-12-19,8.19,8.5,8.17,8.34
2012-12-20,8.33,8.45,8.21,8.45
2012-12-21,8.44,8.58,8.25,8.34
2012-12-24,8.3,8.39,8.22,8.28
2012-12-25,8.26,8.63,8.26,8.55
2012-12-26,8.55,9.15,8.5,9.09
2012-12-27,9.0,9.05,8.75,8.87
2012-12-28,8.8,9.04,8.8,8.93
2012-12-31,8.88,9.19,8.88,9.18
2013-01-04,9.23,9.29,8.83,8.89
2013-01-07,8.85,9.0,8.76,8.98
2013-01-08,8.97,9.17,8.89,9.15
2013-01-09,9.13,9.15,8.98,9.09
2013-01-10,9.06,9.25,9.06,9.17
2013-01-11,9.15,9.34,8.78,8.86
2013-01-14,8.74,9.3,8.72,9.29
2013-01-15,9.3,9.6,9.21,9.59
2013-01-16,9.58,9.59,9.27,9.51
2013-01-17,8.9,8.97,8.6,8.65
2013-01-18,8.67,8.77,8.51,8.68
2013-01-21,8.69,8.9,8.66,8.8
2013-01-22,8.76,8.8,8.5,8.58
2013-01-23,8.55,8.58,8.4,8.52
2013-01-24,8.7,8.78,8.26,8.35
2013-01-25,8.34,8.35,8.04,8.05
2013-01-28,8.04,8.33,8.04,8.29
2013-01-29,8.32,8.54,8.25,8.43
2013-01-30,8.39,8.42,8.22,8.29
2013-01-31,8.27,8.38,8.2,8.31
2013-02-01,8.26,8.43,8.26,8.4
2013-02-04,8.42,8.44,8.17,8.24
2013-02-05,8.2,8.31,8.15,8.29
2013-02-06,8.3,8.48,8.26,8.42
2013-02-07,8.4,8.54,8.33,8.46
2013-02-08,8.31,8.48,8.23,8.44
2013-02-18,8.45,8.69,8.41,8.66
2013-02-19,8.65,8.83,8.5,8.76
2013-02-20,8.7,9.04,8.67,8.99
2013-02-21,8.98,8.98,8.71,8.77
2013-02-22,8.7,8.88,8.7,8.73
2013-02-25,8.72,9.03,8.7,9.02
2013-02-26,8.98,9.07,8.78,8.78
2013-02-27,8.8,8.94,8.58,8.66
2013-02-28,8.7,8.88,8.66,8.84
2013-03-01,8.8,9.14,8.72,9.13
2013-03-04,9.06,9.08,8.76,8.85
2013-03-05,8.85,9.15,8.8,9.14
2013-03-06,9.15,9.43,9.13,9.34
2013-03-07,9.3,9.45,9.2,9.38
2013-03-08,9.38,9.65,9.24,9.46
2013-03-11,9.52,9.53,9.21,9.24
2013-03-12,9.2,9.29,8.82,8.94
2013-03-13,8.9,9.06,8.76,8.97
2013-03-14,8.89,9.06,8.85,8.88
2013-03-15,8.88,9.06,8.79,8.88
2013-03-18,8.9,8.97,8.75,8.76
2013-03-19,8.76,8.85,8.68,8.8
2013-03-20,8.83,9.0,8.78,8.98
2013-03-21,8.96,9.22,8.9,9.2
2013-03-22,9.18,9.38,9.1,9.36
2013-03-25,9.36,9.42,9.18,9.22
2013-03-26,9.22,9.42,9.2,9.35
2013-03-27,9.29,9.48,9.13,9.23
2013-03-28,9.19,9.59,9.01,9.21
2013-03-29,9.15,10.13,9.09,9.96
2013-04-01,9.86,10.06,9.63,9.81
2013-04-02,9.73,9.95,9.51,9.6
2013-04-03,9.64,10.09,9.53,10.06
2013-04-08,9.85,10.21,9.7,9.96
2013-04-09,9.87,10.15,9.73,9.95
2013-04-10,9.91,10.69,9.9,10.5
2013-04-11,10.45,10.55,10.21,10.27
2013-04-12,10.34,10.58,10.25,10.37
2013-04-15,10.29,10.36,9.89,10.02
2013-04-16,9.93,10.15,9.88,10.06
2013-04-17,10.05,10.51,10.01,10.48
2013-04-18,10.38,11.01,10.3,10.79
2013-04-19,10.7,10.95,10.59,10.8
2013-04-22,10.75,11.13,10.61,10.82
2013-04-23,10.8,10.8,10.32,10.45
2013-04-24,10.45,10.89,10.35,10.89
2013-04-25,10.78,11.09,10.68,10.78
2013-04-26,10.77,10.81,10.33,10.39
2013-05-02,10.39,10.39,10.1,10.33
2013-05-03,10.33,10.79,10.15,10.75
2013-05-06,10.66,10.8,10.44,10.45
2013-05-07,10.5,10.5,10.17,10.35
2013-05-08,10.3,10.56,10.16,10.5
2013-05-09,10.48,11.1,10.32,11.03
2013-05-10,10.98,11.33,10.88,11.14
2013-05-13,11.16,11.45,11.0,11.35
2013-05-14,11.35,11.38,11.13,11.14
2013-05-15,11.12,11.84,11.0,11.7
2013-05-16,11.57,12.37,11.53,12.3
2013-05-17,12.25,13.15,12.08,12.85
2013-05-20,12.87,13.18,12.57,12.9
2013-05-21,12.85,13.37,12.66,13.03
2013-05-22,12.93,13.27,12.58,12.63
2013-05-23,12.5,13.06,12.45,12.74
2013-05-24,12.65,13.43,12.65,13.28
2013-05-27,13.28,13.39,12.87,13.06
2013-05-28,13.07,13.18,12.68,12.79
2013-05-29,12.79,13.11,12.7,13.0
2013-05-30,13.0,13.62,12.76,13.48
2013-05-31,13.4,14.1,13.1,13.25
2013-06-03,13.18,13.34,12.89,13.0
2013-06-04,13.0,13.27,12.86,13.11
2013-06-05,13.07,13.2,12.89,12.94
2013-06-06,12.9,13.47,12.88,13.26
2013-06-07,13.28,14.0,13.19,13.75
2013-06-13,13.69,13.7,12.38,13.39
2013-06-14,13.28,14.3,13.28,14.2
2013-06-17,14.18,14.77,14.0,14.24
2013-06-18,14.38,14.38,13.8,13.93
2013-06-19,13.75,13.9,13.5,13.73
2013-06-20,13.7,13.73,12.91,13.1
2013-06-21,12.87,13.78,12.7,13.59
2013-06-24,13.58,13.58,12.51,12.64
2013-06-25,12.58,12.91,11.6,12.75
2013-06-26,12.8,13.64,12.64,13.45
2013-06-27,13.5,13.75,13.1,13.48
2013-06-28,13.12,13.92,13.01,13.51
2013-07-01,13.4,14.32,13.33,14.22
2013-07-02,14.2,15.24,14.15,15.05
2013-07-03,14.95,15.75,14.59,15.61
2013-07-04,15.45,15.9,15.27,15.36
2013-07-05,15.36,15.8,15.19,15.19
2013-07-08,14.97,15.45,14.1,14.93
2013-07-09,14.8,15.43,14.8,15.36
2013-07-10,15.4,15.54,15.22,15.42
2013-07-11,15.41,15.85,15.01,15.69
2013-07-12,15.51,16.18,15.5,15.66
2013-07-15,14.9,15.95,14.9,15.3
2013-07-16,15.35,16.28,15.3,16.16
2013-07-17,16.28,16.36,15.5,15.5
2013-07-18,15.15,16.0,15.15,15.65
2013-07-19,15.43,15.98,15.24,15.39
2013-07-22,15.3,15.95,15.3,15.88
2013-07-23,15.66,16.17,15.66,15.95
2013-07-24,16.0,16.0,15.63,15.8
2013-07-25,15.8,15.9,15.35,15.4
2013-07-26,15.2,15.48,15.0,15.26
2013-07-29,15.09,15.62,15.02,15.38
2013-07-30,15.35,15.48,15.07,15.31
2013-07-31,15.35,15.76,15.35,15.52
2013-08-01,15.32,15.85,15.2,15.81
2013-08-02,15.81,16.14,15.67,16.14
2013-08-05,16.2,16.8,16.0,16.43
2013-08-06,16.29,16.55,16.1,16.27
2013-08-07,16.45,16.45,15.8,15.85
2013-08-08,15.7,16.04,15.65,15.88
2013-08-09,15.88,16.0,15.75,15.88
2013-08-12,15.91,16.23,15.8,16.1
2013-08-13,16.24,16.29,15.95,16.11
2013-08-14,16.2,16.2,15.87,16.01
2013-08-15,16.0,16.0,15.8,15.8
2013-08-16,15.8,16.09,15.66,15.68
2013-08-19,15.74,16.16,15.6,16.15
2013-08-20,16.15,16.2,15.9,15.95
2013-08-21,15.93,16.16,15.86,16.07
2013-08-22,16.14,16.72,15.97,16.46
2013-08-23,16.36,17.16,16.36,16.96
2013-08-26,17.11,17.11,16.6,17.05
2013-08-27,17.02,17.27,16.92,17.05
2013-08-28,17.01,17.17,16.93,17.08
2013-08-29,17.08,17.25,16.7,16.8
2013-08-30,16.69,16.99,16.39,16.45
2013-09-02,16.3,16.78,16.19,16.62
2013-09-03,16.6,16.85,16.5,16.62
2013-09-04,16.6,16.82,16.45,16.62
2013-09-05,16.62,16.78,16.5,16.69
2013-09-06,16.69,16.84,16.6,16.78
2013-09-09,16.82,16.98,16.75,16.91
2013-09-10,17.16,17.16,16.77,16.86
2013-09-11,16.84,17.14,16.75,17.13
2013-09-12,17.19,17.19,16.77,16.78
2013-09-13,16.7,16.87,16.65,16.7
2013-09-16,16.68,16.99,16.68,16.7
2013-09-17,16.7,17.65,16.61,17.55
2013-09-18,17.66,18.37,17.53,17.99
2013-09-23,17.69,19.7,17.51,19.4
2013-09-24,19.42,19.7,19.12,19.55
2013-09-25,19.6,19.67,18.93,19.04
2013-09-26,18.8,20.64,18.8,20.24
2013-09-27,20.23,21.18,20.23,20.78
2013-09-30,20.37,21.2,20.37,21.2
2013-10-08,21.2,23.32,21.2,23.09
2013-10-09,22.9,24.0,22.6,23.5
2013-10-10,23.59,24.65,23.24,24.34
2013-10-11,24.49,24.8,23.35,24.15
2013-10-14,23.66,24.3,23.66,23.84
2013-10-15,23.85,24.0,21.46,21.54
2013-10-16,21.5,22.5,20.76,21.68
2013-10-17,21.8,22.05,21.22,21.29
2013-10-18,21.02,21.93,21.01,21.83
2013-10-21,21.71,22.8,21.71,22.07
2013-10-22,22.07,22.07,21.31,21.7
2013-10-23,21.72,21.85,21.31,21.49
2013-10-24,21.3,21.7,21.3,21.39
2013-10-25,21.37,21.6,19.29,19.7
2013-10-28,19.7,20.55,19.7,20.1
2013-10-29,20.4,21.08,19.92,20.4
2013-10-30,20.69,21.34,20.49,21.2
2013-10-31,21.45,21.67,21.11,21.4
2013-11-01,21.25,21.77,21.25,21.68
2013-11-04,21.66,22.43,21.61,22.23
2013-11-05,22.43,22.49,21.88,22.25
2013-11-06,22.46,22.46,21.18,21.35
2013-11-07,21.35,22.09,20.8,21.65
2013-11-08,21.52,21.96,21.4,21.6
2013-11-11,21.6,21.6,20.3,20.77
2013-11-12,20.77,20.9,19.98,20.5
2013-11-13,20.5,20.77,20.1,20.4
2013-11-14,20.3,20.6,19.8,20.53
2013-11-15,20.95,20.95,20.32,20.55
2013-11-18,20.55,20.75,20.08,20.31
2013-11-19,20.31,20.36,19.87,20.23
2013-11-20,20.23,20.38,19.97,20.28
2013-11-21,20.28,20.71,20.22,20.6
2013-11-22,20.58,21.99,20.58,21.25
2013-11-25,21.3,21.7,21.3,21.59
2013-11-26,21.5,21.58,19.9,20.79
2013-11-27,20.75,20.82,20.4,20.77
2013-11-28,20.68,20.98,20.5,20.7
2013-11-29,20.78,20.85,20.63,20.71
2013-12-02,20.48,20.55,19.3,19.8
2013-12-03,19.8,20.2,19.43,20.0
2013-12-04,19.9,20.46,19.61,19.95
2013-12-05,19.89,20.14,19.78,19.83
2013-12-06,19.75,20.0,19.7,19.83
2013-12-09,19.83,20.05,19.69,20.04
2013-12-10,20.16,20.29,19.72,19.88
2013-12-11,19.98,19.98,19.41,19.84
2013-12-12,19.91,20.15,19.71,20.12
2013-12-13,20.0,20.37,19.9,20.32
2013-12-16,20.23,21.9,20.23,21.23
2013-12-17,21.23,21.59,21.01,21.05
2013-12-18,21.55,21.55,20.6,20.95
2013-12-19,20.81,21.23,20.81,21.01
2013-12-20,21.02,21.12,20.52,20.64
2013-12-23,20.33,20.79,20.05,20.5
2013-12-24,20.25,20.85,20.25,20.5
2013-12-25,20.34,21.08,20.34,21.08
2013-12-26,21.18,21.26,20.75,21.05
2013-12-27,21.23,21.51,21.04,21.26
2013-12-30,21.28,21.5,20.73,20.89
2013-12-31,20.74,20.97,20.5,20.88
2014-01-02,20.88,20.97,20.6,20.77
2014-01-03,20.86,21.45,20.63,21.42
2014-01-06,21.45,21.76,21.06,21.2
2014-01-07,21.06,21.46,20.96,21.44
2014-01-08,21.44,23.15,21.44,22.88
2014-01-09,22.77,23.06,22.43,22.8
2014-01-10,22.81,23.68,22.68,23.18
2014-01-14,23.18,23.18,21.5,22.61
2014-01-15,22.62,22.95,22.36,22.62
2014-01-16,22.65,23.09,22.4,22.95
2014-01-17,22.85,24.0,22.85,23.39
2014-01-20,23.02,23.53,22.65,22.88
2014-01-21,22.83,23.05,22.51,22.82
2014-01-22,22.52,23.5,22.52,23.5
2014-01-23,23.58,23.68,23.04,23.38
2014-01-24,23.15,23.77,23.1,23.16
2014-01-27,23.2,23.7,23.09,23.43
2014-01-28,23.55,23.6,22.7,22.78
2014-01-29,22.55,23.45,22.55,23.18
2014-01-30,23.3,24.25,22.9,23.98
2014-02-07,23.81,25.68,23.77,25.51
2014-02-10,25.7,26.19,25.26,25.82
2014-02-11,25.8,25.86,24.95,25.1
2014-02-12,25.1,25.1,24.41,24.7
2014-02-13,24.5,24.99,23.7,23.72
2014-02-14,23.8,24.33,23.0,24.3
2014-02-17,24.3,25.28,23.88,24.91
2014-02-18,24.85,24.89,24.3,24.44
2014-02-19,24.44,24.9,24.05,24.52
2014-02-20,24.5,24.5,23.33,23.42
2014-02-21,23.37,23.7,23.05,23.2
2014-02-24,23.05,23.77,23.05,23.41
2014-02-25,23.22,23.5,21.07,21.15
2014-02-26,21.14,22.37,20.3,21.83
2014-02-27,21.82,21.96,21.0,21.48
2014-02-28,21.2,21.65,20.7,21.45
2014-03-03,21.42,21.69,21.17,21.39
2014-03-04,21.39,21.73,21.34,21.56
2014-03-05,21.58,21.94,21.45,21.84
2014-03-06,21.7,21.8,21.33,21.56
2014-03-07,21.56,21.79,21.05,21.08
2014-03-10,21.09,21.12,20.15,20.8
2014-03-11,20.53,20.72,20.0,20.55
2014-03-12,20.8,20.8,20.0,20.58
2014-03-13,20.6,22.02,20.41,21.91
2014-03-14,21.85,22.2,21.4,21.97
2014-03-17,21.91,22.42,21.91,22.04
2014-03-18,21.6,22.78,21.6,22.6
2014-03-19,22.41,22.75,22.21,22.6
2014-03-20,22.33,22.62,21.81,21.98
2014-03-21,21.97,22.98,21.76,22.95
2014-03-24,22.95,23.0,22.3,22.92
2014-03-25,22.84,23.62,22.71,22.96
2014-03-26,22.71,23.18,22.5,22.58
2014-03-27,22.58,22.95,21.8,21.8
2014-03-28,21.85,22.17,21.05,21.5
2014-03-31,21.42,21.55,21.03,21.2
2014-04-01,20.99,21.51,20.99,21.42
2014-04-02,21.7,22.64,21.42,21.51
2014-04-03,21.55,22.64,21.5,22.2
2014-04-04,21.81,23.2,21.81,22.89
2014-04-08,22.7,23.0,22.52,22.8
2014-04-09,22.7,23.0,22.68,22.87
2014-04-10,22.68,22.69,20.58,21.2
2014-04-11,20.88,21.2,20.37,20.96
2014-04-14,20.85,21.65,20.8,21.53
2014-04-15,21.51,21.68,21.12,21.27
2014-04-16,21.14,21.39,20.84,21.24
2014-04-17,21.05,21.61,21.05,21.58
2014-04-18,21.6,21.78,21.06,21.33
2014-04-21,21.1,21.38,20.89,20.9
2014-04-22,20.9,21.14,20.64,20.68
2014-04-23,20.68,20.89,20.4,20.6
2014-04-24,20.41,21.1,20.41,21.05
2014-04-25,21.09,21.39,20.39,20.89
2014-04-28,20.75,20.81,19.61,20.15
2014-04-29,20.18,21.0,19.81,20.8
2014-04-30,20.7,20.97,20.49,20.78
2014-05-05,20.43,21.31,20.42,21.05
2014-05-06,21.05,21.8,21.05,21.5
2014-05-07,21.58,21.58,21.0,21.33
2014-05-08,21.33,21.65,21.08,21.2
2014-05-09,21.17,21.45,21.03,21.27
2014-05-12,21.37,21.64,21.27,21.49
2014-05-13,21.44,21.59,21.29,21.33
2014-05-14,21.25,21.56,21.25,21.42
2014-05-15,21.4,21.58,20.68,20.71
2014-05-16,20.7,20.96,20.5,20.84
2014-05-19,20.86,21.09,20.52,21.05
2014-05-20,21.0,21.35,20.73,20.79
2014-05-21,20.7,21.09,20.66,20.83
2014-05-22,20.95,21.19,20.77,20.8
2014-05-23,20.98,21.0,20.58,20.77
2014-05-26,20.92,21.1,20.67,20.82
2014-05-27,20.7,20.79,20.24,20.4
2014-05-28,20.36,20.54,20.3,20.38
2014-05-29,20.11,21.5,20.0,20.99
2014-05-30,20.94,20.98,20.6,20.64
2014-06-03,20.63,20.96,20.63,20.85
2014-06-04,20.62,20.92,20.0,20.79
2014-06-05,20.62,20.91,20.62,20.83
2014-06-06,20.9,20.96,20.52,20.53
2014-06-09,20.53,20.77,20.36,20.38
2014-06-10,20.6,20.7,20.44,20.65
2014-06-11,20.65,21.0,20.58,20.87
2014-06-12,20.99,20.99,20.74,20.88
2014-06-13,20.68,20.99,20.68,20.89
2014-06-16,20.89,21.4,20.82,21.33
2014-06-17,10.8,10.8,10.44,10.59
2014-06-18,10.63,11.35,10.55,10.89
2014-06-19,10.99,11.11,10.15,10.33
2014-06-20,10.3,10.42,10.15,10.35
2014-06-23,10.35,10.5,10.19,10.28
2014-06-24,10.28,10.36,10.06,10.1
2014-06-25,10.11,10.18,9.9,10.09
2014-06-26,10.1,10.15,9.98,10.04
2014-06-27,10.04,10.12,9.97,10.04
2014-06-30,10.0,10.11,9.99,10.11
2014-07-01,10.11,10.11,9.96,10.1
2014-07-02,10.17,10.22,9.98,10.0
2014-07-03,10.0,10.05,9.94,9.96
2014-07-04,9.99,10.04,9.89,9.95
2014-07-07,9.97,9.99,9.8,9.95
2014-07-08,9.96,9.96,9.63,9.83
2014-07-09,9.83,9.92,9.7,9.87
2014-07-10,9.87,9.93,9.7,9.74
2014-07-11,9.83,9.83,9.56,9.67
2014-07-14,9.68,10.06,9.49,9.95
2014-07-15,9.96,10.2,9.81,9.89
2014-07-16,9.81,9.91,9.69,9.71
2014-07-17,9.71,9.76,9.59,9.63
2014-07-18,9.62,9.64,9.54,9.62
2014-07-21,9.56,9.82,9.55,9.72
2014-07-22,9.68,10.18,9.68,9.92
2014-07-23,9.89,10.07,9.71,9.78
2014-07-24,9.7,9.8,9.6,9.76
2014-07-25,9.76,9.91,9.66,9.86
2014-07-28,9.86,10.01,9.84,9.93
2014-07-29,9.96,10.01,9.88,9.95
2014-07-30,9.95,10.14,9.9,10.12
2014-07-31,10.12,10.13,10.02,10.09
2014-08-01,10.09,10.09,9.93,9.94
2014-08-04,9.96,10.29,9.92,10.18
2014-08-05,10.25,10.57,10.13,10.53
2014-08-06,10.68,10.75,10.46,10.57
2014-08-07,10.57,10.61,10.4,10.47
2014-08-08,10.4,10.52,10.36,10.45
2014-08-11,10.45,10.6,10.37,10.51
2014-08-12,10.51,10.57,10.45,10.49
2014-08-13,10.5,10.52,10.29,10.4
2014-08-14,10.42,10.72,10.42,10.65
2014-08-15,10.65,10.84,10.55,10.82
2014-08-18,10.85,11.8,10.8,11.78
2014-08-19,11.96,11.97,11.45,11.74
2014-08-20,11.76,11.77,11.47,11.51
2014-08-21,11.5,11.65,11.34,11.49
2014-08-22,11.49,11.61,11.43,11.6
2014-08-25,11.7,11.85,11.53,11.57
2014-08-26,11.52,11.6,11.17,11.48
2014-08-27,11.36,11.5,11.23,11.35
2014-08-28,11.36,11.39,10.94,11.19
2014-08-29,11.19,11.19,10.99,11.09
2014-09-01,11.12,11.32,11.04,11.32
2014-09-02,11.3,11.35,11.19,11.27
2014-09-03,11.3,11.82,11.25,11.79
2014-09-04,11.7,11.95,11.6,11.8
2014-09-05,11.81,12.18,11.71,12.13
2014-09-09,12.18,12.38,11.87,12.13
2014-09-10,12.08,12.84,11.9,12.62
2014-09-11,12.5,13.15,12.4,12.66
2014-09-12,12.7,13.17,12.67,13.11
2014-09-15,13.01,13.97,12.9,13.86
2014-09-16,13.8,13.95,13.06,13.07
2014-09-17,13.05,13.15,12.49,12.83
2014-09-18,12.68,13.25,12.66,12.83
2014-09-19,12.82,13.23,12.82,12.97
2014-09-22,12.96,13.3,12.8,12.87
2014-09-23,12.89,13.23,12.87,13.11
2014-09-24,13.13,13.2,13.0,13.1
2014-09-25,13.15,13.34,12.95,13.0
2014-09-26,12.95,13.02,12.57,12.85
2014-09-29,12.85,13.02,12.79,12.88
2014-09-30,12.81,13.27,12.81,13.27
2014-10-08,13.3,14.41,13.1,14.22
2014-10-09,14.21,15.15,14.01,14.75
2014-10-10,14.65,15.11,14.41,14.8
2014-10-13,14.82,15.5,14.82,15.26
2014-10-14,15.49,15.55,14.81,14.93
2014-10-15,14.88,14.96,14.58,14.75
2014-10-16,14.75,14.77,14.35,14.47
2014-10-17,14.45,15.02,14.14,14.92
2014-10-20,14.94,15.3,14.82,15.23
2014-10-21,15.23,15.29,14.67,15.1
2014-10-22,15.0,15.06,14.52,14.58
2014-10-23,14.44,14.65,14.0,14.07
2014-10-24,14.06,14.44,14.0,14.07
2014-10-27,14.06,14.55,14.01,14.42
2014-10-28,14.42,14.81,14.41,14.55
2014-10-29,14.6,14.71,14.33,14.48
2014-10-30,14.48,14.54,14.15,14.32
2014-10-31,14.28,14.39,14.12,14.22
2014-11-03,14.26,14.28,13.84,14.01
2014-11-04,14.0,14.13,13.46,13.54
2014-11-05,13.54,13.7,13.2,13.33
2014-11-06,13.38,13.67,13.11,13.63
2014-11-07,13.65,13.78,13.44,13.48
2014-11-10,13.51,13.59,13.28,13.37
2014-11-11,13.38,13.4,12.58,12.69
2014-11-12,12.66,13.1,12.62,12.79
2014-11-13,12.83,12.86,12.15,12.4
2014-11-14,12.38,12.63,12.15,12.6
2014-11-17,12.58,13.03,12.51,12.92
2014-11-18,12.95,12.98,12.62,12.65
2014-11-19,12.63,13.02,12.58,12.83
2014-11-20,12.86,13.0,12.54,12.55
2014-11-21,12.51,12.61,12.28,12.44
2014-11-24,12.53,12.55,12.2,12.43
2014-11-25,12.41,12.79,12.2,12.75
2014-11-26,12.69,12.73,12.51,12.63
2014-11-27,12.63,12.94,12.61,12.85
2014-11-28,12.96,12.96,12.64,12.75
2014-12-01,12.6,12.65,11.8,12.09
2014-12-02,12.01,12.25,12.0,12.15
2014-12-03,12.05,12.18,11.7,11.97
2014-12-04,12.02,12.36,11.85,12.3
2014-12-05,12.28,12.28,11.37,11.77
2014-12-08,11.77,11.77,11.2,11.49
2014-12-09,11.19,11.33,10.7,10.91
2014-12-10,10.92,11.26,10.8,11.25
2014-12-11,11.23,11.38,10.99,11.34
2014-12-12,11.3,11.8,11.27,11.66
2014-12-15,11.66,11.94,11.6,11.84
2014-12-16,11.84,11.9,11.57,11.6
2014-12-17,11.54,11.58,11.01,11.23
2014-12-18,11.42,11.7,11.3,11.58
2014-12-19,11.45,11.45,11.0,11.34
2014-12-22,11.34,11.34,10.68,10.83
2014-12-23,10.83,11.33,10.7,10.85
2014-12-24,10.84,11.25,10.84,11.18
2014-12-25,11.18,11.3,11.05,11.14
2014-12-26,11.14,11.2,11.02,11.15
2014-12-29,11.15,11.15,10.52,10.9
2014-12-30,10.77,11.02,10.73,10.93
2014-12-31,10.92,11.04,10.71,10.94
2015-01-05,10.93,10.96,10.73,10.89
2015-01-06,10.89,11.18,10.79,11.15
2015-01-07,11.16,11.54,11.15,11.45
2015-01-08,11.5,11.87,11.35,11.42
2015-01-09,11.39,11.57,11.26,11.34
2015-01-12,11.4,11.68,11.27,11.45
2015-01-13,11.4,11.83,11.35,11.78
2015-01-14,11.76,11.82,11.54,11.6
2015-01-15,11.47,11.6,11.42,11.51
2015-01-16,11.49,11.64,11.39,11.59
2015-01-19,11.48,11.67,11.11,11.35
2015-01-20,11.33,11.7,11.32,11.6
2015-01-21,11.57,11.84,11.55,11.77
2015-01-22,11.8,11.96,11.7,11.95
2015-01-23,12.0,12.52,11.98,12.38
2015-01-26,12.43,12.8,12.4,12.5
2015-01-27,12.49,12.6,12.06,12.35
2015-01-28,12.3,12.32,12.07,12.29
2015-01-29,12.27,12.66,12.1,12.54
2015-01-30,12.34,12.62,12.31,12.35
2015-02-02,12.34,12.6,12.08,12.28
2015-02-03,12.27,12.44,12.26,12.36
2015-02-04,12.37,12.49,12.24,12.25
2015-02-05,12.32,12.45,12.26,12.32
2015-02-06,12.28,12.47,12.0,12.11
2015-02-09,12.1,12.24,11.85,11.87
2015-02-10,11.82,11.95,11.5,11.82
2015-02-11,11.83,12.21,11.83,12.2
2015-02-12,12.15,12.32,12.01,12.22
2015-02-13,12.35,12.38,12.13,12.16
2015-02-16,12.17,12.34,12.04,12.29
2015-02-17,12.4,12.55,12.25,12.4
2015-02-25,12.4,12.99,12.33,12.68
2015-02-26,12.73,12.81,12.43,12.79
2015-02-27,12.78,13.04,12.65,13.0
2015-03-02,13.2,13.28,12.9,13.04
2015-03-03,13.06,13.4,12.9,13.09
2015-03-04,13.01,13.85,13.01,13.55
2015-03-05,13.56,13.66,13.36,13.58
2015-03-06,13.58,13.92,13.29,13.29
2015-03-09,13.29,13.3,12.87,13.11
2015-03-10,13.06,13.68,13.0,13.51
2015-03-11,13.5,13.54,13.2,13.24
2015-03-12,13.28,13.32,13.07,13.17
2015-03-13,13.33,13.45,13.13,13.24
2015-03-16,13.3,13.67,13.26,13.6
2015-03-17,13.72,14.06,13.45,13.99
2015-03-18,13.95,14.43,13.78,14.11
2015-03-19,14.11,14.22,13.78,13.87
2015-03-20,13.85,14.0,13.74,13.85
2015-03-23,13.84,14.0,13.77,13.99
2015-03-24,13.99,13.99,13.2,13.63
2015-03-25,13.61,13.63,13.29,13.53
2015-03-26,13.53,13.63,13.38,13.51
2015-03-27,13.51,14.27,13.51,14.19
2015-03-30,14.22,14.44,14.0,14.22
2015-03-31,14.3,14.5,14.1,14.38
2015-04-01,14.46,14.88,14.46,14.74
2015-04-02,14.65,14.79,14.5,14.63
2015-04-03,14.5,15.43,14.3,15.33
2015-04-07,15.3,16.17,15.05,15.75
2015-04-08,15.75,16.7,15.59,16.19
2015-04-09,16.16,17.08,15.15,17.03
2015-04-10,16.97,17.56,16.6,17.1
2015-04-13,17.1,17.5,16.69,17.01
2015-04-14,17.01,17.15,16.75,16.77
2015-04-15,16.51,16.57,15.7,15.71
2015-04-16,15.6,16.45,15.35,16.0
2015-04-17,16.2,16.28,15.38,15.8
2015-04-20,15.75,16.98,15.4,16.33
2015-04-21,16.25,16.85,16.25,16.73
2015-04-22,17.02,18.0,17.02,17.7
2015-04-23,18.16,19.47,18.16,19.41
2015-04-24,18.83,19.54,18.5,18.86
2015-04-27,18.9,18.98,17.92,18.5
2015-04-28,18.4,18.4,17.03,17.69
2015-04-29,17.6,18.5,17.1,18.39
2015-04-30,18.39,18.39,17.89,18.12
2015-05-04,18.01,18.45,17.9,18.23
2015-05-05,18.2,19.5,17.7,18.34
2015-05-06,18.67,19.15,17.7,17.9
2015-05-07,17.6,17.9,16.83,17.55
2015-05-08,17.54,17.93,17.53,17.84
2015-05-11,18.1,19.05,18.1,18.93
2015-05-12,18.93,20.18,18.7,19.88
2015-05-13,19.67,20.72,19.3,19.53
2015-05-14,19.53,20.1,19.17,19.8
2015-05-15,19.8,20.65,19.38,20.23
2015-05-18,20.24,20.6,19.7,20.4
2015-05-19,20.35,21.6,20.15,21.41
2015-05-20,21.51,23.5,21.13,22.85
2015-05-21,22.9,25.14,22.9,24.8
2015-05-22,24.8,25.95,23.18,23.64
2015-05-25,23.5,24.72,22.53,24.28
2015-05-26,24.36,25.46,24.28,25.21
2015-05-27,25.79,27.73,25.03,27.26
2015-05-28,27.26,28.45,25.0,25.2
2015-05-29,25.0,26.58,24.02,25.98
2015-06-01,26.71,27.01,25.99,27.0
2015-06-02,27.1,28.77,26.85,28.14
2015-06-04,27.07,27.26,24.66,26.25
2015-06-05,26.4,27.2,25.85,26.64
2015-06-08,27.0,27.09,25.37,25.43
2015-06-09,25.05,26.22,25.0,25.5
2015-06-10,25.3,26.36,25.01,26.2
2015-06-11,26.21,28.5,26.21,28.4
2015-06-12,29.7,29.89,27.79,29.2
2015-06-15,29.29,29.97,27.71,29.34
2015-06-16,29.4,29.4,26.79,26.95
2015-06-17,26.95,27.6,24.98,26.7
2015-06-18,26.78,28.0,24.9,25.14
2015-06-19,25.2,25.57,23.01,24.0
2015-06-23,23.9,25.0,22.06,24.3
2015-06-24,24.5,25.4,24.35,25.34
2015-06-25,25.34,25.59,23.16,24.02
2015-06-26,23.3,23.5,21.62,21.62
2015-06-29,22.48,22.48,19.46,20.1
2015-06-30,20.21,22.11,18.16,22.11
2015-07-01,22.64,24.32,22.0,23.35
2015-07-02,23.77,24.66,22.0,22.22
2015-12-31,20.0,22.8,20.0,20.02
2016-01-04,19.62,19.85,18.02,18.02
2016-01-05,16.51,17.72,16.23,17.0
2016-01-06,17.0,18.7,16.62,18.55
2016-01-07,18.35,18.35,16.71,16.77
2016-01-08,17.31,18.45,15.6,18.09
2016-01-11,17.68,18.49,16.6,16.74
2016-01-12,16.74,17.3,15.86,16.51
2016-01-13,16.53,17.1,15.72,16.25
2016-01-14,15.25,16.99,15.25,16.74
2016-01-15,16.57,16.9,16.02,16.67
2016-01-18,16.13,17.27,16.13,16.9
2016-01-19,16.73,17.85,16.73,17.78
2016-01-20,17.8,18.25,17.5,17.92
2016-01-21,17.5,18.58,17.5,17.7
2016-01-22,18.05,19.12,17.6,19.0
2016-01-25,19.13,19.38,18.45,18.91
2016-01-26,18.89,18.89,17.02,17.03
2016-01-27,17.2,17.64,15.8,17.35
2016-01-28,17.2,18.45,17.01,17.7
2016-01-29,17.9,19.05,17.53,18.68
2016-02-01,18.69,19.5,18.16,18.4
2016-02-02,18.72,19.29,18.7,19.1
2016-02-03,18.7,19.35,18.67,19.26
2016-02-23,21.19,21.19,21.19,21.19
2016-02-24,21.0,21.99,19.07,20.01
2016-02-25,19.32,19.45,18.01,18.01
2016-02-26,17.41,17.8,16.29,16.73
2016-02-29,16.1,16.27,15.11,15.24
2016-03-01,15.24,15.7,14.66,15.52
2016-03-02,15.2,16.58,15.0,16.21
2016-03-03,16.28,16.58,15.43,15.64
2016-03-04,15.4,15.7,14.28,14.97
2016-03-07,15.15,15.85,15.11,15.75
2016-03-08,15.68,16.34,15.0,16.16
2016-03-09,15.7,16.5,15.55,15.97
2016-03-10,15.99,16.32,15.68,15.77
2016-03-11,15.52,16.26,15.5,16.21
2016-03-14,16.25,17.3,16.25,17.0
2016-03-15,17.0,17.27,16.8,16.82
2016-03-16,16.82,17.3,16.25,16.3
2016-03-17,16.2,16.62,16.08,16.52
2016-03-21,17.35,18.17,17.0,18.17
2016-03-22,17.98,18.2,17.35,18.19
2016-03-23,17.86,18.01,17.52,17.8
2016-03-24,17.75,18.1,17.48,17.7
2016-03-25,17.52,18.15,17.52,17.98
2016-03-28,18.08,19.78,18.08,18.6
2016-03-29,18.73,19.36,18.31,18.85
2016-03-30,18.85,19.33,18.8,19.25
2016-03-31,19.26,19.75,18.8,18.88
2016-04-01,18.9,19.22,17.9,18.22
2016-04-05,18.3,19.1,18.1,19.02
2016-04-06,19.02,19.88,19.0,19.6
2016-04-07,19.87,20.86,19.87,19.95
2016-04-08,19.94,19.98,19.2,19.62
2016-04-11,19.73,19.94,19.41,19.73
2016-04-12,19.8,19.88,18.9,19.1
2016-04-13,19.17,19.46,19.0,19.01
2016-04-14,19.28,19.98,19.12,19.61
2016-04-15,19.5,20.5,19.5,20.15
2016-04-18,19.9,19.93,19.25,19.61
2016-04-19,19.92,20.25,19.29,19.57
2016-04-20,19.65,19.8,17.76,18.01
2016-04-21,18.33,18.34,17.58,17.58
2016-04-22,17.5,17.74,17.02,17.62
2016-04-25,17.7,17.7,17.2,17.46
2016-04-26,17.46,17.9,17.46,17.79
2016-04-27,17.79,18.0,17.4,17.43
2016-04-28,17.6,17.66,16.7,17.32
2016-04-29,17.3,17.51,16.91,16.95
2016-05-03,16.99,17.73,16.99,17.62
2016-05-04,17.81,18.3,17.65,17.8
2016-05-05,17.85,18.09,17.66,18.01
2016-05-06,18.08,18.22,17.61,17.79
2016-05-09,17.75,17.75,16.55,16.67
2016-05-10,16.67,16.89,16.33,16.35
2016-05-11,16.59,16.64,16.09,16.15
2016-05-12,16.05,16.05,15.39,15.7
2016-05-13,15.89,16.09,15.5,15.79
2016-05-16,15.52,16.25,15.47,16.11
2016-05-17,16.8,17.18,16.34,16.45
2016-05-18,16.23,16.25,15.75,15.8
2016-05-19,15.53,16.85,15.53,16.54
2016-05-20,16.29,18.19,16.06,18.19
2016-05-23,19.06,19.32,18.18,18.3
2016-05-24,18.4,18.4,17.72,18.04
2016-05-25,18.19,18.28,17.8,17.8
2016-05-26,17.8,17.85,17.0,17.85
2016-05-27,17.94,18.68,17.76,17.93
2016-05-30,17.98,18.8,17.7,18.37
2016-05-31,18.38,19.0,18.25,19.0
2016-06-01,19.05,19.38,18.69,19.08
2016-06-02,19.2,19.34,18.8,18.96
2016-06-03,18.76,18.99,18.4,18.42
2016-06-06,18.43,18.92,18.43,18.81
2016-06-07,18.85,19.78,18.45,19.3
2016-06-08,19.22,19.48,18.9,18.9
2016-06-13,18.59,19.0,17.29,17.76
2016-06-14,17.77,18.45,17.77,18.2
2016-06-15,17.85,18.96,17.82,18.85
2016-06-16,18.81,20.37,18.68,19.6
2016-06-17,19.65,20.25,19.02,19.48
2016-06-20,19.47,20.3,18.95,20.22
2016-06-21,20.35,20.95,20.02,20.18
2016-06-22,20.2,20.51,19.88,20.49
2016-06-23,20.45,20.58,19.79,19.92
2016-06-24,19.8,20.19,18.43,19.36
2016-06-27,19.25,20.38,19.18,20.33
2016-06-28,20.2,20.51,19.99,20.06
2016-06-29,20.27,21.0,19.8,20.03
2016-06-30,20.0,20.5,19.45,19.86
2016-07-01,19.62,20.04,19.5,19.68
2016-07-04,19.53,20.16,19.48,20.03
2016-07-05,20.03,20.77,19.91,20.2
2016-07-06,20.2,20.25,19.65,19.9
2016-07-07,19.81,20.3,19.47,19.97
2016-07-08,20.02,20.2,19.51,19.86
2016-07-11,19.86,20.09,19.55,19.6
2016-07-12,19.32,19.73,19.0,19.37
2016-07-13,19.33,19.6,19.06,19.21
2016-07-14,19.23,19.3,18.87,19.0
2016-07-15,19.06,19.2,18.9,19.05
2016-07-18,18.9,19.21,18.61,18.88
2016-07-19,18.89,19.24,18.83,19.24
2016-07-20,19.29,19.39,19.02,19.03
2016-07-21,19.0,19.11,18.71,18.92
2016-07-22,18.83,19.03,18.68,18.8
2016-07-25,18.81,18.97,18.68,18.81
2016-07-26,18.81,19.27,18.79,19.1
2016-07-27,19.2,19.45,17.93,18.18
2016-07-28,18.3,18.93,18.0,18.58
2016-07-29,18.85,18.85,17.71,17.84
2016-08-01,17.8,17.8,17.17,17.31
2016-08-02,17.29,17.65,17.22,17.54
2016-08-03,17.4,17.84,17.39,17.58
2016-08-04,17.56,17.91,17.45,17.7
2016-08-05,17.69,17.82,17.41,17.43
2016-08-08,17.43,17.78,17.2,17.77
2016-08-09,17.77,17.89,17.66,17.83
2016-08-10,18.01,18.01,18.01,18.01
2016-08-11,18.02,18.1,17.48,17.49
2016-08-12,17.49,17.87,17.49,17.84
2016-08-15,17.98,18.12,17.77,18.09
2016-08-16,18.09,18.18,17.89,18.0
2016-08-17,18.08,18.14,17.79,17.84
2016-08-18,17.85,17.98,17.49,17.57
2016-08-19,17.58,17.87,17.51,17.67
2016-08-22,17.75,17.84,17.17,17.22
2016-08-23,17.22,17.77,17.15,17.5
2016-08-24,17.6,18.02,17.42,17.91
2016-08-25,17.9,17.9,17.32,17.58
2016-08-26,17.68,17.81,17.4,17.49
2016-08-29,17.49,17.65,17.42,17.56
2016-08-30,17.6,17.77,17.43,17.48
2016-08-31,17.5,17.55,17.17,17.33
2016-09-01,17.23,17.42,17.18,17.2
2016-09-02,17.17,17.27,16.96,17.02
2016-09-05,17.06,17.46,16.95,17.42
2016-09-06,17.38,18.16,17.14,17.97
2016-09-07,17.95,19.3,17.91,18.38
2016-09-08,18.46,18.46,18.1,18.3
2016-09-09,18.34,18.82,18.32,18.35
2016-09-12,17.86,18.26,17.8,17.95
2016-09-13,18.18,18.47,17.97,18.36
2016-09-14,18.4,20.17,18.27,20.0
2016-09-19,20.0,20.77,19.5,19.93
2016-09-20,19.82,19.99,19.21,19.47
2016-09-21,19.31,19.5,19.1,19.24
2016-09-22,19.42,19.55,18.92,19.24
2016-09-23,19.18,19.42,19.07,19.38
2016-09-26,19.37,19.47,18.05,18.12
2016-09-27,17.98,18.41,17.58,18.37
2016-09-28,18.15,18.64,18.12,18.16
2016-09-29,18.16,18.5,18.11,18.18
2016-09-30,18.2,18.64,18.2,18.52
2016-10-10,18.67,19.33,18.57,19.01
2016-10-11,19.25,19.7,18.95,19.52
2016-10-12,19.5,20.82,19.37,20.7
2016-10-13,21.0,22.42,21.0,21.95
2016-10-14,21.62,22.07,21.32,21.77
2016-10-17,21.99,22.1,21.1,21.45
2016-10-18,21.43,21.78,20.83,21.68
2016-10-19,21.56,22.22,21.33,21.75
2016-10-20,21.7,22.05,21.43,21.82
2016-10-21,21.51,22.15,21.18,21.7
2016-10-24,21.55,22.0,21.3,21.9
2016-10-25,21.97,22.65,21.1,21.17
2016-10-26,21.0,21.0,20.35,20.44
2016-10-27,20.35,20.4,19.45,19.73
2016-10-28,19.77,20.1,19.68,19.8
2016-10-31,19.62,20.39,19.37,19.92
2016-11-01,19.88,20.8,19.88,20.69
2016-11-02,20.69,20.77,20.19,20.3
2016-11-03,20.32,20.45,19.97,20.05
2016-11-04,20.06,20.33,19.34,19.62
2016-11-07,19.61,20.0,19.24,19.39
2016-11-08,19.42,19.73,19.27,19.71
2016-11-09,19.58,19.73,19.04,19.21
2016-11-10,19.41,19.44,18.95,19.15
2016-11-11,19.19,19.34,18.96,19.27
2016-11-14,19.18,19.75,19.15,19.48
2016-11-15,19.49,19.78,19.4,19.76
2016-11-16,19.73,19.96,19.5,19.75
2016-11-17,19.8,19.8,19.26,19.33
2016-11-18,19.45,19.45,19.07,19.27
2016-11-21,19.23,19.55,19.16,19.42
2016-11-22,19.41,19.45,19.14,19.25
2016-11-23,19.27,19.34,18.71,18.72
2016-11-24,18.98,19.1,18.7,18.87
2016-11-25,18.94,18.98,18.32,18.96
2016-11-28,18.96,18.99,18.5,18.5
2016-11-29,18.58,18.67,18.3,18.34
2016-11-30,18.27,18.5,18.2,18.5
2016-12-01,18.49,18.54,18.29,18.39
2016-12-02,18.4,18.53,18.18,18.18
2016-12-05,17.98,18.94,17.85,18.85
2016-12-06,18.84,19.27,18.71,19.21
2016-12-07,19.33,19.33,18.81,19.18
2016-12-08,19.17,19.26,18.87,19.19
2016-12-09,19.19,19.32,18.79,18.9
2016-12-12,18.72,18.85,17.69,17.86
2016-12-13,17.86,18.47,17.86,17.99
2016-12-14,18.06,18.27,17.9,18.04
2016-12-15,17.99,18.55,17.99,18.24
2016-12-16,18.26,18.77,18.26,18.62
2016-12-19,18.62,18.8,18.27,18.32
2016-12-20,18.48,18.48,18.06,18.29
2016-12-21,18.31,18.79,18.24,18.68
2016-12-22,18.68,18.73,18.48,18.57
2016-12-23,18.68,18.69,18.33,18.37
2016-12-26,18.2,18.53,18.05,18.4
2016-12-27,18.4,19.36,18.26,19.12
2016-12-28,19.33,19.46,19.02,19.03
2016-12-29,19.0,19.45,18.9,19.23
2016-12-30,19.43,19.69,19.28,19.61
2017-01-03,19.6,19.77,18.98,19.43
2017-01-04,19.4,19.4,18.94,19.29
2017-01-05,19.5,19.5,19.1,19.11
2017-01-06,19.0,19.15,18.5,18.5
2017-01-09,18.55,18.68,18.3,18.52
2017-01-10,18.45,18.51,18.17,18.2
2017-01-11,18.27,18.28,17.61,17.79
2017-01-12,17.8,18.04,17.76,17.85
2017-01-13,17.82,18.03,17.7,17.91
2017-01-16,17.95,17.95,16.66,17.44
2017-01-17,17.3,17.68,17.07,17.5
2017-01-18,17.44,17.61,17.3,17.41
2017-01-19,17.41,17.41,16.8,16.92
2017-01-20,17.01,17.58,16.9,17.44
2017-01-23,17.39,17.83,17.37,17.72
2017-01-24,17.73,17.93,17.64,17.82
2017-01-25,17.65,18.43,17.65,18.3
2017-01-26,18.45,18.49,18.25,18.4
2017-02-03,18.25,18.42,18.2,18.24
2017-02-06,18.24,18.31,17.96,18.14
2017-02-07,18.12,18.66,18.12,18.65
2017-02-08,18.66,19.2,18.66,18.88
2017-02-09,18.89,19.08,18.56,18.98
2017-02-10,18.88,18.98,18.57,18.58
2017-02-13,18.57,18.75,18.5,18.58
2017-02-14,18.75,18.85,18.55,18.64
2017-02-15,18.6,19.39,18.44,18.89
2017-02-16,18.92,19.12,18.79,18.86
2017-02-17,18.71,19.24,18.68,18.95
2017-02-20,18.95,19.12,18.81,19.07
2017-02-21,19.0,19.18,18.95,19.09
2017-02-22,19.04,19.12,18.44,19.01
2017-02-23,18.93,19.04,18.64,18.99
2017-02-24,18.8,19.13,18.8,18.98
2017-02-27,18.98,19.48,18.7,19.01
2017-02-28,19.14,19.26,18.8,19.19
2017-03-01,19.2,19.38,19.11,19.32
2017-03-02,19.41,19.53,19.14,19.18
2017-03-03,19.11,19.5,19.09,19.33
2017-03-06,19.38,21.16,19.38,20.75
2017-03-07,20.75,20.99,20.28,20.77
2017-03-08,20.69,21.1,20.5,20.77
2017-03-09,20.77,21.26,20.5,21.03
2017-03-10,21.03,21.37,20.7,21.07
2017-03-13,20.92,21.36,20.37,21.36
2017-03-14,21.15,21.98,21.09,21.33
2017-03-15,21.1,21.36,20.91,21.29
2017-03-16,21.46,21.46,21.04,21.28
2017-03-17,21.2,21.3,20.33,20.4
2017-03-20,20.4,20.55,20.03,20.39
2017-03-21,20.2,20.97,20.2,20.63
2017-03-22,20.64,21.29,20.62,21.09
2017-03-23,21.06,21.68,20.83,21.17
2017-03-24,21.3,22.86,21.09,22.64
2017-03-27,22.6,22.8,22.08,22.58
2017-03-28,22.36,22.81,21.97,22.12
2017-03-29,22.16,22.57,21.66,22.2
2017-03-30,22.06,22.27,21.39,22.24
2017-03-31,22.06,22.3,21.67,22.08
2017-04-05,22.09,23.32,21.85,23.09
2017-04-06,22.99,22.99,22.3,22.65
2017-04-07,22.67,22.67,22.24,22.33
2017-04-10,22.3,22.31,21.71,21.89
2017-04-11,21.8,22.37,21.31,21.6
2017-04-12,21.6,21.98,21.39,21.57
2017-04-13,21.4,21.78,21.37,21.49
2017-04-14,21.49,21.66,21.39,21.66
2017-04-17,21.59,22.09,20.6,20.8
2017-04-18,20.72,21.16,20.55,20.8
2017-04-19,20.8,21.13,20.13,20.99
2017-04-20,21.05,21.52,21.0,21.19
2017-04-21,21.03,21.52,20.85,20.93
2017-04-24,20.97,21.97,20.44,20.7
2017-04-25,20.54,21.94,20.35,21.38
2017-04-26,21.75,22.6,21.49,22.36
2017-04-27,22.09,22.4,21.89,22.37
2017-04-28,22.03,22.58,21.97,22.38
2017-05-02,22.35,23.15,21.4,22.98
2017-05-03,22.85,23.51,22.68,22.96
2017-05-04,22.69,23.47,22.69,23.27
2017-05-05,23.27,23.3,22.45,22.65
2017-05-08,22.72,23.19,22.24,22.24
2017-05-09,22.13,23.08,21.55,22.99
2017-05-10,23.28,24.8,23.2,24.0
2017-05-11,23.95,24.24,23.27,24.0
2017-05-12,23.7,24.48,23.7,23.79
2017-05-15,23.88,25.25,23.88,25.11
2017-05-16,25.18,25.74,24.7,25.26
2017-05-17,25.28,26.09,25.06,25.46
2017-05-18,25.23,25.65,24.74,24.74
2017-05-19,24.74,25.4,24.74,25.32
2017-05-22,25.32,25.88,24.86,25.2
2017-05-23,25.06,25.13,24.31,24.31
2017-05-24,24.05,25.4,23.58,25.2
2017-05-25,25.21,25.41,24.51,24.82
2017-05-26,24.82,24.97,23.51,24.11
2017-05-31,24.21,24.88,23.73,24.73
2017-06-01,24.47,24.96,24.06,24.29
2017-06-02,24.21,24.5,23.58,24.5
2017-06-05,24.74,25.15,24.47,24.73
2017-06-06,24.7,25.38,24.55,25.2
2017-06-07,25.03,25.66,24.89,25.5
2017-06-08,25.48,25.69,25.12,25.41
2017-06-09,25.3,25.68,24.94,25.16
2017-06-12,24.88,24.96,23.73,24.5
2017-06-13,24.29,25.05,24.11,24.79
2017-06-14,24.58,25.14,24.55,24.62
2017-06-15,24.62,24.92,24.39,24.8
2017-06-16,24.77,24.79,24.4,24.5
2017-06-19,24.45,24.59,23.88,24.3
2017-06-20,24.32,25.25,24.3,25.0
2017-06-21,25.19,25.21,24.6,25.0
2017-06-22,25.02,25.21,24.45,24.75
2017-06-23,24.67,25.1,24.36,25.1
2017-06-26,25.2,26.1,25.1,25.8
2017-06-27,25.83,25.9,25.18,25.28
2017-06-28,25.28,25.47,24.55,24.6
2017-06-29,24.41,24.82,24.37,24.4
2017-06-30,24.3,24.82,24.21,24.7
2017-07-03,24.73,24.76,24.08,24.1
2017-07-04,24.11,24.9,24.05,24.85
2017-07-05,24.75,25.03,24.6,24.9
2017-07-06,24.73,25.14,24.73,24.96
2017-07-07,24.93,25.54,24.76,25.22
2017-07-10,25.47,25.47,24.59,24.64
2017-07-11,24.57,24.7,23.85,24.14
2017-07-12,24.14,24.18,23.07,23.63
2017-07-13,23.53,23.6,22.91,23.01
2017-07-14,23.03,23.52,22.91,23.28
2017-07-17,23.1,23.29,22.02,22.1
2017-07-18,22.0,22.45,21.41,22.3
2017-07-19,22.3,23.7,22.16,23.59
2017-07-20,23.11,23.95,23.11,23.51
2017-07-21,23.7,23.9,23.36,23.8
2017-07-24,23.63,24.53,23.63,24.3
2017-07-25,24.16,24.7,24.0,24.51
2017-07-26,24.51,24.8,23.5,23.8
2017-07-27,23.8,24.78,23.8,24.77
2017-07-28,24.75,24.89,24.53,24.73
2017-07-31,24.88,24.88,24.5,24.79
2017-08-01,24.8,24.82,24.4,24.54
2017-08-02,24.5,25.45,23.99,24.1
2017-08-03,24.3,24.5,24.03,24.14
2017-08-04,24.08,24.6,23.62,23.89
2017-08-07,23.92,24.49,23.5,24.46
2017-08-08,24.3,24.5,24.04,24.18
2017-08-09,24.18,24.45,23.92,24.3
2017-08-10,24.34,24.57,23.93,23.99
2017-08-11,23.99,24.33,23.82,24.21
2017-08-14,24.33,25.84,24.01,25.7
2017-08-15,25.88,26.47,25.44,26.35
2017-08-16,26.2,26.68,25.83,26.58
2017-08-17,26.36,26.5,25.78,26.3
2017-08-18,26.04,26.56,25.89,26.1
2017-08-21,26.1,27.55,26.1,27.26
2017-08-22,27.41,28.19,26.59,26.9
2017-08-23,26.92,27.37,26.61,26.76
2017-08-24,26.88,26.88,26.24,26.24
2017-08-25,26.25,27.11,26.25,26.43
2017-08-28,26.34,27.51,26.34,27.29
2017-08-29,27.29,27.89,27.24,27.63
2017-08-30,27.78,28.6,27.02,28.3
2017-08-31,28.17,28.48,27.58,28.1
2017-09-01,28.2,28.96,28.1,28.92
2017-09-04,28.96,29.39,28.52,29.32
2017-09-05,29.32,29.59,28.31,28.89
2017-09-06,28.58,28.6,27.94,28.45
2017-09-07,28.28,28.85,28.05,28.46
2017-09-08,28.28,28.36,27.84,28.3
2017-09-11,28.29,28.35,27.01,27.82
2017-09-12,27.8,28.36,27.2,27.56
2017-09-13,27.57,27.57,26.62,27.07
2017-09-14,27.15,27.77,26.48,26.65
2017-09-15,26.88,26.98,26.52,26.7
2017-09-18,26.7,27.58,26.63,27.43
2017-09-19,27.55,27.55,26.41,26.7
2017-09-20,26.49,26.93,26.3,26.57
2017-09-21,26.28,26.45,25.73,26.0
2017-09-22,26.03,27.01,26.0,26.5
2017-09-25,26.43,28.13,26.43,26.93
2017-09-26,26.86,27.57,26.33,26.83
2017-09-27,26.72,28.68,26.72,28.5
2017-09-28,28.69,29.31,28.12,28.69
2017-09-29,28.41,29.2,28.41,28.72
2017-10-09,28.87,29.12,28.05,28.84
2017-10-10,28.86,29.3,28.72,28.89
2017-10-11,29.0,29.0,26.65,26.67
2017-10-12,26.93,27.75,26.9,27.34
2017-10-13,27.13,29.81,27.13,29.56
2017-10-16,29.61,30.1,28.82,29.41
2017-10-17,29.99,30.88,29.5,29.97
2017-10-18,29.67,31.77,29.67,31.07
2017-10-19,31.35,31.43,30.2,30.86
2017-10-20,30.51,30.99,29.9,30.8
2017-10-23,31.34,31.37,30.31,31.0
2017-10-24,30.88,32.25,30.5,32.23
2017-10-25,32.5,33.37,31.73,33.0
2017-10-26,32.68,33.24,32.31,32.8
2017-10-27,32.68,33.2,32.52,32.99
2017-10-30,33.55,34.41,32.29,33.0
2017-10-31,32.6,33.55,32.6,33.55
2017-11-01,33.43,34.12,33.02,34.0
2017-11-02,33.9,33.9,31.78,31.92
2017-11-03,32.69,33.21,31.98,32.8
2017-11-06,33.29,33.29,31.18,31.89
2017-11-07,31.87,32.87,31.38,32.7
2017-11-08,32.71,32.83,31.81,32.17
2017-11-09,32.0,33.48,31.75,33.33
2017-11-10,33.5,35.1,33.33,34.05
2017-11-13,34.13,34.48,33.61,34.08
2017-11-14,34.1,35.08,32.88,33.65
2017-11-15,33.0,33.51,30.82,31.82
2017-11-16,31.5,32.6,31.4,31.99
2017-11-17,32.4,32.42,30.7,31.59
2017-11-20,31.0,33.2,30.2,33.09
2017-11-21,32.83,33.32,31.8,32.0
2017-11-22,31.96,32.59,30.0,30.76
2017-11-23,30.76,30.76,28.61,29.4
2017-11-24,29.07,29.8,28.87,29.4
2017-11-27,28.95,29.8,28.62,29.01
2017-11-28,29.06,30.18,29.01,30.14
2017-11-29,30.14,30.68,29.71,29.94
2017-11-30,29.92,30.16,28.0,28.7
2017-12-01,28.67,30.25,28.67,30.25
2017-12-04,30.8,30.8,30.0,30.25
2017-12-05,29.7,30.44,29.06,29.45
2017-12-06,29.9,30.14,29.01,30.01
2017-12-07,29.85,30.49,29.4,30.07
2017-12-08,30.1,31.38,29.72,31.32
2017-12-11,31.33,31.68,30.82,31.36
2017-12-12,31.34,31.35,30.2,30.5
2017-12-13,30.06,30.46,28.98,29.4
2017-12-14,29.41,29.65,28.32,28.89
2017-12-15,28.74,29.06,27.9,28.64
2017-12-18,28.41,28.94,27.47,28.84
2017-12-19,28.79,29.5,28.29,29.3
2017-12-20,29.05,29.38,27.95,29.07
2017-12-21,28.95,30.5,28.42,30.22
2017-12-22,29.5,30.72,29.3,29.69
2017-12-25,29.6,29.6,27.88,28.3
2017-12-26,28.22,29.01,28.08,28.15
2017-12-27,28.15,28.54,26.63,26.65
2017-12-28,26.8,27.86,26.7,27.65
2017-12-29,27.75,28.5,27.75,28.46
2018-01-02,28.45,28.88,27.6,27.7
2018-01-03,28.08,30.47,27.91,29.8
2018-01-04,30.0,31.46,29.31,31.23
2018-01-05,31.05,32.64,30.75,31.42
2018-01-08,31.29,31.35,29.8,30.13
2018-01-09,30.19,30.73,29.27,30.5
2018-01-10,30.15,30.4,29.34,30.0
2018-01-11,29.7,30.88,29.45,30.46
2018-01-12,30.46,31.38,30.46,31.11
2018-01-15,31.3,31.3,28.95,29.13
2018-01-16,28.88,29.39,26.22,26.22
2018-01-17,26.22,27.0,25.75,26.22
2018-01-18,26.32,27.89,26.14,26.48
2018-01-19,26.49,27.51,26.42,27.1
2018-01-22,27.05,27.05,25.67,25.99
2018-05-14,25.0,26.4,23.99,24.78
2018-05-15,25.88,26.01,24.6,25.08
2018-05-16,25.06,25.47,24.85,25.1
2018-05-17,25.06,25.24,24.5,24.97
2018-05-18,25.0,25.0,23.61,23.93
2018-05-21,24.49,25.37,24.12,25.1
2018-05-22,25.36,26.86,25.11,26.08
2018-05-23,26.0,27.07,25.75,26.5
2018-05-24,26.4,26.87,26.05,26.46
2018-05-25,26.41,26.41,24.74,24.91
2018-05-28,24.8,25.88,24.57,25.35
2018-05-29,25.33,26.18,24.85,24.95
2018-05-30,24.44,24.76,23.72,23.9
2018-05-31,24.47,24.49,21.6,23.93
2018-06-01,23.41,23.54,22.35,22.61
2018-06-04,22.69,23.95,22.31,23.7
2018-06-05,23.7,25.3,23.66,25.28
2018-06-06,25.6,26.39,25.33,25.59
2018-06-07,26.15,26.15,25.37,25.8
2018-06-08,25.95,26.1,24.96,25.85
2018-06-11,25.85,26.74,25.13,26.17
2018-06-12,26.66,26.94,26.1,26.49
2018-06-13,26.5,26.66,25.6,25.8
2018-06-14,25.3,26.19,24.86,25.45
2018-06-15,25.22,25.6,23.56,24.15
2018-06-19,23.92,24.17,22.01,22.7
2018-06-20,22.25,23.18,22.25,22.83
2018-06-21,23.0,23.12,21.0,21.6
2018-06-22,21.02,22.73,21.01,22.7
2018-06-25,23.0,23.18,21.7,22.3
2018-06-26,21.99,22.5,21.4,22.18
2018-06-27,22.19,22.5,21.65,21.71
2018-06-28,21.7,23.09,21.7,22.5
2018-06-29,22.91,24.15,22.12,24.0
2018-07-02,24.02,24.7,23.58,23.76
2018-07-03,23.75,24.57,23.08,24.34
2018-07-04,24.18,24.2,23.33,23.6
2018-07-05,23.56,24.21,22.56,23.3
2018-07-06,23.0,24.36,22.51,23.65
2018-07-09,23.61,24.95,23.61,24.66
2018-07-10,24.6,24.66,22.38,23.89
2018-07-11,22.62,23.0,21.87,22.7
2018-07-12,22.89,24.47,22.61,23.99
2018-07-13,24.5,25.37,24.5,25.09
2018-07-16,25.43,25.51,24.86,24.88
2018-07-17,25.51,25.88,24.66,25.4
2018-07-18,25.4,26.35,24.48,24.6
2018-07-19,25.0,25.06,24.29,24.34
2018-07-20,24.45,25.66,23.85,25.4
2018-07-23,25.5,26.91,25.5,26.36
2018-07-24,26.86,27.15,25.93,26.2
2018-07-25,26.72,26.99,26.3,26.35
2018-07-26,26.66,26.66,25.28,25.68
2018-07-27,25.72,26.45,25.28,26.0
2018-07-30,25.98,25.98,25.3,25.85
2018-07-31,25.41,25.83,24.9,25.19
2018-08-01,25.69,26.19,25.17,25.29
2018-08-02,25.3,25.92,24.58,25.02
2018-08-03,25.0,25.2,24.01,24.18
2018-08-06,24.0,24.29,22.02,23.87
2018-08-07,23.41,24.28,22.83,24.01
2018-08-08,24.03,24.5,23.36,23.41
2018-08-09,23.39,25.37,23.0,24.9
2018-08-10,24.8,25.29,24.62,25.02
2018-08-13,25.0,25.55,24.44,24.7
2018-08-14,24.6,24.7,23.68,23.97
2018-08-15,23.94,24.06,23.19,23.34
2018-08-16,23.09,23.58,22.66,23.03
2018-08-17,23.3,23.42,22.12,22.61
2018-08-20,22.28,23.04,21.78,22.4
2018-08-21,22.54,23.4,22.0,23.22
2018-08-22,23.28,23.37,22.18,22.26
2018-08-23,22.17,22.9,22.15,22.45
2018-08-24,22.45,23.42,22.21,23.12
2018-08-27,23.26,25.43,23.26,25.43
2018-08-28,17.05,17.56,16.8,17.07
2018-08-29,17.13,17.36,16.76,16.94
2018-08-30,16.87,17.15,16.18,16.38
2018-08-31,16.6,16.72,15.95,16.2
2018-09-03,16.26,16.42,15.63,16.0
2018-09-04,16.0,16.5,15.85,16.19
2018-09-05,16.18,16.18,15.36,15.5
2018-09-06,15.3,15.7,14.85,15.17
2018-09-07,15.23,16.05,15.2,15.49
2018-09-10,15.21,15.21,13.94,13.94
2018-09-11,13.72,13.72,12.7,13.44
2018-09-12,13.35,13.48,12.9,13.06
2018-09-13,13.31,13.83,12.75,13.26
2018-09-14,13.29,13.29,11.93,12.57
2018-09-17,12.3,12.42,11.86,11.93
2018-09-18,11.56,11.9,11.41,11.67
2018-09-19,11.67,11.97,10.93,11.59
2018-09-20,11.61,12.64,11.57,12.31
2018-09-21,12.23,12.38,11.91,12.27
2018-09-25,12.15,12.58,11.99,12.39
2018-09-26,12.5,12.8,12.4,12.8
2018-09-27,12.67,12.73,12.26,12.44
2018-09-28,12.44,12.49,11.81,12.25
2018-10-08,11.93,11.93,11.15,11.65
2018-10-09,11.62,11.85,11.42,11.55
2018-10-10,11.6,11.64,11.1,11.42
2018-10-11,10.86,11.2,10.38,10.4
2018-10-12,10.2,10.59,10.07,10.43
2018-10-15,10.6,10.93,10.5,10.61
2018-10-16,10.8,10.89,9.55,9.55
2018-10-17,9.25,10.18,9.25,10.03
2018-10-18,9.89,10.28,9.85,10.09
2018-10-19,9.84,11.06,9.83,10.76
2018-10-22,11.35,11.84,11.3,11.69
2018-10-23,11.9,12.55,11.58,11.99
2018-10-24,12.02,12.14,11.52,11.65
2018-10-25,11.22,12.01,11.18,11.96
2018-10-26,12.21,12.21,11.31,11.46
2018-10-29,11.46,11.78,11.16,11.46
2018-10-30,11.56,11.65,10.38,11.21
2018-10-31,11.19,11.75,11.11,11.72
2018-11-01,11.89,12.11,11.6,11.66
2018-11-02,12.2,12.82,12.2,12.47
2018-11-05,12.9,12.9,11.69,11.72
2018-11-06,11.64,11.69,11.33,11.68
2018-11-07,11.57,12.18,11.5,11.83
2018-11-08,11.96,11.98,11.56,11.6
2018-11-09,11.51,11.9,11.45,11.8
2018-11-12,11.8,12.12,11.6,12.1
2018-11-13,11.79,12.01,11.55,11.9
2018-11-14,11.81,11.87,11.6,11.62
2018-11-15,11.56,11.76,11.51,11.73
2018-11-16,11.81,12.45,11.7,12.28
2018-11-19,12.34,13.24,12.29,12.94
2018-11-20,12.68,12.98,12.25,12.35
2018-11-21,12.1,12.61,12.04,12.48
2018-11-22,12.43,12.47,11.78,11.98
2018-11-23,11.96,12.09,11.35,11.44
2018-11-26,11.3,11.38,11.04,11.2
2018-11-27,11.25,11.33,10.97,11.23
2018-11-28,11.25,11.78,11.18,11.67
2018-11-29,11.8,11.9,11.16,11.17
2018-11-30,11.14,11.58,11.05,11.46
2018-12-03,12.05,12.61,12.05,12.61
2018-12-04,12.69,13.38,12.55,12.9
2018-12-05,12.65,13.42,12.61,13.38
2018-12-06,12.85,12.86,12.07,12.14
2018-12-07,12.32,12.89,12.32,12.42
2018-12-10,12.5,12.85,12.31,12.52
2018-12-11,12.62,13.06,12.62,12.89
2018-12-12,13.07,13.17,12.42,12.5
2018-12-13,12.58,12.84,12.33,12.67
2018-12-14,12.58,12.58,11.6,11.78
2018-12-17,11.59,11.76,11.33,11.6
2018-12-18,11.5,11.75,11.34,11.6
2018-12-19,11.6,11.69,11.16,11.3
2018-12-20,11.24,11.4,11.08,11.38
2018-12-21,11.28,11.35,10.93,11.05
2018-12-24,11.05,11.58,11.02,11.46
2018-12-25,11.25,12.16,11.02,11.92
2018-12-26,11.81,11.93,11.66,11.67
2018-12-27,11.9,11.98,11.54,11.55
2018-12-28,11.55,11.61,11.13,11.29
2019-01-02,11.3,11.55,11.14,11.14
2019-01-03,11.1,11.1,10.03,10.03
2019-01-04,9.05,9.94,9.05,9.64
2019-01-07,9.68,10.23,9.52,10.11
2019-01-08,10.03,10.35,9.91,10.02
2019-01-09,10.08,10.36,10.0,10.13
2019-01-10,10.18,10.34,10.04,10.21
2019-01-11,10.29,10.75,10.26,10.51
2019-01-14,10.45,10.7,10.43,10.59
2019-01-15,10.47,10.59,10.12,10.37
2019-01-16,10.37,10.45,10.0,10.12
2019-01-17,10.15,10.15,9.77,9.82
2019-01-18,9.8,10.03,9.56,9.95
2019-01-21,9.94,10.22,9.85,10.13
2019-01-22,10.15,10.17,9.8,9.89
2019-01-23,9.8,9.91,9.72,9.76
2019-01-24,9.79,10.16,9.58,10.12
2019-01-25,10.11,10.65,9.91,10.35
2019-01-28,10.37,10.63,10.21,10.42
2019-01-29,10.2,10.2,9.38,9.5
2019-01-30,9.7,10.45,9.7,10.45
2019-01-31,10.47,10.67,10.27,10.49
2019-02-01,10.6,11.18,10.5,10.98
2019-02-11,11.0,12.08,11.0,12.08
2019-02-12,12.25,13.16,12.12,12.67
2019-02-13,13.0,13.25,12.5,12.87
2019-02-14,12.85,13.85,12.83,13.4
2019-02-15,13.15,13.5,12.99,13.05
2019-02-18,13.2,14.36,13.2,14.36
2019-02-19,14.8,15.17,14.05,14.71
2019-02-20,14.36,14.74,14.11,14.7
2019-02-21,14.6,15.46,14.41,14.7
2019-02-22,14.53,16.1,14.5,15.95
2019-02-25,16.65,17.54,16.29,16.82
2019-02-26,16.8,17.69,16.2,16.83
2019-02-27,16.52,17.08,15.64,16.23
2019-02-28,16.03,16.49,15.82,16.02
2019-03-01,16.04,16.26,15.43,16.03
2019-03-04,16.15,16.9,15.81,16.04
2019-03-05,16.21,17.64,16.17,17.63
2019-03-06,17.35,17.59,16.61,17.2
2019-03-07,16.86,17.08,16.57,16.76
2019-03-08,16.27,17.21,15.62,16.45
2019-03-11,16.9,17.35,16.51,17.29
2019-03-12,17.36,17.58,16.96,17.52
2019-03-13,17.5,17.5,16.04,16.21
2019-03-14,16.14,16.74,15.99,16.48
2019-03-15,16.5,16.9,16.3,16.52
2019-03-18,16.55,16.6,15.7,16.52
2019-03-19,16.38,17.38,16.3,16.82
2019-03-20,17.11,17.11,16.18,16.53
2019-03-21,16.68,18.18,16.68,18.18
2019-03-22,18.32,18.53,17.6,18.24
2019-03-25,17.7,18.47,17.61,17.78
2019-03-26,17.95,18.24,17.41,17.62
2019-03-27,17.93,17.95,16.88,17.5
2019-03-28,17.35,18.37,17.15,17.8
2019-03-29,18.12,19.25,17.58,18.99
2019-04-01,19.26,20.55,19.03,19.82
2019-04-02,19.99,20.16,19.1,19.47
2019-04-03,19.25,19.73,19.11,19.47
2019-04-04,19.55,19.98,19.42,19.54
2019-04-08,19.57,19.88,18.3,18.65
2019-04-09,18.65,19.37,18.34,19.02
2019-04-10,18.89,19.3,18.55,18.91
2019-04-11,18.77,18.8,18.06,18.19
2019-04-12,18.19,18.43,18.08,18.23
2019-04-15,18.67,19.19,18.28,18.32
2019-04-16,18.18,19.86,17.91,19.65
2019-04-17,19.6,21.16,19.6,20.72
2019-04-18,20.73,20.86,19.99,20.15
2019-04-19,20.1,20.55,19.65,20.14
2019-04-22,20.21,20.85,19.5,19.91
2019-04-23,19.87,20.3,19.38,20.0
2019-04-24,19.58,19.58,18.2,19.2
2019-04-25,19.0,19.39,18.3,18.3
2019-04-26,18.07,18.5,17.51,17.7
2019-04-29,17.84,18.12,17.21,17.78
2019-04-30,17.66,18.0,17.45,17.88
2019-05-06,16.51,16.63,16.09,16.09
2019-05-07,15.49,16.09,14.7,15.33
2019-05-08,14.7,15.35,14.21,15.05
2019-05-09,14.85,15.11,14.65,14.7
2019-05-10,15.11,16.17,14.61,16.05
2019-05-13,15.55,15.78,14.78,14.88
2019-05-14,14.56,14.98,14.4,14.6
2019-05-15,14.93,15.24,14.83,15.17
2019-05-16,15.13,15.16,14.63,14.89
2019-05-17,14.84,15.13,13.9,14.04
2019-05-20,14.04,14.05,12.64,13.06
2019-05-21,13.15,13.98,13.02,13.75
2019-05-22,13.87,14.39,13.67,13.81
2019-05-23,13.78,13.79,12.98,13.18
2019-05-24,13.32,13.43,12.96,13.04
2019-05-27,13.21,13.75,13.04,13.67
2019-05-28,13.65,13.75,13.36,13.68
2019-05-29,13.49,13.73,13.37,13.51
2019-05-30,13.4,13.43,12.98,13.27
2019-05-31,13.3,13.6,13.21,13.28
2019-06-03,13.25,13.95,12.95,13.5
2019-06-04,13.65,14.37,13.51,14.18
2019-06-05,14.4,14.56,13.83,14.21
2019-06-06,14.24,14.24,13.17,13.28
2019-06-10,13.32,13.99,13.13,13.95
2019-06-11,14.0,14.47,13.62,14.38
2019-06-12,14.24,14.53,14.13,14.19
2019-06-13,14.12,14.25,13.79,14.03
2019-06-14,14.05,14.08,13.48,13.57
2019-06-17,13.45,13.64,13.32,13.56
2019-06-18,13.57,13.62,13.3,13.42
2019-06-19,14.34,14.76,14.15,14.48
2019-06-20,14.36,15.14,14.29,14.75
2019-06-21,15.08,15.5,14.84,15.04
2019-06-24,14.9,15.02,14.63,14.84
2019-06-25,14.79,14.79,14.09,14.46
2019-06-26,14.29,14.98,14.15,14.74
2019-06-27,15.0,15.5,14.82,14.93
2019-06-28,14.93,14.94,14.23,14.57
2019-07-01,15.36,15.83,15.16,15.8
2019-07-02,15.83,16.25,15.53,16.04
2019-07-03,15.82,16.01,15.19,15.42
2019-07-04,15.38,15.52,14.98,15.14
2019-07-05,15.09,15.36,14.93,15.14
2019-07-08,15.0,15.0,14.45,14.6
2019-07-09,14.5,14.7,14.11,14.4
2019-07-10,14.58,14.63,14.16,14.29
2019-07-11,14.36,14.42,13.91,14.03
2019-07-12,14.09,14.3,13.91,14.22
2019-07-15,14.17,14.72,13.66,14.55
2019-07-16,14.44,14.84,14.36,14.61
2019-07-17,14.57,15.1,14.45,14.9
2019-07-18,14.7,14.82,14.06,14.17
2019-07-19,14.2,14.38,13.94,14.02
2019-07-22,14.06,14.2,13.47,13.71
2019-07-23,13.66,14.45,13.66,14.35
2019-07-24,14.48,15.79,14.48,15.79
2019-07-25,15.6,16.21,15.47,16.02
2019-07-26,16.25,16.54,15.75,16.13
2019-07-29,15.77,16.47,15.56,16.46
2019-07-30,16.27,16.51,15.92,15.98
2019-07-31,15.78,16.5,15.77,16.3
2019-08-01,16.2,17.25,16.12,16.97
2019-08-02,16.11,16.47,15.78,16.35
2019-08-05,16.15,16.87,16.08,16.24
2019-08-06,15.5,16.17,15.18,15.96
2019-08-07,16.13,16.23,15.48,15.48
2019-08-08,15.62,16.88,15.58,16.77
2019-08-09,17.0,17.98,17.0,17.4
2019-08-12,17.9,19.14,17.11,18.85
2019-08-13,18.5,19.84,18.41,18.9
2019-08-14,19.53,20.58,18.7,18.95
2019-08-15,18.68,20.0,18.25,19.98
2019-08-16,19.61,20.11,19.32,19.32
2019-08-19,19.8,21.02,19.51,20.7
2019-08-20,20.42,20.7,20.21,20.46
2019-08-21,20.21,21.57,19.8,20.86
2019-08-22,20.7,20.9,19.94,20.27
2019-08-23,20.47,20.95,19.96,20.54
2019-08-26,19.86,20.82,19.6,20.17
2019-08-27,20.41,21.06,19.95,20.34
2019-08-28,20.02,20.4,19.85,19.96
2019-08-29,20.0,20.77,19.95,20.26
2019-08-30,20.46,20.8,19.22,19.49
2019-09-02,19.51,20.28,19.0,20.01
2019-09-03,19.98,21.21,19.9,21.15
2019-09-04,21.2,21.53,20.38,21.03
2019-09-05,21.17,23.13,20.83,22.7
2019-09-06,22.7,23.36,22.0,22.77
2019-09-09,22.78,23.65,22.17,23.57
2019-09-10,23.33,23.64,22.09,22.2
2019-09-11,22.51,22.71,21.8,22.29
2019-09-12,22.4,22.48,21.8,22.1
2019-09-16,22.24,22.92,21.75,22.48
2019-09-17,22.32,22.37,21.5,21.89
2019-09-18,22.07,22.16,21.3,21.63
2019-09-19,21.93,22.65,21.7,22.6
2019-09-20,22.51,23.18,22.4,22.8
2019-09-23,22.5,22.69,22.0,22.43
2019-09-24,22.15,22.37,21.65,21.85
2019-09-25,21.46,21.49,19.67,19.67
2019-09-26,19.88,20.62,19.72,19.82
2019-09-27,19.81,20.44,19.39,20.2
2019-09-30,19.93,20.18,19.05,19.7
2019-10-08,19.76,20.6,19.23,19.29
2019-10-09,18.75,19.56,18.21,19.35
2019-10-10,19.56,20.35,19.32,20.16
2019-10-11,20.25,20.47,19.96,20.0
2019-10-14,20.34,20.65,20.05,20.31
2019-10-15,20.08,20.2,19.36,19.85
2019-10-16,19.82,19.98,19.25,19.3
2019-10-17,19.52,19.75,19.15,19.38
2019-10-18,18.81,20.18,18.81,19.21
2019-10-21,19.11,19.11,18.39,18.6
2019-10-22,18.7,19.7,18.69,19.53
2019-10-23,19.78,19.88,19.31,19.67
2019-10-24,19.56,19.67,18.8,19.06
2019-10-25,19.15,20.37,18.73,20.27
2019-10-28,19.94,20.65,19.85,20.49
2019-10-29,20.0,20.45,19.8,19.88
2019-10-30,19.65,20.66,19.5,20.24
2019-10-31,20.35,21.11,20.2,20.61
2019-11-01,20.45,20.95,19.87,20.67
2019-11-04,20.72,21.45,20.55,21.15
2019-11-05,21.15,21.35,20.78,21.13
2019-11-06,21.04,21.32,20.48,20.88
2019-11-07,20.81,21.2,20.6,21.03
2019-11-08,21.07,21.43,20.74,20.8
2019-11-11,20.3,20.36,18.96,19.84
2019-11-12,19.81,19.97,19.09,19.56
2019-11-13,19.5,19.95,19.28,19.67
2019-11-14,19.6,20.95,19.46,20.59
2019-11-15,20.6,21.05,20.37,20.44
2019-11-18,20.28,20.78,20.0,20.13
2019-11-19,20.05,20.3,19.58,20.1
2019-11-20,20.0,20.06,19.25,19.26
2019-11-21,19.0,19.21,18.86,19.02
2019-11-22,19.02,19.38,18.35,18.65
2019-11-25,18.6,18.6,17.5,18.23
2019-11-26,18.2,18.8,18.2,18.78
2019-11-27,18.51,19.29,18.41,18.95
2019-11-28,18.95,19.17,18.78,18.98
2019-11-29,18.89,19.23,18.79,19.1
2019-12-02,19.04,19.6,19.03,19.26
2019-12-03,19.1,19.24,18.66,18.95
2019-12-04,18.71,18.85,18.42,18.5
2019-12-05,18.64,20.35,18.5,20.26
2019-12-06,20.27,20.9,20.15,20.68
2019-12-09,20.9,21.34,20.66,20.97
2019-12-10,20.88,21.37,20.53,21.16
2019-12-11,21.26,21.96,21.12,21.17
2019-12-12,21.2,21.57,20.92,21.17
2019-12-13,21.5,22.1,21.23,21.9
2019-12-16,21.86,23.05,21.68,22.94
2019-12-17,22.8,23.58,22.6,23.01
2019-12-18,23.22,24.45,23.19,23.47
2019-12-19,23.15,23.3,22.29,22.75
2019-12-20,22.61,22.79,22.17,22.34
2019-12-23,22.09,22.16,21.4,21.5
2019-12-24,21.65,22.05,21.21,21.9
2019-12-25,21.78,23.12,21.78,22.86
2019-12-26,22.9,23.1,22.57,22.89
2019-12-27,23.47,23.47,22.1,22.43
2019-12-30,22.08,22.54,21.51,22.43
2019-12-31,22.6,24.38,22.55,23.15
2020-01-02,23.05,25.47,23.0,25.47
2020-01-03,25.51,27.2,25.3,26.9
2020-01-06,26.3,27.75,26.14,26.98
2020-01-07,26.8,27.24,26.45,26.65
2020-01-08,26.8,27.01,25.7,25.99
2020-01-09,26.65,27.66,26.25,27.45
2020-01-10,27.57,27.66,26.34,26.8
2020-01-13,26.5,29.44,26.45,29.41
2020-01-14,29.33,29.34,27.75,28.41
2020-01-15,28.31,28.77,27.58,28.5
2020-01-16,28.49,28.74,27.9,27.98
2020-01-17,28.03,28.24,27.3,27.48
2020-01-20,27.3,28.56,27.2,28.45
2020-01-21,28.53,31.3,28.53,29.84
2020-01-22,29.89,31.48,29.2,31.48
2020-01-23,30.5,30.89,28.33,28.7
2020-02-03,25.83,25.83,25.83,25.83
2020-02-04,24.9,27.1,24.88,26.55
2020-02-05,26.77,27.77,26.0,26.23
2020-02-06,25.99,26.81,25.4,26.58
2020-02-07,26.2,27.5,25.98,26.75
2020-02-10,26.4,26.43,25.28,25.92
2020-02-11,26.15,28.51,25.82,28.15
2020-02-12,27.5,28.78,27.01,28.66
2020-02-13,28.45,29.92,28.14,28.7
2020-02-14,28.58,29.74,28.11,28.44
2020-02-17,29.0,30.3,28.49,30.2
2020-02-18,30.5,30.7,29.48,30.25
2020-02-19,30.3,30.71,29.18,29.49
2020-02-20,29.4,32.39,29.39,32.06
2020-02-21,32.06,34.36,31.72,33.36
2020-02-24,33.35,35.2,32.78,35.0
2020-02-25,33.99,36.59,32.76,35.79
2020-02-26,34.5,35.3,32.21,32.21
2020-02-27,32.01,32.8,30.38,31.16
2020-02-28,29.5,30.32,28.26,28.3
2020-03-02,29.25,30.8,28.0,29.77
2020-03-03,31.74,32.33,29.48,30.18
2020-03-04,29.34,29.94,28.01,29.03
2020-03-05,30.41,30.53,29.04,29.7
2020-03-06,29.02,30.65,28.75,30.02
2020-03-09,29.01,29.9,27.97,28.1
2020-03-10,27.9,30.45,27.49,30.2
2020-03-11,30.45,31.24,28.71,28.99
2020-03-12,28.33,28.68,27.51,27.91
2020-03-13,25.29,27.77,25.29,26.89
2020-03-16,27.15,27.15,24.2,24.2
2020-03-17,24.08,24.68,21.8,23.07
2020-03-18,23.46,23.92,22.39,22.45
2020-03-19,22.71,23.5,21.9,23.21
2020-03-20,23.76,23.97,22.62,23.14
2020-03-23,22.1,22.43,20.83,20.83
2020-03-24,21.29,21.46,20.15,21.2
2020-03-25,21.96,23.06,21.89,22.67
2020-03-26,22.35,22.81,22.05,22.2
2020-03-27,22.63,22.82,21.6,21.78
2020-03-30,21.19,21.29,19.88,20.84
2020-03-31,21.22,21.31,20.55,20.61
2020-04-01,20.66,21.57,20.43,20.97
2020-04-02,20.9,22.64,20.84,22.61
2020-04-03,22.43,22.55,21.9,22.04
2020-04-07,22.85,23.09,22.44,22.71
2020-04-08,22.51,23.87,22.46,23.75
2020-04-09,23.85,24.22,23.15,23.45
2020-04-10,23.31,23.36,21.9,22.05
2020-04-13,21.9,21.9,21.01,21.57
2020-04-14,21.93,22.5,21.72,22.47
2020-04-15,22.87,23.54,22.57,22.97
2020-04-16,22.69,23.25,22.42,22.86
2020-04-17,23.45,24.5,23.36,23.68
2020-04-20,23.89,24.33,23.5,23.96
2020-04-21,23.77,23.77,22.58,23.16
2020-04-22,22.71,23.29,22.59,23.26
2020-04-23,23.3,23.36,22.53,22.57
2020-04-24,22.46,22.83,22.06,22.13
2020-04-27,22.5,23.14,22.38,22.94
2020-04-28,23.0,24.45,22.11,23.9
2020-04-29,23.62,24.59,23.61,24.35
2020-04-30,24.74,26.78,24.65,26.54
2020-05-06,26.05,27.16,26.05,27.07
2020-05-07,27.22,27.7,26.31,26.32
2020-05-08,26.74,27.06,26.22,26.33
2020-05-11,26.43,26.98,26.04,26.49
2020-05-12,26.3,27.16,25.78,27.05
2020-05-13,26.78,27.35,26.7,27.14
2020-05-14,26.85,27.42,26.74,26.81
2020-05-15,27.0,27.9,26.72,27.28
2020-05-18,26.96,26.96,24.85,25.16
2020-05-19,25.56,26.05,25.18,26.03
2020-05-20,25.99,26.16,25.18,25.28
2020-05-21,25.5,25.58,24.32,24.5
2020-05-22,24.51,24.75,23.78,23.95
2020-05-25,23.93,23.94,23.17,23.41
2020-05-26,23.74,24.55,23.69,24.39
2020-05-27,24.64,24.64,23.37,23.61
2020-05-28,23.66,23.79,22.7,23.45
2020-05-29,23.22,23.84,23.05,23.33
2020-06-01,23.99,25.66,23.84,25.66
2020-06-02,26.31,26.8,26.07,26.5
2020-06-03,26.69,28.65,26.26,27.94
2020-06-04,28.8,29.38,28.09,28.48
2020-06-05,29.01,29.48,28.2,28.69
2020-06-08,30.0,30.6,28.95,29.25
2020-06-09,30.45,30.6,28.25,28.5
2020-06-10,28.87,29.47,28.62,28.9
2020-06-11,28.84,29.55,28.51,28.55
2020-06-12,27.81,28.11,27.26,27.63
2020-06-15,27.63,27.95,26.87,26.89
2020-06-16,27.35,28.22,27.35,27.75
2020-06-17,27.7,27.7,26.96,27.31
2020-06-18,27.41,28.79,27.26,28.6
2020-06-19,28.61,29.39,28.39,29.14
2020-06-22,29.28,29.94,29.11,29.49
2020-06-23,29.65,29.8,28.7,29.64
2020-06-24,29.83,30.18,28.6,29.44
2020-06-29,29.01,29.58,28.47,28.75
2020-06-30,29.18,30.23,29.1,29.95
2020-07-01,29.94,30.1,29.12,29.74
2020-07-02,29.73,29.93,29.1,29.72
2020-07-03,29.8,29.95,28.72,29.21
2020-07-06,29.16,30.62,28.8,30.41
2020-07-07,30.76,32.21,30.44,31.16
2020-07-08,31.29,32.0,30.97,31.54
2020-07-09,32.34,33.28,31.6,32.38
2020-07-10,31.9,33.14,31.62,32.1
2020-07-13,32.06,33.41,31.76,33.4
2020-07-14,33.32,33.32,31.3,31.72
2020-07-15,31.81,32.24,29.99,30.27
2020-07-16,30.04,30.67,27.29,27.98
2020-07-17,28.1,28.74,27.75,28.32
2020-07-20,28.85,28.99,27.95,28.85
2020-07-21,29.21,29.37,28.42,28.85
2020-07-22,28.88,29.44,28.56,29.0
2020-07-23,28.44,28.69,27.18,28.24
2020-07-24,27.86,28.21,25.86,26.0
2020-07-27,26.02,26.2,25.11,25.78
2020-07-28,26.16,27.11,26.12,26.93
2020-07-29,26.8,27.79,26.62,27.77
2020-07-30,28.0,28.07,27.12,27.43
2020-07-31,28.01,30.17,28.01,29.35
2020-08-03,29.59,29.78,29.0,29.6
2020-08-04,30.05,30.43,28.51,28.75
2020-08-05,29.03,29.5,28.34,28.93
2020-08-06,28.67,28.82,28.0,28.43
2020-08-07,28.35,28.72,26.8,27.17
2020-08-10,26.7,27.27,25.9,26.96
2020-08-11,26.94,27.76,26.65,26.73
2020-08-12,26.52,27.44,25.89,27.4
2020-08-13,27.25,27.46,26.87,26.97
2020-08-14,26.99,27.29,26.76,27.16
2020-08-17,27.37,28.17,27.11,28.1
2020-08-18,28.11,28.16,27.51,27.75
2020-08-19,27.73,27.73,26.74,26.9
2020-08-20,26.79,27.25,26.55,27.02
2020-08-21,27.36,27.97,26.8,27.25
2020-08-24,28.25,28.55,27.41,28.32
2020-08-25,28.52,29.5,28.5,28.76
2020-08-26,28.92,29.45,28.22,29.15
2020-08-27,27.8,28.07,27.27,27.77
2020-08-28,27.8,27.93,27.14,27.77
2020-08-31,28.0,28.77,27.78,27.79
2020-09-01,27.78,27.78,26.85,27.4
2020-09-02,27.5,28.25,27.45,28.07
2020-09-03,27.9,27.92,27.4,27.58
2020-09-04,26.8,27.45,26.6,27.38
2020-09-07,27.35,27.46,26.12,26.21
2020-09-08,26.11,26.31,25.49,25.99
2020-09-09,25.56,25.64,25.0,25.27
2020-09-10,25.55,25.78,24.9,25.26
2020-09-11,25.24,26.25,25.1,26.22
2020-09-14,26.28,27.39,26.07,26.99
2020-09-15,26.9,27.28,26.53,27.04
2020-09-16,26.9,26.96,26.21,26.34
2020-09-17,26.17,26.84,26.08,26.52
2020-09-18,26.34,26.78,26.28,26.66
2020-09-21,26.61,27.07,26.33,26.51
2020-09-22,26.2,26.61,25.81,25.89
2020-09-23,26.05,26.3,25.67,25.92
2020-09-24,25.7,25.78,25.02,25.05
2020-09-25,25.2,25.32,25.02,25.14
2020-09-28,25.34,25.4,24.36,24.58
2020-09-29,24.66,25.05,24.58,24.81
2020-09-30,24.89,26.98,24.81,26.4
2020-10-09,27.3,27.8,27.15,27.54
2020-10-12,27.55,27.84,27.14,27.51
2020-10-13,27.6,27.6,27.14,27.48
2020-10-14,27.0,27.17,26.56,26.56
2020-10-15,26.96,27.08,25.84,25.95
2020-10-16,26.06,26.14,25.17,25.41
2020-10-19,25.98,27.35,25.93,26.79
2020-10-20,26.99,27.0,25.68,26.23
2020-10-21,26.24,26.3,25.48,25.7
2020-10-22,25.7,25.81,25.28,25.71
2020-10-23,25.81,26.25,24.99,25.1
2020-10-26,25.1,26.27,24.91,25.97
2020-10-27,26.0,27.23,25.88,27.2
2020-10-28,27.2,27.37,26.22,27.08
2020-10-29,26.71,26.83,25.88,26.11
2020-10-30,25.99,26.06,25.1,25.3
2020-11-02,25.32,25.8,25.0,25.7
2020-11-03,25.69,26.11,25.47,25.8
2020-11-04,25.75,25.93,25.38,25.66
2020-11-05,26.05,26.8,25.87,26.76
2020-11-06,26.91,26.95,26.51,26.67
2020-11-09,27.0,29.34,27.0,29.34
2020-11-10,29.4,29.42,28.42,28.81
2020-11-11,28.6,28.82,26.7,27.09
2020-11-12,27.22,27.63,26.95,27.3
2020-11-13,27.09,27.78,26.7,26.7
2020-11-16,27.07,27.23,25.9,26.44
2020-11-17,26.37,26.49,25.74,26.35
2020-11-18,26.32,26.8,26.14,26.42
2020-11-19,26.3,26.59,25.88,26.5
2020-11-20,26.4,26.57,25.98,26.22
2020-11-23,26.0,26.3,25.75,26.14
2020-11-24,26.01,26.46,25.88,25.96
2020-11-25,26.0,26.09,25.14,25.17
2020-11-26,25.23,25.46,25.07,25.46
2020-11-27,25.47,25.95,25.35,25.89
2020-11-30,26.45,28.36,26.45,27.36
2020-12-01,27.79,27.85,27.08,27.65
2020-12-02,28.28,28.4,27.72,27.87
2020-12-03,27.88,28.89,27.88,28.37
2020-12-04,28.18,28.91,28.15,28.66
2020-12-07,29.3,30.09,29.06,29.52
2020-12-08,29.38,29.84,29.15,29.41
2020-12-09,29.4,29.96,28.61,28.9
2020-12-10,28.77,29.22,28.24,28.71
2020-12-11,28.7,28.8,26.91,27.0
2020-12-14,27.39,27.4,26.08,26.3
2020-12-15,26.36,26.65,25.98,26.18
2020-12-16,26.6,26.87,25.63,25.85
2020-12-17,25.73,26.2,25.65,26.12
2020-12-18,26.2,26.36,25.63,25.85
2020-12-21,25.86,26.15,25.5,25.98
2020-12-22,25.81,25.93,25.2,25.5
2020-12-23,27.4,27.4,26.0,26.6
2020-12-24,26.61,26.61,26.01,26.13
2020-12-25,26.3,26.77,26.11,26.51
2020-12-28,26.26,26.35,25.6,25.68
2020-12-29,25.61,26.85,25.61,26.58
2020-12-30,26.5,26.58,25.88,26.06
2020-12-31,26.02,26.25,25.49,26.0
2021-01-04,26.01,26.35,25.51,26.33
2021-01-05,26.08,27.5,25.98,27.48
2021-01-06,27.49,27.5,26.28,26.59
2021-01-07,26.5,26.84,25.85,26.12
2021-01-08,26.21,26.57,25.75,25.93
2021-01-11,25.84,26.5,25.61,26.09
2021-01-12,26.13,26.17,25.62,26.01
2021-01-13,25.9,26.89,25.9,26.53
2021-01-14,26.53,27.33,26.21,27.04
2021-01-15,26.98,26.98,25.89,25.99
2021-01-18,25.78,26.34,25.68,26.08
2021-01-19,25.96,26.08,25.56,25.72
2021-01-20,25.69,25.69,24.67,24.8
2021-01-21,24.81,24.93,23.0,23.35
2021-01-22,23.38,23.75,23.03,23.71
2021-01-25,23.3,23.5,22.65,22.98
2021-01-26,22.85,23.14,22.52,22.63
2021-01-27,22.5,22.96,22.45,22.79
2021-01-28,22.6,22.75,22.1,22.17
2021-01-29,22.27,22.66,21.75,21.82
2021-02-01,21.77,22.54,21.53,22.38
2021-02-02,22.1,22.95,22.1,22.82
2021-02-03,22.95,22.97,21.85,21.93
2021-02-04,21.62,21.77,20.62,21.3
2021-02-05,21.26,21.46,20.7,20.7
2021-02-08,20.7,20.9,19.52,20.04
2021-02-09,20.23,21.36,20.03,21.2
2021-02-10,21.4,23.09,21.4,22.5
2021-02-18,22.98,23.06,21.79,21.86
2021-02-19,21.89,22.84,21.74,22.74
2021-02-22,22.7,23.09,22.35,22.41
2021-02-23,22.31,22.6,21.91,22.3
2021-02-24,22.36,22.68,21.98,22.29
2021-02-25,22.45,22.5,21.95,22.01
2021-02-26,21.51,21.9,21.3,21.62
2021-03-01,21.71,22.1,21.64,22.08
2021-03-02,22.2,22.26,21.71,21.92
2021-03-03,21.88,22.14,21.71,22.08
2021-03-04,21.96,22.06,21.27,21.29
2021-03-05,21.16,22.15,21.0,21.94
2021-03-08,22.36,22.67,21.73,21.84
2021-03-09,21.6,22.14,21.06,21.47
2021-03-10,21.7,21.78,20.77,20.8
2021-03-11,20.99,20.99,20.2,20.78
2021-03-12,20.7,20.7,19.83,19.96
2021-03-15,19.88,19.91,18.42,18.62
2021-03-16,18.8,19.68,18.53,18.97
2021-03-17,18.72,19.1,18.59,19.08
2021-03-18,19.08,19.1,18.81,18.95
2021-03-19,18.74,18.93,18.43,18.59
2021-03-22,18.6,18.87,18.39,18.76
2021-03-23,18.78,18.95,18.62,18.73
2021-03-24,18.6,18.68,17.98,17.99
2021-03-25,17.97,18.24,17.91,18.03
2021-03-26,18.05,18.54,18.0,18.54
2021-03-29,18.48,18.55,18.16,18.17
2021-03-30,18.1,18.29,18.01,18.22
2021-03-31,18.31,18.49,18.16,18.32
2021-04-01,18.3,18.48,18.26,18.44
2021-04-02,18.48,19.11,18.44,18.87
2021-04-06,19.0,19.06,18.68,18.74
2021-04-07,18.72,18.83,18.51,18.75
2021-04-08,18.77,19.27,18.62,18.83
2021-04-09,18.76,18.82,18.48,18.63
2021-04-12,18.56,18.71,18.1,18.16
2021-04-13,18.16,18.4,18.0,18.05
2021-04-14,18.05,18.33,17.96,18.27
2021-04-15,18.27,18.63,18.1,18.52
2021-04-16,18.58,18.79,18.44,18.69
2021-04-19,18.69,19.56,18.6,19.46
2021-04-20,19.3,19.39,18.85,18.9
2021-04-21,18.81,18.89,18.67,18.71
2021-04-22,18.7,19.1,18.7,18.87
2021-04-23,18.79,18.79,18.37,18.5
2021-04-26,18.69,18.69,18.06,18.08
2021-04-27,18.09,18.1,17.08,17.37
2021-04-28,17.26,17.36,16.8,17.31
2021-04-29,17.3,17.66,17.2,17.52
2021-04-30,17.58,17.59,17.17,17.44
2021-05-06,17.4,17.45,16.9,16.96
2021-05-07,16.9,16.96,16.27,16.29
2021-05-10,16.3,16.32,15.88,16.12
2021-05-11,16.08,16.4,15.99,16.37
2021-05-12,16.26,16.26,16.07,16.11
2021-05-13,15.98,16.22,15.88,15.93
2021-05-14,15.97,16.3,15.92,16.28
2021-05-17,16.28,16.55,16.2,16.34
2021-05-18,16.27,16.27,15.98,16.11
2021-05-19,16.06,16.71,16.0,16.69
2021-05-20,16.53,16.64,16.36,16.48
2021-05-21,16.54,16.64,16.13,16.15
2021-05-24,16.12,16.72,16.05,16.68
2021-05-25,16.75,17.88,16.74,17.67
2021-05-26,17.96,17.96,17.45,17.52
2021-05-27,17.61,17.98,17.46,17.91
2021-05-28,17.82,18.28,17.74,18.14
2021-05-31,18.3,18.47,17.99,18.16
2021-06-01,18.03,18.8,17.78,18.65
2021-06-02,18.56,18.86,18.42,18.54
2021-06-03,18.58,18.74,18.28,18.31
2021-06-04,18.28,18.8,18.16,18.68
2021-06-07,18.78,19.5,18.75,18.8
2021-06-08,18.84,19.42,18.7,19.0
2021-06-09,19.01,19.04,18.21,18.43
2021-06-10,18.43,18.62,18.31,18.53
2021-06-11,18.48,18.62,18.01,18.1
2021-06-15,18.0,18.63,17.98,18.27
2021-06-16,18.4,18.64,18.06,18.09
2021-06-17,18.29,18.59,18.09,18.51
2021-06-18,18.49,18.55,18.03,18.1
2021-06-21,18.01,18.31,17.61,18.24
2021-06-22,18.27,18.29,17.88,17.92
2021-06-23,17.86,19.71,17.84,19.71
2021-06-24,20.23,21.45,19.8,21.3
2021-06-25,21.1,22.53,20.88,21.56
2021-06-28,21.82,21.88,21.41,21.68
2021-06-29,21.68,21.68,21.06,21.15
2021-06-30,21.23,21.4,20.67,20.84
2021-07-01,21.1,21.22,20.51,20.52
2021-07-02,20.52,20.68,19.7,19.89
2021-07-05,19.95,20.4,19.71,20.21
2021-07-06,20.05,20.33,19.51,19.89
2021-07-07,19.78,20.25,19.6,20.02
2021-07-08,20.25,20.92,20.21,20.47
2021-07-09,20.79,20.83,19.86,19.93
2021-07-12,19.93,21.25,19.93,21.13
2021-07-13,21.0,21.0,20.38,20.78
2021-07-14,20.78,20.78,20.15,20.17
2021-07-15,19.98,20.39,19.59,20.2
2021-07-16,20.05,20.38,19.81,20.35
2021-07-19,20.15,21.29,20.1,21.13
2021-07-20,20.76,21.59,20.7,21.43
2021-07-21,21.36,21.94,20.81,21.08
2021-07-22,21.03,21.4,20.64,20.85
2021-07-23,20.75,20.88,20.15,20.21
2021-07-26,20.35,20.66,19.8,20.42
2021-07-27,20.49,21.19,20.2,20.32
2021-07-28,19.91,20.1,18.92,19.35
2021-07-29,19.79,21.09,19.78,20.94
2021-07-30,20.9,21.29,20.51,21.12
2021-08-02,20.89,21.45,20.7,21.38
2021-08-03,21.39,21.39,20.57,20.75
2021-08-04,20.61,21.05,20.6,21.02
2021-08-05,20.86,20.99,20.35,20.53
2021-08-06,20.41,20.66,20.12,20.55
2021-08-09,20.5,20.68,20.18,20.38
2021-08-10,20.35,20.52,19.95,20.26
2021-08-11,20.14,21.66,20.0,21.36
2021-08-12,20.9,20.95,20.38,20.52
2021-08-13,20.3,20.42,19.99,20.07
2021-08-16,20.15,20.36,20.0,20.18
2021-08-17,20.1,20.28,19.62,19.71
2021-08-18,19.65,19.84,19.24,19.34
2021-08-19,19.34,19.62,19.16,19.25
2021-08-20,19.26,19.38,18.91,19.12
2021-08-23,19.12,19.75,19.12,19.55
2021-08-24,19.85,19.88,19.4,19.49
2021-08-25,19.5,19.54,19.1,19.16
2021-08-26,19.12,19.33,18.87,18.92
2021-08-27,18.9,18.9,18.41,18.45
2021-08-30,18.43,18.74,18.15,18.56
2021-08-31,18.55,19.24,18.43,19.19
2021-09-01,19.31,19.46,19.09,19.33
2021-09-02,19.2,19.43,19.01,19.13
2021-09-03,19.12,19.5,19.09,19.2
2021-09-06,19.11,19.35,19.0,19.27
2021-09-07,19.26,19.5,19.1,19.43
2021-09-08,19.43,20.3,19.35,20.26
2021-09-09,20.3,21.25,20.02,20.56
2021-09-10,20.47,20.69,20.26,20.57
2021-09-13,20.52,21.2,20.45,21.02
2021-09-14,20.98,21.11,20.25,20.36
2021-09-15,20.37,21.07,19.9,20.77
2021-09-16,20.81,20.96,20.3,20.34
2021-09-17,20.16,20.98,20.15,20.81
2021-09-22,20.52,21.25,20.5,20.83
2021-09-23,20.85,21.88,20.81,21.74
2021-09-24,21.76,22.4,21.26,21.31
2021-09-27,21.46,22.22,21.46,22.09
2021-09-28,21.88,22.09,21.4,21.95
2021-09-29,21.58,21.67,20.73,20.77
2021-09-30,20.89,21.42,20.78,20.88
2021-10-08,21.18,21.62,20.63,20.89
2021-10-11,20.91,21.47,20.85,21.03
2021-10-12,20.99,20.99,20.05,20.81
2021-10-13,20.76,20.8,20.15,20.71
2021-10-14,20.59,20.59,19.78,19.81
2021-10-15,19.8,19.95,19.6,19.8
2021-10-18,19.79,19.79,18.99,19.4
2021-10-19,19.31,20.15,19.25,19.95
2021-10-20,19.86,20.09,19.68,19.75
2021-10-21,19.7,19.89,19.25,19.29
2021-10-22,19.28,19.88,19.21,19.5
2021-10-25,19.36,19.65,19.21,19.38
2021-10-26,20.29,21.32,20.09,21.32
2021-10-27,21.7,22.05,20.59,20.9
2021-10-28,20.84,21.1,20.23,20.29
2021-10-29,20.43,20.67,20.25,20.32
2021-11-01,20.43,21.28,20.43,21.12
2021-11-02,21.15,21.98,21.05,21.29
2021-11-03,21.42,21.57,21.0,21.44
2021-11-04,21.4,23.58,21.31,23.58
2021-11-05,24.75,25.94,24.73,24.89
2021-11-08,24.51,25.85,24.3,25.47
2021-11-09,25.67,26.11,25.04,25.85
2021-11-10,25.84,26.72,25.47,26.05
2021-11-11,25.46,26.02,25.25,25.49
2021-11-12,25.56,26.5,25.4,25.74
2021-11-15,25.94,26.44,25.4,25.78
2021-11-16,25.77,26.4,25.5,25.61
2021-11-17,25.66,26.1,25.27,25.84
2021-11-18,25.62,26.14,24.99,25.15
2021-11-19,25.25,26.18,25.05,25.44
2021-11-22,25.56,26.13,25.31,25.93
2021-11-23,25.89,26.0,25.15,25.58
2021-11-24,25.56,25.76,25.1,25.3
2021-11-25,25.14,25.28,24.5,24.95
2021-11-26,24.8,25.13,23.9,24.25
2021-11-29,23.99,24.4,23.63,24.22
2021-11-30,24.25,24.4,23.87,24.01
2021-12-01,24.14,24.3,23.68,24.07
2021-12-02,24.0,24.12,23.26,23.41
2021-12-03,23.46,23.74,23.22,23.4
2021-12-06,23.6,23.67,22.93,23.14
2021-12-07,23.38,24.48,23.15,23.71
2021-12-08,23.71,25.44,23.7,24.83
2021-12-09,25.0,26.05,24.52,25.9
2021-12-10,25.68,26.34,25.49,26.14
2021-12-13,25.82,26.39,25.6,26.13
2021-12-14,25.87,26.45,25.68,26.25
2021-12-15,26.0,28.0,26.0,27.18
2021-12-16,27.24,27.68,26.5,26.88
2021-12-17,26.76,26.93,25.72,26.15
2021-12-20,25.78,26.22,25.46,25.73
2021-12-21,25.82,27.7,25.61,27.13
2021-12-22,27.13,28.11,26.97,27.43
2021-12-23,27.46,28.08,27.09,27.2
2021-12-24,27.33,28.37,27.31,27.8
2021-12-27,27.96,28.39,26.89,27.2
2021-12-28,27.0,27.76,26.78,26.97
2021-12-29,27.31,27.35,26.11,26.49
2021-12-30,26.35,27.15,26.35,27.07
2021-12-31,27.06,27.3,26.61,27.1
2022-01-04,27.12,27.49,26.39,27.29
2022-01-05,26.9,28.27,26.05,26.4
2022-01-06,25.93,26.22,25.3,25.74
2022-01-07,25.64,26.31,25.6,25.84
2022-01-10,25.45,26.41,25.13,26.08
2022-01-11,26.03,26.05,24.79,24.95
2022-01-12,24.95,25.48,24.9,25.39
2022-01-13,25.52,25.52,24.91,25.0
2022-01-14,24.81,25.5,24.8,25.17
2022-01-17,25.12,26.43,25.04,26.09
2022-01-18,26.26,26.29,24.47,24.8
2022-01-19,24.8,24.98,23.9,24.12
2022-01-20,23.05,24.45,23.05,24.2
2022-01-21,24.01,24.54,23.51,24.05
2022-01-24,24.2,25.11,23.88,24.7
2022-01-25,24.6,24.88,23.66,23.7
2022-01-26,24.0,24.45,23.53,24.16
2022-01-27,24.15,24.5,23.57,23.58
2022-01-28,24.34,25.15,23.58,24.63
2022-02-07,25.06,25.6,23.97,24.15
2022-02-08,24.19,24.19,22.5,23.21
2022-02-09,23.26,24.42,23.03,24.33
2022-02-10,24.27,24.96,24.16,24.48
2022-02-11,24.38,24.38,23.23,23.38
2022-02-14,23.18,24.13,22.69,23.53
2022-02-15,23.54,24.3,23.41,24.24
2022-02-16,24.25,24.8,24.02,24.09
2022-02-17,24.09,24.54,23.56,24.4
2022-02-18,24.01,24.24,23.6,23.67
2022-02-21,23.32,23.73,22.19,22.66
2022-02-22,22.43,22.44,21.51,22.17
2022-02-23,22.1,23.25,22.06,23.04
2022-02-24,22.94,23.07,21.93,22.23
2022-02-25,22.54,23.11,22.28,22.36
2022-02-28,22.51,22.54,21.88,22.17
2022-03-01,22.18,22.74,22.1,22.28
2022-03-02,22.13,22.21,21.16,21.38
2022-03-03,21.5,21.53,20.52,20.6
2022-03-04,20.31,20.75,20.29,20.63
2022-03-07,20.33,20.57,19.78,19.91
2022-03-08,20.16,20.34,19.17,19.6
2022-03-09,19.6,19.99,18.77,19.56
2022-03-10,20.1,20.35,19.68,19.7
2022-03-11,19.3,19.55,18.81,19.36
2022-03-14,19.0,19.44,18.78,18.83
2022-03-15,18.83,18.91,17.48,17.69
2022-03-16,18.2,18.41,17.12,18.37
2022-03-17,18.61,20.21,18.56,20.21
2022-03-18,19.65,20.2,19.08,19.31
2022-03-21,19.4,19.92,19.31,19.61
2022-03-22,19.62,19.85,19.44,19.51
2022-03-23,19.6,20.39,19.57,20.15
2022-03-24,20.04,20.04,19.66,19.8
2022-03-25,19.97,20.0,19.31,19.38
2022-03-28,19.18,19.64,19.0,19.32
2022-03-29,19.43,19.56,18.56,18.76
2022-03-30,19.03,19.54,18.96,19.4
2022-03-31,19.39,19.39,18.68,18.68
2022-04-01,18.68,18.86,18.28,18.37
2022-04-06,18.18,18.18,17.52,17.82
2022-04-07,17.81,18.81,17.61,18.1
2022-04-08,18.2,18.25,17.49,18.08
2022-04-11,18.14,18.18,16.8,16.89
2022-04-12,16.98,17.41,16.67,17.38
2022-04-13,17.16,17.5,17.04,17.19
2022-04-14,17.25,17.66,17.18,17.55
2022-04-15,17.45,17.63,17.06,17.16
2022-04-18,17.04,17.73,16.82,17.54
2022-04-19,17.55,17.81,17.2,17.4
2022-04-20,17.41,17.85,17.18,17.26
2022-04-21,17.23,18.1,16.8,16.97
2022-04-22,17.2,17.39,16.28,16.77
2022-04-25,16.2,16.43,15.09,15.09
2022-04-26,15.09,15.67,14.7,15.1
2022-04-27,14.8,15.74,14.53,15.6
2022-04-28,15.43,16.51,15.35,16.04
2022-04-29,16.11,17.05,15.97,16.9
2022-05-05,16.85,17.1,16.63,16.74
2022-05-06,16.06,16.43,16.01,16.18
2022-05-09,16.18,16.61,16.05,16.24
2022-05-10,16.21,16.74,15.85,16.34
2022-05-11,16.48,17.97,16.4,17.15
2022-05-12,17.22,17.37,16.85,17.03
2022-05-13,17.19,17.33,16.73,16.96
2022-05-16,17.04,17.26,16.59,16.63
2022-05-17,16.65,16.91,16.23,16.87
2022-05-18,16.9,17.15,16.78,16.86
2022-05-19,16.53,16.78,16.46,16.75
2022-05-20,16.7,17.28,16.64,17.27
2022-05-23,17.3,17.3,16.93,17.19
2022-05-24,16.94,17.69,16.9,17.03
2022-05-25,16.92,17.14,16.4,16.65
2022-05-26,16.66,17.75,16.14,17.15
2022-05-27,17.26,17.55,16.97,17.13
2022-05-30,17.26,17.29,16.86,17.1
2022-05-31,17.18,18.81,16.97,18.81
2022-06-01,18.76,19.06,18.38,18.46
2022-06-02,18.46,19.03,18.18,18.9
2022-06-06,18.89,19.52,18.69,19.22
2022-06-07,19.18,19.35,18.41,18.7
2022-06-08,18.63,18.78,18.31,18.58
2022-06-09,18.58,18.85,18.15,18.34
2022-06-10,18.1,18.85,18.01,18.74
2022-06-13,18.48,19.06,18.47,19.0
2022-06-14,18.66,18.76,17.99,18.65
2022-06-15,18.38,19.0,18.31,18.49
2022-06-16,18.5,20.33,18.5,20.24
2022-06-17,19.82,19.99,18.99,19.52
2022-06-20,19.48,21.47,19.48,21.47
2022-06-21,21.85,23.0,21.48,22.25
2022-06-22,22.0,22.24,20.6,20.74
2022-06-23,20.52,21.78,20.45,21.48
2022-06-24,21.49,23.63,21.49,23.63
2022-06-27,23.38,23.86,23.0,23.28
2022-06-28,23.26,24.47,22.79,23.93
2022-06-29,23.69,24.1,22.22,22.51
2022-06-30,22.41,23.23,22.4,22.93
2022-07-01,22.93,23.19,22.23,22.45
2022-07-04,22.79,22.79,21.5,22.06
2022-07-05,22.18,22.4,20.9,21.61
2022-07-06,21.6,21.95,21.44,21.73
2022-07-07,21.6,22.01,21.25,21.82
2022-07-08,22.0,22.52,21.74,21.76
2022-07-11,21.25,21.69,20.65,20.92
2022-07-12,21.1,21.63,20.81,20.93
2022-07-13,20.98,21.16,20.45,20.58
2022-07-14,20.52,21.09,20.28,21.01
2022-07-15,21.08,23.11,20.97,22.52
2022-07-18,22.52,23.4,22.4,22.55
2022-07-19,22.55,23.35,22.44,22.88
2022-07-20,23.11,24.3,23.1,24.24
2022-07-21,24.24,24.8,23.61,23.65
2022-07-22,23.53,24.05,23.0,23.44
2022-07-25,23.5,24.1,23.1,23.23
2022-07-26,23.23,23.53,22.91,23.05
2022-07-27,23.0,24.04,22.81,23.59
2022-07-28,24.04,25.95,24.04,25.95
2022-07-29,26.45,27.42,26.03,26.71
2022-08-01,27.84,29.38,27.5,28.76
2022-08-02,28.28,29.58,27.8,28.8
2022-08-03,28.9,29.49,27.18,27.27
2022-08-04,27.66,28.09,26.58,27.65
2022-08-05,28.02,28.25,26.61,27.09
2022-08-08,27.23,27.86,26.0,27.44
2022-08-09,27.33,27.7,26.81,27.42
2022-08-10,27.33,27.38,26.25,26.63
2022-08-11,27.01,28.5,26.88,28.22
2022-08-12,28.25,28.7,27.35,27.52
2022-08-15,27.04,27.88,26.9,27.34
2022-08-16,27.11,28.9,26.89,27.78
2022-08-17,27.87,30.33,27.6,29.9
2022-08-18,29.76,30.55,28.7,30.0
2022-08-19,30.23,30.32,29.27,29.78
2022-08-22,29.78,31.58,29.37,30.2
2022-08-23,30.06,30.61,29.45,29.61
2022-08-24,29.63,29.7,27.94,28.24
2022-08-25,28.27,28.78,27.38,28.03
2022-08-26,28.25,29.16,27.22,27.33
2022-08-29,27.01,27.89,26.8,27.38
2022-08-30,27.33,27.79,26.8,27.13
2022-08-31,26.85,27.46,25.55,25.86
2022-09-01,25.8,26.32,25.5,25.7
2022-09-02,25.71,27.39,25.61,26.88
2022-09-05,26.9,27.8,26.02,26.99
2022-09-06,27.09,27.7,26.4,27.33
2022-09-07,27.2,28.8,27.0,28.3
2022-09-08,28.1,28.75,27.58,27.92
2022-09-09,27.92,28.46,27.27,27.99
2022-09-13,28.4,29.3,27.95,28.08
2022-09-14,27.53,28.35,27.06,27.4
2022-09-15,27.95,28.58,25.92,26.21
2022-09-16,26.3,26.65,25.56,25.66
2022-09-19,25.77,26.56,25.5,25.7
2022-09-20,25.95,27.04,25.36,26.66
2022-09-21,26.53,27.08,25.85,26.4
2022-09-22,26.2,26.55,24.93,25.4
2022-09-23,25.38,25.85,24.5,24.97
2022-09-26,24.65,25.57,24.59,25.11
2022-09-27,25.27,25.78,25.01,25.44
2022-09-28,25.35,25.38,23.5,24.09
2022-09-29,24.21,24.5,23.94,24.29
2022-09-30,24.17,24.25,23.0,23.15
2022-10-10,23.16,23.29,22.21,22.35
2022-10-11,22.54,22.78,22.0,22.21
2022-10-12,22.09,23.16,21.75,23.12
2022-10-13,23.86,24.13,23.17,23.44
2022-10-14,23.64,25.5,23.54,25.35
2022-10-17,25.36,25.66,24.85,25.51
2022-10-18,25.53,25.91,25.32,25.64
2022-10-19,25.64,25.87,25.32,25.44
2022-10-20,25.21,25.55,24.67,25.12
2022-10-21,25.17,25.5,24.8,25.02
2022-10-24,25.09,25.72,24.45,24.8
2022-10-25,24.79,26.02,24.35,25.64
2022-10-26,25.65,26.19,24.9,25.77
2022-10-27,25.8,26.18,25.1,25.53
2022-10-28,25.3,25.53,24.01,24.2
2022-10-31,24.43,25.58,24.03,25.27
2022-11-01,25.46,26.31,24.69,26.06
2022-11-02,26.6,27.5,25.02,25.78
2022-11-03,25.28,26.2,25.27,26.07
2022-11-04,25.91,27.37,25.64,27.1
2022-11-07,27.12,28.58,27.12,28.03
2022-11-08,28.03,28.55,27.36,28.1
2022-11-09,28.01,28.6,27.58,27.74
2022-11-10,27.5,27.84,26.26,26.74
2022-11-11,27.35,28.4,26.34,26.99
2022-11-14,26.8,27.54,26.55,26.9
2022-11-15,26.56,28.92,26.5,28.88
2022-11-16,28.88,28.88,27.62,27.76
2022-11-17,27.67,27.95,27.0,27.89
2022-11-18,27.75,27.85,26.86,27.05
2022-11-21,26.7,27.97,26.54,27.77
2022-11-22,27.5,28.43,26.9,27.18
2022-11-23,27.0,27.4,26.46,27.32
2022-11-24,27.16,27.47,26.39,26.52
2022-11-25,26.51,26.78,26.12,26.15
2022-11-28,25.5,26.0,25.34,25.75
2022-11-29,25.85,26.33,25.6,26.0
2022-11-30,25.8,26.08,25.3,25.9
2022-12-01,26.09,27.4,26.0,26.6
2022-12-02,26.4,26.81,26.14,26.24
2022-12-05,26.2,26.28,23.89,24.48
2022-12-06,24.4,25.65,24.36,25.32
2022-12-07,25.1,25.72,24.87,25.11
2022-12-08,25.13,25.4,24.77,24.8
2022-12-09,24.8,25.07,24.44,24.5
2022-12-12,24.47,25.75,24.35,25.38
2022-12-13,25.22,25.69,24.96,25.08
2022-12-14,25.15,25.56,24.7,24.81
2022-12-15,24.79,25.33,24.45,25.12
2022-12-16,25.0,25.06,24.16,24.36
2022-12-19,24.19,24.48,23.98,24.19
2022-12-20,24.14,24.65,24.0,24.54
2022-12-21,24.56,24.59,23.62,23.95
2022-12-22,23.95,24.29,23.61,23.85
2022-12-23,23.63,23.84,23.18,23.37
2022-12-26,23.34,24.4,23.21,24.3
2022-12-27,24.36,25.19,24.21,24.84
2022-12-28,24.77,25.01,24.45,24.7
2022-12-29,24.71,25.12,24.46,24.62
2022-12-30,25.05,25.73,24.3,24.73
2023-01-03,24.64,25.03,23.7,24.69
2023-01-04,24.66,24.67,22.22,22.38
2023-01-05,22.38,23.76,22.3,23.7
2023-01-06,23.52,23.79,23.12,23.58
2023-01-09,23.6,24.25,23.4,23.81
2023-01-10,23.92,24.7,23.5,24.52
2023-01-11,24.55,25.25,24.33,24.47
2023-01-12,24.22,24.98,24.11,24.84
2023-01-13,24.99,24.99,24.35,24.83
2023-01-16,24.58,25.4,24.15,25.0
2023-01-17,24.84,26.49,24.74,25.85
2023-01-18,25.94,26.87,25.66,26.71
2023-01-19,26.64,26.93,26.26,26.5
2023-01-20,26.55,26.89,26.31,26.45
2023-01-30,28.58,29.1,27.8,29.1
2023-01-31,28.51,29.7,28.3,28.6
2023-02-01,28.61,30.01,28.21,29.07
2023-02-02,29.05,29.49,28.45,28.51
2023-02-03,28.36,29.0,27.88,28.66
2023-02-06,28.66,28.82,28.05,28.42
2023-02-07,28.88,29.5,28.33,29.0
2023-02-08,28.9,29.3,28.58,28.65
2023-02-09,28.66,29.5,28.52,29.2
2023-02-10,29.14,29.73,28.92,29.5
2023-02-13,29.21,29.88,28.99,29.62
2023-02-14,29.5,31.3,29.42,30.78
2023-02-15,30.55,31.22,30.49,31.09
2023-02-16,31.15,33.0,31.05,31.89
2023-02-17,31.89,32.36,30.0,30.13
2023-02-20,30.46,30.63,29.57,30.24
2023-02-21,29.94,30.93,29.84,30.19
2023-02-22,29.99,30.38,29.75,30.21
2023-02-23,30.1,30.21,29.29,29.65
2023-02-24,29.57,29.78,29.18,29.34
2023-02-27,29.28,29.49,28.88,29.31
2023-02-28,29.4,29.9,28.96,29.2
2023-03-01,29.01,29.59,28.76,28.95
2023-03-02,28.95,29.13,28.01,28.47
2023-03-03,28.47,28.67,27.89,28.12
2023-03-06,28.02,28.62,27.8,28.48
2023-03-07,28.39,28.47,27.4,27.54
2023-03-08,27.46,28.2,27.46,27.7
2023-03-09,27.78,28.23,27.55,27.98
2023-03-10,27.7,28.1,27.44,27.8
2023-03-13,27.12,27.62,26.75,27.52
2023-03-14,27.5,27.57,26.5,27.32
2023-03-15,27.41,28.55,27.41,27.56
2023-03-16,27.38,27.83,27.0,27.06
2023-03-17,27.08,27.38,26.51,26.62
2023-03-20,26.72,27.5,26.22,26.95
2023-03-21,27.3,28.18,26.85,27.65
2023-03-22,27.92,29.58,27.82,29.34
2023-03-23,29.03,30.29,29.01,29.97
2023-03-24,30.0,30.4,29.19,29.79
2023-03-27,29.4,29.7,28.41,29.0
2023-03-28,28.75,30.0,28.45,29.28
2023-03-29,29.5,31.17,29.3,30.96
2023-03-30,30.67,31.05,29.92,30.63
2023-03-31,30.36,30.49,29.8,30.25
2023-04-03,30.53,31.16,29.33,29.58
2023-04-04,29.22,29.58,28.45,29.22
2023-04-06,28.91,28.98,27.66,28.8
2023-04-07,28.7,29.51,28.26,29.43
2023-04-10,29.3,29.58,27.71,28.46
2023-04-11,28.5,28.6,27.43,28.01
2023-04-12,27.61,28.58,27.41,27.85
2023-04-13,27.99,27.99,26.86,27.0
2023-04-14,26.96,27.37,26.69,27.1
2023-04-17,27.02,27.62,26.96,27.25
2023-04-18,27.11,27.76,26.83,27.38
2023-04-19,27.4,27.51,26.47,26.55
2023-04-20,26.7,26.97,26.28,26.5
2023-04-21,26.37,26.57,24.88,25.37
2023-04-24,25.38,25.72,24.85,24.98
2023-04-25,24.98,25.14,23.86,24.3
2023-04-26,24.2,24.79,23.79,24.45
2023-04-27,24.43,25.1,24.15,24.21
2023-04-28,24.22,25.1,24.22,24.7
2023-05-04,24.7,24.73,23.66,24.0
2023-05-05,24.04,24.21,23.52,23.78
2023-05-08,23.95,24.18,23.44,23.78
2023-05-09,23.92,24.4,23.38,24.01
2023-05-10,23.95,24.7,23.36,24.3
2023-05-11,24.25,24.65,23.8,24.25
2023-05-12,24.2,24.33,23.82,24.17
2023-05-15,24.14,24.55,23.65,24.46
2023-05-16,24.46,25.36,24.04,25.03
2023-05-17,24.86,25.18,24.86,25.08
2023-05-18,25.12,25.24,24.37,24.51
2023-05-19,24.83,26.1,24.58,25.85
2023-05-22,25.8,25.8,25.2,25.43
2023-05-23,25.5,26.32,25.24,25.92
2023-05-24,25.77,25.81,25.09,25.27
2023-05-25,25.15,25.86,25.0,25.37
2023-05-26,25.2,26.35,24.64,26.2
2023-05-29,26.17,26.35,23.87,24.56
2023-05-30,24.45,25.7,24.37,25.58
2023-05-31,25.48,26.42,25.2,25.41
2023-06-01,25.42,25.88,24.78,24.87
2023-06-02,24.98,25.97,24.91,25.66
2023-06-05,25.67,26.09,25.27,25.45
2023-06-06,25.43,25.43,23.9,23.95
2023-06-07,23.96,24.38,23.7,23.83
2023-06-08,23.83,23.98,23.25,23.41
2023-06-09,23.39,23.89,23.27,23.77
2023-06-12,23.78,25.95,23.78,25.6
2023-06-13,25.52,26.02,25.14,25.9
2023-06-14,26.06,26.15,25.32,25.42
2023-06-15,25.42,26.69,25.38,26.05
2023-06-16,25.86,27.36,25.71,27.13
2023-06-19,28.84,29.01,27.2,28.45
2023-06-20,28.4,29.34,27.4,28.11
2023-06-21,28.08,28.36,26.33,26.58
2023-06-26,26.45,27.27,25.68,25.91
2023-06-27,25.68,26.06,25.0,25.61
2023-06-28,25.62,25.72,24.55,24.97
2023-06-29,24.69,25.35,24.42,25.0
2023-06-30,24.96,26.2,24.79,25.9
2023-07-03,25.95,26.98,25.61,25.73
2023-07-04,25.58,27.24,25.36,26.65
2023-07-05,26.6,26.87,26.05,26.14
2023-07-06,26.05,26.78,25.82,26.18
2023-07-07,26.08,26.27,25.29,25.61
2023-07-10,25.74,25.88,24.91,25.13
2023-07-11,25.16,26.06,24.92,25.86
2023-07-12,25.86,25.93,25.0,25.1
2023-07-13,25.09,25.17,24.56,24.76
2023-07-14,24.82,24.88,24.15,24.24
2023-07-17,24.17,24.23,23.15,23.48
2023-07-18,23.51,24.46,23.41,24.09
2023-07-19,24.02,24.15,23.38,23.6
2023-07-20,23.6,23.68,22.8,22.82
2023-07-21,22.8,22.89,22.15,22.4
2023-07-24,22.41,22.65,22.25,22.49
2023-07-25,22.65,23.35,22.51,23.18
2023-07-26,23.08,23.53,22.55,23.38
2023-07-27,23.1,23.75,22.82,22.84
2023-07-28,22.78,23.04,22.55,22.85
2023-07-31,22.86,22.99,22.18,22.46
2023-08-01,22.43,23.06,22.28,22.97
2023-08-02,22.9,23.2,22.73,23.08
2023-08-03,22.91,23.15,22.6,22.76
2023-08-04,22.78,23.14,22.58,23.01
2023-08-07,22.9,23.1,22.85,23.06
2023-08-08,23.01,23.5,22.68,22.8
2023-08-09,22.65,22.88,22.53,22.59
2023-08-10,22.69,22.7,22.15,22.3
2023-08-11,22.3,22.38,20.46,20.76
2023-08-14,20.5,20.63,19.91,20.57
2023-08-15,20.69,20.73,20.14,20.28
2023-08-16,20.28,20.33,19.67,19.71
2023-08-17,19.58,19.6,19.23,19.37
2023-08-18,19.37,19.55,18.8,18.83
2023-08-21,18.8,19.14,18.76,18.86
2023-08-22,18.88,19.13,18.32,18.8
2023-08-23,19.0,19.0,18.1,18.16
2023-08-24,18.24,18.67,18.22,18.32
2023-08-25,18.23,18.23,17.69,17.86
2023-08-28,18.95,19.06,17.89,17.98
2023-08-29,17.97,18.73,17.78,18.62
2023-08-30,18.81,19.38,18.78,19.07
2023-08-31,19.05,19.11,18.7,18.8
2023-09-01,18.8,19.33,18.8,19.14
2023-09-04,19.25,19.3,18.99,19.19
2023-09-05,19.15,19.32,18.9,18.95
2023-09-06,18.86,19.06,18.73,18.96
2023-09-07,18.91,18.93,17.99,18.1
2023-09-08,18.14,18.17,17.71,17.83
2023-09-11,17.84,18.2,17.49,17.99
2023-09-12,18.15,18.99,17.95,18.9
2023-09-13,18.77,18.77,17.72,17.98
2023-09-14,18.02,18.22,17.83,17.97
2023-09-15,17.97,18.17,17.66,17.85
2023-09-18,17.7,18.5,17.57,17.94
2023-09-19,17.94,17.95,17.47,17.58
2023-09-20,17.5,17.7,17.32,17.35
2023-09-21,17.24,17.43,17.1,17.13
2023-09-22,17.08,17.65,17.04,17.61
2023-09-25,17.58,17.69,17.15,17.31
2023-09-26,17.24,17.34,16.96,17.0
2023-09-27,16.98,17.37,16.91,17.19
2023-09-28,17.19,17.44,17.12,17.34
2023-10-09,17.32,17.87,17.2,17.64
2023-10-10,17.7,17.85,17.58,17.7
2023-10-11,17.79,18.66,17.71,18.25
2023-10-12,18.48,19.4,18.38,19.16
2023-10-13,19.09,19.46,18.79,19.18
2023-10-16,19.18,19.25,18.19,18.35
2023-10-17,18.42,18.53,17.89,18.0
2023-10-18,17.93,17.97,17.4,17.61
2023-10-19,17.46,17.79,17.22,17.25
2023-10-20,17.04,17.28,16.51,16.6
2023-10-23,16.6,16.74,16.13,16.25
2023-10-24,16.42,16.88,16.28,16.59
2023-10-25,16.61,18.06,16.61,17.43
2023-10-26,17.31,17.43,16.86,17.36
2023-10-27,17.3,18.73,17.02,18.55
2023-10-30,18.57,18.98,18.35,18.84
2023-10-31,18.85,19.16,18.54,18.71
2023-11-01,18.69,18.8,18.37,18.53
2023-11-02,18.53,18.68,18.22,18.24
2023-11-03,18.3,19.05,18.26,18.95
2023-11-06,19.06,20.13,18.93,19.86
2023-11-07,19.74,19.81,19.48,19.65
2023-11-08,19.64,19.93,19.4,19.57
2023-11-09,19.62,19.73,19.38,19.46
2023-11-10,19.28,19.63,19.01,19.26
2023-11-13,19.44,19.55,19.0,19.17
2023-11-14,19.11,19.43,18.93,19.04
2023-11-15,19.35,19.58,19.14,19.31
2023-11-16,19.31,19.31,18.9,18.91
2023-11-17,18.83,19.56,18.79,19.29
2023-11-20,19.3,19.45,18.96,19.29
2023-11-21,19.31,19.48,19.05,19.08
2023-11-22,19.0,19.03,18.52,18.52
2023-11-23,18.5,19.08,18.38,18.98
2023-11-24,18.91,18.94,18.5,18.66
2023-11-27,18.66,18.83,18.46,18.7
2023-11-28,18.71,19.25,18.61,18.96
2023-11-29,19.0,19.21,18.84,18.96
2023-11-30,18.96,18.96,18.47,18.63
2023-12-01,18.53,18.73,18.31,18.55
2023-12-04,18.59,18.62,18.16,18.2
2023-12-05,18.1,18.1,17.74,17.74
2023-12-06,17.72,18.02,17.63,17.76
2023-12-07,17.68,17.86,17.51,17.72
2023-12-08,17.71,18.04,17.7,17.71
2023-12-11,17.56,18.11,17.39,18.08
2023-12-12,18.05,18.21,17.89,18.1
2023-12-13,18.01,18.11,17.72,17.76
2023-12-14,17.86,18.21,17.75,17.75
2023-12-15,17.76,18.47,17.76,17.92
2023-12-18,17.9,17.9,17.33,17.39
2023-12-19,17.34,17.78,17.31,17.55
2023-12-20,17.58,17.87,17.35,17.35
2023-12-21,17.24,17.5,17.05,17.37
2023-12-22,17.36,17.42,17.08,17.15
2023-12-25,17.1,17.5,17.07,17.21
2023-12-26,17.3,17.3,16.81,16.93
2023-12-27,17.0,17.02,16.72,16.88
2023-12-28,16.88,17.75,16.82,17.53
2023-12-29,17.55,18.27,17.53,18.18
2024-01-02,18.23,18.24,17.7,17.71
2024-01-03,17.71,17.71,16.78,16.93
2024-01-04,16.87,16.88,16.49,16.6
2024-01-05,16.57,17.04,16.23,16.32
2024-01-08,16.25,16.35,15.7,15.73
2024-01-09,15.75,15.95,15.61,15.65
2024-01-10,15.59,15.95,15.25,15.75
2024-01-11,15.73,16.03,15.6,15.94
2024-01-12,15.83,15.96,15.71,15.72
2024-01-15,15.64,15.86,15.52,15.58
2024-01-16,15.59,15.69,15.21,15.43
2024-01-17,15.4,15.45,14.89,14.89
2024-01-18,14.88,15.15,14.56,15.14
2024-01-19,15.07,15.4,15.01,15.12
2024-01-22,15.12,15.17,14.2,14.29
2024-01-23,14.3,14.64,14.13,14.49
2024-01-24,14.58,14.72,14.02,14.56
2024-01-25,14.54,14.9,14.33,14.9
2024-01-26,14.84,14.96,14.45,14.51
2024-01-29,14.6,14.67,13.58,13.61
2024-01-30,13.53,13.72,13.2,13.25
2024-01-31,13.24,13.28,12.47,12.5
2024-02-01,12.5,12.77,12.31,12.69
2024-02-02,12.69,12.85,11.65,12.15
2024-02-05,12.08,12.15,11.01,11.57
2024-02-06,11.46,12.73,11.32,12.73
2024-02-07,12.96,14.0,12.74,13.99
2024-02-08,14.15,14.61,13.62,13.77
2024-02-19,14.06,14.09,13.75,14.01
2024-02-20,13.93,13.93,13.46,13.76
2024-02-21,13.63,14.25,13.53,13.86
2024-02-22,13.8,14.23,13.75,14.21
2024-02-23,14.27,14.32,14.02,14.3
2024-02-26,14.29,14.58,14.17,14.31
2024-02-27,14.32,15.14,14.2,15.12
2024-02-28,15.08,15.48,14.35,14.36
2024-02-29,14.17,14.99,14.17,14.97
2024-03-01,15.04,15.43,14.97,15.21
2024-03-04,15.22,15.27,14.85,15.08
2024-03-05,14.88,14.97,14.61,14.75
2024-03-06,14.66,14.91,14.33,14.66
2024-03-07,14.64,14.84,14.25,14.25
2024-03-08,14.27,14.9,14.25,14.87
2024-03-11,14.74,15.12,14.46,15.11
2024-03-12,15.22,15.32,15.0,15.14
2024-03-13,15.3,16.22,15.3,15.81
2024-03-14,15.61,15.68,15.08,15.19
2024-03-15,15.25,15.55,14.94,15.47
2024-03-18,15.55,16.24,15.39,16.19
2024-03-19,16.2,17.14,16.15,16.55
2024-03-20,16.49,16.6,16.17,16.4
2024-03-21,16.39,16.56,15.91,15.93
2024-03-22,16.0,16.07,15.52,15.7
2024-03-25,15.59,15.73,14.9,14.92
2024-03-26,14.92,15.1,14.56,14.8
2024-03-27,14.71,14.78,14.01,14.01
2024-03-28,14.11,14.68,14.04,14.48
2024-03-29,14.49,14.6,14.32,14.59
2024-04-01,14.69,15.13,14.66,15.12
2024-04-02,15.1,15.15,14.83,15.15
2024-04-03,15.05,15.26,14.87,14.89
2024-04-08,14.89,14.89,14.23,14.27
2024-04-09,14.35,14.48,14.22,14.48
2024-04-10,14.41,14.43,13.78,13.93
2024-04-11,13.81,14.05,13.58,13.64
2024-04-12,13.72,14.07,13.69,13.75
2024-04-15,13.8,13.92,13.45,13.72
2024-04-16,13.64,13.71,13.21,13.22
2024-04-17,13.41,13.78,13.37,13.78
2024-04-18,14.02,14.63,13.91,14.24
2024-04-19,14.2,14.32,14.0,14.2
2024-04-22,14.01,14.35,13.84,14.0
2024-04-23,14.0,14.16,13.76,13.9
2024-04-24,13.94,14.15,13.79,14.1
2024-04-25,13.76,14.21,13.19,14.12
2024-04-26,14.12,14.75,14.06,14.73
2024-04-29,14.81,15.35,14.76,15.3
2024-04-30,15.32,15.58,15.23,15.39
2024-05-06,15.66,16.26,15.66,16.05
2024-05-07,16.1,16.45,15.88,15.95
2024-05-08,16.0,16.06,15.59,15.64
2024-05-09,15.6,16.1,15.6,15.94
2024-05-10,15.95,16.0,15.6,15.73
2024-05-13,15.63,16.07,15.48,15.77
2024-05-14,16.13,16.74,15.83,15.85
2024-05-15,15.85,16.0,15.53,15.56
2024-05-16,15.63,16.25,15.62,16.01
2024-05-17,15.99,16.3,15.83,16.23
2024-05-20,16.23,16.39,16.06,16.29
2024-05-21,16.27,16.42,16.22,16.32
2024-05-22,16.31,16.8,16.26,16.42
2024-05-23,16.38,16.39,16.0,16.02
2024-05-24,16.01,16.22,15.7,15.73
2024-05-27,15.81,15.96,15.47,15.87
2024-05-28,15.8,15.89,15.36,15.48
2024-05-29,15.38,15.68,15.35,15.45
2024-05-30,15.16,15.82,15.06,15.61
2024-05-31,15.62,16.13,15.56,15.7
2024-06-03,15.7,16.0,15.42,15.8
2024-06-04,15.75,15.81,15.37,15.75
2024-06-05,15.76,15.88,15.45,15.47
2024-06-06,15.6,15.91,15.41,15.48
2024-06-07,15.5,15.58,14.93,15.11
2024-06-11,15.01,15.53,14.75,15.46
2024-06-12,16.08,16.89,16.0,16.2
2024-06-13,16.25,16.49,16.1,16.26
2024-06-14,16.28,16.98,16.11,16.94
2024-06-17,17.15,18.63,16.91,18.63
2024-06-18,18.61,19.58,18.31,19.35
2024-06-19,19.34,19.7,18.71,19.12
2024-06-20,19.05,19.57,18.57,18.64
2024-06-21,18.15,19.22,18.02,18.96
2024-06-24,19.05,19.89,18.8,18.97
2024-06-25,18.79,19.33,18.39,18.67
2024-06-26,18.8,19.55,18.52,19.2
2024-06-27,19.16,21.05,19.05,20.02
2024-06-28,19.88,21.27,19.75,20.7
2024-07-01,20.62,20.69,19.97,20.48
2024-07-02,20.66,21.23,20.38,20.49
2024-07-03,21.23,21.75,20.68,20.76
2024-07-04,20.74,22.34,20.69,21.65
2024-07-05,21.5,21.57,20.45,21.11
2024-07-08,21.0,22.07,20.99,21.7
2024-07-09,21.91,23.87,21.47,23.87
2024-07-10,24.56,26.16,24.21,26.04
2024-07-11,25.94,26.9,25.11,25.98
2024-07-12,25.47,25.9,24.89,25.6
2024-07-15,25.75,26.41,24.81,26.36
2024-07-16,26.24,28.98,26.2,28.82
2024-07-17,28.13,28.13,26.31,26.4
2024-07-18,25.5,26.79,24.69,25.71
2024-07-19,24.81,25.62,24.64,24.74
2024-07-22,24.72,25.38,24.28,25.12
2024-07-23,24.95,25.49,24.37,24.73
2024-07-24,24.75,25.22,24.1,24.3
2024-07-25,23.6,23.99,22.82,23.3
2024-07-26,23.35,24.55,23.1,24.27
2024-07-29,24.18,25.48,23.53,24.44
2024-07-30,24.32,24.73,23.96,24.21
2024-07-31,24.26,25.29,24.0,24.91
2024-08-01,25.39,25.52,24.03,24.23
2024-08-02,24.15,24.87,23.6,23.8
2024-08-05,22.55,23.0,21.42,21.42
2024-08-06,22.25,22.63,21.7,22.03
2024-08-07,21.96,22.35,21.58,22.05
2024-08-08,22.0,22.68,21.6,22.29
2024-08-09,22.37,23.06,22.31,22.53
2024-08-12,22.61,22.92,22.23,22.35
2024-08-13,22.7,23.18,22.5,22.97
2024-08-14,22.7,22.8,22.1,22.45
2024-08-15,22.3,22.65,22.08,22.14
2024-08-16,22.38,22.85,22.23,22.5
2024-08-19,22.41,22.88,22.1,22.24
2024-08-20,22.0,23.04,22.0,22.06
2024-08-21,22.1,23.59,21.89,22.89
2024-08-22,22.72,22.89,21.68,22.56
2024-08-23,22.35,22.65,21.88,22.21
2024-08-26,22.29,22.71,21.66,22.19
2024-08-27,22.12,22.19,21.22,21.39
2024-08-28,21.18,21.63,20.85,21.06
2024-08-29,20.92,21.99,20.45,21.63
2024-08-30,21.63,23.79,21.55,23.79
2024-09-02,24.01,24.09,22.26,22.85
2024-09-03,22.65,23.2,22.16,22.54
2024-09-04,22.01,22.3,21.4,21.97
2024-09-05,22.09,22.5,21.7,21.89
2024-09-06,21.9,22.0,21.14,21.18
2024-09-09,20.95,21.4,20.71,20.98
2024-09-10,20.88,21.25,20.08,21.0
2024-09-11,20.89,20.94,20.4,20.47
2024-09-12,20.69,20.85,19.96,20.14
2024-09-13,20.16,20.82,20.08,20.23
2024-09-18,20.08,20.3,18.46,19.16
2024-09-19,19.61,19.73,18.94,19.11
2024-09-20,19.4,19.77,19.15,19.23
2024-09-23,19.24,19.98,18.94,19.44
2024-09-24,19.51,20.9,19.27,20.79
2024-09-25,20.97,21.65,20.38,20.39
2024-09-26,20.41,20.55,19.45,20.19
2024-09-27,20.25,22.06,20.21,21.44
2024-09-30,22.0,23.58,21.5,23.54
2024-10-08,25.88,25.89,22.99,25.3
2024-10-09,24.15,24.4,22.77,22.96
2024-10-10,22.97,24.6,22.97,23.2
2024-10-11,23.0,23.19,21.56,21.8
2024-10-14,21.8,23.75,21.76,23.54
2024-10-15,23.31,24.37,23.01,23.5
2024-10-16,23.0,23.41,22.31,22.74
2024-10-17,22.85,23.48,22.52,22.69
2024-10-18,22.69,24.96,22.6,24.51
2024-10-21,24.94,26.56,24.78,25.45
2024-10-22,25.21,26.94,24.55,25.93
2024-10-23,25.25,26.06,25.03,25.28
2024-10-24,24.87,26.0,24.54,25.73
2024-10-25,26.06,26.98,25.09,25.27
2024-10-28,25.35,26.88,25.35,26.1
2024-10-29,26.3,28.7,26.13,28.09
2024-10-30,27.61,29.47,27.4,28.7
2024-10-31,28.73,31.57,27.77,31.48
2024-11-01,31.1,33.83,30.3,31.5
2024-11-04,31.31,33.12,30.16,31.99
2024-11-05,33.5,35.19,32.6,35.19
2024-11-06,36.45,37.38,33.45,34.35
2024-11-07,33.37,34.1,31.74,33.35
2024-11-08,33.5,34.68,30.24,30.65
2024-11-11,30.6,32.6,30.3,31.09
2024-11-12,31.15,31.71,29.32,29.7
2024-11-13,29.19,30.45,28.68,30.02
2024-11-14,29.71,32.0,29.71,30.64
2024-11-15,30.55,31.72,30.01,30.1
2024-11-18,29.01,29.46,27.09,27.26
2024-11-19,27.1,28.08,26.96,27.9
2024-11-20,27.82,27.85,27.02,27.47
2024-11-21,27.39,27.39,26.53,26.8
2024-11-22,26.86,27.25,25.5,25.5
2024-11-25,25.37,25.49,24.5,25.03
2024-11-26,24.89,25.28,24.56,24.62
2024-11-27,24.65,26.88,23.91,26.49
2024-11-28,26.27,26.3,25.4,25.48
2024-11-29,25.67,26.3,25.2,25.64
2024-12-02,26.01,27.29,25.86,26.66
2024-12-03,26.68,27.05,26.28,26.74
2024-12-04,26.5,26.76,25.9,26.09
2024-12-05,26.01,26.78,25.84,26.26
2024-12-06,26.1,27.48,25.94,27.35
2024-12-09,27.42,27.5,26.45,26.91
2024-12-10,27.8,29.28,27.2,28.4
2024-12-11,28.15,29.45,28.03,29.04
2024-12-12,29.0,29.39,28.21,28.88
2024-12-13,28.4,28.73,27.6,27.68
2024-12-16,27.77,28.06,26.85,27.04
2024-12-17,27.03,28.45,26.96,27.52
2024-12-18,27.62,28.08,27.28,27.56
2024-12-19,27.01,29.92,26.93,29.42
2024-12-20,29.23,30.5,29.17,29.75
2024-12-23,29.77,29.92,28.85,28.92
2024-12-24,29.0,30.48,28.65,30.41
2024-12-25,30.45,31.45,29.91,30.31
2024-12-26,30.57,31.66,30.18,31.66
2024-12-27,31.69,31.97,30.16,30.71
2024-12-30,30.43,31.24,30.11,30.89
2024-12-31,30.86,30.99,29.2,29.2
2025-01-02,29.2,30.5,28.91,29.79
2025-01-03,29.56,30.4,27.95,28.29
2025-01-06,28.62,29.42,28.1,29.08
2025-01-07,29.22,31.44,29.18,31.17
2025-01-08,30.89,31.25,29.7,30.8
2025-01-09,30.98,31.56,30.52,30.8
2025-01-10,31.0,31.22,29.9,29.91
2025-01-13,29.73,30.42,29.1,29.44
2025-01-14,29.16,31.16,28.59,30.93
2025-01-15,30.66,30.89,29.88,30.02
2025-01-16,30.35,30.35,29.18,29.45
2025-01-17,29.01,30.76,29.0,30.28
2025-01-20,30.75,32.13,30.74,31.16
2025-01-21,31.68,32.66,31.1,32.05
2025-01-22,31.61,34.57,31.5,34.0
2025-01-23,34.59,34.8,33.49,33.67
2025-01-24,33.61,34.87,33.47,34.8
2025-01-27,35.3,35.8,33.25,33.5
2025-02-05,32.98,33.29,30.16,30.35
2025-02-06,30.19,33.39,29.8,32.34
2025-02-07,32.48,32.99,31.28,31.97
2025-02-10,31.82,33.2,31.55,33.0
2025-02-11,32.88,33.8,32.11,33.38
2025-02-12,33.33,34.94,33.15,34.34
2025-02-13,34.0,34.56,32.35,32.61
2025-02-14,32.5,33.1,31.51,31.89
2025-02-17,31.51,32.92,31.51,32.8
2025-02-18,32.66,33.08,31.81,32.0
2025-02-19,31.9,32.35,31.61,32.21
2025-02-20,31.9,33.27,31.7,33.04
2025-02-21,33.08,33.6,32.6,33.06
2025-02-24,33.08,35.2,31.92,34.31
2025-02-25,34.02,35.81,33.6,34.87
2025-02-26,35.0,35.4,34.23,34.8
2025-02-27,34.82,35.19,33.2,33.88
2025-02-28,33.58,33.58,32.0,32.06
2025-03-03,32.0,32.05,29.2,29.8
2025-03-04,29.08,30.3,28.51,30.11
2025-03-05,30.12,31.0,30.1,30.98
2025-03-06,30.98,31.44,29.6,30.1
2025-03-07,29.88,30.74,29.5,29.82
2025-03-10,29.52,30.4,29.07,30.29
2025-03-11,30.13,32.34,30.13,31.99
2025-03-12,31.95,32.49,31.55,32.03
2025-03-13,32.02,33.28,31.62,31.9
2025-03-14,31.83,33.65,31.71,33.51
2025-03-17,33.94,34.63,33.53,34.48
2025-03-18,34.5,37.6,34.33,37.08
2025-03-19,36.71,36.93,35.18,35.8
2025-03-20,35.71,35.71,34.36,34.44
2025-03-21,34.44,34.78,33.81,34.13
2025-03-24,34.3,34.72,32.81,33.55
2025-03-25,33.86,33.97,32.13,32.35
2025-03-26,32.68,33.3,32.51,32.59
2025-03-27,32.3,33.0,32.01,32.41
2025-03-28,32.2,33.8,32.15,33.22
2025-03-31,33.1,33.94,32.45,32.74
2025-04-01,32.84,33.51,32.03,32.75
2025-04-02,32.74,33.57,32.57,32.96
2025-04-03,31.9,31.9,29.66,29.66
2025-04-07,26.69,26.69,26.69,26.69
2025-04-08,24.02,24.18,24.02,24.02
2025-04-09,21.62,23.53,21.62,23.16
2025-04-10,25.39,25.39,23.55,23.68
2025-04-11,23.0,25.74,22.98,25.0
2025-04-14,25.99,26.16,24.62,24.87
2025-04-15,24.73,24.87,23.85,24.37
2025-04-16,24.13,24.21,22.71,23.06
2025-04-17,23.19,23.85,22.95,23.06
2025-04-18,23.02,23.54,22.84,23.39
2025-04-21,23.48,24.1,22.8,23.94
2025-04-22,23.9,23.92,23.26,23.3
2025-04-23,24.88,24.98,24.0,24.56
2025-04-24,24.58,24.96,24.15,24.43
2025-04-25,24.45,25.79,24.36,25.28
2025-04-28,25.01,25.49,24.88,25.0
2025-04-29,24.84,25.33,24.47,24.89
2025-04-30,25.08,26.29,25.01,25.88
2025-05-06,25.98,27.35,25.8,27.3
2025-05-07,27.81,27.81,26.22,26.71
2025-05-08,26.61,28.25,26.54,27.79
2025-05-09,27.79,27.79,26.66,27.07
2025-05-12,28.56,28.75,27.86,28.71
2025-05-13,29.4,29.42,28.32,28.49
2025-05-14,28.5,29.55,28.0,28.45
2025-05-15,28.17,28.49,27.6,27.6
2025-05-16,27.4,28.15,27.28,27.74
2025-05-19,27.93,28.0,27.27,27.8
2025-05-20,27.72,29.0,27.47,28.63
2025-05-21,28.53,29.66,28.16,29.48
2025-05-22,29.38,30.12,28.94,29.12
2025-05-23,29.1,29.28,28.1,28.5
2025-05-26,27.8,28.57,27.5,28.33
2025-05-27,28.26,28.4,27.8,28.18
2025-05-28,28.17,28.87,27.9,27.92
2025-05-29,28.3,29.08,28.3,28.7
2025-05-30,28.4,28.5,27.37,28.16
2025-06-03,27.75,28.79,27.61,28.45
2025-06-04,28.6,30.33,28.6,29.9
2025-06-05,30.28,31.42,29.52,31.1
2025-06-06,30.95,31.3,30.66,31.14
2025-06-09,31.33,32.21,31.03,31.8
2025-06-10,31.85,32.1,31.0,31.23
2025-06-11,31.3,32.25,31.0,31.35
2025-06-12,31.27,32.35,31.11,31.97
2025-06-13,32.15,32.56,31.4,31.45
2025-06-16,31.15,34.6,31.0,34.6
2025-06-17,34.98,35.25,34.35,34.83
2025-06-18,34.79,37.08,34.62,36.62
2025-06-19,37.36,38.35,36.8,37.09
2025-06-20,36.89,37.5,35.88,36.3
2025-06-23,35.98,37.54,35.8,36.98
2025-06-24,36.85,37.69,36.0,36.39
2025-06-25,36.71,37.53,35.9,36.45
2025-06-26,36.8,38.2,36.36,36.93
2025-06-27,36.56,38.61,35.33,37.58
2025-06-30,37.5,38.2,37.05,37.77
2025-07-01,37.4,41.55,37.4,41.55
2025-07-02,40.25,40.49,38.5,39.6
2025-07-03,40.34,43.56,39.16,43.3
2025-07-04,44.81,44.99,42.12,42.6
2025-07-07,41.99,42.39,40.36,40.46
2025-07-08,40.26,44.37,40.17,43.45
2025-07-09,44.44,47.2,43.9,46.42
2025-07-10,47.34,47.5,45.56,46.5
2025-07-11,46.31,46.43,43.9,44.42
2025-07-14,45.92,47.8,45.44,47.2
2025-07-15,47.9,51.92,47.75,51.78
2025-07-16,51.48,52.2,50.28,50.28
2025-07-17,52.6,55.31,52.6,55.31
2025-07-18,58.0,58.5,53.3,54.21
2025-07-21,54.59,55.85,52.88,54.97
2025-07-22,55.5,58.5,53.79,54.31
2025-07-23,53.13,54.03,52.44,53.59
2025-07-24,54.8,54.88,51.95,53.5
2025-07-25,53.9,53.93,52.39,53.03
2025-07-28,54.1,55.98,51.3,54.43
2025-07-29,54.7,57.59,54.63,57.38
2025-07-30,58.03,58.8,55.68,56.71
2025-07-31,60.01,61.5,58.12,58.49
2025-08-01,57.19,58.25,54.1,55.12
2025-08-04,53.85,54.16,52.43,53.31
2025-08-05,54.1,54.36,51.0,52.44
2025-08-06,52.18,54.0,51.47,51.99
2025-08-07,52.27,54.1,50.5,52.24
2025-08-08,51.3,53.45,51.12,52.3
2025-08-11,52.5,57.23,52.3,55.64
2025-08-12,55.92,57.76,55.1,56.63
2025-08-13,55.9,59.8,53.91,59.5
2025-08-14,58.5,58.51,53.55,54.9
2025-08-15,54.41,54.8,51.78,52.12
2025-08-18,51.71,54.73,48.68,54.65
2025-08-19,54.55,54.57,51.97,52.6
2025-08-20,50.8,52.37,49.6,52.3
2025-08-21,52.26,52.97,50.6,51.46
2025-08-22,51.05,53.81,51.04,53.26
2025-08-25,53.47,58.5,52.5,57.16
2025-08-26,57.0,60.27,56.0,56.8
2025-08-27,55.5,58.26,55.13,55.4
2025-08-28,55.11,60.94,55.1,60.94
2025-08-29,63.84,66.89,63.1,66.02
2025-09-01,68.86,70.38,66.0,68.82
2025-09-02,70.17,71.5,62.4,63.66
2025-09-03,64.98,66.31,62.13,64.64
2025-09-04,64.16,66.15,58.18,58.18
2025-09-05,57.98,64.0,56.48,64.0
2025-09-08,66.99,68.68,63.3,65.61
2025-09-09,65.15,69.19,63.38,65.65
2025-09-10,66.8,72.22,65.38,72.22
2025-09-11,75.55,79.44,75.01,79.44
2025-09-12,79.49,79.49,75.2,76.35
2025-09-15,76.99,80.35,75.3,77.65
2025-09-16,77.9,82.09,76.3,79.71
2025-09-17,84.0,86.33,81.2,82.61
2025-09-18,80.11,83.4,77.5,80.11
2025-09-19,80.48,81.0,77.65,78.3
2025-09-22,78.0,80.33,75.59,79.98
2025-09-23,83.1,83.98,74.64,76.5
2025-09-24,75.01,76.0,73.58,74.85
2025-09-25,73.0,75.36,70.0,74.09
2025-09-26,73.0,73.65,68.55,68.58
2025-09-29,68.59,73.97,68.59,73.39
2025-09-30,72.56,73.65,70.8,71.5
2025-10-09,71.8,72.8,69.51,69.69
2025-10-10,69.5,72.19,68.61,68.67
2025-10-13,63.77,66.8,63.65,65.6
2025-10-14,66.8,67.18,60.7,61.0
2025-10-15,61.01,62.88,60.29,62.51
2025-10-16,62.52,64.3,61.85,62.68
2025-10-17,63.0,63.0,59.0,59.53
2025-10-20,61.49,65.48,61.49,63.2
2025-10-21,63.8,68.8,62.8,68.33
2025-10-22,66.66,70.99,66.32,68.63
2025-10-23,66.71,67.8,64.54,65.75
2025-10-24,66.36,69.77,64.8,69.15
2025-10-27,72.8,75.3,72.0,74.47
2025-10-28,74.0,75.99,72.96,73.9
2025-10-29,76.5,78.0,73.5,74.62
2025-10-30,73.33,74.65,72.0,72.65
2025-10-31,71.51,72.08,67.95,68.5
2025-11-03,67.9,70.17,66.5,69.29
2025-11-04,70.15,70.8,68.39,69.22
2025-11-05,65.89,69.15,65.68,68.6
2025-11-06,69.29,75.46,69.29,75.46
2025-11-07,74.32,75.03,71.51,73.04
2025-11-10,74.3,75.06,71.8,74.03
2025-11-11,76.58,78.32,73.0,75.9
2025-11-12,73.25,76.0,71.58,75.51
2025-11-13,74.0,74.8,71.0,72.17
2025-11-14,70.0,71.34,68.0,69.11
2025-11-17,69.11,72.38,69.07,70.79
2025-11-18,70.7,75.0,70.7,72.8
2025-11-19,72.02,73.61,71.04,71.69
2025-11-20,73.65,74.93,70.16,70.6
2025-11-21,68.01,68.35,63.58,64.73
2025-11-24,65.77,66.0,61.71,64.35
2025-11-25,65.01,70.5,65.01,69.29
2025-11-26,68.36,75.69,68.08,74.0
2025-11-27,74.73,76.76,73.18,73.58
2025-11-28,74.01,77.0,72.36,75.06
2025-12-01,74.85,77.32,74.4,75.56
2025-12-02,75.0,76.0,72.76,73.26
2025-12-03,72.54,75.26,72.01,72.61
2025-12-04,72.35,72.75,66.28,69.3
2025-12-05,69.45,70.9,67.85,70.12
2025-12-08,70.55,76.66,70.28,75.36
2025-12-09,75.0,79.53,74.02,77.8
2025-12-10,80.23,83.33,78.6,80.57
2025-12-11,80.03,80.95,78.7,78.76
2025-12-12,78.01,86.01,77.92,84.86
2025-12-15,81.0,82.08,79.09,80.11
2025-12-16,80.0,81.7,77.8,78.18
2025-12-17,77.56,82.2,77.43,81.41
2025-12-18,79.06,79.92,76.3,76.35
2025-12-19,77.0,78.36,75.12,75.62
2025-12-22,76.35,82.45,76.35,81.82
2025-12-23,81.67,82.86,80.6,81.31
2025-12-24,81.9,84.83,80.68,84.1
2025-12-25,86.64,89.6,83.63,85.88
2025-12-26,84.78,86.6,83.3,85.49
2025-12-29,84.3,91.04,84.11,88.0
2025-12-30,88.01,91.01,86.81,87.4
2025-12-31,88.0,88.42,84.18,84.65
2026-01-05,84.65,85.6,82.8,84.66
2026-01-06,83.2,83.44,80.0,81.49
2026-01-07,82.0,82.2,79.33,80.6
2026-01-08,80.3,83.8,78.8,81.11
2026-01-09,79.66,83.0,78.26,81.46
2026-01-12,80.65,80.87,75.8,78.44
2026-01-13,78.43,80.21,75.96,76.36
2026-01-14,76.7,77.5,75.0,76.2
2026-01-15,75.0,79.66,75.0,79.38
2026-01-16,80.22,81.98,79.52,80.33
2026-01-19,78.77,79.12,77.0,77.81
2026-01-20,77.5,77.74,73.0,74.0
2026-01-21,73.1,75.45,72.9,74.6
2026-01-22,75.21,75.94,73.49,75.93
2026-01-23,75.73,75.73,73.0,73.1
2026-01-26,73.0,74.39,72.13,73.11
2026-01-27,72.5,77.0,71.68,76.54
2026-01-28,76.99,77.86,74.7,74.83
2026-01-29,75.56,77.55,74.91,75.18
2026-01-30,73.52,78.31,73.52,77.36
2026-02-02,77.39,80.44,77.09,77.87
2026-02-03,78.87,80.36,76.91,77.02
2026-02-04,76.2,76.2,71.88,72.94
2026-02-05,71.8,74.36,67.18,73.4
2026-02-06,70.84,75.0,69.33,72.47
2026-02-09,74.71,75.89,73.55,74.91
2026-02-10,75.03,78.7,74.8,77.03
2026-02-11,76.5,77.49,72.21,72.33
2026-02-12,72.5,77.77,71.53,77.38
2026-02-13,76.08,79.48,75.22,77.98
2026-02-24,80.38,81.0,78.0,78.91
2026-02-25,78.98,81.5,78.55,79.52
2026-02-26,79.7,87.47,79.7,85.89
2026-02-27,84.05,88.31,84.0,85.55
2026-03-02,84.0,91.91,84.0,91.03
2026-03-03,95.57,98.69,92.6,94.88
2026-03-04,91.0,96.5,91.0,95.0
2026-03-05,97.85,97.99,92.0,92.7
2026-03-06,90.06,98.5,87.97,95.45
2026-03-09,90.3,98.5,87.19,98.24
2026-03-10,102.0,108.06,101.2,108.06
2026-03-11,109.33,111.65,103.71,104.8
2026-03-12,106.09,109.3,101.2,109.3
2026-03-13,111.1,118.98,110.11,110.93
2026-03-16,112.71,120.5,111.0,119.0
2026-03-17,117.0,117.16,108.89,109.71
2026-03-18,111.93,113.88,101.83,107.38
2026-03-19,104.0,114.11,104.0,111.72
2026-03-20,117.06,119.55,114.03,116.06
2026-03-23,110.27,113.9,104.9,105.23
2026-03-24,108.3,108.35,101.74,107.52
2026-03-25,113.9,115.01,107.75,108.21
2026-03-26,107.29,109.32,103.8,104.3
2026-03-27,100.0,103.95,98.83,102.65
2026-03-30,100.81,106.8,100.76,105.0
2026-03-31,102.9,107.0,100.57,103.3
2026-04-01,107.5,109.5,104.52,109.0
2026-04-02,107.05,109.8,104.8,106.25
2026-04-03,108.59,115.28,108.0,110.55
2026-04-07,110.56,112.0,106.85,109.01
2026-04-08,119.91,119.91,119.9,119.91
2026-04-09,128.0,131.9,126.11,131.9
2026-04-10,132.3,145.09,132.27,143.55
2026-04-13,143.61,149.68,143.61,146.83
2026-04-14,147.0,149.01,143.51,146.0
2026-04-15,145.7,151.0,143.6,145.8
2026-04-16,145.12,149.55,144.12,149.55
2026-04-17,155.0,164.45,152.16,162.1
2026-04-20,162.08,168.2,155.7,157.0
2026-04-21,157.19,172.68,156.01,169.4
2026-04-22,172.06,186.34,171.2,186.34
2026-04-23,192.0,194.0,183.98,186.66
2026-04-24,193.5,196.0,179.01,187.9
2026-04-27,188.0,190.55,178.86,186.7
2026-04-28,187.0,190.2,181.01,183.9
2026-04-29,180.61,189.12,176.88,184.25
2026-04-30,189.78,191.95,181.83,186.73
2026-05-06,191.8,199.07,187.0,191.88
2026-05-07,188.43,211.07,185.8,211.07
2026-05-08,210.0,213.58,206.01,211.39
2026-05-11,212.0,222.6,208.47,218.3
2026-05-12,223.57,230.0,213.51,219.46
2026-05-13,213.0,225.66,212.9,220.75
2026-05-14,220.74,226.0,213.35,214.89
2026-05-15,212.86,215.63,196.12,203.35
2026-05-18,203.35,215.6,199.94,211.25
2026-05-19,206.0,224.5,198.0,222.08
2026-05-20,220.1,225.57,216.05,223.0
2026-05-21,223.23,225.0,204.16,206.97
2026-05-22,210.92,221.73,210.92,220.55
2026-05-25,222.91,228.28,218.3,226.24
2026-05-26,221.0,225.11,216.36,221.2
2026-05-27,216.78,234.0,212.6,223.37
2026-05-28,222.0,223.0,212.4,219.0
2026-05-29,222.93,229.95,210.7,213.05
2026-06-01,209.22,212.0,191.75,191.75
2026-06-02,200.0,210.93,196.9,210.93
2026-06-03,219.6,232.02,219.0,223.99
2026-06-04,222.11,244.7,222.11,237.8
2026-06-05,232.08,241.8,219.05,221.41
2026-06-08,210.0,220.5,209.0,213.0
2026-06-09,216.82,225.6,213.36,224.4
2026-06-10,216.59,227.98,210.83,212.27
2026-06-11,215.0,221.68,205.01,210.99
2026-06-12,220.5,226.8,214.0,217.55
2026-06-15,222.47,239.31,215.39,239.31
2026-06-16,244.0,253.1,235.88,249.06
2026-06-17,255.12,266.03,251.0,256.92
2026-06-18,256.92,277.6,255.15,273.0
2026-06-22,273.05,275.42,260.0,270.55
2026-06-23,265.01,266.99,253.0,255.02
2026-06-24,252.14,260.97,252.0,257.13
2026-06-25,263.0,275.99,258.25,275.8
2026-06-26,268.0,271.88,256.0,260.32
2026-06-29,255.0,259.62,235.11,249.59
2026-06-30,247.54,268.5,247.54,262.35
2026-07-01,262.35,263.88,242.72,246.31
2026-07-02,226.0,229.89,221.68,221.68
2026-07-03,211.0,242.45,204.0,232.73
2026-07-06,238.0,239.98,216.0,224.46
2026-07-07,224.48,241.59,219.1,236.87
2026-07-08,233.0,245.0,226.04,237.56
2026-07-09,242.0,261.32,236.98,261.32
2026-07-10,269.37,274.5,240.0,242.3
2026-07-13,237.58,251.4,232.0,236.7
2026-07-14,241.52,260.37,237.01,260.37
2026-07-15,261.0,280.08,255.88,262.49
2026-07-16,250.01,276.0,246.8,268.8
2026-07-17,258.01,260.0,241.92,241.92
2026-07-20,241.91,246.0,217.73,217.73
2026-07-21,217.73,237.65,195.96,231.0
2026-07-22,230.65,239.77,215.6,217.5
2026-07-23,223.0,224.03,198.99,206.65
2026-07-24,199.11,205.83,196.98,199.18
2026-07-27,199.15,211.9,188.88,211.9
2026-07-28,197.0,200.26,190.71,190.71
2026-07-29,181.0,184.0,171.64,179.78
2026-07-30,178.05,178.5,161.8,161.8
2026-07-31,177.0,177.98,170.32,171.48
2026-08-03,165.0,171.0,161.98,162.81
2026-08-04,168.76,179.09,167.0,179.09
2026-08-05,162.0,193.88,162.0,188.83
2026-08-06,180.0,195.55,178.99,187.68
2026-08-07,190.0,202.18,190.0,195.27
2026-08-10,195.28,198.66,178.85,185.94
2026-08-11,188.5,200.6,184.11,193.87
2026-08-12,194.06,203.83,192.8,200.19
2026-08-13,204.1,213.4,201.88,202.11
2026-08-14,203.24,207.92,200.0,205.19
2026-08-17,213.07,219.85,206.88,217.66
2026-08-18,217.66,218.58,208.92,213.82
2026-08-19,203.11,210.98,194.0,197.1
2026-08-20,200.0,201.81,194.0,197.67
2026-08-21,198.08,205.0,196.0,201.08
2026-08-24,205.13,208.96,186.0,193.6
2026-08-25,187.08,196.99,186.3,190.84
2026-08-26,192.11,199.65,184.0,194.36
2026-08-27,200.08,203.3,196.8,200.6
2026-08-28,198.31,206.96,195.5,195.62
2026-08-31,190.08,199.63,189.0,198.0
2026-09-01,197.99,197.99,185.18,188.69
2026-09-02,185.06,186.78,181.2,183.43
2026-09-03,185.01,185.96,178.47,179.16
2026-09-04,182.01,186.5,176.75,178.67
2026-09-07,185.01,191.22,182.13,190.55
2026-09-08,189.5,194.45,185.88,186.42
2026-09-09,193.99,198.88,188.7,196.06
2026-09-10,197.5,198.66,191.6,193.74
2026-09-11,195.1,199.5,187.13,194.42
2026-09-14,187.9,191.34,183.53,185.11
2026-09-15,185.82,188.55,182.51,182.82
2026-09-16,183.01,195.26,182.5,192.0
