date,open,high,low,close
2010-08-18,20.0,22.0,20.0,20.22
2010-08-19,20.3,20.88,19.32,20.43
2010-08-20,19.76,21.27,19.6,20.2
2010-08-23,20.0,20.28,19.5,19.56
2010-08-24,19.5,19.5,18.67,19.01
2010-08-25,18.81,19.23,18.75,18.94
2010-08-26,18.94,19.09,18.7,18.76
2010-08-27,18.79,19.19,18.72,19.07
2010-08-30,19.13,19.98,19.1,19.79
2010-08-31,19.51,19.84,19.3,19.58
2010-09-01,19.57,20.09,19.25,19.45
2010-09-02,19.65,21.35,19.35,20.62
2010-09-03,20.6,21.8,20.4,20.91
2010-09-06,20.7,21.19,19.5,19.7
2010-09-07,19.76,20.3,19.55,19.99
2010-09-08,20.0,20.0,19.5,19.71
2010-09-09,19.71,19.8,19.12,19.15
2010-09-10,19.21,19.75,19.12,19.65
2010-09-13,19.62,19.68,19.36,19.43
2010-09-14,19.58,19.65,19.28,19.52
2010-09-15,19.58,19.58,18.8,18.82
2010-09-16,18.82,19.07,18.17,18.28
2010-09-17,18.33,18.39,18.02,18.17
2010-09-20,18.19,18.3,17.22,17.37
2010-09-21,17.37,17.6,17.25,17.6
2010-09-27,17.75,17.77,17.5,17.76
2010-09-28,17.8,17.8,17.01,17.1
2010-09-29,17.03,17.08,16.53,16.7
2010-10-11,18.37,18.37,18.37,18.37
2010-10-12,19.02,19.02,18.02,18.03
2010-10-13,18.0,18.0,17.18,17.58
2010-10-14,17.5,17.51,17.12,17.13
2010-10-15,17.0,17.49,16.9,17.07
2010-10-18,16.94,16.94,16.3,16.82
2010-10-19,16.79,17.46,16.68,17.44
2010-10-20,17.12,17.34,17.01,17.23
2010-10-21,17.4,17.95,17.11,17.89
2010-10-22,17.81,17.99,17.66,17.71
2010-10-25,17.81,17.92,17.55,17.8
2010-10-26,17.8,17.85,17.51,17.58
2010-10-27,17.59,17.97,17.47,17.75
2010-10-28,17.72,17.82,17.53,17.75
2010-10-29,17.8,18.06,17.69,17.99
2010-11-01,18.05,18.12,17.85,18.09
2010-11-02,18.1,18.28,17.65,17.72
2010-11-03,17.67,17.67,17.25,17.25
2010-11-04,17.25,17.48,17.25,17.44
2010-11-08,17.62,18.11,17.6,18.1
2010-11-09,18.15,18.2,17.9,18.0
2010-11-10,18.0,18.48,17.86,18.36
2010-11-11,18.26,19.51,18.16,18.79
2010-11-12,18.9,19.23,17.86,18.29
2010-11-15,18.14,18.69,18.01,18.6
2010-11-16,18.65,18.75,17.92,17.93
2010-11-17,17.7,17.7,16.82,16.94
2010-11-18,16.99,17.27,16.3,17.2
2010-11-19,17.15,17.68,17.0,17.55
2010-11-22,17.46,18.44,17.41,17.9
2010-11-23,17.8,17.8,17.07,17.42
2010-11-24,17.34,17.84,17.13,17.78
2010-11-25,17.78,17.99,17.62,17.8
2010-11-26,17.8,18.16,17.7,17.97
2010-11-29,17.98,18.16,17.82,18.02
2010-11-30,17.99,18.12,16.97,17.31
2010-12-01,17.26,17.4,17.15,17.3
2010-12-02,17.49,17.59,17.28,17.43
2010-12-03,17.45,17.45,17.08,17.28
2010-12-06,17.3,17.37,16.9,16.97
2010-12-07,16.97,17.19,16.83,17.16
2010-12-08,17.2,17.26,17.0,17.02
2010-12-09,17.02,17.12,16.68,16.7
2010-12-10,16.7,16.95,16.61,16.91
2010-12-13,16.95,17.32,16.95,17.29
2010-12-14,17.35,17.44,17.2,17.38
2010-12-15,17.45,17.48,17.0,17.25
2010-12-16,17.2,17.64,17.2,17.49
2010-12-17,17.46,17.63,17.33,17.62
2010-12-20,17.63,17.67,17.0,17.24
2010-12-21,17.3,18.16,17.26,18.02
2010-12-22,17.93,17.98,17.7,17.74
2010-12-23,17.7,17.95,17.45,17.5
2010-12-24,17.5,17.5,17.0,17.07
2010-12-27,17.02,17.27,16.66,16.73
2010-12-28,16.73,16.95,16.6,16.75
2010-12-29,16.75,16.96,16.75,16.9
2010-12-30,16.93,16.93,16.68,16.78
2010-12-31,16.85,17.08,16.79,17.06
2011-01-04,17.06,17.17,17.0,17.15
2011-01-05,17.13,17.2,17.01,17.03
2011-01-06,17.01,17.14,16.95,16.95
2011-01-07,16.95,17.06,16.74,16.84
2011-01-10,16.88,16.9,16.51,16.56
2011-01-11,16.5,16.64,16.45,16.6
2011-01-12,16.61,16.71,16.44,16.63
2011-01-13,16.73,16.93,16.69,16.74
2011-01-14,16.68,16.68,16.38,16.39
2011-01-17,16.39,16.39,15.41,15.49
2011-01-18,15.24,15.43,15.24,15.37
2011-01-19,15.47,15.61,15.3,15.61
2011-01-20,15.61,15.61,14.8,14.8
2011-01-21,14.73,14.99,14.51,14.83
2011-01-24,14.84,14.84,14.45,14.46
2011-01-25,14.44,14.56,14.04,14.2
2011-01-26,14.18,14.47,14.18,14.44
2011-01-28,14.62,14.89,14.58,14.88
2011-01-31,14.8,15.02,14.75,14.95
2011-02-01,14.95,15.0,14.84,14.91
2011-02-09,14.88,15.06,14.88,14.93
2011-02-10,14.89,15.38,14.81,15.31
2011-02-11,15.31,15.52,15.3,15.42
2011-02-14,15.47,15.6,15.33,15.55
2011-02-15,15.56,15.66,15.41,15.42
2011-02-16,15.4,15.7,15.36,15.7
2011-02-17,15.68,15.84,15.58,15.77
2011-02-18,15.78,15.8,15.47,15.48
2011-02-21,15.4,15.67,15.32,15.66
2011-02-22,15.67,15.73,15.1,15.15
2011-02-23,15.15,15.36,15.03,15.29
2011-02-24,15.29,15.42,15.22,15.37
2011-02-25,15.35,15.51,15.21,15.45
2011-02-28,15.47,15.93,15.47,15.81
2011-03-01,15.85,15.88,15.62,15.8
2011-03-02,15.78,15.78,15.53,15.7
2011-03-03,15.7,15.76,15.4,15.41
2011-03-04,15.4,15.64,15.4,15.6
2011-03-07,15.6,15.8,15.56,15.77
2011-03-08,15.77,15.98,15.72,15.96
2011-03-09,16.01,16.1,15.85,15.89
2011-03-10,15.9,15.94,15.7,15.86
2011-03-11,15.95,16.6,15.95,16.33
2011-03-14,16.43,16.66,16.2,16.37
2011-03-15,16.39,16.41,15.8,15.98
2011-03-16,16.02,16.25,16.01,16.18
2011-03-17,16.06,16.06,15.74,15.78
2011-03-18,15.86,16.0,15.79,15.9
2011-03-21,15.9,15.98,15.82,15.91
2011-03-22,15.97,15.97,15.64,15.91
2011-03-23,15.91,16.63,15.8,16.58
2011-03-24,16.55,16.64,16.33,16.37
2011-03-25,16.44,16.45,16.26,16.34
2011-03-28,16.37,16.55,16.09,16.11
2011-03-29,16.03,16.17,15.9,15.93
2011-03-30,15.92,16.02,15.71,15.8
2011-03-31,15.8,15.96,15.51,15.51
2011-04-01,15.5,15.7,15.46,15.66
2011-04-06,15.65,15.7,15.55,15.6
2011-04-07,15.6,15.84,15.51,15.79
2011-04-11,15.9,15.98,15.65,15.66
2011-04-12,15.59,15.7,15.52,15.53
2011-04-13,15.53,15.74,15.38,15.73
2011-04-14,15.73,15.73,15.6,15.65
2011-04-15,15.62,15.64,15.43,15.53
2011-04-18,15.51,15.51,15.4,15.42
2011-04-19,15.45,15.45,15.13,15.18
2011-04-20,15.2,15.36,15.18,15.29
2011-04-21,15.29,15.46,15.29,15.46
2011-04-22,15.46,15.69,15.3,15.65
2011-04-25,15.65,15.76,15.38,15.38
2011-04-26,15.4,15.48,14.77,15.01
2011-04-27,14.99,15.06,14.61,14.71
2011-04-28,14.74,14.87,14.04,14.18
2011-04-29,14.18,14.37,14.18,14.36
2011-05-03,14.39,14.5,14.31,14.5
2011-05-04,14.5,14.56,14.1,14.16
2011-05-05,14.3,14.37,14.05,14.22
2011-05-06,14.19,14.36,14.11,14.26
2011-05-09,14.26,14.43,14.26,14.39
2011-05-10,14.44,14.44,14.32,14.42
2011-05-11,14.42,14.5,14.35,14.41
2011-05-12,14.4,14.58,14.32,14.32
2011-05-13,14.32,14.66,14.31,14.66
2011-05-16,14.66,14.99,14.56,14.65
2011-05-17,14.68,14.8,14.54,14.63
2011-05-18,14.65,14.75,14.63,14.71
2011-05-19,14.74,14.85,14.58,14.6
2011-05-20,11.66,11.98,11.66,11.7
2011-05-23,11.7,11.7,11.02,11.02
2011-05-24,11.0,11.2,11.0,11.14
2011-05-25,11.1,11.13,10.73,10.78
2011-05-26,10.78,10.94,10.62,10.63
2011-05-27,10.7,10.7,9.97,10.04
2011-05-30,10.03,10.28,9.92,10.2
2011-05-31,10.0,10.39,10.0,10.31
2011-06-01,10.31,10.63,10.22,10.53
2011-06-02,10.43,10.61,10.38,10.51
2011-06-03,10.57,10.71,10.48,10.7
2011-06-07,10.65,10.96,10.59,10.9
2011-06-08,10.88,10.89,10.7,10.85
2011-06-09,10.84,11.7,10.8,11.25
2011-06-10,11.05,11.2,10.7,11.1
2011-06-13,10.9,11.35,10.78,11.16
2011-06-14,11.15,11.47,10.7,10.7
2011-06-15,10.7,10.78,10.4,10.43
2011-06-16,10.38,10.38,10.02,10.03
2011-06-17,10.15,10.28,9.98,10.14
2011-06-20,10.11,10.23,10.01,10.18
2011-06-21,10.18,10.32,10.12,10.3
2011-06-22,10.3,10.32,10.07,10.19
2011-06-23,10.1,10.42,10.1,10.39
2011-06-24,10.4,10.66,10.35,10.62
2011-06-27,10.65,10.77,10.56,10.7
2011-06-28,10.57,10.78,10.57,10.73
2011-06-29,10.69,10.79,10.48,10.53
2011-06-30,10.53,10.67,10.51,10.63
2011-07-01,10.68,10.78,10.6,10.73
2011-07-04,10.68,10.92,10.68,10.89
2011-07-05,10.93,10.93,10.78,10.89
2011-07-06,10.82,10.9,10.73,10.88
2011-07-07,10.9,11.0,10.83,10.83
2011-07-08,10.83,10.83,10.65,10.71
2011-07-11,10.67,10.85,10.66,10.83
2011-07-12,10.7,10.82,10.66,10.67
2011-07-13,10.67,11.01,10.63,10.97
2011-07-14,10.98,11.16,10.98,11.15
2011-07-15,11.09,11.26,11.06,11.17
2011-07-18,11.24,11.24,11.01,11.06
2011-07-19,11.0,11.0,10.8,10.83
2011-07-20,10.89,11.03,10.81,10.97
2011-07-21,10.8,10.98,10.75,10.75
2011-07-22,10.78,10.86,10.65,10.67
2011-07-25,10.67,10.67,10.18,10.2
2011-07-26,10.25,10.3,10.17,10.24
2011-07-28,10.26,10.45,10.26,10.34
2011-07-29,10.34,10.34,10.19,10.2
2011-08-01,10.19,10.31,10.03,10.3
2011-08-02,10.29,10.29,10.08,10.2
2011-08-03,10.15,10.74,10.1,10.72
2011-08-04,10.71,10.85,10.45,10.56
2011-08-05,10.29,10.42,10.14,10.27
2011-08-08,10.15,10.21,9.4,9.54
2011-08-09,9.34,9.56,9.15,9.43
2011-08-10,9.54,9.68,9.48,9.49
2011-08-11,9.27,9.64,9.21,9.62
2011-08-12,9.69,9.85,9.65,9.73
2011-08-15,9.8,9.87,9.7,9.85
2011-08-16,9.87,9.87,9.7,9.76
2011-08-17,9.71,9.75,9.58,9.61
2011-08-18,9.31,10.55,9.31,9.93
2011-08-19,9.5,9.72,9.3,9.41
2011-08-22,9.3,9.58,9.3,9.48
2011-08-23,9.56,9.57,9.34,9.53
2011-08-24,9.56,9.59,9.38,9.41
2011-08-25,9.41,9.62,9.12,9.58
2011-08-26,9.49,9.91,9.43,9.87
2011-08-29,9.8,10.22,9.72,9.93
2011-08-30,9.98,10.18,9.92,10.12
2011-08-31,10.13,10.17,9.93,10.01
2011-09-01,10.03,10.08,9.74,9.88
2011-09-02,9.84,9.91,9.56,9.72
2011-09-05,9.61,9.63,9.38,9.4
2011-09-06,9.35,9.35,8.94,8.96
2011-09-07,8.98,9.17,8.92,9.16
2011-09-08,9.19,9.26,9.0,9.03
2011-09-09,9.01,9.18,8.99,9.07
2011-09-13,8.92,8.97,8.68,8.74
2011-09-14,8.79,8.94,8.68,8.94
2011-09-15,8.96,9.08,8.89,9.03
2011-09-16,9.05,9.1,8.98,9.01
2011-09-19,9.0,9.0,8.8,8.82
2011-09-20,8.82,8.92,8.72,8.86
2011-09-21,8.86,9.12,8.81,9.11
2011-09-22,9.04,9.07,8.75,8.75
2011-09-23,8.64,8.69,8.53,8.64
2011-09-26,8.6,8.76,8.51,8.54
2011-09-27,8.68,8.74,8.5,8.57
2011-09-28,8.65,8.68,8.44,8.44
2011-09-29,8.43,8.45,8.22,8.23
2011-09-30,8.24,8.35,8.19,8.31
2011-10-10,8.34,8.34,8.23,8.28
2011-10-11,8.42,8.56,8.18,8.18
2011-10-12,8.19,8.46,8.08,8.45
2011-10-13,8.45,8.61,8.38,8.55
2011-10-14,8.5,8.62,8.43,8.58
2011-10-17,8.57,8.6,8.42,8.44
2011-10-18,8.38,8.41,8.05,8.08
2011-10-19,8.1,8.16,7.98,8.02
2011-10-20,8.0,8.03,7.6,7.64
2011-10-21,7.64,7.72,7.38,7.38
2011-10-24,7.4,7.59,7.23,7.53
2011-10-25,7.5,7.72,7.4,7.71
2011-10-26,7.62,7.85,7.62,7.73
2011-10-27,7.72,7.79,7.64,7.66
2011-10-28,7.75,7.92,7.73,7.81
2011-10-31,7.83,7.89,7.79,7.87
2011-11-01,7.81,7.94,7.78,7.87
2011-11-02,7.78,8.08,7.59,8.08
2011-11-03,8.08,8.47,8.06,8.23
2011-11-04,8.27,8.3,8.17,8.21
2011-11-07,8.18,8.43,8.13,8.4
2011-11-09,8.52,8.57,8.17,8.37
2011-11-10,8.19,8.4,8.19,8.25
2011-11-11,8.25,8.36,8.22,8.28
2011-11-14,8.36,8.49,8.32,8.45
2011-11-15,8.44,8.45,8.33,8.35
2011-11-16,8.36,8.38,8.1,8.14
2011-11-17,8.13,8.3,8.13,8.18
2011-11-18,8.15,8.2,7.77,7.81
2011-11-21,7.82,7.93,7.76,7.89
2011-11-22,7.8,7.93,7.77,7.85
2011-11-23,7.82,7.92,7.81,7.82
2011-11-24,7.79,7.98,7.69,7.9
2011-11-25,7.9,7.98,7.79,7.83
2011-11-28,7.87,7.9,7.69,7.72
2011-11-29,7.79,7.86,7.7,7.85
2011-11-30,7.84,7.86,7.32,7.39
2011-12-01,7.62,7.67,7.46,7.48
2011-12-02,7.45,7.53,7.34,7.44
2011-12-05,7.44,7.44,7.26,7.29
2011-12-06,7.24,7.4,7.24,7.3
2011-12-07,7.35,7.37,7.26,7.29
2011-12-08,7.31,7.37,7.18,7.27
2011-12-09,7.25,7.32,7.18,7.26
2011-12-12,7.28,7.37,7.23,7.34
2011-12-13,7.3,7.31,7.04,7.04
2011-12-14,7.07,7.18,7.01,7.02
2011-12-15,7.06,7.06,6.81,6.82
2011-12-16,6.88,7.18,6.87,7.14
2011-12-19,7.14,7.27,6.9,7.22
2011-12-20,7.15,7.36,7.11,7.17
2011-12-21,7.2,7.28,7.0,7.03
2011-12-22,6.9,7.0,6.7,6.85
2011-12-23,6.82,6.99,6.72,6.84
2011-12-26,6.8,6.92,6.78,6.8
2011-12-27,6.8,6.94,6.53,6.56
2011-12-28,6.54,6.55,6.35,6.51
2011-12-29,6.47,6.58,6.35,6.51
2011-12-30,6.53,6.65,6.47,6.6
2012-01-04,6.64,6.7,6.33,6.33
2012-01-05,6.28,6.31,6.05,6.06
2012-01-06,6.01,6.11,5.88,6.09
2012-01-09,6.04,6.36,5.99,6.35
2012-01-10,6.31,6.63,6.3,6.61
2012-01-11,6.6,6.7,6.54,6.59
2012-01-12,6.55,6.72,6.55,6.63
2012-01-13,6.58,6.67,6.3,6.3
2012-01-16,6.21,6.25,6.1,6.1
2012-01-17,6.1,6.5,6.1,6.5
2012-01-18,6.45,6.62,6.37,6.4
2012-01-19,6.38,6.52,6.38,6.47
2012-01-20,6.51,6.67,6.5,6.63
2012-01-30,6.63,6.82,6.58,6.6
2012-01-31,6.6,6.67,6.56,6.64
2012-02-01,6.64,6.71,6.6,6.66
2012-02-02,6.69,6.79,6.63,6.78
2012-02-03,6.83,6.91,6.74,6.87
2012-02-07,6.85,6.9,6.61,6.67
2012-02-08,6.67,7.09,6.63,7.08
2012-02-09,7.01,7.33,6.96,7.27
2012-02-10,7.24,7.31,7.12,7.31
2012-02-13,7.21,7.49,7.18,7.35
2012-02-14,7.3,7.39,7.18,7.21
2012-02-15,7.2,7.64,7.17,7.56
2012-02-16,7.55,7.64,7.32,7.47
2012-02-17,7.45,7.61,7.36,7.46
2012-02-20,7.55,7.55,7.27,7.29
2012-02-21,7.28,7.43,7.21,7.43
2012-02-22,7.44,7.76,7.42,7.73
2012-02-23,7.69,7.74,7.54,7.67
2012-02-24,7.66,7.76,7.57,7.69
2012-02-27,7.75,7.78,7.58,7.59
2012-02-28,7.55,7.58,7.4,7.48
2012-02-29,7.47,7.5,7.3,7.37
2012-03-01,7.36,7.62,7.33,7.51
2012-03-02,7.53,7.69,7.46,7.68
2012-03-05,7.71,8.14,7.71,8.07
2012-03-06,8.01,8.03,7.7,7.85
2012-03-07,7.73,8.03,7.71,7.88
2012-03-08,7.92,8.09,7.86,8.06
2012-03-09,8.03,8.34,8.01,8.26
2012-03-12,8.28,8.39,8.09,8.19
2012-03-13,8.21,8.24,8.01,8.22
2012-03-14,8.23,8.27,7.68,7.77
2012-03-15,7.78,7.86,7.49,7.55
2012-03-16,7.56,7.75,7.48,7.74
2012-03-19,7.75,8.02,7.72,8.02
2012-03-20,7.99,7.99,7.75,7.77
2012-03-21,7.75,7.84,7.59,7.74
2012-03-22,7.74,7.77,7.62,7.7
2012-03-23,7.76,7.78,7.49,7.53
2012-03-27,7.59,7.69,7.52,7.53
2012-03-28,7.45,7.5,7.03,7.05
2012-03-29,7.02,7.23,6.99,7.12
2012-03-30,7.15,7.2,6.9,6.98
2012-04-05,7.0,7.26,6.99,7.24
2012-04-06,7.24,7.37,7.22,7.34
2012-04-09,7.34,7.46,7.24,7.25
2012-04-10,5.12,5.15,4.98,5.15
2012-04-11,5.08,5.22,5.04,5.16
2012-04-12,5.18,5.27,5.06,5.26
2012-04-13,5.27,5.32,5.21,5.24
2012-04-16,5.18,5.29,5.14,5.24
2012-04-17,5.27,5.29,5.15,5.16
2012-04-18,5.17,5.27,5.1,5.25
2012-04-19,5.22,5.27,5.17,5.21
2012-04-20,5.2,5.22,5.1,5.16
2012-04-23,5.16,5.16,4.96,4.99
2012-04-24,4.98,5.05,4.87,4.94
2012-04-25,4.95,5.02,4.92,4.99
2012-04-26,5.01,5.08,4.97,5.04
2012-04-27,5.03,5.05,4.98,4.99
2012-05-02,5.07,5.12,5.02,5.12
2012-05-03,5.12,5.12,5.06,5.08
2012-05-04,5.08,5.13,5.07,5.13
2012-05-07,5.11,5.13,5.05,5.09
2012-05-08,5.11,5.11,5.06,5.09
2012-05-09,5.07,5.07,4.95,4.97
2012-05-10,4.97,5.01,4.96,4.97
2012-05-11,4.97,4.98,4.9,4.9
2012-05-14,4.95,5.01,4.91,4.93
2012-05-15,4.91,4.94,4.88,4.94
2012-05-16,4.93,4.94,4.88,4.88
2012-05-17,4.87,4.98,4.87,4.96
2012-05-18,4.94,4.97,4.77,4.79
2012-05-21,4.79,4.83,4.73,4.75
2012-05-22,4.78,4.8,4.77,4.79
2012-05-23,4.78,4.8,4.63,4.67
2012-05-24,4.66,4.69,4.61,4.63
2012-05-25,4.63,4.65,4.61,4.62
2012-05-28,4.61,4.71,4.5,4.7
2012-05-29,4.68,4.76,4.64,4.75
2012-05-30,4.72,4.78,4.71,4.74
2012-05-31,4.7,4.78,4.7,4.75
2012-06-01,4.77,4.8,4.71,4.74
2012-06-04,4.63,4.69,4.55,4.56
2012-06-05,4.57,4.58,4.49,4.5
2012-06-06,4.51,4.58,4.42,4.5
2012-06-07,4.55,4.58,4.45,4.47
2012-06-08,4.52,4.53,4.44,4.45
2012-06-11,4.45,4.53,4.41,4.53
2012-06-12,4.48,4.52,4.45,4.48
2012-06-13,4.48,4.54,4.47,4.54
2012-06-14,4.52,4.56,4.5,4.51
2012-06-15,4.5,4.55,4.46,4.52
2012-06-18,4.53,4.57,4.52,4.55
2012-06-19,4.53,4.55,4.5,4.51
2012-06-20,4.51,4.57,4.51,4.55
2012-06-21,4.53,4.54,4.46,4.47
2012-06-25,4.46,4.48,4.35,4.36
2012-06-26,4.36,4.38,4.31,4.37
2012-06-27,4.37,4.44,4.32,4.36
2012-06-28,4.36,4.4,4.31,4.33
2012-06-29,4.31,4.49,4.26,4.46
2012-07-02,4.49,4.53,4.44,4.45
2012-07-03,4.46,4.51,4.4,4.44
2012-07-04,4.57,4.6,4.45,4.47
2012-07-05,4.44,4.44,4.29,4.34
2012-07-06,4.37,4.46,4.25,4.42
2012-07-09,4.39,4.43,4.26,4.28
2012-07-10,4.25,4.27,4.19,4.25
2012-07-11,4.22,4.29,4.22,4.27
2012-07-12,4.26,4.33,4.22,4.32
2012-07-13,4.31,4.31,4.25,4.26
2012-07-16,4.27,4.27,4.01,4.01
2012-07-17,4.01,4.07,4.01,4.04
2012-07-18,4.04,4.08,4.0,4.06
2012-07-19,4.04,4.13,4.03,4.1
2012-07-20,4.08,4.15,4.06,4.09
2012-07-23,4.07,4.07,3.99,4.01
2012-07-24,3.99,4.08,3.97,4.05
2012-07-25,4.04,4.07,4.0,4.01
2012-07-26,4.01,4.08,4.0,4.01
2012-07-27,4.02,4.07,4.0,4.02
2012-07-30,4.04,4.05,3.99,4.0
2012-07-31,4.0,4.02,3.95,3.96
2012-08-01,3.96,4.04,3.96,4.0
2012-08-02,4.0,4.02,3.95,4.0
2012-08-03,3.98,4.08,3.98,4.07
2012-08-06,4.05,4.13,4.03,4.12
2012-08-07,4.11,4.17,4.08,4.15
2012-08-08,4.15,4.25,4.1,4.23
2012-08-09,4.22,4.38,4.17,4.36
2012-08-10,4.34,4.44,4.32,4.33
2012-08-13,4.32,4.33,4.22,4.22
2012-08-14,4.22,4.35,4.22,4.35
2012-08-15,4.33,4.33,4.24,4.27
2012-08-16,4.25,4.3,4.23,4.25
2012-08-17,4.25,4.28,4.22,4.28
2012-08-20,4.27,4.28,4.22,4.28
2012-08-21,4.28,4.4,4.24,4.38
2012-08-22,4.38,4.39,4.29,4.3
2012-08-23,4.29,4.36,4.27,4.34
2012-08-24,4.32,4.38,4.24,4.25
2012-08-27,4.23,4.23,4.08,4.1
2012-08-28,4.1,4.16,4.08,4.11
2012-08-29,4.11,4.21,4.1,4.14
2012-08-30,4.14,4.18,4.04,4.11
2012-08-31,4.11,4.15,4.07,4.1
2012-09-03,4.07,4.2,4.07,4.18
2012-09-04,4.17,4.22,4.15,4.16
2012-09-05,4.15,4.27,4.14,4.25
2012-09-06,4.25,4.38,4.24,4.38
2012-09-07,4.45,4.56,4.44,4.47
2012-09-10,4.42,4.51,4.41,4.46
2012-09-11,4.44,4.56,4.42,4.55
2012-09-12,4.55,4.58,4.47,4.54
2012-09-13,4.54,4.55,4.41,4.42
2012-09-14,4.45,4.48,4.38,4.44
2012-09-17,4.44,4.46,4.31,4.31
2012-09-18,4.31,4.34,4.24,4.29
2012-09-19,4.29,4.36,4.29,4.35
2012-09-20,4.34,4.34,4.22,4.23
2012-09-21,4.23,4.27,4.14,4.14
2012-09-24,4.14,4.16,4.07,4.15
2012-09-25,4.13,4.16,4.09,4.1
2012-09-26,4.11,4.14,4.0,4.02
2012-09-27,4.04,4.15,4.0,4.08
2012-09-28,4.07,4.18,4.02,4.17
2012-10-08,4.17,4.18,4.1,4.12
2012-10-09,4.14,4.23,4.13,4.23
2012-10-10,4.21,4.31,4.19,4.28
2012-10-11,4.27,4.31,4.2,4.21
2012-10-12,4.23,4.26,4.1,4.2
2012-10-15,4.19,4.19,4.08,4.15
2012-10-16,4.16,4.19,4.12,4.14
2012-10-17,4.17,4.17,4.04,4.12
2012-10-18,4.12,4.22,4.11,4.19
2012-10-19,4.2,4.2,4.15,4.2
2012-10-22,4.19,4.26,4.17,4.26
2012-10-23,4.26,4.26,4.19,4.2
2012-10-24,4.17,4.26,4.16,4.24
2012-10-25,4.24,4.3,4.2,4.22
2012-10-26,4.2,4.21,4.07,4.09
2012-10-29,4.1,4.13,4.05,4.08
2012-10-30,4.12,4.13,4.08,4.1
2012-10-31,4.11,4.14,4.08,4.14
2012-11-01,4.13,4.22,4.12,4.19
2012-11-02,4.22,4.22,4.15,4.22
2012-11-05,4.19,4.27,4.18,4.2
2012-11-06,4.2,4.22,4.12,4.19
2012-11-07,4.18,4.2,4.13,4.15
2012-11-08,4.13,4.13,4.03,4.04
2012-11-09,4.03,4.08,4.03,4.08
2012-11-12,4.07,4.1,4.07,4.08
2012-11-13,4.08,4.09,4.02,4.03
2012-11-14,4.04,4.08,4.03,4.06
2012-11-15,4.06,4.09,4.0,4.01
2012-11-16,4.01,4.03,3.94,3.96
2012-11-19,3.96,4.07,3.95,4.06
2012-11-20,4.07,4.07,4.01,4.05
2012-11-21,4.04,4.11,4.04,4.1
2012-11-22,4.09,4.12,4.05,4.08
2012-11-23,4.06,4.1,4.06,4.08
2012-11-26,4.07,4.09,4.01,4.03
2012-11-27,4.02,4.02,3.9,3.93
2012-11-28,3.9,3.93,3.87,3.91
2012-11-29,3.94,3.95,3.87,3.88
2012-11-30,3.89,3.93,3.87,3.93
2012-12-03,3.91,3.96,3.88,3.93
2012-12-04,3.92,3.96,3.86,3.95
2012-12-05,3.92,4.12,3.92,4.07
2012-12-06,4.08,4.08,4.02,4.04
2012-12-07,4.04,4.12,4.02,4.12
2012-12-10,4.15,4.15,4.1,4.14
2012-12-11,4.11,4.14,4.07,4.1
2012-12-12,4.07,4.13,4.07,4.1
2012-12-13,4.1,4.13,4.04,4.05
2012-12-14,4.04,4.2,4.04,4.2
2012-12-17,4.22,4.27,4.19,4.21
2012-12-18,4.2,4.29,4.17,4.25
2012-12-19,4.25,4.43,4.24,4.31
2012-12-20,4.29,4.33,4.24,4.3
2012-12-21,4.29,4.37,4.28,4.32
2012-12-24,4.32,4.33,4.22,4.26
2012-12-25,4.26,4.48,4.23,4.42
2012-12-26,4.41,4.52,4.36,4.47
2012-12-27,4.47,4.53,4.39,4.41
2012-12-28,4.42,4.45,4.36,4.42
2012-12-31,4.43,4.44,4.37,4.42
2013-01-04,4.44,4.52,4.35,4.44
2013-01-07,4.45,4.48,4.42,4.46
2013-01-08,4.46,4.54,4.43,4.51
2013-01-09,4.5,4.52,4.45,4.49
2013-01-10,4.49,4.52,4.46,4.5
2013-01-11,4.48,4.5,4.3,4.32
2013-01-14,4.3,4.5,4.28,4.46
2013-01-15,4.45,4.57,4.41,4.54
2013-01-16,4.53,4.58,4.43,4.48
2013-01-17,4.49,4.49,4.37,4.38
2013-01-18,4.39,4.47,4.37,4.45
2013-01-21,4.45,4.5,4.38,4.49
2013-01-22,4.48,4.62,4.44,4.5
2013-01-23,4.46,4.5,4.38,4.44
2013-01-24,4.42,4.52,4.32,4.35
2013-01-25,4.35,4.39,4.33,4.35
2013-01-28,4.38,4.46,4.36,4.46
2013-01-29,4.46,4.46,4.4,4.44
2013-01-30,4.47,4.5,4.43,4.48
2013-01-31,4.49,4.49,4.4,4.42
2013-02-01,4.42,4.46,4.4,4.45
2013-02-04,4.54,4.8,4.51,4.65
2013-02-05,4.66,5.12,4.59,5.09
2013-02-06,5.03,5.08,4.95,5.0
2013-02-07,5.02,5.07,4.8,4.93
2013-02-08,4.93,5.19,4.92,5.07
2013-02-18,5.13,5.15,4.95,4.96
2013-02-19,4.93,4.99,4.78,4.83
2013-02-20,4.81,4.89,4.76,4.87
2013-02-21,4.83,4.83,4.67,4.71
2013-02-22,4.71,4.78,4.69,4.71
2013-02-25,4.74,4.8,4.7,4.79
2013-02-26,4.76,4.88,4.73,4.75
2013-02-27,4.78,4.84,4.7,4.81
2013-02-28,4.85,4.93,4.77,4.9
2013-03-01,4.9,5.13,4.87,5.12
2013-03-04,5.09,5.11,5.0,5.08
2013-03-05,5.16,5.29,5.06,5.07
2013-03-06,5.08,5.33,5.03,5.18
2013-03-07,5.27,5.27,4.98,5.02
2013-03-08,5.07,5.22,5.05,5.2
2013-03-11,5.22,5.55,5.16,5.49
2013-03-12,5.49,5.62,5.2,5.27
2013-03-13,5.26,5.27,5.0,5.13
2013-03-14,5.16,5.17,5.09,5.14
2013-03-15,5.12,5.39,5.12,5.24
2013-03-18,5.24,5.35,5.1,5.29
2013-03-19,5.26,5.45,5.23,5.35
2013-03-20,5.35,5.45,5.27,5.41
2013-03-21,5.41,5.45,5.34,5.4
2013-03-22,5.4,5.46,5.31,5.44
2013-03-25,5.42,5.43,5.27,5.29
2013-03-26,5.29,5.29,5.11,5.17
2013-03-27,5.17,5.27,5.17,5.2
2013-03-28,5.18,5.18,5.01,5.03
2013-03-29,5.03,5.09,5.03,5.06
2013-04-01,5.04,5.1,5.02,5.03
2013-04-02,5.03,5.08,4.92,4.93
2013-04-03,4.93,4.97,4.71,4.77
2013-04-08,4.73,4.94,4.7,4.92
2013-04-09,4.92,4.98,4.91,4.94
2013-04-10,4.95,4.99,4.89,4.94
2013-04-11,4.94,5.05,4.91,4.91
2013-04-12,4.92,4.97,4.89,4.91
2013-04-15,4.89,4.89,4.82,4.87
2013-04-16,4.82,4.89,4.81,4.88
2013-04-17,4.9,5.01,4.89,5.0
2013-04-18,4.98,5.03,4.95,4.97
2013-04-19,4.97,5.06,4.96,5.04
2013-04-22,5.04,5.09,4.98,5.0
2013-04-23,5.01,5.04,4.83,4.85
2013-04-24,3.9,3.92,3.8,3.9
2013-04-25,3.9,3.9,3.67,3.68
2013-04-26,3.68,3.75,3.64,3.65
2013-05-02,3.65,3.7,3.61,3.65
2013-05-03,3.68,3.72,3.65,3.69
2013-05-06,3.7,3.8,3.7,3.79
2013-05-07,3.79,3.99,3.75,3.96
2013-05-08,3.96,3.99,3.88,3.92
2013-05-09,3.93,3.96,3.83,3.89
2013-05-10,3.88,3.9,3.83,3.9
2013-05-13,3.89,3.96,3.86,3.91
2013-05-14,3.9,3.92,3.83,3.84
2013-05-15,3.84,3.91,3.83,3.9
2013-05-16,3.9,4.06,3.9,4.01
2013-05-17,3.99,4.06,3.98,4.04
2013-05-20,4.04,4.1,4.02,4.05
2013-05-21,4.03,4.08,4.02,4.08
2013-05-22,4.09,4.2,4.04,4.07
2013-05-23,4.06,4.13,4.02,4.03
2013-05-24,4.02,4.07,3.98,4.04
2013-05-27,4.05,4.12,4.04,4.08
2013-05-28,4.09,4.1,3.99,4.04
2013-05-29,4.05,4.05,4.01,4.03
2013-05-30,4.03,4.03,3.98,3.98
2013-05-31,3.99,4.04,3.99,3.99
2013-06-03,3.97,4.01,3.93,3.96
2013-06-04,3.96,3.98,3.87,3.89
2013-06-05,3.89,3.89,3.82,3.85
2013-06-06,3.84,3.85,3.8,3.8
2013-06-07,3.82,3.83,3.71,3.72
2013-06-13,3.7,3.7,3.58,3.6
2013-06-14,3.61,3.62,3.5,3.6
2013-06-17,3.6,3.62,3.55,3.6
2013-06-18,3.61,3.64,3.57,3.62
2013-06-19,3.63,3.63,3.53,3.57
2013-06-20,3.55,3.55,3.41,3.42
2013-06-21,3.38,3.42,3.32,3.39
2013-06-24,3.39,3.41,3.14,3.18
2013-06-25,3.15,3.26,2.92,3.19
2013-06-26,3.19,3.28,3.17,3.28
2013-06-27,3.31,3.33,3.23,3.24
2013-06-28,3.21,3.29,3.16,3.2
2013-07-01,3.19,3.24,3.16,3.23
2013-07-02,3.23,3.27,3.2,3.27
2013-07-03,3.25,3.32,3.21,3.3
2013-07-04,3.3,3.41,3.25,3.37
2013-07-05,3.39,3.4,3.33,3.34
2013-07-08,3.3,3.3,3.11,3.12
2013-07-09,3.13,3.16,3.06,3.1
2013-07-10,3.1,3.19,3.05,3.18
2013-07-11,3.18,3.33,3.18,3.3
2013-07-12,3.3,3.32,3.24,3.25
2013-07-15,3.3,3.58,3.3,3.58
2013-07-16,3.7,3.84,3.63,3.72
2013-07-17,3.72,4.05,3.65,3.92
2013-07-18,3.9,4.0,3.77,3.99
2013-07-19,3.93,4.03,3.82,3.82
2013-07-22,3.78,3.93,3.75,3.87
2013-07-23,3.88,3.91,3.8,3.88
2013-07-24,3.88,3.88,3.74,3.83
2013-07-25,3.84,3.88,3.6,3.63
2013-07-26,3.63,3.9,3.57,3.9
2013-07-29,3.9,3.99,3.83,3.84
2013-07-30,3.85,3.92,3.71,3.87
2013-07-31,3.86,3.91,3.81,3.87
2013-08-01,3.87,3.94,3.83,3.94
2013-08-02,3.94,4.05,3.92,3.93
2013-08-05,3.93,4.04,3.88,3.97
2013-08-06,3.93,3.99,3.88,3.94
2013-08-07,3.96,4.17,3.91,4.09
2013-08-08,4.08,4.19,4.04,4.1
2013-08-09,4.09,4.1,3.98,4.04
2013-08-12,4.02,4.05,3.98,4.03
2013-08-13,4.03,4.03,3.95,3.97
2013-08-14,3.95,4.0,3.91,3.93
2013-08-15,3.93,3.97,3.9,3.9
2013-08-16,3.89,3.93,3.73,3.75
2013-08-19,3.7,3.93,3.68,3.87
2013-08-20,3.89,3.93,3.84,3.87
2013-08-21,3.86,3.88,3.82,3.87
2013-08-22,3.89,4.04,3.87,3.97
2013-08-23,3.99,4.01,3.81,3.94
2013-08-26,3.97,3.98,3.9,3.98
2013-08-27,3.97,3.98,3.92,3.95
2013-08-28,3.93,3.93,3.86,3.86
2013-08-29,3.85,3.9,3.82,3.86
2013-08-30,3.88,3.88,3.76,3.78
2013-09-02,3.78,3.82,3.76,3.8
2013-09-03,3.81,4.04,3.8,4.01
2013-09-04,3.99,4.01,3.95,3.99
2013-09-05,4.0,4.14,3.96,4.07
2013-09-06,4.08,4.08,3.93,4.04
2013-09-09,4.0,4.06,3.98,4.03
2013-09-10,4.05,4.06,3.95,4.01
2013-09-11,4.02,4.02,3.96,3.98
2013-09-12,3.97,4.1,3.97,4.05
2013-09-13,4.04,4.05,3.96,4.01
2013-09-16,4.0,4.03,3.98,4.01
2013-09-17,4.0,4.02,3.8,3.88
2013-09-18,3.85,3.95,3.84,3.91
2013-09-23,3.93,4.02,3.87,4.0
2013-09-24,4.0,4.17,3.97,4.07
2013-09-25,4.05,4.11,4.0,4.02
2013-09-26,4.02,4.37,4.01,4.17
2013-09-27,4.19,4.29,4.1,4.26
2013-09-30,4.28,4.31,4.17,4.24
2013-10-08,4.21,4.53,4.21,4.42
2013-10-09,4.38,4.5,4.31,4.42
2013-10-10,4.42,4.45,4.17,4.25
2013-10-11,4.28,4.36,4.25,4.33
2013-10-14,4.34,4.5,4.29,4.41
2013-10-15,4.36,4.38,4.2,4.26
2013-10-16,4.24,4.25,4.09,4.1
2013-10-17,4.1,4.29,4.1,4.19
2013-10-18,4.15,4.18,4.1,4.12
2013-10-21,4.13,4.25,4.11,4.22
2013-10-22,4.22,4.24,4.14,4.16
2013-10-23,4.14,4.18,3.97,3.97
2013-10-24,3.98,3.99,3.88,3.96
2013-10-25,3.96,3.98,3.81,3.85
2013-10-28,3.85,3.91,3.82,3.9
2013-10-29,3.9,3.93,3.67,3.74
2013-10-30,3.76,3.8,3.73,3.78
2013-10-31,3.76,3.8,3.73,3.75
2013-11-01,3.75,3.78,3.71,3.75
2013-11-04,3.75,3.84,3.75,3.79
2013-11-05,3.79,3.85,3.75,3.85
2013-11-06,3.85,3.88,3.76,3.78
2013-11-07,3.76,3.79,3.69,3.7
2013-11-08,3.7,3.7,3.58,3.61
2013-11-11,3.62,3.69,3.62,3.64
2013-11-12,3.65,3.69,3.65,3.68
2013-11-13,3.67,3.73,3.61,3.64
2013-11-14,3.64,3.71,3.64,3.7
2013-11-15,3.71,3.83,3.7,3.74
2013-11-18,3.74,3.85,3.74,3.82
2013-11-19,3.83,3.84,3.78,3.8
2013-11-20,3.8,3.84,3.8,3.84
2013-11-21,3.85,3.89,3.82,3.84
2013-11-22,3.85,3.87,3.78,3.8
2013-11-25,3.79,3.81,3.77,3.8
2013-11-26,3.8,3.92,3.78,3.89
2013-11-27,3.89,3.91,3.84,3.88
2013-11-28,3.89,3.94,3.88,3.91
2013-11-29,3.91,4.04,3.88,4.02
2013-12-02,3.96,4.05,3.8,3.97
2013-12-03,3.97,4.13,3.93,4.05
2013-12-04,4.12,4.12,4.04,4.09
2013-12-05,4.14,4.15,3.97,3.98
2013-12-06,3.98,4.0,3.88,3.91
2013-12-09,3.9,3.94,3.9,3.94
2013-12-10,3.94,3.96,3.88,3.92
2013-12-11,3.9,3.92,3.83,3.86
2013-12-12,3.84,3.9,3.83,3.86
2013-12-13,3.85,3.91,3.82,3.89
2013-12-16,3.89,3.9,3.8,3.8
2013-12-17,3.79,3.81,3.72,3.73
2013-12-18,3.73,3.8,3.71,3.78
2013-12-19,3.78,3.8,3.76,3.79
2013-12-20,3.79,3.81,3.7,3.73
2013-12-23,3.73,3.83,3.72,3.74
2013-12-24,3.75,3.75,3.58,3.63
2013-12-25,3.61,3.67,3.55,3.65
2013-12-26,3.65,3.65,3.55,3.55
2013-12-27,3.56,3.74,3.55,3.67
2013-12-30,3.67,3.78,3.63,3.7
2013-12-31,3.68,3.74,3.64,3.69
2014-01-02,3.64,3.71,3.57,3.59
2014-01-03,3.56,3.57,3.5,3.51
2014-01-06,3.5,3.5,3.39,3.4
2014-01-07,3.37,3.42,3.36,3.41
2014-01-08,3.42,3.47,3.38,3.42
2014-01-09,3.42,3.45,3.38,3.38
2014-01-10,3.37,3.39,3.26,3.29
2014-01-13,3.28,3.31,3.27,3.28
2014-01-14,3.29,3.36,3.28,3.35
2014-01-15,3.34,3.43,3.33,3.38
2014-01-16,3.39,3.43,3.37,3.37
2014-01-17,3.38,3.39,3.31,3.33
2014-01-20,3.32,3.34,3.28,3.28
2014-01-21,3.3,3.39,3.29,3.37
2014-01-22,3.39,3.46,3.38,3.44
2014-01-23,3.44,3.46,3.42,3.45
2014-01-24,3.45,3.5,3.43,3.47
2014-01-27,3.45,3.49,3.41,3.42
2014-01-28,3.42,3.46,3.41,3.43
2014-01-29,3.44,3.49,3.43,3.45
2014-01-30,3.47,3.48,3.43,3.44
2014-02-07,3.42,3.51,3.4,3.51
2014-02-10,3.52,3.59,3.51,3.58
2014-02-11,3.57,3.61,3.54,3.58
2014-02-12,3.58,3.65,3.56,3.62
2014-02-13,3.63,3.64,3.56,3.56
2014-02-14,3.56,3.61,3.54,3.61
2014-02-17,3.65,3.68,3.61,3.67
2014-02-18,3.67,3.7,3.63,3.68
2014-02-19,3.67,3.75,3.66,3.7
2014-02-20,3.72,3.73,3.61,3.62
2014-02-21,3.62,3.65,3.55,3.59
2014-02-24,3.58,3.64,3.53,3.62
2014-02-25,3.62,3.71,3.44,3.5
2014-02-26,3.47,3.58,3.44,3.58
2014-02-27,3.55,3.62,3.48,3.5
2014-02-28,3.5,3.56,3.46,3.55
2014-03-03,3.52,3.64,3.52,3.63
2014-03-04,3.63,3.66,3.59,3.65
2014-03-05,3.65,3.69,3.6,3.61
2014-03-06,3.61,3.62,3.53,3.57
2014-03-07,3.57,3.59,3.5,3.52
2014-03-10,3.48,3.5,3.33,3.35
2014-03-11,3.35,3.39,3.31,3.38
2014-03-12,3.4,3.4,3.32,3.39
2014-03-13,3.4,3.43,3.37,3.4
2014-03-14,3.37,3.42,3.36,3.39
2014-03-17,3.39,3.45,3.38,3.45
2014-03-18,3.45,3.47,3.42,3.45
2014-03-19,3.56,3.8,3.53,3.8
2014-03-20,3.85,4.01,3.73,3.74
2014-03-21,3.6,3.76,3.56,3.74
2014-03-24,3.71,3.83,3.68,3.77
2014-03-25,3.75,3.89,3.68,3.74
2014-03-26,3.74,3.8,3.68,3.68
2014-03-27,3.68,3.72,3.61,3.63
2014-03-28,3.63,3.65,3.57,3.59
2014-03-31,3.56,3.6,3.49,3.51
2014-04-01,3.51,3.58,3.5,3.57
2014-04-02,3.56,3.6,3.56,3.58
2014-04-03,3.57,3.58,3.52,3.53
2014-04-04,3.52,3.58,3.51,3.58
2014-04-08,3.56,3.63,3.56,3.62
2014-04-09,3.62,3.66,3.61,3.63
2014-04-10,3.63,3.65,3.61,3.62
2014-04-11,3.63,3.63,3.58,3.61
2014-04-14,3.61,3.63,3.58,3.62
2014-04-15,3.62,3.62,3.54,3.56
2014-04-16,3.56,3.61,3.54,3.6
2014-04-17,3.63,3.66,3.61,3.62
2014-04-18,3.61,3.65,3.59,3.63
2014-04-21,3.61,3.67,3.59,3.61
2014-04-22,3.6,3.62,3.48,3.5
2014-04-23,3.5,3.52,3.48,3.49
2014-04-24,3.5,3.52,3.47,3.51
2014-04-25,3.51,3.54,3.48,3.48
2014-04-28,3.54,3.83,3.54,3.67
2014-04-29,3.55,3.64,3.5,3.59
2014-04-30,3.57,3.74,3.54,3.72
2014-05-05,3.7,3.73,3.66,3.72
2014-05-06,3.7,3.76,3.68,3.68
2014-05-07,3.69,3.69,3.6,3.62
2014-05-08,3.62,3.66,3.58,3.61
2014-05-09,3.6,3.81,3.58,3.78
2014-05-12,3.78,3.84,3.72,3.81
2014-05-13,3.81,3.82,3.75,3.8
2014-05-14,3.8,3.83,3.76,3.79
2014-05-15,3.79,3.8,3.66,3.68
2014-05-16,3.66,3.74,3.65,3.72
2014-05-19,3.71,3.72,3.66,3.71
2014-05-20,3.72,3.75,3.65,3.68
2014-05-21,3.67,3.67,3.59,3.67
2014-05-22,3.66,3.69,3.65,3.65
2014-05-23,3.63,3.67,3.6,3.67
2014-05-26,3.65,3.68,3.64,3.67
2014-05-27,3.65,3.67,3.61,3.64
2014-05-28,3.64,3.71,3.61,3.71
2014-05-29,3.7,3.73,3.65,3.66
2014-05-30,3.67,3.67,3.6,3.62
2014-06-03,3.62,3.64,3.61,3.62
2014-06-04,3.63,3.63,3.52,3.52
2014-06-05,3.54,3.58,3.53,3.57
2014-06-06,3.58,3.65,3.57,3.6
2014-06-09,3.59,3.61,3.57,3.58
2014-06-10,3.58,3.62,3.55,3.61
2014-06-11,3.62,3.64,3.59,3.62
2014-06-12,3.65,3.67,3.62,3.63
2014-06-13,3.61,3.65,3.6,3.64
2014-06-16,3.63,3.67,3.63,3.65
2014-06-17,3.64,3.65,3.61,3.61
2014-06-18,3.61,3.68,3.59,3.67
2014-06-19,3.67,3.69,3.53,3.57
2014-06-20,3.58,3.7,3.56,3.69
2014-06-23,3.72,3.84,3.71,3.76
2014-06-24,3.73,3.82,3.73,3.76
2014-06-25,3.78,3.82,3.75,3.8
2014-06-26,3.79,3.81,3.76,3.8
2014-06-27,3.08,3.2,3.06,3.11
2014-06-30,3.14,3.25,3.07,3.23
2014-07-01,3.27,3.28,3.15,3.18
2014-07-02,3.16,3.22,3.12,3.18
2014-07-03,3.18,3.25,3.15,3.22
2014-07-04,3.22,3.25,3.18,3.2
2014-07-07,3.19,3.19,3.15,3.18
2014-07-08,3.17,3.18,3.11,3.16
2014-07-09,3.15,3.21,3.14,3.14
2014-07-10,3.16,3.19,3.13,3.16
2014-07-11,3.16,3.19,3.15,3.18
2014-07-14,3.19,3.26,3.18,3.24
2014-07-15,3.22,3.47,3.22,3.36
2014-07-16,3.34,3.36,3.29,3.33
2014-07-17,3.31,3.32,3.18,3.22
2014-07-18,3.21,3.24,3.19,3.21
2014-07-21,3.22,3.22,3.18,3.21
2014-07-22,3.21,3.25,3.18,3.22
2014-07-23,3.23,3.25,3.19,3.2
2014-07-24,3.21,3.21,3.14,3.19
2014-07-25,3.18,3.26,3.18,3.25
2014-07-28,3.26,3.31,3.23,3.29
2014-07-29,3.29,3.35,3.28,3.3
2014-07-30,3.31,3.34,3.28,3.33
2014-07-31,3.35,3.35,3.3,3.33
2014-08-01,3.32,3.34,3.25,3.26
2014-08-04,3.27,3.33,3.26,3.32
2014-08-05,3.31,3.34,3.28,3.33
2014-08-06,3.32,3.41,3.3,3.38
2014-08-07,3.37,3.41,3.31,3.32
2014-08-08,3.32,3.33,3.3,3.31
2014-08-11,3.32,3.38,3.32,3.37
2014-08-12,3.37,3.43,3.36,3.4
2014-08-13,3.4,3.41,3.33,3.38
2014-08-14,3.37,3.44,3.36,3.37
2014-08-15,3.37,3.42,3.34,3.42
2014-08-18,3.44,3.47,3.41,3.44
2014-08-19,3.46,3.47,3.41,3.46
2014-08-20,3.46,3.48,3.43,3.44
2014-08-21,3.44,3.44,3.38,3.41
2014-08-22,3.41,3.43,3.39,3.41
2014-08-25,3.42,3.43,3.39,3.4
2014-08-26,3.39,3.4,3.28,3.3
2014-08-27,3.3,3.35,3.3,3.33
2014-08-28,3.33,3.34,3.25,3.28
2014-08-29,3.27,3.31,3.26,3.3
2014-09-01,3.3,3.4,3.29,3.39
2014-09-02,3.38,3.48,3.37,3.45
2014-09-03,3.45,3.55,3.43,3.54
2014-09-04,3.53,3.74,3.51,3.62
2014-09-05,3.64,3.64,3.53,3.59
2014-09-09,3.6,3.95,3.57,3.95
2014-09-10,4.05,4.21,3.95,3.99
2014-09-11,3.97,4.01,3.86,3.89
2014-09-12,3.9,4.0,3.87,3.92
2014-09-15,3.92,4.02,3.89,3.99
2014-09-16,4.0,4.02,3.82,3.84
2014-09-17,3.83,3.9,3.78,3.87
2014-09-18,3.87,4.07,3.86,4.06
2014-09-19,4.04,4.1,3.97,4.03
2014-09-22,4.03,4.04,3.95,3.97
2014-09-23,3.98,4.0,3.93,3.98
2014-09-24,4.0,4.09,3.98,4.04
2014-09-25,4.05,4.08,3.96,3.98
2014-09-26,3.97,4.02,3.96,4.0
2014-09-29,4.0,4.12,4.0,4.05
2014-09-30,4.06,4.15,4.03,4.13
2014-10-08,4.13,4.21,4.12,4.14
2014-10-09,4.18,4.36,4.13,4.33
2014-10-10,4.34,4.54,4.28,4.42
2014-10-13,4.4,4.51,4.23,4.51
2014-10-14,4.5,4.74,4.45,4.66
2014-10-15,4.6,5.13,4.53,5.13
2014-10-16,5.09,5.24,4.9,4.9
2014-10-17,4.86,5.18,4.7,5.12
2014-10-20,5.15,5.28,5.02,5.08
2014-10-21,5.04,5.17,4.89,4.89
2014-10-22,4.86,5.02,4.82,4.9
2014-10-23,4.89,4.96,4.57,4.58
2014-10-24,4.6,4.77,4.55,4.68
2014-10-27,4.67,4.8,4.64,4.76
2014-10-28,4.79,5.03,4.79,5.03
2014-10-29,5.04,5.12,4.9,5.1
2014-10-30,5.08,5.12,4.9,4.98
2014-10-31,4.99,5.0,4.82,4.92
2014-11-03,4.92,4.98,4.8,4.93
2014-11-04,4.91,4.95,4.84,4.94
2014-11-05,4.93,5.11,4.87,5.07
2014-11-06,5.06,5.27,5.03,5.23
2014-11-07,5.22,5.26,5.03,5.18
2014-11-10,5.15,5.17,4.97,5.0
2014-11-11,5.01,5.07,4.5,4.9
2014-11-12,4.86,4.95,4.71,4.9
2014-11-13,4.9,4.97,4.78,4.8
2014-11-14,4.77,4.96,4.65,4.87
2014-11-17,4.85,5.03,4.81,4.96
2014-11-18,4.94,5.02,4.9,5.0
2014-11-19,4.99,5.08,4.93,5.02
2014-11-20,4.99,5.0,4.87,4.89
2014-11-21,4.89,4.9,4.76,4.85
2014-11-24,4.87,5.01,4.85,4.97
2014-11-25,4.98,5.47,4.96,5.44
2014-11-26,5.43,5.58,5.33,5.47
2014-11-27,5.46,5.9,5.43,5.65
2014-11-28,5.7,5.91,5.57,5.79
2014-12-01,5.76,6.18,5.75,6.0
2014-12-02,6.0,6.26,5.89,6.13
2014-12-03,6.12,6.31,5.99,6.1
2014-12-04,6.1,6.14,5.92,6.0
2014-12-05,5.99,5.99,5.65,5.7
2014-12-08,5.7,5.93,5.6,5.71
2014-12-09,5.65,5.68,5.22,5.27
2014-12-10,5.25,5.53,5.09,5.48
2014-12-11,5.46,5.6,5.37,5.49
2014-12-12,5.52,5.63,5.49,5.63
2014-12-15,5.6,5.78,5.55,5.78
2014-12-16,5.78,5.95,5.6,5.71
2014-12-17,5.7,5.71,5.33,5.45
2014-12-18,5.42,5.44,5.25,5.26
2014-12-19,5.29,5.44,5.07,5.43
2014-12-22,5.38,5.38,5.07,5.08
2014-12-23,5.1,5.25,4.68,4.75
2014-12-24,4.78,4.99,4.67,4.92
2014-12-25,4.9,4.99,4.88,4.98
2014-12-26,5.02,5.08,4.9,4.96
2014-12-29,5.01,5.01,4.79,4.89
2014-12-30,4.88,4.92,4.74,4.76
2014-12-31,4.77,4.82,4.69,4.79
2015-01-05,4.74,4.87,4.69,4.82
2015-01-06,4.82,5.05,4.74,5.05
2015-01-07,5.05,5.14,4.92,4.99
2015-01-08,5.0,5.02,4.9,4.93
2015-01-09,4.92,4.96,4.81,4.83
2015-01-12,4.82,4.82,4.67,4.68
2015-01-13,4.67,4.74,4.66,4.71
2015-01-14,4.71,4.72,4.66,4.68
2015-01-15,4.68,4.73,4.66,4.72
2015-01-16,4.7,4.76,4.64,4.65
2015-01-19,4.59,4.63,4.3,4.48
2015-01-20,4.46,4.6,4.43,4.59
2015-01-21,4.57,4.7,4.55,4.7
2015-01-22,4.73,4.81,4.68,4.77
2015-01-23,4.75,4.78,4.65,4.68
2015-01-26,4.68,4.78,4.63,4.76
2015-01-27,4.79,5.09,4.76,4.99
2015-01-28,5.0,5.01,4.87,4.93
2015-01-29,4.89,4.99,4.85,4.95
2015-01-30,4.96,4.98,4.82,4.83
2015-02-02,4.79,4.88,4.72,4.84
2015-02-03,4.86,4.91,4.83,4.87
2015-02-04,4.87,4.88,4.73,4.73
2015-02-05,4.8,4.81,4.57,4.6
2015-02-06,4.6,4.75,4.55,4.56
2015-02-09,4.56,4.64,4.51,4.57
2015-02-10,4.57,4.59,4.49,4.59
2015-02-11,4.6,4.63,4.55,4.61
2015-02-12,4.61,4.87,4.58,4.81
2015-02-13,4.82,4.9,4.78,4.82
2015-02-16,4.81,4.92,4.81,4.87
2015-02-17,4.85,4.92,4.83,4.86
2015-02-25,4.87,5.03,4.87,4.92
2015-02-26,4.93,4.99,4.87,4.94
2015-02-27,4.95,4.99,4.91,4.94
2015-03-02,4.97,5.03,4.91,5.03
2015-03-03,5.03,5.53,4.97,5.4
2015-03-04,5.34,5.48,5.27,5.43
2015-03-05,5.4,5.61,5.36,5.49
2015-03-06,5.52,5.6,5.33,5.33
2015-03-09,5.27,5.41,5.16,5.36
2015-03-10,5.35,5.58,5.32,5.45
2015-03-11,5.42,5.6,5.42,5.54
2015-03-12,5.54,5.56,5.35,5.47
2015-03-13,5.47,5.69,5.41,5.68
2015-03-16,5.68,6.12,5.68,5.93
2015-03-17,5.93,6.09,5.79,5.97
2015-03-18,5.98,6.07,5.9,6.01
2015-03-19,6.01,6.2,5.88,6.15
2015-03-20,6.14,6.21,6.03,6.09
2015-03-23,6.11,6.15,5.99,6.08
2015-03-24,6.08,6.1,5.8,5.98
2015-03-25,5.98,6.57,5.94,6.46
2015-03-26,6.32,6.42,6.13,6.21
2015-03-27,6.19,6.28,6.13,6.21
2015-03-30,6.2,6.26,6.09,6.2
2015-03-31,6.18,6.35,6.16,6.21
2015-04-01,6.2,6.21,6.14,6.21
2015-04-02,6.2,6.43,6.2,6.27
2015-04-03,6.26,6.64,6.22,6.46
2015-04-07,6.47,6.65,6.38,6.57
2015-04-08,6.56,6.63,6.31,6.38
2015-04-09,6.38,6.41,5.9,6.14
2015-04-10,6.09,6.2,6.04,6.19
2015-04-13,6.18,6.51,6.14,6.4
2015-04-14,6.4,6.64,6.33,6.37
2015-04-15,6.37,6.45,6.08,6.1
2015-04-16,6.0,6.25,5.92,6.16
2015-04-17,6.11,6.26,6.11,6.18
2015-04-20,6.18,6.2,5.98,5.99
2015-04-21,5.99,6.25,5.99,6.25
2015-04-22,6.3,6.88,6.3,6.88
2015-04-23,7.3,7.57,7.18,7.57
2015-04-24,8.2,8.2,7.6,7.8
2015-04-27,8.11,8.38,7.5,7.75
2015-04-28,7.55,7.69,7.08,7.15
2015-04-29,7.02,7.49,7.01,7.41
2015-04-30,7.42,7.99,7.42,7.73
2015-05-04,7.75,7.87,7.48,7.66
2015-05-05,7.66,7.69,7.13,7.26
2015-05-06,7.25,7.38,6.88,6.99
2015-05-07,6.99,6.99,6.5,6.56
2015-05-08,6.65,6.8,6.58,6.8
2015-05-11,6.91,7.37,6.8,7.3
2015-05-12,7.31,7.36,7.07,7.2
2015-05-13,7.21,7.63,7.1,7.39
2015-05-14,7.34,7.54,7.18,7.25
2015-05-15,7.28,7.54,7.22,7.42
2015-05-18,7.46,8.16,7.46,8.16
2015-05-19,8.34,8.98,8.33,8.98
2015-05-20,9.62,9.88,9.03,9.16
2015-05-21,9.05,9.48,8.67,9.28
2015-05-22,9.21,9.4,8.95,9.22
2015-05-25,9.23,9.94,9.23,9.53
2015-05-26,9.61,9.81,9.31,9.62
2015-05-27,9.63,10.56,9.25,10.33
2015-05-28,10.33,10.93,9.7,9.92
2015-05-29,9.9,10.35,9.07,10.2
2015-06-01,10.27,10.9,10.26,10.7
2015-06-02,10.61,11.77,10.61,11.77
2015-06-03,12.15,12.65,11.38,12.2
2015-06-04,12.2,12.36,11.01,11.92
2015-06-05,12.0,12.36,11.5,12.09
2015-06-08,12.03,12.35,11.51,11.53
2015-06-09,11.55,12.03,11.2,11.83
2015-06-10,11.68,12.88,11.53,12.55
2015-06-11,12.55,12.88,12.28,12.59
2015-06-12,12.63,12.88,12.3,12.75
2015-06-15,12.69,13.5,12.69,12.98
2015-06-16,12.9,12.9,11.75,11.98
2015-06-17,11.9,12.35,11.01,12.16
2015-06-18,12.13,12.13,11.4,11.53
2015-06-19,11.3,11.3,10.38,10.38
2015-06-23,10.38,10.58,9.34,9.92
2015-06-24,10.1,10.59,10.01,10.32
2015-06-25,10.43,10.49,9.5,9.86
2015-06-26,9.5,9.5,8.87,8.87
2015-06-29,9.15,9.3,7.98,7.98
2015-06-30,7.75,8.5,7.18,8.35
2015-07-01,8.34,8.77,7.52,7.68
2015-07-02,7.75,8.01,6.91,6.91
2015-07-03,6.37,6.83,6.22,6.22
2015-07-06,6.84,6.84,5.6,5.67
2015-07-07,5.49,5.49,5.1,5.1
2015-07-08,4.59,5.61,4.59,5.56
2015-07-09,5.25,6.12,5.25,6.12
2015-07-10,6.5,6.73,6.2,6.73
2015-07-13,7.07,7.4,6.78,7.4
2015-07-14,7.35,7.77,7.01,7.2
2015-07-15,7.0,7.0,6.48,6.48
2015-07-16,6.48,6.9,5.9,6.75
2015-07-17,6.76,7.31,6.75,7.18
2015-07-20,7.18,7.48,7.0,7.18
2015-07-21,7.03,7.27,6.88,7.15
2015-07-22,7.12,7.32,6.95,7.26
2015-07-23,7.25,7.68,7.11,7.6
2015-07-24,7.61,7.8,7.1,7.23
2015-07-27,7.01,7.2,6.51,6.51
2015-07-28,6.25,6.5,5.86,6.16
2015-07-29,6.3,6.56,5.99,6.54
2015-07-30,6.56,6.75,6.21,6.25
2015-07-31,6.24,6.36,6.13,6.28
2015-08-03,6.17,6.57,6.11,6.56
2015-08-04,6.54,6.89,6.32,6.85
2015-08-05,6.9,6.92,6.58,6.65
2015-08-06,6.55,6.64,6.37,6.45
2015-08-07,6.5,6.74,6.5,6.64
2015-08-10,6.69,7.29,6.63,7.09
2015-08-11,7.1,7.24,7.0,7.09
2015-08-12,7.0,7.23,6.95,7.09
2015-08-13,7.06,7.66,7.01,7.5
2015-08-14,7.5,8.25,7.41,8.25
2015-08-17,8.48,8.88,8.17,8.36
2015-08-18,8.35,8.35,7.52,7.52
2015-08-19,6.99,7.76,6.79,7.71
2015-08-20,7.49,7.68,7.19,7.19
2015-08-21,7.04,7.25,6.53,6.66
2015-08-24,6.19,6.39,5.99,5.99
2015-08-25,5.39,5.53,5.39,5.39
2015-08-26,5.39,5.57,4.85,4.85
2015-08-27,4.96,5.1,4.58,5.04
2015-08-28,5.2,5.47,5.02,5.42
2015-08-31,5.42,5.42,5.07,5.07
2015-09-01,5.09,5.09,4.61,4.69
2015-09-02,4.45,4.85,4.35,4.4
2015-09-07,4.55,4.75,4.48,4.57
2015-09-08,4.51,4.97,4.5,4.89
2015-09-09,4.97,5.17,4.97,5.14
2015-09-10,4.95,5.11,4.95,4.99
2015-09-11,5.0,5.12,4.91,5.02
2015-09-14,5.08,5.15,4.52,4.52
2015-09-15,4.38,4.49,4.07,4.11
2015-09-16,4.17,4.52,4.13,4.52
2015-09-17,4.52,4.9,4.39,4.47
2015-09-18,4.52,4.58,4.4,4.51
2015-09-21,4.49,4.74,4.43,4.69
2015-09-22,4.71,4.82,4.64,4.74
2015-09-23,4.65,4.74,4.57,4.59
2015-09-24,4.61,4.73,4.59,4.67
2015-09-25,4.63,4.98,4.62,4.69
2015-09-28,4.62,4.73,4.55,4.71
2015-09-29,4.61,4.66,4.51,4.55
2015-09-30,4.61,4.66,4.54,4.58
2015-10-08,4.73,4.84,4.72,4.78
2015-10-09,4.78,4.86,4.73,4.84
2015-10-12,4.88,5.16,4.84,5.1
2015-10-13,5.04,5.17,5.01,5.15
2015-10-14,5.11,5.19,5.04,5.04
2015-10-15,5.02,5.32,5.0,5.27
2015-10-16,5.26,5.38,5.16,5.34
2015-10-19,5.32,5.42,5.19,5.27
2015-10-20,5.25,5.47,5.2,5.39
2015-10-21,5.4,5.58,4.96,4.99
2015-10-22,5.02,5.24,4.99,5.19
2015-10-23,5.23,5.46,5.16,5.37
2015-10-26,5.42,5.44,5.27,5.4
2015-10-27,5.34,5.37,5.03,5.36
2015-10-28,5.42,5.59,5.32,5.46
2015-10-29,5.59,5.66,5.42,5.5
2015-10-30,5.49,5.5,5.3,5.36
2015-11-02,5.3,5.46,5.23,5.27
2015-11-03,5.31,5.37,5.22,5.25
2015-11-04,5.34,5.78,5.32,5.78
2015-11-05,6.36,6.36,5.83,5.88
2015-11-06,5.96,6.47,5.91,6.47
2015-11-09,6.49,6.65,6.18,6.35
2015-11-10,6.2,6.31,6.17,6.29
2015-11-11,6.22,6.42,6.18,6.28
2015-11-12,6.3,6.33,6.06,6.13
2015-11-13,6.06,6.25,5.98,6.1
2015-11-16,6.01,6.23,5.98,6.2
2015-11-17,6.22,6.31,6.03,6.08
2015-11-18,6.08,6.13,6.0,6.02
2015-11-19,6.03,6.11,5.98,6.09
2015-11-20,6.1,6.24,6.06,6.16
2015-11-23,6.18,6.64,6.15,6.55
2015-11-24,6.51,6.63,6.32,6.56
2015-11-25,6.6,7.01,6.6,7.0
2015-11-26,7.1,7.23,6.84,6.9
2015-11-27,6.9,7.11,6.28,6.52
2015-11-30,6.5,6.69,6.01,6.59
2015-12-01,6.5,6.67,6.3,6.4
2015-12-02,6.4,6.48,6.11,6.4
2015-12-03,6.46,6.92,6.38,6.79
2015-12-04,6.7,6.93,6.6,6.7
2015-12-07,6.73,6.89,6.6,6.83
2015-12-08,6.78,7.0,6.7,6.9
2015-12-09,6.89,6.9,6.68,6.72
2015-12-10,6.74,6.94,6.58,6.63
2015-12-11,6.6,6.63,6.42,6.5
2015-12-14,6.45,6.66,6.43,6.65
2015-12-15,6.63,6.83,6.6,6.68
2015-12-16,6.7,6.87,6.63,6.68
2015-12-17,6.69,6.93,6.69,6.85
2015-12-18,6.81,6.88,6.55,6.57
2015-12-21,6.54,6.66,6.45,6.59
2015-12-22,6.59,6.6,6.46,6.58
2015-12-23,6.57,6.58,6.4,6.4
2015-12-24,6.39,6.43,6.25,6.33
2015-12-25,6.36,6.47,6.36,6.42
2015-12-28,6.48,6.6,6.38,6.38
2015-12-29,6.31,6.54,6.29,6.54
2015-12-30,6.57,6.75,6.52,6.63
2015-12-31,6.7,6.7,6.45,6.46
2016-01-04,6.39,6.45,5.81,5.82
2016-01-05,5.77,5.95,5.28,5.61
2016-01-06,5.62,5.84,5.55,5.84
2016-01-07,5.71,5.72,5.26,5.27
2016-01-08,5.42,5.56,5.0,5.35
2016-01-11,5.28,5.28,4.82,4.83
2016-01-12,4.85,4.95,4.78,4.88
2016-01-13,4.91,4.96,4.59,4.61
2016-01-14,4.47,4.84,4.39,4.8
2016-01-15,4.77,4.85,4.48,4.52
2016-01-18,4.46,4.68,4.4,4.58
2016-01-19,4.59,4.79,4.58,4.79
2016-01-20,4.81,4.85,4.68,4.75
2016-01-21,4.67,4.8,4.5,4.53
2016-01-22,4.6,4.64,4.47,4.61
2016-01-25,4.65,4.69,4.57,4.62
2016-01-26,4.54,4.59,4.16,4.17
2016-01-27,4.24,4.25,3.8,4.16
2016-01-28,4.09,4.16,3.83,3.9
2016-01-29,3.94,4.07,3.84,4.02
2016-02-01,4.02,4.05,3.84,3.91
2016-02-02,3.93,4.05,3.91,4.04
2016-02-03,4.0,4.11,3.94,4.09
2016-02-04,4.1,4.2,4.09,4.19
2016-02-05,4.2,4.23,4.13,4.13
2016-02-15,3.99,4.12,3.95,4.07
2016-02-16,4.11,4.29,4.08,4.29
2016-02-17,4.25,4.37,4.23,4.35
2016-02-18,4.37,4.63,4.35,4.42
2016-02-19,4.39,4.47,4.34,4.41
2016-02-22,4.45,4.51,4.43,4.49
2016-02-23,4.52,4.54,4.34,4.42
2016-02-24,4.4,4.46,4.33,4.45
2016-02-25,4.44,4.47,4.01,4.02
2016-02-26,4.06,4.12,3.97,4.07
2016-02-29,4.04,4.07,3.79,3.89
2016-03-01,3.91,4.01,3.83,4.01
2016-03-02,3.99,4.23,3.96,4.2
2016-03-03,4.17,4.27,4.17,4.22
2016-03-04,4.2,4.23,4.01,4.07
2016-03-07,4.08,4.19,4.08,4.15
2016-03-08,4.14,4.17,3.96,4.16
2016-03-09,4.06,4.12,4.04,4.07
2016-03-10,4.07,4.1,4.0,4.02
2016-03-11,4.0,4.03,3.95,4.0
2016-03-14,4.03,4.16,4.03,4.16
2016-03-15,4.12,4.13,4.03,4.07
2016-03-16,4.08,4.11,4.01,4.06
2016-03-17,4.07,4.18,4.04,4.15
2016-03-18,4.16,4.57,4.12,4.57
2016-03-21,4.7,4.84,4.58,4.72
2016-03-22,4.6,4.7,4.52,4.63
2016-03-23,4.58,5.09,4.56,5.07
2016-03-24,4.91,5.2,4.75,4.76
2016-03-25,5.1,5.23,4.7,4.85
2016-03-28,4.91,4.95,4.64,4.7
2016-03-29,4.68,4.71,4.47,4.57
2016-03-30,4.62,4.74,4.59,4.74
2016-03-31,4.76,4.81,4.69,4.72
2016-04-01,4.71,4.76,4.6,4.69
2016-04-05,4.69,4.83,4.65,4.83
2016-04-06,4.83,4.97,4.76,4.88
2016-04-07,4.89,4.93,4.72,4.72
2016-04-08,4.69,4.82,4.63,4.77
2016-04-11,4.85,4.9,4.8,4.86
2016-04-12,4.82,4.85,4.74,4.79
2016-04-13,4.81,4.92,4.8,4.84
2016-04-14,4.87,4.89,4.82,4.88
2016-04-15,4.86,4.96,4.82,4.93
2016-04-18,4.91,4.91,4.74,4.81
2016-04-19,4.82,4.85,4.72,4.81
2016-04-20,4.82,4.85,4.41,4.55
2016-04-21,4.52,4.6,4.47,4.49
2016-04-22,4.47,4.53,4.43,4.52
2016-04-25,4.5,4.51,4.41,4.47
2016-04-26,4.47,4.58,4.45,4.58
2016-04-27,4.56,4.63,4.51,4.53
2016-04-28,4.53,4.56,4.4,4.48
2016-04-29,4.45,4.52,4.42,4.46
2016-05-03,4.49,4.61,4.44,4.6
2016-05-04,4.58,4.68,4.56,4.63
2016-05-05,4.63,5.09,4.62,5.09
2016-05-06,5.19,5.42,4.93,4.98
2016-05-09,4.86,5.01,4.74,4.94
2016-05-10,4.89,5.25,4.76,4.97
2016-05-11,5.02,5.1,4.88,4.96
2016-05-12,4.8,4.97,4.6,4.96
2016-05-13,4.92,5.06,4.88,5.03
2016-05-16,5.03,5.53,5.03,5.53
2016-05-17,5.52,5.78,5.45,5.61
2016-05-18,5.51,5.59,5.31,5.48
2016-05-19,5.44,5.57,5.41,5.5
2016-05-20,5.41,5.54,5.3,5.49
2016-05-23,5.95,6.04,5.95,6.04
2016-05-24,6.33,6.34,5.69,5.73
2016-05-25,5.76,5.93,5.7,5.73
2016-05-26,5.62,5.91,5.43,5.81
2016-05-27,5.78,6.08,5.66,5.97
2016-05-30,5.88,5.98,5.72,5.81
2016-05-31,5.78,6.15,5.78,6.03
2016-06-01,6.0,6.3,5.97,6.06
2016-06-02,5.9,6.0,5.71,5.89
2016-06-03,5.88,5.88,5.67,5.68
2016-06-06,5.7,5.74,5.56,5.59
2016-06-07,5.6,5.78,5.49,5.77
2016-06-08,5.75,5.75,5.52,5.61
2016-06-13,5.49,5.57,5.26,5.27
2016-06-14,5.25,5.39,5.22,5.28
2016-06-15,5.23,5.55,5.2,5.49
2016-06-16,5.5,5.65,5.46,5.49
2016-06-17,5.48,5.58,5.33,5.4
2016-06-20,5.41,5.63,5.33,5.6
2016-06-21,5.64,5.65,5.4,5.45
2016-06-22,5.42,5.48,5.36,5.45
2016-06-23,5.44,5.46,5.33,5.34
2016-06-24,5.36,5.38,4.9,5.15
2016-06-27,5.06,5.29,5.03,5.26
2016-06-28,5.21,5.37,5.21,5.28
2016-06-29,5.3,5.34,5.21,5.22
2016-06-30,5.2,5.35,5.16,5.28
2016-07-01,5.3,5.38,5.24,5.26
2016-07-04,5.21,5.42,5.2,5.37
2016-07-05,5.38,5.52,5.36,5.49
2016-07-06,5.48,5.85,5.39,5.72
2016-07-07,5.7,5.9,5.65,5.79
2016-07-08,5.75,5.99,5.7,5.77
2016-07-11,5.78,5.89,5.7,5.74
2016-07-12,5.75,5.77,5.4,5.65
2016-07-13,5.61,5.74,5.58,5.63
2016-07-14,5.63,5.96,5.55,5.9
2016-07-15,5.85,5.99,5.78,5.81
2016-07-18,5.81,5.87,5.65,5.83
2016-07-19,5.87,5.98,5.76,5.85
2016-07-20,5.79,5.89,5.76,5.8
2016-07-21,5.81,5.84,5.68,5.71
2016-07-22,5.7,5.73,5.58,5.61
2016-07-25,5.61,5.72,5.58,5.65
2016-07-26,5.65,5.78,5.61,5.76
2016-07-27,5.8,5.81,5.35,5.38
2016-07-28,5.38,5.44,5.3,5.38
2016-07-29,5.39,5.43,5.26,5.32
2016-08-01,5.34,5.48,5.22,5.36
2016-08-02,5.33,5.48,5.32,5.45
2016-08-03,5.44,5.5,5.41,5.45
2016-08-04,5.45,5.49,5.4,5.46
2016-08-05,5.47,5.47,5.39,5.4
2016-08-08,5.36,5.43,5.21,5.42
2016-08-09,5.41,5.5,5.39,5.43
2016-08-10,5.38,5.38,5.38,5.38
2016-08-11,5.38,5.41,5.24,5.24
2016-08-12,5.24,5.31,5.21,5.31
2016-08-15,5.32,5.41,5.23,5.39
2016-08-16,5.38,5.43,5.29,5.4
2016-08-17,5.39,5.4,5.31,5.34
2016-08-18,5.37,5.38,5.32,5.36
2016-08-19,5.36,5.42,5.32,5.34
2016-08-22,5.34,5.58,5.34,5.46
2016-08-23,5.46,5.53,5.41,5.44
2016-08-24,5.44,5.47,5.4,5.45
2016-08-25,5.45,5.47,5.3,5.38
2016-08-26,5.39,5.46,5.35,5.35
2016-08-29,5.36,5.39,5.33,5.36
2016-08-30,5.36,5.42,5.35,5.38
2016-08-31,5.38,5.38,5.28,5.32
2016-09-01,5.32,5.36,5.29,5.3
2016-09-02,5.29,5.33,5.19,5.27
2016-09-05,5.28,5.38,5.26,5.33
2016-09-06,5.34,5.55,5.29,5.54
2016-09-07,5.59,5.65,5.47,5.48
2016-09-08,5.45,5.52,5.42,5.48
2016-09-09,5.47,5.53,5.42,5.43
2016-09-12,5.34,5.38,5.2,5.24
2016-09-13,5.28,5.3,5.2,5.24
2016-09-14,5.19,5.22,5.16,5.19
2016-09-19,5.19,5.26,5.19,5.26
2016-09-20,5.25,5.27,5.21,5.22
2016-09-21,5.22,5.29,5.2,5.26
2016-09-22,5.29,5.42,5.27,5.36
2016-09-23,5.42,5.42,5.3,5.31
2016-09-26,5.31,5.31,5.18,5.18
2016-09-27,5.19,5.24,5.16,5.23
2016-09-28,5.25,5.28,5.2,5.22
2016-09-29,5.23,5.27,5.2,5.21
2016-09-30,5.21,5.24,5.2,5.23
2016-10-10,5.24,5.32,5.22,5.32
2016-10-11,5.3,5.37,5.28,5.33
2016-10-12,5.31,5.32,5.26,5.3
2016-10-13,5.3,5.31,5.24,5.24
2016-10-14,5.24,5.27,5.16,5.19
2016-10-17,5.19,5.23,5.1,5.12
2016-10-18,5.11,5.21,5.1,5.2
2016-10-19,5.2,5.24,5.18,5.21
2016-10-20,5.24,5.35,5.22,5.29
2016-10-21,5.26,5.29,5.19,5.25
2016-10-24,5.23,5.28,5.2,5.27
2016-10-25,5.28,5.3,5.24,5.26
2016-10-26,5.27,5.27,5.2,5.22
2016-10-27,5.22,5.25,5.2,5.25
2016-10-28,5.24,5.26,5.19,5.19
2016-10-31,5.19,5.2,5.15,5.18
2016-11-01,5.19,5.21,5.17,5.21
2016-11-02,5.19,5.19,5.13,5.13
2016-11-03,5.13,5.19,5.11,5.16
2016-11-04,5.16,5.18,5.13,5.15
2016-11-07,5.16,5.19,5.15,5.17
2016-11-08,5.18,5.28,5.15,5.23
2016-11-09,5.22,5.22,5.12,5.17
2016-11-10,5.19,5.25,5.19,5.19
2016-11-11,5.2,5.24,5.18,5.23
2016-11-14,5.23,5.3,5.22,5.29
2016-11-15,5.29,5.29,5.24,5.28
2016-11-16,5.28,5.35,5.26,5.27
2016-11-17,5.28,5.29,5.23,5.26
2016-11-18,5.26,5.27,5.21,5.22
2016-11-21,5.21,5.25,5.19,5.24
2016-11-22,5.23,5.26,5.21,5.26
2016-11-23,5.25,5.29,5.23,5.25
2016-11-24,5.24,5.26,5.19,5.21
2016-11-25,5.2,5.22,5.13,5.22
2016-11-28,5.26,5.29,5.24,5.27
2016-11-29,5.25,5.26,5.19,5.2
2016-11-30,5.18,5.22,5.16,5.18
2016-12-01,5.18,5.2,5.16,5.2
2016-12-02,5.2,5.2,5.07,5.08
2016-12-05,5.06,5.13,5.05,5.06
2016-12-06,5.06,5.09,5.06,5.07
2016-12-07,5.08,5.11,5.06,5.1
2016-12-08,5.1,5.12,5.07,5.08
2016-12-09,5.07,5.09,5.06,5.07
2016-12-12,5.07,5.08,4.78,4.78
2016-12-13,4.77,4.77,4.67,4.74
2016-12-14,4.76,4.76,4.66,4.69
2016-12-15,4.66,4.99,4.62,4.81
2016-12-16,4.84,4.84,4.77,4.8
2016-12-19,4.79,4.8,4.75,4.77
2016-12-20,4.78,4.84,4.76,4.81
2016-12-21,4.85,4.98,4.85,4.9
2016-12-22,4.9,4.9,4.84,4.86
2016-12-23,4.86,4.92,4.82,4.83
2016-12-26,4.81,4.84,4.73,4.83
2016-12-27,4.82,4.84,4.79,4.82
2016-12-28,4.81,4.82,4.75,4.76
2016-12-29,4.76,4.81,4.74,4.77
2016-12-30,4.78,4.8,4.76,4.78
2017-01-03,4.78,4.86,4.77,4.84
2017-01-04,4.85,4.88,4.84,4.88
2017-01-05,4.87,4.9,4.85,4.89
2017-01-06,4.87,4.91,4.85,4.86
2017-01-09,4.86,4.89,4.83,4.87
2017-01-10,4.87,4.92,4.85,4.89
2017-01-11,4.88,4.89,4.81,4.82
2017-01-12,4.83,4.86,4.81,4.81
2017-01-13,4.8,4.92,4.77,4.91
2017-01-16,4.85,4.88,4.49,4.64
2017-01-17,4.58,4.67,4.56,4.64
2017-01-18,4.62,4.64,4.59,4.6
2017-01-19,4.6,4.6,4.55,4.57
2017-01-20,4.56,4.67,4.54,4.66
2017-01-23,4.64,4.76,4.62,4.73
2017-01-24,4.78,4.84,4.72,4.73
2017-01-25,4.7,4.77,4.7,4.74
2017-01-26,4.75,4.78,4.74,4.77
2017-02-03,4.78,4.8,4.74,4.76
2017-02-06,4.75,4.8,4.75,4.79
2017-02-07,4.82,4.95,4.8,4.84
2017-02-08,4.82,4.88,4.82,4.86
2017-02-09,4.86,4.87,4.83,4.86
2017-02-10,4.86,4.87,4.83,4.85
2017-02-13,4.85,4.88,4.84,4.86
2017-02-14,4.85,4.87,4.83,4.85
2017-02-15,4.84,4.87,4.82,4.84
2017-02-16,4.82,4.89,4.81,4.87
2017-02-17,4.86,4.88,4.81,4.81
2017-02-20,4.82,4.9,4.82,4.9
2017-02-21,4.9,4.93,4.88,4.9
2017-02-22,4.89,4.95,4.89,4.93
2017-02-23,4.93,4.93,4.87,4.91
2017-02-24,4.91,4.91,4.86,4.9
2017-02-27,4.89,4.93,4.87,4.88
2017-02-28,4.9,4.92,4.88,4.92
2017-03-01,4.91,4.93,4.88,4.89
2017-03-02,4.89,4.91,4.85,4.86
2017-03-03,4.86,4.86,4.81,4.83
2017-03-06,4.84,4.92,4.83,4.91
2017-03-07,4.92,4.99,4.9,4.97
2017-03-08,4.97,5.02,4.91,4.93
2017-03-09,4.91,4.94,4.86,4.88
2017-03-10,4.86,4.89,4.78,4.83
2017-03-13,4.81,4.88,4.78,4.87
2017-03-14,4.86,4.9,4.83,4.85
2017-03-15,4.84,4.86,4.81,4.83
2017-03-16,4.84,4.88,4.83,4.87
2017-03-17,4.86,4.89,4.84,4.85
2017-03-20,4.86,4.88,4.84,4.86
2017-03-21,4.86,4.87,4.84,4.86
2017-03-22,4.84,4.84,4.76,4.77
2017-03-23,4.77,4.8,4.72,4.76
2017-03-24,4.75,4.81,4.73,4.79
2017-03-27,4.8,4.86,4.8,4.85
2017-03-28,4.85,4.87,4.81,4.83
2017-03-29,4.9,5.07,4.9,4.91
2017-03-30,4.86,4.91,4.75,4.91
2017-03-31,4.9,5.04,4.87,5.0
2017-04-05,4.99,5.29,4.94,5.25
2017-04-06,5.2,5.32,5.18,5.25
2017-04-07,5.22,5.25,5.17,5.24
2017-04-10,5.22,5.22,5.13,5.14
2017-04-11,5.13,5.23,5.11,5.23
2017-04-12,5.23,5.23,5.16,5.2
2017-04-13,5.19,5.2,5.12,5.14
2017-04-14,5.15,5.19,5.01,5.03
2017-04-17,5.02,5.11,5.0,5.04
2017-04-18,5.07,5.11,5.01,5.01
2017-04-19,4.98,5.0,4.82,4.89
2017-04-20,4.89,4.91,4.76,4.82
2017-04-21,4.82,4.86,4.76,4.8
2017-04-24,4.83,4.85,4.73,4.78
2017-04-25,4.74,4.83,4.72,4.72
2017-04-26,4.75,4.76,4.6,4.62
2017-04-27,4.63,4.67,4.57,4.67
2017-04-28,4.65,4.73,4.62,4.71
2017-05-02,4.73,4.74,4.65,4.66
2017-05-03,4.66,4.71,4.62,4.64
2017-05-04,4.63,4.71,4.6,4.66
2017-05-05,4.61,4.64,4.56,4.57
2017-05-08,4.59,4.6,4.53,4.54
2017-05-09,4.57,4.57,4.51,4.55
2017-05-10,4.55,4.57,4.37,4.41
2017-05-11,4.39,4.4,4.23,4.32
2017-05-12,4.31,4.42,4.28,4.38
2017-05-15,4.37,4.44,4.36,4.38
2017-05-16,4.38,4.47,4.32,4.46
2017-05-17,4.45,4.51,4.42,4.46
2017-05-18,4.42,4.49,4.39,4.43
2017-05-19,4.44,4.5,4.43,4.49
2017-05-22,4.45,4.46,4.3,4.35
2017-05-23,4.32,4.38,4.26,4.27
2017-05-24,4.24,4.31,4.21,4.29
2017-05-25,4.3,4.35,4.26,4.35
2017-05-26,4.34,4.36,4.3,4.31
2017-05-31,4.35,4.36,4.3,4.3
2017-06-01,4.3,4.32,4.22,4.23
2017-06-02,4.2,4.34,4.15,4.29
2017-06-05,4.29,4.32,4.26,4.29
2017-06-06,4.27,4.35,4.27,4.33
2017-06-07,4.31,4.43,4.31,4.42
2017-06-08,4.42,4.42,4.37,4.39
2017-06-09,4.38,4.42,4.35,4.41
2017-06-12,4.37,4.5,4.37,4.44
2017-06-13,4.43,4.51,4.42,4.5
2017-06-14,4.48,4.51,4.43,4.45
2017-06-15,4.45,4.53,4.43,4.51
2017-06-16,4.51,4.51,4.45,4.45
2017-06-19,4.46,4.51,4.45,4.5
2017-06-20,4.5,4.58,4.5,4.53
2017-06-21,4.56,4.6,4.49,4.59
2017-06-22,4.58,4.68,4.56,4.56
2017-06-23,4.59,4.59,4.46,4.56
2017-06-26,4.56,4.61,4.53,4.61
2017-06-27,4.59,4.66,4.58,4.59
2017-06-28,4.58,4.58,4.53,4.53
2017-06-29,4.53,4.57,4.52,4.53
2017-06-30,4.53,4.55,4.5,4.55
2017-07-03,4.55,4.59,4.52,4.58
2017-07-04,4.58,4.58,4.5,4.55
2017-07-05,4.53,4.58,4.52,4.58
2017-07-06,4.57,4.6,4.54,4.57
2017-07-07,4.56,4.58,4.53,4.57
2017-07-10,4.55,4.64,4.54,4.61
2017-07-11,4.6,4.61,4.54,4.54
2017-07-12,4.54,4.55,4.41,4.47
2017-07-13,4.46,4.5,4.44,4.48
2017-07-14,4.48,4.5,4.44,4.49
2017-07-17,4.49,4.49,4.28,4.29
2017-07-18,4.28,4.33,4.23,4.32
2017-07-19,4.3,4.37,4.28,4.36
2017-07-20,4.36,4.38,4.33,4.37
2017-07-21,4.37,4.39,4.35,4.36
2017-07-24,4.36,4.42,4.33,4.4
2017-07-25,4.39,4.43,4.37,4.4
2017-07-26,4.4,4.41,4.34,4.36
2017-07-27,4.36,4.57,4.35,4.49
2017-07-28,4.48,4.49,4.42,4.44
2017-07-31,4.44,4.49,4.43,4.47
2017-08-01,4.47,4.55,4.47,4.52
2017-08-02,4.52,4.52,4.44,4.46
2017-08-03,4.46,4.54,4.42,4.5
2017-08-04,4.5,4.52,4.46,4.46
2017-08-07,4.47,4.51,4.43,4.5
2017-08-08,4.5,4.51,4.46,4.49
2017-08-09,4.48,4.49,4.45,4.48
2017-08-10,4.47,4.49,4.4,4.41
2017-08-11,4.39,4.43,4.36,4.37
2017-08-14,4.36,4.44,4.36,4.44
2017-08-15,4.45,4.46,4.4,4.43
2017-08-16,4.43,4.51,4.41,4.49
2017-08-17,4.49,4.53,4.46,4.51
2017-08-18,4.5,4.55,4.49,4.53
2017-08-21,4.52,4.58,4.51,4.57
2017-08-22,4.62,4.62,4.52,4.59
2017-08-23,4.58,4.59,4.52,4.52
2017-08-24,4.51,4.54,4.5,4.52
2017-08-25,4.52,4.57,4.52,4.57
2017-08-28,4.57,4.64,4.55,4.61
2017-08-29,4.61,4.68,4.58,4.59
2017-08-30,4.58,4.63,4.58,4.58
2017-08-31,4.59,4.62,4.56,4.62
2017-09-01,4.61,4.65,4.58,4.63
2017-09-04,4.62,4.66,4.61,4.66
2017-09-05,4.66,4.73,4.65,4.72
2017-09-06,4.7,4.74,4.68,4.73
2017-09-07,4.72,4.75,4.7,4.72
2017-09-08,4.7,4.77,4.7,4.76
2017-09-11,4.76,4.8,4.72,4.79
2017-09-12,4.79,4.8,4.73,4.76
2017-09-13,4.75,4.76,4.72,4.75
2017-09-14,4.75,4.75,4.67,4.72
2017-09-15,4.72,4.74,4.68,4.73
2017-09-18,4.71,4.77,4.71,4.72
2017-09-19,4.73,4.82,4.72,4.81
2017-09-20,4.8,4.94,4.78,4.88
2017-09-21,4.86,4.93,4.8,4.81
2017-09-22,4.79,4.8,4.72,4.75
2017-09-25,4.74,4.77,4.59,4.63
2017-09-26,4.6,4.73,4.6,4.72
2017-09-27,4.7,4.93,4.68,4.9
2017-09-28,4.91,4.92,4.84,4.9
2017-09-29,4.9,4.95,4.87,4.94
2017-10-09,4.98,5.14,4.96,5.03
2017-10-10,5.03,5.34,5.02,5.22
2017-10-11,5.22,5.32,5.1,5.21
2017-10-12,5.2,5.32,5.14,5.25
2017-10-13,5.23,5.31,5.15,5.19
2017-10-16,5.2,5.29,5.06,5.12
2017-10-17,5.12,5.15,4.98,5.1
2017-10-18,5.12,5.14,5.01,5.02
2017-10-19,5.01,5.01,4.88,4.95
2017-10-20,4.98,5.0,4.92,4.93
2017-10-23,4.96,5.08,4.93,5.01
2017-10-24,4.99,5.04,4.95,4.98
2017-10-25,4.99,5.24,4.97,5.19
2017-10-26,5.19,5.25,5.14,5.24
2017-10-27,5.36,5.59,5.3,5.32
2017-10-30,5.33,5.53,5.27,5.43
2017-10-31,5.39,5.58,5.35,5.53
2017-11-01,5.51,5.6,5.4,5.41
2017-11-02,5.39,5.42,5.26,5.34
2017-11-03,5.32,5.49,5.3,5.4
2017-11-06,5.42,5.64,5.37,5.64
2017-11-07,5.65,5.72,5.54,5.63
2017-11-08,5.6,5.67,5.52,5.54
2017-11-09,5.53,5.78,5.48,5.75
2017-11-10,5.72,5.89,5.66,5.83
2017-11-13,5.8,6.08,5.75,5.93
2017-11-14,5.89,5.96,5.73,5.79
2017-11-15,5.76,5.89,5.67,5.79
2017-11-16,5.71,5.86,5.71,5.82
2017-11-17,5.82,5.85,5.46,5.49
2017-11-20,5.41,5.68,5.39,5.67
2017-11-21,5.68,5.94,5.68,5.9
2017-11-22,5.88,5.95,5.7,5.79
2017-11-23,5.83,5.83,5.43,5.46
2017-11-24,5.48,5.63,5.43,5.48
2017-11-27,5.43,5.45,5.15,5.2
2017-11-28,5.25,5.36,5.21,5.35
2017-11-29,5.36,5.36,5.23,5.28
2017-11-30,5.29,5.46,5.25,5.3
2017-12-01,5.31,5.49,5.29,5.42
2017-12-04,5.45,5.68,5.42,5.53
2017-12-05,5.51,5.57,5.3,5.36
2017-12-06,5.25,5.58,5.24,5.57
2017-12-07,5.56,5.56,5.41,5.41
2017-12-08,5.35,5.65,5.35,5.55
2017-12-11,5.58,5.77,5.52,5.73
2017-12-12,5.73,5.78,5.66,5.67
2017-12-13,5.67,5.81,5.63,5.79
2017-12-14,5.76,5.81,5.67,5.7
2017-12-15,5.65,5.68,5.48,5.54
2017-12-18,5.53,5.57,5.43,5.56
2017-12-19,5.56,5.62,5.47,5.54
2017-12-20,5.51,5.73,5.42,5.7
2017-12-21,5.69,5.85,5.63,5.8
2017-12-22,5.79,5.86,5.74,5.78
2017-12-25,5.81,5.84,5.7,5.79
2017-12-26,5.75,5.76,5.46,5.55
2017-12-27,5.58,5.58,5.26,5.32
2017-12-28,5.27,5.38,5.23,5.28
2017-12-29,5.28,5.38,5.27,5.33
2018-01-02,5.3,5.36,5.29,5.32
2018-01-03,5.32,5.34,5.21,5.33
2018-01-04,5.31,5.41,5.27,5.35
2018-01-05,5.36,5.41,5.28,5.28
2018-01-08,5.3,5.3,5.07,5.14
2018-01-09,5.12,5.2,5.1,5.15
2018-01-10,5.13,5.19,5.06,5.17
2018-01-11,5.15,5.18,5.08,5.14
2018-01-12,5.15,5.17,5.08,5.08
2018-01-15,5.06,5.07,4.89,4.9
2018-01-16,4.87,4.95,4.7,4.75
2018-01-17,4.74,4.82,4.58,4.75
2018-01-18,4.75,4.82,4.72,4.75
2018-01-19,4.75,4.8,4.65,4.73
2018-01-22,4.71,4.87,4.68,4.86
2018-01-23,4.82,4.88,4.79,4.83
2018-01-24,4.85,4.85,4.75,4.83
2018-01-25,4.82,4.88,4.78,4.8
2018-01-26,4.76,4.82,4.75,4.77
2018-01-29,4.77,4.79,4.62,4.65
2018-01-30,4.64,4.67,4.63,4.66
2018-01-31,4.66,4.66,4.39,4.41
2018-02-01,4.41,4.46,4.21,4.27
2018-02-02,4.23,4.34,4.18,4.31
2018-02-05,4.23,4.31,4.21,4.26
2018-02-06,4.19,4.24,4.07,4.08
2018-02-07,4.16,4.19,3.92,4.11
2018-02-08,4.1,4.22,4.06,4.18
2018-02-09,4.06,4.3,4.04,4.2
2018-02-12,4.21,4.48,4.2,4.46
2018-02-13,4.45,4.46,4.29,4.37
2018-02-14,4.34,4.39,4.26,4.28
2018-02-22,4.32,4.42,4.3,4.38
2018-02-23,4.36,4.43,4.32,4.38
2018-02-26,4.39,4.61,4.37,4.58
2018-02-27,4.57,4.65,4.55,4.58
2018-02-28,4.55,4.69,4.5,4.61
2018-03-01,4.59,4.72,4.56,4.69
2018-03-02,4.65,4.79,4.65,4.67
2018-03-05,4.65,4.71,4.59,4.66
2018-03-06,4.67,4.77,4.67,4.75
2018-03-07,4.78,4.78,4.66,4.68
2018-03-08,4.66,4.69,4.63,4.67
2018-03-09,4.7,4.91,4.7,4.85
2018-03-12,4.85,5.02,4.85,4.86
2018-03-13,4.87,4.91,4.82,4.87
2018-03-14,4.82,4.88,4.68,4.71
2018-03-15,4.7,4.72,4.58,4.65
2018-03-16,4.65,4.71,4.6,4.62
2018-03-19,4.62,4.71,4.55,4.6
2018-03-20,4.56,4.66,4.56,4.66
2018-03-21,4.69,4.71,4.59,4.61
2018-03-22,4.57,4.6,4.32,4.34
2018-03-23,4.17,4.24,4.05,4.08
2018-03-26,4.05,4.17,3.98,4.16
2018-03-27,4.24,4.31,4.2,4.26
2018-03-28,4.2,4.27,4.18,4.22
2018-03-29,4.24,4.29,4.23,4.27
2018-03-30,4.29,4.38,4.28,4.36
2018-04-02,4.38,4.47,4.33,4.42
2018-04-03,4.35,4.36,4.28,4.33
2018-04-04,4.33,4.36,4.23,4.23
2018-04-09,4.22,4.25,4.11,4.15
2018-04-10,4.17,4.19,4.07,4.16
2018-04-11,4.17,4.23,4.15,4.19
2018-04-12,4.19,4.24,4.14,4.21
2018-04-13,4.22,4.24,4.18,4.2
2018-04-16,4.18,4.23,4.1,4.13
2018-04-17,4.16,4.19,4.13,4.16
2018-04-18,4.22,4.58,4.16,4.4
2018-04-19,4.4,4.4,4.26,4.3
2018-04-20,4.26,4.36,4.23,4.32
2018-04-23,4.29,4.35,4.22,4.28
2018-04-24,4.31,4.46,4.26,4.43
2018-04-25,4.38,4.48,4.38,4.46
2018-04-26,4.47,4.55,4.41,4.43
2018-04-27,4.43,4.49,4.35,4.37
2018-05-02,4.4,4.41,4.24,4.39
2018-05-03,4.35,4.47,4.27,4.45
2018-05-04,4.43,4.45,4.36,4.36
2018-05-07,4.36,4.44,4.35,4.44
2018-05-08,4.45,4.55,4.42,4.55
2018-05-09,4.52,4.57,4.48,4.5
2018-05-10,4.46,4.47,4.36,4.4
2018-05-11,4.42,4.44,4.36,4.37
2018-05-14,4.39,4.44,4.37,4.4
2018-05-15,4.42,4.48,4.33,4.47
2018-05-16,4.5,4.53,4.45,4.48
2018-05-17,4.5,4.52,4.43,4.47
2018-05-18,4.47,4.47,4.39,4.45
2018-05-21,4.47,4.56,4.46,4.52
2018-05-22,4.52,4.55,4.45,4.48
2018-05-23,4.47,4.5,4.4,4.45
2018-05-24,4.43,4.45,4.35,4.37
2018-05-25,4.36,4.38,4.3,4.33
2018-05-28,4.33,4.36,4.28,4.29
2018-05-29,4.28,4.32,4.24,4.26
2018-05-30,4.2,4.24,4.07,4.08
2018-05-31,4.1,4.18,4.1,4.13
2018-06-01,4.12,4.16,4.06,4.09
2018-06-04,4.12,4.16,4.08,4.13
2018-06-05,4.12,4.2,4.11,4.2
2018-06-06,4.19,4.2,4.15,4.18
2018-06-07,4.19,4.21,4.13,4.16
2018-06-08,4.14,4.19,4.09,4.13
2018-06-11,4.1,4.22,4.08,4.21
2018-06-12,4.18,4.22,4.15,4.2
2018-06-13,4.17,4.23,4.14,4.15
2018-06-14,4.13,4.16,4.07,4.16
2018-06-15,4.14,4.17,4.09,4.11
2018-06-19,4.08,4.08,3.71,3.75
2018-06-20,3.72,3.88,3.72,3.84
2018-06-21,3.83,3.88,3.67,3.69
2018-06-22,3.68,3.77,3.64,3.74
2018-06-25,3.79,3.8,3.68,3.7
2018-06-26,3.66,3.7,3.36,3.65
2018-06-27,3.67,3.69,3.6,3.63
2018-06-28,3.63,3.67,3.6,3.6
2018-06-29,3.61,3.75,3.61,3.74
2018-07-02,3.74,3.86,3.7,3.73
2018-07-03,3.73,3.83,3.73,3.82
2018-07-04,3.84,3.85,3.77,3.8
2018-07-05,3.8,3.87,3.77,3.77
2018-07-06,3.78,3.87,3.71,3.82
2018-07-09,3.82,3.91,3.81,3.9
2018-07-10,4.1,4.22,4.07,4.17
2018-07-11,4.09,4.14,3.99,4.06
2018-07-12,4.05,4.18,4.0,4.16
2018-07-13,4.18,4.21,4.1,4.19
2018-07-16,4.22,4.4,4.2,4.34
2018-07-17,4.29,4.5,4.29,4.4
2018-07-18,4.51,4.76,4.41,4.41
2018-07-19,4.48,4.58,4.42,4.51
2018-07-20,4.48,4.54,4.35,4.46
2018-07-23,4.46,4.57,4.46,4.51
2018-07-24,4.48,4.52,4.43,4.46
2018-07-25,4.45,4.6,4.44,4.59
2018-07-26,4.61,4.67,4.48,4.5
2018-07-27,4.49,4.72,4.46,4.67
2018-07-30,4.67,4.72,4.56,4.58
2018-07-31,4.53,4.58,4.39,4.5
2018-08-01,4.5,4.7,4.5,4.59
2018-08-02,4.59,4.63,4.26,4.56
2018-08-03,4.51,4.55,4.33,4.36
2018-08-06,4.31,4.52,4.28,4.36
2018-08-07,4.37,4.47,4.36,4.47
2018-08-08,4.5,4.56,4.45,4.47
2018-08-09,4.45,4.78,4.43,4.76
2018-08-10,4.78,4.86,4.71,4.81
2018-08-13,4.87,5.05,4.82,4.96
2018-08-14,5.0,5.02,4.88,4.9
2018-08-15,4.95,5.01,4.83,4.88
2018-08-16,4.84,5.03,4.81,4.88
2018-08-17,4.9,5.15,4.9,4.95
2018-08-20,4.87,5.24,4.86,5.23
2018-08-21,5.22,5.32,5.15,5.22
2018-08-22,5.24,5.24,4.98,5.08
2018-08-23,5.08,5.37,5.03,5.33
2018-08-24,5.61,5.86,5.6,5.86
2018-08-27,6.14,6.45,5.93,6.45
2018-08-28,6.62,6.62,6.32,6.39
2018-08-29,6.46,6.47,6.27,6.34
2018-08-30,6.4,6.59,6.35,6.47
2018-08-31,6.37,6.58,6.1,6.32
2018-09-03,6.42,6.95,6.15,6.95
2018-09-04,6.9,7.14,6.57,6.67
2018-09-05,6.58,6.74,6.55,6.58
2018-09-06,6.52,6.69,6.38,6.54
2018-09-07,6.58,6.74,6.25,6.33
2018-09-10,6.29,6.47,6.17,6.25
2018-09-11,6.33,6.65,6.26,6.43
2018-09-12,6.45,6.61,6.32,6.44
2018-09-13,6.54,6.64,6.2,6.55
2018-09-14,6.53,6.59,6.18,6.19
2018-09-17,6.15,6.28,6.1,6.11
2018-09-18,6.08,6.55,6.08,6.49
2018-09-19,6.46,7.13,6.4,6.81
2018-09-20,6.81,6.87,6.69,6.75
2018-09-21,6.78,6.85,6.62,6.81
2018-09-25,6.69,6.95,6.65,6.85
2018-09-26,6.93,7.1,6.72,6.82
2018-09-27,6.85,6.85,6.59,6.61
2018-09-28,6.61,6.67,6.19,6.45
2018-10-08,6.2,6.4,6.12,6.19
2018-10-09,6.25,6.31,5.91,6.08
2018-10-10,6.07,6.19,5.85,6.06
2018-10-11,5.8,6.05,5.59,5.7
2018-10-12,5.75,6.22,5.66,6.13
2018-10-15,6.13,6.45,6.09,6.23
2018-10-16,6.22,6.39,6.01,6.14
2018-10-17,6.25,6.64,6.2,6.49
2018-10-18,6.41,6.63,6.23,6.34
2018-10-19,6.09,6.79,5.84,6.73
2018-10-22,7.15,7.4,7.1,7.4
2018-10-23,7.95,8.0,7.32,7.4
2018-10-24,7.33,7.6,7.14,7.28
2018-10-25,7.11,7.8,6.95,7.68
2018-10-26,7.61,7.78,7.33,7.48
2018-10-29,7.48,7.58,7.22,7.48
2018-10-30,7.45,7.54,6.97,7.24
2018-10-31,7.15,7.38,7.02,7.31
2018-11-01,7.3,7.74,7.3,7.36
2018-11-02,7.57,7.74,7.44,7.67
2018-11-05,7.66,7.98,7.24,7.72
2018-11-06,7.6,8.4,7.54,8.1
2018-11-07,8.0,8.27,7.91,7.98
2018-11-08,8.05,8.09,7.67,7.74
2018-11-09,7.66,8.05,7.63,7.88
2018-11-12,7.9,8.05,7.72,7.99
2018-11-13,7.85,8.23,7.82,7.86
2018-11-14,7.7,7.83,7.63,7.7
2018-11-15,7.7,7.93,7.53,7.85
2018-11-16,7.77,8.15,7.71,8.1
2018-11-19,8.02,8.1,7.72,7.84
2018-11-20,7.66,7.77,7.29,7.33
2018-11-21,7.22,7.52,7.16,7.44
2018-11-22,7.43,7.47,7.12,7.12
2018-11-23,7.12,7.24,7.01,7.2
2018-11-26,7.18,7.33,7.07,7.26
2018-11-27,7.3,7.72,7.21,7.68
2018-11-28,7.68,7.68,7.38,7.55
2018-11-29,7.58,7.76,7.13,7.19
2018-11-30,7.12,7.37,7.1,7.33
2018-12-03,7.76,7.92,7.56,7.86
2018-12-04,7.8,7.91,7.66,7.77
2018-12-05,7.61,7.9,7.57,7.66
2018-12-06,7.3,7.3,6.89,6.89
2018-12-07,6.95,7.15,6.95,7.05
2018-12-10,6.95,7.29,6.91,7.15
2018-12-11,7.29,7.44,7.15,7.28
2018-12-12,7.43,7.45,7.25,7.26
2018-12-13,7.31,7.45,7.26,7.33
2018-12-14,7.29,7.3,6.9,7.0
2018-12-17,6.9,7.03,6.71,6.85
2018-12-18,6.78,6.89,6.49,6.63
2018-12-19,6.68,6.78,6.63,6.64
2018-12-20,6.63,6.73,6.54,6.71
2018-12-21,6.67,6.78,6.6,6.72
2018-12-24,6.69,7.25,6.66,7.2
2018-12-25,7.08,7.43,6.96,7.27
2018-12-26,7.23,7.34,7.1,7.24
2018-12-27,7.34,7.34,7.07,7.11
2018-12-28,7.11,7.25,6.96,7.17
2019-01-02,7.2,7.3,7.13,7.19
2019-01-03,7.11,7.23,6.8,6.8
2019-01-04,6.7,7.48,6.68,7.43
2019-01-07,7.41,7.98,7.41,7.77
2019-01-08,7.81,8.08,7.68,7.84
2019-01-09,7.84,8.03,7.68,7.77
2019-01-10,7.77,7.93,7.57,7.71
2019-01-11,7.77,8.03,7.67,7.75
2019-01-14,7.69,7.88,7.55,7.84
2019-01-15,7.76,7.89,7.59,7.83
2019-01-16,7.81,8.49,7.73,8.24
2019-01-17,8.16,8.37,8.03,8.1
2019-01-18,8.0,8.19,7.89,8.13
2019-01-21,8.1,8.39,8.05,8.3
2019-01-22,8.22,8.25,8.0,8.07
2019-01-23,7.96,8.11,7.88,7.96
2019-01-24,7.95,8.25,7.85,8.14
2019-01-25,8.12,8.32,8.02,8.04
2019-01-28,8.07,8.55,7.99,8.35
2019-01-29,8.31,8.48,8.11,8.26
2019-01-30,8.27,8.27,8.0,8.01
2019-01-31,8.01,8.31,8.0,8.12
2019-02-01,8.09,8.59,8.09,8.57
2019-02-11,8.64,9.08,8.58,9.05
2019-02-12,9.01,9.11,8.85,8.99
2019-02-13,9.0,9.29,8.92,9.02
2019-02-14,9.0,9.24,8.82,9.12
2019-02-15,9.06,9.22,8.89,8.93
2019-02-18,8.98,9.82,8.97,9.82
2019-02-19,10.05,10.35,9.9,10.1
2019-02-20,10.0,10.65,9.97,10.56
2019-02-21,10.55,11.18,10.11,10.26
2019-02-22,10.33,10.87,10.22,10.68
2019-02-25,11.06,11.75,10.72,11.75
2019-02-26,11.76,11.8,11.09,11.1
2019-02-27,11.04,11.44,10.58,10.8
2019-02-28,10.68,10.95,10.51,10.86
2019-03-01,10.95,11.03,10.53,10.9
2019-03-04,10.97,11.58,10.81,11.03
2019-03-05,10.88,11.37,10.75,11.35
2019-03-06,11.31,11.46,11.01,11.2
2019-03-07,11.04,11.05,10.52,10.74
2019-03-08,10.37,11.43,10.22,10.83
2019-03-11,10.93,11.89,10.77,11.89
2019-03-12,11.9,12.1,11.37,11.71
2019-03-13,11.5,11.58,10.97,11.08
2019-03-14,11.0,11.65,10.75,11.29
2019-03-15,11.4,11.48,11.0,11.1
2019-03-18,11.1,11.18,10.6,11.13
2019-03-19,11.09,11.45,10.95,11.19
2019-03-20,11.11,11.27,10.78,11.12
2019-03-21,11.16,11.37,11.02,11.05
2019-03-22,11.03,11.09,10.7,10.88
2019-03-25,10.59,10.97,10.51,10.88
2019-03-26,11.06,11.28,10.57,10.59
2019-03-27,10.75,11.58,10.62,11.38
2019-03-28,11.23,11.75,11.05,11.11
2019-03-29,11.2,11.55,10.85,11.53
2019-04-01,11.85,12.68,11.6,12.68
2019-04-02,12.71,12.98,12.3,12.38
2019-04-03,12.25,12.68,12.08,12.62
2019-04-04,12.58,12.87,12.38,12.53
2019-04-08,12.57,12.75,11.9,12.08
2019-04-09,12.05,12.55,11.91,12.23
2019-04-10,12.11,12.37,11.9,12.15
2019-04-11,12.05,12.15,11.6,11.66
2019-04-12,11.63,11.85,11.56,11.66
2019-04-15,11.96,12.27,11.69,11.75
2019-04-16,11.65,12.77,11.55,12.69
2019-04-17,12.73,12.83,12.38,12.43
2019-04-18,12.36,12.82,12.25,12.46
2019-04-19,12.47,12.6,12.13,12.52
2019-04-22,12.55,13.34,12.44,12.84
2019-04-23,12.7,12.79,12.29,12.37
2019-04-24,12.46,12.65,12.17,12.55
2019-04-25,12.49,12.5,11.81,11.9
2019-04-26,11.81,12.18,11.72,11.85
2019-04-29,11.83,12.06,11.55,11.69
2019-04-30,11.58,11.87,11.12,11.39
2019-05-06,10.7,10.91,10.25,10.25
2019-05-07,10.12,10.28,9.7,10.07
2019-05-08,9.67,10.25,9.56,9.92
2019-05-09,9.81,10.09,9.72,9.89
2019-05-10,10.11,10.86,9.9,10.67
2019-05-13,10.4,10.56,10.07,10.22
2019-05-14,10.1,10.45,10.1,10.3
2019-05-15,10.41,10.75,10.41,10.66
2019-05-16,10.6,10.6,10.13,10.29
2019-05-17,10.21,10.47,9.8,9.89
2019-05-20,9.88,9.95,8.9,8.97
2019-05-21,9.0,9.38,8.81,9.18
2019-05-22,9.28,9.59,9.2,9.31
2019-05-23,9.17,9.39,8.9,9.1
2019-05-24,9.12,9.35,9.05,9.14
2019-05-27,9.17,9.55,9.1,9.5
2019-05-28,9.45,9.55,9.31,9.35
2019-05-29,9.29,9.47,9.26,9.36
2019-05-30,9.27,9.28,8.95,9.1
2019-05-31,9.11,9.39,9.1,9.2
2019-06-03,9.26,10.12,9.26,9.95
2019-06-04,10.16,10.68,9.88,10.37
2019-06-05,10.68,10.75,10.21,10.5
2019-06-06,10.42,10.46,9.81,9.88
2019-06-10,9.89,10.64,9.89,10.51
2019-06-11,10.5,10.74,10.2,10.65
2019-06-12,10.5,10.84,10.45,10.5
2019-06-13,10.5,10.78,10.25,10.47
2019-06-14,10.45,10.53,10.11,10.15
2019-06-17,10.15,10.25,10.03,10.19
2019-06-18,10.17,10.27,9.94,10.12
2019-06-19,10.69,10.8,10.42,10.43
2019-06-20,10.43,10.81,10.37,10.64
2019-06-21,10.75,11.25,10.75,11.14
2019-06-24,11.1,11.1,10.81,10.88
2019-06-25,10.85,10.87,10.58,10.79
2019-06-26,10.65,11.44,10.65,11.25
2019-06-27,12.38,12.38,12.38,12.38
2019-06-28,13.62,13.62,13.49,13.62
2019-07-01,14.49,14.98,14.17,14.98
2019-07-02,14.63,14.64,13.66,13.79
2019-07-03,14.03,14.35,13.75,14.09
2019-07-04,13.79,13.97,13.23,13.61
2019-07-05,13.62,13.84,13.36,13.7
2019-07-08,13.75,13.95,13.35,13.95
2019-07-09,13.86,14.17,13.57,13.87
2019-07-10,14.0,14.1,13.45,13.47
2019-07-11,13.5,14.65,13.31,14.25
2019-07-12,14.1,14.29,13.77,13.87
2019-07-15,13.81,14.63,13.6,14.28
2019-07-16,14.19,15.5,14.16,15.26
2019-07-17,15.1,15.47,14.85,15.02
2019-07-18,14.89,14.96,14.4,14.41
2019-07-19,14.49,14.73,14.31,14.39
2019-07-22,14.43,14.58,13.88,14.27
2019-07-23,14.37,14.9,14.22,14.86
2019-07-24,14.88,15.47,14.75,15.17
2019-07-25,15.18,16.59,15.02,16.04
2019-07-26,15.85,16.24,15.77,15.99
2019-07-29,16.08,16.94,16.08,16.68
2019-07-30,16.57,16.74,16.01,16.16
2019-07-31,16.2,16.5,16.04,16.38
2019-08-01,16.2,16.33,16.01,16.29
2019-08-02,15.77,16.24,15.31,16.06
2019-08-05,15.99,16.83,15.89,16.17
2019-08-06,15.61,17.6,15.61,17.24
2019-08-07,17.25,17.68,16.93,17.24
2019-08-08,17.08,18.87,17.03,18.61
2019-08-09,18.55,19.68,17.57,18.5
2019-08-12,18.44,20.24,18.2,20.1
2019-08-13,19.71,20.09,19.0,19.53
2019-08-14,19.9,20.2,18.4,18.54
2019-08-15,17.65,19.15,17.09,18.69
2019-08-16,18.21,18.74,18.19,18.26
2019-08-19,18.49,19.59,18.2,19.0
2019-08-20,18.9,19.99,18.9,19.37
2019-08-21,19.2,20.18,18.92,19.92
2019-08-22,19.93,20.19,19.21,19.41
2019-08-23,19.24,19.88,18.65,19.39
2019-08-26,18.86,19.72,18.86,19.28
2019-08-27,19.45,20.18,19.28,19.79
2019-08-28,19.74,19.96,19.41,19.47
2019-08-29,20.45,21.42,20.06,21.42
2019-08-30,22.55,23.07,21.57,21.59
2019-09-02,21.77,23.75,21.77,23.45
2019-09-03,23.58,25.8,23.55,25.8
2019-09-04,26.22,26.59,25.18,26.41
2019-09-05,26.0,28.58,25.87,27.29
2019-09-06,27.46,28.2,26.1,26.88
2019-09-09,27.16,27.66,26.2,27.55
2019-09-10,27.53,27.53,25.67,25.89
2019-09-11,26.1,27.5,25.56,27.12
2019-09-12,26.82,27.05,25.55,26.1
2019-09-16,26.0,26.49,25.01,26.12
2019-09-17,25.77,26.95,25.65,26.7
2019-09-18,26.7,27.25,25.7,26.52
2019-09-19,26.26,27.2,26.2,26.97
2019-09-20,27.25,29.47,26.9,28.72
2019-09-23,28.08,29.45,27.77,29.15
2019-09-24,28.95,29.6,28.33,28.47
2019-09-25,28.02,28.35,25.99,26.98
2019-09-26,26.8,27.17,25.02,25.1
2019-09-27,25.15,25.94,25.15,25.46
2019-09-30,25.6,25.74,23.88,24.5
2019-10-08,24.96,25.43,23.88,24.1
2019-10-09,24.0,24.56,23.57,24.46
2019-10-10,24.37,25.4,24.22,25.35
2019-10-11,26.1,26.47,25.38,25.81
2019-10-14,26.1,27.25,25.75,27.13
2019-10-15,26.61,26.98,25.91,25.93
2019-10-16,25.7,26.3,25.31,25.53
2019-10-17,25.74,25.8,24.84,25.41
2019-10-18,25.55,25.61,24.4,24.5
2019-10-21,24.46,24.5,23.4,23.86
2019-10-22,24.15,24.66,23.93,24.53
2019-10-23,24.54,25.08,24.1,24.45
2019-10-24,24.4,24.57,23.81,24.07
2019-10-25,24.1,24.68,23.69,24.67
2019-10-28,24.6,25.79,24.48,25.77
2019-10-29,25.7,25.7,23.5,24.02
2019-10-30,23.51,23.66,22.72,22.91
2019-10-31,22.83,23.15,21.55,21.69
2019-11-01,21.52,22.0,21.45,21.85
2019-11-04,21.94,22.52,21.94,22.22
2019-11-05,22.22,22.44,21.71,22.32
2019-11-06,22.4,22.77,21.73,22.0
2019-11-07,21.78,22.31,21.51,22.31
2019-11-08,22.5,22.62,21.9,21.92
2019-11-11,21.48,21.62,21.02,21.06
2019-11-12,21.05,23.12,20.65,22.53
2019-11-13,22.24,22.89,22.13,22.56
2019-11-14,22.6,23.68,22.28,23.25
2019-11-15,22.92,23.58,22.82,22.83
2019-11-18,22.74,22.93,22.13,22.45
2019-11-19,22.51,23.21,22.16,23.0
2019-11-20,23.01,23.44,22.67,22.68
2019-11-21,22.3,22.63,22.11,22.4
2019-11-22,22.45,22.9,21.62,21.88
2019-11-25,21.83,21.83,20.68,20.75
2019-11-26,20.75,21.16,20.58,21.16
2019-11-27,20.83,21.48,20.7,21.11
2019-11-28,21.11,21.44,20.86,21.34
2019-11-29,21.25,22.99,21.25,22.49
2019-12-02,22.49,23.05,22.32,22.64
2019-12-03,22.55,23.15,22.22,23.14
2019-12-04,22.84,23.05,22.62,22.73
2019-12-05,22.7,23.5,22.58,23.01
2019-12-06,23.02,23.2,22.55,23.18
2019-12-09,23.21,23.39,23.0,23.11
2019-12-10,23.03,23.48,22.72,23.48
2019-12-11,23.43,24.49,23.34,23.84
2019-12-12,23.91,23.99,23.45,23.62
2019-12-13,23.87,23.95,23.2,23.73
2019-12-16,23.75,24.35,23.42,24.35
2019-12-17,25.02,25.58,24.49,24.53
2019-12-18,24.44,24.75,24.0,24.04
2019-12-19,23.92,23.93,23.3,23.42
2019-12-20,23.42,23.66,23.13,23.16
2019-12-23,22.9,22.9,21.8,21.83
2019-12-24,22.01,22.33,21.83,22.21
2019-12-25,22.19,22.79,22.0,22.4
2019-12-26,22.3,22.54,22.21,22.44
2019-12-27,22.44,22.61,22.01,22.04
2019-12-30,22.0,22.27,21.39,22.2
2019-12-31,22.14,22.43,22.0,22.21
2020-01-02,22.49,23.99,22.26,23.78
2020-01-03,23.71,23.84,23.23,23.42
2020-01-06,23.1,23.85,23.0,23.56
2020-01-07,23.69,23.77,23.31,23.52
2020-01-08,23.3,23.31,22.6,22.61
2020-01-09,22.86,23.28,22.77,23.19
2020-01-10,23.39,23.68,23.19,23.44
2020-01-13,23.63,24.88,23.48,24.77
2020-01-14,24.82,24.9,24.16,24.19
2020-01-15,24.1,24.86,23.94,24.62
2020-01-16,24.63,24.69,24.24,24.31
2020-01-17,24.34,24.53,23.83,23.93
2020-01-20,23.84,24.74,23.8,24.53
2020-01-21,24.45,24.86,24.02,24.08
2020-01-22,23.77,25.18,23.5,24.87
2020-01-23,24.5,25.36,23.5,23.97
2020-02-03,21.57,21.57,21.57,21.57
2020-02-04,19.41,21.44,19.41,20.78
2020-02-05,20.78,21.38,20.46,20.56
2020-02-06,20.57,21.32,20.07,20.85
2020-02-07,20.96,22.29,20.96,22.15
2020-02-10,22.28,22.28,21.58,21.9
2020-02-11,22.0,22.75,21.76,22.24
2020-02-12,22.0,22.36,21.72,22.32
2020-02-13,22.13,22.84,22.0,22.39
2020-02-14,22.3,23.35,22.22,22.98
2020-02-17,23.29,24.94,22.98,24.71
2020-02-18,24.75,25.12,24.18,24.75
2020-02-19,24.52,25.28,24.27,24.28
2020-02-20,24.25,24.69,23.67,24.56
2020-02-21,24.69,26.08,24.6,25.45
2020-02-24,25.6,28.0,25.6,28.0
2020-02-25,29.3,30.8,28.01,30.8
2020-02-26,30.82,31.48,28.33,28.8
2020-02-27,28.72,29.37,27.55,27.8
2020-02-28,26.5,27.44,25.38,26.1
2020-03-02,27.11,28.71,26.7,28.63
2020-03-03,29.5,30.44,27.88,28.39
2020-03-04,27.8,28.3,26.6,27.48
2020-03-05,28.58,28.87,27.0,27.69
2020-03-06,26.8,27.87,26.66,27.25
2020-03-09,26.58,28.2,26.5,26.85
2020-03-10,26.56,29.54,26.3,29.54
2020-03-11,29.71,30.96,28.4,28.47
2020-03-12,27.57,28.49,27.38,28.15
2020-03-13,26.77,29.3,26.55,28.6
2020-03-16,28.99,29.16,25.74,25.96
2020-03-17,26.49,26.88,23.7,25.29
2020-03-18,25.7,26.21,24.28,24.41
2020-03-19,24.38,26.35,24.33,26.01
2020-03-20,26.55,26.55,25.4,25.9
2020-03-23,25.0,26.25,24.9,25.2
2020-03-24,25.86,26.14,24.44,25.65
2020-03-25,26.4,26.96,26.08,26.4
2020-03-26,26.1,26.44,25.6,25.67
2020-03-27,26.12,26.2,25.0,25.09
2020-03-30,24.31,24.49,23.33,23.74
2020-03-31,24.22,24.32,23.57,23.68
2020-04-01,23.69,24.2,23.2,23.48
2020-04-02,23.23,24.34,23.1,24.34
2020-04-03,24.2,24.2,23.45,23.58
2020-04-07,24.2,25.59,23.95,25.51
2020-04-08,25.3,25.87,24.99,25.51
2020-04-09,25.69,26.39,25.55,25.62
2020-04-10,25.62,25.75,24.66,24.91
2020-04-13,24.48,24.92,24.0,24.59
2020-04-14,24.91,25.31,24.7,25.26
2020-04-15,25.43,25.65,24.82,24.87
2020-04-16,24.54,24.97,24.21,24.83
2020-04-17,25.11,26.08,25.11,25.78
2020-04-20,25.85,26.25,25.52,26.15
2020-04-21,25.88,26.96,25.66,26.91
2020-04-22,26.8,27.28,26.2,26.65
2020-04-23,26.81,26.85,25.84,26.08
2020-04-24,26.06,26.28,25.45,25.56
2020-04-27,25.65,26.05,25.28,25.66
2020-04-28,25.6,26.26,25.05,26.08
2020-04-29,25.85,26.38,25.7,25.75
2020-04-30,26.05,27.25,26.04,26.86
2020-05-06,26.62,27.92,26.52,27.79
2020-05-07,28.4,28.88,27.38,27.38
2020-05-08,27.59,28.0,27.37,27.41
2020-05-11,27.45,27.48,26.55,26.87
2020-05-12,26.75,27.3,26.51,27.3
2020-05-13,27.05,27.23,26.69,27.09
2020-05-14,26.9,27.28,26.71,26.95
2020-05-15,27.05,27.15,26.31,26.62
2020-05-18,26.35,26.35,24.75,25.0
2020-05-19,25.13,25.39,24.98,25.26
2020-05-20,25.12,25.12,24.5,24.63
2020-05-21,24.75,24.79,23.98,24.09
2020-05-22,24.0,24.34,23.6,24.17
2020-05-25,24.21,24.35,23.36,23.6
2020-05-26,23.8,24.08,23.76,24.02
2020-05-27,24.02,24.02,23.54,23.65
2020-05-28,23.65,23.78,22.9,23.43
2020-05-29,23.09,23.52,23.05,23.43
2020-06-01,23.65,24.6,23.65,24.39
2020-06-02,24.6,24.6,24.1,24.32
2020-06-03,24.44,24.65,24.01,24.34
2020-06-04,24.35,24.58,24.01,24.12
2020-06-05,24.12,24.32,23.94,24.15
2020-06-08,24.4,24.96,24.4,24.44
2020-06-09,24.52,24.62,24.2,24.26
2020-06-10,24.31,24.35,23.86,23.91
2020-06-11,23.93,24.24,23.74,23.78
2020-06-12,23.0,23.58,23.0,23.43
2020-06-15,23.28,23.47,23.09,23.43
2020-06-16,23.71,24.12,23.6,24.06
2020-06-17,24.2,24.31,23.84,24.19
2020-06-18,24.2,24.78,24.04,24.61
2020-06-19,24.69,24.69,24.3,24.45
2020-06-22,24.5,24.97,24.43,24.59
2020-06-23,24.59,24.59,24.02,24.12
2020-06-24,24.15,25.21,24.15,24.96
2020-06-29,24.84,25.03,24.28,24.52
2020-06-30,24.71,25.17,24.51,24.98
2020-07-01,25.13,25.38,24.61,24.87
2020-07-02,24.92,25.29,24.64,25.28
2020-07-03,25.35,26.0,25.03,25.81
2020-07-06,26.0,26.98,26.0,26.6
2020-07-07,26.8,27.7,26.4,26.46
2020-07-08,26.46,26.88,26.0,26.64
2020-07-09,26.74,28.45,26.66,28.05
2020-07-10,27.73,27.76,27.02,27.24
2020-07-13,27.23,28.17,27.13,27.98
2020-07-14,27.97,27.97,26.49,26.89
2020-07-15,26.89,27.03,25.4,25.55
2020-07-16,25.54,25.8,24.01,24.11
2020-07-17,24.25,24.48,23.85,24.24
2020-07-20,24.4,24.92,24.17,24.81
2020-07-21,24.85,25.19,24.58,24.89
2020-07-22,24.9,25.09,24.6,24.76
2020-07-23,24.54,24.54,23.61,24.11
2020-07-24,24.0,24.45,23.06,23.49
2020-07-27,23.5,23.69,23.07,23.55
2020-07-28,23.7,23.88,23.38,23.59
2020-07-29,23.63,24.44,23.6,24.32
2020-07-30,24.45,24.45,23.9,23.95
2020-07-31,23.91,24.38,23.9,24.06
2020-08-03,24.11,24.49,24.1,24.49
2020-08-04,24.5,24.55,24.0,24.09
2020-08-05,24.6,24.6,24.1,24.15
2020-08-06,24.15,24.16,23.53,23.75
2020-08-07,23.74,23.75,23.1,23.44
2020-08-10,23.4,23.65,23.17,23.59
2020-08-11,23.68,23.68,23.2,23.43
2020-08-12,23.4,23.44,23.03,23.42
2020-08-13,23.56,23.59,23.29,23.43
2020-08-14,23.38,23.55,23.21,23.37
2020-08-17,23.39,23.85,23.26,23.68
2020-08-18,23.7,23.79,23.45,23.56
2020-08-19,23.56,23.56,23.1,23.31
2020-08-20,23.11,23.32,23.03,23.03
2020-08-21,23.01,23.16,21.51,21.93
2020-08-24,21.93,21.93,20.83,21.53
2020-08-25,21.48,21.96,21.4,21.67
2020-08-26,21.18,21.56,20.91,21.01
2020-08-27,21.19,21.19,20.21,20.69
2020-08-28,20.65,20.95,20.39,20.91
2020-08-31,20.98,21.45,20.98,21.04
2020-09-01,21.04,21.21,20.73,21.09
2020-09-02,21.19,21.34,21.09,21.25
2020-09-03,21.28,21.3,20.85,20.88
2020-09-04,20.45,21.1,20.33,20.95
2020-09-07,20.85,21.14,20.4,20.43
2020-09-08,20.3,20.37,19.61,19.73
2020-09-09,19.41,19.41,18.6,18.62
2020-09-10,18.9,18.97,18.32,18.33
2020-09-11,18.16,18.59,17.97,18.5
2020-09-14,18.55,18.79,18.33,18.54
2020-09-15,18.55,18.58,18.17,18.47
2020-09-16,18.45,18.6,18.1,18.15
2020-09-17,18.15,19.97,17.78,19.97
2020-09-18,20.18,20.56,19.46,20.35
2020-09-21,20.1,20.95,20.01,20.36
2020-09-22,20.08,20.75,20.03,20.47
2020-09-23,20.48,20.65,20.1,20.22
2020-09-24,19.99,19.99,19.51,19.66
2020-09-25,19.85,19.9,19.29,19.39
2020-09-28,19.73,19.75,19.09,19.2
2020-09-29,19.45,19.51,19.13,19.13
2020-09-30,19.2,19.26,18.64,18.79
2020-10-09,19.21,19.54,19.11,19.33
2020-10-12,19.63,19.96,19.54,19.94
2020-10-13,19.99,20.05,19.61,19.87
2020-10-14,19.71,19.78,19.31,19.38
2020-10-15,19.42,19.54,19.21,19.23
2020-10-16,19.24,19.25,18.91,18.96
2020-10-19,19.12,19.25,18.82,18.87
2020-10-20,18.87,19.2,18.68,19.2
2020-10-21,19.16,19.16,18.7,18.81
2020-10-22,18.8,19.34,18.52,19.06
2020-10-23,19.03,19.25,18.59,18.64
2020-10-26,18.59,18.64,18.25,18.36
2020-10-27,18.38,18.46,18.15,18.4
2020-10-28,18.18,18.3,17.68,18.29
2020-10-29,17.9,18.75,17.85,18.33
2020-10-30,18.43,19.03,18.23,18.42
2020-11-02,18.46,18.51,17.8,17.99
2020-11-03,17.98,18.7,17.97,18.56
2020-11-04,18.56,18.79,18.38,18.42
2020-11-05,18.7,19.8,18.59,19.69
2020-11-06,19.65,20.05,19.38,19.77
2020-11-09,20.2,20.9,20.16,20.8
2020-11-10,20.88,20.88,20.2,20.37
2020-11-11,20.38,20.6,19.42,19.56
2020-11-12,19.67,20.09,19.56,19.8
2020-11-13,19.64,20.09,19.52,19.87
2020-11-16,20.0,20.1,19.46,19.5
2020-11-17,19.49,19.49,18.89,19.19
2020-11-18,19.15,19.4,19.04,19.19
2020-11-19,19.1,19.59,19.0,19.42
2020-11-20,19.44,19.58,19.09,19.24
2020-11-23,19.29,19.43,19.01,19.26
2020-11-24,19.23,19.43,19.12,19.27
2020-11-25,19.3,19.98,19.25,19.69
2020-11-26,19.72,20.43,19.61,20.38
2020-11-27,20.37,20.37,19.93,20.12
2020-11-30,20.08,20.29,19.83,19.88
2020-12-01,20.0,20.17,19.7,20.13
2020-12-02,20.19,20.43,20.0,20.34
2020-12-03,20.34,20.76,20.2,20.41
2020-12-04,20.39,21.06,20.1,20.17
2020-12-07,20.21,20.75,19.96,19.98
2020-12-08,19.84,20.15,19.71,20.12
2020-12-09,20.09,20.25,19.61,19.61
2020-12-10,19.5,19.85,19.38,19.52
2020-12-11,19.54,19.61,18.69,18.92
2020-12-14,18.83,19.05,18.74,18.98
2020-12-15,18.95,19.01,18.75,18.85
2020-12-16,18.93,18.93,18.38,18.42
2020-12-17,18.43,18.71,18.38,18.71
2020-12-18,18.92,19.05,18.62,18.77
2020-12-21,18.82,19.1,18.7,18.95
2020-12-22,18.8,18.87,18.16,18.17
2020-12-23,18.21,18.34,17.89,18.3
2020-12-24,18.24,18.49,18.04,18.06
2020-12-25,18.0,18.39,17.9,18.29
2020-12-28,18.2,18.23,17.94,18.09
2020-12-29,18.11,18.87,18.05,18.72
2020-12-30,18.53,18.7,18.31,18.61
2020-12-31,18.69,18.89,18.51,18.79
2021-01-04,18.78,18.98,18.57,18.98
2021-01-05,18.97,20.18,18.86,19.85
2021-01-06,19.83,19.83,19.2,19.38
2021-01-07,19.3,19.68,18.9,19.11
2021-01-08,19.03,19.55,19.02,19.31
2021-01-11,19.4,19.95,19.3,19.55
2021-01-12,19.54,19.54,18.92,19.3
2021-01-13,19.3,19.94,19.15,19.94
2021-01-14,19.95,20.35,19.68,20.02
2021-01-15,19.83,20.0,19.25,19.4
2021-01-18,19.25,19.95,19.14,19.73
2021-01-19,19.65,19.73,19.06,19.15
2021-01-20,19.15,19.18,18.72,18.76
2021-01-21,18.7,18.9,18.38,18.64
2021-01-22,18.42,19.2,18.42,19.02
2021-01-25,19.0,19.0,18.42,18.46
2021-01-26,18.47,18.7,18.17,18.29
2021-01-27,18.2,18.45,18.1,18.4
2021-01-28,18.23,18.29,17.84,17.86
2021-01-29,17.98,18.09,16.85,17.16
2021-02-01,17.08,17.08,15.88,16.13
2021-02-02,16.43,17.18,16.42,16.89
2021-02-03,17.06,18.35,17.01,17.59
2021-02-04,17.5,17.5,16.74,17.21
2021-02-05,17.35,17.45,16.7,16.7
2021-02-08,16.78,16.9,16.28,16.4
2021-02-09,16.27,16.7,16.03,16.67
2021-02-10,16.68,17.11,16.54,16.98
2021-02-18,17.35,17.43,17.05,17.26
2021-02-19,17.29,17.76,17.06,17.75
2021-02-22,17.85,18.11,17.65,17.65
2021-02-23,17.52,17.67,17.3,17.33
2021-02-24,17.4,17.75,17.18,17.38
2021-02-25,17.4,17.45,17.03,17.09
2021-02-26,16.7,17.35,16.63,17.32
2021-03-01,17.39,18.25,17.37,18.24
2021-03-02,18.36,18.54,17.94,18.1
2021-03-03,18.08,18.25,17.95,18.17
2021-03-04,18.1,18.32,17.85,17.88
2021-03-05,17.76,18.47,17.7,18.23
2021-03-08,18.31,18.85,17.89,17.99
2021-03-09,18.14,18.34,17.46,17.74
2021-03-10,17.98,18.04,17.14,17.24
2021-03-11,17.25,17.66,17.07,17.58
2021-03-12,17.57,17.57,17.13,17.17
2021-03-15,17.12,17.12,16.51,16.72
2021-03-16,16.7,16.84,16.42,16.64
2021-03-17,16.63,16.9,16.48,16.8
2021-03-18,16.8,16.88,16.61,16.68
2021-03-19,16.42,16.62,16.31,16.33
2021-03-22,16.33,16.77,16.33,16.75
2021-03-23,16.77,16.93,16.41,16.48
2021-03-24,16.49,16.6,16.32,16.54
2021-03-25,16.58,16.75,16.47,16.7
2021-03-26,16.8,16.94,16.62,16.87
2021-03-29,16.9,16.99,16.72,16.74
2021-03-30,16.74,16.79,16.42,16.6
2021-03-31,16.57,16.8,16.42,16.74
2021-04-01,16.74,16.9,16.66,16.84
2021-04-02,16.9,17.38,16.89,17.06
2021-04-06,17.07,17.18,16.77,16.82
2021-04-07,16.82,16.86,16.52,16.64
2021-04-08,16.6,16.87,16.52,16.57
2021-04-09,16.58,16.82,16.54,16.58
2021-04-12,16.56,16.58,16.12,16.18
2021-04-13,16.18,16.26,16.0,16.07
2021-04-14,16.06,16.17,16.0,16.05
2021-04-15,16.05,16.08,15.88,15.96
2021-04-16,15.99,16.14,15.95,16.13
2021-04-19,16.15,16.61,16.15,16.5
2021-04-20,16.42,16.53,16.21,16.24
2021-04-21,16.11,16.18,16.03,16.07
2021-04-22,16.11,16.29,16.07,16.22
2021-04-23,16.2,16.2,15.45,15.49
2021-04-26,15.49,15.63,15.33,15.34
2021-04-27,15.33,15.33,14.66,14.75
2021-04-28,14.79,15.04,14.51,14.96
2021-04-29,14.9,15.03,14.78,14.81
2021-04-30,14.8,14.8,14.4,14.48
2021-05-06,14.45,14.45,14.21,14.27
2021-05-07,14.27,14.45,14.23,14.28
2021-05-10,14.28,14.43,14.12,14.35
2021-05-11,14.26,14.45,14.24,14.42
2021-05-12,14.4,14.45,14.27,14.4
2021-05-13,14.33,14.51,14.26,14.45
2021-05-14,14.49,14.66,14.26,14.63
2021-05-17,14.64,15.0,14.61,14.82
2021-05-18,14.8,14.82,14.6,14.69
2021-05-19,14.66,14.73,14.55,14.61
2021-05-20,14.59,14.73,14.47,14.64
2021-05-21,14.65,14.75,14.38,14.38
2021-05-24,14.38,14.74,14.23,14.65
2021-05-25,14.7,14.94,14.53,14.9
2021-05-26,14.9,15.15,14.84,14.94
2021-05-27,14.9,15.47,14.86,15.45
2021-05-28,15.39,15.41,15.21,15.29
2021-05-31,15.34,15.41,15.22,15.34
2021-06-01,15.29,15.42,15.16,15.33
2021-06-02,15.28,15.33,14.9,14.91
2021-06-03,14.99,15.4,14.9,15.02
2021-06-04,15.13,15.3,15.02,15.26
2021-06-07,15.45,15.71,15.33,15.68
2021-06-08,15.68,15.69,15.42,15.46
2021-06-09,15.4,15.54,15.13,15.19
2021-06-10,15.2,15.49,15.11,15.39
2021-06-11,15.3,15.37,15.06,15.13
2021-06-15,15.11,15.23,14.5,14.54
2021-06-16,14.54,14.7,14.47,14.52
2021-06-17,14.48,15.05,14.41,14.99
2021-06-18,14.93,15.04,14.68,14.84
2021-06-21,14.71,14.88,14.53,14.63
2021-06-22,14.6,14.82,14.51,14.69
2021-06-23,14.6,15.6,14.5,15.44
2021-06-24,15.44,16.15,15.41,15.86
2021-06-25,15.79,15.96,15.58,15.73
2021-06-28,15.68,15.9,15.6,15.81
2021-06-29,15.79,15.79,15.26,15.28
2021-06-30,15.38,15.62,15.29,15.47
2021-07-01,15.5,15.57,15.01,15.02
2021-07-02,15.01,15.14,14.7,14.7
2021-07-05,14.68,14.87,14.6,14.83
2021-07-06,14.78,15.19,14.61,15.04
2021-07-07,14.92,14.93,14.7,14.9
2021-07-08,14.97,15.57,14.83,15.52
2021-07-09,15.5,15.84,15.36,15.72
2021-07-12,15.86,15.89,15.39,15.5
2021-07-13,15.58,15.65,15.43,15.61
2021-07-14,15.65,15.85,15.19,15.21
2021-07-15,15.08,15.27,14.67,14.87
2021-07-16,13.49,13.49,13.23,13.27
2021-07-19,13.16,13.18,12.74,12.89
2021-07-20,12.76,12.85,12.5,12.65
2021-07-21,12.7,12.93,12.61,12.73
2021-07-22,12.74,12.94,12.58,12.87
2021-07-23,12.8,12.83,12.35,12.36
2021-07-26,12.33,12.44,11.81,11.93
2021-07-27,12.0,13.12,11.99,13.12
2021-07-28,13.0,13.12,12.33,12.88
2021-07-29,13.0,13.75,12.87,13.16
2021-07-30,13.02,13.46,12.9,13.21
2021-08-02,13.1,13.98,13.07,13.78
2021-08-03,13.85,14.1,13.47,13.52
2021-08-04,13.52,13.93,13.5,13.67
2021-08-05,13.65,13.83,13.38,13.49
2021-08-06,13.55,13.7,13.38,13.52
2021-08-09,13.4,13.65,13.19,13.64
2021-08-10,13.5,13.6,13.3,13.42
2021-08-11,13.31,13.37,13.16,13.26
2021-08-12,13.3,13.59,13.2,13.22
2021-08-13,13.19,13.19,12.51,12.63
2021-08-16,12.56,12.73,12.42,12.61
2021-08-17,12.53,12.66,12.24,12.27
2021-08-18,12.24,12.32,12.13,12.3
2021-08-19,12.26,12.48,12.21,12.35
2021-08-20,12.25,12.35,12.14,12.24
2021-08-23,12.22,12.48,12.22,12.43
2021-08-24,12.4,12.53,12.31,12.44
2021-08-25,12.44,12.45,12.3,12.33
2021-08-26,12.34,12.39,12.03,12.04
2021-08-27,11.88,11.88,11.17,11.38
2021-08-30,11.33,11.36,11.11,11.15
2021-08-31,11.17,11.24,10.94,11.19
2021-09-01,11.17,11.59,11.08,11.58
2021-09-02,11.5,11.55,11.35,11.48
2021-09-03,11.39,11.7,11.39,11.56
2021-09-06,11.55,12.15,11.44,12.04
2021-09-07,12.02,12.43,11.9,12.19
2021-09-08,12.19,12.33,12.05,12.09
2021-09-09,12.14,12.33,12.03,12.25
2021-09-10,12.28,12.51,12.25,12.36
2021-09-13,12.3,12.45,12.13,12.31
2021-09-14,12.3,12.45,12.06,12.06
2021-09-15,12.04,12.31,11.98,12.15
2021-09-16,12.15,12.3,12.0,12.0
2021-09-17,11.98,12.12,11.72,11.82
2021-09-22,11.73,11.73,11.55,11.56
2021-09-23,11.66,12.32,11.61,12.02
2021-09-24,11.97,12.11,11.72,11.74
2021-09-27,11.76,12.05,11.53,11.65
2021-09-28,11.58,11.74,11.53,11.61
2021-09-29,11.55,11.58,11.22,11.22
2021-09-30,11.31,11.35,11.2,11.21
2021-10-08,11.38,11.54,11.32,11.47
2021-10-11,11.5,11.64,11.43,11.48
2021-10-12,11.44,11.5,11.07,11.18
2021-10-13,11.14,11.25,11.11,11.2
2021-10-14,11.17,11.25,11.14,11.19
2021-10-15,11.22,11.3,11.06,11.09
2021-10-18,11.04,11.08,10.69,10.71
2021-10-19,10.74,10.8,10.55,10.61
2021-10-20,10.58,10.6,10.21,10.23
2021-10-21,10.17,10.31,10.08,10.28
2021-10-22,10.19,10.29,10.11,10.11
2021-10-25,10.2,10.22,10.08,10.15
2021-10-26,10.13,10.54,10.12,10.47
2021-10-27,10.36,10.38,10.15,10.18
2021-10-28,10.17,10.17,9.86,9.86
2021-10-29,9.87,10.32,9.87,10.24
2021-11-01,10.26,11.26,10.26,11.26
2021-11-02,11.5,12.21,11.45,11.75
2021-11-03,11.75,11.94,11.53,11.68
2021-11-04,11.68,12.05,11.68,11.84
2021-11-05,11.83,12.3,11.82,11.88
2021-11-08,11.77,11.77,11.42,11.6
2021-11-09,11.59,11.78,11.35,11.73
2021-11-10,11.67,11.95,11.45,11.84
2021-11-11,11.77,12.5,11.69,12.24
2021-11-12,12.48,13.46,12.48,12.93
2021-11-15,12.82,13.55,12.81,13.07
2021-11-16,13.16,13.5,12.93,13.15
2021-11-17,13.06,14.07,13.03,14.02
2021-11-18,14.0,14.05,13.44,13.67
2021-11-19,13.69,14.1,13.55,13.87
2021-11-22,13.77,15.26,13.74,15.17
2021-11-23,15.07,15.98,14.88,15.58
2021-11-24,15.58,16.02,15.43,15.69
2021-11-25,15.64,15.73,15.15,15.3
2021-11-26,15.22,15.25,14.66,14.92
2021-11-29,14.6,14.9,14.46,14.83
2021-11-30,14.75,15.39,14.5,15.16
2021-12-01,14.9,15.01,14.52,14.64
2021-12-02,14.55,14.93,14.54,14.67
2021-12-03,14.66,14.88,14.52,14.85
2021-12-06,14.86,15.3,14.55,15.3
2021-12-07,15.3,15.31,14.62,15.21
2021-12-08,14.96,16.17,14.94,15.87
2021-12-09,15.7,16.1,15.52,15.77
2021-12-10,15.58,15.67,14.91,15.05
2021-12-13,14.9,16.05,14.9,15.7
2021-12-14,15.77,15.8,15.28,15.39
2021-12-15,15.4,15.89,15.22,15.29
2021-12-16,15.2,15.48,14.8,14.95
2021-12-17,14.8,14.9,14.26,14.6
2021-12-20,14.48,14.94,14.07,14.1
2021-12-21,14.2,14.69,14.14,14.53
2021-12-22,14.52,15.98,14.51,15.98
2021-12-23,16.03,17.45,16.03,16.96
2021-12-24,17.4,17.49,16.77,17.2
2021-12-27,17.19,17.42,16.85,16.9
2021-12-28,17.05,17.15,16.49,16.62
2021-12-29,16.63,16.68,16.05,16.13
2021-12-30,16.3,16.74,16.25,16.38
2021-12-31,16.27,16.75,16.0,16.58
2022-01-04,16.65,16.9,16.26,16.47
2022-01-05,16.39,16.53,15.4,15.81
2022-01-06,15.68,15.79,15.15,15.69
2022-01-07,15.6,16.14,15.18,15.2
2022-01-10,15.08,16.27,14.83,15.99
2022-01-11,15.89,16.35,15.41,15.6
2022-01-12,15.62,16.45,15.62,16.29
2022-01-13,16.29,16.34,15.71,16.33
2022-01-14,16.06,17.24,15.95,17.13
2022-01-17,17.05,18.8,16.96,18.06
2022-01-18,18.06,18.84,17.58,18.27
2022-01-19,18.09,18.85,17.71,17.89
2022-01-20,17.78,18.66,17.75,18.09
2022-01-21,17.81,18.04,17.6,17.69
2022-01-24,17.64,18.07,17.49,17.81
2022-01-25,17.78,17.92,17.35,17.35
2022-01-26,17.31,18.5,17.0,18.4
2022-01-27,18.27,18.47,17.46,17.5
2022-01-28,17.58,17.86,17.12,17.27
2022-02-07,17.61,17.85,17.01,17.81
2022-02-08,17.67,17.76,16.03,16.29
2022-02-09,16.29,17.42,16.05,17.2
2022-02-10,17.38,18.26,17.28,17.37
2022-02-11,17.17,17.19,15.72,15.98
2022-02-14,15.72,16.4,15.21,15.89
2022-02-15,15.91,16.94,15.91,16.46
2022-02-16,16.67,17.52,16.56,17.12
2022-02-17,17.13,17.59,16.66,17.39
2022-02-18,17.33,17.6,17.08,17.19
2022-02-21,17.26,17.9,17.19,17.85
2022-02-22,17.62,18.0,17.23,17.91
2022-02-23,17.78,18.18,17.56,17.88
2022-02-24,17.6,17.78,16.92,17.3
2022-02-25,17.5,17.74,17.1,17.14
2022-02-28,16.86,17.09,16.61,16.81
2022-03-01,16.9,17.87,16.86,17.6
2022-03-02,17.49,17.73,17.04,17.21
2022-03-03,17.21,17.37,15.83,16.0
2022-03-04,15.78,16.36,15.71,16.15
2022-03-07,16.09,16.09,15.0,15.3
2022-03-08,15.34,15.68,14.82,15.21
2022-03-09,15.15,15.6,14.38,15.4
2022-03-10,15.7,16.18,15.44,15.45
2022-03-11,15.3,15.3,14.6,15.13
2022-03-14,14.9,14.9,13.95,14.03
2022-03-15,14.16,14.16,13.18,13.26
2022-03-16,13.53,13.56,12.26,13.05
2022-03-17,13.33,13.64,13.06,13.39
2022-03-18,13.24,13.25,12.55,13.09
2022-03-21,13.39,14.1,13.2,13.97
2022-03-22,13.89,14.2,13.6,14.11
2022-03-23,14.11,14.58,13.93,14.08
2022-03-24,14.0,14.0,13.59,13.69
2022-03-25,13.8,13.89,13.56,13.57
2022-03-28,13.44,13.57,13.02,13.42
2022-03-29,13.36,13.6,13.08,13.18
2022-03-30,13.2,13.58,13.14,13.43
2022-03-31,13.32,13.37,13.15,13.24
2022-04-01,13.11,13.52,13.1,13.28
2022-04-06,13.2,13.23,12.65,12.78
2022-04-07,12.78,12.78,12.17,12.26
2022-04-08,12.42,12.45,12.07,12.23
2022-04-11,12.21,12.22,11.29,11.41
2022-04-12,11.4,11.57,11.09,11.3
2022-04-13,11.26,11.26,10.77,10.83
2022-04-14,10.92,11.33,10.91,11.23
2022-04-15,11.21,11.92,10.97,11.68
2022-04-18,11.61,12.85,11.53,12.85
2022-04-19,12.8,13.09,12.17,12.25
2022-04-20,12.4,12.75,12.25,12.49
2022-04-21,12.3,12.75,11.95,12.01
2022-04-22,12.04,12.57,11.75,12.28
2022-04-25,12.0,12.0,11.05,11.15
2022-04-26,11.28,11.8,11.09,11.38
2022-04-27,11.25,12.48,11.24,12.38
2022-04-28,12.24,12.32,11.83,12.09
2022-04-29,12.2,13.2,11.91,13.0
2022-05-05,12.97,13.59,12.8,13.49
2022-05-06,13.0,13.35,12.9,13.17
2022-05-09,13.11,13.83,13.11,13.56
2022-05-10,13.25,14.14,13.2,13.95
2022-05-11,13.87,14.74,13.79,14.11
2022-05-12,14.0,14.36,13.75,13.88
2022-05-13,13.95,14.75,13.59,14.6
2022-05-16,14.65,15.05,14.47,14.52
2022-05-17,14.51,14.88,14.1,14.8
2022-05-18,14.75,14.8,14.26,14.45
2022-05-19,14.19,14.62,14.0,14.55
2022-05-20,14.53,14.56,13.82,14.19
2022-05-23,14.16,14.65,13.93,14.43
2022-05-24,14.43,14.9,14.19,14.21
2022-05-25,14.05,14.67,14.04,14.43
2022-05-26,14.44,14.96,14.09,14.96
2022-05-27,14.94,15.14,14.31,14.61
2022-05-30,14.64,16.0,14.61,15.8
2022-05-31,15.69,15.99,15.52,15.73
2022-06-01,15.65,16.33,15.51,15.98
2022-06-02,16.06,16.2,15.8,15.9
2022-06-06,15.7,16.89,15.7,16.18
2022-06-07,16.18,16.78,16.06,16.27
2022-06-08,16.41,16.73,15.7,16.04
2022-06-09,16.06,16.24,15.7,16.18
2022-06-10,15.87,17.27,15.8,16.91
2022-06-13,16.8,16.99,16.58,16.95
2022-06-14,16.8,17.14,16.63,17.0
2022-06-15,17.0,17.31,16.28,16.31
2022-06-16,16.31,16.63,16.16,16.26
2022-06-17,16.09,16.52,15.97,16.45
2022-06-20,16.5,16.6,15.29,15.41
2022-06-21,15.32,15.95,15.06,15.63
2022-06-22,15.7,15.89,15.01,15.11
2022-06-23,15.21,16.15,15.14,16.13
2022-06-24,16.16,16.67,15.81,15.89
2022-06-27,15.95,16.16,15.1,15.23
2022-06-28,15.15,15.21,14.2,15.19
2022-06-29,15.0,15.25,14.58,14.75
2022-06-30,14.76,15.12,14.68,14.76
2022-07-01,14.76,14.91,14.55,14.67
2022-07-04,14.69,14.73,14.2,14.31
2022-07-05,14.28,14.35,12.95,13.24
2022-07-06,13.26,13.78,13.25,13.51
2022-07-07,13.52,13.57,13.23,13.34
2022-07-08,13.39,13.52,13.11,13.23
2022-07-11,13.11,13.43,12.76,12.91
2022-07-12,12.84,12.91,12.61,12.71
2022-07-13,12.75,12.82,12.42,12.52
2022-07-14,12.45,12.89,12.43,12.66
2022-07-15,12.67,12.99,12.51,12.73
2022-07-18,12.75,12.97,12.12,12.89
2022-07-19,12.96,13.56,12.78,13.49
2022-07-20,13.59,13.79,13.33,13.44
2022-07-21,13.47,13.7,13.25,13.41
2022-07-22,13.46,13.53,13.06,13.18
2022-07-25,13.05,13.16,11.91,11.99
2022-07-26,12.01,12.37,11.78,11.9
2022-07-27,11.8,11.9,11.6,11.68
2022-07-28,11.79,12.85,11.75,12.73
2022-07-29,12.58,12.7,12.05,12.1
2022-08-01,12.08,12.97,11.71,12.95
2022-08-02,12.65,13.16,12.25,12.96
2022-08-03,13.03,13.29,12.5,12.69
2022-08-04,12.75,12.86,12.5,12.7
2022-08-05,12.7,13.44,12.65,13.37
2022-08-08,13.42,13.51,13.06,13.45
2022-08-09,13.3,13.47,13.03,13.3
2022-08-10,13.13,13.27,12.95,12.97
2022-08-11,13.0,13.41,13.0,13.34
2022-08-12,13.5,13.65,13.1,13.12
2022-08-15,13.0,13.21,12.84,13.16
2022-08-16,13.16,13.21,12.99,13.07
2022-08-17,13.01,13.29,12.84,13.2
2022-08-18,13.14,13.24,13.02,13.08
2022-08-19,13.09,13.81,13.03,13.3
2022-08-22,13.2,13.55,13.05,13.35
2022-08-23,13.29,13.49,12.95,13.0
2022-08-24,13.1,13.16,12.31,12.34
2022-08-25,12.35,12.46,12.0,12.3
2022-08-26,12.35,12.81,12.3,12.43
2022-08-29,12.18,12.38,12.09,12.27
2022-08-30,12.22,12.42,11.96,12.08
2022-08-31,12.0,12.12,11.74,11.96
2022-09-01,11.93,12.03,11.76,11.79
2022-09-02,11.77,12.02,11.77,11.97
2022-09-05,11.94,11.96,11.8,11.91
2022-09-06,11.96,12.38,11.85,12.3
2022-09-07,12.29,12.39,12.2,12.32
2022-09-08,12.35,12.37,11.97,12.04
2022-09-09,12.02,12.06,11.86,12.01
2022-09-13,12.03,12.19,12.03,12.04
2022-09-14,11.8,11.93,11.76,11.89
2022-09-15,11.93,11.96,11.11,11.3
2022-09-16,11.26,11.32,10.89,10.95
2022-09-19,10.94,10.99,10.65,10.71
2022-09-20,10.77,10.88,10.67,10.7
2022-09-21,10.61,10.87,10.47,10.82
2022-09-22,10.75,10.91,10.7,10.77
2022-09-23,10.77,10.82,10.37,10.53
2022-09-26,10.42,10.55,10.26,10.29
2022-09-27,10.3,10.47,10.21,10.44
2022-09-28,10.4,10.4,10.07,10.08
2022-09-29,10.2,10.3,10.02,10.09
2022-09-30,10.02,10.14,9.95,9.96
2022-10-10,9.95,9.97,9.53,9.57
2022-10-11,9.6,9.66,9.5,9.55
2022-10-12,9.57,10.13,9.51,10.09
2022-10-13,10.08,10.26,10.0,10.15
2022-10-14,10.23,10.43,10.23,10.37
2022-10-17,10.33,10.77,10.28,10.69
2022-10-18,10.69,10.77,10.55,10.67
2022-10-19,10.68,10.82,10.61,10.62
2022-10-20,10.59,10.9,10.43,10.73
2022-10-21,10.74,10.79,10.54,10.64
2022-10-24,10.71,10.88,10.33,10.48
2022-10-25,10.77,11.1,10.72,10.94
2022-10-26,10.85,11.26,10.79,11.24
2022-10-27,11.18,11.29,10.96,11.01
2022-10-28,10.93,11.0,10.54,10.61
2022-10-31,10.52,10.95,10.45,10.89
2022-11-01,10.9,11.07,10.74,11.06
2022-11-02,11.02,11.17,10.99,11.09
2022-11-03,11.0,12.2,10.98,12.2
2022-11-04,12.75,13.24,12.6,12.83
2022-11-07,13.01,13.15,12.73,12.85
2022-11-08,12.78,12.9,12.35,12.63
2022-11-09,12.54,12.59,12.31,12.51
2022-11-10,12.35,12.5,12.15,12.19
2022-11-11,12.5,12.65,12.33,12.43
2022-11-14,12.3,12.65,12.21,12.33
2022-11-15,12.32,13.3,12.25,13.1
2022-11-16,12.95,13.3,12.72,12.85
2022-11-17,12.85,13.0,12.59,12.97
2022-11-18,12.9,13.6,12.9,13.32
2022-11-21,13.25,13.32,12.78,13.09
2022-11-22,13.02,13.29,12.75,12.84
2022-11-23,12.78,12.99,12.5,12.84
2022-11-24,12.87,12.92,12.56,12.7
2022-11-25,12.61,12.98,12.48,12.59
2022-11-28,12.31,12.64,12.21,12.59
2022-11-29,12.55,12.78,12.5,12.73
2022-11-30,12.65,12.78,12.55,12.68
2022-12-01,12.88,12.98,12.72,12.74
2022-12-02,12.73,12.87,12.46,12.48
2022-12-05,12.48,12.6,12.25,12.38
2022-12-06,12.28,12.6,12.26,12.55
2022-12-07,12.53,12.56,12.32,12.41
2022-12-08,12.4,12.41,11.97,12.18
2022-12-09,12.2,12.36,12.2,12.25
2022-12-12,12.2,13.1,12.15,12.9
2022-12-13,12.9,12.94,12.62,12.7
2022-12-14,12.89,13.03,12.16,12.21
2022-12-15,12.08,12.73,12.08,12.61
2022-12-16,12.5,12.59,12.18,12.24
2022-12-19,12.26,12.3,11.81,11.88
2022-12-20,11.83,12.15,11.83,11.92
2022-12-21,11.85,12.0,11.7,11.85
2022-12-22,11.9,12.05,11.74,11.78
2022-12-23,11.72,11.8,11.47,11.6
2022-12-26,11.55,12.0,11.53,11.94
2022-12-27,11.99,12.02,11.68,11.86
2022-12-28,11.8,12.05,11.76,11.82
2022-12-29,11.8,11.92,11.69,11.75
2022-12-30,11.86,11.99,11.75,11.9
2023-01-03,11.88,12.75,11.81,12.61
2023-01-04,12.62,12.84,12.26,12.3
2023-01-05,12.31,12.58,12.26,12.48
2023-01-06,12.47,12.6,12.36,12.43
2023-01-09,12.4,12.57,12.31,12.41
2023-01-10,12.42,12.61,12.37,12.53
2023-01-11,12.48,12.66,12.34,12.37
2023-01-12,12.39,12.52,12.19,12.49
2023-01-13,12.48,12.52,12.15,12.27
2023-01-16,12.26,12.47,12.19,12.4
2023-01-17,12.45,12.68,12.4,12.65
2023-01-18,12.56,12.65,12.48,12.53
2023-01-19,12.53,12.66,12.48,12.65
2023-01-20,12.64,12.82,12.62,12.73
2023-01-30,12.89,12.96,12.7,12.72
2023-01-31,12.7,12.79,12.6,12.72
2023-02-01,13.59,13.99,13.38,13.99
2023-02-02,14.1,14.55,13.83,14.08
2023-02-03,14.0,14.25,13.91,14.1
2023-02-06,14.0,14.0,13.68,13.76
2023-02-07,13.76,14.03,13.73,13.85
2023-02-08,13.85,14.15,13.76,13.81
2023-02-09,13.97,15.19,13.7,14.98
2023-02-10,14.89,16.25,14.81,15.5
2023-02-13,15.45,15.81,15.13,15.63
2023-02-14,15.52,15.91,15.35,15.55
2023-02-15,15.55,16.84,15.38,16.48
2023-02-16,16.31,16.66,15.77,15.8
2023-02-17,15.93,16.0,15.25,15.26
2023-02-20,15.26,15.8,15.23,15.74
2023-02-21,15.6,16.17,15.5,15.62
2023-02-22,15.6,15.99,15.5,15.92
2023-02-23,15.92,15.98,15.4,15.49
2023-02-24,15.47,15.95,15.47,15.61
2023-02-27,15.61,15.88,15.4,15.8
2023-02-28,15.89,17.18,15.89,16.4
2023-03-01,16.41,16.82,16.12,16.58
2023-03-02,16.5,16.74,16.34,16.41
2023-03-03,16.4,16.53,15.81,16.09
2023-03-06,16.07,16.25,15.9,16.08
2023-03-07,15.95,16.04,15.01,15.11
2023-03-08,15.07,15.69,15.06,15.67
2023-03-09,15.62,15.72,15.4,15.61
2023-03-10,15.48,15.75,15.3,15.5
2023-03-13,15.38,15.76,15.35,15.69
2023-03-14,15.59,15.6,14.97,15.36
2023-03-15,15.51,15.68,15.27,15.29
2023-03-16,15.23,15.36,14.96,15.03
2023-03-17,15.14,15.7,15.13,15.49
2023-03-20,15.41,17.04,15.41,16.95
2023-03-21,16.92,17.7,16.88,17.31
2023-03-22,17.62,19.04,17.55,19.04
2023-03-23,19.55,20.94,19.5,20.94
2023-03-24,21.23,21.75,20.38,21.6
2023-03-27,21.23,22.95,21.22,22.57
2023-03-28,21.67,22.08,20.84,21.0
2023-03-29,20.81,21.96,20.81,21.15
2023-03-30,20.81,21.59,20.64,21.14
2023-03-31,20.8,21.68,20.3,21.49
2023-04-03,21.37,22.88,21.06,22.49
2023-04-04,22.2,24.36,21.2,23.41
2023-04-06,23.36,25.75,23.0,25.75
2023-04-07,25.8,26.0,23.84,25.11
2023-04-10,24.33,26.33,23.82,24.13
2023-04-11,23.29,24.81,23.2,23.63
2023-04-12,23.5,24.71,23.02,23.9
2023-04-13,23.4,23.47,22.22,22.45
2023-04-14,22.5,22.69,21.55,22.29
2023-04-17,22.23,22.6,21.85,22.33
2023-04-18,21.95,23.87,21.5,23.07
2023-04-19,22.87,24.18,22.71,23.7
2023-04-20,23.8,26.07,23.7,26.07
2023-04-21,26.48,26.5,24.1,24.51
2023-04-24,24.55,25.5,24.43,24.97
2023-04-25,24.46,25.41,23.73,24.35
2023-04-26,24.21,24.89,21.86,22.16
2023-04-27,21.82,22.66,21.45,21.78
2023-04-28,21.58,23.2,21.53,21.93
2023-05-04,21.75,22.22,20.17,20.45
2023-05-05,20.46,20.77,19.62,20.25
2023-05-08,20.16,21.6,19.87,20.97
2023-05-09,21.36,23.07,21.36,22.5
2023-05-10,22.02,22.65,20.3,20.88
2023-05-11,21.0,21.29,20.25,20.43
2023-05-12,20.39,20.69,19.8,19.96
2023-05-15,20.02,20.46,18.85,19.53
2023-05-16,19.44,19.54,18.09,18.5
2023-05-17,18.48,18.97,18.19,18.4
2023-05-18,18.75,20.24,18.63,19.74
2023-05-19,19.56,20.95,19.04,19.22
2023-05-22,19.0,19.22,18.4,18.68
2023-05-23,18.74,18.85,17.86,17.94
2023-05-24,17.94,18.53,17.34,18.16
2023-05-25,19.38,19.85,18.5,19.1
2023-05-26,19.05,20.33,18.9,19.92
2023-05-29,20.36,20.93,18.35,18.38
2023-05-30,17.86,19.07,16.93,18.99
2023-05-31,19.2,20.89,19.2,20.89
2023-06-01,20.94,22.2,20.54,21.1
2023-06-02,20.99,21.3,20.2,20.42
2023-06-05,20.47,21.54,20.45,21.44
2023-06-06,21.1,21.4,20.25,20.4
2023-06-07,20.53,20.99,20.01,20.43
2023-06-08,20.54,20.55,19.44,19.83
2023-06-09,19.7,21.81,19.5,21.81
2023-06-12,22.6,23.01,22.05,22.31
2023-06-13,22.36,22.75,21.91,22.56
2023-06-14,22.4,23.82,22.07,23.24
2023-06-15,22.91,23.28,21.88,22.0
2023-06-16,21.8,22.59,21.4,22.5
2023-06-19,22.3,23.44,21.91,23.36
2023-06-20,23.17,23.45,22.1,22.5
2023-06-21,22.41,22.7,21.58,21.59
2023-06-26,21.06,21.28,19.52,19.55
2023-06-27,19.69,19.95,19.4,19.8
2023-06-28,19.66,19.66,18.45,19.2
2023-06-29,19.2,19.53,18.85,19.04
2023-06-30,19.4,20.94,19.27,20.94
2023-07-03,21.85,22.31,21.24,21.36
2023-07-04,21.4,23.18,21.28,22.37
2023-07-05,23.46,24.45,22.75,22.81
2023-07-06,22.99,24.96,22.55,23.9
2023-07-07,23.6,23.88,22.12,22.9
2023-07-10,23.09,23.21,22.1,22.13
2023-07-11,22.26,22.66,21.89,22.16
2023-07-12,21.86,22.28,21.17,21.18
2023-07-13,21.58,23.3,21.11,23.3
2023-07-14,24.28,25.6,23.87,25.21
2023-07-17,25.57,25.96,24.66,25.25
2023-07-18,24.88,25.73,24.4,24.52
2023-07-19,24.52,25.4,24.24,24.42
2023-07-20,24.43,24.43,22.54,22.61
2023-07-21,22.55,23.21,22.09,22.64
2023-07-24,22.65,24.9,22.48,24.19
2023-07-25,24.19,25.22,23.55,24.38
2023-07-26,24.15,24.29,22.78,23.18
2023-07-27,23.01,23.25,22.22,22.39
2023-07-28,22.39,22.6,21.78,22.0
2023-07-31,22.0,22.2,21.1,21.93
2023-08-01,22.19,23.0,21.35,22.71
2023-08-02,22.37,22.84,21.88,22.49
2023-08-03,22.16,22.61,21.71,21.81
2023-08-04,21.82,23.26,21.62,22.98
2023-08-07,22.95,24.01,22.87,23.24
2023-08-08,23.07,23.43,22.43,22.44
2023-08-09,22.32,22.48,21.38,21.4
2023-08-10,21.2,21.75,20.59,21.74
2023-08-11,21.53,22.12,21.18,21.27
2023-08-14,20.54,21.52,19.9,21.44
2023-08-15,21.6,22.35,21.1,21.45
2023-08-16,21.13,22.08,20.97,21.4
2023-08-17,21.1,21.69,20.8,21.58
2023-08-18,21.49,21.72,20.4,20.42
2023-08-21,20.33,20.98,20.27,20.61
2023-08-22,21.01,22.66,20.78,22.09
2023-08-23,21.69,21.78,20.65,20.7
2023-08-24,21.6,21.97,20.98,21.23
2023-08-25,20.7,20.77,19.4,19.57
2023-08-28,20.68,20.98,19.82,20.24
2023-08-29,20.1,21.21,19.81,20.93
2023-08-30,20.92,21.85,20.9,21.27
2023-08-31,20.98,21.48,20.86,21.13
2023-09-01,21.0,21.39,20.79,20.81
2023-09-04,20.9,21.48,20.69,21.46
2023-09-05,21.3,21.33,20.21,20.48
2023-09-06,20.3,20.44,19.87,20.18
2023-09-07,20.01,20.15,19.57,19.58
2023-09-08,19.5,19.86,19.35,19.6
2023-09-11,19.6,20.46,19.2,20.09
2023-09-12,19.93,20.65,19.88,20.17
2023-09-13,19.92,19.97,19.06,19.22
2023-09-14,19.34,19.53,19.14,19.25
2023-09-15,19.36,19.5,18.72,18.87
2023-09-18,18.77,19.13,18.61,18.7
2023-09-19,18.69,19.54,18.42,19.51
2023-09-20,19.48,20.58,19.3,19.88
2023-09-21,19.6,20.38,19.53,19.91
2023-09-22,19.91,21.9,19.75,21.9
2023-09-25,22.0,23.0,21.89,22.38
2023-09-26,22.66,23.47,22.59,22.66
2023-09-27,22.67,22.8,22.25,22.28
2023-09-28,22.7,23.0,22.32,22.51
2023-10-09,22.52,22.8,22.02,22.33
2023-10-10,22.5,22.5,21.93,22.26
2023-10-11,22.25,22.8,21.96,22.42
2023-10-12,22.51,22.77,22.08,22.38
2023-10-13,22.1,22.25,21.7,21.88
2023-10-16,21.74,21.93,21.1,21.3
2023-10-17,21.3,21.39,20.7,21.03
2023-10-18,20.69,20.7,19.0,20.08
2023-10-19,19.85,20.5,19.68,20.01
2023-10-20,19.95,20.33,19.51,19.59
2023-10-23,19.58,19.94,19.3,19.4
2023-10-24,19.7,20.83,19.7,20.13
2023-10-25,20.11,20.48,19.1,19.19
2023-10-26,19.3,19.58,18.8,19.45
2023-10-27,19.2,19.67,19.12,19.52
2023-10-30,19.52,20.03,19.23,19.95
2023-10-31,19.81,20.03,19.2,19.54
2023-11-01,19.65,19.65,19.14,19.19
2023-11-02,19.38,20.21,19.38,19.7
2023-11-03,19.52,20.14,19.37,19.93
2023-11-06,20.1,20.65,19.95,20.62
2023-11-07,20.5,21.66,20.1,21.05
2023-11-08,20.81,21.2,20.6,21.0
2023-11-09,20.91,22.5,20.91,21.5
2023-11-10,21.57,22.08,21.2,21.52
2023-11-13,21.71,22.5,21.58,21.76
2023-11-14,21.76,22.1,21.4,21.64
2023-11-15,21.87,22.02,21.4,21.66
2023-11-16,21.32,21.4,20.95,20.96
2023-11-17,20.78,21.42,20.77,21.26
2023-11-20,21.0,21.3,20.75,21.03
2023-11-21,21.1,21.44,20.87,20.89
2023-11-22,20.74,20.88,20.53,20.55
2023-11-23,20.54,20.76,20.33,20.69
2023-11-24,20.54,20.62,20.0,20.09
2023-11-27,20.09,20.42,20.04,20.36
2023-11-28,20.36,20.61,20.17,20.56
2023-11-29,20.47,20.69,20.39,20.52
2023-11-30,20.52,20.87,20.25,20.67
2023-12-01,20.62,21.21,20.4,21.02
2023-12-04,21.15,21.3,20.81,20.82
2023-12-05,20.7,20.7,20.13,20.16
2023-12-06,20.16,20.22,19.91,19.95
2023-12-07,20.0,21.0,19.99,20.91
2023-12-08,20.92,23.0,20.91,22.42
2023-12-11,21.9,22.3,21.4,22.3
2023-12-12,22.22,22.8,22.2,22.44
2023-12-13,22.36,22.49,22.2,22.2
2023-12-14,22.26,22.48,21.77,21.82
2023-12-15,21.84,22.0,21.38,21.54
2023-12-18,21.4,21.78,21.25,21.54
2023-12-19,21.53,22.08,21.43,21.66
2023-12-20,21.66,21.78,21.16,21.47
2023-12-21,21.37,21.95,21.16,21.64
2023-12-22,21.55,21.85,21.08,21.31
2023-12-25,21.19,22.02,21.18,21.98
2023-12-26,22.02,22.42,21.8,22.38
2023-12-27,22.39,22.39,21.56,21.86
2023-12-28,21.78,22.56,21.66,22.22
2023-12-29,22.22,22.6,21.95,22.12
2024-01-02,22.1,22.36,21.91,22.02
2024-01-03,21.9,22.09,21.3,21.6
2024-01-04,21.55,21.59,21.1,21.47
2024-01-05,21.5,21.5,20.43,20.55
2024-01-08,20.5,20.55,19.95,19.96
2024-01-09,20.4,21.39,20.3,20.96
2024-01-10,20.75,20.82,20.18,20.43
2024-01-11,20.37,21.04,20.15,20.45
2024-01-12,20.3,20.38,20.01,20.15
2024-01-15,20.02,20.44,20.0,20.39
2024-01-16,20.28,20.88,20.2,20.73
2024-01-17,20.59,21.45,20.58,20.72
2024-01-18,20.6,21.94,20.31,21.88
2024-01-19,21.89,23.41,21.82,22.62
2024-01-22,23.05,23.64,21.93,22.06
2024-01-23,21.97,23.2,21.82,22.69
2024-01-24,22.67,22.7,21.88,22.55
2024-01-25,22.31,23.38,22.25,23.26
2024-01-26,22.81,23.0,21.57,21.71
2024-01-29,21.6,21.6,19.73,19.82
2024-01-30,19.53,20.46,19.45,19.82
2024-01-31,19.63,20.32,19.43,19.71
2024-02-01,19.55,21.3,19.24,20.53
2024-02-02,20.72,21.42,20.08,20.59
2024-02-05,20.4,21.5,19.98,20.82
2024-02-06,20.4,22.9,20.3,22.9
2024-02-07,22.99,23.75,22.78,23.39
2024-02-08,23.26,25.73,23.13,24.99
2024-02-19,25.59,27.49,25.22,27.49
2024-02-20,26.39,26.73,25.83,26.05
2024-02-21,25.15,25.49,24.43,24.54
2024-02-22,25.2,25.45,24.53,24.92
2024-02-23,25.69,26.35,25.18,25.32
2024-02-26,24.82,25.98,24.6,25.55
2024-02-27,25.08,27.49,24.86,27.09
2024-02-28,26.8,27.0,25.29,25.3
2024-02-29,25.3,26.48,25.21,26.4
2024-03-01,26.41,27.49,26.39,27.25
2024-03-04,27.6,28.88,27.3,28.34
2024-03-05,27.75,30.17,27.61,28.32
2024-03-06,27.88,28.88,27.55,28.38
2024-03-07,28.52,29.94,28.5,28.85
2024-03-08,29.6,31.74,29.05,31.74
2024-03-11,30.6,31.74,29.88,31.4
2024-03-12,30.7,30.74,29.0,29.54
2024-03-13,30.17,30.9,29.69,29.85
2024-03-14,28.9,30.68,28.77,30.1
2024-03-15,29.66,31.84,29.41,31.4
2024-03-18,31.42,34.32,31.27,33.01
2024-03-19,32.6,32.95,31.88,32.28
2024-03-20,32.3,33.43,31.78,32.51
2024-03-21,32.29,32.74,31.6,31.73
2024-03-22,31.96,32.3,31.4,31.84
2024-03-25,31.5,31.66,30.03,30.22
2024-03-26,32.2,32.61,30.61,31.1
2024-03-27,30.92,31.35,29.39,30.08
2024-03-28,30.1,31.44,29.95,30.46
2024-03-29,30.0,30.4,29.4,30.18
2024-04-01,30.2,31.8,29.77,31.8
2024-04-02,31.7,32.1,30.44,30.74
2024-04-03,30.38,30.6,29.4,29.62
2024-04-08,29.3,30.68,29.02,30.02
2024-04-09,29.88,30.16,29.26,29.74
2024-04-10,29.7,29.7,28.7,29.12
2024-04-11,29.31,29.98,28.76,28.79
2024-04-12,29.16,31.3,29.16,30.24
2024-04-15,29.91,30.93,29.75,30.52
2024-04-16,30.0,31.0,29.4,29.78
2024-04-17,30.0,31.22,29.69,31.21
2024-04-18,30.7,31.46,30.29,30.92
2024-04-19,30.65,30.85,29.36,29.97
2024-04-22,27.8,28.93,26.97,28.71
2024-04-23,29.35,30.4,29.22,29.55
2024-04-24,30.06,31.58,29.14,31.44
2024-04-25,31.0,31.37,30.76,31.11
2024-04-26,31.98,33.89,31.9,33.16
2024-04-29,33.43,34.22,33.0,33.53
2024-04-30,33.52,34.66,33.23,33.5
2024-05-06,34.2,34.39,33.02,33.1
2024-05-07,33.42,33.95,32.15,32.58
2024-05-08,32.28,33.02,32.0,32.39
2024-05-09,32.16,32.34,31.51,32.14
2024-05-10,31.9,31.9,30.91,31.39
2024-05-13,31.51,32.27,31.31,31.86
2024-05-14,32.12,32.77,31.29,31.38
2024-05-15,31.11,32.66,31.1,31.86
2024-05-16,32.6,33.48,32.35,32.88
2024-05-17,32.53,32.71,31.63,32.41
2024-05-20,31.8,32.8,31.36,32.55
2024-05-21,32.55,32.87,32.24,32.57
2024-05-22,32.33,32.7,31.93,32.08
2024-05-23,32.6,32.88,31.65,32.15
2024-05-24,32.15,33.33,31.11,31.24
2024-05-27,31.49,32.24,31.12,32.15
2024-05-28,31.89,32.28,31.02,31.1
2024-05-29,31.45,31.73,31.05,31.09
2024-05-30,30.92,31.4,30.46,31.15
2024-05-31,30.88,31.64,30.48,31.25
2024-06-03,31.3,34.28,31.3,33.45
2024-06-04,33.25,33.89,33.1,33.61
2024-06-05,33.62,33.92,32.92,32.99
2024-06-06,33.8,35.1,33.6,34.13
2024-06-07,33.79,34.16,32.21,32.75
2024-06-11,32.68,33.28,32.31,32.91
2024-06-12,32.88,33.49,32.55,32.89
2024-06-13,33.35,35.1,33.34,34.42
2024-06-14,34.28,37.86,34.28,37.06
2024-06-17,37.5,38.29,36.68,37.75
2024-06-18,37.4,39.28,37.4,38.5
2024-06-19,38.6,38.79,37.6,37.75
2024-06-20,37.58,38.08,37.06,37.15
2024-06-21,36.6,37.49,36.4,37.1
2024-06-24,36.9,38.09,36.67,36.91
2024-06-25,36.27,36.45,35.33,35.57
2024-06-26,36.3,36.99,35.7,36.8
2024-06-27,36.48,37.17,35.9,36.05
2024-06-28,35.91,37.25,35.78,36.5
2024-07-01,36.12,37.98,36.03,37.45
2024-07-02,37.15,37.8,36.53,36.87
2024-07-03,36.7,37.14,36.29,36.84
2024-07-04,37.2,37.98,36.86,37.31
2024-07-05,37.18,38.24,35.73,38.1
2024-07-08,37.69,38.52,37.4,37.89
2024-07-09,37.99,40.54,37.54,40.44
2024-07-10,40.36,41.96,39.5,41.25
2024-07-11,41.25,41.5,39.4,41.19
2024-07-12,39.4,40.72,38.61,40.25
2024-07-15,39.0,39.53,38.0,39.13
2024-07-16,39.0,40.0,38.15,39.71
2024-07-17,39.31,39.31,35.92,35.96
2024-07-18,35.43,36.3,34.43,36.24
2024-07-19,35.81,36.23,34.91,35.3
2024-07-22,35.02,36.18,34.6,35.73
2024-07-23,36.44,36.8,35.38,35.41
2024-07-24,35.0,36.45,34.84,34.95
2024-07-25,33.88,34.41,33.0,33.4
2024-07-26,33.24,33.88,32.5,33.52
2024-07-29,33.45,34.51,32.84,34.07
2024-07-30,33.8,33.87,32.56,32.67
2024-07-31,32.24,33.73,32.01,33.48
2024-08-01,35.0,35.32,33.98,34.09
2024-08-02,32.8,33.05,31.73,31.91
2024-08-05,30.57,31.42,30.01,30.01
2024-08-06,31.29,31.61,30.59,31.19
2024-08-07,31.0,32.1,30.69,31.51
2024-08-08,31.0,31.43,30.51,30.85
2024-08-09,31.48,33.0,31.19,32.41
2024-08-12,32.11,33.28,32.03,32.84
2024-08-13,33.03,34.39,32.65,33.04
2024-08-14,33.5,34.1,32.8,32.81
2024-08-15,32.65,33.2,32.34,32.51
2024-08-16,32.86,34.1,32.86,33.74
2024-08-19,33.6,34.1,33.21,33.55
2024-08-20,33.97,34.2,33.18,33.46
2024-08-21,33.01,34.08,32.92,33.48
2024-08-22,33.48,34.34,32.62,34.17
2024-08-23,33.96,33.99,32.84,33.42
2024-08-26,33.59,33.75,32.5,32.83
2024-08-27,32.26,32.71,31.93,32.1
2024-08-28,31.99,33.13,31.8,32.26
2024-08-29,31.0,31.19,29.86,30.8
2024-08-30,30.6,32.8,30.57,32.51
2024-09-02,34.1,34.38,32.6,32.82
2024-09-03,32.6,34.16,32.6,34.0
2024-09-04,32.5,33.11,31.51,32.65
2024-09-05,32.55,34.0,32.32,33.27
2024-09-06,33.0,33.27,30.61,30.7
2024-09-09,30.09,30.53,29.66,30.0
2024-09-10,30.1,31.16,29.9,30.89
2024-09-11,30.89,31.6,30.8,31.03
2024-09-12,32.03,33.0,31.79,31.85
2024-09-13,31.66,34.15,31.66,33.97
2024-09-18,33.45,34.03,33.03,33.42
2024-09-19,33.5,33.59,32.01,32.18
2024-09-20,32.4,32.66,32.0,32.15
2024-09-23,32.07,33.1,31.71,32.17
2024-09-24,32.29,35.15,31.94,35.0
2024-09-25,35.28,35.7,33.83,34.0
2024-09-26,34.4,34.88,33.71,34.88
2024-09-27,34.9,37.1,34.55,36.52
2024-09-30,37.25,40.17,36.32,40.16
2024-10-08,44.18,44.18,39.3,44.18
2024-10-09,44.0,46.86,41.01,44.1
2024-10-10,44.1,44.38,40.68,41.79
2024-10-11,40.88,43.5,40.43,41.84
2024-10-14,41.84,42.86,40.28,42.71
2024-10-15,42.4,43.2,41.53,41.54
2024-10-16,39.8,40.58,39.26,39.5
2024-10-17,40.0,41.04,39.91,40.31
2024-10-18,40.29,44.33,40.29,43.13
2024-10-21,43.98,44.09,42.25,42.77
2024-10-22,43.05,44.2,42.7,43.28
2024-10-23,42.5,43.15,41.31,41.76
2024-10-24,41.48,43.22,41.15,42.33
2024-10-25,43.36,45.58,43.01,44.28
2024-10-28,43.97,44.03,41.8,41.99
2024-10-29,42.0,42.09,40.1,41.3
2024-10-30,40.96,41.52,40.65,41.01
2024-10-31,40.88,41.3,39.8,40.87
2024-11-01,40.3,40.73,39.42,39.42
2024-11-04,39.41,41.28,39.35,40.78
2024-11-05,40.72,41.92,40.51,41.51
2024-11-06,41.51,41.71,40.12,40.38
2024-11-07,40.01,40.93,39.5,40.67
2024-11-08,40.86,41.78,40.23,40.31
2024-11-11,40.11,41.41,38.77,41.18
2024-11-12,41.25,41.96,40.2,40.87
2024-11-13,40.5,42.5,40.19,42.49
2024-11-14,42.2,42.2,40.89,41.0
2024-11-15,40.72,41.4,38.9,38.99
2024-11-18,38.99,39.68,37.31,37.75
2024-11-19,37.98,39.14,37.75,38.96
2024-11-20,39.15,39.62,38.69,38.91
2024-11-21,38.62,38.88,38.0,38.44
2024-11-22,38.38,38.58,36.64,36.64
2024-11-25,36.64,36.8,35.25,35.6
2024-11-26,35.58,37.15,35.5,36.64
2024-11-27,36.49,37.97,35.81,37.75
2024-11-28,37.75,37.78,36.65,36.8
2024-11-29,36.8,38.0,36.63,37.32
2024-12-02,37.99,38.79,37.86,38.1
2024-12-03,38.0,38.4,37.61,38.11
2024-12-04,38.03,38.17,37.22,37.5
2024-12-05,37.56,39.0,37.56,38.41
2024-12-06,38.4,39.2,38.4,38.53
2024-12-09,38.57,38.57,37.62,37.97
2024-12-10,38.69,38.88,36.52,36.65
2024-12-11,36.35,37.08,36.03,36.79
2024-12-12,36.8,37.56,36.55,37.17
2024-12-13,36.81,38.55,36.78,37.9
2024-12-16,37.98,38.5,36.93,37.8
2024-12-17,37.8,39.59,37.63,39.11
2024-12-18,39.12,39.19,38.13,38.92
2024-12-19,38.34,39.56,38.15,39.4
2024-12-20,39.3,39.7,38.9,39.07
2024-12-23,39.08,39.63,38.02,38.17
2024-12-24,38.52,39.28,38.08,39.28
2024-12-25,39.3,39.46,38.35,38.6
2024-12-26,38.41,41.3,38.28,41.12
2024-12-27,41.12,41.97,40.67,41.02
2024-12-30,40.8,41.85,40.33,40.78
2024-12-31,40.95,40.96,38.8,39.65
2025-01-02,39.13,40.16,38.1,38.65
2025-01-03,38.59,39.8,38.13,39.0
2025-01-06,39.39,40.85,38.88,39.89
2025-01-07,39.91,42.29,39.6,42.29
2025-01-08,41.71,42.4,40.89,42.11
2025-01-09,43.37,44.19,42.89,42.91
2025-01-10,42.1,43.26,41.83,42.0
2025-01-13,40.9,42.2,40.18,40.63
2025-01-14,40.63,42.15,39.62,41.74
2025-01-15,41.49,41.49,38.64,38.68
2025-01-16,38.94,39.75,38.54,39.21
2025-01-17,38.75,40.27,38.56,39.72
2025-01-20,40.01,41.58,40.0,41.1
2025-01-21,41.3,42.24,41.05,41.96
2025-01-22,42.3,46.15,42.1,45.58
2025-01-23,45.73,46.1,44.27,44.99
2025-01-24,44.58,45.49,43.93,44.67
2025-01-27,42.7,42.85,41.5,41.59
2025-02-05,40.75,40.98,37.43,37.44
2025-02-06,37.52,38.07,36.81,38.02
2025-02-07,38.07,39.97,38.07,39.1
2025-02-10,39.2,39.3,38.38,39.19
2025-02-11,39.07,40.0,39.0,39.59
2025-02-12,39.38,39.8,39.18,39.69
2025-02-13,39.55,39.55,38.01,38.15
2025-02-14,38.36,39.61,38.34,38.78
2025-02-17,38.7,41.29,38.67,40.53
2025-02-18,40.4,42.5,40.11,41.69
2025-02-19,41.66,41.88,40.91,41.74
2025-02-20,41.74,42.44,41.05,42.34
2025-02-21,42.32,43.37,41.98,42.49
2025-02-24,42.0,42.0,39.88,39.99
2025-02-25,39.45,39.55,38.67,38.88
2025-02-26,38.95,39.87,38.31,39.5
2025-02-27,39.58,39.68,37.5,37.98
2025-02-28,36.9,36.9,34.29,35.07
2025-03-03,34.8,34.88,32.11,32.9
2025-03-04,31.38,33.7,31.38,33.61
2025-03-05,33.6,34.44,33.49,33.88
2025-03-06,34.01,34.85,33.79,34.57
2025-03-07,34.0,34.35,33.07,33.36
2025-03-10,33.47,33.97,33.34,33.79
2025-03-11,33.22,34.8,32.9,34.5
2025-03-12,34.56,36.0,34.11,35.38
2025-03-13,35.55,35.74,34.61,34.7
2025-03-14,34.71,36.0,34.66,35.77
2025-03-17,36.26,36.4,35.32,35.89
2025-03-18,35.92,37.19,35.5,36.7
2025-03-19,36.2,36.2,35.0,35.11
2025-03-20,35.1,35.13,34.4,34.6
2025-03-21,34.36,34.92,34.0,34.12
2025-03-24,34.01,34.79,33.65,34.48
2025-03-25,34.62,35.04,33.88,33.98
2025-03-26,33.82,34.0,33.34,33.4
2025-03-27,33.11,33.32,32.32,33.0
2025-03-28,33.0,33.37,32.52,32.52
2025-03-31,32.19,33.3,32.15,32.8
2025-04-01,32.97,33.1,32.6,32.67
2025-04-02,32.78,33.47,32.68,33.28
2025-04-03,32.29,32.58,30.72,30.79
2025-04-07,27.71,27.84,27.71,27.71
2025-04-08,25.97,27.1,24.94,24.94
2025-04-09,23.6,25.78,23.58,25.41
2025-04-10,27.9,27.95,27.02,27.25
2025-04-11,26.7,28.21,26.68,27.68
2025-04-14,28.71,28.91,27.85,27.96
2025-04-15,27.8,27.89,27.34,27.54
2025-04-16,27.31,27.35,26.04,26.44
2025-04-17,26.34,26.85,26.34,26.42
2025-04-18,26.55,27.88,26.3,27.73
2025-04-21,27.72,28.12,27.29,28.11
2025-04-22,27.83,27.94,27.35,27.36
2025-04-23,27.9,28.55,27.73,28.09
2025-04-24,28.14,28.14,27.5,27.62
2025-04-25,27.87,30.22,27.87,29.2
2025-04-28,29.1,29.14,28.45,28.49
2025-04-29,27.74,27.9,27.3,27.64
2025-04-30,27.6,28.13,27.4,27.9
2025-05-06,28.36,30.39,28.35,30.03
2025-05-07,30.26,30.8,29.67,29.94
2025-05-08,30.46,31.77,30.23,31.4
2025-05-09,31.1,31.57,30.89,31.07
2025-05-12,31.6,32.18,31.0,31.68
2025-05-13,32.28,32.3,31.08,31.28
2025-05-14,31.2,32.45,31.19,31.64
2025-05-15,31.51,31.54,30.9,30.9
2025-05-16,30.6,31.3,30.53,30.84
2025-05-19,30.7,30.85,30.01,30.5
2025-05-20,30.5,30.8,30.07,30.73
2025-05-21,30.53,31.08,30.36,30.9
2025-05-22,30.7,31.77,30.6,31.19
2025-05-23,31.08,31.52,30.47,30.47
2025-05-26,30.35,30.98,30.25,30.54
2025-05-27,30.3,30.39,29.04,29.2
2025-05-28,29.35,30.1,29.35,30.06
2025-05-29,30.3,31.6,30.3,31.23
2025-05-30,31.0,31.09,30.43,30.98
2025-06-03,30.65,31.59,30.56,31.07
2025-06-04,31.63,33.33,31.61,33.19
2025-06-05,33.2,35.25,33.1,35.14
2025-06-06,34.98,35.83,34.81,35.43
2025-06-09,36.01,37.12,35.95,36.41
2025-06-10,36.1,37.53,35.81,36.87
2025-06-11,36.88,37.49,36.54,36.73
2025-06-12,36.52,38.8,36.49,38.05
2025-06-13,37.9,39.35,37.59,38.62
2025-06-16,38.99,40.76,38.7,40.28
2025-06-17,40.68,40.95,39.45,40.58
2025-06-18,40.68,44.64,40.68,44.64
2025-06-19,45.49,45.9,43.98,44.27
2025-06-20,44.06,44.44,42.39,43.21
2025-06-23,42.44,43.21,41.0,42.45
2025-06-24,42.68,43.09,41.71,42.0
2025-06-25,42.88,43.81,41.8,42.33
2025-06-26,43.35,43.48,41.52,41.95
2025-06-27,41.66,43.5,41.51,42.8
2025-06-30,43.08,43.3,41.93,42.58
2025-07-01,42.0,44.69,41.98,44.11
2025-07-02,43.39,43.4,42.06,42.51
2025-07-03,42.91,44.68,42.9,44.41
2025-07-04,46.7,48.51,46.59,47.3
2025-07-07,47.2,48.11,45.23,45.8
2025-07-08,45.45,49.37,45.37,49.07
2025-07-09,48.87,49.29,47.48,47.81
2025-07-10,48.4,48.55,45.92,47.25
2025-07-11,47.1,49.2,46.78,47.26
2025-07-14,47.3,48.55,47.21,48.01
2025-07-15,48.99,51.55,48.25,51.44
2025-07-16,51.9,51.95,48.86,48.91
2025-07-17,48.8,53.66,48.65,53.11
2025-07-18,53.51,55.09,51.97,52.1
2025-07-21,51.89,52.44,50.4,51.49
2025-07-22,51.26,53.46,50.59,51.45
2025-07-23,50.5,50.72,49.3,49.66
2025-07-24,50.66,51.16,48.9,49.69
2025-07-25,49.39,50.36,49.12,49.54
2025-07-28,49.91,53.32,49.13,52.74
2025-07-29,53.1,55.54,52.56,55.18
2025-07-30,54.68,54.78,53.22,54.48
2025-07-31,56.2,58.59,55.67,56.27
2025-08-01,55.31,56.78,53.21,53.85
2025-08-04,52.93,54.21,52.2,53.94
2025-08-05,54.69,55.26,51.7,52.58
2025-08-06,52.09,54.13,51.8,52.58
2025-08-07,52.58,53.44,50.1,51.22
2025-08-08,51.01,51.86,50.24,51.08
2025-08-11,51.0,52.69,50.83,52.03
2025-08-12,52.07,53.18,51.5,52.98
2025-08-13,53.86,58.28,53.0,58.28
2025-08-14,57.98,57.98,54.94,55.07
2025-08-15,54.88,57.05,54.4,55.35
2025-08-18,55.33,57.5,53.58,55.96
2025-08-19,55.83,57.62,54.26,54.95
2025-08-20,53.63,55.25,51.4,54.65
2025-08-21,54.68,55.0,51.7,53.57
2025-08-22,53.55,56.9,53.02,55.63
2025-08-25,56.32,58.48,54.69,57.95
2025-08-26,57.75,59.5,57.01,57.65
2025-08-27,57.41,61.67,57.41,58.89
2025-08-28,59.18,64.24,58.42,64.12
2025-08-29,64.5,70.0,63.2,68.79
2025-09-01,69.18,71.5,66.33,69.8
2025-09-02,69.2,72.21,65.42,67.22
2025-09-03,66.56,67.58,64.65,65.98
2025-09-04,66.43,67.49,59.38,59.38
2025-09-05,58.69,64.56,58.69,64.14
2025-09-08,63.97,63.97,59.08,60.37
2025-09-09,59.1,60.3,58.14,59.39
2025-09-10,61.01,64.45,61.01,63.48
2025-09-11,65.9,69.83,65.9,69.83
2025-09-12,69.6,73.0,69.1,71.9
2025-09-15,70.9,70.9,68.37,68.94
2025-09-16,68.86,74.2,68.86,72.0
2025-09-17,72.0,72.81,69.2,70.9
2025-09-18,70.14,77.98,70.01,75.42
2025-09-19,76.1,77.58,74.6,75.9
2025-09-22,76.28,81.2,74.0,80.06
2025-09-23,82.98,84.45,75.05,77.9
2025-09-24,76.02,76.68,73.43,74.45
2025-09-25,74.7,76.29,72.69,74.71
2025-09-26,74.64,74.92,71.88,72.02
2025-09-29,71.8,74.42,71.5,74.31
2025-09-30,74.67,75.39,72.69,73.47
2025-10-09,74.71,77.25,73.8,73.95
2025-10-10,73.06,76.69,71.31,72.76
2025-10-13,67.0,71.2,66.99,70.5
2025-10-14,71.9,72.6,65.38,65.8
2025-10-15,65.8,68.45,65.06,68.19
2025-10-16,67.8,68.71,66.88,67.25
2025-10-17,66.8,66.91,64.0,64.17
2025-10-20,65.31,68.75,65.31,66.95
2025-10-21,66.93,70.35,65.85,70.05
2025-10-22,69.15,71.49,69.0,69.95
2025-10-23,69.33,69.6,67.2,68.09
2025-10-24,70.04,73.18,69.78,73.11
2025-10-27,75.6,78.2,74.3,77.51
2025-10-28,76.2,81.12,76.1,80.0
2025-10-29,82.46,83.12,78.3,79.38
2025-10-30,79.3,80.3,75.67,75.7
2025-10-31,75.27,76.22,70.65,70.96
2025-11-03,70.07,71.66,68.9,71.63
2025-11-04,71.5,73.52,70.38,71.0
2025-11-05,68.02,70.97,67.44,70.39
2025-11-06,70.81,72.95,70.09,72.51
2025-11-07,71.22,71.25,68.6,69.44
2025-11-10,68.78,69.66,66.0,67.59
2025-11-11,68.9,69.04,65.15,65.48
2025-11-12,64.31,65.29,63.07,64.12
2025-11-13,63.98,64.97,63.02,64.46
2025-11-14,62.6,62.8,61.61,61.61
2025-11-17,62.1,64.29,61.81,62.4
2025-11-18,61.89,64.68,61.72,63.02
2025-11-19,63.5,64.95,63.02,63.58
2025-11-20,65.8,66.75,63.86,64.94
2025-11-21,62.6,64.0,61.4,61.5
2025-11-24,62.5,63.45,59.56,60.86
2025-11-25,62.54,66.95,62.44,66.95
2025-11-26,68.0,73.65,67.1,72.83
2025-11-27,71.36,74.0,69.93,70.13
2025-11-28,69.88,70.36,68.01,69.45
2025-12-01,69.65,72.8,69.12,72.09
2025-12-02,71.95,72.7,70.51,70.93
2025-12-03,70.85,73.75,70.78,71.54
2025-12-04,70.85,72.14,69.3,70.77
2025-12-05,71.0,71.0,68.01,68.53
2025-12-08,68.6,72.0,67.72,71.26
2025-12-09,70.81,75.48,70.3,73.85
2025-12-10,73.3,73.99,69.96,72.59
2025-12-11,72.21,73.16,70.4,70.42
2025-12-12,70.29,72.24,68.18,70.77
2025-12-15,69.53,71.44,68.23,68.63
2025-12-16,68.0,69.98,67.59,68.39
2025-12-17,68.45,72.0,68.22,72.0
2025-12-18,70.33,70.4,68.05,68.11
2025-12-19,69.0,69.28,67.5,67.52
2025-12-22,68.35,71.97,68.29,71.39
2025-12-23,71.39,73.71,70.9,71.42
2025-12-24,72.52,73.95,71.0,73.21
2025-12-25,73.14,73.91,71.62,72.44
2025-12-26,72.3,73.33,70.59,71.78
2025-12-29,71.65,77.74,71.2,76.74
2025-12-30,76.5,77.58,74.33,74.59
2025-12-31,75.43,76.23,72.58,73.07
2026-01-05,73.8,76.36,72.62,75.95
2026-01-06,75.0,75.25,72.55,73.7
2026-01-07,73.21,74.9,72.42,73.52
2026-01-08,73.17,73.99,70.88,71.23
2026-01-09,70.16,70.97,68.6,70.0
2026-01-12,69.8,69.97,67.17,69.12
2026-01-13,70.34,72.0,69.01,69.44
2026-01-14,70.0,74.96,70.0,73.62
2026-01-15,73.23,75.88,72.6,75.75
2026-01-16,76.01,79.45,74.68,77.0
2026-01-19,76.29,77.3,74.69,75.31
2026-01-20,74.91,74.98,70.75,71.13
2026-01-21,71.01,75.55,70.88,74.0
2026-01-22,75.6,77.0,74.8,76.34
2026-01-23,76.5,76.84,71.8,72.1
2026-01-26,71.8,72.45,70.8,71.65
2026-01-27,71.3,73.73,69.63,71.59
2026-01-28,73.03,74.16,71.72,72.03
2026-01-29,71.8,71.8,68.88,69.15
2026-01-30,68.35,70.35,68.22,69.75
2026-02-02,69.47,71.5,69.0,69.07
2026-02-03,70.0,70.48,67.46,69.58
2026-02-04,68.58,68.59,65.99,66.35
2026-02-05,65.5,67.3,64.98,65.97
2026-02-06,65.06,70.96,65.01,69.16
2026-02-09,70.7,73.31,70.01,71.59
2026-02-10,71.51,73.37,71.16,72.26
2026-02-11,71.76,72.75,69.31,69.41
2026-02-12,69.41,69.7,67.54,68.95
2026-02-13,68.53,70.78,67.9,69.17
2026-02-24,70.01,72.91,68.98,72.36
2026-02-25,73.0,77.87,73.0,77.6
2026-02-26,78.99,85.36,78.2,85.36
2026-02-27,85.36,85.8,82.5,83.6
2026-03-02,82.0,82.99,80.8,81.87
2026-03-03,81.96,82.49,75.8,76.22
2026-03-04,75.55,78.4,74.65,76.0
2026-03-05,78.01,79.31,75.62,76.45
2026-03-06,76.0,77.26,74.33,75.41
2026-03-09,73.0,74.66,69.5,74.19
2026-03-10,76.0,77.5,75.71,76.65
2026-03-11,76.4,77.5,75.45,77.24
2026-03-12,76.16,79.21,75.02,76.34
2026-03-13,76.36,83.48,76.25,81.18
2026-03-16,81.4,85.49,78.5,83.95
2026-03-17,87.0,90.1,85.42,85.59
2026-03-18,88.01,93.96,86.3,91.0
2026-03-19,88.55,90.0,85.77,86.33
2026-03-20,88.0,88.88,84.1,84.3
2026-03-23,81.95,83.2,79.8,80.24
2026-03-24,81.03,82.77,79.21,82.29
2026-03-25,83.3,85.39,81.76,82.52
2026-03-26,82.0,82.19,78.26,79.01
2026-03-27,77.03,82.61,76.49,80.64
2026-03-30,79.0,79.58,77.69,79.19
2026-03-31,78.8,78.94,75.35,75.97
2026-04-01,78.5,79.81,77.81,79.29
2026-04-02,79.0,79.1,75.89,76.27
2026-04-03,77.39,78.28,76.12,76.32
2026-04-07,76.51,77.85,75.33,76.43
2026-04-08,79.3,84.07,78.83,84.07
2026-04-09,84.68,87.11,84.15,85.84
2026-04-10,86.56,89.66,85.04,88.32
2026-04-13,86.5,90.62,86.41,88.67
2026-04-14,91.68,97.54,90.88,97.54
2026-04-15,98.6,99.13,92.0,92.78
2026-04-16,92.25,95.46,91.91,94.4
2026-04-17,93.68,99.38,93.6,97.66
2026-04-20,97.0,101.32,96.35,98.0
2026-04-21,96.51,101.0,95.85,99.82
2026-04-22,99.92,104.0,99.38,103.27
2026-04-23,105.03,109.26,103.27,106.62
2026-04-24,105.98,107.84,99.82,102.38
2026-04-27,104.01,106.88,103.2,104.95
2026-04-28,104.94,105.33,101.11,101.88
2026-04-29,101.0,104.14,99.05,101.98
2026-04-30,103.62,105.66,102.2,102.57
2026-05-06,104.9,107.5,103.9,104.79
2026-05-07,104.82,108.8,102.81,107.88
2026-05-08,105.83,111.36,105.18,108.71
2026-05-11,110.0,110.8,105.58,108.68
2026-05-12,110.16,110.5,105.16,108.68
2026-05-13,106.53,112.88,106.15,112.58
2026-05-14,114.38,114.46,106.3,107.02
2026-05-15,106.9,108.0,101.8,102.99
2026-05-18,101.55,106.68,101.55,104.26
2026-05-19,103.47,103.5,98.3,102.6
2026-05-20,102.6,105.3,101.7,103.58
2026-05-21,105.58,109.68,103.0,103.7
2026-05-22,106.0,114.07,106.0,114.07
2026-05-25,121.02,123.82,119.2,122.54
2026-05-26,122.9,134.79,122.55,133.36
2026-05-27,130.21,134.5,127.1,128.29
2026-05-28,126.1,135.35,125.36,133.06
2026-05-29,133.17,138.87,131.43,132.04
2026-06-01,132.04,134.99,122.28,122.51
2026-06-02,124.0,131.99,119.2,131.0
2026-06-03,131.04,138.42,127.0,129.8
2026-06-04,127.08,142.78,126.5,140.82
2026-06-05,137.1,141.28,131.81,133.22
2026-06-08,125.0,140.0,125.0,137.0
2026-06-09,138.0,142.3,133.01,141.09
2026-06-10,136.0,136.99,127.22,130.6
2026-06-11,129.07,130.82,124.22,126.91
2026-06-12,131.66,134.6,125.0,125.2
2026-06-15,128.5,134.0,122.22,133.76
2026-06-16,134.2,144.65,134.04,140.64
2026-06-17,138.0,149.9,137.1,146.55
2026-06-18,146.0,149.36,142.81,147.9
2026-06-22,149.79,151.9,141.45,145.26
2026-06-23,145.0,146.5,137.2,138.5
2026-06-24,138.53,144.98,137.64,143.35
2026-06-25,144.0,156.33,140.0,154.99
2026-06-26,152.98,155.25,143.26,147.28
2026-06-29,147.28,149.72,135.63,141.06
2026-06-30,141.1,155.08,141.1,152.8
2026-07-01,152.8,158.2,142.0,145.01
2026-07-02,138.15,139.13,130.51,130.51
2026-07-03,129.65,140.93,125.88,135.35
2026-07-06,136.0,137.9,123.0,128.83
2026-07-07,127.0,132.68,125.45,129.72
2026-07-08,131.0,132.5,125.13,128.2
2026-07-09,131.99,137.83,128.61,137.3
2026-07-10,137.6,141.89,129.2,129.44
2026-07-13,127.7,132.0,123.12,124.66
2026-07-14,128.55,137.13,128.35,137.13
2026-07-15,140.98,142.89,137.15,137.23
2026-07-16,133.81,142.99,133.16,136.72
2026-07-17,134.09,136.45,123.05,127.8
2026-07-20,130.35,131.48,115.02,115.02
2026-07-21,115.27,123.33,104.2,122.6
2026-07-22,121.0,123.98,113.65,114.23
2026-07-23,116.88,120.2,113.52,115.74
2026-07-24,112.0,116.49,110.01,112.22
2026-07-27,112.22,117.81,112.22,117.5
2026-07-28,112.5,113.63,105.75,105.75
2026-07-29,103.65,105.88,97.4,105.25
2026-07-30,104.21,104.6,94.73,96.55
2026-07-31,105.3,106.21,103.46,103.75
2026-08-03,102.0,104.06,99.81,101.61
2026-08-04,104.0,111.77,103.23,111.77
2026-08-05,109.65,119.0,109.5,115.6
2026-08-06,112.74,121.87,112.01,117.2
2026-08-07,119.54,127.77,119.54,125.87
2026-08-10,126.8,127.2,119.5,122.7
2026-08-11,120.07,124.98,119.14,121.0
2026-08-12,121.0,123.86,120.0,123.01
2026-08-13,124.9,128.99,120.29,120.66
2026-08-14,120.95,122.5,119.01,121.27
2026-08-17,122.0,125.35,120.66,125.09
2026-08-18,125.7,126.18,121.1,123.59
2026-08-19,118.07,120.33,112.5,113.41
2026-08-20,115.13,117.68,113.09,114.32
2026-08-21,113.67,122.51,113.39,121.21
2026-08-24,120.27,122.41,112.5,115.57
2026-08-25,113.08,118.12,112.22,114.29
2026-08-26,116.42,121.99,115.63,119.22
2026-08-27,122.0,124.39,118.91,122.02
2026-08-28,122.0,127.64,120.6,121.7
2026-08-31,118.19,125.0,118.0,124.91
2026-09-01,124.88,125.32,119.28,120.72
2026-09-02,119.06,120.6,118.1,118.39
2026-09-03,120.4,120.8,115.5,116.42
2026-09-04,118.0,119.2,110.59,111.5
2026-09-07,113.61,122.65,113.5,122.65
2026-09-08,126.0,129.25,124.0,124.9
2026-09-09,127.4,130.86,125.6,127.55
2026-09-10,126.06,131.25,126.06,127.92
2026-09-11,126.05,129.06,123.61,128.25
2026-09-14,122.28,128.49,122.25,125.7
2026-09-15,125.7,125.7,125.7,125.7
