date,open,high,low,close
2011-11-25,13.0,13.5,12.35,12.44
2011-11-28,12.44,12.49,11.91,12.05
2011-11-29,12.21,13.26,12.09,13.26
2011-11-30,12.98,13.08,11.98,12.37
2011-12-01,12.69,13.19,12.55,12.57
2011-12-02,12.1,12.18,11.51,11.68
2011-12-05,11.5,11.85,11.33,11.5
2011-12-06,11.45,11.88,11.4,11.72
2011-12-07,11.55,11.91,11.45,11.8
2011-12-08,11.65,12.12,11.33,11.87
2011-12-09,11.6,11.88,11.43,11.54
2011-12-12,11.54,11.6,11.35,11.35
2011-12-13,11.25,11.25,10.5,10.6
2011-12-14,10.52,10.64,10.22,10.27
2011-12-15,10.23,10.59,10.13,10.35
2011-12-16,10.35,10.59,10.11,10.58
2011-12-19,10.4,10.57,10.13,10.5
2011-12-20,10.4,10.68,10.34,10.4
2011-12-21,10.55,10.58,9.8,9.82
2011-12-22,9.65,9.66,9.17,9.39
2011-12-23,9.33,9.6,9.31,9.43
2011-12-26,9.38,9.52,9.08,9.09
2011-12-27,8.94,9.04,8.7,8.7
2011-12-28,8.6,8.79,8.41,8.72
2011-12-29,8.63,8.86,8.62,8.73
2011-12-30,8.77,9.03,8.75,8.89
2012-01-04,8.98,9.05,8.34,8.35
2012-01-05,8.33,8.33,7.83,7.84
2012-01-06,7.8,8.18,7.77,8.1
2012-01-09,8.07,8.52,7.96,8.47
2012-01-10,8.43,8.91,8.38,8.84
2012-01-11,8.78,8.92,8.7,8.82
2012-01-12,8.71,8.9,8.66,8.74
2012-01-13,8.76,8.79,8.12,8.19
2012-01-16,8.15,8.28,8.01,8.05
2012-01-17,8.07,8.67,8.02,8.62
2012-01-18,8.63,8.75,8.28,8.34
2012-01-19,8.3,8.49,8.2,8.46
2012-01-20,8.49,8.74,8.43,8.65
2012-01-30,8.69,8.75,8.52,8.6
2012-01-31,8.6,8.63,8.35,8.58
2012-02-01,8.52,8.63,8.4,8.46
2012-02-02,8.5,8.63,8.42,8.62
2012-02-03,8.6,8.85,8.56,8.8
2012-02-06,8.84,8.91,8.75,8.84
2012-02-07,8.8,8.83,8.57,8.61
2012-02-08,8.62,8.92,8.59,8.91
2012-02-09,8.9,9.22,8.9,8.94
2012-02-10,8.99,9.38,8.98,9.28
2012-02-13,9.3,9.65,9.16,9.49
2012-02-14,9.45,9.47,9.27,9.35
2012-02-15,9.35,9.62,9.32,9.54
2012-02-16,9.55,9.62,9.27,9.37
2012-02-17,9.4,9.45,9.14,9.27
2012-02-20,9.42,9.45,9.23,9.25
2012-02-21,9.25,9.39,9.11,9.38
2012-02-22,9.37,9.85,9.36,9.8
2012-02-23,9.77,9.84,9.61,9.73
2012-02-24,9.72,9.92,9.71,9.88
2012-02-27,9.9,10.37,9.81,9.84
2012-02-28,9.76,9.85,9.52,9.64
2012-02-29,9.55,9.71,9.4,9.42
2012-03-01,9.39,9.63,9.38,9.55
2012-03-02,9.5,9.85,9.5,9.8
2012-03-05,9.8,10.15,9.8,9.89
2012-03-06,9.85,9.86,9.59,9.64
2012-03-07,9.61,10.03,9.55,9.98
2012-03-08,9.95,10.12,9.93,9.99
2012-03-09,10.04,10.33,9.88,10.25
2012-03-12,10.25,10.27,10.1,10.21
2012-03-13,10.21,10.24,10.06,10.2
2012-03-14,10.24,10.3,9.38,9.48
2012-03-15,9.5,9.57,9.2,9.32
2012-03-16,9.44,9.6,9.35,9.58
2012-03-19,9.57,9.81,9.47,9.78
2012-03-20,9.82,9.93,9.55,9.56
2012-03-21,9.59,9.68,9.32,9.52
2012-03-22,9.51,9.6,9.43,9.47
2012-03-23,9.45,9.47,9.23,9.25
2012-03-26,9.26,9.34,9.21,9.32
2012-03-27,9.34,9.41,9.2,9.22
2012-03-28,9.18,9.18,8.59,8.61
2012-03-29,8.6,8.71,8.42,8.52
2012-03-30,8.58,8.6,8.33,8.39
2012-04-05,8.42,8.67,8.35,8.67
2012-04-06,8.67,8.8,8.56,8.75
2012-04-09,8.75,8.77,8.6,8.61
2012-04-10,8.62,8.68,8.34,8.68
2012-04-11,8.5,8.77,8.47,8.75
2012-04-12,8.78,8.95,8.71,8.91
2012-04-13,8.91,9.03,8.87,8.96
2012-04-16,8.89,8.97,8.83,8.92
2012-04-17,8.85,8.94,8.77,8.79
2012-04-18,8.79,9.05,8.79,9.03
2012-04-19,9.0,9.1,8.92,9.0
2012-04-20,9.05,9.15,8.99,9.11
2012-04-23,9.0,9.02,8.61,8.62
2012-04-24,8.41,8.55,8.01,8.26
2012-04-25,8.24,8.41,8.15,8.4
2012-04-26,8.39,8.46,8.35,8.39
2012-04-27,8.37,8.41,8.32,8.41
2012-05-02,8.55,8.56,8.43,8.49
2012-05-03,8.5,8.58,8.43,8.57
2012-05-04,8.55,8.67,8.53,8.66
2012-05-07,8.63,8.64,8.49,8.6
2012-05-08,8.59,8.67,8.46,8.64
2012-05-09,8.57,8.62,8.44,8.44
2012-05-10,8.43,8.54,8.43,8.47
2012-05-11,8.45,8.52,8.35,8.36
2012-05-14,8.42,8.44,8.32,8.34
2012-05-15,8.3,8.3,8.15,8.23
2012-05-16,8.21,8.26,8.17,8.17
2012-05-17,8.16,8.3,8.16,8.28
2012-05-21,8.21,8.25,8.13,8.22
2012-05-22,8.22,8.39,8.22,8.35
2012-05-23,8.33,8.35,8.18,8.26
2012-05-24,8.23,8.34,8.19,8.3
2012-05-25,8.3,8.38,8.14,8.17
2012-05-28,8.16,8.23,7.88,8.19
2012-05-29,8.2,8.4,8.12,8.38
2012-05-30,8.39,8.44,8.3,8.36
2012-05-31,8.3,8.43,8.21,8.35
2012-06-01,8.37,8.39,8.3,8.35
2012-06-04,8.16,8.24,7.95,7.98
2012-06-05,8.01,8.07,7.96,7.99
2012-06-06,8.0,8.16,7.98,8.03
2012-06-07,8.1,8.15,7.96,8.01
2012-06-08,8.09,8.12,7.98,8.01
2012-06-11,8.04,8.14,7.96,8.12
2012-06-12,8.09,8.1,7.98,7.99
2012-06-13,8.0,8.16,8.0,8.16
2012-06-14,8.13,8.22,8.11,8.12
2012-06-15,8.13,8.27,8.11,8.21
2012-06-18,8.29,8.3,8.18,8.25
2012-06-19,8.2,8.28,8.17,8.21
2012-06-20,8.2,8.3,8.18,8.3
2012-06-21,8.3,8.34,8.11,8.17
2012-06-25,8.15,8.16,7.96,7.97
2012-06-26,7.93,8.06,7.93,8.04
2012-06-27,8.07,8.1,7.96,7.99
2012-06-28,8.01,8.05,7.91,7.91
2012-06-29,7.88,8.07,7.85,8.04
2012-07-02,8.09,8.1,8.04,8.06
2012-07-03,8.06,8.18,8.01,8.17
2012-07-04,8.15,8.22,8.12,8.16
2012-07-05,8.16,8.16,7.93,7.93
2012-07-06,7.96,8.08,7.86,8.06
2012-07-09,8.01,8.1,7.86,7.89
2012-07-10,7.87,7.93,7.77,7.82
2012-07-11,7.76,7.85,7.75,7.8
2012-07-12,7.8,7.89,7.67,7.88
2012-07-13,7.81,7.88,7.72,7.73
2012-07-16,7.77,7.77,6.96,6.97
2012-07-17,6.97,7.05,6.97,7.03
2012-07-18,7.01,7.07,6.87,7.03
2012-07-19,7.05,7.17,6.93,7.07
2012-07-20,7.08,7.2,7.03,7.07
2012-07-23,7.03,7.03,6.9,6.94
2012-07-24,6.89,7.02,6.88,6.98
2012-07-25,6.97,7.12,6.94,6.99
2012-07-26,7.0,7.08,6.94,6.94
2012-07-27,6.96,7.06,6.91,6.96
2012-07-30,7.0,7.0,6.72,6.75
2012-07-31,6.74,6.78,6.54,6.56
2012-08-01,6.53,6.7,6.53,6.65
2012-08-02,6.64,6.67,6.53,6.58
2012-08-03,6.6,6.75,6.58,6.74
2012-08-06,6.69,6.95,6.68,6.91
2012-08-07,6.9,7.03,6.85,7.0
2012-08-08,6.97,7.02,6.89,6.93
2012-08-09,6.92,7.04,6.9,7.03
2012-08-10,7.0,7.09,6.96,7.04
2012-08-13,7.03,7.1,6.86,6.86
2012-08-14,6.88,6.99,6.81,6.98
2012-08-15,6.98,7.24,6.9,7.12
2012-08-16,7.13,7.19,7.06,7.11
2012-08-17,7.11,7.11,6.94,7.01
2012-08-20,6.94,6.99,6.85,6.93
2012-08-21,6.93,7.16,6.92,7.09
2012-08-22,7.03,7.15,6.96,7.01
2012-08-23,6.99,7.19,6.96,7.18
2012-08-24,7.14,7.31,7.05,7.08
2012-08-27,7.09,7.09,6.8,6.85
2012-08-28,6.86,6.99,6.81,6.95
2012-08-29,6.95,7.19,6.9,7.03
2012-08-30,7.01,7.11,6.8,6.92
2012-08-31,6.88,7.06,6.88,7.04
2012-09-03,7.01,7.16,7.0,7.14
2012-09-04,7.11,7.19,7.07,7.1
2012-09-05,7.06,7.24,7.05,7.19
2012-09-06,7.21,7.29,7.14,7.28
2012-09-07,7.33,7.53,7.28,7.42
2012-09-10,7.41,7.48,7.33,7.47
2012-09-11,7.44,7.44,7.3,7.36
2012-09-12,7.39,7.45,7.32,7.41
2012-09-13,7.4,7.42,7.28,7.29
2012-09-14,7.38,7.4,7.2,7.27
2012-09-17,7.28,7.29,7.05,7.05
2012-09-18,7.01,7.11,6.99,7.02
2012-09-19,7.04,7.16,7.04,7.13
2012-09-20,7.12,7.12,6.83,6.86
2012-09-21,6.82,6.95,6.81,6.81
2012-09-24,6.83,6.83,6.69,6.81
2012-09-25,6.78,6.85,6.71,6.75
2012-09-26,6.73,6.77,6.57,6.6
2012-09-27,6.61,6.85,6.61,6.76
2012-09-28,6.81,6.85,6.73,6.84
2012-10-08,6.85,6.9,6.82,6.86
2012-10-09,6.85,7.02,6.85,7.01
2012-10-10,7.02,7.17,6.96,7.13
2012-10-11,7.09,7.15,7.02,7.03
2012-10-12,7.03,7.11,6.92,6.99
2012-10-15,6.96,6.99,6.83,6.89
2012-10-16,6.9,7.0,6.88,6.9
2012-10-17,6.91,6.97,6.84,6.95
2012-10-18,6.96,7.1,6.94,7.08
2012-10-19,7.09,7.13,7.03,7.11
2012-10-22,7.05,7.09,6.97,7.08
2012-10-23,7.02,7.13,7.01,7.04
2012-10-24,7.01,7.08,6.94,7.03
2012-10-25,7.06,7.13,7.01,7.02
2012-10-26,7.04,7.04,6.72,6.81
2012-10-29,6.79,6.87,6.78,6.81
2012-10-30,6.8,6.86,6.59,6.66
2012-10-31,6.66,6.71,6.63,6.7
2012-11-01,6.66,6.82,6.65,6.78
2012-11-02,6.75,6.94,6.75,6.88
2012-11-05,6.86,6.98,6.8,6.9
2012-11-06,6.91,6.93,6.72,6.84
2012-11-07,6.82,6.88,6.78,6.84
2012-11-08,6.86,6.87,6.68,6.7
2012-11-09,6.71,6.72,6.62,6.67
2012-11-12,6.67,6.77,6.66,6.77
2012-11-13,6.77,6.78,6.61,6.63
2012-11-14,6.68,6.68,6.59,6.66
2012-11-15,6.61,6.61,6.4,6.44
2012-11-16,6.41,6.46,6.3,6.32
2012-11-19,6.29,6.38,6.25,6.38
2012-11-20,6.38,6.66,6.38,6.47
2012-11-21,6.41,6.54,6.33,6.52
2012-11-22,6.51,6.51,6.35,6.4
2012-11-23,6.4,6.46,6.33,6.36
2012-11-26,6.36,6.54,6.34,6.4
2012-11-27,6.35,6.39,6.08,6.08
2012-11-28,6.11,6.11,5.78,5.85
2012-11-29,5.93,5.93,5.8,5.8
2012-11-30,5.8,5.87,5.78,5.86
2012-12-03,5.81,5.89,5.65,5.68
2012-12-04,5.62,5.78,5.49,5.7
2012-12-05,5.68,5.93,5.66,5.89
2012-12-06,5.84,5.92,5.78,5.87
2012-12-07,5.87,6.02,5.81,6.0
2012-12-10,6.07,6.11,5.94,6.08
2012-12-11,6.06,6.08,5.95,5.99
2012-12-12,6.0,6.04,5.93,6.03
2012-12-13,6.04,6.05,5.93,5.93
2012-12-14,5.9,6.18,5.9,6.16
2012-12-17,6.18,6.22,6.11,6.16
2012-12-18,6.16,6.2,6.11,6.16
2012-12-19,6.15,6.21,6.11,6.17
2012-12-20,6.15,6.27,6.13,6.24
2012-12-21,6.21,6.3,6.15,6.19
2012-12-24,6.26,6.38,6.22,6.26
2012-12-25,6.23,6.43,6.19,6.39
2012-12-26,6.38,6.7,6.37,6.7
2012-12-27,6.71,7.37,6.66,7.19
2012-12-28,7.05,7.1,6.91,6.99
2012-12-31,7.07,7.1,6.95,7.02
2013-01-04,7.06,7.21,7.0,7.07
2013-01-07,7.06,7.08,6.92,7.05
2013-01-08,7.04,7.22,7.02,7.18
2013-01-09,7.14,7.35,7.09,7.15
2013-01-10,7.16,7.22,7.1,7.18
2013-01-11,7.16,7.21,6.92,6.97
2013-01-14,6.9,7.16,6.88,7.14
2013-01-15,7.15,7.33,7.1,7.28
2013-01-16,7.29,7.31,7.13,7.2
2013-01-17,7.2,7.27,7.14,7.15
2013-01-18,7.16,7.24,7.11,7.21
2013-01-21,7.21,7.54,7.17,7.52
2013-01-22,7.52,7.58,7.19,7.24
2013-01-23,7.21,7.21,6.9,7.05
2013-01-24,7.08,7.15,6.8,6.86
2013-01-25,6.88,6.99,6.83,6.91
2013-01-28,6.96,7.05,6.85,7.04
2013-01-29,7.05,7.08,6.98,7.03
2013-01-30,7.08,7.08,6.96,7.02
2013-01-31,7.01,7.06,6.94,6.96
2013-02-01,7.0,7.04,6.88,7.04
2013-02-04,6.98,7.09,6.98,7.04
2013-02-05,7.03,7.07,6.98,7.04
2013-02-06,7.05,7.16,7.04,7.07
2013-02-07,7.07,7.12,7.02,7.09
2013-02-08,7.07,7.2,7.07,7.16
2013-02-18,7.18,7.28,7.16,7.22
2013-02-19,7.22,7.25,7.02,7.03
2013-02-20,7.08,7.14,7.0,7.13
2013-02-21,7.13,7.13,6.95,6.99
2013-02-22,6.97,7.08,6.96,6.98
2013-02-25,6.97,7.06,6.95,7.05
2013-02-26,7.02,7.09,6.96,7.0
2013-02-27,6.99,7.06,6.96,7.05
2013-02-28,7.01,7.2,7.01,7.18
2013-03-01,7.18,7.25,7.11,7.23
2013-03-04,7.21,7.23,6.97,7.02
2013-03-05,7.04,7.35,7.04,7.35
2013-03-06,7.34,7.43,7.32,7.4
2013-03-07,7.4,7.41,7.24,7.31
2013-03-08,7.31,7.34,7.2,7.24
2013-03-11,7.23,7.29,7.2,7.24
2013-03-12,7.26,7.28,6.87,6.96
2013-03-13,6.91,6.97,6.78,6.82
2013-03-14,6.83,6.91,6.81,6.83
2013-03-15,6.88,7.1,6.8,6.93
2013-03-18,6.87,6.87,6.46,6.51
2013-03-19,6.51,6.55,6.34,6.51
2013-03-20,6.54,6.68,6.48,6.66
2013-03-21,6.66,6.74,6.62,6.7
2013-03-22,6.7,6.75,6.62,6.71
2013-03-25,6.71,6.78,6.65,6.71
2013-03-26,6.71,6.71,6.56,6.63
2013-03-27,6.63,6.69,6.58,6.61
2013-03-28,6.61,6.61,6.39,6.39
2013-03-29,6.4,6.43,6.35,6.39
2013-04-01,6.37,6.47,6.37,6.44
2013-04-02,6.45,6.49,6.35,6.35
2013-04-03,6.37,6.42,6.24,6.28
2013-04-08,6.28,6.28,6.13,6.26
2013-04-09,6.24,6.33,6.2,6.31
2013-04-10,6.34,6.34,6.22,6.31
2013-04-11,6.3,6.34,6.3,6.31
2013-04-12,6.32,6.42,6.32,6.36
2013-04-15,6.36,6.38,6.16,6.23
2013-04-16,6.19,6.28,6.15,6.28
2013-04-17,6.31,6.35,6.25,6.34
2013-04-18,6.34,6.41,6.28,6.38
2013-04-19,6.34,6.52,6.34,6.47
2013-04-22,6.45,6.5,6.39,6.49
2013-04-23,6.49,6.52,6.28,6.32
2013-04-24,6.33,6.45,6.27,6.44
2013-04-25,6.43,6.51,6.36,6.38
2013-04-26,6.36,6.44,6.3,6.3
2013-05-02,6.28,6.35,6.22,6.34
2013-05-03,6.35,6.47,6.3,6.41
2013-05-06,6.42,6.54,6.4,6.53
2013-05-07,6.5,6.58,6.47,6.5
2013-05-08,6.55,6.65,6.5,6.62
2013-05-09,6.58,6.64,6.51,6.61
2013-05-10,6.59,6.76,6.57,6.75
2013-05-13,6.66,6.91,6.45,6.89
2013-05-14,6.89,7.09,6.7,6.78
2013-05-15,6.75,6.79,6.61,6.72
2013-05-16,6.71,6.92,6.71,6.92
2013-05-17,6.88,7.0,6.84,6.95
2013-05-20,6.95,7.08,6.93,7.04
2013-05-21,7.04,7.64,7.0,7.44
2013-05-22,7.31,7.63,7.31,7.38
2013-05-23,7.33,7.45,7.17,7.18
2013-05-24,7.18,7.4,7.15,7.33
2013-05-27,7.37,7.43,7.23,7.32
2013-05-28,7.32,7.34,7.14,7.26
2013-05-29,7.27,7.32,7.19,7.3
2013-05-30,7.25,7.37,7.23,7.28
2013-05-31,7.29,7.35,7.2,7.22
2013-06-03,7.23,7.57,7.19,7.29
2013-06-04,7.25,7.43,7.08,7.4
2013-06-05,7.36,7.8,7.35,7.59
2013-06-06,7.48,7.59,7.2,7.24
2013-06-07,7.24,7.28,7.0,7.07
2013-06-13,6.96,6.97,6.74,6.78
2013-06-14,6.81,6.92,6.8,6.9
2013-06-17,6.93,7.1,6.85,6.93
2013-06-18,6.92,7.42,6.88,7.19
2013-06-19,7.16,7.44,7.09,7.26
2013-06-20,7.22,7.26,7.06,7.06
2013-06-21,6.9,7.26,6.8,7.09
2013-06-24,7.1,7.28,6.78,6.95
2013-06-25,6.81,7.16,6.27,7.02
2013-06-26,7.02,7.39,6.88,7.34
2013-06-27,7.35,7.43,7.13,7.21
2013-06-28,7.02,7.06,6.6,6.64
2013-07-01,6.64,6.75,6.51,6.7
2013-07-02,6.66,6.73,6.61,6.71
2013-07-03,6.68,6.68,6.32,6.49
2013-07-04,6.45,6.66,6.39,6.51
2013-07-05,6.53,6.61,6.49,6.53
2013-07-08,6.48,6.48,6.18,6.18
2013-07-09,6.15,6.36,6.14,6.24
2013-07-10,6.26,6.46,6.23,6.45
2013-07-11,6.46,6.63,6.4,6.56
2013-07-12,6.55,6.63,6.45,6.45
2013-07-15,6.41,6.64,6.41,6.63
2013-07-16,6.63,6.7,6.56,6.65
2013-07-17,6.65,6.75,6.6,6.6
2013-07-18,6.61,6.65,6.51,6.56
2013-07-19,6.62,6.83,6.56,6.61
2013-07-22,6.69,6.78,6.59,6.76
2013-07-23,6.77,6.88,6.73,6.85
2013-07-24,6.82,6.95,6.74,6.91
2013-07-25,6.9,6.94,6.71,6.75
2013-07-26,6.7,7.03,6.68,7.03
2013-07-29,7.05,7.25,6.95,7.17
2013-07-30,7.12,7.15,6.88,7.12
2013-07-31,7.02,7.17,6.93,6.94
2013-08-01,6.94,7.3,6.94,7.29
2013-08-02,7.29,7.57,7.22,7.39
2013-08-05,7.4,7.74,7.33,7.45
2013-08-06,7.37,7.6,7.36,7.47
2013-08-07,7.47,7.7,7.36,7.48
2013-08-08,7.47,7.63,7.32,7.52
2013-08-09,7.48,7.66,7.33,7.42
2013-08-12,7.38,7.46,7.26,7.4
2013-08-13,7.38,7.58,7.35,7.49
2013-08-14,7.51,7.67,7.34,7.35
2013-08-15,7.32,7.39,7.2,7.25
2013-08-16,7.22,7.38,7.06,7.08
2013-08-19,7.08,7.79,7.05,7.79
2013-08-20,8.1,8.55,8.05,8.4
2013-08-21,8.18,8.51,8.12,8.51
2013-08-22,8.38,8.49,8.25,8.32
2013-08-23,8.3,8.58,7.9,8.11
2013-08-26,8.05,8.38,8.01,8.31
2013-08-27,8.2,8.42,8.15,8.34
2013-08-28,8.22,9.15,8.1,8.59
2013-08-29,8.48,8.58,8.17,8.23
2013-08-30,8.25,8.38,7.78,7.82
2013-09-02,7.85,7.97,7.68,7.93
2013-09-03,7.92,7.99,7.85,7.94
2013-09-04,7.94,8.01,7.78,7.93
2013-09-05,7.88,8.02,7.8,8.0
2013-09-06,7.94,8.14,7.88,7.94
2013-09-09,7.91,8.02,7.88,7.94
2013-09-10,8.0,8.4,8.0,8.3
2013-09-11,8.34,8.34,7.9,7.95
2013-09-12,7.9,8.07,7.81,7.83
2013-09-13,7.83,7.88,7.71,7.88
2013-09-16,7.88,7.99,7.74,7.87
2013-09-17,7.87,7.95,7.75,7.75
2013-09-18,7.7,7.86,7.7,7.78
2013-09-23,7.76,7.97,7.75,7.96
2013-09-24,8.0,8.12,7.95,8.05
2013-09-25,8.05,8.1,7.85,7.88
2013-09-26,7.88,7.92,7.56,7.56
2013-09-27,7.59,7.7,7.54,7.54
2013-09-30,7.56,7.72,7.56,7.69
2013-10-08,7.83,7.9,7.74,7.9
2013-10-09,7.84,8.01,7.84,7.94
2013-10-10,7.95,8.04,7.86,7.91
2013-10-11,7.94,8.08,7.94,8.08
2013-10-14,8.07,8.2,8.0,8.08
2013-10-15,8.09,8.17,7.96,8.01
2013-10-16,8.01,8.01,7.75,7.8
2013-10-17,7.69,7.91,7.69,7.8
2013-10-18,7.73,7.88,7.73,7.87
2013-10-21,7.89,8.32,7.89,8.25
2013-10-22,8.3,8.3,8.07,8.11
2013-10-23,8.07,8.19,7.82,7.88
2013-10-24,7.82,7.97,7.77,7.93
2013-10-25,7.93,8.02,7.67,7.67
2013-10-28,7.62,7.7,7.43,7.5
2013-10-29,7.52,7.58,7.02,7.19
2013-10-30,7.19,7.34,7.18,7.33
2013-10-31,7.27,7.38,7.23,7.31
2013-11-01,7.21,7.31,7.1,7.28
2013-11-04,7.22,7.37,7.2,7.37
2013-11-05,7.33,7.44,7.21,7.43
2013-11-06,7.42,7.54,7.38,7.38
2013-11-07,7.4,7.4,7.2,7.25
2013-11-08,7.2,7.4,7.18,7.21
2013-11-11,7.24,7.36,7.17,7.3
2013-11-12,7.27,7.46,7.26,7.45
2013-11-13,7.45,7.45,7.31,7.31
2013-11-14,7.31,7.5,7.28,7.48
2013-11-15,7.6,7.78,7.51,7.67
2013-11-18,7.67,7.83,7.61,7.75
2013-11-19,7.75,7.79,7.66,7.7
2013-11-20,7.66,7.81,7.66,7.81
2013-11-21,7.78,7.78,7.65,7.72
2013-11-22,7.72,7.75,7.63,7.66
2013-11-25,7.67,7.76,7.62,7.7
2013-11-26,7.72,7.94,7.72,7.85
2013-11-27,7.88,7.95,7.81,7.89
2013-11-28,7.94,8.13,7.88,8.04
2013-11-29,8.01,8.33,8.0,8.21
2013-12-02,8.0,8.47,7.82,7.94
2013-12-03,7.8,8.22,7.77,8.19
2013-12-04,8.2,8.47,8.15,8.42
2013-12-05,8.42,8.48,8.2,8.34
2013-12-06,8.34,8.43,8.2,8.26
2013-12-09,8.36,8.36,8.17,8.3
2013-12-10,8.3,8.45,8.23,8.26
2013-12-11,8.26,8.26,8.01,8.06
2013-12-12,8.04,8.38,8.04,8.33
2013-12-13,8.29,8.45,8.23,8.27
2013-12-16,8.3,8.58,8.16,8.16
2013-12-17,8.21,8.29,8.06,8.17
2013-12-18,8.17,8.24,8.08,8.16
2013-12-19,8.16,8.25,7.95,7.96
2013-12-20,7.87,8.11,7.87,8.0
2013-12-23,7.95,8.01,7.87,7.95
2013-12-24,7.95,8.12,7.91,8.06
2013-12-25,8.06,8.29,8.04,8.29
2013-12-26,8.26,8.42,8.13,8.31
2013-12-27,8.3,8.54,8.25,8.44
2013-12-30,8.53,8.68,8.42,8.58
2013-12-31,8.55,8.56,8.24,8.24
2014-01-02,8.33,9.06,8.33,8.98
2014-01-03,8.79,8.96,8.7,8.85
2014-01-06,8.73,8.76,7.98,8.08
2014-01-07,8.03,8.19,7.92,8.06
2014-01-08,8.06,8.19,7.99,8.14
2014-01-09,8.14,8.19,7.79,7.81
2014-01-10,7.8,7.8,7.52,7.58
2014-01-13,7.62,7.72,7.5,7.66
2014-01-14,7.69,7.85,7.59,7.85
2014-01-15,7.84,7.98,7.8,7.95
2014-01-16,7.95,8.03,7.91,7.92
2014-01-17,7.87,7.92,7.8,7.81
2014-01-20,7.82,7.97,7.68,7.95
2014-01-21,7.95,8.1,7.95,8.07
2014-01-22,8.08,8.24,8.04,8.21
2014-01-23,8.21,8.32,8.17,8.26
2014-01-24,8.22,8.46,8.18,8.31
2014-01-27,8.24,8.35,8.17,8.19
2014-01-28,8.17,8.42,8.15,8.4
2014-01-29,8.39,8.48,8.32,8.4
2014-01-30,8.4,8.45,8.19,8.22
2014-02-07,8.21,8.39,8.1,8.37
2014-02-10,8.37,8.64,8.37,8.59
2014-02-11,8.59,8.79,8.48,8.71
2014-02-12,8.71,8.85,8.5,8.84
2014-02-13,8.8,8.94,8.64,8.65
2014-02-14,8.67,9.06,8.66,9.01
2014-02-17,9.09,9.2,8.83,9.1
2014-02-18,9.02,9.56,9.02,9.37
2014-02-19,9.29,9.45,9.14,9.45
2014-02-20,9.4,9.48,9.03,9.06
2014-02-21,9.05,9.15,8.72,8.83
2014-02-24,8.83,9.16,8.8,9.16
2014-02-25,9.28,9.31,8.56,8.65
2014-02-26,8.61,8.8,8.44,8.73
2014-02-27,8.69,8.89,8.53,8.55
2014-02-28,8.54,8.73,8.41,8.73
2014-03-03,8.73,8.98,8.6,8.97
2014-03-04,8.95,9.14,8.85,9.06
2014-03-05,9.06,9.16,8.88,8.94
2014-03-06,8.94,9.0,8.75,8.94
2014-03-07,8.94,9.25,8.89,9.15
2014-03-10,9.11,9.11,8.62,8.62
2014-03-11,8.53,8.78,8.46,8.6
2014-03-12,8.62,8.72,8.46,8.62
2014-03-13,8.6,8.79,8.59,8.72
2014-03-14,8.67,8.77,8.56,8.68
2014-03-17,8.68,9.05,8.61,8.96
2014-03-18,8.91,9.15,8.91,9.11
2014-03-19,9.06,9.26,9.02,9.25
2014-03-20,9.2,9.26,8.91,8.93
2014-03-21,8.73,9.2,8.56,9.16
2014-03-24,9.17,9.23,9.08,9.18
2014-03-25,9.19,9.38,9.08,9.21
2014-03-26,9.21,9.51,9.16,9.5
2014-03-27,9.47,9.53,9.02,9.08
2014-03-28,9.03,9.17,8.66,8.73
2014-03-31,8.77,8.89,8.7,8.82
2014-04-01,8.76,8.85,8.61,8.8
2014-04-02,8.82,8.86,8.7,8.71
2014-04-03,8.68,8.83,8.66,8.81
2014-04-04,8.77,8.99,8.75,8.94
2014-04-08,8.92,9.06,8.88,9.06
2014-04-09,9.06,9.17,9.03,9.14
2014-04-10,9.12,9.22,9.05,9.06
2014-04-11,9.0,9.14,8.89,9.13
2014-04-14,9.12,9.26,9.04,9.21
2014-04-15,9.24,9.24,9.0,9.05
2014-04-16,9.0,9.43,8.96,9.38
2014-04-17,9.37,9.45,9.25,9.33
2014-04-18,9.22,10.2,9.22,9.87
2014-04-21,9.8,10.86,9.68,10.6
2014-04-22,10.26,10.56,10.15,10.56
2014-04-23,10.38,10.47,9.79,9.94
2014-04-24,9.96,10.93,9.88,10.93
2014-04-25,11.1,11.85,10.69,10.7
2014-04-28,10.32,11.39,10.16,11.27
2014-04-29,11.0,11.12,10.33,10.93
2014-04-30,11.0,11.38,10.6,10.73
2014-05-05,10.67,10.67,9.99,10.59
2014-05-06,10.47,11.65,10.32,11.65
2014-05-07,11.99,12.78,11.8,12.51
2014-05-08,12.02,13.18,11.93,12.54
2014-05-09,12.25,13.15,12.03,12.11
2014-05-12,11.7,12.39,11.62,12.14
2014-05-13,11.97,13.35,11.78,13.35
2014-05-14,13.28,13.28,12.58,12.96
2014-05-15,12.84,12.97,12.23,12.46
2014-05-16,12.51,13.2,12.3,12.37
2014-05-19,11.85,11.89,11.13,11.13
2014-05-20,11.08,11.34,10.91,11.21
2014-05-21,11.13,11.16,10.84,11.15
2014-05-22,11.12,11.26,10.88,10.95
2014-05-23,10.93,11.05,10.55,11.02
2014-05-26,10.95,11.43,10.91,11.24
2014-05-27,11.12,11.2,10.88,11.0
2014-05-28,10.92,11.2,10.86,11.05
2014-05-29,11.05,11.15,10.41,10.5
2014-05-30,10.37,10.65,10.25,10.56
2014-06-03,10.55,11.1,10.5,10.87
2014-06-04,10.84,10.98,10.52,10.7
2014-06-05,10.61,10.85,10.52,10.83
2014-06-06,10.78,10.97,10.6,10.66
2014-06-09,10.6,10.69,10.31,10.35
2014-06-10,10.38,10.8,10.34,10.79
2014-06-11,10.71,10.78,10.56,10.7
2014-06-12,10.69,10.69,10.49,10.65
2014-06-13,10.63,10.92,10.59,10.82
2014-06-16,10.8,11.19,10.71,11.05
2014-06-17,11.06,11.64,10.87,11.38
2014-06-18,11.37,11.54,11.05,11.12
2014-06-19,11.11,11.18,10.01,10.01
2014-06-20,9.9,9.95,9.64,9.91
2014-06-23,9.93,10.17,9.82,10.1
2014-06-24,10.1,10.13,9.91,10.05
2014-06-25,10.08,10.17,9.96,10.07
2014-06-26,10.09,10.23,10.03,10.2
2014-06-27,10.16,10.36,10.14,10.25
2014-06-30,10.2,10.44,10.2,10.41
2014-07-01,10.41,10.47,10.31,10.45
2014-07-02,10.45,10.51,10.3,10.4
2014-07-03,10.43,10.46,10.33,10.41
2014-07-04,10.46,10.47,10.32,10.37
2014-07-07,10.37,10.46,10.21,10.3
2014-07-08,10.3,10.35,10.1,10.31
2014-07-09,10.34,11.33,10.3,10.87
2014-07-10,10.73,11.2,10.63,11.04
2014-07-11,11.0,11.05,10.81,10.92
2014-07-14,10.93,11.3,10.93,11.09
2014-07-15,11.17,11.45,11.03,11.25
2014-07-16,11.27,11.27,10.72,10.81
2014-07-17,10.82,10.9,10.67,10.84
2014-07-18,10.89,11.46,10.85,11.23
2014-07-21,11.21,11.22,10.93,11.05
2014-07-22,11.0,11.1,10.84,11.1
2014-07-23,11.1,11.1,10.7,10.7
2014-07-24,10.72,10.78,9.82,10.23
2014-07-25,10.23,10.33,10.11,10.3
2014-07-28,10.29,10.54,10.23,10.47
2014-07-29,10.42,10.63,10.38,10.56
2014-07-30,10.56,10.62,10.46,10.62
2014-07-31,10.62,10.86,10.56,10.82
2014-08-01,10.75,10.8,10.62,10.63
2014-08-04,10.61,11.02,10.61,11.0
2014-08-05,11.02,11.1,10.85,11.02
2014-08-06,10.97,11.08,10.91,11.02
2014-08-07,11.0,11.06,10.81,10.84
2014-08-08,10.78,11.04,10.78,11.03
2014-08-11,11.05,11.14,11.02,11.11
2014-08-12,11.1,11.25,11.04,11.16
2014-08-13,11.18,11.64,11.17,11.43
2014-08-14,11.4,12.24,11.31,12.04
2014-08-15,12.0,12.08,11.75,12.04
2014-08-18,12.07,12.1,11.82,12.05
2014-08-19,12.0,12.4,11.88,12.05
2014-08-20,12.04,12.05,11.72,11.74
2014-08-21,11.84,11.87,11.48,11.69
2014-08-22,11.78,12.09,11.66,11.95
2014-08-25,11.95,12.29,11.91,12.23
2014-08-26,12.2,12.22,11.63,11.68
2014-08-27,11.67,11.77,11.57,11.7
2014-08-28,11.72,11.86,11.54,11.58
2014-08-29,11.51,11.76,11.51,11.74
2014-09-01,11.71,12.13,11.71,12.07
2014-09-02,12.1,12.45,11.99,12.32
2014-09-03,12.34,12.4,12.09,12.29
2014-09-04,12.31,12.65,12.16,12.5
2014-09-05,12.52,12.65,12.4,12.56
2014-09-09,12.58,12.58,12.31,12.39
2014-09-10,12.36,12.64,12.23,12.61
2014-09-11,12.61,12.99,12.45,12.66
2014-09-12,12.59,12.89,12.52,12.83
2014-09-15,12.77,13.21,12.75,13.12
2014-09-16,13.17,13.18,12.33,12.38
2014-09-17,12.38,12.58,12.22,12.53
2014-09-18,12.45,12.64,12.42,12.56
2014-09-19,12.61,12.77,12.41,12.74
2014-09-22,12.72,12.72,12.5,12.51
2014-09-23,12.82,13.57,12.82,13.03
2014-09-24,12.9,13.5,12.83,13.34
2014-09-25,13.36,13.67,13.15,13.64
2014-09-26,13.5,13.83,13.49,13.59
2014-09-29,13.63,14.3,13.62,13.99
2014-09-30,14.0,14.1,13.82,13.98
2014-10-08,14.01,14.05,13.65,14.03
2014-10-09,14.09,14.28,13.76,13.94
2014-10-10,13.86,13.97,13.75,13.79
2014-10-13,13.63,13.8,13.47,13.72
2014-10-14,13.78,14.2,13.7,13.98
2014-10-15,14.03,14.03,13.6,13.92
2014-10-16,13.89,14.12,13.51,13.53
2014-10-17,13.46,13.63,12.81,13.18
2014-10-20,13.19,13.48,13.19,13.41
2014-10-21,13.39,13.51,13.19,13.23
2014-10-22,13.28,13.39,12.6,12.69
2014-10-23,12.69,12.74,12.35,12.4
2014-10-24,12.39,12.76,12.39,12.48
2014-10-27,12.49,12.8,12.4,12.8
2014-10-28,12.88,13.13,12.79,13.1
2014-10-29,13.11,13.38,13.11,13.25
2014-10-30,13.26,13.32,13.16,13.23
2014-10-31,13.25,13.47,13.04,13.14
2014-11-03,13.24,13.32,13.15,13.31
2014-11-04,13.28,13.39,13.08,13.17
2014-11-05,13.18,13.2,12.93,12.97
2014-11-06,12.9,13.08,12.89,13.05
2014-11-07,13.1,13.43,13.06,13.29
2014-11-10,13.26,13.85,13.26,13.53
2014-11-11,13.58,13.72,12.59,12.82
2014-11-12,12.78,13.03,12.5,12.99
2014-11-13,12.99,13.02,12.58,12.61
2014-11-14,12.62,12.79,12.43,12.51
2014-11-17,12.53,13.05,12.53,12.79
2014-11-18,12.85,12.91,12.73,12.83
2014-11-19,12.98,13.39,12.91,13.26
2014-11-20,13.2,13.25,13.04,13.11
2014-11-21,13.1,13.8,13.07,13.64
2014-11-24,13.7,13.75,13.47,13.65
2014-11-25,13.68,13.95,13.63,13.71
2014-11-26,13.73,13.85,13.59,13.71
2014-11-27,13.8,13.97,13.75,13.9
2014-11-28,13.87,13.94,13.48,13.58
2014-12-01,13.58,13.58,13.25,13.42
2014-12-02,13.4,13.73,13.4,13.58
2014-12-03,13.63,13.69,13.3,13.67
2014-12-04,13.84,14.99,13.8,14.62
2014-12-05,14.48,14.49,13.5,13.88
2014-12-08,13.63,14.21,13.6,13.71
2014-12-09,13.75,13.75,12.6,12.67
2014-12-10,12.68,13.1,12.66,13.1
2014-12-11,13.0,13.25,13.0,13.12
2014-12-12,13.09,13.26,13.05,13.22
2014-12-15,13.2,13.48,13.11,13.47
2014-12-16,13.47,13.6,13.25,13.51
2014-12-17,13.48,13.48,13.0,13.19
2014-12-18,13.12,13.28,13.03,13.1
2014-12-19,13.19,13.19,12.66,12.82
2014-12-22,12.76,12.76,11.7,11.89
2014-12-23,11.9,12.18,11.81,11.87
2014-12-24,11.91,12.26,11.91,12.26
2014-12-25,12.25,12.45,12.25,12.38
2014-12-26,12.36,12.38,12.17,12.27
2014-12-29,12.22,12.36,11.8,11.82
2014-12-30,11.63,12.08,11.56,11.65
2014-12-31,11.77,11.92,11.66,11.81
2015-01-05,11.8,11.88,11.56,11.83
2015-01-06,11.79,12.18,11.72,12.13
2015-01-07,12.09,12.15,11.81,11.92
2015-01-08,11.9,12.02,11.8,11.88
2015-01-09,11.91,12.02,11.75,11.76
2015-01-12,11.7,11.7,11.26,11.3
2015-01-13,11.33,11.53,11.3,11.5
2015-01-14,11.51,11.72,11.46,11.52
2015-01-15,11.52,11.68,11.48,11.56
2015-01-16,11.56,11.83,11.56,11.74
2015-01-19,11.61,12.07,11.51,11.72
2015-01-20,11.82,12.2,11.75,12.17
2015-01-21,12.26,12.38,12.17,12.32
2015-01-22,12.3,12.62,12.21,12.59
2015-01-23,13.09,13.2,12.61,12.64
2015-01-26,12.53,12.83,12.53,12.82
2015-01-27,12.79,13.08,12.68,12.88
2015-01-28,12.8,12.95,12.73,12.77
2015-01-29,12.7,12.95,12.6,12.84
2015-01-30,12.78,12.92,12.65,12.65
2015-02-02,12.64,12.8,12.42,12.65
2015-02-03,12.69,13.09,12.66,12.95
2015-02-04,12.99,12.99,12.76,12.78
2015-02-05,12.86,12.92,12.47,12.48
2015-02-06,12.52,12.64,12.05,12.2
2015-02-09,12.19,12.3,12.03,12.13
2015-02-10,12.11,12.27,12.03,12.27
2015-02-11,12.3,12.6,12.3,12.5
2015-02-12,12.51,12.85,12.51,12.69
2015-02-13,12.74,12.86,12.72,12.8
2015-02-16,12.8,13.09,12.8,13.04
2015-02-17,12.94,13.05,12.84,13.04
2015-02-25,13.04,13.2,12.85,12.96
2015-02-26,12.96,13.14,12.87,13.13
2015-02-27,13.0,13.2,12.98,13.19
2015-03-02,13.26,13.3,13.15,13.3
2015-03-03,13.32,13.32,13.08,13.08
2015-03-04,13.09,13.24,13.03,13.23
2015-03-05,13.27,13.58,13.15,13.56
2015-03-06,13.58,13.82,13.2,13.22
2015-03-09,13.13,13.44,13.0,13.39
2015-03-10,13.46,13.75,13.42,13.7
2015-03-11,13.7,13.83,13.55,13.66
2015-03-12,13.58,13.77,13.25,13.44
2015-03-13,13.44,13.7,13.42,13.62
2015-03-16,13.78,14.1,13.69,14.0
2015-03-17,14.1,14.15,13.88,14.0
2015-03-18,14.07,14.25,14.0,14.21
2015-03-19,14.22,15.04,14.12,14.82
2015-03-20,14.82,15.3,14.78,15.13
2015-03-23,15.13,15.48,14.66,15.29
2015-03-24,15.28,15.36,14.4,14.98
2015-03-25,14.98,16.19,14.68,15.9
2015-03-26,15.6,16.36,15.43,16.07
2015-03-27,16.0,17.68,15.7,17.04
2015-03-30,17.03,17.99,16.7,16.85
2015-03-31,16.84,17.8,16.61,17.6
2015-04-01,17.45,19.28,17.31,18.96
2015-04-02,18.99,19.35,18.41,19.1
2015-04-03,18.02,20.5,18.01,19.99
2015-04-07,20.01,21.99,20.01,21.99
2015-04-08,22.19,24.19,22.19,24.15
2015-04-09,26.57,26.57,26.57,26.57
2015-04-10,29.23,29.23,28.68,29.23
2015-04-13,32.15,32.15,31.78,32.15
2015-04-14,34.0,35.37,33.13,35.37
2015-04-15,33.58,33.58,31.83,31.83
2015-04-16,28.65,31.0,28.65,29.4
2015-04-17,29.0,30.48,28.48,28.5
2015-04-20,27.95,29.59,27.07,29.0
2015-04-21,28.7,30.68,28.56,30.6
2015-04-22,31.95,32.9,30.98,31.05
2015-04-23,30.5,30.51,29.53,29.85
2015-04-24,29.01,30.6,28.65,30.23
2015-04-27,30.5,30.58,28.91,29.0
2015-04-28,29.0,29.19,27.1,28.34
2015-04-29,27.68,29.99,27.52,29.22
2015-04-30,28.85,29.48,28.18,28.51
2015-05-04,28.31,29.25,27.7,28.66
2015-05-05,28.68,29.47,28.43,29.01
2015-05-06,28.99,30.65,28.7,29.31
2015-05-07,28.96,29.89,28.5,28.52
2015-05-08,28.84,31.37,28.68,31.37
2015-05-11,31.85,34.51,30.0,34.51
2015-05-12,34.01,37.5,33.5,35.76
2015-05-13,34.7,38.44,33.9,37.0
2015-05-14,35.5,40.68,35.5,40.68
2015-05-15,40.3,44.75,39.01,44.75
2015-05-18,46.44,49.23,43.5,49.23
2015-05-19,49.89,54.15,49.01,54.15
2015-05-20,56.25,59.0,48.74,50.62
2015-05-21,50.19,55.68,48.88,55.68
2015-05-22,22.01,23.56,21.32,23.56
2015-05-25,21.9,22.98,21.2,22.17
2015-05-26,22.02,23.3,21.98,22.71
2015-05-27,22.72,24.98,22.71,24.98
2015-05-28,27.0,27.48,26.08,27.24
2015-05-29,25.96,29.89,24.52,29.22
2015-06-01,30.0,31.3,28.3,29.94
2015-06-02,29.8,29.8,28.41,29.12
2015-06-04,27.72,27.72,25.0,26.34
2015-06-05,26.94,28.88,26.92,28.25
2015-06-08,28.2,28.2,26.32,26.33
2015-06-09,25.79,26.98,24.85,25.84
2015-06-10,25.49,26.87,25.0,26.28
2015-06-11,26.61,28.91,26.61,28.91
2015-06-12,29.55,31.5,29.0,30.46
2015-06-15,30.5,30.5,27.58,28.07
2015-06-16,27.25,29.99,26.24,28.59
2015-06-17,28.4,31.45,27.6,31.45
2015-06-18,32.0,34.6,31.0,32.41
2015-06-19,31.0,33.0,29.17,29.17
2015-06-23,28.29,29.6,26.25,26.35
2015-06-24,26.66,27.98,26.1,27.2
2015-06-25,27.15,27.2,24.48,24.56
2015-06-26,23.01,23.51,22.1,22.1
2015-12-22,24.31,24.31,22.9,24.31
2015-12-23,25.4,26.74,24.9,26.74
2015-12-24,28.79,28.79,24.83,24.91
2015-12-25,24.0,26.76,23.11,26.03
2015-12-28,25.3,26.0,24.5,24.5
2015-12-29,24.0,25.01,23.9,24.1
2015-12-30,24.18,24.45,23.52,23.63
2015-12-31,23.63,23.69,22.6,22.72
2016-01-04,22.74,22.74,20.45,20.45
2016-01-05,18.42,19.73,18.41,18.41
2016-01-06,18.34,19.98,17.3,19.32
2016-01-07,18.5,18.6,17.39,17.39
2016-01-08,17.8,17.9,15.71,16.85
2016-01-11,16.4,16.4,15.17,15.17
2016-01-12,15.08,15.55,14.35,15.25
2016-01-13,15.18,15.44,13.77,13.77
2016-01-14,13.1,15.15,12.95,15.15
2016-01-15,15.14,15.63,13.97,14.3
2016-01-18,13.89,15.73,13.81,15.72
2016-01-19,15.4,16.18,15.15,16.02
2016-01-20,15.81,16.53,15.55,15.72
2016-01-21,15.39,15.85,14.15,14.15
2016-01-22,14.46,15.45,13.86,15.11
2016-01-25,15.45,15.94,14.95,15.43
2016-01-26,15.45,16.97,15.2,16.12
2016-01-27,15.79,15.87,14.51,14.94
2016-01-28,14.2,14.47,13.45,13.45
2016-01-29,13.15,14.43,13.0,14.08
2016-02-01,13.88,14.91,13.26,13.75
2016-02-02,14.02,14.68,13.84,14.49
2016-02-03,14.19,14.36,13.63,14.26
2016-02-04,14.25,14.85,14.18,14.57
2016-02-05,14.8,14.94,13.93,14.01
2016-02-15,13.14,13.83,13.02,13.6
2016-02-16,13.73,14.96,13.73,14.96
2016-02-17,15.1,15.45,14.7,15.28
2016-02-18,15.28,16.28,15.1,15.48
2016-02-19,15.25,16.9,15.17,16.68
2016-02-22,17.2,18.35,16.91,18.11
2016-02-23,17.58,17.97,17.04,17.26
2016-02-24,17.03,17.6,16.5,17.31
2016-02-25,17.08,17.28,15.58,15.58
2016-02-26,15.42,15.78,14.68,15.11
2016-02-29,15.28,15.51,13.61,13.66
2016-03-01,13.9,14.5,13.33,14.2
2016-03-02,14.3,15.45,14.07,15.33
2016-03-03,15.22,15.68,14.9,14.94
2016-03-04,14.66,14.96,13.69,13.85
2016-03-07,14.0,14.42,14.0,14.25
2016-03-08,14.3,14.6,13.4,14.5
2016-03-11,13.05,13.65,13.05,13.12
2016-03-14,13.15,13.96,13.01,13.61
2016-03-15,13.54,13.54,13.1,13.28
2016-03-16,13.48,13.55,13.05,13.18
2016-03-17,13.3,13.8,13.11,13.6
2016-03-18,13.7,14.75,13.62,14.45
2016-03-21,14.7,15.57,14.4,15.24
2016-03-22,15.01,15.19,14.84,14.94
2016-03-23,14.8,15.8,14.74,15.61
2016-03-24,15.29,15.59,14.85,14.85
2016-03-25,14.82,15.02,14.52,14.78
2016-03-28,14.85,15.44,14.8,15.04
2016-03-29,15.05,15.05,14.4,14.52
2016-03-30,14.69,15.2,14.67,15.14
2016-03-31,15.16,15.57,14.93,15.04
2016-04-01,14.9,14.95,14.54,14.83
2016-04-05,14.86,15.59,14.86,15.44
2016-04-06,15.55,16.34,15.53,15.7
2016-04-07,15.75,15.86,15.14,15.15
2016-04-08,14.92,14.94,14.63,14.89
2016-04-11,15.0,15.47,15.0,15.34
2016-04-12,15.33,16.09,14.88,15.95
2016-04-13,16.11,16.27,15.8,15.83
2016-04-14,15.9,16.29,15.66,16.27
2016-04-15,16.29,16.37,15.9,15.98
2016-04-18,15.8,15.81,15.56,15.66
2016-04-19,15.78,15.9,15.52,15.75
2016-04-20,15.86,15.88,14.3,14.72
2016-04-21,14.48,15.5,14.45,14.48
2016-04-22,14.9,15.93,14.6,15.93
2016-04-25,16.09,16.75,15.8,16.33
2016-04-26,16.15,16.44,15.81,16.43
2016-04-27,16.46,17.43,16.13,17.01
2016-04-28,16.75,17.15,16.08,16.48
2016-04-29,16.23,16.47,16.0,16.04
2016-05-03,16.04,16.77,16.04,16.68
2016-05-04,16.55,16.76,16.33,16.43
2016-05-05,16.39,16.98,16.2,16.88
2016-05-06,16.88,17.09,15.72,15.72
2016-05-09,15.22,15.39,14.3,14.5
2016-05-10,14.52,14.75,14.37,14.49
2016-05-11,14.61,14.79,14.28,14.31
2016-05-12,14.0,14.09,13.34,14.08
2016-05-13,14.05,14.34,13.5,13.71
2016-05-16,13.71,14.08,13.53,14.07
2016-05-17,14.16,14.21,13.8,13.95
2016-05-18,13.83,13.83,13.0,13.28
2016-05-19,13.28,13.67,13.28,13.41
2016-05-20,13.25,13.55,13.1,13.54
2016-05-23,13.55,13.89,13.55,13.73
2016-05-24,13.68,13.83,13.5,13.53
2016-05-25,13.65,13.85,13.44,13.51
2016-05-26,13.49,13.58,13.09,13.52
2016-05-27,13.58,13.58,13.36,13.43
2016-05-30,13.4,13.5,13.13,13.32
2016-05-31,13.32,14.11,13.32,14.07
2016-06-01,14.01,14.15,13.9,14.01
2016-06-02,13.98,14.25,13.91,14.17
2016-06-03,14.2,15.59,14.2,15.59
2016-06-06,15.59,15.75,15.07,15.26
2016-06-07,15.21,15.57,15.04,15.26
2016-06-08,15.26,15.46,14.95,15.27
2016-06-13,14.9,14.96,13.74,13.74
2016-06-14,13.4,13.77,13.4,13.68
2016-06-15,13.46,14.55,13.4,14.28
2016-06-16,14.25,14.45,14.05,14.08
2016-06-17,14.08,14.45,13.98,14.22
2016-06-20,14.39,14.4,13.93,14.26
2016-06-21,14.42,14.87,14.13,14.39
2016-06-22,14.25,14.75,14.06,14.71
2016-06-23,14.6,14.98,14.54,14.75
2016-06-24,14.7,14.87,13.5,14.2
2016-06-27,13.97,14.85,13.92,14.83
2016-06-28,14.77,15.8,14.65,15.42
2016-06-29,15.55,15.85,15.0,15.54
2016-06-30,15.5,16.99,15.2,16.4
2016-07-01,16.3,16.38,15.91,15.99
2016-07-04,15.79,16.29,15.66,16.04
2016-07-05,15.99,16.33,15.81,15.83
2016-07-06,15.75,15.99,15.68,15.83
2016-07-07,15.76,15.9,15.41,15.65
2016-07-08,15.75,16.17,15.48,15.88
2016-07-11,15.9,16.0,15.45,15.53
2016-07-12,15.52,15.69,15.1,15.69
2016-07-13,15.73,15.99,15.67,15.88
2016-07-14,15.77,16.19,15.64,16.16
2016-07-15,16.36,16.49,15.83,15.86
2016-07-18,15.8,15.89,15.52,15.63
2016-07-19,15.6,15.85,15.5,15.83
2016-07-20,15.9,15.9,15.7,15.7
2016-07-21,15.61,15.9,15.52,15.66
2016-07-22,15.62,15.69,15.4,15.4
2016-07-25,15.37,15.52,15.2,15.34
2016-07-26,15.38,15.7,15.36,15.7
2016-07-27,15.66,15.74,14.46,14.69
2016-07-28,14.51,14.83,14.15,14.5
2016-07-29,14.5,14.56,14.26,14.48
2016-08-01,14.42,14.54,14.08,14.19
2016-08-02,14.15,14.34,14.15,14.29
2016-08-03,14.24,14.33,14.13,14.14
2016-08-04,14.14,14.32,13.92,14.31
2016-08-05,14.27,14.3,14.08,14.09
2016-08-08,14.03,14.35,14.03,14.33
2016-08-09,14.33,14.6,14.27,14.49
2016-08-10,14.36,14.36,14.36,14.36
2016-08-11,14.4,14.4,14.02,14.03
2016-08-12,14.03,14.27,14.03,14.2
2016-08-15,14.22,14.59,14.19,14.53
2016-08-16,14.53,14.75,14.48,14.56
2016-08-17,14.59,14.94,14.53,14.9
2016-08-18,15.0,15.09,14.69,14.71
2016-08-19,14.75,15.66,14.58,15.36
2016-08-22,15.11,15.6,14.9,14.97
2016-08-23,14.86,15.13,14.6,14.78
2016-08-24,14.78,15.06,14.71,14.81
2016-08-25,14.6,14.74,14.41,14.64
2016-08-26,14.7,15.33,14.68,14.96
2016-08-29,14.84,14.97,14.68,14.92
2016-08-30,14.99,15.88,14.98,15.5
2016-08-31,15.41,16.19,15.35,16.15
2016-09-01,16.35,17.27,15.81,15.91
2016-09-02,15.76,16.2,15.3,16.05
2016-09-05,16.09,17.66,16.09,17.66
2016-09-06,18.19,18.89,18.06,18.74
2016-09-07,18.6,19.98,18.33,18.45
2016-09-08,18.25,19.08,18.21,18.97
2016-09-09,18.75,19.87,18.35,18.9
2016-09-12,18.17,18.56,17.71,18.21
2016-09-13,18.55,19.16,18.11,18.3
2016-09-14,17.73,17.86,17.03,17.23
2016-09-19,17.3,17.6,17.16,17.41
2016-09-20,17.41,17.87,17.2,17.7
2016-09-21,17.5,17.65,17.12,17.38
2016-09-22,17.6,18.5,17.27,18.43
2016-09-23,18.3,18.86,18.2,18.44
2016-09-26,18.3,19.14,18.17,18.35
2016-09-27,18.21,18.9,17.7,18.87
2016-09-28,18.45,20.6,18.45,20.11
2016-09-29,19.72,20.57,19.41,19.94
2016-09-30,19.72,20.26,19.0,19.0
2016-10-10,19.16,20.1,18.81,19.95
2016-10-11,19.93,20.98,19.75,20.82
2016-10-12,20.5,21.38,20.1,20.21
2016-10-13,20.11,20.7,19.84,20.25
2016-10-14,20.63,20.81,19.8,19.93
2016-10-17,19.8,19.89,19.23,19.41
2016-10-18,19.41,20.99,19.33,20.85
2016-10-19,20.85,21.3,20.4,21.0
2016-10-20,21.05,21.06,20.45,20.7
2016-10-21,21.0,21.97,20.76,21.24
2016-10-24,21.19,21.8,20.68,21.16
2016-10-25,21.16,21.54,20.62,20.9
2016-10-26,20.85,20.85,20.23,20.51
2016-10-27,20.5,21.19,20.32,20.91
2016-10-28,20.7,21.13,19.81,19.87
2016-10-31,19.95,20.13,19.35,19.88
2016-11-01,19.9,20.18,19.5,19.91
2016-11-02,20.0,20.68,19.8,20.56
2016-11-03,20.28,20.79,20.13,20.22
2016-11-04,20.19,20.19,18.41,18.82
2016-11-07,18.82,19.24,18.82,18.93
2016-11-08,19.36,19.73,19.07,19.19
2016-11-09,19.19,19.38,18.0,18.75
2016-11-10,19.0,19.45,18.62,19.27
2016-11-11,19.4,19.4,19.0,19.1
2016-11-14,19.01,19.45,18.89,19.07
2016-11-15,19.07,19.12,18.7,18.9
2016-11-16,18.9,19.28,18.8,19.04
2016-11-17,19.0,19.19,18.78,19.07
2016-11-18,19.06,19.28,18.91,19.06
2016-11-21,19.18,19.18,18.86,18.92
2016-11-22,18.92,19.02,18.8,18.9
2016-11-23,18.9,18.99,18.16,18.24
2016-11-24,18.22,18.67,18.02,18.29
2016-11-25,18.28,18.49,17.82,18.15
2016-11-28,18.22,18.51,18.02,18.37
2016-11-29,18.4,18.54,18.01,18.03
2016-11-30,17.86,18.14,17.85,17.9
2016-12-01,17.94,18.18,17.89,18.0
2016-12-02,18.02,18.13,17.31,17.36
2016-12-05,17.15,17.47,17.03,17.25
2016-12-06,17.37,17.56,17.31,17.37
2016-12-07,17.48,18.73,17.28,18.53
2016-12-08,18.53,19.09,18.43,18.5
2016-12-09,18.36,18.67,18.0,18.19
2016-12-12,18.25,18.34,16.85,16.89
2016-12-13,16.9,17.05,16.38,16.75
2016-12-14,16.77,16.77,16.03,16.13
2016-12-15,16.12,16.49,16.05,16.29
2016-12-16,16.22,16.65,16.22,16.42
2016-12-19,16.52,16.95,16.3,16.78
2016-12-20,16.66,16.72,16.4,16.59
2016-12-21,16.73,17.36,16.73,17.27
2016-12-22,17.11,17.27,17.0,17.21
2016-12-23,17.41,17.41,16.76,16.8
2016-12-26,16.78,16.78,16.25,16.68
2016-12-27,16.67,16.86,16.51,16.68
2016-12-28,16.65,16.84,16.61,16.63
2016-12-29,16.5,16.73,16.45,16.48
2016-12-30,16.65,16.65,16.26,16.35
2017-01-03,16.35,17.07,16.35,16.83
2017-01-04,16.69,18.5,16.69,18.25
2017-01-05,18.02,18.24,17.88,18.01
2017-01-06,18.0,18.27,17.71,17.74
2017-01-09,17.77,18.58,17.67,18.2
2017-01-10,18.16,18.19,17.86,18.07
2017-01-11,18.05,18.05,17.5,17.76
2017-01-12,17.81,17.96,17.3,17.37
2017-01-13,17.26,17.68,17.13,17.35
2017-01-16,17.33,18.0,15.66,17.02
2017-01-17,17.03,17.07,16.14,16.8
2017-01-18,17.6,18.0,17.33,17.4
2017-01-19,17.26,17.97,17.18,17.47
2017-01-20,17.3,18.17,17.3,18.01
2017-01-23,18.22,18.66,18.02,18.56
2017-01-24,18.51,18.53,18.15,18.38
2017-01-25,18.33,18.7,18.2,18.36
2017-01-26,18.36,18.5,18.25,18.39
2017-02-03,18.24,18.46,17.95,18.1
2017-02-06,18.0,18.9,17.99,18.87
2017-02-07,19.0,19.48,18.69,19.05
2017-02-08,19.0,19.4,18.88,19.31
2017-02-09,19.36,19.59,19.09,19.19
2017-02-10,19.08,19.78,19.05,19.35
2017-02-13,19.3,19.6,19.12,19.25
2017-02-14,19.3,19.4,19.02,19.25
2017-02-15,19.24,19.31,18.85,19.0
2017-02-16,19.05,19.31,18.77,19.08
2017-02-17,19.1,19.31,18.73,18.78
2017-02-20,18.82,19.5,18.72,19.43
2017-02-21,19.35,20.35,19.35,19.8
2017-02-22,19.85,19.88,19.52,19.83
2017-02-23,19.75,19.94,19.43,19.83
2017-02-24,19.84,20.65,19.81,19.95
2017-02-27,19.81,20.0,19.6,19.65
2017-02-28,19.62,20.48,19.6,20.3
2017-03-01,20.4,20.86,20.1,20.18
2017-03-02,20.38,20.57,20.13,20.42
2017-03-03,20.25,20.79,20.15,20.73
2017-03-06,20.85,21.73,20.62,21.21
2017-03-07,21.21,21.35,20.72,20.97
2017-03-08,21.12,21.12,20.36,20.71
2017-03-09,20.56,21.03,20.49,20.69
2017-03-10,20.57,21.03,20.31,20.6
2017-03-13,20.55,21.5,20.42,21.3
2017-03-14,21.35,21.49,20.5,20.53
2017-03-15,20.55,20.8,20.35,20.71
2017-03-16,20.71,21.25,20.54,21.12
2017-03-17,21.02,21.26,20.47,20.49
2017-03-20,20.5,20.67,19.11,19.43
2017-03-21,19.42,19.76,19.3,19.56
2017-03-22,19.53,19.78,19.29,19.67
2017-03-23,19.8,19.8,19.03,19.35
2017-03-24,19.35,19.72,18.98,19.58
2017-03-27,19.55,20.0,19.51,19.65
2017-03-28,19.64,19.65,19.18,19.2
2017-03-29,19.25,19.42,18.7,18.7
2017-03-30,19.18,19.38,18.88,19.07
2017-03-31,19.07,20.12,19.03,19.95
2017-04-05,19.82,20.85,19.8,20.51
2017-04-06,20.5,20.8,20.32,20.4
2017-04-07,20.31,20.59,20.22,20.35
2017-04-10,20.28,20.29,19.33,19.4
2017-04-11,19.25,19.5,18.42,19.09
2017-04-12,19.0,19.0,18.35,18.37
2017-04-13,18.4,19.0,18.33,18.57
2017-04-14,18.51,18.65,18.0,18.05
2017-04-17,17.97,18.26,17.67,18.15
2017-04-18,18.15,18.33,17.7,17.71
2017-04-19,17.67,17.8,17.08,17.31
2017-04-20,17.31,17.54,17.1,17.4
2017-04-21,17.45,17.57,17.36,17.49
2017-04-24,17.51,17.51,16.46,16.47
2017-04-25,16.54,16.88,16.32,16.8
2017-04-26,16.84,17.38,16.8,17.22
2017-04-27,17.18,17.73,16.87,17.73
2017-04-28,17.4,17.65,17.31,17.56
2017-05-02,17.55,17.9,17.47,17.56
2017-05-03,17.57,17.59,17.39,17.47
2017-05-04,17.45,17.78,17.43,17.5
2017-05-05,17.5,17.72,16.6,16.76
2017-05-08,16.7,17.35,16.6,17.03
2017-05-09,16.99,17.29,16.71,17.24
2017-05-10,17.22,17.44,16.77,16.82
2017-05-11,16.71,17.21,16.43,17.21
2017-05-12,17.14,17.48,17.11,17.45
2017-05-15,17.51,17.72,17.24,17.34
2017-05-16,17.33,18.08,16.87,18.08
2017-05-17,18.0,18.44,17.85,17.91
2017-05-18,17.73,17.98,17.52,17.75
2017-05-19,17.76,17.96,17.52,17.74
2017-05-22,17.7,17.79,16.94,16.98
2017-05-23,16.81,16.99,16.04,16.18
2017-05-24,16.05,16.45,15.88,16.26
2017-05-25,16.32,16.34,15.6,16.05
2017-05-26,16.05,16.18,15.48,15.5
2017-05-31,15.77,15.86,15.31,15.33
2017-06-01,15.35,15.39,14.15,14.29
2017-06-02,14.29,14.75,14.12,14.6
2017-06-05,14.69,14.86,14.62,14.71
2017-06-06,14.76,15.04,14.67,15.02
2017-06-07,15.01,15.56,14.93,15.51
2017-06-08,15.48,15.79,15.32,15.41
2017-06-09,15.35,15.48,15.07,15.32
2017-06-12,15.2,15.58,15.11,15.38
2017-06-13,15.36,15.68,15.3,15.57
2017-06-14,15.57,15.77,15.4,15.45
2017-06-15,15.4,15.89,15.4,15.71
2017-06-16,15.71,15.84,15.58,15.65
2017-06-19,15.7,15.83,15.54,15.7
2017-06-20,15.74,16.14,15.67,15.89
2017-06-21,15.98,16.01,15.68,15.9
2017-06-22,15.91,15.92,15.19,15.19
2017-06-23,15.12,15.34,15.02,15.2
2017-06-26,15.2,16.72,15.19,16.72
2017-06-27,17.05,17.55,16.82,17.31
2017-06-28,17.32,17.6,17.02,17.16
2017-06-29,17.18,17.43,16.91,17.22
2017-06-30,17.1,17.33,16.95,17.27
2017-07-03,17.33,17.85,17.07,17.23
2017-07-04,17.35,17.57,17.03,17.5
2017-07-05,17.43,17.9,17.3,17.88
2017-07-06,17.75,17.99,17.51,17.74
2017-07-07,17.81,17.97,17.53,17.9
2017-07-10,17.93,18.6,17.65,18.36
2017-07-11,18.2,18.43,17.51,17.7
2017-07-12,17.36,17.57,16.88,17.49
2017-07-13,17.5,18.88,17.42,18.36
2017-07-14,18.46,18.8,18.1,18.51
2017-07-17,18.49,18.49,16.7,17.3
2017-07-18,17.3,19.03,17.3,19.03
2017-07-19,18.92,19.52,18.58,19.42
2017-07-20,19.28,19.64,19.02,19.28
2017-07-21,19.4,20.12,18.95,19.8
2017-07-24,19.8,21.18,19.43,19.58
2017-07-25,19.35,19.35,18.8,19.2
2017-07-26,19.01,19.2,18.45,18.6
2017-07-27,18.77,19.6,18.5,19.6
2017-07-28,19.37,19.76,19.08,19.27
2017-07-31,19.18,20.38,18.8,20.16
2017-08-01,20.7,20.7,19.6,19.8
2017-08-02,19.61,19.98,19.15,19.24
2017-08-03,19.08,19.52,19.0,19.26
2017-08-04,19.23,19.24,18.39,18.4
2017-08-07,18.25,18.59,18.05,18.49
2017-08-08,18.46,18.68,18.13,18.33
2017-08-09,18.3,18.67,18.08,18.5
2017-08-10,18.37,18.46,17.63,18.18
2017-08-11,17.89,18.37,17.81,18.09
2017-08-14,17.91,19.05,17.91,18.91
2017-08-15,19.12,19.17,18.58,18.73
2017-08-16,18.58,18.88,18.46,18.62
2017-08-17,18.49,18.77,18.33,18.48
2017-08-18,18.45,18.48,18.14,18.22
2017-08-21,18.3,18.65,18.14,18.55
2017-08-22,18.52,18.53,18.14,18.16
2017-08-23,18.0,18.72,17.92,18.71
2017-08-24,18.68,18.71,18.05,18.07
2017-08-25,18.07,18.86,18.07,18.66
2017-08-28,18.61,18.93,18.55,18.78
2017-08-29,18.68,19.29,18.62,19.23
2017-08-30,18.8,18.93,18.13,18.28
2017-08-31,18.24,18.44,18.15,18.28
2017-09-01,18.26,18.29,18.0,18.14
2017-09-04,18.1,18.32,17.97,18.17
2017-09-05,18.19,18.27,17.85,17.89
2017-09-06,17.8,18.87,17.15,18.35
2017-09-07,18.27,18.34,17.91,17.97
2017-09-08,18.0,18.53,18.0,18.33
2017-09-11,18.3,18.45,18.05,18.4
2017-09-12,18.48,18.86,18.23,18.63
2017-09-13,18.59,18.59,17.93,18.0
2017-09-14,18.0,18.01,17.5,17.52
2017-09-15,17.52,17.64,17.39,17.47
2017-09-18,17.18,17.28,16.8,17.26
2017-09-19,17.26,17.28,16.98,17.02
2017-09-20,17.0,17.43,17.0,17.37
2017-09-21,17.3,17.35,17.0,17.02
2017-09-22,17.02,17.09,16.39,16.52
2017-09-25,16.4,16.78,16.39,16.42
2017-09-26,16.33,16.52,16.23,16.43
2017-09-27,16.44,16.84,16.44,16.68
2017-09-28,16.68,16.87,16.61,16.67
2017-09-29,16.78,16.86,16.62,16.75
2017-10-09,16.89,17.02,16.81,16.92
2017-10-10,16.94,17.06,16.76,17.06
2017-10-11,17.08,17.12,16.9,16.93
2017-10-12,16.9,16.9,16.5,16.62
2017-10-13,16.62,16.83,16.57,16.8
2017-10-16,16.83,16.86,16.26,16.35
2017-10-17,16.26,16.47,16.26,16.41
2017-10-18,16.46,16.47,16.07,16.09
2017-10-19,16.09,16.16,15.56,15.77
2017-10-20,15.77,16.21,15.7,16.17
2017-10-23,16.25,16.32,16.11,16.28
2017-10-24,16.28,16.38,16.21,16.34
2017-10-25,16.34,16.45,16.26,16.4
2017-10-26,16.42,16.48,16.26,16.45
2017-10-27,16.4,16.45,16.1,16.19
2017-10-30,16.23,16.65,15.8,16.57
2017-10-31,16.28,16.29,16.03,16.22
2017-11-01,16.13,16.26,15.81,15.81
2017-11-02,15.74,15.98,15.74,15.86
2017-11-03,15.85,16.01,15.65,15.87
2017-11-06,15.97,16.26,15.81,16.26
2017-11-07,16.38,16.45,16.01,16.18
2017-11-08,16.19,16.29,16.07,16.13
2017-11-09,16.15,16.16,15.9,16.12
2017-11-10,16.06,17.19,15.96,16.66
2017-11-13,16.64,16.98,16.43,16.76
2017-11-14,16.76,16.95,16.56,16.89
2017-11-15,16.8,16.86,16.05,16.33
2017-11-16,16.69,17.5,16.66,17.07
2017-11-17,16.9,17.18,16.4,16.66
2017-11-20,16.18,16.75,15.83,16.74
2017-11-21,16.74,17.57,16.66,17.41
2017-11-22,17.34,17.64,17.06,17.48
2017-11-23,17.29,17.45,16.72,16.79
2017-11-24,16.81,17.15,16.62,17.0
2017-11-27,16.98,17.0,16.11,16.29
2017-11-28,16.14,16.38,15.81,16.15
2017-11-29,16.2,16.23,15.56,15.75
2017-11-30,15.55,15.82,15.4,15.41
2017-12-01,15.3,15.64,15.3,15.55
2017-12-04,15.51,15.61,15.36,15.36
2017-12-05,15.39,15.47,14.37,14.65
2017-12-06,14.7,14.86,14.46,14.86
2017-12-07,14.98,15.05,14.81,14.83
2017-12-08,14.89,15.26,14.82,15.2
2017-12-11,15.2,15.6,15.08,15.55
2017-12-12,15.36,15.39,15.13,15.13
2017-12-13,15.11,15.19,14.97,15.17
2017-12-14,15.18,15.3,14.99,15.09
2017-12-15,15.0,15.09,14.81,14.91
2017-12-18,14.89,15.08,14.81,15.01
2017-12-19,15.09,15.3,15.09,15.14
2017-12-20,15.2,15.44,15.14,15.31
2017-12-21,15.22,15.37,15.0,15.26
2017-12-22,15.18,15.5,15.16,15.47
2017-12-25,15.57,15.7,15.2,15.27
2017-12-26,15.2,15.41,15.04,15.4
2017-12-27,15.41,15.5,15.18,15.22
2017-12-28,15.2,15.61,15.12,15.5
2017-12-29,15.45,15.96,15.4,15.83
2018-01-02,15.81,16.14,15.63,16.08
2018-01-03,16.0,16.05,15.85,15.88
2018-01-04,15.82,15.98,15.71,15.81
2018-01-05,15.8,16.7,15.68,16.33
2018-01-08,16.3,16.98,16.23,16.55
2018-01-09,16.55,16.56,16.26,16.39
2018-01-10,16.3,16.5,16.02,16.24
2018-01-11,16.07,16.35,16.07,16.21
2018-01-12,16.2,16.23,15.61,15.64
2018-01-15,15.6,15.6,14.91,15.02
2018-01-16,14.96,15.13,14.72,14.85
2018-01-17,14.85,15.23,14.72,15.03
2018-01-18,15.0,15.2,15.0,15.05
2018-01-19,15.01,15.13,14.9,14.91
2018-01-22,14.89,15.18,14.8,15.18
2018-01-23,15.16,15.24,15.1,15.18
2018-01-24,15.18,15.2,14.87,15.05
2018-01-25,15.05,15.27,15.0,15.07
2018-01-26,15.06,15.13,14.95,15.04
2018-01-29,15.02,15.1,14.42,14.48
2018-01-30,14.53,14.57,14.43,14.46
2018-01-31,14.45,14.67,14.4,14.42
2018-02-01,14.62,14.62,13.5,13.65
2018-02-02,13.15,13.84,13.15,13.7
2018-02-05,13.41,13.74,13.41,13.72
2018-02-06,13.53,13.63,12.58,12.66
2018-02-07,13.1,13.12,12.08,12.5
2018-02-08,12.57,12.88,12.5,12.78
2018-02-09,12.45,12.59,12.08,12.22
2018-02-12,12.39,12.79,12.3,12.72
2018-02-13,12.88,13.13,12.85,12.98
2018-02-14,13.05,13.1,12.92,13.06
2018-02-22,13.21,13.4,13.1,13.31
2018-02-23,13.31,13.39,13.11,13.28
2018-02-26,13.36,13.84,13.29,13.7
2018-02-27,13.71,14.14,13.71,13.91
2018-02-28,13.72,13.95,13.57,13.76
2018-03-01,13.72,14.02,13.69,13.93
2018-03-02,13.8,13.88,13.51,13.57
2018-03-05,13.58,14.64,13.58,14.4
2018-03-06,14.31,14.33,14.02,14.21
2018-03-07,14.1,14.19,14.0,14.0
2018-03-08,13.92,14.14,13.9,14.03
2018-03-09,14.03,14.37,13.92,14.3
2018-03-12,14.42,14.65,14.35,14.41
2018-03-13,14.42,14.58,14.31,14.35
2018-03-14,14.22,14.42,14.01,14.05
2018-03-15,13.92,14.05,13.6,13.83
2018-03-16,13.83,14.12,13.83,13.87
2018-03-19,13.8,14.03,13.66,13.76
2018-03-20,13.75,13.85,13.35,13.54
2018-03-21,13.54,13.89,13.5,13.52
2018-03-22,13.55,13.64,13.28,13.32
2018-03-23,12.85,12.88,12.1,12.34
2018-03-26,12.24,12.65,12.01,12.64
2018-03-27,12.75,13.09,12.73,12.99
2018-03-28,12.77,12.89,12.68,12.79
2018-03-29,12.76,12.95,12.76,12.9
2018-03-30,12.97,13.38,12.97,13.27
2018-04-02,13.27,13.58,13.2,13.4
2018-04-03,13.11,13.39,13.05,13.37
2018-04-04,13.36,13.44,12.92,12.95
2018-04-09,12.93,13.14,12.68,13.0
2018-04-10,13.02,13.02,12.71,12.89
2018-04-11,13.04,13.08,12.86,12.97
2018-04-12,12.9,13.0,12.78,12.84
2018-04-13,12.88,13.34,12.88,13.3
2018-04-16,13.22,13.43,13.02,13.1
2018-04-17,13.12,13.4,12.9,12.92
2018-04-18,13.09,14.21,12.65,13.77
2018-04-19,13.59,13.75,13.45,13.54
2018-04-20,13.48,13.68,13.13,13.16
2018-04-23,13.07,13.28,12.56,12.75
2018-04-24,12.74,13.57,12.65,13.41
2018-04-25,13.32,13.64,13.32,13.51
2018-04-26,12.18,12.56,12.16,12.16
2018-04-27,11.81,11.99,11.05,11.11
2018-05-02,11.17,11.21,10.57,10.76
2018-05-03,10.7,11.04,10.58,10.96
2018-05-04,10.91,10.96,10.77,10.81
2018-05-07,10.75,10.97,10.75,10.91
2018-05-08,10.93,10.98,10.82,10.89
2018-05-09,10.85,10.97,10.67,10.73
2018-05-10,10.76,10.94,10.69,10.93
2018-05-11,10.93,10.93,10.77,10.8
2018-05-14,10.75,10.89,10.69,10.76
2018-05-15,10.75,10.79,10.58,10.69
2018-05-16,10.67,10.67,10.19,10.3
2018-05-17,10.3,10.39,10.25,10.34
2018-05-18,10.33,10.36,10.23,10.36
2018-05-21,10.44,10.61,10.42,10.54
2018-05-22,10.61,10.61,10.38,10.47
2018-05-23,10.42,10.54,10.35,10.4
2018-05-24,10.44,10.47,10.18,10.21
2018-05-25,10.22,10.25,9.86,9.93
2018-05-28,9.9,10.05,9.79,9.88
2018-05-29,9.8,9.97,9.61,9.65
2018-05-30,9.48,9.48,8.92,8.99
2018-05-31,9.02,9.26,9.02,9.13
2018-06-01,9.1,9.25,9.07,9.21
2018-06-04,9.21,9.31,9.17,9.22
2018-06-05,9.22,9.58,9.22,9.54
2018-06-06,9.63,9.63,9.3,9.44
2018-06-07,9.45,9.5,9.28,9.29
2018-06-08,9.29,9.34,9.0,9.16
2018-06-11,9.15,9.25,9.0,9.17
2018-06-12,9.26,9.26,8.96,9.16
2018-06-13,9.14,9.25,9.0,9.01
2018-06-14,8.98,9.04,8.74,8.77
2018-06-15,8.66,8.82,8.32,8.38
2018-06-19,8.25,8.25,7.54,7.54
2018-06-20,7.52,7.85,7.4,7.7
2018-06-21,7.73,7.92,7.52,7.55
2018-06-22,7.49,7.78,7.3,7.73
2018-06-25,7.9,7.91,7.64,7.69
2018-06-26,7.54,7.82,7.49,7.8
2018-06-27,7.8,7.94,7.67,7.71
2018-06-28,7.75,7.94,7.65,7.76
2018-06-29,7.76,8.08,7.73,8.07
2018-07-02,8.05,8.07,7.83,7.87
2018-07-03,7.92,8.13,7.85,8.07
2018-07-04,8.1,8.46,7.97,8.44
2018-07-05,8.41,8.41,7.88,7.94
2018-07-06,7.66,7.96,7.47,7.84
2018-07-09,7.94,7.94,7.78,7.94
2018-07-10,7.91,7.95,7.8,7.9
2018-07-11,7.84,7.84,7.11,7.4
2018-07-12,7.4,7.8,7.39,7.75
2018-07-13,8.04,8.16,7.85,7.9
2018-07-16,7.94,8.69,7.94,8.69
2018-07-17,9.07,9.56,9.01,9.56
2018-07-18,10.52,10.52,10.52,10.52
2018-07-19,11.57,11.57,10.8,10.85
2018-07-20,10.4,10.85,10.1,10.4
2018-07-23,10.11,10.4,9.86,9.9
2018-07-24,10.23,10.48,9.89,9.92
2018-07-25,9.75,10.33,9.58,10.3
2018-07-26,10.08,10.14,9.55,9.56
2018-07-27,9.53,9.72,9.39,9.47
2018-07-30,9.42,9.57,9.06,9.29
2018-07-31,9.21,9.53,9.21,9.44
2018-08-01,9.64,9.78,9.11,9.14
2018-08-02,8.95,9.05,8.27,8.55
2018-08-03,8.52,8.77,8.41,8.47
2018-08-06,8.45,8.66,8.3,8.35
2018-08-07,8.36,8.72,8.3,8.7
2018-08-08,8.7,8.72,8.2,8.24
2018-08-09,8.21,8.66,8.16,8.56
2018-08-10,8.46,8.55,8.26,8.48
2018-08-13,8.43,9.33,8.33,9.33
2018-08-14,9.49,9.75,9.16,9.21
2018-08-15,9.38,9.4,9.06,9.21
2018-08-16,9.08,9.23,8.8,8.93
2018-08-17,9.06,9.16,8.78,8.82
2018-08-20,8.73,8.87,8.45,8.84
2018-08-21,8.81,9.72,8.8,9.31
2018-08-22,9.2,9.25,9.0,9.13
2018-08-23,9.07,9.29,9.07,9.17
2018-08-24,9.08,9.23,9.0,9.07
2018-08-27,9.15,9.43,9.05,9.38
2018-08-28,9.39,9.4,9.1,9.18
2018-08-29,9.13,9.18,9.0,9.02
2018-08-30,9.04,9.08,8.64,8.65
2018-08-31,8.6,8.77,8.57,8.57
2018-09-03,8.59,8.69,8.32,8.68
2018-09-04,8.68,8.83,8.6,8.76
2018-09-05,8.75,8.76,8.39,8.39
2018-09-06,8.37,8.57,8.31,8.43
2018-09-07,8.43,8.55,8.26,8.33
2018-09-10,8.33,8.38,8.08,8.08
2018-09-11,8.1,8.19,8.02,8.1
2018-09-12,8.14,8.18,8.06,8.11
2018-09-13,8.2,8.31,8.11,8.25
2018-09-14,8.23,8.29,8.06,8.06
2018-09-17,8.01,8.06,7.75,7.79
2018-09-18,7.83,7.97,7.79,7.96
2018-09-19,7.99,8.24,7.93,8.16
2018-09-20,8.13,8.29,8.05,8.27
2018-09-21,8.21,8.31,8.17,8.27
2018-09-25,8.2,8.26,8.13,8.17
2018-09-26,8.2,8.23,8.15,8.18
2018-09-27,8.18,8.2,7.9,7.95
2018-09-28,7.98,8.04,7.92,7.97
2018-10-08,7.77,7.86,7.68,7.71
2018-10-09,7.72,7.85,7.65,7.71
2018-10-10,7.71,7.88,7.68,7.85
2018-10-11,7.65,7.65,7.07,7.07
2018-10-12,7.1,7.17,6.8,7.09
2018-10-15,7.09,7.28,7.06,7.07
2018-10-16,7.1,7.15,6.85,6.92
2018-10-17,7.04,7.08,6.82,7.01
2018-10-18,7.05,7.05,6.77,6.79
2018-10-19,6.6,6.96,6.52,6.93
2018-10-22,6.95,7.38,6.95,7.23
2018-10-23,7.2,7.29,7.02,7.06
2018-10-24,7.1,7.17,7.0,7.07
2018-10-25,6.75,7.02,6.66,6.97
2018-10-26,7.01,7.18,7.0,7.07
2018-10-29,7.07,7.18,6.9,6.99
2018-10-30,6.97,7.08,6.82,6.98
2018-10-31,6.9,7.09,6.86,7.03
2018-11-01,6.94,7.71,6.9,7.18
2018-11-02,7.18,7.32,7.18,7.29
2018-11-05,7.26,7.38,7.18,7.38
2018-11-06,7.3,7.68,7.3,7.49
2018-11-07,7.47,7.48,7.32,7.33
2018-11-08,7.35,7.39,7.23,7.24
2018-11-09,7.26,7.28,7.15,7.15
2018-11-12,7.16,7.87,7.11,7.87
2018-11-13,7.66,7.91,7.65,7.82
2018-11-14,7.96,7.96,7.74,7.77
2018-11-15,7.71,7.84,7.7,7.84
2018-11-16,7.81,8.12,7.78,8.0
2018-11-19,7.95,8.04,7.68,7.91
2018-11-20,7.89,7.89,7.71,7.72
2018-11-21,7.64,7.8,7.53,7.8
2018-11-22,7.84,7.86,7.7,7.76
2018-11-23,7.77,7.77,7.21,7.31
2018-11-26,7.32,7.36,7.22,7.3
2018-11-27,7.34,7.45,7.28,7.35
2018-11-28,7.32,7.48,7.12,7.47
2018-11-29,7.52,8.22,7.44,7.84
2018-11-30,7.62,7.96,7.32,7.95
2018-12-03,8.2,8.64,8.08,8.08
2018-12-04,8.02,8.14,7.96,8.02
2018-12-05,7.8,7.88,7.73,7.79
2018-12-06,7.8,7.88,7.63,7.65
2018-12-07,7.66,7.77,7.63,7.74
2018-12-10,7.74,7.75,7.62,7.67
2018-12-11,7.7,7.78,7.65,7.78
2018-12-12,7.82,7.86,7.71,7.73
2018-12-13,7.74,7.84,7.71,7.77
2018-12-14,7.73,7.77,7.44,7.44
2018-12-17,7.35,7.51,7.35,7.46
2018-12-18,7.42,7.5,7.31,7.43
2018-12-19,7.41,7.48,7.38,7.42
2018-12-20,7.5,7.5,7.39,7.43
2018-12-21,7.42,7.42,7.22,7.28
2018-12-24,7.28,7.5,7.26,7.47
2018-12-25,7.34,7.44,7.03,7.31
2018-12-26,7.31,7.46,7.21,7.21
2018-12-27,7.36,7.42,7.14,7.14
2018-12-28,7.1,7.22,7.04,7.13
2019-01-02,7.17,7.18,7.1,7.14
2019-01-03,7.15,7.23,7.07,7.16
2019-01-04,7.07,7.3,6.96,7.28
2019-01-07,7.4,8.01,7.3,7.7
2019-01-08,7.88,8.38,7.8,7.81
2019-01-09,7.7,7.93,7.6,7.7
2019-01-10,7.69,7.77,7.62,7.62
2019-01-11,7.61,7.77,7.61,7.68
2019-01-14,7.68,7.73,7.57,7.7
2019-01-15,7.69,7.79,7.64,7.77
2019-01-16,7.75,7.96,7.68,7.68
2019-01-17,7.66,7.68,7.49,7.49
2019-01-18,7.49,7.58,7.41,7.54
2019-01-21,7.49,7.63,7.49,7.56
2019-01-22,7.59,7.83,7.53,7.78
2019-01-23,7.77,8.1,7.68,8.06
2019-01-24,7.9,7.99,7.8,7.92
2019-01-25,7.85,7.97,7.75,7.75
2019-01-28,7.78,7.83,7.52,7.58
2019-01-29,7.53,7.62,7.05,7.29
2019-01-30,7.27,7.33,7.1,7.12
2019-01-31,7.2,7.27,6.99,7.09
2019-02-01,7.11,7.34,7.11,7.33
2019-02-11,7.33,7.51,7.32,7.51
2019-02-12,7.5,7.72,7.45,7.63
2019-02-13,7.63,7.98,7.61,7.9
2019-02-14,7.85,7.93,7.77,7.85
2019-02-15,7.94,8.24,7.79,7.82
2019-02-18,7.93,8.44,7.86,8.33
2019-02-19,8.39,8.5,8.1,8.23
2019-02-20,8.18,8.25,8.08,8.19
2019-02-21,8.6,9.01,8.6,9.01
2019-02-22,9.41,9.41,8.89,9.18
2019-02-25,9.0,10.05,8.93,9.86
2019-02-26,9.67,9.72,9.35,9.44
2019-02-27,9.38,9.5,9.11,9.23
2019-02-28,9.22,9.3,9.04,9.14
2019-03-01,9.18,9.3,9.05,9.26
2019-03-04,9.29,9.47,9.19,9.26
2019-03-05,9.15,9.48,9.07,9.46
2019-03-06,9.46,9.55,9.23,9.52
2019-03-07,9.52,9.81,9.39,9.67
2019-03-08,9.5,10.46,9.28,9.48
2019-03-11,9.48,9.83,9.3,9.8
2019-03-12,9.89,10.08,9.66,9.88
2019-03-13,9.9,9.94,9.3,9.4
2019-03-14,9.35,9.4,8.9,9.03
2019-03-15,9.05,9.21,8.96,9.03
2019-03-18,9.0,9.21,8.95,9.21
2019-03-19,9.21,9.44,9.14,9.25
2019-03-20,9.28,9.36,9.06,9.25
2019-03-21,9.28,9.44,9.19,9.36
2019-03-22,9.38,9.41,9.08,9.27
2019-03-25,9.08,9.36,9.03,9.18
2019-03-26,9.25,9.27,8.7,8.83
2019-03-27,9.09,9.71,9.09,9.71
2019-03-28,9.7,10.35,9.46,10.15
2019-03-29,9.41,9.75,9.14,9.58
2019-04-01,9.34,10.54,9.3,10.32
2019-04-02,10.15,10.84,10.05,10.49
2019-04-03,10.21,10.4,10.15,10.34
2019-04-04,10.29,10.42,10.0,10.07
2019-04-08,10.16,10.2,9.64,9.88
2019-04-09,9.81,10.11,9.67,9.98
2019-04-10,9.86,9.91,9.71,9.82
2019-04-11,9.77,9.9,9.68,9.9
2019-04-12,9.88,10.05,9.8,9.89
2019-04-15,9.93,10.18,9.72,9.77
2019-04-16,9.69,9.86,9.15,9.84
2019-04-17,9.84,10.15,9.78,9.87
2019-04-18,9.82,9.88,9.57,9.57
2019-04-19,9.65,9.74,9.39,9.68
2019-04-22,9.68,9.72,9.44,9.47
2019-04-23,9.57,9.57,9.16,9.19
2019-04-24,9.28,9.39,9.18,9.39
2019-04-25,9.34,9.34,8.79,8.82
2019-04-26,8.73,8.77,8.53,8.55
2019-04-29,8.55,8.65,8.07,8.12
2019-04-30,8.2,8.31,8.12,8.23
2019-05-06,8.0,8.0,7.41,7.41
2019-05-07,7.5,7.59,7.37,7.52
2019-05-08,7.41,7.68,7.24,7.59
2019-05-09,7.7,7.79,7.45,7.5
2019-05-10,7.58,7.78,7.47,7.78
2019-05-13,7.71,7.94,7.7,7.8
2019-05-14,7.7,7.82,7.61,7.74
2019-05-15,7.82,7.87,7.75,7.84
2019-05-16,7.85,7.98,7.78,7.93
2019-05-17,7.94,8.1,7.47,7.55
2019-05-20,7.61,7.76,7.53,7.72
2019-05-21,7.72,7.92,7.66,7.86
2019-05-22,7.86,8.02,7.73,7.8
2019-05-23,7.87,7.95,7.6,7.67
2019-05-24,7.59,7.72,7.4,7.43
2019-05-27,7.47,7.92,7.41,7.91
2019-05-28,7.91,8.11,7.82,7.85
2019-05-29,7.93,8.15,7.84,8.01
2019-05-30,8.02,8.19,7.85,8.19
2019-05-31,8.09,8.18,7.96,8.12
2019-06-03,8.09,8.23,8.02,8.12
2019-06-04,8.08,8.13,7.85,7.91
2019-06-05,8.03,8.17,7.93,8.05
2019-06-06,8.05,8.49,7.93,8.09
2019-06-10,8.15,8.44,8.15,8.44
2019-06-11,8.43,8.73,8.2,8.57
2019-06-12,8.5,8.69,8.42,8.65
2019-06-13,8.64,9.52,8.55,9.52
2019-06-14,9.3,10.47,9.27,10.25
2019-06-17,10.04,10.23,9.7,10.0
2019-06-18,10.05,10.19,9.8,10.13
2019-06-19,10.25,10.73,10.1,10.31
2019-06-20,10.2,10.44,9.87,9.91
2019-06-21,9.98,10.04,9.77,9.89
2019-06-24,9.88,10.68,9.81,10.01
2019-06-25,9.81,9.82,9.34,9.54
2019-06-26,9.67,10.13,9.52,10.09
2019-06-27,10.06,10.24,9.91,10.24
2019-06-28,10.24,10.24,9.87,9.99
2019-07-01,10.06,10.1,9.62,9.79
2019-07-02,9.66,9.85,9.17,9.3
2019-07-03,9.3,9.34,9.0,9.33
2019-07-04,9.33,9.46,9.02,9.04
2019-07-05,9.04,9.2,9.01,9.01
2019-07-08,8.95,8.95,8.47,8.55
2019-07-09,8.55,8.66,8.28,8.35
2019-07-10,8.37,8.41,8.12,8.32
2019-07-11,8.32,8.42,8.17,8.3
2019-07-12,8.3,8.32,8.17,8.3
2019-07-15,8.38,8.44,8.21,8.3
2019-07-16,8.26,8.27,8.02,8.02
2019-07-17,8.07,8.08,7.78,7.86
2019-07-18,7.87,7.87,7.68,7.7
2019-07-19,7.75,7.82,7.69,7.71
2019-07-22,7.77,7.78,7.4,7.57
2019-07-23,7.58,7.84,7.51,7.82
2019-07-24,7.78,7.94,7.78,7.85
2019-07-25,7.88,8.64,7.87,8.64
2019-07-26,8.86,8.86,8.31,8.32
2019-07-29,8.39,8.85,8.33,8.59
2019-07-30,8.59,8.61,8.4,8.5
2019-07-31,8.4,8.49,8.3,8.34
2019-08-01,8.3,8.5,8.18,8.47
2019-08-02,8.25,8.29,8.06,8.2
2019-08-05,8.2,8.32,8.0,8.03
2019-08-06,7.81,8.02,7.49,7.98
2019-08-07,8.08,8.1,7.75,7.75
2019-08-08,7.83,8.05,7.75,7.99
2019-08-09,7.97,8.61,7.95,8.19
2019-08-12,8.2,8.68,8.13,8.68
2019-08-13,8.48,8.55,8.3,8.43
2019-08-14,8.51,8.63,8.33,8.34
2019-08-15,8.02,8.33,7.9,8.27
2019-08-16,8.26,8.48,8.23,8.29
2019-08-19,8.32,8.65,8.32,8.58
2019-08-20,8.58,8.78,8.49,8.52
2019-08-21,8.51,9.03,8.46,8.95
2019-08-22,8.9,8.94,8.7,8.86
2019-08-23,8.79,9.4,8.6,9.13
2019-08-26,8.86,9.17,8.74,8.95
2019-08-27,9.01,9.14,8.88,8.96
2019-08-28,8.9,8.91,8.55,8.58
2019-08-29,8.6,8.72,8.48,8.7
2019-08-30,8.7,8.73,8.01,8.24
2019-09-02,8.24,8.54,8.15,8.5
2019-09-03,8.56,8.73,8.38,8.69
2019-09-04,8.65,9.56,8.61,9.18
2019-09-05,9.29,9.65,9.12,9.32
2019-09-06,9.35,9.52,9.24,9.4
2019-09-09,9.53,9.8,9.35,9.7
2019-09-10,9.7,9.88,9.44,9.59
2019-09-11,9.6,9.85,9.46,9.6
2019-09-12,9.64,9.68,9.47,9.53
2019-09-16,9.52,10.04,9.48,9.78
2019-09-17,9.73,9.73,9.26,9.36
2019-09-18,9.38,9.46,9.17,9.33
2019-09-19,9.33,9.72,9.33,9.64
2019-09-20,9.68,10.6,9.56,10.6
2019-09-23,10.48,10.48,9.79,10.0
2019-09-24,10.04,10.09,9.78,9.92
2019-09-25,9.91,9.91,9.4,9.49
2019-09-26,9.52,9.57,8.78,8.87
2019-09-27,8.89,9.11,8.85,8.95
2019-09-30,8.93,9.23,8.87,8.9
2019-10-08,9.02,9.04,8.72,8.75
2019-10-09,8.75,9.38,8.69,9.12
2019-10-10,9.06,9.2,9.0,9.13
2019-10-11,9.15,9.19,9.0,9.09
2019-10-14,9.15,9.26,9.07,9.23
2019-10-15,9.21,9.21,8.83,8.87
2019-10-16,8.95,8.96,8.75,8.78
2019-10-17,8.72,8.85,8.5,8.55
2019-10-18,8.63,8.72,8.35,8.4
2019-10-21,8.43,8.58,8.1,8.58
2019-10-22,8.58,8.73,8.51,8.69
2019-10-23,8.73,8.75,8.55,8.58
2019-10-24,8.59,8.65,8.4,8.6
2019-10-25,8.57,8.59,8.41,8.53
2019-10-28,8.52,8.79,8.44,8.78
2019-10-29,8.8,8.81,8.55,8.55
2019-10-30,8.55,8.64,8.28,8.46
2019-10-31,8.42,8.56,8.18,8.2
2019-11-01,8.2,8.36,8.15,8.36
2019-11-04,8.38,8.49,8.21,8.23
2019-11-05,8.27,8.3,8.07,8.18
2019-11-06,8.24,8.31,8.04,8.1
2019-11-07,8.06,8.19,8.03,8.13
2019-11-08,8.16,8.3,8.11,8.14
2019-11-11,8.06,8.07,7.77,7.82
2019-11-12,7.8,7.92,7.69,7.85
2019-11-13,7.83,7.87,7.7,7.79
2019-11-14,7.84,7.98,7.79,7.93
2019-11-15,7.87,7.98,7.75,7.76
2019-11-18,7.7,7.88,7.7,7.82
2019-11-19,7.8,8.07,7.73,7.98
2019-11-20,8.01,8.11,7.94,7.96
2019-11-21,7.91,8.0,7.88,7.9
2019-11-22,8.16,8.16,7.76,7.78
2019-11-25,7.72,7.84,7.65,7.8
2019-11-26,7.77,7.85,7.56,7.57
2019-11-27,7.51,7.78,7.5,7.65
2019-11-28,7.71,7.83,7.68,7.73
2019-11-29,7.74,7.89,7.68,7.86
2019-12-02,7.82,8.08,7.76,8.01
2019-12-03,7.92,8.07,7.92,8.06
2019-12-04,8.0,8.17,8.0,8.07
2019-12-05,8.11,8.3,8.11,8.26
2019-12-06,8.28,8.46,8.23,8.45
2019-12-09,8.4,8.55,8.3,8.41
2019-12-10,8.36,8.44,8.23,8.4
2019-12-11,8.35,8.48,8.25,8.3
2019-12-12,8.3,8.65,8.3,8.53
2019-12-13,8.59,8.62,8.38,8.44
2019-12-16,8.45,8.74,8.4,8.73
2019-12-17,8.68,8.85,8.63,8.71
2019-12-18,8.7,8.93,8.67,8.86
2019-12-19,8.9,8.99,8.66,8.77
2019-12-20,8.73,8.76,8.51,8.52
2019-12-23,8.45,8.57,8.29,8.3
2019-12-24,8.34,8.44,8.22,8.43
2019-12-25,8.41,8.73,8.37,8.66
2019-12-26,8.65,8.91,8.61,8.85
2019-12-27,8.84,9.16,8.65,8.65
2019-12-30,8.58,8.85,8.34,8.71
2019-12-31,8.71,8.77,8.5,8.57
2020-01-02,8.62,8.92,8.56,8.89
2020-01-03,9.0,9.15,8.89,8.97
2020-01-06,8.85,9.37,8.85,9.18
2020-01-07,9.14,9.27,9.08,9.18
2020-01-08,9.08,9.29,8.93,9.03
2020-01-09,9.13,9.25,9.03,9.25
2020-01-10,9.2,9.25,8.91,9.01
2020-01-13,8.99,9.25,8.9,9.23
2020-01-14,9.25,9.28,9.04,9.07
2020-01-15,9.07,9.12,8.86,9.0
2020-01-16,9.06,9.25,8.97,9.0
2020-01-17,9.06,9.06,8.76,8.81
2020-01-20,8.83,9.0,8.71,8.98
2020-01-21,8.98,9.04,8.86,8.86
2020-01-22,8.8,9.15,8.62,9.09
2020-01-23,8.98,9.19,8.5,8.63
2020-02-03,7.77,7.77,7.77,7.77
2020-02-04,7.03,7.66,7.03,7.41
2020-02-05,7.5,7.7,7.45,7.5
2020-02-06,7.47,7.81,7.46,7.75
2020-02-07,7.83,8.04,7.75,8.04
2020-02-10,8.04,8.14,7.93,8.07
2020-02-11,8.8,8.8,8.1,8.11
2020-02-12,8.14,8.19,8.0,8.13
2020-02-13,8.11,8.18,7.98,8.02
2020-02-14,8.03,8.28,7.99,8.12
2020-02-17,8.14,8.45,8.1,8.4
2020-02-18,8.4,8.71,8.32,8.71
2020-02-19,8.61,9.58,8.58,9.41
2020-02-20,9.2,9.43,9.0,9.43
2020-02-21,9.29,9.66,9.23,9.36
2020-02-24,9.36,10.08,9.31,10.06
2020-02-25,9.76,11.07,9.65,11.07
2020-02-26,11.08,11.49,10.01,10.08
2020-02-27,9.92,10.26,9.66,9.89
2020-02-28,9.3,9.49,9.0,9.04
2020-03-02,9.13,9.57,9.13,9.39
2020-03-03,9.55,9.74,9.09,9.16
2020-03-04,9.1,9.3,8.96,9.24
2020-03-05,9.35,9.45,9.13,9.34
2020-03-06,9.18,9.32,9.15,9.22
2020-03-09,8.99,9.25,8.76,8.77
2020-03-10,8.68,9.23,8.67,9.21
2020-03-11,9.19,9.31,8.92,8.94
2020-03-12,8.8,9.16,8.7,9.04
2020-03-13,8.52,9.1,8.5,8.88
2020-03-16,9.0,9.0,8.32,8.36
2020-03-17,8.5,8.6,8.11,8.38
2020-03-18,8.43,8.54,8.1,8.14
2020-03-19,8.17,8.39,8.07,8.32
2020-03-20,8.38,8.48,8.15,8.3
2020-03-23,8.07,8.1,7.8,7.85
2020-03-24,8.04,8.08,7.8,8.05
2020-03-25,8.24,8.24,8.1,8.18
2020-03-26,8.15,8.2,8.0,8.07
2020-03-27,8.16,8.22,7.99,8.02
2020-03-30,7.85,7.94,7.73,7.89
2020-03-31,7.97,8.03,7.92,7.96
2020-04-01,7.89,8.17,7.89,8.0
2020-04-02,7.98,8.2,7.95,8.2
2020-04-03,8.2,8.2,8.05,8.07
2020-04-07,8.2,8.32,8.19,8.28
2020-04-08,8.27,8.39,8.2,8.32
2020-04-09,8.33,8.39,8.23,8.31
2020-04-10,8.36,8.36,8.0,8.03
2020-04-13,8.0,8.01,7.9,7.99
2020-04-14,8.09,8.11,8.0,8.11
2020-04-15,8.14,8.22,8.08,8.09
2020-04-16,8.09,8.12,7.98,8.08
2020-04-17,8.12,8.26,8.06,8.06
2020-04-20,8.06,8.13,8.02,8.11
2020-04-21,8.09,8.11,7.93,8.0
2020-04-22,8.01,8.18,7.93,8.16
2020-04-23,8.16,8.19,7.99,7.99
2020-04-24,8.0,8.05,7.77,7.81
2020-04-27,7.81,7.88,7.72,7.74
2020-04-28,7.76,7.76,7.26,7.51
2020-04-29,7.5,7.62,7.42,7.58
2020-04-30,7.66,8.02,7.66,8.01
2020-05-06,7.9,8.28,7.9,8.27
2020-05-07,8.3,8.36,8.25,8.27
2020-05-08,8.33,8.49,8.31,8.32
2020-05-11,8.32,8.39,8.25,8.29
2020-05-12,8.26,8.32,8.12,8.27
2020-05-13,8.25,8.33,8.18,8.28
2020-05-14,8.27,8.36,8.19,8.29
2020-05-15,8.35,8.66,8.28,8.65
2020-05-18,8.7,8.76,8.23,8.23
2020-05-19,8.28,8.4,8.22,8.32
2020-05-20,8.26,8.3,8.11,8.14
2020-05-21,8.18,8.2,7.93,7.96
2020-05-22,8.02,8.03,7.8,7.84
2020-05-25,7.84,7.94,7.77,7.91
2020-05-26,7.9,8.15,7.9,8.13
2020-05-27,8.14,8.14,7.98,8.04
2020-05-28,8.1,8.1,7.86,8.03
2020-05-29,8.03,8.12,7.97,8.06
2020-06-01,8.07,8.4,8.07,8.39
2020-06-02,8.46,8.5,8.35,8.43
2020-06-03,8.49,8.56,8.34,8.35
2020-06-04,8.38,8.47,8.31,8.35
2020-06-05,8.31,8.4,8.23,8.32
2020-06-08,8.37,8.5,8.3,8.35
2020-06-09,8.36,8.45,8.26,8.43
2020-06-10,8.4,8.41,8.14,8.18
2020-06-11,8.15,8.26,8.07,8.13
2020-06-12,8.03,8.17,7.84,8.13
2020-06-15,8.1,8.21,8.05,8.11
2020-06-16,8.16,8.47,8.11,8.47
2020-06-17,8.43,8.75,8.25,8.71
2020-06-18,8.6,8.93,8.58,8.65
2020-06-19,8.75,8.83,8.6,8.73
2020-06-22,8.74,8.88,8.67,8.83
2020-06-23,8.82,8.82,8.57,8.66
2020-06-24,8.82,9.0,8.64,8.71
2020-06-29,8.6,9.25,8.55,9.03
2020-06-30,9.06,9.14,8.95,9.11
2020-07-01,9.08,9.09,8.78,8.91
2020-07-02,8.87,9.0,8.77,8.93
2020-07-03,8.95,9.12,8.87,9.09
2020-07-06,9.1,9.47,9.03,9.39
2020-07-07,9.42,9.7,9.31,9.32
2020-07-08,9.31,9.55,9.29,9.5
2020-07-09,9.47,9.88,9.32,9.82
2020-07-10,9.73,9.95,9.56,9.59
2020-07-13,9.63,10.0,9.63,9.95
2020-07-14,10.03,10.19,9.7,10.02
2020-07-15,10.02,10.02,9.41,9.45
2020-07-16,9.52,9.66,9.03,9.12
2020-07-17,9.12,9.21,8.79,8.91
2020-07-20,8.97,9.2,8.9,9.18
2020-07-21,9.21,9.3,9.06,9.18
2020-07-22,9.23,9.33,9.13,9.2
2020-07-23,9.11,9.17,8.8,9.01
2020-07-24,9.0,9.35,8.73,8.78
2020-07-27,8.84,8.9,8.62,8.79
2020-07-28,8.82,8.99,8.73,8.84
2020-07-29,8.81,9.08,8.75,9.08
2020-07-30,9.2,9.23,9.04,9.05
2020-07-31,9.08,9.21,8.99,9.15
2020-08-03,9.2,9.47,9.19,9.47
2020-08-04,9.52,9.52,9.31,9.38
2020-08-05,9.7,9.88,9.4,9.47
2020-08-06,9.43,10.2,9.24,9.95
2020-08-07,9.84,9.84,9.38,9.5
2020-08-10,9.41,9.49,9.31,9.4
2020-08-11,9.33,9.39,9.04,9.04
2020-08-12,9.02,9.56,8.97,9.55
2020-08-13,9.6,10.18,9.49,9.78
2020-08-14,9.79,10.06,9.67,9.86
2020-08-17,9.85,9.97,9.72,9.88
2020-08-18,9.81,9.94,9.71,9.8
2020-08-19,9.7,9.78,9.45,9.52
2020-08-20,9.47,9.54,9.34,9.49
2020-08-21,9.46,9.62,9.31,9.38
2020-08-24,9.4,9.56,9.25,9.44
2020-08-25,9.55,9.71,9.39,9.65
2020-08-26,9.62,9.63,9.2,9.25
2020-08-27,9.17,9.44,9.07,9.34
2020-08-28,9.35,9.4,9.19,9.34
2020-08-31,9.35,9.48,9.31,9.31
2020-09-01,9.37,9.53,9.29,9.46
2020-09-02,9.52,9.52,9.27,9.43
2020-09-03,9.4,9.48,9.26,9.28
2020-09-04,9.2,9.44,9.11,9.38
2020-09-07,9.41,9.57,9.28,9.3
2020-09-08,9.3,9.32,9.12,9.28
2020-09-09,9.19,9.23,8.85,8.85
2020-09-10,8.92,9.01,8.7,8.77
2020-09-11,8.73,8.88,8.71,8.87
2020-09-14,8.88,9.11,8.87,9.05
2020-09-15,9.02,9.11,8.96,9.04
2020-09-16,8.98,9.05,8.82,8.89
2020-09-17,8.89,9.07,8.78,8.96
2020-09-18,8.94,9.05,8.88,9.04
2020-09-21,9.06,9.11,9.0,9.04
2020-09-22,9.01,9.01,8.82,8.84
2020-09-23,8.84,8.9,8.8,8.83
2020-09-24,8.78,8.8,8.51,8.57
2020-09-25,8.53,8.65,8.31,8.38
2020-09-28,8.34,8.41,8.29,8.3
2020-09-29,8.32,8.46,8.32,8.37
2020-09-30,8.46,8.46,8.3,8.34
2020-10-09,8.51,8.62,8.4,8.62
2020-10-12,8.61,8.8,8.61,8.77
2020-10-13,8.77,8.77,8.64,8.68
2020-10-14,8.68,8.69,8.53,8.57
2020-10-15,8.58,8.61,8.5,8.52
2020-10-16,8.55,8.55,8.38,8.43
2020-10-19,8.47,8.55,8.42,8.43
2020-10-20,8.41,8.48,8.34,8.48
2020-10-21,8.48,8.49,8.27,8.3
2020-10-22,8.3,8.3,8.16,8.26
2020-10-23,8.3,8.34,8.17,8.18
2020-10-26,8.18,8.27,8.11,8.17
2020-10-27,8.17,8.22,8.12,8.18
2020-10-28,8.17,8.21,7.93,8.01
2020-10-29,7.89,8.03,7.83,7.95
2020-10-30,7.94,7.99,7.71,7.71
2020-11-02,7.71,7.75,7.46,7.59
2020-11-03,7.62,7.86,7.62,7.84
2020-11-04,7.99,7.99,7.73,7.84
2020-11-05,7.86,8.17,7.86,8.09
2020-11-06,8.08,8.13,8.0,8.03
2020-11-09,8.14,8.34,8.11,8.28
2020-11-10,8.3,8.4,8.14,8.24
2020-11-11,8.24,8.29,8.16,8.19
2020-11-12,8.15,8.22,8.09,8.11
2020-11-13,8.1,8.24,8.03,8.19
2020-11-16,8.21,8.22,8.09,8.16
2020-11-17,8.13,8.16,7.88,7.94
2020-11-18,7.96,8.21,7.93,8.19
2020-11-19,8.13,8.26,8.1,8.23
2020-11-20,8.23,8.35,8.09,8.1
2020-11-23,8.09,8.17,8.0,8.09
2020-11-24,8.11,8.2,8.08,8.14
2020-11-25,8.12,8.2,8.05,8.09
2020-11-26,8.03,8.16,7.95,7.97
2020-11-27,7.97,8.03,7.81,7.9
2020-11-30,7.94,8.09,7.84,8.04
2020-12-01,8.03,8.2,7.99,8.19
2020-12-02,8.2,8.34,8.17,8.32
2020-12-03,8.52,9.15,8.52,9.15
2020-12-04,9.9,10.07,9.4,10.07
2020-12-07,11.08,11.08,11.08,11.08
2020-12-08,11.8,12.19,11.6,12.19
2020-12-09,11.4,12.03,10.97,10.97
2020-12-10,10.5,10.66,9.87,9.87
2020-12-11,9.72,9.85,9.16,9.28
2020-12-14,9.27,9.49,9.19,9.42
2020-12-15,9.49,9.49,9.08,9.21
2020-12-16,9.16,9.55,8.95,9.29
2020-12-17,9.06,9.87,9.03,9.59
2020-12-18,9.47,9.87,9.25,9.56
2020-12-21,9.6,10.52,9.52,10.15
2020-12-22,9.91,10.25,9.5,9.58
2020-12-23,9.55,9.76,9.25,9.61
2020-12-24,9.49,9.51,8.98,9.09
2020-12-25,9.01,9.34,8.9,9.27
2020-12-28,9.2,9.26,8.79,9.18
2020-12-29,9.22,9.56,9.12,9.32
2020-12-30,9.17,9.76,8.89,9.59
2020-12-31,9.47,9.65,9.16,9.23
2021-01-04,9.12,9.46,9.09,9.46
2021-01-05,9.36,10.35,9.3,9.74
2021-01-06,9.58,9.64,9.04,9.22
2021-01-07,9.12,9.18,8.49,8.49
2021-01-08,8.55,8.68,8.17,8.54
2021-01-11,8.62,8.71,8.21,8.21
2021-01-12,8.16,8.31,8.06,8.24
2021-01-13,8.15,8.26,8.04,8.09
2021-01-14,8.08,8.28,7.98,8.12
2021-01-15,8.09,8.33,8.05,8.26
2021-01-18,8.3,8.47,8.25,8.45
2021-01-19,8.4,8.5,8.25,8.26
2021-01-20,8.26,8.33,8.13,8.31
2021-01-21,8.29,8.4,8.2,8.28
2021-01-22,8.21,8.27,7.97,7.99
2021-01-25,7.87,7.96,7.66,7.69
2021-01-26,7.7,7.9,7.65,7.76
2021-01-27,7.71,7.86,7.67,7.8
2021-01-28,7.72,7.88,7.68,7.86
2021-01-29,7.84,7.93,7.56,7.65
2021-02-01,7.6,7.74,7.58,7.7
2021-02-02,7.75,7.75,7.58,7.6
2021-02-03,7.6,7.64,7.25,7.26
2021-02-04,7.26,7.35,7.0,7.32
2021-02-05,7.24,7.4,7.03,7.03
2021-02-08,7.06,7.19,7.02,7.1
2021-02-09,7.1,7.22,7.1,7.19
2021-02-10,7.18,7.3,7.15,7.29
2021-02-18,7.38,7.59,7.38,7.55
2021-02-19,7.56,7.76,7.5,7.75
2021-02-22,7.75,7.98,7.75,7.77
2021-02-23,7.8,7.95,7.7,7.75
2021-02-24,7.7,7.91,7.7,7.79
2021-02-25,7.85,7.89,7.7,7.7
2021-02-26,7.62,8.31,7.58,8.07
2021-03-01,8.38,8.88,8.33,8.66
2021-03-02,8.5,9.5,8.41,9.38
2021-03-03,9.98,10.32,9.58,10.32
2021-03-04,9.99,10.81,9.8,10.56
2021-03-05,10.25,10.99,10.1,10.75
2021-03-08,10.88,11.83,10.88,11.38
2021-03-09,11.1,11.2,10.24,10.24
2021-03-10,10.0,10.5,9.66,9.73
2021-03-11,9.96,10.62,9.75,10.17
2021-03-12,10.31,10.68,9.48,9.75
2021-03-15,9.76,9.8,9.08,9.31
2021-03-16,9.29,9.94,9.21,9.5
2021-03-17,9.45,10.1,9.3,9.85
2021-03-18,9.75,10.44,9.68,10.16
2021-03-19,9.82,10.04,9.67,9.97
2021-03-22,9.99,10.97,9.98,10.97
2021-03-23,11.15,11.43,10.5,10.63
2021-03-24,10.52,10.82,10.42,10.53
2021-03-25,10.8,11.09,10.35,10.67
2021-03-26,10.56,11.17,10.43,10.84
2021-03-29,11.35,11.92,11.03,11.92
2021-03-30,12.0,12.44,11.38,11.74
2021-03-31,11.95,12.05,10.88,11.15
2021-04-01,11.1,11.67,11.04,11.22
2021-04-02,11.02,11.56,10.98,11.35
2021-04-06,11.68,12.49,11.68,12.49
2021-04-07,12.7,13.01,12.11,12.75
2021-04-08,13.21,14.0,12.85,13.03
2021-04-09,12.62,13.14,12.4,12.88
2021-04-12,12.95,13.49,12.48,12.62
2021-04-13,12.64,12.74,12.25,12.31
2021-04-14,12.37,13.23,12.32,13.13
2021-04-15,13.88,14.44,12.81,14.44
2021-04-16,15.01,15.49,14.55,14.99
2021-04-19,14.76,14.98,14.41,14.93
2021-04-20,15.17,15.74,14.65,14.65
2021-04-21,14.61,14.89,14.29,14.6
2021-04-22,14.81,15.08,14.55,14.61
2021-04-23,14.6,14.65,14.28,14.49
2021-04-26,14.65,15.31,14.59,14.91
2021-04-27,14.87,15.64,14.17,15.57
2021-04-28,15.47,15.48,14.66,14.87
2021-04-29,14.58,15.22,14.3,14.76
2021-04-30,14.7,15.02,14.47,14.89
2021-05-06,15.1,15.43,14.88,15.35
2021-05-07,15.26,16.44,15.16,15.7
2021-05-10,15.71,16.12,15.33,15.72
2021-05-11,15.5,15.55,14.15,14.15
2021-05-12,14.18,14.44,13.77,14.35
2021-05-13,14.15,14.64,14.03,14.12
2021-05-14,14.33,14.35,13.21,13.52
2021-05-17,13.52,13.53,12.52,12.81
2021-05-18,12.97,13.33,12.83,13.25
2021-05-19,13.23,13.75,13.12,13.29
2021-05-20,13.13,13.31,12.9,13.17
2021-05-21,13.24,13.5,13.06,13.22
2021-05-24,13.17,13.49,13.02,13.3
2021-05-25,13.24,13.38,13.0,13.35
2021-05-26,13.35,13.35,13.03,13.08
2021-05-27,13.1,14.39,13.08,13.87
2021-05-28,13.85,14.3,13.65,13.9
2021-05-31,14.02,14.48,13.8,14.05
2021-06-01,14.01,14.82,13.93,14.61
2021-06-02,14.61,14.76,14.14,14.33
2021-06-03,14.38,14.56,13.88,13.93
2021-06-04,14.02,14.28,13.8,14.05
2021-06-07,14.14,15.46,14.11,15.46
2021-06-08,15.59,16.14,15.4,15.59
2021-06-09,15.79,15.89,15.23,15.89
2021-06-10,15.73,16.24,15.47,15.66
2021-06-11,15.53,15.61,14.31,14.58
2021-06-15,14.49,15.05,14.47,14.53
2021-06-16,14.67,14.99,14.27,14.4
2021-06-17,14.28,15.37,14.28,15.23
2021-06-18,15.2,15.28,14.73,15.03
2021-06-21,14.95,15.46,14.84,15.12
2021-06-22,15.2,15.63,14.55,15.48
2021-06-23,15.4,15.99,15.22,15.83
2021-06-24,15.99,17.09,15.63,16.26
2021-06-25,16.2,16.45,15.26,15.81
2021-06-28,15.85,15.95,15.43,15.67
2021-06-29,15.6,16.38,15.48,16.35
2021-06-30,16.4,16.47,15.9,16.22
2021-07-01,16.1,16.48,14.9,14.98
2021-07-02,15.14,15.57,14.99,15.2
2021-07-05,15.19,16.72,15.18,16.72
2021-07-06,16.98,17.43,16.68,17.0
2021-07-07,16.89,17.35,16.38,17.23
2021-07-08,17.32,17.68,16.9,17.43
2021-07-09,17.38,19.17,17.28,18.64
2021-07-12,19.0,20.29,17.75,19.45
2021-07-13,19.17,19.39,18.7,18.85
2021-07-14,18.8,18.82,17.75,17.85
2021-07-15,18.0,18.25,17.36,18.0
2021-07-16,18.16,18.36,17.77,18.12
2021-07-19,17.83,18.12,17.28,17.75
2021-07-20,17.6,17.98,17.4,17.88
2021-07-21,17.87,18.7,17.81,18.52
2021-07-22,18.38,18.38,17.46,18.08
2021-07-23,17.81,17.95,17.5,17.59
2021-07-26,17.33,17.46,16.02,16.16
2021-07-27,16.54,17.3,16.31,16.31
2021-07-28,16.22,16.22,15.2,15.67
2021-07-29,16.2,16.55,15.81,16.39
2021-07-30,16.19,16.85,15.81,16.45
2021-08-02,16.36,16.88,16.15,16.8
2021-08-03,16.62,16.89,15.9,16.05
2021-08-04,15.94,16.55,15.9,16.51
2021-08-05,16.51,16.75,15.91,16.01
2021-08-06,16.05,16.93,15.72,16.75
2021-08-09,16.6,16.65,16.08,16.41
2021-08-10,16.3,16.32,15.8,16.1
2021-08-11,16.1,16.1,15.14,15.28
2021-08-12,15.32,15.46,15.2,15.42
2021-08-13,15.3,15.3,14.74,14.93
2021-08-16,14.93,15.21,14.7,15.0
2021-08-17,15.39,15.68,14.95,15.01
2021-08-18,14.82,14.96,14.4,14.65
2021-08-19,14.47,14.84,14.34,14.67
2021-08-20,14.6,14.97,14.36,14.85
2021-08-23,14.92,15.33,14.77,15.3
2021-08-24,15.29,15.4,15.02,15.25
2021-08-25,15.25,15.35,15.01,15.29
2021-08-26,15.28,15.99,15.15,15.81
2021-08-27,15.71,16.78,15.69,16.7
2021-08-30,16.8,17.18,16.32,16.77
2021-08-31,16.79,16.79,15.89,16.59
2021-09-01,16.55,16.55,15.65,15.79
2021-09-02,15.84,16.26,15.44,16.21
2021-09-03,16.08,16.75,16.0,16.45
2021-09-06,16.57,16.85,16.2,16.72
2021-09-07,16.84,17.33,16.75,17.04
2021-09-08,17.16,17.62,16.92,17.59
2021-09-09,17.8,18.81,17.55,17.57
2021-09-10,17.88,17.93,16.95,17.32
2021-09-13,17.43,17.43,16.75,17.15
2021-09-14,17.04,17.64,16.91,17.16
2021-09-15,17.3,17.38,16.65,17.17
2021-09-16,17.21,17.21,16.25,16.26
2021-09-17,16.42,16.42,15.61,15.77
2021-09-22,15.5,16.25,15.42,16.14
2021-09-23,16.24,16.34,15.82,15.94
2021-09-24,16.03,16.36,15.85,16.01
2021-09-27,16.11,16.28,15.07,15.55
2021-09-28,15.54,16.08,15.35,15.95
2021-09-29,15.73,16.04,14.91,15.05
2021-09-30,15.05,15.47,15.01,15.29
2021-10-08,15.62,16.26,15.48,16.0
2021-10-11,15.9,16.23,15.64,15.92
2021-10-12,15.8,16.0,15.04,15.35
2021-10-13,15.5,15.5,14.98,15.37
2021-10-14,15.3,15.46,15.1,15.37
2021-10-15,14.3,14.73,13.83,13.83
2021-10-18,13.56,13.99,13.25,13.89
2021-10-19,13.81,14.44,13.75,14.39
2021-10-20,14.25,14.47,14.1,14.18
2021-10-21,14.14,14.22,13.8,13.86
2021-10-22,13.83,13.99,13.68,13.73
2021-10-25,13.78,14.02,13.66,13.95
2021-10-26,13.96,14.25,13.81,13.9
2021-10-27,13.91,13.95,13.5,13.64
2021-10-28,13.62,13.79,13.35,13.47
2021-10-29,13.37,13.5,13.24,13.29
2021-11-01,13.16,13.84,13.05,13.76
2021-11-02,13.83,14.25,13.4,13.58
2021-11-03,13.59,13.9,13.17,13.31
2021-11-04,13.28,13.99,13.28,13.86
2021-11-05,13.81,14.09,13.72,13.76
2021-11-08,13.68,13.68,13.31,13.41
2021-11-09,13.46,13.82,13.4,13.8
2021-11-10,13.65,13.99,13.62,13.98
2021-11-11,13.88,14.15,13.81,14.04
2021-11-12,14.01,14.55,13.9,14.44
2021-11-15,14.6,14.77,14.29,14.4
2021-11-16,14.31,14.5,14.04,14.08
2021-11-17,14.1,14.42,14.05,14.4
2021-11-18,14.49,14.6,14.18,14.22
2021-11-19,14.22,14.58,14.12,14.55
2021-11-22,14.55,14.94,14.51,14.85
2021-11-23,14.8,14.89,14.63,14.8
2021-11-24,14.86,14.94,14.7,14.77
2021-11-25,14.77,14.93,14.68,14.74
2021-11-26,14.76,14.76,14.31,14.38
2021-11-29,14.16,14.63,14.15,14.52
2021-11-30,14.52,14.83,14.47,14.66
2021-12-01,14.67,14.79,14.46,14.78
2021-12-02,14.68,14.75,14.31,14.36
2021-12-03,14.36,14.65,14.34,14.59
2021-12-06,14.6,14.65,13.97,13.98
2021-12-07,14.07,14.12,13.38,13.56
2021-12-08,13.69,14.08,13.59,13.92
2021-12-09,14.05,14.05,13.73,13.83
2021-12-10,13.85,14.01,13.64,13.91
2021-12-13,13.93,13.99,13.78,13.88
2021-12-14,13.88,13.93,13.7,13.74
2021-12-15,13.74,13.83,13.6,13.63
2021-12-16,13.67,13.74,13.59,13.7
2021-12-17,13.7,13.71,13.43,13.44
2021-12-20,13.4,13.41,13.1,13.15
2021-12-21,13.14,13.32,13.11,13.28
2021-12-22,13.29,13.57,13.25,13.52
2021-12-23,13.71,13.96,13.61,13.71
2021-12-24,13.77,14.1,13.71,13.97
2021-12-27,14.02,15.37,14.02,15.37
2021-12-28,15.45,16.11,15.3,15.73
2021-12-29,15.5,16.2,15.35,15.39
2021-12-30,15.39,15.4,15.0,15.18
2021-12-31,15.2,15.36,14.98,15.05
2022-01-04,15.13,15.25,14.8,14.91
2022-01-05,14.81,15.05,14.42,14.64
2022-01-06,14.5,14.94,14.42,14.8
2022-01-07,14.8,15.44,14.8,15.1
2022-01-10,15.04,15.04,13.62,14.04
2022-01-11,14.17,14.28,13.85,13.96
2022-01-12,14.15,14.22,13.86,14.18
2022-01-13,14.15,14.26,13.7,13.7
2022-01-14,13.74,13.97,13.6,13.75
2022-01-17,13.76,14.14,13.7,14.03
2022-01-18,14.07,14.14,13.7,13.81
2022-01-19,13.83,13.87,13.61,13.68
2022-01-20,13.68,13.7,13.21,13.24
2022-01-21,13.22,13.32,13.05,13.26
2022-01-24,13.17,13.25,13.08,13.14
2022-01-25,13.06,13.14,11.83,11.84
2022-01-26,11.69,12.15,11.68,12.01
2022-01-27,11.91,12.08,11.5,11.52
2022-01-28,11.58,11.78,11.42,11.6
2022-02-07,11.61,12.06,11.61,11.95
2022-02-08,11.88,12.11,11.73,12.08
2022-02-09,12.07,12.22,11.92,12.18
2022-02-10,12.25,12.29,12.05,12.14
2022-02-11,12.06,12.08,11.81,11.81
2022-02-14,11.8,11.96,11.61,11.88
2022-02-15,11.93,11.97,11.76,11.86
2022-02-16,12.0,12.19,11.91,12.06
2022-02-17,11.93,12.1,11.92,11.94
2022-02-18,11.8,12.02,11.8,12.01
2022-02-21,11.93,12.1,11.9,12.08
2022-02-22,12.02,12.02,11.84,11.93
2022-02-23,11.93,12.39,11.88,12.36
2022-02-24,12.41,12.43,11.8,11.95
2022-02-25,12.09,12.38,12.09,12.18
2022-02-28,12.12,12.24,12.02,12.21
2022-03-01,12.15,12.26,12.11,12.21
2022-03-02,12.15,12.3,12.1,12.28
2022-03-03,12.29,12.34,12.12,12.14
2022-03-04,12.07,12.23,11.94,12.08
2022-03-07,12.03,12.08,11.51,11.59
2022-03-08,11.58,11.65,11.0,11.11
2022-03-09,11.11,11.21,10.38,10.86
2022-03-10,11.1,11.29,11.08,11.19
2022-03-11,11.06,11.24,10.86,11.2
2022-03-14,11.08,11.19,10.93,10.93
2022-03-15,10.9,10.99,10.16,10.17
2022-03-16,10.43,10.55,10.02,10.52
2022-03-17,10.67,11.01,10.58,10.95
2022-03-18,10.89,11.1,10.82,11.05
2022-03-21,11.05,11.12,10.92,11.08
2022-03-22,11.08,11.12,10.98,11.1
2022-03-23,11.04,11.1,10.99,11.05
2022-03-24,11.05,11.08,10.85,10.9
2022-03-25,10.99,11.17,10.95,11.0
2022-03-28,11.02,11.04,10.75,10.8
2022-03-29,10.94,10.94,10.56,10.59
2022-03-30,10.69,10.76,10.56,10.73
2022-03-31,10.62,10.82,10.59,10.63
2022-04-01,10.5,10.6,10.47,10.52
2022-04-06,10.58,10.64,10.48,10.63
2022-04-07,10.58,10.63,10.28,10.28
2022-04-08,10.33,10.37,10.03,10.14
2022-04-11,10.03,10.14,9.6,9.66
2022-04-12,9.61,9.86,9.59,9.85
2022-04-13,9.87,9.9,9.68,9.75
2022-04-14,9.84,9.89,9.75,9.8
2022-04-15,9.8,9.8,9.63,9.69
2022-04-18,9.69,9.88,9.47,9.87
2022-04-19,9.85,10.04,9.8,9.9
2022-04-20,9.93,10.15,9.9,10.0
2022-04-21,9.96,9.98,9.4,9.48
2022-04-22,9.53,9.55,9.1,9.26
2022-04-25,9.24,9.24,8.39,8.5
2022-04-26,8.5,8.68,8.3,8.31
2022-04-27,8.24,8.64,8.02,8.61
2022-04-28,8.6,8.76,8.43,8.54
2022-04-29,7.73,8.05,7.69,8.03
2022-05-05,7.8,8.06,7.64,7.85
2022-05-06,7.65,7.7,7.48,7.52
2022-05-09,7.54,7.76,7.5,7.61
2022-05-10,7.55,7.88,7.44,7.84
2022-05-11,7.87,8.16,7.84,7.9
2022-05-12,7.88,8.05,7.84,7.97
2022-05-13,7.98,8.06,7.88,7.98
2022-05-16,8.06,8.14,7.93,8.01
2022-05-17,7.97,8.09,7.86,8.09
2022-05-18,8.06,8.25,8.05,8.18
2022-05-19,8.09,8.32,8.0,8.29
2022-05-20,8.35,8.53,8.3,8.46
2022-05-23,8.47,8.65,8.46,8.6
2022-05-24,8.61,8.72,8.23,8.25
2022-05-25,8.22,8.33,8.18,8.3
2022-05-26,8.3,8.38,8.1,8.32
2022-05-27,8.38,8.44,8.14,8.26
2022-05-30,8.29,8.36,8.18,8.28
2022-05-31,8.32,8.45,8.14,8.45
2022-06-01,8.45,8.72,8.4,8.58
2022-06-02,8.57,8.86,8.4,8.79
2022-06-06,8.78,8.93,8.61,8.88
2022-06-07,9.15,9.77,8.67,8.9
2022-06-08,8.6,8.87,8.41,8.61
2022-06-09,8.45,8.62,8.33,8.38
2022-06-10,8.33,8.64,8.3,8.59
2022-06-13,8.56,8.68,8.47,8.67
2022-06-14,8.66,8.66,8.33,8.64
2022-06-15,8.7,8.76,8.56,8.57
2022-06-16,8.61,8.7,8.53,8.6
2022-06-17,8.8,9.46,8.75,8.94
2022-06-20,8.84,9.15,8.67,9.04
2022-06-21,9.08,9.08,8.76,8.83
2022-06-22,8.87,8.87,8.56,8.58
2022-06-23,8.55,8.76,8.51,8.75
2022-06-24,8.75,9.11,8.69,8.97
2022-06-27,9.0,9.08,8.87,8.91
2022-06-28,9.09,9.49,8.96,9.14
2022-06-29,9.16,9.38,8.97,8.99
2022-06-30,8.96,9.09,8.88,9.03
2022-07-01,8.98,9.8,8.98,9.28
2022-07-04,9.25,9.36,9.1,9.22
2022-07-05,9.16,9.23,8.98,9.1
2022-07-06,9.04,9.22,8.99,9.14
2022-07-07,9.14,9.17,8.94,9.07
2022-07-08,9.04,9.15,8.98,8.99
2022-07-11,8.98,9.02,8.79,8.93
2022-07-12,8.91,8.91,8.66,8.66
2022-07-13,8.68,8.86,8.64,8.85
2022-07-14,8.84,9.25,8.74,9.25
2022-07-15,9.1,9.49,8.74,8.76
2022-07-18,8.8,9.36,8.7,9.33
2022-07-19,9.65,9.87,9.13,9.15
2022-07-20,9.08,9.27,9.0,9.16
2022-07-21,9.09,9.27,9.07,9.12
2022-07-22,9.05,9.19,8.96,9.04
2022-07-25,9.01,9.08,8.88,8.97
2022-07-26,8.97,9.01,8.82,9.01
2022-07-27,9.0,9.04,8.9,8.98
2022-07-28,9.15,9.48,9.06,9.38
2022-07-29,9.35,9.39,9.14,9.16
2022-08-01,9.07,9.7,9.03,9.48
2022-08-02,9.3,9.41,9.07,9.25
2022-08-03,9.3,9.55,9.17,9.2
2022-08-04,9.25,9.34,9.18,9.31
2022-08-05,9.41,9.59,9.32,9.59
2022-08-08,9.9,10.55,9.78,10.13
2022-08-09,9.6,9.77,9.42,9.6
2022-08-10,9.5,9.68,9.4,9.6
2022-08-11,9.6,10.06,9.58,10.05
2022-08-12,9.92,10.0,9.81,9.87
2022-08-15,9.82,9.9,9.66,9.88
2022-08-16,9.85,9.88,9.71,9.74
2022-08-17,9.74,9.75,9.55,9.67
2022-08-18,9.63,9.74,9.54,9.71
2022-08-19,9.68,9.97,9.55,9.55
2022-08-22,9.5,9.58,9.3,9.51
2022-08-23,9.43,9.59,9.41,9.49
2022-08-24,9.49,9.5,9.06,9.12
2022-08-25,9.12,9.18,8.76,8.92
2022-08-26,8.91,8.98,8.64,8.67
2022-08-29,8.57,8.74,8.45,8.71
2022-08-30,8.72,8.79,8.62,8.75
2022-08-31,8.75,8.75,8.44,8.44
2022-09-01,8.48,8.56,8.3,8.3
2022-09-02,8.35,8.45,8.34,8.44
2022-09-05,8.42,8.49,8.34,8.42
2022-09-06,8.48,8.49,8.38,8.49
2022-09-07,8.45,8.57,8.42,8.55
2022-09-08,8.55,8.6,8.42,8.42
2022-09-09,8.48,8.5,8.35,8.45
2022-09-13,8.49,8.53,8.43,8.47
2022-09-14,8.33,8.38,8.19,8.24
2022-09-15,8.28,8.32,7.92,8.04
2022-09-16,8.05,8.08,7.92,7.92
2022-09-19,7.94,8.0,7.81,7.83
2022-09-20,7.85,7.95,7.85,7.92
2022-09-21,7.9,8.05,7.75,8.02
2022-09-22,7.93,8.07,7.93,7.99
2022-09-23,7.99,7.99,7.75,7.81
2022-09-26,7.7,7.81,7.62,7.62
2022-09-27,7.64,7.82,7.61,7.81
2022-09-28,7.85,7.85,7.68,7.72
2022-09-29,7.8,7.83,7.59,7.65
2022-09-30,7.71,7.71,7.62,7.65
2022-10-10,7.65,7.7,7.38,7.39
2022-10-11,7.39,7.47,7.32,7.43
2022-10-12,7.44,7.89,7.4,7.82
2022-10-13,7.79,7.94,7.72,7.85
2022-10-14,7.85,8.0,7.85,7.95
2022-10-17,7.9,8.08,7.9,8.06
2022-10-18,8.09,8.13,7.96,8.01
2022-10-19,8.01,8.02,7.92,7.93
2022-10-20,7.91,8.15,7.84,8.05
2022-10-21,8.0,8.08,7.91,7.96
2022-10-24,7.99,8.14,7.83,7.87
2022-10-25,7.86,7.94,7.73,7.83
2022-10-26,7.8,8.09,7.8,8.03
2022-10-27,8.09,8.19,8.02,8.1
2022-10-28,8.14,8.14,7.73,7.74
2022-10-31,7.83,8.02,7.75,7.96
2022-11-01,8.0,8.07,7.91,8.07
2022-11-02,8.08,8.22,8.02,8.16
2022-11-03,8.11,8.23,8.06,8.21
2022-11-04,8.21,8.28,8.14,8.25
2022-11-07,8.25,8.35,8.19,8.22
2022-11-08,8.25,8.25,8.12,8.22
2022-11-09,8.22,8.23,8.15,8.18
2022-11-10,8.16,8.21,8.05,8.08
2022-11-11,8.2,8.32,8.12,8.12
2022-11-14,8.15,8.2,8.04,8.07
2022-11-15,8.05,8.44,8.05,8.43
2022-11-16,8.44,8.46,8.34,8.39
2022-11-17,8.36,8.46,8.28,8.46
2022-11-18,8.46,8.49,8.31,8.33
2022-11-21,8.34,8.36,8.2,8.33
2022-11-22,8.36,8.46,8.23,8.24
2022-11-23,8.24,8.27,8.02,8.14
2022-11-24,8.15,8.19,8.05,8.1
2022-11-25,8.1,8.13,8.0,8.01
2022-11-28,7.8,7.92,7.67,7.86
2022-11-29,7.92,8.01,7.85,7.99
2022-11-30,8.01,8.01,7.92,7.93
2022-12-01,7.97,8.1,7.92,8.0
2022-12-02,8.01,8.12,7.98,8.05
2022-12-05,8.06,8.14,8.03,8.12
2022-12-06,8.1,8.14,8.05,8.07
2022-12-07,8.06,8.09,8.02,8.04
2022-12-08,8.02,8.04,7.87,7.87
2022-12-09,7.92,7.94,7.84,7.9
2022-12-12,7.91,8.69,7.8,8.69
2022-12-13,8.8,9.09,8.53,8.59
2022-12-14,8.83,8.99,8.62,8.65
2022-12-15,8.6,9.36,8.51,9.03
2022-12-16,8.89,9.27,8.77,8.99
2022-12-19,8.89,8.89,8.53,8.72
2022-12-20,8.71,8.75,8.46,8.49
2022-12-21,8.43,8.62,8.37,8.6
2022-12-22,8.5,8.58,8.18,8.24
2022-12-23,8.1,8.19,7.91,7.99
2022-12-26,8.0,8.39,8.0,8.26
2022-12-27,8.31,8.31,8.02,8.12
2022-12-28,8.13,8.14,7.88,7.9
2022-12-29,7.87,7.94,7.82,7.89
2022-12-30,7.95,8.01,7.78,7.79
2023-01-03,7.74,7.96,7.71,7.95
2023-01-04,7.94,8.09,7.89,7.97
2023-01-05,7.99,8.02,7.91,8.0
2023-01-06,8.01,8.04,7.93,7.96
2023-01-09,7.97,8.07,7.97,8.01
2023-01-10,8.0,8.15,7.96,8.05
2023-01-11,8.03,8.12,7.91,7.93
2023-01-12,7.91,7.95,7.85,7.93
2023-01-13,7.95,7.96,7.88,7.93
2023-01-16,7.92,8.05,7.9,8.04
2023-01-17,8.04,8.13,8.0,8.12
2023-01-18,8.13,8.18,8.08,8.09
2023-01-19,8.1,8.36,8.06,8.33
2023-01-20,8.38,8.42,8.26,8.32
2023-01-30,8.37,8.44,8.35,8.38
2023-01-31,8.35,8.37,8.3,8.35
2023-02-01,8.41,8.59,8.36,8.55
2023-02-02,8.58,8.68,8.5,8.57
2023-02-03,8.57,8.65,8.42,8.61
2023-02-06,8.61,8.63,8.52,8.57
2023-02-07,8.58,8.64,8.52,8.64
2023-02-08,8.64,8.72,8.52,8.52
2023-02-09,8.52,8.86,8.51,8.86
2023-02-10,8.83,8.99,8.76,8.85
2023-02-13,8.86,8.94,8.75,8.82
2023-02-14,8.8,8.92,8.76,8.82
2023-02-15,8.82,8.91,8.78,8.9
2023-02-16,8.88,9.01,8.62,8.72
2023-02-17,8.78,8.8,8.52,8.54
2023-02-20,8.57,8.91,8.48,8.83
2023-02-21,8.82,9.03,8.78,8.87
2023-02-22,8.88,8.96,8.84,8.89
2023-02-23,8.88,8.95,8.76,8.81
2023-02-24,8.9,8.94,8.78,8.87
2023-02-27,8.83,8.87,8.62,8.63
2023-02-28,8.72,8.83,8.6,8.74
2023-03-01,8.76,8.89,8.67,8.88
2023-03-02,8.9,8.92,8.75,8.79
2023-03-03,8.83,8.94,8.73,8.79
2023-03-06,8.84,8.84,8.7,8.79
2023-03-07,8.81,8.83,8.6,8.61
2023-03-08,8.61,8.95,8.56,8.83
2023-03-09,8.85,8.94,8.77,8.91
2023-03-10,8.86,8.97,8.81,8.94
2023-03-13,8.9,8.94,8.66,8.78
2023-03-14,8.78,8.88,8.56,8.85
2023-03-15,8.88,9.11,8.84,8.94
2023-03-16,8.87,9.06,8.83,8.86
2023-03-17,8.87,9.04,8.87,9.0
2023-03-20,9.01,9.04,8.77,8.86
2023-03-21,8.85,9.75,8.75,9.75
2023-03-22,9.69,9.79,9.45,9.54
2023-03-23,9.48,10.49,9.45,10.49
2023-03-24,10.3,10.31,9.91,10.1
2023-03-27,9.99,11.11,9.98,10.42
2023-03-28,10.31,10.42,9.69,9.78
2023-03-29,9.71,9.78,9.35,9.59
2023-03-30,9.54,9.59,9.36,9.57
2023-03-31,9.58,9.6,9.38,9.6
2023-04-03,9.57,9.9,9.53,9.87
2023-04-04,9.79,10.14,9.7,9.88
2023-04-06,9.8,10.34,9.74,10.21
2023-04-07,10.18,10.18,9.89,9.9
2023-04-10,9.82,10.05,9.61,9.71
2023-04-11,9.65,9.82,9.61,9.73
2023-04-12,9.68,9.76,9.54,9.73
2023-04-13,9.73,9.73,9.21,9.31
2023-04-14,9.31,9.48,9.16,9.41
2023-04-17,9.39,9.48,9.26,9.32
2023-04-18,9.34,9.34,9.09,9.19
2023-04-19,9.15,9.34,9.12,9.22
2023-04-20,9.21,9.42,9.18,9.4
2023-04-21,9.34,9.37,8.76,8.77
2023-04-24,8.77,8.91,8.65,8.76
2023-04-25,8.77,8.81,8.35,8.45
2023-04-26,8.41,8.52,8.25,8.28
2023-04-27,8.29,8.37,8.22,8.24
2023-04-28,8.29,8.48,8.23,8.47
2023-05-04,8.46,8.54,8.4,8.51
2023-05-05,8.46,8.5,8.25,8.4
2023-05-08,8.38,8.62,8.38,8.6
2023-05-09,8.59,8.67,8.51,8.51
2023-05-10,8.47,8.59,8.45,8.59
2023-05-11,8.58,8.69,8.56,8.69
2023-05-12,8.64,8.73,8.56,8.56
2023-05-15,8.5,8.61,8.44,8.6
2023-05-16,8.61,8.65,8.51,8.6
2023-05-17,8.56,8.71,8.56,8.71
2023-05-18,8.74,8.91,8.74,8.85
2023-05-19,8.89,9.04,8.85,9.03
2023-05-22,9.08,9.09,8.9,8.96
2023-05-23,8.96,9.08,8.88,8.98
2023-05-24,8.99,9.05,8.89,8.97
2023-05-25,8.91,9.04,8.81,8.96
2023-05-26,9.0,9.31,8.92,9.23
2023-05-29,9.17,9.24,9.07,9.17
2023-05-30,9.17,9.2,9.02,9.18
2023-05-31,9.16,9.27,9.12,9.24
2023-06-01,9.2,9.26,9.13,9.16
2023-06-02,9.19,9.24,9.1,9.19
2023-06-05,9.2,9.29,9.14,9.21
2023-06-06,9.21,9.25,8.95,8.97
2023-06-07,8.97,9.15,8.85,9.11
2023-06-08,9.1,9.15,8.88,8.92
2023-06-09,8.9,9.01,8.8,8.99
2023-06-12,9.0,9.28,9.0,9.14
2023-06-13,9.12,9.3,9.08,9.28
2023-06-14,9.25,9.38,9.25,9.33
2023-06-15,9.31,9.38,9.19,9.2
2023-06-16,9.18,9.27,9.12,9.24
2023-06-19,9.28,9.32,9.16,9.29
2023-06-20,9.32,9.33,9.14,9.22
2023-06-21,9.2,9.24,9.04,9.09
2023-06-26,9.0,9.03,8.76,8.78
2023-06-27,8.79,8.98,8.73,8.92
2023-06-28,8.87,8.96,8.68,8.81
2023-06-29,8.8,9.16,8.77,9.08
2023-06-30,9.06,9.25,9.03,9.23
2023-07-03,9.32,9.39,9.21,9.23
2023-07-04,9.23,9.32,9.22,9.25
2023-07-05,9.32,9.96,9.19,9.56
2023-07-06,9.46,10.52,9.46,10.52
2023-07-07,10.5,11.14,10.08,10.37
2023-07-10,10.39,10.54,10.11,10.13
2023-07-11,10.07,10.37,10.07,10.27
2023-07-12,10.25,10.27,9.86,9.91
2023-07-13,9.94,10.37,9.88,10.25
2023-07-14,10.15,10.65,10.15,10.6
2023-07-17,10.28,10.49,10.16,10.36
2023-07-18,10.36,10.44,10.18,10.27
2023-07-19,10.1,10.25,9.98,10.04
2023-07-20,10.03,10.09,9.72,9.77
2023-07-21,9.75,9.96,9.58,9.61
2023-07-24,9.61,9.82,9.52,9.63
2023-07-25,9.7,9.78,9.63,9.72
2023-07-26,9.71,9.72,9.52,9.56
2023-07-27,9.53,9.62,9.34,9.39
2023-07-28,9.35,9.79,9.28,9.63
2023-07-31,9.64,9.86,9.59,9.74
2023-08-01,9.73,9.74,9.58,9.65
2023-08-02,9.67,9.73,9.6,9.71
2023-08-03,9.68,9.76,9.56,9.71
2023-08-04,9.64,9.84,9.64,9.81
2023-08-07,9.81,9.81,9.69,9.75
2023-08-08,9.73,9.8,9.59,9.64
2023-08-09,9.59,9.63,9.44,9.48
2023-08-10,9.48,9.56,9.41,9.45
2023-08-11,9.43,9.45,9.3,9.32
2023-08-14,9.25,9.28,9.09,9.26
2023-08-15,9.24,9.28,9.09,9.15
2023-08-16,9.15,9.18,9.0,9.02
2023-08-17,9.02,9.14,8.91,9.1
2023-08-18,9.12,9.17,8.91,8.93
2023-08-21,8.92,9.04,8.77,8.79
2023-08-22,8.85,8.94,8.7,8.9
2023-08-23,8.93,8.97,8.72,8.73
2023-08-24,8.76,8.9,8.66,8.75
2023-08-25,8.73,8.76,8.49,8.56
2023-08-28,9.1,9.18,8.58,8.58
2023-08-29,8.59,8.9,8.52,8.86
2023-08-30,8.9,9.22,8.88,9.08
2023-08-31,9.06,9.12,8.99,9.07
2023-09-01,9.1,9.15,9.03,9.06
2023-09-04,9.11,9.25,9.02,9.25
2023-09-05,9.19,9.39,9.19,9.35
2023-09-06,9.26,9.58,9.25,9.56
2023-09-07,9.56,9.58,9.33,9.43
2023-09-08,9.43,9.52,9.34,9.48
2023-09-11,9.51,9.63,9.41,9.5
2023-09-12,9.6,9.6,9.46,9.52
2023-09-13,9.55,9.57,9.31,9.42
2023-09-14,9.46,9.52,9.31,9.39
2023-09-15,9.38,9.45,9.26,9.36
2023-09-18,9.31,9.42,9.28,9.35
2023-09-19,9.32,9.33,9.16,9.19
2023-09-20,9.12,9.28,9.05,9.16
2023-09-21,9.06,9.22,9.06,9.16
2023-09-22,9.15,9.37,9.1,9.35
2023-09-25,9.34,9.41,9.13,9.2
2023-09-26,9.16,9.23,9.04,9.05
2023-09-27,9.08,9.14,8.94,8.94
2023-09-28,9.02,9.32,9.02,9.28
2023-10-09,9.22,9.34,9.13,9.22
2023-10-10,9.26,9.33,9.22,9.3
2023-10-11,9.26,9.54,9.26,9.43
2023-10-12,9.5,9.57,9.41,9.52
2023-10-13,9.59,9.93,9.45,9.82
2023-10-16,9.51,9.62,9.34,9.53
2023-10-17,9.57,9.6,9.35,9.43
2023-10-18,9.43,9.43,9.16,9.2
2023-10-19,9.07,9.45,9.07,9.18
2023-10-20,9.08,9.28,8.82,8.86
2023-10-23,8.83,8.85,8.56,8.63
2023-10-24,8.68,8.86,8.51,8.77
2023-10-25,8.87,8.99,8.78,8.91
2023-10-26,8.85,9.03,8.82,9.03
2023-10-27,8.95,9.29,8.88,9.24
2023-10-30,9.24,9.58,9.18,9.56
2023-10-31,9.49,9.75,9.42,9.68
2023-11-01,9.66,9.83,9.64,9.7
2023-11-02,9.75,9.76,9.4,9.44
2023-11-03,9.6,9.66,9.44,9.62
2023-11-06,9.64,9.89,9.62,9.83
2023-11-07,9.79,9.89,9.7,9.8
2023-11-08,9.76,9.87,9.72,9.76
2023-11-09,9.76,9.91,9.66,9.74
2023-11-10,9.69,9.8,9.63,9.69
2023-11-13,9.69,9.91,9.65,9.83
2023-11-14,9.74,9.95,9.74,9.83
2023-11-15,9.9,9.93,9.77,9.8
2023-11-16,9.75,9.88,9.73,9.76
2023-11-17,9.69,9.9,9.69,9.85
2023-11-20,9.85,9.93,9.8,9.91
2023-11-21,9.89,9.9,9.65,9.67
2023-11-22,9.65,9.74,9.56,9.57
2023-11-23,9.6,9.79,9.51,9.78
2023-11-24,9.75,9.78,9.6,9.63
2023-11-27,9.58,9.72,9.56,9.69
2023-11-28,9.66,9.89,9.62,9.81
2023-11-29,9.81,9.94,9.78,9.84
2023-11-30,9.82,9.82,9.26,9.5
2023-12-01,9.52,9.57,9.36,9.53
2023-12-04,9.53,9.58,9.32,9.47
2023-12-05,9.43,9.49,9.21,9.21
2023-12-06,9.28,9.33,9.11,9.23
2023-12-07,9.24,9.32,9.18,9.25
2023-12-08,9.23,9.41,9.2,9.29
2023-12-11,9.38,9.38,9.07,9.22
2023-12-12,9.27,9.27,9.12,9.18
2023-12-13,9.17,9.21,9.07,9.13
2023-12-14,9.15,9.25,9.05,9.08
2023-12-15,9.11,9.16,8.98,9.0
2023-12-18,9.03,9.03,8.85,8.89
2023-12-19,8.91,8.96,8.81,8.94
2023-12-20,8.92,9.03,8.79,8.8
2023-12-21,8.83,8.87,8.62,8.85
2023-12-22,8.83,8.84,8.67,8.72
2023-12-25,8.67,8.79,8.61,8.7
2023-12-26,8.73,8.73,8.45,8.49
2023-12-27,8.55,8.71,8.42,8.68
2023-12-28,8.68,8.86,8.55,8.73
2023-12-29,8.78,8.95,8.71,8.91
2024-01-02,8.94,9.05,8.86,8.99
2024-01-03,9.0,9.06,8.77,8.84
2024-01-04,8.84,8.85,8.72,8.78
2024-01-05,8.76,8.82,8.51,8.57
2024-01-08,8.58,8.64,8.22,8.23
2024-01-09,8.26,8.36,8.19,8.25
2024-01-10,8.22,8.29,8.05,8.16
2024-01-11,8.16,8.33,8.12,8.3
2024-01-12,8.28,8.36,8.18,8.21
2024-01-15,8.18,8.31,8.12,8.27
2024-01-16,8.26,8.31,8.04,8.17
2024-01-17,8.17,8.21,7.93,7.94
2024-01-18,7.9,7.99,7.6,7.82
2024-01-19,7.85,7.94,7.73,7.76
2024-01-22,7.79,7.79,7.17,7.21
2024-01-23,7.21,7.27,7.05,7.19
2024-01-24,7.18,7.35,6.96,7.26
2024-01-25,7.42,7.66,7.27,7.65
2024-01-26,7.61,7.71,7.55,7.57
2024-01-29,7.58,7.65,7.3,7.3
2024-01-30,7.3,7.37,7.06,7.07
2024-01-31,7.01,7.08,6.59,6.6
2024-02-01,6.49,6.62,6.32,6.43
2024-02-02,6.47,6.63,5.8,6.0
2024-02-05,5.96,6.01,5.4,5.4
2024-02-06,5.01,5.33,4.86,5.16
2024-02-07,5.11,5.2,4.66,4.76
2024-02-08,4.77,5.24,4.63,5.24
2024-02-19,5.37,5.76,5.37,5.76
2024-02-20,5.76,5.9,5.55,5.85
2024-02-21,5.83,6.15,5.74,5.93
2024-02-22,5.94,6.19,5.94,6.15
2024-02-23,6.18,6.5,6.15,6.49
2024-02-26,6.5,6.75,6.38,6.56
2024-02-27,6.59,6.92,6.5,6.9
2024-02-28,6.91,7.1,6.21,6.22
2024-02-29,6.14,6.49,6.12,6.47
2024-03-01,6.5,6.68,6.5,6.67
2024-03-04,6.73,6.76,6.48,6.66
2024-03-05,6.62,6.68,6.45,6.5
2024-03-06,6.5,6.6,6.39,6.52
2024-03-07,6.58,6.71,6.45,6.46
2024-03-08,6.46,6.76,6.42,6.71
2024-03-11,6.69,6.69,6.53,6.64
2024-03-12,6.65,6.8,6.59,6.79
2024-03-13,6.82,6.89,6.7,6.81
2024-03-14,6.8,6.86,6.61,6.71
2024-03-15,6.67,6.78,6.59,6.78
2024-03-18,6.84,7.05,6.83,7.05
2024-03-19,7.02,7.17,6.98,7.09
2024-03-20,7.08,7.8,7.08,7.8
2024-03-21,8.46,8.49,7.54,7.63
2024-03-22,7.63,8.25,7.47,8.06
2024-03-25,8.05,8.08,7.41,7.42
2024-03-26,7.42,7.76,7.12,7.26
2024-03-27,7.16,7.19,6.76,6.77
2024-03-28,6.79,7.45,6.79,7.45
2024-03-29,7.44,7.59,7.01,7.22
2024-04-01,7.21,7.24,7.08,7.17
2024-04-02,7.17,7.22,6.93,7.2
2024-04-03,7.12,7.15,6.91,6.97
2024-04-08,6.88,6.88,6.66,6.67
2024-04-09,6.72,6.88,6.69,6.86
2024-04-10,6.87,6.88,6.51,6.58
2024-04-11,6.5,6.68,6.46,6.53
2024-04-12,6.55,6.7,6.5,6.52
2024-04-15,6.47,6.6,6.05,6.19
2024-04-16,6.19,6.19,5.57,5.57
2024-04-17,5.6,6.04,5.6,6.01
2024-04-18,6.03,6.21,5.86,6.06
2024-04-19,6.03,6.1,5.9,5.98
2024-04-22,5.98,5.99,5.68,5.87
2024-04-23,5.87,6.04,5.87,5.98
2024-04-24,5.99,6.29,5.99,6.28
2024-04-25,6.21,6.35,6.17,6.32
2024-04-26,6.32,6.55,6.24,6.46
2024-04-29,6.28,7.05,6.26,6.98
2024-04-30,6.91,6.98,6.76,6.92
2024-05-06,6.99,7.15,6.81,7.06
2024-05-07,6.99,7.62,6.98,7.44
2024-05-08,7.37,7.45,7.2,7.25
2024-05-09,7.27,7.8,7.26,7.56
2024-05-10,7.52,7.69,7.02,7.09
2024-05-13,7.11,7.34,6.94,7.1
2024-05-14,7.14,7.38,7.0,7.07
2024-05-15,7.02,7.17,6.95,7.03
2024-05-16,7.05,7.29,7.05,7.16
2024-05-17,7.16,7.19,7.04,7.18
2024-05-20,7.15,7.46,7.02,7.32
2024-05-21,7.59,7.75,7.23,7.25
2024-05-22,7.17,7.41,7.13,7.22
2024-05-23,7.23,7.27,7.08,7.1
2024-05-24,7.1,7.22,6.98,6.99
2024-05-27,7.05,7.05,6.65,6.85
2024-05-28,6.8,6.95,6.67,6.71
2024-05-29,6.7,6.83,6.68,6.7
2024-05-30,6.62,6.74,6.53,6.65
2024-05-31,6.66,6.93,6.64,6.85
2024-06-03,6.83,6.97,6.71,6.77
2024-06-04,6.72,6.73,6.34,6.47
2024-06-05,6.4,6.52,6.37,6.43
2024-06-06,6.41,6.79,6.1,6.17
2024-06-07,6.2,6.45,6.15,6.35
2024-06-11,6.24,6.66,6.17,6.56
2024-06-12,6.56,6.69,6.48,6.66
2024-06-13,6.62,6.77,6.56,6.59
2024-06-14,6.53,6.85,6.46,6.7
2024-06-17,6.65,6.91,6.56,6.78
2024-06-18,6.79,6.84,6.72,6.78
2024-06-19,6.74,6.84,6.6,6.68
2024-06-20,6.64,6.7,6.44,6.45
2024-06-21,6.41,6.51,6.21,6.44
2024-06-24,6.38,6.49,6.15,6.17
2024-06-25,6.17,6.21,5.87,5.95
2024-06-26,5.94,6.29,5.82,6.28
2024-06-27,6.24,6.38,6.11,6.12
2024-06-28,6.11,6.52,6.03,6.35
2024-07-01,6.44,6.44,5.94,6.05
2024-07-02,6.08,6.14,5.93,6.07
2024-07-03,6.05,6.12,5.94,6.03
2024-07-04,5.98,6.07,5.81,5.83
2024-07-05,5.8,5.85,5.65,5.83
2024-07-08,5.83,5.93,5.69,5.7
2024-07-09,5.73,5.99,5.61,5.97
2024-07-10,5.92,6.06,5.87,6.03
2024-07-11,6.15,6.35,6.08,6.34
2024-07-12,6.3,6.45,6.24,6.38
2024-07-15,6.56,6.65,6.26,6.43
2024-07-16,6.41,7.07,6.36,7.07
2024-07-17,7.07,7.16,6.66,6.69
2024-07-18,6.57,6.58,6.29,6.53
2024-07-19,6.36,6.57,6.25,6.45
2024-07-22,6.42,6.59,6.41,6.52
2024-07-23,6.51,6.51,6.26,6.28
2024-07-24,6.23,6.36,6.06,6.08
2024-07-25,6.0,6.21,5.98,6.09
2024-07-26,6.09,6.23,6.09,6.18
2024-07-29,6.15,6.24,6.08,6.18
2024-07-30,6.13,6.24,6.09,6.19
2024-07-31,6.18,6.5,6.17,6.49
2024-08-01,6.49,6.56,6.45,6.52
2024-08-02,6.43,6.5,6.3,6.32
2024-08-05,6.25,6.31,6.03,6.05
2024-08-06,6.11,6.2,6.05,6.16
2024-08-07,6.18,6.27,6.15,6.21
2024-08-08,6.15,6.28,6.08,6.2
2024-08-09,6.21,6.33,6.21,6.23
2024-08-12,6.25,6.29,6.13,6.16
2024-08-13,6.15,6.29,6.12,6.28
2024-08-14,6.22,6.35,6.22,6.33
2024-08-15,6.35,6.45,6.28,6.45
2024-08-16,6.48,6.61,6.46,6.55
2024-08-19,6.57,6.63,6.44,6.47
2024-08-20,6.43,6.49,6.31,6.34
2024-08-21,6.38,6.43,6.3,6.35
2024-08-22,6.36,6.4,6.2,6.22
2024-08-23,6.22,6.3,6.12,6.24
2024-08-26,6.25,6.4,6.21,6.38
2024-08-27,6.35,6.45,6.14,6.17
2024-08-28,6.13,6.29,6.13,6.22
2024-08-29,6.19,6.45,6.15,6.41
2024-08-30,6.41,6.6,6.36,6.56
2024-09-02,6.98,7.22,6.85,7.05
2024-09-03,6.83,7.02,6.66,6.7
2024-09-04,6.69,6.76,6.62,6.7
2024-09-05,6.69,6.95,6.65,6.84
2024-09-06,6.94,6.97,6.66,6.68
2024-09-09,6.62,6.79,6.59,6.7
2024-09-10,6.7,6.83,6.61,6.8
2024-09-11,6.76,6.85,6.71,6.73
2024-09-12,6.61,6.73,6.6,6.6
2024-09-13,6.62,6.67,6.55,6.57
2024-09-18,6.54,6.58,6.3,6.43
2024-09-19,6.46,6.68,6.42,6.64
2024-09-20,6.64,6.77,6.58,6.71
2024-09-23,6.65,6.81,6.63,6.73
2024-09-24,6.73,6.86,6.64,6.86
2024-09-25,6.91,7.06,6.83,6.86
2024-09-26,6.81,6.98,6.81,6.97
2024-09-27,7.04,7.39,7.04,7.26
2024-09-30,7.5,7.98,7.35,7.97
2024-10-08,8.77,8.77,7.97,8.64
2024-10-09,8.36,8.57,8.01,8.1
2024-10-10,8.1,8.29,7.83,7.98
2024-10-11,7.95,7.96,7.46,7.57
2024-10-14,7.56,7.85,7.4,7.83
2024-10-15,7.78,8.02,7.72,7.72
2024-10-16,7.68,7.76,7.55,7.64
2024-10-17,7.64,7.87,7.64,7.72
2024-10-18,7.72,8.04,7.65,7.92
2024-10-21,7.93,8.24,7.92,8.08
2024-10-22,8.05,8.1,7.92,8.0
2024-10-23,7.98,8.06,7.89,7.9
2024-10-24,7.86,8.43,7.8,8.41
2024-10-25,8.45,8.63,8.11,8.47
2024-10-28,8.42,8.83,8.3,8.53
2024-10-29,8.5,8.55,8.36,8.42
2024-10-30,8.26,8.52,8.26,8.42
2024-10-31,8.41,8.59,8.25,8.42
2024-11-01,8.4,8.53,7.98,7.99
2024-11-04,8.0,8.17,7.91,8.16
2024-11-05,8.23,8.98,8.19,8.98
2024-11-06,8.85,9.28,8.67,8.77
2024-11-07,8.65,8.74,8.53,8.74
2024-11-08,8.74,9.22,8.71,9.18
2024-11-11,9.01,9.18,8.89,9.15
2024-11-12,9.16,9.2,8.78,8.89
2024-11-13,8.84,8.98,8.6,8.89
2024-11-14,8.9,8.92,8.56,8.58
2024-11-15,8.52,8.7,8.4,8.4
2024-11-18,8.41,8.48,7.98,8.02
2024-11-19,8.05,8.35,8.05,8.35
2024-11-20,8.33,8.43,8.29,8.39
2024-11-21,8.37,8.42,8.19,8.32
2024-11-22,8.27,8.36,8.0,8.0
2024-11-25,7.99,8.08,7.86,8.08
2024-11-26,8.06,8.17,7.97,8.0
2024-11-27,7.99,8.16,7.76,8.16
2024-11-28,8.19,8.22,8.04,8.11
2024-11-29,8.07,8.22,8.0,8.16
2024-12-02,8.19,8.4,8.17,8.35
2024-12-03,8.37,8.4,8.24,8.38
2024-12-04,8.35,8.45,8.19,8.23
2024-12-05,8.23,8.39,8.19,8.38
2024-12-06,8.38,8.55,8.35,8.51
2024-12-09,8.58,8.67,8.44,8.55
2024-12-10,8.77,8.8,8.45,8.49
2024-12-11,8.46,8.64,8.42,8.59
2024-12-12,8.62,8.66,8.53,8.64
2024-12-13,8.57,8.65,8.47,8.5
2024-12-16,8.55,8.59,8.38,8.45
2024-12-17,8.49,8.52,8.18,8.21
2024-12-18,8.29,8.43,8.06,8.37
2024-12-19,8.3,8.58,8.26,8.56
2024-12-20,8.51,8.8,8.48,8.72
2024-12-23,8.7,8.74,8.24,8.29
2024-12-24,8.5,8.56,8.17,8.33
2024-12-25,8.26,8.34,8.01,8.14
2024-12-26,8.09,8.37,8.08,8.34
2024-12-27,8.32,8.5,8.26,8.37
2024-12-30,8.3,8.46,8.13,8.28
2024-12-31,8.28,8.34,7.72,7.74
2025-01-02,7.75,7.77,7.35,7.45
2025-01-03,7.48,7.54,7.08,7.11
2025-01-06,7.12,7.14,6.83,7.03
2025-01-07,6.99,7.35,6.99,7.35
2025-01-08,7.35,7.35,6.95,7.19
2025-01-09,7.2,7.63,7.18,7.43
2025-01-10,7.32,7.47,7.07,7.09
2025-01-13,6.99,7.05,6.8,7.01
2025-01-14,7.05,7.71,7.04,7.71
2025-01-15,8.48,8.48,8.48,8.48
2025-01-16,8.53,9.33,8.34,9.33
2025-01-17,9.38,10.26,9.38,10.26
2025-01-20,11.29,11.29,11.29,11.29
2025-01-21,10.95,12.42,10.49,11.3
2025-01-22,10.47,11.67,10.17,10.17
2025-01-23,9.81,10.0,9.15,9.15
2025-01-24,8.62,8.75,8.33,8.56
2025-01-27,8.57,8.82,8.19,8.19
2025-02-05,8.39,8.42,8.19,8.29
2025-02-06,8.3,8.49,8.25,8.49
2025-02-07,8.54,8.8,8.5,8.68
2025-02-10,8.7,8.89,8.62,8.88
2025-02-11,8.87,8.91,8.76,8.82
2025-02-12,8.77,8.92,8.74,8.91
2025-02-13,8.89,8.91,8.66,8.69
2025-02-14,8.65,8.76,8.56,8.63
2025-02-17,8.61,9.22,8.6,9.18
2025-02-18,9.08,9.3,8.99,9.06
2025-02-19,9.05,9.15,9.0,9.13
2025-02-20,9.07,10.04,9.04,10.04
2025-02-21,10.04,10.04,9.66,9.69
2025-02-24,9.69,9.84,9.61,9.65
2025-02-25,9.49,9.88,9.35,9.74
2025-02-26,9.75,10.08,9.65,9.83
2025-02-27,9.79,9.88,9.46,9.72
2025-02-28,9.66,9.73,9.15,9.18
2025-03-03,9.18,9.4,9.05,9.19
2025-03-04,9.11,9.42,9.07,9.38
2025-03-05,9.38,9.66,9.23,9.57
2025-03-06,9.6,9.66,9.48,9.58
2025-03-07,9.5,9.61,9.38,9.47
2025-03-10,9.48,9.63,9.44,9.56
2025-03-11,9.52,9.76,9.42,9.57
2025-03-12,9.56,9.65,9.32,9.37
2025-03-13,9.3,9.35,9.08,9.22
2025-03-14,9.21,9.53,9.11,9.44
2025-03-17,9.44,9.72,9.32,9.55
2025-03-18,9.57,9.7,9.5,9.68
2025-03-19,9.65,9.65,9.32,9.4
2025-03-20,9.39,9.59,9.33,9.56
2025-03-21,9.49,9.59,9.06,9.09
2025-03-24,9.09,9.27,8.64,8.88
2025-03-25,8.88,8.95,8.64,8.71
2025-03-26,8.68,8.89,8.68,8.85
2025-03-27,8.84,9.0,8.67,8.86
2025-03-28,8.86,8.92,8.68,8.68
2025-03-31,8.68,8.74,8.48,8.69
2025-04-01,8.67,8.8,8.66,8.7
2025-04-02,8.7,8.98,8.7,8.8
2025-04-03,8.7,8.81,8.49,8.55
2025-04-07,7.88,8.04,7.7,7.7
2025-04-08,7.34,7.68,6.93,7.02
2025-04-09,6.92,7.32,6.44,7.19
2025-04-10,7.36,7.63,7.36,7.45
2025-04-11,7.42,7.66,7.36,7.56
2025-04-14,7.75,7.89,7.7,7.74
2025-04-15,7.75,7.82,7.64,7.74
2025-04-16,7.68,7.73,7.4,7.54
2025-04-17,7.49,7.72,7.45,7.62
2025-04-18,7.56,7.79,7.56,7.75
2025-04-21,7.74,8.53,7.65,8.09
2025-04-22,8.11,8.15,7.9,7.9
2025-04-23,7.96,8.08,7.95,7.98
2025-04-24,7.98,8.01,7.8,7.85
2025-04-25,7.87,7.97,7.81,7.92
2025-04-28,7.92,7.94,7.78,7.81
2025-04-29,7.91,8.08,7.87,8.01
2025-04-30,8.01,8.17,8.01,8.11
2025-05-06,8.19,8.33,8.17,8.33
2025-05-07,8.44,8.46,8.27,8.39
2025-05-08,8.36,8.53,8.34,8.5
2025-05-09,8.49,8.5,8.35,8.39
2025-05-12,8.47,8.55,8.44,8.5
2025-05-13,8.56,8.63,8.46,8.49
2025-05-14,8.49,8.59,8.42,8.49
2025-05-15,8.45,8.48,8.34,8.34
2025-05-16,8.31,8.47,8.29,8.38
2025-05-19,8.38,8.55,8.27,8.51
2025-05-20,8.52,8.58,8.43,8.57
2025-05-21,8.52,8.54,8.39,8.45
2025-05-22,8.44,8.57,8.35,8.37
2025-05-23,8.37,8.47,8.27,8.27
2025-05-26,8.26,8.5,8.25,8.43
2025-05-27,8.43,8.47,8.31,8.44
2025-05-28,8.43,8.5,8.32,8.36
2025-05-29,8.32,8.52,8.25,8.49
2025-05-30,8.47,8.48,8.28,8.3
2025-06-03,8.26,8.42,8.26,8.38
2025-06-04,8.36,8.58,8.35,8.56
2025-06-05,8.58,9.0,8.48,8.88
2025-06-06,8.79,8.87,8.73,8.81
2025-06-09,8.81,8.89,8.78,8.82
2025-06-10,8.82,8.86,8.62,8.73
2025-06-11,8.75,8.88,8.72,8.78
2025-06-12,8.76,8.92,8.69,8.83
2025-06-13,8.79,8.85,8.62,8.69
2025-06-16,8.59,8.8,8.57,8.72
2025-06-17,8.72,8.79,8.65,8.71
2025-06-18,8.71,9.18,8.64,9.08
2025-06-19,8.9,9.43,8.9,9.33
2025-06-20,9.26,9.33,9.02,9.1
2025-06-23,8.92,9.38,8.81,9.28
2025-06-24,9.26,9.38,9.18,9.23
2025-06-25,9.23,9.27,9.07,9.14
2025-06-26,9.13,9.5,9.09,9.21
2025-06-27,9.25,9.42,9.14,9.33
2025-06-30,9.33,9.53,9.33,9.48
2025-07-01,9.49,9.83,9.33,9.78
2025-07-02,9.67,9.69,9.31,9.37
2025-07-03,9.34,10.31,9.34,10.31
2025-07-04,11.34,11.34,11.34,11.34
2025-07-07,11.23,12.47,10.99,12.47
2025-07-08,12.86,13.72,12.3,13.72
2025-07-09,15.09,15.09,15.09,15.09
2025-07-10,16.6,16.6,14.97,15.15
2025-07-11,14.51,14.79,13.64,13.64
2025-07-14,12.81,12.98,12.33,12.36
2025-07-15,12.55,12.82,12.19,12.36
2025-07-16,12.25,12.34,11.92,12.08
2025-07-17,12.0,12.63,11.99,12.42
2025-07-18,12.3,12.49,12.08,12.08
2025-07-21,12.1,12.38,11.98,12.34
2025-07-22,12.26,12.44,12.0,12.06
2025-07-23,11.93,12.09,11.8,11.82
2025-07-24,11.81,12.02,11.77,11.88
2025-07-25,11.85,11.96,11.67,11.69
2025-07-28,11.72,12.46,11.72,12.32
2025-07-29,12.21,12.5,11.94,12.24
2025-07-30,12.2,12.25,11.95,12.07
2025-07-31,12.06,12.39,11.92,11.99
2025-08-01,11.83,12.1,11.77,11.84
2025-08-04,11.7,11.87,11.67,11.84
2025-08-05,11.88,12.0,11.73,11.99
2025-08-06,11.94,12.11,11.85,11.98
2025-08-07,11.93,12.08,11.71,11.89
2025-08-08,11.8,12.08,11.74,11.94
2025-08-11,11.93,12.34,11.91,12.34
2025-08-12,12.35,12.59,12.3,12.45
2025-08-13,12.45,12.57,12.29,12.5
2025-08-14,12.64,12.87,12.3,12.32
2025-08-15,12.19,13.55,12.19,13.55
2025-08-18,14.08,14.29,13.58,13.66
2025-08-19,13.55,13.68,13.18,13.38
2025-08-20,13.25,13.97,13.04,13.5
2025-08-21,13.28,13.49,13.05,13.16
2025-08-22,13.14,13.65,13.1,13.4
2025-08-25,13.6,13.86,13.35,13.86
2025-08-26,13.79,14.5,13.4,14.18
2025-08-27,13.83,14.05,13.22,13.27
2025-08-28,13.21,14.6,12.99,14.6
2025-08-29,15.09,15.38,14.2,14.23
2025-09-01,14.2,14.31,13.8,13.9
2025-09-02,13.96,13.99,13.06,13.11
2025-09-03,13.2,13.2,12.34,12.4
2025-09-04,12.36,12.76,11.82,12.07
2025-09-05,12.09,12.56,11.95,12.53
2025-09-08,12.47,12.59,12.26,12.46
2025-09-09,12.41,12.45,11.92,11.99
2025-09-10,12.08,12.48,12.0,12.33
2025-09-11,12.3,13.56,12.3,13.56
2025-09-12,13.56,14.13,13.31,13.67
2025-09-15,13.43,13.48,13.09,13.4
2025-09-16,13.34,13.55,13.17,13.47
2025-09-17,13.54,13.55,13.17,13.32
2025-09-18,13.3,13.7,13.05,13.34
2025-09-19,13.3,13.36,12.91,13.01
2025-09-22,13.01,13.12,12.89,13.06
2025-09-23,13.09,13.44,12.57,12.91
2025-09-24,12.66,12.95,12.58,12.9
2025-09-25,12.85,13.0,12.72,12.73
2025-09-26,12.61,12.67,12.18,12.19
2025-09-29,12.21,12.48,12.12,12.43
2025-09-30,12.44,12.55,12.23,12.25
2025-10-09,12.4,12.63,12.26,12.27
2025-10-10,12.28,12.3,12.06,12.08
2025-10-13,11.6,12.48,11.25,12.27
2025-10-14,12.4,13.5,12.4,13.5
2025-10-15,13.05,13.45,12.93,13.45
2025-10-16,13.3,14.0,13.2,13.8
2025-10-17,13.65,13.68,12.95,13.04
2025-10-20,13.23,13.34,12.87,13.06
2025-10-21,13.06,13.55,12.83,13.33
2025-10-22,13.2,13.88,12.92,13.55
2025-10-23,13.4,13.7,13.31,13.54
2025-10-24,13.77,14.68,13.63,13.91
2025-10-27,14.11,14.2,13.79,14.15
2025-10-28,14.01,15.57,13.93,14.99
2025-10-29,14.96,16.23,14.96,15.54
2025-10-30,15.32,15.4,14.66,14.95
2025-10-31,16.45,16.45,16.17,16.45
2025-11-03,15.85,15.85,14.81,14.81
2025-11-04,14.52,14.98,14.02,14.41
2025-11-05,14.15,15.85,14.02,15.85
2025-11-06,15.96,17.42,15.63,16.98
2025-11-07,16.48,17.37,16.29,16.36
2025-11-10,16.4,18.0,16.36,18.0
2025-11-11,19.44,19.44,16.59,16.7
2025-11-12,16.61,17.78,16.61,17.72
2025-11-13,17.59,17.65,17.0,17.16
2025-11-14,16.81,17.24,16.44,16.66
2025-11-17,16.8,16.95,15.96,16.11
2025-11-18,16.05,16.23,15.83,15.94
2025-11-19,16.1,16.11,15.05,15.18
2025-11-20,15.53,15.75,15.01,15.08
2025-11-21,14.79,14.93,14.12,14.13
2025-11-24,14.2,14.47,13.94,14.34
2025-11-25,14.48,15.28,14.42,14.93
2025-11-26,14.8,15.03,14.56,14.82
2025-11-27,15.77,16.3,15.12,16.3
2025-11-28,15.57,15.91,15.35,15.67
2025-12-01,15.67,17.19,15.67,16.54
2025-12-02,16.49,16.52,16.14,16.21
2025-12-03,16.35,16.56,15.81,15.88
2025-12-04,15.65,15.87,15.55,15.6
2025-12-05,15.66,15.99,15.45,15.86
2025-12-08,15.71,16.5,15.62,16.18
2025-12-09,16.01,17.3,15.97,16.75
2025-12-10,16.45,16.79,16.25,16.78
2025-12-11,16.79,16.88,16.12,16.12
2025-12-12,16.13,16.33,15.75,15.98
2025-12-15,15.74,15.96,15.52,15.74
2025-12-16,15.7,15.73,15.11,15.33
2025-12-17,15.38,16.04,15.2,15.94
2025-12-18,15.8,15.9,15.13,15.16
2025-12-19,15.47,15.82,14.93,14.96
2025-12-22,15.03,16.1,15.03,15.83
2025-12-23,15.77,16.36,15.75,16.19
2025-12-24,16.36,16.88,16.1,16.66
2025-12-25,16.51,16.61,16.29,16.36
2025-12-26,16.64,17.83,16.43,17.2
2025-12-29,17.4,17.97,17.09,17.55
2025-12-30,17.22,17.42,16.82,17.22
2025-12-31,17.3,17.43,16.67,16.71
2026-01-05,16.54,17.1,16.54,17.01
2026-01-06,16.85,17.15,16.6,16.99
2026-01-07,17.03,17.22,16.77,16.94
2026-01-08,16.8,17.1,16.56,16.76
2026-01-09,16.64,16.98,16.39,16.67
2026-01-12,16.78,16.83,16.24,16.6
2026-01-13,16.58,16.63,15.93,16.03
2026-01-14,16.02,16.75,16.01,16.4
2026-01-15,16.3,18.04,16.12,18.04
2026-01-16,18.14,18.86,18.0,18.52
2026-01-19,18.96,20.37,18.96,20.37
2026-01-20,20.98,22.41,20.24,20.52
2026-01-21,20.52,21.65,20.11,21.18
2026-01-22,23.3,23.3,23.3,23.3
2026-01-23,24.9,25.63,24.19,25.63
2026-01-26,25.51,27.13,25.23,26.36
2026-01-27,25.49,27.54,25.21,26.76
2026-01-28,26.55,26.94,25.49,26.42
2026-01-29,26.3,26.6,24.57,24.62
2026-01-30,24.71,26.16,24.24,25.46
2026-02-02,25.34,25.58,24.27,24.28
2026-02-03,24.67,24.76,23.79,24.45
2026-02-04,24.18,24.34,23.44,24.01
2026-02-05,23.92,24.35,23.12,23.46
2026-02-06,23.12,24.3,23.02,23.59
2026-02-09,24.47,24.76,23.8,24.3
2026-02-10,24.3,25.49,24.27,24.85
2026-02-11,25.2,27.34,24.88,26.6
2026-02-12,26.5,26.66,25.36,26.2
2026-02-13,25.55,26.59,25.45,25.51
2026-02-24,25.66,26.56,25.5,25.67
2026-02-25,25.67,27.34,25.5,27.12
2026-02-26,26.96,27.88,26.04,27.02
2026-02-27,26.36,27.75,26.1,27.25
2026-03-02,26.72,27.57,26.12,27.27
2026-03-03,29.0,29.45,26.81,26.96
2026-03-04,25.85,28.12,25.85,27.09
2026-03-05,27.66,28.0,26.23,26.55
2026-03-06,26.6,27.1,25.7,26.0
2026-03-09,25.27,25.5,23.81,25.34
2026-03-10,26.13,27.87,26.0,27.87
2026-03-11,28.91,30.3,28.4,28.6
2026-03-12,28.73,30.2,27.64,27.89
2026-03-13,27.59,29.98,27.59,29.05
2026-03-16,29.2,31.96,28.16,31.96
2026-03-17,32.86,32.98,30.11,32.42
2026-03-18,31.82,35.0,31.5,34.8
2026-03-19,33.0,34.34,32.32,33.6
2026-03-20,34.0,34.48,31.2,31.3
2026-03-23,30.04,30.7,28.17,28.17
2026-03-24,28.51,30.99,27.88,30.99
2026-03-25,31.26,32.99,30.71,31.4
2026-03-26,31.25,32.45,31.04,31.87
2026-03-27,30.61,31.8,30.2,31.26
2026-03-30,30.36,33.15,30.36,32.21
2026-03-31,32.0,32.55,29.93,30.15
2026-04-01,31.61,33.17,30.8,31.43
2026-04-02,30.0,30.85,29.0,29.03
2026-04-03,29.16,29.59,27.88,29.25
2026-04-07,30.04,32.18,29.58,31.81
2026-04-08,32.39,34.2,31.99,33.81
2026-04-09,33.85,37.19,33.72,37.19
2026-04-10,38.11,38.88,35.47,35.93
2026-04-13,36.01,37.58,36.01,36.6
2026-04-14,37.0,39.48,36.23,38.79
2026-04-15,38.36,39.79,37.26,37.47
2026-04-16,37.06,39.2,36.43,38.74
2026-04-17,38.72,39.92,38.15,38.9
2026-04-20,39.45,39.98,38.69,39.57
2026-04-21,38.8,42.0,38.38,41.88
2026-04-22,41.65,46.07,41.0,46.07
2026-04-23,46.93,47.37,42.01,43.25
2026-04-24,42.51,43.18,40.67,41.33
2026-04-27,42.38,45.18,41.66,44.1
2026-04-28,45.0,48.51,44.34,46.28
2026-04-29,45.35,48.26,45.0,45.34
2026-04-30,45.82,47.4,44.01,44.9
2026-05-06,45.58,47.75,43.5,46.56
2026-05-07,46.99,50.22,45.82,49.51
2026-05-08,49.02,49.82,47.28,47.93
2026-05-11,47.99,49.35,46.67,48.5
2026-05-12,47.5,48.0,45.29,46.53
2026-05-13,45.01,48.0,44.79,46.61
2026-05-14,46.7,47.59,45.0,45.29
2026-05-15,45.0,45.68,42.01,42.9
2026-05-18,42.69,43.91,42.08,43.77
2026-05-19,43.02,44.5,41.8,44.08
2026-05-20,43.87,44.8,42.81,44.75
2026-05-21,45.31,46.45,42.59,42.68
2026-05-22,43.0,46.9,43.0,46.27
2026-05-25,45.9,47.57,45.38,45.61
2026-05-26,44.69,47.55,42.89,47.55
2026-05-27,47.08,50.68,46.08,48.76
2026-05-28,47.4,53.5,47.34,53.5
2026-05-29,55.0,56.8,53.02,53.51
2026-06-01,53.0,53.51,48.17,49.87
2026-06-02,49.59,51.31,46.8,50.63
2026-06-03,50.48,53.28,50.0,51.73
2026-06-04,50.0,54.37,49.38,54.0
2026-06-05,53.99,59.4,52.8,58.16
2026-06-08,58.07,63.98,57.09,63.98
2026-06-09,70.38,70.38,68.4,70.38
2026-06-10,76.0,77.42,74.46,77.42
2026-06-11,77.44,85.16,77.44,84.8
2026-06-12,89.99,93.28,86.92,89.88
2026-06-15,90.92,98.0,90.16,97.34
2026-06-16,94.91,102.9,94.5,101.49
2026-06-17,100.0,102.78,92.05,95.71
2026-06-18,94.54,105.28,93.31,104.41
2026-06-22,108.73,114.85,105.0,114.22
2026-06-23,111.21,111.83,102.8,108.64
2026-06-24,108.65,118.31,106.95,115.81
2026-06-25,116.0,120.0,112.0,112.99
2026-06-26,111.2,116.0,106.0,112.13
2026-06-29,113.93,117.55,101.03,114.95
2026-06-30,113.71,121.83,110.1,119.97
2026-07-01,121.9,124.38,108.5,111.36
2026-07-02,107.1,117.18,105.09,111.58
2026-07-03,109.6,118.6,106.95,106.95
2026-07-06,110.0,116.16,96.26,96.79
2026-07-07,97.5,104.0,95.13,100.03
2026-07-08,100.07,101.8,92.41,93.71
2026-07-09,97.92,101.0,93.83,99.56
2026-07-10,100.57,109.51,96.2,96.64
2026-07-13,95.67,97.53,86.98,86.98
2026-07-14,85.43,95.68,82.6,95.68
2026-07-15,102.2,104.98,94.42,94.79
2026-07-16,92.02,99.0,86.43,89.55
2026-07-17,87.37,87.5,80.6,80.6
2026-07-20,77.82,78.99,72.54,72.54
2026-07-21,68.8,73.88,65.29,72.39
2026-07-22,70.77,74.84,65.64,66.45
2026-07-23,67.78,70.15,62.48,63.1
2026-07-24,61.89,62.61,57.0,57.9
2026-07-27,57.7,63.69,56.51,63.69
2026-07-28,61.77,62.86,57.32,57.32
2026-07-29,57.0,58.15,52.0,54.56
2026-07-30,54.01,56.3,49.1,49.1
2026-07-31,54.01,54.01,50.7,50.83
2026-08-03,50.82,50.82,46.9,47.32
2026-08-04,48.01,51.48,47.0,51.07
2026-08-05,50.52,56.18,49.6,56.18
2026-08-06,55.61,61.62,55.61,59.99
2026-08-07,60.5,65.99,60.5,65.4
2026-08-10,65.44,67.3,62.44,66.78
2026-08-11,64.8,69.83,62.92,68.0
2026-08-12,68.88,69.4,65.8,68.47
2026-08-13,70.0,70.75,65.47,65.58
2026-08-14,66.02,68.72,65.11,67.79
2026-08-17,68.21,71.9,68.2,71.39
2026-08-18,71.52,72.39,67.96,68.71
2026-08-19,65.51,66.68,61.84,61.84
2026-08-20,61.05,63.1,59.5,61.71
2026-08-21,61.5,64.68,60.26,63.74
2026-08-24,63.73,64.0,58.0,60.47
2026-08-25,58.83,66.52,57.8,64.06
2026-08-26,64.08,64.49,61.05,63.1
2026-08-27,64.54,69.41,64.02,69.41
2026-08-28,72.07,76.35,72.0,73.18
2026-08-31,72.82,76.0,71.72,75.75
2026-09-01,75.01,75.98,71.33,72.91
2026-09-02,71.97,73.26,70.1,70.4
2026-09-03,71.5,71.98,67.67,68.57
2026-09-04,70.5,71.69,63.8,64.61
2026-09-07,66.0,68.84,64.71,68.05
2026-09-08,68.27,71.5,67.23,68.64
2026-09-09,69.93,71.5,68.5,69.5
2026-09-10,68.49,76.45,68.31,76.45
2026-09-11,76.0,84.0,73.0,82.46
2026-09-14,78.51,84.66,77.0,82.5
2026-09-15,82.0,86.05,81.51,83.99
2026-09-16,82.53,83.86,80.0,82.42
