date,open,high,low,close
2012-04-10,20.51,21.8,20.51,21.8
2012-04-11,21.3,21.68,20.68,21.03
2012-04-12,21.26,21.44,20.1,20.71
2012-04-13,20.62,21.49,20.5,21.04
2012-04-16,20.5,20.59,19.81,20.19
2012-04-17,20.09,20.32,19.72,19.97
2012-04-18,20.09,20.39,19.85,20.34
2012-04-19,20.21,20.95,20.2,20.37
2012-04-20,20.28,20.64,20.17,20.53
2012-04-23,20.3,20.33,18.95,18.98
2012-04-24,18.96,19.19,18.28,18.68
2012-04-25,19.0,19.34,18.81,19.18
2012-04-26,19.12,19.48,19.04,19.18
2012-04-27,19.13,19.61,19.13,19.35
2012-05-02,19.77,19.95,19.43,19.62
2012-05-03,19.53,19.86,19.5,19.68
2012-05-04,19.68,20.01,19.62,20.0
2012-05-07,20.13,20.13,19.76,20.0
2012-05-08,20.02,20.45,19.94,20.15
2012-05-09,20.03,20.1,19.62,19.65
2012-05-10,19.68,19.89,19.64,19.8
2012-05-11,19.74,19.84,19.33,19.35
2012-05-14,19.48,19.56,19.15,19.16
2012-05-15,18.92,19.33,18.9,19.3
2012-05-16,19.26,19.44,19.14,19.18
2012-05-17,19.29,19.56,19.29,19.48
2012-05-18,19.3,19.75,19.24,19.45
2012-05-21,19.45,19.75,19.4,19.6
2012-05-22,19.58,19.85,19.51,19.72
2012-05-23,19.68,19.73,19.15,19.28
2012-05-24,19.18,19.46,19.16,19.18
2012-05-25,19.23,19.35,18.77,18.8
2012-05-28,18.7,18.8,18.2,18.79
2012-05-29,18.71,19.12,18.7,19.05
2012-05-30,19.14,19.22,18.93,19.0
2012-05-31,18.95,19.22,18.9,19.11
2012-06-01,19.18,19.21,18.91,19.12
2012-06-04,18.78,18.93,18.41,18.42
2012-06-05,18.5,18.59,18.31,18.42
2012-06-06,18.49,18.7,18.36,18.51
2012-06-07,18.78,18.8,18.39,18.41
2012-06-08,18.55,18.76,18.41,18.52
2012-06-11,18.5,18.86,18.5,18.81
2012-06-12,18.66,18.85,18.6,18.63
2012-06-13,18.64,19.08,18.64,19.03
2012-06-14,18.9,19.4,18.8,19.05
2012-06-15,19.16,19.55,19.16,19.38
2012-06-18,19.45,19.65,19.3,19.55
2012-06-19,19.49,19.62,19.33,19.35
2012-06-20,19.4,19.58,19.26,19.45
2012-06-21,19.35,19.45,19.08,19.24
2012-06-25,19.13,19.25,18.73,18.78
2012-06-26,18.85,19.12,18.57,19.06
2012-06-27,18.95,20.59,18.94,19.98
2012-06-28,19.85,20.35,19.52,19.53
2012-06-29,19.42,20.09,19.38,19.97
2012-07-02,20.06,20.33,19.85,20.1
2012-07-03,20.1,20.7,20.01,20.7
2012-07-04,20.7,20.81,20.16,20.2
2012-07-05,20.2,20.6,20.02,20.21
2012-07-06,20.08,20.2,19.18,19.88
2012-07-09,19.65,19.92,19.01,19.14
2012-07-10,19.02,19.28,18.8,19.0
2012-07-11,19.08,19.08,18.66,18.8
2012-07-12,18.79,18.99,18.2,18.91
2012-07-13,18.45,18.53,17.13,17.36
2012-07-16,17.37,17.4,16.48,16.53
2012-07-17,16.52,16.65,16.26,16.62
2012-07-18,16.45,16.81,16.0,16.49
2012-07-19,16.4,17.15,16.35,16.82
2012-07-20,16.78,16.91,16.55,16.59
2012-07-23,16.48,16.48,16.11,16.36
2012-07-24,16.3,16.65,16.27,16.49
2012-07-25,16.36,16.95,16.36,16.57
2012-07-26,16.57,16.74,16.45,16.46
2012-07-27,16.55,16.64,16.43,16.5
2012-07-30,16.54,16.68,16.18,16.19
2012-07-31,16.12,16.18,15.64,15.66
2012-08-01,15.66,16.02,15.64,15.9
2012-08-02,15.73,16.08,15.73,15.81
2012-08-03,15.86,16.27,15.75,16.27
2012-08-06,16.12,17.83,16.06,17.21
2012-08-07,17.19,17.82,17.0,17.33
2012-08-08,17.45,17.45,16.85,17.12
2012-08-09,17.3,18.05,17.1,17.95
2012-08-10,17.82,17.95,17.52,17.65
2012-08-13,17.6,17.6,17.01,17.03
2012-08-14,16.97,17.75,16.96,17.69
2012-08-15,17.59,17.6,17.08,17.15
2012-08-16,17.03,17.28,17.0,17.1
2012-08-17,17.1,17.15,16.81,17.0
2012-08-20,16.65,16.65,15.77,16.22
2012-08-21,16.1,16.66,16.04,16.62
2012-08-22,16.62,16.62,16.3,16.37
2012-08-23,16.47,16.81,16.35,16.78
2012-08-24,16.62,16.88,16.11,16.16
2012-08-27,16.05,16.15,15.31,15.65
2012-08-28,15.53,16.18,15.53,15.95
2012-08-29,15.92,16.14,15.76,15.95
2012-08-30,15.82,16.12,15.6,16.0
2012-08-31,15.93,16.48,15.9,16.37
2012-09-03,16.3,16.53,16.16,16.43
2012-09-04,16.36,16.58,16.28,16.28
2012-09-05,16.28,16.52,16.01,16.48
2012-09-06,16.55,16.68,16.42,16.67
2012-09-07,16.8,17.22,16.7,17.1
2012-09-10,17.0,17.28,16.98,17.15
2012-09-11,17.05,17.08,16.73,16.85
2012-09-12,16.85,17.14,16.61,16.85
2012-09-13,16.86,16.92,16.65,16.65
2012-09-14,16.79,16.86,16.48,16.56
2012-09-17,16.52,16.56,15.71,15.78
2012-09-18,15.86,15.92,15.7,15.88
2012-09-19,15.83,15.95,15.75,15.93
2012-09-20,15.9,15.9,15.3,15.34
2012-09-21,15.36,15.5,15.23,15.34
2012-09-24,15.13,15.43,15.02,15.35
2012-09-25,15.21,15.4,15.09,15.1
2012-09-26,15.18,15.18,14.72,14.72
2012-09-27,15.12,15.26,14.75,15.13
2012-09-28,15.1,15.37,15.06,15.36
2012-10-08,15.35,15.44,15.2,15.36
2012-10-09,15.42,16.04,15.36,16.0
2012-10-10,15.9,17.6,15.82,16.48
2012-10-11,16.46,16.46,15.87,15.91
2012-10-12,16.0,16.17,15.67,15.81
2012-10-15,15.6,15.6,14.8,14.98
2012-10-16,14.97,15.35,14.97,15.06
2012-10-17,15.13,15.24,14.96,15.12
2012-10-18,15.36,15.37,15.15,15.3
2012-10-19,15.28,15.37,15.25,15.35
2012-10-22,15.34,15.4,15.2,15.39
2012-10-23,15.4,15.49,15.23,15.29
2012-10-24,15.1,15.24,15.06,15.1
2012-10-25,15.1,15.23,15.0,15.01
2012-10-26,14.86,15.05,14.75,14.77
2012-10-29,14.78,14.93,14.7,14.8
2012-10-30,14.9,14.92,14.8,14.9
2012-10-31,15.0,15.07,14.84,14.92
2012-11-01,15.1,15.23,14.93,15.16
2012-11-02,15.09,15.2,15.0,15.11
2012-11-05,15.11,15.18,15.03,15.11
2012-11-06,15.11,15.45,14.88,15.44
2012-11-07,15.27,15.35,15.07,15.22
2012-11-08,15.13,15.13,14.68,14.69
2012-11-09,14.69,14.84,14.64,14.68
2012-11-12,14.77,14.85,14.72,14.8
2012-11-13,14.84,14.85,14.65,14.65
2012-11-14,14.65,14.8,14.6,14.71
2012-11-15,14.72,14.85,14.6,14.75
2012-11-16,14.75,14.75,14.44,14.63
2012-11-19,14.41,14.69,14.4,14.69
2012-11-20,14.68,14.99,14.55,14.8
2012-11-21,14.66,15.13,14.39,15.08
2012-11-22,14.85,15.0,14.72,14.97
2012-11-23,14.99,15.05,14.82,14.83
2012-11-26,14.63,14.83,14.57,14.57
2012-11-27,14.53,14.65,13.79,13.79
2012-11-28,13.79,13.79,13.22,13.32
2012-11-29,13.22,13.37,12.72,12.85
2012-11-30,12.9,13.1,12.8,12.87
2012-12-03,12.98,13.08,12.41,12.41
2012-12-04,12.41,12.44,11.9,12.3
2012-12-05,12.25,12.88,12.25,12.68
2012-12-06,12.69,12.81,12.61,12.81
2012-12-07,12.78,13.08,12.62,13.08
2012-12-10,13.15,13.36,13.01,13.32
2012-12-11,13.2,13.27,13.09,13.11
2012-12-12,13.07,13.27,12.89,13.19
2012-12-13,13.19,13.26,12.91,12.91
2012-12-14,12.81,13.5,12.8,13.41
2012-12-17,13.41,13.64,13.32,13.47
2012-12-18,13.5,13.67,13.36,13.39
2012-12-19,13.4,13.64,13.39,13.59
2012-12-20,14.02,14.95,14.02,14.95
2012-12-21,15.7,16.45,15.3,16.0
2012-12-24,15.78,16.91,15.65,16.73
2012-12-25,16.42,17.17,16.31,16.77
2012-12-26,16.67,17.83,16.65,17.64
2012-12-27,17.62,17.63,16.81,16.86
2012-12-28,16.61,17.17,16.43,16.75
2012-12-31,16.73,16.82,16.0,16.42
2013-01-04,16.46,17.29,16.31,17.0
2013-01-07,16.9,17.25,16.71,17.08
2013-01-08,17.08,17.55,16.88,17.15
2013-01-09,17.0,17.01,16.26,16.5
2013-01-10,16.35,16.85,16.33,16.53
2013-01-11,16.65,17.52,16.65,16.95
2013-01-14,16.78,18.59,16.75,18.2
2013-01-15,18.0,18.25,17.81,18.05
2013-01-16,18.0,18.08,17.15,17.43
2013-01-17,17.45,17.67,17.22,17.57
2013-01-18,17.42,17.67,16.91,17.29
2013-01-21,17.35,17.58,17.18,17.54
2013-01-22,17.55,17.58,16.45,16.55
2013-01-23,16.36,16.67,16.29,16.6
2013-01-24,16.6,16.91,15.9,16.12
2013-01-25,16.2,16.3,15.91,16.1
2013-01-28,16.2,16.65,16.0,16.61
2013-01-29,16.61,16.75,16.48,16.56
2013-01-30,16.46,16.54,15.99,16.2
2013-01-31,15.8,15.88,15.26,15.49
2013-02-01,15.59,15.9,15.32,15.69
2013-02-04,15.85,15.98,15.52,15.85
2013-02-05,15.83,16.4,15.8,16.26
2013-02-06,16.27,16.36,15.92,16.17
2013-02-07,16.05,16.58,16.05,16.45
2013-02-08,16.44,16.57,16.28,16.5
2013-02-18,16.46,16.7,16.37,16.6
2013-02-19,16.68,17.2,16.49,16.9
2013-02-20,16.96,17.97,16.8,17.81
2013-02-21,17.48,17.95,17.15,17.32
2013-02-22,17.46,17.46,16.61,16.65
2013-02-25,16.6,16.9,16.53,16.88
2013-02-26,17.69,17.69,16.61,16.97
2013-02-27,17.0,17.15,16.33,16.52
2013-02-28,16.32,16.68,16.16,16.58
2013-03-01,16.6,17.25,16.53,17.06
2013-03-04,17.0,17.0,16.24,16.35
2013-03-05,16.23,16.6,16.21,16.55
2013-03-06,16.55,17.1,16.5,17.03
2013-03-07,16.97,17.08,16.62,16.78
2013-03-08,16.92,16.92,16.6,16.62
2013-03-11,16.63,16.85,16.52,16.84
2013-03-12,16.62,16.94,15.83,15.97
2013-03-13,15.91,16.09,15.46,15.85
2013-03-14,15.84,16.18,15.76,15.8
2013-03-15,15.82,16.23,15.6,15.99
2013-03-18,16.18,16.2,15.81,16.17
2013-03-19,16.89,16.89,15.86,16.11
2013-03-20,16.5,16.5,16.02,16.38
2013-03-21,16.36,16.45,16.15,16.3
2013-03-22,16.35,16.35,16.17,16.23
2013-03-25,16.19,16.26,15.81,16.0
2013-03-26,16.08,16.16,15.7,16.04
2013-03-27,16.1,16.12,15.92,16.05
2013-03-28,15.97,15.97,15.44,15.44
2013-03-29,15.42,15.67,15.22,15.36
2013-04-01,15.46,15.56,15.31,15.32
2013-04-02,15.59,15.65,15.28,15.28
2013-04-03,15.31,15.31,14.79,14.8
2013-04-08,14.74,14.74,14.4,14.68
2013-04-09,14.8,14.97,14.62,14.91
2013-04-10,14.99,15.03,14.7,14.82
2013-04-11,14.86,14.95,14.51,14.65
2013-04-12,14.64,14.79,14.42,14.62
2013-04-15,14.61,14.67,14.42,14.57
2013-04-16,14.48,14.85,14.14,14.76
2013-04-17,14.68,14.89,14.66,14.89
2013-04-18,14.8,14.95,14.7,14.91
2013-04-19,15.05,15.73,15.05,15.65
2013-04-22,15.52,16.82,15.51,16.58
2013-04-23,16.5,16.98,16.21,16.6
2013-04-24,16.44,17.75,16.44,17.54
2013-04-25,17.59,17.63,16.82,17.12
2013-04-26,17.2,17.25,16.38,16.42
2013-05-02,16.37,16.99,16.29,16.94
2013-05-03,16.95,17.36,16.88,17.09
2013-05-06,17.27,17.46,16.97,17.4
2013-05-07,17.21,17.46,17.03,17.37
2013-05-08,17.45,18.19,17.27,18.01
2013-05-09,18.45,18.45,17.17,17.44
2013-05-10,17.3,19.18,17.2,19.18
2013-05-13,19.0,19.26,18.6,19.23
2013-05-14,18.96,19.16,18.42,18.42
2013-05-15,18.33,19.19,18.11,18.78
2013-05-16,18.8,18.97,18.21,18.33
2013-05-17,10.1,10.3,9.88,10.1
2013-05-20,10.13,10.55,10.04,10.29
2013-05-21,10.3,10.84,10.1,10.72
2013-05-22,10.64,10.78,10.25,10.31
2013-05-23,10.16,10.54,10.07,10.24
2013-05-24,10.27,10.56,10.24,10.5
2013-05-27,10.56,10.66,10.36,10.5
2013-05-28,10.5,10.5,9.98,10.0
2013-05-29,9.99,10.1,9.82,10.1
2013-05-30,10.0,10.17,9.95,10.11
2013-05-31,10.11,10.17,9.98,10.02
2013-06-03,10.02,10.11,9.87,9.9
2013-06-04,9.9,9.91,9.29,9.5
2013-06-05,9.35,9.59,9.32,9.42
2013-06-06,9.36,9.45,9.07,9.13
2013-06-07,9.18,9.3,9.04,9.18
2013-06-13,9.13,9.13,8.72,8.87
2013-06-14,8.89,9.46,8.82,9.35
2013-06-17,9.33,9.79,9.15,9.58
2013-06-18,9.5,9.6,9.32,9.48
2013-06-19,9.47,9.47,9.1,9.32
2013-06-20,9.3,9.3,8.9,8.91
2013-06-21,8.77,8.88,8.53,8.76
2013-06-24,8.76,8.76,7.9,7.93
2013-06-25,7.98,8.11,7.23,7.95
2013-06-26,7.89,8.36,7.82,8.36
2013-06-27,8.36,8.46,7.95,8.0
2013-06-28,8.0,8.5,7.8,8.5
2013-07-01,8.55,9.2,8.51,9.13
2013-07-02,9.07,9.37,8.96,9.18
2013-07-03,9.01,9.32,8.72,9.25
2013-07-04,9.19,9.4,9.05,9.08
2013-07-05,9.02,9.15,8.7,8.76
2013-07-08,8.7,8.7,8.18,8.23
2013-07-09,8.11,8.35,8.01,8.26
2013-07-10,8.27,8.53,8.21,8.53
2013-07-11,8.55,8.92,8.46,8.68
2013-07-12,8.72,8.99,8.62,8.63
2013-07-15,8.51,8.73,8.48,8.67
2013-07-16,8.62,9.01,8.58,9.01
2013-07-17,8.98,9.12,8.7,8.72
2013-07-18,8.61,8.95,8.59,8.85
2013-07-19,8.89,9.28,8.85,8.85
2013-07-22,8.74,9.15,8.5,9.15
2013-07-23,9.15,9.35,9.04,9.34
2013-07-24,9.3,9.46,9.11,9.38
2013-07-25,9.32,9.47,8.93,8.96
2013-07-26,8.87,8.98,8.36,8.77
2013-07-29,8.7,8.81,8.48,8.5
2013-07-30,8.62,8.62,8.19,8.38
2013-07-31,8.47,8.52,8.35,8.48
2013-08-01,8.6,9.09,8.5,9.01
2013-08-02,9.0,9.79,8.91,9.49
2013-08-05,9.4,9.55,9.3,9.52
2013-08-06,9.49,9.59,9.36,9.49
2013-08-07,9.44,9.55,9.05,9.08
2013-08-08,9.08,9.28,9.02,9.18
2013-08-09,9.19,9.26,9.02,9.21
2013-08-12,9.2,9.57,9.2,9.54
2013-08-13,9.52,9.56,9.38,9.56
2013-08-14,9.56,10.01,9.41,9.81
2013-08-15,9.76,9.78,9.57,9.58
2013-08-16,9.45,9.69,9.1,9.11
2013-08-19,9.08,9.63,9.08,9.62
2013-08-20,9.54,9.97,9.31,9.82
2013-08-21,9.79,10.04,9.65,10.01
2013-08-22,9.97,10.16,9.72,9.79
2013-08-23,9.72,9.93,9.38,9.7
2013-08-26,9.72,9.95,9.6,9.9
2013-08-27,9.91,9.98,9.57,9.79
2013-08-28,9.67,9.7,9.44,9.49
2013-08-29,9.51,9.7,9.38,9.47
2013-08-30,9.47,9.54,9.1,9.15
2013-09-02,9.15,9.39,9.11,9.38
2013-09-03,9.39,9.53,9.35,9.46
2013-09-04,9.49,9.49,9.38,9.4
2013-09-05,9.46,9.64,9.37,9.6
2013-09-06,9.54,9.68,9.47,9.66
2013-09-09,9.66,9.74,9.54,9.71
2013-09-10,9.7,9.72,9.49,9.59
2013-09-11,9.57,9.57,9.31,9.34
2013-09-12,9.33,9.49,9.3,9.34
2013-09-13,9.34,9.45,9.25,9.4
2013-09-16,9.45,9.45,9.35,9.35
2013-09-17,9.28,9.4,9.26,9.26
2013-09-18,9.26,9.43,9.25,9.43
2013-09-23,9.44,9.68,9.43,9.67
2013-09-24,9.63,9.74,9.54,9.74
2013-09-25,9.74,9.89,9.61,9.64
2013-09-26,9.66,9.72,9.53,9.67
2013-09-27,9.67,9.72,9.55,9.71
2013-09-30,9.66,9.83,9.59,9.76
2013-10-08,9.75,9.92,9.72,9.91
2013-10-09,9.92,10.4,9.86,10.22
2013-10-10,10.38,10.38,9.98,10.16
2013-10-11,10.15,10.23,10.05,10.14
2013-10-14,10.15,10.25,10.05,10.15
2013-10-15,10.08,10.08,9.74,9.9
2013-10-16,9.89,9.89,9.44,9.6
2013-10-17,9.62,9.92,9.59,9.8
2013-10-18,9.78,9.89,9.7,9.78
2013-10-21,9.73,9.98,9.69,9.94
2013-10-22,9.96,10.8,9.96,10.22
2013-10-23,10.18,10.32,9.85,10.2
2013-10-24,10.39,10.4,10.05,10.05
2013-10-25,10.0,10.16,9.5,9.74
2013-10-28,9.79,9.79,9.4,9.5
2013-10-29,9.75,9.75,8.86,9.49
2013-10-30,9.46,9.59,9.31,9.56
2013-10-31,9.56,9.56,9.12,9.33
2013-11-01,9.25,9.34,9.03,9.2
2013-11-04,9.3,9.32,9.2,9.27
2013-11-05,9.25,9.35,9.11,9.35
2013-11-06,9.46,9.55,9.28,9.42
2013-11-07,9.42,10.36,9.26,10.13
2013-11-08,10.2,10.3,9.92,10.09
2013-11-11,10.02,10.52,9.77,10.49
2013-11-12,10.47,11.54,10.33,11.17
2013-11-13,10.9,11.49,10.81,11.28
2013-11-14,11.09,12.22,10.9,11.91
2013-11-15,11.88,12.86,11.67,12.63
2013-11-18,12.63,13.68,12.45,13.41
2013-11-19,13.0,13.4,12.55,12.68
2013-11-20,12.7,12.87,12.23,12.5
2013-11-21,12.65,12.7,11.9,12.1
2013-11-22,12.15,12.31,11.84,12.09
2013-11-25,12.02,12.19,11.72,11.99
2013-11-26,11.91,12.47,11.9,12.31
2013-11-27,12.22,12.3,11.96,12.08
2013-11-28,12.17,12.43,11.9,12.36
2013-11-29,12.39,12.58,12.2,12.43
2013-12-02,11.44,11.59,11.19,11.19
2013-12-03,10.36,10.75,10.07,10.48
2013-12-04,10.41,10.66,10.31,10.31
2013-12-05,10.18,10.56,10.12,10.41
2013-12-06,10.34,10.52,10.22,10.4
2013-12-09,10.5,10.75,10.5,10.75
2013-12-10,10.7,10.8,10.53,10.71
2013-12-11,10.71,11.0,10.59,10.77
2013-12-12,10.88,10.9,10.71,10.81
2013-12-13,10.75,10.98,10.72,10.9
2013-12-16,10.8,10.99,10.77,10.79
2013-12-17,10.71,10.84,10.65,10.73
2013-12-18,10.7,10.91,10.7,10.88
2013-12-19,10.97,10.97,10.71,10.71
2013-12-20,10.62,10.82,10.61,10.72
2013-12-23,10.73,11.15,10.7,10.92
2013-12-24,10.9,11.37,10.85,11.36
2013-12-25,11.31,11.62,11.24,11.59
2013-12-26,11.57,11.62,11.26,11.3
2013-12-27,11.34,12.0,11.19,11.91
2013-12-30,11.94,12.1,11.83,11.92
2013-12-31,11.9,12.18,11.82,12.1
2014-01-02,12.1,12.68,12.1,12.57
2014-01-03,12.51,12.7,12.25,12.52
2014-01-06,12.6,12.8,12.12,12.33
2014-01-07,12.38,12.56,11.81,12.4
2014-01-08,12.4,12.58,12.23,12.36
2014-01-09,12.47,12.78,12.24,12.38
2014-01-10,12.47,12.6,11.81,12.0
2014-01-13,12.09,12.36,11.65,11.68
2014-01-14,11.86,12.07,11.77,12.05
2014-01-15,12.04,12.46,11.9,12.46
2014-01-16,12.48,12.56,12.03,12.03
2014-01-17,11.9,12.08,11.8,11.93
2014-01-20,11.9,12.09,11.81,11.96
2014-01-21,12.06,12.35,11.96,12.16
2014-01-22,12.27,12.94,12.16,12.76
2014-01-23,12.57,13.1,12.57,12.77
2014-01-24,12.78,12.84,12.59,12.75
2014-01-27,12.75,13.45,12.75,13.18
2014-01-28,13.34,13.6,13.0,13.39
2014-01-29,13.39,13.5,12.9,13.19
2014-01-30,13.25,13.65,13.15,13.3
2014-02-07,13.19,13.64,13.05,13.22
2014-02-10,13.29,14.48,13.23,14.18
2014-02-11,14.22,15.31,14.18,14.95
2014-02-12,15.11,15.4,14.62,14.84
2014-02-13,15.09,15.36,14.8,14.81
2014-02-14,14.99,15.36,14.5,15.3
2014-02-17,15.5,16.36,15.36,16.02
2014-02-18,16.29,16.3,15.41,15.48
2014-02-19,15.5,15.66,14.81,14.98
2014-02-20,15.08,15.6,14.9,15.46
2014-02-21,15.45,15.65,15.19,15.23
2014-02-24,15.5,16.03,15.0,15.99
2014-02-25,16.42,17.24,15.28,15.42
2014-02-26,15.8,16.18,14.23,14.85
2014-02-27,14.8,15.55,14.28,14.35
2014-02-28,14.65,15.0,13.8,14.86
2014-03-03,14.97,15.44,14.71,15.34
2014-03-04,15.12,15.35,14.95,15.1
2014-03-05,15.34,15.52,14.98,15.25
2014-03-06,15.38,15.49,14.55,14.7
2014-03-07,14.88,16.0,14.58,15.58
2014-03-10,15.4,15.49,14.86,14.98
2014-03-11,15.0,15.15,14.32,14.5
2014-03-12,14.65,15.19,14.1,14.28
2014-03-13,14.3,14.47,14.11,14.46
2014-03-14,14.35,14.68,14.28,14.65
2014-03-17,14.6,14.78,14.4,14.64
2014-03-18,14.64,15.03,14.61,15.03
2014-03-19,15.0,15.48,14.95,15.33
2014-03-20,15.35,15.39,14.86,14.95
2014-03-21,14.85,15.74,14.51,15.3
2014-03-24,15.52,15.68,14.91,14.98
2014-03-25,14.99,15.55,14.6,15.03
2014-03-26,15.28,15.28,15.0,15.09
2014-03-27,15.24,15.35,14.76,14.9
2014-03-28,14.98,15.08,14.69,14.89
2014-03-31,14.99,15.9,14.99,15.15
2014-04-01,15.29,15.4,15.09,15.2
2014-04-02,15.29,15.45,14.85,15.11
2014-04-03,15.2,15.2,14.8,15.08
2014-04-04,15.02,15.38,14.95,15.15
2014-04-08,15.13,15.24,14.97,15.05
2014-04-09,15.18,16.0,15.01,15.74
2014-04-10,15.7,15.8,15.02,15.2
2014-04-11,15.0,15.57,13.8,13.93
2014-04-14,13.78,13.9,13.45,13.7
2014-04-15,13.67,13.88,13.61,13.78
2014-04-16,13.78,14.39,13.65,14.24
2014-04-17,14.2,14.38,13.8,14.15
2014-04-18,14.15,14.3,14.0,14.2
2014-04-21,14.18,14.48,13.85,14.19
2014-04-22,14.35,14.47,13.93,14.08
2014-04-23,13.91,14.29,13.91,14.29
2014-04-24,14.4,15.2,14.3,14.86
2014-04-25,14.95,15.35,14.85,15.07
2014-04-28,15.33,15.65,14.5,15.2
2014-04-29,15.6,15.75,13.8,14.26
2014-04-30,14.1,14.4,13.85,14.24
2014-05-05,14.27,14.44,14.12,14.27
2014-05-06,14.39,14.55,14.3,14.4
2014-05-07,14.43,14.6,14.02,14.31
2014-05-08,14.34,14.34,14.0,14.01
2014-05-09,14.19,14.29,13.86,13.89
2014-05-12,14.07,14.07,13.78,14.0
2014-05-13,14.08,14.1,13.91,13.99
2014-05-14,14.08,14.19,13.92,14.17
2014-05-15,14.19,14.28,14.0,14.18
2014-05-16,14.25,14.25,13.86,13.96
2014-05-19,14.03,14.18,13.9,14.0
2014-05-20,14.19,14.2,14.02,14.03
2014-05-21,14.18,14.18,13.9,13.97
2014-05-22,14.01,14.09,13.9,13.94
2014-05-23,14.01,14.01,13.87,13.96
2014-05-26,14.09,14.5,13.95,14.39
2014-05-27,14.43,14.43,14.25,14.25
2014-05-28,14.28,14.49,14.23,14.45
2014-05-29,14.45,14.5,14.23,14.3
2014-05-30,14.11,14.47,14.11,14.45
2014-06-03,14.45,14.8,13.6,14.19
2014-06-04,13.98,13.98,13.63,13.79
2014-06-05,13.79,13.9,13.39,13.78
2014-06-06,13.8,13.89,13.62,13.79
2014-06-09,13.83,13.83,13.63,13.64
2014-06-10,13.74,13.79,13.6,13.68
2014-06-11,13.67,13.73,13.39,13.61
2014-06-12,13.58,13.7,13.28,13.43
2014-06-13,13.42,13.69,13.37,13.58
2014-06-16,13.64,13.68,13.5,13.65
2014-06-17,13.69,13.7,13.5,13.57
2014-06-18,13.67,13.67,13.21,13.25
2014-06-19,13.2,13.25,12.24,12.88
2014-06-20,12.89,12.98,12.6,12.87
2014-06-23,12.87,13.49,12.85,13.23
2014-06-24,13.38,13.84,13.18,13.72
2014-06-25,13.9,13.9,13.45,13.75
2014-06-26,13.75,14.3,13.75,14.15
2014-06-27,14.15,14.38,14.0,14.17
2014-06-30,14.3,14.46,13.99,14.39
2014-07-01,14.44,14.62,14.13,14.29
2014-07-02,14.7,15.72,14.3,15.72
2014-07-03,15.3,15.44,15.09,15.23
2014-07-04,15.24,15.45,14.95,15.1
2014-07-07,15.17,15.48,15.1,15.2
2014-07-08,15.25,15.66,15.13,15.53
2014-07-09,15.63,15.9,14.87,14.9
2014-07-10,14.89,14.9,14.48,14.66
2014-07-11,14.63,14.74,14.38,14.58
2014-07-14,14.6,14.82,14.54,14.79
2014-07-15,14.49,14.63,13.92,14.09
2014-07-16,14.0,14.14,13.87,14.03
2014-07-17,14.0,14.18,13.99,14.1
2014-07-18,14.16,14.23,14.01,14.09
2014-07-21,14.09,14.18,13.86,13.91
2014-07-22,13.9,14.06,13.84,13.97
2014-07-23,14.03,14.03,13.6,13.78
2014-07-24,13.8,13.87,13.58,13.73
2014-07-25,13.79,13.87,13.61,13.8
2014-07-28,13.8,14.12,13.8,14.05
2014-07-29,14.11,14.79,14.07,14.34
2014-07-30,14.24,14.36,14.11,14.23
2014-07-31,14.15,14.32,14.14,14.27
2014-08-01,14.27,14.4,14.2,14.32
2014-08-04,14.35,14.37,14.18,14.34
2014-08-05,14.3,14.5,14.1,14.49
2014-08-06,14.47,14.47,14.33,14.42
2014-08-07,14.39,14.46,14.13,14.16
2014-08-08,14.16,14.31,14.16,14.29
2014-08-11,14.3,14.38,14.24,14.36
2014-08-12,14.37,14.66,14.34,14.63
2014-08-13,14.65,14.94,14.53,14.94
2014-08-14,14.87,14.88,14.6,14.68
2014-08-15,14.62,14.8,14.6,14.74
2014-08-18,14.72,15.13,14.72,15.0
2014-08-19,15.0,15.08,14.83,14.96
2014-08-20,14.85,15.06,14.76,14.88
2014-08-21,14.87,15.07,14.68,14.81
2014-08-22,14.8,15.13,14.8,15.1
2014-08-25,15.1,15.26,14.98,14.98
2014-08-26,14.88,14.92,14.24,14.32
2014-08-27,14.27,14.47,14.27,14.36
2014-08-28,14.32,14.46,14.1,14.17
2014-08-29,14.24,14.55,14.05,14.44
2014-09-01,14.44,14.73,14.41,14.69
2014-09-02,14.71,14.93,14.67,14.83
2014-09-03,14.84,15.18,14.82,15.12
2014-09-04,15.2,15.37,15.08,15.35
2014-09-05,15.37,15.88,15.33,15.63
2014-09-09,15.7,16.22,15.54,16.18
2014-09-10,16.1,16.1,15.82,15.96
2014-09-11,15.96,16.1,15.32,15.64
2014-09-12,15.58,16.08,15.52,15.98
2014-09-15,16.08,16.91,16.02,16.8
2014-09-16,16.74,16.9,16.12,16.28
2014-09-17,16.28,16.58,16.15,16.46
2014-09-18,16.38,16.45,16.08,16.29
2014-09-19,16.13,16.2,15.78,16.07
2014-09-22,15.91,15.94,15.64,15.73
2014-09-23,15.79,16.17,15.69,16.05
2014-09-24,16.01,16.89,16.01,16.89
2014-09-25,17.15,17.18,16.62,16.64
2014-09-26,16.7,16.96,16.51,16.7
2014-09-29,16.8,17.29,16.71,17.21
2014-09-30,17.23,17.33,16.91,17.18
2014-10-08,9.58,10.49,9.46,10.49
2014-10-09,10.8,11.0,10.25,10.45
2014-10-10,10.38,10.38,10.06,10.23
2014-10-13,10.25,10.64,10.1,10.56
2014-10-14,10.35,10.5,10.12,10.22
2014-10-15,10.23,10.28,9.7,10.06
2014-10-16,10.0,10.17,9.86,10.0
2014-10-17,9.91,10.03,9.58,9.86
2014-10-20,9.84,10.09,9.71,10.01
2014-10-21,10.0,10.05,9.73,9.79
2014-10-22,9.8,9.89,9.5,9.56
2014-10-23,9.54,9.65,9.13,9.2
2014-10-24,9.22,9.36,9.13,9.21
2014-10-27,9.21,9.33,9.15,9.22
2014-10-28,9.29,9.58,9.29,9.53
2014-10-29,9.55,9.79,9.55,9.62
2014-10-30,9.59,9.74,9.54,9.69
2014-10-31,9.7,9.73,9.4,9.48
2014-11-03,9.45,9.74,9.44,9.74
2014-11-04,9.74,9.74,9.54,9.54
2014-11-05,9.56,9.58,9.32,9.48
2014-11-06,9.48,9.67,9.43,9.59
2014-11-07,9.65,9.75,9.54,9.59
2014-11-17,9.19,9.88,9.02,9.53
2014-11-18,9.45,9.75,9.45,9.55
2014-11-19,9.64,9.71,9.48,9.65
2014-11-20,9.7,9.74,9.56,9.63
2014-11-21,9.61,9.69,9.56,9.66
2014-11-24,9.7,9.78,9.56,9.59
2014-11-25,9.56,10.55,9.56,10.55
2014-11-26,11.05,11.61,11.05,11.4
2014-11-27,11.7,12.34,11.21,12.27
2014-11-28,11.8,12.16,11.45,11.66
2014-12-01,11.65,11.65,11.0,11.18
2014-12-02,11.2,11.47,11.06,11.25
2014-12-03,11.15,11.38,10.85,11.33
2014-12-04,11.34,12.33,11.34,11.83
2014-12-05,11.54,11.69,10.81,11.16
2014-12-08,10.97,11.71,10.82,11.21
2014-12-09,11.0,11.13,10.21,10.24
2014-12-10,10.0,10.84,10.0,10.64
2014-12-11,10.64,10.98,10.51,10.88
2014-12-12,10.95,11.18,10.71,11.15
2014-12-15,11.08,11.59,10.9,11.44
2014-12-16,11.36,11.66,11.22,11.44
2014-12-17,11.42,11.77,11.02,11.47
2014-12-18,11.3,11.66,11.0,11.07
2014-12-19,11.03,11.03,10.3,10.39
2014-12-22,10.26,10.27,9.35,9.37
2014-12-23,9.37,9.75,9.28,9.49
2014-12-24,9.67,9.82,9.58,9.79
2014-12-25,9.79,10.11,9.7,9.9
2014-12-26,9.9,9.9,9.59,9.71
2014-12-29,9.72,9.73,9.12,9.26
2014-12-30,9.2,9.26,9.11,9.22
2014-12-31,9.27,9.44,9.1,9.25
2015-01-05,9.26,9.31,8.4,8.99
2015-01-06,8.98,9.41,8.8,9.37
2015-01-07,9.49,9.88,9.35,9.58
2015-01-08,9.5,9.92,9.36,9.65
2015-01-09,9.59,9.86,9.35,9.45
2015-01-12,9.35,9.36,8.88,8.92
2015-01-13,8.96,9.47,8.9,9.39
2015-01-14,9.48,9.58,9.13,9.56
2015-01-15,9.5,9.85,9.46,9.61
2015-01-16,9.51,9.72,9.0,9.71
2015-01-19,9.4,10.11,9.21,9.74
2015-01-20,9.74,10.56,9.7,10.4
2015-01-21,10.34,10.5,10.17,10.45
2015-01-22,10.32,10.98,10.26,10.71
2015-01-26,10.9,10.9,10.51,10.69
2015-01-27,10.6,10.74,10.08,10.46
2015-01-28,10.4,10.68,10.31,10.36
2015-01-29,10.36,10.59,10.26,10.34
2015-01-30,10.58,10.58,10.15,10.2
2015-02-02,10.01,10.2,9.89,10.1
2015-02-03,10.13,10.33,10.06,10.26
2015-02-04,10.28,10.56,10.15,10.34
2015-02-05,10.3,10.49,10.16,10.19
2015-02-06,10.2,10.21,9.51,9.56
2015-02-09,9.5,9.68,9.18,9.24
2015-02-10,9.24,9.9,9.24,9.61
2015-02-11,9.69,9.9,9.56,9.7
2015-02-12,9.7,9.85,9.62,9.75
2015-02-13,9.86,10.18,9.83,10.0
2015-02-16,10.11,10.9,10.01,10.72
2015-02-17,10.7,11.13,10.43,10.7
2015-02-25,10.61,10.97,10.53,10.7
2015-02-26,10.69,10.75,10.3,10.68
2015-02-27,10.69,10.95,10.62,10.8
2015-03-02,10.78,10.96,10.76,10.93
2015-03-03,10.9,11.28,10.78,10.85
2015-03-04,10.87,11.09,10.82,11.05
2015-03-05,11.21,11.72,11.12,11.47
2015-03-06,11.37,11.63,11.3,11.54
2015-03-09,11.58,12.3,11.4,11.91
2015-03-10,11.93,12.05,11.77,11.89
2015-03-11,11.88,12.52,11.6,12.49
2015-03-12,12.35,12.44,11.89,12.02
2015-03-13,12.02,12.18,11.72,11.99
2015-03-16,11.99,12.45,11.72,12.34
2015-03-17,12.25,13.04,12.21,12.76
2015-03-18,12.79,13.2,12.75,12.88
2015-03-19,12.88,13.5,12.68,13.17
2015-03-20,13.25,13.3,12.86,13.28
2015-04-20,13.79,14.61,13.0,13.62
2015-04-21,13.45,13.9,12.76,13.73
2015-04-22,13.57,14.15,13.57,14.11
2015-04-23,14.05,15.52,13.89,14.93
2015-04-24,14.7,15.2,14.3,14.86
2015-04-27,14.86,16.35,14.81,15.84
2015-04-28,15.88,17.28,15.5,16.18
2015-04-29,15.98,17.8,15.98,17.8
2015-04-30,19.18,19.54,17.9,18.42
2015-05-04,18.44,19.19,17.3,17.77
2015-05-05,17.51,17.88,16.46,16.75
2015-05-06,16.74,17.3,15.95,16.09
2015-05-07,16.1,16.3,15.04,15.8
2015-05-08,15.92,17.09,15.73,17.08
2015-05-11,17.15,18.48,17.08,17.81
2015-05-12,17.85,18.34,17.4,17.7
2015-05-13,17.4,17.76,16.97,17.22
2015-05-14,17.22,17.6,16.75,16.75
2015-05-15,16.58,17.85,16.36,17.49
2015-05-18,17.46,19.24,17.46,19.24
2015-05-19,20.2,20.99,18.8,19.6
2015-05-20,19.94,21.36,19.67,20.66
2015-05-21,20.65,22.49,20.06,22.25
2015-05-22,22.52,24.36,20.96,24.15
2015-05-25,23.5,25.58,22.26,24.4
2015-05-26,24.46,24.99,23.75,24.25
2015-05-27,24.26,24.28,22.95,23.4
2015-05-28,23.54,23.85,21.06,21.06
2015-05-29,21.18,22.28,19.4,22.0
2015-06-01,22.88,23.88,22.15,23.35
2015-06-02,23.38,25.69,23.38,25.69
2015-06-03,26.5,27.15,24.58,25.21
2015-06-04,25.6,27.73,24.61,27.73
2015-06-05,28.27,30.5,28.27,30.0
2015-06-08,29.15,29.29,27.08,27.39
2015-06-09,27.0,29.48,25.78,29.0
2015-06-10,28.6,30.99,28.0,29.8
2015-06-11,28.9,30.48,28.76,29.21
2015-06-12,29.12,29.7,28.4,29.1
2015-06-15,29.1,31.25,28.55,29.42
2015-06-16,29.0,30.89,28.42,30.14
2015-06-17,29.75,32.99,29.5,32.46
2015-06-18,31.6,32.58,29.21,29.88
2015-06-19,28.51,28.8,26.89,26.89
2015-06-23,26.01,27.31,24.2,26.41
2015-06-24,27.0,29.05,26.5,28.88
2015-06-25,28.05,28.8,25.99,26.05
2015-06-26,25.6,26.05,23.45,23.45
2015-06-29,24.9,24.9,21.11,21.11
2015-06-30,19.0,22.82,19.0,21.77
2015-07-01,21.8,22.95,19.59,19.59
2015-07-02,19.82,20.45,17.63,17.63
2015-07-03,16.01,17.5,15.87,15.87
2015-07-06,17.39,17.39,14.28,14.28
2015-07-07,12.86,12.86,12.85,12.85
2015-07-08,11.57,12.15,11.57,11.9
2015-07-09,11.2,13.09,11.2,13.09
2015-07-10,14.0,14.4,14.0,14.4
2015-07-13,15.84,15.84,15.65,15.84
2015-07-14,16.61,17.41,16.0,17.41
2015-07-15,16.86,16.9,15.67,15.67
2015-07-16,14.15,16.5,14.1,15.2
2015-07-17,15.5,16.67,15.03,16.28
2015-07-20,16.3,17.17,15.0,16.18
2015-07-21,16.0,17.1,15.5,16.91
2015-07-22,16.61,18.6,16.39,18.6
2015-07-23,18.04,19.6,18.04,18.82
2015-07-24,18.6,18.95,17.28,17.6
2015-07-27,17.2,19.36,17.01,17.88
2015-07-28,16.61,17.88,16.09,16.09
2015-07-29,16.59,17.4,14.48,17.07
2015-07-30,16.66,17.0,15.59,15.6
2015-07-31,15.0,15.79,14.3,14.64
2015-08-03,14.3,14.51,13.18,13.38
2015-08-04,13.43,14.72,13.43,14.69
2015-08-05,15.0,15.49,14.43,14.64
2015-08-06,14.64,14.64,13.74,14.12
2015-08-07,14.35,15.52,14.31,14.98
2015-08-10,15.16,16.48,15.08,16.48
2015-08-11,16.48,17.3,16.25,16.7
2015-08-12,16.38,17.0,16.17,16.53
2015-08-13,16.39,17.07,16.2,17.07
2015-08-14,17.1,17.8,16.61,16.86
2015-08-17,16.86,17.0,16.4,17.0
2015-08-18,17.05,17.77,15.3,15.61
2015-08-19,15.0,16.35,14.08,15.9
2015-08-20,15.48,15.94,14.98,14.98
2015-08-21,14.5,15.0,13.52,13.52
2015-08-24,13.0,13.0,12.17,12.17
2015-08-25,10.95,10.95,10.95,10.95
2015-08-26,10.2,11.46,9.86,9.86
2015-08-27,10.38,10.5,9.49,10.25
2015-08-28,10.4,11.28,10.32,11.28
2015-08-31,11.38,11.38,10.62,10.66
2015-09-01,10.66,10.66,9.59,9.59
2015-09-02,9.1,10.25,8.78,9.2
2015-09-07,9.46,9.9,9.36,9.54
2015-09-08,9.55,10.45,9.21,10.4
2015-09-09,10.44,11.17,10.43,11.09
2015-09-10,10.88,11.15,10.81,10.93
2015-09-11,11.0,11.37,10.85,11.06
2015-09-14,11.19,11.19,9.95,9.95
2015-09-15,9.69,9.8,9.15,9.19
2015-09-16,9.35,10.11,9.21,10.11
2015-09-17,10.28,10.89,10.0,10.51
2015-09-18,10.64,10.84,10.11,10.71
2015-09-21,10.66,11.78,10.5,11.78
2015-09-22,11.71,11.98,11.52,11.66
2015-09-23,11.3,11.82,11.21,11.4
2015-09-24,11.48,11.72,11.33,11.55
2015-09-25,11.4,11.65,10.51,10.69
2015-09-28,10.73,11.55,10.51,11.39
2015-09-29,11.15,11.39,10.86,11.1
2015-09-30,11.19,11.35,10.74,11.18
2015-10-08,11.65,12.3,11.45,12.3
2015-10-09,12.33,13.29,12.18,12.75
2015-10-12,12.88,13.58,12.62,13.31
2015-10-13,13.35,14.3,13.1,13.9
2015-10-14,13.62,13.96,13.31,13.38
2015-10-15,13.2,13.85,12.98,13.7
2015-10-16,13.74,15.06,13.72,14.52
2015-10-19,14.52,15.06,14.13,14.31
2015-10-20,14.21,15.46,14.15,15.24
2015-10-21,15.24,15.5,13.72,13.73
2015-10-22,13.65,14.74,13.59,14.7
2015-10-23,14.5,15.36,14.32,15.26
2015-10-26,15.4,16.11,15.0,16.11
2015-10-27,15.69,16.08,15.03,15.83
2015-10-28,15.85,16.55,15.26,16.02
2015-10-29,16.18,16.25,15.52,16.01
2015-10-30,15.86,16.12,15.32,15.64
2015-11-02,15.32,15.98,15.32,15.38
2015-11-03,15.55,15.65,14.9,14.98
2015-11-04,15.24,15.94,14.98,15.83
2015-11-05,16.02,16.42,15.5,16.08
2015-11-06,16.0,16.6,16.0,16.52
2015-11-09,16.52,16.52,16.01,16.4
2015-11-10,16.6,16.6,15.9,15.9
2015-11-11,16.02,16.59,15.51,16.58
2015-11-12,16.5,16.51,15.84,16.31
2015-11-13,16.15,16.97,15.76,16.48
2015-11-16,15.96,18.1,15.78,18.0
2015-11-17,18.45,18.45,16.85,17.06
2015-11-18,17.24,17.34,16.16,16.26
2015-11-19,16.29,17.3,16.12,17.26
2015-11-20,17.15,17.41,16.8,17.15
2015-11-23,17.19,17.58,16.91,17.03
2015-11-24,17.0,17.47,16.88,17.44
2015-11-25,17.63,18.98,17.3,18.8
2015-11-26,18.78,18.78,18.11,18.5
2015-11-27,18.39,18.52,16.65,16.65
2015-11-30,16.7,17.15,15.03,16.45
2015-12-01,16.33,17.14,15.72,16.45
2015-12-02,16.38,16.66,15.38,15.92
2015-12-03,16.08,16.54,15.87,16.44
2015-12-04,16.5,16.97,16.16,16.49
2015-12-07,16.66,17.88,16.65,17.66
2015-12-08,17.45,19.29,17.42,18.47
2015-12-09,18.6,18.88,18.11,18.39
2015-12-10,18.33,18.89,17.9,18.2
2015-12-11,18.0,18.2,17.28,17.8
2015-12-14,17.82,19.58,17.68,19.58
2015-12-15,19.8,21.5,19.77,20.51
2015-12-16,20.81,21.81,20.23,20.26
2015-12-17,20.5,21.38,19.8,21.3
2015-12-18,21.0,22.92,20.62,21.88
2015-12-21,21.91,22.6,21.0,22.34
2015-12-22,22.03,22.49,21.53,21.75
2015-12-23,21.66,21.98,20.81,21.25
2015-12-24,21.17,22.27,21.1,22.0
2015-12-25,22.12,22.75,21.5,22.0
2015-12-28,21.95,22.99,21.67,22.5
2015-12-29,22.6,24.15,22.4,23.66
2015-12-30,23.6,24.08,23.2,23.7
2015-12-31,23.65,23.8,22.51,22.66
2016-01-04,22.65,22.72,20.39,20.39
2016-01-05,18.37,20.39,18.35,18.91
2016-01-06,19.8,19.8,19.0,19.25
2016-01-07,19.2,19.23,17.33,17.33
2016-01-08,17.33,18.18,15.8,16.5
2016-01-11,16.6,16.87,14.85,14.85
2016-01-12,14.65,15.49,14.04,14.5
2016-01-13,14.51,14.87,13.2,13.22
2016-01-14,12.7,14.25,12.0,14.1
2016-01-15,13.8,14.05,12.7,12.78
2016-01-18,12.75,13.93,12.43,13.55
2016-01-19,13.57,14.91,13.31,14.91
2016-01-20,14.7,15.6,14.7,15.25
2016-01-21,14.52,15.34,14.04,14.04
2016-01-22,14.5,14.7,13.67,14.55
2016-01-25,14.85,15.28,14.6,14.84
2016-01-26,14.5,14.8,13.36,13.38
2016-01-27,13.38,13.66,12.28,13.55
2016-01-28,13.18,13.54,12.29,12.56
2016-01-29,12.6,13.82,12.6,13.82
2016-02-01,14.01,14.58,13.2,14.38
2016-02-02,14.38,15.72,14.19,15.55
2016-02-03,15.21,15.78,14.7,15.6
2016-02-04,15.59,16.27,15.25,15.29
2016-02-05,15.4,15.75,14.9,15.01
2016-02-15,14.49,15.23,14.28,14.93
2016-02-16,15.0,15.73,15.0,15.7
2016-02-17,15.65,15.76,15.11,15.55
2016-02-18,15.62,15.83,15.32,15.71
2016-02-19,15.71,16.1,15.39,15.91
2016-02-22,16.2,16.75,15.72,16.42
2016-02-23,16.4,16.4,15.72,16.06
2016-02-24,16.02,16.25,15.62,16.06
2016-02-25,15.95,16.02,14.45,14.89
2016-02-26,14.92,15.06,13.65,14.43
2016-02-29,14.39,14.39,12.99,12.99
2016-03-01,12.88,13.27,12.11,12.98
2016-03-02,12.9,13.7,12.8,13.52
2016-03-03,13.4,13.69,13.21,13.21
2016-03-04,13.23,13.48,12.01,12.33
2016-03-07,12.4,12.96,12.4,12.75
2016-03-08,12.85,13.07,12.01,13.01
2016-03-09,12.66,12.92,12.32,12.63
2016-03-10,12.58,12.85,12.32,12.36
2016-09-30,13.59,13.59,13.59,13.59
2016-10-10,14.95,14.95,14.95,14.95
2016-10-11,16.45,16.45,16.45,16.45
2016-10-12,18.1,18.1,18.1,18.1
2016-10-13,19.91,19.91,19.91,19.91
2016-10-14,21.9,21.9,21.9,21.9
2016-10-17,24.09,24.09,24.09,24.09
2016-10-18,26.5,26.5,26.0,26.5
2016-10-19,26.5,28.75,26.2,28.0
2016-10-20,27.35,29.3,26.8,28.3
2016-10-21,27.9,30.54,27.71,29.6
2016-10-24,29.36,29.46,28.6,29.05
2016-10-25,29.19,29.98,28.69,29.5
2016-10-26,28.94,29.0,27.0,27.13
2016-10-27,27.48,27.8,27.1,27.8
2016-10-28,27.51,28.18,26.0,26.0
2016-10-31,25.97,26.38,25.68,26.28
2016-11-01,26.45,28.91,26.04,28.91
2016-11-02,28.99,29.48,28.1,28.44
2016-11-03,28.15,29.66,27.33,28.8
2016-11-04,28.5,30.38,28.33,28.96
2016-11-07,28.9,28.9,26.1,27.24
2016-11-08,27.25,29.28,27.03,29.24
2016-11-09,29.0,30.5,28.65,28.96
2016-11-10,29.01,31.36,28.63,30.88
2016-11-11,30.11,30.44,28.72,28.88
2016-11-14,28.11,28.46,27.65,28.02
2016-11-15,27.24,27.41,26.7,27.26
2016-11-16,27.27,27.56,26.82,26.82
2016-11-17,26.7,27.47,26.7,26.84
2016-11-18,26.73,27.2,26.68,26.81
2016-11-21,27.28,27.3,26.39,27.17
2016-11-22,27.28,27.5,27.05,27.37
2016-11-23,27.88,27.88,24.63,24.85
2016-11-24,24.64,24.76,23.9,24.02
2016-11-25,24.08,24.24,23.35,23.9
2016-11-28,23.8,24.64,23.6,24.26
2016-11-29,24.1,24.36,23.45,23.51
2016-11-30,23.6,23.77,22.38,22.53
2016-12-01,22.55,24.0,22.43,23.13
2016-12-02,23.05,23.75,22.88,23.09
2016-12-05,22.85,24.7,22.85,23.93
2016-12-06,23.87,25.52,23.81,25.29
2016-12-07,25.18,25.28,24.6,25.04
2016-12-08,24.91,25.51,24.02,24.1
2016-12-09,24.0,24.26,23.37,23.64
2016-12-12,23.5,23.69,21.28,21.29
2016-12-13,21.41,21.84,20.84,21.2
2016-12-14,21.31,22.7,21.01,22.12
2016-12-15,21.86,24.33,21.86,24.33
2016-12-16,24.8,25.97,24.51,24.98
2016-12-19,25.1,25.3,23.6,24.29
2016-12-20,24.0,25.05,24.0,24.11
2016-12-21,24.11,24.48,23.91,24.3
2016-12-22,24.37,24.5,22.8,22.87
2016-12-23,22.61,23.3,22.57,22.9
2016-12-26,22.99,23.43,22.0,23.31
2016-12-27,23.15,24.17,23.13,24.17
2016-12-28,24.17,24.44,23.3,23.31
2016-12-29,23.33,24.38,23.31,24.33
2016-12-30,24.01,24.25,23.5,23.8
2017-01-03,23.78,24.17,23.52,24.06
2017-01-04,24.06,24.49,23.51,23.9
2017-01-05,23.9,23.98,23.46,23.53
2017-01-06,23.36,23.69,22.51,22.83
2017-01-09,22.4,23.1,22.2,23.0
2017-01-10,23.07,24.0,22.8,23.55
2017-01-11,23.68,23.68,23.0,23.2
2017-01-12,23.15,23.49,22.7,22.75
2017-01-13,22.9,22.9,22.2,22.25
2017-01-16,22.11,22.5,20.03,20.47
2017-01-17,20.3,21.63,20.02,21.28
2017-01-18,21.16,21.34,20.75,20.87
2017-01-19,20.58,20.98,20.58,20.88
2017-01-20,20.7,21.42,20.67,21.25
2017-01-23,21.25,22.96,21.15,22.15
2017-01-24,22.15,22.93,22.0,22.51
2017-01-25,22.4,22.73,21.92,22.39
2017-01-26,22.43,23.79,22.43,22.96
2017-02-03,23.18,23.18,22.68,23.1
2017-02-06,23.1,23.5,23.0,23.29
2017-02-07,23.17,23.6,23.03,23.56
2017-02-08,23.26,23.94,22.91,23.92
2017-02-09,23.93,25.62,23.93,24.99
2017-02-10,24.8,25.75,24.7,24.79
2017-02-13,24.84,25.48,24.43,24.65
2017-02-14,24.78,24.8,23.8,24.18
2017-02-15,24.33,26.18,24.33,25.11
2017-02-16,25.11,27.19,24.8,26.66
2017-02-17,26.56,26.66,25.9,25.9
2017-02-20,25.88,26.88,25.55,26.75
2017-02-21,27.2,27.46,26.59,27.41
2017-02-22,27.03,27.44,26.62,27.32
2017-02-23,27.21,27.42,27.05,27.32
2017-02-24,27.11,28.88,27.11,28.81
2017-02-27,28.7,30.3,27.47,28.4
2017-02-28,28.76,29.0,27.81,28.3
2017-03-01,28.39,28.79,28.1,28.34
2017-03-09,31.17,31.17,31.17,31.17
2017-03-10,33.87,34.29,32.4,34.29
2017-03-13,35.98,36.9,34.86,35.68
2017-03-14,36.2,36.68,34.88,36.05
2017-03-15,35.78,36.18,34.12,34.79
2017-03-16,35.02,38.27,35.02,37.24
2017-03-17,37.0,39.9,36.5,36.8
2017-03-20,37.5,37.5,33.9,35.78
2017-03-21,36.14,36.19,34.75,35.58
2017-03-22,36.0,37.87,35.01,36.81
2017-03-23,36.5,37.19,36.36,36.81
2017-03-24,36.81,38.9,36.18,37.44
2017-03-27,36.99,38.8,36.99,38.42
2017-03-28,38.42,38.78,37.5,38.02
2017-03-29,38.32,39.0,37.71,38.53
2017-03-30,38.5,38.5,34.99,35.86
2017-03-31,35.48,36.7,34.28,34.3
2017-04-05,34.31,35.57,33.0,35.08
2017-04-06,35.2,36.5,34.73,35.75
2017-04-07,35.78,37.5,35.78,36.43
2017-04-10,36.09,36.88,34.25,36.0
2017-04-11,36.6,36.9,34.7,36.09
2017-04-12,36.09,36.09,34.59,34.8
2017-04-13,34.51,35.5,34.51,34.8
2017-04-14,35.29,35.29,33.9,34.88
2017-04-17,34.15,34.88,34.0,34.05
2017-04-18,34.5,34.99,32.5,32.98
2017-04-19,32.88,34.28,30.92,34.0
2017-04-20,33.44,34.35,33.44,33.98
2017-04-21,34.2,34.95,33.88,34.45
2017-04-24,34.21,34.65,33.58,34.46
2017-04-25,34.7,37.1,34.59,36.0
2017-04-26,36.02,36.99,35.03,35.53
2017-04-27,35.53,36.2,34.6,35.67
2017-04-28,35.12,35.47,32.67,33.65
2017-05-02,33.0,34.33,32.71,33.1
2017-05-03,33.4,33.9,32.8,33.59
2017-05-04,33.81,34.05,33.09,33.28
2017-05-05,33.12,33.59,32.7,32.99
2017-05-08,33.31,33.98,32.54,33.76
2017-05-09,33.79,34.21,33.16,34.2
2017-05-10,34.6,36.6,34.2,35.56
2017-05-11,35.15,35.45,33.6,34.77
2017-05-12,34.45,35.45,33.36,34.48
2017-05-15,34.4,36.42,34.0,35.3
2017-05-16,35.8,36.37,35.16,36.16
2017-05-17,36.0,36.8,35.6,35.72
2017-05-18,35.1,36.58,35.1,35.29
2017-05-19,35.3,35.81,34.5,34.9
2017-05-22,35.72,35.72,33.58,33.79
2017-05-23,34.18,36.01,34.18,34.52
2017-05-24,33.99,35.24,33.8,35.22
2017-05-25,35.65,35.65,34.69,35.12
2017-05-26,35.5,35.5,35.0,35.2
2017-05-31,35.4,35.89,34.8,34.86
2017-06-01,35.05,35.16,31.37,31.95
2017-06-02,31.96,32.6,29.3,32.25
2017-06-05,32.2,33.3,32.11,32.31
2017-06-06,32.34,32.5,32.0,32.31
2017-06-07,32.44,34.01,32.3,33.89
2017-06-08,34.22,34.8,33.56,34.6
2017-06-09,34.45,35.51,34.31,35.05
2017-06-12,35.0,35.19,33.5,34.35
2017-06-13,34.15,35.18,34.15,34.6
2017-06-14,34.55,35.35,33.7,35.15
2017-06-15,35.15,36.8,35.02,36.6
2017-06-16,36.7,37.48,36.68,36.81
2017-06-19,36.48,40.42,36.48,40.0
2017-06-20,39.97,39.97,38.02,39.0
2017-06-21,38.76,41.65,38.01,40.37
2017-06-22,40.2,41.0,39.5,39.57
2017-06-23,39.71,41.8,39.7,40.44
2017-06-26,41.8,41.85,39.68,40.58
2017-06-27,40.38,40.9,40.0,40.43
2017-06-28,40.02,40.52,39.36,39.55
2017-06-29,39.8,42.17,39.62,41.92
2017-06-30,42.2,42.2,40.51,41.13
2017-07-03,41.14,41.47,40.5,41.42
2017-07-04,41.36,42.46,41.18,41.6
2017-07-05,41.41,41.66,40.8,41.6
2017-07-06,41.11,42.8,41.07,41.34
2017-07-07,41.16,41.2,40.2,40.6
2017-07-10,40.5,42.33,40.5,42.18
2017-07-11,42.0,43.89,41.96,43.2
2017-07-12,42.88,43.39,40.89,42.0
2017-07-13,42.6,42.87,41.5,41.95
2017-07-14,41.94,41.98,38.88,41.67
2017-07-17,41.0,41.3,39.67,39.81
2017-07-18,39.1,40.4,38.56,39.93
2017-07-19,39.3,40.7,39.3,40.29
2017-07-20,40.49,40.85,39.21,39.27
2017-07-21,38.9,40.79,38.6,40.7
2017-07-24,41.18,41.18,40.21,40.5
2017-07-25,40.7,40.94,40.35,40.54
2017-07-26,40.34,40.57,39.61,40.57
2017-07-27,40.53,42.5,39.8,42.4
2017-07-28,42.1,43.8,41.4,43.01
2017-07-31,43.03,43.9,42.2,42.72
2017-08-01,42.99,43.25,41.17,41.6
2017-08-02,41.57,41.57,40.61,41.06
2017-08-03,40.88,41.74,40.32,40.57
2017-08-04,40.45,40.99,40.05,40.45
2017-08-07,40.75,40.75,37.6,38.98
2017-08-08,38.55,39.56,38.55,38.82
2017-08-09,38.56,38.97,37.3,37.47
2017-08-10,37.4,39.04,37.2,38.05
2017-08-11,37.99,38.6,37.15,37.5
2017-08-14,37.95,39.02,37.51,39.0
2017-08-15,39.09,40.0,38.7,39.11
2017-08-16,39.11,40.18,38.79,39.9
2017-08-17,40.14,40.14,39.46,39.73
2017-08-18,40.05,40.05,38.25,38.9
2017-08-21,38.55,39.47,38.55,39.0
2017-08-22,39.3,39.3,37.6,37.73
2017-08-23,37.85,38.29,37.0,37.75
2017-08-24,38.43,38.43,37.25,37.41
2017-08-25,37.2,38.23,37.2,37.95
2017-08-28,37.95,39.5,37.8,39.3
2017-08-29,39.3,39.45,38.58,39.0
2017-08-30,39.0,39.5,38.85,39.0
2017-08-31,38.82,39.38,38.44,39.0
2017-09-01,38.99,39.4,38.65,38.91
2017-09-04,38.77,41.0,38.77,40.63
2017-09-05,40.66,43.8,40.63,42.23
2017-09-06,43.07,43.07,40.3,41.47
2017-09-07,42.9,42.9,40.35,40.69
2017-09-08,40.09,41.25,40.09,40.5
2017-09-11,40.5,40.96,39.21,39.76
2017-09-12,39.86,39.91,38.82,39.1
2017-09-13,39.17,39.46,38.12,38.37
2017-09-14,38.9,42.21,38.6,42.21
2017-09-15,42.71,42.79,40.7,40.96
2017-09-18,40.55,42.96,40.52,42.5
2017-09-19,42.2,46.5,41.61,44.7
2017-09-20,44.34,45.92,43.2,45.5
2017-09-21,44.64,45.2,43.5,43.5
2017-09-22,43.49,46.55,43.49,45.56
2017-09-25,46.0,49.5,44.04,44.25
2017-09-26,45.09,45.33,43.58,44.89
2017-09-27,45.67,48.28,44.31,47.9
2017-09-28,47.51,48.65,46.81,47.0
2017-09-29,47.4,49.5,47.0,48.59
2017-10-09,50.0,52.7,48.7,49.0
2017-10-10,49.2,51.28,48.11,49.8
2017-10-11,50.0,50.47,48.0,48.5
2017-10-12,48.15,49.6,47.7,48.42
2017-10-13,48.5,50.28,48.12,50.2
2017-10-16,50.3,50.49,47.8,48.0
2017-10-17,47.58,48.58,47.45,47.5
2017-10-18,47.02,48.46,46.8,47.49
2017-10-19,47.8,48.2,46.9,47.08
2017-10-20,47.01,48.3,46.5,47.89
2017-10-23,47.82,47.82,47.08,47.53
2017-10-24,47.52,48.19,47.22,47.6
2017-10-25,47.33,48.17,47.28,48.06
2017-10-26,48.06,49.9,47.9,48.8
2017-10-27,48.8,49.01,47.32,48.2
2017-10-30,48.08,49.08,47.58,47.7
2017-10-31,47.45,48.53,46.61,48.52
2017-11-01,48.33,48.4,47.3,47.76
2017-11-02,47.2,48.26,47.2,47.6
2017-11-03,48.0,48.0,44.96,45.56
2017-11-06,45.05,47.1,44.5,46.6
2017-11-07,46.6,48.4,45.6,48.19
2017-11-08,48.96,50.0,47.8,47.86
2017-11-09,48.48,48.79,45.88,48.6
2017-11-10,48.21,51.0,48.21,50.92
2017-11-13,50.92,52.12,46.88,50.4
2017-11-14,50.19,50.19,48.27,48.3
2017-11-15,48.1,49.49,47.79,47.79
2017-11-16,47.51,47.91,45.91,46.3
2017-11-17,46.3,46.83,45.63,45.72
2017-11-20,45.5,47.85,44.03,47.46
2017-11-21,47.5,49.2,46.28,47.68
2017-11-22,47.5,47.97,45.8,46.6
2017-11-23,46.2,46.55,45.5,45.59
2017-11-24,45.09,46.47,44.95,45.13
2017-11-27,44.95,45.7,43.98,44.81
2017-11-28,44.8,45.22,44.0,44.8
2017-11-29,44.8,45.21,42.5,42.6
2017-11-30,42.06,43.11,42.06,42.7
2017-12-01,42.5,45.03,42.08,44.41
2017-12-04,44.0,46.28,44.0,44.9
2017-12-05,45.25,45.69,44.04,44.28
2017-12-06,44.25,44.79,43.19,44.25
2017-12-07,43.99,46.37,43.99,46.0
2017-12-08,45.78,50.5,45.5,47.86
2017-12-11,50.0,52.65,49.5,52.65
2017-12-12,54.88,54.88,51.5,52.6
2017-12-13,52.75,54.88,52.01,54.6
2017-12-14,53.99,55.5,52.62,53.3
2017-12-15,53.78,55.5,52.8,54.52
2017-12-18,54.6,56.05,52.52,54.36
2017-12-19,54.82,57.88,54.45,57.87
2017-12-20,56.98,59.97,56.9,57.79
2017-12-21,58.0,58.52,56.0,57.9
2017-12-22,57.01,58.19,56.0,56.3
2017-12-25,56.79,57.94,56.63,57.6
2017-12-26,57.0,59.28,57.0,58.71
2017-12-27,58.11,59.5,56.7,58.0
2017-12-28,58.15,59.97,58.0,58.76
2017-12-29,57.68,59.3,57.68,58.5
2018-01-02,58.6,59.0,57.18,58.78
2018-01-03,59.01,59.58,57.9,58.7
2018-01-04,58.11,58.73,56.72,57.66
2018-01-05,57.9,59.5,56.87,57.45
2018-01-08,58.49,58.5,56.58,56.9
2018-01-09,57.9,59.79,57.52,59.42
2018-01-10,59.98,63.15,59.75,61.39
2018-01-11,60.7,62.2,60.23,61.61
2018-01-12,60.88,62.88,60.88,61.72
2018-01-15,61.8,62.58,60.32,61.06
2018-01-16,61.58,61.58,59.04,59.2
2018-01-17,59.7,60.22,58.88,59.61
2018-01-18,58.81,61.1,57.88,59.7
2018-01-19,59.7,60.5,59.06,59.25
2018-01-22,59.61,60.0,58.08,59.2
2018-01-23,58.09,59.75,58.08,59.5
2018-01-24,59.6,64.92,58.48,64.54
2018-01-25,65.6,66.0,63.25,64.15
2018-01-26,63.51,64.8,63.51,63.84
2018-01-29,65.0,65.0,57.58,59.45
2018-01-30,58.15,61.39,58.08,61.2
2018-01-31,60.08,61.79,59.12,59.53
2018-02-01,58.9,61.0,58.01,58.3
2018-02-02,58.3,61.3,58.0,60.62
2018-02-05,58.77,60.6,57.95,58.8
2018-02-06,55.2,57.98,55.2,56.91
2018-02-07,57.99,58.5,54.1,55.6
2018-02-08,55.59,59.4,55.1,58.99
2018-02-09,57.22,60.0,57.22,59.37
2018-02-12,59.37,62.96,59.35,61.01
2018-02-13,61.03,62.05,60.2,60.7
2018-02-14,60.75,61.3,60.22,61.25
2018-02-22,61.6,64.98,61.6,64.65
2018-02-23,64.21,66.19,64.21,66.19
2018-02-26,66.25,70.57,66.22,69.9
2018-02-27,69.98,70.77,67.13,69.45
2018-02-28,68.9,70.45,67.51,69.77
2018-03-01,69.08,70.92,67.97,69.85
2018-03-02,70.99,76.5,69.86,71.8
2018-03-05,72.4,72.85,69.03,72.19
2018-03-06,71.08,72.5,70.5,71.01
2018-03-07,71.25,75.0,71.25,73.09
2018-03-08,73.8,76.15,73.8,75.66
2018-03-09,75.49,76.99,74.51,75.49
2018-03-12,75.95,79.98,75.7,77.51
2018-03-13,79.0,79.02,76.03,76.19
2018-03-14,76.02,76.98,75.06,75.3
2018-03-15,75.45,76.78,73.8,76.4
2018-03-16,75.73,79.88,75.26,78.7
2018-03-19,78.8,79.0,77.66,79.0
2018-03-20,78.66,80.39,78.05,80.0
2018-03-21,80.55,80.55,78.6,79.04
2018-03-22,78.62,78.85,77.0,77.3
2018-03-23,71.0,76.7,71.0,72.89
2018-03-26,71.0,77.0,66.5,76.08
2018-03-27,74.98,76.2,73.02,74.0
2018-03-28,72.12,74.4,70.2,70.2
2018-03-29,70.51,72.85,70.51,71.8
2018-03-30,72.4,77.08,72.4,76.35
2018-04-02,76.55,78.49,74.41,75.23
2018-04-03,73.72,75.67,73.14,74.01
2018-04-04,76.0,80.32,76.0,77.85
2018-04-09,79.15,80.0,76.33,78.71
2018-04-10,78.65,78.65,76.0,77.42
2018-04-11,77.41,78.9,76.45,77.89
2018-04-12,77.8,78.35,76.8,77.28
2018-04-13,77.97,77.97,76.0,76.0
2018-04-16,76.0,81.69,76.0,79.2
2018-04-17,81.3,82.0,71.28,71.28
2018-04-18,69.1,72.1,64.67,69.2
2018-04-19,69.0,71.27,68.0,69.9
2018-04-20,69.5,69.8,66.83,66.85
2018-04-23,67.94,68.37,60.17,61.98
2018-04-24,62.93,68.18,62.93,68.18
2018-04-25,68.59,69.99,67.03,68.25
2018-04-26,67.56,67.56,63.45,65.0
2018-04-27,66.38,66.59,63.13,65.43
2018-05-02,65.45,67.0,64.72,65.4
2018-05-03,65.4,70.33,61.4,69.94
2018-05-04,68.17,70.49,66.05,66.45
2018-05-07,65.45,68.96,65.45,67.7
2018-05-08,67.71,69.01,66.72,69.0
2018-05-09,68.48,69.77,68.48,69.25
2018-05-10,69.15,69.8,67.52,68.55
2018-05-11,68.55,68.55,66.2,67.0
2018-05-14,72.11,73.7,70.0,70.3
2018-05-15,70.05,77.33,69.8,77.01
2018-05-16,75.44,76.0,73.6,74.18
2018-05-17,73.8,73.96,71.52,73.37
2018-05-18,72.16,74.53,72.1,73.77
2018-05-21,75.1,78.0,75.1,75.86
2018-05-22,75.2,79.64,75.2,78.5
2018-05-23,77.0,78.48,76.5,77.12
2018-05-24,76.6,77.38,74.0,74.6
2018-05-25,74.86,75.63,72.61,73.1
2018-05-28,72.8,74.38,72.05,73.74
2018-05-29,74.68,76.28,73.09,75.15
2018-05-30,71.95,71.95,68.4,69.2
2018-05-31,69.5,71.89,69.5,71.8
2018-06-01,71.79,71.8,69.39,69.8
2018-06-04,70.13,72.5,69.83,71.99
2018-06-05,72.03,73.99,71.22,71.93
2018-06-06,72.0,72.8,70.01,71.15
2018-06-07,71.2,72.1,69.67,70.41
2018-06-08,70.41,72.88,69.89,70.71
2018-06-11,70.0,70.0,67.52,68.25
2018-06-12,68.15,69.47,66.61,68.73
2018-06-13,68.35,71.1,66.48,67.4
2018-06-14,67.4,69.39,67.11,67.99
2018-06-15,66.4,68.46,66.33,67.3
2018-06-19,66.0,66.9,60.57,60.57
2018-06-20,60.1,62.49,60.1,61.0
2018-06-21,61.16,61.9,55.66,56.51
2018-06-22,56.45,59.0,56.0,57.83
2018-06-25,57.87,58.98,57.21,57.27
2018-06-26,56.78,61.35,56.06,61.26
2018-06-27,61.26,61.36,57.38,59.02
2018-06-28,58.7,59.89,57.62,58.09
2018-06-29,57.98,60.88,56.8,60.04
2018-07-02,60.7,62.49,58.74,60.0
2018-07-03,60.01,60.5,54.04,58.85
2018-07-04,58.12,59.18,56.7,56.98
2018-07-05,56.98,57.41,53.8,53.98
2018-07-06,53.0,56.17,52.8,54.15
2018-07-09,55.02,56.47,55.02,56.0
2018-07-10,57.74,57.9,55.7,56.8
2018-07-11,54.94,55.0,51.08,51.08
2018-07-12,48.39,53.29,48.39,52.6
2018-07-13,52.9,57.77,52.51,56.57
2018-07-16,57.0,60.38,57.0,57.79
2018-07-17,59.6,59.66,57.21,58.79
2018-07-18,58.97,60.5,57.08,57.17
2018-07-19,58.2,58.91,56.67,58.5
2018-07-20,58.48,58.98,56.01,57.99
2018-07-23,58.95,62.33,58.32,60.73
2018-07-24,60.75,63.55,59.52,61.83
2018-07-25,61.65,63.33,60.88,61.3
2018-07-26,61.85,61.9,57.5,57.92
2018-07-27,58.1,61.06,57.78,60.0
2018-07-30,61.2,61.34,54.0,54.0
2018-07-31,54.0,54.0,51.68,51.96
2018-08-01,51.5,53.76,50.7,50.88
2018-08-02,51.03,51.25,45.79,46.1
2018-08-03,46.19,46.77,42.68,44.95
2018-08-06,44.23,44.79,42.36,43.44
2018-08-07,43.67,45.0,42.7,44.42
2018-08-08,45.5,47.64,44.33,45.31
2018-08-09,45.6,48.63,43.77,47.57
2018-08-10,47.56,48.8,46.54,48.18
2018-08-13,47.59,50.4,47.02,49.76
2018-08-14,49.64,50.93,48.67,49.72
2018-08-15,49.24,49.67,47.15,47.28
2018-08-16,46.19,49.22,45.88,48.53
2018-08-17,49.26,51.25,48.91,49.0
2018-08-20,50.26,50.4,47.01,49.9
2018-08-21,50.4,50.68,48.8,49.53
2018-08-22,49.52,49.52,47.02,47.11
2018-08-23,46.8,49.49,46.8,48.8
2018-08-24,48.74,48.97,46.85,47.29
2018-08-27,47.88,52.02,47.78,52.02
2018-08-28,53.0,56.0,52.4,54.01
2018-08-29,54.19,54.7,52.61,52.88
2018-08-30,52.7,52.89,49.88,50.5
2018-08-31,50.24,50.3,46.0,46.3
2018-09-03,46.0,46.0,43.1,44.96
2018-09-04,44.98,46.47,44.6,46.0
2018-09-05,45.58,46.05,44.01,44.11
2018-09-06,43.76,45.54,43.7,44.25
2018-09-07,44.92,45.58,43.05,43.51
2018-09-10,43.7,43.8,39.16,39.16
2018-09-11,39.46,41.29,39.32,40.68
2018-09-12,41.29,43.3,40.88,42.06
2018-09-13,44.2,45.9,43.55,44.1
2018-09-14,45.18,45.45,42.8,42.94
2018-09-17,42.87,44.65,42.76,43.4
2018-09-18,42.6,43.09,39.72,42.44
2018-09-19,41.95,43.87,40.9,42.51
2018-09-20,42.94,44.27,42.0,42.82
2018-09-21,43.37,43.66,41.1,43.51
2018-09-25,43.35,43.98,42.56,43.92
2018-09-26,43.61,44.8,43.03,44.29
2018-09-27,44.52,44.62,42.52,42.57
2018-09-28,42.7,43.32,41.59,43.3
2018-10-08,41.18,45.4,41.18,44.19
2018-10-09,44.77,45.44,43.27,44.03
2018-10-10,44.28,44.79,39.68,41.53
2018-10-11,39.44,40.07,37.5,38.2
2018-10-12,37.74,38.99,36.25,38.5
2018-10-15,38.7,39.98,38.2,38.61
2018-10-16,38.21,39.28,37.8,38.07
2018-10-17,38.98,39.43,37.18,38.84
2018-10-18,38.17,38.9,37.52,37.95
2018-10-19,36.97,39.59,36.6,39.59
2018-10-22,40.4,42.95,39.95,42.76
2018-10-23,42.34,43.16,40.94,41.51
2018-10-24,41.15,41.95,40.45,40.77
2018-10-25,39.3,40.76,38.88,40.4
2018-10-26,41.01,41.69,39.8,39.9
2018-10-29,39.79,41.2,39.73,40.49
2018-10-30,40.3,40.3,36.51,38.26
2018-10-31,38.47,38.87,37.38,37.98
2018-11-01,38.12,39.93,38.12,39.0
2018-11-02,42.0,42.9,41.11,42.9
2018-11-05,43.13,45.4,42.33,43.52
2018-11-06,43.67,44.5,42.31,44.35
2018-11-07,43.9,47.0,43.18,44.62
2018-11-08,45.0,45.2,42.37,42.6
2018-11-09,42.05,44.48,42.05,43.17
2018-11-12,43.15,45.68,42.9,45.0
2018-11-13,44.51,47.58,44.25,46.32
2018-11-14,46.31,47.7,45.85,46.4
2018-11-15,46.4,47.4,45.89,47.32
2018-11-16,47.32,49.39,46.75,48.51
2018-11-19,48.58,49.11,47.4,48.2
2018-11-20,47.01,47.01,44.0,44.98
2018-11-21,43.88,45.2,43.75,44.6
2018-11-22,44.65,45.24,44.06,44.48
2018-11-23,44.49,44.68,42.6,42.97
2018-11-26,42.75,43.76,42.68,43.36
2018-11-27,43.8,44.4,43.48,43.96
2018-11-28,44.2,45.09,42.83,44.73
2018-11-29,45.2,45.37,42.5,42.5
2018-11-30,42.5,44.2,42.2,43.97
2018-12-03,47.55,47.88,45.77,46.62
2018-12-04,46.4,46.64,45.77,46.12
2018-12-05,45.0,45.91,44.87,45.21
2018-12-06,43.3,43.68,42.01,42.3
2018-12-07,42.87,43.58,42.7,43.0
2018-12-10,42.7,43.78,42.05,42.99
2018-12-11,43.48,44.46,43.33,44.08
2018-12-12,44.61,44.98,43.33,43.92
2018-12-13,43.97,45.2,43.68,44.9
2018-12-14,44.6,44.86,43.0,43.35
2018-12-17,43.02,43.5,42.51,42.82
2018-12-18,42.51,43.11,41.6,41.79
2018-12-19,41.87,42.4,40.8,41.05
2018-12-20,41.0,41.51,40.68,41.16
2018-12-21,40.82,41.25,39.81,40.5
2018-12-24,40.49,42.23,40.15,42.0
2018-12-25,41.48,43.72,41.14,43.14
2018-12-26,43.3,43.34,41.93,41.94
2018-12-27,42.75,42.88,41.5,41.69
2018-12-28,41.65,41.85,39.86,40.69
2019-01-02,40.48,41.63,40.1,40.28
2019-01-03,40.4,40.4,37.9,38.2
2019-01-04,37.49,39.33,37.31,39.31
2019-01-07,39.66,40.77,39.65,40.32
2019-01-08,40.88,40.88,39.39,39.91
2019-01-09,39.88,41.25,39.62,40.1
2019-01-10,40.1,41.8,39.98,40.86
2019-01-11,41.3,42.24,41.2,41.6
2019-01-14,41.49,41.49,40.0,40.32
2019-01-15,40.15,40.87,39.75,40.73
2019-01-16,40.7,41.45,40.38,40.82
2019-01-17,40.7,40.75,39.95,40.08
2019-01-18,40.32,40.54,38.9,39.82
2019-01-21,40.25,41.29,39.62,40.24
2019-01-22,39.82,40.27,38.6,38.73
2019-01-23,38.74,38.87,37.96,38.25
2019-01-24,38.38,39.19,37.65,38.97
2019-01-25,38.88,38.88,37.71,38.1
2019-01-28,39.01,39.66,38.2,38.67
2019-01-29,38.65,38.68,37.45,37.89
2019-01-30,37.71,38.45,37.5,37.75
2019-01-31,37.93,38.85,37.65,38.29
2019-02-01,38.63,40.9,38.48,40.9
2019-02-11,40.98,42.45,40.51,42.44
2019-02-12,42.11,42.58,41.86,42.31
2019-02-13,42.35,44.89,42.2,44.42
2019-02-14,44.3,45.5,43.0,44.89
2019-02-15,44.6,45.27,44.35,44.7
2019-02-18,44.96,46.96,44.96,46.5
2019-02-19,46.46,46.48,44.97,45.65
2019-02-20,45.3,45.49,44.51,45.07
2019-02-21,45.15,49.58,45.15,48.2
2019-02-22,47.49,53.02,47.48,53.02
2019-02-25,56.5,58.32,56.4,58.2
2019-02-26,57.1,58.0,54.7,55.5
2019-02-27,54.61,55.6,53.7,54.08
2019-02-28,53.88,55.08,53.15,54.5
2019-03-01,54.78,55.26,53.3,54.4
2019-03-04,54.8,57.16,54.01,54.85
2019-03-05,54.97,56.99,54.2,56.9
2019-03-06,58.43,62.59,58.43,61.5
2019-03-07,61.0,61.0,57.66,59.37
2019-03-08,56.99,64.39,56.0,58.4
2019-03-11,59.99,62.48,59.14,62.18
2019-03-12,63.51,64.0,60.77,61.7
2019-03-13,59.95,61.55,58.2,59.1
2019-03-14,58.24,59.95,56.51,58.39
2019-03-15,58.41,59.49,57.6,58.09
2019-03-18,58.58,59.35,56.31,59.26
2019-03-19,59.0,60.47,58.01,58.28
2019-03-20,58.0,58.9,56.61,57.61
2019-03-21,57.8,59.13,57.66,57.81
2019-03-22,58.0,58.89,56.6,58.89
2019-03-25,57.06,58.2,56.79,56.9
2019-03-26,57.11,57.5,52.44,53.07
2019-03-27,53.64,53.98,52.18,52.9
2019-03-28,53.58,57.01,53.56,54.52
2019-03-29,54.09,56.07,53.88,55.5
2019-04-01,56.8,58.22,55.86,57.73
2019-04-02,58.19,58.49,56.6,56.61
2019-04-03,56.28,56.38,55.03,56.29
2019-04-04,56.29,56.78,55.11,55.23
2019-04-08,51.5,53.87,51.36,52.5
2019-04-09,52.71,53.83,51.61,53.56
2019-04-10,53.72,53.88,52.48,53.0
2019-04-11,53.02,53.2,51.38,51.69
2019-04-12,52.35,52.43,50.88,50.96
2019-04-15,52.36,53.99,52.06,52.15
2019-04-16,52.12,55.55,51.74,55.15
2019-04-17,55.18,56.64,54.0,54.07
2019-04-18,54.18,54.88,53.33,53.63
2019-04-19,53.65,54.0,52.29,53.62
2019-04-22,53.21,55.66,52.89,52.95
2019-04-23,52.97,55.5,52.11,54.4
2019-04-24,54.02,57.0,54.02,56.58
2019-04-25,56.02,58.02,55.4,55.58
2019-04-26,55.0,56.7,54.28,55.48
2019-04-29,55.7,56.3,51.42,53.15
2019-04-30,52.0,53.49,51.58,52.43
2019-05-06,49.0,49.05,47.19,47.19
2019-05-07,47.19,47.48,42.55,45.06
2019-05-08,43.6,45.88,43.0,44.01
2019-05-09,43.4,44.86,43.38,43.7
2019-05-10,44.78,46.9,42.68,46.5
2019-05-13,45.57,46.29,43.45,44.12
2019-05-14,43.87,45.64,43.7,44.62
2019-05-15,45.21,45.95,44.5,44.98
2019-05-16,45.0,45.2,43.8,44.76
2019-05-17,45.15,45.77,42.15,42.84
2019-05-20,42.71,43.7,39.7,42.33
2019-05-21,42.74,43.99,42.5,43.55
2019-05-22,43.84,44.5,42.0,42.65
2019-05-23,42.61,43.29,41.6,41.89
2019-05-24,41.44,42.34,41.44,41.8
2019-05-27,41.8,43.1,41.24,43.02
2019-05-28,42.99,43.23,42.43,42.59
2019-05-29,42.59,43.19,41.52,42.61
2019-05-30,42.58,42.58,41.63,42.14
2019-05-31,42.29,42.57,41.57,42.08
2019-06-03,42.0,43.26,40.61,42.07
2019-06-04,30.41,31.42,29.6,30.93
2019-06-05,31.51,32.56,31.07,32.04
2019-06-06,32.28,32.36,30.67,30.92
2019-06-10,31.34,33.49,31.1,33.12
2019-06-11,33.13,34.05,32.18,33.78
2019-06-12,33.7,33.7,32.92,32.98
2019-06-13,32.8,32.96,32.04,32.61
2019-06-14,32.6,32.97,31.73,31.74
2019-06-17,31.76,32.47,31.0,32.23
2019-06-18,32.08,32.23,31.7,31.78
2019-06-19,33.6,34.76,33.0,33.1
2019-06-20,33.02,33.99,32.69,33.62
2019-06-21,34.54,35.99,34.22,34.68
2019-06-24,35.0,35.0,34.01,34.21
2019-06-25,34.0,34.63,33.21,34.47
2019-06-26,34.4,35.41,33.82,34.17
2019-06-27,34.6,35.2,34.16,35.15
2019-06-28,34.9,34.9,33.81,33.99
2019-07-01,35.6,36.38,35.6,36.0
2019-07-02,35.8,36.66,35.43,36.09
2019-07-03,35.94,36.2,35.18,35.57
2019-07-04,34.7,34.7,32.59,33.49
2019-07-05,33.03,33.65,32.87,33.23
2019-07-08,33.2,33.2,31.12,31.67
2019-07-09,31.66,32.33,31.45,32.1
2019-07-10,32.3,32.78,32.0,32.24
2019-07-11,32.24,32.52,31.66,31.79
2019-07-12,31.79,32.04,30.96,31.51
2019-07-15,30.0,32.6,29.4,32.41
2019-07-16,32.3,33.5,31.85,32.72
2019-07-17,33.21,34.98,32.72,34.45
2019-07-18,34.0,34.81,33.39,33.47
2019-07-19,33.94,34.42,33.07,33.26
2019-07-22,33.75,33.8,32.9,33.19
2019-07-23,33.11,33.98,33.1,33.9
2019-07-24,34.11,35.54,33.7,35.1
2019-07-25,34.91,37.72,34.77,37.0
2019-07-26,36.81,37.28,36.56,37.1
2019-07-29,36.85,38.5,36.85,38.23
2019-07-30,38.58,42.05,37.23,40.9
2019-07-31,41.03,43.0,40.3,41.56
2019-08-01,40.9,42.38,40.67,41.43
2019-08-02,37.9,39.58,37.8,39.26
2019-08-05,39.2,40.05,38.38,38.42
2019-08-06,37.64,39.35,37.1,38.85
2019-08-07,38.8,39.26,38.08,38.42
2019-08-08,38.51,39.55,37.82,38.57
2019-08-09,38.82,39.89,37.52,37.99
2019-08-12,38.28,40.45,37.66,40.4
2019-08-13,39.7,40.64,39.0,39.6
2019-08-14,40.8,41.5,39.8,40.21
2019-08-15,38.8,40.6,38.53,40.49
2019-08-16,40.05,40.4,39.36,39.65
2019-08-19,39.79,42.3,39.32,41.92
2019-08-20,41.93,42.63,41.2,41.99
2019-08-21,42.27,42.27,41.32,41.48
2019-08-22,41.43,41.59,40.15,40.97
2019-08-23,40.6,41.09,39.98,40.29
2019-08-26,38.0,39.95,37.57,38.93
2019-08-27,39.5,40.6,39.21,39.66
2019-08-28,40.18,40.29,39.23,40.08
2019-08-29,39.98,41.19,39.33,40.74
2019-08-30,40.97,41.4,39.25,39.55
2019-09-02,39.78,41.19,39.01,40.3
2019-09-03,40.49,42.44,40.49,41.55
2019-09-04,41.21,42.2,40.8,41.5
2019-09-05,42.74,45.65,42.4,45.65
2019-09-06,46.0,49.9,45.79,48.11
2019-09-09,47.93,48.78,47.33,48.0
2019-09-10,47.55,48.18,45.18,46.27
2019-09-11,46.4,46.4,44.8,45.62
2019-09-12,45.8,46.08,44.55,45.4
2019-09-16,45.44,46.34,45.09,45.54
2019-09-17,45.11,45.56,43.85,44.23
2019-09-18,44.31,44.57,42.86,43.88
2019-09-19,44.29,45.53,44.15,44.72
2019-09-20,45.3,45.48,44.14,44.86
2019-09-23,44.95,45.71,43.57,45.14
2019-09-24,44.77,46.6,44.71,46.11
2019-09-25,45.78,46.48,42.92,43.0
2019-09-26,42.9,43.29,40.91,40.91
2019-09-27,41.41,41.92,40.75,41.16
2019-09-30,41.0,41.44,39.88,40.64
2019-10-08,40.42,41.87,39.71,40.3
2019-10-09,39.9,40.8,39.39,40.66
2019-10-10,40.81,41.57,40.61,41.41
2019-10-11,41.36,41.8,40.42,40.79
2019-10-14,41.3,42.78,41.12,42.65
2019-10-15,42.05,43.28,40.7,40.8
2019-10-16,40.8,41.4,40.2,40.5
2019-10-17,40.55,41.11,40.06,40.15
2019-10-18,40.16,41.27,40.0,40.25
2019-10-21,40.12,40.75,39.0,40.7
2019-10-22,40.82,41.78,40.7,41.29
2019-10-23,41.48,41.83,40.5,40.5
2019-10-24,40.47,40.79,39.4,40.0
2019-10-25,40.09,40.58,39.6,40.33
2019-10-28,40.7,41.75,40.62,41.45
2019-10-29,41.12,41.96,41.0,41.2
2019-10-30,41.4,42.53,41.0,42.0
2019-10-31,42.3,44.28,42.0,43.9
2019-11-01,43.43,44.8,42.88,43.41
2019-11-04,43.76,44.74,43.36,43.7
2019-11-05,43.97,44.44,43.0,43.5
2019-11-06,43.55,43.8,42.55,42.64
2019-11-07,43.05,43.47,42.0,43.35
2019-11-08,44.1,45.29,43.0,44.57
2019-11-11,44.03,45.74,43.6,44.12
2019-11-12,43.63,44.58,42.23,42.8
2019-11-13,42.46,42.8,41.78,42.23
2019-11-14,42.19,42.65,41.6,42.21
2019-11-15,42.07,42.37,41.15,41.2
2019-11-18,41.58,42.2,41.03,41.88
2019-11-19,41.99,44.98,41.88,44.87
2019-11-20,44.64,45.01,43.8,43.97
2019-11-21,44.23,44.25,42.7,42.98
2019-11-22,42.92,45.49,42.92,43.9
2019-11-25,43.6,43.68,41.38,42.38
2019-11-26,42.38,42.8,41.89,42.8
2019-11-27,42.38,43.46,41.98,43.33
2019-11-28,43.0,44.19,42.92,43.2
2019-11-29,43.18,44.0,42.83,44.0
2019-12-02,44.12,44.95,43.81,44.4
2019-12-03,44.38,44.93,43.9,44.69
2019-12-04,44.24,44.63,43.57,43.8
2019-12-05,44.0,45.6,43.83,45.36
2019-12-06,45.07,45.35,44.63,45.18
2019-12-09,45.77,45.91,44.65,45.01
2019-12-10,44.65,45.5,44.11,45.28
2019-12-11,45.0,45.65,43.97,44.31
2019-12-12,44.5,48.39,44.5,47.24
2019-12-13,48.0,49.45,47.25,48.6
2019-12-16,49.0,50.89,48.65,49.75
2019-12-17,49.3,52.13,49.3,50.66
2019-12-18,50.1,50.78,49.28,49.8
2019-12-19,49.71,50.31,48.52,49.83
2019-12-20,50.0,50.57,49.18,49.83
2019-12-23,49.15,50.25,48.55,49.35
2019-12-24,49.6,51.95,49.18,50.88
2019-12-25,50.57,52.23,49.92,51.46
2019-12-26,51.18,51.78,50.66,51.5
2019-12-27,52.18,53.36,49.3,49.58
2019-12-30,49.21,52.37,48.5,52.2
2019-12-31,52.0,53.12,51.4,52.15
2020-01-02,52.21,53.78,51.66,53.45
2020-01-03,53.3,53.8,52.35,52.88
2020-01-06,52.28,53.0,51.53,52.03
2020-01-07,52.32,52.89,51.66,52.42
2020-01-08,51.84,52.0,50.53,51.08
2020-01-09,51.96,53.19,51.31,52.73
2020-01-10,52.7,53.44,51.48,52.05
2020-01-13,52.29,53.4,51.61,53.4
2020-01-14,53.95,54.65,51.76,51.91
2020-01-15,52.0,52.88,51.55,52.5
2020-01-16,52.68,53.3,52.12,52.88
2020-01-17,53.07,54.19,52.02,53.0
2020-01-20,53.38,56.63,52.9,56.32
2020-01-21,55.6,56.5,55.32,55.42
2020-01-22,55.27,57.26,53.4,56.22
2020-01-23,55.45,55.88,52.42,53.46
2020-02-03,48.11,49.25,48.11,48.11
2020-02-04,48.3,52.92,48.3,52.92
2020-02-05,52.92,55.48,52.9,54.8
2020-02-06,54.91,60.28,54.31,59.85
2020-02-07,61.1,64.3,60.71,62.61
2020-02-10,62.92,66.66,62.38,63.17
2020-02-11,63.94,64.33,62.32,63.16
2020-02-12,62.75,65.68,62.55,64.41
2020-02-13,63.98,64.65,62.02,63.03
2020-02-14,63.92,64.38,62.0,62.94
2020-02-17,64.6,66.88,63.95,66.15
2020-02-18,66.99,70.7,66.2,67.89
2020-02-19,66.96,67.88,65.66,65.95
2020-02-20,65.95,67.78,65.7,67.4
2020-02-21,67.09,69.86,66.97,68.37
2020-02-24,70.0,72.66,69.58,72.47
2020-02-25,70.0,73.45,67.02,71.4
2020-02-26,70.0,70.5,64.31,64.74
2020-02-27,65.0,66.7,63.5,64.3
2020-02-28,59.88,64.45,59.74,62.04
2020-03-02,63.99,67.78,62.2,66.19
2020-03-03,68.08,70.42,64.48,64.9
2020-03-04,64.0,65.36,61.87,62.82
2020-03-05,66.0,66.58,62.0,64.0
2020-03-06,63.0,66.29,62.51,64.78
2020-03-09,64.6,66.98,63.33,63.73
2020-03-10,64.2,69.67,62.2,68.4
2020-03-11,68.2,69.36,63.5,63.6
2020-03-12,61.91,62.55,58.73,59.75
2020-03-13,56.0,60.85,54.9,59.19
2020-03-16,59.53,59.89,53.88,55.1
2020-03-17,56.76,57.72,55.22,56.35
2020-03-18,57.0,58.55,55.19,55.64
2020-03-19,56.0,58.48,54.3,57.85
2020-03-20,58.75,59.39,56.48,57.94
2020-03-23,56.5,57.4,52.15,52.5
2020-03-24,54.2,55.42,52.4,54.7
2020-03-25,56.3,56.96,55.02,55.9
2020-03-26,55.9,55.9,53.88,54.0
2020-03-27,55.49,55.49,53.11,53.4
2020-03-30,52.5,52.66,49.0,52.0
2020-03-31,52.55,54.4,52.37,53.75
2020-04-01,53.75,54.97,52.63,54.07
2020-04-02,54.05,56.22,53.75,56.21
2020-04-03,56.0,57.2,55.31,55.44
2020-04-07,56.63,57.75,56.0,56.59
2020-04-08,56.21,59.25,55.5,58.17
2020-04-09,58.75,58.77,57.5,58.26
2020-04-10,59.91,61.25,56.88,57.52
2020-04-13,57.01,57.87,55.02,55.25
2020-04-14,55.91,59.71,55.91,59.43
2020-04-15,60.1,60.66,59.13,59.53
2020-04-16,59.11,59.89,58.51,59.31
2020-04-17,59.95,63.49,59.95,61.79
2020-04-20,61.81,64.35,61.65,63.51
2020-04-21,63.23,63.37,61.01,62.3
2020-04-22,61.9,62.75,61.01,62.54
2020-04-23,62.68,62.97,61.36,62.08
2020-04-24,62.7,64.19,62.0,62.5
2020-04-27,62.66,64.01,62.66,63.45
2020-04-28,63.41,64.3,61.45,63.91
2020-04-29,63.51,63.69,62.0,62.7
2020-04-30,63.6,65.76,63.49,64.86
2020-05-06,64.4,66.95,64.02,66.68
2020-05-07,68.18,68.66,64.63,64.89
2020-05-08,65.43,67.3,65.43,65.95
2020-05-11,66.0,67.63,65.91,66.52
2020-05-12,66.32,66.87,64.41,65.85
2020-05-13,65.85,66.5,65.21,66.0
2020-05-14,65.93,65.99,64.82,65.0
2020-05-15,64.89,65.49,64.11,64.43
2020-05-18,64.8,65.86,62.6,62.82
2020-05-19,63.52,64.8,62.51,64.53
2020-05-20,64.58,65.86,63.48,64.11
2020-05-21,64.48,64.96,62.42,63.05
2020-05-22,63.38,63.9,60.32,60.72
2020-05-25,60.86,61.03,57.34,57.91
2020-05-26,58.58,59.46,57.81,58.89
2020-05-27,58.99,58.99,55.86,56.65
2020-05-28,57.0,57.83,55.52,56.8
2020-05-29,56.77,57.12,55.93,56.99
2020-06-01,57.38,59.6,57.16,58.63
2020-06-02,58.98,59.3,57.28,58.87
2020-06-03,59.47,59.99,58.5,58.57
2020-06-04,58.97,59.28,58.0,59.07
2020-06-05,58.88,59.22,57.6,58.31
2020-06-08,58.75,60.3,58.65,58.99
2020-06-09,59.75,59.93,58.2,59.3
2020-06-10,59.25,59.28,58.0,58.54
2020-06-11,58.78,60.8,58.08,58.82
2020-06-12,57.42,59.98,57.1,59.98
2020-06-15,59.0,59.79,58.06,58.1
2020-06-16,59.03,62.61,58.97,60.75
2020-06-17,61.25,61.5,59.9,60.85
2020-06-18,60.83,64.0,60.19,63.53
2020-06-19,63.11,63.5,62.41,62.82
2020-06-22,63.16,64.18,62.52,62.8
2020-06-23,62.81,63.19,61.0,61.8
2020-06-24,61.78,63.58,61.66,62.1
2020-06-29,62.05,63.0,61.14,61.85
2020-06-30,62.5,63.89,62.28,63.0
2020-07-01,63.0,63.77,61.11,61.86
2020-07-02,61.98,62.4,60.89,61.79
2020-07-03,62.1,63.3,61.2,62.99
2020-07-06,63.01,65.48,63.01,65.01
2020-07-07,64.97,67.79,64.41,66.64
2020-07-08,66.68,67.78,65.64,67.2
2020-07-09,70.6,71.96,67.92,70.17
2020-07-10,70.0,70.53,68.51,69.39
2020-07-13,69.3,70.9,69.3,70.55
2020-07-14,70.7,72.81,68.01,69.46
2020-07-15,68.58,69.27,64.61,66.12
2020-07-16,65.58,66.18,60.53,60.9
2020-07-17,61.58,62.3,60.12,61.15
2020-07-20,61.86,62.61,60.01,62.09
2020-07-21,62.06,62.45,60.54,61.83
2020-07-22,61.94,63.68,61.51,63.3
2020-07-23,62.56,63.35,60.0,61.21
2020-07-24,60.3,61.19,56.21,56.3
2020-07-27,56.39,57.37,54.08,54.62
2020-07-28,55.59,56.48,55.11,56.33
2020-07-29,57.15,59.22,56.2,59.0
2020-07-30,59.45,59.45,58.05,58.21
2020-07-31,58.8,60.29,58.35,59.08
2020-08-03,59.75,61.68,59.3,60.64
2020-08-04,60.63,61.56,59.85,60.2
2020-08-05,61.0,61.45,59.69,60.5
2020-08-06,60.17,60.71,58.91,60.12
2020-08-07,60.0,60.62,57.58,58.07
2020-08-10,57.92,58.47,56.37,57.51
2020-08-11,57.72,58.65,56.46,56.46
2020-08-12,57.22,57.38,54.35,55.22
2020-08-13,55.6,56.28,54.4,54.89
2020-08-14,54.92,56.5,54.71,56.47
2020-08-17,56.66,58.6,56.1,58.6
2020-08-18,58.93,59.88,58.18,58.87
2020-08-19,59.33,59.43,58.1,58.35
2020-08-20,58.0,58.97,56.58,57.08
2020-08-21,57.88,58.8,56.13,57.51
2020-08-24,57.87,60.58,57.52,60.0
2020-08-25,59.8,61.58,59.52,59.81
2020-08-26,59.7,60.99,58.83,59.27
2020-08-27,59.26,60.48,58.6,59.68
2020-08-28,59.03,59.68,57.68,59.42
2020-08-31,59.66,60.67,58.61,59.21
2020-09-01,59.02,59.39,57.7,58.55
2020-09-02,58.9,60.48,58.21,59.9
2020-09-03,60.08,60.46,57.89,59.9
2020-09-04,59.11,59.98,58.63,59.42
2020-09-07,59.42,59.85,56.16,56.38
2020-09-08,57.35,57.38,54.87,56.0
2020-09-09,55.12,55.67,52.55,52.55
2020-09-10,53.62,53.62,50.2,50.51
2020-09-11,50.49,51.38,49.76,51.18
2020-09-14,51.78,52.49,50.8,51.22
2020-09-15,51.56,52.4,51.1,51.81
2020-09-16,51.82,52.13,51.15,52.0
2020-09-17,51.69,53.22,51.15,52.45
2020-09-18,52.41,52.92,51.81,52.85
2020-09-21,52.85,53.19,51.98,52.08
2020-09-22,51.9,52.76,51.38,51.88
2020-09-23,52.02,52.2,51.31,51.67
2020-09-24,51.68,51.79,50.0,50.21
2020-09-25,50.51,50.67,48.91,49.64
2020-09-28,49.64,50.69,48.99,49.9
2020-09-29,50.44,50.82,49.91,50.09
2020-09-30,50.57,50.86,49.83,50.3
2020-10-09,51.32,51.68,50.84,51.29
2020-10-12,51.2,53.35,51.2,53.03
2020-10-13,52.77,53.5,52.21,53.3
2020-10-14,53.21,53.72,52.6,53.34
2020-10-15,53.89,54.38,52.93,52.99
2020-10-16,53.47,53.8,52.87,53.17
2020-10-19,54.05,54.86,53.25,53.42
2020-10-20,53.39,53.41,52.55,52.9
2020-10-21,52.72,52.91,50.45,50.8
2020-10-22,50.15,50.89,49.65,49.91
2020-10-23,50.98,50.98,49.5,49.66
2020-10-26,49.31,49.62,48.59,49.1
2020-10-27,49.33,49.33,48.09,48.86
2020-10-28,48.88,48.88,47.2,48.1
2020-10-29,47.73,48.36,47.02,48.0
2020-10-30,48.5,49.2,47.15,47.3
2020-11-02,47.38,48.18,46.66,47.85
2020-11-03,48.56,51.58,48.56,50.19
2020-11-04,50.19,50.58,49.65,49.94
2020-11-05,50.9,53.48,49.8,52.84
2020-11-06,53.21,53.73,52.31,52.7
2020-11-09,53.45,55.58,52.81,54.38
2020-11-10,53.9,53.93,52.69,52.7
2020-11-11,52.47,53.25,49.81,49.86
2020-11-12,50.61,51.18,50.05,50.47
2020-11-13,50.1,51.1,49.71,50.88
2020-11-16,50.6,52.53,50.6,51.95
2020-11-17,52.44,52.49,50.01,51.08
2020-11-18,51.0,51.39,50.09,50.48
2020-11-19,50.34,50.79,49.81,50.15
2020-11-20,50.25,50.59,49.21,49.71
2020-11-23,49.44,49.44,48.19,48.46
2020-11-24,48.49,49.79,48.4,49.66
2020-11-25,49.52,50.5,49.01,49.6
2020-11-26,49.13,50.3,49.02,49.39
2020-11-27,49.1,49.42,48.21,48.72
2020-11-30,48.67,49.28,47.4,48.95
2020-12-01,48.15,49.23,47.73,48.82
2020-12-02,48.82,51.92,48.55,51.06
2020-12-03,51.52,51.66,50.63,50.8
2020-12-04,51.0,52.16,50.5,51.28
2020-12-07,51.38,52.28,50.87,51.0
2020-12-08,50.8,52.18,50.7,51.49
2020-12-09,51.7,52.43,51.33,51.41
2020-12-10,51.2,52.12,50.34,51.95
2020-12-11,51.9,53.64,51.51,53.25
2020-12-14,53.0,55.1,52.73,54.58
2020-12-15,54.51,55.18,53.8,54.24
2020-12-16,54.28,55.15,53.38,53.8
2020-12-17,53.68,54.2,53.0,54.11
2020-12-18,54.08,54.08,52.6,52.7
2020-12-21,52.67,55.48,52.4,55.09
2020-12-22,55.0,55.35,51.51,51.7
2020-12-23,51.8,52.4,51.3,52.22
2020-12-24,52.21,52.62,51.19,51.25
2020-12-25,50.88,51.11,49.19,49.43
2020-12-28,49.02,49.27,47.33,47.34
2020-12-29,47.34,51.46,47.34,50.91
2020-12-30,50.5,50.56,48.9,50.33
2020-12-31,49.98,51.13,49.91,50.86
2021-01-04,51.0,52.42,50.33,52.0
2021-01-05,51.77,54.78,51.56,54.07
2021-01-06,53.99,54.19,52.6,53.44
2021-01-07,53.0,53.34,51.63,52.61
2021-01-08,52.88,56.1,52.34,54.67
2021-01-11,54.99,57.16,54.2,57.0
2021-01-12,56.5,57.25,55.35,56.5
2021-01-13,56.22,57.8,55.55,56.2
2021-01-14,56.21,58.41,56.06,56.64
2021-01-15,57.09,57.19,54.04,55.34
2021-01-18,55.85,57.86,55.29,57.25
2021-01-19,57.21,57.66,55.8,56.4
2021-01-20,56.27,57.14,55.3,57.0
2021-01-21,57.01,57.1,55.01,55.66
2021-01-22,55.28,56.1,53.88,56.1
2021-01-25,55.55,55.7,52.55,52.55
2021-01-26,52.53,53.95,52.5,52.8
2021-01-27,53.35,53.66,52.05,52.84
2021-01-28,51.98,53.21,51.19,51.37
2021-01-29,52.56,52.8,51.34,51.8
2021-02-01,51.78,53.98,51.5,53.18
2021-02-02,53.5,54.85,53.2,53.6
2021-02-03,54.18,54.18,50.26,50.35
2021-02-04,50.35,50.7,47.6,49.33
2021-02-05,49.2,49.78,47.48,47.51
2021-02-08,47.68,48.99,47.62,47.9
2021-02-09,47.5,49.15,47.4,48.73
2021-02-10,48.57,50.88,48.54,50.46
2021-02-18,51.54,52.33,51.01,51.46
2021-02-19,51.28,51.7,50.4,51.4
2021-02-22,51.65,51.68,49.6,49.6
2021-02-23,49.11,50.4,48.69,49.05
2021-02-24,49.11,50.06,48.55,48.97
2021-02-25,49.44,49.44,47.7,47.81
2021-02-26,47.0,47.81,45.76,45.9
2021-03-01,46.7,47.63,45.91,46.55
2021-03-02,46.65,46.75,44.23,44.56
2021-03-03,44.56,44.78,43.84,44.44
2021-03-04,44.43,44.77,43.06,43.11
2021-03-05,42.9,44.18,42.56,42.8
2021-03-08,43.1,43.31,40.72,40.79
2021-03-09,40.78,40.9,38.55,39.17
2021-03-10,39.9,40.2,39.06,39.19
2021-03-11,39.3,40.0,38.65,39.44
2021-03-12,39.47,39.6,38.23,38.48
2021-03-15,38.49,38.75,37.42,37.68
2021-03-16,37.83,38.28,37.21,37.4
2021-03-17,37.67,38.13,37.2,37.78
2021-03-18,37.69,38.35,37.03,38.09
2021-03-19,37.55,37.94,36.71,36.81
2021-03-22,37.0,37.35,36.7,37.1
2021-03-23,37.0,38.34,36.91,37.68
2021-03-24,35.96,35.96,32.99,34.41
2021-03-25,35.9,36.61,34.72,34.96
2021-03-26,35.14,36.86,34.94,36.84
2021-03-29,36.62,36.79,35.91,36.11
2021-03-30,36.5,36.5,35.51,35.57
2021-03-31,35.89,35.89,34.8,35.24
2021-04-01,35.36,36.27,35.31,36.1
2021-04-02,36.42,37.98,36.28,37.82
2021-04-06,37.83,37.83,37.17,37.31
2021-04-07,37.31,37.6,36.52,36.81
2021-04-08,36.9,37.18,36.15,36.25
2021-04-09,36.19,36.41,35.6,35.84
2021-04-12,35.9,36.15,34.35,34.43
2021-04-13,34.66,35.66,33.82,33.97
2021-04-14,34.0,34.47,33.77,34.4
2021-04-15,34.35,34.35,33.5,33.85
2021-04-16,34.06,34.55,33.7,34.0
2021-04-19,33.77,34.48,33.77,34.32
2021-04-20,34.26,34.28,33.4,33.44
2021-04-21,33.31,33.39,32.85,32.85
2021-04-22,33.03,33.84,32.91,33.63
2021-04-23,33.34,33.36,32.61,32.62
2021-04-26,32.62,33.6,32.13,33.13
2021-04-27,32.88,32.98,31.31,32.5
2021-04-28,32.77,32.84,32.1,32.46
2021-04-29,32.6,34.95,32.51,34.39
2021-04-30,34.77,35.09,33.93,34.21
2021-05-06,34.74,35.31,34.28,34.46
2021-05-07,34.75,34.75,33.7,33.74
2021-05-10,33.35,33.35,31.53,31.76
2021-05-11,31.42,33.98,31.4,33.06
2021-05-12,33.2,33.35,32.4,32.86
2021-05-13,32.54,35.58,32.42,34.46
2021-05-14,34.85,35.16,34.22,34.98
2021-05-17,35.21,36.18,35.02,35.72
2021-05-18,35.5,36.02,35.0,35.6
2021-05-19,35.6,36.64,35.31,35.42
2021-05-20,35.66,36.8,35.66,36.58
2021-05-21,36.63,37.3,36.2,36.97
2021-05-24,37.28,37.38,36.4,37.14
2021-05-25,37.1,38.58,36.9,38.06
2021-05-26,37.94,38.38,37.8,38.12
2021-05-27,38.29,40.8,38.25,40.3
2021-05-28,39.69,41.49,39.66,40.1
2021-05-31,40.34,41.53,40.32,41.19
2021-06-01,41.15,41.68,39.46,40.76
2021-06-02,41.0,41.48,40.31,40.7
2021-06-03,40.62,41.76,40.48,40.77
2021-06-04,41.39,41.75,40.83,41.36
2021-06-07,41.57,42.01,40.07,40.67
2021-06-08,40.99,41.02,39.05,39.8
2021-06-09,39.65,40.11,39.21,39.53
2021-06-10,39.76,40.65,39.21,39.8
2021-06-11,39.55,39.87,38.3,38.86
2021-06-15,38.57,39.5,38.38,39.21
2021-06-16,39.36,41.76,39.07,40.01
2021-06-17,40.12,41.3,40.05,40.69
2021-06-18,40.8,41.19,39.61,39.8
2021-06-21,39.95,39.95,38.27,38.5
2021-06-22,38.71,39.21,37.03,37.57
2021-06-23,37.26,38.63,37.19,38.47
2021-06-24,38.6,38.6,37.29,37.66
2021-06-25,37.8,37.97,36.66,36.99
2021-06-28,37.01,38.5,36.63,38.35
2021-06-29,38.55,38.74,38.01,38.36
2021-06-30,38.48,38.52,37.76,38.52
2021-07-01,38.49,38.49,36.91,36.95
2021-07-02,36.9,37.46,35.76,36.1
2021-07-05,36.1,36.58,35.52,36.22
2021-07-06,36.15,36.8,35.6,36.18
2021-07-07,36.04,36.8,35.7,36.69
2021-07-08,36.75,36.75,35.71,35.96
2021-07-09,36.28,38.02,36.25,36.34
2021-07-12,36.04,39.88,36.04,38.89
2021-07-13,39.1,39.2,37.63,38.16
2021-07-14,38.18,38.8,37.6,37.63
2021-07-15,37.06,37.11,33.2,33.88
2021-07-16,33.79,34.1,32.68,32.71
2021-07-19,32.68,33.55,32.0,33.32
2021-07-20,33.03,34.19,32.86,33.89
2021-07-21,33.65,34.09,33.31,34.0
2021-07-22,33.98,34.95,33.61,34.71
2021-07-23,35.14,35.25,34.15,34.43
2021-07-26,34.27,34.7,33.05,33.62
2021-07-27,33.84,39.88,33.53,38.17
2021-07-28,37.9,39.5,37.01,39.06
2021-07-29,39.8,41.08,38.5,40.86
2021-07-30,40.29,43.97,40.04,42.67
2021-08-02,43.3,45.38,42.8,44.0
2021-08-03,43.7,44.6,42.27,42.38
2021-08-04,42.4,43.23,41.87,42.67
2021-08-05,42.75,42.75,41.27,42.02
2021-08-06,41.9,42.83,41.02,41.74
2021-08-09,41.46,43.34,41.3,42.01
2021-08-10,42.28,42.28,41.2,42.07
2021-08-11,41.93,42.73,41.46,41.56
2021-08-12,41.08,42.56,40.03,41.7
2021-08-13,41.71,41.87,40.3,40.44
2021-08-16,40.5,42.1,40.08,40.8
2021-08-17,41.38,41.38,39.16,39.48
2021-08-18,39.19,39.8,37.77,38.06
2021-08-19,38.23,39.14,38.18,38.55
2021-08-20,38.64,38.89,36.95,37.65
2021-08-23,37.5,38.23,37.39,37.78
2021-08-24,38.0,38.32,36.65,38.12
2021-08-25,38.01,38.52,37.31,37.39
2021-08-26,37.1,37.69,36.7,36.88
2021-08-27,36.61,36.61,35.76,36.21
2021-08-30,36.67,37.1,36.14,36.26
2021-08-31,35.7,36.47,34.99,35.42
2021-09-01,35.23,36.58,34.5,35.68
2021-09-02,35.41,36.23,35.1,35.7
2021-09-03,35.78,37.89,35.67,37.03
2021-09-06,37.04,37.74,36.61,36.92
2021-09-07,36.73,36.92,35.58,36.01
2021-09-08,35.99,36.85,35.73,36.68
2021-09-09,36.65,36.65,35.13,35.48
2021-09-10,35.45,35.71,34.5,35.61
2021-09-13,35.37,35.51,34.09,34.22
2021-09-14,34.22,34.68,34.12,34.32
2021-09-15,34.5,34.94,33.79,34.82
2021-09-16,34.87,35.4,34.3,34.32
2021-09-17,34.21,34.91,33.82,34.7
2021-09-22,34.38,35.25,34.07,34.7
2021-09-23,35.0,35.38,34.2,34.22
2021-09-24,34.41,34.96,34.08,34.65
2021-09-27,35.68,36.6,34.91,35.34
2021-09-28,35.11,35.17,34.14,34.16
2021-09-29,33.9,34.99,33.48,34.91
2021-09-30,34.91,35.6,34.62,34.88
2021-10-08,35.1,35.5,34.4,35.06
2021-10-11,35.0,35.99,34.61,35.6
2021-10-12,35.32,35.57,34.67,34.78
2021-10-13,34.89,35.29,34.3,35.11
2021-10-14,35.01,35.4,34.8,34.87
2021-10-15,34.83,35.19,34.19,34.23
2021-10-18,34.24,34.25,32.8,33.03
2021-10-19,33.18,33.56,32.92,33.42
2021-10-20,33.75,34.12,33.36,33.53
2021-10-21,33.68,33.69,33.17,33.22
2021-10-22,33.27,33.62,32.78,32.82
2021-10-25,33.58,33.88,32.97,33.21
2021-10-26,33.45,34.88,32.85,34.31
2021-10-27,34.18,34.18,33.02,33.33
2021-10-28,33.28,33.71,32.8,32.81
2021-10-29,32.6,33.45,32.18,33.07
2021-11-01,33.22,34.45,33.18,33.82
2021-11-02,33.9,35.23,33.61,34.82
2021-11-03,34.85,35.15,34.35,34.85
2021-11-04,34.7,36.0,34.5,35.09
2021-11-05,35.2,35.99,34.8,34.93
2021-11-08,35.25,35.66,34.47,34.92
2021-11-09,34.78,35.19,34.5,34.89
2021-11-10,34.9,35.05,34.32,34.8
2021-11-11,34.7,35.87,34.54,35.36
2021-11-12,35.4,35.75,35.2,35.42
2021-11-15,35.69,36.17,34.69,34.75
2021-11-16,34.8,35.05,33.72,33.77
2021-11-17,33.99,34.29,33.23,34.15
2021-11-18,34.51,34.55,33.29,33.35
2021-11-19,33.1,33.87,33.08,33.8
2021-11-22,33.75,39.16,33.56,37.91
2021-11-23,38.33,39.86,38.3,38.89
2021-11-24,39.1,40.87,38.41,40.0
2021-11-25,40.8,40.97,39.01,39.16
2021-11-26,38.99,39.75,37.77,38.2
2021-11-29,37.63,38.11,37.4,37.93
2021-11-30,37.89,38.5,37.39,38.14
2021-12-01,37.87,39.61,37.6,39.26
2021-12-02,38.85,39.48,38.56,38.72
2021-12-03,38.52,39.4,37.97,39.14
2021-12-06,38.7,38.95,37.55,37.8
2021-12-07,38.05,38.14,36.89,37.19
2021-12-08,37.19,39.41,37.03,39.28
2021-12-09,38.89,39.35,38.0,38.14
2021-12-10,37.8,39.2,37.66,38.7
2021-12-13,38.5,40.25,38.42,39.6
2021-12-14,39.46,40.96,39.3,40.85
2021-12-15,40.5,42.1,40.31,41.32
2021-12-16,41.41,41.41,39.93,40.75
2021-12-17,40.73,41.15,39.85,40.38
2021-12-20,40.0,40.46,39.2,40.4
2021-12-21,40.19,42.49,40.15,42.29
2021-12-22,42.28,42.67,41.61,42.5
2021-12-23,42.28,43.18,41.83,42.15
2021-12-24,42.15,42.53,41.15,41.39
2021-12-27,41.5,43.12,41.11,42.22
2021-12-28,42.34,43.87,42.02,42.5
2021-12-29,42.05,43.55,41.9,43.0
2021-12-30,42.96,43.8,42.63,43.39
2021-12-31,43.45,43.5,42.3,42.5
2022-01-04,42.88,43.0,41.22,41.95
2022-01-05,41.8,42.6,41.45,41.9
2022-01-06,41.55,43.12,41.13,41.45
2022-01-07,41.42,42.88,41.41,42.33
2022-01-10,42.0,43.96,41.52,43.34
2022-01-11,43.3,43.5,42.5,42.9
2022-01-12,43.04,43.37,38.36,40.4
2022-01-13,40.27,40.58,38.29,38.72
2022-01-14,38.59,39.6,38.47,39.07
2022-01-17,39.1,41.39,39.1,40.15
2022-01-18,40.45,41.49,39.34,39.57
2022-01-19,39.51,40.2,38.91,39.33
2022-01-20,39.2,39.65,38.2,38.51
2022-01-21,38.38,38.83,37.8,38.49
2022-01-24,37.91,39.18,37.91,38.92
2022-01-25,38.93,38.93,37.55,37.74
2022-01-26,37.58,37.94,36.58,36.81
2022-01-27,36.68,36.9,35.35,35.58
2022-01-28,36.07,36.98,35.53,35.8
2022-02-07,36.73,37.1,35.46,35.85
2022-02-08,35.85,36.37,35.59,36.05
2022-02-09,36.18,37.4,35.8,36.94
2022-02-10,36.99,37.37,36.1,36.64
2022-02-11,36.46,36.6,34.34,34.74
2022-02-14,34.33,34.84,33.94,34.84
2022-02-15,34.54,35.68,34.5,35.59
2022-02-16,35.69,35.94,35.3,35.5
2022-02-17,35.2,35.83,34.91,35.6
2022-02-18,36.94,37.78,35.88,37.36
2022-02-21,38.23,39.4,37.86,38.69
2022-02-22,37.66,38.4,37.12,37.37
2022-02-23,37.36,38.33,37.3,37.84
2022-02-24,37.8,38.3,36.36,37.01
2022-02-25,37.1,37.94,37.0,37.07
2022-02-28,36.81,38.9,36.35,38.45
2022-03-01,38.5,38.96,37.73,38.31
2022-03-02,37.88,38.58,37.6,38.4
2022-03-03,38.5,38.7,37.57,37.7
2022-03-04,37.21,38.49,37.18,37.65
2022-03-07,37.54,37.54,34.7,35.11
2022-03-08,35.05,35.82,34.6,34.86
2022-03-09,35.12,36.26,34.08,35.5
2022-03-10,36.33,36.98,35.33,35.36
2022-03-11,35.0,35.4,34.15,35.39
2022-03-14,34.9,35.26,34.4,34.5
2022-03-15,34.18,34.6,32.13,32.13
2022-03-16,32.79,33.03,31.01,32.7
2022-03-17,33.08,33.68,32.76,33.34
2022-03-18,33.02,33.46,32.82,33.23
2022-03-21,33.5,34.01,33.3,33.78
2022-03-22,33.77,33.77,33.0,33.04
2022-03-23,33.25,34.89,32.89,34.38
2022-03-24,34.28,34.46,33.28,33.7
2022-03-25,33.63,33.63,32.15,32.2
2022-03-28,32.01,32.07,31.39,32.0
2022-03-29,32.0,32.07,31.06,31.1
2022-03-30,31.3,32.16,31.15,32.11
2022-03-31,32.15,32.15,31.45,31.61
2022-04-01,31.51,31.95,31.02,31.68
2022-04-06,31.41,31.41,29.95,30.1
2022-04-07,30.0,30.6,29.92,30.12
2022-04-08,30.16,31.26,29.71,30.9
2022-04-11,30.91,30.97,29.55,29.7
2022-04-12,29.59,30.18,29.02,30.0
2022-04-13,29.81,29.9,29.05,29.39
2022-04-14,29.63,29.78,29.03,29.62
2022-04-15,29.29,29.37,28.65,29.2
2022-04-18,29.0,30.18,28.73,30.04
2022-04-19,30.32,30.38,29.66,30.14
2022-04-20,30.0,30.74,29.88,29.93
2022-04-21,30.04,30.56,29.42,29.51
2022-04-22,29.38,29.78,28.45,28.77
2022-04-25,29.29,30.67,28.9,29.04
2022-04-26,29.66,31.12,29.6,29.93
2022-04-27,30.0,30.85,28.95,30.85
2022-04-28,30.4,30.62,29.4,29.8
2022-04-29,29.82,31.16,29.41,30.62
2022-05-05,30.85,32.4,30.18,31.91
2022-05-06,31.38,32.67,31.07,31.95
2022-05-09,31.95,32.47,31.12,32.44
2022-05-10,31.53,31.97,30.6,31.91
2022-05-11,31.68,32.94,31.48,31.52
2022-05-12,31.3,32.5,31.02,31.48
2022-05-13,31.6,32.06,31.41,31.72
2022-05-16,31.7,32.58,31.59,31.75
2022-05-17,31.74,31.99,31.2,31.86
2022-05-18,32.18,32.33,31.23,31.42
2022-05-19,30.8,31.24,30.62,31.18
2022-05-20,31.18,31.69,30.83,31.34
2022-05-23,31.39,31.71,31.03,31.48
2022-05-24,31.69,32.36,29.8,29.9
2022-05-25,29.68,30.85,29.6,30.25
2022-05-26,30.01,31.39,29.6,30.86
2022-05-27,30.88,31.33,30.05,30.23
2022-05-30,30.28,32.03,29.8,31.78
2022-05-31,31.74,32.28,31.32,32.14
2022-06-01,32.01,32.86,31.81,32.2
2022-06-02,32.2,33.33,31.96,33.17
2022-06-06,33.47,33.59,32.46,33.49
2022-06-07,33.45,34.24,33.25,34.0
2022-06-08,34.0,34.22,33.15,33.77
2022-06-09,33.8,33.9,32.5,32.68
2022-06-10,32.61,33.7,32.39,33.48
2022-06-13,33.23,33.37,32.41,32.8
2022-06-14,32.68,32.7,31.4,32.32
2022-06-15,32.24,33.22,32.11,32.22
2022-06-16,32.22,33.23,32.2,32.53
2022-06-17,32.19,32.72,31.93,32.58
2022-06-20,32.7,33.5,32.25,32.37
2022-06-21,32.27,32.65,31.65,31.97
2022-06-22,32.03,32.19,30.32,30.39
2022-06-23,30.56,31.0,30.18,30.92
2022-06-24,31.0,31.26,30.32,30.5
2022-06-27,30.79,31.45,30.51,31.0
2022-06-28,31.32,32.07,30.65,32.05
2022-06-29,31.89,32.57,31.08,31.17
2022-06-30,31.08,31.48,30.73,31.05
2022-07-01,30.96,31.55,30.81,31.0
2022-07-04,31.12,31.25,30.4,30.62
2022-07-05,30.82,31.4,30.52,30.74
2022-07-06,30.69,31.21,30.08,30.3
2022-07-07,30.3,30.54,29.9,30.15
2022-07-08,30.31,30.61,29.93,30.01
2022-07-11,29.98,30.25,29.54,30.08
2022-07-12,30.4,30.58,29.11,29.18
2022-07-13,29.3,29.53,28.66,28.77
2022-07-14,28.71,29.9,28.46,29.5
2022-07-15,29.34,29.59,29.08,29.23
2022-07-18,29.68,32.28,29.59,32.1
2022-07-19,33.15,33.87,32.61,33.29
2022-07-20,33.4,34.65,33.13,34.07
2022-07-21,33.7,34.54,32.82,32.92
2022-07-22,33.13,33.42,32.4,33.36
2022-07-25,33.25,34.89,33.1,34.28
2022-07-26,33.98,34.35,33.26,33.62
2022-07-27,33.78,34.09,33.21,33.92
2022-07-28,34.24,34.24,33.21,33.45
2022-07-29,33.73,33.78,32.51,32.79
2022-08-01,32.79,33.06,32.0,32.98
2022-08-02,32.53,32.73,31.41,32.4
2022-08-03,32.46,33.51,32.46,32.55
2022-08-04,32.96,33.26,32.09,32.42
2022-08-05,32.71,33.88,32.51,33.8
2022-08-08,33.96,33.98,32.88,33.2
2022-08-09,33.2,33.26,32.24,32.7
2022-08-10,32.56,32.69,31.56,31.79
2022-08-11,32.15,35.34,32.13,35.08
2022-08-12,35.32,35.38,33.82,34.02
2022-08-15,34.12,34.14,32.63,33.7
2022-08-16,33.55,34.29,33.08,33.3
2022-08-17,33.43,33.92,32.98,33.62
2022-08-18,33.4,34.83,33.28,34.5
2022-08-19,34.5,35.17,33.45,33.45
2022-08-22,33.38,33.43,32.5,33.08
2022-08-23,33.0,33.09,32.52,32.87
2022-08-24,32.71,32.8,30.7,30.8
2022-08-25,31.0,31.12,29.96,30.32
2022-08-26,30.38,30.86,29.97,30.13
2022-08-29,29.6,30.1,29.37,29.88
2022-08-30,29.99,30.14,29.54,29.95
2022-08-31,29.56,29.93,29.01,29.32
2022-09-01,29.05,29.39,28.52,28.66
2022-09-02,28.74,29.49,28.7,29.23
2022-09-05,29.23,29.48,28.8,29.25
2022-09-06,29.4,29.64,29.18,29.57
2022-09-07,29.63,30.17,29.31,29.78
2022-09-08,29.8,29.88,29.26,29.31
2022-09-09,29.31,29.53,29.17,29.33
2022-09-13,29.47,29.72,28.94,29.02
2022-09-14,28.56,28.99,28.36,28.62
2022-09-15,28.74,28.8,26.82,27.0
2022-09-16,27.18,27.18,26.28,26.33
2022-09-19,26.5,26.98,26.08,26.83
2022-09-20,26.9,27.15,26.7,26.95
2022-09-21,26.98,27.12,26.4,26.92
2022-09-22,26.77,27.05,26.68,26.85
2022-09-23,26.95,27.43,26.03,27.1
2022-09-26,26.8,27.12,26.67,26.72
2022-09-27,26.62,27.7,26.51,27.56
2022-09-28,27.38,27.66,26.92,26.96
2022-09-29,27.24,27.48,26.66,26.8
2022-09-30,26.52,26.88,26.05,26.08
2022-10-10,26.08,26.25,25.36,25.39
2022-10-11,26.41,26.85,26.08,26.55
2022-10-12,26.54,27.34,26.27,27.22
2022-10-13,27.26,27.92,27.08,27.35
2022-10-14,27.59,28.09,27.5,27.72
2022-10-17,27.48,27.93,27.37,27.88
2022-10-18,28.05,28.48,27.58,28.21
2022-10-19,27.99,28.97,27.95,28.26
2022-10-20,28.11,28.75,27.78,28.26
2022-10-21,28.3,28.64,28.09,28.18
2022-10-24,28.2,28.76,27.5,27.91
2022-10-25,27.46,28.08,27.14,27.74
2022-10-26,27.8,28.78,27.61,28.71
2022-10-27,30.01,30.32,29.18,29.37
2022-10-28,29.1,29.81,28.83,29.12
2022-10-31,29.4,29.54,28.12,29.28
2022-11-01,28.67,29.7,28.67,29.6
2022-11-02,29.5,29.76,29.38,29.49
2022-11-03,29.4,30.15,29.23,29.66
2022-11-04,29.7,30.4,29.63,30.28
2022-11-07,30.23,30.4,29.9,30.09
2022-11-08,29.9,30.15,29.7,29.9
2022-11-09,29.91,29.95,29.33,29.46
2022-11-10,29.22,29.65,29.1,29.15
2022-11-11,29.74,30.24,29.19,29.27
2022-11-14,29.27,29.5,28.7,28.97
2022-11-15,28.6,29.99,28.6,29.88
2022-11-16,29.83,30.56,29.8,29.91
2022-11-17,30.0,30.18,29.58,30.11
2022-11-18,30.0,30.34,29.76,29.91
2022-11-21,29.7,29.99,29.21,29.7
2022-11-22,29.66,29.92,29.28,29.45
2022-11-23,29.35,29.49,28.68,29.14
2022-11-24,29.14,29.63,28.9,29.06
2022-11-25,29.05,29.05,28.54,28.58
2022-11-28,28.0,28.38,27.8,28.12
2022-11-29,28.09,29.2,28.09,29.0
2022-11-30,28.99,29.04,28.52,28.63
2022-12-01,28.8,29.15,28.37,28.45
2022-12-02,28.45,28.9,28.41,28.61
2022-12-05,28.85,28.95,28.5,28.68
2022-12-06,28.56,28.88,28.5,28.58
2022-12-07,28.49,28.58,27.89,28.12
2022-12-08,28.03,28.47,27.83,28.16
2022-12-09,28.11,28.27,27.72,28.18
2022-12-12,28.1,28.8,27.96,28.59
2022-12-13,28.42,29.06,28.32,28.71
2022-12-14,28.62,29.85,28.61,28.89
2022-12-15,28.69,29.13,28.46,28.6
2022-12-16,28.46,28.64,27.55,28.05
2022-12-19,27.99,28.25,27.51,27.6
2022-12-20,27.6,27.73,27.19,27.41
2022-12-21,27.41,27.46,26.8,27.08
2022-12-22,27.19,27.23,26.55,26.58
2022-12-23,26.46,26.7,26.03,26.33
2022-12-26,26.3,26.77,26.3,26.56
2022-12-27,26.74,27.16,26.57,26.95
2022-12-28,26.87,26.92,26.52,26.68
2022-12-29,26.43,27.52,26.37,27.14
2022-12-30,27.08,27.47,26.94,27.03
2023-01-03,27.2,28.57,26.88,28.3
2023-01-04,28.21,28.86,28.1,28.68
2023-01-05,28.56,28.79,28.42,28.67
2023-01-06,28.68,28.68,28.28,28.42
2023-01-09,28.54,28.54,27.98,28.2
2023-01-10,28.2,28.35,28.02,28.25
2023-01-11,28.35,28.35,27.92,27.96
2023-01-12,28.01,28.27,27.83,28.11
2023-01-13,28.11,28.19,27.7,27.82
2023-01-16,27.87,28.5,27.71,28.21
2023-01-17,28.3,28.56,28.17,28.32
2023-01-18,28.32,28.86,28.11,28.7
2023-01-19,28.7,28.94,28.56,28.86
2023-01-20,28.96,29.29,28.73,28.99
2023-01-30,29.4,29.45,28.82,28.91
2023-01-31,29.5,29.97,29.08,29.1
2023-02-01,30.0,30.3,29.22,29.83
2023-02-02,30.1,30.67,29.75,30.35
2023-02-03,30.38,31.7,30.3,31.56
2023-02-06,31.93,32.3,31.35,32.04
2023-02-07,32.57,34.61,32.5,33.83
2023-02-08,34.21,34.89,33.0,33.1
2023-02-09,33.0,35.46,32.25,35.18
2023-02-10,35.2,36.88,34.35,34.95
2023-02-13,35.29,36.38,34.83,35.98
2023-02-14,35.58,36.45,34.79,35.15
2023-02-15,34.86,36.65,34.6,35.78
2023-02-16,35.53,36.6,34.7,35.04
2023-02-17,34.83,34.89,33.17,33.35
2023-02-20,33.4,34.28,33.3,34.2
2023-02-21,34.2,34.41,33.53,33.72
2023-02-22,33.57,34.33,33.38,33.7
2023-02-23,33.55,33.94,33.35,33.5
2023-02-24,33.77,35.38,33.77,34.87
2023-02-27,34.76,35.27,34.39,34.58
2023-02-28,35.88,36.78,35.01,35.5
2023-03-01,35.51,36.5,35.3,35.91
2023-03-02,35.8,37.77,35.66,36.62
2023-03-03,35.67,36.34,35.08,35.43
2023-03-06,35.25,36.48,35.25,35.57
2023-03-07,35.31,35.8,34.37,34.41
2023-03-08,34.5,34.97,34.0,34.63
2023-03-09,34.31,34.92,33.98,34.43
2023-03-10,34.05,35.1,33.96,34.32
2023-03-13,34.21,35.17,33.74,34.76
2023-03-14,34.43,35.35,33.55,33.55
2023-03-15,33.86,34.18,32.72,32.86
2023-03-16,32.63,33.23,32.36,32.63
2023-03-17,32.88,35.45,32.8,34.61
2023-03-20,34.65,37.38,34.62,35.82
2023-03-21,36.0,37.2,35.12,36.83
2023-03-22,36.95,44.2,36.95,44.2
2023-03-23,45.76,51.5,45.25,50.0
2023-03-24,51.15,52.82,49.32,52.23
2023-03-27,51.0,57.04,50.8,56.04
2023-03-28,54.7,56.05,53.3,53.81
2023-03-29,54.0,57.78,53.88,55.55
2023-03-30,55.08,56.49,52.0,55.0
2023-03-31,54.61,60.2,53.61,58.9
2023-04-03,60.6,68.55,59.6,67.24
2023-04-04,66.08,69.75,65.01,67.1
2023-04-06,66.99,73.31,65.61,67.0
2023-04-07,67.71,71.7,66.51,70.5
2023-04-10,71.0,77.88,67.87,70.18
2023-04-11,69.05,72.0,65.98,68.3
2023-04-12,66.91,69.66,65.0,68.57
2023-04-13,70.66,71.98,63.8,64.73
2023-04-14,65.57,67.23,63.77,66.51
2023-04-17,65.3,66.26,63.86,64.68
2023-04-18,65.02,77.62,64.4,74.48
2023-04-19,74.48,78.52,74.0,75.62
2023-04-20,76.58,82.0,76.01,81.0
2023-04-21,79.99,81.37,77.0,78.19
2023-04-24,80.57,89.16,80.56,85.41
2023-04-25,83.19,86.88,78.6,80.89
2023-04-26,81.91,85.53,78.38,79.45
2023-04-27,75.75,82.5,75.31,78.49
2023-04-28,79.56,91.11,78.83,90.0
2023-05-04,86.5,87.8,81.68,85.2
2023-05-05,86.08,87.56,75.88,78.39
2023-05-08,78.2,81.63,74.01,77.44
2023-05-09,77.55,84.8,77.55,81.94
2023-05-10,83.37,84.69,74.17,75.8
2023-05-11,75.56,76.8,72.2,72.54
2023-05-12,72.45,76.79,72.05,75.83
2023-05-15,77.0,79.87,72.49,79.6
2023-05-16,79.16,79.79,75.93,76.82
2023-05-17,77.0,82.52,76.02,79.01
2023-05-18,88.5,94.81,85.55,94.81
2023-05-19,96.01,99.59,90.81,93.55
2023-05-22,93.55,93.88,87.36,89.89
2023-05-23,90.25,92.42,86.97,87.2
2023-05-24,85.3,92.21,85.08,87.67
2023-05-25,95.88,99.89,90.0,93.18
2023-05-26,93.26,99.35,91.3,91.45
2023-05-29,94.38,102.38,94.01,96.0
2023-05-30,98.75,110.0,96.13,109.0
2023-05-31,106.03,108.09,102.3,107.5
2023-06-01,105.0,110.99,104.0,108.04
2023-06-02,111.15,112.8,104.21,106.7
2023-06-05,105.0,115.38,105.0,111.2
2023-06-06,112.0,113.5,106.18,107.31
2023-06-07,107.1,111.1,105.53,108.11
2023-06-08,106.1,109.59,103.27,106.72
2023-06-09,106.7,118.5,103.5,115.2
2023-06-12,115.2,122.64,114.0,121.5
2023-06-13,120.0,123.98,118.04,121.55
2023-06-14,124.0,134.56,121.7,129.55
2023-06-15,133.9,139.88,132.0,134.79
2023-06-16,136.35,156.5,132.64,155.0
2023-06-19,158.09,164.8,153.46,160.01
2023-06-20,160.01,170.0,156.1,170.0
2023-06-21,165.66,166.0,157.05,159.9
2023-06-26,156.56,158.0,145.24,148.0
2023-06-27,147.44,149.89,144.99,147.2
2023-06-28,139.01,145.5,132.96,141.98
2023-06-29,144.0,149.8,143.5,148.01
2023-06-30,145.0,154.58,144.02,147.45
2023-07-03,147.78,148.6,138.89,146.0
2023-07-04,146.51,150.33,145.0,146.52
2023-07-05,146.01,146.52,138.72,138.96
2023-07-06,138.78,145.56,137.7,139.8
2023-07-07,144.59,150.62,136.23,146.99
2023-07-10,145.22,146.89,137.04,143.6
2023-07-11,145.98,148.8,142.58,148.5
2023-07-12,149.5,152.0,138.79,138.79
2023-07-13,141.84,154.7,141.84,154.2
2023-07-14,156.66,159.6,151.11,155.39
2023-07-17,154.1,164.95,153.93,157.71
2023-07-18,160.08,160.5,149.99,151.29
2023-07-19,154.0,155.96,148.92,149.0
2023-07-20,147.5,148.4,129.55,130.0
2023-07-21,130.01,131.73,125.71,130.24
2023-07-24,130.16,135.93,128.88,131.0
2023-07-25,133.16,140.98,130.01,134.25
2023-07-26,134.42,135.58,127.03,129.04
2023-07-27,127.1,131.1,126.11,127.9
2023-07-28,126.63,131.19,124.6,126.9
2023-07-31,124.08,131.45,124.0,128.0
2023-08-01,128.0,135.99,127.66,134.8
2023-08-02,134.0,135.99,130.52,133.8
2023-08-03,130.38,135.49,128.33,130.51
2023-08-04,130.03,141.03,129.51,139.95
2023-08-07,141.0,146.66,138.88,141.75
2023-08-08,141.75,144.43,134.5,134.51
2023-08-09,134.18,136.15,126.61,126.84
2023-08-10,124.06,127.19,122.01,124.01
2023-08-11,125.43,127.14,121.98,121.98
2023-08-14,122.7,123.52,120.31,123.52
2023-08-15,129.0,129.88,121.01,121.9
2023-08-16,120.02,123.3,118.11,121.01
2023-08-17,118.8,124.2,117.18,122.25
2023-08-18,121.5,122.5,115.51,115.51
2023-08-21,116.33,120.55,115.3,117.87
2023-08-22,122.1,126.55,118.15,126.0
2023-08-23,123.48,123.49,118.1,119.0
2023-08-24,124.0,126.0,119.33,121.0
2023-08-25,113.33,115.14,106.01,106.95
2023-08-28,114.0,116.06,110.1,111.5
2023-08-29,113.0,121.0,109.53,115.19
2023-08-30,116.1,119.59,113.38,116.0
2023-08-31,114.0,116.34,113.75,114.62
2023-09-01,113.9,115.29,110.85,112.15
2023-09-04,112.96,113.48,110.75,112.35
2023-09-05,111.9,111.9,108.12,109.01
2023-09-06,109.12,110.95,106.8,109.7
2023-09-07,109.1,110.75,106.11,106.31
2023-09-08,103.57,107.2,102.0,105.25
2023-09-11,106.25,112.99,104.52,109.2
2023-09-12,108.08,111.88,107.55,109.92
2023-09-13,109.45,110.9,105.36,106.67
2023-09-14,107.17,108.31,102.5,102.65
2023-09-15,103.39,104.16,97.41,98.68
2023-09-18,99.0,99.59,94.72,95.5
2023-09-19,96.4,99.26,93.69,96.5
2023-09-20,96.49,100.9,96.0,97.15
2023-09-21,96.5,100.32,96.21,97.37
2023-09-22,97.97,112.92,97.5,111.08
2023-09-25,111.08,111.9,106.8,107.5
2023-09-26,109.95,115.77,109.3,111.8
2023-09-27,111.25,116.2,111.25,114.07
2023-09-28,117.88,119.33,114.02,115.8
2023-10-09,115.43,116.98,107.51,111.06
2023-10-10,110.37,112.72,107.98,109.45
2023-10-11,110.55,113.77,107.66,109.73
2023-10-12,111.0,111.42,105.63,106.67
2023-10-13,105.8,106.37,100.9,102.37
2023-10-16,101.35,102.78,99.38,100.01
2023-10-17,101.12,103.5,97.88,100.56
2023-10-18,96.61,98.11,93.22,97.45
2023-10-19,96.77,97.51,94.23,94.64
2023-10-20,96.98,97.17,93.76,94.07
2023-10-23,97.17,99.16,93.7,96.1
2023-10-24,98.2,101.8,94.52,95.8
2023-10-25,91.46,95.64,87.8,88.01
2023-10-26,88.66,90.75,87.61,89.9
2023-10-27,89.01,90.28,87.42,89.41
2023-10-30,89.37,90.8,87.5,89.82
2023-10-31,90.2,90.61,85.91,87.75
2023-11-01,87.2,88.6,85.05,85.22
2023-11-02,86.54,89.33,85.9,85.93
2023-11-03,86.5,91.16,86.5,88.65
2023-11-06,90.44,91.91,89.0,91.42
2023-11-07,90.89,104.0,90.28,99.2
2023-11-08,97.1,98.57,95.71,96.65
2023-11-09,99.0,103.17,98.3,100.99
2023-11-10,100.5,105.2,100.0,101.54
2023-11-13,105.8,108.51,103.8,104.9
2023-11-14,104.91,107.64,102.55,105.01
2023-11-15,108.0,108.0,100.13,104.0
2023-11-16,102.0,103.9,100.01,100.04
2023-11-17,100.09,107.0,100.09,105.59
2023-11-20,103.65,105.57,100.58,102.35
2023-11-21,103.88,107.3,103.09,103.57
2023-11-22,102.0,102.5,97.3,97.36
2023-11-23,96.89,98.5,95.8,98.14
2023-11-24,97.31,97.77,93.86,94.4
2023-11-27,94.01,99.17,94.0,97.88
2023-11-28,96.5,97.09,94.06,94.75
2023-11-29,94.92,95.8,93.45,94.74
2023-11-30,94.1,95.35,93.58,94.92
2023-12-01,94.89,101.54,93.14,100.0
2023-12-04,100.52,105.0,100.1,102.78
2023-12-05,101.88,103.99,100.51,100.8
2023-12-06,100.0,101.5,98.8,100.68
2023-12-07,102.6,105.5,100.22,104.37
2023-12-08,107.86,119.9,106.03,117.5
2023-12-11,117.24,121.0,114.22,120.15
2023-12-12,120.12,121.5,112.0,114.96
2023-12-13,114.15,115.99,113.13,113.4
2023-12-14,115.0,116.88,112.1,112.81
2023-12-15,113.38,114.3,108.56,110.05
2023-12-18,109.12,115.5,108.51,113.39
2023-12-19,114.13,114.89,109.99,113.19
2023-12-20,113.2,113.56,107.55,109.3
2023-12-21,108.21,117.9,107.44,114.19
2023-12-22,112.68,114.66,109.38,110.39
2023-12-25,111.11,113.28,107.68,111.25
2023-12-26,110.59,111.38,105.61,106.96
2023-12-27,107.58,109.01,106.61,107.13
2023-12-28,106.88,110.2,106.4,109.01
2023-12-29,109.11,115.93,109.08,112.91
2024-01-02,112.85,114.78,110.53,110.61
2024-01-03,109.11,109.99,104.89,104.99
2024-01-04,104.7,105.67,102.36,104.0
2024-01-05,103.62,104.5,99.2,100.03
2024-01-08,99.8,101.11,97.82,98.8
2024-01-09,101.78,103.53,100.5,101.32
2024-01-10,101.33,102.71,98.3,100.0
2024-01-11,100.0,104.48,99.91,103.39
2024-01-12,102.63,102.98,99.56,100.56
2024-01-15,99.36,103.6,99.36,101.88
2024-01-16,100.89,101.26,98.4,100.29
2024-01-17,100.66,102.84,99.02,99.02
2024-01-18,97.04,109.95,96.83,109.83
2024-01-19,112.3,113.58,110.39,111.0
2024-01-22,116.0,116.5,110.99,111.6
2024-01-23,111.99,117.26,110.84,114.0
2024-01-24,113.65,114.18,108.98,113.7
2024-01-25,112.48,119.2,111.42,118.35
2024-01-26,117.99,118.0,113.8,115.96
2024-01-29,113.65,113.65,96.7,103.82
2024-01-30,103.0,105.8,100.73,101.2
2024-01-31,100.02,107.89,98.75,102.8
2024-02-01,103.79,116.0,101.55,111.05
2024-02-02,111.88,113.88,107.7,109.85
2024-02-05,108.0,117.43,107.87,112.0
2024-02-06,110.66,124.88,109.8,124.88
2024-02-07,123.1,125.99,121.59,124.61
2024-02-08,127.5,137.0,124.8,127.0
2024-02-19,138.0,152.4,133.86,152.4
2024-02-20,153.0,162.99,151.0,159.5
2024-02-21,152.0,154.03,147.3,149.96
2024-02-22,158.05,159.64,149.47,154.51
2024-02-23,160.0,161.0,147.05,147.73
2024-02-26,142.03,151.41,142.03,149.03
2024-02-27,147.46,164.7,146.02,161.94
2024-02-28,161.0,162.9,149.81,149.81
2024-02-29,153.0,158.8,151.0,155.16
2024-03-01,156.03,163.52,156.03,161.1
2024-03-04,166.11,170.66,160.11,165.66
2024-03-05,163.3,179.9,162.62,169.16
2024-03-06,167.0,170.2,162.84,167.28
2024-03-07,170.0,174.77,164.0,164.14
2024-03-08,168.87,176.93,164.65,174.99
2024-03-11,167.03,170.97,164.28,170.6
2024-03-12,169.8,171.59,159.77,164.85
2024-03-13,171.41,171.88,164.89,165.0
2024-03-14,162.0,172.0,162.0,169.53
2024-03-15,167.0,180.4,165.59,177.36
2024-03-18,178.75,186.08,177.59,179.99
2024-03-19,173.31,176.65,171.45,173.81
2024-03-20,172.0,175.66,166.0,168.96
2024-03-21,169.24,172.66,166.33,167.68
2024-03-22,168.0,170.52,166.36,167.68
2024-03-25,167.96,171.88,164.0,166.51
2024-03-26,165.51,172.78,150.0,158.5
2024-03-27,160.78,161.97,152.76,154.2
2024-03-28,155.01,159.88,151.13,154.69
2024-03-29,153.1,157.0,151.85,156.56
2024-04-01,157.79,163.88,155.77,163.0
2024-04-02,162.0,166.0,160.03,162.55
2024-04-03,159.0,160.55,155.63,156.1
2024-04-08,155.6,169.3,155.6,164.56
2024-04-09,164.0,165.98,160.23,164.9
2024-04-10,162.27,164.88,157.0,159.5
2024-04-11,161.0,164.58,159.79,160.15
2024-04-12,164.0,174.3,163.5,169.33
2024-04-15,167.79,172.54,166.56,169.5
2024-04-16,167.3,172.5,163.05,166.36
2024-04-17,168.33,176.05,166.0,174.61
2024-04-18,170.66,176.3,168.2,173.38
2024-04-19,172.15,175.24,163.9,170.7
2024-04-22,155.0,159.99,150.88,158.36
2024-04-23,158.97,161.86,154.47,157.51
2024-04-24,159.77,169.0,157.86,168.27
2024-04-25,164.9,167.83,163.28,164.15
2024-04-26,170.99,187.98,170.6,184.86
2024-04-29,187.96,190.0,185.52,187.7
2024-04-30,187.5,192.88,186.1,186.31
2024-05-06,191.0,192.61,182.85,183.22
2024-05-07,187.78,188.72,172.1,176.79
2024-05-08,175.5,177.93,173.5,174.8
2024-05-09,173.9,174.6,168.22,173.18
2024-05-10,170.8,172.68,166.68,171.2
2024-05-13,172.5,176.0,170.46,171.55
2024-05-14,171.86,173.0,164.69,165.43
2024-05-15,165.01,171.21,164.5,166.77
2024-05-16,171.98,174.58,170.0,170.5
2024-05-17,167.8,173.31,164.23,170.58
2024-05-20,169.0,178.85,166.5,176.86
2024-05-21,176.66,180.3,175.75,177.43
2024-05-22,176.0,176.88,172.72,173.17
2024-05-23,178.0,179.67,168.88,173.79
2024-05-24,172.0,179.74,164.98,165.39
2024-05-27,166.11,170.89,165.0,168.39
2024-05-28,167.0,167.39,160.1,161.01
2024-05-29,165.0,166.0,160.47,161.0
2024-05-30,161.1,162.9,158.66,159.97
2024-05-31,157.0,162.68,154.54,157.27
2024-06-03,161.0,171.71,159.33,168.35
2024-06-04,170.0,174.99,169.4,173.0
2024-06-05,172.1,173.5,166.96,166.96
2024-06-06,123.3,129.92,123.3,125.42
2024-06-07,124.1,125.94,118.99,119.51
2024-06-11,118.99,121.66,117.39,119.01
2024-06-12,119.0,121.33,117.02,119.21
2024-06-13,120.87,126.43,119.68,123.7
2024-06-14,125.01,140.48,124.08,138.3
2024-06-17,141.0,144.94,140.5,142.51
2024-06-18,142.58,151.49,142.58,146.91
2024-06-19,149.75,150.24,144.2,146.0
2024-06-20,146.0,148.96,144.66,144.7
2024-06-21,140.5,145.8,140.01,143.0
2024-06-24,145.2,146.49,139.55,140.21
2024-06-25,135.0,137.6,133.55,134.9
2024-06-26,138.0,140.77,137.6,140.0
2024-06-27,137.97,140.0,135.8,136.14
2024-06-28,136.0,141.84,135.75,137.88
2024-07-01,137.35,146.33,137.01,144.9
2024-07-02,144.98,147.66,142.7,145.61
2024-07-03,144.0,144.45,140.1,143.5
2024-07-04,145.8,147.35,143.01,143.01
2024-07-05,143.6,144.28,138.71,141.5
2024-07-08,146.09,147.0,142.39,144.39
2024-07-09,143.89,156.0,142.41,154.33
2024-07-10,154.0,157.97,152.58,157.53
2024-07-11,159.21,159.68,149.3,153.26
2024-07-12,148.11,150.97,146.0,150.12
2024-07-15,148.0,151.37,145.3,149.58
2024-07-16,149.68,150.48,143.8,148.12
2024-07-17,146.98,147.47,140.43,141.71
2024-07-18,136.01,140.51,133.25,140.0
2024-07-19,137.2,139.3,134.96,134.98
2024-07-22,134.0,136.5,132.14,134.6
2024-07-23,137.0,137.08,130.9,130.92
2024-07-24,129.51,135.5,129.19,130.34
2024-07-25,126.7,127.38,120.85,122.27
2024-07-26,122.71,125.8,121.07,124.25
2024-07-29,123.99,131.31,123.16,129.59
2024-07-30,128.0,129.48,125.68,127.66
2024-07-31,126.38,130.0,123.1,129.5
2024-08-01,134.5,135.45,129.51,129.9
2024-08-02,122.38,124.22,118.68,118.98
2024-08-05,113.04,116.8,108.99,110.12
2024-08-06,114.9,117.24,112.92,114.48
2024-08-07,113.0,116.0,112.0,113.32
2024-08-08,110.0,112.29,109.0,110.5
2024-08-09,113.0,115.0,112.28,112.53
2024-08-12,112.35,115.4,112.35,113.35
2024-08-13,115.0,118.49,114.1,116.94
2024-08-14,120.02,120.5,115.78,115.78
2024-08-15,115.76,116.92,113.8,115.1
2024-08-16,118.2,121.89,118.2,119.96
2024-08-19,121.2,123.65,119.45,121.64
2024-08-20,123.99,125.18,121.25,121.69
2024-08-21,120.2,123.77,120.0,122.22
2024-08-22,122.46,123.27,120.47,121.39
2024-08-23,120.99,121.48,118.5,119.92
2024-08-26,121.8,122.37,112.86,114.34
2024-08-27,113.51,115.58,111.72,113.25
2024-08-28,113.0,115.51,111.23,112.56
2024-08-29,106.77,107.5,102.3,106.64
2024-08-30,106.42,110.9,106.33,108.9
2024-09-02,108.55,109.37,104.0,104.13
2024-09-03,104.15,106.11,103.2,105.31
2024-09-04,99.0,103.16,98.0,101.9
2024-09-05,101.89,104.01,100.41,101.67
2024-09-06,101.0,102.21,99.19,99.42
2024-09-09,98.6,102.3,97.76,102.0
2024-09-10,102.2,108.73,101.34,106.43
2024-09-11,108.38,109.15,105.56,106.18
2024-09-12,111.0,112.0,107.9,108.0
2024-09-13,108.3,116.7,108.27,115.94
2024-09-18,114.0,116.22,113.01,113.64
2024-09-19,114.12,114.59,106.66,110.03
2024-09-20,111.9,112.5,108.18,109.0
2024-09-23,108.18,111.21,107.49,108.9
2024-09-24,109.13,122.17,109.13,122.16
2024-09-25,125.69,126.5,121.61,121.99
2024-09-26,123.01,129.98,121.7,129.68
2024-09-27,128.79,137.68,126.06,133.6
2024-09-30,136.0,155.5,132.0,154.86
2024-10-08,185.8,185.83,161.7,185.83
2024-10-09,175.11,185.57,163.5,166.4
2024-10-10,168.2,169.69,157.0,162.71
2024-10-11,159.01,168.3,156.69,159.64
2024-10-14,159.0,162.58,152.35,162.0
2024-10-15,161.0,167.06,157.68,157.8
2024-10-16,151.86,154.73,147.66,148.7
2024-10-17,151.0,153.5,148.75,150.5
2024-10-18,150.0,177.0,149.66,168.0
2024-10-21,166.4,171.8,159.11,164.97
2024-10-22,169.0,170.33,163.5,170.0
2024-10-23,160.0,162.62,155.7,156.16
2024-10-24,154.85,165.98,154.5,157.1
2024-10-25,158.89,159.81,153.65,156.36
2024-10-28,156.37,156.75,148.1,150.54
2024-10-29,147.9,148.0,143.07,143.47
2024-10-30,143.0,145.5,139.32,141.25
2024-10-31,140.0,146.28,138.8,143.02
2024-11-01,141.48,145.86,139.51,140.73
2024-11-04,141.99,146.9,140.99,143.15
2024-11-05,143.15,148.83,142.5,148.29
2024-11-06,148.35,149.2,142.01,142.9
2024-11-07,138.97,147.78,136.36,145.08
2024-11-08,147.51,151.22,142.21,142.21
2024-11-11,141.0,147.2,138.02,144.9
2024-11-12,145.01,150.77,142.51,147.5
2024-11-13,146.52,158.08,144.1,156.3
2024-11-14,154.75,156.57,148.09,148.81
2024-11-15,148.81,152.88,140.2,140.5
2024-11-18,139.0,139.96,130.88,132.01
2024-11-19,133.33,136.67,129.87,134.8
2024-11-20,135.49,141.49,135.38,138.14
2024-11-21,136.01,138.3,131.25,133.8
2024-11-22,133.8,138.98,131.78,132.28
2024-11-25,132.5,133.8,122.5,125.0
2024-11-26,124.0,129.0,123.5,127.04
2024-11-27,126.0,130.49,124.41,128.69
2024-11-28,127.42,127.89,124.3,124.79
2024-11-29,125.0,129.86,124.53,126.73
2024-12-02,127.99,134.16,127.45,132.03
2024-12-03,132.0,133.2,128.88,130.0
2024-12-04,129.58,131.38,127.3,128.02
2024-12-05,129.11,134.46,128.95,131.84
2024-12-06,132.06,134.2,130.79,131.51
2024-12-09,131.55,131.59,123.41,125.1
2024-12-10,128.85,128.86,121.52,123.15
2024-12-11,122.0,126.19,120.11,125.13
2024-12-12,125.0,131.62,124.88,130.17
2024-12-13,130.0,131.38,125.16,127.1
2024-12-16,127.97,128.23,122.28,122.8
2024-12-17,123.0,130.47,122.55,125.99
2024-12-18,127.2,127.5,122.66,123.43
2024-12-19,122.18,127.53,121.8,127.04
2024-12-20,126.31,129.99,126.31,127.1
2024-12-23,129.5,135.76,128.28,132.59
2024-12-24,133.01,134.2,128.18,131.61
2024-12-25,131.22,137.94,130.69,134.99
2024-12-26,135.87,141.5,133.56,140.8
2024-12-27,141.11,141.56,135.73,136.85
2024-12-30,138.0,138.3,130.08,131.18
2024-12-31,130.96,131.0,123.5,123.51
2025-01-02,122.8,125.8,120.7,122.11
2025-01-03,122.51,124.7,121.0,123.01
2025-01-06,124.88,128.28,124.5,125.49
2025-01-07,126.36,128.6,123.6,128.35
2025-01-08,125.88,125.9,121.72,124.22
2025-01-09,123.01,123.7,121.48,121.51
2025-01-10,121.44,121.44,112.8,113.13
2025-01-13,110.2,114.08,109.69,110.8
2025-01-14,110.9,114.5,108.78,114.35
2025-01-15,113.21,113.38,110.23,110.54
2025-01-16,111.88,120.37,110.7,119.49
2025-01-17,120.0,120.58,115.15,116.9
2025-01-20,117.96,121.4,117.84,119.16
2025-01-21,122.0,122.96,118.38,119.56
2025-01-22,121.88,133.95,121.6,132.0
2025-01-23,132.58,134.67,127.31,127.75
2025-01-24,127.14,129.96,126.24,128.25
2025-01-27,123.0,123.0,114.82,114.82
2025-02-05,109.0,109.0,95.82,98.25
2025-02-06,100.79,101.28,98.03,101.0
2025-02-07,102.0,109.4,101.71,107.78
2025-02-10,110.66,111.47,107.81,110.62
2025-02-11,111.02,113.88,109.6,111.5
2025-02-12,110.7,111.99,110.0,111.9
2025-02-13,111.0,111.33,108.06,108.12
2025-02-14,109.77,111.33,106.05,107.43
2025-02-17,108.61,117.86,108.6,115.56
2025-02-18,114.41,116.98,113.02,113.59
2025-02-19,114.15,114.66,111.46,114.24
2025-02-20,114.21,116.24,112.61,114.44
2025-02-21,115.89,120.7,114.8,118.73
2025-02-24,118.0,118.0,114.01,114.5
2025-02-25,111.01,113.12,110.5,111.35
2025-02-26,110.76,112.36,108.01,112.22
2025-02-27,113.8,114.83,107.53,108.18
2025-02-28,103.0,103.97,100.22,100.87
2025-03-03,102.44,104.48,100.12,102.77
2025-03-04,98.28,103.28,97.8,102.46
2025-03-05,102.98,104.97,102.39,103.46
2025-03-06,104.0,106.48,102.8,105.17
2025-03-07,103.77,103.79,101.86,102.24
2025-03-10,102.24,103.1,101.0,102.38
2025-03-11,100.0,101.81,99.4,101.78
2025-03-12,102.7,103.58,101.81,102.36
2025-03-13,103.75,104.88,101.8,102.49
2025-03-14,102.0,104.77,101.3,103.99
2025-03-17,105.0,105.81,104.0,104.26
2025-03-18,104.23,109.87,102.81,108.86
2025-03-19,106.68,106.68,104.78,104.98
2025-03-20,105.3,106.5,104.81,105.0
2025-03-21,104.32,104.96,102.11,102.45
2025-03-24,102.12,103.95,101.32,102.88
2025-03-25,103.69,104.8,101.93,102.0
2025-03-26,101.94,102.47,101.07,101.08
2025-03-27,99.58,100.48,97.52,99.12
2025-03-28,99.0,99.12,97.41,97.41
2025-03-31,97.0,98.98,96.69,98.64
2025-04-01,99.03,99.39,98.24,98.61
2025-04-02,98.88,101.38,98.32,99.76
2025-04-03,96.88,97.96,93.43,93.88
2025-04-07,80.1,82.5,75.1,75.1
2025-04-08,75.19,76.76,70.47,72.28
2025-04-09,69.98,73.54,67.2,71.99
2025-04-10,80.18,81.5,77.1,77.49
2025-04-11,76.0,79.28,75.91,78.37
2025-04-14,81.0,84.5,80.9,81.54
2025-04-15,81.15,81.38,79.29,80.17
2025-04-16,78.53,78.71,76.66,77.99
2025-04-17,77.09,78.85,77.09,77.61
2025-04-18,77.61,79.27,77.55,79.14
2025-04-21,80.43,82.26,79.15,81.19
2025-04-22,80.0,80.58,79.11,80.07
2025-04-23,82.1,85.34,80.88,83.52
2025-04-24,83.0,84.16,81.26,81.33
2025-04-25,82.5,86.99,82.5,85.27
2025-04-28,85.27,85.52,83.21,83.39
2025-04-29,83.35,84.23,82.42,83.09
2025-04-30,83.25,84.1,82.41,83.49
2025-05-06,85.17,87.19,85.15,86.65
2025-05-07,88.76,89.04,85.64,86.65
2025-05-08,88.86,98.0,88.13,96.49
2025-05-09,94.69,96.46,94.0,94.8
2025-05-12,98.8,99.06,95.1,97.27
2025-05-13,100.8,100.8,96.41,96.43
2025-05-14,98.05,101.09,98.05,98.39
2025-05-15,98.0,98.08,94.1,94.12
2025-05-16,93.4,99.48,93.21,97.83
2025-05-19,96.69,97.4,95.22,95.28
2025-05-20,95.29,97.18,94.4,95.96
2025-05-21,95.63,97.3,94.65,95.73
2025-05-22,95.0,96.78,94.4,94.46
2025-05-23,94.41,95.36,91.7,91.87
2025-05-26,91.99,92.99,90.86,92.36
2025-05-27,90.99,92.18,88.88,90.16
2025-05-28,91.0,92.99,91.0,92.62
2025-05-29,93.6,96.59,93.28,94.94
2025-05-30,93.78,94.38,92.51,93.55
2025-06-03,92.5,93.22,91.75,91.76
2025-06-04,92.99,97.97,92.99,97.3
2025-06-05,97.3,103.58,96.5,102.88
2025-06-06,102.0,104.45,101.25,103.45
2025-06-09,105.31,111.16,105.11,108.55
2025-06-10,108.1,109.73,106.61,107.77
2025-06-11,110.0,110.98,107.08,107.98
2025-06-12,107.1,119.2,107.0,116.0
2025-06-13,114.51,117.89,113.98,116.65
2025-06-16,116.92,123.45,116.9,120.57
2025-06-17,121.01,122.2,117.9,119.36
2025-06-18,118.51,125.6,116.1,125.06
2025-06-19,124.56,130.79,123.6,128.3
2025-06-20,130.0,131.18,124.77,129.5
2025-06-23,127.3,129.33,122.68,127.09
2025-06-24,128.38,129.97,124.3,125.25
2025-06-25,127.0,128.69,123.2,125.73
2025-06-26,127.6,133.18,127.08,129.7
2025-06-27,129.17,140.27,126.56,138.4
2025-06-30,141.5,146.6,138.01,145.86
2025-07-01,143.59,146.78,142.75,145.3
2025-07-02,142.5,142.6,138.13,138.93
2025-07-03,141.47,143.84,139.49,142.26
2025-07-04,143.11,145.18,138.55,139.45
2025-07-07,137.5,139.77,130.21,135.15
2025-07-08,134.76,145.26,133.82,144.88
2025-07-09,145.0,149.36,144.05,145.3
2025-07-10,146.52,148.68,142.0,146.59
2025-07-11,144.74,147.88,142.55,145.28
2025-07-14,144.33,150.5,144.33,149.82
2025-07-15,155.3,174.99,155.3,174.81
2025-07-16,179.8,181.97,169.67,170.76
2025-07-17,169.19,178.99,169.17,176.85
2025-07-18,181.18,192.01,179.0,180.62
2025-07-21,179.89,188.4,177.18,187.95
2025-07-22,187.1,197.1,181.4,184.44
2025-07-23,179.0,187.88,176.0,186.18
2025-07-24,190.5,192.96,181.67,185.2
2025-07-25,186.0,189.9,184.51,185.22
2025-07-28,186.0,193.23,184.2,191.87
2025-07-29,198.01,210.99,198.01,209.93
2025-07-30,207.06,211.8,203.59,210.6
2025-07-31,221.0,228.6,215.93,217.61
2025-08-01,212.52,220.88,207.63,210.63
2025-08-04,207.53,210.34,204.5,208.42
2025-08-05,216.5,218.37,203.5,210.92
2025-08-06,206.71,213.58,206.61,210.52
2025-08-07,210.52,216.0,197.2,208.46
2025-08-08,207.0,213.88,205.0,209.3
2025-08-11,210.0,220.5,209.99,214.75
2025-08-12,215.0,226.39,213.0,225.68
2025-08-13,226.75,252.96,224.0,252.0
2025-08-14,246.4,248.09,239.4,239.47
2025-08-15,241.47,245.45,235.11,238.05
2025-08-18,241.62,268.0,238.08,260.0
2025-08-19,260.0,277.58,258.9,275.5
2025-08-20,261.99,269.0,257.41,267.79
2025-08-21,272.8,274.6,256.1,265.22
2025-08-22,259.11,280.88,259.0,278.9
2025-08-25,288.0,320.0,288.0,320.0
2025-08-26,313.6,322.8,306.0,314.0
2025-08-27,320.0,345.9,311.31,325.1
2025-08-28,322.87,359.58,322.45,359.03
2025-08-29,352.0,367.7,344.97,354.92
2025-09-01,372.75,413.8,364.0,406.1
2025-09-02,402.02,419.6,373.87,384.0
2025-09-03,392.0,429.99,379.1,426.19
2025-09-04,436.0,448.0,363.88,369.14
2025-09-05,378.02,418.88,361.72,407.0
2025-09-08,394.0,394.0,344.0,369.99
2025-09-09,365.02,372.61,347.0,359.29
2025-09-10,378.0,395.48,370.58,385.0
2025-09-11,402.19,443.99,402.19,439.97
2025-09-12,417.0,431.99,410.0,422.09
2025-09-15,410.0,419.97,397.64,408.02
2025-09-16,410.03,421.97,396.22,411.42
2025-09-17,405.0,412.98,391.11,406.2
2025-09-18,394.21,429.99,389.21,409.4
2025-09-19,415.4,425.0,400.03,421.5
2025-09-22,417.29,421.8,394.68,418.0
2025-09-23,447.01,457.01,418.0,434.29
2025-09-24,416.01,435.0,410.0,423.5
2025-09-25,416.01,442.96,404.0,434.6
2025-09-26,429.05,442.3,413.7,413.7
2025-09-29,410.12,433.17,403.09,416.75
2025-09-30,418.51,435.0,398.06,403.68
2025-10-09,419.0,426.66,397.68,398.81
2025-10-10,399.01,407.8,381.01,390.0
2025-10-13,369.0,382.0,361.8,376.99
2025-10-14,385.0,385.94,344.0,346.1
2025-10-15,345.0,357.0,337.0,354.12
2025-10-16,351.14,379.3,350.03,366.97
2025-10-17,367.17,381.91,360.0,373.6
2025-10-20,408.19,421.21,395.58,403.0
2025-10-21,410.0,451.48,405.0,441.5
2025-10-22,436.09,457.5,436.09,444.3
2025-10-23,441.08,443.0,425.7,440.88
2025-10-24,450.0,495.65,437.1,494.0
2025-10-27,503.98,515.0,495.56,508.94
2025-10-28,503.3,536.0,501.0,513.0
2025-10-29,538.01,542.01,506.16,520.72
2025-10-30,516.51,538.0,509.0,514.74
2025-10-31,503.0,509.0,472.0,473.01
2025-11-03,470.67,483.4,457.51,480.0
2025-11-04,489.6,504.29,473.88,477.8
2025-11-05,462.02,480.0,458.79,477.01
2025-11-06,488.0,507.88,482.27,496.88
2025-11-07,491.0,499.79,479.0,490.05
2025-11-10,488.88,495.88,460.0,490.0
2025-11-11,493.68,499.66,464.0,468.05
2025-11-12,459.63,492.39,450.01,491.75
2025-11-13,489.28,489.28,470.01,481.0
2025-11-14,465.18,473.88,454.22,462.82
2025-11-17,475.2,488.64,468.4,483.2
2025-11-18,474.7,490.8,470.01,472.91
2025-11-19,472.43,499.7,472.0,488.6
2025-11-20,515.0,522.38,490.33,492.0
2025-11-21,472.99,483.0,460.0,464.01
2025-11-24,470.0,476.99,436.96,456.8
2025-11-25,477.01,494.8,470.01,479.66
2025-11-26,475.2,556.88,470.4,543.22
2025-11-27,537.0,558.77,523.36,524.0
2025-11-28,527.2,529.8,508.6,514.5
2025-12-01,524.0,546.5,515.0,538.0
2025-12-02,542.0,551.13,535.5,542.0
2025-12-03,540.54,558.58,522.11,523.73
2025-12-04,517.37,536.53,512.34,535.5
2025-12-05,539.53,545.0,525.0,537.05
2025-12-08,543.0,585.0,539.0,570.0
2025-12-09,570.09,613.0,568.54,606.0
2025-12-10,609.06,620.0,589.5,616.0
2025-12-11,610.0,627.11,585.91,586.81
2025-12-12,587.0,603.88,570.22,582.0
2025-12-15,570.0,588.0,568.0,570.86
2025-12-16,568.8,575.0,545.01,551.79
2025-12-17,557.0,592.07,556.66,589.98
2025-12-18,576.99,579.87,563.43,571.2
2025-12-19,583.34,587.0,570.28,571.7
2025-12-22,590.01,622.0,590.01,617.5
2025-12-23,625.0,628.99,614.0,621.0
2025-12-24,627.64,638.0,617.6,634.4
2025-12-25,645.0,658.8,618.41,639.8
2025-12-26,628.3,636.95,618.0,627.0
2025-12-29,627.64,633.69,612.73,618.0
2025-12-30,618.1,644.34,615.0,632.0
2025-12-31,629.0,633.0,608.0,610.0
2026-01-05,621.08,627.29,600.17,623.51
2026-01-06,606.0,615.8,590.2,605.25
2026-01-07,616.8,628.0,602.0,619.6
2026-01-08,611.1,616.0,592.0,595.45
2026-01-09,575.94,595.0,561.61,583.2
2026-01-12,570.0,600.0,558.85,591.97
2026-01-13,580.8,616.6,580.01,585.76
2026-01-14,595.35,600.88,567.01,593.0
2026-01-15,583.2,636.99,581.02,625.02
2026-01-16,635.97,645.0,615.02,617.0
2026-01-19,605.0,619.0,602.57,605.5
2026-01-20,605.52,608.0,580.0,585.0
2026-01-21,586.24,599.66,581.0,581.9
2026-01-22,590.08,624.5,585.0,621.0
2026-01-23,614.0,615.0,580.16,585.0
2026-01-26,580.0,598.0,572.01,589.8
2026-01-27,589.96,630.0,586.7,615.6
2026-01-28,632.0,644.98,623.0,628.0
2026-01-29,637.0,637.95,610.11,613.85
2026-01-30,616.2,653.58,605.93,649.0
2026-02-02,635.01,658.58,591.0,591.0
2026-02-03,607.0,618.8,576.0,589.7
2026-02-04,570.0,574.55,525.13,560.0
2026-02-05,561.01,577.75,556.01,561.99
2026-02-06,548.11,561.88,530.3,540.01
2026-02-09,561.0,573.99,550.12,565.99
2026-02-10,561.55,573.68,555.5,555.71
2026-02-11,551.01,554.0,522.53,531.91
2026-02-12,535.0,546.38,523.38,527.46
2026-02-13,524.0,543.8,515.0,531.0
2026-02-24,542.0,572.02,522.0,554.0
2026-02-25,550.0,569.86,548.0,566.07
2026-02-26,566.07,574.0,559.0,572.22
2026-02-27,555.0,559.98,531.11,534.0
2026-03-02,520.0,580.0,520.0,570.58
2026-03-03,570.8,599.04,563.28,563.8
2026-03-04,554.02,563.5,536.5,539.0
2026-03-05,556.0,585.0,552.6,557.0
2026-03-06,553.0,559.98,537.06,545.48
2026-03-09,520.1,528.3,506.0,525.99
2026-03-10,540.0,548.98,530.02,547.0
2026-03-11,557.0,568.9,553.0,554.68
2026-03-12,557.25,563.58,528.5,534.8
2026-03-13,526.5,548.88,525.01,542.02
2026-03-16,549.05,565.0,540.32,561.7
2026-03-17,570.0,577.88,539.0,543.0
2026-03-18,553.86,582.05,550.0,580.0
2026-03-19,580.0,592.8,569.9,575.2
2026-03-20,605.0,632.72,604.1,612.0
2026-03-23,590.31,618.1,585.0,599.62
2026-03-24,599.0,605.0,577.0,603.19
2026-03-25,625.0,635.0,616.05,628.4
2026-03-26,626.89,645.0,612.83,614.2
2026-03-27,598.85,609.88,588.66,598.0
2026-03-30,585.0,595.58,579.0,589.08
2026-03-31,571.0,585.9,555.0,569.41
2026-04-01,591.0,602.0,581.2,601.87
2026-04-02,593.01,596.77,578.69,582.0
2026-04-03,600.0,625.0,594.35,606.52
2026-04-07,608.0,636.66,597.7,619.53
2026-04-08,653.53,688.26,643.0,688.14
2026-04-09,682.0,700.0,678.01,693.02
2026-04-10,700.0,743.04,694.01,734.65
2026-04-13,738.8,744.0,714.23,738.0
2026-04-14,750.0,786.22,748.78,773.0
2026-04-15,787.0,808.83,766.0,779.98
2026-04-16,772.37,810.11,762.35,809.61
2026-04-17,841.0,865.0,820.24,851.0
2026-04-20,849.0,878.98,840.58,850.0
2026-04-21,849.75,868.0,839.0,864.86
2026-04-22,859.3,893.2,854.0,886.62
2026-04-23,890.0,919.99,877.78,897.0
2026-04-24,900.25,915.0,854.53,886.99
2026-04-27,899.0,900.0,854.0,857.03
2026-04-28,854.0,854.0,821.0,825.0
2026-04-29,816.23,863.0,816.23,846.0
2026-04-30,863.66,874.65,845.0,857.5
2026-05-06,888.5,889.0,840.45,856.0
2026-05-07,858.0,889.15,835.0,877.47
2026-05-08,864.95,898.95,861.56,886.0
2026-05-11,889.06,946.79,870.0,940.13
2026-05-12,961.0,1022.9,960.0,1017.99
2026-05-13,999.68,1052.2,991.12,1049.2
2026-05-14,1065.0,1088.88,1025.1,1078.0
2026-05-15,1068.99,1099.87,1034.0,1049.87
2026-05-18,1030.03,1075.0,1030.03,1045.0
2026-05-19,1026.0,1037.38,988.88,1030.0
2026-05-20,1019.11,1071.0,1019.11,1037.0
2026-05-21,1060.0,1065.0,993.34,993.34
2026-05-22,1010.04,1044.87,1006.18,1037.98
2026-05-25,1054.99,1094.98,1025.55,1093.0
2026-05-26,1079.0,1110.0,1076.0,1103.0
2026-05-27,1090.0,1147.0,1088.67,1111.37
2026-05-28,1100.0,1199.79,1085.56,1197.99
2026-05-29,1190.0,1209.99,1155.0,1161.16
2026-06-01,1161.0,1183.61,1113.9,1130.0
2026-06-02,1153.6,1205.58,1140.01,1191.81
2026-06-03,1220.0,1320.0,1220.0,1275.0
2026-06-04,1250.0,1290.0,1241.36,1280.0
2026-06-05,1273.2,1301.51,1160.0,1179.99
2026-06-08,1132.79,1179.45,1132.0,1154.99
2026-06-09,1140.97,1196.16,1126.9,1180.0
2026-06-10,1150.0,1174.0,1128.8,1147.0
2026-06-11,1136.0,1174.9,1093.0,1124.0
2026-06-12,1182.0,1188.5,1128.18,1149.0
2026-06-15,1175.0,1245.0,1122.0,1245.0
2026-06-16,1240.0,1273.68,1232.46,1248.09
2026-06-17,1228.0,1276.13,1220.05,1276.11
2026-06-18,1270.0,1368.5,1268.73,1367.88
2026-06-22,1367.78,1416.88,1343.38,1382.33
2026-06-23,1395.0,1395.0,1300.0,1310.01
2026-06-24,1313.61,1344.88,1282.15,1312.18
2026-06-25,1326.0,1345.09,1280.02,1323.4
2026-06-26,1296.0,1296.94,1235.13,1253.89
2026-06-29,1239.0,1264.21,1169.49,1220.0
2026-06-30,1223.01,1295.6,1218.21,1270.0
2026-07-01,1263.5,1315.57,1208.0,1223.17
2026-07-02,1160.0,1198.0,1127.4,1143.0
2026-07-03,1130.0,1188.01,1115.0,1116.0
2026-07-06,1136.54,1141.0,1060.34,1098.92
2026-07-07,1098.0,1138.2,1089.0,1121.9
2026-07-08,1134.8,1179.3,1114.56,1128.35
2026-07-09,1153.0,1199.99,1117.01,1194.9
2026-07-10,1210.0,1218.0,1093.98,1093.98
2026-07-13,1100.01,1148.48,1076.8,1108.0
2026-07-14,1108.53,1198.66,1098.0,1184.05
2026-07-15,1190.0,1207.98,1160.0,1169.31
2026-07-16,1122.22,1163.0,1098.0,1113.0
2026-07-17,1057.36,1072.0,950.55,979.46
2026-07-20,1028.43,1057.77,967.68,1004.0
2026-07-21,1020.01,1136.8,988.82,1136.55
2026-07-22,1110.0,1138.88,1060.5,1060.8
2026-07-23,1089.54,1115.0,1060.0,1072.52
2026-07-24,1050.53,1082.54,1039.01,1046.51
2026-07-27,1021.02,1080.0,1003.33,1076.94
2026-07-28,1001.06,1018.0,899.99,908.0
2026-07-29,915.0,965.0,889.5,951.0
2026-07-30,919.01,933.0,793.03,864.0
2026-07-31,960.0,986.89,901.0,902.01
2026-08-03,891.0,933.61,875.87,902.5
2026-08-04,940.0,1033.89,934.44,1021.99
2026-08-05,880.0,983.17,880.0,947.74
2026-08-06,901.02,995.0,882.55,955.0
2026-08-07,981.09,999.88,902.0,919.87
2026-08-10,917.99,919.8,835.0,864.58
2026-08-11,880.14,898.48,850.4,886.96
2026-08-12,880.13,936.8,876.01,921.0
2026-08-13,960.0,966.06,920.66,921.04
2026-08-14,930.0,948.77,916.0,943.0
2026-08-17,949.0,1014.87,917.46,1001.03
2026-08-18,1000.0,1009.0,971.81,988.1
2026-08-19,943.88,953.08,886.0,895.6
2026-08-20,904.99,912.01,881.0,904.2
2026-08-21,909.0,943.88,901.4,943.0
2026-08-24,945.0,949.73,850.0,870.22
2026-08-25,850.23,871.91,837.12,846.0
2026-08-26,855.0,866.0,830.0,850.9
2026-08-27,877.01,880.0,860.05,866.12
2026-08-28,863.99,915.88,856.63,858.35
2026-08-31,830.0,863.56,830.0,851.9
2026-09-01,852.5,887.0,837.33,859.3
2026-09-02,840.01,848.0,814.06,822.4
2026-09-03,833.2,835.9,804.02,813.0
2026-09-04,825.01,834.96,808.9,814.0
2026-09-07,838.61,902.26,836.13,898.46
2026-09-08,899.2,933.98,894.0,902.37
2026-09-09,932.5,934.49,901.0,908.9
2026-09-10,890.01,909.0,882.01,890.1
2026-09-11,898.17,929.8,891.17,926.0
2026-09-14,890.0,895.0,866.66,873.0
2026-09-15,873.0,873.0,873.0,873.0
