date,open,high,low,close
1999-03-19,19.88,22.68,19.0,22.35
1999-03-22,22.16,24.59,22.11,23.55
1999-03-23,23.5,23.86,22.9,23.3
1999-03-24,23.3,23.8,22.81,22.92
1999-03-25,22.79,23.35,22.26,23.15
1999-03-26,23.1,23.49,22.2,22.32
1999-03-29,22.26,22.6,21.38,21.98
1999-03-30,22.13,22.45,21.6,21.65
1999-03-31,21.65,21.93,21.02,21.2
1999-04-01,21.18,21.7,20.49,20.68
1999-04-02,20.49,21.3,20.32,21.17
1999-04-05,21.3,21.69,20.8,21.35
1999-04-06,21.38,21.77,20.88,21.0
1999-04-07,20.98,21.38,20.8,21.08
1999-04-08,21.08,21.1,20.28,20.55
1999-04-09,20.4,20.74,19.9,20.05
1999-04-12,19.92,20.48,19.17,20.0
1999-04-13,20.34,20.68,19.9,20.41
1999-04-14,20.45,20.59,20.1,20.2
1999-04-15,20.22,20.3,19.4,19.55
1999-04-16,19.5,19.97,19.32,19.58
1999-04-19,19.58,19.87,19.31,19.38
1999-04-20,19.38,19.59,19.0,19.22
1999-04-21,19.18,19.18,18.31,18.39
1999-04-22,18.2,19.5,17.9,19.01
1999-04-23,19.01,19.08,18.48,18.6
1999-04-26,18.55,18.6,17.68,17.7
1999-04-27,17.52,18.3,17.31,17.75
1999-04-28,17.82,19.53,17.82,19.53
1999-04-29,19.44,19.69,18.8,19.53
1999-04-30,19.6,19.68,19.08,19.2
1999-05-04,19.0,19.25,18.56,18.59
1999-05-05,18.5,20.18,18.41,20.0
1999-05-06,20.08,20.77,19.88,19.92
1999-05-07,19.89,20.45,19.65,19.97
1999-05-10,19.58,20.5,19.31,20.18
1999-05-11,20.4,20.8,20.18,20.59
1999-05-12,20.58,20.76,20.1,20.2
1999-05-13,20.13,20.3,19.85,19.96
1999-05-14,19.95,19.95,18.8,18.93
1999-05-17,18.58,19.38,18.41,18.85
1999-05-18,18.92,19.12,18.4,18.49
1999-05-19,18.45,20.34,17.7,20.34
1999-05-20,20.75,22.36,20.75,21.88
1999-05-21,21.98,22.96,21.61,22.54
1999-05-24,22.58,23.88,22.1,22.72
1999-05-25,22.7,24.99,22.0,23.9
1999-05-26,23.78,25.55,23.51,24.48
1999-05-27,24.45,25.01,23.7,23.97
1999-05-28,23.97,25.28,23.7,24.45
1999-05-31,24.8,25.3,23.7,24.38
1999-06-01,24.11,24.4,23.76,23.98
1999-06-02,24.01,26.0,24.0,24.15
1999-06-03,23.9,24.89,23.3,23.9
1999-06-04,24.1,25.4,23.96,24.81
1999-06-07,25.3,26.5,25.0,25.69
1999-06-08,25.8,25.89,25.01,25.1
1999-06-09,25.1,25.3,24.51,24.68
1999-06-10,25.01,25.27,24.51,24.65
1999-06-11,24.6,25.34,23.8,24.05
1999-06-14,23.9,24.7,23.78,24.41
1999-06-15,24.61,25.6,23.0,23.7
1999-06-16,24.04,25.65,24.04,25.59
1999-06-17,26.01,28.12,26.01,26.99
1999-06-18,27.1,27.28,25.58,25.68
1999-06-21,26.1,26.2,25.22,25.8
1999-06-22,25.8,26.55,25.38,26.11
1999-06-23,26.03,27.2,25.8,26.55
1999-06-24,26.98,29.21,26.6,29.0
1999-06-25,29.3,31.3,26.9,27.0
1999-06-28,28.0,29.7,27.62,29.7
1999-06-29,30.55,30.98,29.0,29.65
1999-06-30,30.01,30.28,27.88,28.02
1999-07-01,27.98,27.98,25.22,25.65
1999-07-02,26.18,28.0,25.75,27.2
1999-07-05,27.3,27.37,25.0,25.1
1999-07-06,24.8,25.79,24.1,24.7
1999-07-07,24.8,26.3,24.8,25.97
1999-07-08,26.1,26.29,25.2,25.36
1999-07-09,25.28,25.5,24.8,25.13
1999-07-12,25.1,25.2,23.28,23.41
1999-07-13,23.3,23.7,22.85,23.2
1999-07-14,23.2,23.88,23.1,23.7
1999-07-15,23.8,25.14,23.25,24.15
1999-07-16,21.75,23.39,21.74,21.74
1999-07-19,20.38,21.5,20.16,20.9
1999-07-20,20.68,22.84,20.68,22.28
1999-07-21,22.32,23.5,21.88,22.4
1999-07-22,22.25,22.4,21.21,21.29
1999-07-23,21.33,22.5,21.33,21.96
1999-07-26,21.96,22.18,21.5,21.68
1999-07-27,21.68,21.7,21.06,21.13
1999-07-28,21.18,22.54,21.13,22.15
1999-07-29,22.5,22.98,22.3,22.7
1999-07-30,22.9,22.91,22.41,22.74
1999-08-02,22.58,23.7,22.58,23.03
1999-08-03,23.05,23.37,22.6,22.7
1999-08-04,22.9,23.5,22.75,22.96
1999-08-05,23.0,23.09,22.45,22.54
1999-08-06,22.5,22.7,22.0,22.55
1999-08-09,22.54,22.55,21.93,21.98
1999-08-10,21.8,22.47,21.58,21.96
1999-08-11,22.2,22.9,21.91,22.5
1999-08-12,22.6,22.74,22.0,22.2
1999-08-13,22.22,22.49,21.9,22.22
1999-08-16,22.1,22.4,21.88,22.01
1999-08-17,22.0,22.85,22.0,22.4
1999-08-18,22.31,22.5,22.0,22.48
1999-08-19,22.6,24.6,22.5,23.92
1999-08-20,24.18,24.25,23.57,23.58
1999-08-23,23.6,24.2,23.3,23.86
1999-08-24,24.18,24.5,23.8,23.8
1999-08-25,23.95,23.95,23.04,23.22
1999-08-26,23.18,23.7,23.01,23.5
1999-08-27,23.46,24.6,23.45,24.22
1999-08-30,24.4,25.9,24.4,25.0
1999-08-31,25.25,25.7,24.99,25.3
1999-09-01,25.28,25.4,24.59,24.65
1999-09-02,24.57,26.2,24.15,26.04
1999-09-03,26.0,27.3,25.7,26.16
1999-09-06,26.03,26.9,25.84,26.25
1999-09-07,26.1,26.45,25.4,25.49
1999-09-08,25.49,26.37,25.49,25.94
1999-09-09,26.4,28.53,26.4,28.53
1999-09-10,31.37,31.38,30.05,30.4
1999-09-13,30.48,30.9,29.89,30.2
1999-09-14,30.0,31.19,29.8,30.6
1999-09-15,30.61,31.84,29.88,30.08
1999-09-16,30.08,30.2,28.8,28.88
1999-09-17,28.78,29.69,28.6,29.0
1999-09-20,29.0,29.49,28.8,29.08
1999-09-21,28.92,29.68,28.7,29.56
1999-09-22,29.56,29.8,28.25,28.28
1999-09-23,28.28,29.01,28.01,28.28
1999-09-24,28.38,28.98,27.98,28.08
1999-09-27,28.38,28.52,27.92,28.19
1999-09-28,28.25,28.5,27.43,27.9
1999-09-29,28.0,29.0,27.98,28.18
1999-09-30,28.38,28.49,27.4,27.69
1999-10-08,27.82,27.82,26.3,26.35
1999-10-11,26.01,26.86,26.01,26.71
1999-10-12,26.95,27.01,26.6,26.76
1999-10-13,26.86,26.98,25.72,25.9
1999-10-14,25.7,26.48,25.55,26.05
1999-10-15,26.15,26.98,26.05,26.8
1999-10-18,26.8,26.8,25.25,25.31
1999-10-19,24.95,25.46,24.78,24.79
1999-10-20,24.81,25.5,24.58,25.09
1999-10-21,25.08,25.19,24.3,24.32
1999-10-22,24.39,26.55,24.39,25.5
1999-10-25,25.48,25.48,24.5,24.74
1999-10-26,24.51,25.98,24.51,25.5
1999-10-27,26.4,26.75,25.81,26.45
1999-10-28,26.45,26.45,25.6,25.78
1999-10-29,25.8,26.0,25.25,25.35
1999-11-01,25.0,25.71,25.0,25.16
1999-11-02,25.16,25.86,25.16,25.74
1999-11-03,25.85,26.0,25.6,25.88
1999-11-04,26.0,26.38,24.9,25.08
1999-11-05,25.04,25.35,25.0,25.12
1999-11-08,25.0,25.54,25.0,25.38
1999-11-09,25.45,25.78,25.3,25.35
1999-11-10,25.1,25.18,24.68,24.82
1999-11-11,25.0,25.0,24.6,24.7
1999-11-12,24.99,25.0,24.7,24.71
1999-11-15,24.75,25.2,24.6,25.0
1999-11-16,25.2,25.41,23.5,23.7
1999-11-17,23.79,24.3,23.4,23.93
1999-11-18,23.8,25.2,23.65,24.59
1999-11-19,24.59,24.59,24.0,24.2
1999-11-22,24.0,24.25,23.8,24.01
1999-11-23,24.0,24.35,23.85,24.01
1999-11-24,24.21,24.21,23.58,23.58
1999-11-25,23.5,23.6,23.18,23.3
1999-11-26,23.35,23.58,23.18,23.28
1999-11-29,23.2,23.3,22.5,22.75
1999-11-30,22.76,23.08,22.7,22.78
1999-12-01,22.8,23.3,22.5,22.99
1999-12-02,23.0,23.0,22.68,22.75
1999-12-03,22.75,22.83,22.19,22.48
1999-12-06,22.5,22.58,22.3,22.33
1999-12-07,22.5,23.6,22.36,22.92
1999-12-08,22.51,23.0,22.51,22.85
1999-12-09,22.86,23.45,22.69,23.3
1999-12-10,23.31,24.4,23.3,24.36
1999-12-13,24.36,24.65,23.75,23.75
1999-12-14,23.75,24.1,23.38,23.76
1999-12-15,23.8,25.09,23.5,24.55
1999-12-16,24.45,24.72,24.25,24.55
1999-12-21,23.5,23.5,22.5,23.21
1999-12-22,23.01,24.1,23.01,23.7
1999-12-23,23.59,24.03,23.41,23.82
1999-12-24,23.8,24.28,23.6,23.63
1999-12-27,23.5,24.65,23.4,24.3
1999-12-28,24.5,24.66,23.8,23.95
1999-12-29,24.0,24.18,23.65,23.99
1999-12-30,24.5,24.58,24.1,24.12
2000-01-04,24.3,25.48,24.12,25.11
2000-01-05,25.25,26.2,24.78,25.01
2000-01-06,24.51,25.99,24.51,25.88
2000-01-07,26.0,26.86,25.7,26.36
2000-01-10,26.5,27.49,26.2,27.1
2000-01-11,27.0,27.0,25.5,25.65
2000-01-12,25.7,26.3,24.78,24.8
2000-01-13,24.8,25.0,24.3,24.4
2000-01-14,24.4,24.6,23.92,24.0
2000-01-17,24.0,24.6,23.68,24.55
2000-01-18,24.55,24.63,23.9,23.9
2000-01-19,23.9,24.5,23.7,24.18
2000-01-20,24.08,25.35,24.08,24.75
2000-01-21,24.74,25.95,24.55,25.0
2000-01-24,25.0,26.35,25.0,25.98
2000-01-25,26.0,26.2,25.0,25.2
2000-01-26,25.04,25.2,24.8,25.1
2000-01-27,26.0,27.5,25.31,26.92
2000-01-28,27.5,27.88,26.01,26.55
2000-02-14,28.01,29.21,27.3,29.21
2000-02-15,29.77,32.13,29.1,30.2
2000-02-16,30.0,31.5,28.8,29.8
2000-02-17,29.9,31.7,26.82,26.82
2000-02-18,26.3,26.82,24.98,26.8
2000-02-21,26.5,26.7,25.3,25.65
2000-02-22,25.3,26.45,25.15,25.3
2000-02-23,25.0,25.5,24.9,24.99
2000-02-24,25.11,25.79,25.08,25.55
2000-02-25,25.91,26.5,25.5,25.94
2000-02-28,26.0,27.5,26.0,27.44
2000-03-01,26.9,26.9,26.0,26.01
2000-03-02,26.0,26.8,25.5,26.0
2000-03-03,26.3,26.6,25.88,26.05
2000-03-06,26.05,26.3,24.9,24.95
2000-03-07,24.6,25.19,24.5,25.0
2000-03-08,25.0,26.01,24.75,25.95
2000-03-09,25.95,25.99,25.1,25.31
2000-03-10,25.3,25.55,24.8,24.94
2000-03-13,24.85,25.85,24.8,25.5
2000-03-14,25.0,25.22,24.5,25.1
2000-03-15,25.18,27.1,25.1,25.7
2000-03-16,25.69,26.88,25.28,26.55
2000-03-17,26.8,29.21,26.7,28.5
2000-03-20,28.0,29.8,27.8,28.7
2000-03-21,28.8,29.0,27.81,28.3
2000-03-22,28.3,30.19,28.28,28.91
2000-03-23,28.5,29.29,27.9,28.86
2000-03-24,29.18,29.38,27.51,27.55
2000-03-27,27.6,28.77,27.6,28.2
2000-03-28,28.5,29.7,28.4,29.05
2000-03-29,29.5,29.8,28.58,28.86
2000-03-30,28.8,29.0,28.1,28.4
2000-03-31,28.1,28.1,27.6,27.69
2000-04-03,27.5,28.1,27.2,27.72
2000-04-04,27.45,27.95,27.11,27.38
2000-04-05,27.4,28.2,27.4,27.9
2000-04-06,27.99,28.15,27.7,27.97
2000-04-07,28.6,28.6,27.81,27.9
2000-04-10,28.03,28.2,27.4,27.6
2000-04-11,27.6,28.48,26.92,28.08
2000-04-12,28.2,28.38,26.98,27.17
2000-04-13,27.1,28.0,27.0,27.2
2000-04-14,27.0,27.3,26.88,26.99
2000-04-17,26.8,26.8,25.97,26.0
2000-04-18,26.08,26.68,26.05,26.35
2000-04-19,26.8,27.28,26.4,27.1
2000-04-20,27.0,27.27,26.6,27.01
2000-04-21,27.01,27.79,26.91,27.3
2000-04-24,27.3,27.4,26.85,26.85
2000-04-25,26.7,27.45,26.69,27.2
2000-04-26,27.45,27.48,26.95,27.18
2000-04-27,27.18,28.0,27.0,27.4
2000-04-28,27.42,28.7,27.42,28.59
2000-05-08,28.99,29.09,28.1,28.2
2000-05-09,28.2,28.45,27.7,28.18
2000-05-10,28.0,28.05,27.33,27.62
2000-05-11,27.6,27.7,27.28,27.68
2000-05-12,27.88,28.2,27.5,27.61
2000-05-15,27.52,27.9,26.3,26.7
2000-05-16,26.76,27.0,26.4,26.66
2000-05-17,26.78,27.61,26.66,26.85
2000-05-19,27.55,27.8,27.23,27.57
2000-05-22,27.4,28.39,27.33,28.08
2000-05-23,28.19,28.3,27.7,28.18
2000-05-24,28.18,29.45,27.98,28.98
2000-05-25,29.1,29.6,28.8,29.1
2000-05-26,29.48,30.27,28.8,29.6
2000-05-29,29.79,30.2,29.15,29.7
2000-05-30,29.9,29.98,28.5,28.68
2000-05-31,28.68,29.2,28.4,28.73
2000-06-01,28.8,29.6,28.8,29.41
2000-06-02,29.45,31.75,28.5,31.2
2000-06-05,33.97,34.32,31.2,32.91
2000-06-06,33.25,34.2,32.6,33.27
2000-06-07,33.5,33.8,32.0,32.29
2000-06-08,32.3,32.6,31.38,31.65
2000-06-09,31.5,32.23,31.0,31.41
2000-06-12,31.03,31.49,30.6,31.09
2000-06-13,31.09,31.35,30.72,30.98
2000-06-14,31.04,31.45,30.36,30.37
2000-06-15,30.37,31.41,30.3,31.15
2000-06-16,31.15,31.38,30.48,30.65
2000-06-19,30.5,31.18,30.0,30.68
2000-06-20,30.86,31.8,30.86,31.15
2000-06-21,31.26,32.88,31.2,32.74
2000-06-22,33.0,33.28,32.0,32.22
2000-06-23,32.28,33.68,32.03,33.22
2000-06-26,33.7,33.7,32.97,33.14
2000-06-27,33.1,33.14,32.0,32.15
2000-06-28,32.16,33.0,32.16,32.45
2000-06-29,32.25,32.4,31.4,32.0
2000-06-30,31.68,32.48,31.35,31.5
2000-07-03,31.49,31.5,30.69,30.76
2000-07-04,30.76,31.4,30.75,31.35
2000-07-05,31.35,31.85,30.8,30.97
2000-07-06,30.8,31.29,30.5,30.87
2000-07-07,31.18,31.67,31.0,31.5
2000-07-10,32.0,32.49,31.61,31.99
2000-07-11,32.0,32.55,28.85,32.51
2000-07-12,32.85,33.96,32.51,32.6
2000-07-13,32.68,35.86,32.6,35.86
2000-07-14,36.38,36.63,34.99,35.2
2000-07-17,35.5,35.5,34.28,34.39
2000-07-18,34.39,35.8,34.3,35.25
2000-07-19,35.35,35.48,34.7,34.79
2000-07-20,34.5,34.8,33.33,33.9
2000-07-21,34.0,34.2,33.42,33.55
2000-07-24,33.8,33.8,32.8,32.9
2000-07-25,32.9,33.49,32.81,33.29
2000-07-26,33.3,34.97,33.3,33.96
2000-07-27,33.85,34.07,33.45,33.52
2000-07-28,33.62,34.8,33.62,34.01
2000-07-31,34.0,34.6,33.5,34.25
2000-08-01,34.3,34.6,33.5,33.67
2000-08-02,33.75,34.12,33.23,33.5
2000-08-03,34.0,34.5,33.5,34.05
2000-08-04,34.38,34.96,33.9,34.06
2000-08-07,33.96,34.05,33.4,33.75
2000-08-08,33.56,34.28,33.35,33.43
2000-08-09,33.63,34.0,33.2,33.8
2000-08-10,34.1,35.49,33.75,35.08
2000-08-11,35.12,35.19,34.0,34.05
2000-08-14,34.0,34.2,33.7,33.9
2000-08-15,34.0,34.09,33.44,33.52
2000-08-16,33.7,33.7,33.02,33.2
2000-08-17,33.68,33.68,32.8,32.94
2000-08-18,31.6,32.45,31.0,31.22
2000-08-21,31.0,31.18,30.02,30.93
2000-08-22,30.88,31.0,30.3,30.3
2000-08-23,30.19,31.0,29.5,30.95
2000-08-24,30.95,31.05,30.44,30.8
2000-08-25,30.85,31.16,30.7,31.12
2000-08-28,31.05,31.05,30.58,30.68
2000-08-29,30.68,30.68,30.05,30.15
2000-08-30,30.08,30.5,30.08,30.18
2000-08-31,30.0,30.0,28.7,28.71
2000-09-01,28.51,29.3,28.49,28.68
2000-09-04,28.53,29.0,28.49,28.98
2000-09-05,28.99,29.1,28.01,28.08
2000-09-06,27.97,28.2,27.15,27.2
2000-09-07,27.3,28.0,27.2,27.46
2000-09-08,27.65,28.45,27.5,27.95
2000-09-11,28.0,28.25,27.65,27.8
2000-09-12,27.81,27.93,27.6,27.86
2000-09-13,27.9,28.49,27.8,28.49
2000-09-14,28.4,28.8,28.2,28.75
2000-09-15,28.75,28.75,27.94,28.1
2000-09-18,28.12,28.25,27.54,27.55
2000-09-19,27.39,27.45,26.38,26.5
2000-09-20,26.55,27.2,26.5,26.95
2000-09-21,27.0,27.17,26.6,26.71
2000-09-22,26.6,26.81,26.5,26.57
2000-09-25,26.81,26.81,26.4,26.4
2000-09-26,26.6,26.97,26.55,26.8
2000-09-27,26.88,27.15,26.69,27.1
2000-09-28,27.4,28.0,27.18,27.38
2000-09-29,27.4,27.68,27.0,27.63
2000-10-09,27.72,27.72,26.8,27.1
2000-10-10,27.2,27.58,26.97,27.3
2000-10-11,27.6,27.97,27.24,27.6
2000-10-12,27.3,27.6,27.01,27.04
2000-10-13,27.1,27.48,26.7,26.85
2000-10-16,26.9,27.0,26.44,26.44
2000-10-17,26.44,26.97,26.4,26.92
2000-10-18,26.95,27.43,26.9,27.39
2000-10-19,27.35,27.44,27.0,27.1
2000-10-20,27.05,28.8,27.0,28.24
2000-10-23,28.3,28.5,28.0,28.36
2000-10-24,28.42,28.48,27.8,28.1
2000-10-25,28.2,29.2,28.2,28.52
2000-10-26,28.68,28.72,28.3,28.35
2000-10-27,28.55,28.55,27.9,28.2
2000-10-30,28.2,28.23,27.65,27.8
2000-10-31,27.86,28.04,27.58,27.74
2000-11-01,27.74,28.26,27.2,28.23
2000-11-02,29.0,29.0,28.25,28.33
2000-11-03,28.21,28.45,27.9,28.35
2000-11-06,28.18,29.17,28.18,28.78
2000-11-07,28.8,29.0,28.72,28.82
2000-11-08,28.83,29.11,28.6,29.11
2000-11-09,29.1,29.8,29.01,29.42
2000-11-10,29.58,30.48,29.45,30.34
2000-11-13,30.28,30.9,29.9,30.8
2000-11-14,30.79,30.79,30.0,30.42
2000-11-15,30.42,30.7,29.59,29.7
2000-11-16,29.59,29.96,29.38,29.66
2000-11-17,29.8,29.9,29.08,29.22
2000-11-20,29.22,29.48,29.0,29.3
2000-11-21,29.45,30.1,29.35,29.36
2000-11-22,29.3,29.45,29.01,29.42
2000-11-23,29.45,29.88,29.2,29.35
2000-11-24,29.35,29.8,28.28,28.65
2000-11-27,28.4,28.49,28.0,28.2
2000-11-28,28.25,28.77,28.25,28.44
2000-11-29,28.5,28.6,28.05,28.2
2000-11-30,28.0,28.3,27.81,27.92
2000-12-01,28.1,28.1,27.86,28.04
2000-12-04,28.04,28.72,27.98,28.67
2000-12-05,28.75,28.76,28.3,28.48
2000-12-06,28.35,28.5,27.8,27.89
2000-12-07,27.91,28.28,27.65,27.8
2000-12-08,27.9,28.3,27.77,27.9
2000-12-11,28.01,28.3,27.85,28.1
2000-12-12,28.1,28.44,27.95,28.27
2000-12-13,28.27,28.27,27.9,27.97
2000-12-14,27.9,28.1,27.88,27.89
2000-12-15,27.9,28.97,27.81,28.66
2000-12-18,28.47,29.3,28.3,29.28
2000-12-19,29.28,29.48,28.9,29.0
2000-12-20,29.0,30.4,28.98,29.98
2000-12-21,30.2,30.5,29.6,29.63
2000-12-22,29.7,29.72,29.0,29.15
2000-12-25,29.08,29.46,29.01,29.06
2000-12-26,29.1,29.52,29.1,29.45
2000-12-27,29.7,29.7,29.18,29.18
2000-12-28,29.02,29.3,28.92,29.02
2000-12-29,29.1,30.1,29.1,29.65
2001-01-02,30.0,30.39,29.61,30.14
2001-01-03,30.2,30.48,29.85,30.45
2001-01-04,30.59,30.68,29.9,29.9
2001-01-05,29.93,30.3,29.71,30.15
2001-01-08,30.0,30.26,29.02,29.35
2001-01-09,29.05,29.68,29.05,29.4
2001-01-10,29.4,29.65,29.21,29.48
2001-01-11,29.48,29.68,29.2,29.65
2001-01-12,29.65,29.98,29.01,29.52
2001-01-15,29.05,29.48,28.33,28.33
2001-01-16,28.0,28.35,27.8,28.19
2001-01-17,28.2,28.38,27.7,27.95
2001-01-18,27.9,28.19,27.9,28.07
2001-01-19,28.1,28.6,28.02,28.36
2001-02-05,28.2,28.96,27.83,28.4
2001-02-06,28.3,28.4,27.8,28.3
2001-02-07,28.3,28.8,28.0,28.3
2001-02-08,28.2,28.48,26.58,27.99
2001-02-09,27.88,28.2,27.15,27.98
2001-02-12,27.7,27.95,27.2,27.77
2001-02-13,27.68,28.2,27.3,27.97
2001-02-14,27.95,28.21,27.5,28.0
2001-02-15,27.6,28.05,27.6,27.84
2001-02-16,27.65,27.98,26.97,27.7
2001-02-19,27.78,28.45,27.42,28.08
2001-02-20,28.15,28.84,28.08,28.35
2001-02-21,28.56,28.56,27.61,27.7
2001-02-22,27.7,27.98,27.41,27.78
2001-02-23,27.88,28.65,27.72,28.43
2001-02-26,28.55,28.67,28.21,28.54
2001-02-27,28.8,28.95,28.55,28.81
2001-02-28,28.92,29.12,28.7,28.81
2001-03-01,28.8,28.92,28.48,28.51
2001-03-02,28.44,28.9,28.44,28.84
2001-03-05,29.0,29.0,28.51,28.54
2001-03-06,28.55,28.76,28.44,28.7
2001-03-07,28.78,28.9,28.6,28.6
2001-03-08,28.5,28.67,28.4,28.45
2001-03-09,28.5,29.22,28.41,29.0
2001-03-12,29.28,29.28,28.7,28.91
2001-03-13,28.75,28.75,28.42,28.59
2001-03-14,28.4,28.8,28.4,28.75
2001-03-15,28.69,28.8,28.35,28.38
2001-03-16,28.4,28.6,28.03,28.26
2001-03-19,28.2,29.0,28.05,28.66
2001-03-21,28.78,29.36,28.78,29.2
2001-03-22,29.19,29.19,28.8,29.0
2001-03-23,29.36,29.38,28.81,29.2
2001-03-26,29.0,29.25,29.0,29.1
2001-03-27,29.15,29.9,29.0,29.58
2001-03-28,29.68,29.68,29.02,29.57
2001-03-29,29.65,29.65,29.02,29.11
2001-03-30,28.58,29.2,28.58,28.85
2001-04-02,28.68,29.35,28.68,29.04
2001-04-03,29.04,29.27,28.8,29.18
2001-04-04,29.01,29.45,28.83,29.2
2001-04-05,28.95,29.39,28.58,29.05
2001-04-06,28.8,29.35,28.8,29.07
2001-04-09,29.0,29.02,28.77,28.89
2001-04-10,28.85,28.95,28.59,28.69
2001-04-11,28.84,28.98,28.55,28.59
2001-04-12,28.6,29.1,28.38,28.58
2001-04-13,28.98,28.98,28.61,28.93
2001-04-16,28.9,29.37,28.73,29.3
2001-04-17,29.3,29.5,29.0,29.33
2001-04-18,29.28,29.88,29.28,29.39
2001-04-19,29.2,29.6,28.96,29.25
2001-04-20,29.37,30.1,29.25,29.3
2001-04-23,29.45,29.71,28.81,29.06
2001-04-24,29.03,29.1,28.85,28.87
2001-04-25,28.9,29.0,28.0,28.18
2001-04-26,28.3,28.6,28.0,28.18
2001-04-27,28.18,28.5,28.18,28.26
2001-04-30,28.26,28.32,28.2,28.25
2001-05-08,28.3,28.33,28.21,28.28
2001-05-09,28.28,28.32,28.03,28.1
2001-05-10,28.0,28.15,28.0,28.05
2001-05-11,28.1,28.38,28.0,28.12
2001-05-14,27.88,28.38,27.5,28.35
2001-05-15,28.51,28.6,28.15,28.17
2001-05-16,28.3,28.38,28.1,28.19
2001-05-17,28.28,28.28,27.82,27.93
2001-05-18,27.93,28.28,27.7,28.19
2001-05-21,28.19,28.28,27.66,27.72
2001-05-22,27.75,28.16,27.65,27.8
2001-05-23,27.81,27.82,27.34,27.35
2001-05-24,27.35,27.58,27.02,27.16
2001-05-25,27.16,27.3,26.85,27.19
2001-05-28,27.2,27.4,27.0,27.25
2001-05-29,27.3,27.3,27.05,27.06
2001-05-30,27.08,27.28,26.9,27.23
2001-05-31,27.3,27.95,27.3,27.58
2001-06-01,27.7,27.9,27.4,27.64
2001-06-04,27.64,27.7,27.31,27.38
2001-06-05,27.35,27.35,27.03,27.16
2001-06-06,27.18,27.35,27.02,27.1
2001-06-07,27.15,27.45,27.0,27.18
2001-06-08,27.2,27.28,26.99,27.08
2001-06-11,27.05,27.42,27.0,27.08
2001-06-12,27.05,27.16,26.88,26.93
2001-06-13,26.9,27.36,26.9,27.3
2001-06-14,27.3,27.35,26.96,27.0
2001-06-15,27.1,27.55,26.93,27.4
2001-06-19,27.1,27.1,26.58,26.7
2001-06-20,26.68,26.88,25.91,26.0
2001-06-21,26.0,26.37,25.92,26.22
2001-06-22,26.23,26.42,26.1,26.24
2001-06-25,26.25,26.38,25.86,26.0
2001-06-26,26.0,26.28,25.49,25.7
2001-06-27,25.7,26.25,25.61,25.8
2001-06-28,25.9,26.19,25.8,25.88
2001-06-29,26.05,26.05,25.63,25.8
2001-07-02,25.8,25.8,25.39,25.42
2001-07-03,25.45,25.55,25.01,25.35
2001-07-04,25.34,25.59,25.34,25.46
2001-07-05,25.48,25.5,25.22,25.35
2001-07-06,25.46,26.08,25.45,25.72
2001-07-09,25.78,25.98,25.6,25.66
2001-07-10,25.65,25.95,25.64,25.79
2001-07-11,25.79,25.9,25.5,25.55
2001-07-12,25.5,25.7,25.4,25.51
2001-07-13,25.61,25.88,25.61,25.69
2001-07-16,26.0,26.28,25.4,25.5
2001-07-17,25.6,25.68,25.1,25.21
2001-07-18,25.11,25.57,25.1,25.29
2001-07-19,25.3,25.4,25.2,25.3
2001-07-20,25.31,25.6,25.28,25.49
2001-07-23,25.69,25.69,25.07,25.1
2001-07-24,25.1,25.1,24.5,24.53
2001-07-25,24.4,24.4,23.82,23.9
2001-07-26,23.6,23.89,23.2,23.38
2001-07-27,23.3,23.38,22.5,22.55
2001-07-30,22.08,22.4,21.0,21.05
2001-07-31,20.88,21.55,20.79,21.1
2001-08-01,21.28,21.8,21.28,21.72
2001-08-02,21.78,21.86,20.0,21.0
2001-08-03,21.18,21.2,20.8,21.18
2001-08-06,21.18,21.4,20.01,20.21
2001-08-07,20.2,21.0,20.0,20.68
2001-08-08,20.6,20.7,20.1,20.5
2001-08-09,20.39,20.8,20.39,20.75
2001-08-10,20.79,21.25,20.79,21.0
2001-08-13,20.98,21.36,20.71,21.32
2001-08-14,21.3,21.33,20.8,20.93
2001-08-15,20.9,21.22,20.88,21.1
2001-08-16,21.1,21.23,20.74,20.8
2001-08-17,20.68,20.9,20.68,20.85
2001-08-20,21.01,21.2,20.55,20.81
2001-08-21,20.82,21.1,20.8,20.8
2001-08-22,20.5,20.78,20.1,20.19
2001-08-23,20.05,20.05,19.5,19.56
2001-08-24,19.56,20.0,19.33,19.39
2001-08-27,19.28,19.28,18.21,18.28
2001-08-28,18.05,18.98,18.0,18.82
2001-08-29,18.91,19.5,18.62,19.09
2001-08-30,19.0,19.2,18.65,18.96
2001-08-31,19.0,19.18,18.88,18.89
2001-09-03,18.92,19.25,18.92,19.1
2001-09-04,19.0,19.95,19.0,19.88
2001-09-05,20.0,20.33,19.88,19.91
2001-09-06,19.88,20.0,19.75,19.8
2001-09-07,19.7,19.95,18.8,18.82
2001-09-10,18.6,19.85,18.3,19.65
2001-09-11,19.91,20.15,19.6,19.9
2001-09-12,19.41,21.5,18.8,21.3
2001-09-13,21.28,22.3,21.15,21.4
2001-09-14,21.49,22.0,21.11,21.65
2001-09-17,21.65,22.38,21.42,22.03
2001-09-18,22.03,22.48,21.63,22.06
2001-09-19,22.1,22.68,21.5,22.48
2001-09-20,22.58,22.58,21.78,21.8
2001-09-21,21.55,21.98,21.55,21.62
2001-09-24,21.6,22.2,21.58,21.92
2001-09-25,22.09,22.38,21.2,21.26
2001-09-26,21.01,21.49,20.65,20.66
2001-09-27,20.55,21.48,20.55,21.2
2001-09-28,21.42,21.45,20.9,21.24
2001-10-08,21.24,21.63,21.0,21.31
2001-10-09,21.09,21.91,21.09,21.8
2001-10-10,21.8,21.85,20.7,21.37
2001-10-11,21.38,21.57,20.7,20.87
2001-10-12,21.0,22.0,19.88,21.96
2001-10-15,22.0,22.55,21.6,22.34
2001-10-16,22.33,22.33,21.75,21.82
2001-10-17,21.8,22.0,21.18,21.4
2001-10-18,21.4,21.8,21.15,21.42
2001-10-19,21.42,21.49,19.98,20.18
2001-10-22,20.0,20.15,18.5,18.68
2001-10-23,20.55,20.55,20.01,20.55
2001-10-24,21.8,22.4,21.0,21.77
2001-10-25,21.3,23.95,21.09,22.7
2001-10-26,22.5,22.87,22.19,22.68
2001-10-29,22.68,23.15,22.55,22.9
2001-10-30,23.02,23.02,22.22,22.32
2001-10-31,22.2,22.6,22.2,22.5
2001-11-01,22.61,23.15,22.4,22.6
2001-11-02,22.5,22.68,22.0,22.1
2001-11-05,21.7,22.16,21.7,21.81
2001-11-06,21.81,22.2,21.76,21.9
2001-11-07,21.8,21.94,19.9,20.0
2001-11-08,19.7,20.76,19.54,20.67
2001-11-09,20.7,21.25,20.19,20.94
2001-11-12,20.94,21.12,20.6,20.65
2001-11-13,20.5,20.89,20.22,20.4
2001-11-14,20.41,20.74,20.41,20.44
2001-11-15,20.44,20.9,20.44,20.65
2001-11-16,22.65,22.65,21.0,21.05
2001-11-19,21.5,21.5,21.0,21.44
2001-11-20,21.5,21.88,21.4,21.72
2001-11-21,21.8,21.85,21.46,21.55
2001-11-22,21.65,22.04,21.61,21.9
2001-11-23,22.03,22.03,21.6,21.65
2001-11-26,21.5,21.6,21.25,21.43
2001-11-27,21.35,21.68,21.35,21.62
2001-11-28,21.8,22.2,21.63,21.85
2001-11-29,21.9,22.08,21.75,21.75
2001-11-30,21.18,21.3,20.52,20.87
2001-12-03,20.8,21.09,20.53,20.97
2001-12-04,20.97,20.97,20.71,20.93
2001-12-05,20.89,20.89,20.48,20.48
2001-12-06,20.49,21.19,20.49,20.96
2001-12-07,20.85,21.08,20.85,20.93
2001-12-10,20.8,21.05,20.8,20.99
2001-12-11,20.99,21.1,20.7,20.79
2001-12-12,20.38,20.8,20.15,20.25
2001-12-13,20.2,20.48,19.65,19.69
2001-12-14,19.7,19.96,19.59,19.66
2001-12-17,19.61,19.9,19.61,19.69
2001-12-18,19.76,20.04,19.76,20.0
2001-12-19,20.1,20.15,19.62,19.69
2001-12-20,19.67,19.67,18.95,19.0
2001-12-21,19.0,19.2,18.86,19.0
2001-12-24,19.02,19.02,18.4,18.4
2001-12-25,18.3,18.6,18.21,18.54
2001-12-26,18.45,18.68,18.45,18.65
2001-12-27,18.72,18.85,18.5,18.53
2001-12-28,18.53,18.53,17.3,17.47
2001-12-31,17.47,17.67,16.48,16.53
2002-01-04,16.53,16.95,16.53,16.8
2002-01-07,16.71,16.72,16.0,16.42
2002-01-08,16.42,16.65,16.2,16.26
2002-01-09,16.25,16.26,16.0,16.06
2002-01-10,16.06,16.9,16.0,16.77
2002-01-11,16.79,16.79,16.2,16.23
2002-01-14,16.0,16.0,14.61,14.61
2002-01-15,14.45,14.76,13.81,13.99
2002-01-16,13.96,14.47,13.82,14.38
2002-01-17,14.35,14.36,13.51,13.58
2002-01-18,13.2,14.4,13.2,13.9
2002-01-21,13.15,13.37,12.66,12.87
2002-01-22,12.53,13.65,12.53,12.99
2002-01-23,12.9,13.84,12.8,13.81
2002-01-24,13.78,14.2,13.35,13.84
2002-01-25,13.75,14.3,13.7,13.97
2002-01-28,14.1,14.13,12.7,12.74
2002-01-29,12.6,13.5,12.57,13.13
2002-01-30,13.1,13.29,12.8,13.13
2002-01-31,13.22,14.4,13.22,14.28
2002-02-01,14.35,14.8,14.05,14.5
2002-02-04,14.49,14.87,14.48,14.84
2002-02-05,14.88,14.88,14.5,14.72
2002-02-06,14.7,15.08,14.53,14.56
2002-02-07,14.48,15.17,14.38,14.97
2002-02-08,15.0,15.18,14.6,14.66
2002-02-25,14.94,15.17,14.64,14.82
2002-02-26,14.5,14.64,14.0,14.6
2002-02-27,14.58,14.75,14.34,14.74
2002-02-28,14.8,15.5,14.66,15.22
2002-03-01,15.18,16.21,15.12,15.88
2002-03-04,15.9,16.2,15.88,16.13
2002-03-05,16.18,16.44,15.9,16.34
2002-03-06,16.34,16.78,16.2,16.25
2002-03-07,16.23,16.69,16.2,16.68
2002-03-08,16.7,17.44,16.61,16.97
2002-03-11,17.0,17.25,16.71,17.0
2002-03-12,17.08,17.1,16.46,16.49
2002-03-13,16.4,16.98,16.25,16.52
2002-03-14,16.4,16.89,16.38,16.85
2002-03-15,16.98,17.97,16.98,17.25
2002-03-18,17.4,17.85,17.12,17.4
2002-03-19,17.4,17.94,17.16,17.89
2002-03-20,18.28,18.48,17.8,18.02
2002-03-21,18.05,18.32,17.75,17.85
2002-03-22,17.95,18.29,17.77,17.93
2002-03-25,17.98,18.1,17.8,17.96
2002-03-26,17.95,17.99,17.3,17.39
2002-03-27,17.14,17.39,16.96,17.29
2002-03-28,17.3,17.37,17.0,17.08
2002-03-29,17.01,17.02,16.18,16.24
2002-04-01,16.12,16.24,15.9,16.09
2002-04-02,16.05,16.24,15.58,15.7
2002-04-03,15.7,15.92,15.2,15.47
2002-04-04,15.47,16.75,15.28,16.71
2002-04-05,16.7,16.8,16.29,16.34
2002-04-08,16.12,16.6,16.12,16.45
2002-04-09,16.45,17.2,16.45,16.98
2002-04-10,17.0,17.3,16.88,17.0
2002-04-11,17.19,17.19,16.5,16.5
2002-04-12,16.51,16.69,16.45,16.51
2002-04-15,16.62,16.62,16.05,16.23
2002-04-16,16.23,17.29,16.18,16.41
2002-04-17,16.58,16.85,16.4,16.56
2002-04-18,16.56,16.6,16.28,16.32
2002-04-19,16.21,16.45,16.17,16.45
2002-04-22,16.1,16.49,16.1,16.19
2002-04-23,16.19,16.44,16.18,16.25
2002-04-24,16.28,16.47,16.21,16.22
2002-04-25,16.21,16.25,15.95,16.08
2002-04-26,16.1,16.47,16.1,16.35
2002-04-29,16.31,16.8,16.3,16.74
2002-04-30,16.76,16.8,16.6,16.7
2002-05-08,16.61,16.62,16.35,16.35
2002-05-09,16.35,16.6,16.25,16.3
2002-05-10,16.28,16.6,16.23,16.29
2002-05-13,16.24,16.25,15.72,15.8
2002-05-14,15.81,16.25,15.8,15.8
2002-05-15,15.9,16.0,15.65,15.7
2002-05-16,15.9,15.9,14.9,15.0
2002-05-17,14.98,15.36,14.85,15.19
2002-05-20,15.19,15.28,14.65,14.85
2002-05-21,15.2,15.86,15.15,15.41
2002-05-22,15.4,15.5,15.1,15.1
2002-05-23,15.26,15.5,15.0,15.11
2002-05-24,15.05,15.05,14.68,14.84
2002-05-27,15.0,15.09,14.8,14.93
2002-05-28,15.01,15.32,14.91,14.98
2002-05-29,15.0,15.0,14.55,14.58
2002-05-30,14.4,14.68,14.1,14.41
2002-06-03,14.2,14.6,14.0,14.22
2002-06-04,14.26,14.4,14.03,14.28
2002-06-05,14.28,14.65,14.0,14.61
2002-06-06,14.56,15.8,14.52,15.5
2002-06-07,15.4,15.95,15.15,15.51
2002-06-10,15.55,15.55,15.13,15.18
2002-06-11,15.18,15.4,15.18,15.26
2002-06-12,15.3,15.3,14.89,15.01
2002-06-13,15.07,15.19,14.71,14.72
2002-06-14,14.55,14.93,14.53,14.65
2002-06-17,14.68,14.72,14.5,14.69
2002-06-18,14.79,15.1,14.74,14.98
2002-06-19,15.0,15.0,14.8,14.8
2002-06-20,14.86,15.0,14.77,14.82
2002-06-21,14.85,15.35,14.8,15.3
2002-06-24,16.83,16.83,15.9,16.82
2002-06-25,16.82,16.85,16.2,16.32
2002-06-26,16.1,17.75,16.08,16.96
2002-06-27,16.94,17.08,16.66,16.81
2002-06-28,16.8,17.09,16.0,16.49
2002-07-01,16.38,17.28,16.38,16.69
2002-07-02,16.6,17.18,16.53,17.09
2002-07-03,17.09,17.15,16.85,16.88
2002-07-04,16.9,17.08,16.6,16.61
2002-07-05,16.61,16.75,16.4,16.63
2002-07-08,16.6,16.73,16.45,16.63
2002-07-09,16.6,16.69,16.46,16.48
2002-07-10,16.4,16.6,16.4,16.46
2002-07-11,16.45,16.5,16.3,16.33
2002-07-12,16.35,16.5,16.28,16.39
2002-07-15,16.37,16.45,16.31,16.35
2002-07-16,16.35,16.63,16.35,16.4
2002-07-17,16.31,16.49,16.18,16.4
2002-07-18,16.46,16.48,16.32,16.37
2002-07-19,16.41,16.47,16.25,16.27
2002-07-22,16.25,16.25,16.01,16.04
2002-07-23,16.02,16.04,15.68,15.74
2002-07-24,15.74,15.83,15.61,15.65
2002-07-25,15.78,15.78,15.6,15.65
2002-07-26,15.65,15.87,15.65,15.72
2002-07-29,15.5,15.5,14.91,15.17
2002-07-30,15.15,15.2,14.95,15.12
2002-07-31,15.04,15.19,15.0,15.03
2002-08-01,14.96,15.2,14.96,15.05
2002-08-02,15.05,15.43,15.05,15.31
2002-08-05,15.5,15.6,15.33,15.4
2002-08-06,15.4,15.6,15.3,15.37
2002-08-07,15.4,15.48,15.24,15.27
2002-08-08,15.28,15.3,15.0,15.04
2002-08-09,15.0,15.1,14.86,14.87
2002-08-12,14.85,14.85,14.68,14.7
2002-08-13,14.7,14.93,14.7,14.79
2002-08-14,14.95,14.95,14.8,14.9
2002-08-15,14.9,14.98,14.75,14.86
2002-08-16,14.7,14.96,14.68,14.96
2002-08-19,14.78,14.94,14.7,14.74
2002-08-20,14.7,15.04,14.7,14.94
2002-08-21,14.93,15.39,14.91,15.23
2002-08-22,15.1,15.8,15.08,15.46
2002-08-23,15.46,15.51,15.25,15.28
2002-08-26,15.28,15.55,15.28,15.46
2002-08-27,15.35,16.18,15.2,15.84
2002-08-28,15.77,15.95,15.58,15.61
2002-08-29,15.65,15.66,15.35,15.36
2002-08-30,15.33,15.48,15.33,15.38
2002-09-02,15.4,15.5,15.35,15.39
2002-09-03,15.5,15.63,15.39,15.5
2002-09-04,15.45,15.57,15.2,15.23
2002-09-05,15.24,15.24,15.01,15.06
2002-09-06,15.13,15.13,15.0,15.03
2002-09-09,15.03,15.17,14.96,15.11
2002-09-10,15.11,15.11,14.98,15.05
2002-09-11,15.03,15.16,14.98,15.11
2002-09-12,15.11,15.29,15.05,15.25
2002-09-13,15.3,15.34,15.14,15.15
2002-09-16,15.16,15.16,14.88,14.88
2002-09-17,14.8,15.16,14.8,14.96
2002-09-18,14.95,15.1,14.91,14.92
2002-09-19,14.92,15.18,14.85,15.17
2002-09-20,15.18,15.18,15.03,15.16
2002-09-23,15.08,15.08,14.95,15.0
2002-09-24,14.9,15.01,14.9,14.96
2002-09-25,14.9,15.0,14.85,14.85
2002-09-26,14.85,15.0,14.8,14.8
2002-09-27,14.51,14.98,14.5,14.69
2002-10-08,14.6,14.6,14.48,14.52
2002-10-09,14.65,14.65,14.0,14.12
2002-10-10,14.05,14.15,13.78,13.8
2002-10-11,13.95,14.0,13.76,13.8
2002-10-14,13.8,13.9,13.58,13.8
2002-10-15,13.85,13.85,13.65,13.77
2002-10-16,13.76,14.2,13.76,13.94
2002-10-17,14.07,14.08,13.7,13.7
2002-10-18,13.67,13.8,13.57,13.7
2002-10-21,13.69,13.85,13.65,13.73
2002-10-22,13.73,14.14,13.73,14.0
2002-10-23,14.0,14.0,13.9,14.0
2002-10-24,13.99,14.1,13.83,13.84
2002-10-25,13.83,14.0,13.52,13.56
2002-10-28,13.56,13.56,13.05,13.14
2002-10-29,13.2,13.48,13.04,13.4
2002-10-30,13.4,13.44,13.21,13.25
2002-10-31,13.25,13.46,13.16,13.24
2002-11-01,13.2,13.45,13.2,13.4
2002-11-04,13.6,13.79,13.41,13.71
2002-11-05,13.71,14.28,13.71,14.03
2002-11-06,14.04,14.04,13.8,13.9
2002-11-07,13.9,14.0,13.72,13.79
2002-11-08,14.08,14.18,13.35,13.45
2002-11-11,13.42,13.55,13.2,13.21
2002-11-12,13.21,13.42,12.9,13.14
2002-11-13,13.1,13.27,12.83,13.13
2002-11-14,13.13,13.18,12.8,12.96
2002-11-15,12.92,13.26,12.9,13.0
2002-11-18,12.95,13.0,12.6,12.71
2002-11-19,12.71,12.99,12.68,12.89
2002-11-20,12.75,13.0,12.65,12.82
2002-11-21,12.77,12.77,12.2,12.26
2002-11-22,12.5,12.51,11.95,12.18
2002-11-25,12.1,12.2,12.0,12.09
2002-11-26,12.01,12.18,11.6,11.63
2002-11-27,11.5,11.58,11.2,11.47
2002-11-28,11.47,12.3,11.31,12.05
2002-11-29,12.1,12.49,11.86,12.17
2002-12-02,12.2,12.2,11.58,11.66
2002-12-03,11.75,11.78,11.6,11.73
2002-12-04,11.73,12.2,11.6,11.87
2002-12-05,11.69,12.46,11.61,12.44
2002-12-06,12.4,12.43,12.18,12.26
2002-12-09,12.12,12.33,12.05,12.11
2002-12-10,12.15,12.2,11.7,11.77
2002-12-11,11.7,11.9,11.6,11.85
2002-12-12,11.8,12.2,11.78,11.97
2002-12-13,11.63,12.15,11.63,12.06
2002-12-16,12.06,12.44,12.06,12.23
2002-12-17,12.25,12.43,12.08,12.3
2002-12-18,12.22,12.8,12.21,12.48
2002-12-19,12.33,12.48,12.18,12.27
2002-12-20,12.27,12.78,12.27,12.46
2002-12-23,12.68,12.76,12.41,12.43
2002-12-24,12.43,12.44,12.26,12.32
2002-12-25,12.36,12.39,12.21,12.22
2002-12-26,12.2,12.35,11.87,11.88
2002-12-27,11.88,12.0,11.68,11.85
2002-12-30,11.71,11.72,11.55,11.56
2002-12-31,11.7,11.8,11.5,11.52
2003-01-02,11.45,11.76,11.26,11.32
2003-01-03,11.69,11.69,11.31,11.45
2003-01-06,11.35,11.6,11.09,11.6
2003-01-07,11.89,11.9,11.51,11.53
2003-01-08,11.65,11.85,11.52,11.82
2003-01-09,11.8,12.2,11.7,12.09
2003-01-10,11.97,12.11,11.85,11.88
2003-01-13,11.85,11.95,11.81,11.88
2003-01-14,11.65,12.59,11.62,12.46
2003-01-15,12.5,13.18,12.4,12.58
2003-01-16,12.58,12.76,12.44,12.74
2003-01-17,12.99,13.0,12.51,12.6
2003-01-20,12.58,12.79,12.4,12.56
2003-01-21,12.31,12.8,12.25,12.32
2003-01-22,12.28,12.6,12.15,12.51
2003-01-23,12.5,12.88,12.3,12.58
2003-01-24,12.42,12.85,12.42,12.83
2003-01-27,12.8,12.98,12.75,12.9
2003-01-28,12.78,13.3,12.53,13.24
2003-01-29,13.17,13.22,12.98,13.0
2003-02-10,13.05,13.08,12.7,12.87
2003-02-11,12.78,12.99,12.72,12.81
2003-02-12,12.8,13.06,12.76,13.0
2003-02-13,13.01,13.14,12.9,12.91
2003-02-14,12.9,12.97,12.81,12.91
2003-02-17,12.92,13.68,12.01,13.27
2003-02-18,13.36,13.39,13.1,13.23
2003-02-19,13.22,13.25,13.0,13.24
2003-02-20,13.22,13.25,13.1,13.16
2003-02-21,13.15,13.3,12.81,12.84
2003-02-24,12.8,12.88,12.6,12.7
2003-02-25,12.61,13.33,12.61,13.29
2003-02-26,13.29,13.43,13.13,13.31
2003-02-27,13.38,13.4,13.13,13.19
2003-02-28,13.16,13.32,13.12,13.22
2003-03-03,13.23,13.38,13.06,13.38
2003-03-04,13.3,13.38,13.22,13.31
2003-03-05,13.23,13.3,13.14,13.19
2003-03-06,13.12,13.3,12.8,12.9
2003-03-07,12.85,13.26,12.62,12.92
2003-03-10,12.9,13.0,12.75,12.77
2003-03-11,12.77,13.0,12.51,12.81
2003-03-12,12.78,12.94,12.7,12.87
2003-03-13,12.9,13.08,12.78,12.91
2003-03-14,13.0,13.36,13.0,13.22
2003-03-17,13.07,13.35,13.06,13.27
2003-03-18,13.28,13.45,12.94,12.98
2003-03-19,12.94,13.05,12.8,12.95
2003-03-20,12.89,13.0,12.75,12.9
2003-03-21,12.88,13.18,12.86,13.1
2003-03-24,13.08,13.28,13.08,13.28
2003-03-25,13.29,13.29,12.9,12.93
2003-03-26,12.9,13.0,12.75,12.85
2003-03-27,12.75,13.25,12.75,13.19
2003-03-28,13.18,13.3,13.0,13.15
2003-03-31,13.17,13.49,13.03,13.44
2003-04-01,13.48,13.52,13.33,13.48
2003-04-02,13.35,13.45,13.3,13.31
2003-04-03,13.2,13.44,13.19,13.31
2003-04-04,13.31,13.73,13.31,13.63
2003-04-07,13.75,13.79,13.5,13.54
2003-04-08,13.55,14.05,13.4,13.82
2003-04-09,13.75,13.88,13.47,13.85
2003-04-10,13.85,14.05,13.55,14.02
2003-04-11,14.02,14.36,13.9,14.3
2003-04-14,14.1,14.58,13.81,14.41
2003-04-15,14.45,14.47,14.18,14.25
2003-04-16,14.2,14.25,13.9,13.97
2003-04-17,13.95,14.09,13.81,14.08
2003-04-18,14.13,14.19,13.66,13.88
2003-04-21,13.89,13.89,13.32,13.74
2003-04-22,13.5,13.7,13.33,13.54
2003-04-23,13.54,13.78,13.28,13.29
2003-04-24,13.1,13.3,12.71,12.95
2003-04-25,12.3,13.31,12.3,12.82
2003-04-28,12.61,13.08,12.61,13.04
2003-04-29,12.82,13.19,12.8,12.8
2003-04-30,12.8,13.0,12.38,12.52
2003-05-12,12.5,12.5,11.5,11.89
2003-05-13,11.7,12.48,11.51,12.45
2003-05-14,12.11,12.5,12.1,12.4
2003-05-15,12.38,13.12,12.38,12.78
2003-05-16,12.75,12.75,12.48,12.49
2003-05-19,12.51,12.6,12.4,12.56
2003-05-20,12.53,12.56,12.25,12.35
2003-05-21,12.1,12.7,12.02,12.33
2003-05-22,12.32,12.68,12.3,12.47
2003-05-23,12.5,12.79,12.31,12.6
2003-05-26,12.5,13.12,12.5,13.07
2003-05-27,13.01,13.45,12.9,13.3
2003-05-28,13.31,13.36,13.03,13.18
2003-05-29,13.16,13.4,13.1,13.34
2003-05-30,13.14,13.4,13.14,13.2
2003-06-02,13.25,13.39,13.18,13.22
2003-06-03,13.3,13.3,12.35,13.21
2003-06-04,13.19,13.29,12.86,12.93
2003-06-05,12.93,13.1,12.82,12.85
2003-06-06,12.75,13.03,12.72,12.76
2003-06-09,12.7,12.7,12.3,12.31
2003-06-10,12.35,12.35,12.26,12.28
2003-06-11,12.48,12.8,12.4,12.59
2003-06-12,12.7,12.7,12.52,12.58
2003-06-13,12.65,12.65,12.4,12.52
2003-06-16,12.51,12.51,12.32,12.35
2003-06-17,12.32,12.5,12.3,12.41
2003-06-18,12.45,12.5,12.21,12.36
2003-06-19,12.25,12.3,12.11,12.18
2003-06-20,12.16,12.75,12.16,12.6
2003-06-23,12.42,12.6,12.36,12.46
2003-06-24,12.39,12.53,12.11,12.21
2003-06-25,12.44,12.48,12.08,12.13
2003-06-26,12.29,12.7,12.11,12.57
2003-06-27,12.42,13.02,12.42,12.85
2003-07-01,12.5,12.7,12.4,12.57
2003-07-02,12.46,12.47,12.3,12.45
2003-07-03,12.4,12.45,12.3,12.4
2003-07-04,11.81,12.69,11.81,12.59
2003-07-07,12.55,12.55,12.21,12.26
2003-07-08,12.13,12.45,12.13,12.22
2003-07-09,12.29,12.29,12.1,12.12
2003-07-10,12.25,12.29,12.08,12.23
2003-07-11,12.26,12.59,12.2,12.35
2003-07-14,12.35,12.45,12.16,12.42
2003-07-15,12.4,12.42,12.26,12.27
2003-07-16,12.4,12.5,12.3,12.45
2003-07-17,12.29,12.58,12.28,12.46
2003-07-18,12.45,12.52,12.3,12.47
2003-07-21,12.44,12.44,12.1,12.11
2003-07-22,12.4,12.4,12.17,12.19
2003-07-23,12.2,12.4,12.2,12.27
2003-07-24,12.21,12.28,12.13,12.14
2003-07-25,12.11,12.34,12.1,12.12
2003-07-28,12.04,12.1,12.0,12.01
2003-07-29,12.1,12.1,11.72,11.84
2003-07-30,11.8,11.82,11.5,11.58
2003-07-31,11.51,11.68,11.5,11.6
2003-08-01,11.6,11.73,11.51,11.72
2003-08-04,11.7,11.92,11.68,11.78
2003-08-05,11.68,12.0,11.68,11.86
2003-08-06,11.86,12.05,11.8,12.03
2003-08-07,12.03,12.06,11.9,11.96
2003-08-08,11.9,12.0,11.78,11.8
2003-08-11,11.96,11.96,11.63,11.74
2003-08-12,11.63,11.94,11.63,11.71
2003-08-13,11.72,11.8,11.64,11.66
2003-08-14,11.65,11.95,11.58,11.62
2003-08-15,11.64,11.66,11.51,11.6
2003-08-18,11.52,11.7,11.51,11.6
2003-08-19,11.59,11.6,11.51,11.55
2003-08-20,11.5,11.55,11.33,11.42
2003-08-21,11.41,11.47,11.3,11.35
2003-08-22,11.36,11.9,11.36,11.44
2003-08-25,11.51,11.7,11.5,11.55
2003-08-26,11.56,11.65,11.51,11.52
2003-08-27,11.86,11.86,11.54,11.65
2003-08-28,11.61,11.68,11.5,11.51
2003-08-29,11.45,11.51,11.33,11.5
2003-09-01,11.49,11.6,11.36,11.6
2003-09-02,11.52,11.88,11.52,11.66
2003-09-03,11.7,11.79,11.66,11.75
2003-09-04,11.75,11.8,11.75,11.77
2003-09-05,11.76,11.83,11.52,11.63
2003-09-08,11.79,11.8,11.53,11.63
2003-09-09,11.63,11.8,11.63,11.68
2003-09-10,11.79,11.79,11.5,11.51
2003-09-11,11.53,11.66,11.5,11.63
2003-09-12,11.45,11.63,11.4,11.41
2003-09-15,11.3,11.43,11.24,11.25
2003-09-16,11.25,11.4,11.03,11.39
2003-09-17,11.31,11.31,11.01,11.06
2003-09-18,11.19,11.19,10.9,10.95
2003-09-19,10.94,10.94,10.65,10.75
2003-09-22,10.75,10.77,10.5,10.61
2003-09-23,10.6,10.74,10.6,10.73
2003-09-24,10.73,10.8,10.67,10.76
2003-09-25,10.67,10.75,10.6,10.68
2003-09-26,10.6,10.7,10.57,10.7
2003-09-29,10.6,10.6,10.01,10.2
2003-09-30,10.2,10.5,10.15,10.38
2003-10-08,10.15,10.4,10.0,10.12
2003-10-09,10.15,10.33,10.0,10.02
2003-10-10,10.06,10.36,10.0,10.3
2003-10-13,10.41,10.41,10.3,10.34
2003-10-14,10.34,10.39,10.26,10.28
2003-10-15,10.62,10.7,10.42,10.43
2003-10-16,10.28,10.43,10.13,10.16
2003-10-17,10.1,10.43,10.1,10.26
2003-10-20,10.35,10.35,10.13,10.18
2003-10-21,10.12,10.18,10.1,10.12
2003-10-22,10.2,10.48,10.12,10.44
2003-10-23,10.44,10.56,10.35,10.38
2003-10-24,10.35,10.74,10.35,10.58
2003-10-27,10.72,10.72,10.33,10.36
2003-10-28,10.4,10.6,10.22,10.31
2003-10-29,10.3,10.44,9.51,10.25
2003-10-30,10.4,10.4,9.8,9.83
2003-10-31,9.96,10.4,9.8,10.09
2003-11-03,9.85,10.4,9.84,10.14
2003-11-04,10.2,10.48,10.15,10.34
2003-11-05,10.16,10.44,10.07,10.08
2003-11-06,10.0,10.0,9.1,9.45
2003-11-07,9.3,9.88,9.29,9.65
2003-11-10,9.46,9.67,9.0,9.54
2003-11-11,9.3,9.58,9.3,9.51
2003-11-12,9.4,9.68,9.25,9.54
2003-11-13,9.48,9.8,9.28,9.6
2003-11-14,9.55,9.88,9.42,9.61
2003-11-17,9.61,9.73,9.47,9.71
2003-11-18,9.7,9.88,9.5,9.67
2003-11-19,9.55,10.05,9.55,9.98
2003-11-20,9.98,10.5,9.98,10.43
2003-11-21,10.59,10.6,10.06,10.09
2003-11-24,10.39,10.4,10.1,10.38
2003-11-25,10.5,10.5,10.2,10.36
2003-11-26,10.25,10.4,10.1,10.28
2003-11-27,10.25,10.85,10.13,10.49
2003-11-28,10.42,10.49,10.29,10.38
2003-12-01,10.45,10.67,10.4,10.58
2003-12-02,10.6,11.4,10.51,10.86
2003-12-03,10.77,10.93,10.66,10.83
2003-12-04,10.75,10.83,10.5,10.62
2003-12-05,10.58,10.7,10.56,10.58
2003-12-08,10.6,10.65,10.31,10.36
2003-12-09,10.26,10.5,10.26,10.39
2003-12-10,10.33,10.57,10.3,10.47
2003-12-11,10.59,10.6,10.41,10.43
2003-12-12,10.43,10.54,10.43,10.49
2003-12-15,10.45,10.59,10.42,10.49
2003-12-16,10.42,10.42,10.25,10.38
2003-12-17,10.25,10.42,10.19,10.22
2003-12-18,10.18,10.4,9.94,10.37
2003-12-19,10.35,10.4,9.86,9.96
2003-12-22,9.88,10.4,9.8,10.34
2003-12-23,10.26,10.66,10.26,10.49
2003-12-24,10.67,10.68,10.3,10.54
2003-12-25,10.5,10.85,10.34,10.84
2003-12-26,10.7,10.78,10.5,10.71
2003-12-29,10.55,10.84,10.42,10.69
2003-12-30,10.69,10.83,10.5,10.56
2003-12-31,10.56,10.7,10.34,10.36
2004-01-02,10.34,10.81,10.34,10.59
2004-01-05,10.54,10.64,10.4,10.53
2004-01-06,10.58,11.58,10.58,11.58
2004-01-07,11.54,11.78,11.42,11.47
2004-01-08,11.41,12.36,11.41,11.89
2004-01-09,12.06,12.23,11.6,11.61
2004-01-12,11.6,11.87,11.51,11.69
2004-01-13,11.69,11.97,11.49,11.59
2004-01-14,11.52,11.76,11.31,11.4
2004-01-15,11.4,11.52,11.32,11.47
2004-01-16,11.51,12.06,11.41,11.82
2004-01-29,11.89,12.6,11.89,12.45
2004-01-30,12.68,12.68,12.01,12.05
2004-02-02,12.31,12.38,11.86,12.3
2004-02-03,12.3,12.3,11.92,12.21
2004-02-04,12.19,12.36,12.0,12.35
2004-02-05,12.45,12.46,12.2,12.35
2004-02-06,12.23,12.29,11.8,11.9
2004-02-09,11.9,12.17,11.85,12.01
2004-02-10,12.01,12.18,11.9,12.08
2004-02-11,12.05,12.24,11.97,12.18
2004-02-12,12.19,12.75,12.19,12.6
2004-02-13,12.55,12.8,12.32,12.46
2004-02-16,12.49,13.08,12.49,12.98
2004-02-17,13.1,13.1,12.78,12.95
2004-02-18,12.99,13.08,12.76,12.84
2004-02-19,12.86,12.94,12.61,12.7
2004-02-20,12.75,13.07,12.73,12.85
2004-02-23,12.85,13.08,12.54,12.55
2004-02-24,12.4,12.52,12.13,12.2
2004-02-25,12.3,12.39,12.15,12.28
2004-02-26,12.08,12.22,12.0,12.08
2004-02-27,12.06,12.23,12.06,12.22
2004-03-01,12.2,12.33,11.9,12.29
2004-03-02,12.35,12.35,12.06,12.12
2004-03-03,12.12,12.17,11.84,11.87
2004-03-04,11.79,12.0,11.7,11.94
2004-03-05,11.72,11.99,11.72,11.78
2004-03-08,11.84,11.85,11.26,11.34
2004-03-09,11.4,11.69,11.37,11.37
2004-03-10,11.31,11.61,11.31,11.58
2004-03-11,11.63,11.75,11.5,11.63
2004-03-12,11.65,11.81,11.52,11.55
2004-03-15,11.5,12.0,11.5,11.9
2004-03-16,11.95,11.95,11.78,11.89
2004-03-17,11.9,11.9,11.71,11.81
2004-03-18,11.81,11.83,11.67,11.71
2004-03-19,11.71,11.84,11.51,11.8
2004-03-22,11.71,11.81,11.55,11.69
2004-03-23,11.61,11.83,11.61,11.79
2004-03-24,11.8,12.57,11.77,12.24
2004-03-25,12.25,12.35,12.05,12.18
2004-03-26,12.18,12.45,12.1,12.35
2004-03-29,12.35,12.45,12.06,12.07
2004-03-30,12.05,12.5,12.05,12.44
2004-03-31,12.51,12.75,12.39,12.52
2004-04-01,12.53,12.59,12.37,12.38
2004-04-02,12.38,12.58,12.3,12.36
2004-04-05,12.43,13.18,12.4,13.02
2004-04-06,13.1,13.51,12.78,13.29
2004-04-07,13.25,13.29,12.94,13.03
2004-04-08,12.92,13.03,12.84,12.86
2004-04-09,12.86,13.0,12.13,12.35
2004-04-12,12.2,12.76,12.2,12.52
2004-04-13,12.53,12.75,12.25,12.33
2004-04-14,12.28,12.35,11.6,11.83
2004-04-15,11.8,11.94,10.7,11.31
2004-04-16,11.25,11.5,11.0,11.43
2004-04-19,11.45,11.6,11.22,11.36
2004-04-20,11.36,11.68,11.31,11.65
2004-04-21,11.53,11.8,11.5,11.52
2004-04-22,11.42,11.69,11.4,11.62
2004-04-23,11.59,11.88,11.46,11.64
2004-04-26,11.64,11.69,11.4,11.6
2004-04-27,11.42,11.88,11.42,11.73
2004-04-28,11.79,11.79,11.31,11.38
2004-04-29,11.31,11.58,11.25,11.51
2004-04-30,11.5,11.51,10.8,11.13
2004-05-10,11.18,11.18,10.7,10.84
2004-05-11,10.88,11.08,10.73,10.77
2004-05-12,10.78,11.0,10.7,10.99
2004-05-13,10.97,11.28,10.9,11.18
2004-05-14,11.0,11.0,10.8,10.83
2004-05-17,10.81,11.08,10.81,11.0
2004-05-18,11.08,11.1,10.86,11.08
2004-05-19,11.18,11.18,11.05,11.07
2004-05-20,11.14,11.14,10.73,10.85
2004-05-21,11.0,11.05,10.8,10.82
2004-05-24,11.0,11.0,10.7,10.72
2004-05-25,10.73,10.73,10.21,10.34
2004-05-26,10.35,10.37,10.21,10.31
2004-05-27,10.5,10.59,10.19,10.54
2004-05-28,10.54,10.54,10.38,10.39
2004-05-31,10.5,10.6,10.31,10.56
2004-06-01,10.57,10.97,10.5,10.88
2004-06-02,10.78,11.97,10.63,11.97
2004-06-03,12.27,12.27,11.77,11.87
2004-06-04,11.82,11.97,11.5,11.8
2004-06-07,11.78,11.89,11.4,11.54
2004-06-08,11.45,11.62,11.37,11.55
2004-06-09,11.55,11.55,10.81,10.93
2004-06-10,10.85,10.99,10.28,10.35
2004-06-11,10.35,10.85,10.35,10.35
2004-06-14,10.35,10.35,9.7,9.9
2004-06-15,9.91,10.1,9.88,10.08
2004-06-16,10.08,10.4,10.08,10.12
2004-06-17,10.1,10.15,9.8,9.83
2004-06-18,9.88,10.13,9.8,9.85
2004-06-21,9.98,10.22,9.86,10.21
2004-06-22,10.25,10.45,10.12,10.36
2004-06-23,10.3,10.3,9.9,10.1
2004-06-24,9.98,10.15,9.7,10.0
2004-06-25,10.01,10.17,9.78,9.78
2004-06-28,9.8,9.88,9.56,9.84
2004-06-29,9.83,9.9,9.41,9.89
2004-07-01,9.69,10.17,9.45,9.93
2004-07-02,9.97,9.97,9.75,9.77
2004-07-05,9.89,9.94,9.67,9.8
2004-07-06,9.7,10.0,9.7,9.79
2004-07-07,9.79,9.8,9.54,9.68
2004-07-08,9.67,9.67,9.53,9.65
2004-07-09,9.75,9.78,9.46,9.69
2004-07-12,9.65,9.65,9.07,9.5
2004-07-13,9.21,9.35,8.8,9.25
2004-07-14,9.07,9.2,8.81,9.1
2004-07-15,9.0,9.65,8.5,9.09
2004-07-16,8.95,9.27,8.5,9.24
2004-07-19,9.23,9.35,8.88,9.17
2004-07-20,9.09,9.09,8.93,9.02
2004-07-21,9.09,9.12,8.95,9.12
2004-07-22,9.0,9.19,8.85,9.03
2004-07-23,8.88,9.12,8.87,9.03
2004-07-26,9.0,9.06,8.84,9.05
2004-07-27,9.0,9.09,8.8,8.92
2004-07-28,8.96,8.96,8.5,8.68
2004-07-29,8.7,8.94,8.57,8.67
2004-07-30,8.65,8.69,8.48,8.67
2004-08-02,8.49,8.63,8.21,8.24
2004-08-03,8.19,8.19,7.89,7.93
2004-08-04,7.88,8.32,7.8,8.2
2004-08-05,8.16,8.28,8.0,8.0
2004-08-06,7.9,8.16,7.9,7.98
2004-08-09,8.0,8.05,7.9,8.01
2004-08-10,7.97,8.08,7.97,8.08
2004-08-11,8.15,8.19,7.81,7.88
2004-08-12,7.88,7.88,7.49,7.58
2004-08-13,7.58,7.78,7.4,7.48
2004-08-16,7.48,7.6,7.12,7.49
2004-08-17,7.5,7.55,7.33,7.51
2004-08-18,7.51,7.6,7.41,7.43
2004-08-19,7.26,7.48,7.21,7.45
2004-08-20,7.45,7.65,7.28,7.47
2004-08-23,7.47,7.68,7.35,7.49
2004-08-24,7.47,7.67,7.4,7.66
2004-08-25,7.75,7.75,7.57,7.66
2004-08-26,7.75,7.75,7.41,7.59
2004-08-27,7.35,7.55,7.21,7.36
2004-08-30,7.21,7.39,7.2,7.31
2004-08-31,7.49,7.58,7.38,7.46
2004-09-01,7.4,7.44,7.21,7.37
2004-09-02,7.31,7.49,7.3,7.47
2004-09-03,7.47,7.54,7.42,7.46
2004-09-06,7.46,7.48,7.22,7.26
2004-09-07,7.28,7.4,7.18,7.27
2004-09-08,7.4,7.4,7.17,7.19
2004-09-09,7.16,7.27,7.02,7.13
2004-09-10,7.12,7.38,7.01,7.36
2004-09-13,7.26,7.26,7.05,7.17
2004-09-14,7.16,7.48,7.16,7.39
2004-09-15,7.36,7.95,7.24,7.74
2004-09-16,7.7,7.89,7.61,7.77
2004-09-17,7.8,8.18,7.71,8.11
2004-09-20,8.13,8.4,8.04,8.39
2004-09-21,8.45,8.88,8.2,8.62
2004-09-22,8.5,8.63,8.21,8.24
2004-09-23,8.18,8.39,8.08,8.38
2004-09-24,8.41,8.73,8.1,8.13
2004-09-27,8.1,8.42,8.01,8.05
2004-09-28,8.08,8.08,7.81,7.95
2004-09-29,7.95,8.15,7.82,7.83
2004-09-30,7.74,7.85,7.61,7.73
2004-10-08,7.51,7.8,7.51,7.77
2004-10-12,7.82,8.55,7.78,8.55
2004-10-13,8.55,8.74,8.32,8.61
2004-10-14,8.59,8.63,7.85,7.87
2004-10-15,7.76,8.0,7.31,7.5
2004-10-18,7.52,7.7,7.3,7.38
2004-10-19,7.51,7.61,7.3,7.38
2004-10-20,7.37,7.38,6.8,7.19
2004-10-21,7.12,7.18,6.8,6.93
2004-10-22,6.9,6.97,6.51,6.94
2004-10-25,7.04,7.04,6.83,6.94
2004-10-26,6.85,6.94,6.55,6.86
2004-10-27,6.86,7.15,6.8,7.15
2004-10-28,7.15,7.34,7.0,7.14
2004-10-29,6.9,7.14,6.66,7.0
2004-11-01,6.81,7.05,6.78,6.96
2004-11-02,6.78,7.0,6.78,6.96
2004-11-03,7.03,7.15,6.92,7.12
2004-11-04,7.12,7.2,6.85,7.06
2004-11-05,7.03,7.06,6.93,6.96
2004-11-08,6.94,6.98,6.8,6.89
2004-11-09,6.89,6.98,6.87,6.96
2004-11-10,7.03,7.43,6.98,7.31
2004-11-11,7.31,7.55,7.25,7.26
2004-11-12,7.23,7.36,7.19,7.28
2004-11-15,7.38,7.38,7.2,7.32
2004-11-16,7.37,7.37,7.25,7.27
2004-11-17,7.35,7.42,7.2,7.41
2004-11-18,7.41,7.46,7.32,7.44
2004-11-19,7.48,7.54,7.32,7.45
2004-11-22,7.46,7.72,7.42,7.7
2004-11-23,7.63,7.68,7.5,7.58
2004-11-24,7.58,7.58,7.31,7.38
2004-11-25,7.36,7.36,7.15,7.24
2004-11-26,7.11,7.34,7.1,7.28
2004-11-29,7.28,7.51,7.18,7.48
2004-11-30,7.44,7.66,7.3,7.59
2004-12-01,7.6,7.65,7.46,7.47
2004-12-02,7.46,7.65,7.4,7.64
2004-12-03,7.64,7.82,7.52,7.56
2004-12-06,7.51,7.59,7.28,7.43
2004-12-07,7.36,7.4,7.21,7.21
2004-12-08,7.21,7.34,7.18,7.26
2004-12-09,7.19,7.4,7.15,7.28
2004-12-10,7.28,7.28,6.69,6.7
2004-12-13,6.63,6.76,6.58,6.7
2004-12-14,6.7,6.75,6.58,6.62
2004-12-15,6.64,6.88,6.3,6.64
2004-12-16,6.5,6.68,6.43,6.53
2004-12-17,6.41,6.57,6.41,6.48
2004-12-20,6.43,6.56,6.41,6.54
2004-12-21,6.6,6.74,6.32,6.57
2004-12-22,6.53,6.75,6.51,6.73
2004-12-23,6.76,7.03,6.69,6.76
2004-12-24,6.66,6.94,6.66,6.77
2004-12-27,6.88,6.98,6.69,6.72
2004-12-28,6.7,6.89,6.68,6.68
2004-12-29,6.72,6.72,6.49,6.54
2004-12-30,6.5,6.58,6.32,6.5
2004-12-31,6.6,6.78,6.41,6.47
2005-01-04,6.36,6.48,6.24,6.26
2005-01-05,6.18,6.4,6.12,6.34
2005-01-07,6.46,6.46,6.25,6.34
2005-01-10,6.35,6.56,6.21,6.45
2005-01-11,6.35,6.49,6.3,6.44
2005-01-12,6.44,6.45,6.32,6.4
2005-01-13,6.35,6.57,6.24,6.52
2005-01-14,6.52,6.65,6.36,6.45
2005-01-17,6.36,6.4,6.16,6.17
2005-01-18,6.24,6.3,6.08,6.28
2005-01-19,6.3,6.37,6.13,6.21
2005-01-20,6.2,6.32,6.06,6.13
2005-01-21,6.17,6.17,5.66,6.15
2005-01-24,6.18,6.3,6.05,6.22
2005-01-25,6.2,6.2,6.03,6.11
2005-01-26,6.1,6.1,5.91,5.99
2005-01-27,5.98,6.0,5.74,5.84
2005-01-28,5.81,5.85,5.55,5.58
2005-01-31,5.53,5.58,5.33,5.38
2005-02-01,5.33,5.57,5.33,5.4
2005-02-02,5.4,5.91,5.4,5.82
2005-02-03,5.7,5.79,5.58,5.58
2005-02-04,5.6,5.77,5.56,5.69
2005-02-16,5.71,5.91,5.7,5.8
2005-02-17,5.8,5.93,5.68,5.87
2005-02-18,5.86,5.87,5.72,5.74
2005-02-21,5.7,5.84,5.65,5.82
2005-02-22,5.8,6.0,5.78,5.98
2005-02-23,6.0,6.26,5.91,6.11
2005-02-24,6.12,6.43,6.03,6.28
2005-02-25,6.28,6.39,6.15,6.19
2005-02-28,6.1,6.4,6.1,6.26
2005-03-01,6.2,6.38,6.2,6.34
2005-03-02,6.13,6.37,6.04,6.05
2005-03-03,6.05,6.08,5.95,6.05
2005-03-04,6.05,6.6,6.05,6.41
2005-03-07,6.36,6.74,6.24,6.71
2005-03-08,6.66,6.84,6.56,6.76
2005-03-09,6.88,7.44,6.87,7.16
2005-03-10,6.67,6.95,6.5,6.74
2005-03-11,6.66,6.78,6.49,6.75
2005-03-14,6.67,6.67,6.4,6.45
2005-03-15,6.48,6.63,6.42,6.46
2005-03-16,6.45,6.5,6.17,6.21
2005-03-17,6.22,6.29,6.12,6.12
2005-03-18,6.1,6.25,5.95,5.98
2005-03-21,5.97,6.07,5.91,5.97
2005-03-22,6.04,6.08,5.5,5.58
2005-03-23,5.53,5.73,5.53,5.58
2005-03-24,5.6,5.72,5.5,5.71
2005-03-25,5.7,5.73,5.6,5.64
2005-03-28,5.54,5.59,5.31,5.43
2005-03-29,5.42,5.67,5.42,5.53
2005-03-30,5.45,5.57,5.35,5.44
2005-03-31,5.42,5.58,5.33,5.57
2005-04-01,5.5,5.8,5.38,5.7
2005-04-04,5.6,5.68,5.5,5.52
2005-04-05,5.55,5.6,5.4,5.51
2005-04-06,5.5,5.5,5.03,5.13
2005-04-07,5.11,5.4,5.1,5.31
2005-04-08,5.26,5.43,5.24,5.41
2005-04-11,5.45,5.67,5.36,5.57
2005-04-12,5.58,5.58,5.43,5.44
2005-04-13,5.55,5.71,5.47,5.7
2005-04-14,5.7,5.7,5.45,5.48
2005-04-15,5.4,5.47,5.25,5.37
2005-04-18,5.37,5.4,5.22,5.32
2005-04-19,5.38,5.38,5.1,5.22
2005-04-20,5.33,5.33,5.14,5.21
2005-04-21,5.23,5.23,4.81,4.89
2005-04-22,4.83,4.91,4.7,4.8
2005-04-25,4.8,4.85,4.4,4.47
2005-04-26,4.44,4.73,4.43,4.66
2005-04-27,4.75,4.75,4.42,4.43
2005-04-28,4.4,4.69,4.3,4.53
2005-04-29,4.55,4.62,4.41,4.54
2005-05-09,4.51,4.59,4.36,4.39
2005-05-10,4.36,4.36,4.0,4.35
2005-05-11,4.3,4.55,4.23,4.45
2005-05-12,4.4,4.53,4.36,4.44
2005-05-13,4.43,4.65,4.4,4.54
2005-05-16,4.53,4.54,4.45,4.5
2005-05-17,4.49,4.66,4.47,4.57
2005-05-18,4.58,4.63,4.48,4.59
2005-05-19,4.65,4.66,4.56,4.63
2005-05-20,4.56,4.63,4.46,4.47
2005-05-23,4.4,4.45,4.24,4.27
2005-05-24,4.25,4.47,4.23,4.42
2005-05-25,4.45,4.65,4.43,4.55
2005-05-26,4.48,4.55,4.45,4.48
2005-05-27,4.54,4.66,4.47,4.52
2005-05-30,4.48,4.63,4.43,4.6
2005-05-31,4.86,4.99,4.75,4.8
2005-06-01,4.73,4.88,4.7,4.87
2005-06-02,4.88,5.02,4.79,4.98
2005-06-03,4.98,4.99,4.7,4.83
2005-06-06,4.8,4.85,4.65,4.82
2005-06-07,4.85,5.02,4.75,4.88
2005-06-08,4.88,5.3,4.86,5.25
2005-06-09,5.2,5.36,5.1,5.21
2005-06-10,5.3,5.35,5.1,5.16
2005-06-13,5.11,5.21,4.93,5.05
2005-06-14,5.12,5.24,5.05,5.08
2005-06-15,5.01,5.08,4.85,4.85
2005-06-16,4.85,4.95,4.77,4.88
2005-06-17,4.95,4.95,4.8,4.87
2005-06-20,4.86,5.0,4.73,4.99
2005-06-21,4.98,5.19,4.95,5.08
2005-06-22,5.09,5.09,4.91,5.01
2005-06-23,5.01,5.04,4.81,4.83
2005-06-24,4.85,4.88,4.76,4.86
2005-06-27,4.9,5.08,4.9,5.0
2005-06-28,4.95,4.95,4.85,4.93
2005-06-29,4.86,4.98,4.86,4.9
2005-07-01,4.75,4.75,4.41,4.41
2005-07-04,4.25,4.37,4.08,4.36
2005-07-05,4.29,4.45,4.18,4.45
2005-07-06,4.45,4.55,4.36,4.38
2005-07-07,4.37,4.47,4.29,4.42
2005-07-08,4.35,4.43,4.25,4.33
2005-07-11,4.1,4.18,3.9,3.9
2005-07-12,3.71,3.95,3.58,3.9
2005-07-13,3.8,3.88,3.72,3.79
2005-07-14,3.75,3.87,3.75,3.77
2005-07-15,3.78,3.83,3.5,3.52
2005-07-18,3.45,3.5,3.39,3.39
2005-07-19,3.4,3.5,3.37,3.48
2005-07-20,3.49,3.54,3.43,3.5
2005-07-21,3.5,3.52,3.38,3.49
2005-07-22,3.5,3.67,3.5,3.6
2005-07-25,3.6,3.63,3.52,3.63
2005-07-26,3.6,3.75,3.6,3.72
2005-07-27,3.72,3.81,3.68,3.8
2005-07-28,3.8,3.82,3.73,3.73
2005-07-29,3.71,3.83,3.69,3.77
2005-08-01,3.76,3.85,3.71,3.79
2005-08-02,3.78,3.92,3.75,3.91
2005-08-03,3.91,4.02,3.85,3.94
2005-08-04,3.93,4.06,3.85,4.05
2005-08-05,4.05,4.16,4.0,4.15
2005-08-08,4.2,4.22,4.08,4.15
2005-08-09,4.16,4.22,4.1,4.2
2005-08-10,4.2,4.3,4.14,4.29
2005-08-11,4.28,4.36,4.2,4.27
2005-08-12,4.3,4.3,4.06,4.09
2005-08-15,4.05,4.24,4.05,4.23
2005-08-16,4.23,4.48,4.2,4.43
2005-08-17,4.43,4.47,4.24,4.45
2005-08-18,4.45,4.65,4.2,4.26
2005-08-19,4.26,4.33,4.13,4.19
2005-08-22,4.18,4.3,4.15,4.26
2005-08-23,4.26,4.26,4.09,4.13
2005-08-24,4.11,4.2,4.1,4.19
2005-08-25,4.18,4.27,4.15,4.27
2005-08-26,4.25,4.48,4.21,4.4
2005-08-29,4.38,4.4,4.27,4.3
2005-08-30,4.5,4.5,4.33,4.34
2005-08-31,4.3,4.41,4.1,4.41
2005-09-01,4.4,4.7,4.32,4.61
2005-09-02,4.62,4.82,4.58,4.71
2005-09-05,4.72,4.78,4.66,4.73
2005-09-06,4.76,4.76,4.5,4.54
2005-09-07,4.51,4.71,4.51,4.69
2005-09-08,4.72,4.82,4.62,4.72
2005-09-09,4.72,4.77,4.57,4.61
2005-09-12,4.6,4.68,4.57,4.67
2005-09-13,4.63,4.84,4.63,4.83
2005-09-14,4.85,5.0,4.85,4.96
2005-09-15,4.96,4.96,4.87,4.93
2005-09-16,4.98,5.14,4.94,4.99
2005-09-19,4.99,5.12,4.97,5.11
2005-09-20,5.11,5.15,4.9,5.0
2005-09-21,5.02,5.45,5.02,5.23
2005-09-22,5.18,5.18,4.71,4.83
2005-09-23,4.78,5.07,4.61,4.85
2005-09-27,4.92,5.07,4.84,4.85
2005-09-28,4.92,4.92,4.37,4.43
2005-09-29,4.39,4.58,4.39,4.55
2005-09-30,4.55,4.6,4.45,4.54
2005-10-10,4.5,4.52,4.37,4.4
2005-10-11,4.44,4.58,4.38,4.57
2005-10-12,4.57,4.68,4.5,4.62
2005-10-13,4.62,4.63,4.48,4.55
2005-10-14,4.5,4.58,4.47,4.5
2005-10-17,4.4,4.48,4.29,4.45
2005-10-18,4.45,4.62,4.43,4.56
2005-10-19,4.53,4.69,4.53,4.61
2005-10-20,4.65,4.65,4.45,4.57
2005-10-21,4.59,4.77,4.56,4.72
2005-10-24,4.72,4.84,4.64,4.8
2005-10-25,4.77,4.8,4.56,4.58
2005-10-26,4.52,4.61,4.33,4.35
2005-10-27,4.33,4.4,4.27,4.37
2005-10-28,4.35,4.41,4.05,4.27
2005-10-31,4.23,4.32,4.15,4.24
2005-11-01,4.25,4.25,4.05,4.2
2005-11-02,4.21,4.38,4.21,4.34
2005-11-03,4.35,4.39,4.26,4.26
2005-11-04,4.26,4.33,4.21,4.32
2005-11-07,4.3,4.34,4.2,4.34
2005-11-08,4.32,4.4,4.28,4.38
2005-11-09,4.4,4.5,4.35,4.37
2005-11-10,4.32,4.42,4.21,4.29
2005-11-11,4.25,4.37,4.19,4.3
2005-11-14,4.27,4.33,4.26,4.33
2005-11-15,4.34,4.39,4.22,4.31
2005-11-16,4.24,4.37,4.15,4.36
2005-11-17,4.32,4.4,4.27,4.32
2005-11-18,4.31,4.48,4.3,4.45
2005-11-21,4.45,4.51,4.4,4.47
2005-11-22,4.47,4.47,4.39,4.4
2005-11-23,4.42,4.58,4.42,4.57
2005-11-24,4.58,4.59,4.51,4.56
2005-11-25,4.56,4.57,4.51,4.56
2005-11-28,4.56,4.62,4.47,4.5
2005-11-29,4.49,4.49,4.31,4.32
2005-11-30,4.31,4.36,4.23,4.34
2005-12-01,4.32,4.36,4.25,4.31
2005-12-02,4.3,4.35,4.25,4.26
2005-12-05,4.25,4.26,4.13,4.16
2005-12-06,4.09,4.18,4.07,4.13
2005-12-07,4.16,4.27,4.11,4.26
2005-12-08,4.26,4.26,4.17,4.21
2005-12-12,4.29,4.34,4.27,4.28
2005-12-13,4.28,4.32,4.21,4.3
2005-12-14,4.28,4.4,4.26,4.37
2005-12-15,4.37,4.43,4.32,4.36
2005-12-16,4.35,4.4,4.34,4.4
2005-12-19,4.38,4.4,4.34,4.4
2005-12-20,4.35,4.4,4.31,4.36
2005-12-21,4.36,4.37,4.27,4.29
2005-12-22,4.22,4.32,4.21,4.3
2005-12-23,4.32,4.36,4.29,4.34
2005-12-26,4.26,4.39,4.26,4.35
2005-12-27,4.35,4.42,4.34,4.36
2005-12-28,4.35,4.45,4.35,4.42
2005-12-29,4.38,4.47,4.38,4.44
2005-12-30,4.47,4.47,4.39,4.43
2006-01-04,4.46,4.56,4.44,4.52
2006-01-05,4.48,4.63,4.48,4.59
2006-01-06,4.59,4.68,4.56,4.67
2006-01-09,4.68,4.73,4.65,4.7
2006-01-10,4.7,4.87,4.7,4.84
2006-01-11,4.8,4.8,4.68,4.7
2006-01-12,4.72,4.95,4.67,4.9
2006-01-13,4.87,5.25,4.86,5.08
2006-01-16,5.08,5.35,5.0,5.16
2006-01-17,5.11,5.16,4.98,5.06
2006-01-18,5.05,5.57,5.02,5.57
2006-01-19,5.6,6.1,5.55,5.75
2006-01-20,5.69,6.02,5.65,5.95
2006-01-23,5.93,6.12,5.78,5.97
2006-01-24,5.91,5.97,5.72,5.81
2006-01-25,5.75,5.78,5.53,5.61
2006-02-06,5.62,6.17,5.62,6.17
2006-02-07,6.2,6.26,5.87,6.0
2006-02-08,6.0,6.0,5.75,6.0
2006-02-09,6.0,6.11,5.75,5.79
2006-02-10,5.85,6.1,5.85,6.0
2006-02-13,5.95,6.17,5.84,5.93
2006-02-14,5.93,5.96,5.85,5.91
2006-02-15,5.9,6.25,5.89,6.1
2006-02-16,6.1,6.42,6.01,6.34
2006-02-17,6.38,6.38,6.01,6.15
2006-02-20,6.15,6.35,6.15,6.29
2006-02-21,6.29,6.51,6.19,6.5
2006-02-22,6.52,6.63,6.38,6.4
2006-02-23,6.45,6.49,6.29,6.49
2006-02-24,6.5,6.54,6.35,6.41
2006-02-27,6.29,6.45,6.29,6.42
2006-02-28,6.4,6.45,6.2,6.42
2006-03-01,6.43,7.06,6.42,7.06
2006-03-02,7.12,7.66,7.08,7.45
2006-03-03,7.38,7.55,7.22,7.5
2006-03-06,7.5,8.0,7.41,7.81
2006-03-07,7.81,7.81,7.39,7.4
2006-03-08,7.35,8.14,7.03,8.11
2006-03-09,8.0,8.18,7.7,7.71
2006-03-10,7.7,8.1,7.53,7.76
2006-03-23,7.98,8.36,7.98,8.16
2006-03-24,8.16,8.2,7.79,7.81
2006-03-27,7.8,7.98,7.59,7.64
2006-04-17,6.98,6.98,6.31,6.58
2006-04-18,6.48,6.91,6.38,6.89
2006-04-19,6.84,7.5,6.71,7.36
2006-04-20,7.29,7.72,7.09,7.68
2006-04-21,7.58,7.79,7.4,7.57
2006-04-24,7.52,7.95,7.2,7.69
2006-04-25,7.35,7.7,7.34,7.43
2006-04-26,7.35,7.62,6.93,6.96
2006-04-27,6.96,7.25,6.67,7.19
2006-04-28,7.07,7.46,6.8,7.31
2006-05-08,7.45,8.04,7.45,8.04
2006-05-09,8.7,8.84,8.5,8.84
2006-05-10,9.34,9.53,8.84,8.96
2006-05-11,8.88,9.8,8.5,9.12
2006-05-12,9.0,9.65,8.88,9.27
2006-05-15,9.28,9.96,8.96,9.95
2006-05-16,9.9,9.9,8.96,8.96
2006-05-17,8.63,9.11,8.06,8.5
2006-05-18,8.4,9.35,8.28,9.35
2006-05-19,9.35,9.79,9.12,9.4
2006-05-22,9.3,9.75,8.8,9.25
2006-05-23,9.15,9.15,8.42,8.43
2006-05-24,8.5,8.9,7.9,8.09
2006-05-25,8.01,8.28,7.9,8.1
2006-05-26,8.15,8.48,8.08,8.39
2006-05-29,8.39,8.95,8.05,8.91
2006-05-30,9.18,9.25,8.89,8.91
2006-05-31,8.85,9.04,8.63,8.75
2006-06-01,8.7,9.39,8.68,9.15
2006-06-02,9.15,9.35,8.75,8.79
2006-06-05,8.63,8.66,8.36,8.59
2006-06-06,8.59,8.72,8.37,8.41
2006-06-07,8.42,8.42,7.57,7.57
2006-06-08,7.5,7.62,7.01,7.5
2006-06-09,7.48,7.5,7.03,7.04
2006-06-12,7.0,7.25,6.9,7.07
2006-06-13,7.08,7.27,7.0,7.23
2006-06-14,7.18,7.19,6.98,7.05
2006-06-15,7.05,7.2,7.04,7.08
2006-06-16,7.08,7.53,7.08,7.42
2006-06-19,7.39,7.59,7.25,7.44
2006-06-20,7.42,7.49,7.3,7.4
2006-06-21,7.42,7.61,7.05,7.39
2006-06-22,7.4,7.59,7.29,7.34
2006-06-23,7.3,7.5,7.2,7.45
2006-06-26,7.45,7.7,7.39,7.66
2006-06-27,7.76,7.79,7.53,7.66
2006-06-28,7.6,7.73,7.54,7.65
2006-06-29,7.65,7.88,7.61,7.79
2006-07-03,7.87,7.88,7.55,7.82
2006-07-04,7.83,8.39,7.7,8.15
2006-07-05,8.15,8.15,7.86,8.06
2006-07-06,8.04,8.46,7.95,8.37
2006-07-07,8.38,8.48,8.15,8.22
2006-07-10,8.23,8.37,8.05,8.29
2006-07-11,8.33,8.35,8.08,8.11
2006-07-12,8.12,8.3,7.89,7.96
2006-07-13,7.94,7.94,7.16,7.16
2006-07-14,7.04,7.27,6.95,7.1
2006-07-17,7.11,7.3,7.08,7.2
2006-07-18,7.2,7.26,7.15,7.24
2006-07-19,7.3,7.35,6.92,7.0
2006-07-20,6.97,7.11,6.97,7.04
2006-07-21,7.05,7.22,7.0,7.11
2006-07-24,7.0,7.13,6.9,7.12
2006-07-25,7.14,7.35,7.1,7.29
2006-07-26,7.28,7.5,7.2,7.39
2006-07-27,7.42,7.42,7.24,7.25
2006-07-28,7.31,7.35,7.0,7.1
2006-07-31,7.1,7.1,6.39,6.51
2006-08-01,6.46,6.65,6.32,6.37
2006-08-02,6.45,6.56,6.32,6.55
2006-08-03,6.63,6.63,6.49,6.58
2006-08-04,6.58,6.66,6.39,6.43
2006-08-07,6.43,6.43,6.0,6.05
2006-08-08,6.05,6.3,6.05,6.28
2006-08-09,6.28,6.41,6.22,6.33
2006-08-10,6.29,6.44,6.29,6.44
2006-08-11,6.47,6.71,6.36,6.64
2006-08-14,6.71,6.75,6.38,6.39
2006-08-15,6.3,6.66,6.3,6.56
2006-08-16,6.58,6.71,6.43,6.69
2006-08-17,6.61,6.95,6.5,6.9
2006-08-18,6.93,7.02,6.78,6.81
2006-08-21,6.55,6.87,6.34,6.81
2006-08-22,6.81,7.07,6.73,6.99
2006-08-23,7.05,7.26,6.98,6.99
2006-08-24,6.96,7.14,6.77,7.1
2006-08-25,7.08,7.27,7.0,7.07
2006-08-28,7.11,7.24,7.11,7.19
2006-08-29,7.18,7.35,7.13,7.17
2006-08-30,7.15,7.23,7.12,7.16
2006-08-31,7.25,7.27,7.08,7.12
2006-09-01,7.12,7.19,6.88,6.89
2006-09-04,6.8,7.14,6.8,7.09
2006-09-05,7.16,7.2,7.08,7.16
2006-09-06,7.16,7.29,7.13,7.28
2006-09-07,7.22,7.32,7.09,7.11
2006-09-08,7.09,7.19,7.08,7.15
2006-09-11,7.2,7.2,7.03,7.18
2006-09-12,7.19,7.2,7.09,7.14
2006-09-13,7.15,7.2,7.0,7.02
2006-09-14,7.0,7.12,6.91,7.12
2006-09-15,7.11,7.29,7.1,7.27
2006-09-18,7.32,7.97,7.32,7.78
2006-09-19,7.81,7.85,7.64,7.65
2006-09-20,7.7,8.05,7.61,7.83
2006-09-21,7.75,8.01,7.7,7.97
2006-09-22,7.94,8.0,7.65,7.69
2006-09-25,7.69,7.84,7.6,7.64
2006-09-26,7.65,7.93,7.65,7.86
2006-09-27,7.88,8.18,7.88,8.1
2006-09-28,8.18,8.25,8.06,8.12
2006-09-29,8.18,8.42,8.11,8.41
2006-10-09,8.45,8.51,8.28,8.43
2006-10-10,8.4,8.4,8.1,8.15
2006-10-11,8.15,8.24,8.07,8.16
2006-10-12,8.1,8.15,7.72,7.75
2006-10-13,7.73,7.83,7.72,7.74
2006-10-16,7.72,7.9,7.6,7.65
2006-10-17,7.65,7.79,7.58,7.62
2006-10-18,7.6,7.77,7.6,7.74
2006-10-19,7.74,7.82,7.64,7.72
2006-10-20,7.71,7.88,7.67,7.84
2006-10-23,7.75,7.83,7.35,7.47
2006-10-24,7.45,7.61,7.43,7.59
2006-10-25,7.59,7.61,7.42,7.46
2006-10-26,7.46,7.65,7.42,7.64
2006-10-27,7.65,7.72,7.55,7.65
2006-10-30,7.64,8.08,7.55,8.04
2006-10-31,8.04,8.09,7.9,7.97
2006-11-01,7.93,8.07,7.85,8.03
2006-11-02,8.05,8.35,7.96,8.29
2006-11-03,8.38,8.38,7.93,8.01
2006-11-06,7.95,8.15,7.9,8.07
2006-11-07,8.07,8.12,7.92,8.06
2006-11-08,8.05,8.05,7.96,7.98
2006-11-09,7.96,8.07,7.95,8.01
2006-11-10,8.01,8.14,7.91,7.99
2006-11-13,7.9,8.04,7.55,7.85
2006-11-14,7.85,7.94,7.72,7.92
2006-11-15,7.94,8.04,7.84,8.02
2006-11-16,8.02,8.13,7.78,7.92
2006-11-17,7.88,7.95,7.7,7.92
2006-11-20,7.92,8.14,7.86,8.0
2006-11-21,7.99,8.27,7.95,8.19
2006-11-22,8.18,8.26,8.1,8.18
2006-11-23,8.17,8.18,8.01,8.07
2006-11-24,8.08,8.28,8.0,8.24
2006-11-27,8.24,8.48,8.24,8.39
2006-11-28,8.38,8.44,8.22,8.27
2006-11-29,8.15,8.25,8.09,8.21
2006-11-30,8.23,8.32,8.18,8.24
2006-12-01,8.24,8.26,8.05,8.12
2006-12-04,8.12,8.77,8.1,8.7
2006-12-05,8.7,8.88,8.51,8.76
2006-12-06,8.78,8.9,8.33,8.55
2006-12-07,8.5,8.79,8.44,8.47
2006-12-08,8.43,8.57,8.2,8.45
2006-12-11,8.3,8.65,8.3,8.6
2006-12-12,8.6,9.08,8.6,8.91
2006-12-13,8.81,9.19,8.72,9.16
2006-12-14,9.16,9.28,9.06,9.14
2006-12-15,9.06,9.21,9.06,9.16
2006-12-18,9.2,9.4,9.13,9.16
2006-12-19,9.16,9.5,9.0,9.47
2006-12-20,9.4,9.43,9.1,9.27
2006-12-21,9.14,9.32,9.05,9.18
2006-12-22,9.19,9.19,8.86,9.05
2006-12-25,9.09,9.34,9.07,9.17
2006-12-26,9.4,10.09,9.4,10.09
2006-12-27,11.0,11.1,10.48,11.1
2006-12-29,10.9,11.5,10.5,11.22
2007-01-04,11.27,12.2,11.0,11.77
2007-01-05,11.6,12.75,11.5,12.22
2007-01-08,12.23,12.49,11.98,12.08
2007-01-09,12.0,12.25,11.8,12.12
2007-01-10,12.12,13.33,11.92,13.33
2007-01-11,13.33,14.05,13.3,13.78
2007-01-12,13.55,13.8,13.2,13.23
2007-01-15,13.21,14.5,13.21,14.22
2007-01-16,14.15,14.45,14.14,14.28
2007-01-17,14.31,14.72,13.91,14.69
2007-01-18,14.7,15.08,14.32,14.99
2007-01-19,15.0,16.49,14.73,16.15
2007-01-22,16.29,17.6,16.0,17.38
2007-01-23,17.36,17.98,16.22,17.1
2007-01-24,16.75,17.3,16.61,17.06
2007-01-25,17.0,17.1,16.5,16.98
2007-01-26,16.85,18.0,15.28,17.18
2007-01-29,17.0,17.35,16.36,16.6
2007-01-30,16.6,17.2,16.0,16.31
2007-01-31,16.11,16.6,14.68,14.96
2007-02-01,15.01,15.48,14.7,15.04
2007-02-02,15.15,16.54,15.08,15.93
2007-02-05,16.0,16.65,15.5,16.52
2007-02-06,16.69,16.7,16.03,16.48
2007-02-07,16.48,16.76,16.08,16.76
2007-02-08,16.76,17.35,16.51,16.95
2007-02-09,17.18,17.28,16.28,16.46
2007-02-12,16.78,16.89,16.0,16.21
2007-02-13,16.21,16.59,15.8,16.0
2007-02-14,16.08,16.75,15.8,16.49
2007-02-15,16.51,17.2,16.15,17.1
2007-02-16,17.12,17.92,17.12,17.17
2007-02-26,17.2,17.49,16.7,17.35
2007-02-27,17.35,17.99,15.62,15.62
2007-02-28,15.25,15.98,15.0,15.72
2007-03-01,15.6,15.71,14.15,14.24
2007-03-02,14.06,14.99,14.04,14.8
2007-03-05,14.69,15.15,14.13,14.46
2007-03-06,14.77,14.77,14.26,14.47
2007-03-07,14.5,15.07,14.45,14.95
2007-03-08,15.01,15.02,14.62,14.93
2007-03-09,14.96,14.96,14.36,14.66
2007-03-12,14.68,16.13,14.65,16.12
2007-03-13,16.14,16.88,15.65,16.19
2007-03-14,15.9,16.48,15.5,16.21
2007-03-15,16.38,17.83,16.33,17.83
2007-03-16,18.2,19.26,18.11,18.64
2007-03-19,17.55,19.28,17.4,18.38
2007-03-20,18.3,18.59,18.02,18.36
2007-03-21,18.05,19.01,18.05,18.78
2007-03-22,18.6,19.58,18.52,18.92
2007-03-23,18.55,19.15,18.01,18.32
2007-03-26,18.5,18.97,18.29,18.4
2007-03-27,18.45,20.24,18.45,20.24
2007-03-28,20.1,20.3,18.61,20.19
2007-03-29,20.1,20.39,19.33,19.81
2007-03-30,20.07,20.55,19.66,19.93
2007-04-02,19.99,20.46,19.46,19.91
2007-04-03,19.92,20.04,19.5,20.0
2007-04-04,20.29,20.29,19.63,20.01
2007-04-05,20.0,21.2,19.75,20.97
2007-04-06,20.8,22.56,20.6,22.0
2007-04-09,22.0,22.22,21.5,21.81
2007-04-10,21.83,22.25,21.25,22.06
2007-04-11,22.0,22.25,21.45,22.2
2007-04-12,22.02,23.59,21.88,22.99
2007-04-13,23.0,23.0,21.7,21.74
2007-04-16,21.77,23.55,21.77,23.09
2007-04-17,23.15,23.15,22.5,22.96
2007-04-18,22.95,23.5,22.4,22.73
2007-04-19,22.6,22.65,20.51,20.72
2007-04-20,20.63,22.23,20.63,21.72
2007-04-23,21.8,22.82,21.8,22.5
2007-04-24,22.8,23.03,22.1,22.5
2007-04-25,22.55,24.38,22.55,24.31
2007-04-26,24.3,24.35,23.68,24.12
2007-04-27,24.0,25.3,23.4,24.83
2007-04-30,24.83,25.7,24.0,25.16
2007-05-08,25.61,27.68,25.61,26.99
2007-05-09,27.2,27.25,25.08,26.19
2007-05-10,25.83,27.08,25.22,26.5
2007-05-11,25.95,27.0,25.52,26.28
2007-05-14,26.05,26.7,25.51,26.31
2007-05-15,25.9,26.08,25.38,25.53
2007-05-16,25.3,26.35,24.6,26.19
2007-05-17,26.19,27.0,26.01,26.25
2007-05-18,26.3,26.5,25.78,26.06
2007-05-21,25.25,26.87,25.2,26.85
2007-05-22,27.26,29.96,27.26,28.4
2007-05-23,28.46,28.9,27.8,28.55
2007-05-24,28.5,28.85,27.8,28.2
2007-05-25,28.11,28.4,27.68,27.83
2007-05-28,27.85,29.15,27.71,28.2
2007-05-29,28.13,29.99,28.01,29.64
2007-05-30,28.2,29.0,26.68,26.68
2007-05-31,26.48,29.35,26.2,29.14
2007-06-01,29.2,31.0,27.0,28.37
2007-06-04,28.05,28.5,25.53,25.53
2007-06-05,25.0,26.31,22.98,26.3
2007-06-06,26.2,26.98,24.67,26.81
2007-06-07,27.12,28.37,26.6,28.19
2007-06-08,28.1,28.93,27.77,28.52
2007-06-11,28.83,29.9,28.1,28.7
2007-06-12,28.8,31.56,28.0,31.41
2007-06-13,31.96,31.97,30.71,31.58
2007-06-14,31.08,32.16,30.3,31.07
2007-06-15,31.07,31.6,30.48,30.76
2007-06-18,31.5,32.49,31.0,31.94
2007-06-19,32.0,33.32,31.6,32.7
2007-06-20,32.9,33.0,30.28,30.74
2007-06-21,30.6,31.09,29.7,30.0
2007-06-22,30.5,33.0,30.5,32.52
2007-06-25,32.99,35.7,31.98,35.11
2007-07-03,34.6,34.6,31.6,32.14
2007-07-04,31.45,32.0,30.5,31.52
2007-07-05,30.65,31.0,28.37,28.37
2007-07-06,27.02,29.18,25.8,28.37
2007-07-09,28.86,29.16,27.7,28.72
2007-07-10,29.15,29.18,28.0,28.32
2007-07-11,28.01,28.85,28.0,28.38
2007-07-12,28.44,30.25,28.15,30.08
2007-07-13,30.08,30.08,29.26,29.5
2007-07-16,29.58,30.6,29.16,29.88
2007-07-17,29.67,30.0,29.0,29.67
2007-07-18,29.98,29.98,29.03,29.28
2007-07-19,29.28,29.42,28.2,28.37
2007-07-20,28.3,29.19,28.22,29.05
2007-07-23,29.1,31.49,29.1,31.39
2007-07-24,31.99,32.01,30.9,31.21
2007-07-25,31.2,32.47,31.1,32.16
2007-07-26,32.47,32.58,31.5,32.01
2007-07-27,31.53,32.0,31.11,31.52
2007-07-30,31.45,32.38,31.03,31.97
2007-07-31,32.29,33.0,31.08,32.97
2007-08-01,33.2,33.2,31.18,31.4
2007-08-02,31.4,31.95,30.3,31.38
2007-08-03,31.53,32.48,31.31,31.91
2007-08-06,31.95,33.35,31.9,32.84
2007-08-07,32.96,33.3,31.65,31.9
2007-08-08,31.8,32.5,30.8,32.28
2007-08-10,32.88,32.88,30.0,30.95
2007-08-13,30.8,30.85,29.25,29.37
2007-08-14,29.0,29.92,29.0,29.55
2007-08-15,29.84,29.88,28.6,29.12
2007-08-16,29.01,30.13,28.9,29.83
2007-08-17,30.0,30.0,28.65,28.67
2007-08-20,29.25,29.68,29.01,29.36
2007-08-21,29.78,29.87,29.0,29.37
2007-08-22,29.55,31.41,29.35,31.2
2007-08-23,31.4,31.75,30.58,31.16
2007-08-24,31.5,31.65,30.2,30.4
2007-08-27,30.71,30.8,29.0,29.29
2007-08-28,29.19,29.29,28.58,28.99
2007-08-29,29.0,30.3,28.6,29.6
2007-08-30,29.77,29.95,29.01,29.85
2007-08-31,29.95,30.24,29.4,29.52
2007-09-03,29.64,29.78,29.01,29.55
2007-09-04,29.58,29.8,28.81,29.12
2007-09-06,29.55,29.65,29.13,29.21
2007-09-07,28.9,29.18,28.0,28.05
2007-09-10,27.98,28.04,27.15,27.81
2007-09-11,27.78,29.1,27.31,27.44
2007-09-12,27.28,28.2,27.2,27.78
2007-09-13,27.81,29.23,27.58,28.81
2007-09-14,28.8,31.5,28.8,30.96
2007-09-17,31.43,33.0,31.03,31.09
2007-09-18,31.0,31.0,29.99,30.53
2007-09-19,30.53,30.53,29.29,29.42
2007-09-20,29.4,29.98,28.66,29.47
2007-09-21,29.4,29.4,27.85,28.38
2007-09-24,28.0,29.8,27.31,29.05
2007-09-25,29.9,29.9,28.35,28.53
2007-09-26,27.93,28.98,27.93,28.02
2007-09-27,28.03,28.85,27.96,28.26
2007-09-28,28.45,29.5,28.26,28.85
2007-10-08,29.21,29.25,28.2,28.29
2007-10-09,28.0,29.8,27.9,29.78
2007-10-10,29.82,30.33,28.9,29.12
2007-10-11,29.12,29.96,28.81,29.61
2007-10-12,29.61,29.7,27.3,28.31
2007-10-15,28.48,29.49,28.48,29.03
2007-10-16,28.9,29.05,28.3,28.66
2007-10-17,28.66,28.66,28.0,28.15
2007-10-18,28.17,28.49,27.1,27.12
2007-10-19,27.48,28.25,27.11,28.18
2007-10-22,27.2,27.35,25.36,25.36
2007-10-23,25.08,25.48,23.01,23.98
2007-10-24,24.3,24.6,23.6,24.09
2007-10-25,23.97,23.97,21.68,21.68
2007-10-26,21.68,22.6,21.4,21.78
2007-10-29,21.9,22.22,20.48,20.96
2007-10-30,21.12,21.7,20.8,21.6
2007-10-31,21.85,23.76,21.85,23.26
2007-11-01,23.0,23.1,21.96,22.06
2007-11-02,21.9,21.9,20.81,20.98
2007-11-05,20.5,21.69,20.5,21.14
2007-11-06,21.4,22.5,21.4,21.89
2007-11-07,21.95,22.26,21.45,22.08
2007-11-08,22.2,22.2,20.8,20.87
2007-11-09,20.51,20.9,19.78,19.96
2007-11-12,19.1,19.85,19.02,19.5
2007-11-13,19.66,20.21,19.36,19.71
2007-11-14,19.75,20.5,19.75,20.49
2007-11-15,20.5,20.53,19.9,20.0
2007-11-16,19.9,20.08,19.5,20.07
2007-11-19,20.1,20.86,20.07,20.62
2007-11-20,20.62,21.5,20.45,21.2
2007-11-21,21.17,21.17,20.68,20.72
2007-11-22,20.2,20.38,19.43,19.54
2007-11-23,19.3,19.99,19.25,19.91
2007-11-26,20.19,20.19,19.48,19.53
2007-11-27,19.4,19.68,19.2,19.31
2007-11-28,19.25,19.59,19.25,19.4
2007-11-29,19.58,20.08,19.51,19.99
2007-11-30,19.97,21.56,19.81,21.2
2007-12-03,21.32,23.32,21.3,23.32
2007-12-04,23.7,23.7,22.3,22.4
2007-12-05,22.4,23.45,22.21,22.71
2007-12-06,22.61,23.4,22.52,23.1
2007-12-07,23.12,23.13,22.48,22.85
2007-12-10,22.3,23.4,22.3,23.36
2007-12-11,23.5,23.78,23.1,23.72
2007-12-12,23.75,24.12,23.4,23.55
2007-12-13,23.42,23.97,22.2,22.24
2007-12-14,22.0,22.89,21.68,22.78
2007-12-17,22.8,23.2,22.15,22.84
2007-12-18,22.98,23.0,22.18,22.59
2007-12-19,22.58,23.45,22.51,23.29
2007-12-20,23.29,24.58,23.29,24.3
2007-12-21,24.13,24.88,23.9,24.3
2007-12-24,24.5,24.98,24.15,24.29
2007-12-25,24.3,24.69,24.15,24.6
2007-12-26,24.5,25.4,24.5,25.18
2007-12-27,25.0,25.5,24.88,24.9
2007-12-28,24.89,25.28,24.72,24.73
2008-01-02,24.8,25.59,24.51,25.39
2008-01-03,25.4,26.16,25.12,25.97
2008-01-04,25.93,26.19,25.36,25.97
2008-01-07,26.0,26.81,26.0,26.01
2008-01-08,26.16,26.76,24.66,25.09
2008-01-09,24.98,25.53,24.77,25.51
2008-01-10,25.61,26.25,25.6,25.78
2008-01-11,25.76,26.1,25.15,25.39
2008-01-14,25.45,25.68,25.01,25.57
2008-01-15,25.57,27.1,25.57,26.92
2008-01-16,26.86,26.86,25.77,26.13
2008-01-17,26.0,26.78,24.8,25.68
2008-01-18,25.58,25.99,25.1,25.7
2008-01-21,25.78,25.94,23.3,23.7
2008-01-22,23.01,23.17,21.33,21.33
2008-01-23,21.4,22.49,21.4,22.25
2008-01-24,22.4,22.96,22.2,22.62
2008-01-25,22.59,22.88,22.13,22.42
2008-01-28,22.55,22.55,20.18,20.18
2008-01-29,19.83,20.87,19.83,20.51
2008-01-30,21.0,21.48,20.5,20.79
2008-01-31,20.8,21.29,19.9,20.31
2008-02-01,20.2,20.6,19.0,19.92
2008-02-04,20.45,21.68,20.45,21.66
2008-02-05,21.7,22.0,20.98,21.74
2008-02-13,21.7,21.74,21.21,21.32
2008-02-14,21.5,21.82,21.5,21.67
2008-02-15,21.5,21.5,21.06,21.23
2008-02-18,21.61,22.75,21.6,22.41
2008-02-19,22.38,22.96,22.05,22.77
2008-02-20,22.78,23.16,22.38,22.47
2008-02-21,22.46,23.2,22.3,22.99
2008-02-22,23.08,23.38,22.25,22.7
2008-02-25,22.48,23.09,21.8,21.96
2008-02-26,22.1,22.8,21.1,21.86
2008-02-27,21.72,23.29,21.72,23.23
2008-02-28,23.65,23.74,23.0,23.1
2008-02-29,23.05,23.47,22.3,22.95
2008-03-03,23.5,25.2,23.3,24.82
2008-03-04,24.6,24.94,23.8,23.9
2008-03-05,23.88,24.5,23.33,23.99
2008-03-06,24.28,24.83,24.03,24.77
2008-03-07,24.47,24.76,23.72,23.98
2008-03-10,23.81,23.86,22.29,22.34
2008-03-11,22.1,22.51,21.56,22.5
2008-03-12,23.0,23.18,21.5,21.56
2008-03-13,20.89,21.4,20.16,20.67
2008-03-14,20.79,20.85,20.0,20.19
2008-03-17,20.21,20.3,18.4,18.43
2008-03-18,18.35,18.89,16.59,16.91
2008-03-19,17.9,18.2,17.08,17.83
2008-03-20,17.48,19.2,16.8,18.86
2008-03-21,18.71,19.65,18.5,19.03
2008-03-24,19.17,19.47,18.48,18.49
2008-03-25,17.7,18.75,17.7,18.69
2008-03-26,19.0,19.39,18.53,18.7
2008-03-27,18.49,18.49,17.65,17.66
2008-03-28,17.45,18.25,17.08,18.19
2008-03-31,17.75,18.1,16.95,16.99
2008-04-01,16.7,17.36,15.29,15.29
2008-04-02,15.32,15.7,13.98,14.14
2008-04-03,14.05,14.8,13.68,14.61
2008-04-07,14.5,15.88,14.2,15.84
2008-04-08,15.9,16.3,15.65,16.02
2008-04-09,15.85,16.32,14.89,14.9
2008-04-10,14.25,15.24,14.25,15.22
2008-04-11,15.3,15.75,15.02,15.53
2008-04-14,15.0,15.0,13.98,14.19
2008-04-15,14.1,14.75,13.68,14.74
2008-04-16,14.6,14.63,14.07,14.11
2008-04-17,14.11,14.55,13.5,13.82
2008-04-18,13.75,13.85,13.0,13.05
2008-04-21,14.29,14.3,13.05,13.4
2008-04-22,13.0,13.5,12.47,13.48
2008-04-23,13.16,14.2,13.16,14.13
2008-04-24,15.54,15.54,15.0,15.54
2008-04-25,15.2,16.06,14.9,15.49
2008-04-28,15.15,15.2,14.6,14.84
2008-04-29,14.7,15.12,14.61,14.92
2008-04-30,15.19,15.49,14.96,15.46
2008-05-05,15.55,16.65,15.55,16.44
2008-05-06,16.3,16.3,15.75,16.01
2008-05-07,15.9,16.19,15.0,15.12
2008-05-08,15.0,16.0,14.92,15.96
2008-05-09,16.13,16.65,15.7,16.27
2008-05-12,16.02,16.6,15.53,16.43
2008-05-13,15.78,16.21,15.4,15.87
2008-05-14,15.6,16.47,15.6,16.44
2008-05-15,16.55,17.06,16.35,16.39
2008-05-16,16.24,16.55,15.61,15.9
2008-05-19,15.9,16.18,15.65,15.88
2008-05-20,15.99,16.16,14.57,14.68
2008-05-21,14.5,14.85,13.78,14.82
2008-05-22,14.5,16.3,14.35,16.3
2008-05-23,16.67,16.88,15.7,16.03
2008-05-26,15.9,15.9,14.93,14.95
2008-05-27,14.52,15.17,14.52,15.08
2008-05-28,14.83,15.35,14.72,15.32
2008-05-29,15.28,15.28,14.6,14.6
2008-05-30,14.6,15.02,14.0,14.33
2008-06-02,14.3,14.63,14.1,14.42
2008-06-03,14.4,15.25,14.28,15.1
2008-06-04,15.0,15.0,14.23,14.43
2008-06-05,14.45,14.8,14.31,14.53
2008-06-06,14.65,14.89,14.35,14.44
2008-06-10,14.0,14.0,13.0,13.0
2008-06-11,12.9,13.16,12.2,12.38
2008-06-12,12.34,12.6,12.01,12.3
2008-06-13,12.62,12.62,11.68,11.74
2008-06-16,11.99,11.99,11.35,11.52
2008-06-17,11.59,11.63,10.45,10.65
2008-06-18,10.65,11.48,10.34,11.44
2008-06-19,11.3,11.44,10.3,10.31
2008-06-20,10.55,11.34,10.31,11.22
2008-06-23,11.49,12.3,11.49,11.79
2008-06-24,11.79,12.88,11.7,12.7
2008-06-25,12.6,13.15,12.36,13.0
2008-06-27,12.17,13.3,12.01,12.28
2008-07-01,12.37,12.56,11.1,11.73
2008-07-02,11.66,12.14,11.58,11.97
2008-07-03,11.76,13.17,11.45,13.17
2008-07-04,13.11,13.6,12.83,13.36
2008-07-07,13.35,14.1,13.35,13.99
2008-07-08,13.7,14.25,13.66,13.97
2008-07-09,14.0,14.3,13.7,14.26
2008-07-10,14.0,14.58,13.82,13.86
2008-07-11,13.8,14.15,13.61,13.98
2008-07-14,13.79,14.9,13.72,14.84
2008-07-15,14.85,14.9,14.01,14.25
2008-07-16,14.0,14.18,12.85,13.04
2008-07-17,13.4,13.78,12.9,13.56
2008-07-18,13.4,13.99,13.0,13.87
2008-07-21,13.8,14.5,13.6,14.35
2008-07-22,14.39,14.79,14.2,14.42
2008-07-23,14.5,15.07,14.32,14.92
2008-07-24,15.2,15.34,14.61,14.81
2008-07-25,14.57,14.99,14.5,14.67
2008-07-28,14.71,14.97,14.61,14.83
2008-07-29,14.85,14.95,14.23,14.33
2008-07-30,9.8,10.5,9.6,10.14
2008-07-31,9.94,9.97,9.21,9.3
2008-08-01,9.4,9.5,8.91,9.36
2008-08-04,9.36,9.37,9.0,9.01
2008-08-05,9.0,9.19,8.71,8.81
2008-08-06,8.9,9.3,8.4,9.24
2008-08-07,9.21,9.66,9.2,9.56
2008-08-08,9.56,9.56,8.6,8.6
2008-08-11,8.28,8.48,7.74,7.74
2008-08-12,7.5,7.5,6.97,7.11
2008-08-13,7.0,7.37,6.63,7.25
2008-08-14,7.1,7.25,6.98,7.12
2008-08-15,7.11,7.23,7.04,7.07
2008-08-18,7.08,7.12,6.36,6.36
2008-08-19,6.18,6.59,6.06,6.48
2008-08-20,6.39,7.13,6.17,7.13
2008-08-21,7.11,7.43,6.88,6.96
2008-08-22,6.71,7.01,6.55,6.77
2008-08-25,6.82,6.97,6.7,6.97
2008-08-26,6.92,6.97,6.3,6.4
2008-08-27,6.41,6.61,6.28,6.48
2008-08-28,6.5,6.54,6.33,6.39
2008-08-29,6.37,6.76,6.37,6.66
2008-09-01,6.85,7.27,6.8,7.04
2008-09-02,6.9,7.11,6.8,6.97
2008-09-03,6.97,7.07,6.76,6.89
2008-09-04,6.8,7.25,6.8,7.18
2008-09-05,6.9,7.1,6.71,6.86
2008-09-08,6.81,7.39,6.81,7.17
2008-09-09,7.17,7.73,7.0,7.68
2008-09-10,7.6,7.97,7.38,7.74
2008-09-11,7.65,7.94,7.5,7.55
2008-09-12,7.66,7.92,7.62,7.7
2008-09-16,7.72,7.89,7.02,7.05
2008-09-17,7.0,7.17,6.4,6.5
2008-09-18,6.34,6.9,5.85,6.73
2008-09-19,7.4,7.4,7.2,7.4
2008-09-22,8.05,8.14,7.6,8.14
2008-09-23,7.7,7.99,7.58,7.63
2008-09-24,7.42,8.18,7.35,8.16
2008-09-25,8.16,8.5,8.04,8.17
2008-09-26,8.18,8.23,7.8,7.92
2008-10-06,7.85,7.85,7.45,7.48
2008-10-07,7.18,7.59,7.08,7.58
2008-10-08,7.35,7.51,7.06,7.2
2008-10-09,7.4,7.45,6.89,6.91
2008-10-10,6.5,6.76,6.25,6.27
2008-10-13,6.02,6.7,5.92,6.7
2008-10-14,6.94,7.02,6.3,6.37
2008-10-15,6.3,6.5,6.18,6.41
2008-10-16,6.08,6.39,6.08,6.11
2008-10-17,6.24,6.33,6.18,6.27
2008-10-20,6.28,6.64,6.2,6.63
2008-10-21,6.69,6.78,6.51,6.54
2008-10-22,6.4,6.6,6.23,6.25
2008-10-23,6.1,6.36,6.04,6.35
2008-10-24,6.36,6.39,6.14,6.18
2008-10-27,6.05,6.18,5.56,5.56
2008-10-28,5.33,5.77,5.28,5.76
2008-10-29,5.86,5.95,5.45,5.49
2008-10-30,5.65,5.73,5.49,5.57
2008-10-31,5.68,5.68,5.45,5.48
2008-11-03,5.4,5.53,5.3,5.39
2008-11-04,5.2,5.53,5.16,5.5
2008-11-05,5.52,5.76,5.52,5.62
2008-11-06,5.48,5.52,5.41,5.43
2008-11-07,5.38,5.62,5.28,5.55
2008-11-10,5.65,6.08,5.64,6.06
2008-11-11,5.98,6.33,5.85,6.24
2008-11-12,6.19,6.7,6.14,6.48
2008-11-13,6.36,6.99,6.3,6.79
2008-11-14,6.88,7.3,6.75,7.26
2008-11-17,7.2,7.54,7.02,7.41
2008-11-18,7.39,7.67,6.67,6.74
2008-11-19,6.6,7.34,6.6,7.25
2008-11-20,7.08,7.39,6.95,7.15
2008-11-21,6.9,7.1,6.53,6.85
2008-11-24,7.0,7.0,6.5,6.51
2008-11-25,6.6,6.75,6.26,6.47
2008-11-26,6.47,6.63,6.42,6.56
2008-11-27,7.03,7.12,6.53,6.56
2008-11-28,6.56,6.59,6.3,6.37
2008-12-01,6.31,6.7,6.17,6.7
2008-12-02,6.5,7.05,6.46,6.96
2008-12-03,7.08,7.26,6.98,7.22
2008-12-04,7.21,7.45,7.04,7.06
2008-12-05,7.08,7.28,7.05,7.26
2008-12-08,7.4,7.69,7.26,7.67
2008-12-09,7.7,7.74,7.29,7.44
2008-12-10,7.4,8.18,7.25,8.18
2008-12-11,8.0,8.21,7.65,7.67
2008-12-12,7.53,7.7,6.96,7.12
2008-12-15,7.16,7.4,7.04,7.3
2008-12-16,7.29,7.39,7.05,7.36
2008-12-17,7.4,7.65,7.35,7.41
2008-12-18,7.42,7.54,7.22,7.49
2008-12-19,7.46,7.66,7.37,7.51
2008-12-22,7.54,7.63,7.31,7.5
2008-12-23,7.6,7.6,6.85,6.88
2008-12-24,6.68,6.85,6.5,6.62
2008-12-25,6.64,6.72,6.46,6.53
2008-12-26,6.52,6.65,6.51,6.55
2008-12-29,6.6,6.62,6.35,6.53
2008-12-30,6.6,6.74,6.56,6.6
2008-12-31,6.59,6.7,6.35,6.36
2009-01-05,6.55,6.73,6.43,6.7
2009-01-06,6.7,7.04,6.49,6.95
2009-01-07,7.0,7.19,6.92,7.12
2009-01-08,6.93,7.03,6.82,6.85
2009-01-09,6.85,7.11,6.83,7.07
2009-01-12,7.14,7.41,7.07,7.22
2009-01-13,7.15,7.16,6.88,6.89
2009-01-14,6.88,7.46,6.88,7.45
2009-01-15,7.33,8.1,7.3,7.86
2009-01-16,7.99,8.07,7.81,7.99
2009-01-19,8.08,8.15,7.85,7.96
2009-01-20,7.9,8.14,7.75,8.03
2009-01-21,7.93,8.23,7.82,7.99
2009-01-22,8.02,8.38,7.9,8.35
2009-01-23,8.3,8.43,8.02,8.05
2009-02-02,8.08,8.28,7.92,8.2
2009-02-03,8.18,8.55,8.13,8.39
2009-02-04,8.45,9.02,8.44,8.89
2009-02-05,8.88,9.25,8.58,9.01
2009-02-06,8.98,9.27,8.98,9.19
2009-02-09,9.22,9.36,9.1,9.19
2009-02-10,9.23,9.65,9.12,9.5
2009-02-11,9.23,9.58,9.03,9.28
2009-02-12,9.3,9.39,8.88,9.3
2009-02-13,9.36,9.96,9.35,9.88
2009-02-16,9.91,10.28,9.66,10.01
2009-02-17,9.95,9.95,9.34,9.41
2009-02-18,9.0,9.28,8.88,8.9
2009-02-19,9.19,9.25,8.91,9.06
2009-02-20,9.11,9.6,9.08,9.52
2009-02-23,9.58,10.15,9.42,9.94
2009-02-24,9.84,10.28,9.53,9.63
2009-02-25,9.88,9.95,9.31,9.78
2009-02-26,9.79,10.0,8.8,8.85
2009-02-27,8.73,8.73,7.97,7.97
2009-03-02,7.73,8.22,7.72,8.12
2009-03-03,7.88,8.2,7.7,8.09
2009-03-04,8.14,8.69,8.13,8.63
2009-03-05,8.8,9.16,8.57,8.92
2009-03-06,8.68,9.19,8.62,8.88
2009-03-09,8.87,9.1,8.31,8.62
2009-03-10,8.59,9.25,8.43,9.21
2009-03-11,9.3,9.62,9.08,9.14
2009-03-12,9.1,9.17,8.61,9.02
2009-03-13,9.03,9.25,8.8,8.81
2009-03-16,8.76,8.92,8.63,8.84
2009-03-17,8.85,9.25,8.75,9.18
2009-03-18,9.23,9.48,9.1,9.26
2009-03-19,9.26,9.48,9.22,9.46
2009-03-20,9.42,9.46,9.05,9.3
2009-03-23,9.29,9.61,9.25,9.56
2009-03-24,9.6,9.78,9.4,9.43
2009-03-25,9.3,9.42,9.11,9.12
2009-03-26,9.08,9.68,8.98,9.67
2009-03-27,9.99,10.64,9.97,10.64
2009-03-30,11.05,11.27,10.52,10.56
2009-03-31,10.21,11.62,10.05,11.62
2009-04-01,11.8,12.65,11.38,12.05
2009-04-02,11.8,12.54,11.56,11.89
2009-04-03,11.8,11.82,11.0,11.18
2009-04-07,11.1,11.66,10.87,11.64
2009-04-08,11.4,11.83,11.06,11.15
2009-04-09,11.06,11.4,10.87,11.23
2009-04-10,11.28,12.1,11.18,11.82
2009-04-13,11.8,12.06,11.55,11.74
2009-04-14,11.7,11.78,11.4,11.64
2009-04-15,11.5,11.91,11.4,11.71
2009-04-16,11.8,12.32,11.72,11.93
2009-04-17,11.83,11.85,11.25,11.31
2009-04-20,11.23,11.64,11.12,11.63
2009-04-21,11.59,11.87,11.31,11.85
2009-04-22,11.84,11.84,10.7,10.91
2009-04-23,10.87,11.1,10.66,10.96
2009-04-24,10.96,10.99,10.55,10.56
2009-04-27,10.54,10.54,10.0,10.03
2009-04-28,10.02,10.38,10.0,10.19
2009-04-29,10.09,10.51,10.0,10.45
2009-04-30,10.4,10.42,10.12,10.25
2009-05-04,10.3,10.69,10.29,10.63
2009-05-05,10.69,11.1,10.69,10.73
2009-05-06,10.76,11.0,10.66,10.9
2009-05-07,10.96,11.06,10.39,10.57
2009-05-08,10.55,10.87,10.38,10.71
2009-05-11,10.76,10.81,10.25,10.27
2009-05-12,10.17,10.43,10.1,10.39
2009-05-13,10.4,10.82,10.35,10.79
2009-05-14,10.72,10.98,10.58,10.96
2009-05-15,11.12,12.0,11.12,11.53
2009-05-18,11.45,11.45,11.08,11.32
2009-05-19,11.38,11.45,11.11,11.41
2009-05-20,11.53,11.53,11.14,11.16
2009-05-21,11.15,11.4,10.71,11.06
2009-05-22,11.1,11.4,11.09,11.17
2009-05-25,10.62,11.16,10.6,11.02
2009-05-26,11.07,11.37,10.85,10.9
2009-06-01,11.04,11.08,10.74,10.86
2009-06-02,10.95,11.19,10.91,10.99
2009-06-03,10.94,11.27,10.7,11.15
2009-06-04,11.0,11.07,10.75,10.91
2009-06-05,10.91,11.05,10.76,10.78
2009-06-08,10.71,10.89,10.58,10.64
2009-06-09,10.66,10.75,10.31,10.55
2009-06-10,10.56,10.69,10.48,10.67
2009-06-11,10.64,10.9,10.5,10.88
2009-06-12,10.85,10.86,10.41,10.45
2009-06-15,10.45,10.66,10.38,10.65
2009-06-16,10.57,10.96,10.46,10.89
2009-06-17,10.8,11.14,10.72,11.13
2009-06-18,11.14,11.22,10.93,11.13
2009-06-19,11.08,11.51,11.01,11.46
2009-06-22,11.54,11.85,11.22,11.39
2009-06-23,11.31,11.55,11.18,11.31
2009-06-24,11.37,11.79,11.32,11.72
2009-06-25,11.87,12.17,11.34,11.36
2009-06-26,11.32,11.7,11.08,11.12
2009-06-29,11.1,11.12,10.8,11.02
2009-06-30,11.02,11.02,10.81,10.94
2009-07-01,10.95,10.99,10.81,10.93
2009-07-02,10.94,11.05,10.86,11.01
2009-07-03,10.99,10.99,10.83,10.88
2009-07-06,10.87,10.87,10.61,10.71
2009-07-07,10.7,10.9,10.63,10.83
2009-07-08,10.78,10.94,10.72,10.93
2009-07-09,10.98,11.21,10.86,11.2
2009-07-10,11.2,11.25,11.06,11.13
2009-07-13,11.12,11.25,11.08,11.19
2009-07-14,11.25,11.29,11.13,11.26
2009-07-15,11.25,11.49,11.21,11.4
2009-07-16,11.42,11.48,11.12,11.16
2009-07-17,11.16,11.2,11.01,11.14
2009-07-20,11.2,11.55,11.2,11.52
2009-07-21,11.52,11.58,11.12,11.16
2009-07-22,11.21,11.8,11.21,11.68
2009-07-23,11.65,11.85,11.44,11.75
2009-07-24,11.75,11.87,11.21,11.46
2009-07-27,11.66,11.95,11.4,11.83
2009-07-28,11.78,12.63,11.78,12.3
2009-07-29,12.0,12.18,11.07,11.1
2009-07-30,11.08,11.29,10.45,10.83
2009-07-31,10.87,11.2,10.76,11.18
2009-08-03,11.18,11.38,10.95,11.35
2009-08-04,11.33,11.7,11.11,11.51
2009-08-05,11.48,11.8,11.39,11.69
2009-08-06,11.7,12.2,11.63,11.78
2009-08-07,11.55,11.83,11.1,11.13
2009-08-10,11.21,11.42,10.97,11.11
2009-08-11,11.11,11.26,11.0,11.2
2009-08-12,11.13,11.13,10.1,10.39
2009-08-13,10.41,10.48,10.11,10.28
2009-08-14,10.26,10.26,9.68,9.7
2009-08-17,9.63,9.63,8.83,8.85
2009-08-18,8.85,9.17,8.84,9.09
2009-08-19,9.1,9.1,8.2,8.35
2009-08-20,8.47,8.79,8.35,8.73
2009-08-21,8.74,9.19,8.63,8.99
2009-08-24,9.25,9.89,9.22,9.89
2009-08-25,10.18,10.3,9.4,9.87
2009-08-26,9.53,10.49,9.53,10.24
2009-08-27,10.04,10.8,9.81,10.49
2009-08-28,10.3,10.66,10.02,10.31
2009-08-31,10.16,10.6,9.85,10.04
2009-09-01,10.04,10.49,9.48,10.3
2009-09-02,10.2,10.47,10.02,10.31
2009-09-03,10.23,11.16,10.14,10.75
2009-09-04,10.65,11.82,10.52,11.4
2009-09-07,11.54,11.8,11.06,11.37
2009-09-08,11.45,11.7,11.16,11.28
2009-09-09,11.29,11.35,10.7,10.93
2009-09-10,10.89,11.19,10.69,10.99
2009-09-11,10.8,11.08,10.71,10.88
2009-09-14,10.87,11.2,10.7,11.16
2009-09-15,11.2,11.21,10.86,10.93
2009-09-16,10.81,10.95,10.51,10.76
2009-09-17,10.63,11.39,10.63,11.35
2009-09-18,11.4,11.5,10.65,10.69
2009-09-21,10.64,10.65,10.07,10.46
2009-09-22,10.43,10.59,10.0,10.0
2009-09-23,10.02,10.23,9.7,9.78
2009-09-24,9.76,10.11,9.66,10.0
2009-09-25,9.91,10.05,9.78,9.81
2009-09-28,9.88,9.96,9.25,9.26
2009-09-29,9.25,9.3,8.77,8.9
2009-09-30,9.06,9.28,9.0,9.2
2009-10-09,9.48,9.73,9.38,9.69
2009-10-12,9.68,9.79,9.57,9.72
2009-10-13,9.68,9.86,9.65,9.84
2009-10-14,9.85,10.0,9.81,9.94
2009-10-15,9.94,10.05,9.87,9.91
2009-10-16,9.92,10.06,9.6,9.98
2009-10-19,9.95,10.18,9.82,10.03
2009-10-20,10.05,10.08,9.88,10.0
2009-10-21,10.0,10.05,9.81,9.82
2009-10-22,9.68,10.15,9.61,10.14
2009-10-23,10.08,10.36,10.01,10.26
2009-10-26,10.22,10.22,9.92,10.03
2009-10-27,9.98,9.98,9.48,9.49
2009-10-28,9.52,9.7,9.5,9.69
2009-10-29,9.5,9.58,9.33,9.34
2009-10-30,9.43,9.67,9.4,9.46
2009-11-02,9.4,9.82,9.2,9.73
2009-11-03,9.77,10.18,9.71,10.09
2009-11-04,10.08,10.13,9.97,10.06
2009-11-05,10.0,10.17,9.94,10.13
2009-11-06,10.17,10.45,10.08,10.39
2009-11-09,10.38,10.54,10.3,10.42
2009-11-10,10.5,10.51,10.22,10.26
2009-11-11,10.21,10.35,10.11,10.3
2009-11-12,10.28,10.55,10.28,10.3
2009-11-13,10.28,10.48,10.14,10.42
2009-11-16,10.49,10.9,10.49,10.75
2009-11-17,10.8,10.94,10.63,10.89
2009-11-18,10.95,10.97,10.63,10.77
2009-11-19,10.74,11.29,10.74,11.13
2009-11-20,11.05,11.19,10.96,11.03
2009-11-23,11.03,11.42,10.98,11.31
2009-11-24,11.35,11.78,10.67,10.72
2009-11-25,10.54,10.97,10.52,10.95
2009-11-26,10.98,11.08,10.35,10.36
2009-11-27,10.36,10.67,10.19,10.25
2009-11-30,10.3,10.66,10.26,10.65
2009-12-01,10.65,10.92,10.56,10.9
2009-12-02,11.0,11.31,10.9,11.2
2009-12-03,11.12,11.33,11.05,11.21
2009-12-04,11.21,11.55,10.75,11.07
2009-12-07,11.17,12.18,10.98,12.18
2009-12-08,12.5,12.6,11.83,12.2
2009-12-09,11.8,11.97,11.37,11.5
2009-12-10,11.6,11.65,11.29,11.57
2009-12-11,11.53,11.87,11.49,11.54
2009-12-14,11.4,11.68,10.98,11.27
2009-12-15,11.29,11.65,11.2,11.45
2009-12-16,11.38,11.45,11.14,11.23
2009-12-17,11.23,11.3,10.81,10.83
2009-12-18,10.66,10.75,10.32,10.39
2009-12-21,10.48,10.53,10.2,10.52
2009-12-22,10.51,10.59,9.97,10.28
2009-12-23,10.21,10.68,10.2,10.6
2009-12-24,10.55,11.11,10.55,10.95
2009-12-25,10.9,11.2,10.76,10.99
2009-12-28,11.09,11.66,11.03,11.38
2009-12-29,11.34,11.58,11.27,11.48
2009-12-30,11.49,12.15,11.36,11.75
2009-12-31,11.71,12.35,11.55,12.22
2010-01-04,12.29,13.44,12.08,13.14
2010-01-05,13.3,13.94,13.2,13.34
2010-01-06,13.27,13.66,13.19,13.46
2010-01-07,13.3,13.75,13.13,13.28
2010-01-08,13.1,13.39,12.77,13.28
2010-01-11,13.18,14.1,13.0,13.5
2010-01-12,13.47,13.95,13.31,13.66
2010-01-13,13.38,14.52,13.3,14.25
2010-01-14,14.14,14.52,13.82,14.37
2010-01-15,14.21,14.48,13.87,13.95
2010-01-18,13.88,13.97,13.43,13.9
2010-01-19,13.8,14.08,13.69,13.99
2010-01-20,14.04,14.04,12.73,12.91
2010-01-21,12.89,13.3,12.8,12.81
2010-01-22,12.51,12.66,11.9,12.39
2010-01-25,12.38,12.72,12.11,12.56
2010-01-26,12.42,12.68,11.92,12.05
2010-01-27,12.12,12.44,12.0,12.14
2010-01-28,12.18,12.96,12.06,12.72
2010-01-29,12.49,12.98,12.46,12.92
2010-02-01,12.8,12.8,12.3,12.42
2010-02-02,12.55,12.69,12.08,12.11
2010-02-03,12.12,12.23,11.4,12.05
2010-02-04,12.0,12.32,11.8,12.28
2010-02-05,11.98,12.08,11.56,11.73
2010-02-08,11.75,11.85,11.4,11.45
2010-02-09,11.46,11.99,11.4,11.94
2010-02-10,11.93,12.19,11.85,12.04
2010-02-11,12.1,12.17,11.75,11.76
2010-02-12,11.7,12.0,11.7,11.96
2010-02-22,11.94,12.37,11.85,12.24
2010-02-23,12.24,12.5,12.01,12.48
2010-02-24,12.45,12.76,12.25,12.62
2010-02-25,12.75,12.82,12.5,12.7
2010-02-26,12.6,12.65,12.42,12.53
2010-03-01,12.55,12.98,12.45,12.97
2010-03-02,12.99,13.58,12.9,13.16
2010-03-03,13.16,13.6,13.06,13.45
2010-03-04,13.3,13.4,12.59,12.62
2010-03-05,12.62,12.82,12.24,12.56
2010-03-08,12.61,12.74,12.43,12.65
2010-03-09,12.65,12.76,12.31,12.69
2010-03-10,12.65,13.36,12.46,13.02
2010-03-11,12.92,13.08,12.49,12.71
2010-03-12,12.72,12.75,12.35,12.37
2010-03-15,12.29,12.29,11.8,11.93
2010-03-16,11.91,12.08,11.85,12.06
2010-03-17,12.1,12.66,12.02,12.61
2010-03-18,12.6,12.92,12.46,12.6
2010-03-19,12.67,13.1,12.62,12.99
2010-03-22,12.98,13.38,12.77,13.14
2010-03-23,13.15,13.18,12.76,12.83
2010-03-24,12.83,13.04,12.8,12.83
2010-03-25,12.75,12.86,12.6,12.69
2010-03-26,12.68,13.07,12.59,12.99
2010-03-29,13.08,13.1,12.79,12.9
2010-03-30,12.9,13.34,12.73,13.22
2010-03-31,13.2,13.45,13.0,13.3
2010-04-01,13.28,13.96,13.26,13.75
2010-04-02,13.65,13.77,13.5,13.68
2010-04-06,13.71,14.0,13.61,13.82
2010-04-07,13.78,13.93,13.53,13.91
2010-04-08,13.9,13.9,13.46,13.5
2010-04-09,13.43,13.88,13.43,13.78
2010-04-12,13.78,14.0,13.57,13.98
2010-04-13,13.99,14.25,13.2,13.5
2010-04-14,13.4,13.66,13.3,13.54
2010-04-15,13.59,13.89,13.4,13.57
2010-04-16,13.52,13.55,13.15,13.21
2010-04-19,13.01,13.62,12.91,13.0
2010-04-20,12.91,13.75,12.66,13.71
2010-04-21,13.69,14.24,13.6,14.03
2010-04-22,14.02,14.65,13.9,14.25
2010-04-23,14.33,14.63,14.13,14.22
2010-04-26,14.35,14.8,14.18,14.5
2010-04-27,14.55,14.55,13.56,14.02
2010-04-28,14.0,14.98,13.7,14.96
2010-04-29,14.87,15.34,13.91,13.96
2010-04-30,13.7,13.83,13.11,13.52
2010-05-04,13.2,13.95,13.08,13.81
2010-05-05,13.64,14.95,13.6,14.91
2010-05-06,14.75,15.27,14.5,14.63
2010-05-07,14.05,15.15,13.96,15.04
2010-05-10,15.1,15.34,13.54,13.56
2010-05-11,13.86,13.97,12.9,13.29
2010-05-12,13.28,13.48,12.01,12.32
2010-05-13,12.3,12.9,11.88,12.8
2010-05-14,12.6,13.24,12.5,12.88
2010-05-17,12.59,12.75,11.59,11.65
2010-05-18,11.64,12.01,11.11,11.85
2010-05-19,11.81,12.25,11.59,11.88
2010-05-20,11.95,12.28,11.72,11.94
2010-05-21,11.44,12.21,11.33,12.2
2010-05-24,12.28,12.79,12.2,12.65
2010-05-25,12.53,13.14,12.45,12.99
2010-05-26,12.96,13.09,12.69,12.87
2010-05-27,12.71,13.3,12.62,13.19
2010-05-28,13.25,13.3,12.83,12.92
2010-05-31,12.8,12.89,12.1,12.16
2010-06-01,12.03,12.4,11.88,12.27
2010-06-02,12.19,12.44,11.9,12.42
2010-06-03,12.47,12.59,12.06,12.14
2010-06-04,11.94,12.37,11.92,12.33
2010-06-07,12.02,12.68,12.02,12.56
2010-06-08,12.59,12.93,12.52,12.82
2010-06-09,12.8,13.14,12.8,13.1
2010-06-10,13.07,13.18,12.89,12.91
2010-06-11,13.03,13.09,12.65,12.71
2010-06-17,12.8,13.08,12.73,12.76
2010-06-21,12.2,12.72,11.48,12.71
2010-06-22,12.65,12.65,12.38,12.43
2010-06-23,12.45,12.56,12.13,12.22
2010-06-24,12.21,12.38,12.11,12.25
2010-06-25,12.2,12.3,11.91,12.02
2010-06-28,12.02,12.09,11.59,11.69
2010-06-29,11.63,11.8,10.82,10.84
2010-06-30,10.79,10.79,10.3,10.38
2010-07-01,10.4,10.58,10.36,10.4
2010-07-02,10.54,11.25,10.41,10.96
2010-07-05,10.7,11.07,10.5,10.99
2010-07-06,11.0,11.16,10.79,11.13
2010-07-07,11.17,11.48,11.04,11.25
2010-07-08,11.25,11.33,10.88,11.03
2010-07-09,11.11,11.55,10.82,11.51
2010-07-12,11.4,11.95,11.35,11.65
2010-07-13,11.5,11.95,11.4,11.69
2010-07-14,11.65,11.9,11.65,11.69
2010-07-15,11.69,11.82,11.4,11.42
2010-07-16,11.34,11.52,11.04,11.29
2010-07-19,11.11,11.65,11.11,11.6
2010-07-20,11.56,12.0,11.56,11.9
2010-07-21,11.97,12.25,11.86,11.9
2010-07-22,11.85,12.49,11.76,12.28
2010-07-23,12.28,12.44,12.05,12.4
2010-08-02,13.64,13.64,13.06,13.22
2010-08-03,13.06,14.42,13.0,13.8
2010-08-04,13.5,13.69,13.21,13.57
2010-08-05,13.58,13.71,13.3,13.45
2010-08-06,13.43,13.65,13.2,13.6
2010-08-09,13.61,13.8,13.45,13.64
2010-08-10,13.63,14.05,13.54,13.56
2010-08-11,13.56,14.1,13.47,14.03
2010-08-12,13.8,13.98,13.5,13.62
2010-08-13,13.62,13.79,13.15,13.64
2010-08-16,13.54,13.96,13.4,13.91
2010-08-17,13.88,14.28,13.78,14.13
2010-08-18,14.1,14.18,13.75,13.87
2010-08-19,13.87,14.51,13.75,14.13
2010-08-20,14.18,14.71,14.1,14.54
2010-08-23,14.6,14.99,14.27,14.84
2010-08-24,14.8,14.8,14.45,14.59
2010-08-25,14.54,14.54,13.78,13.84
2010-08-26,13.85,13.99,13.5,13.7
2010-08-27,13.65,14.03,13.59,13.89
2010-08-30,13.96,14.76,13.96,14.62
2010-08-31,14.44,15.31,14.33,14.98
2010-09-01,14.96,15.7,14.62,15.3
2010-09-02,15.46,15.54,15.1,15.29
2010-09-03,15.28,15.7,15.18,15.56
2010-09-06,15.9,16.45,14.81,14.85
2010-09-07,14.84,15.12,14.7,15.05
2010-09-08,14.99,15.61,14.83,15.49
2010-09-09,15.6,15.75,14.88,15.09
2010-09-10,15.0,15.66,14.86,15.53
2010-09-13,15.54,15.93,15.4,15.75
2010-09-14,15.84,17.33,15.84,17.27
2010-09-15,17.07,17.07,16.0,16.14
2010-09-16,16.23,16.34,15.11,15.43
2010-09-17,15.4,15.92,15.28,15.51
2010-09-20,15.38,15.63,14.67,14.78
2010-09-21,14.83,15.1,14.75,14.97
2010-09-27,15.08,15.47,14.92,15.41
2010-09-28,15.4,15.89,15.23,15.57
2010-09-29,15.61,16.14,15.5,15.96
2010-09-30,15.86,16.2,15.68,16.13
2010-10-08,16.29,16.67,16.08,16.36
2010-10-11,16.25,16.44,15.73,16.35
2010-10-12,16.02,16.34,15.9,15.92
2010-10-13,15.94,16.5,15.92,16.41
2010-10-14,16.5,16.5,15.61,15.64
2010-10-15,15.64,16.14,15.25,15.95
2010-10-18,15.95,15.95,14.36,14.44
2010-10-19,14.48,15.07,14.48,14.94
2010-10-20,14.6,15.32,14.4,15.19
2010-10-21,15.19,15.3,14.9,15.16
2010-10-22,15.16,15.92,14.86,15.83
2010-10-25,15.91,17.04,15.62,16.63
2010-10-26,16.55,16.99,16.23,16.88
2010-10-27,17.16,18.5,16.83,17.78
2010-10-28,17.6,18.39,17.2,17.8
2010-10-29,17.92,19.22,17.51,18.7
2010-11-01,18.77,19.95,18.4,19.82
2010-11-02,19.95,20.15,18.78,18.86
2010-11-03,18.7,19.0,17.75,17.9
2010-11-04,17.86,19.09,17.83,18.84
2010-11-05,19.0,19.3,18.24,18.45
2010-11-08,18.47,18.79,17.92,18.69
2010-11-09,18.67,18.95,18.37,18.59
2010-11-10,18.65,18.85,18.06,18.71
2010-11-11,18.6,19.2,18.22,18.34
2010-11-12,18.0,18.16,16.51,16.53
2010-11-15,16.63,17.24,16.3,17.01
2010-11-16,17.15,17.27,15.94,16.16
2010-11-17,16.0,16.54,15.87,16.06
2010-11-18,16.11,16.57,16.1,16.45
2010-11-19,16.61,17.29,16.31,17.24
2010-11-22,17.06,17.73,16.96,17.43
2010-11-23,17.33,17.37,16.22,16.55
2010-11-24,16.55,17.2,16.41,17.08
2010-11-25,17.07,17.38,16.91,17.32
2010-11-26,17.24,17.32,16.8,16.95
2010-11-29,16.9,16.9,16.38,16.65
2010-11-30,16.65,16.9,15.5,15.93
2010-12-01,15.8,16.14,15.5,15.91
2010-12-02,16.2,16.4,15.9,16.07
2010-12-03,16.3,16.6,16.1,16.39
2010-12-06,16.39,16.48,15.68,15.87
2010-12-07,15.7,16.05,15.28,15.96
2010-12-08,15.91,16.1,15.8,15.9
2010-12-09,15.75,15.89,15.36,15.39
2010-12-10,15.3,15.74,15.22,15.67
2010-12-13,15.79,16.28,15.76,16.18
2010-12-14,16.33,16.4,16.13,16.24
2010-12-15,16.3,16.52,16.16,16.31
2010-12-16,16.3,16.5,16.22,16.35
2010-12-17,16.38,16.66,16.31,16.58
2010-12-20,16.6,16.72,15.59,16.09
2010-12-21,16.04,16.29,15.82,16.26
2010-12-22,16.38,17.78,16.3,17.6
2010-12-23,17.32,17.51,16.8,16.87
2010-12-24,17.08,18.56,16.87,18.04
2010-12-27,18.06,18.56,17.69,17.91
2010-12-28,17.8,17.8,16.12,16.12
2010-12-29,15.77,16.37,15.25,15.97
2010-12-30,15.81,16.38,15.75,15.92
2010-12-31,16.08,16.36,15.9,16.31
2011-01-04,16.4,16.62,16.1,16.5
2011-01-05,16.5,16.82,16.2,16.64
2011-01-06,16.63,17.38,16.52,17.31
2011-01-07,17.32,17.35,16.85,17.05
2011-01-10,17.02,17.02,16.18,16.2
2011-01-11,16.15,16.15,15.7,15.88
2011-01-12,15.9,16.13,15.75,16.08
2011-01-13,16.15,16.33,15.71,15.73
2011-01-14,15.5,15.65,14.95,14.96
2011-01-17,14.77,14.94,14.2,14.28
2011-01-18,14.29,14.64,14.29,14.58
2011-01-19,14.6,14.94,14.5,14.88
2011-01-20,14.9,15.25,14.33,14.35
2011-01-21,14.28,14.77,14.2,14.63
2011-01-24,14.55,14.6,14.22,14.23
2011-01-25,14.26,14.46,14.15,14.23
2011-01-26,14.26,14.7,14.23,14.65
2011-01-27,14.5,14.97,14.44,14.84
2011-01-28,14.85,14.98,14.72,14.87
2011-01-31,14.8,15.01,14.7,14.94
2011-02-01,14.9,15.2,14.9,15.01
2011-02-09,14.94,15.05,14.51,14.62
2011-02-10,14.5,15.2,14.5,15.18
2011-02-11,15.18,15.48,15.06,15.32
2011-02-14,15.32,15.64,15.15,15.58
2011-02-15,15.64,15.9,15.43,15.6
2011-02-16,15.55,15.95,15.51,15.87
2011-02-17,16.03,16.3,15.68,16.25
2011-02-18,16.12,16.27,15.81,15.88
2011-02-21,15.71,16.57,15.5,16.44
2011-02-22,16.62,17.15,16.26,16.33
2011-02-23,16.29,16.57,15.92,16.39
2011-02-24,16.25,16.73,16.2,16.3
2011-02-25,17.18,17.93,16.82,17.06
2011-02-28,16.75,16.98,16.4,16.84
2011-03-01,16.72,17.35,16.72,16.94
2011-03-02,16.75,16.93,16.42,16.72
2011-03-03,16.66,16.99,16.16,16.22
2011-03-04,16.13,16.63,16.02,16.53
2011-03-07,16.5,16.88,16.46,16.8
2011-03-08,16.78,16.98,16.68,16.81
2011-03-09,16.84,17.45,16.81,17.2
2011-03-10,17.2,17.3,16.82,16.89
2011-03-11,16.89,17.4,16.82,17.03
2011-03-14,17.6,18.6,17.4,17.93
2011-03-15,17.66,18.47,16.9,18.11
2011-03-16,17.98,18.72,17.82,18.49
2011-03-17,18.23,18.93,17.85,18.04
2011-03-18,18.22,18.67,18.12,18.32
2011-03-21,18.25,18.25,17.5,17.61
2011-03-22,17.93,18.09,17.56,17.7
2011-03-23,17.69,18.45,17.39,18.2
2011-03-24,18.23,18.47,17.98,18.14
2011-03-25,18.34,18.34,18.0,18.17
2011-03-28,18.18,19.05,18.06,18.74
2011-03-29,18.93,20.61,18.7,20.61
2011-03-30,20.78,21.15,19.25,19.85
2011-03-31,19.72,19.73,18.05,18.28
2011-04-01,18.15,18.75,17.56,18.71
2011-04-06,18.3,18.39,17.48,18.09
2011-04-07,18.02,18.17,17.7,18.01
2011-04-08,17.92,18.48,17.9,18.38
2011-04-11,18.38,18.39,17.6,17.62
2011-04-12,17.6,17.6,16.88,17.02
2011-04-13,17.02,17.43,17.02,17.39
2011-04-14,17.39,17.52,17.1,17.44
2011-04-15,17.37,17.37,17.07,17.2
2011-04-18,17.15,17.49,17.06,17.46
2011-04-19,17.47,17.47,17.05,17.19
2011-04-20,17.2,17.32,17.0,17.2
2011-04-21,17.29,17.44,17.12,17.31
2011-04-22,17.45,17.99,17.38,17.75
2011-04-25,17.69,17.69,17.0,17.01
2011-04-26,17.01,17.17,15.85,16.15
2011-04-27,16.28,16.3,15.88,16.03
2011-04-28,16.09,16.3,15.59,15.59
2011-04-29,15.6,15.98,15.6,15.94
2011-05-03,16.0,16.36,16.0,16.3
2011-05-04,16.3,16.51,15.83,16.0
2011-05-05,16.0,16.08,15.7,15.88
2011-05-06,15.61,16.18,15.33,16.06
2011-05-09,16.09,16.99,16.01,16.33
2011-05-10,16.38,16.56,16.19,16.55
2011-05-11,16.55,16.72,16.39,16.49
2011-05-12,16.3,16.45,15.8,15.91
2011-05-13,15.83,16.2,15.83,16.2
2011-05-16,16.2,16.36,16.12,16.29
2011-05-17,16.2,16.32,15.85,16.08
2011-05-18,16.1,16.3,16.0,16.25
2011-05-19,16.3,16.48,16.2,16.25
2011-05-20,16.24,16.58,16.2,16.56
2011-05-23,16.56,16.78,15.85,15.9
2011-05-24,15.94,16.35,15.88,16.19
2011-05-25,16.2,16.2,15.36,15.5
2011-05-26,15.5,15.65,14.95,14.97
2011-05-27,14.98,15.1,14.15,14.53
2011-05-30,14.19,14.64,14.19,14.33
2011-05-31,14.33,14.78,14.33,14.71
2011-06-01,14.71,14.97,14.6,14.92
2011-06-02,14.7,14.89,14.42,14.62
2011-06-03,14.64,15.0,14.64,14.97
2011-06-07,14.95,15.1,14.81,15.02
2011-06-08,15.14,16.13,15.11,16.02
2011-06-09,15.9,15.9,15.39,15.49
2011-06-10,15.45,16.85,15.37,16.15
2011-06-13,15.82,16.39,15.82,16.3
2011-06-14,16.3,16.35,15.97,16.05
2011-06-15,15.9,16.12,15.63,15.66
2011-06-16,15.57,15.61,15.0,15.19
2011-06-17,15.22,15.33,14.93,15.05
2011-06-21,15.05,15.27,14.92,15.25
2011-06-22,15.37,15.37,14.98,15.11
2011-06-23,15.16,15.38,14.95,15.3
2011-06-24,15.3,16.2,15.2,15.72
2011-06-27,15.89,16.03,15.65,15.98
2011-06-28,15.98,16.08,15.71,15.98
2011-06-29,16.0,16.2,15.79,15.81
2011-06-30,15.83,16.05,15.81,15.86
2011-07-01,15.85,16.32,15.85,16.2
2011-07-04,16.14,16.63,16.14,16.53
2011-07-05,16.6,16.6,16.36,16.49
2011-07-06,16.3,16.5,16.21,16.38
2011-07-07,16.26,16.44,16.16,16.19
2011-07-08,16.1,16.39,16.1,16.21
2011-07-11,16.22,16.45,16.04,16.42
2011-07-12,16.29,16.31,16.04,16.13
2011-07-13,16.18,17.66,16.18,17.1
2011-07-14,16.97,17.17,16.78,17.11
2011-07-15,17.0,17.09,16.84,16.96
2011-07-18,16.93,17.23,16.93,17.02
2011-07-19,16.98,17.29,16.81,16.98
2011-07-20,17.05,17.14,16.71,16.86
2011-07-21,16.99,17.17,16.8,16.83
2011-07-22,16.9,16.97,16.43,16.56
2011-07-25,16.56,16.56,15.33,15.51
2011-07-26,15.56,15.9,15.42,15.62
2011-07-27,15.63,15.9,15.51,15.78
2011-07-28,15.71,15.71,15.3,15.5
2011-07-29,15.6,15.63,15.25,15.28
2011-08-01,15.28,15.62,15.28,15.52
2011-08-02,15.52,15.75,15.36,15.74
2011-08-03,15.61,15.81,15.51,15.69
2011-08-04,15.7,15.85,15.6,15.79
2011-08-05,15.36,15.36,15.04,15.11
2011-08-08,15.08,15.08,13.6,13.83
2011-08-09,13.54,13.77,12.6,13.6
2011-08-10,13.8,14.26,13.75,13.8
2011-08-11,13.51,13.99,13.4,13.96
2011-08-15,14.08,14.79,14.08,14.56
2011-08-16,14.56,14.68,14.31,14.51
2011-08-17,14.49,14.49,14.29,14.43
2011-08-18,14.45,14.56,14.28,14.32
2011-08-19,13.99,14.29,13.82,14.1
2011-08-22,13.99,14.43,13.99,14.33
2011-08-23,14.3,14.66,14.3,14.66
2011-08-24,14.75,15.22,14.65,14.81
2011-08-25,14.8,14.99,14.68,14.91
2011-08-26,14.82,15.18,14.75,15.08
2011-08-29,15.14,15.23,14.91,15.21
2011-08-30,15.25,15.38,14.62,14.7
2011-08-31,14.76,14.88,14.35,14.6
2011-09-01,14.68,14.7,14.44,14.5
2011-09-02,14.54,14.61,14.34,14.49
2011-09-05,14.35,14.45,13.82,14.01
2011-09-06,13.95,14.09,13.85,14.0
2011-09-07,14.15,14.42,14.0,14.4
2011-09-08,14.4,14.62,14.38,14.43
2011-09-09,14.4,14.92,14.39,14.63
2011-09-13,14.45,14.54,14.0,14.11
2011-09-14,14.18,14.71,14.16,14.69
2011-09-15,14.7,14.88,14.65,14.76
2011-09-16,14.77,15.08,14.71,15.02
2011-09-19,15.09,15.09,14.48,14.84
2011-09-20,14.8,15.2,14.56,15.12
2011-09-21,15.21,15.87,14.95,15.59
2011-09-22,15.5,15.92,15.19,15.69
2011-09-23,15.6,15.96,15.22,15.7
2011-09-26,16.1,16.1,15.1,15.57
2011-09-27,15.72,15.72,14.8,14.82
2011-09-28,14.8,14.94,14.06,14.16
2011-09-29,14.0,14.19,13.48,13.53
2011-09-30,13.56,13.78,13.38,13.67
2011-10-10,13.7,13.8,13.5,13.67
2011-10-11,13.86,14.18,13.69,14.14
2011-10-12,14.13,14.54,13.91,14.44
2011-10-13,14.46,14.66,14.23,14.51
2011-10-14,14.45,14.63,14.31,14.6
2011-10-17,14.6,14.66,14.38,14.55
2011-10-18,14.33,14.6,14.21,14.38
2011-10-19,14.26,14.52,14.26,14.43
2011-10-20,14.35,14.41,13.97,13.97
2011-10-21,13.9,14.01,12.82,12.89
2011-10-24,12.97,13.21,12.89,13.2
2011-10-25,13.3,13.53,12.91,13.42
2011-10-26,13.28,13.53,13.2,13.41
2011-10-27,13.39,13.48,13.18,13.26
2011-10-28,13.36,13.55,13.28,13.45
2011-10-31,13.48,13.64,13.36,13.63
2011-11-01,13.57,13.63,13.32,13.5
2011-11-02,13.29,13.5,12.94,13.49
2011-11-03,13.5,13.95,13.5,13.64
2011-11-04,13.79,14.17,13.6,14.08
2011-11-07,14.07,14.07,13.76,13.8
2011-11-08,13.76,13.9,13.53,13.55
2011-11-09,13.56,13.8,13.55,13.78
2011-11-10,13.72,13.72,13.38,13.4
2011-11-11,13.4,13.7,13.28,13.41
2011-11-14,13.45,13.76,13.45,13.68
2011-11-15,13.75,13.92,13.62,13.83
2011-11-16,14.2,14.98,14.2,14.48
2011-11-17,14.21,14.43,14.09,14.2
2011-11-18,14.0,14.0,13.6,13.71
2011-11-21,13.71,13.71,13.4,13.67
2011-11-22,13.46,13.69,13.4,13.53
2011-11-23,13.48,13.64,13.3,13.31
2011-11-24,13.17,13.29,12.9,13.05
2011-11-25,13.05,13.22,13.0,13.03
2011-11-28,13.05,13.35,13.0,13.34
2011-11-29,13.46,13.54,13.28,13.47
2011-11-30,13.48,13.48,12.7,12.71
2011-12-01,12.98,13.27,12.89,12.93
2011-12-02,12.94,12.95,12.64,12.87
2011-12-05,12.6,12.8,12.2,12.23
2011-12-06,12.17,12.4,12.17,12.26
2011-12-07,12.3,12.39,12.2,12.3
2011-12-08,12.35,12.35,11.9,12.24
2011-12-09,12.08,12.26,11.95,11.99
2011-12-12,12.23,12.23,11.93,12.03
2011-12-13,12.17,12.17,11.23,11.28
2011-12-14,11.2,11.42,10.75,10.85
2011-12-15,10.8,10.8,10.05,10.12
2011-12-16,10.08,10.54,10.03,10.53
2011-12-19,10.4,11.19,10.18,11.0
2011-12-20,11.09,11.09,10.68,10.69
2011-12-21,10.82,10.97,10.45,10.49
2011-12-22,10.39,10.65,10.04,10.52
2011-12-23,10.51,10.7,10.33,10.58
2011-12-26,10.58,10.68,10.3,10.3
2011-12-27,10.28,10.39,9.98,9.99
2011-12-28,9.99,10.08,9.58,9.79
2011-12-29,9.79,10.0,9.55,9.6
2011-12-30,9.6,9.96,9.6,9.95
2012-01-04,9.99,10.06,9.65,9.68
2012-01-05,9.55,9.68,9.0,9.09
2012-01-06,9.2,9.22,8.78,9.16
2012-01-09,9.16,9.58,9.02,9.57
2012-01-10,9.55,10.12,9.49,10.06
2012-01-11,10.0,10.55,9.93,10.5
2012-01-12,10.4,10.65,10.3,10.4
2012-01-13,10.33,10.49,9.82,9.97
2012-01-16,9.77,9.77,9.21,9.22
2012-01-17,9.1,10.14,9.1,10.14
2012-01-18,10.15,10.49,9.76,9.9
2012-01-19,9.9,10.85,9.9,10.66
2012-01-20,10.5,10.64,10.25,10.57
2012-01-30,10.65,10.66,10.31,10.34
2012-01-31,10.2,10.68,10.2,10.49
2012-02-01,10.46,10.59,10.15,10.22
2012-02-02,10.22,10.47,10.22,10.45
2012-02-03,10.46,10.76,10.36,10.74
2012-02-06,10.7,10.81,10.6,10.71
2012-02-07,10.7,10.7,10.27,10.41
2012-02-08,10.33,10.8,10.24,10.78
2012-02-09,10.78,11.2,10.71,10.77
2012-02-10,10.85,11.05,10.71,11.02
2012-02-13,11.06,11.2,10.86,11.19
2012-02-14,11.19,11.25,10.96,11.12
2012-02-15,11.1,11.31,10.96,11.24
2012-02-16,11.2,11.59,11.07,11.57
2012-02-17,11.52,11.66,11.31,11.42
2012-02-20,11.55,11.58,11.36,11.42
2012-02-21,11.47,11.58,11.25,11.54
2012-02-22,11.63,11.8,11.6,11.79
2012-02-23,11.77,11.95,11.64,11.78
2012-02-24,11.78,11.88,11.58,11.8
2012-02-27,11.8,11.97,11.75,11.77
2012-02-28,11.54,11.67,11.35,11.55
2012-02-29,11.41,11.64,11.41,11.48
2012-03-01,11.51,11.94,11.22,11.71
2012-03-02,11.8,11.82,11.66,11.81
2012-03-05,11.72,12.19,11.72,12.05
2012-03-06,12.04,12.04,11.7,11.78
2012-03-07,11.63,11.97,11.55,11.81
2012-03-08,11.76,12.0,11.76,11.89
2012-03-09,11.97,12.05,11.8,11.97
2012-03-12,11.98,12.28,11.97,12.26
2012-03-13,12.21,12.29,12.1,12.24
2012-03-14,12.23,13.08,12.02,12.06
2012-03-15,12.05,12.15,11.41,11.61
2012-03-16,11.52,11.89,11.52,11.86
2012-03-19,11.9,12.16,11.8,12.16
2012-03-20,12.07,12.08,11.6,11.66
2012-03-21,11.69,11.97,11.68,11.87
2012-03-22,12.0,12.5,11.82,12.13
2012-03-23,12.0,12.12,11.21,11.39
2012-03-26,11.29,11.45,11.2,11.25
2012-03-27,11.35,11.44,11.2,11.25
2012-03-28,11.25,11.25,10.53,10.58
2012-03-29,10.55,10.55,10.05,10.1
2012-03-30,10.15,10.34,9.92,10.08
2012-04-05,10.09,10.42,10.09,10.37
2012-04-06,10.43,10.59,10.31,10.52
2012-04-09,10.53,10.83,10.37,10.56
2012-04-10,10.42,10.8,10.23,10.66
2012-04-11,10.85,10.85,10.49,10.7
2012-04-12,10.63,10.86,10.63,10.86
2012-04-13,10.84,11.04,10.83,10.94
2012-04-16,10.87,10.87,10.7,10.73
2012-04-17,10.72,11.6,10.7,11.17
2012-04-18,11.18,11.68,10.96,11.49
2012-04-19,11.37,11.58,11.2,11.37
2012-04-20,11.28,11.48,11.23,11.35
2012-04-23,11.25,11.25,10.77,10.81
2012-04-24,10.66,10.88,10.38,10.68
2012-04-25,10.6,11.28,10.56,10.98
2012-04-26,10.83,11.13,10.83,11.08
2012-04-27,11.13,11.15,10.91,11.0
2012-05-02,11.1,11.29,11.0,11.2
2012-05-03,11.2,11.45,10.95,11.29
2012-05-04,11.39,11.39,11.07,11.22
2012-05-07,11.18,11.27,11.03,11.21
2012-05-10,10.96,10.96,10.7,10.88
2012-05-11,10.8,11.13,10.77,10.87
2012-05-14,10.87,10.88,10.49,10.5
2012-05-15,10.41,10.5,10.18,10.32
2012-05-16,10.32,10.41,10.1,10.15
2012-05-17,10.1,10.28,10.1,10.27
2012-05-18,10.2,10.22,9.3,9.88
2012-05-21,9.85,10.11,9.85,9.91
2012-05-22,10.04,10.06,9.88,9.98
2012-05-23,10.04,10.04,9.68,9.76
2012-05-24,9.75,10.12,9.65,9.86
2012-05-25,9.85,10.61,9.85,10.27
2012-05-28,10.16,10.18,9.69,10.12
2012-05-29,10.05,10.3,10.0,10.27
2012-05-30,10.25,10.26,10.1,10.18
2012-05-31,10.12,10.17,10.0,10.12
2012-06-01,10.12,10.28,10.08,10.16
2012-06-04,9.95,9.95,9.56,9.58
2012-06-05,9.58,9.65,9.48,9.52
2012-06-06,9.59,9.78,9.49,9.57
2012-06-07,9.71,9.72,9.32,9.41
2012-06-08,9.54,9.65,9.33,9.38
2012-06-11,9.42,9.56,9.34,9.5
2012-06-12,9.44,9.48,9.38,9.41
2012-06-13,9.47,9.58,9.39,9.55
2012-06-14,9.55,9.59,9.44,9.44
2012-06-15,9.53,9.53,9.36,9.45
2012-06-18,9.48,9.64,9.45,9.52
2012-06-19,9.5,9.52,9.42,9.48
2012-06-20,9.63,9.66,9.4,9.51
2012-06-21,9.45,9.51,9.19,9.23
2012-06-25,9.2,9.29,8.82,8.84
2012-06-26,8.81,8.94,8.72,8.92
2012-06-27,8.86,9.03,8.73,8.74
2012-06-29,8.59,8.77,8.26,8.76
2012-07-02,8.77,8.82,8.66,8.75
2012-07-03,8.74,8.77,8.58,8.76
2012-07-04,8.62,8.8,8.62,8.68
2012-07-05,8.51,8.68,8.32,8.37
2012-07-06,8.45,8.61,8.26,8.6
2012-07-09,8.5,8.67,8.35,8.55
2012-07-10,8.44,8.54,8.38,8.45
2012-07-11,8.49,8.49,8.3,8.44
2012-07-12,8.44,8.66,8.27,8.65
2012-07-13,8.6,8.65,8.44,8.5
2012-07-16,8.55,8.55,8.0,8.04
2012-07-17,7.9,8.1,7.9,8.1
2012-07-18,8.14,8.16,7.89,8.16
2012-07-19,8.1,8.37,8.09,8.25
2012-07-20,8.25,8.4,8.21,8.26
2012-07-23,8.25,8.25,7.98,8.08
2012-07-24,8.0,8.19,8.0,8.14
2012-07-25,8.12,8.95,8.12,8.95
2012-07-26,8.99,9.48,8.81,9.21
2012-07-27,9.19,9.2,8.84,8.89
2012-07-30,8.81,8.9,8.5,8.68
2012-07-31,8.72,8.74,8.06,8.25
2012-08-01,8.25,8.5,8.2,8.48
2012-08-02,8.4,9.33,8.3,9.33
2012-08-03,9.54,10.26,9.49,10.26
2012-08-06,10.75,11.29,10.3,11.29
2012-08-14,10.3,10.79,10.16,10.7
2012-08-15,10.46,11.68,10.31,11.35
2012-08-16,11.0,11.06,10.22,10.22
2012-08-17,10.61,11.24,10.61,11.24
2012-08-20,11.36,12.23,11.11,11.57
2012-08-21,11.35,12.65,11.12,12.36
2012-08-22,12.0,12.1,11.52,11.9
2012-08-23,11.8,11.95,11.44,11.49
2012-08-24,11.35,11.69,10.6,10.76
2012-08-27,10.79,10.95,10.56,10.79
2012-08-28,10.68,11.03,10.41,10.81
2012-08-29,10.7,11.26,10.55,10.94
2012-08-30,10.79,11.06,9.9,10.68
2012-08-31,10.51,10.71,10.45,10.7
2012-09-03,11.24,11.77,11.16,11.77
2012-09-04,11.79,12.38,11.4,11.74
2012-09-05,11.75,12.9,11.64,12.5
2012-09-06,12.23,12.5,11.86,12.16
2012-09-07,12.11,13.08,11.61,12.13
2012-09-10,12.13,12.54,11.87,12.29
2012-09-11,12.28,12.28,11.7,11.82
2012-09-12,11.85,11.95,11.55,11.86
2012-09-13,11.78,11.96,11.4,11.49
2012-09-14,11.59,11.7,11.17,11.34
2012-09-17,11.34,11.65,11.16,11.19
2012-09-18,11.0,11.41,10.88,11.29
2012-09-19,11.3,11.42,11.05,11.18
2012-09-20,11.19,11.19,10.5,10.52
2012-09-21,10.46,10.46,10.16,10.3
2012-09-24,10.35,10.56,10.09,10.55
2012-09-25,10.43,10.55,10.21,10.23
2012-09-26,10.07,10.23,9.75,9.87
2012-09-27,9.79,10.17,9.7,10.14
2012-09-28,10.15,10.88,9.98,10.83
2012-10-08,10.61,10.85,10.55,10.75
2012-10-09,10.68,11.2,10.68,10.92
2012-10-10,10.92,11.17,10.72,11.05
2012-10-11,11.03,11.03,10.6,10.61
2012-10-12,10.62,10.79,10.53,10.73
2012-10-15,10.71,10.71,10.1,10.27
2012-10-16,10.21,10.77,10.21,10.64
2012-10-17,10.63,10.7,10.32,10.48
2012-10-18,10.48,10.65,10.43,10.64
2012-10-19,10.7,11.14,10.7,10.84
2012-10-22,10.85,10.95,10.62,10.9
2012-10-23,10.86,10.93,10.63,10.65
2012-10-24,10.63,10.63,10.41,10.43
2012-10-25,10.38,11.13,10.28,10.97
2012-10-26,10.88,11.25,10.71,11.14
2012-10-29,11.12,11.47,10.91,10.99
2012-10-30,10.86,11.05,10.66,10.84
2012-10-31,10.78,10.85,10.38,10.71
2012-11-01,10.71,10.87,10.4,10.84
2012-11-02,10.91,10.95,10.61,10.76
2012-11-05,10.78,11.18,10.7,11.15
2012-11-06,11.06,11.15,10.8,10.92
2012-11-07,10.89,10.95,10.63,10.71
2012-11-08,10.69,10.69,10.1,10.23
2012-11-09,10.25,10.34,10.1,10.16
2012-11-12,10.17,10.29,10.04,10.22
2012-11-13,10.3,10.3,10.02,10.05
2012-11-14,10.04,10.2,9.9,10.18
2012-11-15,10.19,10.19,9.94,9.97
2012-11-16,9.94,10.0,9.68,9.8
2012-11-19,9.78,9.9,9.7,9.83
2012-11-20,9.91,9.98,9.81,9.82
2012-11-21,9.79,10.02,9.73,9.93
2012-11-22,9.93,10.02,9.86,9.91
2012-11-23,9.91,9.99,9.85,9.96
2012-11-26,9.98,10.1,9.91,10.03
2012-11-27,10.0,10.02,9.03,9.13
2012-11-28,9.13,9.14,8.8,8.85
2012-11-29,8.9,9.1,8.81,8.81
2012-11-30,8.83,9.04,8.8,8.85
2012-12-03,8.81,9.07,8.42,8.43
2012-12-04,8.43,8.43,8.04,8.3
2012-12-05,8.29,8.78,8.26,8.71
2012-12-06,8.6,8.87,8.6,8.79
2012-12-07,8.77,8.99,8.7,8.98
2012-12-10,8.92,9.27,8.88,9.21
2012-12-11,9.16,9.23,9.0,9.09
2012-12-12,9.11,9.14,8.74,8.91
2012-12-13,8.9,9.1,8.82,8.87
2012-12-14,8.87,9.54,8.85,9.36
2012-12-17,9.36,9.6,9.28,9.45
2012-12-18,9.49,9.74,9.23,9.55
2012-12-19,9.49,9.52,9.36,9.42
2012-12-20,9.68,9.83,9.43,9.52
2012-12-21,9.46,9.8,9.29,9.45
2012-12-24,9.3,9.63,9.27,9.43
2012-12-25,9.39,9.7,9.34,9.6
2012-12-26,9.61,9.68,9.5,9.65
2012-12-27,9.75,10.15,9.74,9.88
2012-12-28,9.8,9.93,9.67,9.86
2012-12-31,9.8,9.93,9.72,9.86
2013-01-04,9.86,10.5,9.83,10.15
2013-01-07,10.08,10.08,9.8,10.0
2013-01-08,10.15,10.15,9.91,10.12
2013-01-09,10.1,10.2,9.87,10.0
2013-01-10,10.0,10.19,9.99,10.16
2013-01-11,10.1,10.19,9.74,9.81
2013-01-14,9.71,10.13,9.71,10.12
2013-01-15,10.09,10.34,10.03,10.3
2013-01-16,10.25,10.43,10.15,10.28
2013-01-17,10.23,11.31,10.22,10.73
2013-01-18,10.57,10.89,10.52,10.72
2013-01-21,10.72,10.76,10.57,10.67
2013-01-22,10.63,11.08,10.6,10.77
2013-01-23,10.72,10.88,10.35,10.6
2013-01-24,10.62,10.66,10.03,10.11
2013-01-25,10.0,10.23,9.91,10.0
2013-01-28,10.04,10.3,10.0,10.26
2013-01-29,10.27,10.35,10.13,10.32
2013-01-30,10.32,10.32,10.17,10.23
2013-01-31,10.24,10.25,10.05,10.13
2013-02-01,10.12,10.13,9.93,10.04
2013-02-04,10.0,10.22,9.96,10.21
2013-02-05,10.19,10.19,9.97,10.06
2013-02-06,10.06,10.22,10.03,10.21
2013-02-07,10.26,10.27,10.07,10.16
2013-02-08,10.16,10.25,10.12,10.18
2013-02-18,10.22,10.54,10.22,10.45
2013-02-19,10.41,11.33,10.4,10.81
2013-02-20,10.76,10.82,10.52,10.74
2013-02-21,10.74,10.74,10.26,10.36
2013-02-22,10.31,10.41,10.11,10.13
2013-02-25,10.13,10.3,10.13,10.2
2013-02-26,10.2,10.57,10.16,10.25
2013-02-27,10.3,10.76,10.19,10.75
2013-02-28,10.78,11.37,10.6,11.32
2013-03-01,11.38,11.7,11.07,11.48
2013-03-04,11.2,11.28,11.0,11.06
2013-03-05,11.0,11.09,10.8,11.02
2013-03-06,10.99,11.25,10.94,11.2
2013-03-07,11.1,11.2,10.82,10.88
2013-03-08,11.0,11.38,10.89,11.28
2013-03-11,11.24,11.43,11.09,11.12
2013-03-12,11.15,11.16,10.3,10.52
2013-03-13,10.46,10.65,10.38,10.5
2013-03-14,10.5,10.65,10.49,10.57
2013-03-15,10.58,10.74,10.33,10.59
2013-03-18,10.53,10.59,10.31,10.31
2013-03-19,10.41,10.45,10.11,10.25
2013-03-20,10.37,11.28,10.33,11.28
2013-03-21,11.68,12.27,11.54,11.85
2013-03-22,11.74,11.86,11.58,11.81
2013-03-25,11.65,11.82,11.47,11.59
2013-03-26,11.54,11.6,11.22,11.43
2013-03-27,11.42,11.69,11.36,11.62
2013-03-28,11.41,11.41,10.65,10.74
2013-03-29,10.74,10.92,10.68,10.76
2013-04-01,10.89,11.06,10.7,10.72
2013-04-02,10.72,11.79,10.7,10.99
2013-04-03,10.89,10.94,10.46,10.56
2013-06-14,11.62,11.62,11.62,11.62
2013-06-17,12.78,12.78,12.78,12.78
2013-06-18,14.06,14.06,14.06,14.06
2013-06-19,15.47,15.47,15.47,15.47
2013-06-20,16.48,17.02,16.26,17.02
2013-06-21,16.4,16.7,15.8,16.43
2013-06-24,16.38,16.61,14.79,14.79
2013-06-25,14.26,14.85,13.68,14.78
2013-06-26,14.53,15.5,14.11,15.13
2013-06-27,15.0,15.13,13.88,14.01
2013-06-28,13.74,14.56,13.2,14.54
2013-07-01,14.25,14.96,14.07,14.64
2013-07-02,14.5,15.85,14.1,15.65
2013-07-03,15.38,15.67,14.97,15.39
2013-07-04,15.12,16.36,14.78,15.84
2013-07-05,15.63,16.31,14.72,14.79
2013-07-08,14.6,15.19,14.12,14.79
2013-07-09,14.6,15.15,14.49,14.57
2013-07-10,14.65,16.03,14.49,16.03
2013-07-11,16.35,17.63,16.03,17.09
2013-07-12,16.85,16.89,16.11,16.42
2013-07-15,16.15,16.63,16.1,16.36
2013-07-16,16.52,16.96,16.3,16.56
2013-07-17,16.59,16.68,15.5,15.77
2013-07-18,15.68,15.96,15.51,15.7
2013-07-19,15.85,16.28,14.78,14.81
2013-07-22,14.52,15.26,14.52,15.24
2013-07-23,15.1,16.15,15.06,15.8
2013-07-24,15.71,16.01,15.27,15.97
2013-07-25,15.62,16.6,15.62,15.85
2013-07-26,15.7,16.14,15.37,15.55
2013-07-29,15.36,15.48,14.96,14.98
2013-07-30,15.01,15.65,15.01,15.24
2013-07-31,15.08,15.65,15.08,15.49
2013-08-01,15.45,15.75,15.39,15.69
2013-08-02,15.75,16.54,15.45,16.26
2013-08-05,16.2,16.42,16.07,16.29
2013-08-06,16.31,16.59,16.07,16.44
2013-08-07,16.4,16.5,15.82,15.86
2013-08-08,16.14,16.38,15.74,15.78
2013-08-09,15.78,16.55,15.6,16.35
2013-08-12,16.34,17.99,16.16,17.99
2013-08-13,18.7,18.96,17.6,17.72
2013-08-14,17.7,18.6,17.63,18.02
2013-08-15,17.9,18.15,17.09,17.2
2013-08-16,17.01,17.3,16.4,16.48
2013-08-19,16.56,17.5,16.4,17.35
2013-08-20,17.3,17.41,16.72,16.86
2013-08-21,16.84,17.19,16.65,17.18
2013-08-22,17.02,17.33,16.85,16.89
2013-08-23,16.88,17.12,16.32,16.75
2013-08-26,17.2,17.25,16.78,17.11
2013-08-27,17.06,17.67,16.96,17.42
2013-08-28,17.15,17.3,16.68,16.93
2013-08-29,16.81,16.96,16.49,16.7
2013-08-30,16.69,16.88,15.78,16.1
2013-09-02,16.1,16.25,15.8,16.1
2013-09-03,16.1,16.59,16.1,16.43
2013-09-04,16.4,16.68,16.08,16.38
2013-09-05,16.35,16.66,16.19,16.35
2013-09-06,16.28,16.86,16.2,16.8
2013-09-09,17.25,17.68,16.9,17.09
2013-09-10,17.07,17.26,16.45,16.76
2013-09-11,16.7,17.37,16.56,16.68
2013-09-12,16.4,16.48,16.23,16.31
2013-09-13,16.3,16.7,16.15,16.33
2013-09-16,16.58,17.57,16.55,17.08
2013-09-17,16.87,17.05,16.43,16.52
2013-09-18,16.65,16.9,16.46,16.81
2013-09-23,16.81,17.25,16.8,17.18
2013-09-24,17.2,17.29,16.8,16.89
2013-09-25,17.05,17.5,17.05,17.44
2013-09-26,17.34,17.36,16.84,16.92
2013-09-27,16.87,17.26,16.78,17.19
2013-09-30,17.16,17.55,17.04,17.44
2013-10-08,17.61,17.74,17.32,17.64
2013-10-09,17.65,17.67,17.22,17.44
2013-10-10,17.4,17.4,16.91,16.93
2013-10-11,16.98,17.16,16.8,17.0
2013-10-14,16.94,17.19,16.57,16.99
2013-10-15,17.0,17.28,16.81,17.16
2013-10-16,17.13,17.13,16.09,16.23
2013-10-17,16.36,16.81,16.28,16.41
2013-10-18,16.6,16.6,16.31,16.33
2013-10-21,16.36,16.51,15.9,16.46
2013-10-22,16.46,16.76,16.34,16.55
2013-10-23,16.56,17.33,16.46,16.82
2013-10-24,16.96,16.99,16.1,16.12
2013-10-25,16.11,16.3,15.92,15.97
2013-10-28,15.69,16.17,15.62,15.97
2013-10-29,15.97,16.29,15.11,15.55
2013-10-30,15.58,15.8,15.36,15.74
2013-10-31,15.75,15.98,15.6,15.8
2013-11-01,15.8,16.28,15.65,15.88
2013-11-04,16.0,16.36,16.0,16.08
2013-11-05,15.99,16.33,15.9,16.28
2013-11-06,16.3,16.3,16.04,16.16
2013-11-07,16.06,16.27,15.81,15.94
2013-11-08,15.9,15.98,15.52,15.9
2013-11-11,15.84,16.05,15.78,16.04
2013-11-12,16.0,16.08,15.69,15.8
2013-11-13,15.79,15.79,15.08,15.36
2013-11-25,16.75,16.75,15.9,16.2
2013-11-26,16.15,16.42,15.91,15.96
2013-11-27,16.0,16.34,15.99,16.05
2013-11-28,16.07,16.85,16.05,16.52
2013-11-29,16.4,16.79,16.3,16.54
2013-12-02,16.21,16.36,15.75,15.81
2013-12-03,15.87,16.3,15.81,16.25
2013-12-04,16.23,16.4,16.1,16.17
2013-12-05,16.17,16.35,16.12,16.21
2013-12-06,16.25,16.39,16.15,16.39
2013-12-09,16.39,16.94,16.35,16.87
2013-12-10,16.84,17.09,16.58,16.73
2013-12-11,16.74,16.75,16.44,16.51
2013-12-12,16.38,16.67,16.38,16.55
2013-12-13,16.56,16.87,16.5,16.76
2013-12-16,17.0,17.07,16.63,16.67
2013-12-17,16.67,16.84,16.43,16.72
2013-12-18,16.73,16.73,16.34,16.5
2013-12-19,16.67,16.67,16.2,16.22
2013-12-20,16.28,16.32,15.8,15.92
2013-12-23,15.9,17.16,15.9,17.13
2013-12-24,17.15,17.2,16.71,17.07
2013-12-25,17.18,17.65,17.08,17.18
2013-12-26,17.15,17.55,16.92,17.36
2013-12-27,17.5,18.45,17.5,18.01
2013-12-30,18.18,19.7,18.02,19.52
2013-12-31,19.2,19.85,18.8,19.35
2014-01-02,19.2,19.5,18.91,19.48
2014-01-03,19.4,20.17,18.92,19.84
2014-01-06,20.15,20.2,18.3,18.41
2014-01-07,18.49,18.7,17.65,18.05
2014-01-08,18.15,18.5,17.85,17.98
2014-01-09,18.0,18.3,17.31,17.33
2014-01-10,17.27,17.62,16.89,17.33
2014-01-13,17.2,17.48,16.95,17.04
2014-01-14,17.19,17.37,16.78,17.34
2014-01-15,17.25,17.66,17.13,17.59
2014-01-16,17.59,17.68,17.17,17.21
2014-01-17,17.16,17.16,16.88,16.94
2014-01-20,16.89,17.35,16.74,17.35
2014-01-21,17.3,17.45,17.22,17.38
2014-01-22,17.45,17.84,17.31,17.59
2014-01-23,17.6,17.85,17.43,17.75
2014-01-24,17.75,17.87,17.7,17.79
2014-02-10,19.55,19.57,18.5,19.35
2014-02-11,19.13,21.16,18.6,20.52
2014-02-12,21.0,22.3,21.0,21.66
2014-02-13,20.78,21.66,20.55,21.09
2014-02-14,21.08,22.14,21.0,21.4
2014-02-17,21.56,21.92,20.75,21.76
2014-02-18,21.99,22.68,21.77,22.18
2014-02-19,22.08,22.35,21.2,21.44
2014-02-20,21.1,23.23,21.1,22.83
2014-02-21,22.5,24.28,22.32,23.93
2014-02-24,23.69,24.23,23.23,23.65
2014-02-25,23.75,24.16,22.18,23.3
2014-02-26,23.02,24.72,22.88,24.13
2014-02-27,24.37,24.85,23.3,23.39
2014-02-28,22.78,22.94,21.5,22.79
2014-03-03,23.62,24.15,23.13,23.45
2014-03-04,23.01,23.05,22.4,22.7
2014-03-05,22.63,22.97,22.03,22.09
2014-03-06,22.19,22.78,22.13,22.41
2014-03-07,22.47,22.65,20.92,20.99
2014-03-10,21.08,21.08,19.4,19.8
2014-03-11,19.8,19.95,19.18,19.23
2014-03-12,19.38,19.66,19.18,19.63
2014-03-13,19.82,20.55,19.82,20.52
2014-03-14,20.35,20.8,20.02,20.69
2014-03-17,20.69,21.55,20.69,21.18
2014-03-18,21.19,21.39,20.95,21.35
2014-03-19,22.2,22.84,21.56,21.77
2014-03-20,21.7,21.7,20.0,20.05
2014-03-21,19.9,20.7,19.6,20.4
2014-03-24,20.3,20.3,19.96,20.01
2014-03-25,20.05,21.28,20.02,21.19
2014-03-26,21.05,21.65,20.93,21.6
2014-03-27,21.8,21.97,21.1,21.32
2014-03-28,21.22,21.8,20.33,20.91
2014-03-31,20.91,21.29,20.68,20.71
2014-04-01,20.51,21.3,20.5,20.93
2014-04-02,21.11,21.51,20.56,21.5
2014-04-03,21.45,21.51,20.91,21.06
2014-04-04,21.19,21.5,20.85,21.3
2014-04-08,21.3,21.75,20.98,21.63
2014-04-09,21.68,22.0,21.44,21.91
2014-04-10,21.85,21.93,21.55,21.84
2014-04-11,21.7,22.19,21.29,21.32
2014-04-14,21.21,21.5,21.01,21.44
2014-04-15,21.35,21.39,21.12,21.19
2014-04-16,21.19,21.29,20.99,21.2
2014-04-17,21.1,21.26,21.04,21.12
2014-04-18,21.25,21.45,20.95,21.44
2014-04-21,21.38,21.85,21.25,21.54
2014-04-22,21.54,22.17,21.5,22.15
2014-04-23,22.18,22.29,21.88,22.04
2014-04-24,21.95,22.32,21.83,22.02
2014-04-25,22.0,22.02,19.82,19.82
2014-04-28,19.82,20.4,19.2,19.4
2014-04-29,19.49,19.86,19.31,19.8
2014-04-30,19.42,19.6,18.08,18.9
2014-05-05,18.78,20.79,18.6,20.79
2014-05-06,21.9,22.0,20.82,21.66
2014-05-07,21.6,22.6,21.21,22.01
2014-05-08,21.99,22.46,21.45,21.84
2014-05-09,21.84,22.22,20.95,20.98
2014-05-12,10.82,11.54,10.5,11.47
2014-05-13,10.99,11.17,10.73,10.89
2014-05-14,10.77,10.95,10.53,10.73
2014-05-15,10.63,10.7,10.1,10.24
2014-05-16,10.12,10.74,10.02,10.59
2014-05-19,10.55,10.55,10.15,10.31
2014-05-20,10.31,10.44,10.2,10.32
2014-05-21,10.31,10.6,10.05,10.52
2014-05-22,10.33,10.6,10.33,10.46
2014-05-23,10.37,10.47,10.21,10.41
2014-05-27,11.45,11.45,10.9,10.92
2014-05-28,10.92,10.97,10.57,10.82
2014-05-29,10.76,10.76,10.4,10.49
2014-05-30,10.49,10.61,10.37,10.55
2014-06-03,10.38,10.62,10.35,10.39
2014-06-04,10.32,10.43,10.08,10.13
2014-06-05,10.1,10.25,10.0,10.18
2014-06-06,10.12,10.29,10.02,10.09
2014-06-09,10.06,10.42,10.06,10.26
2014-06-10,10.26,10.4,10.21,10.3
2014-06-11,10.37,10.37,10.11,10.29
2014-06-12,10.21,10.33,10.19,10.29
2014-06-13,10.26,10.42,10.21,10.33
2014-06-16,10.34,10.86,10.26,10.81
2014-06-17,10.7,11.09,10.57,10.72
2014-06-18,10.75,10.88,10.65,10.79
2014-06-19,10.74,10.8,10.19,10.22
2014-06-20,10.27,10.39,10.2,10.29
2014-06-23,10.29,10.45,10.28,10.34
2014-06-24,10.36,10.69,10.3,10.6
2014-06-25,10.5,10.61,10.28,10.35
2014-06-26,10.4,10.53,10.32,10.39
2014-06-27,10.37,10.75,10.31,10.71
2014-06-30,10.61,10.75,10.56,10.71
2014-07-01,10.79,10.98,10.62,10.68
2014-07-02,10.67,10.93,10.41,10.89
2014-08-04,11.98,11.98,11.98,11.98
2014-08-05,13.18,13.18,13.18,13.18
2014-08-06,14.5,14.5,13.44,13.93
2014-08-07,13.71,14.2,13.25,13.32
2014-08-08,13.04,13.36,12.83,13.0
2014-08-11,13.08,13.17,12.9,13.07
2014-08-12,13.08,13.17,12.9,12.94
2014-08-13,12.96,13.45,12.66,13.32
2014-08-14,13.21,13.38,12.86,12.91
2014-08-15,12.92,12.96,12.75,12.86
2014-08-18,12.9,13.3,12.88,13.11
2014-08-19,13.12,13.36,13.06,13.3
2014-08-20,13.26,13.31,13.0,13.07
2014-08-21,13.02,13.13,12.8,12.88
2014-08-22,12.88,13.1,12.86,12.92
2014-08-25,12.92,13.0,12.77,12.77
2014-08-26,12.74,12.87,12.19,12.27
2014-08-27,12.27,12.65,12.21,12.45
2014-08-28,12.5,12.5,12.21,12.29
2014-08-29,12.27,12.48,12.25,12.46
2014-09-01,12.43,12.58,12.34,12.57
2014-09-02,12.58,13.08,12.51,13.05
2014-09-03,13.09,13.16,12.89,12.94
2014-09-04,12.92,13.07,12.9,12.96
2014-09-05,13.0,13.1,12.94,12.96
2014-09-09,13.0,13.24,12.92,13.22
2014-09-10,13.18,13.37,13.08,13.24
2014-09-11,13.23,13.29,12.98,13.07
2014-09-12,13.14,13.29,13.1,13.23
2014-09-15,13.2,13.26,13.04,13.22
2014-09-16,13.24,13.37,12.81,12.87
2014-09-17,12.88,12.95,12.45,12.76
2014-09-18,12.73,12.77,12.56,12.76
2014-09-19,12.95,13.25,12.9,13.13
2014-09-22,13.14,13.25,12.96,13.21
2014-09-23,13.16,13.31,13.1,13.24
2014-09-24,13.22,13.52,13.21,13.4
2014-09-25,13.42,13.49,13.16,13.26
2014-09-26,13.21,13.29,13.07,13.23
2014-09-29,13.23,13.35,13.16,13.28
2014-09-30,13.28,13.3,13.14,13.22
2014-10-08,13.2,13.3,13.1,13.22
2014-10-09,13.21,13.3,13.12,13.22
2014-10-10,13.22,14.28,13.22,13.86
2014-10-13,13.8,13.9,13.32,13.6
2014-10-14,13.58,13.58,13.35,13.5
2014-10-15,13.5,13.5,13.06,13.21
2014-10-16,13.13,13.45,13.12,13.2
2014-10-17,13.16,13.29,12.76,12.89
2014-10-20,12.79,12.97,12.6,12.88
2014-10-21,13.0,13.0,12.35,12.42
2014-10-22,12.37,12.7,12.33,12.46
2014-10-23,12.48,12.51,11.9,12.21
2014-10-24,12.22,12.25,11.99,12.2
2014-10-27,12.16,12.4,11.96,12.38
2014-10-28,12.4,12.68,12.4,12.64
2014-10-29,12.88,12.97,12.66,12.73
2014-10-30,12.82,12.93,12.69,12.72
2014-10-31,12.61,12.72,12.19,12.56
2014-11-03,12.56,12.63,12.45,12.62
2014-11-04,12.6,12.62,12.37,12.39
2014-11-05,12.3,12.48,12.02,12.43
2014-11-06,12.46,12.84,12.46,12.63
2014-11-07,12.63,12.67,12.2,12.41
2014-11-10,12.38,12.57,12.28,12.48
2014-11-11,12.44,12.81,12.31,12.8
2014-11-12,12.81,13.19,12.7,13.18
2014-11-13,13.22,13.36,12.9,13.1
2014-11-14,13.05,13.35,12.71,12.83
2014-11-17,12.83,13.0,12.68,12.95
2014-11-18,12.9,13.15,12.81,13.08
2014-11-19,13.06,13.26,12.83,12.92
2014-11-20,12.93,13.04,12.73,12.75
2014-11-21,12.58,12.88,12.58,12.67
2014-11-24,12.75,13.06,12.67,12.84
2014-11-25,12.82,12.96,12.78,12.86
2014-11-26,12.84,12.98,12.79,12.94
2014-11-27,13.01,13.3,12.86,13.24
2014-11-28,13.21,13.33,12.97,13.06
2014-12-01,13.13,13.16,12.9,13.05
2014-12-02,13.1,13.28,13.0,13.21
2014-12-03,13.22,13.95,13.03,13.69
2014-12-04,13.58,13.78,13.5,13.54
2014-12-05,13.76,13.95,12.92,13.19
2014-12-08,13.12,13.25,12.97,13.11
2014-12-09,13.09,13.09,12.39,12.42
2014-12-10,12.42,13.15,12.28,13.11
2014-12-11,13.16,13.49,12.89,12.97
2014-12-12,12.93,13.07,12.78,12.94
2014-12-15,12.82,13.06,12.82,13.01
2014-12-16,13.02,13.02,12.68,12.75
2014-12-17,12.6,12.71,12.42,12.55
2014-12-18,12.58,12.82,12.5,12.54
2014-12-19,12.6,12.73,12.29,12.4
2014-12-22,12.5,12.6,12.0,12.16
2014-12-23,12.16,12.36,12.0,12.1
2014-12-24,12.02,12.58,12.02,12.5
2014-12-25,12.45,12.65,12.22,12.26
2014-12-26,12.27,12.46,12.21,12.27
2014-12-29,12.27,12.32,12.04,12.15
2014-12-30,12.17,12.22,11.61,11.67
2014-12-31,11.68,11.69,11.0,11.48
2015-01-05,11.51,11.9,11.31,11.74
2015-01-06,11.81,11.99,11.6,11.81
2015-01-07,11.83,12.18,11.73,12.06
2015-01-08,12.05,12.29,11.78,12.11
2015-01-09,11.99,12.48,11.89,11.9
2015-01-12,11.8,11.81,11.04,11.07
2015-01-13,11.0,11.22,10.96,11.14
2015-01-14,11.14,11.22,11.02,11.07
2015-01-15,11.08,11.18,11.04,11.13
2015-01-16,11.18,11.34,11.14,11.28
2015-01-19,11.17,11.19,10.31,10.65
2015-01-20,10.74,10.98,10.74,10.97
2015-01-21,10.95,11.35,10.92,11.2
2015-01-22,11.35,11.53,11.27,11.47
2015-01-23,11.4,11.65,11.19,11.62
2015-01-26,11.92,11.97,11.65,11.7
2015-01-27,11.76,11.9,11.48,11.69
2015-01-28,11.65,11.65,11.2,11.32
2015-01-29,11.26,11.45,11.2,11.38
2015-01-30,11.4,11.47,11.11,11.14
2015-02-02,11.11,11.37,10.88,11.21
2015-02-03,11.22,11.34,11.18,11.29
2015-02-04,11.3,11.31,11.03,11.06
2015-02-05,11.2,11.25,10.87,10.91
2015-02-06,10.8,11.0,10.7,10.76
2015-02-09,10.76,10.89,10.67,10.79
2015-02-10,10.76,11.19,10.75,11.17
2015-02-11,11.24,11.24,11.05,11.16
2015-02-12,11.18,11.26,11.07,11.21
2015-02-13,11.24,11.47,11.21,11.34
2015-02-16,11.34,11.57,11.28,11.55
2015-02-17,11.5,11.57,11.39,11.48
2015-02-25,11.52,11.87,11.43,11.83
2015-02-26,11.73,11.89,11.7,11.87
2015-02-27,11.88,12.09,11.76,12.03
2015-03-02,12.1,12.43,12.05,12.35
2015-03-03,12.37,12.5,12.17,12.2
2015-03-04,12.21,12.35,12.15,12.27
2015-03-05,12.26,12.47,12.07,12.17
2015-03-06,12.15,12.35,12.07,12.28
2015-03-09,12.39,12.77,12.22,12.7
2015-03-10,12.71,12.83,12.6,12.77
2015-03-11,12.76,12.85,12.52,12.67
2015-03-12,12.73,12.76,12.5,12.59
2015-03-13,12.53,13.07,12.53,13.03
2015-03-16,13.01,13.24,12.79,13.12
2015-03-17,13.14,13.19,12.92,12.99
2015-03-18,13.01,13.15,12.94,13.14
2015-03-19,13.2,13.25,13.0,13.22
2015-03-20,13.24,13.47,13.17,13.37
2015-03-23,13.37,13.68,13.37,13.57
2015-03-24,13.56,14.45,13.45,14.32
2015-03-25,14.35,14.42,14.05,14.14
2015-03-26,14.14,14.8,13.96,14.17
2015-03-27,14.17,14.32,14.02,14.18
2015-03-30,14.25,14.45,14.07,14.18
2015-03-31,14.18,14.76,14.08,14.33
2015-04-01,14.35,14.99,14.3,14.7
2015-04-02,14.71,15.33,14.7,15.05
2015-04-03,15.15,15.15,14.84,15.09
2015-04-09,15.38,16.6,15.38,16.6
2015-04-10,16.48,16.97,15.98,16.84
2015-04-13,17.0,18.52,16.81,18.29
2015-04-14,18.45,18.61,17.89,18.16
2015-04-15,18.07,18.07,16.46,16.82
2015-04-16,16.51,17.8,16.12,17.36
2015-04-17,17.49,17.83,17.13,17.28
2015-04-20,17.0,17.6,16.52,16.64
2015-04-21,16.68,17.14,16.4,17.05
2015-04-22,17.35,17.47,17.02,17.22
2015-04-23,17.21,18.46,17.1,18.07
2015-04-24,17.79,18.06,17.2,17.42
2015-04-27,17.21,17.86,16.99,17.19
2015-04-28,17.22,17.53,16.47,16.85
2015-04-29,16.85,17.85,16.78,17.71
2015-04-30,17.79,18.08,17.31,17.33
2015-05-04,17.33,18.37,17.3,18.12
2015-05-05,18.12,18.12,17.25,17.33
2015-05-06,17.35,17.83,16.87,17.14
2015-05-07,16.8,17.04,16.16,16.33
2015-05-08,17.0,17.45,16.8,17.32
2015-05-11,17.55,17.81,17.23,17.7
2015-05-12,17.71,18.58,17.4,18.26
2015-05-13,18.24,19.29,18.0,18.9
2015-05-14,18.89,19.18,18.38,18.73
2015-05-15,18.61,19.28,18.4,18.44
2015-05-18,18.45,18.45,17.88,17.89
2015-05-19,17.8,18.45,17.78,18.19
2015-05-20,18.37,19.4,18.21,18.83
2015-05-21,18.9,20.71,18.7,20.71
2015-05-22,21.39,22.78,20.74,22.78
2015-05-25,22.9,24.25,22.46,22.88
2015-05-26,22.9,24.37,22.2,24.0
2015-05-27,23.8,24.3,23.33,23.53
2015-05-28,23.94,24.0,21.37,21.52
2015-05-29,21.58,22.68,20.11,22.1
2015-06-01,22.27,22.98,22.15,22.77
2015-06-02,22.8,23.8,22.38,23.15
2015-06-04,22.7,22.94,21.2,22.03
2015-06-05,22.42,23.61,22.0,23.05
2015-06-08,22.88,24.19,22.7,23.61
2015-06-09,23.55,24.19,23.22,23.7
2015-06-10,23.5,26.07,23.22,25.78
2015-06-11,25.43,26.2,25.16,25.81
2015-06-12,26.19,26.3,25.25,25.49
2015-06-15,25.65,25.7,24.01,24.19
2015-06-16,24.1,24.1,22.69,23.07
2015-06-17,23.07,23.6,21.95,23.42
2015-06-18,23.41,24.8,23.0,23.47
2015-06-19,22.7,23.4,21.12,21.12
2015-06-23,20.92,21.8,19.08,20.75
2015-06-24,21.06,21.34,20.32,21.07
2015-06-25,21.08,21.27,18.99,19.2
2015-06-26,18.5,18.5,17.28,17.28
2015-06-29,17.66,17.7,15.55,15.55
2015-06-30,14.8,16.35,14.0,16.17
2015-07-01,16.0,16.42,14.55,14.55
2015-07-02,14.4,14.4,13.1,13.1
2015-07-03,12.03,12.98,11.79,11.79
2015-07-06,12.9,12.9,10.61,10.61
2015-07-07,9.55,11.67,9.55,11.67
2015-07-08,10.5,12.6,10.5,11.6
2015-07-09,11.3,12.76,11.3,12.76
2015-07-10,13.51,14.04,13.39,14.04
2015-07-13,15.44,15.44,14.88,15.44
2015-07-14,16.08,16.98,15.4,16.98
2015-07-15,16.29,16.8,15.28,15.28
2015-07-16,13.93,16.28,13.93,15.9
2015-07-17,16.02,17.4,15.95,17.22
2015-07-20,17.3,17.89,16.53,17.03
2015-07-21,16.52,17.09,16.3,16.72
2015-07-22,16.55,17.79,16.42,17.23
2015-07-23,17.27,18.18,16.73,17.5
2015-07-24,17.48,17.7,16.64,16.78
2015-07-27,16.3,16.67,15.1,15.1
2015-07-28,13.8,15.45,13.59,13.67
2015-07-29,14.19,15.04,13.0,15.04
2015-07-30,15.04,15.62,14.31,14.59
2015-07-31,14.08,15.16,14.01,14.41
2015-08-03,14.29,14.34,12.97,13.22
2015-08-04,13.55,14.54,13.35,14.54
2015-08-05,14.78,15.35,14.31,14.72
2015-08-06,14.2,15.5,14.01,15.08
2015-08-07,15.12,16.24,15.0,16.13
2015-08-10,16.3,17.18,16.05,16.84
2015-08-11,16.68,17.29,16.38,16.54
2015-08-12,16.31,16.65,15.8,15.95
2015-08-13,15.85,17.55,15.8,17.55
2015-08-14,17.98,18.4,17.15,17.31
2015-08-17,17.31,19.04,17.05,19.04
2015-08-18,19.04,19.06,17.14,17.14
2015-08-19,16.0,17.86,15.43,17.44
2015-08-20,17.06,17.24,15.7,15.72
2015-08-21,15.12,16.3,14.49,14.89
2015-08-24,13.8,14.49,13.4,13.4
2015-08-25,12.06,12.5,12.06,12.06
2015-08-26,11.91,12.68,10.91,11.11
2015-08-27,11.55,12.22,11.05,12.22
2015-08-28,12.59,13.35,12.35,13.28
2015-08-31,13.06,13.06,12.38,12.42
2015-09-01,12.18,12.25,11.18,11.18
2015-09-02,10.66,11.76,10.31,10.47
2015-09-07,10.85,11.46,10.66,11.03
2015-09-08,11.03,12.13,10.8,12.1
2015-09-09,12.25,13.05,12.03,12.63
2015-09-10,12.25,13.29,12.12,12.69
2015-09-11,12.64,12.98,12.25,12.79
2015-09-14,13.05,13.25,11.51,11.51
2015-09-15,10.85,11.31,10.36,10.36
2015-09-16,10.52,11.4,10.4,11.4
2015-09-17,11.61,12.3,11.19,11.23
2015-09-18,11.38,11.8,11.22,11.64
2015-09-21,11.38,12.4,11.26,12.37
2015-09-22,12.38,12.7,11.93,12.24
2015-09-23,11.95,12.37,11.83,12.03
2015-09-24,12.2,12.59,12.08,12.34
2015-09-25,12.2,12.29,11.28,11.48
2015-09-28,11.5,11.88,11.34,11.84
2015-09-29,11.6,11.64,11.18,11.3
2015-09-30,11.4,11.69,11.29,11.35
2015-10-08,11.91,12.09,11.74,11.99
2015-10-09,11.93,12.45,11.86,12.33
2015-10-12,12.33,13.14,12.33,12.84
2015-10-13,12.75,13.26,12.67,13.01
2015-10-14,12.94,13.49,12.65,12.71
2015-10-15,12.59,13.3,12.49,13.28
2015-10-16,13.4,13.67,12.96,13.51
2015-10-19,13.85,14.08,13.18,13.4
2015-10-20,13.3,13.76,13.23,13.72
2015-10-21,13.58,13.77,12.35,12.35
2015-10-22,12.35,13.14,12.15,13.01
2015-10-23,13.02,13.58,12.73,13.34
2015-10-26,13.68,13.85,13.32,13.48
2015-10-27,13.36,13.88,12.71,13.76
2015-10-28,13.78,14.32,13.27,13.29
2015-10-29,13.42,13.7,13.16,13.43
2015-10-30,13.35,13.69,13.01,13.31
2015-11-02,12.95,13.29,12.5,12.56
2015-11-03,12.62,12.75,12.13,12.32
2015-11-04,12.36,13.17,12.36,13.09
2015-11-05,13.1,13.53,12.93,13.32
2015-11-06,13.31,14.19,13.31,14.1
2015-11-09,13.9,14.33,13.6,14.12
2015-11-10,13.98,14.86,13.68,14.59
2015-11-11,14.41,14.65,14.17,14.46
2015-11-12,14.43,14.97,14.33,14.41
2015-11-13,14.0,14.17,13.51,13.65
2015-11-16,13.3,13.97,13.23,13.94
2015-11-17,14.08,14.44,13.71,13.76
2015-11-18,13.86,14.05,13.37,13.4
2015-11-19,13.55,14.11,13.42,14.08
2015-11-20,14.08,14.4,14.0,14.31
2015-11-23,14.34,14.35,13.7,13.84
2015-11-24,13.87,14.65,13.74,14.52
2015-11-25,14.4,14.68,14.3,14.6
2015-11-26,14.78,15.12,14.5,14.6
2015-11-27,14.4,14.93,13.32,13.66
2015-11-30,13.61,14.28,13.01,14.25
2015-12-01,14.16,15.67,13.93,15.16
2015-12-02,15.0,15.09,14.2,14.78
2015-12-03,14.68,15.58,14.62,15.23
2015-12-04,15.06,15.92,15.0,15.77
2015-12-07,15.75,16.0,15.39,15.79
2015-12-08,15.55,15.67,14.63,14.81
2015-12-09,14.7,15.05,14.28,14.53
2015-12-10,14.48,14.98,14.4,14.61
2015-12-11,14.6,15.29,14.51,14.99
2015-12-14,14.71,15.24,14.64,15.17
2015-12-15,15.2,15.39,14.88,15.05
2015-12-16,15.12,15.61,14.86,15.55
2015-12-17,15.4,15.96,15.39,15.72
2015-12-18,15.65,15.77,15.17,15.37
2015-12-21,15.38,16.59,15.27,16.15
2015-12-22,16.19,16.86,15.85,16.81
2015-12-23,16.59,17.64,16.33,16.83
2015-12-24,16.61,16.72,15.9,16.25
2015-12-25,16.23,16.49,16.14,16.29
2015-12-28,16.3,16.53,15.4,15.44
2015-12-29,15.4,15.85,15.34,15.83
2015-12-30,15.94,16.0,15.6,15.95
2015-12-31,15.9,16.24,15.8,15.9
2016-01-04,15.81,15.92,14.31,14.31
2016-01-05,13.5,14.12,12.88,13.32
2016-01-06,13.42,13.76,13.16,13.68
2016-01-07,13.33,13.33,12.31,12.31
2016-01-08,12.5,12.77,11.37,12.21
2016-01-11,11.8,12.02,10.99,10.99
2016-01-12,11.04,11.25,10.7,11.08
2016-01-13,11.16,11.47,10.5,10.64
2016-01-14,10.26,11.16,10.13,11.11
2016-01-15,10.99,11.15,10.43,10.49
2016-01-18,10.21,11.03,10.2,10.82
2016-01-19,10.77,11.26,10.68,11.24
2016-01-20,11.11,11.52,11.1,11.3
2016-01-21,11.03,11.6,10.55,10.61
2016-01-22,10.8,10.97,10.38,10.83
2016-01-25,11.0,11.15,10.76,10.93
2016-01-26,10.74,10.75,9.84,9.84
2016-01-27,9.85,9.94,8.9,9.51
2016-01-28,9.36,9.53,8.56,8.6
2016-01-29,8.6,9.22,8.57,9.03
2016-02-01,9.02,9.08,8.65,8.9
2016-02-02,9.26,9.79,9.26,9.79
2016-02-03,9.97,10.22,9.7,10.02
2016-02-04,9.94,10.38,9.85,10.2
2016-02-05,10.33,10.33,9.78,9.8
2016-02-15,9.3,9.86,9.2,9.67
2016-02-16,9.73,10.38,9.73,10.17
2016-02-17,10.07,10.26,9.96,10.25
2016-02-18,10.39,10.6,10.11,10.17
2016-02-19,10.18,10.65,10.07,10.48
2016-02-22,10.56,10.86,10.47,10.64
2016-02-23,10.77,10.89,10.35,10.53
2016-02-24,10.48,10.91,10.3,10.9
2016-02-25,10.77,10.82,9.81,9.81
2016-02-26,9.81,9.99,9.35,9.64
2016-02-29,9.54,9.57,8.69,8.87
2016-03-01,8.9,9.22,8.71,9.1
2016-03-02,9.09,9.78,9.05,9.66
2016-03-03,9.95,10.19,9.73,9.76
2016-03-04,9.6,10.08,9.35,9.52
2016-03-07,9.64,9.94,9.63,9.9
2016-03-08,9.98,9.99,9.35,9.92
2016-03-09,9.6,9.72,9.47,9.52
2016-03-10,9.56,9.71,9.31,9.34
2016-03-11,9.2,9.4,9.1,9.34
2016-03-14,9.5,9.79,9.45,9.68
2016-03-15,9.57,9.65,9.3,9.4
2016-03-16,9.44,9.54,9.2,9.23
2016-03-17,9.3,9.62,9.24,9.53
2016-03-18,9.55,9.95,9.55,9.92
2016-03-21,10.1,10.29,10.0,10.27
2016-03-22,10.15,10.7,10.08,10.44
2016-03-23,10.26,10.5,10.25,10.39
2016-03-24,10.27,10.4,9.99,10.05
2016-03-25,10.01,10.29,10.0,10.21
2016-03-28,10.23,10.44,10.05,10.15
2016-03-29,10.17,10.41,10.02,10.3
2016-03-30,10.36,10.75,10.25,10.72
2016-03-31,10.67,10.71,10.43,10.52
2016-04-01,10.47,10.48,10.1,10.35
2016-04-05,10.4,10.67,10.27,10.59
2016-04-06,10.56,10.94,10.46,10.72
2016-04-07,10.83,10.88,10.29,10.34
2016-04-08,10.22,10.46,10.18,10.41
2016-04-11,10.4,10.75,10.4,10.65
2016-04-12,10.65,10.67,10.4,10.54
2016-04-13,10.65,11.15,10.6,10.81
2016-04-14,10.78,10.88,10.66,10.87
2016-04-15,10.82,10.92,10.56,10.66
2016-04-18,10.51,10.9,10.37,10.77
2016-04-19,10.85,11.23,10.71,11.16
2016-04-20,11.2,11.58,10.51,11.03
2016-04-21,10.83,12.13,10.75,11.62
2016-04-22,11.18,11.35,10.8,11.18
2016-04-25,11.03,11.17,10.6,10.8
2016-04-26,10.73,10.9,10.45,10.74
2016-04-27,10.76,10.76,10.36,10.39
2016-04-28,10.46,10.56,10.13,10.32
2016-04-29,10.24,10.52,10.22,10.36
2016-05-03,10.4,10.77,10.26,10.7
2016-05-04,10.61,10.8,10.54,10.64
2016-05-05,10.58,10.78,10.55,10.77
2016-05-06,10.78,11.15,10.25,10.27
2016-05-09,10.08,10.18,9.36,9.45
2016-05-10,9.4,9.53,9.22,9.36
2016-05-11,9.53,9.55,9.3,9.33
2016-05-12,9.2,9.57,8.96,9.55
2016-05-13,9.42,9.61,9.25,9.32
2016-05-16,9.23,9.65,9.2,9.59
2016-05-17,9.59,10.23,9.53,9.73
2016-05-18,9.5,9.59,9.16,9.34
2016-05-19,9.31,10.22,9.31,9.97
2016-05-20,9.8,10.97,9.75,10.7
2016-05-23,10.49,10.8,10.4,10.63
2016-05-24,10.52,11.1,10.4,11.02
2016-05-25,10.99,11.1,10.56,10.68
2016-05-26,10.6,11.3,10.25,11.19
2016-05-27,11.03,11.35,10.83,10.85
2016-05-30,10.65,11.19,10.56,10.95
2016-05-31,10.98,11.85,10.91,11.69
2016-06-01,11.6,12.38,11.51,11.8
2016-06-02,11.68,12.05,11.59,11.95
2016-06-03,11.96,12.28,11.75,11.81
2016-06-06,11.8,11.93,11.53,11.7
2016-06-07,11.73,12.08,11.68,11.75
2016-06-08,11.65,11.68,11.16,11.31
2016-06-13,11.15,11.85,10.93,11.35
2016-06-14,11.4,12.49,11.4,12.49
2016-06-15,13.0,13.74,12.66,13.74
2016-06-16,14.15,14.18,13.3,13.46
2016-06-17,13.46,13.84,13.08,13.5
2016-06-20,13.55,14.26,13.25,13.84
2016-06-21,13.84,13.85,12.9,13.19
2016-06-22,13.23,14.18,12.95,13.96
2016-06-23,13.78,13.82,13.11,13.3
2016-06-24,13.24,13.52,12.56,13.07
2016-06-27,12.99,13.64,12.88,13.5
2016-06-28,13.5,13.69,13.17,13.41
2016-06-29,13.53,14.16,13.27,13.8
2016-06-30,13.61,13.7,13.17,13.45
2016-07-01,13.4,13.62,13.19,13.3
2016-07-04,13.25,13.7,13.13,13.52
2016-07-05,13.43,14.26,13.33,14.08
2016-07-06,13.84,14.05,13.71,13.84
2016-07-07,13.85,14.83,13.81,14.35
2016-07-08,13.99,13.99,13.4,13.46
2016-07-11,13.3,13.8,13.23,13.26
2016-07-12,13.17,13.39,12.93,13.33
2016-07-13,13.35,13.49,13.17,13.27
2016-07-14,13.3,13.3,13.02,13.16
2016-07-15,13.15,13.42,13.15,13.2
2016-07-18,13.2,13.32,12.9,12.92
2016-07-19,12.93,12.99,12.57,12.85
2016-07-20,12.87,13.09,12.8,12.94
2016-07-21,12.99,13.03,12.74,12.8
2016-07-22,12.85,12.95,12.7,12.71
2016-07-25,12.65,12.89,12.6,12.79
2016-07-26,12.76,12.95,12.7,12.88
2016-07-27,12.88,12.88,11.59,11.61
2016-07-28,11.59,11.67,11.01,11.37
2016-07-29,11.35,11.37,11.04,11.12
2016-08-01,11.14,11.17,10.64,10.88
2016-08-02,10.87,11.04,10.85,11.02
2016-08-03,11.02,11.05,10.89,11.01
2016-08-04,11.05,11.36,11.02,11.33
2016-08-05,11.33,11.49,11.13,11.15
2016-08-08,11.0,11.26,10.9,11.25
2016-08-09,11.3,11.85,11.3,11.56
2016-08-10,11.49,11.66,11.4,11.48
2016-08-11,11.43,11.75,11.19,11.66
2016-08-12,11.52,11.6,11.29,11.57
2016-08-15,11.58,11.84,11.47,11.72
2016-08-16,11.77,11.81,11.67,11.73
2016-08-17,11.61,11.71,11.55,11.68
2016-08-18,11.61,12.12,11.58,11.89
2016-08-19,11.77,12.0,11.68,11.74
2016-08-22,11.69,11.72,11.24,11.28
2016-08-23,11.35,11.52,11.24,11.39
2016-08-24,11.43,11.48,11.36,11.38
2016-08-25,11.36,11.36,11.13,11.22
2016-08-26,11.19,11.39,11.19,11.2
2016-08-29,11.25,11.29,11.17,11.23
2016-08-30,11.28,11.58,11.25,11.41
2016-08-31,11.46,11.46,11.24,11.4
2016-09-01,11.33,11.46,11.13,11.16
2016-09-02,11.17,11.29,11.05,11.17
2016-09-05,11.25,11.35,11.2,11.25
2016-09-06,11.25,11.41,11.11,11.39
2016-09-07,11.39,11.58,11.33,11.46
2016-09-08,11.47,11.53,11.34,11.47
2016-09-09,11.44,11.47,11.17,11.19
2016-09-12,11.01,11.01,10.56,10.58
2016-09-13,10.68,10.75,10.59,10.67
2016-09-14,10.57,10.82,10.52,10.65
2016-09-19,10.7,10.87,10.69,10.77
2016-09-20,10.79,10.79,10.65,10.69
2016-09-21,10.71,10.88,10.7,10.77
2016-09-22,10.87,10.89,10.76,10.79
2016-09-23,10.81,10.81,10.63,10.65
2016-09-26,10.63,10.63,10.25,10.31
2016-09-27,10.37,10.43,10.25,10.38
2016-09-28,10.42,10.42,10.25,10.3
2016-09-29,10.34,10.39,10.27,10.29
2016-09-30,10.29,10.38,10.29,10.32
2016-10-10,10.4,10.59,10.36,10.59
2016-10-11,10.59,10.93,10.55,10.85
2016-10-12,10.85,10.85,10.69,10.76
2016-10-13,10.78,11.08,10.74,10.98
2016-10-14,10.9,10.94,10.62,10.8
2016-10-17,10.8,10.89,10.66,10.66
2016-10-18,10.68,11.04,10.66,11.02
2016-10-19,11.06,11.11,10.88,10.96
2016-10-20,10.92,11.04,10.91,11.02
2016-10-21,10.98,10.99,10.72,10.89
2016-10-24,10.8,11.18,10.76,11.15
2016-10-25,11.13,11.34,11.07,11.17
2016-10-26,11.15,11.18,10.97,11.09
2016-10-27,11.1,11.15,10.91,10.99
2016-10-28,10.97,11.06,10.75,10.8
2016-10-31,10.77,10.88,10.7,10.87
2016-11-01,10.87,10.95,10.81,10.91
2016-11-02,10.86,10.89,10.78,10.81
2016-11-03,10.75,10.99,10.73,10.86
2016-11-04,10.83,11.14,10.81,10.98
2016-11-07,10.9,11.15,10.83,11.14
2016-11-08,11.1,11.26,11.06,11.09
2016-11-09,11.08,11.17,10.78,10.93
2016-11-10,11.08,11.39,11.06,11.18
2016-11-11,11.16,11.62,11.13,11.58
2016-11-14,11.44,11.5,11.31,11.43
2016-11-15,11.41,11.57,11.32,11.49
2016-11-16,11.43,11.5,11.29,11.32
2016-11-17,11.28,11.36,11.16,11.34
2016-11-18,11.34,11.35,11.13,11.22
2016-11-21,11.22,11.26,11.16,11.21
2016-11-22,11.24,11.35,11.18,11.34
2016-11-23,11.35,11.38,11.1,11.13
2016-11-24,11.14,11.25,11.1,11.14
2016-11-25,11.13,11.14,10.7,10.95
2016-11-28,10.96,11.04,10.9,10.99
2016-11-29,10.96,10.96,10.74,10.79
2016-11-30,10.75,10.83,10.69,10.73
2016-12-01,10.74,10.82,10.73,10.79
2016-12-02,10.78,10.82,10.51,10.54
2016-12-05,10.41,10.51,10.4,10.47
2016-12-06,10.48,10.56,10.48,10.52
2016-12-07,10.55,10.69,10.5,10.67
2016-12-08,10.67,10.7,10.56,10.66
2016-12-09,10.61,10.66,10.53,10.54
2016-12-12,10.59,10.6,9.8,9.82
2016-12-13,9.8,9.98,9.75,9.92
2016-12-14,9.96,9.97,9.57,9.71
2016-12-15,9.68,9.87,9.64,9.76
2016-12-16,9.73,9.89,9.73,9.86
2016-12-19,9.86,9.91,9.82,9.87
2016-12-20,9.84,9.93,9.8,9.92
2016-12-21,9.91,10.17,9.86,10.02
2016-12-22,10.0,10.02,9.9,10.01
2016-12-23,10.03,10.05,9.85,9.87
2016-12-26,9.82,10.15,9.71,10.06
2016-12-27,10.04,10.09,9.97,10.0
2016-12-28,10.0,10.06,9.95,10.03
2016-12-29,10.01,10.11,9.91,9.95
2016-12-30,9.89,10.02,9.87,9.94
2017-01-03,9.94,10.14,9.94,10.1
2017-01-04,10.15,10.21,10.05,10.2
2017-01-05,10.13,10.24,10.12,10.15
2017-01-06,10.16,10.18,10.04,10.16
2017-01-09,10.16,10.45,10.12,10.34
2017-01-10,10.28,10.4,10.24,10.29
2017-01-11,10.29,10.3,10.09,10.1
2017-01-12,10.1,10.2,9.7,9.84
2017-01-13,9.88,9.94,9.62,9.76
2017-01-16,9.7,9.82,9.03,9.33
2017-01-17,9.4,9.47,9.2,9.41
2017-01-18,9.37,9.42,9.31,9.38
2017-01-19,9.38,9.38,9.18,9.28
2017-01-20,9.32,9.46,9.28,9.41
2017-01-23,9.43,9.57,9.42,9.51
2017-01-24,9.51,9.54,9.45,9.52
2017-01-25,9.48,9.56,9.45,9.55
2017-01-26,9.57,9.79,9.55,9.74
2017-02-03,9.77,9.77,9.66,9.69
2017-02-06,9.68,9.96,9.64,9.95
2017-02-07,9.95,10.03,9.79,9.9
2017-02-08,9.89,9.99,9.82,9.94
2017-02-09,9.95,10.08,9.88,10.06
2017-02-10,10.06,10.14,9.98,10.0
2017-02-13,10.02,10.12,9.99,10.07
2017-02-14,10.05,10.09,9.9,10.05
2017-02-15,10.0,10.04,9.86,9.87
2017-02-16,9.88,10.24,9.88,10.14
2017-02-17,10.13,10.13,9.93,9.98
2017-02-20,9.98,10.2,9.94,10.09
2017-02-21,10.09,10.23,10.04,10.17
2017-02-22,10.15,10.17,10.06,10.15
2017-02-23,10.16,10.65,10.12,10.45
2017-02-24,10.32,10.41,10.28,10.31
2017-02-27,10.28,10.36,10.14,10.17
2017-02-28,10.13,10.24,10.06,10.17
2017-03-01,10.13,10.24,10.09,10.17
2017-03-02,10.17,10.38,10.12,10.28
2017-03-03,10.24,10.3,10.12,10.17
2017-03-06,10.2,10.46,10.14,10.37
2017-03-07,10.38,10.4,10.23,10.31
2017-03-08,10.32,10.34,10.16,10.22
2017-03-09,10.16,10.2,9.99,10.01
2017-03-10,10.0,10.1,10.0,10.02
2017-03-13,10.02,10.09,9.88,10.09
2017-03-14,10.09,10.15,9.98,10.04
2017-03-15,9.99,10.11,9.96,10.08
2017-03-16,10.09,10.24,10.08,10.2
2017-03-17,10.23,10.33,10.15,10.21
2017-03-20,10.19,10.36,10.18,10.33
2017-03-21,10.28,10.33,10.11,10.18
2017-03-22,10.13,10.15,10.02,10.04
2017-03-23,10.06,10.1,9.92,10.01
2017-03-24,10.01,10.06,9.95,10.05
2017-03-27,10.03,10.04,9.89,9.92
2017-03-28,9.92,9.98,9.89,9.91
2017-03-29,9.94,9.97,9.77,9.78
2017-03-30,9.78,9.99,9.55,9.79
2017-03-31,9.78,9.9,9.72,9.79
2017-04-05,9.92,10.12,9.9,10.08
2017-04-06,10.07,10.11,10.0,10.03
2017-04-07,10.03,10.2,10.01,10.19
2017-04-10,10.27,10.49,10.15,10.17
2017-04-11,10.1,10.63,10.01,10.52
2017-04-12,10.4,10.42,10.17,10.24
2017-04-13,10.19,10.38,10.17,10.25
2017-04-14,10.22,10.6,10.17,10.2
2017-04-17,10.05,10.26,9.67,9.79
2017-04-18,9.8,9.87,9.4,9.51
2017-04-19,9.46,9.5,9.18,9.32
2017-04-20,9.31,9.41,9.24,9.37
2017-04-21,9.34,9.41,9.26,9.3
2017-04-24,9.34,9.34,8.93,8.95
2017-04-25,9.0,9.11,8.97,9.04
2017-04-26,9.01,9.11,9.01,9.04
2017-04-27,9.05,9.18,8.87,9.17
2017-04-28,9.16,9.22,9.11,9.18
2017-05-02,9.12,9.25,9.12,9.2
2017-05-03,9.2,9.3,9.15,9.23
2017-05-04,9.17,9.24,9.08,9.13
2017-05-05,9.08,9.18,8.98,9.05
2017-05-08,9.02,9.02,8.8,8.81
2017-05-09,8.81,9.0,8.81,8.98
2017-05-10,8.97,9.13,8.85,8.87
2017-05-11,8.82,8.9,8.45,8.74
2017-05-12,8.71,8.76,8.59,8.65
2017-05-15,8.65,8.73,8.62,8.67
2017-05-16,8.71,8.94,8.55,8.93
2017-05-17,8.96,8.98,8.88,8.95
2017-05-18,8.87,8.92,8.77,8.86
2017-05-19,8.87,8.97,8.86,8.87
2017-05-22,8.84,8.94,8.64,8.7
2017-05-23,8.67,8.7,8.41,8.46
2017-05-24,8.48,8.52,8.28,8.51
2017-05-25,8.57,8.62,8.37,8.58
2017-05-26,8.58,8.64,8.46,8.5
2017-05-31,8.59,8.67,8.5,8.51
2017-06-01,8.51,8.54,8.1,8.18
2017-06-02,8.15,8.23,7.93,8.21
2017-06-05,8.21,8.28,8.11,8.21
2017-06-06,8.2,8.23,8.11,8.21
2017-06-07,8.23,8.43,8.2,8.4
2017-06-08,8.39,8.46,8.35,8.37
2017-06-09,8.39,9.1,8.24,8.74
2017-06-12,8.57,8.7,8.45,8.51
2017-06-13,8.4,8.66,8.4,8.58
2017-06-14,8.58,8.74,8.52,8.63
2017-06-15,8.59,8.77,8.58,8.7
2017-06-16,8.7,8.86,8.65,8.72
2017-06-19,8.68,8.81,8.61,8.75
2017-06-20,8.74,8.93,8.71,8.81
2017-06-21,8.81,8.83,8.67,8.73
2017-06-22,8.7,8.76,8.55,8.55
2017-06-23,8.54,8.72,8.38,8.57
2017-06-26,8.58,8.69,8.55,8.69
2017-06-27,8.68,8.76,8.64,8.71
2017-06-28,8.7,8.74,8.63,8.69
2017-06-29,8.71,8.79,8.68,8.74
2017-06-30,8.7,8.71,8.62,8.68
2017-07-03,8.7,8.82,8.64,8.8
2017-07-04,8.84,8.88,8.75,8.76
2017-07-05,8.75,8.92,8.73,8.91
2017-07-06,8.88,9.14,8.83,9.1
2017-07-07,9.05,9.45,8.96,9.39
2017-07-10,9.38,9.48,9.21,9.29
2017-07-11,9.26,9.33,8.98,9.05
2017-07-12,9.03,9.24,8.99,9.23
2017-07-13,9.24,9.68,9.24,9.45
2017-07-14,9.35,9.38,9.18,9.24
2017-07-17,9.29,9.32,8.32,8.57
2017-07-18,8.57,8.77,8.53,8.76
2017-07-19,8.75,9.38,8.66,9.32
2017-07-20,9.23,9.43,9.19,9.33
2017-07-21,9.29,9.36,9.16,9.18
2017-07-24,9.11,9.28,9.11,9.23
2017-07-25,9.3,9.58,9.18,9.44
2017-07-26,9.52,9.85,9.4,9.83
2017-07-27,9.7,9.81,9.46,9.67
2017-07-28,9.58,10.1,9.53,9.91
2017-07-31,9.86,10.27,9.79,10.21
2017-08-01,10.13,10.13,9.85,10.0
2017-08-02,10.01,10.15,9.67,9.68
2017-08-03,9.7,9.93,9.6,9.86
2017-08-04,9.76,10.15,9.66,9.67
2017-08-07,9.57,10.29,9.56,10.14
2017-08-08,10.13,10.38,10.0,10.1
2017-08-09,10.14,11.11,10.1,11.11
2017-08-10,11.51,12.22,11.35,11.9
2017-08-11,11.57,11.66,10.73,11.1
2017-08-14,11.0,11.36,10.72,11.2
2017-08-15,11.01,11.13,10.78,10.91
2017-08-16,10.84,10.97,10.36,10.58
2017-08-17,10.65,10.78,10.55,10.64
2017-08-18,10.42,10.5,10.29,10.46
2017-08-21,10.44,10.74,10.38,10.71
2017-08-22,10.72,10.85,10.53,10.64
2017-08-23,10.47,10.55,10.15,10.21
2017-08-24,10.19,10.28,10.11,10.22
2017-08-25,10.24,10.45,10.17,10.31
2017-08-28,10.21,10.45,10.2,10.38
2017-08-29,10.4,10.57,10.2,10.23
2017-08-30,10.17,10.44,10.15,10.38
2017-08-31,10.41,10.42,10.23,10.31
2017-09-01,10.29,10.78,10.28,10.63
2017-09-04,10.65,10.97,10.55,10.92
2017-09-05,10.93,10.96,10.62,10.71
2017-09-06,10.55,11.07,10.55,10.93
2017-09-07,10.8,11.11,10.67,10.7
2017-09-08,10.65,10.9,10.65,10.89
2017-09-11,10.84,11.43,10.84,11.34
2017-09-12,11.38,11.81,11.09,11.19
2017-09-13,11.1,11.3,10.9,11.23
2017-09-14,11.15,11.22,10.78,10.79
2017-09-15,10.75,10.86,10.38,10.43
2017-09-18,10.38,10.63,10.31,10.57
2017-09-19,10.6,10.69,10.41,10.48
2017-09-20,10.47,11.12,10.4,11.04
2017-09-21,11.11,11.3,10.76,10.8
2017-09-22,11.02,11.88,10.92,11.88
2017-09-25,12.0,12.12,11.35,11.41
2017-09-26,11.1,11.46,10.88,11.42
2017-09-27,11.33,11.68,11.22,11.39
2017-09-28,11.25,12.53,11.21,11.86
2017-09-29,12.0,12.12,11.55,12.01
2017-10-09,12.2,12.3,11.82,11.84
2017-10-10,11.86,12.02,11.62,11.82
2017-10-11,11.75,11.75,11.24,11.26
2017-10-12,11.21,11.25,10.86,11.05
2017-10-13,11.04,11.2,11.02,11.12
2017-10-16,11.11,11.3,11.07,11.09
2017-10-17,11.1,11.13,10.72,10.8
2017-10-18,10.8,11.0,10.24,10.44
2017-10-19,10.5,10.54,9.98,10.03
2017-10-20,9.9,10.23,9.9,10.18
2017-10-23,10.18,10.38,10.13,10.33
2017-10-24,10.34,10.38,10.05,10.2
2017-10-25,10.17,10.35,10.13,10.33
2017-10-26,10.3,10.55,10.25,10.5
2017-10-27,10.47,10.54,10.15,10.19
2017-10-30,10.15,10.22,9.52,9.55
2017-10-31,9.56,9.73,9.55,9.69
2017-11-01,9.68,10.0,9.65,9.86
2017-11-02,9.86,9.88,9.64,9.68
2017-11-03,9.63,9.96,9.48,9.79
2017-11-06,10.11,10.77,10.11,10.77
2017-11-07,11.15,11.31,10.92,11.25
2017-11-08,11.06,11.54,11.01,11.41
2017-11-09,11.29,11.41,11.08,11.25
2017-11-10,11.23,11.76,11.15,11.24
2017-11-13,11.39,11.87,11.15,11.78
2017-11-14,11.65,11.88,11.22,11.43
2017-11-15,11.37,11.6,10.96,11.11
2017-11-16,11.04,11.3,10.87,11.15
2017-11-17,10.97,11.07,10.13,10.28
2017-11-20,10.02,10.49,9.8,10.46
2017-11-21,10.34,10.56,10.1,10.45
2017-11-22,10.45,11.09,10.21,10.86
2017-11-23,10.7,10.89,10.26,10.3
2017-11-24,10.2,11.33,10.18,11.33
2017-11-27,11.33,11.69,11.06,11.44
2017-11-28,11.19,11.82,11.13,11.81
2017-11-29,11.6,11.74,11.31,11.63
2017-11-30,11.47,11.85,11.29,11.38
2017-12-01,11.28,12.34,11.28,11.91
2017-12-04,11.81,12.09,11.66,11.91
2017-12-05,11.77,11.85,10.75,11.02
2017-12-06,11.05,12.12,11.04,12.12
2017-12-07,12.36,13.1,12.19,12.74
2017-12-08,12.64,13.17,12.51,12.77
2017-12-11,12.63,12.94,12.46,12.9
2017-12-12,12.82,13.49,12.68,12.75
2017-12-13,12.6,13.99,12.51,13.88
2017-12-14,13.5,13.78,13.23,13.63
2017-12-15,13.41,13.69,12.7,12.99
2017-12-18,12.97,12.97,12.34,12.69
2017-12-19,12.7,13.15,12.53,13.14
2017-12-20,12.98,13.13,12.56,12.72
2017-12-21,12.62,13.43,12.61,13.12
2017-12-22,12.93,13.34,12.8,12.87
2017-12-25,12.77,12.97,12.55,12.72
2017-12-26,12.78,12.78,11.88,12.21
2017-12-27,12.2,12.34,11.61,11.68
2017-12-28,11.6,11.89,11.54,11.76
2017-12-29,11.65,12.1,11.64,11.98
2018-01-02,12.0,12.16,11.73,12.1
2018-01-03,12.02,12.25,11.95,12.08
2018-01-04,12.01,12.39,11.99,12.24
2018-01-05,12.15,12.15,11.72,11.83
2018-01-08,11.72,12.43,11.56,12.37
2018-01-09,12.22,12.43,12.11,12.23
2018-01-10,12.21,12.88,12.2,12.77
2018-01-11,12.6,12.83,12.51,12.7
2018-01-12,12.68,13.04,12.2,12.22
2018-01-15,12.0,12.01,11.0,11.09
2018-01-16,11.01,11.23,10.89,11.11
2018-01-17,11.07,11.36,10.62,11.29
2018-01-18,11.11,11.33,11.01,11.08
2018-01-19,11.14,11.26,10.76,10.79
2018-01-22,10.7,10.95,10.38,10.87
2018-01-23,10.8,10.98,10.75,10.89
2018-01-24,10.88,11.14,10.66,11.06
2018-01-25,11.06,11.15,10.8,10.81
2018-01-26,10.75,10.91,10.54,10.56
2018-01-29,10.59,10.7,10.3,10.42
2018-01-30,10.4,10.64,10.36,10.61
2018-01-31,10.56,10.57,9.89,9.98
2018-02-01,9.93,10.07,9.23,9.25
2018-02-02,9.22,9.32,8.51,9.27
2018-02-05,9.0,9.38,8.9,9.15
2018-02-06,9.01,9.22,8.45,8.53
2018-02-07,8.78,8.97,8.44,8.81
2018-02-08,8.78,9.18,8.74,9.08
2018-02-09,8.85,9.21,8.68,8.84
2018-02-12,9.0,9.18,8.91,9.12
2018-02-13,9.19,9.22,9.03,9.06
2018-02-14,9.06,9.16,8.88,8.91
2018-02-22,9.04,9.44,8.97,9.35
2018-02-23,9.34,9.37,9.17,9.33
2018-02-26,9.47,9.88,9.31,9.86
2018-02-27,9.75,10.02,9.68,9.78
2018-02-28,9.64,10.09,9.63,9.94
2018-03-01,9.8,10.15,9.75,10.06
2018-03-02,9.93,10.43,9.9,9.99
2018-03-05,9.95,10.15,9.84,10.11
2018-03-06,10.11,10.44,10.06,10.31
2018-03-07,10.23,10.47,10.15,10.17
2018-03-08,10.11,10.25,9.94,10.06
2018-03-09,10.05,10.35,10.02,10.28
2018-03-12,10.35,10.55,10.29,10.46
2018-03-13,10.52,10.52,10.16,10.19
2018-03-14,10.07,10.47,10.02,10.12
2018-03-15,10.06,10.21,9.88,10.13
2018-03-16,10.1,10.2,9.95,9.96
2018-03-19,9.96,10.14,9.91,10.0
2018-03-20,9.89,9.91,9.66,9.84
2018-03-21,9.8,10.08,9.79,9.84
2018-03-22,9.96,10.38,9.91,10.17
2018-03-23,9.33,9.75,9.18,9.28
2018-03-26,8.82,9.54,8.82,9.51
2018-03-27,9.61,9.84,9.54,9.73
2018-03-28,9.55,9.69,9.38,9.48
2018-03-29,9.61,9.85,9.56,9.69
2018-03-30,9.8,10.66,9.77,10.66
2018-04-02,11.0,11.73,10.8,11.38
2018-04-03,11.15,11.25,10.85,11.18
2018-04-04,11.2,11.23,10.71,10.74
2018-04-09,10.7,11.19,10.7,10.91
2018-04-10,10.82,10.96,10.52,10.87
2018-04-11,10.8,11.2,10.76,11.16
2018-04-12,11.04,11.15,10.75,10.89
2018-04-13,10.93,11.44,10.82,11.3
2018-04-16,11.1,11.38,11.04,11.28
2018-04-17,11.22,11.59,10.59,10.73
2018-04-18,10.91,11.76,10.73,11.58
2018-04-19,11.4,11.89,11.32,11.81
2018-04-20,11.62,11.96,11.46,11.56
2018-04-23,11.71,11.77,10.75,11.11
2018-04-24,10.9,11.62,10.82,11.51
2018-04-25,11.32,11.51,11.1,11.2
2018-04-26,11.11,11.46,11.0,11.03
2018-04-27,11.16,11.29,10.36,10.63
2018-05-02,10.76,10.76,10.43,10.73
2018-05-03,10.6,10.78,10.25,10.7
2018-05-04,10.59,10.95,10.55,10.61
2018-05-07,10.62,10.97,10.6,10.9
2018-05-08,10.91,10.94,10.74,10.83
2018-05-09,10.8,11.62,10.75,11.22
2018-05-10,11.15,11.32,11.01,11.3
2018-05-11,11.2,11.35,11.11,11.18
2018-05-14,11.12,11.42,10.82,10.85
2018-05-15,10.74,10.8,10.52,10.79
2018-05-16,10.66,10.81,10.56,10.57
2018-05-17,10.6,10.77,10.54,10.67
2018-05-18,10.63,10.71,10.3,10.5
2018-05-21,10.58,10.83,10.55,10.79
2018-05-22,10.83,11.09,10.64,11.05
2018-05-23,11.0,11.31,10.91,11.03
2018-05-24,11.05,11.26,10.96,11.12
2018-05-25,11.03,11.17,10.56,10.59
2018-05-28,10.57,10.59,10.0,10.06
2018-05-29,10.05,10.19,9.79,9.86
2018-05-30,9.76,10.05,9.54,9.55
2018-05-31,9.74,9.76,9.5,9.63
2018-06-01,9.6,9.69,9.13,9.3
2018-06-04,9.34,9.51,9.25,9.43
2018-06-05,9.46,9.66,9.39,9.65
2018-06-06,9.63,9.69,9.47,9.53
2018-06-07,9.57,9.62,9.33,9.36
2018-06-08,9.48,9.5,9.1,9.28
2018-06-11,9.18,9.36,9.15,9.21
2018-06-12,9.2,9.27,8.93,9.27
2018-06-13,9.21,9.49,9.18,9.19
2018-06-14,9.22,9.58,9.22,9.42
2018-06-15,9.37,9.5,9.05,9.4
2018-06-19,9.16,9.56,8.46,8.61
2018-06-20,8.52,8.86,8.5,8.76
2018-06-21,8.67,8.85,8.3,8.31
2018-06-22,8.24,8.49,8.15,8.43
2018-06-25,8.5,8.62,8.38,8.4
2018-06-26,8.22,8.67,8.18,8.58
2018-06-27,8.66,8.73,8.53,8.63
2018-06-28,8.54,8.7,8.46,8.5
2018-06-29,8.47,8.89,8.47,8.85
2018-07-02,8.8,8.87,8.46,8.59
2018-07-03,8.57,9.08,8.52,8.96
2018-07-04,8.87,8.99,8.66,8.76
2018-07-05,8.68,8.88,8.4,8.47
2018-07-06,8.52,8.82,8.44,8.63
2018-07-09,8.6,8.83,8.6,8.81
2018-07-10,8.81,8.88,8.73,8.84
2018-07-11,8.68,8.68,8.13,8.35
2018-07-12,8.31,8.8,8.31,8.68
2018-07-13,8.7,8.8,8.66,8.74
2018-07-16,8.76,8.88,8.72,8.8
2018-07-17,8.74,8.92,8.71,8.88
2018-07-18,8.91,8.96,8.71,8.72
2018-07-19,8.69,8.79,8.42,8.55
2018-07-20,8.5,8.69,8.38,8.62
2018-07-23,8.63,8.85,8.56,8.83
2018-07-24,8.78,9.02,8.76,8.94
2018-07-25,8.92,9.1,8.9,9.04
2018-07-26,8.97,9.03,8.81,8.9
2018-07-27,8.86,9.28,8.86,9.12
2018-07-30,9.23,9.44,9.06,9.1
2018-07-31,8.93,9.01,8.76,8.91
2018-08-01,8.86,9.05,8.76,8.77
2018-08-02,8.7,8.7,8.18,8.41
2018-08-03,8.39,8.46,8.21,8.22
2018-08-06,8.22,8.35,8.01,8.09
2018-08-07,8.11,8.33,8.06,8.31
2018-08-08,8.28,8.32,8.08,8.09
2018-08-09,8.05,8.42,8.02,8.34
2018-08-10,8.34,8.38,8.26,8.36
2018-08-13,8.25,8.54,8.2,8.52
2018-08-14,8.46,8.49,8.36,8.42
2018-08-15,8.38,8.43,8.2,8.21
2018-08-16,8.09,8.25,8.03,8.09
2018-08-17,8.16,8.24,7.96,7.97
2018-08-20,7.94,8.02,7.66,7.95
2018-08-21,7.88,8.04,7.83,8.0
2018-08-22,8.01,8.03,7.74,7.8
2018-08-23,7.75,7.91,7.75,7.81
2018-08-24,7.82,7.95,7.81,7.89
2018-08-27,7.88,8.1,7.88,8.06
2018-08-28,8.03,8.13,8.03,8.09
2018-08-29,8.07,8.09,7.97,8.01
2018-08-30,8.03,8.05,7.73,7.73
2018-08-31,7.71,7.79,7.53,7.55
2018-09-03,7.55,7.85,7.43,7.81
2018-09-04,7.76,7.88,7.68,7.83
2018-09-05,7.8,7.83,7.64,7.64
2018-09-06,7.6,7.81,7.59,7.68
2018-09-07,7.66,7.82,7.59,7.7
2018-09-10,7.7,7.72,7.44,7.45
2018-09-11,7.43,7.5,7.35,7.4
2018-09-12,7.42,7.48,7.3,7.45
2018-09-13,7.5,7.54,7.39,7.5
2018-09-14,7.52,7.67,7.46,7.46
2018-09-17,7.35,7.43,7.26,7.26
2018-09-18,7.26,7.38,7.22,7.38
2018-09-19,7.36,7.54,7.34,7.49
2018-09-20,7.56,7.98,7.54,7.68
2018-09-21,7.61,7.74,7.55,7.7
2018-09-25,7.69,7.72,7.61,7.63
2018-09-26,7.63,7.74,7.55,7.63
2018-09-27,7.58,7.67,7.5,7.5
2018-09-28,7.52,7.62,7.45,7.58
2018-10-08,7.4,7.6,7.33,7.36
2018-10-09,7.38,7.46,7.34,7.42
2018-10-10,7.41,7.46,7.26,7.38
2018-10-11,7.06,7.13,6.64,6.64
2018-10-12,6.47,6.55,6.04,6.25
2018-10-15,6.27,6.38,5.95,5.98
2018-10-16,5.96,6.15,5.9,5.91
2018-10-17,6.05,6.14,5.88,6.09
2018-10-18,6.09,6.09,5.82,5.97
2018-10-19,5.9,6.12,5.8,6.11
2018-10-22,6.18,6.5,6.14,6.38
2018-10-23,6.37,6.5,6.2,6.25
2018-10-24,6.22,6.35,6.18,6.28
2018-10-25,6.09,6.27,5.98,6.26
2018-10-26,6.33,6.4,6.23,6.28
2018-10-29,6.26,6.32,6.14,6.19
2018-10-30,6.19,6.33,6.08,6.27
2018-10-31,6.32,6.61,6.27,6.52
2018-11-01,6.5,6.62,6.41,6.43
2018-11-02,6.5,6.64,6.48,6.6
2018-11-05,6.61,6.7,6.5,6.63
2018-11-06,6.61,6.66,6.51,6.63
2018-11-07,6.61,6.78,6.59,6.63
2018-11-08,6.67,6.71,6.54,6.55
2018-11-09,6.51,6.6,6.48,6.49
2018-11-12,6.51,6.75,6.46,6.74
2018-11-13,6.64,6.9,6.61,6.82
2018-11-14,6.8,6.95,6.77,6.82
2018-11-15,6.78,7.0,6.78,6.98
2018-11-16,7.0,7.13,6.94,7.11
2018-11-19,7.12,7.17,6.96,7.12
2018-11-20,7.07,7.34,6.96,6.97
2018-11-21,6.89,7.08,6.83,7.06
2018-11-22,7.1,7.19,6.96,6.97
2018-11-23,6.97,7.07,6.57,6.57
2018-11-26,6.6,6.68,6.57,6.64
2018-11-27,6.7,6.85,6.63,6.77
2018-11-28,6.74,6.84,6.55,6.83
2018-11-29,6.93,6.98,6.68,6.69
2018-11-30,6.62,6.76,6.58,6.73
2018-12-03,6.94,7.12,6.84,7.1
2018-12-04,7.02,7.14,7.0,7.08
2018-12-05,6.94,7.79,6.91,7.3
2018-12-06,7.23,7.53,7.23,7.35
2018-12-07,7.36,7.39,7.08,7.25
2018-12-10,7.19,7.45,7.17,7.22
2018-12-11,7.24,7.29,7.1,7.25
2018-12-12,7.28,7.43,7.2,7.23
2018-12-13,7.23,7.39,7.12,7.3
2018-12-14,7.3,7.32,6.95,6.96
2018-12-17,6.92,7.18,6.87,7.15
2018-12-18,7.2,7.23,6.98,7.15
2018-12-19,7.18,7.2,6.92,7.0
2018-12-20,7.0,7.13,6.95,7.06
2018-12-21,7.1,7.1,6.78,6.93
2018-12-24,6.91,7.01,6.88,6.96
2018-12-25,6.89,6.89,6.63,6.8
2018-12-26,6.77,6.84,6.62,6.64
2018-12-27,6.75,6.78,6.39,6.45
2018-12-28,6.46,6.62,6.39,6.53
2019-01-02,6.6,6.64,6.5,6.52
2019-01-03,6.51,6.65,6.51,6.55
2019-01-04,6.5,6.87,6.44,6.84
2019-01-07,7.0,7.15,6.9,7.06
2019-01-08,7.02,7.19,7.01,7.03
2019-01-09,7.11,7.18,7.02,7.06
2019-01-10,7.01,7.23,7.01,7.09
2019-01-11,7.06,7.19,7.05,7.17
2019-01-14,7.19,7.23,7.1,7.11
2019-01-15,7.13,7.27,7.11,7.22
2019-01-16,7.22,7.24,7.08,7.11
2019-01-17,7.14,7.27,7.08,7.12
2019-01-18,7.1,7.17,7.05,7.15
2019-01-21,7.17,7.23,7.12,7.16
2019-01-22,7.13,7.23,6.97,7.05
2019-01-23,7.04,7.05,6.94,7.03
2019-01-24,7.02,7.32,6.97,7.22
2019-01-25,7.21,7.28,7.11,7.12
2019-01-28,7.23,7.3,7.11,7.12
2019-01-29,7.11,7.12,6.66,6.84
2019-01-30,6.78,6.95,6.78,6.8
2019-01-31,6.85,6.93,6.58,6.67
2019-02-01,6.7,6.93,6.7,6.92
2019-02-11,6.95,7.18,6.92,7.16
2019-02-12,7.17,7.47,7.15,7.34
2019-02-13,7.52,7.84,7.34,7.55
2019-02-14,7.68,8.0,7.6,7.79
2019-02-15,7.66,7.85,7.61,7.65
2019-02-18,7.79,8.1,7.67,8.05
2019-02-19,8.03,8.03,7.76,7.91
2019-02-20,7.88,8.11,7.72,8.09
2019-02-21,8.27,8.29,7.79,7.83
2019-02-22,7.75,8.03,7.75,8.02
2019-02-25,8.08,8.49,8.02,8.44
2019-02-26,8.33,8.73,8.2,8.33
2019-02-27,8.31,8.45,8.1,8.23
2019-02-28,8.18,8.3,8.12,8.18
2019-03-01,8.23,8.27,8.1,8.23
2019-03-04,8.3,8.51,8.24,8.32
2019-03-05,8.3,8.68,8.28,8.67
2019-03-06,8.77,8.88,8.5,8.72
2019-03-07,8.65,9.1,8.61,8.91
2019-03-08,8.62,9.8,8.57,9.17
2019-03-11,9.53,9.68,9.21,9.54
2019-03-12,9.6,9.77,9.26,9.76
2019-03-13,9.75,9.75,9.12,9.18
2019-03-14,9.12,9.27,8.61,8.79
2019-03-15,8.82,8.95,8.7,8.78
2019-03-18,8.91,9.11,8.88,9.03
2019-03-19,9.16,9.34,9.0,9.24
2019-03-20,9.15,9.25,8.8,9.05
2019-03-21,9.06,9.3,9.02,9.17
2019-03-22,9.25,9.49,9.12,9.48
2019-03-25,9.81,10.43,9.63,10.43
2019-03-26,10.55,10.55,9.39,9.53
2019-03-27,9.52,9.59,9.05,9.47
2019-03-28,9.33,9.74,9.21,9.23
2019-03-29,9.2,9.46,8.91,9.44
2019-04-01,9.45,9.77,9.45,9.77
2019-04-02,9.8,9.99,9.66,9.94
2019-04-03,9.87,9.87,9.68,9.82
2019-04-04,9.87,9.96,9.65,9.82
2019-04-08,9.88,10.09,9.61,9.85
2019-04-09,9.76,9.82,9.56,9.65
2019-04-10,9.62,9.63,9.43,9.49
2019-04-11,9.5,9.55,9.17,9.18
2019-04-12,9.13,9.35,9.13,9.22
2019-04-15,9.33,9.71,9.32,9.52
2019-04-16,9.57,10.36,9.49,10.1
2019-04-17,10.15,10.35,10.0,10.13
2019-04-18,10.07,10.47,9.95,9.95
2019-04-19,9.83,9.9,9.6,9.81
2019-04-22,9.85,10.14,9.74,9.75
2019-04-23,9.66,9.72,9.31,9.38
2019-04-24,9.4,9.95,9.31,9.85
2019-04-25,9.59,9.69,9.1,9.15
2019-04-26,9.18,9.34,9.1,9.1
2019-04-29,9.19,9.19,8.36,8.44
2019-04-30,8.37,8.63,8.37,8.49
2019-05-06,8.19,8.25,7.64,7.66
2019-05-07,7.8,7.95,7.69,7.85
2019-05-08,7.7,8.12,7.54,7.91
2019-05-09,7.93,8.15,7.88,7.97
2019-05-10,8.08,8.38,7.76,8.32
2019-05-13,8.19,8.86,8.12,8.49
2019-05-14,8.37,8.71,8.34,8.38
2019-05-15,8.51,8.59,8.4,8.54
2019-05-16,8.56,9.36,8.55,9.28
2019-05-17,9.1,9.25,8.67,8.74
2019-05-20,9.01,9.57,8.84,9.55
2019-05-21,9.37,10.3,9.11,9.92
2019-05-22,9.66,9.9,9.48,9.52
2019-05-23,9.54,9.81,9.17,9.25
2019-05-24,9.12,10.18,9.07,9.48
2019-05-27,9.33,10.43,9.33,10.43
2019-05-28,10.9,11.47,10.78,11.47
2019-05-29,12.62,12.62,12.52,12.62
2019-05-30,13.5,13.88,11.95,13.08
2019-05-31,12.15,13.2,12.05,12.26
2019-06-03,12.63,13.49,12.08,12.98
2019-06-04,12.51,13.0,11.68,12.1
2019-06-05,12.48,12.96,12.0,12.22
2019-06-06,12.02,13.44,11.84,13.44
2019-06-10,14.09,14.29,12.73,13.55
2019-06-11,13.19,14.91,13.02,14.29
2019-06-12,14.19,15.32,13.82,13.83
2019-06-13,13.39,13.66,12.88,13.05
2019-06-14,13.12,13.12,12.37,12.56
2019-06-17,12.45,12.8,12.38,12.43
2019-06-18,12.17,12.59,12.06,12.33
2019-06-19,12.37,13.1,12.21,12.86
2019-06-20,12.7,12.7,12.02,12.41
2019-06-21,12.4,12.75,12.18,12.28
2019-06-24,12.3,12.96,12.2,12.72
2019-06-25,12.36,12.36,11.67,11.83
2019-06-26,11.69,11.96,11.53,11.67
2019-06-27,11.69,11.95,11.63,11.78
2019-06-28,11.77,12.12,11.56,11.95
2019-07-01,11.76,11.98,11.28,11.9
2019-07-02,11.79,12.28,11.71,12.1
2019-07-03,11.98,12.09,11.59,11.6
2019-07-04,11.49,11.65,11.12,11.16
2019-07-05,11.2,11.36,11.18,11.23
2019-07-08,11.24,11.24,10.77,10.98
2019-07-09,10.96,11.22,10.86,11.08
2019-07-10,11.01,11.19,10.94,10.98
2019-07-11,11.04,11.24,10.95,11.0
2019-07-12,10.99,11.05,10.53,10.66
2019-07-15,10.75,11.15,10.67,11.08
2019-07-16,10.99,11.38,10.98,11.2
2019-07-17,11.41,11.58,11.19,11.42
2019-07-18,11.32,11.92,11.3,11.49
2019-07-19,11.41,11.53,11.11,11.19
2019-07-22,11.08,11.1,10.07,10.16
2019-07-23,10.16,10.37,10.06,10.23
2019-07-24,10.23,10.66,10.23,10.53
2019-07-25,10.6,10.82,10.55,10.71
2019-07-26,10.74,10.82,10.63,10.68
2019-07-29,10.75,11.07,10.7,10.72
2019-07-30,10.7,10.86,10.58,10.64
2019-07-31,10.7,11.05,10.6,10.84
2019-08-01,10.75,10.76,10.38,10.46
2019-08-02,10.8,11.45,10.75,11.22
2019-08-05,11.15,11.64,10.98,11.26
2019-08-06,10.98,11.35,10.61,10.7
2019-08-07,10.86,11.09,10.25,10.98
2019-08-08,10.83,10.88,10.46,10.54
2019-08-09,10.68,10.73,10.22,10.26
2019-08-12,10.2,10.33,9.86,10.18
2019-08-13,10.06,10.28,10.02,10.18
2019-08-14,10.2,10.32,10.03,10.18
2019-08-15,9.88,10.14,9.81,10.08
2019-08-16,10.33,10.44,10.25,10.28
2019-08-19,10.18,10.52,10.11,10.49
2019-08-20,10.47,10.87,10.44,10.59
2019-08-21,10.6,10.75,10.46,10.5
2019-08-22,10.51,10.57,10.33,10.39
2019-08-23,10.42,10.84,10.36,10.79
2019-08-26,11.01,11.11,10.58,10.6
2019-08-27,10.49,10.7,10.35,10.63
2019-08-28,10.56,10.58,10.37,10.45
2019-08-29,10.4,10.47,10.34,10.35
2019-08-30,10.35,10.48,10.08,10.4
2019-09-02,10.3,10.54,10.19,10.53
2019-09-03,10.65,10.84,10.54,10.79
2019-09-04,10.7,11.04,10.63,10.9
2019-09-05,11.0,11.27,10.81,10.97
2019-09-06,10.98,11.88,10.98,11.46
2019-09-09,11.6,12.48,11.46,12.22
2019-09-10,12.11,12.41,11.86,12.06
2019-09-11,12.15,12.15,11.75,11.91
2019-09-12,11.95,11.98,11.62,11.73
2019-09-16,11.83,11.89,11.62,11.77
2019-09-17,11.77,11.93,11.46,11.5
2019-09-18,11.5,11.92,11.49,11.58
2019-09-19,11.57,12.5,11.57,12.36
2019-09-20,12.15,12.27,11.92,12.01
2019-09-23,12.04,12.24,11.63,11.87
2019-09-24,11.8,13.06,11.74,12.72
2019-09-25,12.55,13.06,12.35,12.65
2019-09-26,12.7,12.77,11.52,11.55
2019-09-27,11.49,11.88,11.38,11.52
2019-09-30,11.5,11.68,10.88,10.89
2019-10-08,10.87,11.08,10.7,10.93
2019-10-09,10.85,11.13,10.62,11.04
2019-10-10,11.0,11.11,10.94,11.06
2019-10-11,11.05,11.1,10.73,10.84
2019-10-14,10.92,11.05,10.82,10.93
2019-10-15,10.9,10.9,10.31,10.39
2019-10-16,10.42,10.5,10.24,10.28
2019-10-17,10.3,10.45,10.3,10.33
2019-10-18,10.34,10.4,9.99,10.12
2019-10-21,10.15,10.29,9.95,10.28
2019-10-22,10.42,10.47,10.3,10.41
2019-10-23,10.4,10.4,10.18,10.23
2019-10-24,10.17,10.34,10.04,10.29
2019-10-25,10.22,10.37,10.1,10.3
2019-10-28,10.43,10.82,10.38,10.71
2019-10-29,10.71,10.71,10.3,10.3
2019-10-30,10.32,10.52,10.17,10.34
2019-10-31,10.49,10.56,10.18,10.21
2019-11-01,10.15,10.44,10.14,10.26
2019-11-04,10.37,10.37,10.17,10.23
2019-11-05,10.29,10.42,10.19,10.34
2019-11-06,10.36,10.75,10.3,10.54
2019-11-07,10.49,10.6,10.44,10.53
2019-11-08,10.63,10.63,10.38,10.39
2019-11-11,10.3,10.49,9.96,10.0
2019-11-12,10.05,10.07,9.53,9.77
2019-11-13,9.8,9.97,9.66,9.81
2019-11-14,9.76,9.9,9.63,9.86
2019-11-15,9.9,10.22,9.85,9.88
2019-11-18,9.8,9.83,9.61,9.79
2019-11-19,9.83,10.12,9.8,10.1
2019-11-20,10.07,10.29,9.93,10.15
2019-11-21,10.1,10.19,9.97,10.06
2019-11-22,10.1,10.18,9.75,9.8
2019-11-25,9.73,9.85,9.56,9.74
2019-11-26,9.77,9.81,9.63,9.67
2019-11-27,9.65,9.78,9.6,9.7
2019-11-28,9.64,9.78,9.53,9.55
2019-11-29,9.51,9.54,9.23,9.37
2019-12-02,9.37,9.5,9.29,9.43
2019-12-03,9.32,9.58,9.32,9.55
2019-12-04,9.51,9.75,9.45,9.74
2019-12-05,9.63,9.83,9.63,9.77
2019-12-06,9.74,9.88,9.72,9.8
2019-12-09,9.87,10.18,9.81,10.06
2019-12-10,10.0,10.25,9.93,10.24
2019-12-11,10.2,10.24,10.06,10.09
2019-12-12,10.8,11.1,10.8,11.1
2019-12-13,11.73,12.21,11.55,11.85
2019-12-16,11.88,12.2,11.51,12.04
2019-12-17,11.97,12.47,11.85,12.35
2019-12-18,12.2,12.54,12.1,12.29
2019-12-19,12.21,12.39,11.97,12.12
2019-12-20,12.19,12.26,11.91,12.12
2019-12-23,11.94,12.08,11.5,11.5
2019-12-24,11.76,12.04,11.5,11.94
2019-12-25,12.0,12.95,11.95,12.25
2019-12-26,12.36,12.6,12.08,12.58
2019-12-27,12.39,12.49,12.14,12.2
2019-12-30,12.0,12.18,11.6,11.97
2019-12-31,12.19,12.69,12.07,12.2
2020-01-02,12.29,12.66,12.1,12.41
2020-01-03,12.35,13.23,12.33,12.88
2020-01-06,12.64,12.97,12.51,12.9
2020-01-07,12.93,12.96,12.44,12.78
2020-01-08,12.65,12.65,12.15,12.16
2020-01-09,12.35,12.48,12.16,12.34
2020-01-10,12.36,12.66,12.26,12.42
2020-01-13,12.43,13.16,12.35,13.05
2020-01-14,12.99,13.0,12.56,12.58
2020-01-15,12.4,12.84,12.13,12.8
2020-01-16,12.7,13.75,12.65,13.31
2020-01-17,13.43,13.98,13.32,13.94
2020-01-20,13.81,14.33,13.59,14.06
2020-01-21,13.86,13.99,13.5,13.61
2020-01-22,13.4,14.6,13.26,14.38
2020-01-23,14.01,14.64,13.16,13.44
2020-02-03,12.1,12.1,12.1,12.1
2020-02-04,10.89,12.39,10.89,12.01
2020-02-05,11.98,12.48,11.9,12.03
2020-02-06,11.91,12.55,11.77,12.54
2020-02-07,12.48,12.96,12.25,12.82
2020-02-10,12.58,13.02,12.52,12.86
2020-02-11,12.9,13.33,12.69,13.15
2020-02-12,13.0,14.02,12.92,13.82
2020-02-13,13.71,14.5,13.44,14.1
2020-02-14,14.1,15.51,14.02,15.35
2020-02-17,15.35,15.79,14.98,15.65
2020-02-18,15.7,16.59,15.26,16.1
2020-02-19,15.68,16.48,15.52,15.6
2020-02-20,15.52,15.94,15.1,15.7
2020-02-21,15.66,16.45,15.61,16.3
2020-02-24,16.03,17.11,16.0,16.7
2020-02-25,16.04,16.68,15.16,16.61
2020-02-26,16.2,16.4,15.0,15.1
2020-02-27,15.13,15.49,14.69,15.03
2020-02-28,14.15,14.65,13.55,13.6
2020-03-02,13.96,14.33,13.71,14.2
2020-03-03,14.6,14.9,14.1,14.25
2020-03-04,14.18,14.47,13.73,14.25
2020-03-05,14.65,14.7,14.02,14.28
2020-03-06,13.99,14.16,13.9,14.0
2020-03-09,13.69,13.96,13.06,13.13
2020-03-10,13.1,14.16,13.01,14.16
2020-03-11,14.21,14.27,13.66,13.66
2020-03-12,13.43,14.19,13.4,14.13
2020-03-13,13.65,15.18,13.65,15.1
2020-03-16,15.2,15.78,14.8,15.1
2020-03-17,15.59,15.81,14.22,15.15
2020-03-18,15.38,16.2,15.26,15.45
2020-03-19,15.29,16.18,15.1,16.18
2020-03-20,16.38,16.45,14.83,14.9
2020-03-23,14.01,14.22,13.41,13.41
2020-03-24,13.6,13.76,12.24,13.03
2020-03-25,13.23,13.45,12.95,13.09
2020-03-26,12.96,13.53,12.82,13.18
2020-03-27,13.36,13.46,12.6,12.67
2020-03-30,12.28,12.39,11.76,11.97
2020-03-31,12.27,12.36,11.81,11.98
2020-04-01,12.0,12.47,11.89,12.2
2020-04-02,12.1,12.68,12.01,12.68
2020-04-03,12.51,12.62,12.32,12.44
2020-04-07,12.75,12.78,12.55,12.65
2020-04-08,12.61,13.28,12.56,13.02
2020-04-09,13.07,13.07,12.83,12.93
2020-04-10,12.9,12.91,12.23,12.24
2020-04-13,12.04,12.25,11.92,12.06
2020-04-14,12.2,12.44,12.17,12.41
2020-04-15,12.41,12.68,12.32,12.37
2020-04-16,12.26,12.57,12.07,12.46
2020-04-17,12.56,12.83,12.47,12.49
2020-04-20,12.5,12.72,12.39,12.71
2020-04-21,12.7,12.71,12.42,12.6
2020-04-22,12.44,12.78,12.4,12.71
2020-04-23,12.66,12.69,12.18,12.21
2020-04-24,12.14,12.37,11.76,11.81
2020-04-27,11.8,11.93,11.44,11.6
2020-04-28,11.6,11.85,10.91,11.74
2020-04-29,11.74,12.39,11.69,12.11
2020-04-30,11.99,12.59,11.91,12.47
2020-05-06,12.4,13.0,12.31,12.99
2020-05-07,12.9,13.04,12.69,12.71
2020-05-08,12.85,12.99,12.74,12.88
2020-05-11,12.97,13.38,12.82,12.97
2020-05-12,12.88,13.1,12.61,13.03
2020-05-13,12.92,13.12,12.88,12.95
2020-05-14,12.91,14.25,12.89,13.81
2020-05-15,13.72,14.05,13.51,13.95
2020-05-18,14.48,14.55,13.65,13.79
2020-05-19,13.78,14.27,13.71,14.17
2020-05-20,14.03,14.26,13.45,13.52
2020-05-21,13.59,13.72,13.1,13.17
2020-05-22,13.19,13.38,12.84,13.24
2020-05-25,13.14,13.43,13.03,13.14
2020-05-26,13.18,13.38,13.1,13.38
2020-05-27,13.17,13.25,12.45,12.72
2020-05-28,12.6,12.87,12.45,12.87
2020-05-29,12.74,12.88,12.58,12.58
2020-06-01,12.59,13.25,12.59,13.18
2020-06-02,13.18,13.54,13.09,13.39
2020-06-03,13.41,14.11,13.26,13.91
2020-06-04,13.83,13.89,13.5,13.69
2020-06-05,13.68,13.92,13.58,13.71
2020-06-08,13.75,13.86,13.35,13.41
2020-06-09,13.35,13.63,13.29,13.42
2020-06-10,13.32,13.37,12.95,13.04
2020-06-11,13.03,13.3,12.82,12.99
2020-06-12,12.59,12.92,12.55,12.88
2020-06-15,12.8,13.21,12.68,13.13
2020-06-16,13.25,13.42,13.2,13.31
2020-06-17,13.28,13.44,13.06,13.16
2020-06-18,13.11,13.68,13.06,13.68
2020-06-19,13.6,13.62,13.38,13.47
2020-06-22,13.62,13.93,13.61,13.72
2020-06-23,13.73,13.82,13.55,13.77
2020-06-24,13.75,13.88,13.64,13.81
2020-06-29,13.66,13.73,13.39,13.48
2020-06-30,13.61,14.04,13.57,13.97
2020-07-01,14.09,14.09,13.6,13.81
2020-07-02,13.9,14.65,13.8,14.33
2020-07-03,14.5,14.57,14.16,14.43
2020-07-06,14.55,15.64,14.55,15.4
2020-07-07,15.75,16.4,15.34,15.75
2020-07-08,15.64,16.09,15.28,16.03
2020-07-09,15.9,16.24,15.8,16.05
2020-07-10,15.9,16.74,15.78,16.28
2020-07-13,16.16,17.68,16.08,17.41
2020-07-14,17.1,17.26,15.9,16.52
2020-07-15,16.69,16.8,15.6,15.6
2020-07-16,15.68,16.01,14.57,14.76
2020-07-17,14.72,14.97,14.34,14.53
2020-07-20,14.72,15.17,14.52,15.16
2020-07-21,15.04,15.3,14.82,14.97
2020-07-22,15.18,15.55,15.0,15.08
2020-07-23,14.91,15.47,14.81,15.28
2020-07-24,15.0,15.09,13.93,14.12
2020-07-27,14.12,14.38,13.93,14.19
2020-07-28,14.41,14.62,14.2,14.32
2020-07-29,14.19,14.82,14.11,14.78
2020-07-30,14.78,14.91,14.52,14.57
2020-07-31,14.49,14.91,14.49,14.85
2020-08-03,15.05,15.41,14.85,15.33
2020-08-04,15.39,15.42,14.97,15.02
2020-08-05,15.61,15.7,15.16,15.29
2020-08-06,15.3,16.16,15.08,15.88
2020-08-07,15.74,15.78,15.2,15.55
2020-08-10,15.48,15.8,15.31,15.47
2020-08-11,15.47,15.54,14.65,14.72
2020-08-12,14.65,14.81,14.1,14.5
2020-08-13,14.5,14.58,14.36,14.38
2020-08-14,14.43,14.64,14.31,14.62
2020-08-17,14.71,14.96,14.56,14.91
2020-08-18,14.98,15.07,14.74,14.82
2020-08-19,14.8,14.94,14.39,14.43
2020-08-20,14.3,14.56,14.16,14.39
2020-08-21,14.41,14.59,14.17,14.29
2020-08-24,14.38,14.45,14.07,14.37
2020-08-25,14.91,15.08,14.57,14.83
2020-08-26,14.79,14.81,14.23,14.3
2020-08-27,14.3,14.65,14.25,14.56
2020-08-28,14.55,14.95,14.53,14.9
2020-08-31,15.0,15.06,14.75,14.78
2020-09-01,14.78,14.88,14.62,14.81
2020-09-02,14.94,15.09,14.82,14.98
2020-09-03,14.99,14.99,14.55,14.59
2020-09-04,14.42,15.15,14.3,15.0
2020-09-07,15.18,15.68,14.98,15.12
2020-09-08,14.95,15.5,14.78,15.49
2020-09-09,15.2,15.34,14.7,14.73
2020-09-10,14.86,14.95,13.3,13.42
2020-09-11,13.42,13.61,13.2,13.56
2020-09-14,13.66,14.04,13.59,13.89
2020-09-15,13.8,13.9,13.52,13.77
2020-09-16,13.72,13.87,13.55,13.65
2020-09-17,13.6,13.97,13.54,13.8
2020-09-18,13.75,14.05,13.71,14.01
2020-09-21,14.01,14.18,13.94,14.0
2020-09-22,13.84,13.94,13.58,13.66
2020-09-23,13.77,14.15,13.74,13.93
2020-09-24,13.88,13.92,13.48,13.5
2020-09-25,13.5,13.61,13.2,13.35
2020-09-28,13.35,13.42,13.07,13.07
2020-09-29,13.16,13.39,13.12,13.23
2020-09-30,13.23,13.39,13.2,13.29
2020-10-09,13.55,13.77,13.42,13.68
2020-10-12,13.69,14.18,13.69,14.16
2020-10-13,14.15,14.46,14.02,14.33
2020-10-14,14.28,14.37,14.1,14.18
2020-10-15,14.18,14.4,13.98,14.05
2020-10-16,14.06,14.39,13.9,14.18
2020-10-19,14.09,14.3,13.96,14.09
2020-10-20,14.26,14.66,14.16,14.63
2020-10-21,14.55,14.6,14.25,14.34
2020-10-22,14.33,14.93,14.3,14.76
2020-10-23,14.64,14.87,14.49,14.61
2020-10-26,14.48,14.48,14.04,14.17
2020-10-27,14.12,14.31,14.06,14.25
2020-10-28,14.27,14.32,13.77,14.08
2020-10-29,13.9,13.98,13.7,13.8
2020-10-30,13.88,14.27,13.75,13.76
2020-11-02,13.7,14.08,13.51,14.0
2020-11-03,13.99,14.47,13.97,14.36
2020-11-04,14.3,14.53,14.21,14.49
2020-11-05,14.56,14.64,14.33,14.55
2020-11-06,14.5,14.71,14.43,14.59
2020-11-09,14.65,15.24,14.64,15.12
2020-11-10,15.1,15.41,14.87,15.2
2020-11-11,15.01,15.16,14.6,14.61
2020-11-12,14.7,15.07,14.57,14.93
2020-11-13,14.79,15.52,14.68,15.39
2020-11-16,15.39,15.77,15.1,15.6
2020-11-17,15.45,15.53,14.93,15.18
2020-11-18,15.14,15.32,14.88,15.07
2020-11-19,15.0,15.02,14.7,14.86
2020-11-20,14.85,15.18,14.8,15.16
2020-11-23,15.08,15.09,14.7,14.91
2020-11-24,14.94,15.48,14.91,15.39
2020-11-25,15.38,15.5,14.9,14.9
2020-11-26,14.9,16.12,14.88,15.6
2020-11-27,15.64,15.74,15.06,15.35
2020-11-30,15.35,15.76,15.05,15.35
2020-12-01,15.18,15.25,14.78,15.12
2020-12-02,15.06,15.34,14.9,15.08
2020-12-03,14.96,15.04,14.49,14.52
2020-12-04,14.45,14.75,14.43,14.67
2020-12-07,14.82,15.14,14.73,14.78
2020-12-08,14.65,14.74,14.51,14.59
2020-12-09,14.59,14.66,14.0,14.04
2020-12-10,14.0,14.3,13.92,14.22
2020-12-11,14.22,14.38,14.09,14.3
2020-12-14,14.3,14.42,13.88,14.05
2020-12-15,14.01,14.14,13.95,14.09
2020-12-16,14.1,14.13,13.41,13.51
2020-12-17,13.4,13.8,13.25,13.8
2020-12-18,14.0,14.17,13.78,13.95
2020-12-21,13.81,14.22,13.79,14.2
2020-12-22,14.13,14.2,13.57,13.65
2020-12-23,13.65,14.15,13.64,14.12
2020-12-24,14.16,14.2,13.77,13.83
2020-12-25,13.78,13.89,13.52,13.8
2020-12-28,13.8,13.87,12.95,13.07
2020-12-29,13.07,13.37,12.99,13.05
2020-12-30,12.99,13.28,12.97,13.11
2020-12-31,13.16,13.42,13.12,13.36
2021-01-04,13.35,13.56,13.26,13.5
2021-01-05,13.44,13.67,13.35,13.62
2021-01-06,13.65,13.68,13.1,13.2
2021-01-07,13.25,13.34,12.65,12.78
2021-01-08,12.79,13.06,12.56,12.96
2021-01-11,12.91,13.29,12.8,12.91
2021-01-12,12.82,12.98,12.73,12.92
2021-01-13,12.96,13.23,12.84,13.16
2021-01-14,13.15,13.43,12.9,13.25
2021-01-15,13.38,13.45,12.95,13.05
2021-01-18,13.3,13.65,13.21,13.43
2021-01-19,13.44,13.58,13.3,13.36
2021-01-20,13.41,13.78,13.3,13.74
2021-01-21,13.54,14.33,13.49,14.0
2021-01-22,13.94,13.94,13.43,13.61
2021-01-25,13.46,13.46,12.9,12.94
2021-01-26,12.96,13.24,12.7,13.11
2021-01-27,13.05,13.1,12.59,12.8
2021-01-28,12.61,12.84,12.56,12.58
2021-01-29,12.67,12.75,11.73,11.9
2021-02-01,11.9,12.1,11.73,11.99
2021-02-02,11.98,12.11,11.74,12.1
2021-02-03,12.03,12.19,11.69,11.73
2021-02-04,11.65,11.73,11.01,11.3
2021-02-05,11.3,11.44,10.82,10.87
2021-02-08,10.9,11.1,10.77,11.0
2021-02-09,11.08,11.4,11.02,11.31
2021-02-10,11.39,11.44,11.22,11.33
2021-02-18,11.72,12.27,11.59,11.86
2021-02-19,11.82,12.25,11.8,12.23
2021-02-22,12.5,13.08,12.4,12.62
2021-02-23,12.51,12.83,12.4,12.72
2021-02-24,12.72,12.82,12.45,12.53
2021-02-25,12.61,12.75,12.17,12.26
2021-02-26,12.05,12.45,12.05,12.24
2021-03-01,12.24,12.95,12.23,12.85
2021-03-02,12.87,13.05,12.65,12.84
2021-03-03,12.83,13.17,12.7,13.11
2021-03-04,13.0,13.55,12.95,13.1
2021-03-05,12.81,12.98,12.57,12.71
2021-03-08,12.85,13.11,12.53,12.53
2021-03-09,12.46,12.53,11.78,11.88
2021-03-10,12.01,12.05,11.63,11.72
2021-03-11,11.8,12.24,11.71,12.2
2021-03-12,12.26,12.4,12.12,12.19
2021-03-15,12.12,12.38,11.98,12.1
2021-03-16,12.16,12.22,11.82,11.94
2021-03-17,11.97,12.01,11.77,11.86
2021-03-18,11.89,11.93,11.48,11.51
2021-03-19,11.44,11.62,11.38,11.48
2021-03-22,11.51,11.65,11.37,11.63
2021-03-23,11.63,11.75,11.42,11.47
2021-03-24,11.4,11.62,11.36,11.46
2021-03-25,11.44,11.65,11.42,11.48
2021-03-26,11.57,11.7,11.45,11.65
2021-03-29,11.68,11.7,11.49,11.52
2021-03-30,11.48,11.59,11.22,11.57
2021-03-31,11.5,11.51,11.28,11.33
2021-04-01,11.42,11.5,11.33,11.44
2021-04-02,11.5,11.98,11.5,11.94
2021-04-06,12.05,12.1,11.74,11.84
2021-04-07,11.84,11.91,11.72,11.89
2021-04-08,11.86,11.92,11.76,11.78
2021-04-09,11.81,11.89,11.73,11.81
2021-04-12,11.81,11.82,11.33,11.36
2021-04-13,11.36,11.42,11.21,11.23
2021-04-14,11.28,11.37,11.2,11.35
2021-04-15,11.34,11.43,11.21,11.43
2021-04-16,11.42,11.5,11.33,11.43
2021-04-19,11.45,11.66,11.38,11.64
2021-04-20,11.57,11.7,11.5,11.52
2021-04-21,11.46,11.5,11.35,11.41
2021-04-22,11.47,11.61,11.44,11.48
2021-04-23,11.5,11.5,11.3,11.37
2021-04-26,11.39,11.64,11.34,11.48
2021-04-27,11.47,11.53,11.28,11.37
2021-04-28,11.7,11.76,11.5,11.59
2021-04-29,11.63,11.82,11.56,11.77
2021-04-30,11.7,11.72,11.57,11.64
2021-05-06,11.64,11.95,11.6,11.95
2021-05-07,11.99,12.07,11.81,11.85
2021-05-10,11.91,12.06,11.7,12.06
2021-05-11,11.92,11.96,11.69,11.85
2021-05-12,11.8,11.92,11.75,11.92
2021-05-13,11.8,11.88,11.63,11.65
2021-05-14,11.73,11.81,11.6,11.77
2021-05-17,11.81,12.05,11.76,11.93
2021-05-18,11.94,12.35,11.85,12.32
2021-05-19,12.2,12.52,12.08,12.43
2021-05-20,12.49,12.55,12.0,12.07
2021-05-21,12.02,12.35,11.91,11.92
2021-05-24,11.84,12.0,11.78,11.98
2021-05-25,12.02,12.1,11.9,12.08
2021-05-26,12.06,12.17,11.97,12.04
2021-05-27,12.01,12.45,11.96,12.35
2021-05-28,12.76,12.97,12.25,12.27
2021-05-31,12.47,13.5,12.43,13.5
2021-06-01,13.4,13.48,13.13,13.29
2021-06-02,13.6,13.7,13.2,13.48
2021-06-03,13.26,13.4,13.04,13.05
2021-06-04,13.05,13.33,12.9,13.17
2021-06-07,13.31,14.18,13.29,13.69
2021-06-08,13.7,13.74,13.12,13.28
2021-06-09,13.28,13.55,13.17,13.31
2021-06-10,13.31,13.64,13.22,13.58
2021-06-11,13.45,13.55,12.9,12.96
2021-06-15,12.96,13.09,12.82,13.05
2021-06-16,12.98,13.25,12.72,12.79
2021-06-17,12.7,13.51,12.68,13.41
2021-06-18,13.3,13.88,13.26,13.75
2021-06-21,13.81,14.02,13.61,13.87
2021-06-22,13.81,13.88,13.55,13.84
2021-06-23,13.99,14.63,13.95,14.05
2021-06-24,14.0,14.6,13.95,14.06
2021-06-25,13.9,14.33,13.77,14.28
2021-06-28,14.22,14.51,14.06,14.14
2021-06-29,14.03,14.07,13.74,13.93
2021-06-30,13.92,14.39,13.91,14.3
2021-07-01,14.24,14.38,13.5,13.5
2021-07-02,13.56,14.68,13.5,14.14
2021-07-05,14.29,14.44,13.99,14.37
2021-07-06,14.21,14.26,13.73,14.06
2021-07-07,13.88,15.0,13.73,14.86
2021-07-08,14.8,15.08,14.71,14.88
2021-07-09,14.82,15.34,14.62,15.15
2021-07-12,15.19,15.38,14.88,15.1
2021-07-13,15.03,15.03,14.63,14.85
2021-07-14,14.87,14.87,14.4,14.52
2021-07-15,14.46,14.84,14.06,14.69
2021-07-16,14.52,15.22,14.48,14.7
2021-07-19,14.6,15.42,14.5,14.87
2021-07-20,14.57,15.75,14.5,15.6
2021-07-21,15.49,15.76,15.25,15.49
2021-07-22,15.5,16.0,15.38,15.84
2021-07-23,15.74,16.25,15.53,15.77
2021-07-26,15.85,16.06,14.9,15.47
2021-07-27,15.4,16.44,15.38,15.6
2021-07-28,15.3,15.56,14.4,14.57
2021-07-29,14.89,16.03,14.8,16.03
2021-07-30,16.55,16.96,16.13,16.57
2021-08-02,16.7,16.88,16.18,16.49
2021-08-03,16.22,16.49,15.38,15.6
2021-08-04,15.46,16.28,15.42,16.28
2021-08-05,16.11,16.2,15.75,15.85
2021-08-06,15.99,16.68,15.86,16.47
2021-08-09,16.18,16.35,15.87,16.3
2021-08-10,16.28,16.86,16.22,16.8
2021-08-11,16.77,16.96,16.51,16.71
2021-08-12,16.68,17.13,16.55,16.99
2021-08-13,16.82,17.02,16.31,16.45
2021-08-16,16.41,16.65,16.12,16.51
2021-08-17,16.38,16.51,15.6,15.77
2021-08-18,15.88,16.08,14.72,15.15
2021-08-19,15.15,15.33,14.9,15.02
2021-08-20,15.09,16.1,14.77,15.89
2021-08-23,15.93,17.18,15.93,17.07
2021-08-24,16.46,16.64,16.11,16.24
2021-08-25,16.36,16.45,15.72,16.04
2021-08-26,16.08,16.46,15.87,15.9
2021-08-27,15.84,16.3,15.43,16.08
2021-08-30,16.06,16.51,16.0,16.33
2021-08-31,16.2,16.2,15.73,16.17
2021-09-01,16.21,16.25,14.81,15.23
2021-09-02,15.07,15.53,15.07,15.31
2021-09-03,15.3,15.65,15.0,15.16
2021-09-06,15.1,15.23,14.48,14.99
2021-09-07,14.99,15.21,14.86,15.13
2021-09-08,15.07,15.19,14.82,14.83
2021-09-09,14.7,14.99,14.5,14.66
2021-09-10,14.65,15.14,14.63,14.93
2021-09-13,14.89,15.29,14.8,14.95
2021-09-14,15.09,15.59,15.02,15.32
2021-09-15,15.3,15.63,15.22,15.29
2021-09-16,15.17,15.36,14.43,14.43
2021-09-17,14.35,14.5,13.82,14.02
2021-09-22,13.75,14.45,13.7,14.31
2021-09-23,14.26,14.55,14.21,14.4
2021-09-24,14.5,14.82,14.0,14.06
2021-09-27,14.11,14.23,13.3,13.52
2021-09-28,13.58,13.72,13.37,13.4
2021-09-29,13.28,13.39,12.83,12.91
2021-09-30,12.98,13.29,12.96,13.12
2021-10-08,13.27,13.55,13.26,13.45
2021-10-11,13.5,13.52,13.25,13.4
2021-10-12,13.4,13.4,12.89,13.06
2021-10-13,13.08,13.2,12.96,13.18
2021-10-14,13.1,13.37,13.05,13.32
2021-10-15,13.35,13.55,13.23,13.47
2021-10-18,13.41,13.56,13.25,13.55
2021-10-19,13.49,13.67,13.45,13.64
2021-10-20,13.65,13.77,13.51,13.61
2021-10-21,13.66,13.74,13.45,13.51
2021-10-22,13.51,13.85,13.48,13.63
2021-10-25,13.61,13.69,13.44,13.62
2021-10-26,13.65,14.22,13.64,14.22
2021-10-27,14.22,14.22,13.82,13.94
2021-10-28,13.5,13.5,12.55,12.67
2021-10-29,12.58,12.8,12.22,12.8
2021-11-01,12.69,13.02,12.63,12.93
2021-11-02,12.99,13.14,12.65,12.79
2021-11-03,12.76,12.91,12.66,12.83
2021-11-04,12.88,13.06,12.81,13.01
2021-11-05,13.1,13.19,12.9,13.01
2021-11-08,13.0,13.14,12.74,12.88
2021-11-09,12.8,13.18,12.8,13.13
2021-11-10,13.13,13.24,13.03,13.24
2021-11-11,13.18,13.72,13.15,13.56
2021-11-12,13.48,13.83,13.43,13.76
2021-11-15,13.7,13.79,13.57,13.71
2021-11-16,13.66,13.84,13.52,13.56
2021-11-17,13.51,13.94,13.51,13.85
2021-11-18,13.81,14.05,13.76,13.77
2021-11-19,13.67,14.42,13.67,14.4
2021-11-22,14.39,15.04,14.3,14.72
2021-11-23,14.72,15.58,14.69,15.17
2021-11-24,15.63,15.68,15.17,15.25
2021-11-25,15.4,16.0,15.18,15.79
2021-11-26,15.69,15.91,15.49,15.71
2021-11-29,15.6,16.18,15.5,15.9
2021-11-30,15.94,16.11,15.51,15.99
2021-12-01,16.04,16.67,15.91,16.45
2021-12-02,16.51,16.55,15.89,16.06
2021-12-03,16.29,16.54,16.12,16.18
2021-12-06,16.11,16.4,15.91,15.98
2021-12-07,16.12,16.37,15.33,15.64
2021-12-08,15.85,17.2,15.7,16.2
2021-12-09,16.0,16.1,15.55,15.6
2021-12-10,15.62,16.14,15.43,15.96
2021-12-13,15.85,15.94,15.52,15.8
2021-12-14,15.79,15.85,15.55,15.65
2021-12-15,15.65,16.53,15.58,16.08
2021-12-16,16.01,16.37,15.93,16.33
2021-12-17,16.16,16.28,15.36,15.83
2021-12-20,15.65,15.86,15.2,15.45
2021-12-21,15.44,15.89,15.4,15.6
2021-12-22,15.6,16.37,15.41,16.25
2021-12-23,16.2,16.33,16.03,16.27
2021-12-24,16.25,16.27,15.71,16.05
2021-12-27,16.05,16.65,15.95,16.3
2021-12-28,16.33,16.54,15.98,16.26
2021-12-29,16.26,16.28,15.74,15.9
2021-12-30,15.9,17.49,15.88,17.49
2021-12-31,17.63,17.63,16.25,16.38
2022-01-04,16.38,16.45,15.46,15.84
2022-01-05,15.84,15.84,15.16,15.24
2022-01-06,15.15,15.6,15.14,15.46
2022-01-07,15.35,15.55,15.03,15.04
2022-01-10,15.04,15.35,14.92,15.23
2022-01-11,15.21,15.48,15.08,15.16
2022-01-12,15.28,15.49,15.26,15.39
2022-01-13,15.36,15.39,14.69,14.78
2022-01-14,14.69,14.9,14.58,14.61
2022-01-17,14.7,15.3,14.66,15.27
2022-01-18,15.17,15.46,15.1,15.23
2022-01-19,15.1,15.23,14.85,14.94
2022-01-20,14.94,15.26,14.28,14.34
2022-01-21,14.32,14.52,14.06,14.37
2022-01-24,14.3,14.63,14.15,14.51
2022-01-25,14.4,14.61,14.1,14.1
2022-01-26,14.16,14.68,14.12,14.64
2022-01-27,14.63,14.7,14.09,14.09
2022-01-28,14.22,14.28,13.56,13.91
2022-02-07,14.06,14.38,14.03,14.23
2022-02-08,14.19,14.27,13.81,14.27
2022-02-09,14.22,14.64,14.08,14.61
2022-02-10,14.58,14.65,14.3,14.38
2022-02-11,14.33,14.38,13.85,13.94
2022-02-14,13.86,14.09,13.74,13.98
2022-02-15,13.95,14.33,13.94,14.3
2022-02-16,14.5,14.65,14.3,14.57
2022-02-17,14.59,14.96,14.44,14.73
2022-02-18,14.66,14.92,14.59,14.79
2022-02-21,14.79,14.94,14.6,14.8
2022-02-22,14.69,14.89,14.5,14.77
2022-02-23,14.85,15.82,14.8,15.6
2022-02-24,15.51,15.67,15.0,15.24
2022-02-25,15.49,15.63,15.24,15.32
2022-02-28,15.32,15.7,15.26,15.49
2022-03-01,15.51,15.61,15.25,15.37
2022-03-02,15.32,15.36,15.1,15.25
2022-03-03,15.35,15.38,14.94,15.02
2022-03-04,14.96,15.16,14.7,14.82
2022-03-07,14.72,14.86,14.3,14.45
2022-03-08,14.47,14.86,14.03,14.37
2022-03-09,14.41,14.72,13.73,14.25
2022-03-10,14.65,14.71,14.15,14.19
2022-03-11,13.97,13.98,12.85,13.37
2022-03-14,13.13,13.25,12.94,12.99
2022-03-15,12.88,13.35,12.68,12.72
2022-03-16,12.94,13.54,12.77,13.47
2022-03-17,13.67,14.44,13.59,14.02
2022-03-18,13.95,14.28,13.85,14.07
2022-03-21,14.1,14.1,13.78,14.02
2022-03-22,13.99,14.02,13.74,13.85
2022-03-23,13.89,14.03,13.78,13.96
2022-03-24,13.85,13.92,13.56,13.62
2022-03-25,13.74,13.78,13.42,13.43
2022-03-28,13.3,13.44,13.09,13.29
2022-03-29,13.34,13.49,13.03,13.07
2022-03-30,13.63,14.38,13.63,14.38
2022-03-31,14.96,15.82,14.93,15.74
2022-04-01,15.6,15.78,15.3,15.7
2022-04-06,15.62,15.62,14.98,15.2
2022-04-07,15.01,15.17,14.5,14.52
2022-04-08,14.59,15.05,14.37,14.9
2022-04-11,14.72,14.95,14.18,14.25
2022-04-12,14.26,14.35,13.81,14.33
2022-04-13,14.26,14.35,13.92,14.05
2022-04-14,14.17,14.68,14.1,14.5
2022-04-15,14.3,14.33,13.98,14.18
2022-04-18,14.0,14.5,13.66,14.13
2022-04-19,14.22,15.18,14.13,14.75
2022-04-20,14.75,15.15,14.6,14.8
2022-04-21,14.67,15.15,14.3,14.43
2022-04-22,14.37,15.04,13.86,13.93
2022-04-25,13.39,13.63,12.86,12.88
2022-04-26,12.98,13.61,12.62,13.0
2022-04-27,12.72,13.8,12.47,13.73
2022-04-28,13.5,13.5,12.79,13.03
2022-04-29,13.2,13.75,12.98,13.68
2022-05-05,13.63,13.96,13.5,13.83
2022-05-06,13.5,13.57,13.08,13.22
2022-05-09,13.03,13.52,13.03,13.32
2022-05-10,12.97,14.31,12.95,14.12
2022-05-11,14.09,15.25,14.07,14.69
2022-05-12,14.7,15.14,14.6,14.92
2022-05-13,14.9,15.13,14.83,14.94
2022-05-16,15.05,15.4,14.94,15.07
2022-05-17,15.0,15.9,14.95,15.79
2022-05-18,15.69,16.13,15.67,15.87
2022-05-19,15.6,16.46,15.57,16.44
2022-05-20,16.44,16.45,16.12,16.24
2022-05-23,16.27,16.76,16.19,16.56
2022-05-24,16.5,16.91,16.01,16.1
2022-05-25,16.2,17.13,16.2,16.99
2022-05-26,16.79,16.91,16.31,16.65
2022-05-27,16.75,17.22,16.73,16.87
2022-05-30,16.96,17.09,16.58,16.84
2022-05-31,16.84,17.37,16.73,17.3
2022-06-01,17.1,17.24,16.89,17.09
2022-06-02,17.1,17.34,16.9,17.17
2022-06-06,17.26,18.11,17.17,17.9
2022-06-07,17.68,17.87,17.3,17.5
2022-06-08,17.54,17.71,16.84,17.36
2022-06-09,17.3,17.53,16.88,17.1
2022-06-10,16.96,17.95,16.8,17.8
2022-06-13,17.72,17.8,17.37,17.68
2022-06-14,17.51,17.54,16.68,17.4
2022-06-15,17.4,17.92,17.21,17.21
2022-06-16,17.18,18.93,17.18,18.55
2022-06-17,18.49,18.66,18.04,18.39
2022-06-20,18.3,18.91,18.26,18.41
2022-06-21,18.35,18.58,17.88,18.27
2022-06-22,18.26,18.68,18.05,18.08
2022-06-23,18.06,18.83,18.03,18.71
2022-06-24,18.81,19.19,18.52,18.7
2022-06-27,18.75,18.82,18.14,18.64
2022-06-28,18.7,19.28,18.5,19.18
2022-06-29,18.95,19.12,18.08,18.16
2022-06-30,18.2,19.78,18.2,19.34
2022-07-01,19.49,19.62,18.76,18.81
2022-07-04,18.62,18.64,17.79,18.31
2022-07-05,18.3,18.86,17.7,18.18
2022-07-06,18.07,18.76,17.99,18.38
2022-07-07,18.39,18.54,17.83,18.49
2022-07-08,18.15,18.19,16.78,16.85
2022-07-11,16.85,17.27,16.7,16.98
2022-07-12,16.95,17.42,16.55,16.64
2022-07-13,16.65,16.75,16.08,16.2
2022-07-14,16.2,16.3,16.05,16.17
2022-07-15,16.13,16.96,16.11,16.49
2022-07-18,16.54,16.71,16.07,16.36
2022-07-19,16.34,16.72,16.23,16.5
2022-07-20,17.1,17.25,16.58,16.77
2022-07-21,16.67,17.1,16.51,16.66
2022-07-22,16.7,16.85,16.05,16.26
2022-07-25,16.19,16.53,15.99,16.08
2022-07-26,16.0,16.39,15.8,16.31
2022-07-27,16.29,16.71,16.22,16.6
2022-07-28,16.9,16.9,16.41,16.46
2022-07-29,16.46,16.56,16.14,16.22
2022-08-01,16.12,16.59,15.9,16.51
2022-08-02,16.33,16.46,15.58,16.13
2022-08-03,16.11,17.14,16.11,16.52
2022-08-04,16.7,16.96,16.45,16.69
2022-08-05,16.67,17.8,16.65,17.69
2022-08-08,17.6,17.68,17.24,17.49
2022-08-09,17.35,18.22,17.12,18.2
2022-08-10,17.85,18.43,17.65,18.2
2022-08-11,18.12,18.65,17.95,18.28
2022-08-12,18.04,18.55,17.73,17.76
2022-08-15,17.76,18.12,17.67,17.77
2022-08-16,17.85,18.29,17.5,17.88
2022-08-17,17.88,18.25,17.69,18.11
2022-08-18,18.0,18.49,17.94,18.3
2022-08-19,18.3,18.59,17.61,17.64
2022-08-22,17.62,17.92,17.37,17.52
2022-08-23,17.44,17.65,17.12,17.21
2022-08-24,17.21,17.27,15.59,15.65
2022-08-25,15.71,15.79,14.93,15.12
2022-08-26,15.15,15.37,14.97,14.98
2022-08-29,14.75,14.88,14.45,14.7
2022-08-30,14.76,14.81,14.46,14.64
2022-08-31,14.66,14.67,14.15,14.25
2022-09-01,14.36,14.49,14.12,14.18
2022-09-02,14.25,14.42,14.17,14.41
2022-09-05,14.35,14.58,14.27,14.43
2022-09-06,14.48,14.65,14.31,14.63
2022-09-07,14.57,15.18,14.52,15.17
2022-09-08,15.08,15.17,14.8,14.83
2022-09-09,14.8,14.9,14.45,14.78
2022-09-13,14.78,14.97,14.69,14.76
2022-09-14,14.41,14.71,14.35,14.55
2022-09-15,14.68,14.72,13.78,13.99
2022-09-16,13.98,14.22,13.83,13.85
2022-09-19,13.79,14.07,13.47,13.61
2022-09-20,13.7,13.88,13.58,13.71
2022-09-21,13.8,14.05,13.66,13.95
2022-09-22,13.87,14.14,13.81,13.98
2022-09-23,13.95,13.95,13.3,13.54
2022-09-26,13.37,13.72,13.36,13.55
2022-09-27,13.5,14.1,13.33,14.09
2022-09-28,13.95,14.1,13.66,13.68
2022-09-29,13.85,14.12,13.78,14.01
2022-09-30,13.99,13.99,13.42,13.45
2022-10-10,13.4,13.4,12.11,12.24
2022-10-11,12.26,12.64,12.11,12.5
2022-10-12,12.51,13.13,12.19,13.08
2022-10-13,12.9,13.18,12.83,12.85
2022-10-14,12.96,13.18,12.89,13.12
2022-10-17,12.94,13.31,12.92,13.26
2022-10-18,13.34,13.35,12.97,13.09
2022-10-19,13.06,13.2,12.96,13.0
2022-10-20,12.94,13.58,12.75,13.33
2022-10-21,13.33,13.37,13.06,13.08
2022-10-24,13.1,13.48,13.04,13.19
2022-10-25,13.1,13.26,12.82,12.97
2022-10-26,13.07,13.38,12.93,13.28
2022-10-27,13.31,13.64,13.28,13.43
2022-10-28,13.31,13.59,12.84,12.84
2022-10-31,12.85,13.37,12.82,13.21
2022-11-01,13.17,13.5,13.08,13.48
2022-11-02,13.44,13.73,13.4,13.65
2022-11-03,13.5,14.03,13.45,14.0
2022-11-04,13.92,14.19,13.87,14.15
2022-11-07,14.1,14.29,13.95,14.06
2022-11-08,14.1,14.16,13.77,13.91
2022-11-09,13.9,13.95,13.76,13.8
2022-11-10,13.7,13.83,13.52,13.58
2022-11-11,13.88,13.95,13.73,13.75
2022-11-14,13.7,13.9,13.53,13.67
2022-11-15,13.55,14.15,13.55,14.12
2022-11-16,14.1,14.15,13.83,13.85
2022-11-17,13.79,14.11,13.62,14.11
2022-11-18,14.09,14.28,13.87,13.89
2022-11-21,13.73,13.96,13.73,13.9
2022-11-22,13.98,14.0,13.62,13.66
2022-11-23,13.68,14.05,13.53,13.93
2022-11-24,13.95,13.99,13.75,13.9
2022-11-25,13.88,13.96,13.68,13.69
2022-11-28,13.5,13.5,13.19,13.33
2022-11-29,13.35,13.9,13.32,13.82
2022-11-30,13.85,13.91,13.63,13.68
2022-12-01,13.78,14.04,13.72,13.79
2022-12-02,13.79,13.95,13.71,13.8
2022-12-05,13.9,14.1,13.82,14.08
2022-12-06,14.0,14.2,13.99,14.09
2022-12-07,14.1,14.12,13.91,13.98
2022-12-08,13.95,13.99,13.71,13.74
2022-12-09,13.76,13.83,13.67,13.75
2022-12-12,13.66,13.79,13.42,13.66
2022-12-13,13.66,13.73,13.55,13.57
2022-12-14,13.85,14.03,13.63,13.66
2022-12-15,13.55,14.04,13.48,13.87
2022-12-16,13.85,13.85,13.58,13.62
2022-12-19,13.6,13.65,13.07,13.12
2022-12-20,13.1,13.29,13.08,13.11
2022-12-21,13.03,13.16,12.78,12.85
2022-12-22,12.88,12.94,12.56,12.61
2022-12-23,12.58,12.67,12.39,12.53
2022-12-26,12.54,12.77,12.5,12.72
2022-12-27,12.72,12.94,12.69,12.94
2022-12-28,12.9,12.9,12.71,12.84
2022-12-29,12.79,12.93,12.75,12.8
2022-12-30,12.9,12.9,12.72,12.84
2023-01-03,12.83,13.15,12.75,13.11
2023-01-04,13.09,13.29,12.97,13.13
2023-01-05,13.07,13.24,13.03,13.19
2023-01-06,13.2,13.37,13.14,13.21
2023-01-09,13.26,13.34,13.19,13.23
2023-01-10,13.28,13.32,13.17,13.22
2023-01-11,13.22,13.42,12.99,12.99
2023-01-12,13.09,13.13,12.93,13.04
2023-01-13,13.11,13.13,12.87,13.03
2023-01-16,13.03,13.3,13.01,13.24
2023-01-17,13.29,13.42,13.23,13.31
2023-01-18,13.32,13.45,13.25,13.38
2023-01-19,13.38,13.56,13.3,13.54
2023-01-20,13.55,13.7,13.51,13.67
2023-01-30,13.88,13.88,13.7,13.74
2023-01-31,13.71,13.82,13.65,13.79
2023-02-01,13.8,14.25,13.79,14.17
2023-02-02,14.17,14.32,14.06,14.07
2023-02-03,14.06,14.2,13.86,14.13
2023-02-06,14.05,14.09,13.9,13.93
2023-02-07,13.93,14.03,13.89,14.0
2023-02-08,14.0,14.12,13.79,13.84
2023-02-09,13.78,14.28,13.78,14.26
2023-02-10,14.27,14.42,14.09,14.24
2023-02-13,14.31,14.53,14.2,14.45
2023-02-14,14.45,14.58,14.33,14.4
2023-02-15,14.44,14.52,14.28,14.47
2023-02-16,14.48,14.52,13.91,14.02
2023-02-17,14.04,14.12,13.78,13.79
2023-02-20,13.75,14.02,13.63,13.97
2023-02-21,14.01,14.15,13.93,14.04
2023-02-22,13.94,13.98,13.86,13.96
2023-02-23,13.95,14.02,13.78,13.88
2023-02-24,13.91,13.97,13.73,13.85
2023-02-27,13.71,13.88,13.49,13.88
2023-02-28,13.71,13.71,13.44,13.62
2023-03-01,13.58,14.11,13.55,14.08
2023-03-02,14.05,14.09,13.77,13.77
2023-03-03,13.9,14.03,13.84,13.98
2023-03-06,14.03,14.23,13.86,14.16
2023-03-07,14.19,14.23,13.84,13.88
2023-03-08,13.85,14.07,13.81,13.97
2023-03-09,13.99,14.33,13.99,14.19
2023-03-10,14.09,14.32,13.97,14.24
2023-03-13,14.26,14.35,14.02,14.29
2023-03-14,14.2,14.57,13.85,14.49
2023-03-15,14.48,15.14,14.4,14.98
2023-03-16,14.8,15.14,14.7,14.72
2023-03-17,14.91,15.07,14.71,14.95
2023-03-20,14.91,15.51,14.86,15.08
2023-03-21,15.09,15.43,14.8,14.99
2023-03-22,14.9,15.05,14.75,14.98
2023-03-23,14.9,15.44,14.85,15.39
2023-03-24,15.27,15.43,15.11,15.24
2023-03-27,15.27,15.58,15.12,15.46
2023-03-28,15.39,15.45,14.74,14.74
2023-03-29,14.75,15.13,14.69,14.86
2023-03-30,14.86,15.18,14.86,14.94
2023-03-31,14.91,15.08,14.83,15.01
2023-04-03,15.08,15.38,15.08,15.33
2023-04-04,15.25,15.91,15.22,15.74
2023-04-06,15.8,16.5,15.74,16.24
2023-04-07,16.16,16.3,15.84,16.04
2023-04-10,16.04,16.13,15.48,15.63
2023-04-11,15.7,15.85,15.43,15.78
2023-04-12,15.7,15.93,15.52,15.84
2023-04-13,15.75,15.75,15.13,15.19
2023-04-14,15.33,15.69,15.05,15.65
2023-04-17,15.67,15.78,15.43,15.51
2023-04-18,15.45,15.5,15.08,15.24
2023-04-19,15.29,15.56,15.2,15.27
2023-04-20,15.25,15.7,15.15,15.7
2023-04-21,15.7,15.71,14.74,14.77
2023-04-24,14.7,14.82,14.2,14.32
2023-04-25,14.37,14.42,13.82,14.0
2023-04-26,13.92,14.11,13.88,14.09
2023-04-27,14.0,14.21,13.94,14.09
2023-04-28,13.5,13.75,13.1,13.74
2023-05-04,13.6,13.64,13.19,13.24
2023-05-05,13.24,13.33,13.02,13.12
2023-05-08,13.23,13.53,13.23,13.4
2023-05-09,13.48,13.62,13.3,13.42
2023-05-10,13.4,13.48,13.24,13.46
2023-05-11,13.5,13.57,13.41,13.43
2023-05-12,13.45,13.53,13.31,13.32
2023-05-15,13.4,13.5,13.18,13.5
2023-05-16,13.49,13.53,13.32,13.39
2023-05-17,13.4,13.51,13.35,13.45
2023-05-18,13.7,13.7,13.46,13.57
2023-05-19,13.57,13.7,13.52,13.68
2023-05-22,13.71,13.75,13.51,13.6
2023-05-23,13.63,13.64,13.33,13.38
2023-05-24,13.37,13.55,13.31,13.39
2023-05-25,13.39,13.49,13.18,13.36
2023-05-26,13.42,13.48,13.29,13.4
2023-05-29,13.32,13.43,13.2,13.29
2023-05-30,13.27,13.27,12.96,13.23
2023-05-31,13.2,13.4,13.16,13.36
2023-06-01,13.3,13.47,13.2,13.45
2023-06-02,13.46,13.59,13.43,13.54
2023-06-05,13.56,13.66,13.46,13.49
2023-06-06,13.5,13.5,13.08,13.13
2023-06-07,13.13,13.27,13.07,13.12
2023-06-08,13.15,13.15,12.7,12.71
2023-06-09,12.7,12.8,12.53,12.78
2023-06-12,12.78,12.9,12.73,12.85
2023-06-13,12.86,13.08,12.78,13.01
2023-06-14,13.0,13.08,12.92,12.94
2023-06-15,12.94,13.11,12.9,13.1
2023-06-16,13.1,13.22,13.01,13.17
2023-06-19,13.15,13.45,13.12,13.37
2023-06-20,13.35,13.52,13.31,13.31
2023-06-21,13.25,13.31,13.05,13.05
2023-06-26,13.0,13.0,12.71,12.8
2023-06-27,12.78,12.87,12.67,12.79
2023-06-28,12.85,12.86,12.46,12.72
2023-06-29,12.69,13.0,12.65,12.94
2023-06-30,12.87,13.14,12.85,13.14
2023-07-03,13.17,13.3,13.11,13.16
2023-07-04,13.91,14.24,13.63,13.7
2023-07-05,13.7,14.61,13.59,14.6
2023-07-06,14.14,14.24,13.98,14.07
2023-07-07,14.0,14.2,13.88,14.15
2023-07-10,14.2,14.24,13.9,14.01
2023-07-11,14.01,14.02,13.72,13.95
2023-07-12,13.89,13.91,13.69,13.79
2023-07-13,13.98,13.98,13.81,13.89
2023-07-14,13.91,14.0,13.69,13.75
2023-07-17,13.55,13.55,13.14,13.27
2023-07-18,13.3,13.42,13.23,13.25
2023-07-19,13.2,13.32,13.12,13.28
2023-07-20,13.28,13.31,13.07,13.07
2023-07-21,13.08,13.15,12.92,13.04
2023-07-24,13.06,13.15,12.99,13.09
2023-07-25,13.18,13.31,13.15,13.3
2023-07-26,13.26,13.35,13.18,13.22
2023-07-27,13.22,13.27,13.1,13.14
2023-07-28,13.12,13.31,13.05,13.27
2023-07-31,13.28,13.42,13.26,13.34
2023-08-01,13.34,13.4,13.21,13.39
2023-08-02,13.43,13.5,13.27,13.28
2023-08-03,13.22,13.42,13.19,13.35
2023-08-04,13.31,13.45,13.26,13.27
2023-08-07,13.27,13.37,13.18,13.2
2023-08-08,13.15,13.23,13.09,13.13
2023-08-09,13.09,13.15,12.92,12.97
2023-08-10,12.95,13.05,12.93,13.0
2023-08-11,13.01,13.02,12.73,12.73
2023-08-14,12.73,12.84,12.63,12.81
2023-08-15,12.8,12.87,12.68,12.85
2023-08-16,12.84,12.97,12.77,12.78
2023-08-17,12.75,12.76,12.62,12.73
2023-08-18,12.69,12.75,12.48,12.5
2023-08-21,12.5,12.59,12.41,12.42
2023-08-22,12.44,12.55,12.2,12.41
2023-08-23,12.37,12.37,12.08,12.1
2023-08-24,12.18,12.22,12.03,12.04
2023-08-25,12.05,12.1,11.6,11.65
2023-08-28,12.24,12.35,11.66,11.7
2023-08-29,11.72,12.13,11.7,12.06
2023-08-30,12.06,12.34,12.06,12.19
2023-08-31,12.17,12.27,12.11,12.22
2023-09-01,12.19,12.27,12.14,12.21
2023-09-04,12.22,12.42,12.15,12.4
2023-09-05,12.41,12.52,12.36,12.47
2023-09-06,12.38,12.83,12.38,12.79
2023-09-07,12.7,12.75,12.49,12.5
2023-09-08,12.45,12.73,12.43,12.64
2023-09-11,12.7,12.75,12.52,12.7
2023-09-12,12.7,12.74,12.58,12.6
2023-09-13,12.59,12.6,12.3,12.46
2023-09-14,12.47,12.47,12.3,12.37
2023-09-15,12.39,12.63,12.34,12.49
2023-09-18,12.45,12.47,12.3,12.35
2023-09-19,12.36,12.38,12.12,12.2
2023-09-20,12.16,12.29,12.06,12.06
2023-09-21,12.01,12.12,11.96,12.02
2023-09-22,12.08,12.24,11.97,12.24
2023-09-25,12.25,12.29,12.02,12.06
2023-09-26,12.05,12.08,11.93,11.96
2023-09-27,11.94,12.11,11.9,11.9
2023-09-28,11.92,12.07,11.85,12.06
2023-10-09,12.05,12.06,11.84,11.94
2023-10-10,11.99,12.18,11.95,12.12
2023-10-11,12.11,12.31,12.05,12.22
2023-10-12,12.25,12.34,12.14,12.34
2023-10-13,12.25,12.39,12.22,12.35
2023-10-16,12.34,12.36,12.01,12.13
2023-10-17,12.1,12.24,12.0,12.15
2023-10-18,12.09,12.15,11.86,11.87
2023-10-19,11.99,12.5,11.87,12.22
2023-10-20,12.17,12.39,11.96,12.08
2023-10-23,12.08,12.08,11.68,11.79
2023-10-24,11.75,12.03,11.38,11.98
2023-10-25,11.97,12.15,11.9,12.09
2023-10-26,12.0,12.21,11.96,12.17
2023-10-27,12.08,12.44,12.08,12.4
2023-10-30,12.29,12.65,12.26,12.59
2023-10-31,12.6,12.67,12.44,12.54
2023-11-01,12.54,12.66,12.5,12.58
2023-11-02,12.59,12.64,12.4,12.43
2023-11-03,12.46,12.72,12.43,12.66
2023-11-06,13.0,13.14,12.84,13.04
2023-11-07,12.97,13.25,12.97,13.17
2023-11-08,13.22,13.24,12.98,13.04
2023-11-09,13.11,14.13,13.08,13.49
2023-11-10,13.4,13.74,13.23,13.4
2023-11-13,13.53,13.67,13.2,13.3
2023-11-14,13.37,13.39,13.2,13.28
2023-11-15,13.47,13.48,13.19,13.27
2023-11-16,13.27,13.3,13.05,13.09
2023-11-17,13.09,13.23,13.0,13.16
2023-11-20,13.14,13.28,13.12,13.27
2023-11-21,13.38,13.38,13.11,13.14
2023-11-22,13.1,13.2,12.88,12.93
2023-11-23,12.88,13.08,12.86,13.07
2023-11-24,13.01,13.03,12.81,12.86
2023-11-27,12.82,13.11,12.82,13.07
2023-11-28,13.15,13.15,12.89,13.07
2023-11-29,13.01,13.17,13.0,13.08
2023-11-30,13.0,13.07,12.81,13.0
2023-12-01,12.98,13.07,12.74,13.03
2023-12-04,13.03,13.07,12.94,13.01
2023-12-05,13.14,13.14,12.68,12.69
2023-12-06,12.62,12.88,12.62,12.72
2023-12-07,12.69,12.76,12.59,12.63
2023-12-08,12.6,12.73,12.55,12.59
2023-12-11,12.51,12.81,12.47,12.8
2023-12-12,12.8,12.85,12.71,12.82
2023-12-13,12.8,12.84,12.67,12.69
2023-12-14,12.78,12.81,12.61,12.66
2023-12-15,12.62,12.68,12.43,12.49
2023-12-18,12.42,12.44,12.18,12.26
2023-12-19,12.2,12.29,12.13,12.23
2023-12-20,12.24,12.29,12.04,12.08
2023-12-21,12.0,12.15,11.86,12.11
2023-12-22,12.2,12.21,12.01,12.09
2023-12-25,12.05,12.18,12.03,12.15
2023-12-26,12.16,12.16,11.86,11.88
2023-12-27,11.89,12.03,11.86,12.02
2023-12-28,12.03,12.33,11.91,12.27
2023-12-29,12.27,12.41,12.2,12.39
2024-01-02,12.41,12.45,12.31,12.34
2024-01-03,12.33,12.37,12.13,12.26
2024-01-04,12.2,12.24,12.0,12.1
2024-01-05,12.07,12.17,11.77,11.87
2024-01-08,11.83,11.84,11.4,11.41
2024-01-09,11.46,11.55,11.34,11.39
2024-01-10,11.4,11.53,11.2,11.32
2024-01-11,11.3,11.57,11.29,11.52
2024-01-12,11.49,11.56,11.4,11.41
2024-01-15,11.39,11.49,11.27,11.37
2024-01-16,11.37,11.39,11.17,11.31
2024-01-17,11.28,11.32,10.98,10.99
2024-01-18,10.95,11.05,10.55,10.97
2024-01-19,10.9,10.99,10.81,10.86
2024-01-22,10.8,10.86,10.1,10.2
2024-01-23,10.27,10.35,10.04,10.28
2024-01-24,10.35,10.45,9.95,10.42
2024-01-25,10.42,10.84,10.34,10.83
2024-01-26,10.83,10.94,10.79,10.81
2024-01-29,10.91,10.93,10.55,10.55
2024-01-30,10.5,10.55,10.15,10.15
2024-01-31,10.1,10.19,9.6,9.6
2024-02-01,9.5,9.75,9.34,9.44
2024-02-02,9.4,9.64,8.6,8.97
2024-02-05,8.96,8.96,8.07,8.32
2024-02-06,8.28,8.96,8.07,8.92
2024-02-07,8.93,9.81,8.89,9.81
2024-02-08,10.1,10.21,9.82,10.0
2024-02-19,10.03,10.13,9.85,10.03
2024-02-20,10.0,10.06,9.87,10.02
2024-02-21,9.99,10.43,9.93,10.1
2024-02-22,10.11,10.26,10.06,10.24
2024-02-23,10.26,10.45,10.17,10.43
2024-02-26,10.51,10.7,10.41,10.51
2024-02-27,10.51,10.9,10.37,10.9
2024-02-28,10.92,11.1,10.4,10.4
2024-02-29,10.4,10.95,10.37,10.95
2024-03-01,11.17,11.23,10.88,11.06
2024-03-04,11.08,11.15,10.85,10.99
2024-03-05,11.07,11.1,10.77,10.82
2024-03-06,10.82,11.0,10.65,10.85
2024-03-07,10.97,11.1,10.8,10.8
2024-03-08,10.85,10.95,10.76,10.89
2024-03-11,10.92,11.08,10.9,11.06
2024-03-12,11.08,11.18,10.98,11.07
2024-03-13,11.1,11.21,11.06,11.13
2024-03-14,11.13,11.19,10.88,10.98
2024-03-15,11.07,11.31,10.95,11.31
2024-03-18,11.26,11.45,11.23,11.44
2024-03-19,11.43,11.57,11.36,11.45
2024-03-20,11.47,11.64,11.4,11.63
2024-03-21,11.63,11.73,11.46,11.59
2024-03-22,11.6,11.64,11.39,11.45
2024-03-25,11.48,11.5,11.14,11.17
2024-03-26,11.1,11.27,10.97,11.14
2024-03-27,11.12,11.18,10.68,10.69
2024-03-28,10.71,11.09,10.66,10.97
2024-03-29,11.03,11.12,10.87,11.11
2024-04-01,11.11,11.4,11.08,11.36
2024-04-02,11.4,11.43,11.19,11.32
2024-04-03,11.33,11.47,11.22,11.38
2024-04-08,11.35,11.36,10.97,10.98
2024-04-09,11.0,11.39,10.94,11.38
2024-04-10,11.38,11.6,10.93,11.04
2024-04-11,11.02,11.68,10.85,11.24
2024-04-12,11.17,11.25,10.88,10.97
2024-04-15,11.24,11.24,10.71,10.92
2024-04-16,10.88,10.93,10.36,10.38
2024-04-17,10.5,10.84,10.5,10.71
2024-04-18,10.68,10.68,10.39,10.48
2024-04-19,10.36,10.52,10.2,10.27
2024-04-22,10.05,10.36,10.01,10.11
2024-04-23,10.11,10.25,9.85,9.89
2024-04-24,9.9,10.08,9.89,9.97
2024-04-25,9.96,10.16,9.79,9.99
2024-04-26,9.97,10.39,9.95,10.35
2024-04-29,10.41,10.72,10.4,10.69
2024-04-30,10.21,10.26,9.62,9.62
2024-05-06,9.66,10.05,9.66,9.87
2024-05-07,9.87,9.95,9.76,9.92
2024-05-08,9.91,9.91,9.72,9.75
2024-05-09,9.76,10.08,9.75,10.05
2024-05-10,10.05,10.09,9.79,9.85
2024-05-13,9.78,9.78,9.56,9.6
2024-05-14,9.66,9.78,9.59,9.62
2024-05-15,9.63,9.67,9.49,9.54
2024-05-16,9.6,9.65,9.51,9.53
2024-05-17,9.56,9.7,9.47,9.69
2024-05-20,9.68,9.89,9.66,9.85
2024-05-21,9.81,9.85,9.67,9.7
2024-05-22,9.66,9.76,9.65,9.75
2024-05-23,9.72,9.73,9.45,9.49
2024-05-24,9.48,9.52,9.26,9.27
2024-05-27,9.37,9.43,9.12,9.41
2024-05-28,9.41,9.64,9.36,9.45
2024-05-29,9.45,9.6,9.42,9.52
2024-05-30,9.48,9.71,9.4,9.65
2024-05-31,9.7,9.71,9.61,9.63
2024-06-03,9.66,9.69,9.39,9.49
2024-06-04,9.49,9.49,9.24,9.38
2024-06-05,9.35,9.51,9.3,9.3
2024-06-06,9.24,9.37,8.99,9.03
2024-06-07,9.06,9.24,8.97,9.11
2024-06-11,9.09,9.84,8.96,9.67
2024-06-12,9.66,9.83,9.61,9.7
2024-06-13,9.69,9.85,9.65,9.79
2024-06-14,9.73,9.75,9.59,9.71
2024-06-17,9.66,9.83,9.6,9.78
2024-06-18,9.88,9.88,9.66,9.78
2024-06-19,9.77,9.85,9.61,9.68
2024-06-20,9.65,9.81,9.49,9.54
2024-06-21,9.5,9.5,9.31,9.4
2024-06-24,9.37,9.39,8.8,8.92
2024-06-25,8.96,8.96,8.6,8.68
2024-06-26,8.7,9.15,8.58,9.13
2024-06-27,9.1,9.17,8.87,8.87
2024-06-28,8.84,9.08,8.8,8.9
2024-07-01,9.06,9.11,8.7,8.9
2024-07-02,8.9,8.92,8.76,8.8
2024-07-03,8.8,8.92,8.73,8.84
2024-07-04,8.84,8.9,8.59,8.63
2024-07-05,8.62,8.72,8.51,8.66
2024-07-08,8.63,8.7,8.39,8.42
2024-07-09,8.39,8.98,8.38,8.9
2024-07-10,8.74,8.92,8.68,8.76
2024-07-11,8.89,9.02,8.87,8.95
2024-07-12,9.02,9.03,8.85,8.87
2024-07-15,8.89,8.92,8.73,8.78
2024-07-16,8.8,8.91,8.7,8.88
2024-07-17,8.89,8.92,8.75,8.8
2024-07-18,8.75,8.8,8.55,8.73
2024-07-19,8.69,9.01,8.63,8.96
2024-07-22,8.97,9.05,8.91,9.01
2024-07-23,9.01,9.02,8.64,8.66
2024-07-24,8.66,8.74,8.5,8.5
2024-07-25,8.38,8.6,8.35,8.49
2024-07-26,8.49,8.72,8.47,8.69
2024-07-29,8.66,8.76,8.65,8.68
2024-07-30,8.65,8.79,8.58,8.77
2024-07-31,8.78,9.13,8.74,9.12
2024-08-01,9.08,9.27,9.07,9.23
2024-08-02,9.15,9.3,9.04,9.06
2024-08-05,8.96,9.12,8.8,8.8
2024-08-06,8.85,8.95,8.77,8.88
2024-08-07,8.88,9.0,8.83,8.93
2024-08-08,8.89,9.02,8.74,8.91
2024-08-09,8.97,9.05,8.9,8.91
2024-08-12,8.85,8.88,8.71,8.75
2024-08-13,8.75,8.85,8.7,8.84
2024-08-14,8.83,8.88,8.74,8.74
2024-08-15,8.74,8.96,8.68,8.83
2024-08-16,8.84,8.92,8.74,8.74
2024-08-19,8.74,8.88,8.66,8.77
2024-08-20,8.8,8.82,8.57,8.63
2024-08-21,8.56,8.72,8.56,8.61
2024-08-22,8.71,9.05,8.49,8.53
2024-08-23,8.52,8.63,8.44,8.59
2024-08-26,8.6,8.9,8.6,8.86
2024-08-27,8.77,8.8,8.61,8.63
2024-08-28,8.63,8.84,8.61,8.76
2024-08-29,8.72,9.06,8.7,9.02
2024-08-30,9.0,9.31,8.97,9.2
2024-09-02,9.18,9.37,9.07,9.11
2024-09-03,9.12,9.22,9.07,9.13
2024-09-04,9.07,9.22,9.04,9.11
2024-09-05,9.12,9.25,9.11,9.2
2024-09-06,9.2,9.2,9.02,9.03
2024-09-09,9.0,9.12,8.94,8.97
2024-09-10,9.0,9.05,8.79,9.01
2024-09-11,8.94,9.01,8.85,8.96
2024-09-12,8.95,9.09,8.93,8.95
2024-09-13,8.95,9.0,8.8,8.81
2024-09-18,8.83,8.88,8.62,8.77
2024-09-19,8.84,9.03,8.71,9.0
2024-09-20,9.02,9.07,8.92,8.97
2024-09-23,8.9,8.97,8.71,8.93
2024-09-24,8.97,9.19,8.92,9.18
2024-09-25,9.26,9.46,9.19,9.27
2024-09-26,9.3,9.56,9.25,9.54
2024-09-27,9.98,9.98,9.72,9.93
2024-09-30,10.5,10.91,10.28,10.88
2024-10-08,11.97,11.97,11.31,11.97
2024-10-09,11.97,12.4,11.48,11.72
2024-10-10,11.97,12.0,11.15,11.4
2024-10-11,11.4,11.43,10.48,10.62
2024-10-14,10.62,10.87,10.3,10.86
2024-10-15,10.97,11.05,10.63,10.66
2024-10-16,10.52,10.76,10.42,10.55
2024-10-17,10.62,10.7,10.39,10.4
2024-10-18,10.37,11.17,10.37,10.95
2024-10-21,11.36,11.55,11.1,11.35
2024-10-22,11.3,11.33,11.08,11.21
2024-10-23,11.21,11.4,11.07,11.22
2024-10-24,11.3,11.39,11.09,11.24
2024-10-25,11.22,11.49,11.2,11.42
2024-10-28,11.49,11.5,11.31,11.45
2024-10-29,11.46,11.52,11.2,11.23
2024-10-30,11.2,11.32,11.0,11.14
2024-10-31,11.18,11.55,11.09,11.5
2024-11-01,11.51,12.31,11.46,11.95
2024-11-04,12.29,12.3,11.78,11.95
2024-11-05,11.93,12.39,11.71,12.31
2024-11-06,12.29,12.35,12.0,12.08
2024-11-07,13.29,13.29,13.29,13.29
2024-11-08,14.62,14.62,14.62,14.62
2024-11-11,16.08,16.08,15.81,16.08
2024-11-12,17.69,17.69,17.06,17.69
2024-11-13,19.02,19.46,18.23,19.46
2024-11-14,20.5,21.41,18.68,18.95
2024-11-15,19.49,20.85,19.49,20.85
2024-11-18,22.0,22.94,21.8,21.8
2024-11-19,19.62,21.27,19.62,19.62
2024-11-20,21.01,21.58,21.01,21.58
2024-11-21,22.99,23.64,20.61,22.22
2024-11-22,22.22,24.44,20.4,23.38
2024-11-25,24.5,25.72,23.55,25.72
2024-11-26,23.15,23.66,23.15,23.15
2024-11-27,20.84,21.98,20.84,20.84
2024-11-28,21.68,22.8,20.28,20.43
2024-11-29,21.07,22.47,20.12,22.47
2024-12-02,20.5,21.88,20.26,21.03
2024-12-03,21.54,22.5,20.67,21.51
2024-12-04,21.5,21.5,20.21,20.31
2024-12-05,19.37,19.62,19.0,19.15
2024-12-06,18.9,19.43,18.83,18.94
2024-12-09,18.81,19.08,18.41,18.6
2024-12-10,19.04,19.5,18.71,18.88
2024-12-11,18.63,19.15,18.11,18.3
2024-12-12,18.25,18.35,17.73,18.22
2024-12-13,18.02,18.93,17.9,18.51
2024-12-16,18.21,18.36,17.37,17.55
2024-12-17,17.68,17.68,16.79,16.92
2024-12-18,16.92,17.25,16.63,17.11
2024-12-19,16.82,17.07,16.77,16.95
2024-12-20,16.99,17.48,16.84,17.24
2024-12-23,17.25,17.28,16.45,16.48
2024-12-24,16.46,16.85,16.3,16.71
2024-12-25,16.7,16.77,16.1,16.17
2024-12-26,16.3,16.63,16.3,16.49
2024-12-27,16.5,16.95,16.42,16.62
2024-12-30,16.5,16.63,16.2,16.55
2024-12-31,16.6,16.64,15.5,15.67
2025-01-02,15.67,15.85,15.01,15.28
2025-01-03,15.28,15.42,14.61,14.65
2025-01-06,14.6,15.31,14.43,14.97
2025-01-07,14.96,15.2,14.81,15.17
2025-01-08,15.0,15.35,14.61,15.22
2025-01-09,15.15,15.87,15.1,15.57
2025-01-10,15.53,15.98,15.06,15.07
2025-01-13,14.85,14.97,14.59,14.83
2025-01-14,14.89,15.81,14.8,15.81
2025-01-15,15.78,16.09,15.49,15.82
2025-01-16,15.86,16.1,15.51,15.66
2025-01-17,15.61,16.87,15.54,16.54
2025-01-20,16.54,17.07,16.0,16.74
2025-01-21,16.77,16.86,16.18,16.32
2025-01-22,16.17,16.17,15.35,15.44
2025-01-23,15.65,16.02,15.42,15.42
2025-01-24,15.37,15.57,15.21,15.5
2025-01-27,15.64,15.64,14.95,14.96
2025-02-05,15.15,15.48,15.12,15.29
2025-02-06,15.25,16.82,15.15,16.82
2025-02-07,17.05,17.55,16.86,17.18
2025-02-10,17.15,17.52,16.9,17.48
2025-02-11,17.48,17.65,17.11,17.31
2025-02-12,17.18,18.68,17.13,18.3
2025-02-13,18.35,20.0,18.35,18.69
2025-02-14,18.2,18.93,17.94,18.08
2025-02-17,18.0,18.25,17.44,17.7
2025-02-18,17.79,18.77,17.63,18.49
2025-02-19,18.0,18.4,17.7,18.4
2025-02-20,18.49,18.55,17.82,17.99
2025-02-21,17.83,18.38,17.53,18.14
2025-02-24,18.0,19.77,17.69,18.78
2025-02-25,18.26,18.58,17.96,18.08
2025-02-26,18.3,18.8,18.15,18.44
2025-02-27,18.51,19.5,18.51,18.91
2025-02-28,18.9,20.8,18.33,20.8
2025-03-03,20.8,22.67,20.11,20.91
2025-03-04,19.5,21.88,18.82,20.23
2025-03-05,19.52,20.03,19.13,19.54
2025-03-06,19.61,20.6,19.56,20.25
2025-03-07,19.85,20.32,18.99,19.48
2025-03-10,19.22,19.99,19.03,19.77
2025-03-11,19.32,19.65,19.04,19.48
2025-03-12,19.65,19.87,19.28,19.55
2025-03-13,19.5,19.5,18.3,18.32
2025-03-14,18.3,18.43,17.75,18.39
2025-03-17,18.41,18.66,18.3,18.58
2025-03-18,18.58,18.95,18.58,18.63
2025-03-19,18.58,18.58,18.0,18.04
2025-03-20,17.98,18.14,17.8,17.84
2025-03-21,17.8,17.83,17.15,17.16
2025-03-24,17.27,17.32,16.48,16.93
2025-03-25,17.0,17.06,16.76,16.83
2025-03-26,16.68,17.12,16.67,17.02
2025-03-27,16.9,17.18,16.75,16.92
2025-03-28,16.87,17.04,16.65,16.75
2025-03-31,16.66,16.7,16.19,16.49
2025-04-01,16.69,16.71,16.53,16.63
2025-04-02,16.73,16.85,16.53,16.61
2025-04-03,16.4,16.68,16.25,16.37
2025-04-07,15.37,15.66,14.73,14.73
2025-04-08,14.2,14.84,14.08,14.58
2025-04-09,14.33,15.53,13.33,15.38
2025-04-10,15.6,15.94,15.45,15.51
2025-04-11,15.39,16.27,15.29,15.88
2025-04-14,16.11,16.26,15.88,15.95
2025-04-15,17.55,17.55,17.55,17.55
2025-04-16,19.2,19.2,18.47,18.73
2025-04-17,18.74,18.87,17.78,18.28
2025-04-18,18.07,18.15,17.56,17.71
2025-04-21,17.98,18.99,17.97,18.8
2025-04-22,18.59,18.65,18.1,18.13
2025-04-23,18.21,18.47,17.98,18.19
2025-04-24,18.2,18.2,17.63,17.89
2025-04-25,17.93,18.55,17.63,18.25
2025-04-28,18.28,18.29,17.73,17.74
2025-04-29,17.74,18.09,17.59,17.98
2025-04-30,18.25,18.37,17.9,18.05
2025-05-06,18.09,19.8,18.07,19.25
2025-05-07,19.3,19.39,18.62,18.8
2025-05-08,18.69,18.93,18.58,18.83
2025-05-09,18.75,18.88,18.23,18.64
2025-05-12,18.93,19.47,18.74,19.35
2025-05-13,19.53,19.58,18.74,18.76
2025-05-14,18.65,18.94,18.61,18.75
2025-05-15,18.66,19.14,18.23,18.78
2025-05-16,18.55,19.09,18.45,18.8
2025-05-19,18.8,18.87,18.17,18.26
2025-05-20,18.21,18.36,18.11,18.26
2025-05-21,18.23,19.18,18.11,18.96
2025-05-22,18.8,18.84,18.22,18.23
2025-05-23,18.1,18.17,17.61,17.64
2025-05-26,17.5,17.75,17.36,17.7
2025-05-27,17.62,17.88,17.36,17.59
2025-05-28,17.5,17.6,17.14,17.18
2025-05-29,17.13,17.54,17.13,17.49
2025-05-30,17.38,17.38,17.12,17.13
2025-06-03,17.0,17.24,16.9,17.12
2025-06-04,17.2,17.61,17.15,17.37
2025-06-05,17.31,17.47,17.24,17.45
2025-06-06,17.54,17.74,17.37,17.4
2025-06-09,17.41,18.06,17.41,17.88
2025-06-10,17.92,18.55,17.71,18.2
2025-06-11,18.19,19.0,17.98,18.65
2025-06-12,18.61,18.61,18.1,18.19
2025-06-13,18.08,19.22,17.97,18.55
2025-06-16,18.35,18.75,18.1,18.43
2025-06-17,18.33,18.56,18.16,18.25
2025-06-18,18.19,18.2,17.77,18.02
2025-06-19,17.98,18.25,17.62,17.68
2025-06-20,17.56,18.49,17.56,17.79
2025-06-23,17.5,18.65,17.46,18.45
2025-06-24,18.46,20.29,18.31,19.7
2025-06-25,19.0,19.56,18.85,19.53
2025-06-26,19.53,19.8,19.24,19.32
2025-06-27,19.43,19.59,18.96,18.99
2025-06-30,19.06,19.16,18.79,19.11
2025-07-01,19.11,19.13,18.75,18.95
2025-07-02,18.9,18.9,18.47,18.55
2025-07-03,18.65,18.78,18.49,18.75
2025-07-04,18.95,19.2,18.5,18.79
2025-07-07,18.71,18.98,18.51,18.94
2025-07-08,18.87,19.12,18.75,18.99
2025-07-09,19.0,19.11,18.5,18.54
2025-07-10,18.66,19.12,18.38,18.98
2025-07-11,19.06,19.81,19.0,19.55
2025-07-14,19.65,19.65,19.16,19.23
2025-07-15,19.3,19.91,19.0,19.29
2025-07-16,19.25,19.27,19.0,19.1
2025-07-17,19.1,19.17,18.88,19.17
2025-07-18,19.2,19.75,19.11,19.55
2025-07-21,19.57,21.0,19.3,20.31
2025-07-22,20.05,20.06,19.71,19.85
2025-07-23,19.84,20.03,19.35,19.45
2025-07-24,19.38,20.1,19.35,20.07
2025-07-25,20.12,20.16,19.65,19.89
2025-07-28,19.91,19.97,19.74,19.84
2025-07-29,19.82,19.96,19.6,19.9
2025-07-30,19.72,19.73,18.98,19.05
2025-07-31,19.01,19.12,18.74,18.77
2025-08-01,18.7,18.89,18.64,18.83
2025-08-04,18.7,18.97,18.61,18.97
2025-08-05,18.98,19.23,18.93,19.08
2025-08-06,19.15,19.36,18.96,19.29
2025-08-07,19.38,19.83,19.08,19.7
2025-08-08,19.5,19.5,19.18,19.19
2025-08-11,19.16,19.29,19.07,19.2
2025-08-12,19.12,19.29,18.98,19.16
2025-08-13,19.16,19.68,19.16,19.5
2025-08-14,19.52,19.63,19.06,19.15
2025-08-15,19.08,19.68,19.05,19.56
2025-08-18,19.7,20.2,19.52,20.12
2025-08-19,20.14,20.25,19.89,19.97
2025-08-20,19.95,20.43,19.77,20.36
2025-08-21,20.56,20.8,19.94,20.12
2025-08-22,20.12,20.75,20.11,20.54
2025-08-25,20.88,21.77,20.65,21.13
2025-08-26,20.93,21.04,20.56,20.81
2025-08-27,20.76,22.0,20.7,21.23
2025-08-28,21.21,21.76,20.7,21.43
2025-08-29,21.5,23.5,21.35,22.75
2025-09-01,23.2,25.03,22.22,24.44
2025-09-02,24.39,25.0,22.82,23.77
2025-09-03,23.3,23.88,21.85,21.91
2025-09-04,21.62,22.29,20.15,20.58
2025-09-05,20.58,21.7,20.51,21.66
2025-09-08,21.8,22.29,21.42,22.04
2025-09-09,21.75,22.18,21.31,21.37
2025-09-10,21.37,21.61,20.98,21.05
2025-09-11,20.9,21.74,20.68,21.55
2025-09-12,21.6,22.08,21.45,21.66
2025-09-15,21.87,22.06,21.4,21.42
2025-09-16,21.4,21.54,21.01,21.48
2025-09-17,21.46,21.56,21.11,21.28
2025-09-18,21.3,21.9,20.8,21.13
2025-09-19,21.2,21.54,20.96,21.07
2025-09-22,20.96,20.96,20.51,20.79
2025-09-23,20.8,20.92,19.8,20.34
2025-09-24,20.21,21.66,20.06,21.6
2025-09-25,21.58,21.63,21.31,21.35
2025-09-26,21.1,21.86,21.1,21.35
2025-09-29,21.35,21.57,21.15,21.46
2025-09-30,21.78,22.6,21.64,22.54
2025-10-09,22.93,22.99,22.43,22.82
2025-10-10,22.83,22.83,21.84,21.99
2025-10-13,21.43,24.19,21.36,24.19
2025-10-14,25.0,25.22,23.68,23.93
2025-10-15,24.5,24.56,22.66,23.34
2025-10-16,23.0,23.42,22.63,22.78
2025-10-17,22.99,23.66,22.14,22.3
2025-10-20,22.54,23.0,22.14,22.42
2025-10-21,22.21,22.76,22.01,22.68
2025-10-22,22.3,22.36,21.75,21.95
2025-10-23,21.86,21.92,21.2,21.69
2025-10-24,21.88,22.65,21.87,22.57
2025-10-27,22.8,23.33,22.71,22.88
2025-10-28,22.89,23.08,22.66,22.72
2025-10-29,22.73,23.08,22.62,23.08
2025-10-30,23.12,23.5,22.82,23.04
2025-10-31,23.1,23.23,22.7,22.73
2025-11-03,22.77,22.77,21.75,22.26
2025-11-04,22.1,22.23,21.7,21.87
2025-11-05,21.46,21.96,21.37,21.83
2025-11-06,21.89,22.1,21.72,21.88
2025-11-07,21.7,21.94,21.51,21.67
2025-11-10,21.77,21.9,21.51,21.66
2025-11-11,21.93,22.6,21.92,22.39
2025-11-12,22.25,22.25,21.31,21.31
2025-11-13,21.31,21.53,21.0,21.32
2025-11-14,21.24,21.24,20.61,20.62
2025-11-17,20.6,20.75,20.52,20.69
2025-11-18,20.7,20.73,20.31,20.39
2025-11-19,20.33,20.64,20.21,20.41
2025-11-20,20.6,20.6,20.08,20.08
2025-11-21,19.81,20.0,19.21,19.28
2025-11-24,19.36,19.74,19.17,19.58
2025-11-25,19.72,20.04,19.63,19.81
2025-11-26,19.85,19.92,19.6,19.64
2025-11-27,19.68,19.97,19.63,19.67
2025-11-28,19.68,19.8,19.51,19.8
2025-12-01,19.94,20.28,19.83,20.28
2025-12-02,20.25,20.25,19.95,20.0
2025-12-03,20.0,20.05,19.61,19.7
2025-12-04,19.73,19.83,19.46,19.72
2025-12-05,19.82,20.46,19.7,20.32
2025-12-08,20.05,20.4,19.97,20.35
2025-12-09,20.27,20.38,20.08,20.11
2025-12-10,20.11,20.39,20.02,20.35
2025-12-11,20.36,20.37,20.02,20.09
2025-12-12,20.1,20.42,19.91,20.26
2025-12-15,20.12,20.37,20.05,20.12
2025-12-16,20.09,20.09,19.48,19.55
2025-12-17,19.5,19.84,19.35,19.76
2025-12-18,19.75,20.01,19.5,19.7
2025-12-19,19.68,19.99,19.68,19.92
2025-12-22,19.89,20.34,19.89,20.32
2025-12-23,20.33,20.41,20.16,20.24
2025-12-24,20.35,20.49,20.33,20.46
2025-12-25,20.46,20.86,20.32,20.7
2025-12-26,20.69,20.78,20.44,20.59
2025-12-29,20.6,20.74,20.42,20.47
2025-12-30,20.43,20.57,20.3,20.47
2025-12-31,20.47,20.59,20.3,20.33
2026-01-05,20.5,20.83,20.42,20.82
2026-01-06,20.9,21.86,20.9,21.84
2026-01-07,22.18,22.23,21.56,21.73
2026-01-08,21.68,22.06,21.6,21.77
2026-01-09,21.77,22.18,21.65,22.05
2026-01-12,22.16,22.38,21.86,22.38
2026-01-13,22.56,22.63,21.62,21.7
2026-01-14,21.64,22.06,21.31,21.57
2026-01-15,21.38,21.84,21.36,21.83
2026-01-16,22.05,22.44,22.0,22.29
2026-01-19,22.55,22.72,22.27,22.4
2026-01-20,22.28,22.55,22.1,22.25
2026-01-21,22.15,22.87,22.1,22.74
2026-01-22,22.82,22.95,22.42,22.53
2026-01-23,22.56,23.46,22.51,23.4
2026-01-26,23.52,24.18,23.18,23.36
2026-01-27,23.11,23.56,22.7,23.24
2026-01-28,23.33,23.77,23.01,23.68
2026-01-29,23.67,23.73,23.0,23.1
2026-01-30,22.59,22.87,21.55,22.25
2026-02-02,21.89,22.0,21.02,21.05
2026-02-03,21.46,21.52,21.05,21.52
2026-02-04,21.4,21.48,20.95,21.24
2026-02-05,21.0,21.02,20.36,20.6
2026-02-06,20.65,22.18,20.5,21.42
2026-02-09,21.57,22.24,21.56,21.98
2026-02-10,21.86,22.06,21.74,21.86
2026-02-11,21.74,22.47,21.7,22.05
2026-02-12,22.03,22.75,21.9,22.68
2026-02-13,22.48,22.85,22.34,22.37
2026-02-24,22.67,22.82,22.33,22.69
2026-02-25,22.88,24.96,22.78,24.96
2026-02-26,25.53,26.28,25.05,25.29
2026-02-27,25.01,26.18,25.01,25.97
2026-03-02,25.66,26.58,25.2,25.75
2026-03-03,25.6,25.89,23.98,24.14
2026-03-04,23.71,24.78,23.55,24.02
2026-03-05,24.55,24.63,23.59,23.84
2026-03-06,23.64,23.95,23.4,23.46
2026-03-09,22.98,23.13,21.96,22.95
2026-03-10,23.36,23.65,23.01,23.49
2026-03-11,23.53,23.9,23.06,23.12
2026-03-12,23.1,23.16,22.35,22.6
2026-03-13,22.42,22.68,22.03,22.07
2026-03-16,22.0,22.2,21.4,22.18
2026-03-17,22.34,22.37,21.23,21.26
2026-03-18,21.37,21.55,21.1,21.48
2026-03-19,21.07,21.13,20.76,20.86
2026-03-20,21.23,21.44,20.6,20.64
2026-03-23,20.19,20.23,18.99,19.1
2026-03-24,19.48,19.67,18.81,19.6
2026-03-25,19.86,20.67,19.85,20.42
2026-03-26,20.38,20.47,19.95,20.05
2026-03-27,19.5,20.98,19.48,20.86
2026-03-30,20.41,21.25,20.4,21.1
2026-03-31,20.92,20.99,20.43,20.48
2026-04-01,20.89,20.95,20.5,20.64
2026-04-02,20.5,20.6,19.92,20.09
2026-04-03,20.08,20.6,19.89,20.28
2026-04-07,20.32,20.56,20.12,20.3
2026-04-08,20.75,21.34,20.68,21.31
2026-04-09,21.01,21.48,20.9,21.36
2026-04-10,21.7,22.2,21.59,21.75
2026-04-13,21.71,22.77,21.71,22.63
2026-04-14,22.65,22.89,22.28,22.78
2026-04-15,22.85,22.85,21.95,22.06
2026-04-16,21.92,22.38,21.78,22.33
2026-04-17,22.32,24.1,22.25,23.29
2026-04-20,23.67,25.62,23.58,25.62
2026-04-21,25.16,25.53,24.7,24.88
2026-04-22,24.71,27.3,24.7,26.8
2026-04-23,26.82,27.54,25.82,25.95
2026-04-24,25.73,27.17,25.26,26.62
2026-04-27,26.9,27.75,26.31,26.7
2026-04-28,26.52,27.4,25.75,26.63
2026-04-29,26.51,27.08,26.19,26.83
2026-04-30,26.65,27.58,26.65,27.37
2026-05-06,28.36,29.29,28.03,28.08
2026-05-07,28.29,29.84,28.1,29.33
2026-05-08,28.6,31.59,28.51,30.4
2026-05-11,31.3,33.44,31.13,32.87
2026-05-12,32.87,32.87,30.49,31.92
2026-05-13,30.99,31.92,30.65,31.12
2026-05-14,31.21,33.42,30.68,32.29
2026-05-15,31.98,32.9,30.2,30.58
2026-05-18,30.48,31.81,30.2,30.62
2026-05-19,30.38,30.66,29.53,30.61
2026-05-20,30.32,31.28,30.18,30.78
2026-05-21,31.48,31.99,28.75,28.92
2026-05-22,29.0,30.1,29.0,29.76
2026-05-25,30.21,30.4,29.03,30.38
2026-05-26,29.99,30.0,28.6,29.1
2026-05-27,29.33,29.6,28.01,28.13
2026-05-28,28.87,30.94,28.5,30.94
2026-05-29,31.0,31.6,28.26,28.5
2026-06-01,28.5,28.77,27.23,27.27
2026-06-02,27.59,28.32,26.76,27.87
2026-06-03,27.8,30.39,27.8,29.16
2026-06-04,28.58,29.67,28.57,29.45
2026-06-05,28.8,30.36,28.51,29.22
2026-06-08,27.76,29.19,27.49,27.75
2026-06-09,28.06,29.34,27.24,29.31
2026-06-10,28.7,32.24,28.7,32.24
2026-06-11,32.43,35.1,32.08,34.24
2026-06-12,35.7,36.07,32.45,32.99
2026-06-15,33.18,35.55,32.12,35.55
2026-06-16,35.26,39.11,35.01,39.11
2026-06-17,38.81,40.78,38.4,39.79
2026-06-18,38.79,43.51,38.79,42.51
2026-06-22,45.22,46.76,44.96,46.76
2026-06-23,49.01,50.67,46.46,48.35
2026-06-24,47.0,52.22,45.05,51.76
2026-06-25,51.26,56.9,49.8,56.16
2026-06-26,56.15,61.63,54.8,60.76
2026-06-29,58.98,66.29,57.6,66.27
2026-06-30,64.52,69.4,59.66,66.6
2026-07-01,64.0,69.0,59.94,59.94
2026-07-02,53.95,62.77,53.95,57.81
2026-07-03,57.0,58.33,53.47,54.3
2026-07-06,55.33,55.99,50.53,50.89
2026-07-07,51.59,55.98,50.46,55.98
2026-07-08,57.8,59.95,53.2,53.98
2026-07-09,55.25,59.38,53.8,59.38
2026-07-10,62.0,64.13,59.67,60.0
2026-07-13,58.2,62.25,54.0,54.0
2026-07-14,53.04,54.84,49.49,52.63
2026-07-15,54.0,54.0,47.37,47.65
2026-07-16,45.95,47.55,43.18,43.79
2026-07-17,43.79,44.78,39.49,39.85
2026-07-20,42.3,42.3,35.87,35.87
2026-07-21,35.87,39.46,32.28,39.46
2026-07-22,39.45,42.48,39.0,40.64
2026-07-23,41.12,42.5,40.0,41.57
2026-07-24,41.0,45.05,40.61,44.0
2026-07-27,43.3,47.7,41.08,47.05
2026-07-28,45.05,46.9,42.56,43.5
2026-07-29,43.09,43.28,39.15,39.86
2026-07-30,39.0,39.53,35.87,35.87
2026-07-31,38.64,38.75,35.33,35.39
2026-08-03,34.5,35.77,33.0,33.15
2026-08-04,33.67,36.36,32.93,36.19
2026-08-05,36.5,39.81,36.5,39.81
2026-08-06,40.8,43.79,40.5,43.79
2026-08-07,46.0,48.17,44.8,48.17
2026-08-10,50.0,52.99,50.0,52.03
2026-08-11,50.64,54.12,50.03,52.65
2026-08-12,52.65,54.69,52.1,52.95
2026-08-13,54.0,54.18,50.19,50.21
2026-08-14,51.44,52.2,49.42,50.78
2026-08-17,50.77,55.86,50.22,55.86
2026-08-18,59.77,60.9,56.0,57.72
2026-08-19,56.11,60.06,54.15,58.87
2026-08-20,57.82,58.61,52.98,56.7
2026-08-21,54.1,56.18,53.44,54.24
2026-08-24,54.05,54.87,50.5,52.52
2026-08-25,51.21,53.95,50.2,51.15
2026-08-26,51.87,52.12,49.31,50.33
2026-08-27,51.0,54.3,50.62,53.65
2026-08-28,53.0,55.55,51.56,51.65
2026-08-31,49.65,52.44,49.65,51.72
2026-09-01,51.8,51.8,48.63,48.87
2026-09-02,47.65,49.12,47.17,48.26
2026-09-03,49.0,49.13,46.68,47.25
2026-09-04,48.01,48.28,44.92,45.22
2026-09-07,45.82,46.99,45.3,46.65
2026-09-08,46.67,48.93,46.26,46.85
2026-09-09,47.79,49.16,46.01,46.42
2026-09-10,46.36,48.16,45.23,46.79
2026-09-11,45.39,45.84,43.4,45.55
2026-09-14,44.2,47.78,43.68,47.25
2026-09-15,46.6,47.94,46.34,47.06
