date,open,high,low,close
2003-08-22,13.3,13.6,13.01,13.04
2003-08-25,12.8,12.8,12.18,12.27
2003-08-26,12.25,12.57,12.18,12.39
2003-08-27,12.36,12.39,12.01,12.03
2003-08-28,12.03,12.12,11.85,11.89
2003-08-29,11.82,12.45,11.82,12.19
2003-09-01,12.15,12.88,12.07,12.68
2003-09-02,12.66,13.18,12.55,12.73
2003-09-03,12.68,12.79,12.46,12.54
2003-09-04,12.54,12.75,12.45,12.47
2003-09-05,12.5,12.5,12.1,12.17
2003-09-08,12.14,12.27,12.06,12.18
2003-09-09,12.2,12.3,12.02,12.05
2003-09-10,12.05,12.18,11.98,12.09
2003-09-11,12.19,12.19,11.96,12.0
2003-09-12,12.01,12.05,11.7,11.76
2003-09-15,11.71,11.84,11.61,11.71
2003-09-16,11.71,11.98,11.71,11.92
2003-09-17,11.85,11.9,11.6,11.64
2003-09-18,11.63,11.83,11.61,11.69
2003-09-19,11.66,11.81,11.66,11.76
2003-09-22,11.81,11.92,11.76,11.82
2003-09-23,11.82,11.88,11.67,11.86
2003-09-24,11.88,11.9,11.75,11.82
2003-09-25,11.78,11.81,11.56,11.56
2003-09-26,11.45,11.7,11.45,11.6
2003-09-29,11.58,11.59,11.39,11.4
2003-09-30,11.4,11.51,11.19,11.36
2003-10-08,11.37,11.37,11.21,11.3
2003-10-09,11.26,11.47,11.26,11.3
2003-10-10,11.34,11.68,11.26,11.58
2003-10-13,11.65,12.11,11.48,11.68
2003-10-14,11.6,11.68,11.47,11.47
2003-10-15,11.5,11.66,11.4,11.46
2003-10-16,11.38,11.48,11.26,11.29
2003-10-17,11.29,11.42,11.26,11.3
2003-10-20,11.3,11.35,11.21,11.27
2003-10-21,11.3,11.4,11.21,11.37
2003-10-22,11.31,11.75,11.3,11.59
2003-10-23,11.6,11.75,11.48,11.5
2003-10-24,11.94,11.94,11.52,11.55
2003-10-27,11.56,11.68,11.2,11.26
2003-10-28,11.21,11.4,10.81,10.95
2003-10-29,10.95,11.0,10.21,10.41
2003-10-30,10.3,10.49,10.22,10.33
2003-10-31,10.36,10.64,10.31,10.44
2003-11-03,10.43,10.45,10.21,10.39
2003-11-04,10.4,10.85,10.34,10.53
2003-11-05,11.51,11.51,10.5,10.65
2003-11-06,10.73,10.73,10.3,10.3
2003-11-07,10.3,10.4,9.98,10.15
2003-11-10,10.0,10.1,9.88,9.94
2003-11-11,10.08,10.12,9.88,9.97
2003-11-12,9.97,9.97,9.31,9.35
2003-11-13,9.3,9.5,9.22,9.39
2003-11-14,9.33,9.5,9.24,9.43
2003-11-17,9.41,9.52,9.36,9.44
2003-11-18,9.41,9.41,9.18,9.2
2003-11-19,9.1,9.52,9.05,9.48
2003-11-20,9.48,10.19,9.48,10.08
2003-11-21,10.18,10.19,9.65,9.69
2003-11-24,9.63,10.2,9.6,10.09
2003-11-25,10.17,10.29,10.0,10.07
2003-11-26,10.08,10.18,10.0,10.15
2003-11-27,10.1,10.15,9.91,9.92
2003-11-28,9.93,10.1,9.9,10.01
2003-12-01,10.0,10.28,10.0,10.2
2003-12-02,10.2,10.28,10.09,10.11
2003-12-03,10.15,10.3,9.98,10.16
2003-12-04,10.16,10.42,10.13,10.41
2003-12-05,10.41,10.42,10.2,10.25
2003-12-08,10.28,10.28,9.99,10.0
2003-12-09,10.0,10.16,9.95,10.09
2003-12-10,10.19,10.19,10.02,10.13
2003-12-11,10.16,10.25,10.0,10.17
2003-12-12,10.16,10.17,10.01,10.06
2003-12-15,10.02,10.19,10.02,10.09
2003-12-16,10.06,10.1,9.83,9.86
2003-12-17,9.81,9.95,9.7,9.71
2003-12-18,9.7,9.71,9.46,9.47
2003-12-19,9.47,9.61,9.1,9.21
2003-12-22,9.2,9.58,9.1,9.55
2003-12-23,9.55,9.72,9.49,9.57
2003-12-24,9.6,9.7,9.57,9.69
2003-12-25,9.69,9.78,9.62,9.68
2003-12-26,9.71,10.24,9.68,10.04
2003-12-29,10.04,10.38,9.85,10.28
2003-12-30,10.28,10.35,10.0,10.22
2003-12-31,10.22,10.57,10.1,10.43
2004-01-02,10.45,10.88,10.43,10.75
2004-01-05,10.85,11.05,10.7,10.9
2004-01-06,10.9,10.98,10.6,10.96
2004-01-07,10.93,11.35,10.78,11.18
2004-01-08,11.19,11.88,11.18,11.73
2004-01-09,11.8,12.12,11.35,11.36
2004-01-12,11.36,11.6,11.15,11.59
2004-01-13,11.6,11.66,11.34,11.4
2004-01-14,11.39,11.45,11.15,11.25
2004-01-15,11.23,11.41,11.16,11.2
2004-01-16,11.23,11.65,11.2,11.47
2004-01-29,11.48,11.95,11.4,11.83
2004-01-30,11.8,11.83,11.28,11.3
2004-02-02,11.2,11.66,11.2,11.41
2004-02-03,11.48,11.84,11.3,11.79
2004-02-04,11.85,12.28,11.85,12.18
2004-02-05,12.2,12.25,11.86,12.0
2004-02-06,12.0,12.0,11.71,11.73
2004-02-09,11.73,11.94,11.73,11.93
2004-02-10,12.0,12.07,11.66,11.7
2004-02-11,11.7,11.95,11.63,11.82
2004-02-12,11.82,12.06,11.8,11.98
2004-02-13,12.09,12.54,11.96,12.31
2004-02-16,12.32,13.02,12.32,12.84
2004-02-17,12.9,13.5,12.89,13.28
2004-02-18,13.33,13.39,13.03,13.11
2004-02-19,13.12,14.33,13.12,14.04
2004-02-20,14.04,14.18,13.71,14.12
2004-02-23,14.2,14.54,13.6,13.63
2004-02-24,13.51,13.58,13.02,13.49
2004-02-25,13.44,13.69,12.8,12.89
2004-02-26,12.78,12.95,12.51,12.72
2004-02-27,12.75,13.08,12.67,13.04
2004-03-01,13.04,13.12,12.72,12.97
2004-03-02,12.99,13.1,12.76,12.98
2004-03-03,12.91,13.04,12.55,12.56
2004-03-04,12.57,12.76,12.4,12.75
2004-03-05,12.79,12.79,12.45,12.49
2004-03-08,12.4,12.4,11.88,11.9
2004-03-09,11.9,12.08,11.8,11.83
2004-03-10,11.88,12.27,11.88,12.24
2004-03-11,12.29,12.39,12.18,12.3
2004-03-12,12.28,12.44,12.19,12.27
2004-03-15,12.25,12.62,12.2,12.58
2004-03-16,12.6,12.7,12.4,12.54
2004-03-17,12.56,12.56,12.01,12.3
2004-03-18,12.3,12.46,12.04,12.05
2004-03-19,12.06,12.28,12.02,12.27
2004-03-22,12.3,12.49,12.28,12.42
2004-03-23,12.42,12.42,12.17,12.28
2004-03-24,12.45,12.56,12.23,12.44
2004-03-25,12.4,12.62,12.36,12.61
2004-03-26,12.62,12.88,12.5,12.79
2004-03-29,12.65,12.99,12.61,12.74
2004-03-30,12.74,13.38,12.74,13.36
2004-03-31,13.4,13.47,13.18,13.35
2004-04-01,13.36,13.44,13.12,13.2
2004-04-02,13.2,13.38,13.15,13.28
2004-04-05,13.32,13.83,13.32,13.62
2004-04-06,13.65,14.19,13.45,13.57
2004-04-07,13.6,13.62,13.28,13.33
2004-04-08,13.36,13.97,13.36,13.83
2004-04-09,13.8,14.18,13.3,13.38
2004-04-12,13.32,13.45,13.05,13.29
2004-04-13,13.25,13.58,12.9,13.02
2004-04-14,13.03,13.05,12.58,12.68
2004-04-15,12.76,12.85,12.34,12.35
2004-04-16,12.2,12.53,12.05,12.49
2004-04-19,12.5,12.52,12.15,12.2
2004-04-20,12.2,12.35,12.14,12.2
2004-04-21,12.3,12.59,12.2,12.36
2004-04-22,12.35,12.62,12.35,12.51
2004-04-23,11.6,12.4,11.6,11.8
2004-04-26,11.85,12.12,11.73,11.85
2004-04-27,11.82,11.96,11.51,11.53
2004-04-29,11.7,11.78,11.25,11.29
2004-04-30,11.49,11.49,11.3,11.41
2004-05-10,11.45,11.46,10.75,10.82
2004-05-11,10.8,11.1,10.66,10.9
2004-05-12,10.81,11.25,10.8,11.25
2004-05-13,11.25,11.25,11.0,11.03
2004-05-14,11.05,11.21,10.81,10.88
2004-05-17,10.78,11.19,10.78,10.94
2004-05-18,11.15,11.43,11.1,11.43
2004-05-19,11.55,11.58,11.28,11.3
2004-05-20,11.4,11.4,11.08,11.17
2004-05-21,11.14,11.29,11.11,11.29
2004-05-24,11.38,11.46,11.2,11.2
2004-05-25,11.18,11.39,10.79,10.83
2004-05-26,10.9,11.19,10.84,11.11
2004-05-27,11.1,11.55,10.95,11.51
2004-05-28,11.58,11.64,11.31,11.36
2004-05-31,11.45,11.45,11.24,11.42
2004-06-01,11.47,12.1,11.43,12.0
2004-06-02,12.05,12.3,11.9,12.01
2004-06-03,11.99,12.07,11.68,11.7
2004-06-04,11.7,12.0,11.61,11.87
2004-06-07,11.9,11.9,11.53,11.61
2004-06-08,11.62,11.86,11.6,11.69
2004-06-09,11.73,12.18,11.7,11.73
2004-06-10,11.75,11.75,10.81,11.09
2004-06-11,11.3,11.7,11.17,11.3
2004-06-14,11.33,11.4,11.03,11.17
2004-06-15,11.18,11.57,10.85,11.27
2004-06-16,11.28,11.38,11.06,11.24
2004-06-17,11.24,11.4,11.02,11.03
2004-06-18,11.1,11.27,11.01,11.13
2004-06-21,11.15,11.72,11.14,11.68
2004-06-22,11.75,12.3,11.58,11.97
2004-06-23,11.94,12.13,11.7,12.12
2004-06-24,12.12,12.3,11.96,12.26
2004-06-25,12.35,12.4,11.2,11.29
2004-06-28,11.2,11.2,10.7,10.83
2004-06-29,10.75,11.13,10.7,11.1
2004-06-30,11.05,11.14,10.8,10.8
2004-07-01,10.88,11.24,10.75,11.18
2004-07-02,11.2,11.28,10.99,11.02
2004-07-05,11.01,11.1,10.96,11.07
2004-07-06,11.1,11.26,11.02,11.15
2004-07-07,11.1,11.1,10.82,10.85
2004-07-08,10.85,11.06,10.83,10.98
2004-07-09,11.09,11.24,10.82,10.86
2004-07-12,10.78,10.8,9.9,9.96
2004-07-13,9.95,10.13,9.82,9.94
2004-07-14,9.96,10.1,9.1,9.5
2004-07-15,9.48,9.65,9.3,9.48
2004-07-16,9.55,10.08,9.48,10.04
2004-07-19,10.06,10.18,9.86,10.05
2004-07-20,10.0,10.08,9.85,9.91
2004-07-21,9.85,10.0,9.78,9.82
2004-07-22,9.97,9.97,9.53,9.54
2004-07-23,9.6,10.19,9.43,9.92
2004-07-26,9.78,9.95,9.58,9.66
2004-07-27,9.65,9.8,9.5,9.6
2004-07-28,9.68,9.75,9.55,9.74
2004-07-29,9.79,10.1,9.7,10.02
2004-07-30,10.05,10.05,9.78,9.79
2004-08-02,9.68,9.75,9.53,9.63
2004-08-03,9.7,9.9,9.6,9.77
2004-08-04,9.76,10.07,9.65,10.02
2004-08-05,10.0,10.08,9.82,9.84
2004-08-06,9.72,9.9,9.6,9.65
2004-08-09,9.75,9.75,9.54,9.61
2004-08-10,9.61,9.65,9.55,9.62
2004-08-11,9.65,9.76,9.38,9.39
2004-08-12,9.38,9.38,9.12,9.17
2004-08-13,9.11,9.3,9.1,9.19
2004-08-16,9.13,9.17,8.62,8.7
2004-08-17,8.65,8.82,8.6,8.68
2004-08-18,8.68,8.77,8.65,8.65
2004-08-19,8.7,8.7,8.27,8.28
2004-08-20,8.28,8.3,7.86,8.0
2004-08-23,8.0,8.25,8.0,8.14
2004-08-24,8.06,8.49,8.02,8.37
2004-08-25,8.3,8.41,8.3,8.39
2004-08-26,8.39,8.44,8.23,8.24
2004-08-27,8.24,8.27,8.01,8.06
2004-08-30,8.0,8.15,7.88,8.09
2004-08-31,8.38,8.57,8.28,8.38
2004-09-01,8.36,8.38,8.18,8.18
2004-09-02,8.1,8.42,8.03,8.38
2004-09-03,8.39,8.45,8.28,8.31
2004-09-06,8.3,8.38,8.26,8.28
2004-09-07,8.26,8.38,8.26,8.29
2004-09-08,8.29,8.3,8.18,8.21
2004-09-09,8.15,8.16,8.0,8.07
2004-09-10,8.0,8.1,7.96,8.06
2004-09-13,8.06,8.14,7.88,7.9
2004-09-14,7.9,8.55,7.9,8.23
2004-09-15,8.22,8.93,8.22,8.72
2004-09-16,8.75,8.9,8.65,8.87
2004-09-17,8.8,9.18,8.76,9.17
2004-09-20,9.3,9.55,9.17,9.52
2004-09-21,9.5,9.71,9.26,9.41
2004-09-22,9.3,9.41,8.95,9.11
2004-09-23,9.13,9.38,9.0,9.37
2004-09-24,9.49,9.58,9.02,9.08
2004-09-27,9.3,9.3,8.9,8.97
2004-09-28,9.02,9.11,8.81,8.97
2004-09-29,9.0,9.22,8.88,8.91
2004-09-30,8.88,8.89,8.61,8.61
2004-10-08,8.62,8.9,8.4,8.87
2004-10-11,8.9,9.27,8.84,8.96
2004-10-12,8.88,9.0,8.8,8.8
2004-10-13,8.8,9.14,8.8,9.13
2004-10-14,9.13,9.13,8.35,8.37
2004-10-15,8.37,8.57,8.3,8.4
2004-10-18,8.4,8.58,8.38,8.52
2004-10-19,8.62,8.79,8.47,8.47
2004-10-20,8.48,8.48,8.2,8.28
2004-10-21,8.28,8.49,8.1,8.15
2004-10-22,8.25,8.32,8.01,8.3
2004-10-25,8.42,8.46,8.19,8.22
2004-10-26,8.28,8.6,8.22,8.58
2004-10-27,8.58,9.2,8.51,9.18
2004-10-28,9.21,9.23,8.88,8.88
2004-10-29,8.71,9.08,8.54,8.9
2004-11-01,8.87,9.0,8.71,8.77
2004-11-02,8.75,8.96,8.73,8.96
2004-11-03,9.0,9.35,9.0,9.23
2004-11-04,9.18,9.24,8.8,8.88
2004-11-05,8.9,9.1,8.88,8.92
2004-11-08,8.89,8.89,8.66,8.8
2004-11-09,8.78,9.1,8.76,8.99
2004-11-10,8.92,9.45,8.9,9.4
2004-11-11,9.4,9.65,9.22,9.22
2004-11-12,9.25,9.5,9.16,9.43
2004-11-15,9.68,9.68,9.41,9.61
2004-11-16,9.61,9.84,9.48,9.58
2004-11-17,9.6,9.73,9.42,9.53
2004-11-18,9.52,9.6,9.47,9.59
2004-11-19,9.66,9.68,9.4,9.51
2004-11-22,9.79,9.79,9.52,9.58
2004-11-23,9.6,9.6,9.35,9.45
2004-11-24,9.41,9.47,9.1,9.12
2004-11-26,8.98,9.12,8.85,9.0
2004-11-29,8.91,8.96,8.8,8.8
2004-11-30,8.8,8.94,8.8,8.9
2004-12-01,8.98,8.98,8.88,8.92
2004-12-02,8.85,8.95,8.76,8.93
2004-12-03,8.95,9.12,8.9,9.07
2004-12-06,9.05,9.05,8.88,9.01
2004-12-07,9.05,9.14,8.87,8.87
2004-12-08,8.99,9.09,8.88,8.95
2004-12-09,8.95,9.09,8.81,8.97
2004-12-10,8.95,8.96,8.66,8.67
2004-12-13,8.55,8.71,8.55,8.6
2004-12-14,8.65,8.7,8.5,8.53
2004-12-15,8.53,8.7,8.42,8.6
2004-12-16,8.6,8.64,8.47,8.5
2004-12-17,8.41,8.45,8.38,8.39
2004-12-20,8.26,8.39,8.2,8.27
2004-12-21,8.3,8.37,8.26,8.3
2004-12-22,8.3,8.6,8.3,8.59
2004-12-23,8.59,8.62,8.33,8.44
2004-12-24,8.35,8.5,8.31,8.39
2004-12-27,8.4,8.5,8.36,8.38
2004-12-28,8.35,8.48,8.31,8.45
2004-12-29,8.45,8.56,8.2,8.31
2004-12-30,8.3,8.39,8.22,8.28
2004-12-31,8.23,8.37,8.23,8.26
2005-01-04,8.36,8.36,8.01,8.12
2005-01-05,8.2,8.43,8.12,8.29
2005-01-06,8.29,8.29,8.13,8.21
2005-01-07,8.27,8.35,8.15,8.27
2005-01-10,8.25,8.37,8.25,8.35
2005-01-11,8.35,8.43,8.25,8.38
2005-01-12,8.38,8.48,8.38,8.46
2005-01-13,8.48,9.0,8.48,8.72
2005-01-14,8.62,8.83,8.5,8.51
2005-01-17,8.32,8.49,8.31,8.43
2005-01-18,8.48,8.7,8.44,8.7
2005-01-19,8.7,8.7,8.5,8.6
2005-01-20,8.65,8.68,8.36,8.38
2005-01-21,8.38,8.48,7.9,8.38
2005-01-24,8.51,8.68,8.5,8.61
2005-01-25,8.62,8.62,8.42,8.54
2005-01-26,8.46,8.5,8.31,8.32
2005-01-27,8.2,8.3,8.15,8.15
2005-01-28,8.15,8.18,8.0,8.04
2005-01-31,8.03,8.04,7.95,8.02
2005-02-01,8.02,8.1,7.45,7.53
2005-02-02,7.56,7.99,7.45,7.9
2005-02-03,7.88,8.08,7.66,7.7
2005-02-04,7.61,7.91,7.61,7.91
2005-02-16,7.93,8.15,7.93,8.0
2005-02-17,7.96,8.0,7.88,8.0
2005-02-18,8.02,8.05,7.95,7.98
2005-02-21,7.98,8.1,7.9,8.01
2005-02-22,8.01,8.28,8.0,8.27
2005-02-23,8.27,8.43,8.2,8.37
2005-02-24,8.27,8.42,8.24,8.36
2005-02-25,8.38,8.45,8.31,8.31
2005-02-28,8.32,8.39,8.24,8.36
2005-03-01,8.52,8.97,8.46,8.61
2005-03-02,8.55,8.58,8.32,8.39
2005-03-03,8.3,8.45,8.28,8.41
2005-03-04,8.41,8.42,8.26,8.27
2005-03-07,8.3,8.35,8.21,8.26
2005-03-08,8.27,8.49,8.25,8.47
2005-03-09,8.47,8.63,8.47,8.59
2005-03-10,8.59,8.61,8.26,8.29
2005-03-11,8.26,8.48,8.25,8.45
2005-03-14,8.44,8.46,8.2,8.33
2005-03-15,8.31,8.34,8.21,8.21
2005-03-16,8.21,8.21,7.98,8.03
2005-03-17,7.97,8.11,7.97,8.01
2005-03-18,7.9,8.05,7.7,7.78
2005-03-21,7.78,7.78,7.65,7.75
2005-03-22,7.67,7.74,7.58,7.6
2005-03-23,7.61,7.83,7.55,7.7
2005-03-25,7.7,7.81,7.67,7.71
2005-03-28,7.63,7.74,7.55,7.71
2005-03-29,7.69,7.8,7.67,7.67
2005-03-30,7.56,7.66,7.35,7.35
2005-03-31,7.32,7.61,7.3,7.48
2005-04-01,7.4,7.8,7.3,7.72
2005-04-04,7.7,7.7,7.5,7.65
2005-04-05,7.7,7.96,7.66,7.68
2005-04-06,7.7,7.8,7.57,7.77
2005-04-07,7.84,7.96,7.8,7.86
2005-04-08,7.8,7.96,7.76,7.91
2005-04-11,7.91,8.0,7.8,7.82
2005-04-12,7.8,7.81,7.59,7.61
2005-04-13,7.58,7.9,7.58,7.71
2005-04-14,7.73,7.76,7.59,7.69
2005-04-15,7.66,7.71,7.48,7.5
2005-04-18,7.49,7.5,7.2,7.22
2005-04-19,7.29,7.39,7.22,7.37
2005-04-20,7.48,7.48,7.33,7.37
2005-04-21,7.36,7.52,6.98,7.03
2005-04-22,7.3,7.3,6.61,6.8
2005-04-25,6.7,6.79,6.63,6.7
2005-04-26,6.75,6.82,6.69,6.75
2005-04-27,6.85,6.85,6.2,6.21
2005-04-28,6.1,6.4,6.03,6.33
2005-04-29,6.32,6.32,6.08,6.08
2005-05-09,6.1,6.2,5.8,5.8
2005-05-10,5.83,5.9,5.7,5.9
2005-05-11,5.9,6.01,5.88,5.9
2005-05-12,6.0,6.0,5.86,5.95
2005-05-13,5.95,6.12,5.95,6.08
2005-05-16,6.09,6.12,6.0,6.1
2005-05-17,5.95,6.12,5.94,6.11
2005-05-18,6.12,6.26,6.02,6.14
2005-05-19,6.05,6.2,6.05,6.1
2005-05-20,6.06,6.15,6.06,6.09
2005-05-23,6.1,6.1,5.77,5.86
2005-05-24,5.85,6.12,5.85,6.1
2005-05-25,6.11,6.36,6.08,6.22
2005-05-26,6.21,6.23,6.1,6.15
2005-05-27,6.15,6.35,6.12,6.25
2005-05-30,6.22,6.33,6.22,6.27
2005-05-31,6.25,6.31,6.15,6.16
2005-06-01,6.12,6.16,5.94,5.97
2005-06-02,6.03,6.28,5.97,6.27
2005-06-03,6.27,6.35,6.17,6.33
2005-06-06,6.33,6.4,6.25,6.34
2005-06-07,6.37,6.42,6.19,6.29
2005-06-08,6.28,6.84,6.28,6.83
2005-06-09,6.76,6.95,6.58,6.78
2005-06-10,6.8,6.8,6.56,6.63
2005-06-13,6.63,6.71,6.49,6.68
2005-06-14,6.66,6.71,6.51,6.52
2005-06-15,6.5,6.83,6.46,6.72
2005-06-16,6.7,6.76,6.51,6.66
2005-06-17,6.66,6.87,6.62,6.84
2005-06-30,7.52,7.52,6.95,6.98
2005-07-01,6.86,6.98,6.64,6.65
2005-07-04,6.68,6.78,6.43,6.75
2005-07-05,6.68,6.92,6.66,6.8
2005-07-06,6.82,6.98,6.75,6.83
2005-07-07,6.85,6.91,6.75,6.88
2005-07-08,6.82,6.82,6.58,6.68
2005-07-11,6.77,7.08,6.77,6.9
2005-07-12,6.88,7.31,6.83,7.3
2005-07-13,7.37,7.69,7.08,7.33
2005-07-14,7.2,7.46,7.15,7.34
2005-07-15,7.38,7.51,7.22,7.43
2005-07-18,7.5,7.5,7.2,7.36
2005-07-19,7.36,7.47,7.2,7.31
2005-08-08,6.5,7.17,6.45,6.68
2005-08-09,6.52,6.54,6.37,6.46
2005-08-10,6.42,6.68,6.38,6.61
2005-08-11,6.58,6.63,6.47,6.51
2005-08-12,6.51,6.6,6.43,6.56
2005-08-15,6.55,6.8,6.53,6.79
2005-08-16,6.85,6.97,6.52,6.53
2005-08-17,6.5,6.5,6.01,6.28
2005-08-18,6.2,6.66,6.08,6.2
2005-08-19,6.15,6.26,6.03,6.11
2005-08-22,6.16,6.17,6.02,6.09
2005-08-23,6.08,6.24,6.02,6.17
2005-08-24,6.19,6.2,6.05,6.12
2005-08-25,6.11,6.11,5.82,5.93
2005-08-26,5.9,6.04,5.81,6.03
2005-08-29,6.06,6.06,5.84,5.97
2005-08-30,6.0,6.57,5.97,6.25
2005-08-31,6.22,6.22,6.03,6.17
2005-09-01,6.18,6.27,6.03,6.25
2005-09-02,6.25,6.29,6.15,6.21
2005-09-05,6.25,6.27,6.18,6.24
2005-09-06,6.24,6.38,6.14,6.15
2005-09-07,6.12,6.23,6.1,6.22
2005-09-08,6.22,6.46,6.06,6.3
2005-09-09,6.25,6.29,6.13,6.15
2005-09-12,6.11,6.18,6.08,6.13
2005-09-13,6.11,6.26,6.09,6.24
2005-09-14,6.3,6.43,6.19,6.35
2005-09-15,6.35,6.37,6.23,6.34
2005-09-16,6.35,6.4,6.24,6.29
2005-09-19,6.29,6.45,6.28,6.39
2005-09-20,6.4,6.78,6.39,6.56
2005-09-21,6.53,6.75,6.34,6.62
2005-09-22,6.58,6.59,6.1,6.25
2005-09-23,6.25,6.3,6.11,6.12
2005-09-26,6.13,6.33,6.13,6.29
2005-09-27,6.3,6.41,6.01,6.1
2005-09-28,6.69,6.69,6.14,6.19
2005-09-29,6.19,6.32,6.14,6.28
2005-09-30,6.21,6.45,6.17,6.38
2005-10-10,6.4,6.48,6.3,6.37
2005-10-11,6.33,6.48,6.3,6.46
2005-10-12,6.48,6.66,6.41,6.58
2005-10-13,6.55,6.58,6.43,6.44
2005-10-14,6.44,6.52,6.35,6.48
2005-10-17,6.45,6.65,6.37,6.63
2005-10-18,6.65,6.68,6.53,6.63
2005-10-19,6.63,6.65,6.45,6.47
2005-10-20,6.49,6.49,6.15,6.25
2005-10-21,6.28,6.32,6.16,6.27
2005-10-24,6.3,6.3,6.19,6.29
2005-10-25,6.32,6.32,6.02,6.16
2005-10-26,6.26,6.27,6.15,6.22
2005-10-27,6.21,6.39,6.21,6.34
2005-10-28,6.34,6.37,5.91,6.17
2005-10-31,6.16,6.25,6.04,6.07
2005-11-01,6.07,6.07,5.71,5.88
2005-11-02,5.95,6.23,5.93,6.14
2005-11-03,6.13,6.19,5.92,6.15
2005-11-04,6.14,6.24,6.03,6.13
2005-11-07,6.15,6.18,6.05,6.13
2005-11-08,6.13,6.17,6.05,6.13
2005-11-09,6.17,6.4,6.17,6.25
2005-11-10,6.25,6.25,6.01,6.02
2005-11-11,5.95,6.06,5.91,6.01
2005-11-14,5.97,6.06,5.92,6.05
2005-11-15,6.06,6.11,5.9,5.94
2005-11-16,5.95,5.99,5.78,5.98
2005-11-17,5.98,6.04,5.93,5.94
2005-11-18,5.94,6.18,5.94,6.13
2005-11-21,6.18,6.35,6.18,6.24
2005-11-22,6.26,6.33,6.12,6.12
2005-11-23,6.1,6.25,6.09,6.2
2005-11-24,6.15,6.32,6.15,6.29
2005-11-25,6.32,6.34,6.23,6.29
2005-11-28,6.33,6.35,6.2,6.31
2005-11-29,6.29,6.34,6.12,6.17
2005-11-30,6.15,6.47,6.14,6.41
2005-12-01,6.37,6.47,6.31,6.4
2005-12-02,6.36,6.45,6.23,6.24
2005-12-05,6.2,6.21,5.99,6.0
2005-12-06,6.0,6.14,5.92,6.05
2005-12-07,6.06,6.11,6.0,6.08
2005-12-08,6.06,6.1,5.95,6.02
2005-12-09,6.05,6.34,6.0,6.29
2005-12-12,6.28,6.39,6.25,6.29
2005-12-13,6.29,6.45,6.26,6.44
2005-12-14,6.44,6.49,6.36,6.43
2005-12-15,6.41,6.5,6.29,6.36
2005-12-16,6.32,6.48,6.29,6.46
2005-12-20,6.4,6.77,6.28,6.68
2005-12-21,6.68,6.78,6.62,6.7
2005-12-22,6.7,7.03,6.64,6.91
2005-12-23,6.93,7.1,6.9,6.95
2005-12-26,6.95,7.38,6.92,7.25
2005-12-27,7.25,7.45,7.18,7.25
2005-12-28,7.25,7.44,7.13,7.32
2005-12-29,7.3,7.41,7.25,7.3
2005-12-30,7.3,7.33,7.12,7.15
2006-01-04,7.18,7.62,7.18,7.5
2006-01-05,7.43,7.55,7.34,7.45
2006-01-06,7.49,7.55,7.32,7.4
2006-01-09,7.39,7.52,7.32,7.47
2006-01-10,7.47,7.47,7.28,7.4
2006-01-11,7.4,7.4,7.23,7.31
2006-01-12,7.3,7.55,7.3,7.53
2006-01-13,7.54,7.79,7.46,7.61
2006-01-16,7.55,7.55,7.16,7.17
2006-01-17,7.15,7.25,7.05,7.14
2006-01-18,7.14,7.38,7.08,7.36
2006-01-19,7.36,7.39,7.21,7.35
2006-01-20,7.37,7.42,7.22,7.3
2006-01-23,7.35,7.52,7.16,7.32
2006-01-24,7.26,8.05,7.2,7.96
2006-01-25,7.9,8.17,7.83,8.08
2006-02-06,8.08,8.27,7.96,8.19
2006-02-07,8.19,8.19,7.71,7.83
2006-02-08,7.79,7.93,7.66,7.86
2006-02-09,7.86,7.88,7.62,7.73
2006-02-10,7.73,7.87,7.64,7.74
2006-02-13,7.77,7.78,7.38,7.47
2006-02-14,7.47,7.6,7.4,7.56
2006-02-15,7.56,7.78,7.51,7.57
2006-02-16,7.6,7.65,7.28,7.35
2006-02-17,7.3,7.42,7.27,7.41
2006-02-20,7.38,7.45,7.26,7.32
2006-02-21,7.28,7.7,7.08,7.66
2006-02-22,7.63,7.63,7.44,7.48
2006-02-23,7.43,7.55,7.24,7.31
2006-02-24,7.32,7.39,7.25,7.31
2006-02-27,7.39,7.39,7.25,7.29
2006-02-28,7.24,7.39,7.06,7.34
2006-03-01,7.3,7.46,7.26,7.42
2006-03-02,7.42,7.44,7.2,7.28
2006-03-03,7.23,7.32,7.05,7.16
2006-03-06,7.16,7.32,7.03,7.24
2006-03-07,7.24,7.24,6.86,6.91
2006-03-08,6.8,6.9,6.68,6.79
2006-03-09,6.8,6.85,6.6,6.61
2006-03-10,6.62,6.8,6.62,6.71
2006-03-13,6.7,6.83,6.68,6.79
2006-03-14,6.81,6.86,6.72,6.8
2006-03-15,6.76,6.92,6.73,6.92
2006-03-16,6.92,6.96,6.83,6.89
2006-03-17,6.85,7.03,6.82,7.0
2006-03-20,6.96,7.05,6.93,7.03
2006-03-21,7.1,7.1,6.99,7.0
2006-03-22,7.0,7.02,6.9,6.99
2006-03-23,6.97,7.14,6.95,7.12
2006-03-24,7.12,7.12,6.93,6.94
2006-03-27,6.89,7.03,6.78,7.02
2006-03-29,7.02,7.19,6.97,7.08
2006-03-30,7.08,7.14,6.92,6.95
2006-03-31,6.85,6.98,6.84,6.89
2006-04-03,6.88,7.19,6.85,7.17
2006-04-04,7.17,7.53,7.17,7.49
2006-04-05,7.58,7.78,7.5,7.55
2006-04-06,7.54,7.64,7.38,7.48
2006-04-07,7.49,7.97,7.49,7.93
2006-04-10,8.05,8.07,7.79,7.97
2006-04-11,8.01,8.05,7.75,7.91
2006-04-12,7.9,7.95,7.75,7.76
2006-04-13,7.72,8.05,7.62,7.63
2006-04-14,7.61,7.85,7.43,7.84
2006-04-18,7.9,7.95,7.61,7.8
2006-04-19,7.74,7.74,7.41,7.56
2006-04-20,7.56,7.59,7.24,7.44
2006-04-21,7.36,7.62,7.26,7.57
2006-04-24,7.59,7.59,6.98,7.07
2006-04-25,6.98,7.21,6.88,7.14
2006-04-26,7.1,7.52,7.04,7.35
2006-04-27,7.37,7.51,7.25,7.32
2006-04-28,7.21,7.39,7.05,7.31
2006-05-08,7.32,7.74,7.26,7.6
2006-05-09,7.6,7.98,7.51,7.91
2006-05-10,7.9,8.56,7.76,8.29
2006-05-11,8.28,8.38,7.77,7.81
2006-05-12,7.77,8.2,7.67,8.09
2006-05-15,8.13,8.64,7.97,8.49
2006-05-16,8.39,8.62,7.82,7.93
2006-05-17,7.86,8.3,7.84,8.14
2006-05-18,8.1,8.95,7.95,8.95
2006-05-19,8.95,9.1,8.68,9.03
2006-05-22,9.03,9.24,8.81,8.89
2006-05-23,8.81,8.81,8.03,8.07
2006-05-24,8.03,8.38,7.6,7.84
2006-05-25,7.84,8.0,7.63,7.98
2006-05-26,8.0,8.17,7.96,8.12
2006-05-29,8.13,8.31,8.08,8.3
2006-05-30,8.28,8.4,8.1,8.24
2006-05-31,8.29,8.46,8.1,8.12
2006-06-01,8.13,8.55,8.12,8.44
2006-06-02,8.44,8.86,8.38,8.59
2006-06-05,8.82,8.89,8.51,8.82
2006-06-06,8.82,8.82,8.55,8.62
2006-06-07,8.58,8.58,7.76,7.77
2006-06-08,7.7,7.89,7.5,7.79
2006-06-09,7.78,7.94,7.6,7.63
2006-06-12,7.55,7.71,7.5,7.64
2006-06-13,7.66,7.76,7.55,7.71
2006-06-14,7.71,7.72,7.53,7.7
2006-06-15,7.66,7.89,7.66,7.77
2006-06-16,7.88,8.0,7.8,7.95
2006-06-19,7.88,8.16,7.7,8.07
2006-06-20,8.1,8.1,7.93,8.09
2006-06-21,8.06,8.06,7.88,7.91
2006-06-22,7.85,7.95,7.72,7.76
2006-06-23,7.72,8.03,7.72,7.98
2006-06-26,8.09,8.28,7.91,8.27
2006-06-27,8.3,8.36,8.17,8.28
2006-06-28,8.32,8.74,8.32,8.62
2006-06-29,9.02,9.24,8.92,8.98
2006-06-30,9.1,9.24,8.97,9.15
2006-07-03,9.3,10.07,9.3,9.86
2006-07-04,9.89,10.4,9.8,10.02
2006-07-05,10.26,10.26,9.75,10.19
2006-07-06,10.22,10.51,10.07,10.2
2006-07-07,10.18,10.18,9.8,9.85
2006-07-10,9.78,9.94,9.6,9.84
2006-07-11,10.03,10.45,10.0,10.11
2006-07-12,10.19,10.37,9.97,10.02
2006-07-13,9.94,9.94,9.07,9.08
2006-07-14,9.06,9.44,8.98,9.43
2006-07-17,9.42,9.56,9.25,9.41
2006-07-18,9.38,9.85,9.26,9.8
2006-07-19,9.75,9.87,9.36,9.51
2006-07-20,9.9,10.02,9.69,9.92
2006-07-21,9.92,9.92,9.7,9.84
2006-07-24,9.89,10.0,9.68,9.79
2006-07-25,9.82,10.0,9.69,9.94
2006-07-26,9.93,10.1,9.72,9.83
2006-07-28,9.72,9.72,8.94,9.18
2006-07-31,9.07,9.07,8.45,8.51
2006-08-01,8.5,8.68,8.4,8.47
2006-08-02,8.5,8.65,8.3,8.54
2006-08-03,8.55,8.63,8.45,8.5
2006-08-04,8.5,8.58,7.98,8.02
2006-08-07,7.95,8.07,7.62,7.68
2006-08-08,7.68,8.17,7.68,8.16
2006-08-09,8.15,8.36,8.06,8.25
2006-08-10,8.34,8.34,8.12,8.19
2006-08-11,8.21,8.37,8.14,8.3
2006-08-14,8.41,8.41,7.95,7.96
2006-08-15,7.81,8.33,7.81,8.32
2006-08-16,8.28,8.38,8.18,8.34
2006-08-17,8.25,8.33,8.11,8.2
2006-08-18,8.16,8.4,8.14,8.22
2006-08-21,7.69,8.44,7.69,8.38
2006-08-22,8.3,8.44,8.3,8.36
2006-08-23,8.3,8.43,8.2,8.21
2006-08-24,8.23,8.38,8.2,8.31
2006-08-25,8.31,8.4,8.29,8.32
2006-08-28,8.36,8.64,8.32,8.6
2006-08-29,8.65,8.86,8.58,8.59
2006-08-30,8.59,8.7,8.46,8.65
2006-08-31,8.65,8.82,8.65,8.75
2006-09-01,8.7,8.85,8.38,8.42
2006-09-04,8.38,8.78,8.37,8.75
2006-09-05,8.76,8.85,8.66,8.85
2006-09-06,8.85,9.14,8.75,9.13
2006-09-07,9.2,9.2,8.82,8.9
2006-09-08,8.9,8.92,8.8,8.87
2006-09-11,8.86,8.9,8.57,8.74
2006-09-12,8.76,9.1,8.7,8.88
2006-09-13,8.89,9.0,8.64,8.65
2006-09-14,8.63,8.79,8.51,8.65
2006-09-15,8.6,8.85,8.6,8.75
2006-09-18,8.79,8.88,8.76,8.81
2006-09-19,8.79,8.97,8.77,8.9
2006-09-20,8.88,8.9,8.75,8.8
2006-09-21,8.8,8.86,8.68,8.71
2006-09-22,8.7,9.16,8.57,8.83
2006-09-25,8.83,9.29,8.83,9.15
2006-09-26,9.2,9.35,9.12,9.23
2006-09-27,9.32,9.32,9.08,9.26
2006-09-28,9.34,9.54,9.26,9.5
2006-09-29,9.54,9.75,9.41,9.45
2006-10-09,9.58,9.96,9.58,9.79
2006-10-10,9.76,9.94,9.65,9.78
2006-10-11,9.78,9.89,9.44,9.53
2006-10-12,9.52,9.52,9.25,9.3
2006-10-13,9.29,9.82,9.29,9.51
2006-10-16,9.52,9.79,9.43,9.7
2006-10-17,9.53,9.66,9.45,9.49
2006-10-18,9.48,10.06,9.48,9.99
2006-10-19,9.95,10.21,9.93,10.01
2006-10-20,10.01,10.1,9.85,9.95
2006-10-23,10.05,10.41,9.77,9.87
2006-10-24,9.87,10.5,9.86,10.48
2006-10-25,10.4,10.55,10.15,10.4
2006-10-26,10.37,10.5,10.15,10.4
2006-10-27,10.34,10.79,10.34,10.48
2006-10-30,10.51,10.55,10.09,10.37
2006-10-31,10.4,10.4,10.13,10.33
2006-11-01,10.3,10.43,10.05,10.1
2006-11-02,10.11,10.3,10.09,10.25
2006-11-03,10.2,10.2,9.89,10.0
2006-11-06,9.87,10.25,9.84,9.97
2006-11-07,9.97,10.24,9.81,10.09
2006-11-08,10.15,10.3,10.08,10.14
2006-11-09,10.14,10.18,9.86,10.02
2006-11-10,10.06,10.09,9.47,9.6
2006-11-13,9.58,9.62,9.08,9.25
2006-11-14,9.29,9.72,9.27,9.7
2006-11-15,9.68,9.9,9.51,9.78
2006-11-16,9.92,10.22,9.92,9.98
2006-11-17,9.86,10.03,9.84,9.98
2006-11-20,10.03,10.16,9.75,9.78
2006-11-21,9.82,9.85,9.43,9.84
2006-11-22,9.78,10.25,9.66,10.01
2006-11-23,9.98,10.19,9.9,10.11
2006-11-24,10.13,10.18,9.9,10.06
2006-11-27,10.06,10.37,9.97,10.32
2006-11-28,10.35,10.5,10.23,10.43
2006-11-29,10.28,10.45,10.08,10.43
2006-11-30,10.49,10.49,10.33,10.4
2006-12-01,10.39,10.69,10.32,10.37
2006-12-04,10.38,11.1,10.35,10.95
2006-12-05,10.94,11.09,10.73,10.85
2006-12-06,10.95,11.8,10.8,11.67
2006-12-07,11.6,12.29,11.11,11.29
2006-12-08,11.03,11.34,10.4,10.41
2006-12-11,10.51,11.39,10.51,11.35
2006-12-12,11.33,11.65,10.89,11.25
2006-12-13,11.26,11.45,10.96,11.45
2006-12-14,11.37,11.7,11.17,11.67
2006-12-15,11.85,11.85,11.51,11.55
2006-12-18,11.74,11.75,11.4,11.45
2006-12-19,11.43,11.88,11.41,11.74
2006-12-20,11.74,11.79,11.5,11.6
2006-12-21,11.7,11.97,11.41,11.42
2006-12-22,11.31,11.4,11.0,11.11
2006-12-25,11.03,11.3,10.8,11.0
2006-12-26,11.07,11.12,10.71,10.76
2006-12-27,10.74,11.25,10.74,11.19
2006-12-28,11.1,11.28,10.78,10.88
2006-12-29,11.09,11.09,10.7,10.73
2007-01-04,10.85,11.08,10.82,10.85
2007-01-05,10.88,11.82,10.88,11.6
2007-01-08,11.63,12.09,11.54,12.02
2007-01-09,12.0,12.09,11.85,11.98
2007-01-10,11.98,12.43,11.68,12.34
2007-01-11,12.35,12.55,11.9,11.93
2007-01-12,11.87,11.93,11.3,11.36
2007-01-15,11.36,12.04,11.25,11.97
2007-01-16,12.0,12.25,11.8,12.13
2007-01-17,12.12,12.75,11.6,12.52
2007-01-18,12.49,12.98,12.2,12.87
2007-01-19,13.05,13.28,12.75,13.09
2007-01-22,13.05,14.0,13.05,13.85
2007-01-23,14.4,15.15,14.0,14.6
2007-01-24,14.61,14.83,14.21,14.57
2007-01-25,14.59,14.59,13.5,13.67
2007-01-26,13.48,14.05,13.02,13.79
2007-01-29,13.83,14.77,13.75,14.76
2007-01-30,14.89,14.98,14.0,14.29
2007-01-31,14.41,14.79,13.36,13.58
2007-02-01,13.4,13.8,12.58,13.35
2007-02-02,13.28,13.8,13.05,13.06
2007-02-05,13.21,13.45,13.0,13.33
2007-02-06,13.43,13.69,13.35,13.59
2007-02-07,13.65,13.82,13.33,13.48
2007-02-08,13.45,14.15,13.39,13.98
2007-02-09,13.95,13.95,13.6,13.76
2007-02-12,13.76,14.25,13.7,14.13
2007-02-13,14.1,14.77,14.0,14.71
2007-02-14,14.7,14.95,14.56,14.71
2007-02-15,14.95,15.25,14.61,15.24
2007-02-16,15.8,15.99,15.25,15.34
2007-02-26,15.1,15.78,15.03,15.65
2007-02-27,15.67,15.72,14.09,14.09
2007-02-28,14.01,14.79,13.9,14.56
2007-03-01,14.5,14.5,13.51,13.71
2007-03-02,13.71,14.32,13.71,14.05
2007-03-05,14.0,14.44,13.41,14.1
2007-03-06,14.0,14.2,13.76,14.07
2007-03-07,14.1,14.4,14.1,14.26
2007-03-08,14.35,14.59,14.26,14.52
2007-03-09,14.69,14.69,14.0,14.16
2007-03-12,14.15,14.37,13.8,14.26
2007-03-13,14.26,14.69,14.26,14.66
2007-03-14,14.58,14.6,14.08,14.24
2007-03-15,14.25,14.8,14.25,14.7
2007-03-16,14.7,14.98,14.3,14.56
2007-03-19,13.97,14.54,13.75,14.4
2007-03-20,14.38,14.72,14.3,14.59
2007-03-21,14.61,15.2,14.6,15.14
2007-03-22,15.35,15.36,14.75,14.79
2007-03-23,14.82,14.99,14.35,14.72
2007-03-26,14.82,15.52,14.82,15.3
2007-03-27,15.4,15.48,15.12,15.46
2007-03-28,15.46,15.49,14.31,14.98
2007-03-29,14.9,15.1,14.32,14.33
2007-03-30,14.33,14.63,14.33,14.45
2007-04-02,14.45,14.63,14.41,14.61
2007-04-03,14.61,14.94,14.55,14.93
2007-04-04,15.03,15.2,14.82,15.04
2007-04-05,15.04,15.13,14.8,15.09
2007-04-06,14.98,15.33,14.86,15.26
2007-04-09,15.36,15.79,15.31,15.48
2007-04-10,15.51,15.57,14.88,15.22
2007-04-11,15.23,15.26,14.9,15.18
2007-04-12,15.16,16.0,15.08,15.9
2007-04-13,16.02,16.1,15.18,15.25
2007-04-16,15.25,15.61,15.01,15.56
2007-04-17,15.61,16.0,15.35,15.99
2007-04-18,16.05,16.48,16.05,16.14
2007-04-19,16.05,16.05,14.53,14.71
2007-04-20,15.0,15.31,14.78,15.22
2007-04-23,15.35,15.76,15.24,15.7
2007-04-24,15.75,15.9,15.45,15.87
2007-04-25,15.82,15.88,15.25,15.51
2007-04-26,15.51,15.78,15.42,15.7
2007-04-27,15.69,17.0,15.66,16.69
2007-04-30,16.66,16.66,16.21,16.43
2007-05-08,16.58,17.38,16.58,16.88
2007-05-09,16.8,16.95,16.02,16.44
2007-05-11,16.51,16.6,15.82,16.13
2007-05-14,15.76,16.3,15.6,15.93
2007-05-15,15.85,16.1,15.2,15.32
2007-05-16,15.23,15.75,15.1,15.74
2007-05-17,15.7,16.19,15.61,16.17
2007-05-18,16.11,16.28,15.85,15.99
2007-05-21,15.48,16.17,15.31,16.14
2007-05-22,16.16,16.72,16.16,16.33
2007-05-23,16.37,16.99,16.31,16.77
2007-05-24,16.81,17.02,16.08,16.31
2007-05-25,16.25,17.36,16.1,17.26
2007-05-28,17.45,18.99,17.28,18.99
2007-05-30,20.89,20.89,18.75,20.28
2007-05-31,20.42,20.85,18.25,18.71
2007-06-01,19.1,19.2,16.84,16.84
2007-06-04,16.84,17.2,15.16,15.16
2007-06-05,14.73,15.6,13.64,15.49
2007-06-06,15.29,15.88,15.01,15.38
2007-06-07,16.15,16.55,15.78,16.34
2007-06-08,16.3,16.8,15.97,16.1
2007-06-11,16.16,16.68,16.08,16.29
2007-06-12,16.27,17.27,15.66,17.21
2007-06-13,17.53,18.07,17.31,17.41
2007-06-14,17.32,18.2,17.0,17.62
2007-06-15,17.62,18.15,17.3,17.81
2007-06-18,18.35,18.5,17.85,17.89
2007-06-19,17.81,18.27,17.6,18.01
2007-06-20,18.0,18.27,16.4,16.86
2007-06-21,16.8,17.2,16.45,16.85
2007-06-22,16.99,16.99,15.17,15.47
2007-06-25,15.49,15.8,14.01,14.34
2007-06-26,14.6,15.39,14.34,15.33
2007-06-27,15.55,15.95,15.22,15.75
2007-06-28,15.75,16.0,14.58,14.6
2007-06-29,14.27,14.57,13.8,13.86
2007-07-02,13.2,14.5,13.2,14.3
2007-07-03,14.5,14.65,14.01,14.63
2007-07-04,14.76,15.4,14.31,14.76
2007-07-05,14.76,15.0,14.0,14.06
2007-07-06,13.9,14.8,13.6,14.72
2007-07-09,14.72,15.22,14.72,15.06
2007-07-10,14.89,15.0,14.3,14.66
2007-07-11,14.6,15.0,14.1,14.81
2007-07-12,14.79,14.89,14.53,14.85
2007-07-13,14.85,14.85,14.47,14.73
2007-07-16,14.97,14.97,14.31,14.31
2007-07-17,14.31,14.91,14.1,14.84
2007-07-18,15.4,15.85,15.1,15.44
2007-07-19,15.4,15.52,15.1,15.26
2007-07-20,15.26,15.61,15.11,15.53
2007-07-23,15.5,16.38,15.5,16.16
2007-07-24,16.18,17.6,16.18,16.85
2007-07-25,16.8,17.28,16.7,17.03
2007-07-26,17.15,17.2,16.8,16.97
2007-07-27,16.85,17.16,16.5,16.98
2007-07-30,16.71,17.5,16.71,17.24
2007-07-31,17.2,17.58,17.03,17.53
2007-08-01,17.56,18.2,16.41,16.51
2007-08-02,16.55,16.96,16.2,16.82
2007-08-03,17.02,17.54,16.58,17.3
2007-08-06,17.5,17.97,17.33,17.61
2007-08-07,17.59,18.48,17.4,17.75
2007-08-08,17.78,17.78,16.66,17.19
2007-08-09,17.24,17.27,16.79,16.96
2007-08-10,16.9,17.1,16.3,16.31
2007-08-13,16.51,16.78,16.03,16.73
2007-08-14,16.99,17.18,16.18,17.0
2007-08-15,17.0,17.15,16.31,16.55
2007-08-16,16.57,16.74,16.31,16.61
2007-08-17,16.58,17.02,16.5,16.74
2007-08-20,17.02,17.44,17.0,17.21
2007-08-21,17.13,17.38,17.05,17.35
2007-08-22,17.25,17.77,17.07,17.41
2007-08-23,17.7,17.7,17.19,17.21
2007-08-24,17.2,17.6,17.15,17.2
2007-08-27,17.3,17.58,16.65,16.84
2007-08-28,16.88,16.88,16.41,16.77
2007-08-29,16.8,16.8,16.3,16.5
2007-08-30,16.54,17.18,16.54,17.08
2007-08-31,17.12,17.34,17.01,17.09
2007-09-03,17.1,17.94,17.09,17.64
2007-09-04,17.77,18.4,17.51,18.04
2007-09-06,18.2,18.34,17.6,17.67
2007-09-07,17.7,18.54,17.35,18.07
2007-09-10,17.8,18.77,17.5,18.7
2007-09-11,19.0,19.12,17.5,17.92
2007-09-12,17.8,18.05,17.1,17.84
2007-09-13,17.84,18.08,17.69,17.88
2007-09-14,17.9,18.0,17.71,17.8
2007-09-17,17.71,19.58,17.71,19.58
2007-09-18,19.4,19.79,18.85,19.28
2007-09-19,19.64,19.99,19.01,19.65
2007-09-20,19.8,20.4,19.5,19.99
2007-09-21,20.3,20.38,18.9,19.1
2007-09-24,18.6,19.4,18.46,18.8
2007-09-25,18.8,18.9,18.21,18.36
2007-09-26,18.41,18.81,17.91,18.06
2007-09-27,18.15,19.5,18.1,19.35
2007-09-28,19.66,20.5,18.9,20.07
2007-10-08,20.33,20.5,19.6,20.27
2007-10-09,20.5,20.59,19.98,20.47
2007-10-10,20.46,20.69,20.02,20.35
2007-10-11,20.3,20.4,19.3,19.49
2007-10-12,19.44,19.59,17.65,18.49
2007-10-15,18.4,18.78,17.8,18.36
2007-10-16,18.42,18.9,18.3,18.65
2007-10-17,18.5,19.38,18.2,18.61
2007-10-18,18.75,18.9,17.9,17.94
2007-10-19,17.91,18.39,17.9,18.03
2007-10-22,17.87,18.26,17.3,17.35
2007-10-23,17.35,18.2,16.8,17.86
2007-10-24,17.68,18.17,17.68,17.94
2007-10-25,17.93,18.1,16.38,16.54
2007-10-26,16.99,17.29,16.27,16.92
2007-10-29,17.0,17.45,16.76,17.25
2007-10-30,17.76,17.99,17.41,17.75
2007-11-01,17.41,18.34,17.26,17.83
2007-11-02,17.5,18.53,17.38,18.46
2007-11-05,18.39,18.9,18.0,18.5
2007-11-06,18.4,18.84,17.7,18.49
2007-11-07,19.3,19.32,18.63,18.68
2007-11-08,18.66,18.66,17.48,17.5
2007-11-09,17.5,17.93,17.1,17.44
2007-11-12,17.5,17.67,17.12,17.53
2007-11-13,17.7,17.9,17.5,17.81
2007-11-14,18.0,18.27,17.56,18.24
2007-11-15,19.2,19.2,17.97,18.14
2007-11-16,17.85,18.5,17.66,18.45
2007-11-19,18.55,18.95,18.5,18.82
2007-11-20,18.8,19.17,18.6,19.07
2007-11-21,19.3,19.32,18.71,18.96
2007-11-22,18.5,18.8,18.15,18.25
2007-11-23,18.19,19.35,18.17,19.34
2007-11-26,19.55,19.68,18.7,18.8
2007-11-27,18.61,19.66,18.61,19.03
2007-11-28,19.0,19.5,18.5,18.58
2007-11-29,18.74,19.0,18.03,18.52
2007-11-30,18.6,18.7,17.85,17.88
2007-12-03,17.8,18.37,17.6,17.92
2007-12-04,17.91,18.25,17.64,17.79
2007-12-05,17.52,18.21,17.52,18.1
2007-12-06,18.1,18.75,18.02,18.59
2007-12-07,18.6,18.96,18.6,18.71
2007-12-10,18.95,19.75,18.7,19.35
2007-12-11,19.4,20.34,19.17,20.32
2007-12-12,20.22,20.56,20.0,20.32
2007-12-13,20.3,20.57,19.5,19.53
2007-12-14,19.01,20.56,19.01,20.53
2007-12-17,20.65,21.88,20.62,21.26
2007-12-18,21.3,21.48,20.71,21.17
2007-12-19,21.2,22.18,20.9,21.06
2007-12-20,21.12,21.79,21.07,21.24
2007-12-21,21.23,21.74,21.18,21.4
2007-12-24,21.78,22.68,21.53,22.28
2007-12-25,22.5,22.75,21.89,22.0
2007-12-26,22.15,22.38,21.85,22.24
2007-12-27,23.98,23.98,22.41,22.59
2007-12-28,22.5,23.07,21.81,22.28
2008-01-02,22.38,23.5,22.18,23.1
2008-01-03,23.1,23.94,22.85,23.74
2008-01-04,23.78,24.26,23.43,23.74
2008-01-07,23.6,23.8,23.31,23.61
2008-01-08,23.92,23.98,22.65,22.79
2008-01-09,22.68,23.24,22.67,22.99
2008-01-10,23.18,25.29,22.8,25.28
2008-01-11,24.9,26.1,24.68,25.77
2008-01-14,26.1,26.22,25.25,25.69
2008-01-15,25.62,26.5,25.31,26.05
2008-01-16,26.1,27.95,25.91,27.37
2008-01-17,27.0,27.44,25.01,26.6
2008-01-18,26.3,27.1,25.75,26.78
2008-01-21,26.5,27.27,24.85,24.95
2008-01-22,24.3,26.1,22.89,23.77
2008-01-23,24.51,25.8,23.88,25.78
2008-01-24,25.91,28.1,25.58,27.53
2008-01-25,27.6,28.06,27.11,27.83
2008-01-28,28.1,28.98,27.0,27.01
2008-01-29,27.0,28.5,26.5,27.36
2008-01-30,27.58,28.37,25.33,27.02
2008-01-31,27.01,27.17,24.6,24.74
2008-02-01,24.9,25.3,22.3,23.3
2008-02-04,24.36,25.49,24.3,25.3
2008-02-05,25.18,25.76,24.85,25.33
2008-02-13,24.99,25.45,24.0,24.1
2008-02-14,24.31,24.88,24.2,24.58
2008-02-15,24.34,26.0,23.85,25.97
2008-02-18,26.4,27.8,26.4,27.1
2008-02-19,26.9,27.44,26.73,27.11
2008-02-20,27.68,27.69,26.71,27.26
2008-02-21,27.02,28.51,26.65,28.3
2008-02-22,28.2,28.68,26.61,27.09
2008-02-25,26.87,27.19,24.91,25.09
2008-02-26,25.69,26.16,24.37,25.34
2008-02-27,25.56,26.2,25.34,25.74
2008-02-28,26.02,26.1,25.11,25.4
2008-02-29,25.53,27.38,25.53,27.32
2008-03-03,26.61,28.09,26.51,27.71
2008-03-04,27.79,28.0,26.75,26.85
2008-03-05,26.5,27.3,26.1,26.73
2008-03-06,26.75,27.15,26.0,26.58
2008-03-07,26.8,26.85,25.3,25.49
2008-03-10,25.36,25.4,23.78,24.0
2008-03-11,23.65,24.33,23.0,24.06
2008-03-12,24.34,24.7,21.8,22.1
2008-03-13,22.05,23.17,21.61,22.74
2008-03-14,22.3,22.8,21.28,21.48
2008-03-17,21.2,21.56,19.33,19.4
2008-03-18,19.35,20.2,18.52,19.08
2008-03-19,19.7,20.99,19.7,20.99
2008-03-20,20.88,22.58,19.75,22.07
2008-03-21,22.18,22.47,21.43,21.65
2008-03-24,21.98,22.67,21.66,21.68
2008-03-25,21.5,22.0,20.72,21.92
2008-03-26,21.21,22.49,21.21,21.69
2008-03-27,21.31,21.93,20.23,20.76
2008-03-28,20.6,21.66,19.8,21.54
2008-03-31,21.08,21.46,19.39,20.34
2008-04-01,19.95,20.31,18.31,18.31
2008-04-02,18.33,18.79,16.48,16.78
2008-04-03,16.15,17.3,16.12,17.16
2008-04-07,17.0,18.5,16.51,18.36
2008-04-08,18.24,18.77,17.99,18.06
2008-04-09,18.0,18.75,16.5,17.2
2008-04-10,16.9,17.66,16.38,17.54
2008-04-11,17.98,18.02,16.75,16.85
2008-04-14,15.88,15.88,15.17,15.17
2008-04-15,14.71,15.38,14.31,15.3
2008-04-16,15.34,15.56,15.0,15.07
2008-04-17,15.11,15.42,13.56,13.66
2008-04-18,13.8,13.8,12.6,12.69
2008-04-21,13.95,13.95,12.4,12.9
2008-04-22,12.65,12.85,11.88,12.69
2008-04-23,12.7,13.4,12.36,13.24
2008-04-24,14.38,14.56,13.91,14.56
2008-04-25,14.55,15.48,14.01,14.7
2008-04-28,14.36,14.69,14.19,14.25
2008-04-29,14.03,14.59,14.01,14.29
2008-04-30,14.45,15.14,14.4,15.04
2008-05-05,15.25,16.54,14.83,16.54
2008-05-06,16.4,16.65,15.95,16.21
2008-05-07,16.2,16.86,15.56,15.6
2008-05-09,17.16,17.16,16.65,17.16
2008-05-12,16.8,17.82,16.57,17.29
2008-05-13,16.7,17.5,16.4,17.2
2008-05-14,17.2,18.2,17.0,17.96
2008-05-15,17.83,18.59,17.63,17.99
2008-05-16,17.9,18.38,16.9,17.34
2008-05-19,17.01,17.4,16.51,17.13
2008-05-20,17.1,17.22,15.42,15.42
2008-05-21,14.75,15.7,14.43,15.29
2008-05-22,15.19,16.08,14.9,15.43
2008-05-23,15.43,16.97,14.8,16.97
2008-05-26,17.5,18.25,17.0,17.22
2008-05-27,16.79,16.87,15.5,16.11
2008-05-28,15.7,16.25,15.61,15.99
2008-05-29,15.79,16.55,15.58,15.6
2008-05-30,15.25,15.9,14.78,14.93
2008-06-02,14.99,15.9,14.9,15.89
2008-06-03,16.1,16.6,14.4,14.79
2008-06-04,14.37,14.37,13.31,13.54
2008-06-05,13.5,13.87,13.23,13.57
2008-06-06,13.56,13.67,13.18,13.41
2008-06-10,12.8,12.8,12.07,12.07
2008-06-11,12.02,12.49,11.51,11.67
2008-06-12,11.52,11.79,11.1,11.64
2008-06-13,11.61,11.79,11.15,11.2
2008-06-16,11.3,11.38,10.82,11.01
2008-06-17,11.01,11.47,10.31,10.39
2008-06-18,10.21,11.2,9.9,11.15
2008-06-19,10.9,10.9,9.86,9.86
2008-06-20,9.89,10.4,9.25,9.91
2008-06-23,9.55,9.98,9.52,9.76
2008-06-24,9.74,10.37,9.74,10.25
2008-06-25,10.29,10.9,10.2,10.78
2008-06-26,10.72,11.45,10.67,11.26
2008-06-27,10.75,10.93,10.13,10.24
2008-06-30,10.25,10.8,10.06,10.69
2008-07-01,10.64,10.77,10.21,10.25
2008-07-02,10.35,11.0,10.26,10.73
2008-07-03,10.5,11.44,10.34,11.29
2008-07-04,11.33,11.95,11.1,11.83
2008-07-07,11.65,12.29,11.62,12.2
2008-07-08,12.18,12.28,11.85,12.06
2008-07-09,12.15,12.35,11.96,12.24
2008-07-10,12.25,12.77,12.12,12.27
2008-07-11,12.11,12.38,11.56,11.79
2008-07-14,11.69,11.97,11.35,11.94
2008-07-15,11.98,12.09,10.85,10.87
2008-07-16,10.76,11.49,10.5,10.86
2008-07-17,11.01,11.15,10.33,10.56
2008-07-18,10.65,11.32,10.61,11.25
2008-07-21,11.18,11.78,11.03,11.69
2008-07-22,11.68,12.05,11.55,11.83
2008-07-23,11.78,12.4,11.68,11.99
2008-07-24,12.07,12.45,12.0,12.07
2008-07-25,11.9,12.13,11.72,11.78
2008-07-28,11.97,12.13,11.82,11.92
2008-07-29,11.78,11.95,11.4,11.57
2008-07-30,11.69,11.97,11.5,11.63
2008-07-31,11.84,12.1,11.6,11.66
2008-08-01,11.4,11.66,10.71,11.51
2008-08-04,11.35,11.4,10.9,10.9
2008-08-05,10.77,11.0,10.2,10.3
2008-08-06,10.31,10.54,10.2,10.36
2008-08-07,10.2,10.37,9.87,10.08
2008-08-08,10.18,10.25,9.28,9.3
2008-08-11,9.3,9.48,8.65,8.84
2008-08-13,8.83,9.07,8.53,8.9
2008-08-14,8.88,9.08,8.5,8.89
2008-08-15,8.89,8.96,8.67,8.82
2008-08-18,8.85,8.9,8.03,8.04
2008-08-19,7.85,8.2,7.8,8.07
2008-08-20,7.98,8.88,7.89,8.88
2008-08-21,8.75,9.17,8.56,9.0
2008-08-22,8.81,9.15,8.68,8.86
2008-08-25,8.81,9.54,8.73,9.21
2008-08-26,8.9,9.0,8.29,8.29
2008-08-27,8.28,8.48,7.95,8.13
2008-08-28,8.07,8.34,8.07,8.25
2008-08-29,8.26,8.69,8.26,8.5
2008-09-01,8.48,8.48,8.02,8.11
2008-09-02,8.03,8.49,8.0,8.25
2008-09-03,8.1,8.38,8.05,8.23
2008-09-04,8.1,8.38,8.1,8.25
2008-09-05,8.02,8.15,7.91,7.96
2008-09-08,7.96,8.01,7.5,7.51
2008-09-09,7.55,7.69,7.49,7.55
2008-09-10,7.56,7.99,7.46,7.75
2008-09-11,7.71,7.93,7.66,7.71
2008-09-12,7.7,7.87,7.7,7.74
2008-09-16,7.76,8.03,7.52,7.75
2008-09-17,7.59,7.81,7.56,7.6
2008-09-18,7.45,7.72,6.95,7.5
2008-09-19,8.24,8.25,8.1,8.25
2008-09-22,8.85,9.05,8.29,8.48
2008-09-23,8.1,8.26,7.89,7.94
2008-09-24,7.9,8.28,7.76,8.26
2008-09-25,8.22,8.56,8.2,8.34
2008-09-26,8.37,8.45,8.15,8.26
2008-10-06,8.1,8.15,7.85,7.87
2008-10-07,7.67,7.87,7.5,7.77
2008-10-08,7.55,7.7,7.37,7.47
2008-10-09,7.58,7.6,7.27,7.29
2008-10-10,7.0,7.04,6.68,6.71
2008-10-13,6.7,6.94,6.45,6.91
2008-10-14,7.13,7.2,6.69,6.7
2008-10-15,6.68,6.7,6.46,6.56
2008-10-16,6.31,6.66,6.22,6.29
2008-10-17,6.4,6.42,6.21,6.35
2008-10-20,6.28,6.69,6.23,6.55
2008-10-21,6.57,6.72,6.51,6.61
2008-10-22,6.5,6.61,6.31,6.33
2008-10-23,6.2,6.4,6.12,6.39
2008-10-24,6.47,6.5,6.25,6.36
2008-10-27,6.3,6.35,5.72,5.73
2008-10-28,5.61,6.07,5.6,5.99
2008-10-29,6.07,6.12,5.81,5.82
2008-10-30,6.01,6.4,6.0,6.37
2008-10-31,6.25,6.56,6.18,6.36
2008-11-03,6.36,6.49,6.21,6.4
2008-11-04,6.37,6.78,6.32,6.63
2008-11-05,6.65,6.9,6.6,6.76
2008-11-06,6.58,6.85,6.51,6.67
2008-11-07,6.55,6.97,6.51,6.9
2008-11-10,7.0,7.5,6.97,7.47
2008-11-11,7.4,7.59,7.22,7.27
2008-11-12,7.11,7.47,7.11,7.43
2008-11-13,7.38,8.02,7.27,7.83
2008-11-14,8.0,8.44,7.75,8.4
2008-11-17,8.3,8.98,8.22,8.64
2008-11-18,8.52,8.68,7.78,7.78
2008-11-19,7.99,8.56,7.99,8.56
2008-11-20,8.74,9.28,8.51,8.59
2008-11-21,8.11,9.05,7.75,9.01
2008-11-24,8.82,9.06,8.64,8.81
2008-11-25,8.95,9.04,8.26,8.57
2008-11-26,8.7,8.85,8.5,8.55
2008-11-27,9.2,9.21,8.3,8.41
2008-11-28,8.38,8.47,8.01,8.17
2008-12-01,8.14,8.74,8.11,8.71
2008-12-02,8.5,9.01,8.43,8.88
2008-12-03,9.01,9.63,8.9,9.55
2008-12-04,9.6,9.84,9.3,9.31
2008-12-05,9.27,9.78,9.27,9.62
2008-12-08,9.87,10.1,9.71,9.95
2008-12-09,9.97,9.97,9.55,9.6
2008-12-10,9.6,9.95,9.45,9.88
2008-12-11,9.83,9.88,9.36,9.4
2008-12-12,9.33,9.75,9.1,9.4
2008-12-15,9.67,9.97,9.48,9.66
2008-12-16,9.66,9.66,9.05,9.6
2008-12-17,9.58,9.99,9.52,9.74
2008-12-18,9.75,10.07,9.58,10.06
2008-12-19,10.0,10.28,9.91,10.07
2008-12-22,10.08,10.9,10.08,10.65
2008-12-23,10.62,10.62,9.88,9.9
2008-12-24,9.65,10.1,9.4,9.63
2008-12-25,9.69,9.79,9.14,9.44
2008-12-26,9.45,9.58,9.18,9.32
2008-12-30,9.36,9.75,9.35,9.48
2008-12-31,9.53,10.15,9.53,9.9
2009-01-05,10.45,10.46,10.09,10.24
2009-01-06,10.14,10.95,10.02,10.89
2009-01-07,10.93,11.05,10.45,10.54
2009-01-08,10.28,10.47,10.13,10.18
2009-01-09,10.19,10.48,10.19,10.42
2009-01-12,10.38,10.73,10.11,10.62
2009-01-13,10.45,10.67,10.21,10.24
2009-01-14,10.26,10.7,10.25,10.67
2009-01-15,10.54,10.99,10.51,10.7
2009-01-16,10.8,10.95,10.57,10.63
2009-01-19,10.65,10.85,10.35,10.47
2009-01-20,10.51,10.62,10.31,10.6
2009-01-21,10.41,10.87,10.34,10.81
2009-01-22,10.82,11.35,10.75,11.2
2009-01-23,11.19,11.36,11.0,11.16
2009-02-02,11.26,11.48,11.1,11.36
2009-02-03,11.36,11.8,11.33,11.66
2009-02-04,11.66,11.85,11.51,11.7
2009-02-05,11.7,11.7,11.05,11.19
2009-02-06,11.21,11.88,11.21,11.82
2009-02-09,11.95,13.0,11.95,13.0
2009-02-10,13.05,13.19,12.61,13.01
2009-02-11,12.78,13.5,12.75,13.33
2009-02-12,13.28,14.05,13.27,13.87
2009-02-13,13.98,14.12,13.6,13.95
2009-02-16,13.98,14.35,13.69,14.08
2009-02-17,14.08,14.08,13.03,13.32
2009-02-18,13.0,13.41,12.88,13.0
2009-02-19,13.4,13.59,13.01,13.29
2009-02-20,13.13,13.96,13.1,13.78
2009-02-23,13.78,14.18,13.62,14.17
2009-02-24,14.0,14.18,13.3,13.5
2009-02-25,13.66,13.85,13.05,13.48
2009-02-26,13.48,13.57,12.18,12.58
2009-02-27,12.31,12.8,12.18,12.51
2009-03-02,12.3,13.49,12.3,13.18
2009-03-03,12.83,14.08,12.72,14.04
2009-03-04,14.09,14.78,14.0,14.77
2009-03-05,14.82,15.89,14.43,15.14
2009-03-06,14.85,15.44,14.75,15.29
2009-03-09,15.45,15.45,14.25,14.36
2009-03-10,14.2,15.03,14.11,14.89
2009-03-11,15.18,15.28,14.6,14.69
2009-03-12,14.61,15.02,13.96,14.86
2009-03-13,14.9,14.98,14.45,14.85
2009-03-16,14.84,14.97,14.42,14.96
2009-03-17,15.0,15.85,14.9,15.72
2009-03-18,15.6,16.18,15.6,16.06
2009-03-19,16.1,16.5,15.92,16.08
2009-03-20,16.1,16.59,15.79,16.51
2009-03-23,16.13,17.23,16.13,17.0
2009-04-20,18.7,18.7,18.7,18.7
2009-04-21,20.57,20.57,20.57,20.57
2009-04-22,22.49,22.49,19.47,19.86
2009-04-23,19.52,20.0,18.93,19.71
2009-04-24,20.0,21.38,19.9,20.84
2009-04-27,20.93,21.17,19.43,19.48
2009-04-28,18.74,19.17,18.3,18.6
2009-04-29,18.55,19.44,18.41,19.3
2009-04-30,19.33,20.4,19.33,19.67
2009-05-04,19.85,20.1,19.08,20.07
2009-05-05,20.06,20.58,20.05,20.21
2009-05-06,20.1,20.97,19.88,20.94
2009-05-07,21.0,21.1,19.8,20.12
2009-05-08,19.8,19.99,19.03,19.33
2009-05-11,19.34,19.65,18.4,18.86
2009-05-12,18.6,19.35,18.42,19.31
2009-05-13,19.32,19.49,19.08,19.18
2009-05-14,19.0,19.31,18.71,19.27
2009-05-15,19.3,19.49,18.82,18.99
2009-05-18,19.0,19.14,18.69,18.92
2009-05-19,18.92,19.59,18.66,19.35
2009-05-21,19.17,19.17,18.48,18.51
2009-05-22,18.32,19.16,18.26,18.64
2009-05-25,18.1,18.95,18.01,18.72
2009-05-26,18.72,19.34,18.72,18.98
2009-05-27,19.07,19.12,18.7,18.79
2009-06-01,18.8,19.31,18.8,19.01
2009-06-02,19.18,19.86,19.02,19.85
2009-06-03,19.86,20.25,19.51,19.95
2009-06-04,19.8,19.9,19.2,19.25
2009-06-05,19.28,19.36,18.53,18.66
2009-06-08,18.5,18.68,18.01,18.65
2009-06-09,18.33,18.74,18.15,18.62
2009-06-10,18.74,19.05,18.43,19.0
2009-06-11,19.0,19.0,18.5,18.56
2009-06-12,18.5,19.15,18.31,18.79
2009-06-15,18.73,19.44,18.23,19.43
2009-06-16,19.31,19.54,18.88,19.34
2009-06-17,19.3,20.19,19.06,19.84
2009-06-18,19.88,20.48,19.8,20.13
2009-06-19,20.14,20.25,19.69,20.11
2009-06-22,20.15,20.27,19.88,20.01
2009-06-23,19.76,20.0,19.38,19.71
2009-06-24,20.02,20.35,19.56,19.9
2009-06-25,19.51,19.9,19.51,19.79
2009-06-26,19.98,20.0,19.71,19.88
2009-06-29,19.91,21.3,19.91,20.72
2009-06-30,20.61,21.32,20.31,21.06
2009-07-01,21.0,21.05,20.5,20.66
2009-07-02,20.58,20.88,20.06,20.19
2009-07-03,20.17,20.5,19.7,20.02
2009-07-06,20.02,20.7,20.02,20.38
2009-07-07,20.95,22.42,20.95,22.42
2009-07-08,22.43,23.29,22.42,22.91
2009-07-09,22.58,23.38,22.31,23.0
2009-07-13,22.84,23.25,22.35,22.81
2009-07-14,22.8,23.9,22.65,23.69
2009-07-15,23.78,23.85,23.23,23.39
2009-07-16,23.32,23.55,22.6,22.69
2009-07-17,22.79,23.35,22.7,22.9
2009-07-20,23.12,23.37,22.5,23.06
2009-07-21,23.24,23.24,22.0,22.14
2009-07-22,22.15,22.34,21.99,22.3
2009-07-23,22.31,23.2,22.0,23.2
2009-07-24,23.0,23.55,22.27,22.82
2009-07-28,23.22,23.8,22.82,23.35
2009-07-29,23.2,23.75,21.51,22.11
2009-07-30,22.29,22.6,21.62,22.16
2009-07-31,22.34,22.75,22.0,22.75
2009-08-03,22.88,22.98,22.36,22.64
2009-08-04,22.64,22.7,22.0,22.53
2009-08-05,22.34,23.2,22.34,22.96
2009-08-06,22.9,23.49,22.4,22.97
2009-08-07,22.95,24.7,22.8,23.76
2009-08-10,23.85,24.98,23.85,24.68
2009-08-11,24.7,25.19,24.05,24.1
2009-08-12,24.0,24.38,23.05,23.2
2009-08-13,23.31,23.6,22.67,23.01
2009-08-14,23.01,23.33,22.66,22.96
2009-08-17,22.95,22.95,20.66,20.66
2009-08-18,20.42,21.36,19.68,21.29
2009-08-19,21.1,21.34,20.1,20.61
2009-08-20,20.88,21.87,20.62,21.39
2009-08-21,21.55,22.75,21.42,22.3
2009-08-24,22.3,23.3,22.0,22.35
2009-08-25,22.1,22.75,21.4,22.04
2009-08-26,21.99,23.08,21.83,22.9
2009-08-27,22.88,23.2,22.43,22.93
2009-08-28,22.9,22.9,21.91,22.07
2009-08-31,21.8,21.8,20.25,20.33
2009-09-01,20.1,20.75,20.0,20.22
2009-09-02,20.31,20.78,20.15,20.44
2009-09-03,20.95,21.41,20.5,21.32
2009-09-04,21.1,21.54,21.09,21.35
2009-09-07,21.47,21.96,21.36,21.86
2009-09-08,21.7,22.16,21.6,21.97
2009-09-09,22.19,22.23,21.58,22.07
2009-09-10,22.09,22.9,21.83,22.66
2009-09-11,22.7,23.12,22.2,23.05
2009-09-14,23.02,23.84,22.71,23.58
2009-09-15,23.6,23.6,23.14,23.38
2009-09-16,23.34,23.75,23.12,23.48
2009-09-17,23.66,24.28,23.5,24.05
2009-09-18,24.38,24.38,22.69,22.86
2009-09-21,22.75,23.7,22.51,23.69
2009-09-22,23.57,24.66,23.3,23.84
2009-09-23,23.68,24.24,23.2,23.79
2009-09-24,23.4,23.9,22.7,23.44
2009-09-25,23.42,24.14,23.0,23.54
2009-09-28,23.54,23.88,22.3,22.4
2009-09-29,22.01,22.53,21.8,21.97
2009-09-30,22.22,22.67,22.1,22.3
2009-10-09,22.7,23.75,22.58,23.71
2009-10-12,23.89,25.35,23.7,24.83
2009-10-13,24.88,25.21,24.61,24.9
2009-10-14,25.11,25.6,24.75,24.95
2009-10-15,25.2,25.44,24.48,25.19
2009-10-16,25.1,25.3,24.7,25.23
2009-10-19,25.1,26.3,24.9,26.18
2009-10-20,26.23,26.49,25.72,25.94
2009-10-21,25.83,26.05,25.61,25.63
2009-10-22,25.25,25.89,25.15,25.73
2009-10-23,25.75,26.28,25.74,25.92
2009-10-26,26.0,26.38,25.4,26.32
2009-10-27,26.11,27.0,25.96,26.0
2009-10-28,25.99,26.14,24.89,25.45
2009-10-29,25.3,25.46,24.82,25.08
2009-10-30,25.24,25.68,25.1,25.16
2009-11-02,24.69,26.0,24.52,25.89
2009-11-03,26.31,26.48,26.01,26.19
2009-11-04,26.44,27.3,26.08,27.21
2009-11-05,27.38,28.17,27.1,27.26
2009-11-06,27.39,27.66,27.05,27.3
2009-11-09,27.59,27.73,27.05,27.62
2009-11-10,27.86,27.9,27.23,27.42
2009-11-11,27.5,27.5,27.1,27.21
2009-11-12,27.23,28.77,27.23,28.6
2009-11-13,28.8,29.97,28.66,29.83
2009-11-16,30.2,30.7,29.83,30.08
2009-11-17,30.1,30.48,29.62,29.98
2009-11-18,30.0,30.38,29.8,30.19
2009-11-19,30.29,30.79,29.8,30.55
2009-11-20,30.52,30.52,29.9,30.22
2009-11-23,30.1,31.28,29.83,31.17
2009-11-24,31.31,31.4,29.2,29.48
2009-11-25,29.38,30.6,29.3,30.42
2009-11-26,30.43,30.79,28.5,28.92
2009-11-27,28.48,29.4,27.96,28.66
2009-11-30,29.0,29.74,28.89,29.68
2009-12-01,29.75,29.9,29.4,29.8
2009-12-02,30.0,31.09,29.51,30.91
2009-12-03,30.9,31.56,30.51,30.97
2009-12-04,30.72,31.22,29.08,29.82
2009-12-07,29.98,30.51,29.39,30.04
2009-12-08,30.06,31.07,30.05,30.75
2009-12-09,30.47,31.16,30.13,30.21
2009-12-10,30.35,30.65,29.61,30.06
2009-12-11,30.06,30.65,29.5,30.1
2009-12-14,30.49,30.49,29.53,30.0
2009-12-15,29.81,30.46,29.63,30.38
2009-12-16,30.35,31.17,30.0,30.26
2009-12-17,30.21,30.89,29.42,30.0
2009-12-18,29.7,29.97,28.71,28.79
2009-12-21,28.8,29.47,28.4,29.38
2009-12-22,29.21,29.7,28.6,28.87
2009-12-23,28.98,29.64,28.58,29.64
2009-12-24,29.74,30.69,29.4,30.58
2009-12-25,30.58,31.11,30.3,30.45
2009-12-28,30.65,32.46,30.6,32.19
2009-12-29,32.0,32.64,31.87,32.57
2009-12-30,32.6,32.68,31.38,31.79
2009-12-31,31.7,32.1,31.51,31.96
2010-01-04,32.08,32.44,31.39,32.2
2010-01-05,32.36,32.85,31.92,32.44
2010-01-06,32.9,33.8,32.5,32.53
2010-01-07,32.28,33.85,32.21,33.03
2010-01-08,32.7,34.99,32.56,34.74
2010-01-11,35.02,36.6,34.4,35.44
2010-01-12,35.5,38.8,35.1,38.61
2010-01-13,37.93,39.39,37.6,38.49
2010-01-14,38.96,40.98,38.7,38.84
2010-01-15,38.65,39.65,38.02,39.52
2010-01-18,39.0,39.1,38.01,38.98
2010-01-19,38.8,38.8,38.02,38.55
2010-01-20,38.4,38.8,34.93,35.21
2010-01-21,35.44,35.63,33.6,34.92
2010-01-22,34.0,34.53,33.2,34.16
2010-01-25,33.86,35.38,33.86,34.12
2010-01-26,34.05,34.47,31.0,32.6
2010-01-27,32.57,33.0,31.81,32.65
2010-02-03,32.0,32.0,29.5,31.39
2010-02-04,30.51,32.49,30.48,31.79
2010-02-05,31.0,32.24,30.8,31.79
2010-02-08,31.68,31.99,31.24,31.38
2010-02-09,31.15,31.74,31.05,31.69
2010-02-10,31.98,32.86,31.11,32.76
2010-02-11,32.8,33.5,32.74,33.01
2010-02-12,33.11,33.68,32.51,33.6
2010-02-22,33.4,33.4,32.41,32.6
2010-02-23,32.6,32.6,31.38,32.59
2010-02-24,32.2,33.34,31.8,33.32
2010-02-25,33.54,35.18,33.54,35.05
2010-02-26,34.8,35.5,34.33,35.47
2010-03-01,35.47,35.79,35.11,35.73
2010-03-02,35.7,36.28,35.2,35.97
2010-03-03,35.89,35.89,35.1,35.69
2010-03-04,35.35,35.97,32.9,32.98
2010-03-05,33.22,33.66,33.0,33.27
2010-03-08,33.27,33.66,33.16,33.3
2010-03-09,33.26,34.2,32.88,33.72
2010-03-10,33.8,34.55,33.18,33.29
2010-03-11,33.48,33.48,32.43,32.89
2010-03-12,32.9,36.18,32.66,33.47
2010-03-15,33.5,33.5,31.38,31.99
2010-03-16,31.98,32.25,30.18,31.49
2010-03-17,31.45,32.3,31.06,32.29
2010-03-18,32.45,32.98,32.02,32.28
2010-03-19,32.29,32.56,31.21,32.34
2010-03-22,32.23,32.97,32.02,32.94
2010-03-23,32.89,33.48,32.73,33.28
2010-03-24,33.3,34.29,32.8,34.13
2010-03-25,34.05,34.85,33.71,34.23
2010-03-26,34.08,34.15,33.39,33.99
2010-03-29,34.1,34.44,33.57,33.69
2010-03-30,33.75,34.3,33.29,34.1
2010-03-31,34.13,35.56,33.5,35.09
2010-04-01,33.8,34.38,32.68,33.91
2010-04-02,33.9,33.9,33.01,33.12
2010-04-06,33.21,33.58,32.9,33.29
2010-04-07,33.2,33.58,33.04,33.55
2010-04-08,33.49,34.4,33.31,34.01
2010-04-09,34.85,36.97,34.85,36.22
2010-04-12,36.1,39.65,35.88,38.76
2010-04-13,38.8,38.85,36.32,38.21
2010-04-14,37.95,38.8,37.3,38.25
2010-04-15,38.28,38.46,36.0,36.23
2010-04-16,36.15,37.13,35.62,36.3
2010-04-19,36.17,36.27,34.95,35.01
2010-04-20,35.01,36.15,34.01,36.04
2010-04-21,36.03,37.4,35.69,37.3
2010-04-22,37.33,38.4,37.0,37.77
2010-04-26,36.9,37.28,35.7,36.49
2010-04-27,36.3,36.7,34.45,35.25
2010-04-28,34.8,35.76,34.3,34.94
2010-04-29,35.32,35.49,34.03,34.07
2010-04-30,34.0,34.0,31.3,32.21
2010-05-04,31.46,32.69,31.02,32.0
2010-05-05,31.62,32.75,31.3,32.68
2010-05-06,32.46,32.46,29.91,29.93
2010-05-07,28.6,29.5,28.39,28.68
2010-05-10,28.55,28.99,25.81,25.81
2010-05-11,26.45,27.25,25.61,26.0
2010-05-12,25.8,26.95,25.08,25.35
2010-05-13,25.26,27.16,25.16,27.15
2010-05-14,26.86,28.3,26.65,27.53
2010-05-17,26.8,27.5,25.3,25.34
2010-05-18,25.36,26.95,25.3,26.93
2010-05-19,26.7,27.35,26.3,26.93
2010-05-20,26.7,27.24,26.0,26.1
2010-05-21,25.38,26.69,25.0,26.68
2010-05-24,26.86,28.32,26.75,27.99
2010-05-25,28.0,28.48,27.71,28.17
2010-05-26,28.05,28.69,27.8,27.98
2010-05-27,28.04,28.76,27.52,28.69
2010-05-28,29.2,29.7,28.56,29.19
2010-05-31,28.79,29.11,28.0,28.03
2010-06-01,27.6,27.92,26.14,26.85
2010-06-02,26.71,27.5,26.39,27.37
2010-06-03,27.6,27.97,26.73,27.04
2010-06-04,26.88,27.77,26.83,27.59
2010-06-07,26.78,27.84,26.61,27.76
2010-06-08,28.11,28.86,27.73,28.25
2010-06-09,28.42,28.99,28.05,28.93
2010-06-10,28.7,29.39,28.51,29.07
2010-06-11,29.08,30.08,29.08,29.67
2010-06-17,30.4,30.88,29.82,29.9
2010-06-18,29.82,30.29,28.08,28.35
2010-06-21,28.5,29.8,28.0,29.75
2010-06-22,29.65,30.09,28.35,29.83
2010-06-23,30.06,30.43,29.1,29.62
2010-06-24,29.39,30.36,29.39,30.0
2010-06-25,30.18,30.98,29.95,30.28
2010-06-28,30.1,30.28,29.02,29.13
2010-06-29,29.19,29.59,27.21,27.33
2010-06-30,26.97,27.2,25.8,26.6
2010-07-01,26.45,26.8,25.64,25.81
2010-07-02,25.64,26.0,23.75,24.73
2010-07-05,24.01,24.7,24.0,24.41
2010-07-06,24.54,25.22,24.41,25.0
2010-07-07,25.09,25.2,24.77,25.17
2010-07-08,25.2,25.51,24.62,24.66
2010-07-09,24.66,26.1,24.62,26.09
2010-07-12,25.99,26.95,25.85,26.47
2010-07-13,26.2,26.67,25.85,26.19
2010-07-14,26.19,27.08,26.19,26.79
2010-07-15,26.78,26.95,26.06,26.12
2010-07-16,26.0,26.13,25.03,25.85
2010-07-19,25.59,26.62,25.36,26.58
2010-07-20,26.7,27.38,26.4,26.93
2010-07-21,26.98,27.83,26.81,27.52
2010-07-22,27.11,27.66,26.86,27.61
2010-07-23,27.46,27.99,27.25,27.59
2010-07-27,27.86,27.86,27.16,27.3
2010-07-28,27.23,27.98,26.97,27.95
2010-07-29,28.21,28.79,28.06,28.62
2010-07-30,28.58,28.58,27.7,28.05
2010-08-02,27.95,28.56,27.65,28.2
2010-08-03,28.65,29.17,28.25,28.27
2010-08-04,28.05,28.56,27.66,28.52
2010-08-05,28.5,28.66,28.22,28.49
2010-08-06,28.3,29.2,28.08,29.07
2010-08-09,29.06,29.3,28.81,29.25
2010-08-10,29.6,29.6,28.0,28.12
2010-08-11,28.13,28.43,27.7,28.4
2010-08-12,28.1,28.61,27.88,28.05
2010-08-13,28.03,28.48,27.92,28.47
2010-08-16,28.52,29.17,28.24,29.13
2010-08-17,29.08,29.61,29.08,29.55
2010-08-18,29.56,29.59,29.0,29.26
2010-08-19,29.05,29.46,28.82,29.23
2010-08-20,29.3,29.4,28.21,28.25
2010-08-23,28.05,28.39,27.92,28.12
2010-08-24,28.09,28.76,27.91,28.49
2010-08-25,28.27,28.35,26.9,26.95
2010-08-26,27.16,27.42,26.9,27.14
2010-08-27,27.16,27.49,26.75,27.46
2010-08-30,27.56,29.07,27.36,28.63
2010-08-31,28.6,30.18,28.42,29.99
2010-09-01,29.98,31.3,29.66,30.49
2010-09-02,30.8,31.77,30.16,31.2
2010-09-03,31.0,32.53,31.0,31.72
2010-09-06,32.3,33.33,31.72,31.92
2010-09-07,31.77,32.35,31.45,32.31
2010-09-08,32.0,32.3,31.5,32.12
2010-09-09,32.2,32.48,31.15,31.22
2010-09-10,31.25,31.49,29.8,30.78
2010-09-13,30.78,31.72,30.55,31.53
2010-09-14,31.53,33.8,31.35,33.58
2010-09-15,33.45,33.87,32.71,33.08
2010-09-16,33.11,33.18,31.5,32.7
2010-09-17,32.68,33.6,32.0,33.46
2010-09-20,33.8,33.99,32.4,32.63
2010-09-21,32.8,33.81,32.42,33.44
2010-09-27,33.44,34.78,33.01,34.44
2010-09-28,34.3,34.4,33.66,33.77
2010-09-29,33.7,34.0,32.2,32.54
2010-09-30,32.2,33.2,32.2,33.03
2010-10-08,33.12,34.32,32.72,33.62
2010-10-11,33.6,33.95,32.8,33.57
2010-10-12,33.2,33.49,32.23,32.3
2010-10-13,32.3,32.65,31.41,32.52
2010-10-14,32.52,32.52,29.8,29.85
2010-10-15,29.89,30.2,28.9,29.19
2010-10-18,29.17,29.17,27.21,28.94
2010-10-19,28.8,30.27,28.6,30.17
2010-10-20,29.65,30.81,29.4,30.31
2010-10-21,30.3,30.99,29.82,30.24
2010-10-22,30.2,31.97,30.2,31.95
2010-10-25,31.8,33.16,31.5,32.42
2010-10-26,32.75,33.02,32.2,32.71
2010-10-28,32.01,32.37,30.72,31.67
2010-10-29,31.58,32.0,30.79,31.95
2010-11-01,32.0,33.16,32.0,32.83
2010-11-02,32.92,32.99,31.72,31.94
2010-11-03,31.81,32.39,31.1,31.18
2010-11-04,31.3,31.98,30.93,31.94
2010-11-05,32.25,34.2,32.0,33.64
2010-11-08,33.9,34.75,33.5,34.02
2010-11-09,34.2,34.35,33.51,34.15
2010-11-10,34.2,36.75,34.2,35.69
2010-11-11,35.72,37.13,34.98,35.5
2010-11-12,35.58,36.54,33.28,35.27
2010-11-15,34.6,36.42,34.0,36.4
2010-11-16,36.72,37.72,35.0,36.43
2010-11-17,36.0,37.3,33.03,33.62
2010-11-18,33.75,34.58,33.38,33.96
2010-11-19,34.29,37.0,34.29,36.97
2010-11-22,37.44,40.24,36.98,37.99
2010-11-23,37.79,39.0,36.6,38.42
2010-11-24,37.95,38.98,37.8,38.81
2010-11-25,38.98,39.3,37.5,38.22
2010-11-26,37.85,38.18,36.88,37.3
2010-11-29,37.7,40.88,37.7,40.36
2010-11-30,40.0,40.3,37.77,39.75
2010-12-01,39.54,43.5,38.5,42.22
2010-12-02,42.22,43.96,41.6,41.87
2010-12-03,42.2,42.45,40.51,41.47
2010-12-06,41.59,42.0,39.55,39.76
2010-12-07,39.39,41.2,39.0,40.68
2010-12-08,40.68,41.08,39.48,39.61
2010-12-09,39.49,39.49,38.5,38.61
2010-12-10,38.8,39.95,38.08,39.88
2010-12-13,40.4,41.41,40.29,41.39
2010-12-14,41.68,42.16,40.86,41.35
2010-12-15,41.25,41.99,40.61,40.77
2010-12-16,40.75,41.64,40.4,40.69
2010-12-17,40.8,41.2,39.96,41.1
2010-12-20,41.13,42.0,39.0,40.91
2010-12-21,40.91,41.28,40.2,40.88
2010-12-22,40.99,41.1,39.0,39.17
2010-12-23,39.0,39.5,37.81,38.36
2010-12-24,38.49,38.6,37.83,38.3
2010-12-27,38.4,38.88,36.5,36.56
2010-12-28,36.18,37.5,35.0,36.8
2010-12-29,36.69,37.68,36.08,37.55
2010-12-30,37.59,38.69,37.55,38.42
2010-12-31,38.78,41.0,38.78,40.6
2011-01-04,40.4,40.68,39.01,39.45
2011-01-05,39.1,39.32,38.41,38.46
2011-01-06,38.46,38.82,37.61,37.86
2011-01-07,37.99,38.53,37.72,38.01
2011-01-10,38.01,38.46,36.81,36.96
2011-01-11,36.5,36.9,34.98,35.2
2011-01-12,35.2,35.64,34.5,34.91
2011-01-13,35.39,35.78,34.96,34.99
2011-01-14,35.2,35.2,32.81,32.94
2011-01-17,32.9,33.1,31.2,31.72
2011-01-18,31.53,31.95,31.5,31.84
2011-01-19,32.0,35.02,31.63,33.86
2011-01-20,33.6,33.85,31.7,32.0
2011-01-21,31.96,33.45,31.7,32.9
2011-01-24,33.4,33.6,32.48,32.84
2011-01-25,32.8,32.8,29.68,30.42
2011-01-26,30.3,31.19,30.27,31.08
2011-01-27,30.88,32.32,30.51,31.91
2011-01-28,32.0,32.88,31.76,32.55
2011-01-31,32.51,32.87,32.2,32.57
2011-02-01,32.69,32.85,32.26,32.47
2011-02-09,32.25,35.2,31.72,33.72
2011-02-10,33.7,34.68,33.7,34.51
2011-02-11,34.55,35.46,34.48,35.02
2011-02-14,35.03,36.24,35.03,35.98
2011-02-15,36.15,36.15,35.55,35.58
2011-02-16,35.51,36.19,35.38,36.14
2011-02-17,36.99,39.5,36.95,37.1
2011-02-18,37.11,37.7,36.51,36.69
2011-02-21,36.5,38.99,36.41,38.5
2011-02-22,38.62,38.74,37.4,37.41
2011-02-23,37.0,37.68,36.83,37.55
2011-02-24,37.6,37.6,36.71,37.01
2011-02-25,37.42,37.42,36.16,36.61
2011-02-28,36.75,37.07,36.18,36.83
2011-03-01,37.0,37.09,35.95,36.26
2011-03-02,36.12,36.6,35.7,36.37
2011-03-03,36.44,36.82,35.0,35.32
2011-03-04,35.46,35.62,35.18,35.45
2011-03-07,35.68,35.87,35.25,35.49
2011-03-08,35.5,36.15,35.12,36.11
2011-03-09,36.19,36.63,35.61,36.4
2011-03-10,36.25,36.25,35.33,35.47
2011-03-11,35.2,35.79,34.56,34.6
2011-03-14,33.48,35.6,33.0,35.52
2011-03-15,35.88,35.88,33.33,34.08
2011-03-16,34.17,34.67,33.0,34.3
2011-03-17,33.5,34.1,33.33,33.4
2011-03-18,33.51,33.9,32.6,32.91
2011-03-21,32.9,32.98,32.11,32.14
2011-03-22,32.24,33.2,31.5,33.04
2011-03-23,32.9,34.5,32.9,34.3
2011-03-24,33.96,34.58,33.9,34.21
2011-03-25,34.2,34.2,33.5,33.81
2011-03-28,33.81,34.1,32.7,32.7
2011-03-29,32.5,32.65,31.88,31.93
2011-03-30,31.93,32.25,30.98,31.01
2011-03-31,31.23,31.71,30.4,30.86
2011-04-01,30.95,31.4,30.49,31.3
2011-04-06,31.03,31.3,30.0,30.26
2011-04-07,30.26,30.5,29.87,30.44
2011-04-08,30.35,31.47,30.3,31.34
2011-04-11,31.34,31.45,30.39,30.42
2011-04-13,30.99,32.13,30.75,31.93
2011-04-14,31.69,32.23,31.63,31.9
2011-04-15,31.9,32.82,31.85,32.48
2011-04-18,32.18,32.6,31.6,31.81
2011-04-19,31.7,31.7,30.8,30.93
2011-04-20,30.89,31.19,30.81,30.98
2011-04-21,31.1,31.2,30.22,30.4
2011-04-22,30.0,30.36,29.7,29.87
2011-04-25,29.98,30.15,29.42,30.02
2011-04-26,30.03,30.15,28.6,29.14
2011-04-27,29.28,29.8,29.14,29.39
2011-04-29,28.92,29.22,28.01,29.09
2011-05-03,29.05,30.0,28.3,29.72
2011-05-04,29.81,29.81,28.98,29.12
2011-05-05,29.5,29.78,29.26,29.33
2011-05-06,29.6,29.6,28.8,29.42
2011-05-09,29.42,29.8,29.12,29.64
2011-05-10,29.6,29.7,29.24,29.39
2011-05-11,29.42,29.64,29.01,29.11
2011-05-12,29.05,29.05,28.11,28.14
2011-05-13,28.17,28.5,28.01,28.44
2011-05-16,28.47,28.6,28.11,28.32
2011-05-17,28.13,28.48,28.01,28.38
2011-05-18,28.43,28.7,28.22,28.5
2011-05-19,28.77,28.95,28.5,28.53
2011-05-20,28.53,28.58,28.19,28.36
2011-05-23,28.27,28.3,26.99,27.0
2011-05-24,27.0,27.0,25.87,26.42
2011-05-25,26.42,26.45,25.63,25.69
2011-05-26,25.72,26.15,25.25,25.59
2011-05-27,25.61,25.61,25.05,25.2
2011-05-30,25.2,25.2,24.56,24.9
2011-05-31,25.0,25.28,24.64,25.23
2011-06-01,25.11,25.65,25.11,25.56
2011-06-02,25.28,25.3,24.68,24.87
2011-06-03,24.96,25.69,24.87,25.43
2011-06-07,25.4,25.65,25.16,25.57
2011-06-08,25.5,25.58,25.05,25.42
2011-06-09,25.44,25.46,24.79,24.81
2011-06-10,24.61,24.9,24.25,24.68
2011-06-13,24.68,24.68,24.34,24.63
2011-06-14,24.65,26.0,24.6,25.19
2011-06-15,25.3,25.9,25.21,25.32
2011-06-16,25.2,25.2,24.8,24.81
2011-06-17,24.75,24.87,24.32,24.33
2011-06-20,24.4,24.54,23.48,23.5
2011-06-21,23.79,23.9,23.44,23.89
2011-06-22,23.82,23.98,23.63,23.74
2011-06-23,23.72,25.0,23.68,24.85
2011-06-24,24.67,26.05,24.6,25.76
2011-06-27,25.77,26.63,25.55,26.33
2011-06-28,26.4,26.4,25.85,26.15
2011-06-29,26.23,27.58,25.92,26.64
2011-06-30,26.63,27.06,26.6,26.85
2011-07-01,26.95,26.97,26.63,26.7
2011-07-04,27.0,27.19,26.75,27.08
2011-07-05,27.19,27.59,26.9,27.56
2011-07-06,27.55,28.09,27.26,27.8
2011-07-07,27.81,28.35,27.52,28.26
2011-07-08,28.21,28.8,27.81,27.9
2011-07-11,28.19,28.19,27.6,27.71
2011-07-12,27.8,29.5,27.65,28.7
2011-07-13,28.7,29.76,28.5,29.43
2011-07-14,29.85,29.85,29.07,29.35
2011-07-15,29.23,29.56,29.14,29.3
2011-07-18,29.3,29.31,28.78,28.89
2011-07-19,28.78,28.8,28.19,28.51
2011-07-20,28.6,28.64,27.78,28.06
2011-07-21,27.85,28.0,27.3,27.38
2011-07-22,27.42,27.77,27.32,27.37
2011-07-25,27.64,27.64,25.97,26.02
2011-07-26,26.0,26.44,25.9,26.08
2011-07-27,25.91,27.05,25.82,27.02
2011-07-28,26.71,27.08,26.51,26.89
2011-07-29,27.04,27.34,26.4,26.42
2011-08-01,26.3,27.01,26.0,27.0
2011-08-02,26.7,27.29,26.26,27.27
2011-08-03,26.9,27.7,26.5,27.43
2011-08-04,27.63,28.5,27.63,27.77
2011-08-05,26.75,27.8,26.5,27.5
2011-08-08,26.99,27.4,26.01,26.2
2011-08-09,25.66,26.19,24.38,25.78
2011-08-10,26.4,26.78,25.65,25.76
2011-08-11,25.0,26.18,24.99,26.03
2011-08-12,26.25,26.99,26.18,26.21
2011-08-15,26.26,26.91,25.88,26.79
2011-08-16,26.7,27.34,26.53,27.31
2011-08-17,27.39,28.05,27.3,27.77
2011-08-18,27.6,27.92,26.81,26.85
2011-08-19,26.33,27.48,26.0,27.13
2011-08-22,27.1,27.59,26.69,26.69
2011-08-23,26.68,27.33,26.68,27.31
2011-08-24,27.55,27.97,27.28,27.93
2011-08-25,27.95,28.05,27.65,27.92
2011-08-26,27.92,27.92,27.6,27.8
2011-08-29,27.75,27.97,27.5,27.65
2011-08-30,27.74,27.92,27.0,27.02
2011-08-31,26.82,27.0,26.15,26.44
2011-09-01,26.03,26.3,24.5,24.92
2011-09-02,24.7,24.88,24.45,24.74
2011-09-05,24.65,24.99,24.25,24.29
2011-09-06,24.0,24.4,23.81,24.21
2011-09-07,24.49,24.64,24.21,24.58
2011-09-08,24.68,24.79,24.1,24.15
2011-09-09,24.21,24.45,24.11,24.28
2011-09-13,24.1,24.1,23.75,23.84
2011-09-14,23.98,24.11,23.36,23.6
2011-09-15,23.55,23.89,23.55,23.78
2011-09-19,23.55,23.89,23.1,23.2
2011-09-20,23.18,23.38,23.11,23.32
2011-09-21,23.36,24.24,23.15,24.15
2011-09-22,23.96,24.26,23.61,23.65
2011-09-23,23.19,23.71,23.13,23.46
2011-09-26,23.93,23.93,23.2,23.35
2011-09-27,23.45,23.66,23.03,23.33
2011-09-28,23.52,23.71,23.03,23.14
2011-09-29,23.0,23.14,22.1,22.18
2011-09-30,22.34,22.5,22.08,22.19
2011-10-10,22.16,22.54,21.0,21.61
2011-10-11,22.17,22.29,21.51,21.6
2011-10-12,21.5,22.75,21.4,22.4
2011-10-13,22.4,23.24,22.39,23.04
2011-10-14,22.95,23.28,22.7,22.93
2011-10-17,23.02,23.43,22.94,23.37
2011-10-18,23.65,23.66,22.58,22.64
2011-10-19,22.7,23.0,22.45,22.58
2011-10-20,22.56,22.56,21.45,21.65
2011-10-21,21.61,21.65,20.01,20.8
2011-10-24,20.62,21.36,20.62,21.3
2011-10-25,21.32,21.92,21.2,21.84
2011-10-26,21.82,22.44,21.75,21.99
2011-10-27,22.0,22.38,21.73,21.94
2011-10-28,22.2,22.73,22.2,22.66
2011-10-31,22.68,23.15,22.68,22.83
2011-11-01,22.78,23.38,22.51,23.07
2011-11-02,22.51,24.26,22.42,24.24
2011-11-03,24.24,25.5,24.24,24.61
2011-11-04,25.19,25.19,24.27,24.64
2011-11-07,24.64,25.17,24.5,24.62
2011-11-08,24.7,24.84,24.02,24.16
2011-11-09,24.2,24.66,24.0,24.62
2011-11-10,24.3,24.92,24.26,24.6
2011-11-11,24.79,24.88,24.31,24.56
2011-11-14,24.58,25.46,24.53,25.33
2011-11-15,25.33,25.45,25.03,25.29
2011-11-16,25.29,25.3,24.33,24.5
2011-11-17,24.71,24.75,24.3,24.5
2011-11-18,24.31,24.43,23.51,23.57
2011-11-21,23.57,23.78,23.21,23.68
2011-11-22,23.45,23.9,23.23,23.86
2011-11-23,23.86,24.45,23.86,24.32
2011-11-24,23.8,23.8,21.89,22.82
2011-11-25,22.33,22.6,22.01,22.07
2011-11-28,22.0,22.18,20.8,21.52
2011-11-29,21.61,21.68,21.16,21.66
2011-11-30,21.57,21.57,20.2,20.42
2011-12-01,21.05,21.3,20.79,20.83
2011-12-02,20.74,20.74,20.01,20.46
2011-12-05,20.4,20.63,20.15,20.21
2011-12-06,20.3,20.46,20.16,20.29
2011-12-07,20.35,20.5,20.01,20.39
2011-12-08,20.37,20.99,19.94,20.43
2011-12-09,20.25,20.63,20.2,20.45
2011-12-12,20.4,20.57,20.22,20.27
2011-12-13,20.01,20.2,18.24,18.49
2011-12-14,18.31,18.39,17.6,17.71
2011-12-15,17.59,17.59,16.79,16.98
2011-12-16,16.99,17.41,16.96,17.39
2011-12-19,17.28,17.31,16.86,17.3
2011-12-20,17.28,17.69,17.22,17.3
2011-12-21,17.52,17.57,16.59,16.66
2011-12-22,16.5,16.5,15.53,15.93
2011-12-23,15.79,16.28,15.61,15.78
2011-12-26,15.94,16.2,15.72,15.85
2011-12-27,15.87,15.88,15.16,15.25
2011-12-28,15.1,15.37,14.77,15.31
2011-12-29,15.2,16.1,15.09,15.98
2011-12-30,16.08,16.28,15.9,16.2
2012-01-04,16.37,16.6,15.62,15.69
2012-01-05,15.49,15.98,15.14,15.5
2012-01-06,15.5,16.05,15.06,15.97
2012-01-09,16.01,17.3,15.84,17.22
2012-01-10,17.08,17.83,17.02,17.79
2012-01-11,17.71,18.18,17.41,17.9
2012-01-12,17.75,18.14,17.66,17.81
2012-01-13,17.79,17.98,17.12,17.4
2012-01-16,17.12,17.28,15.96,16.0
2012-01-17,15.9,17.32,15.9,17.28
2012-01-18,17.29,18.17,16.9,17.21
2012-01-19,17.3,17.7,16.9,17.56
2012-01-20,17.59,18.1,17.41,17.98
2012-01-30,18.08,18.08,17.45,17.48
2012-01-31,17.52,17.69,17.29,17.62
2012-02-01,17.49,17.86,16.91,17.07
2012-02-02,17.18,17.73,17.01,17.7
2012-02-03,17.6,18.65,17.53,18.44
2012-02-06,18.55,18.87,18.27,18.64
2012-02-07,18.43,18.55,18.12,18.26
2012-02-08,18.21,18.95,18.21,18.94
2012-02-09,18.94,19.35,18.8,18.81
2012-02-10,18.76,19.2,18.74,18.96
2012-02-13,18.72,19.22,18.6,18.99
2012-02-14,18.97,19.8,18.8,19.37
2012-02-15,19.53,19.64,19.18,19.48
2012-02-16,19.57,19.6,18.83,19.07
2012-02-17,19.13,19.42,18.92,19.09
2012-02-20,19.42,19.82,19.29,19.38
2012-02-21,19.35,20.05,19.31,20.03
2012-02-22,20.04,21.14,19.9,21.08
2012-02-23,20.98,21.35,20.66,20.85
2012-02-24,20.77,21.1,20.6,21.05
2012-02-27,21.0,21.46,20.78,20.81
2012-02-28,20.55,20.76,20.0,20.5
2012-02-29,20.38,20.76,20.3,20.39
2012-03-01,20.4,20.9,20.28,20.68
2012-03-02,21.08,21.98,21.08,21.6
2012-03-05,21.74,22.35,21.65,21.85
2012-03-06,21.53,22.24,21.31,22.01
2012-03-07,21.67,22.98,21.67,22.41
2012-03-08,22.56,23.84,22.56,23.14
2012-03-09,23.4,23.53,22.7,23.33
2012-03-12,23.4,24.15,23.0,23.56
2012-03-13,23.41,23.7,23.17,23.51
2012-03-14,23.58,23.88,22.4,22.73
2012-03-15,22.76,23.35,22.6,23.08
2012-03-16,23.18,23.3,21.85,22.59
2012-03-19,22.8,24.05,22.42,23.97
2012-03-20,22.8,22.81,21.57,21.57
2012-03-21,21.6,21.84,20.78,21.19
2012-03-22,21.05,21.36,20.77,21.08
2012-03-23,21.13,21.13,20.15,20.28
2012-03-26,20.4,20.89,20.17,20.56
2012-03-27,20.81,21.1,20.58,20.73
2012-03-28,20.63,20.64,19.67,19.92
2012-03-29,19.71,19.91,19.41,19.75
2012-03-30,19.95,19.95,18.3,19.02
2012-04-06,19.72,20.92,19.6,20.92
2012-04-09,20.65,20.9,20.31,20.33
2012-04-11,20.59,21.28,20.4,20.84
2012-04-12,20.73,21.25,20.7,21.2
2012-04-13,21.2,21.33,20.93,21.08
2012-04-16,20.84,21.12,20.71,20.95
2012-04-17,20.93,20.99,20.6,20.75
2012-04-18,20.84,21.18,20.71,21.15
2012-04-19,21.16,21.44,21.01,21.33
2012-04-20,21.15,21.33,20.86,21.17
2012-04-24,20.61,20.94,19.85,20.69
2012-04-25,20.69,20.95,20.55,20.86
2012-04-26,20.83,20.87,20.56,20.67
2012-04-27,20.67,20.72,20.2,20.59
2012-05-02,20.85,21.37,20.56,21.3
2012-05-03,21.3,21.85,21.2,21.78
2012-05-04,21.7,21.87,21.51,21.8
2012-05-07,21.74,22.07,21.61,22.03
2012-05-08,22.3,22.46,21.96,21.99
2012-05-09,21.71,21.72,21.15,21.16
2012-05-10,21.48,21.59,21.26,21.39
2012-05-11,21.35,21.48,21.18,21.32
2012-05-14,21.58,21.89,21.3,21.53
2012-05-15,21.42,21.76,21.03,21.71
2012-05-16,21.71,21.71,21.15,21.29
2012-05-17,21.2,21.52,21.15,21.48
2012-05-18,21.3,21.37,21.0,21.06
2012-05-21,21.05,21.1,20.5,20.52
2012-05-22,20.71,20.93,20.68,20.8
2012-05-23,20.88,20.88,20.25,20.44
2012-05-24,20.6,20.94,20.56,20.58
2012-05-25,20.56,21.59,20.56,21.12
2012-05-29,21.41,21.7,21.2,21.49
2012-05-30,21.45,21.67,21.25,21.62
2012-05-31,21.46,21.98,21.42,21.79
2012-06-01,21.96,22.09,21.56,21.67
2012-06-04,21.01,21.3,20.7,20.7
2012-06-05,20.72,20.88,20.45,20.56
2012-06-06,20.78,20.8,20.61,20.68
2012-06-07,20.88,21.0,20.59,20.65
2012-06-08,20.78,20.88,20.2,20.27
2012-06-11,20.44,20.72,20.23,20.68
2012-06-12,20.6,20.6,20.22,20.29
2012-06-13,20.44,20.72,20.3,20.66
2012-06-14,20.69,20.73,20.26,20.28
2012-06-15,20.3,20.45,20.1,20.37
2012-06-18,20.5,20.94,20.5,20.82
2012-06-19,20.82,20.98,20.63,20.76
2012-06-20,20.85,20.9,20.6,20.61
2012-06-21,20.59,20.61,20.1,20.24
2012-06-25,20.26,20.26,19.7,19.79
2012-06-26,19.55,19.83,19.3,19.77
2012-06-27,19.8,19.8,19.34,19.36
2012-06-28,19.41,19.41,18.88,19.01
2012-06-29,18.89,19.24,18.8,19.22
2012-07-02,19.22,19.65,19.12,19.4
2012-07-03,19.49,19.65,19.33,19.45
2012-07-04,19.45,19.68,19.45,19.58
2012-07-05,19.58,19.58,18.9,19.03
2012-07-06,19.21,19.44,18.45,19.39
2012-07-09,19.3,19.3,18.52,18.59
2012-07-10,18.59,18.59,18.03,18.08
2012-07-11,18.06,18.26,18.0,18.24
2012-07-12,18.25,18.28,17.38,18.26
2012-07-13,17.93,18.29,17.9,17.94
2012-07-16,17.94,18.17,16.92,17.01
2012-07-17,16.95,17.43,16.91,17.4
2012-07-18,17.53,17.95,17.4,17.94
2012-07-19,17.95,18.58,17.85,18.16
2012-07-20,18.18,18.43,18.04,18.17
2012-07-23,18.2,18.83,17.98,18.76
2012-07-24,18.64,18.8,18.36,18.62
2012-07-25,18.42,18.82,18.31,18.37
2012-07-26,18.37,18.6,18.21,18.3
2012-07-27,18.4,19.0,18.23,18.85
2012-07-30,18.71,18.97,18.46,18.54
2012-07-31,18.4,18.59,18.04,18.08
2012-08-01,18.12,18.8,18.12,18.52
2012-08-02,18.53,18.88,18.52,18.77
2012-08-03,18.77,19.25,18.68,19.19
2012-08-06,19.1,19.59,18.9,19.45
2012-08-07,19.47,19.65,19.28,19.54
2012-08-08,19.38,19.65,19.08,19.31
2012-08-09,19.28,19.61,19.13,19.6
2012-08-10,19.46,20.17,19.46,20.11
2012-08-13,20.27,20.47,19.89,19.89
2012-08-14,19.82,20.48,19.52,20.44
2012-08-15,20.39,20.39,19.78,19.81
2012-08-16,19.81,20.08,19.7,20.02
2012-08-17,20.08,20.1,18.57,19.59
2012-08-20,19.18,19.2,18.6,18.9
2012-08-21,18.85,19.18,18.8,19.08
2012-08-22,19.03,19.75,18.98,19.47
2012-08-23,19.6,20.2,19.51,20.17
2012-08-24,20.23,20.8,20.04,20.09
2012-08-27,19.86,20.0,19.65,19.83
2012-08-28,19.85,20.49,19.81,20.48
2012-08-29,20.48,21.06,20.34,20.52
2012-08-30,20.41,20.95,19.65,20.14
2012-08-31,20.19,20.4,19.9,20.15
2012-09-03,20.15,20.34,19.9,20.18
2012-09-04,20.22,20.3,19.66,19.68
2012-09-05,19.88,20.53,19.85,20.38
2012-09-06,20.31,20.97,20.31,20.92
2012-09-07,21.0,21.77,20.8,21.46
2012-09-10,21.5,22.0,21.46,21.6
2012-09-11,21.58,21.61,21.3,21.41
2012-09-12,21.5,21.69,21.06,21.35
2012-09-13,21.36,21.5,21.09,21.14
2012-09-14,21.48,21.48,20.7,20.99
2012-09-17,21.02,21.18,20.51,20.64
2012-09-18,20.51,20.97,20.47,20.75
2012-09-19,20.92,21.16,20.88,21.08
2012-09-20,21.1,21.13,20.0,20.15
2012-09-21,20.18,20.39,19.9,20.08
2012-09-24,20.08,20.19,19.63,20.07
2012-09-25,20.06,20.15,19.69,19.83
2012-09-26,19.84,19.95,19.18,19.23
2012-09-27,19.24,20.0,19.1,19.76
2012-09-28,19.51,20.08,19.48,20.05
2012-10-08,20.03,20.2,19.81,19.97
2012-10-09,20.1,20.7,19.92,20.66
2012-10-10,20.6,20.75,20.47,20.72
2012-10-11,20.7,20.7,20.15,20.23
2012-10-12,20.21,20.55,19.92,20.26
2012-10-15,20.27,20.27,19.78,20.01
2012-10-16,20.05,21.15,19.93,20.74
2012-10-17,20.77,20.92,20.56,20.79
2012-10-18,20.8,21.15,20.74,20.98
2012-10-19,21.06,21.06,20.71,20.75
2012-10-22,20.75,20.92,20.59,20.88
2012-10-23,20.94,21.15,20.6,20.71
2012-10-24,20.6,20.94,20.41,20.53
2012-10-25,20.53,20.76,20.25,20.36
2012-10-26,20.36,20.47,19.72,19.9
2012-10-29,19.98,20.1,19.72,19.94
2012-10-30,19.94,20.16,19.1,19.14
2012-10-31,19.87,20.82,19.72,19.99
2012-11-01,19.99,20.49,19.9,20.37
2012-11-02,20.39,20.66,20.27,20.49
2012-11-05,20.36,20.83,20.26,20.63
2012-11-06,20.64,20.7,20.23,20.3
2012-11-07,20.33,20.75,20.2,20.72
2012-11-08,20.5,20.67,20.01,20.09
2012-11-09,20.16,20.16,19.7,19.75
2012-11-12,19.75,19.92,19.49,19.76
2012-11-13,19.76,19.76,19.12,19.13
2012-11-14,19.11,19.34,19.11,19.28
2012-11-15,19.25,19.25,18.66,18.69
2012-11-16,18.82,18.82,18.38,18.48
2012-11-19,18.4,18.66,18.3,18.59
2012-11-20,18.69,18.86,18.61,18.65
2012-11-21,18.66,19.0,18.34,18.97
2012-11-22,18.84,18.84,18.53,18.59
2012-11-23,18.6,18.88,18.52,18.57
2012-11-26,18.6,18.64,18.05,18.14
2012-11-27,18.02,18.12,17.7,17.76
2012-11-28,17.75,17.75,17.45,17.59
2012-11-29,17.8,17.8,17.32,17.41
2012-11-30,17.41,17.7,17.27,17.61
2012-12-03,17.6,17.69,17.28,17.47
2012-12-04,17.46,17.8,17.04,17.79
2012-12-05,17.7,18.58,17.53,18.41
2012-12-06,18.37,18.55,18.21,18.3
2012-12-07,18.3,18.77,18.21,18.73
2012-12-10,18.77,18.84,18.48,18.7
2012-12-11,18.7,18.7,18.4,18.44
2012-12-12,18.41,18.65,18.36,18.59
2012-12-13,18.49,18.55,18.25,18.26
2012-12-14,18.26,19.07,18.26,19.05
2012-12-17,19.11,19.28,18.93,19.22
2012-12-18,19.25,19.38,18.98,19.12
2012-12-19,19.0,19.17,18.93,19.12
2012-12-20,19.2,19.34,18.92,19.19
2012-12-21,19.18,19.54,19.1,19.51
2012-12-24,19.49,19.78,19.38,19.76
2012-12-25,19.7,20.35,19.54,20.09
2012-12-26,19.97,20.5,19.97,20.43
2012-12-27,20.51,20.88,20.21,20.23
2012-12-28,20.26,20.43,20.0,20.28
2012-12-31,20.3,20.69,20.13,20.55
2013-01-04,20.82,20.9,20.17,20.49
2013-01-07,20.73,21.6,20.61,21.59
2013-01-08,21.65,23.75,21.64,23.75
2013-01-09,24.4,24.7,23.4,23.99
2013-01-10,23.99,24.24,23.42,23.73
2013-01-11,23.86,24.34,23.51,23.7
2013-01-14,23.45,24.58,23.35,24.31
2013-01-15,24.27,24.27,23.72,24.08
2013-01-16,24.16,25.46,23.96,24.63
2013-01-17,24.6,24.6,23.6,23.93
2013-01-18,23.93,24.49,23.8,24.24
2013-01-21,24.2,24.96,24.16,24.51
2013-01-22,24.41,24.49,23.28,23.35
2013-01-23,23.15,23.6,22.85,23.29
2013-01-24,23.48,23.88,22.52,22.63
2013-01-25,22.6,23.13,22.42,22.9
2013-01-28,22.9,23.55,22.89,23.48
2013-01-29,23.55,24.17,23.4,23.64
2013-01-30,23.79,23.79,23.25,23.71
2013-01-31,23.91,24.5,23.75,24.09
2013-02-01,23.8,23.99,23.69,23.94
2013-02-04,24.09,24.16,22.8,23.01
2013-02-05,22.71,23.26,22.61,23.16
2013-02-06,23.28,23.69,23.17,23.4
2013-02-07,23.34,23.68,23.34,23.55
2013-02-08,23.5,24.48,23.5,24.24
2013-02-18,24.37,25.57,24.16,25.16
2013-02-19,25.02,25.26,24.27,24.37
2013-02-20,24.3,25.47,24.21,25.4
2013-02-21,25.1,25.96,24.85,25.23
2013-02-22,25.1,25.6,24.82,24.96
2013-02-25,24.91,25.05,24.22,24.46
2013-02-26,24.2,25.09,24.11,24.29
2013-02-27,24.5,24.75,24.0,24.36
2013-02-28,24.47,24.99,24.3,24.98
2013-03-01,25.11,25.84,24.96,25.77
2013-03-04,25.6,25.74,24.59,24.8
2013-03-05,24.81,26.35,24.6,26.34
2013-03-06,26.29,27.26,26.2,26.63
2013-03-07,26.5,27.17,25.6,26.13
2013-03-08,26.03,26.9,25.8,25.87
2013-03-11,26.0,26.6,25.55,26.25
2013-03-12,26.3,26.37,24.56,24.99
2013-03-13,24.99,25.07,24.01,24.4
2013-03-14,24.21,25.29,24.21,25.08
2013-03-15,25.15,26.13,25.1,25.44
2013-03-18,25.3,26.2,25.2,25.55
2013-03-19,25.42,25.82,24.24,24.97
2013-03-20,25.04,25.98,24.52,25.9
2013-03-21,24.8,25.1,24.24,24.85
2013-03-22,24.81,24.81,23.87,24.06
2013-03-25,24.09,24.44,24.01,24.23
2013-03-26,24.07,24.38,23.75,24.21
2013-03-27,24.1,24.44,23.65,23.81
2013-03-28,23.6,23.6,22.61,22.64
2013-03-29,22.88,23.18,22.75,22.99
2013-04-01,23.05,23.32,22.7,22.98
2013-04-02,23.03,23.58,22.9,22.93
2013-04-03,22.9,23.13,22.03,22.36
2013-04-08,21.9,22.78,21.37,22.61
2013-04-09,22.5,23.03,22.5,22.94
2013-04-10,22.82,22.98,22.48,22.77
2013-04-11,22.85,23.37,22.79,23.22
2013-04-12,23.2,23.28,22.56,22.59
2013-04-15,22.4,22.59,21.93,22.12
2013-04-16,21.88,22.4,21.67,22.34
2013-04-17,22.31,22.65,22.22,22.59
2013-04-18,22.71,23.18,22.6,22.73
2013-04-19,22.81,23.35,22.81,23.22
2013-04-22,23.03,23.44,23.0,23.33
2013-04-23,23.45,23.5,22.46,22.5
2013-04-24,22.41,23.8,22.41,23.66
2013-04-25,23.7,24.2,23.42,23.57
2013-04-26,23.49,23.64,22.93,22.97
2013-05-02,21.9,21.9,20.67,20.67
2013-05-03,20.55,21.05,20.33,20.55
2013-05-06,20.61,21.62,20.57,21.49
2013-05-07,21.53,21.74,21.17,21.35
2013-05-08,21.37,21.55,21.02,21.26
2013-05-09,21.26,21.34,20.69,20.99
2013-05-10,20.89,21.21,20.78,21.11
2013-05-13,21.12,21.7,20.85,21.69
2013-05-14,21.59,21.59,21.0,21.14
2013-05-15,21.15,21.65,21.15,21.56
2013-05-16,21.59,22.55,21.56,22.3
2013-05-17,22.2,23.58,22.08,23.18
2013-05-20,23.38,23.57,22.94,23.27
2013-05-21,23.2,23.5,22.96,23.5
2013-05-22,23.5,23.86,22.99,23.13
2013-05-23,23.0,23.13,22.4,22.48
2013-05-24,22.65,23.0,22.43,22.88
2013-05-27,22.98,23.15,22.73,23.02
2013-05-28,23.01,23.03,22.25,22.57
2013-05-29,22.69,22.98,22.68,22.83
2013-05-30,22.7,22.7,22.31,22.52
2013-05-31,22.51,22.61,22.25,22.36
2013-06-03,22.39,23.68,22.39,23.4
2013-06-04,23.4,23.79,23.05,23.77
2013-06-05,23.62,23.68,23.18,23.49
2013-06-06,23.44,23.44,22.93,22.96
2013-06-07,22.93,23.15,21.22,21.43
2013-06-13,20.99,20.99,19.83,20.38
2013-06-14,20.39,20.74,20.2,20.62
2013-06-17,20.62,20.78,20.35,20.48
2013-06-18,20.53,20.67,20.2,20.52
2013-06-19,20.4,20.4,19.76,20.13
2013-06-20,20.1,20.1,19.21,19.26
2013-06-21,18.96,19.25,18.5,19.16
2013-06-24,19.16,19.16,17.61,18.04
2013-06-25,18.16,18.98,16.78,18.74
2013-06-26,18.75,19.04,18.32,19.02
2013-06-27,18.95,19.25,18.45,18.51
2013-06-28,18.6,19.29,18.55,18.99
2013-07-01,18.88,19.19,18.4,19.06
2013-07-02,19.06,19.28,18.8,19.27
2013-07-03,19.15,19.39,18.8,19.37
2013-07-04,19.27,19.58,19.07,19.1
2013-07-05,19.12,19.36,18.78,18.81
2013-07-08,18.49,18.66,17.8,18.51
2013-07-09,18.51,18.65,18.3,18.35
2013-07-10,18.35,18.8,18.1,18.77
2013-07-11,18.88,19.58,18.63,19.34
2013-07-12,19.34,19.5,19.01,19.17
2013-07-15,20.7,21.09,19.68,19.88
2013-07-16,19.77,20.19,19.54,19.94
2013-07-17,19.94,20.0,19.6,19.69
2013-07-18,19.6,20.18,19.16,19.92
2013-07-19,19.8,20.11,19.01,19.1
2013-07-22,17.21,17.69,17.19,17.28
2013-07-23,17.18,17.56,17.01,17.54
2013-07-24,17.56,17.67,17.23,17.46
2013-07-25,17.58,17.68,17.15,17.46
2013-07-26,17.6,17.6,17.01,17.12
2013-07-29,17.0,17.06,16.76,16.79
2013-07-30,16.93,16.93,16.3,16.44
2013-07-31,16.5,16.84,16.4,16.6
2013-08-01,16.67,16.93,16.5,16.9
2013-08-02,16.99,17.48,16.43,17.19
2013-08-05,17.23,17.48,17.21,17.47
2013-08-06,17.41,17.6,17.32,17.56
2013-08-07,17.47,17.7,17.22,17.42
2013-08-08,17.46,17.46,17.12,17.28
2013-08-09,17.38,17.48,17.15,17.45
2013-08-12,17.5,17.58,17.36,17.57
2013-08-13,17.61,18.05,17.56,17.99
2013-08-14,18.01,18.4,17.94,18.08
2013-08-15,18.4,18.83,18.12,18.25
2013-08-16,18.1,18.48,17.78,18.05
2013-08-22,19.86,19.86,19.86,19.86
2013-08-23,20.44,20.65,19.41,19.89
2013-08-26,19.7,20.19,19.51,19.92
2013-08-27,19.7,20.0,19.52,19.75
2013-08-28,19.56,19.58,18.97,18.99
2013-08-29,19.0,19.14,18.72,18.87
2013-08-30,18.96,18.96,18.28,18.41
2013-09-02,18.25,18.82,18.23,18.74
2013-09-03,18.73,19.05,18.61,18.95
2013-09-04,18.96,19.02,18.61,18.71
2013-09-05,18.61,18.89,18.54,18.84
2013-09-06,18.8,18.89,18.62,18.84
2013-09-09,18.84,19.16,18.8,19.09
2013-09-10,19.3,19.3,18.8,19.04
2013-09-11,19.06,19.1,18.45,18.59
2013-09-12,18.45,18.85,18.35,18.75
2013-09-13,18.71,18.71,18.25,18.4
2013-09-16,18.4,18.79,18.3,18.47
2013-09-17,18.51,18.58,17.98,18.12
2013-09-18,18.12,18.25,17.9,18.2
2013-09-23,18.3,18.75,18.3,18.74
2013-09-24,18.74,18.74,18.35,18.58
2013-09-25,18.56,18.73,18.37,18.64
2013-09-26,18.52,18.79,18.42,18.53
2013-09-27,18.58,18.58,18.12,18.15
2013-09-30,18.13,18.32,18.13,18.27
2013-10-08,18.24,18.92,18.08,18.91
2013-10-09,18.71,19.09,18.71,18.98
2013-10-10,18.96,19.19,18.82,19.04
2013-10-11,19.15,19.39,19.04,19.31
2013-10-14,19.34,19.39,18.89,19.04
2013-10-15,19.0,19.08,18.79,18.99
2013-10-16,18.85,18.98,18.26,18.39
2013-10-17,18.46,18.59,18.2,18.2
2013-10-18,18.19,18.46,18.1,18.41
2013-10-21,18.44,18.83,18.34,18.7
2013-10-22,18.7,18.85,18.4,18.46
2013-10-23,18.45,18.51,17.91,17.99
2013-10-24,17.82,18.08,17.82,17.99
2013-10-25,18.0,18.2,17.55,17.6
2013-10-28,17.65,17.76,17.41,17.56
2013-10-29,17.63,17.76,16.83,17.08
2013-10-30,17.1,17.3,16.92,17.27
2013-10-31,17.7,18.28,17.69,17.95
2013-11-01,17.95,18.17,17.33,17.99
2013-11-04,17.9,18.74,17.87,18.58
2013-11-05,18.58,18.79,18.43,18.76
2013-11-06,18.83,18.94,18.38,18.4
2013-11-07,18.42,18.6,18.18,18.26
2013-11-08,18.18,18.35,17.89,17.92
2013-11-11,17.9,18.36,17.74,18.33
2013-11-12,18.38,18.56,18.26,18.5
2013-11-13,18.5,18.5,17.88,17.92
2013-11-14,17.87,18.45,17.7,18.41
2013-11-15,18.4,19.06,18.32,18.87
2013-11-18,19.34,19.34,19.0,19.1
2013-11-19,19.09,19.38,19.0,19.2
2013-11-20,19.22,19.71,19.13,19.68
2013-11-21,19.88,20.18,19.45,19.67
2013-11-22,19.79,19.94,19.36,19.38
2013-11-25,19.28,20.15,19.2,19.95
2013-11-26,19.99,21.06,19.81,20.97
2013-11-27,20.8,21.24,20.65,20.89
2013-11-28,21.06,21.78,20.77,20.8
2013-11-29,20.75,21.75,20.75,21.7
2013-12-02,21.22,21.68,20.03,20.75
2013-12-03,20.6,22.8,20.55,22.68
2013-12-04,22.98,23.57,22.44,22.85
2013-12-05,22.76,22.76,22.2,22.26
2013-12-06,22.3,22.63,21.62,21.99
2013-12-09,22.14,22.57,22.01,22.24
2013-12-10,22.15,22.3,21.67,21.96
2013-12-11,21.9,21.9,21.02,21.28
2013-12-12,21.25,21.57,21.12,21.37
2013-12-13,21.1,21.76,21.03,21.55
2013-12-16,21.45,21.58,20.83,20.89
2013-12-17,20.88,21.09,20.68,20.89
2013-12-18,20.98,21.44,20.83,21.38
2013-12-19,21.39,21.65,21.09,21.15
2013-12-20,21.1,21.26,20.0,20.53
2013-12-23,20.5,20.65,20.13,20.57
2013-12-24,20.57,21.09,20.48,20.86
2013-12-25,21.08,21.58,20.95,21.38
2013-12-26,21.39,21.41,20.71,20.74
2013-12-27,20.61,21.42,20.61,21.33
2013-12-30,21.35,21.84,21.32,21.47
2013-12-31,21.37,21.55,20.95,21.13
2014-01-02,21.1,21.54,21.0,21.5
2014-01-03,21.45,21.45,20.75,21.08
2014-01-06,20.77,21.0,20.0,20.39
2014-01-07,20.22,20.54,20.11,20.19
2014-01-08,20.18,20.5,19.97,20.06
2014-01-09,20.06,20.46,20.01,20.03
2014-01-10,19.9,19.9,19.18,19.32
2014-01-13,19.5,19.5,18.71,18.81
2014-01-14,18.99,19.33,18.82,19.24
2014-01-15,19.26,19.56,19.08,19.48
2014-01-16,19.64,19.66,19.31,19.43
2014-01-17,19.51,19.9,19.26,19.27
2014-01-20,19.3,19.46,19.03,19.25
2014-01-21,19.3,20.0,19.3,19.93
2014-01-22,19.93,20.69,19.8,20.68
2014-01-23,20.58,20.97,20.5,20.71
2014-01-24,20.6,21.0,20.53,20.75
2014-01-27,20.6,21.16,20.5,20.86
2014-01-28,20.73,21.13,20.72,21.0
2014-01-29,21.01,21.44,20.8,21.28
2014-01-30,21.26,21.27,20.69,20.94
2014-02-07,20.79,21.45,20.61,21.45
2014-02-10,21.5,21.85,21.46,21.73
2014-02-11,21.8,21.8,21.28,21.52
2014-02-12,21.52,21.67,21.2,21.56
2014-02-13,21.49,21.55,20.78,20.81
2014-02-14,20.84,21.27,20.84,21.14
2014-02-17,21.2,21.84,21.2,21.8
2014-02-18,21.92,22.17,21.46,21.56
2014-02-19,21.5,22.18,21.43,22.0
2014-02-20,21.91,22.08,21.43,21.5
2014-02-21,21.35,21.5,20.76,21.1
2014-02-24,20.92,21.0,20.19,20.78
2014-02-25,20.74,21.03,20.02,20.11
2014-02-26,19.87,20.19,19.67,20.17
2014-02-27,20.28,20.53,19.95,20.0
2014-02-28,19.94,20.48,19.68,20.47
2014-03-03,20.5,20.75,20.34,20.66
2014-03-04,20.6,20.6,20.07,20.22
2014-03-05,20.33,21.23,20.14,21.12
2014-03-06,21.18,21.55,20.97,21.29
2014-03-07,21.2,21.99,21.2,21.34
2014-03-10,21.29,21.29,20.4,20.42
2014-03-11,20.4,20.52,19.89,20.26
2014-03-12,20.21,20.38,19.93,20.33
2014-03-13,20.33,20.55,20.2,20.5
2014-03-14,20.4,20.46,20.14,20.28
2014-03-17,20.48,20.89,20.2,20.81
2014-03-18,20.84,21.85,20.84,21.56
2014-03-19,21.48,21.62,21.03,21.38
2014-03-20,21.32,21.84,21.18,21.21
2014-03-21,21.15,22.15,20.9,21.98
2014-03-24,22.01,22.17,21.63,21.89
2014-03-25,21.79,21.94,21.38,21.59
2014-03-26,21.6,21.99,21.57,21.65
2014-03-27,21.7,21.7,21.11,21.3
2014-03-28,21.15,21.5,20.53,20.71
2014-03-31,20.61,20.72,20.35,20.69
2014-04-01,20.62,21.34,20.62,21.31
2014-04-02,21.43,21.48,21.2,21.34
2014-04-03,21.34,21.43,21.08,21.15
2014-04-04,21.14,21.82,21.03,21.75
2014-04-08,21.67,21.88,21.5,21.78
2014-04-09,21.79,22.1,21.63,21.97
2014-04-10,22.0,22.05,21.67,21.78
2014-04-11,21.61,22.33,21.5,22.28
2014-04-14,22.28,22.96,22.18,22.55
2014-04-15,22.55,22.77,21.5,21.67
2014-04-16,21.66,22.34,21.57,22.31
2014-04-21,21.8,21.8,21.02,21.32
2014-04-22,21.14,21.54,21.0,21.53
2014-04-23,21.51,21.65,21.19,21.63
2014-04-24,21.56,21.66,21.3,21.5
2014-04-25,21.32,21.86,21.18,21.66
2014-04-28,21.6,21.6,20.77,21.1
2014-04-29,21.1,21.38,20.7,20.76
2014-04-30,20.79,21.07,20.45,20.57
2014-05-05,20.59,20.7,20.1,20.58
2014-05-06,20.59,20.85,20.4,20.72
2014-05-07,20.5,20.63,20.38,20.47
2014-05-08,20.46,20.83,20.4,20.43
2014-05-09,20.43,20.5,20.01,20.41
2014-05-12,20.44,20.98,20.42,20.93
2014-05-13,21.0,21.0,20.8,20.87
2014-05-14,20.8,20.96,20.8,20.84
2014-05-15,20.61,20.84,20.52,20.7
2014-05-16,20.56,20.73,20.32,20.44
2014-05-19,20.4,20.49,20.19,20.35
2014-05-20,20.41,20.65,20.38,20.38
2014-05-21,20.61,20.61,20.39,20.52
2014-05-22,20.52,20.73,20.37,20.44
2014-05-23,20.38,20.66,20.32,20.65
2014-05-26,13.7,13.83,13.6,13.82
2014-05-27,13.76,13.79,13.56,13.59
2014-05-28,13.59,13.79,13.29,13.75
2014-05-29,13.72,13.88,13.6,13.61
2014-05-30,13.6,13.9,13.32,13.84
2014-06-03,14.04,14.19,13.56,14.05
2014-06-04,14.01,14.01,13.68,13.77
2014-06-05,13.75,14.15,13.63,14.13
2014-06-06,14.2,14.2,13.91,14.08
2014-06-09,14.17,14.17,13.91,13.92
2014-06-10,14.03,14.03,13.73,13.96
2014-06-11,13.96,14.0,13.85,13.94
2014-06-12,13.89,13.94,13.71,13.8
2014-06-13,13.8,14.06,13.7,14.0
2014-06-16,13.88,14.19,13.88,14.05
2014-06-17,14.05,14.09,13.91,14.04
2014-06-18,14.04,14.04,13.79,13.89
2014-06-19,13.87,13.9,13.45,13.46
2014-06-20,13.45,13.67,13.42,13.64
2014-06-23,13.69,13.98,13.68,13.96
2014-06-24,14.16,14.2,13.97,14.15
2014-06-25,14.1,14.1,13.84,13.94
2014-06-26,13.94,14.22,13.94,14.15
2014-06-27,14.15,14.18,14.02,14.1
2014-06-30,14.25,14.48,14.25,14.38
2014-07-01,14.36,14.48,14.2,14.45
2014-07-02,14.42,14.99,14.42,14.95
2014-07-03,14.81,15.12,14.81,15.1
2014-07-04,15.08,15.09,14.75,14.87
2014-07-07,14.82,15.03,14.7,14.93
2014-07-08,14.9,15.29,14.68,15.23
2014-07-09,15.23,15.68,15.1,15.38
2014-07-10,15.38,15.45,15.17,15.23
2014-07-11,15.26,15.76,15.23,15.49
2014-07-14,15.5,15.69,15.35,15.63
2014-07-15,15.63,15.7,15.4,15.47
2014-07-16,15.38,15.59,15.25,15.31
2014-07-17,15.31,15.31,14.98,15.18
2014-07-18,15.07,15.65,15.05,15.34
2014-07-21,15.3,15.34,14.85,15.03
2014-07-22,15.03,15.42,15.03,15.27
2014-07-23,15.27,15.37,15.04,15.09
2014-07-24,15.04,15.15,14.62,14.97
2014-07-25,15.04,15.23,14.85,15.11
2014-07-28,15.12,15.76,15.12,15.61
2014-07-29,15.71,16.07,15.5,16.04
2014-07-30,16.04,16.14,15.8,15.98
2014-07-31,15.88,16.24,15.73,16.15
2014-08-01,16.15,16.24,15.69,15.78
2014-08-04,15.79,16.08,15.79,16.02
2014-08-05,16.05,16.16,15.89,16.03
2014-08-06,16.09,16.68,16.03,16.59
2014-08-07,16.5,17.05,16.26,16.59
2014-08-08,16.56,16.98,16.53,16.77
2014-08-11,16.8,16.93,16.6,16.82
2014-08-12,16.75,17.28,16.7,17.27
2014-08-13,17.28,17.38,16.91,16.98
2014-08-14,16.97,17.07,16.65,16.76
2014-08-15,16.71,17.02,16.68,16.87
2014-08-18,16.87,17.14,16.78,17.13
2014-08-19,17.06,17.13,16.69,16.78
2014-08-20,16.78,16.78,16.48,16.52
2014-08-21,16.75,17.35,16.75,17.02
2014-08-22,16.99,17.15,16.76,17.1
2014-08-25,17.12,17.35,16.83,17.26
2014-08-26,17.31,17.31,16.85,16.94
2014-08-27,16.94,16.98,16.59,16.65
2014-08-28,16.6,16.97,16.51,16.61
2014-08-29,16.61,16.8,16.61,16.79
2014-09-01,16.81,17.14,16.81,17.0
2014-09-02,17.02,17.17,16.84,17.14
2014-09-03,17.14,17.33,17.0,17.18
2014-09-04,17.21,18.1,17.21,17.97
2014-09-05,18.11,18.2,17.66,17.74
2014-09-09,17.66,18.16,17.63,17.9
2014-09-10,17.88,17.98,17.68,17.93
2014-09-11,17.9,18.3,17.82,18.2
2014-09-12,18.2,18.2,17.86,18.17
2014-09-15,18.09,18.2,17.96,18.08
2014-09-16,18.08,18.19,17.38,17.44
2014-09-17,17.45,17.68,17.1,17.64
2014-09-18,17.61,17.77,17.47,17.74
2014-09-19,17.76,18.0,17.74,17.88
2014-09-22,17.88,17.9,17.56,17.67
2014-09-23,17.67,18.1,17.62,18.0
2014-09-24,18.0,18.68,17.95,18.5
2014-09-25,18.5,18.68,18.21,18.38
2014-09-26,18.2,18.99,18.18,18.9
2014-09-29,18.95,19.45,18.95,19.41
2014-09-30,19.45,19.49,18.84,19.2
2014-10-08,19.11,19.37,19.0,19.24
2014-10-09,19.2,19.39,18.76,19.29
2014-10-10,19.19,19.27,18.79,18.83
2014-10-13,18.8,18.8,17.99,18.22
2014-10-14,18.25,18.46,18.1,18.27
2014-10-15,18.25,18.35,17.98,18.17
2014-10-16,18.18,18.2,17.61,17.71
2014-10-17,17.58,17.9,17.25,17.7
2014-10-20,17.73,18.25,17.73,18.09
2014-10-21,18.06,18.15,17.52,17.64
2014-10-22,17.66,17.88,17.41,17.47
2014-10-23,17.4,17.6,17.1,17.47
2014-10-24,17.47,18.02,17.47,17.85
2014-10-27,17.85,18.22,17.75,18.21
2014-10-28,18.22,18.55,18.21,18.46
2014-10-29,18.56,18.96,18.56,18.95
2015-01-19,20.6,20.85,19.33,20.85
2015-01-20,22.01,22.73,20.9,21.79
2015-01-21,21.46,22.18,21.18,21.7
2015-01-22,21.73,21.9,21.16,21.76
2015-01-23,21.88,21.88,20.6,20.79
2015-01-26,20.55,20.94,20.25,20.85
2015-01-27,20.86,21.15,20.64,20.9
2015-01-28,20.8,21.15,20.63,20.9
2015-01-29,20.87,20.87,20.3,20.38
2015-01-30,20.39,20.6,19.87,19.89
2015-02-02,19.6,19.79,19.33,19.7
2015-02-03,19.79,20.49,19.4,20.4
2015-02-04,20.4,20.4,19.92,19.95
2015-02-05,20.02,20.41,19.5,20.02
2015-02-06,19.76,19.9,19.39,19.44
2015-02-09,19.38,19.51,19.2,19.3
2015-02-10,19.2,19.38,19.12,19.23
2015-02-11,19.26,19.98,19.2,19.93
2015-02-12,19.8,20.49,19.73,20.4
2015-02-13,20.0,20.39,19.96,20.28
2015-02-16,20.28,20.73,20.28,20.73
2015-02-17,20.78,20.9,20.42,20.75
2015-02-25,20.88,20.88,20.31,20.46
2015-02-26,20.45,20.45,20.05,20.3
2015-02-27,20.34,21.49,20.31,21.44
2015-03-02,21.4,21.67,21.21,21.62
2015-03-03,21.35,21.56,20.89,20.9
2015-03-04,20.78,21.09,20.51,20.86
2015-03-05,20.86,21.85,20.6,21.52
2015-03-06,21.61,21.66,20.89,21.41
2015-03-09,21.27,21.61,21.15,21.29
2015-03-10,21.4,22.18,20.9,21.77
2015-03-11,21.7,21.93,20.7,20.83
2015-03-12,20.9,21.04,20.27,20.38
2015-03-13,20.45,20.66,20.45,20.61
2015-03-16,20.75,21.3,20.69,21.29
2015-03-17,21.35,21.6,21.15,21.33
2015-03-18,21.46,21.59,20.92,21.53
2015-03-19,21.52,22.8,21.4,22.68
2015-03-20,22.45,22.99,22.3,22.69
2015-03-23,22.72,23.07,22.45,22.72
2015-03-24,22.66,23.78,22.56,23.7
2015-03-25,23.68,24.54,23.31,24.17
2015-03-26,24.0,24.5,23.42,23.5
2015-03-27,23.45,23.45,22.82,23.38
2015-03-30,23.7,23.99,23.34,23.51
2015-03-31,23.56,24.14,23.23,23.65
2015-04-01,23.61,24.37,23.6,24.25
2015-04-02,24.4,24.98,24.4,24.76
2015-04-03,24.5,24.86,24.31,24.84
2015-04-07,24.89,26.62,24.89,25.66
2015-04-08,25.78,26.17,24.89,25.29
2015-04-09,25.05,25.37,23.71,24.74
2015-04-10,24.98,26.15,24.55,25.85
2015-04-13,25.9,26.95,25.9,26.94
2015-04-14,26.92,27.79,26.41,26.94
2015-04-15,26.1,26.2,24.4,24.58
2015-04-16,24.56,25.59,24.1,25.03
2015-04-17,25.58,26.09,25.58,25.69
2015-04-20,25.31,25.34,24.36,24.37
2015-04-21,24.62,25.49,24.3,25.36
2015-04-22,25.43,25.98,25.42,25.78
2015-04-23,25.9,26.5,25.88,26.2
2015-04-24,25.6,26.95,25.35,26.6
2015-04-27,26.58,27.29,26.16,26.43
2015-04-28,26.22,26.39,25.35,25.72
2015-04-29,25.65,26.75,25.54,26.71
2015-05-25,29.29,29.29,29.29,29.29
2015-05-26,32.22,32.22,31.06,32.22
2015-05-27,35.0,35.38,32.8,32.93
2015-05-28,32.93,36.22,32.93,35.56
2015-05-29,35.29,39.12,33.01,39.12
2015-06-01,39.01,41.44,37.72,39.38
2015-06-02,39.0,40.5,38.25,39.69
2015-06-03,39.5,43.66,39.02,43.66
2015-06-04,43.7,45.49,41.2,44.66
2015-06-05,44.89,45.0,42.5,43.47
2015-06-08,45.5,45.5,41.0,41.48
2015-06-09,41.0,42.13,40.1,41.61
2015-06-10,41.5,42.3,40.76,41.25
2015-06-11,40.87,42.1,39.83,41.58
2015-06-12,42.4,45.2,41.5,43.36
2015-06-15,43.42,45.34,42.24,42.95
2015-06-16,42.01,42.5,40.05,40.58
2015-06-17,40.35,43.34,40.35,42.79
2015-06-18,42.8,44.95,42.8,43.5
2015-06-19,42.38,44.05,39.8,40.54
2015-06-23,40.0,41.18,37.0,39.98
2015-06-24,40.53,43.0,40.04,42.84
2015-06-25,42.86,47.12,42.0,44.1
2015-06-26,41.98,43.98,39.69,39.69
2015-06-29,41.5,41.6,35.72,35.72
2015-06-30,33.5,37.01,32.15,36.8
2015-07-01,37.5,39.73,34.05,34.92
2015-07-02,34.56,35.6,31.43,31.43
2015-07-03,28.3,30.88,28.29,28.29
2015-07-13,31.12,31.12,29.71,31.12
2015-07-14,32.35,34.23,31.5,34.23
2015-07-15,35.0,36.0,31.0,31.2
2015-07-16,31.2,34.32,28.6,34.03
2015-07-17,34.1,37.43,34.1,37.43
2015-07-20,37.3,38.81,36.21,38.45
2015-07-21,37.91,42.3,37.49,42.29
2015-07-22,41.85,44.88,39.01,41.03
2015-07-23,41.1,41.1,38.59,40.48
2015-07-24,39.91,44.53,39.61,43.2
2015-07-27,42.0,44.5,38.88,38.88
2015-07-28,37.0,40.5,34.99,38.01
2015-07-29,38.01,39.5,35.3,38.86
2015-07-30,38.05,40.0,36.91,37.27
2015-07-31,36.52,37.27,33.54,33.54
2015-08-03,32.5,32.6,30.19,30.19
2015-08-04,30.6,33.18,30.29,33.12
2015-08-05,33.0,33.2,30.93,31.27
2015-08-06,30.5,31.37,30.0,30.52
2015-08-07,31.28,32.64,31.18,32.39
2015-08-10,32.8,35.35,32.8,34.76
2015-08-11,34.8,35.77,34.33,34.85
2015-08-12,35.0,35.81,34.5,34.97
2015-08-13,34.81,37.08,34.6,36.98
2015-08-14,37.0,38.4,36.9,37.76
2015-08-17,37.75,38.3,37.01,38.02
2015-08-18,38.02,38.17,34.22,34.27
2015-08-19,32.99,35.58,31.01,35.23
2015-08-20,34.75,35.29,32.99,33.22
2015-08-21,32.31,34.5,31.5,32.78
2015-08-24,31.3,31.8,29.5,29.5
2015-08-25,26.55,27.38,26.55,26.55
2015-08-26,27.0,27.61,25.24,25.7
2015-08-27,27.44,27.44,25.5,27.2
2015-08-28,27.65,29.34,27.5,29.21
2015-08-31,28.92,28.97,27.31,27.74
2015-09-01,27.68,27.68,25.0,25.48
2015-09-02,23.88,26.27,23.0,25.19
2015-09-07,25.95,27.28,25.62,26.29
2015-09-08,26.5,28.09,26.01,28.02
2015-09-09,28.3,29.3,27.99,28.09
2015-09-10,27.5,28.83,27.31,28.06
2015-09-11,27.88,28.56,27.86,28.25
2015-09-14,28.95,28.99,25.43,25.43
2015-09-15,24.82,25.8,22.89,23.24
2015-09-16,23.35,25.56,22.58,25.32
2015-09-17,24.9,26.6,24.55,24.81
2015-09-18,25.8,26.14,25.11,25.95
2015-09-21,25.87,27.67,25.55,27.6
2015-09-22,28.11,28.55,27.01,28.34
2015-09-23,28.64,30.29,28.42,29.45
2015-09-24,10.09,10.38,9.75,9.95
2015-09-25,9.55,9.64,8.96,8.96
2015-09-28,9.05,9.28,9.01,9.14
2015-09-29,8.98,8.98,8.31,8.7
2015-09-30,8.74,8.79,8.4,8.63
2015-10-08,9.05,9.49,8.94,9.49
2015-10-09,9.59,10.44,9.52,10.44
2015-10-12,10.77,11.29,10.6,10.99
2015-10-13,10.98,11.33,10.68,11.1
2015-10-14,11.0,11.27,10.8,11.07
2015-10-15,11.07,11.75,11.01,11.53
2015-10-16,11.56,11.64,11.08,11.4
2015-10-19,11.25,11.37,11.0,11.17
2015-10-20,11.1,11.56,11.02,11.41
2015-10-21,11.53,11.59,10.4,10.51
2015-10-22,10.52,11.38,10.45,11.26
2015-10-23,11.35,12.39,11.21,12.35
2015-10-26,12.8,12.95,12.04,12.28
2015-10-27,12.26,12.48,11.39,12.35
2015-10-28,12.18,12.34,11.7,11.85
2015-10-29,11.95,12.05,11.7,11.88
2015-10-30,12.0,12.02,11.11,11.8
2015-11-02,12.09,12.8,11.9,12.29
2015-11-03,12.35,12.5,12.13,12.28
2015-11-04,12.35,12.79,12.26,12.73
2015-11-05,12.85,12.85,12.35,12.5
2015-11-06,12.61,12.78,12.53,12.62
2015-11-09,12.49,12.54,12.11,12.4
2015-11-10,12.25,12.68,12.15,12.38
2015-11-11,12.41,12.57,12.32,12.45
2015-11-12,12.5,12.58,12.25,12.39
2015-11-13,12.22,12.39,11.94,12.19
2015-11-16,11.92,12.65,11.88,12.62
2015-11-17,12.64,12.75,12.47,12.58
2015-11-18,12.58,13.68,12.32,13.23
2015-11-19,13.28,13.76,13.15,13.57
2015-11-23,14.9,14.9,13.7,13.97
2015-11-24,13.68,13.97,13.45,13.66
2015-11-25,13.5,13.93,13.32,13.9
2015-11-26,14.12,14.29,13.7,13.72
2015-11-27,13.7,13.7,12.35,12.51
2015-11-30,12.45,13.0,11.69,12.9
2015-12-01,12.92,12.96,12.51,12.74
2015-12-02,12.8,12.8,12.1,12.5
2015-12-03,12.68,13.28,12.6,13.17
2015-12-04,13.15,13.77,13.02,13.33
2015-12-07,13.4,13.94,13.34,13.68
2015-12-08,13.7,14.18,13.53,13.78
2015-12-09,13.78,13.95,13.35,13.41
2015-12-10,13.41,13.65,13.15,13.21
2015-12-11,13.3,13.37,13.09,13.19
2015-12-14,13.12,13.55,13.05,13.51
2015-12-15,13.74,14.18,13.7,13.89
2015-12-16,14.17,14.78,14.13,14.57
2015-12-17,14.6,16.03,14.4,16.03
2015-12-18,16.07,16.9,15.9,16.15
2015-12-21,16.31,17.0,16.11,16.25
2015-12-22,16.4,16.6,15.82,16.26
2015-12-23,16.33,16.33,15.87,15.91
2015-12-24,15.88,16.46,15.31,16.23
2015-12-25,16.12,16.49,16.06,16.33
2015-12-28,16.4,16.49,15.8,15.83
2015-12-29,15.95,16.02,15.62,15.9
2015-12-30,16.1,16.39,15.9,16.1
2015-12-31,16.13,16.22,15.65,15.94
2016-01-04,15.88,15.88,14.35,14.37
2016-01-05,13.68,14.87,13.48,14.24
2016-01-06,14.55,14.65,14.1,14.41
2016-01-07,14.15,14.15,12.97,12.98
2016-01-08,13.3,13.55,12.15,13.16
2016-01-11,12.7,12.9,11.84,11.84
2016-01-12,11.8,12.7,11.53,12.19
2016-01-13,12.23,12.48,11.6,11.72
2016-01-14,11.1,12.2,11.1,12.15
2016-01-15,12.15,12.38,11.7,11.83
2016-01-18,11.47,12.15,11.43,11.91
2016-01-19,11.85,12.38,11.84,12.35
2016-01-20,12.35,12.48,12.0,12.08
2016-01-21,11.87,12.2,11.5,11.51
2016-01-22,11.65,11.88,11.12,11.53
2016-01-25,11.75,11.79,11.53,11.62
2016-01-26,11.46,11.49,10.46,10.47
2016-01-27,10.45,10.54,9.49,10.04
2016-01-28,10.06,10.43,9.71,9.83
2016-01-29,10.0,10.51,9.95,10.4
2016-02-01,10.43,10.49,10.19,10.35
2016-02-02,10.4,10.91,10.36,10.79
2016-02-03,10.65,11.27,10.6,11.11
2016-02-04,11.11,11.47,11.05,11.32
2016-02-05,11.44,11.48,11.2,11.22
2016-02-15,10.75,11.27,10.6,11.13
2016-02-16,11.25,11.59,11.25,11.55
2016-02-17,11.55,11.88,11.4,11.7
2016-02-18,11.7,11.83,11.53,11.55
2016-02-19,11.58,11.74,11.5,11.64
2016-02-22,11.75,11.94,11.7,11.77
2016-02-23,11.77,11.84,11.21,11.48
2016-02-24,11.4,11.55,11.2,11.41
2016-02-25,11.33,11.44,10.27,10.27
2016-02-26,10.3,10.49,10.19,10.4
2016-02-29,10.4,10.4,9.55,9.93
2016-03-01,9.99,10.12,9.49,10.08
2016-03-02,10.07,10.55,10.01,10.5
2016-03-03,10.65,10.75,10.38,10.4
2016-03-04,10.29,10.57,10.02,10.16
2016-03-07,10.41,11.18,10.41,11.18
2016-03-08,11.18,11.6,10.78,11.45
2016-03-09,11.0,11.38,10.85,11.04
2016-03-10,11.01,11.29,10.65,10.69
2016-03-11,10.45,10.67,10.42,10.56
2016-03-14,10.7,11.35,10.7,11.05
2016-03-15,11.16,11.24,11.02,11.18
2016-03-16,11.19,11.26,10.83,10.89
2016-03-17,10.95,11.3,10.79,11.17
2016-03-18,11.22,11.6,11.18,11.39
2016-03-21,11.55,11.66,11.4,11.6
2016-03-22,11.58,11.63,11.37,11.44
2016-03-23,11.38,11.5,11.28,11.47
2016-03-24,11.36,11.42,11.17,11.22
2016-03-25,11.2,11.37,11.11,11.34
2016-03-28,11.4,11.56,11.22,11.35
2016-03-29,11.33,11.36,11.01,11.09
2016-03-30,11.15,11.55,11.15,11.49
2016-03-31,11.58,11.88,11.5,11.68
2016-04-01,11.65,11.68,11.27,11.5
2016-04-05,11.45,12.07,11.45,12.01
2016-04-06,12.09,12.12,11.78,11.85
2016-04-07,11.85,12.04,11.75,11.8
2016-04-08,11.71,11.99,11.62,11.95
2016-04-25,12.0,12.7,11.9,12.08
2016-04-26,12.49,12.79,12.16,12.45
2016-04-27,12.8,13.66,12.58,13.43
2016-04-28,13.23,13.29,12.64,13.01
2016-04-29,12.92,13.21,12.8,13.07
2016-05-03,13.11,13.42,12.91,13.41
2016-05-04,13.32,13.87,13.23,13.38
2016-05-05,13.35,13.38,13.03,13.11
2016-05-06,13.25,13.35,12.42,12.45
2016-05-09,12.38,12.39,11.8,11.86
2016-05-10,11.88,12.15,11.8,11.94
2016-05-11,12.08,12.13,11.72,11.85
2016-05-12,11.66,11.99,11.42,11.98
2016-05-13,11.93,12.09,11.8,11.84
2016-05-16,11.8,12.01,11.56,11.99
2016-05-17,11.99,12.08,11.8,11.9
2016-05-18,11.77,11.88,11.26,11.49
2016-05-19,11.44,11.66,11.31,11.36
2016-05-20,11.23,11.46,11.1,11.43
2016-05-23,11.48,11.81,11.44,11.63
2016-05-24,11.67,11.7,11.35,11.5
2016-05-25,11.57,11.74,11.5,11.55
2016-05-26,11.56,11.64,11.2,11.55
2016-05-27,11.51,11.59,11.41,11.52
2016-05-30,11.46,11.85,11.31,11.61
2016-05-31,11.62,12.15,11.62,12.09
2016-06-01,12.1,12.31,12.01,12.06
2016-06-02,12.05,12.12,11.96,12.07
2016-06-03,12.13,12.8,12.07,12.41
2016-06-06,12.52,12.7,12.32,12.41
2016-06-07,12.43,12.65,12.25,12.46
2016-06-08,12.55,12.88,12.41,12.72
2016-06-13,12.42,12.53,11.8,11.84
2016-06-14,11.84,12.02,11.72,11.92
2016-06-15,11.79,12.43,11.7,12.26
2016-06-16,12.29,12.31,12.01,12.12
2016-06-17,12.22,12.43,12.11,12.21
2016-06-20,12.19,12.34,11.91,12.3
2016-06-21,12.32,12.65,12.17,12.21
2016-06-22,12.17,12.42,12.15,12.4
2016-06-23,12.41,12.65,12.36,12.53
2016-06-24,12.51,12.62,11.83,12.16
2016-06-27,11.98,12.67,11.97,12.61
2016-06-28,12.55,12.75,12.46,12.74
2016-06-29,12.83,12.88,12.58,12.69
2016-06-30,12.66,12.74,12.5,12.58
2016-07-01,12.6,12.73,12.5,12.58
2016-07-04,12.5,13.05,12.42,12.94
2016-07-05,12.99,13.16,12.87,12.94
2016-07-06,12.9,12.94,12.75,12.88
2016-07-07,12.89,12.94,12.55,12.77
2016-07-08,12.66,12.95,12.65,12.82
2016-07-11,12.8,13.21,12.8,12.86
2016-07-12,12.71,12.98,12.56,12.89
2016-07-13,12.86,13.42,12.86,13.39
2016-07-14,13.35,13.75,13.25,13.51
2016-07-15,13.48,14.06,13.4,13.98
2016-07-18,13.98,14.6,13.98,14.34
2016-07-19,14.78,14.97,14.21,14.59
2016-07-20,14.42,15.0,14.31,14.66
2016-07-21,14.75,15.95,14.6,15.53
2016-07-22,15.44,15.58,15.09,15.31
2016-07-25,15.22,15.5,14.42,14.57
2016-07-26,14.7,15.14,14.6,14.84
2016-07-27,14.72,15.13,13.89,14.45
2016-07-28,14.37,15.08,14.33,14.96
2016-07-29,14.89,15.16,14.73,14.74
2016-08-01,14.38,14.48,14.12,14.31
2016-08-02,14.36,14.8,14.36,14.73
2016-08-03,14.72,15.12,14.58,15.01
2016-08-04,14.9,15.11,14.8,14.89
2016-08-05,14.9,15.03,14.72,14.79
2016-08-08,14.74,15.28,14.74,15.11
2016-08-09,15.04,15.33,14.9,15.28
2016-08-10,15.35,16.1,15.35,15.83
2016-08-11,15.93,16.12,15.56,15.76
2016-08-12,15.69,16.1,15.6,15.93
2016-08-15,16.01,16.18,15.73,16.02
2016-08-16,17.0,17.3,16.09,16.12
2016-08-17,16.19,16.78,16.07,16.69
2016-08-18,16.98,18.18,16.98,17.6
2016-08-19,17.74,17.89,17.18,17.42
2016-08-22,17.51,17.55,16.9,17.02
2016-08-23,17.02,17.3,16.83,17.12
2016-08-24,17.1,18.09,17.01,18.02
2016-08-25,18.0,18.17,17.5,17.9
2016-08-26,18.02,18.75,17.9,18.07
2016-08-29,19.16,19.65,18.79,19.17
2016-08-30,19.04,20.38,18.78,19.99
2016-08-31,19.99,20.22,19.6,20.01
2016-09-01,19.89,20.48,19.83,19.9
2016-09-02,19.82,20.78,19.71,20.64
2016-09-05,20.86,22.68,20.71,22.14
2016-09-06,22.15,23.12,21.36,21.72
2016-09-07,21.8,22.18,21.55,21.92
2016-09-08,21.98,23.5,21.83,23.47
2016-09-09,23.64,24.08,22.9,23.09
2016-09-12,22.58,23.36,22.01,23.33
2016-09-13,23.37,23.49,21.0,21.0
2016-09-14,20.78,21.17,20.15,20.45
2016-09-19,20.7,21.25,20.55,21.01
2016-09-20,21.05,21.21,20.71,21.09
2016-09-21,21.19,21.64,19.88,19.99
2016-09-22,20.02,20.99,19.92,20.59
2016-09-23,20.46,20.73,19.88,20.04
2016-09-26,20.15,20.38,19.81,20.03
2016-09-27,20.23,20.66,20.06,20.56
2016-09-28,20.38,20.45,19.87,20.15
2016-09-29,20.1,20.29,19.41,19.54
2016-09-30,19.58,19.88,19.47,19.72
2016-10-10,20.16,21.0,20.16,20.87
2016-10-11,20.88,21.5,20.81,21.07
2016-10-12,21.0,21.37,20.76,21.32
2016-10-13,21.28,21.58,21.18,21.29
2016-10-14,21.1,21.75,21.09,21.38
2016-10-17,21.5,21.62,20.6,20.68
2016-10-18,20.62,20.8,20.25,20.72
2016-10-19,20.64,20.97,20.52,20.69
2016-10-20,20.43,20.44,19.69,20.18
2016-10-21,20.16,20.17,19.65,19.84
2016-10-24,19.86,20.18,19.86,19.95
2016-10-25,20.04,20.19,19.71,20.04
2016-10-26,20.0,20.16,19.75,19.82
2016-10-27,19.8,20.12,19.74,19.97
2016-10-28,20.0,20.38,19.89,20.15
2016-10-31,20.09,20.09,18.7,18.76
2016-11-01,18.72,18.96,18.54,18.93
2016-11-02,18.96,19.08,18.81,18.93
2016-11-03,19.01,19.05,18.37,18.56
2016-11-04,18.6,18.7,18.09,18.12
2016-11-07,18.15,18.45,18.03,18.29
2016-11-08,18.4,18.78,18.3,18.71
2016-11-09,18.72,18.73,18.17,18.46
2016-11-10,18.65,18.97,18.61,18.77
2016-11-11,18.8,18.96,18.66,18.81
2016-11-14,18.84,18.99,18.73,18.9
2016-11-15,18.9,18.9,18.6,18.79
2016-11-16,18.71,19.2,18.59,19.15
2016-11-17,19.13,19.13,18.86,18.9
2016-11-18,18.88,19.06,18.77,18.91
2016-11-21,19.03,19.44,18.91,18.96
2016-11-22,18.88,18.96,18.45,18.64
2016-11-23,18.65,18.67,18.27,18.38
2016-11-24,18.33,18.51,18.23,18.39
2016-11-25,18.44,18.89,18.39,18.88
2016-11-28,19.66,19.79,19.3,19.39
2016-11-29,19.51,19.87,19.01,19.18
2016-11-30,19.15,20.66,19.12,20.13
2016-12-01,20.09,20.48,19.89,20.1
2016-12-02,20.0,20.32,19.81,19.82
2016-12-05,19.6,20.4,19.5,20.16
2016-12-06,20.15,20.45,19.87,19.89
2016-12-07,19.83,20.1,19.63,19.96
2016-12-08,19.96,20.45,19.75,20.4
2016-12-09,20.4,20.56,20.0,20.08
2016-12-12,20.01,20.09,18.91,19.2
2016-12-13,19.2,19.34,18.87,19.27
2016-12-14,19.18,19.21,18.76,18.79
2016-12-15,18.72,19.35,18.62,19.09
2016-12-16,19.05,19.08,18.81,18.96
2016-12-19,18.97,19.35,18.86,19.05
2016-12-20,19.11,19.25,18.95,19.13
2016-12-21,19.23,19.29,19.1,19.14
2016-12-22,19.22,19.29,18.8,18.9
2016-12-23,18.88,19.02,18.38,18.41
2016-12-26,18.38,18.66,18.16,18.56
2016-12-27,18.69,18.69,18.38,18.4
2016-12-28,18.52,18.52,18.14,18.19
2016-12-29,18.25,18.35,18.17,18.21
2016-12-30,18.3,18.67,18.17,18.66
2017-01-03,18.7,18.84,18.61,18.72
2017-01-04,18.74,19.7,18.66,19.69
2017-01-05,19.65,19.86,19.51,19.56
2017-01-06,19.68,19.69,19.3,19.46
2017-01-09,19.5,19.5,19.1,19.34
2017-01-10,19.28,19.45,19.23,19.29
2017-01-11,19.37,19.37,18.89,18.93
2017-01-12,18.86,19.08,18.67,18.7
2017-01-13,18.81,19.36,18.81,19.07
2017-01-16,19.1,19.25,18.56,19.13
2017-01-17,18.97,19.42,18.91,19.38
2017-01-18,19.28,19.41,19.19,19.21
2017-01-19,19.18,19.6,19.14,19.4
2017-01-20,19.74,19.9,19.62,19.74
2017-01-23,19.77,20.13,19.72,19.8
2017-01-24,19.7,20.16,19.66,20.05
2017-01-25,19.9,20.09,19.81,19.95
2017-01-26,20.0,20.45,19.98,20.19
2017-02-03,20.25,20.59,20.1,20.43
2017-02-06,20.66,21.05,20.57,20.98
2017-02-07,20.89,20.98,20.57,20.79
2017-02-08,20.68,20.92,20.53,20.82
2017-02-09,20.8,20.8,20.55,20.58
2017-02-10,20.56,21.08,20.56,20.96
2017-02-13,21.08,21.15,20.75,20.9
2017-02-14,20.83,21.07,20.63,20.95
2017-02-15,20.98,20.98,20.27,20.31
2017-02-16,20.32,20.63,20.25,20.4
2017-02-17,20.39,20.5,20.03,20.15
2017-02-20,20.11,20.72,20.1,20.68
2017-02-21,20.67,20.73,20.51,20.59
2017-02-22,20.53,20.96,20.53,20.85
2017-02-23,20.82,20.97,20.55,20.71
2017-02-24,20.71,21.03,20.69,20.88
2017-02-27,20.84,20.98,20.65,20.69
2017-02-28,20.66,20.8,20.42,20.54
2017-03-01,20.5,20.6,20.3,20.43
2017-03-02,20.55,20.58,20.22,20.45
2017-03-03,20.38,20.73,20.31,20.5
2017-03-06,20.59,21.62,20.59,21.35
2017-03-07,21.45,21.62,21.2,21.59
2017-03-08,21.54,21.74,21.4,21.5
2017-03-09,21.76,21.87,21.43,21.59
2017-03-10,21.6,23.33,21.59,22.9
2017-03-13,22.95,23.85,22.7,23.44
2017-03-14,23.39,23.93,23.01,23.68
2017-03-15,24.0,24.25,23.5,23.95
2017-03-16,23.94,24.16,23.71,23.82
2017-03-17,23.73,23.95,22.95,22.99
2017-03-20,23.21,23.68,23.02,23.34
2017-03-21,23.44,24.87,23.2,24.81
2017-03-22,24.86,25.1,24.43,24.88
2017-03-23,24.83,25.2,24.37,24.68
2017-03-24,25.08,26.54,24.88,25.74
2017-03-27,25.76,26.22,25.55,25.58
2017-03-28,25.47,25.85,25.3,25.71
2017-03-29,26.0,26.1,24.66,24.73
2017-03-30,24.87,24.99,24.22,24.35
2017-03-31,24.47,25.86,24.39,25.76
2017-04-05,25.8,26.28,25.42,26.1
2017-04-06,26.28,26.36,25.57,25.73
2017-04-07,25.56,26.7,25.56,25.97
2017-04-10,25.7,26.44,25.58,25.83
2017-04-11,25.68,25.94,24.6,25.3
2017-04-12,25.25,25.47,24.88,25.0
2017-04-13,24.98,25.7,24.94,25.68
2017-04-14,25.66,25.75,24.69,24.72
2017-04-17,24.55,25.1,24.3,24.89
2017-04-18,24.85,25.24,24.52,24.89
2017-04-19,24.73,25.2,24.48,25.19
2017-04-20,25.2,26.38,24.98,26.22
2017-04-21,26.27,26.53,24.31,24.62
2017-04-24,24.16,24.69,23.49,23.9
2017-04-25,23.99,24.25,23.68,23.76
2017-04-26,23.77,24.45,23.66,24.17
2017-04-27,23.98,24.29,23.09,24.06
2017-04-28,24.2,24.29,23.88,24.12
2017-05-02,24.1,24.1,23.65,23.74
2017-05-03,23.85,24.18,23.61,23.87
2017-05-04,23.7,23.88,23.31,23.36
2017-05-05,23.22,23.38,22.31,22.33
2017-05-08,22.4,22.55,21.88,21.91
2017-05-09,21.8,22.42,21.71,22.3
2017-05-10,22.29,22.94,22.22,22.29
2017-05-11,22.51,22.93,22.1,22.91
2017-05-12,23.1,23.47,23.01,23.17
2017-05-15,23.38,23.73,23.25,23.29
2017-05-16,23.29,24.1,23.01,24.03
2017-05-17,23.94,24.29,23.8,24.0
2017-05-18,23.82,24.18,23.65,23.77
2017-05-19,23.79,23.91,23.35,23.5
2017-05-22,23.46,23.79,23.06,23.23
2017-05-23,23.23,23.3,22.65,22.7
2017-05-24,22.65,23.85,22.51,23.83
2017-05-25,23.8,24.35,23.73,24.21
2017-05-26,24.19,24.21,23.51,23.69
2017-05-31,24.1,24.39,23.88,24.01
2017-06-01,23.9,24.38,23.8,24.07
2017-06-02,24.07,24.12,23.4,23.94
2017-06-05,23.96,24.6,23.91,24.27
2017-06-06,24.19,24.37,23.92,24.35
2017-06-07,24.32,25.08,24.28,24.86
2017-06-08,24.85,25.25,24.77,24.91
2017-06-09,25.0,25.33,24.71,25.12
2017-06-12,24.95,25.02,24.64,24.79
2017-06-13,24.95,25.2,24.79,24.93
2017-06-14,24.9,24.93,24.42,24.44
2017-06-15,24.42,24.78,24.42,24.58
2017-06-16,24.53,24.93,24.33,24.9
2017-06-19,25.05,25.39,24.91,25.02
2017-06-20,25.18,25.58,24.94,25.38
2017-06-21,25.51,25.57,24.98,25.39
2017-06-22,25.46,25.71,24.92,24.98
2017-06-23,25.03,25.5,24.95,25.44
2017-06-26,25.61,27.45,25.61,27.26
2017-06-27,27.1,27.66,27.04,27.39
2017-06-28,27.18,28.15,27.08,27.66
2017-06-29,27.76,28.69,27.41,28.22
2017-06-30,28.11,28.39,27.8,28.05
2017-07-03,28.15,28.24,27.3,27.65
2017-07-04,27.56,28.28,27.41,28.08
2017-07-05,27.99,28.28,27.67,28.16
2017-07-06,28.24,29.04,27.86,27.94
2017-07-07,28.0,28.22,27.51,27.59
2017-07-10,27.22,27.8,27.0,27.13
2017-07-11,27.16,27.61,27.11,27.22
2017-07-12,27.24,27.38,26.77,27.11
2017-07-13,27.16,28.18,27.03,27.81
2017-07-14,27.67,27.85,27.25,27.43
2017-07-17,27.2,27.2,25.4,25.48
2017-07-18,25.37,25.74,24.93,25.53
2017-07-19,25.32,26.23,25.3,26.15
2017-07-20,26.29,26.97,26.18,26.62
2017-07-21,26.59,26.65,26.23,26.61
2017-07-24,26.49,27.11,26.33,27.08
2017-07-25,27.05,27.1,26.4,26.48
2017-07-26,26.5,26.51,25.45,25.9
2017-07-27,25.78,26.29,25.34,26.1
2017-07-28,26.0,26.76,25.73,26.56
2017-07-31,27.4,27.55,26.76,27.21
2017-08-01,27.75,28.16,27.32,27.59
2017-08-02,27.77,28.15,27.42,27.71
2017-08-03,27.79,27.8,27.17,27.21
2017-08-04,27.11,27.13,26.29,26.33
2017-08-07,26.25,27.12,26.12,27.01
2017-08-08,27.0,27.53,26.71,26.9
2017-08-09,26.71,27.23,26.6,27.14
2017-08-10,27.11,27.16,26.57,26.88
2017-08-11,26.67,27.05,26.35,26.4
2017-08-14,26.41,27.69,26.41,27.56
2017-08-15,27.51,27.85,27.35,27.69
2017-08-16,27.7,28.25,27.54,28.25
2017-08-17,28.26,28.41,27.9,27.99
2017-08-18,27.75,28.26,27.68,28.21
2017-08-21,28.35,28.92,28.15,28.6
2017-08-22,28.52,28.9,27.85,27.89
2017-08-23,27.94,28.03,27.72,27.75
2017-08-24,27.7,28.29,27.68,28.0
2017-08-25,28.22,28.35,27.35,27.8
2017-08-28,27.7,28.64,27.58,28.23
2017-08-29,28.33,29.28,28.21,29.26
2017-08-30,28.8,28.9,28.41,28.49
2017-08-31,28.49,28.65,28.01,28.48
2017-09-01,28.5,28.78,28.2,28.38
2017-09-04,28.3,28.73,28.01,28.72
2017-09-05,28.78,28.95,28.4,28.57
2017-09-06,28.44,28.74,28.11,28.61
2017-09-07,28.6,28.74,28.31,28.37
2017-09-08,28.3,28.61,28.24,28.48
2017-09-11,28.41,29.23,28.26,29.07
2017-09-12,29.08,29.2,28.61,28.9
2017-09-13,29.05,29.08,28.48,28.74
2017-09-14,28.65,30.65,28.47,30.29
2017-09-15,30.15,31.68,30.15,30.84
2017-09-18,30.84,31.98,30.69,30.89
2017-09-19,31.23,31.35,30.45,31.19
2017-09-20,31.17,31.49,30.72,31.24
2017-09-21,31.15,31.24,30.44,30.47
2017-09-22,30.48,33.17,30.4,32.64
2017-09-25,32.64,34.83,32.1,32.28
2017-09-26,32.18,33.48,31.77,33.36
2017-09-27,33.3,35.35,33.05,34.94
2017-09-28,34.8,34.94,34.3,34.38
2017-09-29,34.5,35.32,34.36,34.4
2017-10-09,35.51,36.16,34.61,34.79
2017-10-10,34.5,34.59,33.4,33.97
2017-10-11,33.84,34.46,33.5,33.93
2017-10-12,33.81,34.97,33.8,34.4
2017-10-13,34.47,35.82,34.42,35.19
2017-10-16,35.18,35.7,34.3,34.52
2017-10-17,34.13,34.62,33.52,34.17
2017-10-18,34.25,34.44,33.5,33.81
2017-10-19,33.91,33.96,32.81,32.86
2017-10-20,32.78,33.6,32.61,33.53
2017-10-23,33.53,34.89,33.47,34.66
2017-10-24,34.22,35.94,34.22,35.46
2017-10-25,35.49,35.92,35.03,35.8
2017-10-26,35.93,36.46,35.4,35.82
2017-10-27,35.92,35.92,35.21,35.29
2017-10-30,34.81,35.58,34.15,35.54
2017-10-31,35.4,36.85,34.87,36.72
2017-11-01,36.8,37.5,36.47,36.58
2017-11-02,36.49,36.88,35.85,36.05
2017-11-03,35.99,37.63,35.98,37.3
2017-11-06,37.5,39.15,37.3,39.02
2017-11-07,39.01,39.4,38.24,38.97
2017-11-08,39.15,39.94,38.51,38.87
2017-11-09,38.71,40.85,38.6,40.83
2017-11-10,40.84,42.9,40.65,42.32
2017-11-13,42.74,45.19,42.35,44.02
2017-11-14,44.34,44.75,43.3,44.12
2017-11-15,44.12,45.25,41.01,41.71
2017-11-16,41.85,45.88,40.8,45.3
2017-11-17,44.9,45.75,42.0,42.89
2017-11-20,42.29,45.43,41.98,45.31
2017-11-21,45.1,46.33,44.88,45.69
2017-11-22,45.51,46.87,44.27,45.63
2017-11-23,45.7,45.7,41.07,41.3
2017-12-07,39.52,40.68,38.98,39.27
2017-12-08,39.25,40.53,38.92,39.41
2017-12-11,39.73,41.2,39.59,41.03
2017-12-12,40.88,42.83,40.83,42.0
2017-12-13,41.77,43.35,41.68,43.31
2017-12-14,43.33,43.89,43.01,43.54
2017-12-15,43.16,43.27,40.4,41.21
2017-12-18,41.02,41.76,39.52,40.13
2017-12-19,40.23,41.38,40.2,41.17
2017-12-20,41.49,41.86,40.98,41.2
2017-12-21,41.36,43.36,40.8,42.91
2017-12-22,43.14,43.28,42.51,42.67
2017-12-25,42.72,42.89,40.81,41.25
2017-12-26,41.35,41.7,40.03,41.38
2017-12-27,41.3,41.3,39.83,39.92
2017-12-28,39.91,40.7,39.54,39.75
2017-12-29,39.82,40.61,39.8,40.42
2018-01-02,40.53,40.63,39.34,40.34
2018-01-03,40.35,42.88,40.35,42.34
2018-01-04,42.1,42.66,41.88,42.51
2018-01-05,42.49,42.62,41.5,41.86
2018-01-08,41.61,41.62,39.91,40.98
2018-01-09,40.7,41.79,40.33,41.57
2018-01-10,41.91,41.92,40.13,40.48
2018-01-11,40.25,41.17,39.88,40.59
2018-01-12,40.3,40.9,39.91,40.32
2018-01-15,40.26,41.5,39.86,40.49
2018-01-16,40.15,42.26,39.98,42.2
2018-01-17,42.46,42.56,40.4,40.98
2018-01-18,40.72,41.39,40.55,40.59
2018-01-19,40.66,41.31,40.3,40.73
2018-01-22,40.59,40.88,39.55,40.72
2018-01-23,40.82,41.69,40.5,41.13
2018-01-24,41.2,42.6,40.56,42.3
2018-01-25,42.28,42.29,41.23,41.29
2018-01-26,41.0,41.14,40.0,40.02
2018-01-29,39.88,39.88,36.02,36.02
2018-01-30,34.75,35.85,34.3,35.05
2018-01-31,35.5,36.62,35.27,36.03
2018-02-01,36.26,36.28,34.69,34.81
2018-02-02,35.26,36.36,34.66,35.74
2018-02-05,35.0,36.16,34.72,35.11
2018-02-06,34.11,34.5,31.67,31.93
2018-02-07,33.02,33.18,31.01,32.3
2018-02-08,32.21,34.18,32.18,33.57
2018-02-09,32.5,33.4,32.01,32.55
2018-02-12,33.25,35.28,33.1,34.76
2018-02-13,35.45,35.48,34.66,34.9
2018-02-14,35.1,35.45,34.77,35.39
2018-02-22,35.8,36.55,35.3,36.14
2018-02-23,36.2,37.22,36.06,36.32
2018-02-26,36.9,38.35,36.51,37.95
2018-02-27,38.25,39.3,38.09,38.18
2018-02-28,37.7,39.18,37.38,39.01
2018-03-01,38.68,39.56,38.55,39.19
2018-03-02,38.85,39.8,38.51,38.67
2018-03-05,38.88,39.49,38.44,38.75
2018-03-06,38.8,39.8,38.8,39.68
2018-03-07,39.6,39.6,38.3,38.32
2018-03-08,38.32,38.89,38.31,38.64
2018-03-09,38.84,40.36,38.82,40.18
2018-03-12,40.47,40.88,40.18,40.7
2018-03-13,40.5,40.58,39.71,39.87
2018-03-14,39.57,40.19,39.52,39.54
2018-03-15,39.45,40.25,38.96,39.69
2018-03-16,39.79,39.89,38.59,38.6
2018-03-19,39.0,39.89,39.0,39.39
2018-03-20,39.1,40.06,38.9,39.86
2018-03-21,40.05,40.28,39.11,39.22
2018-03-22,39.3,39.58,38.12,38.37
2018-03-23,36.01,37.47,35.14,35.8
2018-03-26,35.16,36.81,34.8,36.3
2018-03-27,37.33,37.66,36.81,37.52
2018-03-28,36.84,37.42,36.63,36.75
2018-03-29,37.15,37.24,36.19,36.83
2018-03-30,36.98,37.9,36.85,37.73
2018-04-02,37.69,38.4,37.33,37.83
2018-04-03,37.0,37.33,36.06,36.19
2018-04-04,36.5,36.73,35.45,35.64
2018-04-09,35.68,36.31,34.99,35.96
2018-04-10,35.93,36.61,35.88,36.58
2018-04-11,36.87,37.18,36.7,36.92
2018-04-12,36.85,36.94,35.7,35.73
2018-04-13,36.1,36.38,35.16,35.34
2018-04-16,35.3,35.72,33.9,34.59
2018-04-17,34.59,34.79,31.93,32.57
2018-04-18,32.56,32.56,29.77,31.52
2018-04-19,31.36,32.07,30.8,31.62
2018-04-20,31.39,31.45,30.3,30.39
2018-04-23,30.99,32.0,30.7,31.38
2018-04-24,31.51,32.8,31.51,32.72
2018-04-25,32.45,34.07,32.33,33.48
2018-04-26,32.93,33.0,31.21,31.43
2018-04-27,31.95,32.29,29.91,31.08
2018-05-02,32.3,32.91,31.89,32.25
2018-05-03,32.49,33.63,32.07,33.47
2018-05-04,33.45,34.03,33.1,33.29
2018-05-07,33.4,33.96,33.15,33.7
2018-05-08,33.86,33.93,33.4,33.64
2018-05-09,33.65,33.76,33.33,33.47
2018-05-10,33.65,34.47,33.65,34.11
2018-05-11,34.25,34.28,33.53,33.65
2018-05-14,35.0,35.17,33.95,34.04
2018-05-15,34.35,34.6,33.2,33.93
2018-05-16,33.65,33.86,33.39,33.54
2018-05-17,33.58,33.73,33.12,33.61
2018-05-18,34.1,34.38,33.73,34.23
2018-05-21,34.82,36.47,34.82,36.09
2018-05-22,36.08,37.08,35.64,36.35
2018-05-23,35.94,35.99,35.26,35.35
2018-05-24,35.34,35.77,34.9,35.46
2018-05-25,35.21,35.27,34.42,34.57
2018-05-28,34.69,35.27,34.5,34.67
2018-05-29,34.6,34.89,34.39,34.74
2018-05-30,33.83,33.85,31.8,32.12
2018-05-31,32.7,33.2,32.01,32.96
2018-06-01,32.88,33.05,32.4,32.6
2018-06-04,32.88,33.11,32.5,32.75
2018-06-05,32.9,33.84,32.76,33.82
2018-06-06,34.25,34.47,33.9,34.13
2018-06-07,34.39,35.06,34.18,34.82
2018-06-08,34.84,35.33,34.38,34.42
2018-06-11,34.27,34.3,33.61,33.72
2018-06-12,33.98,34.53,33.5,34.4
2018-06-13,34.1,35.35,33.85,34.17
2018-06-14,33.98,34.5,33.41,33.47
2018-06-15,33.6,33.77,32.37,32.66
2018-06-19,31.7,31.7,29.4,29.96
2018-06-20,29.94,30.68,29.51,30.37
2018-06-21,30.38,30.57,28.94,28.95
2018-06-22,28.85,29.66,28.16,29.64
2018-06-25,30.15,30.45,29.58,29.64
2018-06-26,29.42,30.49,28.86,30.37
2018-06-27,30.5,30.59,29.73,30.09
2018-06-28,29.98,30.5,29.67,29.73
2018-06-29,21.45,22.16,21.17,22.05
2018-07-02,22.0,22.33,21.15,21.42
2018-07-03,21.5,22.13,20.51,22.06
2018-07-04,21.72,21.9,20.91,20.96
2018-07-05,20.55,20.95,19.57,19.6
2018-07-06,19.55,20.1,18.92,19.42
2018-07-09,19.75,20.41,19.75,20.33
2018-07-10,20.4,20.87,20.3,20.64
2018-07-11,20.53,20.53,19.88,20.19
2018-07-12,21.02,22.21,20.87,22.18
2018-07-13,21.94,22.0,21.47,21.57
2018-07-16,21.93,22.6,21.77,21.85
2018-07-17,21.8,22.2,21.5,21.96
2018-07-18,22.0,22.1,21.31,21.38
2018-07-19,21.99,22.59,21.89,22.14
2018-07-20,22.2,22.5,22.02,22.3
2018-07-23,22.23,23.43,21.88,23.42
2018-07-24,23.45,23.51,22.95,23.39
2018-07-25,23.32,23.63,23.13,23.37
2018-07-26,23.26,23.35,22.43,22.49
2018-07-27,22.3,22.75,22.13,22.48
2018-07-30,22.42,22.82,22.06,22.28
2018-07-31,22.2,22.7,22.16,22.54
2018-08-01,22.68,23.29,22.57,22.63
2018-08-02,22.47,22.66,21.56,22.21
2018-08-03,22.14,22.34,20.96,21.01
2018-08-06,20.6,21.09,20.18,20.39
2018-08-07,20.6,21.34,20.16,21.29
2018-08-08,21.47,21.73,20.89,21.16
2018-08-09,21.04,22.75,20.84,22.43
2018-08-10,22.3,23.04,22.27,22.98
2018-08-13,22.82,23.94,22.66,23.47
2018-08-14,23.28,23.75,23.18,23.39
2018-08-15,23.42,23.6,22.59,22.79
2018-08-16,22.5,23.63,22.46,23.12
2018-08-17,23.6,23.74,22.82,22.88
2018-08-20,22.98,23.89,22.76,23.89
2018-08-21,23.97,24.25,23.5,23.85
2018-08-22,23.66,23.92,23.38,23.44
2018-08-23,23.35,24.1,23.33,23.81
2018-08-24,23.62,23.69,23.2,23.45
2018-08-27,23.63,25.05,23.63,24.84
2018-08-28,24.9,25.31,24.62,24.93
2018-08-29,24.88,25.28,24.73,25.27
2018-08-30,25.1,25.1,23.88,23.94
2018-08-31,23.7,24.09,23.5,23.56
2018-09-03,23.45,23.58,22.42,23.27
2018-09-04,23.25,23.9,23.14,23.75
2018-09-05,23.6,24.61,23.51,23.86
2018-09-06,23.78,24.26,23.53,23.85
2018-09-07,23.95,24.16,22.95,23.09
2018-09-10,23.01,23.27,22.65,22.77
2018-09-11,22.85,23.31,22.75,23.21
2018-09-12,23.12,23.29,22.76,22.95
2018-09-13,23.4,23.66,22.98,23.57
2018-09-14,23.62,23.68,23.16,23.31
2018-09-17,23.03,23.18,22.65,22.74
2018-09-18,22.56,23.06,22.07,22.95
2018-09-19,22.71,23.57,22.59,23.2
2018-09-20,23.31,23.65,23.12,23.17
2018-09-21,23.28,23.68,22.88,23.68
2018-09-25,23.43,23.86,23.35,23.66
2018-09-26,23.75,24.26,23.61,24.12
2018-09-27,24.07,24.19,23.78,23.96
2018-09-28,24.03,24.17,23.6,23.89
2018-10-08,23.05,23.47,22.69,22.8
2018-10-09,22.88,22.99,22.27,22.47
2018-10-10,22.52,22.65,22.21,22.48
2018-10-11,21.51,21.57,20.23,20.25
2018-10-12,20.0,20.93,19.8,20.7
2018-10-15,20.89,21.2,20.4,20.5
2018-10-16,20.53,20.6,18.99,19.39
2018-10-17,19.83,19.88,18.31,19.06
2018-10-18,18.7,18.94,18.38,18.52
2018-10-19,18.04,19.15,18.01,19.1
2018-10-22,19.33,20.47,19.21,20.14
2018-10-23,20.02,20.07,19.23,19.31
2018-10-24,19.15,19.47,18.89,19.0
2018-10-25,18.0,18.65,17.83,18.45
2018-10-26,18.75,18.8,18.15,18.55
2018-10-29,18.36,18.73,17.63,17.68
2018-10-30,16.0,16.52,15.91,15.91
2018-10-31,15.87,16.45,15.85,16.34
2018-11-01,16.7,17.36,16.5,16.86
2018-11-02,17.6,18.11,17.38,18.07
2018-11-05,18.0,18.35,17.67,18.0
2018-11-06,17.93,17.94,17.41,17.88
2018-11-07,17.89,18.58,17.62,18.03
2018-11-08,18.25,18.33,17.61,17.65
2018-11-09,17.49,18.16,17.36,17.67
2018-11-12,17.66,18.4,17.61,18.39
2018-11-13,18.02,18.54,17.93,18.31
2018-11-14,18.18,18.73,18.16,18.44
2018-11-15,18.39,18.7,18.24,18.68
2018-11-16,18.62,19.1,18.53,19.0
2018-11-19,19.0,19.05,18.61,18.85
2018-11-20,18.68,18.68,17.96,17.96
2018-11-21,17.61,18.13,17.55,18.06
2018-11-22,18.06,18.36,17.94,18.22
2018-11-23,18.1,18.22,17.42,17.48
2018-11-26,17.44,17.89,17.36,17.71
2018-11-27,17.91,18.04,17.7,17.82
2018-11-28,17.83,18.12,17.43,18.12
2018-11-29,18.28,18.36,17.55,17.55
2018-11-30,17.36,17.63,17.17,17.49
2018-12-03,18.23,18.6,17.96,18.42
2018-12-04,18.34,18.41,18.0,18.18
2018-12-05,17.73,18.04,17.65,17.85
2018-12-06,17.4,17.49,17.02,17.08
2018-12-07,17.21,17.35,17.17,17.29
2018-12-10,17.11,17.42,17.07,17.22
2018-12-11,17.29,17.52,17.28,17.43
2018-12-12,17.59,17.63,17.27,17.31
2018-12-13,17.38,17.75,17.26,17.61
2018-12-14,17.5,17.51,17.13,17.15
2018-12-17,17.06,17.16,16.84,17.01
2018-12-18,16.95,17.1,16.8,16.94
2018-12-19,16.97,17.16,16.81,16.83
2018-12-20,16.76,17.01,16.68,16.97
2018-12-21,16.9,17.04,16.71,16.81
2018-12-24,16.88,17.37,16.83,17.35
2018-12-25,17.17,17.92,16.91,17.72
2018-12-26,17.62,17.81,17.32,17.33
2018-12-27,17.59,17.77,17.21,17.22
2018-12-28,17.28,17.36,16.83,17.05
2019-01-02,17.2,17.33,16.99,17.16
2019-01-03,17.16,17.16,16.44,16.46
2019-01-04,16.15,16.89,16.1,16.86
2019-01-07,17.0,17.64,17.0,17.59
2019-01-08,17.5,17.96,17.41,17.55
2019-01-09,17.55,17.91,17.38,17.57
2019-01-10,17.65,19.3,17.52,18.65
2019-01-11,18.89,19.15,18.37,18.7
2019-01-14,18.57,18.6,18.18,18.36
2019-01-15,18.25,18.97,18.14,18.81
2019-01-16,18.81,19.06,18.64,18.68
2019-01-17,18.66,18.84,18.23,18.36
2019-01-18,18.37,18.49,18.01,18.45
2019-01-21,18.39,19.05,18.24,18.83
2019-01-22,18.7,18.7,18.3,18.34
2019-01-23,18.19,18.29,17.96,18.28
2019-01-24,18.24,18.6,18.08,18.42
2019-01-25,18.4,18.54,18.16,18.17
2019-01-28,18.37,18.54,18.06,18.26
2019-01-29,18.17,18.18,17.54,17.85
2019-01-30,17.65,17.83,16.96,17.06
2019-01-31,17.3,17.48,17.09,17.3
2019-02-01,17.4,17.77,17.4,17.72
2019-02-11,17.75,18.54,17.72,18.54
2019-02-12,18.59,18.65,18.41,18.55
2019-02-13,18.79,19.98,18.69,19.77
2019-02-14,19.6,19.66,19.0,19.53
2019-02-15,19.43,19.94,19.32,19.36
2019-02-18,19.66,20.48,19.51,20.34
2019-02-19,20.38,20.48,19.88,20.19
2019-02-20,20.17,20.19,19.67,20.09
2019-02-21,20.07,21.11,19.9,20.4
2019-02-22,20.29,21.64,20.28,21.5
2019-02-25,22.22,22.76,21.72,22.22
2019-02-26,22.2,22.55,21.51,21.78
2019-02-27,21.61,22.22,21.46,21.73
2019-02-28,21.74,21.92,21.46,21.56
2019-03-01,21.81,21.95,21.45,21.8
2019-03-04,22.43,22.65,21.87,21.98
2019-03-05,22.06,22.56,21.81,22.56
2019-03-06,22.84,23.22,22.13,22.48
2019-03-07,22.3,22.3,21.71,22.0
2019-03-08,21.5,23.11,21.2,21.96
2019-03-11,22.42,23.5,22.16,23.46
2019-03-12,22.94,23.57,22.68,23.09
2019-03-13,22.7,22.73,21.92,22.02
2019-03-14,21.8,22.04,21.63,21.84
2019-03-15,22.04,22.22,21.51,21.71
2019-03-18,21.61,22.13,21.16,22.06
2019-03-19,22.17,22.69,22.05,22.19
2019-03-20,22.15,22.15,21.62,21.89
2019-03-21,22.0,22.07,21.73,21.88
2019-03-22,21.89,21.96,21.47,21.73
2019-03-25,21.22,21.85,21.17,21.45
2019-03-26,21.5,21.61,20.51,20.53
2019-03-27,20.64,20.8,20.09,20.63
2019-03-28,20.62,21.43,20.5,20.75
2019-03-29,20.69,21.29,20.4,21.22
2019-04-01,21.32,21.94,21.32,21.89
2019-04-02,22.01,22.12,21.63,21.7
2019-04-03,21.63,21.86,21.39,21.71
2019-04-04,21.85,22.06,21.7,21.78
2019-04-08,21.86,22.03,21.07,21.29
2019-04-09,21.23,21.75,21.12,21.49
2019-04-10,21.45,23.3,21.32,22.78
2019-04-11,22.76,22.76,21.76,21.81
2019-04-12,21.78,21.93,21.0,21.2
2019-04-15,21.55,21.85,21.03,21.09
2019-04-16,20.99,22.45,20.77,22.31
2019-04-17,22.31,22.48,21.86,22.01
2019-04-18,22.01,23.15,21.7,22.43
2019-04-19,22.33,22.97,22.05,22.9
2019-04-22,23.45,23.87,22.75,22.83
2019-04-23,22.6,22.75,22.12,22.18
2019-04-24,22.37,22.64,22.0,22.51
2019-04-25,22.44,22.44,21.33,21.4
2019-04-26,21.22,21.8,21.17,21.31
2019-04-29,21.31,21.45,20.02,20.1
2019-04-30,19.91,20.26,19.7,20.08
2019-05-06,19.0,19.33,18.07,18.07
2019-05-07,18.13,18.3,17.41,17.95
2019-05-08,17.44,18.18,17.3,17.65
2019-05-09,17.45,17.75,17.35,17.4
2019-05-10,17.65,18.09,16.87,18.03
2019-05-13,16.23,16.23,16.23,16.23
2019-05-14,14.91,15.96,14.91,15.69
2019-05-15,16.31,16.88,16.16,16.26
2019-05-16,16.02,16.16,15.64,16.01
2019-05-17,16.6,16.75,15.94,16.18
2019-05-20,16.15,16.16,14.6,15.79
2019-05-21,15.7,16.22,15.39,16.04
2019-05-22,16.15,16.64,16.02,16.2
2019-05-23,16.18,16.18,15.61,15.78
2019-05-24,15.64,15.85,15.48,15.5
2019-05-27,15.54,15.94,15.41,15.9
2019-05-28,15.95,16.01,15.68,15.87
2019-05-29,15.67,16.08,15.6,15.89
2019-05-30,15.75,15.81,15.32,15.48
2019-05-31,15.56,15.97,15.56,15.85
2019-06-18,17.27,17.27,16.32,16.54
2019-06-19,17.19,17.28,16.57,16.62
2019-06-20,16.41,16.98,16.13,16.78
2019-06-21,17.02,17.09,16.83,16.94
2019-06-24,16.72,16.98,16.72,16.81
2019-06-25,16.79,16.79,16.35,16.49
2019-06-26,16.38,16.73,16.35,16.52
2019-06-27,16.56,16.95,16.56,16.87
2019-06-28,16.9,16.95,16.52,16.76
2019-07-01,17.29,17.36,16.98,17.24
2019-07-02,17.23,17.76,17.08,17.53
2019-07-03,17.4,17.68,17.24,17.31
2019-07-04,17.33,17.43,17.1,17.22
2019-07-05,17.21,17.25,17.06,17.11
2019-07-08,17.01,17.01,16.31,16.4
2019-07-09,16.31,16.53,16.04,16.31
2019-07-10,16.33,16.45,16.23,16.28
2019-07-11,16.39,16.43,16.17,16.21
2019-07-12,16.23,16.3,15.96,16.19
2019-07-15,16.15,16.28,15.76,16.07
2019-07-16,16.03,16.25,16.01,16.14
2019-07-17,16.17,16.32,16.08,16.19
2019-07-18,16.2,16.2,15.81,15.87
2019-07-19,15.78,16.0,15.77,15.84
2019-07-22,15.85,15.92,15.3,15.36
2019-07-23,15.37,15.72,15.24,15.65
2019-07-24,15.72,16.18,15.71,16.04
2019-07-25,16.08,16.26,16.02,16.12
2019-07-26,16.04,16.15,15.95,16.14
2019-07-29,16.11,16.25,15.98,16.07
2019-07-30,16.07,16.25,16.04,16.14
2019-07-31,16.3,16.38,16.03,16.09
2019-08-01,16.0,16.08,15.81,15.92
2019-08-02,15.51,15.68,15.41,15.66
2019-08-05,15.6,15.77,15.28,15.28
2019-08-06,14.99,14.99,14.3,14.62
2019-08-07,14.8,14.83,14.5,14.5
2019-08-08,14.58,14.72,14.5,14.53
2019-08-09,14.67,14.7,13.99,14.05
2019-08-12,14.08,14.68,14.05,14.66
2019-08-13,14.49,14.61,14.33,14.39
2019-08-14,14.7,14.84,14.5,14.51
2019-08-15,14.09,14.57,13.99,14.52
2019-08-16,14.47,14.98,14.42,14.73
2019-08-19,14.93,15.28,14.79,15.26
2019-08-20,15.3,15.72,15.14,15.28
2019-08-21,15.15,15.39,15.11,15.2
2019-08-22,15.29,15.3,15.0,15.09
2019-08-23,15.1,15.13,14.82,14.88
2019-08-26,14.5,14.61,14.42,14.55
2019-08-27,14.66,14.9,14.66,14.78
2019-08-28,14.68,14.85,14.52,14.6
2019-08-29,14.61,14.67,14.51,14.54
2019-08-30,14.63,14.76,14.29,14.32
2019-09-02,14.1,14.74,14.01,14.74
2019-09-03,14.71,15.3,14.66,15.26
2019-09-04,15.2,15.4,15.06,15.33
2019-09-05,15.45,15.65,15.33,15.36
2019-09-06,15.54,16.88,15.5,16.29
2019-09-09,16.59,16.95,16.29,16.87
2019-09-10,16.88,16.88,16.34,16.46
2019-09-11,16.53,16.6,16.24,16.24
2019-09-12,16.32,16.41,16.18,16.35
2019-09-16,16.4,16.49,16.22,16.35
2019-09-17,16.32,16.32,15.73,15.88
2019-09-18,15.91,15.99,15.77,15.81
2019-09-19,15.9,16.77,15.9,16.69
2019-09-20,16.71,16.9,16.47,16.82
2019-09-23,16.61,16.7,16.31,16.45
2019-09-24,16.42,16.75,16.25,16.45
2019-09-25,16.37,16.37,15.99,16.03
2019-09-26,16.15,16.19,15.56,15.56
2019-09-27,15.57,15.84,15.57,15.69
2019-09-30,15.73,15.89,15.47,15.56
2019-10-08,15.63,15.79,15.38,15.43
2019-10-09,15.25,15.53,15.05,15.47
2019-10-10,15.51,15.76,15.43,15.66
2019-10-11,15.66,15.73,15.36,15.53
2019-10-14,15.72,15.87,15.68,15.75
2019-10-15,15.75,15.76,15.44,15.6
2019-10-16,15.95,15.97,15.58,15.6
2019-10-17,15.58,15.7,15.4,15.42
2019-10-18,15.49,15.55,15.15,15.15
2019-10-21,15.14,15.14,14.8,14.89
2019-10-22,14.91,15.12,14.91,15.09
2019-10-23,15.0,15.08,14.88,14.89
2019-10-24,14.9,14.99,14.6,14.66
2019-10-25,14.68,14.8,14.33,14.76
2019-10-28,14.82,15.17,14.82,15.16
2019-10-29,15.16,15.16,14.86,14.87
2019-10-30,14.87,14.87,14.55,14.57
2019-10-31,15.0,15.26,14.61,14.72
2019-11-01,14.83,14.9,14.57,14.75
2019-11-04,14.89,16.23,14.85,16.03
2019-11-05,15.89,16.05,15.6,16.01
2019-11-06,15.94,16.15,15.73,15.94
2019-11-07,15.93,16.1,15.75,15.84
2019-11-08,15.97,16.4,15.6,15.6
2019-11-11,15.58,15.58,15.05,15.12
2019-11-12,15.05,15.15,14.85,15.13
2019-11-13,15.16,15.33,14.88,15.15
2019-11-14,15.17,15.83,15.11,15.69
2019-11-15,15.7,15.74,15.39,15.39
2019-11-18,15.4,16.05,15.4,15.95
2019-11-19,15.88,16.09,15.83,16.0
2019-11-20,16.0,16.02,15.66,15.67
2019-11-21,15.55,15.75,15.44,15.69
2019-11-22,15.67,15.96,15.41,15.5
2019-11-25,15.43,15.68,15.2,15.34
2019-11-26,15.4,15.65,15.32,15.65
2019-11-27,15.51,15.91,15.43,15.73
2019-11-28,15.69,15.93,15.58,15.68
2019-11-29,15.68,15.68,15.41,15.48
2019-12-02,15.61,15.65,15.33,15.34
2019-12-03,15.26,15.26,14.94,15.21
2019-12-04,15.16,15.16,14.97,15.06
2019-12-05,15.07,15.18,15.02,15.16
2019-12-06,15.23,15.85,15.21,15.61
2019-12-09,15.69,15.93,15.62,15.72
2019-12-10,15.7,15.96,15.51,15.96
2019-12-11,15.98,16.04,15.72,15.86
2019-12-13,16.3,16.5,15.81,15.91
2019-12-16,15.91,16.2,15.65,16.14
2019-12-17,16.25,16.65,16.11,16.6
2019-12-18,16.72,16.93,16.38,16.44
2019-12-19,16.36,16.83,16.35,16.51
2019-12-20,16.44,16.6,16.16,16.16
2019-12-23,16.13,16.13,15.71,15.74
2019-12-24,15.86,16.03,15.71,16.01
2019-12-25,15.91,16.14,15.85,16.0
2019-12-26,16.0,16.43,15.95,16.28
2019-12-27,16.32,16.38,15.92,15.93
2019-12-30,15.81,16.08,15.61,16.04
2019-12-31,16.16,16.45,16.08,16.26
2020-01-02,16.36,16.55,16.23,16.48
2020-01-03,16.56,16.73,16.28,16.42
2020-01-06,16.21,16.68,16.15,16.53
2020-01-07,16.59,17.29,16.4,17.1
2020-01-08,17.1,17.23,16.83,16.88
2020-01-09,17.1,18.35,17.0,18.0
2020-01-10,18.05,18.19,17.83,18.02
2020-01-13,18.0,18.52,17.81,18.43
2020-01-14,18.34,18.47,17.84,17.86
2020-01-15,17.73,17.83,17.47,17.62
2020-01-16,17.71,17.81,17.47,17.5
2020-01-17,17.59,17.82,17.4,17.48
2020-01-20,17.37,17.97,17.31,17.88
2020-01-21,17.81,17.84,17.45,17.53
2020-01-22,17.39,17.95,17.1,17.72
2020-01-23,17.54,17.64,16.3,16.58
2020-02-03,14.92,14.92,14.92,14.92
2020-02-04,13.68,14.86,13.68,14.63
2020-02-05,14.7,15.28,14.7,14.8
2020-02-06,14.85,15.16,14.64,15.01
2020-02-07,15.01,15.28,14.85,15.26
2020-02-10,15.1,15.65,15.0,15.56
2020-02-11,15.56,15.68,15.27,15.39
2020-02-12,15.38,15.67,15.25,15.57
2020-02-13,15.5,15.75,15.38,15.41
2020-02-14,15.34,15.66,15.32,15.44
2020-02-17,15.56,16.09,15.56,16.04
2020-02-18,16.15,16.46,15.87,16.44
2020-02-19,16.3,16.61,16.2,16.22
2020-02-20,16.3,16.48,16.02,16.42
2020-02-21,16.69,17.21,16.67,16.9
2020-02-24,16.99,17.99,16.91,17.84
2020-02-25,17.29,18.25,16.81,18.04
2020-02-26,17.7,19.34,17.65,18.3
2020-02-27,18.72,18.86,17.79,17.9
2020-02-28,17.0,17.38,16.41,16.47
2020-03-02,16.82,18.0,16.46,17.79
2020-03-03,18.26,18.69,17.4,17.61
2020-03-04,17.21,17.63,16.96,17.49
2020-03-05,18.2,18.63,17.7,18.46
2020-03-06,18.09,18.36,18.01,18.02
2020-03-09,17.63,18.53,17.51,17.78
2020-03-10,17.65,19.56,17.45,19.56
2020-03-11,20.83,21.52,20.21,20.35
2020-03-12,20.8,21.61,20.3,21.61
2020-03-13,20.73,22.15,20.22,20.98
2020-03-16,20.98,20.98,19.02,19.25
2020-03-17,19.81,20.64,18.78,20.4
2020-03-18,20.15,20.95,19.19,19.26
2020-03-19,19.14,20.63,18.89,20.27
2020-03-20,20.46,20.55,19.67,20.0
2020-03-23,19.28,20.3,19.09,19.35
2020-03-24,19.89,19.95,17.42,18.43
2020-03-25,18.8,18.8,18.0,18.3
2020-03-26,18.0,18.31,17.65,17.99
2020-03-27,18.26,18.26,17.6,17.6
2020-03-30,17.1,17.2,16.35,16.55
2020-03-31,16.78,16.88,16.13,16.18
2020-04-01,16.1,16.62,16.03,16.17
2020-04-02,16.31,16.97,16.19,16.94
2020-04-03,16.8,16.88,16.4,16.42
2020-04-07,16.85,16.94,16.6,16.8
2020-04-08,16.66,17.6,16.6,17.29
2020-04-09,17.3,17.44,17.05,17.2
2020-04-10,17.05,17.2,16.43,16.5
2020-04-13,16.3,16.42,16.04,16.15
2020-04-14,16.3,16.6,16.25,16.6
2020-04-15,16.69,16.76,16.34,16.42
2020-04-16,16.4,16.93,16.13,16.83
2020-04-17,16.99,17.19,16.76,16.82
2020-04-20,16.92,17.28,16.77,17.25
2020-04-21,17.1,17.88,16.98,17.75
2020-04-22,17.49,17.84,17.43,17.64
2020-04-23,17.64,17.69,17.08,17.13
2020-04-24,17.13,17.43,16.68,16.74
2020-04-27,16.7,17.02,16.63,16.67
2020-04-28,16.67,16.7,15.6,16.09
2020-04-29,16.07,16.29,15.95,16.1
2020-04-30,16.09,16.78,16.0,16.62
2020-05-06,16.4,17.25,16.4,17.25
2020-05-07,17.52,17.85,17.15,17.18
2020-05-08,17.25,17.54,17.2,17.3
2020-05-11,17.51,18.24,17.41,18.0
2020-05-12,17.85,17.85,17.33,17.63
2020-05-13,17.47,17.57,17.3,17.38
2020-05-14,17.28,17.44,17.09,17.18
2020-05-15,17.3,17.57,17.22,17.31
2020-05-18,17.36,17.41,16.65,16.65
2020-05-19,16.85,16.94,16.63,16.86
2020-05-20,16.82,17.23,16.55,16.93
2020-05-21,16.95,17.42,16.9,17.22
2020-05-22,17.3,17.68,17.05,17.24
2020-05-25,17.13,17.13,16.35,16.4
2020-05-26,16.51,16.65,16.49,16.64
2020-05-27,16.63,16.64,16.19,16.31
2020-05-28,16.19,16.43,16.0,16.28
2020-05-29,16.2,16.44,16.13,16.42
2020-06-01,16.54,17.08,16.51,16.94
2020-06-02,17.0,17.13,16.81,16.93
2020-06-03,16.95,17.15,16.77,16.89
2020-06-04,16.93,16.97,16.63,16.65
2020-06-05,16.7,16.81,16.48,16.64
2020-06-08,16.8,17.05,16.68,16.7
2020-06-09,16.71,16.73,16.47,16.59
2020-06-10,16.52,16.59,16.43,16.57
2020-06-11,16.77,17.04,16.61,16.73
2020-06-12,16.34,16.58,16.21,16.52
2020-06-15,16.4,16.51,16.21,16.22
2020-06-16,16.35,16.56,16.35,16.53
2020-06-17,16.55,16.66,16.37,16.5
2020-06-18,16.51,16.96,16.42,16.8
2020-06-19,17.08,17.08,16.74,16.75
2020-06-22,16.88,16.95,16.71,16.84
2020-06-23,16.81,16.81,16.48,16.52
2020-06-24,16.52,16.63,16.48,16.56
2020-06-29,16.43,16.48,16.21,16.28
2020-06-30,16.32,16.48,16.32,16.41
2020-07-01,16.5,16.5,16.25,16.46
2020-07-02,16.42,16.88,16.35,16.88
2020-07-03,16.92,17.16,16.81,17.06
2020-07-06,17.15,17.99,17.15,17.81
2020-07-07,18.08,18.38,17.65,17.83
2020-07-08,17.83,18.38,17.71,18.18
2020-07-09,18.28,19.78,18.02,19.09
2020-07-10,19.0,19.0,18.5,18.53
2020-07-13,18.43,18.98,18.34,18.85
2020-07-14,18.9,19.42,18.24,18.64
2020-07-15,18.65,18.81,17.76,17.84
2020-07-16,17.83,18.1,17.05,17.21
2020-07-17,17.34,17.46,17.06,17.25
2020-07-20,17.32,17.8,17.17,17.8
2020-07-21,17.81,17.86,17.41,17.56
2020-07-22,17.5,17.61,17.25,17.34
2020-07-23,17.01,17.01,16.38,16.66
2020-07-24,16.63,16.64,15.91,16.08
2020-07-27,16.15,16.26,15.95,16.26
2020-07-28,16.32,16.55,16.28,16.41
2020-07-29,16.42,16.65,16.2,16.64
2020-07-30,16.65,16.77,16.44,16.47
2020-07-31,16.45,16.66,16.36,16.53
2020-08-03,16.53,16.86,16.5,16.83
2020-08-04,16.84,16.87,16.5,16.66
2020-08-05,16.76,16.83,16.57,16.78
2020-08-06,16.72,16.73,16.4,16.62
2020-08-07,16.61,16.61,16.21,16.3
2020-08-10,16.25,16.49,16.16,16.43
2020-08-11,16.46,16.68,16.3,16.32
2020-08-12,16.3,16.43,16.12,16.42
2020-08-13,16.42,16.52,16.38,16.42
2020-08-14,16.43,16.6,16.2,16.59
2020-08-17,16.62,17.0,16.55,16.99
2020-08-18,16.99,16.99,16.72,16.8
2020-08-19,16.79,16.79,16.42,16.43
2020-08-20,16.34,16.5,16.25,16.39
2020-08-21,16.41,16.56,16.34,16.4
2020-08-24,16.43,16.61,16.32,16.5
2020-08-25,16.55,16.81,16.5,16.68
2020-08-26,16.69,16.72,16.3,16.34
2020-08-27,16.38,16.51,16.33,16.43
2020-08-28,16.47,16.49,16.25,16.46
2020-08-31,16.4,16.57,16.35,16.35
2020-09-01,16.3,16.4,16.19,16.28
2020-09-02,16.3,16.34,16.16,16.21
2020-09-03,16.2,16.21,15.96,16.02
2020-09-04,15.83,15.98,15.7,15.97
2020-09-07,16.0,16.4,16.0,16.09
2020-09-08,16.15,16.21,16.01,16.12
2020-09-09,16.01,16.1,15.8,15.81
2020-09-10,15.91,15.95,14.9,14.99
2020-09-11,14.97,15.12,14.4,14.91
2020-09-14,14.92,15.05,14.76,14.85
2020-09-15,14.9,14.93,14.75,14.85
2020-09-16,14.85,15.48,14.78,15.18
2020-09-17,15.18,15.31,14.96,15.11
2020-09-18,15.09,15.24,15.06,15.22
2020-09-21,15.24,15.55,15.23,15.33
2020-09-22,15.22,15.27,15.03,15.06
2020-09-23,15.1,15.16,14.98,15.02
2020-09-24,15.06,15.22,14.85,14.87
2020-09-25,14.86,14.95,14.63,14.67
2020-09-28,14.61,14.73,14.5,14.53
2020-09-29,14.6,14.73,14.5,14.5
2020-09-30,14.59,14.62,14.42,14.42
2020-10-09,14.58,14.8,14.57,14.73
2020-10-12,14.76,15.15,14.76,15.12
2020-10-13,15.14,15.22,15.01,15.07
2020-10-14,15.1,15.37,15.07,15.14
2020-10-15,15.17,15.27,15.05,15.11
2020-10-16,15.07,15.28,15.05,15.26
2020-10-19,16.59,16.59,15.67,15.71
2020-10-20,15.5,15.65,15.38,15.62
2020-10-21,15.58,15.69,15.23,15.63
2020-10-22,15.54,15.55,15.33,15.41
2020-10-23,15.35,15.54,15.18,15.21
2020-10-26,15.16,15.18,14.88,14.93
2020-10-27,14.8,15.02,14.8,14.89
2020-10-28,14.89,15.0,14.62,14.73
2020-10-29,14.56,14.77,14.5,14.72
2020-10-30,14.68,14.94,14.6,14.66
2020-11-02,14.66,14.81,14.64,14.73
2020-11-03,14.74,15.03,14.74,14.97
2020-11-04,14.99,15.15,14.86,14.98
2020-11-05,15.15,15.47,15.02,15.42
2020-11-06,15.4,15.47,15.15,15.23
2020-11-09,15.39,15.73,15.33,15.61
2020-11-10,15.6,15.6,15.25,15.35
2020-11-11,15.28,15.35,14.98,15.0
2020-11-12,14.99,15.2,14.94,15.03
2020-11-13,15.02,15.04,14.86,15.0
2020-11-16,15.0,15.1,14.92,15.02
2020-11-17,15.03,15.05,14.87,14.93
2020-11-18,14.86,15.03,14.85,14.93
2020-11-19,14.94,15.02,14.85,14.99
2020-11-20,14.99,15.15,14.97,15.13
2020-11-23,15.13,15.19,14.99,15.09
2020-11-24,15.08,15.27,15.07,15.15
2020-11-25,15.18,15.22,15.02,15.03
2020-11-26,15.09,15.09,14.86,14.87
2020-11-27,14.87,14.92,14.64,14.77
2020-11-30,14.77,14.9,14.7,14.81
2020-12-01,14.74,14.96,14.74,14.93
2020-12-02,14.95,15.05,14.89,14.97
2020-12-03,14.97,15.0,14.81,14.84
2020-12-04,14.83,14.88,14.76,14.86
2020-12-07,14.93,14.96,14.71,14.76
2020-12-08,14.72,14.77,14.6,14.6
2020-12-09,14.6,14.64,14.41,14.42
2020-12-10,14.42,14.64,14.36,14.48
2020-12-11,14.48,14.52,14.02,14.1
2020-12-14,14.17,14.17,14.0,14.11
2020-12-15,14.11,14.19,14.03,14.11
2020-12-16,14.13,14.17,13.79,13.8
2020-12-17,13.77,13.88,13.46,13.87
2020-12-18,14.0,14.19,13.97,14.01
2020-12-21,14.08,14.37,14.08,14.27
2020-12-22,14.27,14.3,13.82,13.82
2020-12-23,13.93,13.98,13.72,13.8
2020-12-24,13.89,13.89,13.5,13.79
2020-12-25,13.73,13.85,13.65,13.76
2020-12-28,13.79,13.79,13.5,13.55
2020-12-29,13.52,14.1,13.5,13.97
2020-12-30,13.85,13.93,13.72,13.86
2020-12-31,13.9,14.01,13.84,13.99
2021-01-04,13.99,14.27,13.81,14.2
2021-01-05,14.15,14.18,13.94,14.11
2021-01-06,14.12,14.15,13.84,13.88
2021-01-07,13.82,13.86,13.48,13.58
2021-01-08,13.57,13.82,13.26,13.82
2021-01-11,13.83,14.07,13.75,13.8
2021-01-12,13.77,13.97,13.65,13.73
2021-01-13,13.77,14.07,13.51,13.98
2021-01-14,13.98,14.45,13.92,14.33
2021-01-15,14.4,14.4,14.02,14.08
2021-01-18,14.03,14.21,13.93,14.1
2021-01-19,14.12,14.17,13.76,13.79
2021-01-20,13.8,13.82,13.62,13.65
2021-01-21,13.7,13.76,13.55,13.67
2021-01-22,13.64,13.64,13.36,13.41
2021-01-25,13.38,13.4,13.01,13.06
2021-01-26,13.06,13.2,13.02,13.07
2021-01-27,13.07,13.17,12.97,13.05
2021-01-28,12.93,13.0,12.56,12.58
2021-01-29,12.58,12.71,12.18,12.31
2021-02-01,12.33,12.53,12.32,12.43
2021-02-02,12.42,12.48,12.33,12.35
2021-02-03,12.3,12.31,11.66,11.71
2021-02-04,11.71,11.71,11.01,11.29
2021-02-05,11.85,12.26,11.85,11.92
2021-02-08,11.9,12.03,11.62,11.67
2021-02-09,11.74,11.97,11.56,11.92
2021-02-10,11.91,12.09,11.81,12.08
2021-02-18,12.19,12.47,12.17,12.37
2021-02-19,12.36,12.91,12.31,12.88
2021-02-22,12.89,13.35,12.84,12.87
2021-02-23,12.87,13.13,12.7,12.92
2021-02-24,12.91,13.23,12.85,13.02
2021-02-25,13.08,13.18,12.76,12.78
2021-02-26,12.63,12.95,12.6,12.83
2021-03-01,12.98,13.25,12.9,13.18
2021-03-02,13.26,13.32,13.08,13.21
2021-03-03,13.22,13.29,13.1,13.23
2021-03-04,13.2,13.34,12.93,12.96
2021-03-05,12.99,13.23,12.93,13.14
2021-03-08,13.18,13.33,12.97,12.97
2021-03-09,12.94,13.1,12.4,12.75
2021-03-10,12.84,12.89,12.44,12.45
2021-03-11,12.45,12.59,12.3,12.5
2021-03-12,12.51,12.66,12.31,12.61
2021-03-15,12.61,12.84,12.48,12.67
2021-03-16,12.65,12.74,12.51,12.53
2021-03-17,12.51,12.61,12.42,12.53
2021-03-18,12.52,12.65,12.4,12.43
2021-03-19,12.38,12.58,12.27,12.43
2021-03-22,12.4,12.47,12.35,12.4
2021-03-23,12.42,12.47,12.23,12.28
2021-03-24,12.22,12.27,12.03,12.04
2021-03-25,12.05,12.14,12.01,12.06
2021-03-26,12.16,12.7,12.16,12.56
2021-03-29,12.66,12.7,12.42,12.48
2021-03-30,12.41,12.5,12.21,12.21
2021-03-31,12.2,12.29,12.15,12.26
2021-04-01,12.29,12.32,12.2,12.23
2021-04-02,12.23,12.29,12.21,12.28
2021-04-06,12.27,12.35,12.26,12.3
2021-04-07,12.3,12.38,12.22,12.28
2021-04-08,12.32,12.35,12.2,12.2
2021-04-09,12.19,12.2,12.03,12.05
2021-04-12,12.05,12.32,12.02,12.05
2021-04-13,12.05,12.28,12.05,12.21
2021-04-14,12.17,12.28,12.13,12.21
2021-04-15,12.18,12.18,12.05,12.05
2021-04-16,12.09,12.18,12.05,12.17
2021-04-19,12.18,12.35,12.15,12.34
2021-04-20,12.37,12.38,12.16,12.17
2021-04-21,12.19,12.2,12.05,12.06
2021-04-22,12.07,12.14,12.03,12.05
2021-04-23,12.05,12.09,11.87,11.92
2021-04-26,11.91,11.92,11.72,11.75
2021-04-27,11.72,11.82,11.54,11.61
2021-04-28,11.6,11.83,11.43,11.82
2021-04-29,11.75,11.86,11.7,11.71
2021-04-30,11.71,11.74,11.49,11.57
2021-05-06,11.57,11.72,11.52,11.58
2021-05-07,11.6,11.85,11.58,11.73
2021-05-10,11.67,11.7,11.51,11.55
2021-05-11,11.52,11.6,11.44,11.54
2021-05-12,11.47,11.54,11.38,11.51
2021-05-13,11.46,11.64,11.43,11.58
2021-05-14,11.59,11.69,11.52,11.68
2021-05-17,11.79,12.12,11.72,11.94
2021-05-18,12.0,12.01,11.8,11.91
2021-05-19,11.9,11.91,11.78,11.82
2021-05-20,11.78,11.82,11.71,11.73
2021-05-21,11.72,11.81,11.51,11.51
2021-05-24,11.73,11.86,11.59,11.62
2021-05-25,11.57,11.75,11.52,11.74
2021-05-26,11.69,11.84,11.68,11.75
2021-05-27,11.72,11.98,11.71,11.98
2021-05-28,11.98,12.08,11.85,11.9
2021-05-31,11.93,11.99,11.82,11.85
2021-06-01,11.9,12.04,11.81,11.98
2021-06-02,11.96,11.98,11.72,11.74
2021-06-03,11.73,12.08,11.7,11.94
2021-06-04,11.9,12.08,11.88,12.04
2021-06-07,12.17,12.29,12.08,12.09
2021-06-08,12.11,12.22,12.04,12.14
2021-06-09,12.12,12.28,12.0,12.02
2021-06-10,11.9,12.17,11.89,12.14
2021-06-11,12.03,12.13,11.51,11.52
2021-06-15,11.55,11.65,11.32,11.4
2021-06-16,11.38,11.72,11.36,11.46
2021-06-17,11.38,11.57,11.38,11.53
2021-06-18,11.53,11.62,11.45,11.56
2021-06-21,11.56,11.58,11.41,11.44
2021-06-22,11.41,11.52,11.41,11.46
2021-06-23,11.42,11.59,11.25,11.55
2021-06-24,11.52,11.76,11.48,11.7
2021-06-25,11.7,11.73,11.54,11.59
2021-06-28,11.61,11.73,11.58,11.59
2021-06-29,11.59,11.62,11.37,11.38
2021-06-30,11.38,11.44,11.33,11.4
2021-07-01,11.4,11.42,11.17,11.18
2021-07-02,11.18,11.24,11.01,11.05
2021-07-05,11.05,11.13,11.01,11.09
2021-07-06,11.42,11.64,11.41,11.48
2021-07-07,11.5,11.98,11.49,11.83
2021-07-08,11.82,11.91,11.7,11.84
2021-07-09,11.78,12.13,11.74,12.05
2021-07-12,12.13,12.26,12.0,12.06
2021-07-13,12.06,12.26,12.0,12.13
2021-07-14,12.14,12.3,12.05,12.12
2021-07-15,12.08,12.18,11.87,12.13
2021-07-16,12.13,12.27,12.05,12.09
2021-07-19,12.05,12.23,11.81,12.15
2021-07-20,12.05,12.25,12.02,12.12
2021-07-21,12.12,12.15,11.92,12.03
2021-07-22,12.01,12.11,11.89,12.09
2021-07-23,12.06,12.16,11.91,11.91
2021-07-26,11.91,11.93,11.4,11.52
2021-07-27,11.51,12.28,11.5,12.02
2021-07-28,11.97,12.68,11.68,12.57
2021-07-29,12.68,13.06,12.48,12.89
2021-07-30,12.56,12.87,12.38,12.75
2021-08-02,12.77,13.48,12.74,13.29
2021-08-03,13.36,13.6,13.08,13.12
2021-08-04,13.2,13.28,13.0,13.05
2021-08-05,12.94,13.25,12.81,12.84
2021-08-06,12.84,13.29,12.82,13.19
2021-08-09,13.25,13.3,12.93,13.13
2021-08-10,13.07,13.14,12.73,12.91
2021-08-11,12.83,13.07,12.69,12.89
2021-08-12,12.85,13.0,12.75,12.9
2021-08-13,13.03,13.13,12.63,12.7
2021-08-16,12.62,12.81,12.48,12.64
2021-08-17,12.62,12.87,12.3,12.3
2021-08-18,12.25,12.48,12.08,12.47
2021-08-19,12.46,12.59,12.39,12.47
2021-08-20,12.4,12.43,12.2,12.35
2021-08-23,12.38,12.74,12.35,12.73
2021-08-24,12.73,12.8,12.6,12.65
2021-08-25,12.62,12.69,12.3,12.41
2021-08-26,12.31,12.55,12.26,12.31
2021-08-27,12.26,12.48,12.12,12.45
2021-08-30,12.5,12.63,12.2,12.22
2021-08-31,12.15,12.29,12.1,12.23
2021-09-01,12.19,12.59,12.12,12.56
2021-09-02,12.55,12.95,12.43,12.92
2021-09-03,12.99,13.0,12.75,12.81
2021-09-06,12.9,13.34,12.82,13.3
2021-09-07,13.36,13.99,13.36,13.45
2021-09-08,13.58,13.83,13.32,13.79
2021-09-09,13.79,14.38,13.56,13.87
2021-09-10,13.8,13.94,13.57,13.63
2021-09-13,13.73,13.76,13.41,13.5
2021-09-14,13.56,13.66,13.01,13.07
2021-09-15,13.05,13.55,13.01,13.35
2021-09-16,13.25,13.63,13.21,13.44
2021-09-17,13.21,13.93,13.2,13.73
2021-09-22,13.63,14.05,13.63,13.98
2021-09-23,13.92,14.09,13.71,13.84
2021-09-24,13.82,13.9,13.42,13.66
2021-09-27,13.8,13.9,13.06,13.32
2021-09-28,13.32,14.05,13.21,14.05
2021-09-29,13.95,13.97,13.48,13.49
2021-09-30,13.62,13.94,13.3,13.8
2021-10-08,13.99,14.05,13.41,13.5
2021-10-11,13.96,14.85,13.92,14.85
2021-10-12,14.98,15.25,14.65,14.7
2021-10-13,14.77,15.08,14.32,14.71
2021-10-14,14.52,14.92,14.34,14.49
2021-10-15,14.6,14.83,14.23,14.58
2021-10-18,14.65,14.93,14.37,14.62
2021-10-19,14.88,14.88,14.16,14.32
2021-10-20,14.39,15.15,14.33,14.71
2021-10-21,14.64,14.69,14.26,14.33
2021-10-22,14.28,14.47,14.15,14.37
2021-10-25,14.4,14.52,14.03,14.45
2021-10-26,14.49,14.7,14.26,14.62
2021-10-27,14.56,14.62,14.32,14.43
2021-10-28,14.45,15.0,14.4,14.72
2021-10-29,14.82,15.29,14.58,15.2
2021-11-01,15.46,16.19,15.45,15.94
2021-11-02,16.09,17.17,15.86,15.99
2021-11-03,16.0,16.0,15.19,15.36
2021-11-04,15.35,16.64,15.27,16.28
2021-11-05,16.14,16.24,15.71,15.77
2021-11-08,15.61,15.93,15.28,15.44
2021-11-09,15.5,16.2,15.45,15.61
2021-11-10,15.46,15.92,15.21,15.89
2021-11-11,15.7,16.2,15.44,15.91
2021-11-12,15.83,16.87,15.8,16.44
2021-11-15,16.52,16.8,16.25,16.53
2021-11-16,16.61,17.11,16.41,16.97
2021-11-17,16.84,17.5,16.78,17.35
2021-11-18,17.35,17.94,16.93,17.05
2021-11-19,16.79,17.14,16.6,16.79
2021-11-22,16.79,17.25,16.57,17.07
2021-11-23,17.08,17.09,16.68,16.7
2021-11-24,16.58,16.94,16.46,16.64
2021-11-25,16.7,16.74,16.39,16.43
2021-11-26,16.42,16.72,16.36,16.46
2021-11-29,16.23,16.36,15.59,15.9
2021-11-30,16.04,16.57,15.95,16.48
2021-12-01,16.37,16.55,16.1,16.12
2021-12-02,16.12,16.26,15.75,16.07
2021-12-03,16.07,16.07,14.56,14.99
2021-12-06,14.96,15.14,14.72,14.82
2021-12-07,14.83,14.93,14.29,14.91
2021-12-08,14.83,15.15,14.77,15.0
2021-12-09,14.98,15.42,14.8,15.14
2021-12-10,15.05,15.36,14.93,15.13
2021-12-13,15.05,15.33,15.02,15.16
2021-12-14,15.12,15.76,15.12,15.67
2021-12-15,15.6,15.81,15.43,15.45
2021-12-16,15.47,15.72,15.44,15.57
2021-12-17,15.11,15.58,14.79,15.22
2021-12-20,15.03,15.15,14.24,14.27
2021-12-21,14.36,14.88,14.36,14.83
2021-12-22,14.86,15.12,14.78,14.86
2021-12-23,15.06,15.25,14.71,14.85
2021-12-24,14.81,14.95,14.29,14.44
2021-12-27,14.43,14.63,14.16,14.23
2021-12-28,14.22,14.4,14.04,14.29
2021-12-29,14.26,14.67,14.16,14.58
2021-12-30,14.55,14.65,14.38,14.46
2021-12-31,14.5,15.28,14.46,15.12
2022-01-04,15.12,15.72,15.01,15.63
2022-01-05,15.63,15.75,15.32,15.43
2022-01-06,15.35,15.45,14.96,15.28
2022-01-07,15.28,15.5,15.19,15.28
2022-01-10,15.21,15.45,15.06,15.32
2022-01-11,15.27,15.39,15.06,15.15
2022-01-12,15.28,15.44,14.8,15.01
2022-01-13,15.16,15.63,14.78,14.8
2022-01-14,14.66,15.0,14.4,14.82
2022-01-17,14.83,15.37,14.8,15.36
2022-01-18,15.36,15.51,15.21,15.37
2022-01-19,15.34,15.44,15.11,15.36
2022-01-20,15.36,15.43,14.96,14.98
2022-01-21,14.85,14.95,14.5,14.59
2022-01-24,14.56,14.77,14.46,14.56
2022-01-25,14.56,14.57,13.35,13.38
2022-01-26,13.59,13.97,13.47,13.85
2022-01-27,13.89,13.93,13.48,13.48
2022-01-28,13.71,14.52,13.45,14.04
2022-02-07,14.3,14.74,14.04,14.13
2022-02-08,14.14,14.28,13.66,14.27
2022-02-09,14.26,14.5,14.13,14.44
2022-02-10,14.49,14.5,14.06,14.18
2022-02-11,14.08,14.18,13.64,13.75
2022-02-14,13.65,13.78,13.5,13.62
2022-02-15,13.6,14.2,13.54,14.1
2022-02-16,14.11,14.78,14.11,14.25
2022-02-17,14.39,14.52,14.21,14.36
2022-02-18,14.5,14.81,14.4,14.66
2022-02-21,14.97,15.17,14.72,15.08
2022-02-22,14.91,14.99,14.67,14.82
2022-02-23,14.81,15.15,14.78,15.15
2022-02-24,15.03,15.28,14.74,14.91
2022-02-25,15.14,15.2,14.79,14.82
2022-02-28,14.69,14.91,14.63,14.78
2022-03-01,14.8,15.69,14.8,15.09
2022-03-02,14.93,15.12,14.69,15.03
2022-03-03,15.18,15.28,14.77,14.78
2022-03-04,14.69,14.82,14.49,14.6
2022-03-07,14.5,14.5,13.81,13.96
2022-03-08,13.88,14.04,13.4,13.44
2022-03-09,13.48,13.56,12.25,12.89
2022-03-10,13.18,13.4,13.03,13.15
2022-03-11,13.13,13.94,13.01,13.89
2022-03-14,13.72,14.14,13.7,13.75
2022-03-15,13.58,13.91,12.76,12.81
2022-03-16,13.13,13.42,12.45,13.34
2022-03-17,13.6,14.4,13.52,13.94
2022-03-18,13.88,14.07,13.66,14.07
2022-03-21,13.9,14.13,13.65,13.7
2022-03-22,13.69,13.79,13.53,13.68
2022-03-23,13.79,14.01,13.66,13.96
2022-03-24,13.81,13.84,13.46,13.46
2022-03-25,13.53,13.58,12.96,12.96
2022-03-28,12.82,13.1,12.74,13.09
2022-03-29,13.05,13.18,12.8,13.04
2022-03-30,13.28,13.33,13.11,13.25
2022-03-31,13.2,13.2,12.87,12.97
2022-04-01,12.9,12.93,12.72,12.89
2022-04-06,12.86,12.88,12.52,12.64
2022-04-07,12.6,12.63,12.16,12.16
2022-04-08,12.25,12.27,11.71,11.98
2022-04-11,11.86,11.95,11.48,11.53
2022-04-12,11.54,11.82,11.29,11.78
2022-04-13,11.66,11.69,11.43,11.43
2022-04-14,11.55,11.63,11.35,11.42
2022-04-15,11.35,11.35,11.15,11.19
2022-04-18,11.15,11.47,11.02,11.45
2022-04-19,11.38,11.53,11.34,11.39
2022-04-20,11.5,11.5,11.14,11.18
2022-04-21,11.18,11.24,10.79,10.86
2022-04-22,10.69,10.9,10.63,10.7
2022-04-25,10.53,10.58,9.85,9.86
2022-04-26,10.02,10.1,9.53,9.58
2022-04-27,9.36,10.0,9.3,9.97
2022-04-28,9.84,9.97,9.49,9.71
2022-04-29,9.76,10.14,9.74,10.1
2022-05-05,10.07,10.31,10.05,10.16
2022-05-06,9.95,10.06,9.83,9.91
2022-05-09,9.91,10.03,9.8,9.9
2022-05-10,9.81,10.14,9.66,10.06
2022-05-11,10.06,10.55,10.06,10.2
2022-05-12,10.18,10.37,10.13,10.3
2022-05-13,10.46,10.56,10.3,10.42
2022-05-16,10.48,10.52,10.23,10.3
2022-05-17,10.31,10.41,10.18,10.41
2022-05-18,10.43,10.45,10.23,10.29
2022-05-19,10.13,10.92,10.09,10.89
2022-05-20,10.88,11.44,10.75,11.41
2022-05-23,11.48,11.8,11.23,11.66
2022-05-24,11.59,11.8,10.99,10.99
2022-05-25,11.02,11.49,10.86,11.46
2022-05-26,11.45,12.41,11.27,12.15
2022-05-27,12.2,12.47,11.92,12.02
2022-05-30,12.08,12.25,11.85,12.14
2022-05-31,12.25,12.57,12.16,12.26
2022-06-01,12.26,12.68,12.24,12.59
2022-06-02,12.6,13.38,12.48,13.25
2022-06-06,13.21,13.49,13.0,13.23
2022-06-07,13.22,13.39,12.7,12.81
2022-06-08,12.81,12.92,12.52,12.79
2022-06-09,12.66,12.82,12.56,12.69
2022-06-10,12.69,12.87,12.55,12.79
2022-06-13,12.75,13.35,12.63,13.23
2022-06-14,13.0,13.11,12.4,12.95
2022-06-15,12.92,13.18,12.75,12.88
2022-06-16,12.88,13.7,12.81,13.38
2022-06-17,13.2,14.15,13.16,14.13
2022-06-20,14.43,14.76,14.23,14.25
2022-06-21,14.21,14.52,13.97,14.13
2022-06-22,14.11,14.45,13.99,14.02
2022-06-23,14.09,14.63,14.04,14.5
2022-06-24,14.56,15.34,14.41,15.04
2022-06-27,15.05,15.17,14.75,14.88
2022-06-28,14.93,14.99,14.65,14.87
2022-06-29,14.8,14.87,13.85,13.95
2022-06-30,14.15,14.7,14.15,14.54
2022-07-01,14.48,14.59,13.93,14.14
2022-07-04,14.22,14.25,13.88,14.2
2022-07-05,14.25,14.38,13.98,14.23
2022-07-06,14.12,15.16,14.12,14.89
2022-07-07,14.71,16.03,14.67,15.88
2022-07-08,15.84,16.5,15.81,15.99
2022-07-11,15.99,16.02,14.98,15.37
2022-07-12,15.47,16.27,15.46,15.72
2022-07-13,15.72,16.58,15.64,16.45
2022-07-14,16.46,17.52,16.4,17.12
2022-07-15,16.99,17.21,16.82,16.92
2022-07-18,17.17,17.94,16.82,17.84
2022-07-19,17.68,18.0,17.36,17.65
2022-07-20,17.66,18.68,17.2,18.49
2022-07-21,18.43,18.51,17.68,17.77
2022-07-22,17.78,17.95,17.25,17.53
2022-07-25,17.41,17.56,16.06,16.56
2022-07-26,16.8,17.32,16.39,17.13
2022-07-27,17.1,17.18,16.36,16.98
2022-07-28,17.0,17.33,15.45,15.67
2022-07-29,15.66,16.2,15.6,15.64
2022-08-01,15.66,16.36,15.57,15.98
2022-08-02,15.7,16.05,15.4,15.63
2022-08-03,15.71,16.32,15.58,15.67
2022-08-04,15.67,16.09,15.42,15.79
2022-08-05,15.81,15.97,15.22,15.63
2022-08-08,15.39,16.08,15.06,15.75
2022-08-09,15.73,16.75,15.63,16.3
2022-08-10,16.3,16.73,16.01,16.29
2022-08-11,16.48,17.1,16.32,16.6
2022-08-12,16.53,16.53,15.96,16.16
2022-08-15,16.13,17.0,16.09,16.79
2022-08-16,16.82,17.67,16.82,17.13
2022-08-17,17.02,17.59,17.02,17.11
2022-08-18,16.98,18.02,16.95,17.88
2022-08-19,17.91,17.92,17.26,17.47
2022-08-22,17.19,17.41,16.64,16.88
2022-08-23,16.7,17.35,16.69,17.05
2022-08-24,17.05,17.15,16.23,16.29
2022-08-25,16.45,16.46,15.8,15.98
2022-08-26,15.99,16.7,15.81,16.32
2022-08-29,16.05,16.77,15.71,16.55
2022-08-30,17.2,18.21,17.01,18.21
2022-08-31,18.19,18.31,16.6,16.83
2022-09-01,16.9,18.51,16.9,18.24
2022-09-02,18.16,18.48,17.54,18.01
2022-09-05,18.17,19.25,18.05,18.81
2022-09-06,18.93,19.88,18.6,19.4
2022-09-07,19.4,19.85,19.21,19.62
2022-09-08,19.43,19.76,19.16,19.35
2022-09-09,19.5,19.58,18.69,19.18
2022-09-13,19.25,19.38,18.51,18.92
2022-09-14,18.62,19.11,18.29,18.67
2022-09-15,18.75,18.83,17.2,17.53
2022-09-16,17.33,17.74,16.9,17.04
2022-09-19,17.01,17.64,16.82,17.31
2022-09-20,17.55,18.4,17.55,17.98
2022-09-21,17.83,18.62,17.7,18.1
2022-09-22,18.0,18.58,17.42,18.2
2022-09-23,18.13,18.35,17.48,17.82
2022-09-26,17.72,18.99,17.63,18.6
2022-09-27,19.0,20.16,19.0,19.79
2022-09-28,19.8,20.13,19.08,19.2
2022-09-29,19.32,19.47,18.7,19.05
2022-09-30,19.03,19.31,18.15,18.2
2022-10-10,18.2,18.83,17.95,18.11
2022-10-11,18.25,19.51,18.02,19.38
2022-10-12,19.24,20.23,18.89,20.04
2022-10-13,19.89,20.32,19.74,19.93
2022-10-14,20.0,20.1,19.4,19.66
2022-10-17,19.4,19.61,18.94,19.36
2022-10-18,19.32,20.8,19.24,20.65
2022-10-19,20.4,20.44,19.79,19.9
2022-10-20,19.85,20.09,19.23,19.56
2022-10-21,19.95,20.95,19.8,20.77
2022-10-24,20.77,21.45,20.28,20.71
2022-10-25,20.65,21.37,20.29,20.98
2022-10-26,20.68,20.98,19.89,20.71
2022-10-27,20.5,20.55,18.64,19.15
2022-10-28,18.82,19.92,18.81,19.42
2022-10-31,18.81,20.35,18.79,19.45
2022-11-01,19.48,19.63,17.93,18.6
2022-11-02,18.51,18.51,17.2,18.05
2022-11-03,17.94,18.03,17.28,17.81
2022-11-04,17.8,18.4,17.7,18.18
2022-11-07,18.18,18.2,16.46,17.05
2022-11-08,17.2,18.1,16.99,17.8
2022-11-09,17.85,17.85,17.01,17.18
2022-11-10,17.09,17.42,16.74,16.93
2022-11-11,17.5,17.73,16.98,17.05
2022-11-14,17.46,17.95,17.06,17.42
2022-11-15,17.42,17.88,17.15,17.79
2022-11-16,17.69,17.76,17.1,17.22
2022-11-17,17.14,17.22,16.18,16.48
2022-11-18,16.41,16.44,16.03,16.12
2022-11-21,16.12,16.45,16.0,16.32
2022-11-22,16.25,16.5,15.9,16.14
2022-11-23,16.14,17.07,15.92,16.84
2022-11-24,16.99,17.53,16.86,16.94
2022-11-25,16.5,16.68,15.74,16.02
2022-11-28,15.7,16.85,15.7,16.55
2022-11-29,16.24,16.35,16.06,16.12
2022-11-30,16.03,16.45,15.85,16.4
2022-12-01,16.41,17.04,16.22,16.71
2022-12-02,16.63,17.32,16.55,17.0
2022-12-05,17.03,17.14,16.55,16.68
2022-12-06,16.58,16.58,15.91,16.11
2022-12-07,16.0,16.3,15.92,16.07
2022-12-08,16.01,16.28,15.88,15.93
2022-12-09,15.86,15.96,15.17,15.2
2022-12-12,15.21,15.39,14.84,15.34
2022-12-13,15.34,15.42,14.94,14.97
2022-12-14,15.01,15.09,14.54,14.69
2022-12-15,14.65,15.01,14.51,14.89
2022-12-16,14.8,14.8,14.24,14.5
2022-12-19,14.45,14.62,14.27,14.37
2022-12-20,14.32,15.05,14.24,14.93
2022-12-21,15.04,15.6,14.85,15.38
2022-12-22,15.38,15.43,13.91,14.31
2022-12-23,13.98,14.46,13.8,14.05
2022-12-26,13.96,15.0,13.93,14.91
2022-12-27,14.9,15.22,14.43,15.01
2022-12-28,14.89,15.21,14.66,15.01
2022-12-29,14.91,15.25,14.91,15.1
2022-12-30,15.11,15.58,14.98,15.06
2023-01-03,15.14,16.38,15.0,16.21
2023-01-04,16.21,16.3,15.75,15.93
2023-01-05,16.02,16.16,15.76,16.11
2023-01-06,16.1,16.49,16.02,16.11
2023-01-09,16.16,16.42,15.93,16.28
2023-01-10,16.48,16.76,16.18,16.23
2023-01-11,16.2,16.33,15.92,16.01
2023-01-12,16.05,16.37,16.0,16.11
2023-01-13,16.1,16.23,15.61,15.86
2023-01-16,16.08,16.1,15.68,15.78
2023-01-17,15.85,15.87,15.51,15.64
2023-01-18,15.69,15.8,15.55,15.7
2023-01-19,15.55,15.61,14.48,14.85
2023-01-20,14.89,15.19,14.88,15.1
2023-01-30,15.3,15.43,15.11,15.19
2023-01-31,15.24,15.63,15.16,15.5
2023-02-01,15.65,15.95,15.45,15.74
2023-02-02,15.7,15.72,15.11,15.21
2023-02-03,15.09,15.18,14.32,14.51
2023-02-06,14.42,14.57,14.21,14.37
2023-02-07,14.42,14.49,14.22,14.36
2023-02-08,14.41,14.5,14.26,14.29
2023-02-09,14.23,14.65,14.03,14.65
2023-02-10,14.64,14.77,14.43,14.49
2023-02-13,14.55,14.85,14.5,14.76
2023-02-14,14.75,14.95,14.66,14.78
2023-02-15,14.77,15.09,14.71,15.03
2023-02-16,15.02,15.02,14.43,14.6
2023-02-17,14.53,14.63,14.2,14.22
2023-02-20,14.2,14.34,14.04,14.33
2023-02-21,14.3,14.73,14.21,14.49
2023-02-22,14.41,14.65,14.34,14.41
2023-02-23,14.37,14.94,14.33,14.89
2023-02-24,14.72,14.76,14.53,14.61
2023-02-27,14.5,14.92,14.39,14.73
2023-02-28,14.87,15.02,14.43,14.73
2023-03-01,14.65,14.98,14.62,14.85
2023-03-02,14.92,15.73,14.9,15.57
2023-03-03,15.61,15.69,15.33,15.55
2023-03-06,15.48,15.98,15.31,15.88
2023-03-07,15.69,15.73,15.1,15.17
2023-03-08,15.05,15.47,15.0,15.4
2023-03-09,15.3,15.37,15.07,15.21
2023-03-10,15.06,15.15,14.5,14.56
2023-03-13,14.46,14.7,14.33,14.64
2023-03-14,14.64,14.64,14.03,14.26
2023-03-15,14.35,14.53,14.22,14.39
2023-03-16,14.28,14.31,13.9,13.92
2023-03-17,14.03,14.13,13.89,13.94
2023-03-20,14.1,15.18,14.1,15.01
2023-03-21,15.0,15.01,14.77,14.97
2023-03-22,15.02,15.66,14.94,15.43
2023-03-23,15.3,15.72,15.25,15.56
2023-03-24,15.47,15.87,15.41,15.74
2023-03-27,15.81,16.26,15.61,15.89
2023-03-28,15.75,15.82,15.24,15.27
2023-03-29,15.33,15.6,15.21,15.31
2023-03-30,15.28,15.34,14.91,15.03
2023-03-31,15.08,15.13,14.77,15.1
2023-04-03,15.11,15.94,15.11,15.77
2023-04-04,15.79,15.91,15.45,15.59
2023-04-06,15.73,16.76,15.4,16.62
2023-04-07,17.6,18.18,16.92,17.3
2023-04-10,17.23,17.49,16.41,16.52
2023-04-11,16.55,16.61,15.95,16.19
2023-04-12,16.18,16.58,16.02,16.46
2023-04-13,16.3,16.31,15.65,15.82
2023-04-14,15.74,15.9,15.51,15.88
2023-04-17,15.99,16.03,15.2,15.45
2023-04-18,15.46,16.12,15.34,15.97
2023-04-19,15.99,16.21,15.75,15.95
2023-04-20,16.08,16.37,15.95,16.28
2023-04-21,16.4,16.49,15.18,15.29
2023-04-24,15.1,16.09,15.06,15.66
2023-04-25,15.55,15.58,14.44,14.64
2023-04-26,14.82,15.3,14.7,14.83
2023-04-27,14.6,14.67,14.26,14.33
2023-04-28,14.4,14.65,14.35,14.56
2023-05-04,14.49,14.93,14.41,14.78
2023-05-05,14.78,14.78,14.28,14.4
2023-05-08,14.41,14.65,14.36,14.55
2023-05-09,14.52,14.53,14.1,14.12
2023-05-10,14.16,14.41,14.1,14.37
2023-05-11,14.3,14.84,14.2,14.62
2023-05-12,14.51,14.65,14.37,14.39
2023-05-15,14.5,14.95,14.5,14.87
2023-05-16,14.86,15.15,14.75,14.84
2023-05-17,14.77,15.01,14.72,14.87
2023-05-18,14.86,15.35,14.82,15.25
2023-05-19,15.12,15.2,14.96,15.16
2023-05-22,15.17,15.17,14.73,14.89
2023-05-23,14.87,14.88,14.53,14.57
2023-05-24,14.51,14.7,14.44,14.47
2023-05-25,14.49,14.73,14.39,14.58
2023-05-26,14.54,14.62,14.36,14.5
2023-05-29,14.51,14.74,14.45,14.58
2023-05-30,14.48,14.56,14.13,14.5
2023-05-31,14.42,14.54,14.35,14.46
2023-06-01,14.5,14.77,14.44,14.59
2023-06-02,14.65,15.25,14.62,14.96
2023-06-05,14.97,15.03,14.8,14.88
2023-06-06,14.84,14.85,14.37,14.45
2023-06-07,14.47,14.58,14.1,14.19
2023-06-08,14.14,14.22,13.45,13.5
2023-06-09,13.52,13.94,13.25,13.9
2023-06-12,13.73,13.8,13.57,13.7
2023-06-13,13.74,14.0,13.63,13.96
2023-06-14,13.97,14.29,13.86,14.18
2023-06-15,14.2,15.5,14.18,15.07
2023-06-16,14.86,15.55,14.75,15.48
2023-06-19,15.65,15.79,15.34,15.67
2023-06-20,15.6,16.05,15.45,15.61
2023-06-21,15.6,15.61,14.94,14.95
2023-06-26,14.88,15.15,14.66,14.82
2023-06-27,14.82,14.84,14.38,14.63
2023-06-28,14.66,14.66,13.91,14.41
2023-06-29,14.34,14.63,14.3,14.43
2023-06-30,14.36,14.8,14.28,14.66
2023-07-03,14.68,14.97,14.55,14.87
2023-07-04,14.87,15.38,14.82,15.09
2023-07-05,15.08,15.09,14.65,14.7
2023-07-06,14.62,14.88,14.6,14.66
2023-07-07,14.52,14.58,14.18,14.31
2023-07-10,14.46,14.57,14.31,14.36
2023-07-11,14.36,14.55,14.3,14.4
2023-07-12,14.39,14.39,14.08,14.1
2023-07-13,14.22,14.43,14.16,14.38
2023-07-14,14.99,15.82,14.99,15.82
2023-07-17,15.95,15.98,15.68,15.89
2023-07-18,15.81,15.81,15.3,15.35
2023-07-19,15.48,15.63,15.33,15.36
2023-07-20,15.42,15.45,15.01,15.04
2023-07-21,15.0,15.19,14.91,14.96
2023-07-24,14.93,15.23,14.79,15.03
2023-07-25,15.24,15.33,15.08,15.31
2023-07-26,15.23,15.25,14.98,15.15
2023-07-27,15.09,15.23,14.91,14.97
2023-07-28,15.02,15.32,14.94,15.26
2023-07-31,15.26,15.4,15.19,15.37
2023-08-01,15.31,15.34,15.11,15.3
2023-08-02,15.4,15.52,15.1,15.17
2023-08-03,15.06,15.14,14.96,15.09
2023-08-04,15.12,15.29,15.09,15.17
2023-08-07,15.2,15.28,14.9,14.96
2023-08-08,14.9,15.02,14.77,14.83
2023-08-09,14.8,14.87,14.5,14.53
2023-08-10,14.53,14.67,14.51,14.64
2023-08-11,14.63,14.7,14.38,14.39
2023-08-14,14.18,14.52,14.15,14.48
2023-08-15,14.47,14.64,14.26,14.4
2023-08-16,14.3,14.34,14.11,14.17
2023-08-17,14.12,14.36,14.06,14.32
2023-08-18,14.29,14.43,14.16,14.16
2023-08-21,14.25,14.38,14.16,14.18
2023-08-22,14.22,14.33,13.92,14.32
2023-08-23,14.3,14.3,14.02,14.06
2023-08-24,14.14,14.27,13.96,14.19
2023-08-25,14.03,14.07,13.63,13.79
2023-08-28,14.61,14.62,13.88,13.93
2023-08-29,13.93,14.31,13.87,14.26
2023-08-30,14.27,14.48,14.18,14.26
2023-08-31,14.25,14.28,14.1,14.14
2023-09-01,14.16,14.21,14.05,14.12
2023-09-04,14.19,14.33,14.1,14.32
2023-09-05,14.34,14.36,14.13,14.18
2023-09-06,14.13,14.3,14.02,14.27
2023-09-07,14.26,14.26,14.0,14.05
2023-09-08,13.99,14.13,13.96,14.06
2023-09-11,14.15,14.44,14.08,14.31
2023-09-12,14.3,14.39,14.26,14.31
2023-09-13,14.36,14.36,13.96,14.04
2023-09-14,14.03,14.23,14.03,14.1
2023-09-15,14.14,14.16,13.87,13.89
2023-09-18,13.85,13.98,13.75,13.89
2023-09-19,13.82,13.88,13.55,13.61
2023-09-20,13.53,13.72,13.52,13.56
2023-09-21,13.53,13.66,13.49,13.5
2023-09-22,13.45,13.84,13.45,13.82
2023-09-25,13.84,13.92,13.75,13.77
2023-09-26,13.78,13.98,13.74,13.81
2023-09-27,13.73,14.18,13.71,14.07
2023-09-28,14.05,14.25,14.01,14.12
2023-10-09,14.12,14.25,14.04,14.21
2023-10-10,14.25,14.29,14.11,14.13
2023-10-11,14.21,14.25,14.1,14.15
2023-10-12,14.24,14.45,14.16,14.32
2023-10-13,14.21,14.28,14.12,14.17
2023-10-16,14.14,14.2,13.91,14.03
2023-10-17,14.13,14.19,13.99,14.04
2023-10-18,14.0,14.02,13.72,13.82
2023-10-19,13.74,13.86,13.56,13.58
2023-10-20,13.55,13.67,13.36,13.4
2023-10-23,13.35,13.36,12.8,12.92
2023-10-24,12.92,13.03,12.64,12.97
2023-10-25,13.15,13.19,12.93,12.97
2023-10-26,12.87,13.14,12.77,13.08
2023-10-27,13.0,13.34,12.92,13.25
2023-10-30,13.25,13.54,13.17,13.53
2023-10-31,13.43,13.43,13.07,13.18
2023-11-01,13.19,13.24,13.0,13.09
2023-11-02,13.16,13.2,12.92,12.93
2023-11-03,12.93,13.18,12.93,13.13
2023-11-06,13.2,13.4,13.2,13.32
2023-11-07,13.3,13.38,13.17,13.31
2023-11-08,13.33,13.38,13.18,13.29
2023-11-09,13.22,13.35,13.21,13.27
2023-11-10,13.21,13.21,13.07,13.14
2023-11-13,13.16,13.3,13.15,13.24
2023-11-14,13.3,13.44,13.26,13.38
2023-11-15,13.5,13.52,13.36,13.4
2023-11-16,13.37,13.38,13.25,13.26
2023-11-17,13.25,13.44,13.21,13.4
2023-11-20,13.4,13.43,13.29,13.38
2023-11-21,13.4,13.42,13.17,13.2
2023-11-22,13.2,13.2,12.95,12.96
2023-11-23,12.92,13.03,12.8,13.02
2023-11-24,13.0,13.01,12.77,12.83
2023-11-27,12.75,12.85,12.61,12.7
2023-11-28,12.7,12.75,12.58,12.69
2023-11-29,12.65,12.69,12.39,12.41
2023-11-30,12.42,12.52,12.36,12.45
2023-12-01,12.45,12.6,12.37,12.56
2023-12-04,12.6,12.79,12.54,12.68
2023-12-05,12.63,12.64,12.4,12.41
2023-12-06,12.42,12.44,12.22,12.28
2023-12-07,12.28,12.28,12.07,12.11
2023-12-08,12.13,12.24,11.96,12.09
2023-12-11,11.96,12.14,11.77,12.13
2023-12-12,12.08,12.14,11.97,12.06
2023-12-13,12.02,12.02,11.86,11.86
2023-12-14,11.91,12.02,11.83,11.83
2023-12-15,11.83,11.93,11.75,11.78
2023-12-18,11.76,11.77,11.48,11.56
2023-12-19,11.56,11.62,11.46,11.57
2023-12-20,11.57,11.96,11.4,11.55
2023-12-21,11.45,11.66,11.41,11.6
2023-12-22,11.54,11.78,11.45,11.7
2023-12-25,11.64,11.71,11.6,11.66
2023-12-26,11.65,11.66,11.19,11.29
2023-12-27,11.29,11.42,11.19,11.38
2023-12-28,11.49,12.05,11.47,11.94
2023-12-29,11.9,12.15,11.87,11.94
2024-01-02,11.9,11.93,11.71,11.75
2024-01-03,11.73,11.81,11.57,11.7
2024-01-04,11.68,11.68,11.5,11.55
2024-01-05,11.56,11.6,11.31,11.38
2024-01-08,11.37,11.38,11.13,11.17
2024-01-09,11.18,11.26,11.01,11.08
2024-01-10,11.05,11.13,10.83,10.95
2024-01-11,10.95,11.19,10.92,11.15
2024-01-12,11.14,11.2,11.06,11.08
2024-01-15,11.03,11.14,10.96,11.05
2024-01-16,11.2,11.34,11.02,11.2
2024-01-17,11.18,11.18,10.96,10.96
2024-01-18,10.91,11.11,10.71,11.07
2024-01-19,11.08,11.2,11.04,11.09
2024-01-22,11.08,11.1,10.54,10.67
2024-01-23,10.58,10.99,10.52,10.91
2024-01-24,11.02,11.15,10.76,11.12
2024-01-25,11.13,11.34,11.04,11.32
2024-01-26,11.31,11.43,11.2,11.28
2024-01-29,11.3,11.4,11.13,11.22
2024-01-30,11.17,11.17,10.84,10.88
2024-01-31,10.99,11.31,10.98,10.99
2024-02-01,10.89,11.23,10.71,11.09
2024-02-02,11.08,11.22,10.53,10.95
2024-02-05,10.84,10.96,10.11,10.64
2024-02-06,10.48,11.3,10.33,11.19
2024-02-07,11.26,11.48,11.16,11.33
2024-02-08,11.5,11.74,11.41,11.72
2024-02-19,11.9,11.95,11.62,11.85
2024-02-20,11.79,11.81,11.66,11.77
2024-02-21,11.68,12.04,11.65,11.82
2024-02-22,11.79,11.98,11.79,11.92
2024-02-23,11.94,11.98,11.81,11.93
2024-02-26,11.9,12.0,11.83,11.9
2024-02-27,11.86,12.43,11.83,12.42
2024-02-28,12.47,12.53,11.86,11.86
2024-02-29,11.83,12.27,11.82,12.24
2024-03-01,12.22,12.54,12.21,12.52
2024-03-04,12.57,12.65,12.31,12.65
2024-03-05,12.51,12.63,12.34,12.39
2024-03-06,12.38,13.09,12.31,12.86
2024-03-07,12.78,12.78,12.4,12.42
2024-03-08,12.41,13.08,12.41,13.03
2024-03-11,13.0,13.15,12.85,13.15
2024-03-12,13.15,13.37,12.98,13.04
2024-03-13,13.17,13.58,13.07,13.38
2024-03-14,13.28,13.37,13.0,13.23
2024-03-15,13.15,13.2,12.89,13.09
2024-03-18,13.15,13.24,13.03,13.22
2024-03-19,13.19,13.19,13.03,13.03
2024-03-20,13.04,13.1,12.82,12.94
2024-03-21,12.91,13.13,12.89,13.1
2024-03-22,13.02,13.17,12.88,13.16
2024-03-25,13.14,13.36,12.87,12.89
2024-03-26,12.69,12.82,12.39,12.61
2024-03-27,12.6,12.65,12.08,12.09
2024-03-28,12.0,12.4,11.99,12.24
2024-03-29,12.29,12.37,12.1,12.35
2024-04-01,12.55,12.96,12.55,12.8
2024-04-02,12.78,12.8,12.5,12.55
2024-04-03,12.58,12.58,12.32,12.36
2024-04-08,12.29,12.39,12.01,12.03
2024-04-09,12.1,12.17,11.97,12.12
2024-04-10,12.13,12.13,11.76,11.87
2024-04-11,11.8,12.04,11.76,11.89
2024-04-12,11.91,12.82,11.9,12.51
2024-04-15,12.52,12.92,12.32,12.85
2024-04-16,12.85,13.3,12.78,12.83
2024-04-17,12.83,13.22,12.83,13.14
2024-04-18,13.06,13.49,12.94,13.29
2024-04-19,13.2,13.35,12.86,12.93
2024-04-22,12.87,13.08,12.68,13.04
2024-04-23,13.01,13.08,12.73,12.78
2024-04-24,12.8,13.45,12.78,13.44
2024-04-25,13.38,13.57,13.21,13.54
2024-04-26,13.55,14.0,13.12,13.83
2024-04-29,13.94,14.45,13.9,14.22
2024-04-30,14.01,14.37,13.96,14.16
2024-05-06,14.33,14.4,14.03,14.1
2024-05-07,14.06,14.07,13.68,13.85
2024-05-08,13.84,13.96,13.71,13.84
2024-05-09,13.86,14.25,13.8,14.18
2024-05-10,14.15,14.7,14.11,14.51
2024-05-13,14.37,15.8,14.35,15.45
2024-05-14,15.41,15.58,15.25,15.45
2024-05-15,15.35,15.53,15.1,15.25
2024-05-16,15.29,15.9,15.11,15.18
2024-05-17,14.91,15.15,14.9,15.0
2024-05-20,14.96,15.39,14.87,15.24
2024-05-21,15.25,15.25,14.98,15.03
2024-05-22,15.05,15.18,14.84,14.9
2024-05-23,14.8,14.89,14.6,14.68
2024-05-24,14.6,15.22,14.59,14.77
2024-05-27,14.75,15.51,14.73,15.45
2024-05-28,15.49,15.86,15.21,15.24
2024-05-29,15.26,15.5,15.06,15.28
2024-05-30,15.18,15.48,15.05,15.26
2024-05-31,15.23,15.31,14.9,14.96
2024-06-03,14.67,14.83,14.43,14.57
2024-06-04,14.66,15.1,14.51,15.03
2024-06-05,15.09,15.11,14.68,14.71
2024-06-06,14.77,14.96,14.59,14.64
2024-06-07,14.7,14.77,14.25,14.38
2024-06-11,14.35,14.73,14.27,14.63
2024-06-12,14.55,14.68,14.42,14.52
2024-06-13,14.45,14.78,14.42,14.53
2024-06-14,14.44,14.82,14.35,14.76
2024-06-17,14.73,15.19,14.63,15.0
2024-06-18,14.98,15.3,14.98,15.16
2024-06-19,15.38,15.75,15.32,15.55
2024-06-20,15.6,15.66,15.22,15.27
2024-06-21,15.2,15.74,15.13,15.7
2024-06-24,15.66,16.0,15.42,15.48
2024-06-25,15.34,15.48,15.04,15.18
2024-06-26,15.22,15.49,15.05,15.25
2024-06-27,15.17,15.33,14.84,15.18
2024-06-28,15.09,15.96,15.05,15.77
2024-07-01,15.95,15.99,15.58,15.91
2024-07-02,15.86,15.98,14.84,15.34
2024-07-03,15.3,15.4,15.1,15.25
2024-07-04,15.22,15.65,15.22,15.28
2024-07-05,15.21,15.46,14.81,15.4
2024-07-08,15.3,15.86,15.21,15.59
2024-07-09,15.57,16.5,15.55,16.44
2024-07-10,16.4,16.5,16.13,16.25
2024-07-11,16.4,16.47,16.03,16.33
2024-07-12,16.19,16.35,15.91,16.24
2024-07-15,16.23,16.23,15.92,16.03
2024-07-16,15.89,15.89,15.21,15.5
2024-07-17,15.48,15.48,15.05,15.09
2024-07-18,14.98,15.1,14.51,14.97
2024-07-19,14.91,15.36,14.86,15.05
2024-07-22,14.99,15.92,14.96,15.73
2024-07-23,15.74,15.74,15.15,15.4
2024-07-24,15.44,15.88,15.42,15.57
2024-07-25,15.44,15.99,15.21,15.89
2024-07-26,15.78,16.27,15.73,16.14
2024-07-29,16.2,16.43,15.44,15.5
2024-07-30,15.53,15.68,15.35,15.39
2024-07-31,15.39,15.67,15.05,15.55
2024-08-01,15.4,15.96,15.35,15.73
2024-08-02,15.6,15.72,15.28,15.4
2024-08-05,15.23,15.64,14.81,14.83
2024-08-06,14.99,15.17,14.12,14.3
2024-08-07,14.44,14.86,14.41,14.42
2024-08-08,14.51,14.57,14.08,14.24
2024-08-09,14.21,14.53,14.0,14.13
2024-08-12,14.11,14.25,13.88,13.96
2024-08-13,14.0,14.1,13.83,14.04
2024-08-14,14.04,14.07,13.51,13.58
2024-08-15,13.52,13.83,13.49,13.73
2024-08-16,13.8,14.02,13.67,13.69
2024-08-19,13.6,13.86,13.39,13.46
2024-08-20,13.48,13.51,13.2,13.34
2024-08-21,13.25,13.38,13.1,13.13
2024-08-22,13.2,13.25,12.86,12.9
2024-08-23,12.89,12.96,12.7,12.84
2024-08-26,12.87,12.9,12.57,12.63
2024-08-27,12.6,12.6,12.18,12.33
2024-08-28,12.3,12.9,12.22,12.89
2024-08-29,13.32,14.18,13.31,14.18
2024-08-30,14.18,14.34,13.86,14.14
2024-09-02,14.09,14.34,14.01,14.13
2024-09-03,14.12,14.65,14.08,14.56
2024-09-04,14.41,14.75,14.36,14.58
2024-09-05,14.65,14.69,14.39,14.49
2024-09-06,14.53,14.57,14.1,14.16
2024-09-09,14.2,14.49,14.13,14.37
2024-09-10,14.29,14.42,14.16,14.33
2024-09-11,14.27,14.96,14.22,14.77
2024-09-12,14.84,15.07,14.52,14.57
2024-09-13,14.66,15.05,14.58,14.67
2024-09-18,14.65,14.96,14.43,14.9
2024-09-19,14.96,14.99,14.72,14.8
2024-09-20,14.85,14.9,14.52,14.63
2024-09-23,14.68,14.83,14.36,14.43
2024-09-24,14.51,14.79,14.26,14.73
2024-09-25,14.75,15.21,14.6,14.67
2024-09-26,14.56,14.75,14.27,14.75
2024-09-27,14.95,15.57,14.95,15.56
2024-09-30,16.35,17.0,15.69,16.91
2024-10-08,18.6,18.6,17.01,18.0
2024-10-09,17.65,18.07,16.92,16.92
2024-10-10,17.0,17.78,16.84,17.15
2024-10-11,17.3,17.38,16.62,17.05
2024-10-14,17.04,17.44,16.89,17.33
2024-10-15,17.23,17.23,16.58,16.59
2024-10-16,16.39,16.62,16.19,16.36
2024-10-17,16.43,16.82,16.34,16.52
2024-10-18,16.41,17.37,16.38,17.07
2024-10-21,17.22,17.7,17.09,17.35
2024-10-22,17.55,18.12,17.25,17.94
2024-10-23,17.92,18.55,17.38,17.48
2024-10-24,17.3,17.86,17.22,17.64
2024-10-25,17.64,17.95,17.49,17.83
2024-10-28,18.05,18.07,17.39,17.87
2024-10-29,17.98,18.3,17.77,17.88
2024-10-30,17.88,18.37,17.74,17.91
2024-10-31,17.84,17.85,17.14,17.31
2024-11-01,17.24,17.4,16.94,17.03
2024-11-04,17.06,17.43,17.0,17.15
2024-11-05,17.15,18.1,16.95,17.91
2024-11-06,18.0,18.75,17.85,18.7
2024-11-07,18.71,18.91,18.42,18.9
2024-11-08,19.0,19.1,18.48,18.58
2024-11-11,18.55,19.17,18.15,19.17
2024-11-12,19.1,19.45,18.53,18.7
2024-11-13,18.58,18.77,18.34,18.65
2024-11-14,18.69,18.69,17.66,17.74
2024-11-15,17.86,17.89,17.4,17.42
2024-11-18,17.42,18.0,17.42,17.56
2024-11-19,17.54,17.8,17.21,17.61
2024-11-20,17.58,17.68,17.33,17.53
2024-11-21,17.54,17.63,17.12,17.28
2024-11-22,17.28,17.44,16.7,16.75
2024-11-25,16.76,17.04,16.51,16.75
2024-11-26,16.78,17.0,16.7,16.72
2024-11-27,16.72,17.45,16.67,17.45
2024-11-28,17.43,17.55,16.95,17.13
2024-11-29,17.26,17.73,17.09,17.66
2024-12-02,17.88,18.9,17.76,18.73
2024-12-03,18.6,18.96,18.43,18.6
2024-12-04,18.48,18.58,17.91,18.32
2024-12-05,18.24,18.29,17.83,18.1
2024-12-06,18.13,18.28,17.93,18.12
2024-12-09,18.1,18.11,17.74,17.96
2024-12-10,18.36,18.45,17.7,17.74
2024-12-11,17.8,18.02,17.62,17.73
2024-12-12,17.77,18.06,17.67,17.89
2024-12-13,17.73,18.4,17.71,18.03
2024-12-16,18.0,18.24,17.7,18.09
2024-12-17,18.1,18.68,18.02,18.25
2024-12-18,18.35,18.38,17.91,18.19
2024-12-19,17.99,18.54,17.87,18.48
2024-12-20,18.5,18.85,18.24,18.31
2024-12-23,18.19,18.45,18.12,18.18
2024-12-24,18.16,18.37,17.98,18.35
2024-12-25,18.28,18.35,17.83,17.93
2024-12-26,17.89,18.68,17.8,18.68
2024-12-27,18.6,18.62,17.87,17.97
2024-12-30,17.87,17.99,17.17,17.26
2024-12-31,17.39,17.65,17.06,17.22
2025-01-02,17.14,17.23,16.44,16.61
2025-01-03,16.69,16.95,16.3,16.32
2025-01-06,16.37,16.44,15.89,16.04
2025-01-07,16.12,16.29,15.78,16.25
2025-01-08,16.2,16.2,15.5,15.82
2025-01-09,15.65,15.92,15.52,15.64
2025-01-10,15.65,15.72,15.3,15.4
2025-01-13,15.3,15.48,15.05,15.18
2025-01-14,15.25,15.99,15.1,15.95
2025-01-15,15.95,15.95,15.49,15.58
2025-01-16,15.65,16.03,15.61,15.76
2025-01-17,15.8,16.34,15.77,16.19
2025-01-20,16.0,16.05,15.13,15.45
2025-01-21,15.63,16.0,15.42,15.83
2025-01-22,15.71,16.15,15.6,15.86
2025-01-23,16.07,16.24,15.7,15.71
2025-01-24,15.71,16.71,15.65,16.45
2025-01-27,16.42,16.44,15.65,15.65
2025-02-05,15.79,15.89,15.11,15.3
2025-02-06,15.3,15.63,15.08,15.52
2025-02-07,15.56,16.28,15.51,16.03
2025-02-10,16.03,16.1,15.9,16.02
2025-02-11,16.0,16.15,15.86,16.06
2025-02-12,16.03,16.15,15.9,16.15
2025-02-13,16.17,16.17,15.65,15.78
2025-02-14,15.71,16.22,15.69,16.0
2025-02-17,16.09,16.18,15.78,15.9
2025-02-18,15.9,15.94,15.4,15.46
2025-02-19,15.43,15.84,15.43,15.78
2025-02-20,15.84,15.85,15.51,15.67
2025-02-21,15.68,16.6,15.65,16.5
2025-02-24,16.6,16.99,16.36,16.85
2025-02-25,16.6,16.8,16.42,16.48
2025-02-26,16.6,16.8,16.43,16.7
2025-02-27,16.7,16.74,16.04,16.26
2025-02-28,16.15,16.17,15.55,15.56
2025-03-03,15.6,15.85,15.46,15.57
2025-03-04,15.47,15.72,15.41,15.72
2025-03-05,15.85,15.96,15.69,15.84
2025-03-06,15.95,16.38,15.87,16.3
2025-03-07,16.26,16.35,15.95,16.05
2025-03-10,16.0,16.04,15.71,15.87
2025-03-11,15.7,15.92,15.61,15.92
2025-03-12,16.01,16.24,15.9,16.08
2025-03-13,16.1,16.35,15.95,16.15
2025-03-14,16.34,17.12,16.34,16.9
2025-03-17,17.55,17.6,16.87,16.92
2025-03-18,16.86,17.43,16.8,16.94
2025-03-19,16.96,16.97,16.63,16.73
2025-03-20,16.7,17.25,16.6,17.04
2025-03-21,17.3,18.28,17.22,17.59
2025-03-24,17.94,18.05,17.19,18.0
2025-03-25,17.74,17.98,17.11,17.21
2025-03-26,17.09,17.46,17.01,17.03
2025-03-27,17.04,17.19,16.62,16.9
2025-03-28,16.86,17.4,16.82,17.13
2025-03-31,16.98,17.11,16.5,16.64
2025-04-01,16.75,16.8,16.45,16.46
2025-04-02,16.43,16.71,16.4,16.5
2025-04-03,16.34,16.49,15.94,16.09
2025-04-07,14.99,15.3,14.48,14.48
2025-04-08,14.35,14.72,14.29,14.59
2025-04-09,14.31,15.12,13.86,14.98
2025-04-10,15.35,15.51,15.17,15.27
2025-04-11,15.1,15.39,15.04,15.22
2025-04-14,15.44,15.55,15.29,15.36
2025-04-15,15.33,15.34,15.04,15.15
2025-04-16,15.05,15.1,14.7,14.89
2025-04-17,14.79,15.02,14.73,14.8
2025-04-18,14.75,15.2,14.71,15.1
2025-04-21,15.15,15.37,15.0,15.26
2025-04-22,15.28,15.34,15.17,15.24
2025-04-23,15.28,15.49,15.24,15.48
2025-04-24,15.46,15.46,15.15,15.25
2025-04-25,15.39,15.93,15.35,15.7
2025-04-28,15.7,15.79,15.51,15.57
2025-04-29,15.55,15.66,15.4,15.54
2025-04-30,15.61,15.62,15.4,15.41
2025-05-06,15.54,15.85,15.53,15.77
2025-05-07,15.95,15.99,15.68,15.77
2025-05-08,15.77,15.94,15.68,15.9
2025-05-09,15.88,15.88,15.57,15.69
2025-05-12,15.76,15.98,15.75,15.94
2025-05-13,16.15,16.17,15.8,15.85
2025-05-14,15.85,16.04,15.69,15.87
2025-05-15,15.82,15.83,15.37,15.39
2025-05-16,15.37,15.49,15.33,15.36
2025-05-19,15.35,15.36,15.14,15.29
2025-05-20,15.26,15.38,15.16,15.35
2025-05-21,15.3,15.37,15.15,15.18
2025-05-22,15.11,15.22,15.03,15.04
2025-05-23,15.04,15.16,14.84,14.88
2025-05-26,14.82,14.95,14.82,14.91
2025-05-27,14.9,14.96,14.78,14.92
2025-05-28,14.93,15.16,14.92,15.13
2025-05-29,15.1,15.36,15.08,15.31
2025-05-30,15.3,15.3,15.0,15.0
2025-06-03,15.01,15.18,14.94,15.03
2025-06-04,15.11,15.25,15.09,15.16
2025-06-05,15.15,15.29,15.08,15.25
2025-06-06,15.25,15.45,15.15,15.36
2025-06-09,15.36,15.46,15.27,15.39
2025-06-10,15.39,15.39,15.1,15.23
2025-06-11,15.25,15.41,15.2,15.37
2025-06-12,15.32,15.5,15.24,15.28
2025-06-13,15.21,15.28,14.84,14.87
2025-06-16,14.79,15.27,14.78,15.15
2025-06-17,15.19,15.2,14.96,15.0
2025-06-18,15.01,15.13,14.94,15.04
2025-06-19,15.02,15.11,14.8,14.82
2025-06-20,14.82,14.93,14.69,14.71
2025-06-23,14.7,14.81,14.61,14.76
2025-06-24,14.82,15.1,14.8,15.09
2025-06-25,15.09,15.27,15.03,15.24
2025-06-26,15.29,15.49,15.2,15.31
2025-06-27,15.22,15.25,15.09,15.14
2025-06-30,15.14,15.36,15.1,15.3
2025-07-01,15.25,15.28,15.15,15.25
2025-07-02,15.55,15.7,15.37,15.4
2025-07-03,15.37,15.89,15.37,15.78
2025-07-04,15.79,15.82,15.38,15.41
2025-07-07,15.38,15.41,15.14,15.18
2025-07-08,15.16,15.8,15.16,15.7
2025-07-09,15.66,15.71,15.42,15.45
2025-07-10,15.41,15.52,15.37,15.44
2025-07-11,15.4,15.55,15.36,15.4
2025-07-14,15.4,15.49,15.3,15.34
2025-07-15,15.38,15.61,15.33,15.48
2025-07-16,15.52,15.6,15.33,15.36
2025-07-17,15.35,16.03,15.33,15.81
2025-07-18,15.88,15.95,15.64,15.71
2025-07-21,15.79,15.9,15.73,15.87
2025-07-22,15.9,16.16,15.8,16.1
2025-07-23,16.15,16.16,15.8,15.85
2025-07-24,15.84,15.93,15.81,15.89
2025-07-25,16.1,16.15,15.74,15.79
2025-07-28,15.81,15.95,15.77,15.9
2025-07-29,15.85,16.05,15.72,16.05
2025-07-30,16.06,16.55,15.9,16.33
2025-07-31,16.25,16.55,15.86,15.93
2025-08-01,15.82,16.28,15.67,15.78
2025-08-04,15.7,15.93,15.59,15.8
2025-08-05,15.8,16.2,15.79,16.14
2025-08-06,16.27,16.34,16.1,16.2
2025-08-07,16.1,16.22,15.9,16.06
2025-08-08,16.06,17.27,16.03,16.97
2025-08-11,17.25,18.12,17.25,17.65
2025-08-12,17.55,17.95,17.5,17.9
2025-08-13,17.9,18.19,17.75,18.13
2025-08-14,18.25,18.31,17.48,17.56
2025-08-15,17.49,18.44,17.48,18.14
2025-08-18,18.2,18.24,17.89,18.02
2025-08-19,18.03,19.0,17.98,18.66
2025-08-20,18.46,18.54,18.12,18.48
2025-08-21,18.5,18.56,18.11,18.23
2025-08-22,18.25,18.86,18.18,18.73
2025-08-25,19.28,20.33,19.22,20.22
2025-08-26,19.75,19.8,19.35,19.36
2025-08-27,19.47,19.78,18.89,18.9
2025-08-28,18.88,20.79,18.88,20.51
2025-08-29,20.78,20.97,20.2,20.48
2025-09-01,20.8,21.15,20.37,20.71
2025-09-02,20.91,22.01,19.99,20.24
2025-09-03,20.46,21.46,20.01,20.9
2025-09-04,21.58,21.68,18.82,19.29
2025-09-05,19.29,20.17,19.29,20.1
2025-09-08,20.11,20.12,19.39,19.71
2025-09-09,19.68,20.18,19.32,19.8
2025-09-10,20.01,20.86,19.8,20.39
2025-09-11,20.45,21.09,20.03,20.95
2025-09-12,20.85,21.14,20.5,20.56
2025-09-15,20.57,20.63,20.01,20.08
2025-09-16,20.09,20.21,19.53,20.14
2025-09-17,20.08,20.28,19.8,20.2
2025-09-18,20.34,22.22,20.33,22.22
2025-09-19,23.2,23.85,22.69,22.9
2025-09-22,22.68,23.06,21.97,22.87
2025-09-23,23.1,23.3,21.56,22.04
2025-09-24,21.88,22.84,21.58,22.61
2025-09-25,22.62,23.0,22.1,22.93
2025-09-26,22.73,23.56,22.63,22.78
2025-09-29,22.7,23.5,22.66,23.13
2025-09-30,23.2,23.69,22.79,22.97
2025-10-09,22.99,24.48,22.98,24.11
2025-10-10,23.81,23.81,22.46,22.56
2025-10-13,21.1,22.29,21.1,22.15
2025-10-14,22.26,22.54,20.76,20.83
2025-10-15,20.97,21.79,20.84,21.75
2025-10-16,21.88,21.88,21.3,21.38
2025-10-17,21.79,21.87,20.32,20.4
2025-10-20,20.76,21.17,20.51,20.6
2025-10-21,20.77,21.14,20.7,20.99
2025-10-22,21.3,21.36,20.62,20.94
2025-10-23,20.71,21.06,20.22,21.04
2025-10-24,21.3,21.5,21.15,21.46
2025-10-27,21.75,22.46,21.73,21.89
2025-10-28,22.01,22.08,21.3,21.52
2025-10-29,21.68,22.74,21.6,22.48
2025-10-30,22.48,23.08,22.19,22.53
2025-10-31,22.6,23.1,22.3,22.36
2025-11-03,22.15,22.23,21.48,22.01
2025-11-04,22.03,22.03,20.9,21.12
2025-11-05,20.77,22.08,20.66,21.68
2025-11-06,21.71,22.5,21.7,22.23
2025-11-07,21.98,22.17,21.7,21.97
2025-11-10,22.02,22.29,21.23,21.36
2025-11-11,21.46,21.69,20.9,20.96
2025-11-12,20.97,21.07,20.37,20.57
2025-11-13,20.6,20.9,20.5,20.72
2025-11-14,20.52,20.64,20.3,20.3
2025-11-17,20.3,20.44,19.85,20.13
2025-11-18,20.0,20.28,19.94,20.01
2025-11-19,20.12,20.37,19.94,20.0
2025-11-20,20.21,20.28,19.56,19.64
2025-11-21,19.31,19.44,18.94,18.98
2025-11-24,19.09,19.26,18.91,19.08
2025-11-25,19.2,19.91,19.2,19.62
2025-11-26,19.53,20.17,19.49,19.98
2025-11-27,19.9,20.13,19.67,19.88
2025-11-28,19.8,19.87,19.56,19.78
2025-12-01,19.83,20.25,19.83,20.07
2025-12-02,20.0,20.01,19.76,19.84
2025-12-03,19.91,20.03,19.68,19.7
2025-12-04,19.63,19.92,19.5,19.82
2025-12-05,19.82,20.05,19.7,20.02
2025-12-08,20.05,20.64,20.05,20.38
2025-12-09,20.48,20.64,20.3,20.4
2025-12-10,20.35,20.8,20.28,20.75
2025-12-11,20.79,21.09,20.47,20.59
2025-12-12,20.63,21.1,20.42,20.92
2025-12-15,20.74,20.8,20.4,20.42
2025-12-16,20.32,20.38,19.71,19.91
2025-12-17,19.88,21.9,19.88,21.67
2025-12-18,21.8,22.95,21.77,22.6
2025-12-19,22.58,24.29,22.5,23.76
2025-12-22,24.4,26.14,24.25,26.14
2025-12-23,25.92,26.68,25.56,26.21
2025-12-24,26.19,27.08,26.19,26.93
2025-12-25,26.73,26.91,25.43,25.5
2025-12-26,25.4,25.92,25.01,25.45
2025-12-29,25.45,25.75,24.7,24.95
2025-12-30,24.81,25.0,24.38,24.46
2025-12-31,24.55,25.39,24.31,24.73
2026-01-05,24.96,24.96,24.51,24.8
2026-01-06,24.8,24.8,24.2,24.59
2026-01-07,24.63,25.38,24.53,24.92
2026-01-08,24.93,24.99,24.35,24.58
2026-01-09,24.48,24.91,24.15,24.59
2026-01-12,24.59,25.1,24.28,25.04
2026-01-13,25.11,25.11,23.78,24.05
2026-01-14,24.04,25.33,24.04,24.95
2026-01-15,24.8,25.1,24.4,24.91
2026-01-16,25.29,26.0,25.17,25.63
2026-01-19,26.91,28.14,26.91,27.08
2026-01-20,27.4,28.2,27.08,27.78
2026-01-21,27.27,29.17,27.27,27.97
2026-01-22,27.72,28.2,26.58,26.99
2026-01-23,27.7,29.36,27.67,28.41
2026-01-26,29.0,31.25,29.0,31.01
2026-01-27,30.7,31.93,30.08,31.86
2026-01-28,33.99,35.0,33.14,33.62
2026-01-29,33.0,33.47,31.5,31.83
2026-01-30,32.0,35.01,32.0,35.01
2026-02-02,35.72,37.16,33.8,34.85
2026-02-03,35.5,37.8,35.16,36.28
2026-02-04,36.4,38.02,36.34,37.35
2026-02-05,35.81,36.24,34.2,34.73
2026-02-06,34.17,37.8,34.17,36.7
2026-02-09,38.07,39.15,35.63,38.69
2026-02-10,39.0,41.88,38.76,41.51
2026-02-11,39.7,43.55,39.7,41.1
2026-02-12,41.1,42.05,40.4,41.85
2026-02-13,40.97,41.2,38.38,38.5
2026-02-24,40.86,42.35,40.41,42.23
2026-02-25,42.23,42.76,39.15,40.3
2026-02-26,41.22,44.33,41.2,44.33
2026-02-27,42.24,47.6,42.24,47.5
2026-03-02,46.0,52.19,46.0,49.6
2026-03-03,50.07,50.96,47.3,47.52
2026-03-04,46.9,48.95,45.99,48.38
2026-03-05,48.9,51.88,48.04,50.9
2026-03-06,49.37,50.29,47.33,48.43
2026-03-09,45.81,46.16,43.59,45.72
2026-03-10,46.72,50.2,46.72,49.99
2026-03-11,51.0,54.3,50.63,50.8
2026-03-12,49.9,54.3,49.9,51.42
2026-03-13,51.05,53.0,49.45,49.68
2026-03-16,49.28,50.2,46.67,47.23
2026-03-17,47.89,48.29,43.09,43.22
2026-03-18,43.1,44.65,42.42,44.51
2026-03-19,42.88,44.4,42.87,43.11
2026-03-20,44.5,45.4,42.89,42.98
2026-03-23,42.03,42.97,40.92,41.36
2026-03-24,42.8,44.4,41.6,44.37
2026-03-25,46.08,48.6,46.0,48.17
2026-03-26,47.81,49.88,47.17,47.88
2026-03-27,46.88,50.21,46.52,48.95
2026-03-30,48.1,53.85,48.1,53.85
2026-03-31,53.31,54.66,51.34,52.66
2026-04-01,54.66,54.7,50.58,51.96
2026-04-02,52.03,55.8,52.03,53.39
2026-04-03,54.45,58.73,54.01,58.05
2026-04-07,58.35,61.5,58.0,58.7
2026-04-08,60.8,60.87,56.55,58.56
2026-04-09,57.21,60.8,56.11,59.54
2026-04-10,59.21,59.21,55.71,55.98
2026-04-13,55.0,55.95,53.1,53.49
2026-04-14,53.51,54.41,52.15,52.67
2026-04-15,52.86,53.99,51.73,52.13
2026-04-16,51.81,53.44,50.89,53.14
2026-04-17,52.59,56.1,52.59,55.65
2026-04-20,58.35,60.99,57.5,60.89
2026-04-21,59.5,60.4,57.27,59.8
2026-04-22,59.7,65.78,59.55,65.78
2026-04-23,66.77,70.3,66.03,69.52
2026-04-24,68.0,71.3,66.55,69.54
2026-04-27,69.54,74.49,68.9,71.38
2026-04-28,70.0,71.6,67.68,68.29
2026-04-29,67.0,68.2,65.35,67.38
2026-04-30,67.7,68.0,63.3,65.7
2026-05-06,67.5,72.27,67.5,71.8
2026-05-07,74.55,76.63,71.8,75.96
2026-05-08,74.25,79.49,74.25,77.27
2026-05-11,79.3,79.9,73.83,74.99
2026-05-12,75.5,78.5,74.66,75.1
2026-05-13,73.34,77.0,73.33,75.43
2026-05-14,76.88,77.2,73.68,74.0
2026-05-15,73.98,74.51,67.97,69.8
2026-05-18,69.01,72.95,69.01,71.8
2026-05-19,70.4,76.11,66.52,75.47
2026-05-20,74.7,78.13,74.0,75.78
2026-05-21,75.99,76.0,69.38,69.9
2026-05-22,70.66,73.3,69.69,73.05
2026-05-25,73.1,73.74,69.67,73.41
2026-05-26,72.01,72.08,67.67,69.41
2026-05-27,68.64,71.6,68.02,68.69
2026-05-28,67.5,70.98,65.62,70.48
2026-05-29,70.49,77.53,69.48,77.12
2026-06-01,75.24,80.81,73.4,75.56
2026-06-02,74.61,83.12,74.61,83.12
2026-06-03,90.0,91.43,88.12,91.43
2026-06-04,93.0,98.99,92.4,97.87
2026-06-05,96.0,102.96,95.0,96.12
2026-06-08,92.55,102.33,92.55,95.47
2026-06-09,99.77,105.02,97.7,105.02
2026-06-10,106.0,109.99,104.42,106.88
2026-06-11,105.1,108.0,98.0,102.4
2026-06-12,105.08,105.49,97.0,97.0
2026-06-15,98.94,99.92,92.88,99.28
2026-06-16,98.21,108.66,98.18,107.5
2026-06-17,104.11,111.41,104.0,111.0
2026-06-18,111.03,116.66,108.78,111.01
2026-06-22,115.2,121.99,115.17,120.13
2026-06-23,121.2,125.16,115.64,117.31
2026-06-24,114.96,120.55,113.66,119.02
2026-06-25,122.0,124.77,117.15,123.0
2026-06-26,119.5,120.0,110.7,110.81
2026-06-29,108.92,112.12,102.0,108.04
2026-06-30,112.0,113.44,107.8,109.34
2026-07-01,107.61,109.55,100.0,101.93
2026-07-02,96.8,98.9,91.93,93.84
2026-07-03,93.0,95.0,89.22,89.42
2026-07-06,91.5,92.63,82.61,84.6
2026-07-07,84.6,85.24,78.55,80.89
2026-07-08,81.78,82.5,76.7,76.96
2026-07-09,78.18,80.58,74.0,80.06
2026-07-10,80.8,86.39,77.39,77.79
2026-07-13,75.08,76.33,70.01,70.01
2026-07-14,69.0,74.39,68.2,74.38
2026-07-15,75.88,77.0,70.4,71.05
2026-07-16,68.5,69.82,63.95,64.85
2026-07-17,64.08,65.2,58.37,58.39
2026-07-20,60.39,60.89,54.52,56.56
2026-07-21,57.0,60.26,50.9,59.96
2026-07-22,57.61,59.38,55.05,55.12
2026-07-23,56.11,58.18,55.0,55.67
2026-07-24,55.0,55.66,52.3,52.43
2026-07-27,52.87,55.83,51.32,55.55
2026-07-28,53.4,54.72,50.0,50.01
2026-07-29,50.01,51.0,47.27,49.75
2026-07-30,49.7,50.5,45.6,47.2
2026-07-31,50.5,51.26,47.58,47.61
2026-08-03,47.33,48.5,46.33,47.37
2026-08-04,48.5,50.86,48.2,50.27
2026-08-05,48.15,55.3,48.08,54.41
2026-08-06,53.87,57.18,53.68,56.15
2026-08-07,56.1,60.29,55.8,59.52
2026-08-10,60.99,61.75,57.2,59.62
2026-08-11,57.99,59.27,56.36,57.62
2026-08-12,58.23,59.88,57.15,59.3
2026-08-13,60.14,60.8,57.21,57.25
2026-08-14,58.1,62.98,57.25,62.98
2026-08-17,63.8,65.5,63.2,65.06
2026-08-18,65.07,67.56,64.53,65.41
2026-08-19,62.01,63.27,58.87,58.91
2026-08-20,59.8,62.37,58.08,62.02
2026-08-21,60.89,63.3,59.48,62.18
2026-08-24,62.2,62.23,59.3,60.43
2026-08-25,58.2,66.37,57.0,64.6
2026-08-26,64.7,65.8,63.5,64.83
2026-08-27,66.18,71.31,66.13,71.3
2026-08-28,71.0,72.21,68.67,68.7
2026-08-31,66.0,68.2,65.66,67.38
2026-09-01,67.67,69.0,65.07,67.34
2026-09-02,65.39,68.77,64.19,66.9
2026-09-03,67.77,67.96,64.6,65.29
2026-09-04,65.7,66.49,61.22,62.22
2026-09-07,62.99,64.64,62.22,64.0
2026-09-08,63.9,65.5,62.66,63.11
2026-09-09,64.51,67.5,64.5,66.62
2026-09-10,65.01,65.68,63.8,63.91
2026-09-11,62.0,65.8,61.8,65.24
2026-09-14,63.01,64.93,62.22,63.2
2026-09-15,63.2,63.2,63.2,63.2
