date,open,high,low,close
2002-10-24,12.05,12.46,11.88,12.09
2002-10-25,12.0,12.36,11.95,12.22
2002-10-28,12.23,12.35,11.66,11.82
2002-10-29,11.69,12.0,11.5,11.89
2002-10-30,11.88,12.23,11.75,12.07
2002-10-31,12.0,12.18,11.77,11.81
2002-11-01,11.78,11.89,11.6,11.78
2002-11-04,11.88,12.8,11.79,12.72
2002-11-05,12.7,13.52,12.6,12.93
2002-11-06,12.85,13.2,12.8,12.89
2002-11-07,12.87,13.11,12.78,12.98
2002-11-08,13.2,13.29,12.3,12.42
2002-11-11,12.5,12.76,12.35,12.5
2002-11-12,12.65,12.77,12.12,12.3
2002-11-13,12.3,12.7,12.11,12.65
2002-11-14,12.65,12.93,12.3,12.41
2002-11-15,12.3,12.85,12.25,12.63
2002-11-18,12.6,12.73,12.39,12.6
2002-11-19,12.59,13.15,12.42,12.98
2002-11-20,12.9,12.9,12.55,12.64
2002-11-21,12.6,13.08,12.48,12.89
2002-11-22,12.98,13.42,12.65,12.83
2002-11-25,12.75,12.78,12.32,12.4
2002-11-27,11.6,11.87,11.16,11.48
2002-11-28,11.38,12.19,11.21,12.14
2002-11-29,12.1,12.44,11.89,12.13
2002-12-02,12.0,12.04,11.52,11.55
2002-12-03,11.5,11.73,11.48,11.71
2002-12-04,11.77,12.15,11.61,11.76
2002-12-05,11.7,11.83,11.51,11.72
2002-12-06,11.77,11.89,11.6,11.69
2002-12-09,11.63,11.77,11.39,11.5
2002-12-10,11.4,11.59,11.24,11.25
2002-12-11,11.2,11.46,11.17,11.45
2002-12-12,11.4,11.7,11.38,11.45
2002-12-13,11.3,11.62,11.2,11.53
2002-12-16,11.68,11.68,11.5,11.61
2002-12-17,11.56,11.69,11.52,11.62
2002-12-18,11.62,11.84,11.5,11.57
2002-12-19,11.55,11.63,11.41,11.49
2002-12-20,11.49,11.74,11.42,11.65
2002-12-23,11.65,11.78,11.58,11.6
2002-12-24,11.6,11.8,11.57,11.8
2002-12-25,11.8,11.87,11.64,11.66
2002-12-26,11.61,11.61,11.2,11.21
2002-12-27,11.18,11.4,11.15,11.22
2002-12-30,11.22,11.28,10.5,10.61
2002-12-31,10.51,10.71,10.1,10.19
2003-01-02,10.19,10.32,9.88,9.93
2003-01-03,9.9,10.12,9.9,10.02
2003-01-06,10.02,10.22,9.9,10.17
2003-01-07,10.18,10.59,10.08,10.24
2003-01-08,10.22,10.66,10.18,10.6
2003-01-09,10.65,10.98,10.51,10.84
2003-01-10,10.84,10.95,10.57,10.58
2003-01-13,10.52,10.7,10.48,10.6
2003-01-14,10.6,11.6,10.55,11.35
2003-01-15,11.31,11.8,11.21,11.29
2003-01-16,11.3,12.28,11.3,11.9
2003-01-17,11.9,11.98,11.7,11.86
2003-01-20,11.82,11.84,11.58,11.77
2003-01-21,11.81,11.96,11.36,11.38
2003-01-22,11.28,11.5,11.25,11.46
2003-01-23,11.28,11.64,11.18,11.21
2003-01-24,11.22,11.59,11.21,11.53
2003-01-27,11.59,11.86,11.56,11.73
2003-01-28,11.74,11.83,11.69,11.8
2003-01-29,11.8,11.93,11.72,11.76
2003-02-10,11.78,11.78,11.35,11.41
2003-02-11,11.38,11.54,11.34,11.54
2003-02-12,11.54,11.74,11.38,11.73
2003-02-13,11.74,12.1,11.66,11.76
2003-02-14,11.7,11.9,11.66,11.75
2003-02-17,11.75,11.9,11.54,11.69
2003-02-18,11.68,11.75,11.5,11.69
2003-02-19,11.6,11.81,11.54,11.8
2003-02-20,11.82,11.98,11.72,11.82
2003-02-21,11.78,11.82,11.48,11.51
2003-02-24,11.5,11.71,11.48,11.6
2003-02-25,11.6,11.95,11.6,11.95
2003-02-27,12.03,12.15,11.62,11.68
2003-02-28,11.68,11.95,11.68,11.9
2003-03-03,11.93,12.25,11.93,12.2
2003-03-04,12.2,12.23,12.0,12.14
2003-03-05,12.14,12.14,11.86,11.99
2003-03-06,11.99,11.99,11.7,11.74
2003-03-07,11.7,11.83,11.65,11.67
2003-03-10,11.7,11.75,11.44,11.45
2003-03-11,11.48,11.55,11.38,11.45
2003-03-12,11.4,11.57,11.38,11.56
2003-03-13,11.57,11.58,11.28,11.28
2003-03-14,11.35,11.38,11.2,11.24
2003-03-17,11.18,11.25,10.98,11.14
2003-03-18,11.21,11.36,11.03,11.04
2003-03-19,11.02,11.2,10.95,11.09
2003-03-20,11.1,11.16,10.96,10.99
2003-03-21,10.92,11.17,10.92,11.15
2003-03-24,11.23,11.23,11.09,11.14
2003-03-25,11.14,11.14,10.88,10.89
2003-03-26,10.85,10.9,10.63,10.64
2003-03-27,10.6,11.25,10.38,11.15
2003-03-28,11.15,11.19,10.81,10.89
2003-03-31,10.87,10.95,10.71,10.94
2003-04-01,10.94,11.2,10.91,11.13
2003-04-02,11.1,11.17,11.04,11.07
2003-04-03,11.1,11.16,10.97,10.98
2003-04-04,10.97,11.09,10.9,10.92
2003-04-07,11.29,11.29,10.78,10.8
2003-04-08,10.75,11.04,10.74,10.8
2003-04-09,10.85,10.85,10.5,10.81
2003-04-10,10.8,11.05,10.57,10.94
2003-04-11,10.92,11.0,10.7,10.92
2003-04-14,10.95,11.44,10.95,11.34
2003-04-15,11.35,11.55,11.25,11.54
2003-04-16,11.56,11.72,11.12,11.17
2003-04-17,11.15,11.7,11.11,11.48
2003-04-18,11.53,11.68,11.25,11.28
2003-04-21,11.22,11.22,10.84,10.93
2003-04-22,11.03,11.08,10.8,10.8
2003-04-23,10.8,10.9,10.6,10.63
2003-04-24,10.63,10.78,10.3,10.38
2003-04-25,10.38,10.5,10.0,10.07
2003-04-28,10.0,10.09,9.09,9.61
2003-04-29,9.6,9.6,9.1,9.17
2003-05-12,9.15,9.26,8.52,8.65
2003-05-13,8.53,9.15,8.53,9.12
2003-05-14,9.02,9.35,8.89,9.28
2003-05-15,9.18,9.97,9.01,9.77
2003-05-16,9.75,9.75,9.41,9.53
2003-05-19,9.6,9.9,9.57,9.7
2003-05-20,9.75,9.75,9.35,9.42
2003-05-21,9.42,9.63,9.4,9.43
2003-05-22,9.45,9.5,9.28,9.48
2003-05-23,9.55,9.78,9.4,9.59
2003-05-26,9.68,9.82,9.61,9.65
2003-05-27,9.69,9.98,9.6,9.85
2003-05-28,9.83,9.95,9.7,9.72
2003-05-29,9.78,10.15,9.73,10.14
2003-05-30,10.35,10.64,10.3,10.32
2003-06-02,10.28,10.3,10.05,10.18
2003-06-03,10.2,10.27,10.0,10.03
2003-06-04,10.0,10.08,9.68,9.94
2003-06-05,9.94,9.94,9.69,9.7
2003-06-06,9.6,9.88,9.6,9.67
2003-06-09,9.5,9.59,9.25,9.27
2003-06-10,9.29,9.4,9.28,9.31
2003-06-11,9.32,9.53,9.32,9.49
2003-06-12,9.51,9.73,9.51,9.59
2003-06-13,9.6,9.76,9.48,9.65
2003-06-16,9.65,9.73,9.5,9.56
2003-06-17,9.61,9.69,9.5,9.57
2003-06-18,9.68,9.89,9.6,9.72
2003-06-19,9.71,9.8,9.52,9.56
2003-06-20,9.55,9.63,9.45,9.48
2003-06-23,9.48,9.48,9.24,9.25
2003-06-24,9.2,9.39,9.2,9.27
2003-06-25,9.28,9.34,8.94,8.96
2003-06-26,8.96,9.28,8.88,9.19
2003-06-27,9.18,9.18,8.91,8.91
2003-06-30,8.8,8.98,8.77,8.81
2003-07-01,8.81,8.97,8.78,8.79
2003-07-02,8.79,8.9,8.73,8.9
2003-07-03,8.92,9.06,8.85,9.0
2003-07-04,9.05,9.09,8.92,8.97
2003-07-07,9.05,9.13,8.86,9.13
2003-07-08,9.13,9.24,9.09,9.22
2003-07-09,9.23,9.23,9.11,9.12
2003-07-10,9.09,9.3,9.09,9.29
2003-07-11,9.19,9.36,9.19,9.34
2003-07-14,9.5,9.56,9.38,9.4
2003-07-15,9.36,9.41,9.2,9.24
2003-07-16,9.24,9.24,9.06,9.11
2003-07-17,9.08,9.27,9.08,9.17
2003-07-18,8.51,8.81,8.25,8.28
2003-07-21,8.11,8.15,7.84,7.97
2003-07-22,8.0,8.09,7.9,8.05
2003-07-23,8.08,8.11,7.96,8.1
2003-07-24,8.08,8.15,7.97,8.0
2003-07-25,7.96,8.26,7.85,8.13
2003-07-28,8.1,8.18,8.06,8.11
2003-07-29,8.12,8.19,8.08,8.09
2003-07-30,8.1,8.1,7.86,7.93
2003-07-31,7.99,8.05,7.93,7.95
2003-08-01,7.95,8.19,7.85,8.15
2003-08-04,8.13,8.29,8.06,8.27
2003-08-05,8.25,8.3,8.15,8.16
2003-08-06,8.13,8.18,8.07,8.09
2003-08-07,8.06,8.14,8.0,8.02
2003-08-08,8.01,8.03,7.88,7.94
2003-08-11,7.94,8.0,7.92,8.0
2003-08-12,8.0,8.24,8.0,8.13
2003-08-13,8.1,8.11,8.0,8.04
2003-08-14,8.09,8.24,7.95,8.07
2003-08-15,8.11,8.27,8.11,8.2
2003-08-18,8.2,8.24,8.09,8.14
2003-08-19,8.16,8.24,8.13,8.16
2003-08-20,8.12,8.23,8.03,8.1
2003-08-21,8.1,8.1,8.0,8.04
2003-08-22,8.0,8.08,7.92,7.94
2003-08-25,7.85,7.9,7.56,7.62
2003-08-26,7.6,7.66,7.51,7.58
2003-08-27,7.58,7.65,7.54,7.55
2003-08-28,7.62,7.73,7.45,7.45
2003-08-29,7.41,7.44,7.3,7.42
2003-09-01,7.42,7.78,7.42,7.74
2003-09-02,7.75,7.95,7.7,7.78
2003-09-03,7.8,7.82,7.62,7.73
2003-09-04,7.78,7.78,7.68,7.72
2003-09-05,7.72,7.72,7.5,7.52
2003-09-08,7.51,7.51,7.4,7.42
2003-09-09,7.43,7.52,7.4,7.45
2003-09-10,7.45,7.5,7.4,7.47
2003-09-11,7.5,7.5,7.42,7.43
2003-09-12,7.5,7.5,7.31,7.39
2003-09-15,7.49,7.75,7.44,7.5
2003-09-16,7.52,7.74,7.46,7.71
2003-09-17,7.73,7.75,7.41,7.47
2003-09-18,7.39,7.53,7.39,7.48
2003-09-19,7.45,7.52,7.4,7.44
2003-09-22,7.5,7.63,7.45,7.55
2003-09-23,7.55,7.64,7.47,7.63
2003-09-24,7.62,7.67,7.52,7.64
2003-09-25,7.61,7.62,7.45,7.45
2003-09-26,7.4,7.48,7.33,7.38
2003-09-29,7.38,7.38,7.05,7.08
2003-09-30,7.06,7.15,6.94,7.1
2003-10-08,7.08,7.1,7.01,7.06
2003-10-09,7.06,7.21,7.05,7.11
2003-10-10,7.06,7.3,7.05,7.28
2003-10-13,7.28,7.36,7.18,7.19
2003-10-14,7.01,7.02,6.71,6.72
2003-10-15,6.69,6.78,6.52,6.56
2003-10-16,6.53,6.64,6.47,6.51
2003-10-17,6.46,6.63,6.45,6.5
2003-10-20,6.5,6.55,6.3,6.33
2003-10-21,6.33,6.38,6.25,6.35
2003-10-22,6.35,6.6,6.3,6.52
2003-10-23,6.52,6.64,6.41,6.42
2003-10-24,6.43,6.46,6.16,6.18
2003-10-27,6.3,6.3,5.92,5.97
2003-10-28,5.91,6.06,5.85,5.91
2003-10-29,5.9,6.05,5.61,5.71
2003-10-30,5.71,5.82,5.58,5.59
2003-10-31,5.51,5.85,5.51,5.71
2003-11-03,5.69,5.83,5.66,5.82
2003-11-04,5.8,5.96,5.73,5.88
2003-11-05,5.9,5.9,5.65,5.68
2003-11-06,5.65,5.68,5.26,5.36
2003-11-07,5.33,5.55,5.18,5.43
2003-11-10,5.4,5.43,5.26,5.37
2003-11-11,5.37,5.45,5.3,5.41
2003-11-12,5.39,5.54,5.3,5.46
2003-11-13,5.38,5.79,5.35,5.61
2003-11-14,5.55,5.71,5.5,5.64
2003-11-17,5.6,5.67,5.53,5.58
2003-11-18,5.54,5.6,5.4,5.42
2003-11-19,5.42,5.88,5.38,5.77
2003-11-20,5.76,6.35,5.7,6.35
2003-11-21,6.56,6.85,6.21,6.36
2003-11-24,6.31,6.55,6.16,6.47
2003-11-25,6.5,6.61,6.3,6.39
2003-11-26,6.36,6.45,6.24,6.4
2003-11-27,6.38,6.39,6.13,6.14
2003-11-28,6.09,6.29,6.09,6.18
2003-12-01,6.2,6.49,6.2,6.45
2003-12-02,6.53,6.55,6.39,6.4
2003-12-03,6.38,6.52,6.25,6.44
2003-12-04,6.39,6.48,6.2,6.35
2003-12-08,6.3,6.4,6.2,6.23
2003-12-09,6.22,6.35,6.2,6.31
2003-12-10,6.35,6.94,6.3,6.94
2003-12-11,7.18,7.58,7.01,7.07
2003-12-12,6.98,7.0,6.73,6.78
2003-12-15,6.74,6.86,6.68,6.72
2003-12-16,6.7,6.73,6.48,6.67
2003-12-17,6.61,6.71,6.48,6.49
2003-12-18,6.45,6.54,6.15,6.25
2003-12-19,6.25,6.35,5.63,5.7
2003-12-22,5.65,6.15,5.4,6.11
2003-12-23,6.02,6.24,5.98,6.09
2003-12-24,6.01,6.07,5.87,5.97
2003-12-25,5.98,6.13,5.86,6.07
2003-12-26,6.07,6.16,6.04,6.11
2003-12-29,6.05,6.05,5.86,5.9
2003-12-30,5.88,5.95,5.86,5.87
2003-12-31,5.87,5.88,5.65,5.72
2004-01-02,5.7,5.88,5.66,5.75
2004-01-05,5.74,5.91,5.7,5.9
2004-01-06,5.9,5.92,5.69,5.8
2004-01-07,5.81,6.08,5.74,6.06
2004-01-08,6.06,6.47,6.0,6.31
2004-01-09,6.32,6.39,6.1,6.11
2004-01-12,6.1,6.16,5.95,6.12
2004-01-13,6.12,6.3,6.01,6.27
2004-01-14,6.25,6.25,6.06,6.15
2004-01-15,6.1,6.27,6.07,6.15
2004-01-16,6.15,6.48,6.15,6.34
2004-01-29,6.36,6.75,6.35,6.74
2004-01-30,6.75,6.81,6.48,6.49
2004-02-02,6.55,6.99,6.5,6.95
2004-02-03,6.96,6.99,6.82,6.98
2004-02-04,6.98,7.13,6.93,7.12
2004-02-05,7.12,7.13,6.93,7.08
2004-02-06,7.08,7.08,6.78,6.79
2004-02-09,6.76,7.03,6.76,6.99
2004-02-10,6.99,7.24,6.95,7.23
2004-02-11,7.28,7.68,7.28,7.43
2004-02-12,7.45,7.62,7.36,7.52
2004-02-13,7.55,7.56,7.27,7.3
2004-02-16,7.31,7.65,7.31,7.64
2004-02-17,7.66,7.94,7.66,7.83
2004-02-18,7.85,7.9,7.7,7.78
2004-02-19,7.78,7.97,7.6,7.95
2004-02-20,7.92,7.96,7.74,7.88
2004-02-23,7.88,8.05,7.62,7.64
2004-02-24,7.6,7.6,7.28,7.37
2004-02-25,7.38,7.55,7.02,7.09
2004-02-26,7.09,7.19,7.02,7.18
2004-02-27,7.18,7.25,7.07,7.24
2004-03-01,7.25,7.34,7.15,7.33
2004-03-02,7.33,7.33,7.2,7.27
2004-03-03,7.26,7.26,6.96,6.99
2004-03-04,6.96,7.12,6.88,7.1
2004-03-05,7.1,7.18,7.02,7.03
2004-03-08,7.02,7.03,6.73,6.75
2004-03-09,6.75,6.82,6.59,6.6
2004-03-10,6.62,6.86,6.55,6.84
2004-03-11,6.82,6.94,6.78,6.88
2004-03-12,6.88,6.94,6.83,6.89
2004-03-15,6.85,7.16,6.83,7.09
2004-03-16,7.1,7.11,6.98,7.08
2004-03-17,7.08,7.08,6.93,7.02
2004-03-18,7.03,7.13,6.85,6.86
2004-03-19,6.85,7.0,6.8,6.96
2004-03-22,6.99,7.12,6.93,7.11
2004-03-23,7.12,7.13,6.96,7.04
2004-03-24,7.12,7.3,7.04,7.26
2004-03-25,7.22,7.28,7.08,7.21
2004-03-26,7.26,7.38,7.15,7.33
2004-03-29,7.35,7.37,7.1,7.15
2004-03-30,7.17,7.41,7.13,7.38
2004-03-31,7.32,7.43,7.27,7.4
2004-04-01,7.45,7.45,7.35,7.39
2004-04-02,7.43,7.49,7.33,7.42
2004-04-05,7.6,8.16,7.6,8.03
2004-04-06,7.98,7.98,7.75,7.86
2004-04-07,7.85,7.88,7.73,7.8
2004-04-08,7.8,7.86,7.75,7.8
2004-04-09,7.81,7.96,7.35,7.44
2004-04-12,7.4,7.53,7.3,7.45
2004-04-13,7.44,7.66,7.36,7.41
2004-04-14,7.39,7.42,7.08,7.2
2004-04-15,7.21,7.25,6.91,6.93
2004-04-16,6.9,7.07,6.76,7.05
2004-04-19,7.05,7.08,6.88,6.94
2004-04-20,6.91,7.0,6.8,6.94
2004-04-21,6.94,7.17,6.92,6.99
2004-04-22,6.96,7.15,6.96,7.14
2004-04-23,7.15,7.15,6.8,6.83
2004-04-26,6.84,6.96,6.67,6.73
2004-04-27,6.74,6.78,6.34,6.35
2004-04-28,6.32,6.58,6.25,6.49
2004-04-29,6.49,6.6,6.44,6.45
2004-04-30,6.46,6.69,6.42,6.54
2004-05-10,6.5,6.55,6.34,6.37
2004-05-11,6.28,6.53,6.28,6.46
2004-05-12,6.49,6.69,6.44,6.69
2004-05-13,6.7,6.7,6.56,6.68
2004-05-14,6.63,6.64,6.45,6.46
2004-05-17,6.47,6.73,6.44,6.65
2004-05-18,6.6,6.85,6.6,6.82
2004-05-19,6.82,6.97,6.74,6.79
2004-05-20,6.85,6.87,6.72,6.77
2004-05-21,6.75,6.89,6.75,6.87
2004-05-24,6.87,6.92,6.65,6.68
2004-05-25,6.65,6.65,6.41,6.42
2004-05-26,6.42,6.62,6.38,6.54
2004-05-27,6.54,6.76,6.46,6.72
2004-05-28,6.7,6.78,6.58,6.59
2004-05-31,6.58,6.7,6.56,6.68
2004-06-01,6.78,6.92,6.7,6.91
2004-06-02,6.92,6.94,6.82,6.87
2004-06-03,6.87,6.89,6.65,6.66
2004-06-04,6.63,6.92,6.58,6.78
2004-06-07,6.82,6.82,6.62,6.65
2004-06-09,6.58,6.63,6.3,6.32
2004-06-10,6.29,6.39,6.16,6.22
2004-06-11,6.25,6.44,6.22,6.22
2004-06-14,6.22,6.3,5.96,6.02
2004-06-15,6.0,6.18,5.98,6.17
2004-06-16,6.15,6.26,6.05,6.17
2004-06-17,6.17,6.26,6.03,6.07
2004-06-18,6.05,6.19,6.04,6.1
2004-06-21,6.07,6.26,6.07,6.26
2004-06-22,6.29,6.6,6.28,6.39
2004-06-23,6.35,6.43,6.25,6.34
2004-06-24,6.34,6.5,6.34,6.37
2004-06-25,6.37,6.43,6.04,6.09
2004-06-28,6.09,6.19,5.96,5.96
2004-06-29,5.96,6.1,5.8,6.03
2004-06-30,6.01,6.07,5.81,5.84
2004-07-01,5.84,6.08,5.84,6.07
2004-07-02,6.08,6.08,5.95,5.98
2004-07-05,6.03,6.03,5.94,5.99
2004-07-06,6.05,6.13,6.01,6.05
2004-07-07,6.03,6.05,5.9,5.96
2004-07-08,5.97,6.03,5.94,6.01
2004-07-09,6.01,6.07,5.97,6.01
2004-07-12,6.04,6.2,6.03,6.13
2004-07-13,6.1,6.1,5.71,5.86
2004-07-14,5.85,5.85,5.45,5.6
2004-07-15,5.62,5.77,5.55,5.68
2004-07-16,5.69,5.89,5.67,5.88
2004-07-19,5.9,5.94,5.83,5.84
2004-07-20,5.8,5.83,5.67,5.7
2004-07-21,5.75,5.79,5.69,5.78
2004-07-22,5.75,5.91,5.74,5.79
2004-07-23,5.86,6.3,5.83,6.08
2004-07-26,6.0,6.14,5.92,6.08
2004-07-27,6.08,6.18,6.0,6.12
2004-07-28,6.04,6.2,6.04,6.16
2004-07-29,6.19,6.24,6.11,6.23
2004-07-30,6.23,6.23,6.01,6.03
2004-08-02,5.96,6.0,5.81,5.89
2004-08-03,5.93,5.95,5.8,5.9
2004-08-04,5.9,6.15,5.88,6.08
2004-08-05,6.08,6.1,5.93,5.94
2004-08-06,5.96,5.96,5.78,5.81
2004-08-09,5.81,5.9,5.79,5.88
2004-08-10,5.88,5.9,5.81,5.9
2004-08-11,5.9,5.9,5.75,5.77
2004-08-12,5.72,5.73,5.55,5.6
2004-08-13,5.69,5.69,5.47,5.55
2004-08-16,5.7,5.83,5.62,5.76
2004-08-17,5.76,5.78,5.62,5.7
2004-08-18,5.7,5.78,5.64,5.64
2004-08-19,5.63,5.63,5.5,5.54
2004-08-20,5.54,5.59,5.3,5.44
2004-08-23,5.44,5.52,5.28,5.4
2004-08-24,5.3,5.73,5.3,5.52
2004-08-25,5.51,5.54,5.48,5.5
2004-08-26,5.51,5.52,5.44,5.49
2004-08-27,5.49,5.49,5.36,5.38
2004-08-30,5.33,5.45,5.33,5.44
2004-08-31,5.61,5.88,5.55,5.58
2004-09-01,5.58,5.58,5.46,5.48
2004-09-02,5.47,5.6,5.43,5.59
2004-09-03,5.6,5.63,5.55,5.57
2004-09-06,5.65,5.65,5.52,5.56
2004-09-07,5.54,5.58,5.52,5.56
2004-09-08,5.6,5.61,5.56,5.58
2004-09-09,5.56,5.56,5.4,5.41
2004-09-10,5.44,5.49,5.38,5.48
2004-09-13,5.51,5.51,5.42,5.47
2004-09-14,5.5,5.7,5.5,5.64
2004-09-15,5.79,6.18,5.79,6.05
2004-09-16,5.98,6.05,5.85,6.01
2004-09-17,6.0,6.17,5.91,6.13
2004-09-20,6.18,6.33,6.07,6.3
2004-09-21,6.3,6.45,6.14,6.2
2004-09-22,6.15,6.23,6.01,6.04
2004-09-23,6.07,6.27,6.01,6.26
2004-09-24,6.3,6.34,5.93,5.97
2004-09-27,6.17,6.17,5.87,5.98
2004-09-28,6.04,6.04,5.9,5.96
2004-09-29,6.01,6.01,5.92,5.93
2004-09-30,5.92,5.95,5.76,5.78
2004-10-08,6.01,6.01,5.76,5.98
2004-10-11,5.97,6.2,5.9,6.13
2004-10-12,6.16,6.2,6.04,6.06
2004-10-13,6.04,6.24,6.01,6.23
2004-10-14,6.24,6.25,5.7,5.74
2004-10-15,5.75,5.8,5.6,5.7
2004-10-18,5.77,5.8,5.68,5.75
2004-10-19,5.75,5.91,5.7,5.71
2004-10-20,5.77,5.77,5.55,5.68
2004-10-21,5.68,5.79,5.42,5.5
2004-10-22,5.55,5.65,5.32,5.64
2004-10-25,5.62,5.74,5.38,5.42
2004-10-26,5.5,5.5,5.31,5.5
2004-10-27,5.5,5.67,5.42,5.65
2004-10-28,5.73,6.18,5.72,5.77
2004-10-29,5.67,5.95,5.31,5.81
2004-11-01,5.85,6.0,5.76,5.85
2004-11-02,5.82,5.89,5.65,5.85
2004-11-03,6.0,6.09,5.91,6.03
2004-11-04,6.03,6.03,5.78,5.8
2004-11-05,5.93,5.93,5.78,5.85
2004-11-08,5.81,5.94,5.79,5.91
2004-11-09,5.9,5.9,5.81,5.83
2004-11-10,5.88,6.13,5.83,6.12
2004-11-11,6.12,6.27,6.05,6.16
2004-11-12,6.16,6.24,6.07,6.1
2004-11-15,6.1,6.18,6.08,6.14
2004-11-16,6.15,6.18,6.02,6.1
2004-11-17,6.15,6.2,6.04,6.08
2004-11-18,6.08,6.3,6.0,6.28
2004-11-19,6.28,6.49,6.21,6.33
2004-11-22,6.35,6.43,6.28,6.3
2004-11-23,6.3,6.49,6.26,6.4
2004-11-24,6.36,6.39,6.12,6.12
2004-11-25,6.08,6.16,6.06,6.08
2004-11-26,6.1,6.16,6.06,6.1
2004-11-29,6.1,6.1,5.91,5.92
2004-11-30,5.89,6.0,5.89,6.0
2004-12-01,6.03,6.11,5.95,6.02
2004-12-02,6.0,6.18,5.98,6.15
2004-12-03,6.15,6.25,6.11,6.19
2004-12-06,6.21,6.24,6.15,6.19
2004-12-07,6.23,6.28,6.05,6.07
2004-12-08,6.15,6.18,6.02,6.15
2004-12-09,6.18,6.2,6.05,6.16
2004-12-10,6.16,6.16,5.88,5.94
2004-12-13,5.9,5.98,5.79,5.97
2004-12-14,5.95,5.98,5.84,5.86
2004-12-15,5.89,5.89,5.65,5.78
2004-12-16,5.8,5.8,5.68,5.69
2004-12-17,5.68,5.78,5.65,5.66
2004-12-20,5.66,5.73,5.58,5.69
2004-12-21,5.73,5.75,5.66,5.7
2004-12-22,5.65,5.97,5.65,5.94
2004-12-23,5.87,5.92,5.75,5.8
2004-12-24,5.8,5.94,5.76,5.93
2004-12-27,6.1,6.16,5.84,5.9
2004-12-28,5.95,5.95,5.8,5.88
2004-12-29,5.88,6.0,5.86,5.9
2004-12-30,5.95,5.95,5.72,5.84
2004-12-31,5.92,6.05,5.85,5.88
2005-01-04,5.88,5.89,5.7,5.72
2005-01-05,5.88,6.0,5.76,5.95
2005-01-06,5.91,5.95,5.83,5.89
2005-01-07,5.86,6.04,5.81,6.04
2005-01-10,6.04,6.09,5.97,6.08
2005-01-11,6.1,6.1,6.0,6.07
2005-01-12,6.03,6.07,5.93,6.05
2005-01-13,6.05,6.38,6.04,6.25
2005-01-14,6.25,6.33,6.08,6.1
2005-01-17,5.99,6.29,5.95,6.29
2005-01-18,6.28,6.44,6.23,6.42
2005-01-19,6.39,6.4,6.27,6.33
2005-01-20,6.3,6.3,6.19,6.25
2005-01-21,6.22,6.45,6.0,6.41
2005-01-24,6.53,6.7,6.38,6.41
2005-01-26,6.31,6.35,6.16,6.2
2005-01-27,6.14,6.27,6.11,6.16
2005-01-28,6.15,6.22,5.75,5.75
2005-01-31,5.61,5.75,5.56,5.61
2005-02-01,5.6,5.69,5.36,5.37
2005-02-02,5.36,5.8,5.3,5.7
2005-02-03,5.7,5.77,5.58,5.6
2005-02-04,5.87,5.87,5.61,5.74
2005-02-16,5.84,5.86,5.7,5.76
2005-02-17,5.75,5.93,5.7,5.89
2005-02-18,5.88,5.88,5.7,5.7
2005-02-21,5.69,5.83,5.69,5.8
2005-02-22,5.81,5.94,5.81,5.9
2005-02-23,5.89,6.09,5.67,6.01
2005-02-24,5.95,6.1,5.92,6.01
2005-02-25,6.01,6.18,5.98,6.06
2005-02-28,6.0,6.16,6.0,6.15
2005-03-01,6.25,6.28,6.04,6.06
2005-03-02,6.03,6.13,5.88,5.89
2005-03-03,5.89,6.03,5.85,6.0
2005-03-04,5.95,6.05,5.89,5.9
2005-03-07,5.97,5.98,5.88,5.93
2005-03-08,5.98,6.12,5.93,6.1
2005-03-09,6.12,6.16,6.04,6.14
2005-03-10,6.14,6.14,5.87,5.89
2005-03-11,5.88,5.96,5.82,5.91
2005-03-14,5.84,5.91,5.67,5.71
2005-03-15,5.73,5.79,5.7,5.71
2005-03-16,5.67,5.75,5.65,5.67
2005-03-17,5.68,5.79,5.68,5.71
2005-03-18,5.75,5.75,5.4,5.47
2005-03-21,5.4,5.54,5.4,5.52
2005-03-22,5.52,5.53,5.29,5.32
2005-03-23,5.32,5.35,4.79,4.96
2005-03-24,4.89,5.02,4.81,5.0
2005-03-25,4.99,4.99,4.88,4.9
2005-03-28,4.89,4.89,4.62,4.76
2005-03-29,4.77,4.82,4.74,4.76
2005-03-30,4.76,4.76,4.63,4.64
2005-03-31,4.6,4.69,4.58,4.66
2005-04-01,4.64,4.9,4.41,4.84
2005-04-04,4.81,4.81,4.65,4.67
2005-04-05,4.65,4.72,4.58,4.58
2005-04-06,4.53,4.67,4.45,4.62
2005-04-07,4.62,4.85,4.6,4.75
2005-04-08,4.75,4.98,4.73,4.95
2005-04-11,4.9,4.99,4.85,4.91
2005-04-12,4.88,4.93,4.74,4.74
2005-04-13,4.78,4.93,4.78,4.89
2005-04-14,4.95,4.95,4.74,4.74
2005-04-15,4.76,4.76,4.52,4.56
2005-04-18,4.42,4.5,4.21,4.26
2005-04-19,4.25,4.36,4.25,4.34
2005-04-20,4.26,4.28,4.11,4.27
2005-04-21,4.25,4.33,4.2,4.23
2005-04-22,4.27,4.51,4.27,4.4
2005-04-25,4.4,4.43,4.0,4.15
2005-04-26,4.11,4.37,4.1,4.3
2005-04-27,4.35,4.36,4.15,4.15
2005-04-28,4.1,4.34,3.96,4.32
2005-04-29,4.32,4.35,4.14,4.18
2005-05-09,4.25,4.25,3.96,3.98
2005-05-10,3.96,3.96,3.58,3.76
2005-05-11,3.74,3.82,3.65,3.79
2005-05-12,3.81,3.9,3.71,3.82
2005-05-13,3.8,3.96,3.8,3.9
2005-05-16,3.9,3.98,3.87,3.91
2005-05-17,3.87,4.01,3.87,3.93
2005-05-18,3.98,4.06,3.94,4.01
2005-05-19,4.05,4.05,3.95,4.02
2005-05-20,3.98,4.02,3.87,3.88
2005-05-23,3.9,3.9,3.67,3.74
2005-05-24,3.71,3.95,3.71,3.91
2005-05-25,3.97,4.03,3.91,4.02
2005-05-27,3.94,4.15,3.81,4.13
2005-05-30,4.14,4.32,4.1,4.27
2005-05-31,4.25,4.27,4.15,4.18
2005-06-01,4.13,4.24,4.06,4.2
2005-06-02,4.18,4.26,4.13,4.16
2005-06-03,4.15,4.21,4.05,4.1
2005-06-06,4.06,4.18,3.96,4.15
2005-06-07,4.16,4.3,4.1,4.22
2005-06-08,4.2,4.56,4.2,4.51
2005-06-09,4.45,4.68,4.3,4.55
2005-06-10,4.58,4.58,4.39,4.39
2005-06-13,4.39,4.47,4.29,4.41
2005-06-14,4.41,4.48,4.23,4.25
2005-06-15,4.21,4.27,4.13,4.15
2005-06-16,4.15,4.22,4.04,4.13
2005-06-17,4.2,4.2,4.09,4.15
2005-06-20,4.15,4.3,3.93,4.28
2005-06-21,4.28,4.28,4.12,4.13
2005-06-22,4.13,4.18,4.08,4.14
2005-06-23,4.12,4.18,4.05,4.09
2005-06-24,4.15,4.15,4.06,4.12
2005-06-27,4.12,4.28,4.12,4.25
2005-06-28,4.23,4.23,4.11,4.12
2005-06-29,4.11,4.23,4.11,4.15
2005-06-30,4.15,4.15,3.97,3.97
2005-07-01,3.95,3.95,3.65,3.67
2005-07-04,3.67,3.67,3.48,3.61
2005-07-05,3.63,3.65,3.56,3.59
2005-07-06,3.6,3.62,3.5,3.57
2005-07-07,3.57,3.66,3.57,3.64
2005-07-08,3.62,3.67,3.51,3.59
2005-07-11,3.62,3.74,3.61,3.62
2005-07-12,3.6,3.68,3.33,3.64
2005-07-13,3.65,3.74,3.6,3.74
2005-07-14,3.82,3.82,3.68,3.73
2005-07-15,3.68,3.76,3.48,3.48
2005-07-18,3.46,3.46,3.35,3.36
2005-07-19,3.3,3.51,3.3,3.5
2005-07-20,3.55,3.61,3.45,3.54
2005-07-21,3.5,3.54,3.4,3.49
2005-07-22,3.52,3.66,3.51,3.58
2005-07-25,3.53,3.63,3.53,3.57
2005-07-26,3.56,3.74,3.56,3.66
2005-07-27,3.62,3.77,3.62,3.74
2005-07-28,3.74,3.77,3.67,3.71
2005-07-29,3.74,3.74,3.63,3.72
2005-08-01,3.72,3.85,3.64,3.84
2005-08-02,3.8,3.87,3.74,3.86
2005-08-03,3.84,4.09,3.84,4.06
2005-08-04,4.03,4.11,3.92,4.08
2005-08-05,4.08,4.49,4.07,4.49
2005-08-08,4.94,4.94,4.89,4.94
2005-08-09,5.18,5.4,5.11,5.29
2005-08-10,5.2,5.23,4.96,5.17
2005-08-11,5.12,5.2,4.99,5.13
2005-08-12,5.06,5.08,4.88,4.99
2005-08-15,4.94,5.08,4.9,5.02
2005-08-16,5.02,5.11,4.92,5.05
2005-08-17,5.05,5.22,4.99,5.2
2005-08-18,5.19,5.19,4.7,4.72
2005-08-19,4.7,4.85,4.51,4.64
2005-08-22,4.54,4.73,4.52,4.68
2005-08-23,4.68,4.68,4.56,4.6
2005-08-24,4.59,4.71,4.56,4.7
2005-08-25,4.7,4.89,4.65,4.86
2005-08-26,4.87,5.02,4.65,4.85
2005-08-29,4.8,4.8,4.61,4.61
2005-08-30,4.62,4.68,4.56,4.58
2005-08-31,4.55,4.75,4.52,4.73
2005-09-01,4.7,4.9,4.68,4.85
2005-09-02,4.5,4.8,4.4,4.73
2005-09-05,4.71,4.83,4.71,4.8
2005-09-06,4.81,4.98,4.7,4.74
2005-09-07,4.88,4.88,4.71,4.86
2005-09-08,4.86,4.95,4.76,4.85
2005-09-09,4.92,4.92,4.73,4.74
2005-09-12,4.79,4.79,4.59,4.65
2005-09-13,4.68,4.83,4.6,4.83
2005-09-14,4.83,4.92,4.78,4.9
2005-09-15,4.91,4.99,4.87,4.91
2005-09-16,4.91,4.95,4.82,4.91
2005-09-19,4.9,4.98,4.83,4.98
2005-09-20,4.98,5.04,4.91,4.98
2005-09-21,4.96,4.98,4.76,4.76
2005-09-22,4.76,4.76,4.41,4.55
2005-09-23,4.53,4.59,4.42,4.44
2005-09-26,4.49,4.52,4.44,4.5
2005-09-27,4.5,4.55,4.23,4.28
2005-09-28,4.3,4.36,4.24,4.32
2005-09-29,4.32,4.48,4.3,4.47
2005-09-30,4.46,4.68,4.4,4.51
2005-10-10,4.5,4.5,4.31,4.32
2005-10-11,4.31,4.51,4.28,4.49
2005-10-12,4.45,4.56,4.44,4.5
2005-10-13,4.5,4.52,4.4,4.44
2005-10-14,4.43,4.49,4.29,4.46
2005-10-17,4.4,4.52,4.33,4.42
2005-10-18,4.45,4.54,4.4,4.53
2005-10-19,4.57,4.73,4.57,4.62
2005-10-20,4.58,4.58,4.45,4.55
2005-10-21,4.56,4.7,4.55,4.6
2005-10-24,4.58,4.73,4.5,4.7
2005-10-25,4.73,4.73,4.43,4.45
2005-10-26,4.41,4.53,4.35,4.38
2005-10-27,4.38,4.6,4.3,4.57
2005-10-28,4.59,4.81,4.57,4.73
2005-10-31,4.73,4.82,4.47,4.76
2005-11-01,4.77,4.98,4.63,4.98
2005-11-02,4.98,5.14,4.9,4.94
2005-11-03,4.91,4.95,4.72,4.89
2005-11-04,4.88,4.99,4.8,4.86
2005-11-07,4.86,4.98,4.77,4.97
2005-11-08,4.98,4.98,4.78,4.82
2005-11-09,4.8,4.92,4.79,4.8
2005-11-10,4.76,4.76,4.38,4.4
2005-11-11,4.35,4.53,4.33,4.41
2005-11-14,4.44,4.56,4.44,4.54
2005-11-15,4.5,4.57,4.42,4.45
2005-11-16,4.45,4.55,4.38,4.55
2005-11-17,4.54,4.56,4.46,4.47
2005-11-18,4.5,4.63,4.44,4.59
2005-11-21,4.57,4.67,4.56,4.59
2005-11-22,4.59,4.61,4.42,4.44
2005-11-23,4.5,4.53,4.42,4.52
2005-11-24,4.48,4.56,4.45,4.52
2005-11-25,4.51,4.53,4.42,4.45
2005-11-28,4.45,4.5,4.42,4.45
2005-11-30,4.38,4.38,4.07,4.14
2005-12-01,4.14,4.21,4.11,4.17
2005-12-02,4.14,4.19,4.01,4.04
2005-12-05,4.05,4.05,3.86,3.9
2005-12-06,3.88,3.96,3.86,3.93
2005-12-07,3.95,4.0,3.89,4.0
2005-12-08,3.98,4.0,3.9,3.95
2005-12-09,3.92,4.12,3.91,4.08
2005-12-12,4.07,4.17,4.07,4.13
2005-12-13,4.13,4.14,4.04,4.14
2005-12-14,4.11,4.2,4.06,4.18
2005-12-15,4.18,4.23,4.09,4.09
2005-12-16,4.08,4.25,4.06,4.22
2005-12-19,4.16,4.24,4.15,4.16
2005-12-20,4.16,4.26,4.16,4.23
2005-12-21,4.23,4.28,4.15,4.21
2005-12-22,4.18,4.21,4.11,4.18
2005-12-23,4.17,4.2,4.16,4.2
2005-12-26,4.2,4.26,4.18,4.24
2005-12-27,4.28,4.28,4.18,4.18
2005-12-28,4.2,4.26,4.18,4.21
2005-12-29,4.27,4.34,4.21,4.32
2005-12-30,4.31,4.38,4.25,4.27
2006-01-04,4.32,4.57,4.32,4.53
2006-01-05,4.53,4.59,4.46,4.58
2006-01-06,4.57,4.7,4.53,4.58
2006-01-09,4.61,4.66,4.54,4.61
2006-01-10,4.61,4.63,4.52,4.57
2006-01-11,4.59,4.64,4.52,4.6
2006-01-12,4.6,4.75,4.58,4.75
2006-01-13,4.75,4.83,4.63,4.68
2006-01-16,4.68,4.7,4.51,4.53
2006-01-17,4.51,4.59,4.5,4.56
2006-01-18,4.56,4.74,4.55,4.72
2006-01-19,4.75,4.86,4.64,4.82
2006-01-20,4.83,4.9,4.76,4.82
2006-01-23,4.82,5.07,4.82,5.06
2006-01-24,5.06,5.34,5.02,5.14
2006-01-25,5.14,5.23,4.99,5.21
2006-02-06,5.24,5.3,5.1,5.29
2006-02-07,5.3,5.36,5.02,5.11
2006-02-08,5.1,5.23,5.02,5.18
2006-02-09,5.17,5.18,4.98,5.01
2006-02-10,5.01,5.13,5.0,5.09
2006-02-13,5.07,5.08,4.88,4.95
2006-02-14,4.95,5.01,4.9,4.99
2006-02-15,5.0,5.06,4.94,4.96
2006-02-16,4.97,4.99,4.73,4.77
2006-02-17,4.77,4.82,4.6,4.62
2006-02-20,4.62,4.73,4.62,4.64
2006-02-21,4.65,5.05,4.58,4.95
2006-02-22,4.91,5.08,4.91,4.94
2006-02-23,5.0,5.0,4.82,4.89
2006-02-24,4.88,4.98,4.86,4.89
2006-02-27,4.9,4.93,4.74,4.76
2006-02-28,4.73,4.88,4.65,4.83
2006-03-01,4.88,4.98,4.88,4.9
2006-03-02,4.92,4.93,4.74,4.75
2006-03-03,4.75,4.79,4.65,4.73
2006-03-06,4.7,4.86,4.66,4.77
2006-03-07,4.77,4.8,4.58,4.6
2006-03-08,4.58,4.58,4.21,4.32
2006-03-09,4.3,4.36,4.25,4.27
2006-03-10,4.29,4.33,4.19,4.23
2006-03-13,4.2,4.28,4.17,4.27
2006-03-14,4.27,4.32,4.25,4.28
2006-03-15,4.29,4.36,4.22,4.35
2006-03-16,4.34,4.37,4.28,4.35
2006-03-17,4.36,4.36,4.27,4.31
2006-03-20,4.3,4.34,4.22,4.33
2006-03-21,4.37,4.43,4.33,4.36
2006-03-22,4.36,4.42,4.32,4.41
2006-03-23,4.41,4.5,4.36,4.47
2006-03-24,4.46,4.48,4.35,4.36
2006-03-27,4.36,4.39,4.28,4.37
2006-03-28,4.35,4.37,4.32,4.34
2006-03-29,4.34,4.45,4.33,4.37
2006-03-30,4.35,4.42,4.33,4.34
2006-03-31,4.31,4.35,4.19,4.34
2006-04-13,4.77,4.77,4.7,4.74
2006-04-14,4.66,4.81,4.55,4.77
2006-04-17,4.71,4.84,4.7,4.78
2006-04-18,4.78,4.92,4.75,4.88
2006-04-19,4.89,4.94,4.75,4.84
2006-04-20,4.79,5.08,4.75,4.87
2006-05-24,4.3,4.38,4.01,4.12
2006-05-25,4.06,4.17,4.03,4.14
2006-05-26,4.14,4.37,4.14,4.28
2006-05-29,4.3,4.48,4.2,4.47
2006-05-30,4.48,4.57,4.39,4.52
2006-05-31,4.48,4.52,4.36,4.46
2006-06-01,4.43,4.62,4.4,4.62
2006-06-02,4.69,4.82,4.57,4.74
2006-06-05,4.74,4.92,4.7,4.9
2006-06-07,4.85,4.88,4.41,4.41
2006-06-08,4.37,4.41,4.15,4.38
2006-06-09,4.38,4.43,4.22,4.27
2006-06-12,4.27,4.43,4.2,4.35
2006-06-13,4.41,4.56,4.41,4.56
2006-06-14,4.55,4.61,4.43,4.55
2006-06-15,4.56,4.63,4.52,4.56
2006-06-16,4.58,4.64,4.54,4.6
2006-06-19,3.5,3.63,3.41,3.59
2006-06-20,3.55,3.58,3.48,3.57
2006-06-21,3.57,3.75,3.54,3.7
2006-06-22,3.71,3.78,3.7,3.73
2006-06-23,3.71,3.73,3.56,3.72
2006-06-26,3.67,3.8,3.67,3.74
2006-06-27,3.74,3.94,3.72,3.84
2006-06-28,3.85,3.86,3.77,3.79
2006-06-29,3.8,3.88,3.79,3.87
2006-06-30,3.88,3.88,3.74,3.81
2006-07-03,3.85,3.98,3.8,3.96
2006-07-04,4.03,4.35,4.0,4.17
2006-07-05,4.17,4.37,4.02,4.36
2006-07-06,4.36,4.6,4.3,4.36
2006-07-07,4.38,4.5,4.36,4.38
2006-07-10,4.38,4.47,4.15,4.35
2006-07-11,4.35,4.4,4.23,4.29
2006-07-12,4.29,4.44,4.23,4.36
2006-07-13,4.3,4.33,3.92,3.92
2006-07-14,3.87,4.01,3.81,3.94
2006-07-17,3.94,3.99,3.85,3.96
2006-07-18,3.95,4.16,3.91,4.15
2006-07-19,4.13,4.14,3.93,3.98
2006-07-20,3.98,4.11,3.95,4.08
2006-07-21,4.13,4.2,4.09,4.12
2006-07-24,4.07,4.28,3.96,4.27
2006-07-25,4.31,4.37,4.24,4.28
2006-07-26,4.27,4.31,4.22,4.25
2006-07-27,4.23,4.29,4.07,4.1
2006-07-28,4.1,4.14,3.99,4.02
2006-07-31,4.01,4.08,3.8,3.89
2006-08-01,3.86,3.94,3.84,3.9
2006-08-02,3.93,4.0,3.86,3.94
2006-08-03,3.95,3.99,3.85,3.89
2006-08-04,3.9,3.93,3.5,3.55
2006-08-07,3.52,3.58,3.43,3.45
2006-08-08,3.46,3.58,3.46,3.57
2006-08-09,3.58,3.6,3.51,3.55
2006-08-10,3.53,3.63,3.53,3.63
2006-08-11,3.63,3.64,3.56,3.62
2006-08-14,3.6,3.63,3.4,3.46
2006-08-15,3.46,3.56,3.39,3.56
2006-08-16,3.56,3.72,3.52,3.71
2006-08-17,3.73,3.74,3.58,3.67
2006-08-18,3.7,3.77,3.66,3.67
2006-08-21,3.47,3.79,3.42,3.76
2006-08-22,3.73,3.82,3.71,3.74
2006-08-23,3.75,3.78,3.64,3.66
2006-08-24,3.62,3.7,3.59,3.69
2006-08-25,3.7,3.75,3.66,3.66
2006-08-28,3.66,3.77,3.66,3.77
2006-08-29,3.76,3.93,3.73,3.79
2006-08-30,3.76,3.85,3.75,3.83
2006-08-31,3.82,4.0,3.82,3.97
2006-09-01,3.98,4.0,3.8,3.86
2006-09-04,3.9,3.97,3.88,3.93
2006-09-05,4.0,4.02,3.91,3.94
2006-09-06,3.98,4.02,3.88,4.01
2006-09-07,4.06,4.18,4.06,4.07
2006-09-08,4.04,4.08,4.01,4.02
2006-09-11,4.0,4.05,3.88,3.95
2006-09-12,3.95,3.97,3.92,3.96
2006-09-13,3.98,3.99,3.85,3.86
2006-09-14,3.85,3.87,3.8,3.84
2006-09-15,3.84,3.92,3.84,3.9
2006-09-18,3.9,3.98,3.9,3.97
2006-09-19,3.97,3.98,3.91,3.94
2006-09-20,3.94,3.94,3.83,3.88
2006-09-21,3.88,3.92,3.85,3.88
2006-09-22,3.88,3.97,3.78,3.89
2006-09-25,3.9,4.04,3.85,3.96
2006-09-27,3.96,4.08,3.92,4.07
2006-09-28,4.08,4.27,4.02,4.14
2006-09-29,4.15,4.2,4.1,4.13
2006-10-09,4.16,4.25,4.11,4.22
2006-10-10,4.22,4.25,4.1,4.19
2006-10-11,4.19,4.2,4.05,4.11
2006-10-12,4.11,4.12,4.01,4.03
2006-10-13,4.03,4.1,4.01,4.08
2006-10-16,4.2,4.35,4.13,4.13
2006-10-17,4.15,4.33,4.12,4.31
2006-10-18,4.35,4.41,4.28,4.38
2006-10-19,4.38,4.6,4.31,4.52
2006-10-20,4.52,4.57,4.39,4.47
2006-10-23,4.51,4.52,4.16,4.22
2006-10-24,4.26,4.46,4.25,4.43
2006-10-25,4.43,4.47,4.35,4.4
2006-10-26,4.4,4.4,4.23,4.25
2006-10-27,4.24,4.3,4.12,4.13
2006-10-30,4.13,4.24,4.04,4.23
2006-10-31,4.28,4.38,4.26,4.27
2006-11-01,4.3,4.42,4.2,4.4
2006-11-02,4.4,4.45,4.3,4.38
2006-11-03,4.4,4.46,4.37,4.41
2006-11-06,4.3,4.52,4.28,4.4
2006-11-07,4.4,4.4,4.22,4.23
2006-11-08,4.22,4.23,4.1,4.15
2006-11-09,4.14,4.25,4.14,4.19
2006-11-10,4.21,4.22,4.05,4.08
2006-11-13,4.07,4.12,3.88,3.96
2006-11-14,3.96,4.1,3.9,4.08
2006-11-15,4.12,4.25,4.04,4.22
2006-11-16,4.22,4.24,4.03,4.06
2006-11-17,4.05,4.14,4.05,4.11
2006-11-20,4.12,4.16,4.02,4.06
2006-11-21,4.08,4.18,4.0,4.15
2006-11-22,4.16,4.27,4.07,4.19
2006-11-23,4.23,4.28,4.15,4.26
2006-11-24,4.28,4.35,4.22,4.32
2006-11-27,4.37,4.42,4.32,4.38
2006-11-28,4.38,4.42,4.31,4.39
2006-11-29,4.35,4.83,4.26,4.83
2006-11-30,4.97,5.06,4.82,4.86
2006-12-01,4.88,5.29,4.8,5.17
2006-12-04,5.17,5.35,5.06,5.18
2006-12-05,5.15,5.27,5.06,5.15
2006-12-06,5.13,5.42,4.91,5.3
2006-12-07,5.24,5.55,5.13,5.15
2006-12-08,5.05,5.14,4.7,4.7
2006-12-11,4.7,4.95,4.7,4.93
2006-12-12,4.93,4.93,4.69,4.8
2006-12-13,4.8,4.85,4.69,4.82
2006-12-14,4.8,4.95,4.74,4.91
2006-12-15,4.92,4.94,4.8,4.86
2006-12-18,4.99,5.0,4.87,4.93
2006-12-19,4.93,5.22,4.9,5.16
2006-12-20,5.15,5.15,5.02,5.1
2006-12-21,5.11,5.15,4.91,4.93
2006-12-22,4.88,4.89,4.71,4.76
2006-12-25,4.76,4.84,4.72,4.81
2006-12-26,4.86,4.95,4.76,4.9
2006-12-27,4.87,5.05,4.85,5.02
2006-12-28,5.02,5.02,4.75,4.79
2006-12-29,4.78,4.98,4.77,4.84
2007-01-04,4.9,4.92,4.8,4.87
2007-01-05,4.93,5.18,4.87,5.16
2007-01-08,5.16,5.5,5.16,5.42
2007-01-09,5.45,5.56,5.36,5.46
2007-01-10,5.45,5.66,5.42,5.61
2007-01-11,5.6,5.73,5.46,5.48
2007-01-12,5.4,5.63,5.25,5.29
2007-01-15,5.26,5.82,5.2,5.8
2007-01-16,5.79,5.92,5.68,5.89
2007-01-17,5.8,6.23,5.5,6.1
2007-01-18,6.0,6.11,5.77,5.98
2007-01-19,6.0,6.16,5.85,6.13
2007-01-22,6.19,6.39,6.07,6.31
2007-01-23,6.28,6.29,5.9,6.15
2007-01-24,6.14,6.45,6.0,6.39
2007-01-25,6.48,6.64,6.12,6.14
2007-01-26,6.01,6.2,5.71,6.1
2007-01-29,6.11,6.4,5.91,6.37
2007-01-30,6.33,6.33,6.0,6.08
2007-01-31,5.55,5.93,5.48,5.52
2007-02-01,5.45,5.57,5.2,5.39
2007-02-02,5.36,5.5,5.31,5.39
2007-02-05,5.36,5.64,5.36,5.51
2007-02-06,5.53,5.65,5.42,5.56
2007-02-07,5.63,5.93,5.5,5.8
2007-02-08,5.87,6.2,5.78,6.15
2007-02-09,6.1,6.11,5.94,5.96
2007-02-12,5.91,6.1,5.88,6.02
2007-02-13,6.05,6.08,5.92,6.04
2007-02-14,6.01,6.15,5.99,6.13
2007-02-15,6.07,6.35,6.07,6.34
2007-02-16,6.36,6.43,6.2,6.28
2007-02-26,6.34,6.6,6.22,6.56
2007-02-27,6.57,6.83,5.9,5.99
2007-02-28,5.99,6.57,5.99,6.52
2007-03-01,6.47,6.63,6.21,6.45
2007-03-02,6.45,6.85,6.38,6.72
2007-03-05,6.76,6.84,6.35,6.54
2007-03-06,6.5,6.52,6.23,6.36
2007-03-07,6.32,6.49,6.32,6.45
2007-03-08,6.52,6.77,6.52,6.74
2007-03-09,6.72,6.74,6.52,6.59
2007-03-12,6.56,6.85,6.48,6.83
2007-03-13,6.85,7.0,6.78,6.87
2007-03-14,6.83,6.83,6.47,6.65
2007-03-15,6.64,7.25,6.6,7.15
2007-03-16,7.18,7.18,6.63,6.71
2007-03-19,6.4,6.96,6.3,6.89
2007-03-20,6.95,7.19,6.89,7.18
2007-03-21,7.15,7.55,7.03,7.5
2007-03-22,7.6,7.93,7.46,7.59
2007-03-23,7.53,7.76,7.34,7.69
2007-03-26,7.69,7.99,7.65,7.77
2007-03-27,7.8,7.89,7.68,7.76
2007-03-28,7.8,7.84,7.3,7.56
2007-03-29,7.55,7.56,7.1,7.11
2007-03-30,7.08,7.39,7.01,7.29
2007-04-02,7.28,7.47,7.17,7.46
2007-04-03,7.46,7.88,7.42,7.85
2007-04-04,7.92,8.47,7.92,8.26
2007-04-05,8.27,8.28,8.08,8.23
2007-04-06,8.17,8.48,8.05,8.29
2007-04-09,8.29,8.46,8.22,8.37
2007-04-10,8.37,8.37,7.92,8.24
2007-04-11,8.25,8.28,8.04,8.26
2007-04-12,8.26,8.46,8.2,8.39
2007-04-13,8.39,8.88,8.3,8.44
2007-04-16,8.44,9.28,8.44,9.12
2007-04-17,9.16,9.2,8.69,8.94
2007-04-18,8.96,9.46,8.96,9.18
2007-04-19,9.2,9.29,8.3,8.72
2007-04-20,8.72,9.59,8.72,9.59
2007-04-23,9.93,10.46,9.7,10.3
2007-04-24,10.3,10.69,10.02,10.37
2007-04-25,10.38,11.17,10.2,10.98
2007-04-26,11.01,11.1,10.67,10.79
2007-04-27,10.79,10.98,10.61,10.68
2007-04-30,10.68,10.95,10.05,10.69
2007-05-08,11.0,11.6,10.71,11.32
2007-05-09,11.32,11.58,10.8,11.37
2007-05-10,11.38,11.89,11.21,11.66
2007-05-11,11.45,11.55,11.0,11.28
2007-05-14,11.0,11.38,10.85,11.08
2007-05-15,11.09,11.37,10.35,10.42
2007-05-16,10.3,10.73,9.95,10.71
2007-05-17,10.77,10.99,10.63,10.95
2007-05-18,10.94,10.94,10.54,10.8
2007-05-21,10.3,11.35,10.3,11.26
2007-05-22,11.31,11.85,11.31,11.5
2007-05-23,11.9,12.65,11.66,12.65
2007-05-25,12.65,13.78,12.1,13.15
2007-05-28,13.5,13.59,13.0,13.04
2007-05-29,13.01,13.38,12.8,13.19
2007-05-30,12.4,13.09,11.87,11.87
2007-05-31,11.51,12.0,10.68,11.19
2007-06-01,11.45,11.53,10.07,10.08
2007-06-04,10.4,10.55,9.07,9.51
2007-06-05,9.41,10.46,9.28,10.46
2007-06-06,10.69,11.28,10.4,11.08
2007-06-07,11.29,11.57,10.9,11.33
2007-06-08,11.33,11.88,11.1,11.61
2007-06-11,11.84,12.12,11.7,11.88
2007-06-12,11.88,12.0,11.25,12.0
2007-06-13,12.15,12.78,12.0,12.21
2007-06-14,11.98,12.55,11.8,12.01
2007-06-15,11.8,12.23,11.76,11.9
2007-06-18,12.68,13.09,12.68,13.09
2007-06-19,13.45,13.46,12.71,13.13
2007-06-20,13.16,13.2,12.21,12.29
2007-06-21,12.22,12.67,12.0,12.63
2007-06-22,12.53,13.49,12.53,13.17
2007-06-25,13.25,13.35,11.85,11.85
2007-06-26,11.35,11.8,10.73,11.77
2007-06-27,12.43,12.56,11.85,12.34
2007-06-28,12.27,12.55,11.11,11.12
2007-06-29,10.69,11.47,10.5,11.0
2007-07-02,10.96,11.31,10.5,11.27
2007-07-03,11.29,11.35,10.8,11.15
2007-07-04,11.18,11.25,10.7,10.7
2007-07-05,10.5,10.6,9.63,9.63
2007-07-06,9.64,10.23,9.31,10.18
2007-07-09,10.18,11.2,10.02,11.2
2007-07-10,11.21,11.49,10.6,11.23
2007-07-11,11.2,11.94,11.0,11.87
2007-07-12,11.78,11.9,11.28,11.48
2007-07-13,11.37,11.76,11.26,11.59
2007-07-16,11.69,11.87,10.96,10.98
2007-07-17,11.02,11.4,10.9,11.22
2007-07-18,11.22,11.67,11.0,11.38
2007-07-19,11.33,11.58,11.2,11.57
2007-07-20,11.58,12.29,11.58,12.17
2007-07-23,12.2,13.1,12.2,12.75
2007-07-24,12.78,13.03,12.46,12.49
2007-07-25,12.5,13.33,12.5,13.04
2007-07-26,13.1,13.5,12.9,13.25
2007-07-27,13.04,13.5,12.75,13.48
2007-07-30,13.42,14.28,13.35,13.8
2007-07-31,13.88,14.7,13.42,14.67
2007-08-01,14.51,14.68,13.25,13.3
2007-08-02,13.45,13.97,13.3,13.9
2007-08-03,13.98,14.22,13.63,13.87
2007-08-06,14.01,14.48,13.74,14.07
2007-08-07,14.11,14.14,13.53,13.67
2007-08-08,13.5,13.5,12.8,13.1
2007-08-09,13.12,13.48,13.01,13.19
2007-08-10,13.17,14.23,13.12,14.06
2007-08-13,14.23,14.4,13.78,14.19
2007-08-14,14.75,15.1,14.3,14.51
2007-08-15,14.95,15.55,14.51,15.41
2007-08-16,15.0,15.2,14.5,14.98
2007-08-17,15.18,15.38,13.93,14.0
2007-08-20,14.0,14.38,13.76,14.28
2007-08-21,14.25,14.25,13.76,14.11
2007-08-22,13.8,14.06,13.62,13.9
2007-08-23,14.15,14.37,13.85,13.99
2007-08-24,14.11,14.24,13.7,14.0
2007-08-27,14.05,14.12,13.74,13.83
2007-08-28,13.85,14.36,13.85,14.28
2007-08-29,14.37,14.37,13.5,13.52
2007-08-30,13.59,13.98,13.48,13.92
2007-08-31,14.03,14.19,13.87,13.89
2007-09-03,14.0,14.25,13.9,14.14
2007-09-04,14.2,14.47,13.7,14.26
2007-09-06,13.98,14.06,13.79,13.83
2007-09-07,13.71,13.95,13.21,13.27
2007-09-10,13.2,13.47,12.93,13.43
2007-09-11,13.36,14.18,12.09,12.8
2007-09-12,12.8,13.2,12.22,12.62
2007-09-13,12.8,12.82,12.41,12.69
2007-09-14,12.71,13.16,12.65,12.94
2007-09-17,12.94,13.23,12.78,13.2
2007-09-18,13.29,13.3,12.81,13.01
2007-09-19,13.07,13.07,12.5,12.56
2007-09-20,12.53,12.78,12.4,12.55
2007-09-21,12.58,12.97,12.31,12.68
2007-09-24,12.78,12.9,12.4,12.46
2007-09-25,12.49,12.65,12.3,12.55
2007-09-26,12.55,12.75,12.43,12.49
2007-09-27,12.43,12.5,12.26,12.35
2007-09-28,12.38,12.77,12.38,12.64
2007-10-08,12.75,12.92,12.64,12.73
2007-10-09,12.72,12.98,12.52,12.94
2007-10-10,12.96,13.08,12.7,12.78
2007-10-11,12.58,12.89,12.31,12.37
2007-10-12,12.39,12.4,11.16,11.57
2007-10-15,11.57,11.84,11.2,11.54
2007-10-16,11.54,11.77,11.3,11.65
2007-10-17,11.65,12.18,11.41,11.86
2007-10-18,11.83,11.83,11.41,11.44
2007-10-19,11.37,11.86,11.37,11.58
2007-10-22,11.5,11.82,11.37,11.38
2007-10-23,11.5,12.06,11.4,11.98
2007-10-24,12.06,12.14,11.4,11.49
2007-10-25,11.35,11.35,10.34,10.34
2007-10-26,10.15,10.45,9.99,10.18
2007-10-29,10.38,10.58,10.2,10.43
2007-10-30,10.33,10.61,10.25,10.6
2007-10-31,10.7,11.0,10.51,10.93
2007-11-01,10.89,10.9,10.3,10.31
2007-11-02,10.2,10.2,9.99,10.07
2007-11-05,10.35,11.08,10.35,11.08
2007-11-06,11.65,11.65,11.2,11.31
2007-11-07,11.42,11.55,10.6,10.96
2007-11-08,10.93,11.45,10.72,11.0
2007-11-09,10.99,11.65,10.9,11.46
2007-11-12,11.23,11.98,11.09,11.54
2007-11-13,11.7,11.7,11.38,11.5
2007-11-14,11.58,11.95,11.41,11.85
2007-11-15,11.8,11.9,11.46,11.5
2007-11-16,11.4,11.45,11.07,11.25
2007-11-19,11.34,11.65,11.22,11.58
2007-11-20,11.49,11.8,11.4,11.63
2007-11-21,11.71,11.8,11.5,11.66
2007-11-22,11.55,11.6,11.08,11.15
2007-11-23,11.25,11.75,11.07,11.68
2007-11-26,11.87,11.87,11.48,11.5
2007-11-27,11.51,11.97,11.45,11.88
2007-11-28,11.88,11.98,11.56,11.6
2007-11-29,11.7,11.88,11.42,11.79
2007-11-30,11.78,11.79,11.44,11.75
2007-12-03,11.69,11.96,11.52,11.95
2007-12-04,11.84,12.09,11.74,11.8
2007-12-05,11.79,11.97,11.75,11.9
2007-12-06,12.0,12.35,11.82,12.27
2007-12-07,12.21,12.37,12.1,12.33
2007-12-10,12.12,12.62,12.01,12.46
2007-12-11,12.48,12.7,12.3,12.67
2007-12-12,12.56,12.98,12.5,12.82
2007-12-13,12.65,12.84,12.17,12.21
2007-12-14,12.2,12.53,12.1,12.5
2007-12-17,12.58,13.25,12.42,13.01
2007-12-18,13.1,13.1,12.71,12.87
2007-12-19,12.91,13.25,12.85,13.13
2007-12-20,13.23,13.29,13.02,13.15
2007-12-21,13.05,13.25,13.01,13.2
2007-12-24,13.3,13.45,13.11,13.21
2007-12-25,13.21,13.38,13.02,13.09
2007-12-26,13.13,13.38,13.12,13.3
2007-12-28,14.2,14.25,13.6,13.64
2008-01-02,13.53,14.65,13.53,14.42
2008-01-03,14.4,14.97,14.2,14.37
2008-01-04,14.21,14.7,14.2,14.57
2008-01-07,14.69,14.76,14.4,14.61
2008-01-08,14.63,14.72,13.83,13.97
2008-01-09,14.0,15.01,14.0,14.55
2008-01-10,14.54,14.97,14.32,14.93
2008-01-11,14.98,15.2,14.58,14.86
2008-01-14,15.06,15.2,14.81,15.05
2008-01-15,15.08,15.19,14.7,14.92
2008-01-16,14.73,15.34,14.5,15.01
2008-01-17,14.84,15.46,14.12,15.03
2008-01-18,15.06,15.84,15.0,15.69
2008-01-21,15.89,16.24,14.9,15.0
2008-01-22,14.49,14.5,13.5,13.5
2008-01-23,13.31,14.2,13.18,14.15
2008-01-24,14.09,14.65,13.86,14.16
2008-01-25,14.18,14.39,13.74,13.89
2008-01-28,13.9,13.9,12.5,12.5
2008-01-29,12.63,12.99,12.08,12.8
2008-01-30,13.02,13.16,12.34,12.64
2008-01-31,12.67,12.88,12.4,12.5
2008-02-01,12.81,13.1,11.65,12.42
2008-02-04,12.8,13.37,12.51,13.33
2008-02-05,13.2,13.66,13.0,13.48
2008-02-13,13.48,13.93,13.2,13.48
2008-02-14,13.51,14.05,13.51,13.96
2008-02-15,13.99,14.19,13.75,14.11
2008-02-18,14.32,14.49,14.13,14.19
2008-02-19,14.25,14.6,14.09,14.5
2008-02-20,14.51,14.57,13.85,13.86
2008-02-21,13.8,14.5,13.68,14.49
2008-02-22,14.35,14.83,14.0,14.25
2008-02-25,14.4,14.4,13.0,13.09
2008-02-27,13.45,13.56,13.2,13.4
2008-02-28,13.5,13.63,13.3,13.35
2008-02-29,13.35,13.6,13.3,13.41
2008-03-03,13.44,13.88,13.28,13.78
2008-03-04,13.8,14.2,13.8,14.1
2008-03-05,14.25,14.47,13.88,14.39
2008-03-06,14.48,14.72,14.15,14.2
2008-03-10,13.95,13.96,13.13,13.24
2008-03-11,13.11,13.48,12.82,13.43
2008-03-12,13.8,13.9,12.85,12.89
2008-03-13,12.79,12.8,12.0,12.52
2008-03-14,12.4,12.59,12.2,12.43
2008-03-17,12.43,12.55,11.19,11.28
2008-03-18,11.34,11.5,10.15,10.24
2008-03-19,10.55,10.96,10.0,10.62
2008-03-20,10.4,11.17,9.83,10.96
2008-03-21,11.0,11.24,10.8,11.12
2008-03-24,11.3,11.46,10.75,10.79
2008-03-25,10.6,11.02,10.4,10.94
2008-03-26,11.08,11.28,10.83,11.0
2008-03-27,10.9,10.9,10.29,10.32
2008-03-28,10.26,10.8,9.78,10.66
2008-03-31,10.25,10.87,10.2,10.47
2008-04-01,10.28,10.59,9.43,9.47
2008-04-02,9.69,9.85,8.65,8.75
2008-04-03,8.7,9.19,8.41,8.94
2008-04-07,8.79,9.5,8.7,9.41
2008-04-08,9.29,9.6,9.25,9.5
2008-04-09,9.32,9.54,8.8,8.83
2008-04-10,8.73,9.03,8.5,9.03
2008-04-11,9.18,9.38,9.01,9.28
2008-04-14,9.08,9.08,8.36,8.41
2008-04-15,8.37,8.98,8.2,8.93
2008-04-16,8.8,9.27,8.8,9.09
2008-04-17,9.31,9.59,8.9,9.19
2008-04-18,8.86,9.03,8.6,8.61
2008-04-21,9.38,9.39,8.68,8.85
2008-04-22,8.8,9.1,8.52,9.08
2008-04-23,9.03,9.59,8.81,9.5
2008-04-24,10.35,10.45,10.0,10.45
2008-04-25,10.47,10.85,10.27,10.43
2008-04-28,10.32,10.81,10.2,10.57
2008-04-29,10.58,10.95,10.53,10.72
2008-04-30,10.87,11.18,10.77,11.01
2008-05-05,11.15,11.29,10.99,11.24
2008-05-06,11.18,11.2,10.74,10.98
2008-05-07,10.95,11.31,10.65,10.67
2008-05-08,10.56,11.74,10.54,11.74
2008-05-09,12.01,12.85,12.0,12.41
2008-05-12,12.15,12.98,12.02,12.94
2008-05-13,12.51,13.1,12.36,12.5
2008-05-14,12.43,12.78,12.4,12.62
2008-05-15,12.8,13.09,12.13,12.16
2008-05-16,12.3,12.48,11.58,11.81
2008-05-19,11.92,12.42,11.6,12.35
2008-05-20,12.35,12.68,11.62,11.83
2008-05-21,11.69,12.1,11.21,11.96
2008-05-22,11.82,12.48,11.65,12.28
2008-05-23,12.18,13.51,11.82,12.83
2008-05-27,12.3,12.3,11.55,11.84
2008-05-28,11.6,11.98,11.51,11.83
2008-05-29,11.79,12.27,11.6,11.88
2008-05-30,11.8,11.95,11.34,11.43
2008-06-02,11.45,11.85,11.25,11.81
2008-06-03,12.0,12.37,11.35,11.44
2008-06-04,11.31,11.31,10.62,10.74
2008-06-05,10.74,11.03,10.65,10.84
2008-06-06,11.0,11.0,10.7,10.79
2008-06-10,10.41,10.41,9.71,9.71
2008-06-11,9.42,9.75,9.3,9.51
2008-06-12,9.5,9.59,9.1,9.38
2008-06-13,9.45,9.68,8.99,9.01
2008-06-16,9.11,9.24,8.66,8.7
2008-06-17,8.8,8.98,8.54,8.7
2008-06-18,8.76,9.34,8.36,9.23
2008-06-19,9.08,9.18,8.48,8.5
2008-06-20,8.52,9.1,8.18,8.69
2008-06-23,8.76,8.86,8.4,8.65
2008-06-24,8.65,9.47,8.56,9.19
2008-06-25,9.08,9.78,9.08,9.69
2008-06-26,9.7,9.79,9.44,9.61
2008-06-27,9.27,9.32,8.83,9.18
2008-06-30,9.19,9.4,9.04,9.33
2008-07-01,9.35,9.43,9.01,9.04
2008-07-02,9.1,9.5,9.02,9.23
2008-07-03,9.1,9.94,9.06,9.67
2008-07-04,9.7,9.78,9.38,9.66
2008-07-07,9.7,10.09,9.68,10.0
2008-07-08,10.09,10.19,9.81,10.13
2008-07-09,10.15,10.28,10.01,10.21
2008-07-10,10.05,10.35,9.98,10.01
2008-07-11,10.0,10.07,9.69,9.83
2008-07-14,9.7,9.98,9.65,9.96
2008-07-15,9.9,10.15,9.61,9.66
2008-07-16,9.62,10.1,9.31,9.44
2008-07-17,9.57,9.84,9.13,9.18
2008-07-18,9.37,9.68,9.08,9.64
2008-07-21,9.6,9.99,9.51,9.93
2008-07-22,9.97,10.13,9.93,10.04
2008-07-23,10.09,10.79,9.96,10.43
2008-07-24,10.44,10.66,10.28,10.55
2008-07-25,10.4,10.85,10.3,10.62
2008-07-28,10.72,11.04,10.66,10.76
2008-07-29,10.65,10.74,10.35,10.42
2008-07-30,10.57,10.85,10.5,10.59
2008-07-31,10.75,10.91,10.37,10.42
2008-08-01,10.4,10.72,10.0,10.69
2008-08-04,10.55,10.71,10.08,10.28
2008-08-05,10.35,10.6,10.19,10.28
2008-08-06,10.77,11.31,10.42,10.6
2008-08-07,10.28,10.51,9.86,10.08
2008-08-08,10.05,10.05,9.07,9.15
2008-08-11,9.2,9.28,8.28,8.41
2008-08-12,8.46,8.7,8.35,8.52
2008-08-13,8.39,8.75,8.36,8.69
2008-08-14,8.72,8.77,8.6,8.72
2008-08-15,8.73,8.73,8.44,8.57
2008-08-18,8.59,8.64,7.71,7.71
2008-08-19,7.55,7.87,7.55,7.85
2008-08-20,7.8,8.64,7.8,8.63
2008-08-21,8.48,8.81,8.3,8.33
2008-08-22,8.19,8.45,8.0,8.18
2008-08-25,8.12,8.34,8.1,8.19
2008-08-26,8.0,8.08,7.55,7.68
2008-08-27,7.69,7.93,7.62,7.85
2008-08-28,7.8,8.0,7.74,7.93
2008-08-29,7.94,8.29,7.94,8.07
2008-09-01,8.07,8.07,7.76,7.92
2008-09-02,7.88,8.23,7.75,8.05
2008-09-03,7.95,8.13,7.79,7.87
2008-09-04,7.82,8.05,7.81,7.95
2008-09-05,7.78,7.85,7.46,7.53
2008-09-08,7.54,7.58,6.95,6.99
2008-09-09,6.99,7.17,6.9,7.1
2008-09-10,7.14,7.39,7.0,7.14
2008-09-11,7.17,7.22,7.05,7.1
2008-09-12,7.1,7.25,7.09,7.11
2008-09-16,7.1,7.33,6.95,7.08
2008-09-17,7.08,7.18,6.63,6.69
2008-09-18,6.55,6.76,6.03,6.58
2008-09-19,7.24,7.24,7.02,7.24
2008-09-22,7.78,7.96,7.3,7.53
2008-09-23,7.29,7.29,7.0,7.01
2008-09-24,6.98,7.25,6.81,7.23
2008-09-25,7.24,7.44,7.16,7.29
2008-09-26,7.35,7.44,7.11,7.23
2008-10-06,7.16,7.16,6.84,6.85
2008-10-07,6.63,6.94,6.56,6.82
2008-10-08,6.68,6.79,6.5,6.57
2008-10-09,6.7,6.79,6.5,6.5
2008-10-10,6.2,6.26,5.85,5.85
2008-10-13,5.84,5.89,5.35,5.88
2008-10-14,6.05,6.08,5.48,5.51
2008-10-15,5.51,5.57,5.35,5.56
2008-10-16,5.21,5.74,5.01,5.33
2008-10-17,5.35,5.5,5.25,5.38
2008-10-20,5.37,5.68,5.29,5.59
2008-10-21,5.64,5.69,5.5,5.52
2008-10-22,5.34,5.5,5.33,5.48
2008-10-23,5.29,5.6,5.29,5.59
2008-10-24,5.66,5.77,5.57,5.65
2008-10-27,5.65,5.73,5.23,5.26
2008-10-28,5.09,5.45,5.0,5.44
2008-10-29,5.6,5.68,5.41,5.45
2008-10-30,5.46,5.63,5.35,5.54
2008-10-31,5.56,5.56,5.29,5.32
2008-11-03,5.18,5.36,5.17,5.21
2008-11-04,5.21,5.25,4.95,5.09
2008-11-05,5.15,5.42,5.15,5.33
2008-11-06,5.2,5.63,5.2,5.6
2008-11-07,5.55,5.85,5.55,5.7
2008-11-10,5.83,6.15,5.7,6.11
2008-11-11,6.05,6.28,5.91,6.06
2008-11-12,5.98,6.16,5.93,6.08
2008-11-13,5.99,6.38,5.97,6.3
2008-11-14,6.31,6.56,6.22,6.53
2008-11-17,6.65,7.07,6.49,7.05
2008-11-18,6.9,6.99,6.35,6.36
2008-11-19,6.55,7.0,6.55,7.0
2008-11-20,7.4,7.69,7.06,7.16
2008-11-21,6.9,7.03,6.44,6.85
2008-11-24,6.71,6.84,6.36,6.38
2008-11-25,6.45,6.6,6.34,6.59
2008-11-26,6.7,6.77,6.45,6.56
2008-11-27,7.14,7.14,6.56,6.57
2008-11-28,6.55,6.55,6.32,6.43
2008-12-01,6.43,6.74,6.36,6.7
2008-12-02,6.52,7.04,6.42,6.9
2008-12-03,6.96,7.33,6.91,7.31
2008-12-04,7.38,7.69,7.1,7.12
2008-12-05,7.05,7.45,7.05,7.4
2008-12-08,7.48,7.95,7.48,7.92
2008-12-09,7.92,8.27,7.89,7.94
2008-12-10,7.9,8.65,7.86,8.5
2008-12-11,8.5,8.58,8.17,8.2
2008-12-12,8.24,8.49,7.98,8.14
2008-12-15,8.4,8.56,8.01,8.31
2008-12-16,8.54,8.97,8.32,8.89
2008-12-17,8.89,8.99,8.59,8.79
2008-12-18,8.8,9.2,8.6,9.13
2008-12-19,9.13,9.64,9.13,9.59
2008-12-23,9.8,9.97,9.11,9.15
2008-12-24,8.95,8.95,8.52,8.59
2008-12-25,8.71,9.04,8.59,8.77
2008-12-26,8.81,9.12,8.76,8.93
2008-12-29,8.87,8.89,8.31,8.85
2008-12-30,8.88,9.35,8.82,9.21
2008-12-31,9.15,9.58,9.09,9.29
2009-01-05,9.75,9.82,9.29,9.49
2009-01-06,9.5,9.84,9.28,9.75
2009-01-07,9.8,10.09,9.59,9.6
2009-01-08,9.38,9.45,9.14,9.38
2009-01-09,9.43,9.54,9.33,9.5
2009-01-12,9.47,9.95,9.27,9.74
2009-01-13,9.55,9.63,9.38,9.46
2009-01-14,9.45,9.71,9.2,9.62
2009-01-15,9.45,9.84,9.33,9.62
2009-01-16,9.65,10.08,9.59,9.78
2009-01-19,9.85,10.05,9.69,9.82
2009-01-20,9.81,10.17,9.64,10.16
2009-01-21,9.99,10.5,9.98,10.14
2009-01-22,10.3,10.43,10.08,10.3
2009-01-23,10.6,10.6,10.3,10.38
2009-02-02,10.6,10.6,10.05,10.51
2009-02-03,10.47,10.76,10.35,10.61
2009-02-04,10.65,10.73,10.53,10.66
2009-02-06,10.57,11.3,10.46,11.07
2009-02-09,11.02,11.82,11.02,11.32
2009-02-10,11.4,11.63,11.16,11.57
2009-02-11,11.25,11.69,11.24,11.35
2009-02-12,11.35,12.45,11.3,12.39
2009-02-13,12.4,12.77,12.17,12.38
2009-02-16,12.5,12.98,12.47,12.69
2009-02-17,12.69,12.71,11.89,11.92
2009-02-18,11.75,12.14,11.4,11.45
2009-02-19,11.85,12.07,11.34,11.58
2009-02-20,11.7,12.3,11.41,12.17
2009-02-23,12.16,12.83,11.95,12.57
2009-02-24,12.4,12.58,11.7,11.75
2009-02-25,11.93,12.02,11.31,11.79
2009-02-26,11.78,11.85,10.81,11.01
2009-02-27,10.9,11.3,10.46,11.01
2009-03-02,10.88,12.0,10.88,11.99
2009-03-03,11.79,12.67,11.68,12.53
2009-03-04,12.54,13.05,12.42,12.93
2009-03-05,12.92,13.36,12.69,12.91
2009-03-06,12.71,13.08,12.5,12.68
2009-03-09,12.7,12.85,12.22,12.4
2009-03-10,12.44,12.87,12.36,12.83
2009-03-11,13.05,13.08,12.52,12.69
2009-03-12,12.65,13.32,12.35,13.19
2009-03-13,13.2,13.44,12.84,12.89
2009-03-16,12.85,13.1,12.51,12.92
2009-03-17,13.18,13.6,13.03,13.29
2009-03-18,13.31,13.75,13.23,13.6
2009-03-19,13.64,14.35,13.51,13.89
2009-03-20,13.95,14.04,13.42,13.85
2009-03-23,14.08,14.59,13.6,13.84
2009-03-24,14.05,14.05,13.68,13.84
2009-03-25,13.8,13.96,13.13,13.18
2009-03-26,13.15,13.67,13.15,13.6
2009-03-27,13.6,13.8,13.13,13.25
2009-03-30,13.26,13.59,13.13,13.56
2009-03-31,13.32,13.9,13.06,13.85
2009-04-01,13.95,14.31,13.85,13.95
2009-04-02,13.93,14.1,13.84,13.85
2009-04-03,13.87,13.97,13.41,13.59
2009-04-07,13.59,13.95,13.55,13.79
2009-04-08,13.75,14.1,13.7,13.72
2009-04-09,13.79,13.9,13.26,13.72
2009-04-10,13.78,14.35,13.61,14.22
2009-04-13,14.23,14.67,14.14,14.24
2009-04-14,14.38,15.29,14.22,15.24
2009-04-15,15.0,15.75,15.0,15.59
2009-04-16,15.92,16.2,15.15,15.4
2009-04-17,15.48,16.0,15.3,15.66
2009-04-20,15.73,16.21,15.71,15.8
2009-04-21,15.65,15.65,15.21,15.39
2009-04-22,15.43,15.83,14.56,14.63
2009-04-23,14.42,14.82,14.38,14.75
2009-04-24,14.75,15.14,14.65,14.92
2009-04-27,15.01,15.01,14.49,14.6
2009-04-28,14.5,14.81,14.42,14.76
2009-04-29,14.76,15.38,14.75,15.22
2009-04-30,15.32,16.74,15.3,16.29
2009-05-04,16.6,16.7,16.22,16.6
2009-05-05,16.65,17.37,16.47,16.97
2009-05-06,17.01,17.17,16.79,16.87
2009-05-07,16.93,17.31,16.77,17.28
2009-05-08,17.2,17.2,16.4,16.48
2009-05-11,16.57,16.57,15.65,15.76
2009-05-12,15.68,16.2,15.68,16.19
2009-05-13,16.2,16.3,15.8,16.01
2009-05-14,16.0,16.54,15.85,16.52
2009-05-15,16.57,16.65,16.16,16.29
2009-05-18,16.19,16.19,15.7,16.04
2009-05-19,16.1,16.48,15.95,16.0
2009-05-21,15.8,16.08,15.18,15.31
2009-05-22,15.34,15.68,15.28,15.52
2009-05-25,15.0,15.65,14.89,15.5
2009-05-26,15.54,16.39,15.54,16.05
2009-05-27,16.14,16.28,15.65,15.99
2009-06-01,16.1,16.3,15.82,15.9
2009-06-02,15.93,16.09,15.67,15.93
2009-06-03,15.97,16.24,15.94,16.18
2009-06-04,16.13,16.29,15.7,15.87
2009-06-05,15.9,15.99,15.34,15.36
2009-06-08,15.3,15.7,14.9,15.63
2009-06-09,15.38,15.52,15.11,15.44
2009-06-10,15.49,16.69,15.3,16.27
2009-06-11,16.22,16.73,16.11,16.34
2009-06-12,16.45,16.6,16.24,16.29
2009-06-15,16.41,16.93,16.25,16.77
2009-06-16,16.6,16.67,16.26,16.37
2009-06-17,16.37,16.54,15.99,16.37
2009-06-18,16.33,16.37,16.12,16.24
2009-06-19,16.45,16.8,16.27,16.75
2009-06-22,16.97,17.5,16.62,16.69
2009-06-23,16.3,16.6,16.2,16.39
2009-06-24,16.56,16.98,16.33,16.7
2009-06-25,16.7,17.38,16.68,17.16
2009-06-26,17.24,18.0,17.1,17.96
2009-06-29,18.1,19.37,17.96,18.15
2009-06-30,18.0,18.99,17.75,18.65
2009-07-01,18.45,18.79,18.3,18.5
2009-07-02,18.69,18.69,17.85,17.94
2009-07-03,17.78,18.17,17.71,17.87
2009-07-06,17.76,18.34,17.4,18.0
2009-07-07,18.0,19.3,17.95,18.99
2009-07-08,18.86,19.4,18.71,19.37
2009-07-09,19.4,20.0,18.9,19.98
2009-07-10,19.94,20.28,19.55,19.74
2009-07-13,19.6,19.82,19.19,19.21
2009-07-14,19.25,19.82,19.25,19.65
2009-07-15,19.71,20.15,19.36,19.59
2009-07-16,19.53,19.91,19.23,19.37
2009-07-17,19.46,19.84,19.37,19.53
2009-07-20,19.65,20.25,19.64,19.97
2009-07-21,19.95,19.97,19.0,19.15
2009-07-22,19.15,19.39,19.1,19.21
2009-07-23,19.2,19.68,19.1,19.66
2009-07-24,19.73,20.31,19.57,20.3
2009-07-27,20.9,21.5,20.75,20.8
2009-07-28,20.58,21.35,20.5,20.97
2009-07-29,21.0,21.65,19.01,20.08
2009-07-30,20.1,20.45,19.38,20.07
2009-07-31,21.03,21.11,20.5,20.61
2009-08-03,21.04,21.44,20.6,21.24
2009-08-04,21.01,21.2,20.4,20.83
2009-08-05,20.68,20.96,20.3,20.9
2009-08-06,20.67,21.87,20.65,21.38
2009-08-07,21.57,23.0,21.38,22.51
2009-08-10,22.88,23.45,22.1,22.39
2009-08-11,22.25,22.27,21.58,21.73
2009-08-12,21.6,22.09,20.6,20.64
2009-08-13,20.67,21.17,20.3,20.88
2009-08-14,21.1,21.1,19.46,19.5
2009-08-17,19.11,19.3,17.55,17.59
2009-08-18,17.55,18.4,17.51,18.27
2009-08-19,18.44,18.5,17.8,17.96
2009-08-20,18.03,19.35,18.0,19.29
2009-08-21,19.35,19.95,18.9,19.85
2009-08-24,19.91,20.08,19.6,19.84
2009-08-25,19.68,19.7,18.65,19.21
2009-08-26,19.1,20.35,19.06,20.05
2009-08-27,20.0,21.01,19.81,20.77
2009-08-28,21.0,21.2,20.0,21.09
2009-08-31,20.86,20.86,18.98,18.98
2009-09-01,18.8,19.35,18.68,18.85
2009-09-02,19.1,19.25,18.09,18.5
2009-09-03,18.66,19.34,18.5,19.24
2009-09-04,19.25,19.5,19.1,19.39
2009-09-07,19.55,19.97,19.01,19.36
2009-09-08,19.18,19.66,18.79,19.65
2009-09-09,19.64,19.95,19.33,19.81
2009-09-10,19.9,20.9,19.76,20.61
2009-09-11,20.72,21.22,20.44,21.19
2009-09-14,21.3,21.79,21.06,21.1
2009-09-15,21.34,21.48,20.83,21.13
2009-09-16,21.36,21.98,21.36,21.91
2009-09-17,21.91,22.97,21.65,22.56
2009-09-18,22.56,22.78,20.98,21.15
2009-09-21,20.97,23.03,20.7,22.72
2009-09-22,22.61,24.2,22.55,23.3
2009-09-23,23.01,23.5,22.45,22.49
2009-09-24,22.15,22.8,22.1,22.51
2009-09-25,22.49,23.49,22.38,22.41
2009-09-28,22.16,22.74,21.0,21.28
2009-09-29,21.01,21.97,20.86,21.93
2009-09-30,22.22,22.25,21.3,21.41
2009-10-09,21.9,22.66,21.6,22.46
2009-10-12,22.46,23.24,22.32,22.61
2009-10-13,22.6,23.26,22.51,23.23
2009-10-14,23.23,23.49,22.87,23.22
2009-10-15,23.26,23.8,23.09,23.71
2009-10-16,23.71,23.94,23.4,23.93
2009-10-19,23.88,24.07,23.65,23.93
2009-10-20,24.16,24.24,23.45,23.59
2009-10-21,23.51,23.75,23.21,23.26
2009-10-22,23.18,23.62,23.13,23.21
2009-10-23,23.28,23.77,23.1,23.14
2009-10-26,23.5,23.85,23.25,23.31
2009-10-27,23.21,23.67,22.81,23.24
2009-10-28,23.28,23.34,22.58,23.18
2009-10-29,22.7,22.94,22.6,22.75
2009-10-30,23.07,23.56,22.91,23.29
2009-11-02,22.8,24.2,22.68,24.11
2009-11-03,24.14,24.48,23.88,24.12
2009-11-04,24.2,24.65,23.94,24.32
2009-11-05,24.25,24.47,23.81,24.04
2009-11-06,24.18,24.24,23.78,23.87
2009-11-09,23.8,24.14,23.63,24.04
2009-11-11,23.85,24.08,23.3,23.69
2009-11-12,23.63,24.24,23.45,23.72
2009-11-13,23.61,24.53,23.61,24.48
2009-11-16,24.75,25.52,24.71,25.1
2009-11-17,25.14,25.2,24.7,24.94
2009-11-18,24.89,25.0,24.48,24.56
2009-11-19,24.5,24.9,24.48,24.82
2009-11-20,24.78,24.88,24.41,24.53
2009-11-23,24.61,25.2,24.56,25.03
2009-11-24,25.25,25.48,23.41,23.62
2009-11-25,23.42,25.09,23.42,25.0
2009-11-26,25.0,25.45,23.78,23.82
2009-11-27,23.4,24.26,23.39,23.8
2009-11-30,24.0,24.9,23.91,24.86
2009-12-01,24.7,25.65,24.65,25.63
2009-12-02,25.88,25.93,25.26,25.69
2009-12-03,25.6,26.49,25.34,25.96
2009-12-04,25.94,25.94,24.68,25.05
2009-12-07,25.05,25.76,25.05,25.34
2009-12-08,25.35,25.48,25.03,25.26
2009-12-09,25.05,25.44,24.88,24.95
2009-12-10,25.01,25.34,24.91,25.29
2009-12-11,25.5,25.5,24.96,25.1
2009-12-14,25.01,25.15,24.56,24.97
2009-12-15,24.86,25.7,24.86,25.48
2009-12-16,25.4,25.86,24.9,25.05
2009-12-17,25.12,25.3,24.22,24.26
2009-12-18,24.15,24.15,23.0,23.26
2009-12-21,23.25,23.68,22.78,23.47
2009-12-22,23.5,23.78,22.71,22.73
2009-12-23,22.76,23.3,22.45,23.14
2009-12-24,23.15,23.94,23.01,23.83
2009-12-25,23.82,24.38,23.6,24.31
2009-12-28,24.53,24.85,24.04,24.68
2009-12-29,24.71,24.86,24.37,24.78
2009-12-30,24.79,24.8,24.32,24.45
2009-12-31,24.7,24.85,24.4,24.77
2010-01-04,24.8,25.58,24.78,25.29
2010-01-05,25.44,25.44,24.7,25.01
2010-01-06,25.03,25.56,24.98,25.01
2010-01-07,24.9,25.0,23.8,23.97
2010-01-08,23.82,24.29,23.35,24.25
2010-01-11,24.46,24.68,23.89,24.58
2010-01-12,24.68,26.0,24.32,25.82
2010-01-13,25.24,27.33,25.22,26.24
2010-01-14,26.87,28.36,26.8,27.99
2010-01-15,28.13,28.59,27.5,28.16
2010-01-18,28.02,28.8,27.8,28.55
2010-01-19,28.4,29.18,27.79,28.7
2010-01-20,28.9,28.93,26.75,26.89
2010-01-21,27.04,27.24,26.38,26.53
2010-01-22,26.18,26.38,24.89,25.78
2010-01-25,26.0,26.59,25.7,25.71
2010-01-26,25.65,25.88,24.7,25.0
2010-01-27,25.15,25.64,24.81,25.01
2010-01-28,24.82,25.64,24.82,25.48
2010-01-29,25.42,26.09,25.18,25.55
2010-02-01,25.33,25.68,24.8,25.36
2010-02-02,25.58,25.81,24.85,24.94
2010-02-03,24.94,25.19,23.63,24.73
2010-02-04,24.5,24.9,24.23,24.52
2010-02-05,23.81,24.3,23.71,23.8
2010-02-08,23.44,23.92,22.99,23.21
2010-02-09,23.19,23.34,22.71,23.12
2010-02-10,23.27,23.94,23.21,23.92
2010-02-11,23.94,24.28,23.7,24.06
2010-02-12,24.24,24.57,24.08,24.51
2010-02-22,24.4,24.4,23.95,23.98
2010-02-23,23.9,24.32,23.27,24.3
2010-02-24,24.18,24.75,23.85,24.68
2010-02-25,24.9,25.15,24.65,25.02
2010-02-26,25.0,25.01,24.46,24.64
2010-03-01,24.61,25.45,24.33,25.3
2010-03-02,25.15,25.28,24.6,24.65
2010-03-03,24.66,25.3,24.66,24.95
2010-03-04,24.55,24.86,23.8,24.0
2010-03-05,24.13,24.2,23.6,23.67
2010-03-08,23.67,23.87,23.45,23.82
2010-03-09,23.8,24.1,23.7,23.85
2010-03-10,23.9,24.06,23.28,23.52
2010-03-11,23.5,23.64,22.78,23.13
2010-03-12,23.1,23.3,22.8,22.82
2010-03-15,22.85,23.28,22.8,23.07
2010-03-16,23.08,23.25,22.74,22.88
2010-03-17,22.95,23.5,22.88,23.46
2010-03-18,23.74,24.48,23.73,24.1
2010-03-19,24.29,24.59,24.1,24.51
2010-03-22,24.56,24.83,24.21,24.31
2010-03-23,24.32,24.4,23.63,23.7
2010-03-24,23.9,23.98,23.65,23.84
2010-03-25,23.92,24.07,23.27,23.29
2010-03-26,23.4,23.9,23.2,23.77
2010-03-29,23.9,24.17,23.7,23.97
2010-03-30,23.98,24.6,23.91,24.26
2010-03-31,24.36,25.56,24.1,25.34
2010-04-01,25.3,26.15,25.21,25.68
2010-04-02,25.73,25.86,25.31,25.49
2010-04-06,25.57,25.85,25.24,25.44
2010-04-07,25.9,26.45,25.4,25.44
2010-04-08,25.11,25.37,24.36,24.77
2010-04-09,24.89,26.68,24.88,26.05
2010-04-12,26.3,27.55,26.3,27.37
2010-04-13,27.37,27.37,25.41,26.29
2010-04-14,26.32,26.81,26.32,26.59
2010-04-15,26.73,27.49,25.8,26.46
2010-04-16,26.65,26.65,25.58,25.68
2010-04-19,25.3,25.69,24.2,24.24
2010-04-20,24.25,25.08,24.25,25.01
2010-04-21,25.14,26.38,25.0,26.33
2010-04-22,26.15,26.89,25.82,26.18
2010-04-23,26.33,26.58,25.49,25.71
2010-04-26,25.5,25.95,25.45,25.57
2010-04-27,25.6,25.7,24.47,25.14
2010-04-28,24.7,25.45,24.61,24.69
2010-04-30,24.14,24.14,22.87,22.95
2010-05-04,22.54,23.1,22.2,22.57
2010-05-05,22.21,23.26,22.21,23.09
2010-05-06,23.25,23.29,22.25,22.26
2010-05-07,21.81,21.81,21.23,21.4
2010-05-10,21.32,21.6,19.89,20.66
2010-05-11,21.18,21.33,19.89,19.94
2010-05-12,19.67,20.37,18.11,18.74
2010-05-13,18.8,19.78,18.38,19.76
2010-05-14,19.28,19.89,18.96,19.56
2010-05-17,19.0,19.2,17.6,17.64
2010-05-18,17.92,18.28,17.42,18.03
2010-05-19,17.88,18.55,17.5,18.33
2010-05-20,18.09,18.84,18.06,18.11
2010-05-21,17.4,18.74,17.3,18.7
2010-05-24,18.92,19.82,18.92,19.77
2010-05-25,19.59,20.1,19.31,19.5
2010-05-26,19.51,19.93,19.41,19.61
2010-05-27,19.52,19.97,19.24,19.94
2010-05-28,20.19,20.67,19.88,20.25
2010-05-31,19.91,20.08,18.89,18.97
2010-06-01,18.75,18.87,18.03,18.45
2010-06-02,18.3,18.7,18.05,18.61
2010-06-03,18.82,19.05,18.41,18.44
2010-06-04,18.15,18.75,18.1,18.72
2010-06-07,18.2,18.93,18.08,18.76
2010-06-08,19.13,19.8,18.95,19.79
2010-06-09,19.9,20.4,19.89,20.2
2010-06-10,20.1,20.72,19.9,20.35
2010-06-11,20.57,20.73,20.01,20.29
2010-06-17,20.65,21.05,20.29,20.33
2010-06-18,20.25,20.68,19.35,19.57
2010-06-21,19.5,20.3,18.9,20.29
2010-06-22,20.3,20.78,20.15,20.67
2010-06-23,20.54,20.68,19.9,20.19
2010-06-24,20.26,20.6,20.13,20.35
2010-06-25,20.2,20.55,20.02,20.2
2010-06-29,19.83,19.89,18.18,18.18
2010-06-30,17.9,18.15,17.23,17.31
2010-07-01,17.3,17.6,17.21,17.35
2010-07-02,17.35,17.43,16.01,16.87
2010-07-05,16.41,16.76,16.2,16.42
2010-07-06,16.48,16.95,16.48,16.9
2010-07-07,16.96,17.82,16.8,17.52
2010-07-08,17.65,17.73,17.34,17.53
2010-07-09,17.55,18.3,17.35,18.23
2010-07-12,18.21,18.84,18.21,18.79
2010-07-13,18.6,19.0,18.32,18.87
2010-07-14,18.87,19.38,18.52,18.68
2010-07-15,18.58,18.85,17.9,17.95
2010-07-19,17.93,19.06,17.8,19.05
2010-07-20,19.16,19.64,19.0,19.54
2010-07-21,19.6,19.78,19.16,19.21
2010-07-22,19.18,19.57,19.08,19.56
2010-07-23,19.65,20.55,19.65,20.24
2010-07-26,20.23,20.29,19.95,20.26
2010-07-27,20.25,20.25,19.9,19.98
2010-07-28,20.1,21.18,20.08,21.14
2010-07-29,21.2,21.5,20.78,20.94
2010-07-30,20.65,21.07,20.38,21.0
2010-08-02,21.0,21.46,20.7,21.26
2010-08-03,21.46,21.64,20.58,20.63
2010-08-04,20.79,20.86,19.89,20.59
2010-08-05,20.49,20.58,20.13,20.4
2010-08-06,20.25,21.04,20.06,21.0
2010-08-09,20.88,21.15,20.63,20.94
2010-08-10,20.88,20.93,19.86,19.87
2010-08-11,19.7,20.22,19.69,19.95
2010-08-12,19.7,19.96,19.52,19.53
2010-08-13,19.59,20.17,19.53,20.09
2010-08-17,20.68,21.0,20.53,20.81
2010-08-18,20.8,21.58,20.62,21.36
2010-08-19,21.39,22.2,21.02,22.09
2010-08-20,21.9,21.94,21.16,21.18
2010-08-23,21.18,21.3,20.65,20.87
2010-08-24,20.78,21.8,20.7,21.79
2010-08-25,21.58,21.58,20.91,20.95
2010-08-26,20.99,21.36,20.7,21.33
2010-08-27,21.16,21.71,20.96,21.68
2010-08-30,21.75,22.58,21.74,22.45
2010-08-31,22.25,23.09,22.22,23.0
2010-09-01,23.1,23.77,22.35,23.06
2010-09-02,23.3,24.18,23.06,23.94
2010-09-03,24.02,24.29,23.48,24.18
2010-09-06,24.17,24.52,23.82,23.88
2010-09-07,23.86,23.98,23.03,23.78
2010-09-08,23.5,23.75,23.29,23.69
2010-09-09,23.84,24.19,23.0,23.19
2010-09-10,23.31,23.67,22.71,23.6
2010-09-13,23.67,24.39,23.4,24.29
2010-09-14,24.4,24.96,24.0,24.78
2010-09-15,24.78,25.14,24.25,24.54
2010-09-16,24.28,24.57,23.5,23.78
2010-09-17,23.74,24.39,23.52,24.18
2010-09-20,24.52,24.74,23.81,24.21
2010-09-21,24.3,24.35,23.72,23.85
2010-09-27,24.01,25.48,24.01,25.29
2010-09-28,25.33,25.38,24.8,24.9
2010-09-29,24.8,24.95,23.73,23.76
2010-09-30,23.71,24.18,23.7,23.95
2010-10-08,24.3,24.55,23.88,24.41
2010-10-11,24.45,24.96,23.98,24.11
2010-10-12,24.11,24.11,22.8,22.97
2010-10-13,23.01,23.42,22.35,23.34
2010-10-14,23.33,23.33,22.1,22.29
2010-10-15,22.3,22.69,21.68,21.99
2010-10-18,21.87,22.48,21.43,22.41
2010-10-19,22.3,23.23,22.2,23.11
2010-10-20,22.56,23.58,22.56,23.03
2010-10-21,23.1,23.36,22.8,23.19
2010-10-22,24.0,25.46,23.71,25.04
2010-10-25,25.35,26.49,25.35,25.85
2010-10-26,25.94,26.3,25.36,26.24
2010-10-27,26.26,27.49,26.05,26.64
2010-10-28,26.35,27.09,26.11,26.79
2010-10-29,26.64,27.86,26.5,27.6
2010-11-01,27.68,27.95,27.08,27.37
2010-11-02,27.38,27.84,26.32,26.39
2010-11-03,26.44,26.91,25.82,25.83
2010-11-04,25.76,27.14,25.76,26.96
2010-11-05,27.22,28.53,26.93,28.12
2010-11-08,28.01,28.98,27.61,27.86
2010-11-09,27.86,28.19,27.6,28.0
2010-11-10,27.95,28.83,27.81,28.21
2010-11-11,28.0,28.48,27.5,27.55
2010-11-12,27.27,27.5,24.91,25.11
2010-11-15,25.25,25.82,24.26,25.74
2010-11-16,25.6,26.83,25.27,25.59
2010-11-17,25.37,25.89,24.5,24.78
2010-11-18,25.18,25.38,24.32,25.01
2010-11-19,25.71,27.51,25.58,27.51
2010-11-22,27.7,30.2,27.7,28.92
2010-11-23,28.7,29.49,27.77,29.26
2010-11-24,29.18,30.18,28.71,30.04
2010-11-25,30.2,30.27,29.2,29.31
2010-11-26,29.31,29.74,28.88,28.94
2010-11-29,29.1,30.1,28.68,29.73
2010-11-30,29.54,29.89,27.31,28.46
2010-12-01,28.07,30.26,27.77,29.77
2010-12-02,30.01,32.05,30.01,30.91
2010-12-03,30.98,30.98,29.85,30.15
2010-12-06,30.12,30.86,28.91,29.23
2010-12-07,28.92,30.23,28.5,30.09
2010-12-08,30.0,30.05,29.33,29.35
2010-12-09,29.0,29.14,28.35,28.41
2010-12-10,28.13,29.31,28.01,29.28
2010-12-13,29.54,30.67,29.35,30.27
2010-12-14,30.45,31.14,30.21,30.59
2010-12-16,30.25,30.95,29.96,30.41
2010-12-17,30.5,31.58,30.25,31.4
2010-12-20,31.56,32.88,31.0,32.17
2010-12-21,32.09,32.67,31.42,32.31
2010-12-22,32.5,32.63,30.91,30.94
2010-12-23,30.84,31.2,29.98,30.28
2010-12-24,29.9,30.36,29.2,30.0
2010-12-27,30.16,30.99,28.58,28.92
2010-12-28,28.7,29.3,28.13,28.79
2010-12-29,28.85,30.39,28.79,30.37
2010-12-30,30.2,30.63,30.0,30.6
2010-12-31,30.6,31.05,30.15,30.85
2011-01-04,30.98,30.98,30.21,30.55
2011-01-05,30.49,30.49,29.65,29.87
2011-01-06,29.91,30.19,29.63,29.72
2011-01-07,29.85,29.9,29.06,29.35
2011-01-10,29.5,29.83,28.82,28.87
2011-01-11,28.53,28.9,27.5,27.99
2011-01-12,27.94,28.55,27.59,28.06
2011-01-13,28.38,28.4,27.95,27.99
2011-01-14,27.95,27.97,26.36,26.51
2011-01-17,26.45,26.45,25.3,25.47
2011-01-18,25.35,25.9,25.35,25.68
2011-01-19,25.68,26.93,25.6,26.66
2011-01-20,26.6,26.8,25.4,25.6
2011-01-21,25.55,26.31,25.41,25.85
2011-01-24,25.85,26.29,24.47,24.49
2011-01-25,24.51,24.7,23.81,24.25
2011-01-26,24.37,24.88,24.3,24.86
2011-01-27,24.59,25.67,24.47,25.63
2011-01-28,25.65,26.69,25.55,26.4
2011-01-31,26.39,26.88,26.1,26.71
2011-02-01,26.71,26.71,26.05,26.25
2011-02-09,26.0,27.65,25.87,26.79
2011-02-10,26.69,27.43,26.67,27.29
2011-02-11,27.36,28.05,27.05,27.79
2011-02-14,27.98,28.68,27.78,28.3
2011-02-15,28.28,28.36,27.75,27.79
2011-02-16,27.82,28.97,27.82,28.79
2011-02-17,29.45,30.7,29.19,29.23
2011-02-18,29.22,29.22,28.39,28.56
2011-02-21,28.5,30.3,28.45,30.25
2011-02-22,30.13,30.13,28.91,29.04
2011-02-23,28.89,29.4,28.82,29.37
2011-02-24,29.2,29.27,28.72,29.01
2011-02-25,28.91,29.37,28.6,28.94
2011-02-28,29.05,29.88,28.83,29.59
2011-03-01,29.72,29.74,29.06,29.23
2011-03-02,29.25,29.55,28.56,29.07
2011-03-03,29.2,29.3,28.0,28.04
2011-03-04,28.04,28.58,27.9,28.44
2011-03-07,28.45,28.69,28.2,28.45
2011-03-08,28.45,28.75,28.01,28.37
2011-03-09,28.37,29.58,28.31,29.43
2011-03-10,29.48,29.93,29.15,29.18
2011-03-11,29.0,29.39,28.74,28.87
2011-03-14,28.9,30.1,28.9,30.09
2011-03-15,30.1,30.14,29.0,29.71
2011-03-16,29.82,30.18,29.54,30.17
2011-03-17,29.89,29.89,28.62,28.66
2011-03-18,28.75,29.24,27.4,27.66
2011-03-21,27.7,27.94,26.6,26.83
2011-03-22,26.9,27.66,26.43,27.54
2011-03-23,27.3,28.06,27.21,27.9
2011-03-24,28.1,28.28,27.65,27.74
2011-03-25,27.74,27.86,27.2,27.29
2011-03-28,27.32,27.4,26.58,26.7
2011-03-29,26.68,27.16,26.5,26.57
2011-03-30,26.61,27.38,26.61,26.78
2011-03-31,27.03,27.13,26.04,26.2
2011-04-01,26.06,26.38,25.68,26.34
2011-04-06,26.12,26.24,24.99,25.3
2011-04-07,25.31,25.58,25.05,25.51
2011-04-11,25.99,26.1,25.38,25.52
2011-04-12,25.56,26.22,25.56,25.96
2011-04-13,25.96,26.68,25.7,26.67
2011-04-14,26.71,26.78,26.3,26.4
2011-04-15,26.91,27.17,26.6,27.09
2011-04-18,27.0,27.07,26.48,26.72
2011-04-19,26.48,26.5,25.55,25.64
2011-04-20,25.71,25.96,25.62,25.87
2011-04-21,25.3,25.3,23.32,23.76
2011-04-22,23.7,23.75,23.34,23.56
2011-04-25,23.58,23.85,22.86,23.81
2011-04-26,23.64,23.77,22.91,22.99
2011-04-27,23.42,24.3,23.31,23.57
2011-04-28,23.7,23.8,23.09,23.32
2011-04-29,23.32,23.52,23.12,23.51
2011-05-03,23.51,23.67,23.12,23.58
2011-05-04,23.57,23.57,22.61,22.87
2011-05-05,22.92,23.1,22.77,23.02
2011-05-06,22.78,23.29,22.68,23.28
2011-05-09,23.3,23.99,23.27,23.87
2011-05-10,24.01,24.4,23.9,24.16
2011-05-11,24.2,24.2,23.86,24.06
2011-05-12,23.91,23.99,23.54,23.77
2011-05-13,24.25,24.4,23.7,24.0
2011-05-16,23.86,24.07,23.64,23.84
2011-05-17,23.78,23.87,23.16,23.73
2011-05-18,23.6,23.94,23.53,23.93
2011-05-19,24.01,24.09,23.66,23.7
2011-05-20,23.6,23.71,23.3,23.41
2011-05-23,23.41,23.67,23.0,23.03
2011-05-24,23.03,23.08,22.78,23.04
2011-05-25,23.34,23.54,23.1,23.3
2011-05-26,23.56,23.99,23.33,23.34
2011-05-27,23.65,23.88,23.32,23.34
2011-05-30,23.33,23.34,22.03,22.42
2011-05-31,22.44,22.99,22.44,22.77
2011-06-01,22.87,23.57,22.68,23.54
2011-06-02,23.14,23.43,22.88,23.26
2011-06-03,23.2,23.86,23.18,23.67
2011-06-07,23.57,24.21,23.47,24.2
2011-06-08,24.49,24.6,23.79,24.1
2011-06-09,24.12,24.12,23.6,23.67
2011-06-10,23.43,24.28,23.01,24.06
2011-06-13,23.8,23.83,23.38,23.78
2011-06-14,23.78,24.06,23.6,23.9
2011-06-15,23.87,23.88,23.31,23.34
2011-06-16,23.08,23.16,22.78,22.78
2011-06-17,22.62,23.03,22.42,22.47
2011-06-20,22.4,22.65,22.17,22.22
2011-06-21,22.3,22.55,22.16,22.5
2011-06-22,22.49,22.63,22.26,22.4
2011-06-23,22.35,22.98,22.06,22.91
2011-06-24,22.79,23.46,22.6,23.43
2011-06-27,23.3,23.95,23.3,23.85
2011-06-28,23.65,23.94,23.35,23.78
2011-06-29,23.75,23.96,23.45,23.65
2011-06-30,23.61,23.83,23.51,23.64
2011-07-01,24.1,24.1,23.51,23.55
2011-07-04,23.62,24.26,23.43,24.24
2011-07-05,24.24,24.7,23.93,24.64
2011-07-06,24.5,25.11,24.33,24.99
2011-07-07,24.8,25.56,24.8,25.23
2011-07-08,25.04,25.55,24.93,25.52
2011-07-11,25.73,25.75,25.22,25.68
2011-07-12,25.3,25.59,24.9,25.11
2011-07-13,24.8,25.18,24.72,24.96
2011-07-14,24.79,24.96,24.1,24.29
2011-07-21,23.9,23.9,23.29,23.32
2011-07-22,23.36,23.59,23.23,23.45
2011-07-25,23.29,23.67,22.29,22.55
2011-07-26,22.5,22.73,22.36,22.64
2011-07-27,22.6,23.09,22.4,22.97
2011-07-28,22.85,23.23,22.66,23.13
2011-07-29,23.15,23.24,22.65,22.67
2011-08-01,22.66,22.94,22.18,22.78
2011-08-02,22.59,22.59,21.4,21.63
2011-08-03,21.47,21.64,21.18,21.25
2011-08-04,21.38,21.59,21.23,21.5
2011-08-05,20.68,21.45,20.58,21.36
2011-08-08,21.0,21.47,20.21,20.48
2011-08-09,19.87,20.91,19.71,20.56
2011-08-10,20.97,21.09,20.5,20.55
2011-08-11,20.1,21.4,20.08,21.31
2011-08-12,21.4,21.83,21.28,21.44
2011-08-15,21.5,21.99,21.19,21.77
2011-08-16,21.74,21.93,21.38,21.46
2011-08-17,21.45,21.54,21.18,21.22
2011-08-19,20.6,20.87,20.51,20.74
2011-08-22,20.73,20.92,20.56,20.77
2011-08-23,20.83,21.3,20.7,21.2
2011-08-24,21.34,21.39,20.93,20.99
2011-08-25,21.06,21.97,21.03,21.67
2011-08-26,21.48,21.78,21.37,21.54
2011-08-29,21.41,21.75,21.39,21.49
2011-08-30,21.59,21.72,21.11,21.13
2011-08-31,21.13,21.16,20.62,20.8
2011-09-01,20.8,20.98,20.54,20.65
2011-09-02,20.49,20.68,20.0,20.15
2011-09-05,19.9,19.95,19.57,19.6
2011-09-06,19.45,19.76,19.38,19.48
2011-09-07,19.74,20.4,19.51,20.19
2011-09-08,20.19,20.25,19.65,19.66
2011-09-09,19.59,19.95,19.59,19.68
2011-09-13,19.4,19.58,19.18,19.45
2011-09-14,19.54,19.87,19.38,19.83
2011-09-15,19.87,19.96,19.7,19.82
2011-09-16,19.89,20.35,19.82,19.85
2011-09-19,19.75,19.75,19.28,19.3
2011-09-20,19.02,19.55,19.01,19.41
2011-09-21,19.38,20.08,19.32,19.96
2011-09-22,19.79,19.89,19.08,19.09
2011-09-23,18.83,18.98,18.6,18.9
2011-09-26,18.82,18.98,18.4,18.54
2011-09-27,18.68,18.85,18.52,18.7
2011-09-28,18.84,18.88,18.3,18.31
2011-09-29,18.33,18.33,17.89,17.91
2011-09-30,17.93,18.17,17.6,17.83
2011-10-10,17.9,18.17,17.79,17.86
2011-10-11,18.4,18.47,17.11,17.87
2011-10-12,17.61,18.42,17.53,18.38
2011-10-13,18.38,18.75,18.21,18.59
2011-10-14,18.5,18.65,18.17,18.27
2011-10-17,18.28,18.51,18.25,18.46
2011-10-18,18.3,18.46,17.69,17.7
2011-10-19,17.78,17.93,17.56,17.62
2011-10-20,17.49,17.59,16.68,16.76
2011-10-21,16.74,16.93,16.52,16.63
2011-10-24,16.78,17.11,16.45,17.01
2011-10-25,17.12,17.53,17.0,17.48
2011-10-26,17.34,17.88,17.1,17.61
2011-10-27,17.64,17.8,17.47,17.54
2011-10-28,17.79,17.88,17.57,17.86
2011-10-31,17.8,18.14,17.75,17.95
2011-11-01,17.78,18.2,17.72,17.91
2011-11-02,17.59,18.78,17.45,18.65
2011-11-03,18.8,19.26,18.66,18.87
2011-11-04,19.0,19.19,18.8,18.91
2011-11-07,18.97,19.12,18.75,18.81
2011-11-08,18.82,18.88,18.27,18.28
2011-11-09,18.39,18.75,18.11,18.72
2011-11-10,18.48,18.62,18.23,18.25
2011-11-11,18.31,18.44,18.09,18.19
2011-11-14,18.39,18.84,18.37,18.77
2011-11-15,18.75,18.88,18.58,18.84
2011-11-16,18.9,18.97,18.23,18.35
2011-11-17,18.36,18.6,18.22,18.35
2011-11-18,18.35,18.35,17.52,17.85
2011-11-21,17.8,17.94,17.61,17.83
2011-11-22,17.7,17.9,17.52,17.88
2011-11-23,17.87,18.17,17.72,17.84
2011-11-24,17.71,17.8,17.4,17.68
2011-11-25,17.65,17.8,17.46,17.66
2011-11-28,17.65,17.79,17.32,17.5
2011-11-29,17.7,17.76,17.52,17.75
2011-11-30,17.76,17.78,16.7,16.79
2011-12-01,17.28,17.45,16.99,17.08
2011-12-02,16.91,17.04,16.54,16.63
2011-12-05,16.64,16.7,16.13,16.31
2011-12-06,16.31,16.5,16.2,16.45
2011-12-07,16.44,16.53,16.28,16.45
2011-12-09,16.21,16.46,16.14,16.17
2011-12-12,16.21,16.28,16.08,16.15
2011-12-13,16.09,16.15,15.72,15.81
2011-12-14,15.88,16.04,15.6,15.65
2011-12-15,15.59,15.88,15.32,15.37
2011-12-16,15.42,15.95,15.42,15.86
2011-12-19,15.7,16.33,15.66,16.24
2011-12-20,16.15,16.51,16.0,16.07
2011-12-21,16.35,16.39,15.67,15.7
2011-12-22,15.63,15.78,15.05,15.36
2011-12-23,15.3,15.65,15.29,15.49
2011-12-26,15.57,15.95,15.5,15.65
2011-12-27,15.7,15.7,15.29,15.33
2011-12-28,15.5,15.5,14.93,15.38
2011-12-29,15.32,15.77,15.15,15.67
2011-12-30,15.8,16.06,15.66,15.98
2012-01-04,16.16,16.3,15.71,15.73
2012-01-05,15.69,15.69,14.9,14.94
2012-01-06,15.0,15.37,14.8,15.31
2012-01-09,15.25,16.13,15.2,16.1
2012-01-10,16.09,16.58,15.98,16.52
2012-01-11,16.49,16.8,16.4,16.49
2012-01-12,16.43,16.65,16.33,16.5
2012-01-13,16.5,16.59,15.78,15.85
2012-01-16,15.78,16.0,15.63,15.7
2012-01-17,15.73,16.75,15.73,16.7
2012-01-18,16.71,16.93,16.35,16.61
2012-01-19,16.6,16.82,16.36,16.71
2012-01-20,16.71,17.08,16.7,17.06
2012-01-30,17.07,17.09,16.84,16.91
2012-01-31,16.85,16.98,16.66,16.96
2012-02-01,16.93,17.09,16.66,16.7
2012-02-02,16.72,17.32,16.66,17.28
2012-02-03,17.32,17.93,17.32,17.76
2012-02-06,17.82,18.12,17.62,17.91
2012-02-07,17.77,17.95,17.42,17.77
2012-02-08,17.81,18.38,17.72,18.33
2012-02-09,18.27,18.45,18.17,18.25
2012-02-10,18.28,18.59,18.16,18.25
2012-02-13,18.14,18.53,18.0,18.43
2012-02-14,18.45,19.06,18.36,18.68
2012-02-15,18.67,19.12,18.6,19.03
2012-02-16,19.06,19.23,18.65,18.92
2012-02-17,18.98,19.42,18.87,19.02
2012-02-20,19.34,20.19,19.19,19.6
2012-02-21,19.56,19.84,18.9,19.47
2012-02-22,19.39,20.44,19.19,20.39
2012-02-23,19.61,19.87,19.42,19.49
2012-02-24,19.47,19.52,19.02,19.28
2012-02-27,19.3,19.52,19.1,19.12
2012-02-28,19.05,19.25,18.82,19.14
2012-02-29,19.09,19.23,18.99,19.05
2012-03-01,18.95,19.38,18.9,19.25
2012-03-02,19.5,19.69,19.4,19.54
2012-03-05,19.61,19.64,19.2,19.23
2012-03-06,19.18,19.24,18.71,18.83
2012-03-07,18.59,19.18,18.53,18.86
2012-03-08,19.16,19.54,19.16,19.53
2012-03-09,19.68,19.91,19.55,19.78
2012-03-12,19.94,20.2,19.78,20.09
2012-03-13,20.14,20.21,19.86,20.16
2012-03-14,20.21,20.29,19.03,19.13
2012-03-15,19.06,19.37,18.87,19.12
2012-03-19,19.48,19.57,19.15,19.47
2012-03-20,19.38,19.4,18.7,18.82
2012-03-21,18.95,19.06,18.55,18.69
2012-03-22,18.81,19.16,18.7,19.02
2012-03-23,19.0,19.0,18.54,18.68
2012-03-26,18.8,18.97,18.65,18.74
2012-03-27,18.95,19.06,18.75,18.86
2012-03-28,18.79,18.83,18.06,18.1
2012-03-29,18.03,18.13,17.58,17.84
2012-03-30,17.89,18.12,17.51,17.58
2012-04-05,17.74,18.47,17.62,18.45
2012-04-06,18.48,18.99,18.3,18.68
2012-04-09,18.53,18.78,18.31,18.34
2012-04-10,18.22,18.6,17.88,18.59
2012-04-11,18.34,18.69,18.11,18.56
2012-04-12,18.57,18.96,18.52,18.95
2012-04-13,18.94,19.05,18.72,18.89
2012-04-16,18.77,18.79,18.56,18.68
2012-04-17,18.68,18.74,18.27,18.28
2012-04-18,18.35,18.8,18.28,18.78
2012-04-19,18.77,18.85,18.65,18.79
2012-04-20,18.77,19.22,18.64,19.18
2012-04-23,19.13,19.13,18.79,18.85
2012-04-24,18.7,18.95,18.25,18.55
2012-04-25,18.66,18.87,18.44,18.79
2012-04-26,18.83,18.94,18.59,18.69
2012-04-27,18.67,18.69,18.43,18.5
2012-05-02,18.75,19.28,18.67,19.19
2012-05-03,19.18,19.29,19.06,19.26
2012-05-04,19.38,19.54,19.21,19.52
2012-05-07,19.76,20.26,19.76,19.9
2012-05-08,19.9,20.15,19.8,19.92
2012-05-09,19.7,19.78,19.2,19.21
2012-05-10,10.69,10.88,10.55,10.57
2012-05-11,10.47,10.47,10.2,10.2
2012-05-14,10.27,10.35,10.06,10.12
2012-05-15,10.04,10.26,9.96,10.25
2012-05-16,10.24,10.28,10.03,10.04
2012-05-17,10.15,10.27,10.07,10.18
2012-05-18,10.19,10.19,9.76,9.83
2012-05-21,9.83,9.94,9.8,9.87
2012-05-22,9.91,10.12,9.91,10.07
2012-05-23,10.04,10.08,9.8,9.9
2012-05-24,10.0,10.18,9.98,10.05
2012-05-25,10.02,10.3,10.01,10.12
2012-05-28,10.0,10.2,9.83,10.17
2012-05-29,10.19,10.26,10.04,10.21
2012-05-30,10.19,10.27,10.13,10.2
2012-05-31,10.14,10.45,10.1,10.41
2012-06-01,10.34,10.47,10.22,10.24
2012-06-04,10.0,10.01,9.75,9.77
2012-06-05,9.84,9.88,9.68,9.7
2012-06-07,9.86,9.91,9.52,9.57
2012-06-08,9.7,9.7,9.4,9.42
2012-06-11,9.49,9.6,9.34,9.58
2012-06-12,9.52,9.52,9.32,9.33
2012-06-13,9.41,9.41,9.18,9.35
2012-06-14,9.31,9.34,9.16,9.2
2012-06-15,9.24,9.25,9.08,9.19
2012-06-18,9.23,9.34,9.22,9.28
2012-06-19,9.27,9.34,9.23,9.26
2012-06-20,9.29,9.34,9.24,9.29
2012-06-21,9.26,9.26,9.07,9.1
2012-06-25,9.03,9.08,8.73,8.74
2012-06-26,8.7,8.71,8.38,8.58
2012-06-27,8.58,8.63,8.47,8.48
2012-06-28,8.55,8.68,8.4,8.4
2012-06-29,8.35,8.56,8.3,8.53
2012-07-02,8.6,8.64,8.51,8.55
2012-07-03,8.53,8.65,8.48,8.52
2012-07-04,8.58,8.58,8.41,8.45
2012-07-05,8.45,8.45,8.11,8.12
2012-07-06,8.18,8.32,8.02,8.28
2012-07-09,8.21,8.27,8.0,8.01
2012-07-10,7.99,8.0,7.8,7.88
2012-07-11,7.85,7.99,7.84,7.97
2012-07-12,7.96,8.23,7.95,8.18
2012-07-13,8.14,8.25,8.11,8.14
2012-07-16,8.12,8.17,7.65,7.66
2012-07-17,7.66,7.8,7.6,7.77
2012-07-18,7.78,8.03,7.77,7.99
2012-07-19,7.97,8.22,7.92,8.1
2012-07-20,8.1,8.14,8.0,8.02
2012-07-23,7.99,7.99,7.7,7.87
2012-07-24,7.81,8.11,7.8,8.07
2012-07-25,8.0,8.08,7.89,7.91
2012-07-26,7.96,8.06,7.87,7.92
2012-07-27,8.0,8.03,7.91,7.96
2012-07-30,7.97,8.03,7.78,7.83
2012-07-31,7.83,7.87,7.7,7.73
2012-08-01,7.76,7.99,7.75,7.95
2012-08-02,7.94,8.02,7.86,7.92
2012-08-03,8.0,8.12,7.9,8.11
2012-08-06,8.12,8.45,8.05,8.43
2012-08-07,8.4,8.46,8.29,8.37
2012-08-08,8.4,8.57,8.27,8.51
2012-08-09,8.47,8.57,8.39,8.55
2012-08-10,8.51,8.55,8.39,8.4
2012-08-13,8.4,8.45,8.23,8.24
2012-08-14,8.19,8.37,8.1,8.35
2012-08-15,8.35,8.35,8.12,8.14
2012-08-16,8.15,8.18,8.02,8.03
2012-08-17,8.03,8.05,7.89,7.98
2012-08-20,7.94,7.99,7.8,7.91
2012-08-21,7.91,8.12,7.9,8.1
2012-08-22,8.09,8.1,7.89,7.93
2012-08-23,7.94,8.19,7.94,8.19
2012-08-24,8.13,8.44,8.12,8.27
2012-08-27,8.24,8.28,8.11,8.18
2012-08-28,8.17,8.24,8.0,8.16
2012-08-29,8.12,8.45,8.09,8.28
2012-08-30,8.3,8.43,8.05,8.32
2012-08-31,8.34,8.52,8.3,8.5
2012-09-03,8.45,8.6,8.39,8.5
2012-09-04,8.51,8.56,8.27,8.28
2012-09-05,8.26,8.53,8.2,8.47
2012-09-06,8.52,8.68,8.43,8.64
2012-09-07,8.75,9.01,8.66,8.89
2012-09-10,8.91,9.14,8.89,8.99
2012-09-11,8.92,9.05,8.87,8.92
2012-09-12,9.0,9.05,8.79,8.93
2012-09-13,8.92,9.02,8.86,8.87
2012-09-14,9.01,9.09,8.75,8.85
2012-09-17,8.77,8.83,8.49,8.5
2012-09-18,8.46,8.62,8.4,8.42
2012-09-19,8.53,8.74,8.47,8.73
2012-09-20,8.7,8.73,8.36,8.39
2012-09-21,8.4,8.56,8.33,8.37
2012-09-24,8.27,8.42,8.18,8.37
2012-09-25,8.25,8.36,8.17,8.17
2012-09-26,8.17,8.24,7.97,7.99
2012-09-27,7.85,8.24,7.85,8.15
2012-09-28,8.11,8.3,8.05,8.29
2012-10-08,8.28,8.33,8.17,8.2
2012-10-09,8.18,8.44,8.18,8.42
2012-10-10,8.43,8.49,8.39,8.48
2012-10-11,8.45,8.46,8.25,8.26
2012-10-12,8.26,8.4,8.12,8.21
2012-10-15,8.24,8.26,8.07,8.13
2012-10-16,8.13,8.26,8.09,8.21
2012-10-17,8.21,8.27,8.09,8.18
2012-10-18,8.19,8.4,8.16,8.33
2012-10-19,8.33,8.39,8.29,8.35
2012-10-22,8.3,8.39,8.21,8.33
2012-10-23,8.35,8.37,8.22,8.22
2012-10-24,8.22,8.55,8.21,8.47
2012-10-25,8.48,8.58,8.25,8.28
2012-10-26,8.33,8.33,8.05,8.11
2012-10-29,8.11,8.16,8.02,8.08
2012-10-30,8.1,8.17,8.05,8.09
2012-10-31,8.09,8.12,7.99,8.09
2012-11-01,8.11,8.24,8.1,8.22
2012-11-02,8.25,8.27,8.14,8.23
2012-11-05,8.24,8.27,8.17,8.18
2012-11-06,8.21,8.21,8.0,8.07
2012-11-07,8.08,8.13,8.03,8.09
2012-11-08,8.01,8.01,7.76,7.78
2012-11-09,7.8,7.83,7.6,7.69
2012-11-12,7.7,7.76,7.65,7.75
2012-11-13,7.76,7.76,7.41,7.54
2012-11-14,7.5,7.53,7.33,7.46
2012-11-15,7.4,7.45,7.29,7.31
2012-11-16,7.3,7.32,7.2,7.24
2012-11-19,7.25,7.37,7.22,7.37
2012-11-20,7.4,7.44,7.33,7.35
2012-11-21,7.35,7.44,7.2,7.43
2012-11-22,7.36,7.38,7.27,7.28
2012-11-23,7.33,7.4,7.27,7.35
2012-11-26,7.38,7.42,7.29,7.3
2012-11-27,7.21,7.28,7.01,7.02
2012-11-28,6.99,6.99,6.8,6.85
2012-11-29,6.88,6.92,6.72,6.74
2012-11-30,6.74,6.85,6.71,6.82
2012-12-03,6.77,6.83,6.62,6.63
2012-12-04,6.6,7.02,6.54,6.97
2012-12-05,6.95,7.31,6.88,7.22
2012-12-06,7.22,7.32,7.16,7.29
2012-12-07,7.28,7.66,7.23,7.53
2012-12-10,7.58,7.95,7.53,7.69
2012-12-11,7.64,7.83,7.57,7.72
2012-12-12,7.7,7.9,7.59,7.73
2012-12-13,7.7,7.7,7.52,7.57
2012-12-14,7.57,7.93,7.55,7.91
2012-12-17,7.93,8.03,7.8,7.88
2012-12-18,7.9,8.09,7.77,7.94
2012-12-19,7.91,8.01,7.82,7.84
2012-12-20,7.82,7.82,7.57,7.69
2012-12-21,7.69,7.76,7.56,7.6
2012-12-24,7.58,7.63,7.56,7.62
2012-12-25,7.61,7.82,7.49,7.81
2012-12-26,7.78,7.97,7.77,7.9
2012-12-27,7.87,7.92,7.7,7.71
2012-12-28,7.66,7.74,7.62,7.71
2012-12-31,7.75,7.94,7.69,7.89
2013-01-04,8.0,8.03,7.85,7.94
2013-01-07,7.94,8.22,7.91,8.21
2013-01-08,8.26,8.89,8.21,8.59
2013-01-09,8.48,8.73,8.36,8.63
2013-01-10,8.56,8.67,8.39,8.48
2013-01-11,8.43,8.62,8.17,8.21
2013-01-14,8.18,8.55,8.16,8.51
2013-01-15,8.51,8.68,8.51,8.64
2013-01-16,8.63,8.7,8.41,8.54
2013-01-17,8.76,9.0,8.54,8.58
2013-01-18,8.52,8.73,8.5,8.62
2013-01-21,8.75,8.98,8.73,8.85
2013-01-22,8.89,8.89,8.45,8.55
2013-01-23,8.52,8.62,8.31,8.53
2013-01-24,8.49,8.63,8.2,8.31
2013-01-25,8.3,8.37,8.25,8.31
2013-01-28,8.35,8.57,8.34,8.55
2013-01-29,8.57,8.64,8.48,8.56
2013-01-30,8.56,8.58,8.4,8.49
2013-01-31,8.47,8.54,8.41,8.52
2013-02-01,8.49,8.63,8.43,8.59
2013-02-04,8.64,8.71,8.46,8.48
2013-02-05,8.45,8.45,8.29,8.4
2013-02-06,8.41,8.49,8.38,8.47
2013-02-07,8.47,8.48,8.39,8.42
2013-02-08,8.41,8.76,8.39,8.74
2013-02-18,8.8,8.84,8.64,8.73
2013-02-19,8.7,8.79,8.56,8.59
2013-02-20,8.55,8.81,8.54,8.8
2013-02-21,8.74,8.85,8.55,8.77
2013-02-22,8.71,9.11,8.71,8.98
2013-02-25,9.0,9.07,8.86,9.0
2013-02-26,8.94,9.16,8.69,8.75
2013-02-27,8.8,8.93,8.64,8.78
2013-02-28,8.8,9.04,8.72,8.99
2013-03-01,8.99,9.37,8.93,9.32
2013-03-04,9.23,9.47,9.04,9.12
2013-03-05,9.15,9.51,9.09,9.5
2013-03-06,9.53,9.93,9.41,9.66
2013-03-07,9.67,9.87,9.2,9.37
2013-03-08,9.35,9.55,9.2,9.33
2013-03-11,9.33,9.38,9.23,9.3
2013-03-12,9.31,9.36,8.75,8.83
2013-03-13,8.82,8.82,8.33,8.55
2013-03-14,8.53,8.67,8.48,8.62
2013-03-15,8.63,9.48,8.62,9.12
2013-03-18,9.1,9.34,8.92,9.11
2013-03-19,9.1,9.26,8.98,9.2
2013-03-20,9.21,9.36,9.07,9.35
2013-03-21,9.25,9.41,9.13,9.25
2013-03-22,9.2,9.43,9.15,9.26
2013-03-25,9.25,9.3,9.01,9.08
2013-03-26,9.03,9.15,8.88,9.14
2013-03-27,9.13,9.38,9.1,9.18
2013-03-28,9.09,9.4,9.01,9.07
2013-03-29,9.1,9.15,8.85,8.88
2013-04-01,8.86,9.12,8.85,8.96
2013-04-02,9.16,9.72,9.16,9.31
2013-04-03,9.42,9.46,9.13,9.19
2013-04-08,9.05,9.39,8.8,9.38
2013-04-09,9.38,9.59,9.29,9.57
2013-04-10,9.54,9.72,9.48,9.62
2013-04-11,9.63,9.66,9.34,9.37
2013-04-12,9.38,9.46,9.21,9.29
2013-04-15,9.23,9.42,9.17,9.33
2013-04-16,9.23,9.27,9.05,9.18
2013-04-17,9.14,9.39,9.12,9.37
2013-04-18,9.35,9.57,9.3,9.48
2013-04-19,9.42,9.84,9.41,9.73
2013-04-22,9.75,9.93,9.66,9.85
2013-04-23,9.86,9.9,9.32,9.35
2013-04-24,9.36,10.19,9.36,10.1
2013-04-25,10.01,10.48,9.93,10.14
2013-04-26,10.0,10.26,9.88,9.9
2013-05-02,9.74,10.35,9.7,10.32
2013-05-03,10.36,10.55,10.21,10.26
2013-05-06,10.26,10.66,10.26,10.58
2013-05-07,10.5,10.65,10.4,10.58
2013-05-08,10.64,10.75,10.2,10.37
2013-05-09,10.35,10.88,10.25,10.88
2013-05-10,10.78,11.14,10.66,10.79
2013-05-13,10.78,10.95,10.58,10.9
2013-05-14,10.84,10.84,10.55,10.76
2013-05-15,10.73,10.86,10.65,10.84
2013-05-16,10.84,11.12,10.56,10.65
2013-05-17,10.59,10.88,10.33,10.7
2013-05-20,10.74,11.13,10.6,11.03
2013-05-21,11.03,11.4,10.92,11.26
2013-05-22,11.32,11.36,10.9,10.98
2013-05-23,10.9,11.19,10.66,10.67
2013-05-24,10.73,10.86,10.58,10.82
2013-05-27,10.82,11.04,10.74,10.82
2013-05-28,10.82,10.82,10.41,10.5
2013-05-29,10.5,10.65,10.38,10.56
2013-05-30,10.45,10.67,10.43,10.64
2013-05-31,10.68,10.82,10.56,10.58
2013-06-03,10.6,10.66,10.15,10.17
2013-06-04,10.2,10.26,9.95,10.12
2013-06-05,10.1,10.25,9.96,10.24
2013-06-06,10.16,10.21,9.95,9.97
2013-06-07,9.96,10.08,9.56,9.6
2013-06-13,9.5,9.51,8.64,8.89
2013-06-14,8.96,9.11,8.8,9.08
2013-06-17,9.07,9.19,8.98,9.08
2013-06-18,9.1,9.22,9.03,9.12
2013-06-19,9.08,9.08,8.75,8.88
2013-06-20,8.81,8.86,8.33,8.35
2013-06-21,8.14,8.36,7.9,8.2
2013-06-24,8.18,8.35,7.51,7.7
2013-06-25,7.7,8.17,7.3,8.16
2013-06-26,8.15,8.45,8.04,8.42
2013-06-27,8.41,8.46,8.06,8.08
2013-06-28,8.18,8.45,8.18,8.44
2013-07-01,8.41,8.56,8.25,8.55
2013-07-02,8.53,8.65,8.42,8.6
2013-07-03,8.53,8.54,8.29,8.46
2013-07-04,8.4,8.73,8.27,8.53
2013-07-05,8.52,8.58,8.34,8.37
2013-07-08,8.19,8.19,7.75,7.76
2013-07-09,7.55,7.87,7.55,7.78
2013-07-10,7.76,8.08,7.73,8.07
2013-07-11,8.1,8.47,8.06,8.36
2013-07-12,8.38,8.49,8.14,8.18
2013-07-15,8.5,8.93,8.5,8.92
2013-07-16,8.93,9.13,8.82,9.01
2013-07-17,8.96,9.15,8.84,8.89
2013-07-18,8.85,9.37,8.71,9.19
2013-07-19,9.13,9.33,8.8,8.82
2013-07-22,8.8,9.1,8.65,9.07
2013-07-23,9.35,9.5,9.17,9.24
2013-07-24,9.27,9.72,9.18,9.61
2013-07-25,9.66,9.8,9.36,9.38
2013-07-26,9.38,9.5,9.11,9.28
2013-07-29,9.23,9.23,8.9,8.92
2013-07-30,8.96,9.05,8.71,9.03
2013-07-31,9.04,9.36,9.04,9.19
2013-08-01,9.2,9.39,9.15,9.39
2013-08-02,9.45,9.69,9.4,9.52
2013-08-05,9.55,9.62,9.47,9.56
2013-08-06,9.52,9.73,9.51,9.6
2013-08-07,9.58,9.65,9.21,9.28
2013-08-08,9.28,9.4,9.21,9.32
2013-08-09,9.38,9.46,9.21,9.36
2013-08-12,9.36,9.45,9.27,9.45
2013-08-13,9.63,9.68,9.51,9.58
2013-08-14,9.69,9.95,9.68,9.84
2013-08-15,9.99,10.07,9.62,9.64
2013-08-16,9.53,9.94,9.45,9.47
2013-08-19,9.65,10.33,9.65,10.27
2013-08-20,10.2,10.56,10.15,10.37
2013-08-21,10.26,10.39,10.18,10.35
2013-08-22,10.35,10.71,10.3,10.33
2013-08-23,10.4,10.47,9.95,10.15
2013-08-26,10.38,10.66,10.33,10.56
2013-08-27,10.58,10.79,10.51,10.67
2013-08-28,10.56,10.57,10.23,10.29
2013-08-29,10.3,10.44,10.11,10.17
2013-08-30,10.2,10.32,9.96,10.1
2013-09-02,10.12,10.49,9.99,10.48
2013-09-03,10.51,10.6,10.37,10.53
2013-09-04,10.57,10.63,10.44,10.49
2013-09-05,10.45,10.74,10.43,10.58
2013-09-06,10.6,10.65,10.36,10.52
2013-09-09,10.51,10.63,10.35,10.55
2013-09-10,10.59,10.6,10.35,10.47
2013-09-11,10.51,10.57,10.07,10.13
2013-09-12,10.14,10.27,10.07,10.15
2013-09-13,10.16,10.23,9.92,10.17
2013-09-16,10.18,10.3,10.13,10.19
2013-09-17,10.23,10.47,10.2,10.28
2013-09-18,10.28,10.35,10.08,10.22
2013-09-23,10.28,10.77,10.28,10.76
2013-09-24,10.8,10.85,10.6,10.7
2013-09-25,10.74,10.97,10.57,10.72
2013-09-26,10.74,10.85,10.35,10.37
2013-09-27,10.37,10.56,10.25,10.37
2013-09-30,10.46,10.75,10.35,10.74
2013-10-08,10.74,11.26,10.69,11.23
2013-10-09,11.28,11.28,11.01,11.21
2013-10-10,11.19,11.28,10.97,11.01
2013-10-11,11.11,11.54,11.11,11.32
2013-10-14,11.41,11.46,11.21,11.36
2013-10-15,11.37,11.38,11.01,11.2
2013-10-16,11.11,11.14,10.69,10.76
2013-10-17,10.85,10.92,10.51,10.53
2013-10-18,10.53,10.74,10.5,10.7
2013-10-21,10.75,11.07,10.75,11.05
2013-10-22,11.13,11.29,10.81,10.88
2013-10-23,11.02,11.17,10.57,10.58
2013-10-24,10.58,10.73,10.42,10.53
2013-10-25,10.83,10.92,10.59,10.69
2013-10-28,10.75,11.07,10.66,10.99
2013-10-29,11.0,11.05,10.03,10.5
2013-10-30,10.49,10.58,10.33,10.55
2013-10-31,10.48,10.5,10.17,10.19
2013-11-01,10.22,10.28,9.96,10.08
2013-11-04,10.08,10.38,10.06,10.27
2013-11-05,10.29,10.47,10.19,10.43
2013-11-06,10.38,10.47,10.16,10.18
2013-11-07,10.19,10.34,10.1,10.22
2013-11-08,10.18,10.27,10.0,10.05
2013-11-11,10.05,10.17,9.96,10.08
2013-11-12,10.11,10.25,10.06,10.24
2013-11-13,10.18,10.18,9.88,9.89
2013-11-14,9.9,10.07,9.85,10.02
2013-11-15,10.09,10.44,10.04,10.3
2013-11-18,10.39,10.56,10.32,10.53
2013-11-19,10.55,10.62,10.47,10.61
2013-11-20,10.7,10.86,10.65,10.76
2013-11-21,10.77,11.07,10.7,10.92
2013-11-22,10.95,11.0,10.73,10.74
2013-11-25,10.76,11.03,10.76,10.81
2013-11-26,10.85,11.11,10.85,10.99
2013-11-27,10.98,11.11,10.87,11.07
2013-11-28,11.18,11.24,10.97,10.99
2013-11-29,10.95,11.06,10.91,11.0
2013-12-02,10.68,10.97,10.45,10.49
2013-12-03,10.47,11.15,10.44,11.12
2013-12-04,11.2,12.2,11.15,11.93
2013-12-05,11.96,12.09,11.72,11.74
2013-12-06,11.66,11.94,11.62,11.78
2013-12-09,11.85,12.05,11.79,11.92
2013-12-10,11.88,11.95,11.56,11.76
2013-12-11,11.7,11.86,11.55,11.83
2013-12-12,11.7,11.87,11.66,11.68
2013-12-13,11.59,11.68,11.53,11.56
2013-12-16,11.6,11.6,11.03,11.04
2013-12-17,11.03,11.24,11.02,11.11
2013-12-18,11.12,11.19,11.04,11.13
2013-12-19,11.16,11.22,11.02,11.03
2013-12-20,11.06,11.1,10.9,10.94
2013-12-23,10.95,11.18,10.84,11.14
2013-12-24,11.11,11.39,11.1,11.22
2013-12-25,11.22,11.33,10.91,11.14
2013-12-26,11.1,11.1,10.68,10.71
2013-12-27,10.68,10.85,10.61,10.83
2013-12-30,10.92,11.11,10.87,10.92
2013-12-31,10.87,11.08,10.8,10.92
2014-01-02,10.86,11.07,10.85,11.06
2014-01-03,11.03,11.07,10.85,10.93
2014-01-06,10.84,10.84,10.56,10.59
2014-01-07,10.54,10.71,10.45,10.6
2014-01-08,10.6,10.79,10.57,10.62
2014-01-09,10.64,10.76,10.38,10.39
2014-01-10,10.35,11.43,10.13,10.94
2014-01-13,11.0,11.0,10.0,10.3
2014-01-14,10.22,10.38,10.02,10.37
2014-01-15,10.3,10.56,10.22,10.47
2014-01-16,10.48,10.68,10.41,10.48
2014-01-17,10.62,10.65,10.42,10.58
2014-01-20,10.56,10.56,10.3,10.39
2014-01-21,10.38,10.67,10.36,10.65
2014-01-22,10.72,11.12,10.62,11.06
2014-01-23,11.05,11.23,10.99,11.14
2014-01-24,11.1,11.44,11.08,11.32
2014-01-27,11.2,11.56,11.2,11.42
2014-01-28,11.4,11.79,11.38,11.67
2014-01-29,11.68,11.85,11.49,11.73
2014-01-30,11.68,12.07,11.55,11.86
2014-02-07,11.79,12.56,11.72,12.45
2014-02-10,12.48,12.98,12.3,12.79
2014-02-11,12.75,12.99,12.54,12.79
2014-02-12,12.8,13.2,12.67,12.77
2014-02-19,13.1,13.36,12.31,12.39
2014-02-20,12.3,13.27,12.27,12.63
2014-02-21,12.53,13.49,12.52,13.48
2014-02-24,13.5,13.78,13.11,13.57
2014-02-25,14.1,14.27,12.86,12.92
2014-02-26,12.9,13.2,12.6,12.83
2014-02-27,13.0,13.56,12.88,13.07
2014-02-28,13.09,13.26,12.56,12.82
2014-03-03,12.79,13.32,12.6,13.3
2014-03-04,13.4,13.6,13.09,13.51
2014-03-05,13.49,13.56,13.1,13.35
2014-03-06,13.0,13.95,12.81,13.8
2014-03-07,13.9,14.26,13.3,13.36
2014-03-10,13.01,13.59,12.86,13.22
2014-03-11,13.2,13.45,12.95,13.14
2014-03-12,13.19,13.42,12.72,13.07
2014-03-13,13.03,13.26,12.75,13.2
2014-03-14,13.07,13.27,12.95,13.07
2014-03-17,13.1,13.13,12.82,13.0
2014-03-18,13.06,13.27,12.92,13.06
2014-03-19,13.23,13.59,13.03,13.54
2014-03-20,13.45,13.57,12.68,12.7
2014-03-21,12.61,13.15,12.5,13.03
2014-03-24,13.05,13.18,12.81,13.14
2014-03-25,13.1,13.15,12.79,12.9
2014-03-26,12.92,13.03,12.81,12.93
2014-03-27,12.93,12.96,12.48,12.58
2014-03-28,12.6,12.78,11.68,11.72
2014-03-31,11.8,11.8,11.44,11.62
2014-04-01,11.8,12.08,11.45,12.02
2014-04-02,12.08,12.25,11.96,12.05
2014-04-03,12.04,12.17,11.9,11.96
2014-04-04,11.91,12.25,11.91,12.18
2014-04-08,12.1,12.68,12.01,12.54
2014-04-09,12.65,12.76,12.36,12.43
2014-04-10,12.46,12.64,12.39,12.51
2014-04-11,12.41,12.48,12.15,12.25
2014-04-14,12.25,12.34,12.21,12.3
2014-04-15,12.34,12.67,12.15,12.6
2014-04-16,12.55,12.76,12.45,12.72
2014-04-17,12.9,12.9,12.57,12.61
2014-04-18,12.55,12.78,12.5,12.63
2014-04-21,12.49,12.98,12.4,12.7
2014-04-22,12.93,13.0,12.52,12.62
2014-04-23,12.51,12.65,12.11,12.19
2014-04-24,12.2,12.23,11.92,11.94
2014-04-25,11.96,12.08,11.8,11.81
2014-04-28,11.73,11.96,11.55,11.76
2014-04-29,12.01,12.24,11.83,12.23
2014-04-30,12.15,12.35,12.05,12.16
2014-05-05,12.11,12.28,11.9,12.24
2014-05-06,12.22,12.46,12.17,12.37
2014-05-07,12.3,12.45,12.24,12.32
2014-05-08,12.29,12.52,12.18,12.48
2014-05-09,12.45,12.95,12.35,12.5
2014-05-12,12.63,12.69,12.43,12.51
2014-05-13,12.51,12.54,12.16,12.2
2014-05-14,12.16,12.28,12.02,12.22
2014-05-15,12.22,12.25,12.01,12.09
2014-05-16,12.09,12.17,12.02,12.09
2014-05-19,12.09,12.28,11.97,12.21
2014-05-20,12.25,12.29,12.12,12.21
2014-05-21,12.08,12.19,11.99,12.16
2014-05-22,12.18,12.28,11.81,11.89
2014-05-23,11.86,11.98,11.71,11.93
2014-05-26,11.91,12.08,11.87,12.05
2014-05-27,12.41,12.52,12.19,12.41
2014-05-28,12.3,12.76,12.3,12.68
2014-05-29,12.67,12.71,12.47,12.68
2014-05-30,12.68,12.88,12.59,12.77
2014-06-03,12.98,12.98,12.53,12.65
2014-06-04,12.65,12.7,12.41,12.48
2014-06-05,12.5,12.84,12.48,12.8
2014-06-06,12.85,13.05,12.75,12.92
2014-06-09,12.89,13.07,12.73,12.94
2014-06-10,12.9,13.12,12.76,13.06
2014-06-11,13.0,13.13,12.83,13.08
2014-06-12,13.09,13.19,12.95,13.07
2014-06-13,12.98,13.13,12.87,13.08
2014-06-16,13.13,13.27,13.02,13.15
2014-06-17,13.16,13.25,12.69,12.7
2014-06-18,12.68,12.84,12.55,12.81
2014-06-19,12.81,13.12,12.55,12.61
2014-06-20,12.55,12.75,12.52,12.68
2014-06-23,12.65,12.87,12.65,12.74
2014-06-24,12.74,12.89,12.7,12.84
2014-06-25,12.81,12.83,12.56,12.61
2014-06-26,12.62,12.82,12.62,12.72
2014-06-27,12.9,13.13,12.85,12.99
2014-06-30,13.08,13.23,12.95,13.09
2014-07-01,13.36,13.97,13.31,13.78
2014-07-02,13.75,13.86,13.51,13.82
2014-07-03,13.73,13.89,13.58,13.83
2014-07-04,13.82,14.1,13.61,13.67
2014-07-07,13.58,13.77,13.36,13.69
2014-07-08,13.69,13.78,13.41,13.7
2014-07-09,13.8,13.97,13.4,13.41
2014-07-10,13.39,13.49,13.17,13.24
2014-07-11,13.19,13.42,13.16,13.33
2014-07-14,13.38,13.66,13.32,13.63
2014-07-15,13.65,13.67,13.4,13.48
2014-07-16,13.52,13.94,13.44,13.68
2014-07-17,13.67,13.71,13.29,13.36
2014-07-18,13.32,13.44,13.25,13.29
2014-07-21,13.23,13.33,12.9,12.96
2014-07-22,12.97,13.28,12.86,13.2
2014-07-23,13.17,13.31,13.0,13.05
2014-07-24,13.08,13.16,12.85,13.03
2014-07-25,13.05,13.26,13.05,13.19
2014-07-28,13.2,13.43,13.2,13.39
2014-07-29,13.65,13.79,13.5,13.55
2014-07-30,13.6,13.68,13.42,13.57
2014-07-31,13.53,13.64,13.46,13.6
2014-08-01,13.58,13.62,13.39,13.41
2014-08-04,13.45,13.75,13.37,13.73
2014-08-05,14.15,14.25,13.82,13.89
2014-08-06,13.89,13.98,13.79,13.89
2014-08-07,13.91,13.93,13.59,13.6
2014-08-08,13.64,13.76,13.59,13.7
2014-08-11,13.72,14.19,13.72,14.08
2014-08-12,14.08,14.24,13.93,14.22
2014-08-13,14.2,14.42,14.0,14.38
2014-08-14,14.41,14.46,14.0,14.03
2014-08-15,14.03,14.34,14.03,14.3
2014-08-18,14.32,14.53,14.28,14.47
2014-08-19,14.48,14.52,14.13,14.3
2014-08-20,14.27,14.29,14.08,14.13
2014-08-21,14.15,14.39,13.94,14.31
2014-08-22,14.31,14.49,14.16,14.39
2014-08-25,14.41,14.44,14.05,14.08
2014-08-26,14.09,14.38,13.9,14.27
2014-08-27,14.2,14.24,13.88,13.9
2014-08-28,13.9,14.05,13.79,13.89
2014-08-29,13.9,14.21,13.84,14.14
2014-09-01,14.13,14.78,14.1,14.6
2014-09-02,14.65,14.75,14.5,14.66
2014-09-03,14.71,15.06,14.6,14.94
2014-09-04,15.1,15.2,14.86,15.01
2014-09-05,15.06,15.14,14.93,15.03
2014-09-09,15.09,15.17,14.95,15.04
2014-09-10,15.01,15.01,14.75,14.85
2014-09-11,14.81,15.37,14.81,15.18
2014-09-12,15.15,15.5,15.05,15.44
2014-09-15,15.46,15.55,15.29,15.41
2014-09-16,15.37,15.45,14.72,14.75
2014-09-17,14.76,14.95,14.62,14.88
2014-09-18,14.88,15.25,14.71,15.09
2014-09-19,15.11,15.29,14.87,15.08
2014-09-22,15.1,15.25,14.8,15.2
2014-09-23,15.2,15.44,15.1,15.37
2014-09-24,15.31,15.88,15.26,15.71
2014-09-25,15.74,15.78,15.44,15.51
2014-09-26,15.75,16.17,15.6,15.62
2014-09-29,15.75,16.25,15.63,16.19
2014-09-30,16.22,16.26,16.05,16.12
2014-10-08,16.12,16.27,15.92,16.18
2014-10-09,16.2,16.24,15.73,15.91
2014-10-10,15.85,15.95,15.62,15.78
2014-10-13,15.85,15.86,15.53,15.77
2014-10-14,15.7,16.83,15.68,16.55
2014-10-15,16.58,16.58,16.15,16.38
2014-10-16,16.2,16.6,15.99,16.02
2014-10-17,16.0,16.11,15.48,15.78
2014-10-20,15.82,16.1,15.79,15.98
2014-10-21,16.08,16.11,15.54,15.57
2014-10-22,15.61,15.75,15.22,15.27
2014-10-23,15.35,15.54,15.16,15.21
2014-10-24,15.22,15.41,15.13,15.22
2014-10-27,15.18,15.35,15.01,15.3
2014-10-28,15.36,15.92,15.36,15.82
2014-10-29,15.8,15.92,15.63,15.77
2014-10-30,15.76,15.88,15.56,15.62
2014-10-31,15.61,15.76,15.18,15.38
2014-11-03,15.43,15.71,15.32,15.7
2014-11-04,15.7,15.99,15.63,15.75
2014-11-05,15.76,15.89,15.58,15.77
2014-11-06,15.74,16.16,15.7,16.12
2014-11-07,16.23,16.35,15.64,15.66
2014-11-10,15.58,15.9,15.55,15.89
2014-11-11,16.43,16.6,15.5,15.76
2014-11-12,15.55,15.8,15.54,15.79
2014-11-13,15.72,15.79,15.25,15.29
2014-11-14,15.35,15.44,15.25,15.33
2014-11-17,15.43,15.65,15.29,15.48
2014-11-18,15.45,15.54,15.22,15.28
2014-11-19,15.29,15.54,15.25,15.47
2014-11-20,15.39,15.6,15.32,15.5
2014-11-21,15.45,15.57,15.41,15.53
2014-11-24,15.67,15.86,15.56,15.79
2014-11-25,15.81,16.08,15.77,16.01
2014-11-26,16.06,16.14,15.7,15.85
2014-11-27,15.9,15.97,15.66,15.8
2014-11-28,15.79,15.84,15.52,15.65
2014-12-01,15.62,15.79,15.46,15.58
2014-12-02,15.75,16.06,15.72,15.97
2014-12-03,16.0,16.1,15.78,16.06
2014-12-04,16.1,16.28,15.91,16.21
2014-12-05,16.25,17.55,16.0,17.02
2014-12-08,16.9,17.18,16.61,17.0
2014-12-09,16.89,17.28,16.03,16.07
2014-12-10,15.86,16.85,15.86,16.83
2014-12-11,16.88,17.13,16.52,16.75
2014-12-12,16.62,16.89,16.53,16.69
2014-12-15,16.63,17.1,16.57,17.02
2014-12-16,17.09,17.46,16.92,17.09
2014-12-17,17.03,17.08,16.5,16.63
2014-12-18,16.6,16.67,16.2,16.33
2014-12-19,16.33,16.44,15.89,16.13
2014-12-22,16.13,16.25,15.46,15.48
2014-12-23,15.6,15.84,15.46,15.54
2014-12-24,15.63,15.85,15.52,15.78
2014-12-25,15.86,15.88,15.7,15.83
2014-12-26,15.89,16.3,15.89,16.25
2014-12-29,16.26,16.31,15.61,15.78
2014-12-30,15.78,15.9,15.15,15.17
2014-12-31,15.22,15.42,15.13,15.39
2015-01-05,15.43,15.7,15.2,15.65
2015-01-06,15.54,16.05,15.4,16.02
2015-01-07,15.95,15.95,15.51,15.68
2015-01-08,15.68,16.3,15.61,16.29
2015-01-09,16.3,16.48,15.9,15.94
2015-01-12,15.8,15.8,15.41,15.49
2015-01-13,15.5,16.47,15.4,15.94
2015-01-14,15.92,16.03,15.6,15.7
2015-01-15,15.67,16.0,15.66,15.98
2015-01-16,16.02,16.25,15.92,16.2
2015-01-19,15.8,16.24,15.33,15.54
2015-01-20,15.73,16.32,15.58,16.29
2015-01-21,16.32,16.66,16.22,16.61
2015-01-22,16.62,16.82,16.36,16.61
2015-01-23,16.62,16.88,16.42,16.75
2015-01-26,16.73,17.1,16.73,16.91
2015-01-27,16.88,17.26,16.55,17.04
2015-01-28,17.0,17.36,16.81,16.9
2015-01-29,16.7,17.03,16.63,16.76
2015-01-30,16.76,17.5,16.76,17.14
2015-02-02,17.02,17.93,16.9,17.68
2015-02-03,17.68,17.91,17.52,17.78
2015-02-04,18.0,18.14,17.56,17.66
2015-02-05,17.85,18.71,17.73,18.34
2015-02-06,18.3,18.45,18.08,18.14
2015-02-09,18.08,18.14,17.25,17.34
2015-02-10,17.35,17.64,17.19,17.62
2015-02-11,17.64,18.02,17.51,17.99
2015-02-12,18.1,18.18,17.8,17.97
2015-02-13,17.99,18.26,17.65,17.7
2015-02-16,17.7,18.26,17.43,18.24
2015-02-17,18.26,18.45,18.11,18.28
2015-02-25,18.28,19.19,18.09,18.9
2015-02-26,18.8,18.98,18.65,18.72
2015-02-27,18.77,19.24,18.69,18.9
2015-03-02,18.9,19.7,18.85,19.45
2015-03-03,19.34,19.48,18.63,18.72
2015-03-04,18.8,19.0,18.62,18.95
2015-03-05,19.19,19.19,18.6,18.71
2015-03-06,18.71,18.88,18.12,18.19
2015-05-25,20.01,20.01,20.01,20.01
2015-05-26,22.01,22.01,22.01,22.01
2015-05-27,24.21,24.21,24.21,24.21
2015-05-28,26.63,26.63,26.63,26.63
2015-05-29,29.29,29.29,28.32,29.29
2015-06-01,32.0,32.22,30.47,32.22
2015-06-02,34.5,35.4,31.72,32.41
2015-06-03,33.05,34.88,32.41,34.5
2015-06-04,33.79,33.79,31.51,32.62
2015-06-05,33.1,33.59,31.8,32.55
2015-06-08,32.29,32.29,30.71,31.05
2015-06-09,30.98,32.39,30.9,31.95
2015-06-10,31.5,31.87,31.0,31.57
2015-06-11,31.58,32.55,31.48,31.83
2015-06-12,32.0,33.69,31.58,32.83
2015-06-15,32.99,33.54,31.88,31.98
2015-06-16,31.08,31.5,28.78,29.01
2015-06-17,29.01,29.8,27.89,29.42
2015-06-18,29.39,29.65,28.51,28.59
2015-06-19,27.66,28.87,25.73,26.16
2015-06-23,25.9,26.6,24.0,25.93
2015-06-24,26.28,27.04,26.11,26.88
2015-06-25,27.02,27.39,25.23,25.51
2015-06-26,24.5,24.96,22.96,22.96
2015-06-29,23.8,23.85,20.66,20.66
2015-06-30,21.0,22.73,19.91,22.73
2015-07-01,22.8,24.9,22.51,22.93
2015-07-02,23.7,24.0,22.0,22.5
2015-07-03,22.26,24.0,20.25,22.64
2015-07-06,24.9,24.9,21.67,24.11
2015-07-07,23.11,24.0,21.7,21.7
2015-07-08,19.53,20.82,19.53,19.53
2015-07-13,21.48,21.48,21.48,21.48
2015-07-14,23.63,23.63,23.63,23.63
2015-07-15,25.99,25.99,22.03,23.02
2015-07-16,23.02,24.5,22.1,23.97
2015-07-17,24.1,25.75,23.97,25.27
2015-07-20,25.45,26.28,24.78,25.26
2015-07-21,24.79,25.5,24.52,25.11
2015-07-22,25.2,25.7,24.58,25.3
2015-07-23,25.44,25.97,24.82,25.79
2015-07-24,25.7,27.55,25.69,26.8
2015-07-27,26.15,26.98,24.12,24.12
2015-07-28,23.63,24.38,21.81,23.72
2015-07-29,24.18,24.69,22.35,24.67
2015-07-30,24.49,25.65,23.93,24.07
2015-07-31,23.66,25.25,23.65,25.15
2015-08-03,24.83,25.49,24.39,25.22
2015-08-04,25.4,27.7,25.25,27.45
2015-08-05,27.09,27.37,26.02,26.32
2015-08-06,25.78,27.24,25.5,26.52
2015-08-07,26.88,27.5,26.55,26.98
2015-08-10,27.0,28.18,26.7,27.89
2015-08-11,27.5,27.88,26.0,26.34
2015-08-12,25.7,26.22,25.5,25.56
2015-08-13,25.48,26.5,25.48,26.46
2015-08-14,26.55,26.84,25.9,26.26
2015-08-17,26.0,26.2,25.38,26.0
2015-08-18,26.18,26.25,23.4,23.4
2015-08-19,22.99,23.83,21.36,23.54
2015-08-20,23.7,24.25,22.82,22.87
2015-08-21,22.5,23.19,21.65,22.07
2015-08-24,20.88,21.24,19.86,19.86
2015-08-25,18.59,19.95,17.87,17.87
2015-08-26,18.5,19.01,17.55,17.82
2015-08-27,18.48,18.97,17.82,18.58
2015-08-28,19.06,19.78,18.58,19.74
2015-08-31,19.3,19.52,18.19,18.23
2015-09-01,18.1,18.11,16.41,16.41
2015-09-02,15.45,16.83,15.3,16.36
2015-09-07,16.74,17.55,16.73,16.78
2015-09-08,16.79,17.78,16.5,17.69
2015-09-09,17.89,18.5,17.61,18.37
2015-09-10,18.0,18.24,17.7,17.71
2015-09-11,17.68,18.04,17.4,17.85
2015-09-14,17.89,18.05,16.07,16.07
2015-09-15,15.6,16.0,14.57,14.67
2015-09-16,14.89,16.14,14.78,16.03
2015-09-17,15.9,16.6,15.3,15.6
2015-09-18,15.7,15.99,15.36,15.76
2015-09-21,15.77,16.49,15.52,16.4
2015-09-22,16.48,16.6,16.02,16.4
2015-09-30,16.75,16.98,16.13,16.26
2015-10-08,16.79,17.89,16.6,17.89
2015-10-09,18.0,18.18,17.68,17.9
2015-10-12,17.95,19.0,17.69,18.43
2015-10-13,18.3,18.55,18.02,18.51
2015-10-14,18.38,19.49,18.1,18.77
2015-10-15,19.2,19.47,19.1,19.33
2015-10-16,19.39,19.39,18.79,19.18
2015-10-19,19.22,19.28,18.6,18.75
2015-10-20,18.75,19.58,18.7,19.41
2015-10-21,19.81,20.8,18.3,18.39
2015-10-22,18.68,19.44,18.5,19.29
2015-10-23,19.49,19.71,18.99,19.55
2015-10-26,19.83,20.18,19.31,19.78
2015-10-27,20.02,20.48,19.08,20.26
2015-10-28,20.18,20.4,19.38,19.51
2015-10-29,20.36,20.53,19.91,20.03
2015-10-30,19.88,20.29,19.58,19.99
2015-11-02,19.76,20.34,19.31,19.44
2015-11-03,19.35,19.8,19.0,19.26
2015-11-04,19.64,20.43,19.64,20.39
2015-11-05,20.48,21.26,20.33,20.61
2015-11-06,20.74,21.39,20.6,21.21
2015-11-09,21.06,21.4,20.78,21.13
2015-11-10,21.16,21.53,20.78,21.1
2015-11-11,21.02,21.59,20.97,21.58
2015-11-12,21.7,22.47,21.42,22.1
2015-11-13,21.8,23.08,21.66,22.52
2015-11-16,22.0,22.65,22.0,22.61
2015-11-17,23.05,23.16,22.12,22.89
2015-11-18,22.78,23.49,22.68,22.9
2015-11-19,22.95,23.12,22.63,23.1
2015-11-20,23.14,23.66,22.82,22.99
2015-11-23,22.83,22.94,22.24,22.39
2015-11-24,22.65,23.0,22.35,22.68
2015-11-25,22.7,22.99,22.48,22.94
2015-11-26,24.2,24.5,23.18,23.34
2015-11-27,23.01,23.88,21.9,22.26
2015-11-30,22.42,23.96,22.16,23.9
2015-12-01,23.65,23.98,23.25,23.7
2015-12-02,23.61,24.19,22.68,23.4
2015-12-03,23.48,23.92,23.05,23.8
2015-12-04,23.68,23.9,22.92,23.01
2015-12-07,23.09,23.15,22.48,22.7
2015-12-08,22.51,22.53,21.5,21.58
2015-12-09,21.83,22.25,21.7,21.96
2015-12-10,22.09,22.09,21.62,21.69
2015-12-11,21.76,23.12,21.63,22.89
2015-12-14,23.73,23.99,22.68,23.3
2015-12-15,23.1,24.98,22.95,24.59
2015-12-16,24.2,24.96,24.1,24.29
2015-12-17,24.53,25.35,24.33,24.93
2015-12-18,24.8,24.85,24.06,24.32
2015-12-21,24.46,24.97,24.1,24.38
2015-12-22,24.25,24.67,23.94,24.55
2015-12-23,24.4,24.54,23.74,23.79
2015-12-24,23.73,24.32,23.62,24.3
2015-12-25,24.45,24.55,23.85,24.01
2015-12-28,24.06,24.08,23.01,23.03
2015-12-29,23.09,23.29,22.67,23.24
2015-12-30,23.27,23.96,23.19,23.67
2015-12-31,23.66,23.68,22.83,22.9
2016-01-04,22.95,23.11,20.71,21.05
2016-01-05,20.33,22.06,20.11,21.62
2016-01-06,21.64,22.28,21.21,22.06
2016-01-07,21.54,21.68,19.85,19.85
2016-01-08,20.62,20.76,19.2,20.01
2016-01-11,19.6,19.84,18.01,18.01
2016-01-12,17.93,18.34,17.35,18.13
2016-01-13,18.3,18.3,16.7,16.74
2016-01-14,16.02,17.35,16.01,17.28
2016-01-15,17.2,17.29,16.12,16.41
2016-01-18,16.0,17.09,15.9,16.66
2016-01-19,16.72,17.63,16.67,17.54
2016-01-20,17.41,17.75,17.1,17.25
2016-01-21,16.99,17.49,16.38,16.41
2016-01-22,16.72,16.98,16.22,16.82
2016-01-25,17.05,17.56,17.05,17.54
2016-01-26,17.3,17.32,16.0,16.29
2016-01-27,16.4,16.48,15.34,16.16
2016-01-28,15.87,16.13,15.2,15.25
2016-01-29,15.3,16.09,15.11,15.86
2016-02-01,16.03,16.32,15.41,15.68
2016-02-02,15.85,16.49,15.76,16.34
2016-02-03,16.18,16.42,15.87,16.34
2016-02-04,16.43,16.82,16.35,16.7
2016-02-05,16.69,16.85,16.4,16.45
2016-02-15,15.82,16.36,15.8,16.19
2016-02-16,16.25,17.17,16.25,17.0
2016-02-17,17.36,17.78,17.22,17.46
2016-02-18,17.6,17.7,17.21,17.25
2016-02-19,17.2,17.54,17.11,17.41
2016-02-22,17.68,17.93,17.42,17.89
2016-02-23,17.88,17.88,17.32,17.57
2016-02-24,17.42,17.65,17.19,17.57
2016-02-25,17.63,17.75,15.82,15.97
2016-02-26,16.15,16.6,15.86,16.35
2016-02-29,16.45,16.45,15.14,15.4
2016-03-01,15.46,15.84,15.12,15.71
2016-03-02,15.7,16.74,15.61,16.65
2016-03-03,16.68,17.46,16.58,17.02
2016-03-04,16.95,17.12,16.25,16.58
2016-03-07,16.83,17.8,16.83,17.76
2016-03-08,17.55,17.77,17.0,17.67
2016-03-09,17.28,17.42,17.03,17.08
2016-03-10,17.15,17.29,16.84,16.86
2016-03-11,16.76,17.15,16.51,17.05
2016-03-14,17.3,17.86,17.2,17.56
2016-03-15,17.41,17.65,17.2,17.55
2016-03-16,17.58,17.67,17.06,17.09
2016-03-17,17.2,17.76,17.2,17.72
2016-03-18,17.82,18.39,17.79,18.25
2016-03-21,18.47,18.85,18.32,18.55
2016-03-22,18.41,18.74,18.29,18.46
2016-03-23,18.4,18.95,18.35,18.72
2016-03-24,18.51,18.51,18.11,18.15
2016-03-25,18.2,18.34,18.08,18.31
2016-03-28,18.46,18.7,18.17,18.26
2016-03-29,18.26,18.35,17.68,17.78
2016-03-30,18.02,18.54,17.9,18.52
2016-03-31,18.76,18.79,18.41,18.59
2016-04-01,18.56,18.64,18.01,18.48
2016-04-05,18.4,19.18,18.36,19.11
2016-04-06,19.0,19.23,18.88,19.12
2016-04-07,19.18,19.43,18.75,19.1
2016-04-25,20.75,20.75,19.0,19.14
2016-04-26,19.14,20.47,18.84,20.29
2016-04-27,20.38,22.0,20.09,21.19
2016-04-28,21.0,21.88,20.61,21.71
2016-04-29,21.62,21.76,21.28,21.47
2016-05-03,21.56,22.12,21.43,21.88
2016-05-04,21.81,21.85,21.52,21.64
2016-05-05,21.51,21.57,21.29,21.51
2016-05-06,21.7,22.1,21.02,21.06
2016-05-09,21.0,21.21,20.06,20.24
2016-05-10,20.24,20.56,20.1,20.37
2016-05-11,20.54,20.63,20.06,20.26
2016-05-12,19.91,20.96,19.72,20.79
2016-05-13,20.66,21.6,20.6,21.41
2016-05-16,21.31,21.74,21.04,21.66
2016-05-17,21.8,21.8,21.18,21.3
2016-05-18,21.2,21.2,20.1,20.55
2016-05-19,20.59,21.22,20.5,20.6
2016-05-20,20.3,20.79,20.2,20.73
2016-05-23,20.81,21.68,20.8,21.64
2016-05-24,21.53,21.57,21.13,21.41
2016-05-25,21.68,22.09,21.3,21.33
2016-05-26,21.37,21.64,20.7,21.62
2016-05-27,21.58,21.64,21.22,21.36
2016-05-30,21.5,22.39,21.42,21.96
2016-05-31,21.85,22.73,21.8,22.71
2016-06-01,22.71,22.82,22.39,22.65
2016-06-02,22.69,22.78,22.46,22.71
2016-06-03,22.72,23.28,22.63,22.95
2016-06-06,22.99,23.64,22.92,23.1
2016-06-07,23.2,23.22,22.88,23.16
2016-06-08,23.04,23.26,22.63,22.99
2016-06-13,22.6,23.51,22.0,22.02
2016-06-14,21.98,22.4,21.91,22.37
2016-06-15,22.09,24.08,22.01,23.76
2016-06-16,23.75,23.99,23.45,23.59
2016-06-17,23.61,24.1,23.61,23.9
2016-06-20,24.26,24.27,23.71,23.86
2016-06-21,24.02,24.19,23.2,23.32
2016-06-22,23.57,23.75,22.85,23.62
2016-06-23,23.59,24.77,23.43,24.48
2016-06-24,24.3,24.65,23.2,23.93
2016-06-27,23.87,24.94,23.86,24.8
2016-06-28,24.68,24.97,24.43,24.76
2016-06-29,24.82,24.86,24.33,24.37
2016-06-30,9.8,10.24,9.76,9.8
2016-07-01,9.62,9.68,9.43,9.49
2016-07-04,9.35,9.69,9.28,9.61
2016-07-05,9.64,9.68,9.54,9.58
2016-07-06,9.53,9.69,9.49,9.56
2016-07-07,9.51,9.54,9.32,9.41
2016-07-08,9.48,9.92,9.42,9.79
2016-07-11,9.83,9.88,9.7,9.76
2016-07-12,9.8,9.81,9.51,9.77
2016-07-13,9.81,9.86,9.72,9.79
2016-07-14,9.79,10.27,9.73,10.2
2016-07-15,10.2,11.21,10.12,10.97
2016-07-18,11.0,11.73,10.99,11.32
2016-07-19,11.3,11.5,11.06,11.38
2016-07-20,11.3,11.44,11.17,11.25
2016-07-21,11.26,12.38,11.26,12.37
2016-07-22,12.21,12.34,11.9,12.22
2016-07-25,12.26,12.56,11.9,12.08
2016-07-26,12.04,12.38,11.81,12.15
2016-07-27,12.02,12.25,11.13,11.36
2016-07-28,11.35,11.81,11.16,11.68
2016-07-29,11.92,11.99,11.45,11.51
2016-08-01,11.29,11.46,10.84,11.3
2016-08-02,11.2,12.15,11.15,12.1
2016-08-03,12.1,12.56,11.93,12.41
2016-08-04,12.33,12.68,12.16,12.32
2016-08-05,12.23,12.35,11.96,12.0
2016-08-08,11.93,12.49,11.77,12.43
2016-08-09,12.35,12.94,12.31,12.76
2016-08-10,12.7,13.06,12.56,12.8
2016-08-11,12.79,13.05,12.64,12.66
2016-08-12,12.64,12.78,12.36,12.59
2016-08-15,12.76,13.3,12.51,13.14
2016-08-16,13.01,13.03,12.65,12.66
2016-08-17,12.64,12.87,12.53,12.74
2016-08-18,12.75,13.05,12.65,12.74
2016-08-19,12.78,12.78,12.38,12.43
2016-08-22,12.44,12.54,12.21,12.24
2016-08-23,12.18,12.31,12.06,12.17
2016-08-24,12.19,12.51,12.19,12.39
2016-08-25,12.31,12.32,12.06,12.21
2016-08-26,12.27,12.57,12.22,12.28
2016-08-29,12.19,12.49,12.16,12.27
2016-08-30,12.25,12.32,12.1,12.15
2016-08-31,12.17,12.24,12.11,12.22
2016-09-01,12.22,12.37,12.11,12.17
2016-09-02,12.17,12.23,11.73,11.78
2016-09-05,11.74,11.95,11.66,11.7
2016-09-06,11.74,12.15,11.43,12.1
2016-09-07,12.05,12.15,11.87,11.9
2016-09-08,11.85,12.11,11.85,12.0
2016-09-09,11.98,12.25,11.97,12.03
2016-09-12,11.72,11.87,11.53,11.59
2016-09-13,11.75,11.77,11.48,11.65
2016-09-14,11.51,11.77,11.47,11.56
2016-09-19,11.69,11.77,11.61,11.64
2016-09-20,11.61,11.66,11.35,11.41
2016-09-21,11.48,11.56,11.32,11.34
2016-09-22,11.45,11.46,11.15,11.21
2016-09-23,11.23,11.27,10.83,10.87
2016-09-26,10.84,10.84,10.52,10.61
2016-09-27,10.56,10.78,10.56,10.76
2016-09-28,10.78,10.79,10.61,10.64
2016-09-29,10.67,10.76,10.63,10.65
2016-09-30,10.72,10.99,10.68,10.94
2016-10-10,11.05,11.36,11.05,11.29
2016-10-11,11.43,11.57,11.32,11.39
2016-10-12,11.33,11.45,11.26,11.38
2016-10-13,11.44,11.44,11.27,11.3
2016-10-14,11.29,11.3,11.06,11.15
2016-10-17,11.2,11.37,11.1,11.16
2016-10-18,11.2,11.32,11.12,11.31
2016-10-19,11.35,11.4,11.19,11.23
2016-10-20,11.25,11.25,11.1,11.16
2016-10-21,11.17,11.19,11.01,11.1
2016-10-24,11.11,11.28,11.05,11.2
2016-10-25,11.23,11.26,11.16,11.19
2016-10-26,11.24,11.25,11.12,11.24
2016-10-27,11.25,11.27,11.08,11.11
2016-10-28,11.15,11.17,11.03,11.04
2016-10-31,11.01,11.02,10.75,10.8
2016-11-01,10.81,10.96,10.8,10.88
2016-11-02,10.89,10.92,10.72,10.73
2016-11-03,10.7,10.84,10.66,10.74
2016-11-04,10.7,10.84,10.7,10.73
2016-11-07,10.75,10.99,10.73,10.99
2016-11-08,11.21,11.28,10.92,10.97
2016-11-09,11.0,11.05,10.67,10.81
2016-11-10,10.9,10.99,10.85,10.92
2016-11-11,10.92,11.06,10.86,11.02
2016-11-14,11.02,11.1,10.93,11.02
2016-11-15,11.08,11.32,11.05,11.3
2016-11-16,11.34,11.35,11.17,11.21
2016-11-17,11.25,11.25,11.14,11.17
2016-11-18,11.17,11.26,11.08,11.1
2016-11-21,11.1,11.19,11.08,11.12
2016-11-22,11.13,11.17,11.06,11.14
2016-11-23,11.14,11.19,11.07,11.13
2016-11-24,11.14,11.16,11.03,11.06
2016-11-25,11.08,11.12,10.84,11.1
2016-11-28,11.1,11.24,11.08,11.16
2016-11-29,11.14,11.3,11.11,11.24
2016-11-30,11.2,11.74,11.17,11.63
2016-12-01,11.7,11.87,11.46,11.64
2016-12-02,11.65,11.67,11.3,11.31
2016-12-05,11.2,11.47,11.16,11.31
2016-12-06,11.32,11.39,11.13,11.19
2016-12-07,11.2,11.34,11.18,11.29
2016-12-08,11.33,11.45,11.25,11.33
2016-12-09,11.33,11.4,11.18,11.2
2016-12-12,11.23,11.28,10.66,10.69
2016-12-13,10.67,10.79,10.6,10.71
2016-12-14,10.71,10.75,10.29,10.3
2016-12-15,10.34,10.98,10.34,10.66
2016-12-16,10.72,10.74,10.56,10.72
2016-12-19,10.75,10.77,10.61,10.75
2016-12-20,10.82,10.85,10.65,10.72
2016-12-21,10.8,10.84,10.74,10.77
2016-12-22,10.8,10.8,10.66,10.68
2016-12-23,10.75,10.79,10.58,10.68
2016-12-26,10.69,10.69,10.42,10.62
2016-12-27,10.63,10.66,10.46,10.5
2016-12-28,10.51,10.57,10.4,10.43
2016-12-29,10.55,10.59,10.42,10.43
2016-12-30,10.5,10.57,10.44,10.53
2017-01-03,10.54,10.64,10.53,10.63
2017-01-04,10.69,11.08,10.65,11.05
2017-01-05,11.07,11.07,10.91,10.99
2017-01-06,11.24,11.4,11.12,11.15
2017-01-09,11.23,11.26,11.04,11.18
2017-01-10,11.22,11.22,11.01,11.02
2017-01-11,11.14,11.14,10.95,11.02
2017-01-12,11.03,11.13,10.95,10.99
2017-01-13,11.03,11.16,10.97,11.03
2017-01-16,11.21,11.25,10.83,11.19
2017-01-17,11.15,11.42,11.06,11.41
2017-01-18,11.37,11.56,11.29,11.31
2017-01-19,11.31,11.42,11.19,11.23
2017-01-20,11.24,11.37,11.17,11.36
2017-01-23,11.44,11.45,11.26,11.37
2017-01-24,11.36,11.37,11.21,11.27
2017-01-25,11.23,11.27,11.12,11.2
2017-01-26,11.24,11.28,11.21,11.22
2017-02-03,11.2,11.28,11.18,11.25
2017-02-06,11.32,11.41,11.18,11.38
2017-02-07,11.42,11.42,11.32,11.38
2017-02-08,11.38,11.38,11.22,11.34
2017-02-09,11.31,11.48,11.29,11.44
2017-02-10,11.39,11.48,11.31,11.33
2017-02-13,11.29,11.32,11.22,11.23
2017-02-14,11.4,11.45,11.23,11.29
2017-02-15,11.33,11.33,11.11,11.12
2017-02-16,11.12,11.14,10.99,11.09
2017-02-17,11.1,11.17,11.02,11.09
2017-02-20,11.1,11.22,11.07,11.19
2017-02-21,11.27,11.28,11.19,11.23
2017-02-22,11.22,11.39,11.17,11.34
2017-02-23,11.34,11.34,11.22,11.25
2017-02-24,11.25,11.25,11.15,11.18
2017-02-27,11.18,11.2,11.09,11.09
2017-02-28,11.09,11.15,11.07,11.13
2017-03-01,11.14,11.15,11.05,11.09
2017-03-02,11.12,11.14,10.9,10.92
2017-03-03,10.92,11.03,10.92,10.98
2017-03-06,10.98,11.23,10.96,11.2
2017-03-07,11.2,11.22,11.08,11.12
2017-03-08,11.13,11.14,10.97,11.01
2017-03-09,11.02,11.09,10.83,11.07
2017-03-10,11.01,11.19,10.98,11.11
2017-03-13,11.08,11.48,11.07,11.46
2017-03-14,11.44,11.53,11.33,11.49
2017-03-15,11.42,11.52,11.38,11.44
2017-03-16,11.44,11.72,11.42,11.63
2017-03-17,11.64,11.69,11.34,11.38
2017-03-20,11.54,11.57,11.36,11.44
2017-03-21,11.46,11.81,11.4,11.76
2017-03-22,11.67,11.78,11.58,11.74
2017-03-23,11.75,11.83,11.52,11.74
2017-03-24,11.75,12.22,11.63,12.07
2017-03-27,12.07,12.4,11.96,12.01
2017-03-28,11.98,12.17,11.92,12.1
2017-03-29,12.19,12.21,11.9,11.92
2017-03-30,11.91,11.95,11.6,11.69
2017-03-31,11.7,11.84,11.63,11.79
2017-04-05,11.75,12.03,11.65,11.98
2017-04-06,11.93,12.14,11.89,11.95
2017-04-07,11.97,12.1,11.9,12.06
2017-04-10,12.05,12.15,11.81,11.82
2017-04-11,11.8,11.88,11.55,11.77
2017-04-12,11.83,11.85,11.58,11.61
2017-04-13,11.6,11.76,11.59,11.64
2017-04-14,11.61,11.66,11.32,11.36
2017-04-17,11.37,11.46,11.3,11.43
2017-04-18,11.43,11.65,11.4,11.47
2017-04-19,11.41,11.57,11.25,11.5
2017-04-20,11.55,11.75,11.5,11.71
2017-04-21,11.74,11.79,11.6,11.73
2017-04-24,11.63,11.75,11.38,11.67
2017-04-25,11.57,11.67,11.49,11.54
2017-04-26,11.31,11.39,10.39,10.51
2017-04-27,10.41,10.59,10.23,10.51
2017-04-28,10.62,10.78,10.59,10.63
2017-05-02,10.62,10.67,10.33,10.45
2017-05-03,10.38,10.76,10.35,10.66
2017-05-04,10.58,10.64,10.37,10.59
2017-05-05,10.51,10.59,10.39,10.57
2017-05-08,10.51,10.67,10.42,10.65
2017-05-09,10.58,10.64,10.49,10.56
2017-05-10,10.59,10.75,10.48,10.54
2017-05-11,10.55,10.68,10.45,10.63
2017-05-12,10.71,10.79,10.58,10.61
2017-05-15,10.71,10.85,10.66,10.79
2017-05-16,10.8,10.93,10.63,10.92
2017-05-17,10.95,11.17,10.91,10.93
2017-05-18,10.81,10.97,10.8,10.9
2017-05-19,10.93,10.97,10.86,10.9
2017-05-22,10.89,11.02,10.8,10.98
2017-05-23,10.92,11.01,10.75,10.97
2017-05-24,10.94,10.98,10.76,10.98
2017-05-25,10.91,11.15,10.91,11.1
2017-05-26,11.15,11.15,10.97,11.06
2017-05-31,11.16,11.24,11.11,11.22
2017-06-01,11.21,11.36,11.15,11.36
2017-06-02,11.34,11.41,11.2,11.33
2017-06-05,11.36,11.47,11.33,11.38
2017-06-06,11.39,11.42,11.3,11.4
2017-06-07,11.4,11.53,11.35,11.49
2017-06-08,11.55,11.66,11.48,11.49
2017-06-09,11.5,11.65,11.5,11.58
2017-06-12,11.58,11.59,11.26,11.38
2017-06-13,11.36,11.44,11.28,11.39
2017-06-14,11.41,11.41,11.22,11.3
2017-06-15,11.26,11.36,11.25,11.3
2017-06-16,11.28,11.5,11.28,11.39
2017-06-19,11.38,11.5,11.38,11.43
2017-06-20,11.45,11.47,11.37,11.41
2017-06-21,11.46,11.48,11.3,11.42
2017-06-22,11.42,11.48,11.26,11.45
2017-06-23,11.43,11.55,11.33,11.54
2017-06-26,11.55,12.09,11.53,11.96
2017-06-27,11.95,12.03,11.86,11.97
2017-06-28,11.9,12.05,11.88,11.94
2017-06-29,11.97,12.15,11.91,12.09
2017-06-30,12.07,12.12,11.93,12.05
2017-07-03,12.1,12.11,11.86,11.96
2017-07-04,11.98,12.09,11.89,11.99
2017-07-05,12.0,12.06,11.92,11.99
2017-07-06,12.05,12.35,12.01,12.23
2017-07-07,12.2,12.22,11.94,12.11
2017-07-10,12.06,12.11,11.82,11.83
2017-07-11,11.83,11.92,11.78,11.8
2017-07-12,11.82,11.89,11.41,11.55
2017-07-13,11.55,11.65,11.49,11.58
2017-07-14,11.57,11.63,11.45,11.58
2017-07-17,11.48,11.51,10.94,10.96
2017-07-18,10.98,11.08,10.86,11.06
2017-07-19,11.07,11.36,10.95,11.33
2017-07-20,11.34,11.54,11.27,11.3
2017-07-21,11.3,11.51,11.24,11.48
2017-07-24,11.42,11.46,11.31,11.41
2017-07-25,11.41,11.43,11.21,11.31
2017-07-26,11.31,11.34,11.1,11.12
2017-07-27,11.12,11.35,11.06,11.31
2017-07-28,11.33,11.45,11.3,11.36
2017-07-31,11.45,11.7,11.37,11.49
2017-08-01,11.5,11.57,11.41,11.49
2017-08-02,11.5,11.52,11.29,11.3
2017-08-03,11.32,11.34,11.19,11.26
2017-08-04,11.24,11.26,11.08,11.09
2017-08-07,11.06,11.22,11.01,11.18
2017-08-08,11.15,11.23,11.12,11.16
2017-08-09,11.19,11.24,11.12,11.21
2017-08-10,11.22,11.23,11.04,11.1
2017-08-11,11.11,11.11,10.9,10.94
2017-08-14,10.93,11.29,10.9,11.24
2017-08-15,11.26,11.36,11.17,11.22
2017-08-16,11.18,11.34,11.16,11.32
2017-08-17,11.3,11.58,11.26,11.43
2017-08-18,11.4,11.41,11.31,11.32
2017-08-21,11.38,11.48,11.31,11.46
2017-08-22,11.48,11.49,11.32,11.33
2017-08-23,11.31,11.39,11.26,11.27
2017-08-24,11.27,11.3,11.11,11.15
2017-08-25,11.21,11.36,11.18,11.28
2017-08-28,11.32,11.45,11.31,11.39
2017-08-29,11.61,11.69,11.47,11.56
2017-08-30,11.53,11.59,11.45,11.5
2017-08-31,11.5,11.8,11.48,11.77
2017-09-01,11.8,11.84,11.66,11.73
2017-09-04,11.7,11.9,11.69,11.79
2017-09-05,11.8,11.88,11.63,11.67
2017-09-06,11.65,11.73,11.58,11.65
2017-09-07,11.64,11.74,11.58,11.66
2017-09-08,11.66,11.7,11.47,11.54
2017-09-11,11.55,11.92,11.51,11.91
2017-09-12,11.98,12.02,11.76,11.81
2017-09-13,11.77,11.95,11.75,11.86
2017-09-14,11.86,12.65,11.81,12.44
2017-09-15,12.47,12.79,12.35,12.59
2017-09-18,12.64,12.86,12.26,12.31
2017-09-19,12.4,12.75,12.33,12.52
2017-09-20,12.44,12.68,12.26,12.29
2017-09-21,12.36,12.63,12.24,12.41
2017-09-22,12.3,13.65,12.26,13.5
2017-09-25,13.4,14.0,13.33,13.37
2017-09-26,13.25,13.49,12.97,13.4
2017-09-27,13.36,14.68,13.26,14.47
2017-09-28,14.42,14.56,14.13,14.29
2017-09-29,14.34,14.89,14.22,14.29
2017-10-09,14.7,14.97,14.24,14.32
2017-10-10,14.15,14.2,13.23,13.58
2017-10-11,13.43,13.63,13.26,13.35
2017-10-12,13.4,13.67,13.35,13.43
2017-10-13,13.47,13.75,13.32,13.57
2017-10-16,13.6,13.94,13.48,13.55
2017-10-17,13.5,13.71,13.28,13.34
2017-10-18,13.39,13.61,13.31,13.55
2017-10-19,13.5,13.5,12.81,13.15
2017-10-20,13.01,13.23,12.97,13.16
2017-10-23,13.18,13.37,13.03,13.26
2017-10-24,13.19,13.73,13.12,13.6
2017-10-25,13.55,13.67,13.45,13.59
2017-10-26,13.59,13.97,13.47,13.61
2017-10-27,13.63,13.87,13.52,13.85
2017-10-30,13.46,13.49,12.92,13.2
2017-10-31,13.12,13.33,12.95,13.22
2017-11-01,13.16,13.3,12.71,12.74
2017-11-02,12.63,12.72,12.35,12.53
2017-11-03,12.47,12.86,12.39,12.8
2017-11-06,12.75,13.21,12.74,13.17
2017-11-07,13.25,13.59,13.1,13.38
2017-11-08,13.33,13.75,13.3,13.43
2017-11-09,13.45,13.8,13.32,13.78
2017-11-10,13.77,14.49,13.72,14.18
2017-11-13,14.15,14.95,14.15,14.45
2017-11-14,14.38,14.8,14.14,14.28
2017-11-15,14.24,14.58,13.71,13.84
2017-11-16,13.93,14.65,13.75,14.46
2017-11-17,14.5,15.2,14.28,14.68
2017-11-20,14.55,15.55,13.92,15.53
2017-11-21,15.4,16.05,15.31,15.47
2017-11-22,15.65,16.05,15.27,15.81
2017-11-23,15.7,15.79,14.83,14.89
2017-11-24,15.04,15.64,14.94,15.05
2017-11-27,14.98,14.98,14.13,14.39
2017-11-28,14.38,15.05,14.28,14.98
2017-11-29,14.93,14.97,14.35,14.7
2017-11-30,14.6,15.24,14.46,14.93
2017-12-01,14.9,15.33,14.64,15.15
2017-12-04,15.05,15.65,15.05,15.56
2017-12-05,15.36,15.79,14.52,14.92
2017-12-06,14.82,15.73,14.54,15.71
2017-12-07,15.51,16.06,15.38,15.58
2017-12-08,15.4,15.82,15.26,15.38
2017-12-11,15.22,15.56,15.08,15.54
2017-12-12,15.43,15.76,15.13,15.15
2017-12-13,14.94,15.19,14.66,14.99
2017-12-14,15.01,15.64,14.92,15.62
2017-12-15,15.41,15.52,14.71,14.74
2017-12-18,14.59,14.69,14.21,14.28
2017-12-19,14.36,14.57,14.28,14.49
2017-12-20,14.49,14.85,14.3,14.73
2017-12-21,14.69,15.14,14.45,14.96
2017-12-22,14.83,15.05,14.81,14.87
2017-12-25,14.87,14.99,14.35,14.54
2017-12-26,14.52,14.62,14.31,14.57
2017-12-27,14.5,14.5,13.82,13.87
2017-12-28,13.85,14.06,13.7,13.8
2017-12-29,13.8,14.02,13.78,13.94
2018-01-02,14.01,14.1,13.52,13.79
2018-01-03,13.77,14.49,13.77,14.28
2018-01-04,14.25,14.43,14.06,14.2
2018-01-05,14.19,14.34,13.81,13.88
2018-01-08,13.88,13.9,13.55,13.83
2018-01-09,13.75,14.06,13.68,14.0
2018-01-10,14.2,14.37,13.78,14.07
2018-01-11,13.92,14.23,13.8,14.13
2018-01-12,14.01,14.03,13.81,13.84
2018-01-15,13.71,13.71,12.94,13.11
2018-01-16,13.0,13.3,12.94,13.08
2018-01-17,13.15,13.22,12.4,12.71
2018-01-18,12.65,12.81,12.56,12.68
2018-01-19,12.65,12.81,12.55,12.66
2018-01-22,12.61,12.83,12.4,12.77
2018-01-23,12.72,12.92,12.69,12.8
2018-01-24,12.76,13.2,12.61,13.19
2018-01-25,13.15,13.3,12.91,12.94
2018-01-26,12.9,12.9,12.65,12.69
2018-01-29,12.61,12.67,11.93,11.97
2018-01-30,11.9,12.12,11.87,11.92
2018-01-31,11.97,12.07,11.85,12.0
2018-02-01,11.93,12.13,11.51,12.12
2018-02-02,11.92,12.08,11.62,11.76
2018-02-05,11.55,11.6,11.1,11.16
2018-02-06,10.95,11.09,10.69,11.0
2018-02-07,11.15,11.17,10.78,10.97
2018-02-08,10.98,11.6,10.92,11.3
2018-02-09,11.07,11.3,10.88,11.23
2018-02-12,11.34,11.96,11.24,11.84
2018-02-13,11.92,12.1,11.73,11.76
2018-02-14,11.74,11.92,11.71,11.82
2018-02-22,11.8,12.06,11.77,12.03
2018-02-23,12.03,12.16,11.9,11.94
2018-02-26,12.04,12.57,11.94,12.45
2018-02-27,12.51,12.8,12.41,12.52
2018-02-28,12.3,12.76,12.26,12.65
2018-03-01,12.56,12.85,12.47,12.79
2018-03-02,12.7,12.86,12.4,12.49
2018-03-05,12.5,12.74,12.41,12.55
2018-03-06,12.57,12.95,12.57,12.88
2018-03-07,12.78,12.84,12.7,12.75
2018-03-08,12.75,12.81,12.46,12.6
2018-03-09,12.62,13.03,12.57,12.98
2018-03-12,13.02,13.38,13.02,13.34
2018-03-13,13.26,13.27,12.99,13.04
2018-03-14,12.96,13.1,12.89,12.97
2018-03-15,12.9,13.03,12.54,12.73
2018-03-16,12.7,12.79,12.55,12.57
2018-03-19,12.53,12.72,12.42,12.62
2018-03-20,12.48,12.66,12.41,12.59
2018-03-21,12.62,12.79,12.38,12.42
2018-03-22,12.43,12.55,12.22,12.32
2018-03-23,11.82,11.97,11.24,11.41
2018-03-26,11.28,11.66,11.01,11.65
2018-03-27,11.82,12.11,11.82,11.98
2018-03-28,11.79,12.08,11.74,11.84
2018-03-29,11.95,12.02,11.76,11.96
2018-03-30,11.97,12.32,11.91,12.28
2018-04-02,12.3,12.48,12.11,12.18
2018-04-03,11.85,11.96,11.62,11.8
2018-04-04,11.87,11.95,11.58,11.64
2018-04-09,11.54,11.68,11.37,11.54
2018-04-10,11.54,11.71,11.48,11.7
2018-04-11,11.73,11.85,11.71,11.74
2018-04-12,11.73,11.73,11.47,11.51
2018-04-13,11.59,11.67,11.37,11.38
2018-04-16,11.38,11.54,11.25,11.43
2018-04-17,11.41,11.44,10.83,10.85
2018-04-18,10.95,11.0,10.4,10.7
2018-04-19,10.68,10.84,10.57,10.71
2018-04-20,10.68,10.68,10.31,10.32
2018-04-23,10.47,10.63,10.36,10.5
2018-04-24,10.55,10.84,10.42,10.8
2018-04-25,10.71,11.05,10.64,10.91
2018-04-26,10.46,10.46,9.82,9.82
2018-04-27,9.89,9.96,9.71,9.87
2018-05-02,9.88,9.96,9.63,9.72
2018-05-03,9.67,9.99,9.52,9.97
2018-05-04,9.95,10.12,9.84,9.86
2018-05-07,9.87,10.04,9.87,10.0
2018-05-08,10.03,10.09,9.96,10.07
2018-05-09,10.07,10.08,9.96,9.99
2018-05-10,10.03,10.32,10.03,10.26
2018-05-11,10.3,10.33,10.14,10.16
2018-05-14,10.32,10.43,10.08,10.16
2018-05-15,10.16,10.22,9.94,10.1
2018-05-16,10.02,10.04,9.96,10.0
2018-05-17,10.0,10.02,9.89,9.96
2018-05-18,9.96,10.07,9.89,10.06
2018-05-21,10.17,11.07,10.15,11.07
2018-05-22,11.26,11.44,11.05,11.32
2018-05-23,11.19,11.19,10.86,10.87
2018-05-24,10.87,11.06,10.82,10.83
2018-05-25,10.79,10.79,10.55,10.6
2018-05-28,10.7,10.94,10.66,10.77
2018-05-29,10.86,10.86,10.47,10.55
2018-05-30,10.28,10.28,9.94,10.0
2018-05-31,10.12,10.17,9.9,10.1
2018-06-01,10.01,10.08,9.9,9.96
2018-06-04,10.05,10.1,9.97,10.05
2018-06-05,10.02,10.46,10.01,10.4
2018-06-06,10.46,10.47,10.22,10.37
2018-06-07,10.43,10.57,10.28,10.29
2018-06-08,10.41,10.45,10.06,10.12
2018-06-11,10.03,10.09,9.93,10.05
2018-06-12,10.05,10.21,9.96,10.18
2018-06-13,10.09,10.32,10.0,10.02
2018-06-14,9.98,10.14,9.93,9.94
2018-06-15,9.95,9.99,9.55,9.57
2018-06-19,9.35,9.35,8.61,8.61
2018-06-20,8.52,8.67,8.13,8.54
2018-06-21,8.58,8.7,8.22,8.25
2018-06-22,8.19,8.56,8.15,8.49
2018-06-25,8.57,8.65,8.38,8.39
2018-06-26,8.25,8.6,8.15,8.58
2018-06-27,8.53,8.64,8.45,8.53
2018-06-28,8.51,8.69,8.51,8.53
2018-06-29,8.54,8.83,8.45,8.81
2018-07-02,8.78,8.83,8.4,8.51
2018-07-03,8.51,8.86,8.36,8.85
2018-07-04,8.76,8.85,8.55,8.6
2018-07-05,8.58,8.63,8.24,8.27
2018-07-06,8.26,8.54,8.21,8.42
2018-07-09,8.51,8.67,8.46,8.66
2018-07-10,8.56,8.63,8.47,8.59
2018-07-11,8.48,8.48,8.23,8.33
2018-07-12,8.58,9.16,8.58,9.16
2018-07-13,9.14,9.14,8.82,8.9
2018-07-16,8.99,9.26,8.97,9.07
2018-07-17,9.03,9.14,8.88,9.05
2018-07-18,9.01,9.03,8.85,8.87
2018-07-19,8.86,9.03,8.84,8.91
2018-07-20,8.88,8.97,8.72,8.92
2018-07-23,8.86,9.14,8.84,9.09
2018-07-24,9.09,9.37,9.04,9.27
2018-07-25,9.25,9.37,9.13,9.17
2018-07-26,9.17,9.21,8.95,8.99
2018-07-27,8.92,9.1,8.91,8.95
2018-07-30,9.01,9.03,8.85,8.95
2018-07-31,8.89,9.12,8.89,9.09
2018-08-01,9.12,9.18,8.84,8.86
2018-08-02,8.8,8.83,8.32,8.48
2018-08-03,8.49,8.52,8.25,8.36
2018-08-06,8.3,8.44,8.19,8.24
2018-08-07,8.29,8.53,8.21,8.51
2018-08-08,8.49,8.49,8.28,8.29
2018-08-09,8.21,8.7,8.2,8.56
2018-08-10,8.58,8.78,8.5,8.76
2018-08-13,8.76,9.09,8.61,8.97
2018-08-14,8.92,9.03,8.88,8.94
2018-08-15,8.94,9.02,8.83,8.85
2018-08-16,8.67,9.15,8.6,8.98
2018-08-17,9.11,9.16,8.77,8.78
2018-08-20,8.82,9.15,8.78,9.15
2018-08-21,9.1,9.27,9.03,9.18
2018-08-22,9.11,9.13,8.95,8.97
2018-08-23,8.94,9.21,8.92,9.12
2018-08-24,9.09,9.09,8.93,8.93
2018-08-27,8.97,9.28,8.95,9.19
2018-08-28,9.17,9.34,9.12,9.25
2018-08-29,9.23,9.36,9.16,9.26
2018-08-30,9.28,9.29,8.99,9.01
2018-08-31,8.96,9.07,8.94,8.98
2018-09-03,9.02,9.06,8.69,8.97
2018-09-04,8.92,9.09,8.89,9.02
2018-09-05,9.02,9.11,8.87,8.88
2018-09-06,8.83,8.94,8.68,8.72
2018-09-07,8.74,8.84,8.45,8.57
2018-09-10,8.53,8.58,8.42,8.44
2018-09-11,8.42,8.57,8.36,8.5
2018-09-12,8.5,8.57,8.47,8.49
2018-09-13,8.6,8.66,8.49,8.66
2018-09-14,8.67,8.69,8.5,8.5
2018-09-17,8.47,8.5,8.37,8.38
2018-09-18,8.37,8.54,8.29,8.51
2018-09-19,8.46,8.67,8.44,8.6
2018-09-20,8.61,8.69,8.54,8.57
2018-09-21,8.58,8.74,8.47,8.68
2018-09-25,8.62,8.67,8.58,8.61
2018-09-26,8.64,8.8,8.59,8.73
2018-09-27,8.71,8.72,8.58,8.58
2018-09-28,8.63,8.66,8.45,8.59
2018-10-08,8.4,8.44,8.26,8.3
2018-10-09,8.31,8.37,8.24,8.28
2018-10-10,8.33,8.36,8.25,8.3
2018-10-11,8.05,8.07,7.47,7.48
2018-10-12,7.41,7.45,7.03,7.36
2018-10-15,7.4,7.54,7.15,7.18
2018-10-16,7.24,7.32,7.01,7.07
2018-10-17,7.2,7.25,7.01,7.21
2018-10-18,7.13,7.18,7.02,7.04
2018-10-19,6.96,7.25,6.85,7.19
2018-10-22,7.28,7.64,7.21,7.51
2018-10-23,7.5,7.55,7.22,7.27
2018-10-24,7.23,7.35,7.19,7.25
2018-10-25,7.04,7.26,6.96,7.2
2018-10-26,7.26,7.41,7.26,7.29
2018-10-29,7.28,7.34,7.14,7.17
2018-10-30,7.15,7.27,6.9,7.18
2018-10-31,7.2,7.35,7.2,7.3
2018-11-01,7.4,7.52,7.32,7.34
2018-11-02,7.58,7.63,7.44,7.63
2018-11-05,7.58,7.73,7.49,7.59
2018-11-06,7.52,7.56,7.42,7.45
2018-11-07,7.46,7.79,7.42,7.56
2018-11-08,7.62,7.64,7.44,7.46
2018-11-09,7.41,7.7,7.37,7.52
2018-11-12,7.45,8.03,7.42,7.95
2018-11-13,7.82,8.05,7.8,7.97
2018-11-14,7.9,8.02,7.83,7.89
2018-11-15,7.89,8.03,7.87,8.03
2018-11-16,8.04,8.1,7.89,8.03
2018-11-19,8.01,8.02,7.88,8.0
2018-11-20,7.93,7.98,7.65,7.67
2018-11-21,7.53,7.8,7.51,7.75
2018-11-22,7.76,7.85,7.71,7.78
2018-11-23,7.78,7.78,7.46,7.77
2018-11-26,7.62,7.74,7.55,7.68
2018-11-27,7.72,7.9,7.67,7.87
2018-11-28,7.88,8.03,7.67,7.97
2018-11-29,8.02,8.05,7.65,7.69
2018-11-30,7.66,7.76,7.53,7.76
2018-12-03,8.19,8.26,8.04,8.09
2018-12-04,8.09,8.14,8.01,8.1
2018-12-05,7.92,8.05,7.9,8.0
2018-12-06,7.91,7.91,7.76,7.77
2018-12-07,7.8,7.91,7.79,7.9
2018-12-10,7.83,8.07,7.81,7.92
2018-12-11,7.95,8.15,7.95,8.12
2018-12-12,8.15,8.17,8.01,8.03
2018-12-13,8.05,8.29,8.04,8.24
2018-12-14,8.23,8.23,8.01,8.04
2018-12-17,8.05,8.05,7.9,8.03
2018-12-18,7.95,8.07,7.9,7.98
2018-12-19,8.02,8.1,7.85,7.89
2018-12-20,7.84,8.0,7.83,7.96
2018-12-21,7.9,7.99,7.84,7.98
2018-12-24,7.96,8.17,7.93,8.16
2018-12-25,8.05,8.3,7.93,8.21
2018-12-26,8.2,8.35,8.16,8.16
2018-12-27,8.3,8.33,8.11,8.13
2018-12-28,8.13,8.16,7.98,8.15
2019-01-02,8.15,8.27,8.09,8.26
2019-01-03,8.19,8.26,7.94,7.95
2019-01-04,7.85,8.17,7.76,8.17
2019-01-07,8.24,8.56,8.17,8.41
2019-01-08,8.38,8.45,8.26,8.32
2019-01-09,8.33,8.45,8.23,8.26
2019-01-10,8.27,8.68,8.25,8.46
2019-01-11,8.53,8.61,8.4,8.5
2019-01-14,8.5,8.5,8.29,8.41
2019-01-15,8.39,8.53,8.34,8.52
2019-01-16,8.5,8.56,8.41,8.46
2019-01-17,8.46,8.46,8.31,8.33
2019-01-18,8.34,8.41,8.29,8.4
2019-01-21,8.4,8.56,8.37,8.47
2019-01-22,8.43,8.44,8.28,8.33
2019-01-23,8.3,8.36,8.24,8.31
2019-01-24,8.32,8.42,8.26,8.36
2019-01-25,8.35,8.38,8.23,8.25
2019-01-28,8.32,8.33,8.08,8.09
2019-01-29,8.07,8.15,7.92,8.09
2019-01-30,8.05,8.11,7.88,7.9
2019-01-31,7.91,8.03,7.77,7.82
2019-02-01,7.85,8.04,7.84,8.03
2019-02-11,8.06,8.29,8.02,8.28
2019-02-12,8.28,8.34,8.23,8.3
2019-02-13,8.55,9.13,8.52,9.13
2019-02-14,9.3,9.31,8.95,8.98
2019-02-15,8.99,9.18,8.93,8.99
2019-02-18,9.14,9.59,9.06,9.51
2019-02-19,9.54,9.59,9.3,9.54
2019-02-20,9.45,9.48,9.31,9.47
2019-02-21,9.47,9.92,9.38,9.54
2019-02-22,9.52,9.98,9.42,9.9
2019-02-25,10.3,10.52,10.05,10.3
2019-02-26,10.31,10.4,9.99,10.1
2019-02-27,10.09,10.21,9.87,9.99
2019-02-28,10.0,10.06,9.82,9.89
2019-03-01,9.95,10.01,9.82,9.97
2019-03-04,10.09,10.3,10.02,10.08
2019-03-05,10.02,10.38,9.98,10.36
2019-03-06,10.41,10.58,10.18,10.31
2019-03-07,10.3,10.31,10.09,10.2
2019-03-08,9.98,10.48,9.84,9.95
2019-03-11,10.02,10.38,10.0,10.38
2019-03-12,10.47,10.54,10.2,10.35
2019-03-13,10.27,10.28,9.96,10.01
2019-03-14,10.05,10.13,9.83,9.93
2019-03-15,9.94,10.04,9.88,9.93
2019-03-18,9.98,10.23,9.88,10.19
2019-03-19,10.26,10.37,10.11,10.18
2019-03-20,10.15,10.15,9.97,10.07
2019-03-21,10.08,10.22,10.02,10.14
2019-03-22,10.15,10.21,10.02,10.12
2019-03-25,10.01,10.36,9.96,10.2
2019-03-26,10.27,10.32,9.85,9.86
2019-03-27,9.91,9.95,9.67,9.77
2019-03-28,9.77,10.06,9.69,9.79
2019-03-29,9.8,9.95,9.54,9.95
2019-04-01,9.99,10.29,9.99,10.25
2019-04-02,10.3,10.34,10.15,10.19
2019-04-03,10.15,10.46,10.09,10.41
2019-04-04,10.41,10.49,10.33,10.39
2019-04-08,10.45,10.53,10.1,10.17
2019-04-09,10.19,10.38,10.13,10.22
2019-04-10,10.2,10.68,10.07,10.56
2019-04-11,10.59,10.62,10.15,10.16
2019-04-12,10.16,10.2,10.02,10.05
2019-04-15,10.2,10.36,10.02,10.03
2019-04-16,10.0,10.55,9.93,10.43
2019-04-17,10.45,10.52,10.26,10.31
2019-04-18,10.32,11.34,10.28,11.17
2019-04-19,11.0,11.48,10.84,11.4
2019-04-22,11.6,11.79,11.11,11.16
2019-04-23,11.13,11.25,10.82,10.83
2019-04-24,10.91,11.05,10.69,10.94
2019-04-25,10.96,11.0,10.46,10.47
2019-04-26,10.38,10.61,10.26,10.27
2019-04-29,10.36,10.41,9.95,10.02
2019-04-30,10.03,10.29,10.02,10.14
2019-05-06,9.69,9.81,9.13,9.13
2019-05-07,9.2,9.26,8.95,9.17
2019-05-08,8.91,9.16,8.81,8.97
2019-05-09,8.89,9.08,8.84,8.88
2019-05-10,8.99,9.25,8.65,9.23
2019-05-13,9.02,9.14,8.91,8.97
2019-05-14,8.85,9.06,8.79,8.94
2019-05-15,9.06,9.13,8.99,9.1
2019-05-16,9.12,9.32,9.01,9.28
2019-05-17,9.28,9.31,8.85,8.91
2019-05-20,8.91,8.99,8.75,8.95
2019-05-21,8.96,9.22,8.89,9.12
2019-05-22,9.14,9.28,9.01,9.1
2019-05-23,9.12,9.13,8.88,8.94
2019-05-24,8.87,8.97,8.79,8.83
2019-05-27,8.85,9.06,8.79,9.04
2019-05-28,9.04,9.18,8.98,9.01
2019-05-29,8.99,9.08,8.96,9.0
2019-05-30,8.93,8.94,8.8,8.87
2019-05-31,8.86,8.96,8.83,8.85
2019-06-03,8.89,9.02,8.68,8.92
2019-06-04,8.92,9.22,8.9,9.11
2019-06-05,9.2,9.24,9.01,9.14
2019-06-06,9.14,9.14,8.86,8.89
2019-06-10,8.91,9.09,8.89,9.05
2019-06-11,9.02,9.29,8.94,9.28
2019-06-12,9.25,9.68,9.17,9.58
2019-06-13,9.4,9.56,9.33,9.42
2019-06-14,9.43,9.54,9.13,9.17
2019-06-17,9.14,9.23,9.11,9.14
2019-06-18,9.23,9.24,9.11,9.16
2019-06-19,9.41,9.47,9.24,9.25
2019-06-20,9.28,9.47,9.19,9.44
2019-06-21,9.47,9.54,9.39,9.46
2019-06-24,9.46,9.46,9.34,9.37
2019-06-25,9.37,9.38,9.1,9.22
2019-06-26,9.21,9.36,9.19,9.27
2019-06-27,9.25,9.4,9.25,9.36
2019-06-28,9.36,9.36,9.12,9.17
2019-07-01,9.38,9.55,9.32,9.48
2019-07-02,9.48,9.54,9.4,9.44
2019-07-03,9.41,9.47,9.25,9.46
2019-07-04,9.43,9.49,9.34,9.36
2019-07-05,9.37,9.39,9.28,9.31
2019-07-08,9.29,9.29,8.98,9.02
2019-07-09,9.0,9.12,9.0,9.07
2019-07-10,9.09,9.12,8.93,8.97
2019-07-11,9.03,9.06,8.91,8.94
2019-07-12,8.96,9.04,8.9,9.02
2019-07-15,9.0,9.09,8.87,9.04
2019-07-16,8.96,9.02,8.92,8.95
2019-07-17,8.94,9.08,8.9,9.01
2019-07-18,8.93,8.95,8.84,8.87
2019-07-19,8.89,8.99,8.88,8.9
2019-07-22,8.9,8.93,8.69,8.69
2019-07-23,8.72,8.76,8.68,8.74
2019-07-24,8.76,8.94,8.76,8.84
2019-07-25,8.82,8.93,8.81,8.86
2019-07-26,8.82,8.87,8.81,8.87
2019-07-29,8.87,8.95,8.84,8.9
2019-07-30,8.88,8.99,8.88,8.92
2019-07-31,8.92,8.95,8.87,8.88
2019-08-01,8.85,8.88,8.76,8.82
2019-08-02,8.61,8.68,8.52,8.65
2019-08-05,8.58,8.73,8.5,8.5
2019-08-06,8.36,8.36,7.95,8.18
2019-08-07,8.22,8.25,8.11,8.15
2019-08-08,8.15,8.24,8.15,8.19
2019-08-09,8.25,8.27,7.99,8.02
2019-08-12,8.04,8.18,7.96,8.18
2019-08-13,8.06,8.12,8.02,8.07
2019-08-14,8.18,8.35,8.15,8.17
2019-08-15,7.98,8.2,7.93,8.18
2019-08-16,8.17,8.31,8.13,8.21
2019-08-19,8.28,8.52,8.28,8.49
2019-08-20,8.48,8.58,8.45,8.46
2019-08-21,8.46,8.48,8.36,8.39
2019-08-22,8.42,8.47,8.37,8.41
2019-08-23,8.43,8.44,8.26,8.31
2019-08-26,8.16,8.17,8.1,8.13
2019-08-27,8.19,8.32,8.14,8.27
2019-08-28,8.25,8.32,8.17,8.25
2019-08-29,8.26,8.29,8.16,8.18
2019-08-30,8.26,8.46,8.22,8.34
2019-09-02,8.34,8.63,8.31,8.59
2019-09-03,8.55,8.62,8.49,8.57
2019-09-04,8.56,8.62,8.5,8.59
2019-09-05,8.64,8.89,8.62,8.72
2019-09-06,8.8,9.16,8.8,8.96
2019-09-09,9.03,9.24,8.99,9.21
2019-09-10,9.2,9.2,8.98,9.06
2019-09-11,9.11,9.14,8.95,8.96
2019-09-12,8.97,9.0,8.85,8.97
2019-09-16,9.0,9.1,8.97,8.98
2019-09-17,8.97,8.97,8.69,8.77
2019-09-18,8.8,8.88,8.73,8.82
2019-09-19,8.84,9.03,8.81,9.03
2019-09-20,9.02,9.06,8.93,8.97
2019-09-23,8.96,8.96,8.77,8.86
2019-09-24,8.85,9.03,8.81,8.95
2019-09-25,9.02,9.19,8.88,8.9
2019-09-26,8.91,8.95,8.63,8.68
2019-09-27,8.68,8.78,8.65,8.71
2019-09-30,8.7,8.75,8.6,8.64
2019-10-08,8.63,8.76,8.62,8.75
2019-10-09,8.68,8.78,8.64,8.74
2019-10-10,8.72,8.79,8.66,8.75
2019-10-11,8.77,8.78,8.55,8.63
2019-10-14,8.72,8.79,8.68,8.77
2019-10-15,8.75,8.75,8.66,8.67
2019-10-16,8.85,8.85,8.62,8.64
2019-10-17,8.61,8.67,8.46,8.5
2019-10-18,8.59,8.6,8.33,8.36
2019-10-21,8.33,8.36,8.22,8.27
2019-10-22,8.29,8.34,8.25,8.34
2019-10-23,8.31,8.31,8.22,8.25
2019-10-24,8.25,8.28,8.18,8.22
2019-10-25,8.2,8.28,8.19,8.25
2019-10-28,8.3,8.48,8.29,8.45
2019-10-29,8.47,8.49,8.24,8.25
2019-10-30,8.2,8.2,7.98,8.01
2019-10-31,8.01,8.09,8.01,8.02
2019-11-01,8.03,8.11,7.99,8.08
2019-11-04,8.1,8.43,8.1,8.24
2019-11-05,8.28,8.28,8.15,8.23
2019-11-06,8.25,8.27,8.08,8.13
2019-11-07,8.17,8.22,8.12,8.18
2019-11-08,8.23,8.31,8.2,8.22
2019-11-11,8.2,8.2,8.02,8.05
2019-11-12,8.05,8.14,8.04,8.11
2019-11-13,8.12,8.65,8.02,8.3
2019-11-14,8.24,8.43,8.2,8.35
2019-11-15,8.3,8.36,8.17,8.18
2019-11-18,8.2,8.3,8.13,8.25
2019-11-19,8.26,8.33,8.21,8.32
2019-11-20,8.31,8.37,8.21,8.22
2019-11-21,8.18,8.22,8.14,8.18
2019-11-22,8.19,8.28,8.09,8.13
2019-11-25,8.09,8.23,8.09,8.2
2019-11-26,8.19,8.26,8.1,8.1
2019-11-27,8.15,8.17,8.05,8.08
2019-11-28,8.07,8.11,8.05,8.07
2019-11-29,8.07,8.12,8.04,8.1
2019-12-02,8.11,8.15,8.04,8.05
2019-12-03,8.02,8.04,7.92,8.04
2019-12-04,8.0,8.04,7.96,8.01
2019-12-05,8.02,8.1,8.01,8.07
2019-12-06,8.06,8.21,8.04,8.13
2019-12-09,8.14,8.19,8.11,8.14
2019-12-10,8.1,8.18,8.08,8.17
2019-12-11,8.16,8.17,8.06,8.09
2019-12-12,8.07,8.08,7.99,8.02
2019-12-13,8.08,8.1,8.0,8.1
2019-12-16,8.12,8.32,8.08,8.31
2019-12-17,8.31,8.45,8.3,8.4
2019-12-18,8.48,8.58,8.36,8.39
2019-12-19,8.39,8.44,8.33,8.39
2019-12-20,8.39,8.43,8.26,8.27
2019-12-23,8.25,8.28,8.12,8.12
2019-12-24,8.13,8.23,8.13,8.22
2019-12-25,8.2,8.27,8.17,8.27
2019-12-26,8.27,8.29,8.22,8.29
2019-12-27,8.31,8.32,8.18,8.2
2019-12-30,8.18,8.25,8.05,8.25
2019-12-31,8.24,8.33,8.22,8.3
2020-01-02,8.35,8.5,8.31,8.44
2020-01-03,8.46,8.5,8.38,8.45
2020-01-06,8.38,8.55,8.35,8.48
2020-01-07,8.49,8.58,8.4,8.55
2020-01-08,8.48,8.52,8.36,8.39
2020-01-09,8.47,8.88,8.45,8.76
2020-01-10,8.73,8.78,8.61,8.7
2020-01-13,8.68,8.84,8.65,8.77
2020-01-14,8.79,8.89,8.72,8.78
2020-01-15,8.76,8.78,8.61,8.69
2020-01-16,8.7,8.72,8.56,8.57
2020-01-17,8.6,8.65,8.51,8.55
2020-01-20,8.55,8.74,8.5,8.71
2020-01-21,8.66,8.68,8.53,8.55
2020-01-22,8.51,8.66,8.33,8.61
2020-01-23,8.5,8.55,8.21,8.26
2020-02-03,7.43,7.43,7.43,7.43
2020-02-04,7.0,7.53,7.0,7.31
2020-02-05,7.36,7.56,7.32,7.41
2020-02-06,7.4,7.54,7.33,7.5
2020-02-07,7.47,7.54,7.37,7.54
2020-02-10,7.49,7.67,7.46,7.65
2020-02-11,7.63,7.69,7.58,7.61
2020-02-12,7.59,7.77,7.57,7.75
2020-02-13,7.71,7.83,7.63,7.64
2020-02-14,7.64,7.72,7.58,7.65
2020-02-17,7.86,8.15,7.86,8.13
2020-02-18,8.15,8.21,8.05,8.16
2020-02-19,8.17,8.45,8.12,8.27
2020-02-20,8.4,8.5,8.16,8.36
2020-02-21,8.36,8.66,8.36,8.54
2020-02-24,8.59,9.2,8.55,9.12
2020-02-25,8.88,9.61,8.68,9.56
2020-02-26,9.35,9.86,9.06,9.14
2020-02-27,9.25,9.33,8.81,8.95
2020-02-28,8.5,8.73,8.33,8.42
2020-03-02,8.54,9.13,8.51,9.02
2020-03-03,9.29,9.48,8.92,9.0
2020-03-04,8.89,9.15,8.85,9.07
2020-03-05,9.45,9.59,9.16,9.48
2020-03-06,9.32,9.46,9.25,9.25
2020-03-09,9.06,9.53,8.95,9.2
2020-03-10,9.08,10.12,9.08,10.12
2020-03-11,10.59,11.12,10.21,10.33
2020-03-12,10.19,10.96,10.19,10.93
2020-03-13,10.27,11.38,10.27,10.82
2020-03-16,11.07,11.07,10.1,10.1
2020-03-17,10.45,11.11,9.96,11.11
2020-03-18,11.05,12.0,10.83,11.13
2020-03-19,11.35,12.09,11.01,11.9
2020-03-20,12.15,12.47,11.6,12.02
2020-03-23,11.7,12.23,11.02,11.3
2020-03-24,11.65,11.75,10.35,10.97
2020-03-25,11.21,11.48,10.84,11.01
2020-03-26,10.8,11.46,10.48,11.18
2020-03-27,11.21,11.33,10.65,10.67
2020-03-30,10.27,10.29,9.88,9.9
2020-03-31,10.08,10.13,9.58,9.61
2020-04-01,9.55,9.88,9.4,9.46
2020-04-02,9.57,10.25,9.51,10.2
2020-04-03,10.03,10.08,9.85,9.9
2020-04-07,10.11,10.28,10.0,10.15
2020-04-08,10.02,11.08,9.95,10.83
2020-04-09,10.9,11.03,10.71,10.87
2020-04-10,10.84,10.84,10.22,10.29
2020-04-13,10.14,10.52,9.93,10.31
2020-04-14,10.45,10.82,10.42,10.73
2020-04-15,10.75,11.05,10.58,10.76
2020-04-16,10.66,11.35,10.51,11.18
2020-04-17,11.21,11.34,10.87,10.91
2020-04-20,10.96,11.33,10.85,11.32
2020-04-21,11.21,11.73,11.08,11.67
2020-04-22,11.43,11.62,11.28,11.5
2020-04-23,11.5,11.5,10.9,10.9
2020-04-24,10.88,11.14,10.53,10.6
2020-04-27,10.71,11.0,10.54,10.68
2020-04-28,10.7,10.73,10.04,10.43
2020-04-29,10.35,10.78,10.35,10.7
2020-04-30,10.67,11.33,10.6,11.17
2020-05-06,11.16,11.44,11.0,11.4
2020-05-07,11.55,11.68,11.15,11.18
2020-05-08,11.28,11.64,11.22,11.48
2020-05-11,11.97,12.63,11.88,12.63
2020-05-12,12.5,12.51,12.17,12.4
2020-05-13,12.3,12.63,12.25,12.33
2020-05-14,12.28,12.56,12.06,12.36
2020-05-15,12.38,12.62,12.21,12.4
2020-05-18,12.41,12.47,11.95,12.01
2020-05-19,12.15,12.27,11.84,11.94
2020-05-20,11.91,12.47,11.78,12.09
2020-05-21,12.1,12.23,11.68,11.74
2020-05-22,11.74,11.97,11.51,11.75
2020-05-25,11.66,11.66,11.29,11.39
2020-05-26,11.47,11.93,11.47,11.87
2020-05-27,11.83,12.09,11.72,12.06
2020-05-28,11.96,12.04,11.48,11.69
2020-05-29,11.6,11.94,11.53,11.6
2020-06-01,11.81,12.28,11.77,12.15
2020-06-02,12.28,12.36,12.04,12.14
2020-06-03,12.16,12.32,11.9,12.07
2020-06-04,12.07,12.21,11.88,11.98
2020-06-05,11.98,12.03,11.57,11.75
2020-06-08,11.85,12.12,11.82,11.85
2020-06-09,11.81,11.83,11.53,11.64
2020-06-10,11.65,11.75,11.46,11.69
2020-06-11,11.61,11.85,11.51,11.52
2020-06-12,11.29,11.66,11.2,11.53
2020-06-15,11.4,11.48,11.0,11.05
2020-06-16,11.19,11.35,11.17,11.3
2020-06-17,11.29,11.5,11.21,11.31
2020-06-18,11.28,11.69,11.21,11.57
2020-06-19,11.79,11.94,11.59,11.68
2020-06-22,11.63,11.9,11.46,11.62
2020-06-23,11.63,11.63,11.29,11.32
2020-06-24,11.33,11.39,11.21,11.3
2020-06-29,11.21,11.25,11.1,11.13
2020-06-30,11.16,11.48,11.16,11.45
2020-07-01,11.45,11.52,11.14,11.21
2020-07-02,11.16,11.45,11.07,11.42
2020-07-03,11.47,11.63,11.4,11.46
2020-07-06,11.63,12.09,11.61,12.07
2020-07-07,12.15,12.7,12.04,12.38
2020-07-08,12.45,12.59,12.15,12.49
2020-07-09,12.49,13.74,12.43,13.74
2020-07-10,13.9,13.93,13.2,13.3
2020-07-13,13.19,13.75,13.13,13.66
2020-07-14,13.67,13.67,13.04,13.31
2020-07-15,13.4,13.56,12.71,12.78
2020-07-16,12.7,12.89,11.75,11.83
2020-07-17,11.83,12.17,11.69,12.02
2020-07-20,12.11,12.28,11.88,12.16
2020-07-21,12.09,12.2,11.89,11.98
2020-07-22,11.86,11.93,11.58,11.84
2020-07-23,11.74,11.74,11.22,11.53
2020-07-24,11.54,11.69,11.1,11.15
2020-07-27,11.16,11.29,11.01,11.26
2020-07-28,11.31,11.64,11.27,11.58
2020-07-29,11.58,11.86,11.41,11.8
2020-07-30,11.82,11.85,11.55,11.57
2020-07-31,11.6,11.79,11.52,11.67
2020-08-03,11.74,11.99,11.69,11.94
2020-08-04,11.91,11.97,11.61,11.67
2020-08-05,11.77,11.82,11.58,11.7
2020-08-06,11.7,11.72,11.29,11.47
2020-08-07,11.5,11.53,11.2,11.27
2020-08-10,11.2,11.48,11.2,11.4
2020-08-11,11.4,11.41,11.17,11.2
2020-08-12,11.2,11.26,11.01,11.18
2020-08-13,11.19,11.32,11.19,11.23
2020-08-14,11.24,11.3,11.11,11.26
2020-08-17,11.3,11.67,11.3,11.62
2020-08-18,11.62,11.68,11.5,11.56
2020-08-19,11.57,11.57,11.3,11.32
2020-08-20,11.23,11.3,11.13,11.23
2020-08-21,11.27,11.36,11.2,11.25
2020-08-24,11.2,11.36,11.08,11.27
2020-08-25,11.25,11.32,11.18,11.21
2020-08-26,11.17,11.23,10.73,10.79
2020-08-27,10.76,10.85,10.61,10.68
2020-08-28,10.68,10.92,10.41,10.88
2020-08-31,11.22,11.5,11.21,11.3
2020-09-01,11.23,11.82,11.22,11.74
2020-09-02,12.14,12.21,11.65,11.69
2020-09-03,11.75,11.82,11.32,11.32
2020-09-04,11.2,11.32,11.12,11.23
2020-09-07,11.19,11.39,11.02,11.07
2020-09-08,11.07,11.17,10.96,11.08
2020-09-09,11.0,11.03,10.75,10.8
2020-09-10,10.88,10.96,10.5,10.52
2020-09-11,10.5,10.66,10.44,10.64
2020-09-14,10.65,11.09,10.59,11.07
2020-09-15,11.09,11.18,10.85,10.94
2020-09-16,10.82,10.89,10.73,10.77
2020-09-17,10.73,10.9,10.6,10.75
2020-09-18,10.75,10.88,10.69,10.88
2020-09-21,10.91,11.03,10.88,10.93
2020-09-22,10.84,10.9,10.62,10.66
2020-09-23,10.74,10.76,10.59,10.68
2020-09-24,10.67,10.67,10.46,10.49
2020-09-25,10.5,10.55,10.25,10.36
2020-09-28,10.33,10.48,10.2,10.2
2020-09-29,10.33,10.54,10.32,10.47
2020-09-30,10.47,10.55,10.38,10.48
2020-10-09,10.68,10.92,10.62,10.86
2020-10-12,10.94,11.14,10.92,11.06
2020-10-13,11.01,11.14,10.95,11.08
2020-10-14,11.12,11.67,11.05,11.48
2020-10-15,11.56,11.65,11.31,11.39
2020-10-16,11.42,11.54,11.26,11.45
2020-10-19,12.19,12.19,11.32,11.34
2020-10-20,11.21,11.54,11.05,11.51
2020-10-21,11.51,11.54,10.9,11.12
2020-10-22,11.01,11.12,10.91,10.99
2020-10-23,10.99,11.06,10.88,10.9
2020-10-26,10.84,11.15,10.66,11.11
2020-10-27,10.99,11.11,10.91,11.0
2020-10-28,10.98,11.05,10.74,10.98
2020-10-29,10.8,11.2,10.76,11.13
2020-10-30,11.16,11.34,11.02,11.03
2020-11-02,10.99,11.0,10.36,10.47
2020-11-03,10.53,10.67,10.43,10.58
2020-11-04,10.68,10.68,10.42,10.45
2020-11-05,10.55,11.28,10.53,11.25
2020-11-06,11.28,11.42,11.1,11.15
2020-11-09,11.3,11.48,11.21,11.31
2020-11-10,11.32,11.34,11.01,11.07
2020-11-11,11.04,11.11,10.6,10.67
2020-11-12,10.74,10.81,10.62,10.7
2020-11-13,10.7,10.78,10.56,10.76
2020-11-16,10.79,10.82,10.6,10.7
2020-11-17,10.72,10.8,10.62,10.78
2020-11-18,10.78,11.04,10.72,11.01
2020-11-19,11.0,11.22,10.89,11.1
2020-11-20,11.13,11.19,11.04,11.12
2020-11-23,11.11,11.3,11.01,11.2
2020-11-24,11.2,11.26,11.07,11.1
2020-11-25,11.15,11.25,11.02,11.03
2020-11-26,11.0,11.09,10.97,11.03
2020-11-27,11.03,11.03,10.78,10.91
2020-11-30,10.9,11.0,10.77,10.81
2020-12-01,10.81,10.94,10.77,10.93
2020-12-02,10.94,11.1,10.9,11.08
2020-12-03,11.06,11.07,10.86,10.88
2020-12-04,10.85,10.89,10.75,10.82
2020-12-07,10.83,10.94,10.77,10.89
2020-12-08,10.88,10.9,10.73,10.77
2020-12-09,10.75,10.79,10.57,10.6
2020-12-10,10.6,10.73,10.53,10.69
2020-12-11,10.72,10.72,10.44,10.52
2020-12-14,10.6,10.65,10.4,10.52
2020-12-15,10.53,10.53,10.3,10.44
2020-12-16,10.41,10.5,10.32,10.48
2020-12-17,10.46,10.52,10.35,10.51
2020-12-18,10.53,10.64,10.5,10.53
2020-12-21,10.55,10.71,10.54,10.68
2020-12-22,10.76,10.76,10.38,10.41
2020-12-23,10.47,10.84,10.4,10.8
2020-12-24,10.81,10.87,10.62,10.65
2020-12-25,10.64,10.73,10.52,10.66
2020-12-28,10.77,11.08,10.7,10.86
2020-12-29,10.85,11.18,10.8,10.99
2020-12-30,11.0,11.02,10.7,10.82
2020-12-31,10.82,10.91,10.75,10.84
2021-01-04,10.85,11.1,10.73,11.02
2021-01-05,10.92,11.08,10.86,11.04
2021-01-06,11.06,11.09,10.78,10.89
2021-01-07,10.9,10.9,10.6,10.66
2021-01-08,10.65,11.3,10.61,11.3
2021-01-11,11.36,11.65,11.28,11.38
2021-01-12,11.3,11.49,11.21,11.43
2021-01-13,11.4,11.82,11.33,11.73
2021-01-14,11.85,11.85,11.45,11.51
2021-01-15,11.49,11.49,11.21,11.3
2021-01-18,11.31,11.6,11.25,11.53
2021-01-19,11.52,11.59,11.07,11.11
2021-01-20,11.1,11.2,10.96,11.07
2021-01-21,11.06,11.19,10.9,11.08
2021-01-22,11.1,11.11,10.81,10.87
2021-01-25,10.87,11.0,10.66,10.95
2021-01-26,10.87,11.06,10.7,10.72
2021-01-27,10.66,10.82,10.66,10.75
2021-01-28,10.66,10.69,10.4,10.43
2021-01-29,10.46,10.58,10.38,10.5
2021-02-01,10.48,10.67,10.45,10.66
2021-02-02,10.65,10.66,10.48,10.55
2021-02-03,10.55,10.59,10.02,10.06
2021-02-04,10.02,10.02,9.12,9.54
2021-02-05,9.41,9.62,9.31,9.37
2021-02-08,9.43,9.54,9.29,9.45
2021-02-09,9.49,9.55,9.35,9.53
2021-02-10,9.56,9.58,9.47,9.52
2021-02-18,9.66,10.04,9.61,9.95
2021-02-19,9.98,10.27,9.9,10.25
2021-02-22,10.26,10.65,10.26,10.42
2021-02-23,10.49,10.72,10.21,10.5
2021-02-24,10.48,10.63,10.27,10.38
2021-02-25,10.42,10.47,10.18,10.21
2021-02-26,10.13,10.64,10.05,10.37
2021-03-01,10.47,11.07,10.47,10.95
2021-03-02,11.07,11.26,10.9,11.1
2021-03-03,11.11,11.35,11.1,11.29
2021-03-04,11.4,11.59,11.3,11.46
2021-03-05,11.56,11.56,10.96,11.29
2021-03-08,11.52,12.16,11.52,11.64
2021-03-09,11.5,11.84,11.12,11.45
2021-03-10,11.58,11.7,11.21,11.3
2021-03-11,11.37,11.57,11.06,11.49
2021-03-12,11.49,11.54,11.21,11.4
2021-03-15,11.36,11.63,11.2,11.47
2021-03-16,11.42,11.81,11.38,11.68
2021-03-17,11.71,11.76,11.25,11.33
2021-03-18,11.27,11.54,11.15,11.43
2021-03-19,11.28,12.35,11.22,11.8
2021-03-22,11.84,11.98,11.69,11.91
2021-03-23,11.94,12.06,11.68,11.8
2021-03-24,11.68,11.78,10.87,11.0
2021-03-25,10.9,11.18,10.8,11.12
2021-03-26,11.17,11.73,11.07,11.63
2021-03-29,11.7,11.92,11.62,11.69
2021-03-30,11.6,11.6,11.29,11.45
2021-03-31,11.43,11.57,11.35,11.45
2021-04-01,11.5,11.5,11.15,11.26
2021-04-02,11.26,11.39,11.05,11.13
2021-04-06,11.1,11.32,11.08,11.23
2021-04-07,11.2,11.31,11.09,11.21
2021-04-08,11.15,11.33,11.14,11.17
2021-04-09,11.22,11.22,11.01,11.01
2021-04-12,11.0,11.09,10.64,10.75
2021-04-13,10.7,10.95,10.68,10.82
2021-04-14,10.8,10.8,10.6,10.72
2021-04-15,10.72,10.72,10.52,10.58
2021-04-16,10.63,10.82,10.59,10.77
2021-04-19,10.77,10.91,10.69,10.87
2021-04-20,10.84,10.86,10.61,10.64
2021-04-21,10.59,10.74,10.53,10.65
2021-04-22,10.65,10.94,10.65,10.73
2021-04-23,10.69,10.69,10.48,10.55
2021-04-26,10.57,10.63,10.39,10.4
2021-04-27,10.4,10.41,10.18,10.31
2021-04-28,10.31,10.52,10.24,10.38
2021-04-29,10.44,10.59,10.33,10.39
2021-04-30,10.42,10.46,10.1,10.22
2021-05-06,10.15,10.3,10.02,10.09
2021-05-07,10.1,10.17,9.99,10.01
2021-05-10,9.97,10.07,9.75,10.03
2021-05-11,10.01,10.11,9.95,10.03
2021-05-12,10.0,10.14,9.94,10.08
2021-05-13,10.04,10.11,9.95,9.97
2021-05-14,9.98,10.13,9.97,10.11
2021-05-17,10.13,10.3,10.05,10.2
2021-05-18,10.21,10.22,10.12,10.18
2021-05-19,10.18,10.18,10.03,10.05
2021-05-20,10.04,10.06,9.93,9.99
2021-05-21,10.02,10.14,9.97,9.97
2021-05-24,9.98,10.07,9.96,10.05
2021-05-25,10.07,10.18,10.01,10.16
2021-05-26,10.18,10.24,10.14,10.17
2021-05-27,10.14,10.32,10.13,10.31
2021-05-28,10.45,10.55,10.31,10.34
2021-05-31,10.36,10.65,10.35,10.6
2021-06-01,10.55,10.61,10.46,10.53
2021-06-02,10.49,10.59,10.28,10.32
2021-06-03,10.3,10.59,10.3,10.41
2021-06-04,10.39,10.48,10.33,10.42
2021-06-07,10.44,10.64,10.41,10.46
2021-06-08,10.49,10.49,10.24,10.3
2021-06-09,10.32,10.36,10.25,10.34
2021-06-10,10.3,10.48,10.27,10.37
2021-06-11,10.38,10.42,9.88,9.93
2021-06-15,9.94,10.02,9.62,9.69
2021-06-16,9.72,9.84,9.66,9.69
2021-06-17,9.79,9.86,9.71,9.78
2021-06-18,9.78,9.89,9.68,9.83
2021-06-21,9.86,9.86,9.74,9.8
2021-06-22,9.8,9.86,9.76,9.82
2021-06-23,9.83,9.83,9.71,9.8
2021-06-24,9.8,10.17,9.75,10.07
2021-06-25,10.07,10.1,9.88,10.02
2021-06-28,10.0,10.0,9.9,9.91
2021-06-29,9.93,9.95,9.72,9.76
2021-06-30,9.77,10.04,9.77,10.0
2021-07-01,10.01,10.04,9.8,9.8
2021-07-02,9.8,9.93,9.73,9.75
2021-07-05,9.8,9.82,9.68,9.77
2021-07-06,9.75,9.84,9.69,9.81
2021-07-07,9.81,9.95,9.78,9.94
2021-07-08,9.91,9.96,9.82,9.91
2021-07-09,9.9,9.99,9.86,9.97
2021-07-12,9.99,10.37,9.99,10.34
2021-07-13,10.33,10.34,10.19,10.25
2021-07-14,10.25,10.42,10.13,10.15
2021-07-15,10.14,10.22,9.99,10.2
2021-07-16,10.18,10.45,10.11,10.32
2021-07-19,10.32,10.37,10.17,10.29
2021-07-20,10.26,10.26,10.08,10.2
2021-07-21,10.2,10.25,10.12,10.2
2021-07-22,9.18,9.18,9.18,9.18
2021-07-23,8.26,8.26,8.26,8.26
2021-07-26,7.57,7.87,7.43,7.45
2021-07-27,7.49,7.75,7.45,7.59
2021-07-28,7.59,7.59,7.01,7.27
2021-07-29,7.32,7.42,7.15,7.28
2021-07-30,7.29,7.64,7.24,7.6
2021-08-02,7.65,7.98,7.46,7.85
2021-08-03,7.8,7.82,7.61,7.65
2021-08-04,7.69,7.74,7.63,7.67
2021-08-05,7.68,7.85,7.56,7.69
2021-08-06,7.65,7.65,7.46,7.58
2021-08-09,7.51,7.67,7.48,7.59
2021-08-10,7.74,7.96,7.67,7.9
2021-08-11,7.92,8.69,7.86,8.69
2021-08-12,9.28,9.56,9.11,9.56
2021-08-13,9.6,9.74,9.2,9.28
2021-08-16,9.75,9.94,9.22,9.29
2021-08-17,9.0,9.21,8.5,8.58
2021-08-18,8.56,8.72,8.17,8.23
2021-08-19,8.2,8.37,8.05,8.12
2021-08-20,8.08,8.16,7.9,7.97
2021-08-23,8.0,8.23,7.94,8.19
2021-08-24,8.2,8.22,8.06,8.12
2021-08-25,8.1,8.18,7.94,8.16
2021-08-26,8.19,8.58,8.08,8.37
2021-08-27,8.14,8.14,7.53,7.95
2021-08-30,7.81,8.46,7.68,8.27
2021-08-31,8.16,8.18,7.92,8.13
2021-09-01,8.08,8.31,7.97,8.04
2021-09-02,8.05,8.52,7.95,8.39
2021-09-03,8.54,8.77,8.32,8.36
2021-09-06,8.54,8.69,8.41,8.57
2021-09-07,8.8,8.88,8.57,8.62
2021-09-08,8.63,9.32,8.56,9.13
2021-09-09,9.03,9.35,9.0,9.05
2021-09-10,9.04,9.08,8.61,8.62
2021-09-13,8.7,8.85,8.62,8.7
2021-09-14,8.66,8.79,8.45,8.52
2021-09-15,8.53,9.37,8.47,9.37
2021-09-16,9.43,9.46,8.94,9.0
2021-09-17,9.06,9.33,8.89,9.09
2021-09-22,9.01,9.4,8.93,9.29
2021-09-23,9.38,9.46,9.15,9.23
2021-09-24,9.17,9.22,8.89,8.92
2021-09-27,8.93,9.08,8.47,8.65
2021-09-28,8.6,9.14,8.55,9.0
2021-09-29,8.88,9.08,8.73,8.83
2021-09-30,8.85,9.19,8.85,9.1
2021-10-08,9.16,9.22,8.92,9.16
2021-10-11,9.17,9.97,8.99,9.76
2021-10-12,9.6,9.69,9.16,9.34
2021-10-13,9.36,9.39,9.03,9.17
2021-10-14,9.16,9.29,9.04,9.11
2021-10-15,9.06,9.11,8.8,8.8
2021-10-18,8.85,9.06,8.83,8.89
2021-10-19,8.93,8.99,8.81,8.89
2021-10-20,8.85,9.09,8.77,8.98
2021-10-21,8.91,8.95,8.8,8.86
2021-10-22,8.81,9.0,8.72,8.86
2021-10-25,8.9,9.09,8.84,9.02
2021-10-26,9.05,9.15,8.98,9.08
2021-10-27,9.1,9.43,9.06,9.31
2021-10-28,9.27,9.8,9.21,9.55
2021-10-29,9.67,10.2,9.63,10.11
2021-11-01,11.12,11.12,11.12,11.12
2021-11-02,12.23,12.23,12.23,12.23
2021-11-03,13.0,13.45,12.89,13.36
2021-11-04,13.01,14.7,13.01,14.7
2021-11-05,15.57,15.74,14.42,15.18
2021-11-08,15.55,16.3,15.38,16.04
2021-11-09,15.95,17.16,15.59,16.05
2021-11-10,15.89,16.38,15.57,16.25
2021-11-11,16.17,17.31,16.1,16.32
2021-11-12,16.29,17.95,16.29,17.95
2021-11-15,17.9,18.24,16.76,16.9
2021-11-16,17.18,18.58,17.03,18.15
2021-11-17,17.96,19.68,17.96,19.35
2021-11-18,19.48,19.66,18.51,18.55
2021-11-19,18.39,19.0,17.85,18.5
2021-11-22,18.68,18.8,17.81,18.26
2021-11-23,18.3,18.97,18.08,18.25
2021-11-24,18.0,18.35,17.38,17.79
2021-11-25,17.71,17.99,17.13,17.27
2021-11-26,17.26,17.92,16.95,17.52
2021-11-29,17.15,18.3,17.1,17.85
2021-11-30,18.45,19.03,18.04,18.58
2021-12-01,18.4,18.5,17.83,17.98
2021-12-02,17.75,17.8,16.7,16.86
2021-12-03,16.81,17.02,16.27,16.31
2021-12-06,16.47,16.83,16.08,16.15
2021-12-07,16.21,16.3,15.47,16.0
2021-12-08,15.99,16.7,15.98,16.4
2021-12-09,16.21,17.04,16.1,16.63
2021-12-10,16.9,17.75,16.69,17.06
2021-12-13,16.93,18.24,16.62,17.75
2021-12-14,17.64,17.93,17.51,17.64
2021-12-15,17.64,18.42,17.4,18.11
2021-12-16,18.4,18.73,17.68,17.89
2021-12-17,17.36,19.36,17.01,18.42
2021-12-20,18.46,18.59,16.58,16.58
2021-12-21,16.63,17.71,16.54,17.33
2021-12-22,17.32,17.61,16.67,17.3
2021-12-23,17.29,17.5,16.92,17.23
2021-12-24,17.17,17.21,15.51,15.98
2021-12-27,15.85,16.49,15.66,15.9
2021-12-28,16.16,16.7,15.65,16.52
2021-12-29,16.51,17.64,16.41,16.65
2021-12-30,16.76,16.9,15.89,16.74
2021-12-31,16.93,17.62,16.56,16.96
2022-01-04,17.28,17.34,15.98,16.49
2022-01-05,16.5,16.5,15.55,15.79
2022-01-06,15.55,16.35,15.28,16.05
2022-01-07,15.96,16.13,14.95,15.38
2022-01-10,15.28,15.33,14.6,14.83
2022-01-11,14.8,14.88,14.1,14.55
2022-01-12,14.9,14.98,14.29,14.77
2022-01-13,14.71,14.78,13.87,13.95
2022-01-14,13.97,14.8,13.83,14.5
2022-01-17,14.48,14.79,14.18,14.55
2022-01-18,14.54,15.1,14.23,14.73
2022-01-19,14.72,15.19,14.49,14.72
2022-01-20,14.7,14.74,14.03,14.35
2022-01-21,14.38,14.48,14.02,14.14
2022-01-24,14.11,14.77,14.02,14.55
2022-01-25,14.49,14.64,14.0,14.06
2022-01-26,14.17,15.47,14.08,15.47
2022-01-27,15.6,16.5,15.44,15.99
2022-01-28,15.95,17.38,15.29,16.62
2022-02-07,17.35,17.48,16.28,16.3
2022-02-08,16.35,16.9,15.6,16.56
2022-02-09,16.37,17.43,16.09,17.02
2022-02-10,16.51,16.51,15.75,16.14
2022-02-11,15.8,16.71,15.6,16.0
2022-02-14,16.0,16.24,15.4,15.72
2022-02-15,15.71,17.29,15.61,17.29
2022-02-16,17.4,17.72,16.95,17.15
2022-02-17,17.19,18.55,17.07,18.12
2022-02-18,17.99,18.24,17.64,17.95
2022-02-21,17.96,18.54,17.8,18.33
2022-02-22,18.0,18.23,17.71,18.05
2022-02-23,17.86,19.15,17.82,18.74
2022-02-24,18.51,18.9,17.58,17.98
2022-02-25,18.26,19.17,18.19,18.5
2022-02-28,18.25,18.85,18.11,18.71
2022-03-01,18.87,20.58,18.85,19.71
2022-03-02,19.6,19.6,18.19,18.99
2022-03-03,19.4,19.45,17.69,17.75
2022-03-04,17.45,18.13,17.12,17.82
2022-03-07,17.4,17.55,16.96,17.28
2022-03-08,17.2,17.93,16.74,17.49
2022-03-09,17.6,18.18,16.71,17.66
2022-03-10,18.18,18.47,17.18,17.3
2022-03-11,17.91,18.75,17.65,18.64
2022-03-14,18.18,19.25,18.01,18.05
2022-03-15,17.68,18.29,17.03,17.3
2022-03-16,17.69,19.03,17.4,19.03
2022-03-17,19.38,19.68,18.71,19.0
2022-03-18,18.7,18.78,18.06,18.62
2022-03-21,18.4,18.66,17.84,18.11
2022-03-22,17.86,18.38,17.73,18.0
2022-03-23,18.19,18.78,18.14,18.25
2022-03-24,17.85,18.23,17.5,17.98
2022-03-25,17.98,18.02,17.0,17.15
2022-03-28,16.77,16.96,16.26,16.58
2022-03-29,16.68,16.8,16.26,16.36
2022-03-30,16.6,17.57,16.6,17.53
2022-03-31,17.27,17.46,16.83,17.0
2022-04-01,16.8,17.23,16.7,16.98
2022-04-06,17.12,17.18,15.8,16.05
2022-04-07,15.89,16.01,15.56,15.78
2022-04-08,15.85,16.21,15.47,15.92
2022-04-11,15.71,15.85,14.8,14.88
2022-04-12,14.99,15.24,14.62,15.1
2022-04-13,14.85,15.17,14.7,14.89
2022-04-14,15.1,15.33,14.78,14.96
2022-04-15,14.78,14.85,14.4,14.49
2022-04-18,14.42,15.73,14.21,15.56
2022-04-19,15.53,16.12,15.2,15.3
2022-04-20,15.3,15.3,14.66,14.71
2022-04-21,14.52,14.93,14.31,14.49
2022-04-22,14.45,15.25,14.33,14.71
2022-04-25,14.25,15.1,13.84,14.3
2022-04-26,14.31,14.99,13.91,14.57
2022-04-27,14.32,15.53,13.15,15.39
2022-04-28,15.0,15.73,14.88,15.4
2022-04-29,15.4,16.49,15.15,16.35
2022-05-05,16.0,16.23,15.57,15.86
2022-05-06,15.2,15.78,15.14,15.35
2022-05-09,15.27,15.48,15.02,15.29
2022-05-10,15.01,16.5,14.9,16.06
2022-05-11,16.03,16.99,15.88,16.2
2022-05-12,16.05,16.7,16.0,16.52
2022-05-13,16.69,16.78,16.35,16.55
2022-05-16,16.55,16.85,16.01,16.1
2022-05-17,16.14,16.66,15.88,16.52
2022-05-18,16.47,16.57,15.66,15.97
2022-05-19,15.66,17.47,15.58,17.15
2022-05-20,17.15,17.85,16.93,17.48
2022-05-23,17.35,18.04,17.29,17.95
2022-05-24,17.96,18.13,17.01,17.02
2022-05-25,16.96,17.96,16.86,17.94
2022-05-26,17.71,18.63,17.4,18.16
2022-05-27,18.08,18.57,17.61,17.76
2022-05-30,17.79,18.2,17.5,17.9
2022-05-31,18.25,18.6,18.04,18.35
2022-06-01,18.25,18.55,18.07,18.31
2022-06-02,18.3,19.6,18.15,19.28
2022-06-06,19.08,19.93,19.0,19.55
2022-06-07,19.52,19.78,18.53,18.92
2022-06-08,19.03,19.1,18.17,18.86
2022-06-09,18.75,18.95,18.22,18.45
2022-06-10,18.33,18.87,18.27,18.68
2022-06-13,18.43,19.27,18.35,18.96
2022-06-14,18.66,18.72,17.51,18.32
2022-06-15,18.22,18.58,17.95,18.0
2022-06-16,17.99,18.93,17.92,18.73
2022-06-17,18.46,20.6,18.43,20.43
2022-06-20,20.6,21.27,20.36,20.83
2022-06-21,20.63,21.36,20.33,20.72
2022-06-22,20.65,21.13,20.35,20.36
2022-06-23,20.4,21.08,19.79,20.7
2022-06-24,20.92,22.77,20.9,22.34
2022-06-27,22.57,23.01,22.04,22.6
2022-06-28,22.6,23.46,22.51,23.0
2022-06-29,22.8,23.32,22.1,22.24
2022-06-30,22.53,23.75,22.5,23.1
2022-07-01,23.13,23.84,22.81,23.36
2022-07-04,23.75,24.48,23.08,23.99
2022-07-05,23.99,24.19,23.31,23.76
2022-07-06,23.66,24.99,23.44,23.93
2022-07-07,23.92,24.5,23.2,24.3
2022-07-08,24.58,25.2,24.21,24.6
2022-07-11,24.32,24.57,22.96,23.41
2022-07-12,23.49,24.67,23.48,23.84
2022-07-13,23.6,24.89,23.23,24.58
2022-07-14,24.55,26.77,24.5,26.67
2022-07-15,26.0,26.91,25.21,26.22
2022-07-18,26.82,27.01,25.63,26.31
2022-07-19,26.55,27.54,26.01,26.24
2022-07-20,26.02,27.6,25.55,26.92
2022-07-21,26.8,26.86,25.88,25.88
2022-07-22,25.91,26.24,25.08,25.39
2022-07-25,25.31,25.31,23.22,23.67
2022-07-26,23.87,24.4,23.41,23.9
2022-07-27,23.91,24.01,22.6,23.84
2022-07-28,23.91,24.15,22.3,22.47
2022-07-29,22.57,23.56,22.4,23.0
2022-08-01,22.98,23.54,22.63,23.02
2022-08-02,22.64,23.5,22.34,22.72
2022-08-03,22.98,23.64,22.39,22.5
2022-08-04,22.59,22.8,21.71,22.14
2022-08-05,22.23,22.8,21.7,22.48
2022-08-08,21.89,23.5,21.89,22.81
2022-08-09,22.73,24.3,22.44,23.86
2022-08-10,23.71,24.7,23.33,23.47
2022-08-11,23.54,24.2,23.36,23.71
2022-08-12,23.6,23.7,22.62,23.11
2022-08-15,23.12,24.75,22.91,24.43
2022-08-16,24.78,25.43,24.7,25.08
2022-08-17,25.0,25.67,24.71,24.97
2022-08-18,24.92,26.32,24.88,26.05
2022-08-19,25.87,25.87,24.58,24.76
2022-08-22,24.67,24.99,24.2,24.95
2022-08-23,24.75,25.02,24.1,24.45
2022-08-24,24.4,24.69,23.69,23.86
2022-08-25,23.86,24.14,23.05,23.35
2022-08-26,23.42,24.3,23.28,23.62
2022-08-29,23.18,24.27,23.0,23.92
2022-08-30,23.9,25.58,23.88,24.73
2022-08-31,24.58,24.58,22.26,22.26
2022-09-01,22.07,23.76,22.07,23.4
2022-09-02,23.49,23.69,22.27,23.0
2022-09-05,23.3,24.64,23.11,24.34
2022-09-06,24.5,25.63,24.3,25.2
2022-09-07,25.1,26.22,24.96,25.6
2022-09-08,25.21,25.87,25.09,25.65
2022-09-09,25.4,25.5,24.58,24.85
2022-09-13,24.9,25.1,24.16,24.68
2022-09-14,24.42,25.25,23.67,24.19
2022-09-15,24.36,24.39,22.65,23.13
2022-09-16,22.85,23.5,22.47,22.49
2022-09-19,22.33,23.2,22.22,22.75
2022-09-20,23.06,23.97,23.03,23.53
2022-09-21,23.5,23.7,22.94,23.06
2022-09-22,22.9,23.76,22.32,23.2
2022-09-23,23.21,23.5,22.33,22.71
2022-09-26,22.43,23.86,22.41,23.4
2022-09-27,23.89,25.3,23.89,24.54
2022-09-28,24.74,24.74,23.09,23.2
2022-09-29,23.52,23.58,22.4,23.25
2022-09-30,23.17,23.54,22.46,22.47
2022-10-10,22.46,22.78,21.16,21.42
2022-10-11,21.26,22.79,21.26,22.45
2022-10-12,22.44,24.16,22.39,24.01
2022-10-13,23.76,24.8,23.72,24.04
2022-10-14,24.2,24.32,23.35,23.85
2022-10-17,23.77,24.09,23.45,23.68
2022-10-18,23.75,24.97,23.6,24.65
2022-10-19,24.55,24.76,23.58,23.68
2022-10-20,23.68,23.68,22.5,22.82
2022-10-21,23.61,25.0,23.56,24.79
2022-10-24,24.79,25.6,24.4,24.97
2022-10-25,24.79,25.48,24.22,24.91
2022-10-26,24.85,25.11,24.1,24.48
2022-10-27,23.91,24.15,22.03,22.03
2022-10-28,21.1,22.65,21.1,22.1
2022-10-31,21.91,22.85,21.52,21.97
2022-11-01,21.9,21.9,19.77,20.45
2022-11-02,20.2,20.3,19.1,19.96
2022-11-03,19.8,20.76,19.56,20.21
2022-11-04,20.0,21.41,19.91,20.93
2022-11-07,20.7,20.8,19.21,20.43
2022-11-08,20.43,21.39,20.3,21.32
2022-11-09,20.88,21.28,20.55,20.84
2022-11-10,20.81,21.05,20.35,20.46
2022-11-11,21.3,21.4,20.58,20.91
2022-11-14,20.7,21.0,19.9,20.3
2022-11-15,20.11,20.91,20.0,20.85
2022-11-16,20.84,21.0,19.95,20.28
2022-11-17,20.11,20.17,19.15,19.47
2022-11-18,19.48,19.55,18.5,18.79
2022-11-21,18.81,19.32,18.68,18.85
2022-11-22,18.81,18.84,18.21,18.33
2022-11-23,18.3,19.24,18.05,19.07
2022-11-24,19.09,19.69,18.96,19.11
2022-11-25,17.2,17.2,17.2,17.2
2022-11-28,15.52,16.25,15.48,16.16
2022-11-29,16.0,16.68,15.9,16.53
2022-11-30,16.38,16.85,16.36,16.69
2022-12-01,16.88,17.53,16.6,16.71
2022-12-02,16.63,17.29,16.58,16.95
2022-12-05,17.05,17.11,16.57,16.66
2022-12-06,16.67,16.74,16.14,16.3
2022-12-07,16.34,16.38,15.86,16.09
2022-12-08,16.2,16.4,16.08,16.21
2022-12-09,16.1,16.2,15.8,15.8
2022-12-12,15.78,16.05,15.24,15.87
2022-12-13,15.84,15.88,15.34,15.4
2022-12-14,15.44,15.54,15.0,15.14
2022-12-15,15.14,15.38,15.03,15.35
2022-12-16,15.26,15.29,14.78,14.96
2022-12-19,14.92,15.11,14.65,14.7
2022-12-20,14.69,15.19,14.64,15.08
2022-12-21,15.16,15.25,14.64,14.86
2022-12-22,14.91,14.95,14.18,14.24
2022-12-23,14.08,14.58,14.02,14.17
2022-12-26,14.17,15.1,14.12,15.04
2022-12-27,15.04,15.54,14.87,15.44
2022-12-28,15.33,16.2,15.1,15.87
2022-12-29,15.8,16.35,15.78,15.87
2022-12-30,15.94,16.42,15.81,16.15
2023-01-03,16.11,16.99,16.03,16.9
2023-01-04,16.88,16.88,16.06,16.19
2023-01-05,16.24,16.43,15.9,16.4
2023-01-06,16.19,16.72,16.1,16.48
2023-01-09,16.49,17.0,16.18,16.89
2023-01-10,16.98,17.5,16.8,16.82
2023-01-11,16.99,17.0,16.28,16.39
2023-01-12,16.42,17.05,16.36,16.69
2023-01-13,16.91,16.91,16.2,16.46
2023-01-16,16.52,16.7,16.25,16.42
2023-01-17,16.4,16.41,15.97,16.09
2023-01-18,16.2,16.55,16.14,16.45
2023-01-19,16.39,16.45,14.9,15.16
2023-01-20,15.18,15.62,15.18,15.46
2023-01-30,15.73,15.89,15.51,15.63
2023-01-31,15.89,16.66,15.8,16.35
2023-02-01,16.49,16.59,16.23,16.56
2023-02-02,16.6,16.71,15.97,16.04
2023-02-03,15.83,15.85,15.01,15.36
2023-02-06,15.18,15.33,15.03,15.27
2023-02-07,15.27,15.32,15.03,15.19
2023-02-08,15.2,15.32,15.17,15.2
2023-02-09,15.18,15.86,15.03,15.83
2023-02-10,15.81,15.95,15.6,15.68
2023-02-13,15.52,15.73,15.48,15.61
2023-02-14,15.61,15.84,15.58,15.75
2023-02-15,15.8,16.07,15.76,15.9
2023-02-16,15.95,15.95,15.31,15.49
2023-02-17,15.4,15.49,15.12,15.16
2023-02-20,15.17,15.39,15.11,15.39
2023-02-21,15.36,15.59,15.24,15.49
2023-02-22,15.38,15.5,15.27,15.31
2023-02-23,15.29,15.8,15.25,15.79
2023-02-24,15.7,15.88,15.55,15.75
2023-02-27,15.65,16.3,15.56,16.18
2023-02-28,16.25,16.3,15.8,16.06
2023-03-01,15.98,16.15,15.91,16.06
2023-03-02,16.09,16.48,15.98,16.29
2023-03-03,16.42,16.46,15.9,16.04
2023-03-06,16.04,16.27,15.91,16.17
2023-03-07,16.1,16.11,15.43,15.53
2023-03-08,15.49,15.68,15.47,15.64
2023-03-09,15.93,15.99,15.61,15.66
2023-03-10,15.5,15.5,15.08,15.16
2023-03-13,15.27,15.45,15.12,15.25
2023-03-14,15.25,15.36,15.0,15.22
2023-03-15,15.31,15.96,15.31,15.78
2023-03-16,15.61,15.87,15.25,15.33
2023-03-17,15.45,15.53,15.22,15.27
2023-03-20,16.08,16.8,16.0,16.8
2023-03-21,17.0,17.46,16.59,17.33
2023-03-22,17.07,17.15,16.81,16.97
2023-03-23,16.9,17.75,16.88,17.44
2023-03-24,17.53,18.87,17.26,18.08
2023-03-27,18.12,18.94,17.93,18.73
2023-03-28,18.54,18.54,17.31,17.38
2023-03-29,17.31,17.58,16.82,17.12
2023-03-30,16.93,17.28,16.91,17.07
2023-03-31,16.99,17.18,16.81,17.09
2023-04-03,17.16,17.88,17.15,17.66
2023-04-04,17.71,17.77,17.2,17.32
2023-04-06,17.2,18.0,16.74,18.0
2023-04-07,18.28,18.49,17.7,17.85
2023-04-10,17.65,17.69,17.0,17.12
2023-04-11,17.41,17.55,17.05,17.38
2023-04-12,17.25,17.57,17.12,17.34
2023-04-13,17.31,17.31,16.31,16.42
2023-04-14,16.38,16.52,16.05,16.24
2023-04-17,16.24,16.28,16.02,16.1
2023-04-18,16.12,16.55,16.1,16.44
2023-04-19,16.32,16.33,16.05,16.08
2023-04-20,16.15,16.34,16.1,16.2
2023-04-21,16.28,16.28,15.35,15.42
2023-04-24,15.39,15.85,15.26,15.6
2023-04-25,15.53,15.57,15.05,15.27
2023-04-26,14.7,15.23,14.22,14.94
2023-04-27,14.8,14.95,14.58,14.59
2023-04-28,14.65,14.82,14.52,14.59
2023-05-04,14.55,14.78,14.5,14.59
2023-05-05,14.59,14.61,14.06,14.1
2023-05-08,14.1,14.39,14.08,14.1
2023-05-09,14.13,14.13,13.54,13.56
2023-05-10,13.56,14.31,13.39,14.3
2023-05-11,14.36,15.12,14.25,14.94
2023-05-12,14.8,14.88,14.54,14.69
2023-05-15,15.11,15.79,15.11,15.34
2023-05-16,15.3,16.15,15.23,15.98
2023-05-17,15.73,15.96,15.57,15.87
2023-05-18,15.79,16.07,15.72,15.89
2023-05-19,15.81,16.19,15.51,16.04
2023-05-22,16.06,16.32,15.73,15.8
2023-05-23,15.86,15.89,15.5,15.51
2023-05-24,15.5,15.67,15.4,15.43
2023-05-25,15.3,15.58,15.2,15.53
2023-05-26,15.48,15.52,15.01,15.13
2023-05-29,15.18,15.25,14.75,14.77
2023-05-30,14.72,14.76,14.12,14.53
2023-05-31,14.59,14.62,14.35,14.54
2023-06-01,14.63,15.03,14.56,14.83
2023-06-02,14.78,16.2,14.72,15.7
2023-06-05,15.5,15.7,15.43,15.6
2023-06-06,15.6,15.68,15.14,15.22
2023-06-07,15.31,15.38,14.61,14.75
2023-06-08,14.73,14.76,14.41,14.49
2023-06-09,14.49,15.64,14.29,15.48
2023-06-12,15.15,15.19,14.67,15.03
2023-06-13,14.97,15.53,14.92,15.41
2023-06-14,15.36,16.1,15.3,15.9
2023-06-15,15.89,16.35,15.83,16.0
2023-06-16,15.88,16.27,15.73,16.08
2023-06-19,16.08,16.71,15.9,16.57
2023-06-20,16.48,16.48,16.11,16.22
2023-06-21,16.02,16.07,15.7,15.8
2023-06-26,15.48,16.36,15.4,16.01
2023-06-27,16.05,16.28,15.86,16.15
2023-06-28,16.23,16.25,15.75,16.0
2023-06-29,16.0,16.1,15.77,15.81
2023-06-30,15.75,16.14,15.7,15.91
2023-07-03,15.91,16.57,15.78,16.44
2023-07-04,16.54,16.66,16.2,16.32
2023-07-05,16.22,16.29,15.93,15.95
2023-07-06,15.9,16.17,15.9,16.03
2023-07-07,15.91,15.93,15.61,15.62
2023-07-10,15.65,15.88,15.24,15.3
2023-07-11,15.31,15.76,15.27,15.67
2023-07-12,15.61,15.68,15.28,15.33
2023-07-13,15.44,15.49,15.28,15.38
2023-07-14,15.45,16.08,15.45,15.87
2023-07-17,15.75,16.04,15.62,16.03
2023-07-18,16.02,16.02,15.67,15.72
2023-07-19,15.72,15.79,15.5,15.56
2023-07-20,15.62,15.68,15.47,15.5
2023-07-21,15.6,15.78,15.5,15.64
2023-07-24,15.6,15.79,15.48,15.54
2023-07-25,15.65,15.77,15.6,15.7
2023-07-26,15.71,16.09,15.65,15.96
2023-07-27,15.9,15.99,15.65,15.75
2023-07-28,15.74,15.81,15.52,15.74
2023-07-31,15.81,15.87,15.66,15.74
2023-08-01,15.75,15.95,15.48,15.89
2023-08-02,16.3,16.67,15.87,15.89
2023-08-03,15.53,15.56,15.21,15.46
2023-08-04,15.31,15.57,15.31,15.41
2023-08-07,15.44,15.54,15.3,15.41
2023-08-08,15.31,15.35,14.8,14.98
2023-08-09,14.89,14.95,14.62,14.69
2023-08-10,14.65,14.79,14.6,14.77
2023-08-11,14.8,14.87,14.65,14.67
2023-08-14,14.49,14.65,14.4,14.62
2023-08-15,14.62,14.73,14.32,14.44
2023-08-16,14.45,14.5,14.23,14.36
2023-08-17,14.36,14.55,14.32,14.53
2023-08-18,14.55,14.6,14.31,14.31
2023-08-21,14.36,14.42,14.17,14.17
2023-08-22,14.26,14.3,13.7,14.11
2023-08-23,14.05,14.07,13.77,13.78
2023-08-24,13.79,14.04,13.74,13.87
2023-08-25,13.79,13.8,13.42,13.53
2023-08-28,14.2,14.28,13.67,13.71
2023-08-29,13.72,14.07,13.62,14.0
2023-08-30,14.31,14.78,14.31,14.54
2023-08-31,14.55,14.76,14.41,14.57
2023-09-01,14.56,14.65,14.49,14.55
2023-09-04,14.58,14.81,14.57,14.79
2023-09-05,14.8,14.92,14.65,14.68
2023-09-06,14.58,14.61,14.46,14.58
2023-09-07,14.58,14.61,14.35,14.35
2023-09-08,14.29,14.39,14.15,14.31
2023-09-11,14.35,14.6,14.3,14.46
2023-09-12,14.46,14.54,14.33,14.39
2023-09-13,14.37,14.39,14.11,14.17
2023-09-14,14.15,14.34,14.04,14.08
2023-09-15,14.11,14.17,13.88,13.93
2023-09-18,13.8,14.05,13.75,13.95
2023-09-19,13.9,13.96,13.75,13.81
2023-09-20,13.78,13.88,13.74,13.75
2023-09-21,13.76,13.89,13.62,13.64
2023-09-22,13.76,14.0,13.6,14.0
2023-09-25,13.95,13.99,13.8,13.82
2023-09-26,13.88,14.2,13.82,13.95
2023-09-27,13.9,14.71,13.89,14.6
2023-09-28,14.57,15.07,14.54,14.85
2023-10-09,14.8,15.12,14.67,14.89
2023-10-10,14.85,14.94,14.54,14.57
2023-10-11,14.72,14.83,14.5,14.55
2023-10-12,14.7,15.44,14.58,15.19
2023-10-13,15.15,15.21,14.97,15.17
2023-10-16,15.2,15.23,14.77,14.9
2023-10-17,14.92,15.25,14.92,15.13
2023-10-18,15.05,15.06,14.75,14.85
2023-10-19,14.71,14.86,14.63,14.64
2023-10-20,14.49,14.98,14.49,14.67
2023-10-23,14.54,14.75,14.06,14.22
2023-10-24,14.22,14.4,14.03,14.35
2023-10-25,14.47,14.73,14.18,14.28
2023-10-26,14.18,14.43,13.99,14.36
2023-10-27,14.3,14.82,14.12,14.65
2023-10-30,14.63,14.82,14.41,14.64
2023-10-31,14.5,14.56,13.61,13.99
2023-11-01,14.06,14.44,13.89,14.17
2023-11-02,14.19,14.22,13.81,13.83
2023-11-03,13.84,14.1,13.84,13.99
2023-11-06,14.13,14.68,14.08,14.55
2023-11-07,14.49,14.59,14.36,14.53
2023-11-08,14.5,14.58,14.32,14.4
2023-11-09,14.36,14.68,14.35,14.61
2023-11-10,14.55,14.59,14.4,14.42
2023-11-13,14.43,14.5,14.1,14.18
2023-11-14,14.19,14.29,14.14,14.2
2023-11-15,14.46,14.59,14.35,14.49
2023-11-16,14.49,14.49,14.26,14.26
2023-11-17,14.2,14.29,14.15,14.22
2023-11-20,14.21,14.24,14.08,14.24
2023-11-21,14.28,14.32,14.03,14.06
2023-11-22,14.0,14.03,13.75,13.76
2023-11-23,13.76,13.88,13.66,13.88
2023-11-24,13.88,13.88,13.66,13.7
2023-11-27,13.66,13.67,13.43,13.57
2023-11-28,13.54,13.6,13.37,13.49
2023-11-29,13.46,13.47,13.13,13.16
2023-11-30,13.13,13.2,12.87,12.98
2023-12-01,12.98,13.04,12.72,12.89
2023-12-04,12.9,13.27,12.9,13.17
2023-12-05,13.16,13.29,12.99,13.0
2023-12-06,13.0,13.15,12.89,13.05
2023-12-07,13.06,13.09,12.74,12.78
2023-12-08,12.79,12.92,12.76,12.82
2023-12-11,12.82,12.89,12.6,12.89
2023-12-12,12.85,13.02,12.82,12.91
2023-12-13,12.9,12.93,12.46,12.48
2023-12-14,12.57,12.65,12.48,12.52
2023-12-15,12.56,12.6,12.22,12.26
2023-12-18,12.18,12.25,11.79,11.85
2023-12-19,11.85,11.86,11.55,11.66
2023-12-20,11.73,11.75,11.5,11.51
2023-12-21,11.47,11.72,11.33,11.68
2023-12-22,11.65,11.81,11.56,11.67
2023-12-25,11.64,11.76,11.63,11.74
2023-12-26,11.75,11.77,11.46,11.52
2023-12-27,11.57,11.64,11.43,11.64
2023-12-28,11.64,12.55,11.58,12.4
2023-12-29,12.36,12.69,12.31,12.49
2024-01-02,12.51,12.61,12.39,12.4
2024-01-03,12.37,12.51,12.15,12.3
2024-01-04,12.29,12.29,12.03,12.11
2024-01-05,12.11,12.16,11.69,11.73
2024-01-08,11.72,11.87,11.52,11.53
2024-01-09,11.6,11.69,11.35,11.45
2024-01-10,11.4,11.52,11.13,11.25
2024-01-11,11.24,11.71,11.2,11.64
2024-01-12,11.59,11.73,11.52,11.57
2024-01-15,11.53,11.56,11.37,11.4
2024-01-16,12.0,12.26,11.8,12.1
2024-01-17,12.0,12.1,11.68,11.68
2024-01-18,11.64,12.18,11.56,12.15
2024-01-19,12.1,12.4,12.0,12.01
2024-01-22,12.01,12.01,11.38,11.48
2024-01-23,11.48,12.2,11.43,12.13
2024-01-24,12.19,12.32,11.87,12.26
2024-01-25,12.23,12.45,12.07,12.4
2024-01-26,12.41,12.45,12.17,12.19
2024-01-29,12.19,12.26,11.94,12.05
2024-01-30,12.0,12.03,11.7,11.74
2024-01-31,11.7,11.94,11.49,11.56
2024-02-01,11.54,11.8,11.33,11.57
2024-02-02,11.6,11.85,11.0,11.34
2024-02-05,11.28,11.39,10.53,10.69
2024-02-06,10.66,11.59,10.42,11.53
2024-02-07,11.53,11.95,11.5,11.73
2024-02-08,11.78,12.07,11.78,12.04
2024-02-19,12.14,12.38,12.13,12.28
2024-02-20,12.19,12.38,12.03,12.27
2024-02-21,12.15,12.67,12.1,12.38
2024-02-22,12.34,12.55,12.29,12.4
2024-02-23,12.42,12.52,12.36,12.42
2024-02-26,12.38,12.48,12.27,12.37
2024-02-27,12.37,13.06,12.31,13.06
2024-02-28,13.2,13.25,12.56,12.57
2024-02-29,12.51,13.1,12.48,13.09
2024-03-01,13.22,13.45,12.9,13.38
2024-03-04,13.37,13.53,13.24,13.42
2024-03-05,13.3,13.38,13.1,13.16
2024-03-06,13.12,14.07,13.08,13.91
2024-03-07,13.78,13.86,13.43,13.48
2024-03-08,13.48,13.93,13.46,13.9
2024-03-11,14.0,14.35,13.77,14.31
2024-03-12,14.43,14.83,14.32,14.47
2024-03-13,14.61,15.39,14.53,15.02
2024-03-14,14.95,15.17,14.77,15.09
2024-03-15,15.01,15.24,14.61,14.79
2024-03-18,14.85,14.93,14.69,14.89
2024-03-19,14.89,14.89,14.68,14.69
2024-03-20,14.71,14.83,14.54,14.58
2024-03-21,14.55,14.95,14.55,14.85
2024-03-22,14.8,14.94,14.55,14.75
2024-03-25,14.69,15.01,14.52,14.52
2024-03-26,14.3,14.45,14.13,14.33
2024-03-27,14.43,14.45,13.71,13.72
2024-03-28,13.73,14.2,13.72,14.06
2024-03-29,14.05,14.11,13.75,14.03
2024-04-01,14.15,14.33,13.96,14.1
2024-04-02,14.1,14.22,13.63,13.73
2024-04-03,13.78,13.78,13.27,13.32
2024-04-08,13.23,13.55,13.09,13.31
2024-04-09,13.22,13.5,13.22,13.43
2024-04-10,13.4,13.4,12.77,12.9
2024-04-11,12.9,13.14,12.81,13.04
2024-04-12,13.09,13.57,13.08,13.34
2024-04-15,13.34,13.58,13.2,13.49
2024-04-16,13.4,13.65,13.0,13.05
2024-04-17,13.18,13.47,12.93,13.38
2024-04-18,13.35,13.38,13.06,13.07
2024-04-19,12.96,12.96,12.35,12.63
2024-04-22,12.53,12.7,12.44,12.53
2024-04-23,12.52,12.6,12.36,12.55
2024-04-24,12.53,12.94,12.52,12.91
2024-04-25,12.87,12.99,12.74,12.82
2024-04-26,12.61,12.61,12.02,12.56
2024-04-29,12.63,13.76,12.62,13.58
2024-04-30,13.5,13.63,13.4,13.57
2024-05-06,13.84,14.21,13.82,13.91
2024-05-07,13.9,13.9,13.69,13.84
2024-05-08,13.83,14.17,13.65,13.94
2024-05-09,13.87,14.28,13.87,14.18
2024-05-10,14.18,14.48,14.13,14.38
2024-05-13,14.3,15.24,14.22,15.01
2024-05-14,14.97,15.1,14.81,14.97
2024-05-15,14.92,15.04,14.6,14.7
2024-05-16,14.73,15.49,14.73,15.05
2024-05-17,14.91,15.02,14.56,14.77
2024-05-20,14.75,15.07,14.7,14.94
2024-05-21,14.89,14.96,14.68,14.75
2024-05-22,14.75,14.82,14.44,14.5
2024-05-23,14.49,14.63,14.28,14.54
2024-05-24,14.57,15.19,14.47,14.62
2024-05-27,14.84,15.35,14.7,15.34
2024-05-28,15.43,15.87,15.18,15.23
2024-05-29,15.1,15.65,15.03,15.34
2024-05-30,15.34,15.52,15.14,15.38
2024-05-31,15.37,15.45,15.03,15.06
2024-06-03,15.01,15.02,14.62,14.79
2024-06-04,14.73,15.15,14.69,15.13
2024-06-05,15.07,15.17,14.5,14.54
2024-06-06,14.56,14.75,14.33,14.43
2024-06-07,14.45,14.56,14.15,14.46
2024-06-11,14.41,14.72,14.16,14.56
2024-06-12,14.51,14.77,14.31,14.5
2024-06-13,14.44,14.85,14.38,14.65
2024-06-14,14.6,14.81,14.4,14.74
2024-06-17,14.71,15.43,14.7,15.38
2024-06-18,15.38,15.66,15.3,15.63
2024-06-19,15.68,15.74,15.42,15.56
2024-06-20,15.51,15.98,15.5,15.62
2024-06-21,15.58,15.9,15.49,15.81
2024-06-24,15.67,16.2,15.66,15.7
2024-06-25,15.65,15.68,15.21,15.28
2024-06-26,15.26,15.39,15.12,15.32
2024-06-27,15.23,15.38,14.92,15.18
2024-06-28,15.1,16.1,15.1,15.85
2024-07-01,15.86,16.01,15.57,15.93
2024-07-02,15.85,15.99,14.48,15.13
2024-07-03,15.13,15.2,14.76,15.17
2024-07-04,15.19,15.72,15.19,15.29
2024-07-05,15.22,15.44,14.89,15.35
2024-07-08,15.3,15.65,15.16,15.3
2024-07-09,15.37,16.05,15.25,15.99
2024-07-10,15.95,15.98,15.32,15.37
2024-07-11,15.59,15.66,15.02,15.19
2024-07-12,15.22,15.25,14.81,15.06
2024-07-15,14.88,14.98,14.56,14.68
2024-07-16,14.57,14.67,13.99,14.41
2024-07-17,14.35,14.41,14.16,14.16
2024-07-18,14.16,14.17,13.72,14.04
2024-07-19,14.0,14.39,13.93,14.26
2024-07-22,14.3,14.89,14.06,14.58
2024-07-23,14.66,14.7,14.05,14.05
2024-07-24,14.03,14.44,13.99,14.24
2024-07-25,14.25,15.2,14.11,14.98
2024-07-26,14.95,15.55,14.83,15.49
2024-07-29,15.49,15.72,15.1,15.26
2024-07-30,15.2,15.39,15.01,15.1
2024-07-31,15.1,15.2,14.69,14.97
2024-08-01,14.98,15.25,14.86,14.99
2024-08-02,14.8,14.9,14.51,14.57
2024-08-05,14.44,14.65,14.07,14.07
2024-08-06,14.21,14.32,13.63,13.79
2024-08-07,13.88,14.28,13.88,14.09
2024-08-08,14.01,14.1,13.63,13.73
2024-08-09,13.78,14.12,13.6,13.6
2024-08-12,13.75,13.9,13.41,13.52
2024-08-13,13.47,13.61,13.41,13.58
2024-08-14,13.62,13.66,13.05,13.14
2024-08-15,13.1,13.33,12.94,13.19
2024-08-16,13.18,13.5,13.16,13.33
2024-08-19,13.33,13.45,13.14,13.25
2024-08-20,13.19,13.22,12.9,13.12
2024-08-21,13.06,13.16,12.93,13.0
2024-08-22,13.06,13.07,12.78,12.82
2024-08-23,12.75,12.92,12.64,12.69
2024-08-26,12.71,12.87,12.55,12.63
2024-08-27,12.56,12.58,12.28,12.32
2024-08-28,12.27,12.63,12.26,12.59
2024-08-29,12.65,13.14,12.65,13.06
2024-08-30,12.76,13.14,12.34,12.96
2024-09-02,12.85,13.0,12.47,12.49
2024-09-03,12.46,12.89,12.36,12.88
2024-09-04,12.88,13.32,12.75,13.19
2024-09-05,13.2,13.3,13.09,13.21
2024-09-06,13.22,13.37,12.96,12.98
2024-09-09,12.85,13.1,12.82,13.07
2024-09-10,13.01,13.17,12.82,12.97
2024-09-11,13.0,13.68,12.91,13.52
2024-09-12,13.55,13.76,13.33,13.35
2024-09-13,13.48,13.9,13.17,13.2
2024-09-18,13.23,13.52,13.11,13.42
2024-09-19,13.5,13.6,13.27,13.41
2024-09-20,13.44,13.49,12.9,13.07
2024-09-23,13.05,13.1,12.79,12.84
2024-09-24,12.95,13.14,12.65,13.12
2024-09-25,13.18,13.69,13.14,13.19
2024-09-26,13.2,13.45,12.9,13.45
2024-09-27,13.59,14.3,13.57,14.28
2024-09-30,14.9,15.59,14.57,15.49
2024-10-08,17.04,17.04,15.41,16.28
2024-10-09,15.88,16.04,15.0,15.01
2024-10-10,15.03,15.75,14.72,15.36
2024-10-11,15.15,15.34,14.56,14.72
2024-10-14,14.86,15.17,14.72,15.05
2024-10-15,15.0,15.0,14.5,14.5
2024-10-16,14.33,14.53,14.12,14.36
2024-10-17,14.44,14.92,14.44,14.62
2024-10-18,14.61,15.31,14.53,15.07
2024-10-21,15.23,15.49,15.06,15.2
2024-10-22,15.2,16.41,15.17,16.29
2024-10-23,16.49,17.24,16.27,16.35
2024-10-24,16.29,16.58,15.9,16.41
2024-10-25,16.33,16.99,16.25,16.84
2024-10-28,16.86,16.88,15.72,15.91
2024-10-29,15.91,15.94,15.38,15.49
2024-10-30,15.68,16.16,15.65,15.81
2024-10-31,15.85,15.95,15.43,15.75
2024-11-01,15.65,15.99,15.41,15.66
2024-11-04,15.72,15.97,15.58,15.74
2024-11-05,15.7,16.3,15.63,16.21
2024-11-06,16.62,17.16,16.61,16.92
2024-11-07,16.78,17.32,16.7,17.31
2024-11-08,17.64,17.78,17.25,17.3
2024-11-11,17.25,17.29,16.8,17.27
2024-11-12,17.16,17.49,16.9,17.05
2024-11-13,16.9,17.18,16.85,17.15
2024-11-14,17.09,17.18,16.43,16.54
2024-11-15,16.54,16.67,16.16,16.27
2024-11-18,16.33,16.89,16.11,16.21
2024-11-19,16.2,16.47,15.75,16.19
2024-11-20,16.17,16.42,15.96,16.29
2024-11-21,16.3,16.48,16.2,16.32
2024-11-22,16.29,16.29,15.61,15.62
2024-11-25,15.62,16.0,15.55,15.65
2024-11-26,15.74,15.94,15.7,15.77
2024-11-27,15.71,16.33,15.65,16.31
2024-11-28,16.38,16.52,15.88,15.92
2024-11-29,15.88,16.19,15.85,15.88
2024-12-02,15.84,16.35,15.59,16.27
2024-12-03,16.27,17.05,16.24,16.77
2024-12-04,16.82,16.84,16.24,16.35
2024-12-05,16.32,16.38,15.65,15.95
2024-12-06,15.89,16.09,15.77,15.92
2024-12-09,15.85,16.04,15.67,15.88
2024-12-10,16.25,16.36,15.72,15.77
2024-12-11,15.64,15.86,15.62,15.8
2024-12-12,15.78,15.85,15.61,15.84
2024-12-13,15.71,15.94,15.6,15.62
2024-12-16,15.7,15.76,15.35,15.46
2024-12-17,15.45,16.05,15.41,15.5
2024-12-18,15.6,15.74,15.5,15.54
2024-12-19,15.45,15.64,15.13,15.54
2024-12-20,15.65,15.78,15.34,15.4
2024-12-23,15.42,15.45,15.05,15.07
2024-12-24,15.1,15.3,15.0,15.11
2024-12-25,15.14,15.15,14.61,14.75
2024-12-26,14.76,14.92,14.66,14.77
2024-12-27,14.78,14.94,14.6,14.76
2024-12-30,14.72,14.78,14.51,14.55
2024-12-31,14.55,14.62,14.27,14.32
2025-01-02,14.3,14.3,13.58,13.69
2025-01-03,13.74,13.96,13.61,13.65
2025-01-06,13.65,13.87,13.55,13.69
2025-01-07,13.69,13.73,13.44,13.72
2025-01-08,13.66,13.73,13.22,13.51
2025-01-09,13.45,13.54,13.27,13.36
2025-01-10,13.31,13.62,13.11,13.12
2025-01-13,13.06,13.15,12.74,12.8
2025-01-14,12.85,13.46,12.73,13.3
2025-01-15,13.29,13.32,13.03,13.25
2025-01-16,13.28,13.56,13.23,13.36
2025-01-17,13.49,14.15,13.48,13.79
2025-01-20,13.89,14.0,13.58,13.64
2025-01-21,13.84,13.84,13.58,13.66
2025-01-22,13.66,13.78,13.48,13.72
2025-01-23,13.83,13.92,13.59,13.59
2025-01-24,13.51,14.19,13.51,13.97
2025-01-27,14.06,14.24,13.62,13.64
2025-02-05,13.74,13.78,13.25,13.36
2025-02-06,13.36,13.67,13.29,13.66
2025-02-07,13.73,14.12,13.6,13.97
2025-02-10,14.05,14.09,13.83,13.95
2025-02-11,13.96,13.97,13.75,13.83
2025-02-12,13.83,13.9,13.73,13.9
2025-02-13,13.92,13.93,13.72,13.72
2025-02-14,13.68,14.11,13.65,13.95
2025-02-17,14.02,14.08,13.71,13.81
2025-02-18,13.87,14.09,13.61,13.64
2025-02-19,13.74,13.95,13.65,13.9
2025-02-20,13.91,14.1,13.68,13.8
2025-02-21,13.81,14.48,13.8,14.43
2025-02-24,14.52,14.62,14.28,14.44
2025-02-25,14.25,14.46,14.15,14.21
2025-02-26,14.33,14.45,14.17,14.4
2025-02-27,14.48,14.48,14.08,14.23
2025-02-28,14.18,14.38,13.79,13.8
2025-03-03,13.89,14.2,13.88,14.02
2025-03-04,13.99,14.06,13.91,14.05
2025-03-05,14.08,14.16,13.92,14.05
2025-03-06,14.13,14.4,14.06,14.33
2025-03-07,14.32,14.32,14.09,14.13
2025-03-10,14.13,14.2,14.01,14.13
2025-03-11,13.96,14.08,13.9,14.08
2025-03-12,14.1,14.39,14.02,14.25
2025-03-13,14.28,14.56,14.23,14.36
2025-03-14,14.64,15.37,14.64,15.28
2025-03-17,16.25,16.28,15.46,15.58
2025-03-18,15.47,15.66,15.26,15.35
2025-03-19,15.35,15.36,14.94,15.01
2025-03-20,15.08,15.39,14.93,15.16
2025-03-21,15.16,16.14,15.16,15.77
2025-03-24,16.05,16.07,15.14,15.64
2025-03-25,15.42,15.61,14.9,14.98
2025-03-26,14.86,15.13,14.78,14.82
2025-03-27,14.83,14.94,14.45,14.67
2025-03-28,14.64,14.82,14.55,14.6
2025-03-31,14.51,14.67,14.38,14.56
2025-04-01,14.67,14.72,14.45,14.52
2025-04-02,14.46,14.58,14.39,14.41
2025-04-03,14.25,14.37,14.01,14.15
2025-04-07,13.3,13.44,12.74,12.74
2025-04-08,12.7,13.04,12.59,12.8
2025-04-09,12.51,13.18,12.1,13.05
2025-04-10,13.49,13.65,13.3,13.43
2025-04-11,13.3,13.52,13.24,13.4
2025-04-14,13.53,13.85,13.49,13.64
2025-04-15,13.55,13.62,13.31,13.44
2025-04-16,13.38,13.43,13.16,13.38
2025-04-17,13.28,13.48,13.21,13.38
2025-04-18,13.33,13.95,13.33,13.83
2025-04-21,13.82,14.07,13.69,13.9
2025-04-22,13.88,14.18,13.81,13.97
2025-04-23,14.07,14.12,13.88,14.06
2025-04-24,14.07,14.08,13.87,13.9
2025-04-25,13.8,14.21,13.77,14.14
2025-04-28,14.1,14.12,13.86,13.96
2025-04-29,13.98,13.99,13.82,13.87
2025-04-30,13.87,13.98,13.86,13.91
2025-05-06,13.91,14.08,13.91,14.06
2025-05-07,14.15,14.25,13.93,13.98
2025-05-08,13.98,14.24,13.93,14.17
2025-05-09,14.17,14.17,13.88,13.94
2025-05-12,14.0,14.15,13.99,14.09
2025-05-13,14.19,14.24,14.02,14.05
2025-05-14,14.05,14.2,13.92,14.08
2025-05-15,14.09,14.1,13.72,13.72
2025-05-16,13.68,13.84,13.67,13.68
2025-05-19,13.68,13.86,13.63,13.76
2025-05-20,13.71,13.79,13.6,13.74
2025-05-21,13.73,13.74,13.41,13.47
2025-05-22,13.44,13.57,13.38,13.4
2025-05-23,13.4,13.44,13.19,13.2
2025-05-26,13.18,13.31,13.17,13.28
2025-05-27,13.28,13.3,13.16,13.21
2025-05-28,13.22,13.33,13.22,13.26
2025-05-29,13.25,13.52,13.22,13.51
2025-05-30,13.48,13.48,13.25,13.31
2025-06-03,13.18,13.23,13.12,13.2
2025-06-04,13.24,13.28,13.05,13.2
2025-06-05,13.21,13.32,13.12,13.29
2025-06-06,13.29,13.75,13.25,13.61
2025-06-09,13.61,13.79,13.55,13.75
2025-06-10,13.73,13.75,13.51,13.63
2025-06-11,13.64,13.71,13.6,13.65
2025-06-12,13.64,13.75,13.57,13.67
2025-06-13,13.61,13.68,13.47,13.5
2025-06-16,13.47,13.87,13.44,13.77
2025-06-17,13.85,13.99,13.73,13.8
2025-06-18,13.76,13.89,13.72,13.85
2025-06-19,13.81,13.84,13.52,13.56
2025-06-20,13.56,13.83,13.5,13.52
2025-06-23,13.47,13.74,13.41,13.72
2025-06-24,13.75,13.96,13.73,13.89
2025-06-25,13.97,14.08,13.85,13.97
2025-06-26,14.0,14.21,13.97,14.04
2025-06-27,14.08,14.14,14.0,14.09
2025-06-30,14.09,14.49,14.09,14.46
2025-07-01,14.5,14.55,14.36,14.43
2025-07-02,14.85,14.98,14.37,14.4
2025-07-03,14.54,14.63,14.39,14.46
2025-07-04,14.46,14.46,14.15,14.22
2025-07-07,14.17,14.19,13.98,14.07
2025-07-08,14.09,14.45,14.08,14.38
2025-07-09,14.4,14.44,14.26,14.29
2025-07-10,14.26,14.31,14.17,14.24
2025-07-11,14.24,14.26,14.13,14.15
2025-07-14,14.15,14.28,14.15,14.2
2025-07-15,14.19,14.28,14.05,14.06
2025-07-16,14.06,14.16,13.98,14.01
2025-07-17,14.06,14.32,14.01,14.27
2025-07-18,14.3,14.32,14.01,14.07
2025-07-21,14.12,14.42,14.07,14.41
2025-07-22,14.45,14.45,14.3,14.45
2025-07-23,14.49,14.49,14.23,14.27
2025-07-24,14.3,14.34,14.2,14.34
2025-07-25,14.2,14.2,13.83,13.92
2025-07-28,13.93,14.02,13.84,13.97
2025-07-29,13.9,14.0,13.78,13.94
2025-07-30,13.87,14.13,13.78,13.94
2025-07-31,13.9,14.3,13.8,13.85
2025-08-01,13.78,14.2,13.77,14.02
2025-08-04,13.96,13.96,13.8,13.94
2025-08-05,13.96,14.4,13.96,14.25
2025-08-06,14.24,14.24,14.12,14.14
2025-08-07,14.15,14.17,13.95,14.05
2025-08-08,14.04,14.44,13.98,14.31
2025-08-11,14.35,14.6,14.35,14.53
2025-08-12,14.52,14.65,14.43,14.59
2025-08-13,14.63,14.85,14.56,14.74
2025-08-14,14.8,14.88,14.39,14.5
2025-08-15,14.45,15.49,14.41,15.19
2025-08-18,15.47,15.55,15.16,15.28
2025-08-19,15.2,15.69,15.18,15.4
2025-08-20,15.3,15.33,15.08,15.3
2025-08-21,15.29,15.31,14.95,15.05
2025-08-22,15.03,15.25,15.01,15.21
2025-08-25,15.4,15.88,15.32,15.85
2025-08-26,15.91,16.17,15.6,15.98
2025-08-27,16.02,16.28,15.76,15.76
2025-08-28,15.68,16.66,15.68,16.41
2025-08-29,16.55,16.59,16.11,16.24
2025-09-01,16.3,16.43,16.05,16.15
2025-09-02,16.2,16.54,15.51,15.6
2025-09-03,15.53,16.07,15.42,15.73
2025-09-04,15.97,16.45,15.22,15.46
2025-09-05,15.5,16.38,15.5,16.29
2025-09-08,16.4,16.48,16.01,16.24
2025-09-09,16.3,16.3,15.85,15.88
2025-09-10,16.01,16.22,15.86,15.95
2025-09-11,15.98,16.32,15.76,16.3
2025-09-12,16.3,16.38,16.12,16.16
2025-09-15,16.15,16.17,15.65,15.7
2025-09-16,15.69,15.75,15.35,15.65
2025-09-17,15.59,15.84,15.51,15.79
2025-09-18,15.71,17.37,15.66,16.89
2025-09-19,16.8,17.01,16.6,16.74
2025-09-22,16.99,17.37,16.49,17.18
2025-09-23,17.8,17.97,16.85,17.24
2025-09-24,17.24,18.4,17.02,18.15
2025-09-25,18.16,18.36,17.8,18.2
2025-09-26,18.13,18.86,18.02,18.26
2025-09-29,18.39,18.99,18.2,18.52
2025-09-30,18.61,19.34,18.54,18.92
2025-10-09,19.19,20.23,19.01,20.0
2025-10-10,19.9,19.92,18.5,18.59
2025-10-13,17.59,18.98,17.59,18.92
2025-10-14,18.99,19.06,17.9,17.94
2025-10-15,18.01,18.34,17.81,18.32
2025-10-16,18.19,18.25,17.7,17.82
2025-10-17,18.12,18.15,16.84,16.9
2025-10-20,17.27,17.67,17.13,17.32
2025-10-21,17.43,17.78,17.42,17.76
2025-10-22,17.6,17.64,17.28,17.47
2025-10-23,17.3,17.62,16.96,17.61
2025-10-24,17.8,17.97,17.72,17.89
2025-10-27,18.18,18.27,17.76,17.92
2025-10-28,17.4,17.4,16.71,17.05
2025-10-29,16.93,17.42,16.85,17.41
2025-10-30,17.42,17.42,16.96,17.01
2025-10-31,17.09,17.35,16.91,16.95
2025-11-03,16.96,17.02,16.5,16.8
2025-11-04,16.78,16.83,16.23,16.35
2025-11-05,16.02,16.68,16.01,16.59
2025-11-06,17.05,17.82,17.04,17.52
2025-11-07,17.3,17.79,17.21,17.64
2025-11-10,17.73,17.88,17.12,17.21
2025-11-11,17.35,17.41,17.01,17.04
2025-11-12,17.05,17.09,16.53,16.64
2025-11-13,16.61,16.98,16.6,16.82
2025-11-14,16.7,16.93,16.58,16.6
2025-11-17,16.57,16.64,16.28,16.35
2025-11-18,16.37,16.51,16.23,16.33
2025-11-19,16.33,16.41,16.01,16.22
2025-11-20,16.35,16.4,16.05,16.05
2025-11-21,15.88,15.9,15.38,15.39
2025-11-24,15.47,15.8,15.43,15.71
2025-11-25,15.76,16.08,15.71,15.81
2025-11-26,15.81,16.0,15.65,15.88
2025-11-27,15.89,16.14,15.77,15.82
2025-11-28,15.73,15.89,15.69,15.83
2025-12-01,16.47,17.1,16.42,16.82
2025-12-02,16.7,16.81,16.61,16.74
2025-12-03,16.78,16.78,16.47,16.49
2025-12-04,16.54,16.63,16.29,16.59
2025-12-05,16.64,16.78,16.45,16.76
2025-12-08,16.83,16.95,16.72,16.85
2025-12-09,16.82,16.91,16.67,16.72
2025-12-10,16.71,17.24,16.52,17.22
2025-12-11,17.3,17.35,17.01,17.05
2025-12-12,17.0,17.81,16.97,17.69
2025-12-15,17.52,17.8,17.47,17.58
2025-12-16,17.51,17.55,16.77,16.84
2025-12-17,16.78,17.96,16.64,17.78
2025-12-18,17.78,18.38,17.6,18.02
2025-12-19,18.08,18.74,18.08,18.37
2025-12-22,18.41,19.98,18.41,19.72
2025-12-23,19.66,19.81,18.86,19.01
2025-12-24,18.9,19.35,18.86,19.22
2025-12-25,19.22,19.22,18.46,18.5
2025-12-26,18.45,18.64,18.2,18.4
2025-12-29,18.41,18.56,18.01,18.1
2025-12-30,18.0,18.32,17.91,18.08
2025-12-31,18.06,18.43,18.03,18.12
2026-01-05,18.15,18.54,18.15,18.3
2026-01-06,18.35,18.37,18.06,18.26
2026-01-07,18.2,18.63,18.17,18.33
2026-01-08,18.34,18.49,18.1,18.22
2026-01-09,18.14,18.64,18.0,18.48
2026-01-12,18.56,18.65,18.28,18.61
2026-01-13,18.8,18.8,17.81,17.98
2026-01-14,17.9,18.3,17.86,18.06
2026-01-15,17.88,18.17,17.74,18.04
2026-01-16,18.37,18.9,18.36,18.53
2026-01-19,19.12,19.72,19.07,19.25
2026-01-20,19.25,19.55,18.85,19.2
2026-01-21,18.9,19.5,18.86,19.2
2026-01-22,19.17,19.65,18.69,18.88
2026-01-23,19.09,20.39,19.09,19.79
2026-01-26,19.89,21.48,19.88,20.95
2026-01-27,20.9,21.38,20.45,21.14
2026-01-28,22.3,22.63,21.2,21.85
2026-01-29,21.46,21.96,20.94,21.07
2026-01-30,20.97,22.72,20.71,22.34
2026-02-02,22.49,22.57,21.31,21.44
2026-02-03,21.82,22.96,21.79,22.39
2026-02-04,22.36,23.12,22.02,22.5
2026-02-05,22.1,22.18,20.36,20.86
2026-02-06,20.5,22.45,20.45,21.91
2026-02-09,22.95,23.58,21.84,23.46
2026-02-10,23.32,24.53,23.32,24.34
2026-02-11,23.8,25.95,23.66,24.81
2026-02-12,25.02,25.79,24.5,25.21
2026-02-13,24.92,24.98,24.18,24.42
2026-02-24,25.35,26.28,25.17,25.63
2026-02-25,26.0,26.1,24.35,25.08
2026-02-26,26.05,27.59,25.9,27.59
2026-02-27,27.58,29.58,27.0,29.14
2026-03-02,28.01,31.82,28.01,30.2
2026-03-03,30.59,30.98,28.73,28.79
2026-03-04,28.05,29.5,28.05,28.83
2026-03-05,29.31,29.59,27.88,28.82
2026-03-06,28.45,28.88,27.22,27.38
2026-03-09,26.37,27.31,25.38,27.2
2026-03-10,27.55,29.18,27.41,28.9
2026-03-11,29.82,31.66,29.79,30.01
2026-03-12,29.6,31.38,29.5,30.24
2026-03-13,29.93,31.74,29.7,29.75
2026-03-16,30.05,30.36,28.0,28.28
2026-03-17,28.58,28.72,26.0,26.12
2026-03-18,26.16,26.72,25.7,26.6
2026-03-19,25.89,26.49,25.69,25.9
2026-03-20,26.38,26.84,25.52,25.7
2026-03-23,24.6,25.87,24.6,25.1
2026-03-24,25.63,26.23,25.0,26.1
2026-03-25,27.0,27.93,26.71,27.67
2026-03-26,27.3,28.08,26.7,26.77
2026-03-27,26.25,27.61,25.91,27.05
2026-03-30,26.65,29.46,26.56,28.99
2026-03-31,28.86,31.1,28.03,30.09
2026-04-01,30.99,30.99,28.6,29.16
2026-04-02,29.15,30.62,29.11,29.32
2026-04-03,29.46,31.5,29.25,30.67
2026-04-07,30.82,31.77,30.06,30.25
2026-04-08,30.98,31.17,29.5,30.7
2026-04-09,30.28,32.18,29.41,31.4
2026-04-10,31.38,31.4,29.5,29.8
2026-04-13,29.41,29.63,28.33,28.52
2026-04-14,28.8,29.42,27.88,28.33
2026-04-15,28.26,29.14,27.68,27.8
2026-04-16,27.81,28.33,27.42,28.0
2026-04-17,28.01,28.5,27.62,28.14
2026-04-20,28.9,30.95,28.83,30.95
2026-04-21,31.0,32.88,30.78,32.44
2026-04-22,32.54,34.84,32.5,34.82
2026-04-23,34.0,35.04,33.2,34.07
2026-04-24,34.0,34.5,32.58,33.21
2026-04-27,34.29,36.53,34.23,35.78
2026-04-28,35.78,36.46,34.0,35.0
2026-04-29,34.2,34.49,33.33,34.28
2026-04-30,34.3,34.35,32.51,33.12
2026-05-06,33.67,35.25,33.67,34.89
2026-05-07,36.1,38.38,35.0,38.38
2026-05-08,38.2,41.16,38.2,40.9
2026-05-11,44.98,44.99,42.75,43.86
2026-05-12,44.0,46.18,43.25,44.08
2026-05-13,42.54,43.94,42.54,43.6
2026-05-14,44.5,45.96,43.68,44.1
2026-05-15,44.38,44.9,40.11,40.99
2026-05-18,41.9,44.68,41.9,43.95
2026-05-19,43.0,44.9,41.29,44.55
2026-05-20,44.55,47.4,43.8,45.41
2026-05-21,45.0,45.77,41.85,41.9
2026-05-22,42.69,43.88,42.48,43.82
2026-05-25,44.29,44.66,41.8,42.89
2026-05-26,42.0,42.05,39.26,40.48
2026-05-27,39.8,40.9,38.82,39.05
2026-05-28,39.25,40.74,37.75,40.52
2026-05-29,41.0,43.6,38.85,42.19
2026-06-01,42.0,42.15,39.07,39.39
2026-06-02,39.03,43.33,39.03,42.89
2026-06-03,43.89,46.98,43.4,44.98
2026-06-04,43.81,47.18,43.81,46.06
2026-06-05,45.08,49.37,44.95,46.07
2026-06-08,44.0,50.68,44.0,49.53
2026-06-09,50.53,54.48,48.56,54.48
2026-06-10,52.5,53.79,49.18,50.2
2026-06-11,49.69,51.0,48.05,49.27
2026-06-12,50.72,52.2,48.59,48.6
2026-06-15,49.97,51.47,46.88,51.35
2026-06-16,51.4,55.16,51.0,54.15
2026-06-17,52.65,56.32,52.63,54.91
2026-06-18,54.13,57.77,54.13,56.55
2026-06-22,58.38,61.18,57.57,59.63
2026-06-23,60.3,64.64,58.47,61.73
2026-06-24,60.0,63.99,59.8,61.91
2026-06-25,63.4,68.1,61.81,68.1
2026-06-26,65.66,66.48,61.29,61.29
2026-06-29,60.0,62.26,56.39,58.84
2026-06-30,59.81,61.5,58.05,60.68
2026-07-01,60.1,60.13,54.61,55.42
2026-07-02,52.65,54.31,50.6,51.58
2026-07-03,50.82,52.5,50.11,50.22
2026-07-06,51.67,51.95,46.58,48.03
2026-07-07,47.94,48.68,46.68,47.27
2026-07-08,47.97,48.2,44.71,44.86
2026-07-09,45.85,47.28,43.28,47.14
2026-07-10,47.34,49.78,45.89,45.91
2026-07-13,44.88,45.68,41.32,41.32
2026-07-14,41.0,42.86,40.0,42.85
2026-07-15,42.87,43.37,40.55,40.7
2026-07-16,39.51,40.33,36.9,37.39
2026-07-17,37.13,37.8,33.65,33.65
2026-07-20,34.72,35.21,30.98,32.22
2026-07-21,32.86,34.73,29.0,34.63
2026-07-22,34.0,34.85,32.27,32.5
2026-07-23,33.02,33.99,32.32,32.99
2026-07-24,32.55,32.69,31.18,31.39
2026-07-27,31.39,32.75,30.92,32.66
2026-07-28,31.83,32.32,29.64,29.96
2026-07-29,30.02,30.28,28.3,29.34
2026-07-30,29.18,29.63,27.02,27.7
2026-07-31,29.6,30.1,28.51,28.52
2026-08-03,28.15,28.84,28.01,28.39
2026-08-04,28.89,30.15,28.79,29.94
2026-08-05,29.0,32.7,29.0,32.0
2026-08-06,31.25,33.09,31.25,32.29
2026-08-07,32.2,34.08,32.03,33.67
2026-08-10,34.11,34.34,32.22,32.92
2026-08-11,32.33,33.2,31.87,32.34
2026-08-12,32.38,33.87,32.25,33.55
2026-08-13,34.01,34.49,32.88,32.9
2026-08-14,33.33,35.75,33.12,35.55
2026-08-17,35.59,36.15,35.02,35.9
2026-08-18,35.85,36.8,35.03,35.29
2026-08-19,33.88,34.05,31.76,32.02
2026-08-20,32.44,33.43,31.68,32.84
2026-08-21,32.4,33.8,32.02,33.43
2026-08-24,33.42,33.43,31.78,32.53
2026-08-25,31.8,34.65,31.31,33.89
2026-08-26,33.98,34.16,33.2,33.41
2026-08-27,33.8,36.13,33.8,36.08
2026-08-28,35.7,36.39,35.01,35.04
2026-08-31,34.29,35.41,34.29,35.18
2026-09-01,35.3,35.3,33.85,34.01
2026-09-02,33.35,34.2,33.01,33.64
2026-09-03,33.99,34.1,32.66,32.91
2026-09-04,33.16,33.4,31.5,31.7
2026-09-07,32.1,32.85,31.97,32.72
2026-09-08,32.82,33.43,32.32,32.51
2026-09-09,33.4,34.39,33.21,34.12
2026-09-10,33.7,33.9,33.24,33.3
2026-09-11,32.66,34.56,32.66,34.49
