date,open,high,low,close
2012-05-18,8.01,8.77,8.01,8.56
2012-05-21,7.85,7.97,7.7,7.71
2012-05-22,7.61,7.95,7.41,7.67
2012-05-23,7.6,7.72,7.1,7.27
2012-05-24,7.23,7.26,7.04,7.12
2012-05-25,7.01,7.08,6.64,6.73
2012-05-28,6.67,7.04,6.5,6.91
2012-05-29,6.79,7.12,6.72,7.04
2012-05-30,7.0,7.04,6.82,6.86
2012-05-31,6.77,7.55,6.69,7.55
2012-06-01,7.4,7.57,7.31,7.45
2012-06-04,7.35,7.59,7.18,7.52
2012-06-05,7.4,7.7,7.36,7.59
2012-06-06,7.59,7.77,7.23,7.28
2012-06-07,7.32,7.44,7.06,7.28
2012-06-08,7.28,7.35,6.88,6.96
2012-06-11,6.91,7.06,6.73,7.0
2012-06-12,6.92,6.94,6.71,6.76
2012-06-13,6.8,7.0,6.73,6.98
2012-06-14,6.92,7.18,6.87,6.96
2012-06-15,6.98,7.06,6.76,6.93
2012-06-18,6.97,7.22,6.81,7.14
2012-06-19,7.07,7.14,7.01,7.05
2012-06-20,7.07,7.35,6.97,7.18
2012-06-21,7.13,7.18,6.88,6.98
2012-06-25,6.9,6.95,6.65,6.69
2012-06-26,6.62,6.79,6.55,6.75
2012-06-27,6.71,6.93,6.68,6.78
2012-06-28,6.85,6.9,6.64,6.65
2012-06-29,6.6,6.77,6.51,6.75
2012-07-02,6.78,6.86,6.71,6.77
2012-07-03,6.76,6.97,6.66,6.9
2012-07-04,6.88,6.9,6.74,6.84
2012-07-05,6.76,6.78,6.52,6.52
2012-07-06,6.55,6.65,6.36,6.59
2012-07-09,6.51,6.51,6.08,6.16
2012-07-10,6.12,6.16,5.98,6.0
2012-07-11,5.97,6.06,5.94,6.04
2012-07-12,6.03,6.12,5.87,6.07
2012-07-13,6.0,6.07,5.81,5.83
2012-07-16,5.84,5.84,5.27,5.29
2012-07-17,5.23,5.39,5.22,5.35
2012-07-18,5.35,5.47,5.26,5.47
2012-07-19,5.41,5.68,5.38,5.53
2012-07-20,5.53,5.6,5.42,5.43
2012-07-23,5.35,5.46,5.26,5.43
2012-07-24,5.34,5.55,5.34,5.52
2012-07-25,5.5,6.07,5.44,5.81
2012-07-26,5.75,5.94,5.65,5.73
2012-07-27,5.71,5.78,5.54,5.59
2012-07-30,5.55,5.69,5.47,5.5
2012-07-31,5.45,5.57,5.39,5.4
2012-08-01,5.41,5.59,5.4,5.58
2012-08-02,5.55,5.64,5.44,5.46
2012-08-03,5.47,5.65,5.4,5.63
2012-08-06,5.58,5.78,5.55,5.75
2012-08-07,5.72,5.82,5.69,5.8
2012-08-08,5.78,5.81,5.65,5.69
2012-08-09,5.7,5.93,5.62,5.86
2012-08-10,5.84,5.96,5.76,5.79
2012-08-13,5.79,5.79,5.51,5.52
2012-08-14,5.5,5.57,5.35,5.56
2012-08-15,5.54,5.62,5.43,5.46
2012-08-16,5.44,5.48,5.38,5.41
2012-08-17,5.35,5.46,5.35,5.41
2012-08-20,5.3,5.3,4.98,5.11
2012-08-21,5.06,5.62,5.05,5.62
2012-08-22,5.97,6.18,5.79,6.18
2012-08-23,6.2,6.8,6.1,6.8
2012-08-27,6.48,6.62,6.3,6.59
2012-08-28,6.42,6.88,6.29,6.62
2012-08-29,6.5,7.28,6.41,7.15
2012-08-30,6.8,6.85,6.44,6.44
2012-08-31,6.17,6.42,6.03,6.29
2012-09-03,6.21,6.62,6.21,6.45
2012-09-04,6.37,7.1,6.36,7.1
2012-09-05,7.0,7.7,6.88,7.2
2012-09-06,7.26,7.92,7.24,7.92
2012-09-07,8.71,8.71,7.95,7.98
2012-09-10,7.78,8.78,7.75,8.78
2012-09-11,8.51,8.62,8.08,8.22
2012-09-12,8.21,8.42,8.03,8.15
2012-09-13,8.1,8.26,7.92,8.03
2012-09-14,8.1,8.1,7.43,7.63
2012-09-17,7.62,7.7,7.42,7.63
2012-09-18,7.62,7.98,7.52,7.75
2012-09-19,7.6,7.69,7.42,7.55
2012-09-20,7.47,7.49,6.91,7.01
2012-09-21,7.0,7.07,6.67,6.72
2012-09-24,6.68,6.94,6.63,6.86
2012-09-25,6.75,6.98,6.74,6.83
2012-09-26,6.74,7.3,6.66,6.9
2012-09-27,6.69,7.08,6.48,6.94
2012-09-28,6.85,6.96,6.71,6.79
2012-10-08,6.81,7.13,6.79,7.1
2012-10-09,7.03,7.74,7.0,7.5
2012-10-10,7.43,7.95,7.35,7.73
2012-10-11,7.63,7.7,7.1,7.14
2012-10-12,7.1,7.28,6.9,7.05
2012-10-15,7.1,7.16,6.85,6.95
2012-10-16,6.94,6.99,6.84,6.92
2012-10-17,6.96,6.96,6.71,6.85
2012-10-18,6.84,7.15,6.8,7.09
2012-10-19,7.07,7.45,6.94,7.27
2012-10-22,7.17,7.31,7.09,7.19
2012-10-23,7.2,7.28,7.04,7.06
2012-10-24,6.97,7.01,6.86,6.91
2012-10-25,6.89,6.97,6.71,6.73
2012-10-26,6.73,6.77,6.46,6.48
2012-10-29,6.45,6.56,6.4,6.49
2012-10-30,6.53,6.66,6.45,6.51
2012-10-31,6.47,6.54,6.41,6.53
2012-11-01,6.54,6.67,6.5,6.65
2012-11-02,6.6,6.68,6.52,6.61
2012-11-05,6.58,6.64,6.35,6.36
2012-11-06,6.31,6.53,6.26,6.5
2012-11-07,6.51,6.55,6.42,6.47
2012-11-08,6.41,6.41,6.08,6.08
2012-11-09,6.01,6.16,5.89,5.95
2012-11-12,5.92,6.03,5.82,5.98
2012-11-13,5.95,5.98,5.71,5.73
2012-11-14,5.75,5.95,5.67,5.86
2012-11-15,5.79,5.83,5.68,5.68
2012-11-16,5.67,5.75,5.62,5.74
2012-11-19,5.74,5.95,5.67,5.89
2012-11-20,5.87,5.93,5.75,5.76
2012-11-21,5.75,5.95,5.72,5.94
2012-11-22,5.91,6.15,5.83,5.94
2012-11-23,5.93,6.0,5.88,5.93
2012-11-26,5.89,5.96,5.84,5.86
2012-11-27,5.8,5.84,5.31,5.39
2012-11-28,5.26,5.36,5.21,5.25
2012-11-29,5.27,5.45,5.2,5.23
2012-11-30,5.21,5.33,5.13,5.29
2012-12-03,5.25,5.29,5.05,5.08
2012-12-04,5.07,5.47,5.02,5.42
2012-12-05,5.35,5.66,5.29,5.53
2012-12-06,5.48,5.54,5.39,5.44
2012-12-07,5.43,5.75,5.43,5.64
2012-12-10,5.75,6.2,5.71,6.2
2012-12-11,6.44,6.72,6.28,6.46
2012-12-12,6.51,6.57,6.19,6.35
2012-12-13,6.2,6.32,6.08,6.13
2012-12-14,6.07,6.57,6.07,6.43
2012-12-17,6.55,6.68,6.38,6.53
2012-12-18,6.41,6.54,6.29,6.35
2012-12-19,6.52,6.99,6.51,6.99
2012-12-20,7.31,7.31,6.82,6.98
2012-12-21,6.8,6.95,6.74,6.86
2012-12-24,6.89,6.92,6.68,6.81
2012-12-25,6.72,7.03,6.7,6.92
2012-12-26,6.86,7.05,6.8,7.02
2012-12-27,7.01,7.13,6.67,6.71
2012-12-28,6.62,6.87,6.59,6.73
2012-12-31,6.73,6.98,6.67,6.88
2013-01-04,6.98,6.98,6.68,6.75
2013-01-07,6.7,6.98,6.63,6.97
2013-01-08,6.91,7.61,6.85,7.17
2013-01-09,7.16,7.16,6.87,6.97
2013-01-10,7.04,7.17,6.92,7.01
2013-01-11,7.1,7.47,6.97,7.01
2013-01-14,6.86,7.55,6.85,7.36
2013-01-15,7.39,7.93,7.31,7.53
2013-01-16,7.4,8.25,7.4,8.1
2013-01-17,8.0,8.0,7.57,7.75
2013-01-18,8.17,8.53,8.1,8.53
2013-01-21,9.0,9.38,8.9,9.38
2013-01-22,8.8,9.04,8.5,8.73
2013-01-23,8.6,9.38,8.55,9.04
2013-01-24,8.78,8.88,8.27,8.53
2013-01-25,8.4,8.58,8.12,8.17
2013-01-28,8.17,8.4,8.15,8.38
2013-01-29,8.3,8.96,8.24,8.58
2013-01-30,8.5,8.82,8.32,8.64
2013-01-31,8.43,8.54,8.19,8.3
2013-02-01,8.24,8.66,8.21,8.39
2013-02-04,8.3,8.51,8.11,8.33
2013-02-05,8.28,8.64,8.21,8.62
2013-02-06,8.51,8.95,8.51,8.53
2013-02-07,8.5,8.81,8.48,8.74
2013-02-08,8.79,8.79,8.6,8.69
2013-02-18,8.66,8.66,8.39,8.47
2013-02-19,8.52,8.7,8.38,8.41
2013-02-20,8.35,8.45,8.16,8.44
2013-02-21,8.3,8.34,8.12,8.17
2013-02-22,8.33,8.59,8.29,8.37
2013-02-25,8.3,9.2,8.25,9.07
2013-02-26,8.78,8.98,8.65,8.66
2013-02-27,8.66,9.46,8.59,9.31
2013-02-28,9.2,9.35,8.94,9.29
2013-03-01,9.18,9.68,9.18,9.25
2013-03-04,9.05,9.1,8.58,8.66
2013-03-05,8.53,8.96,8.53,8.86
2013-03-06,8.86,9.05,8.66,8.89
2013-03-07,8.84,8.85,8.34,8.41
2013-03-08,8.42,8.56,8.36,8.41
2013-03-11,8.38,8.56,8.35,8.44
2013-03-12,8.43,8.49,7.96,8.11
2013-03-13,8.13,8.15,7.83,7.97
2013-03-14,7.95,8.07,7.89,7.99
2013-03-15,7.98,8.3,7.63,8.11
2013-03-18,8.01,8.1,7.95,8.0
2013-03-19,8.03,8.19,7.86,8.14
2013-03-20,8.13,8.39,8.12,8.35
2013-03-21,8.3,8.58,8.3,8.49
2013-03-22,8.47,8.49,8.28,8.34
2013-03-25,8.36,8.39,8.11,8.22
2013-03-26,8.13,8.35,8.01,8.3
2013-03-27,8.25,8.36,8.13,8.21
2013-03-28,8.11,8.11,7.79,7.8
2013-03-29,7.84,8.58,7.84,8.42
2013-04-01,8.42,9.18,8.26,8.7
2013-04-02,8.61,9.04,8.37,8.47
2013-04-03,8.38,8.41,7.86,8.02
2013-04-08,7.85,8.25,7.56,8.15
2013-04-09,8.03,8.2,8.03,8.1
2013-04-10,8.11,8.32,8.05,8.25
2013-04-11,8.24,8.4,8.06,8.17
2013-04-12,8.18,8.25,7.89,7.93
2013-04-15,7.75,7.9,7.7,7.78
2013-04-16,7.75,7.93,7.66,7.9
2013-04-17,7.98,7.98,7.8,7.91
2013-04-18,7.82,8.04,7.79,8.0
2013-04-19,7.98,8.22,7.91,8.17
2013-04-22,8.08,8.12,7.99,8.11
2013-04-23,8.11,8.11,7.7,7.75
2013-04-24,7.82,7.97,7.79,7.89
2013-04-25,7.82,7.9,7.66,7.67
2013-04-26,7.62,7.73,7.06,7.08
2013-05-02,7.08,7.22,7.06,7.13
2013-05-03,7.15,7.36,7.15,7.25
2013-05-06,7.3,7.49,7.24,7.45
2013-05-07,7.45,7.66,7.37,7.58
2013-05-08,7.71,7.73,7.44,7.59
2013-05-09,7.63,8.21,7.61,8.01
2013-05-10,7.91,8.2,7.81,7.92
2013-05-13,7.84,7.92,7.62,7.79
2013-05-14,7.7,7.71,7.43,7.49
2013-05-15,7.54,7.93,7.54,7.82
2013-05-16,7.8,8.09,7.58,7.94
2013-05-17,7.9,8.01,7.77,7.92
2013-05-20,7.89,8.7,7.85,8.62
2013-05-21,8.48,8.67,8.35,8.61
2013-05-22,8.51,8.62,8.35,8.48
2013-05-23,8.38,8.85,8.36,8.49
2013-05-24,8.51,8.7,8.25,8.66
2013-05-27,8.75,8.78,8.53,8.66
2013-05-28,8.61,8.63,8.28,8.45
2013-05-29,8.4,8.57,8.4,8.51
2013-05-30,8.7,9.08,8.6,8.65
2013-05-31,8.58,8.6,8.35,8.36
2013-06-03,8.31,8.41,8.25,8.29
2013-06-04,8.25,8.37,7.96,8.06
2013-06-05,8.15,8.37,8.13,8.28
2013-06-06,8.2,8.24,7.96,8.0
2013-06-07,8.01,8.1,7.64,7.77
2013-06-13,7.59,7.59,7.18,7.39
2013-06-14,7.4,7.57,7.4,7.56
2013-06-17,7.53,7.61,7.42,7.49
2013-06-18,7.53,7.55,7.33,7.4
2013-06-19,7.35,7.62,7.26,7.58
2013-06-20,7.54,7.54,7.15,7.18
2013-06-21,7.0,7.05,6.68,7.02
2013-06-24,6.98,6.98,6.32,6.32
2013-06-25,6.21,6.42,5.69,6.29
2013-06-26,6.25,6.39,6.09,6.37
2013-06-27,6.37,6.75,6.35,6.42
2013-06-28,6.27,6.52,6.16,6.32
2013-07-01,6.34,6.45,6.22,6.44
2013-07-02,6.44,6.59,6.41,6.58
2013-07-03,6.56,6.56,6.3,6.48
2013-07-04,6.39,6.76,6.35,6.57
2013-07-05,6.56,6.64,6.52,6.55
2013-07-08,6.39,6.39,6.12,6.17
2013-07-09,6.11,6.23,6.08,6.15
2013-07-10,6.18,6.4,6.14,6.39
2013-07-11,6.41,6.77,6.33,6.64
2013-07-12,6.61,6.81,6.52,6.55
2013-07-15,6.6,6.74,6.57,6.69
2013-07-16,6.7,6.97,6.59,6.92
2013-07-17,6.9,6.96,6.63,6.69
2013-07-18,6.62,6.95,6.59,6.83
2013-07-19,6.8,6.86,6.42,6.43
2013-07-22,6.36,6.63,6.24,6.59
2013-07-23,6.59,6.85,6.55,6.82
2013-07-24,6.85,6.98,6.75,6.96
2013-07-25,6.9,6.95,6.68,6.71
2013-07-26,6.69,6.88,6.64,6.85
2013-07-29,6.88,7.06,6.67,6.71
2013-07-30,6.68,6.8,6.45,6.6
2013-07-31,6.63,6.82,6.6,6.66
2013-08-01,6.71,7.0,6.64,6.9
2013-08-02,6.91,7.25,6.89,7.12
2013-08-05,7.15,7.19,7.08,7.13
2013-08-06,7.09,7.15,7.03,7.12
2013-08-07,7.06,7.24,6.94,6.97
2013-08-08,6.97,7.13,6.93,7.09
2013-08-09,7.1,7.16,6.9,7.02
2013-08-12,7.08,7.18,7.02,7.16
2013-08-13,7.16,7.36,7.11,7.3
2013-08-14,7.28,7.32,7.13,7.16
2013-08-15,7.16,7.19,6.99,7.01
2013-08-16,6.95,7.19,6.82,6.85
2013-08-19,6.79,6.98,6.77,6.98
2013-08-20,6.95,7.06,6.9,6.94
2013-08-21,6.95,7.06,6.81,7.04
2013-08-22,7.02,7.12,6.99,7.05
2013-08-23,7.11,7.2,6.88,7.04
2013-08-26,7.01,7.27,7.0,7.26
2013-08-27,7.26,7.31,7.13,7.28
2013-08-28,7.2,7.21,6.98,7.0
2013-08-29,7.01,7.11,6.96,7.04
2013-08-30,7.04,7.05,6.68,6.72
2013-09-02,6.71,6.83,6.62,6.79
2013-09-03,6.77,6.92,6.75,6.91
2013-09-04,6.89,6.93,6.84,6.88
2013-09-05,6.87,7.3,6.82,7.09
2013-09-06,7.02,7.27,7.02,7.2
2013-09-09,7.11,7.22,7.08,7.18
2013-09-10,7.17,7.31,7.11,7.28
2013-09-11,7.22,7.56,7.07,7.53
2013-09-12,7.4,7.49,7.33,7.38
2013-09-13,7.35,7.45,7.23,7.25
2013-09-16,7.25,7.49,7.22,7.43
2013-09-17,7.4,7.66,7.18,7.19
2013-09-18,7.14,7.29,7.14,7.16
2013-09-23,7.17,7.28,7.15,7.26
2013-09-24,7.28,7.32,7.2,7.25
2013-09-25,7.26,7.32,7.12,7.13
2013-09-26,7.12,7.13,6.93,6.94
2013-09-27,6.99,7.3,6.96,6.99
2013-09-30,7.0,7.07,6.98,7.04
2013-10-08,7.04,7.2,6.98,7.16
2013-10-09,7.14,7.23,7.09,7.19
2013-10-10,7.19,7.22,7.04,7.07
2013-10-11,7.1,7.35,7.07,7.29
2013-10-14,7.25,7.34,7.19,7.29
2013-10-15,7.28,7.34,7.17,7.23
2013-10-16,7.18,7.66,7.13,7.39
2013-10-17,7.37,7.53,7.32,7.4
2013-10-18,7.4,7.77,7.35,7.63
2013-10-21,7.63,8.18,7.51,7.94
2013-10-22,7.9,8.08,7.78,7.88
2013-10-23,7.98,8.0,7.46,7.48
2013-10-24,7.41,7.52,7.27,7.34
2013-10-25,7.36,7.42,7.15,7.24
2013-10-28,7.25,7.29,7.15,7.28
2013-10-29,7.27,7.3,6.55,6.72
2013-10-30,6.71,6.81,6.63,6.79
2013-10-31,6.76,6.76,6.63,6.65
2013-11-01,6.6,6.68,6.5,6.62
2013-11-04,6.64,6.72,6.6,6.66
2013-11-05,6.69,6.75,6.49,6.74
2013-11-06,6.69,6.82,6.68,6.69
2013-11-07,6.65,6.7,6.51,6.51
2013-11-08,6.48,6.48,6.25,6.28
2013-11-11,6.26,6.4,6.22,6.35
2013-11-12,6.3,6.81,6.29,6.76
2013-11-13,6.69,6.74,6.42,6.46
2013-11-14,6.43,6.58,6.31,6.54
2013-11-15,6.52,6.74,6.5,6.64
2013-11-18,6.67,6.88,6.62,6.82
2013-11-19,6.8,6.85,6.71,6.75
2013-11-20,6.76,6.87,6.74,6.86
2013-11-21,6.86,6.86,6.67,6.75
2013-11-22,6.74,6.83,6.7,6.77
2013-11-25,6.79,6.9,6.75,6.81
2013-11-26,6.83,7.23,6.83,7.17
2013-11-27,7.1,7.27,7.05,7.24
2013-11-28,7.23,7.44,7.15,7.19
2013-11-29,7.29,7.39,7.18,7.23
2013-12-02,6.99,7.0,6.56,6.63
2013-12-03,6.57,6.84,6.55,6.8
2013-12-04,6.78,6.94,6.73,6.87
2013-12-05,6.87,7.06,6.8,6.96
2013-12-06,6.93,6.97,6.85,6.9
2013-12-09,6.91,7.02,6.9,6.98
2013-12-10,6.98,7.02,6.92,6.96
2013-12-11,6.96,6.96,6.73,6.78
2013-12-12,6.73,6.85,6.73,6.79
2013-12-13,6.75,7.05,6.73,6.96
2013-12-16,6.96,6.97,6.73,6.79
2013-12-17,6.79,6.82,6.64,6.69
2013-12-18,6.71,6.82,6.68,6.75
2013-12-19,6.77,6.82,6.55,6.57
2013-12-20,6.56,6.57,6.33,6.39
2013-12-23,6.37,6.43,6.2,6.34
2013-12-24,6.35,6.45,6.26,6.35
2013-12-25,6.37,6.42,6.33,6.41
2013-12-26,6.4,6.41,6.23,6.24
2013-12-27,6.23,6.48,6.23,6.43
2013-12-30,6.43,6.64,6.4,6.54
2013-12-31,6.5,6.5,6.28,6.44
2014-01-02,6.43,6.6,6.41,6.58
2014-01-03,6.59,6.79,6.54,6.59
2014-01-06,6.52,6.54,6.28,6.31
2014-01-07,6.26,6.4,6.23,6.39
2014-01-08,6.38,6.44,6.31,6.38
2014-01-09,6.38,6.52,6.32,6.4
2014-01-10,6.4,6.4,6.14,6.18
2014-01-13,6.15,6.23,5.99,6.09
2014-01-14,6.11,6.23,6.07,6.22
2014-01-15,6.2,6.64,6.19,6.4
2014-01-16,6.35,6.41,6.3,6.36
2014-01-17,6.31,6.43,6.28,6.3
2014-01-20,6.26,6.34,6.2,6.24
2014-01-21,6.22,6.36,6.22,6.35
2014-01-22,6.39,6.48,6.33,6.48
2014-01-23,6.47,6.52,6.44,6.49
2014-01-24,6.47,6.77,6.43,6.71
2014-01-27,6.64,6.77,6.64,6.73
2014-01-28,6.73,6.73,6.51,6.65
2014-01-29,6.64,6.84,6.61,6.66
2014-01-30,6.66,6.71,6.4,6.41
2014-02-07,6.34,6.55,6.3,6.54
2014-02-10,6.56,6.78,6.54,6.73
2014-02-11,6.75,6.81,6.66,6.81
2014-02-12,6.81,7.03,6.7,6.94
2014-02-13,6.91,7.08,6.81,6.82
2014-02-14,6.84,7.12,6.83,7.11
2014-02-17,7.12,7.15,7.04,7.12
2014-02-18,7.12,7.12,6.98,7.05
2014-02-19,7.05,7.31,6.99,7.15
2014-02-20,7.1,7.15,6.97,6.99
2014-02-21,6.95,7.06,6.88,6.94
2014-02-24,6.93,7.11,6.89,7.09
2014-02-25,7.07,7.25,6.84,6.95
2014-02-26,6.89,6.98,6.74,6.97
2014-02-27,6.95,7.19,6.87,6.9
2014-02-28,6.87,6.97,6.74,6.97
2014-03-03,6.98,7.28,6.96,7.19
2014-03-04,7.13,7.5,7.1,7.31
2014-03-05,7.25,7.37,7.17,7.2
2014-03-06,7.2,7.45,7.1,7.39
2014-03-07,7.37,7.54,7.26,7.51
2014-03-10,7.45,7.5,7.16,7.45
2014-03-11,7.35,7.44,7.26,7.33
2014-03-12,7.32,7.5,7.08,7.45
2014-03-13,7.4,7.63,7.31,7.55
2014-03-14,7.5,7.5,7.36,7.39
2014-03-17,7.39,7.73,7.28,7.71
2014-03-18,7.65,7.86,7.55,7.63
2014-03-19,7.6,7.7,7.47,7.65
2014-03-20,7.58,7.67,7.38,7.46
2014-03-21,7.38,7.75,7.33,7.7
2014-03-24,7.67,7.74,7.58,7.66
2014-03-25,7.65,7.8,7.48,7.72
2014-03-26,7.69,7.86,7.53,7.59
2014-03-27,7.53,7.61,7.2,7.32
2014-03-28,7.28,7.42,7.12,7.36
2014-03-31,7.32,7.65,7.22,7.44
2014-04-01,7.43,7.74,7.41,7.69
2014-04-02,7.69,7.76,7.51,7.63
2014-04-03,7.59,7.85,7.57,7.79
2014-04-04,7.74,8.0,7.62,7.71
2014-04-08,7.65,7.7,7.41,7.69
2014-04-09,7.61,7.83,7.61,7.79
2014-04-10,7.83,7.97,7.74,7.82
2014-04-11,7.75,7.85,7.63,7.82
2014-04-14,7.74,8.0,7.74,7.84
2014-04-15,7.81,7.84,7.52,7.62
2014-04-16,7.58,7.63,7.45,7.61
2014-04-17,7.61,7.73,7.55,7.58
2014-04-18,7.53,7.53,7.3,7.34
2014-04-21,7.3,7.36,7.15,7.16
2014-04-22,7.12,7.22,6.99,7.1
2014-04-23,7.13,7.13,7.02,7.13
2014-04-24,7.1,7.11,6.95,6.96
2014-04-25,7.0,7.01,6.76,6.8
2014-04-28,6.76,6.82,6.52,6.55
2014-04-29,6.55,6.66,6.54,6.6
2014-04-30,6.62,6.65,6.58,6.64
2014-05-05,6.64,6.76,6.58,6.75
2014-05-06,6.75,6.81,6.7,6.74
2014-05-07,6.75,6.86,6.7,6.71
2014-05-08,6.71,6.76,6.58,6.65
2014-05-09,6.64,6.66,6.4,6.47
2014-05-12,6.56,6.63,6.49,6.61
2014-05-13,6.61,6.7,6.6,6.67
2014-05-14,6.67,6.67,6.61,6.62
2014-05-15,6.63,6.63,6.4,6.42
2014-05-16,6.42,6.49,6.36,6.48
2014-05-19,6.46,6.47,6.39,6.44
2014-05-20,6.49,6.55,6.46,6.48
2014-05-21,6.5,6.55,6.3,6.54
2014-05-22,6.52,6.62,6.5,6.51
2014-05-23,6.52,6.56,6.48,6.56
2014-05-26,6.58,6.65,6.56,6.64
2014-05-27,6.64,6.64,6.55,6.59
2014-05-28,6.56,6.68,6.54,6.66
2014-05-29,6.67,6.67,6.52,6.53
2014-05-30,6.54,6.6,6.51,6.58
2014-06-03,6.56,6.63,6.55,6.55
2014-06-04,6.55,6.55,6.39,6.43
2014-06-05,6.42,6.51,6.42,6.51
2014-06-06,6.51,6.62,6.5,6.55
2014-06-09,6.51,6.54,6.46,6.48
2014-06-10,6.48,6.58,6.46,6.58
2014-06-11,6.56,6.64,6.54,6.62
2014-06-12,6.62,6.67,6.58,6.64
2014-06-13,6.65,7.3,6.64,7.3
2014-06-16,7.3,7.31,7.12,7.27
2014-06-17,7.25,7.31,7.14,7.21
2014-06-18,7.19,7.9,7.15,7.35
2014-06-19,7.18,7.54,6.8,6.89
2014-06-20,6.92,7.03,6.74,7.0
2014-06-23,6.99,7.03,6.92,6.99
2014-06-24,6.98,7.03,6.93,6.99
2014-06-25,7.0,7.08,6.9,7.02
2014-06-26,6.99,7.13,6.96,7.09
2014-06-27,7.04,7.18,7.02,7.13
2014-06-30,7.19,7.25,7.06,7.13
2014-07-01,7.13,7.15,7.04,7.11
2014-07-02,7.15,7.25,7.11,7.17
2014-07-03,7.15,7.19,7.09,7.16
2014-07-04,7.13,7.14,6.99,7.01
2014-07-07,7.02,7.09,6.93,7.07
2014-07-08,7.06,7.14,7.01,7.13
2014-07-09,7.14,7.15,6.93,6.93
2014-07-10,6.92,7.01,6.92,6.93
2014-07-11,6.92,7.13,6.92,7.1
2014-07-14,7.11,7.24,7.07,7.2
2014-07-15,7.18,7.21,7.09,7.17
2014-07-16,7.17,7.21,7.09,7.11
2014-07-17,7.11,7.16,7.01,7.07
2014-07-18,7.06,7.14,7.05,7.11
2014-07-21,7.14,7.29,7.12,7.22
2014-07-22,7.2,7.25,7.15,7.23
2014-07-23,7.23,7.24,7.06,7.1
2014-07-24,7.12,7.12,6.97,7.05
2014-07-25,7.04,7.12,7.02,7.1
2014-07-28,7.12,7.22,7.09,7.19
2014-07-29,7.19,7.28,7.16,7.27
2014-07-30,7.3,7.3,7.17,7.29
2014-07-31,7.26,7.47,7.24,7.44
2014-08-01,7.41,7.41,7.22,7.24
2014-08-04,7.21,7.34,7.2,7.33
2014-08-05,7.33,7.39,7.26,7.38
2014-08-06,7.33,7.38,7.28,7.36
2014-08-07,7.35,7.41,7.22,7.24
2014-08-08,7.24,7.3,7.23,7.26
2014-08-11,7.27,7.45,7.27,7.44
2014-08-12,7.43,7.52,7.39,7.48
2014-08-13,7.46,7.48,7.29,7.42
2014-08-14,7.41,7.51,7.34,7.36
2014-08-15,7.39,7.57,7.36,7.53
2014-08-18,7.54,7.66,7.48,7.64
2014-08-19,7.64,7.72,7.53,7.61
2014-08-20,7.64,7.67,7.56,7.65
2014-08-21,7.65,7.65,7.5,7.57
2014-08-22,7.57,7.7,7.54,7.69
2014-08-25,7.71,7.71,7.52,7.56
2014-08-26,7.52,7.56,7.25,7.28
2014-08-27,7.28,7.35,7.26,7.32
2014-08-28,7.29,7.34,7.16,7.22
2014-08-29,7.2,7.36,7.18,7.35
2014-09-01,7.37,7.45,7.33,7.44
2014-09-02,7.45,7.53,7.42,7.5
2014-09-03,7.53,7.75,7.48,7.6
2014-09-04,7.58,7.67,7.55,7.64
2014-09-05,7.63,7.79,7.61,7.72
2014-09-09,7.72,8.0,7.61,7.97
2014-09-10,7.9,8.27,7.85,8.21
2014-09-11,8.2,9.0,8.11,8.43
2014-09-12,8.3,8.5,8.23,8.38
2014-09-15,8.39,8.71,8.39,8.57
2014-09-16,8.53,8.56,8.13,8.25
2014-09-17,8.24,8.38,8.16,8.36
2014-09-18,8.29,8.4,8.26,8.34
2014-09-19,8.34,8.57,8.31,8.49
2014-09-22,8.44,8.45,8.2,8.21
2014-09-23,8.3,8.39,8.21,8.32
2014-09-24,8.29,8.55,8.26,8.5
2014-09-25,8.52,8.62,8.37,8.46
2014-09-26,8.43,8.53,8.39,8.48
2014-09-29,8.57,9.0,8.51,8.81
2014-09-30,8.8,8.89,8.72,8.76
2014-10-08,8.76,8.81,8.65,8.78
2014-10-09,8.78,8.89,8.56,8.69
2014-10-10,8.66,8.69,8.45,8.53
2014-10-13,8.45,8.48,8.26,8.44
2014-10-14,8.38,8.57,8.35,8.46
2014-10-15,8.45,8.51,8.32,8.46
2014-10-16,8.4,8.55,8.27,8.28
2014-10-17,8.29,8.4,7.92,8.11
2014-10-20,8.13,8.26,8.11,8.24
2014-10-21,8.26,8.29,8.15,8.15
2014-10-22,8.16,8.26,8.05,8.06
2014-10-23,8.06,8.09,7.86,7.98
2014-10-24,7.98,8.03,7.93,7.99
2014-10-27,7.98,8.06,7.89,8.05
2014-10-28,8.07,8.26,8.05,8.25
2014-10-29,8.26,8.33,8.2,8.29
2014-10-30,8.28,8.36,8.18,8.24
2014-10-31,8.28,8.46,8.19,8.41
2014-11-03,8.41,8.47,8.38,8.44
2014-11-04,8.42,8.58,8.37,8.56
2014-11-05,8.56,8.56,8.36,8.38
2014-11-06,8.36,8.45,8.29,8.43
2014-11-07,8.43,8.54,8.21,8.24
2014-11-10,8.24,8.35,8.22,8.31
2014-11-11,8.31,8.32,7.78,7.89
2014-11-12,7.84,8.02,7.83,8.01
2014-11-13,8.02,8.03,7.77,7.85
2014-11-14,7.85,7.88,7.77,7.81
2014-11-17,7.81,8.03,7.8,7.94
2014-11-18,7.94,8.02,7.92,7.97
2014-11-19,7.98,8.08,7.92,8.05
2014-11-20,8.04,8.09,7.98,8.07
2014-11-21,8.05,8.25,8.05,8.23
2014-11-24,8.28,8.32,8.2,8.24
2014-11-25,8.25,8.4,8.24,8.37
2014-11-26,8.39,8.42,8.21,8.31
2014-11-27,8.32,8.48,8.3,8.46
2014-11-28,8.45,8.83,8.41,8.7
2014-12-01,8.69,8.88,8.45,8.51
2014-12-02,8.54,8.64,8.48,8.57
2014-12-03,8.59,8.6,8.38,8.59
2014-12-04,8.58,8.72,8.53,8.59
2014-12-05,8.56,8.58,8.13,8.29
2014-12-08,8.23,8.38,8.16,8.29
2014-12-09,8.29,8.29,7.85,7.9
2014-12-10,7.9,8.19,7.89,8.15
2014-12-11,8.2,8.38,8.2,8.28
2014-12-12,8.29,8.54,8.24,8.48
2014-12-15,8.43,8.62,8.41,8.6
2014-12-16,8.62,8.64,8.46,8.53
2014-12-17,8.5,8.73,8.35,8.72
2014-12-18,8.66,8.77,8.5,8.52
2014-12-19,8.46,8.58,8.09,8.24
2014-12-22,8.19,8.19,7.66,7.78
2014-12-23,7.75,7.95,7.7,7.72
2014-12-24,7.74,8.01,7.74,7.98
2014-12-25,7.9,8.18,7.9,8.14
2014-12-26,8.12,8.12,7.96,8.07
2014-12-29,8.07,8.07,7.81,7.83
2014-12-30,7.77,7.89,7.74,7.76
2014-12-31,7.76,7.87,7.7,7.83
2015-01-05,7.82,7.97,7.73,7.94
2015-01-06,7.9,8.08,7.85,8.05
2015-01-07,8.01,8.12,7.92,7.97
2015-01-08,7.97,8.05,7.88,8.0
2015-01-09,8.0,8.06,7.86,7.86
2015-01-12,7.79,7.79,7.52,7.56
2015-01-13,7.6,7.71,7.56,7.67
2015-01-14,7.66,7.7,7.54,7.59
2015-01-15,7.59,7.7,7.56,7.67
2015-01-16,7.65,7.76,7.64,7.75
2015-01-19,7.58,7.78,7.43,7.5
2015-01-20,7.53,7.79,7.53,7.79
2015-01-21,7.76,7.96,7.76,7.92
2015-01-22,7.93,8.04,7.86,8.03
2015-01-23,8.04,8.07,7.91,7.92
2015-01-26,7.88,8.07,7.88,8.06
2015-01-27,8.06,8.1,7.93,8.03
2015-01-28,8.01,8.16,7.91,8.07
2015-01-29,8.01,8.14,7.96,8.11
2015-01-30,8.1,8.14,7.95,7.96
2015-02-02,7.89,7.97,7.81,7.9
2015-02-03,7.95,8.05,7.92,8.04
2015-02-04,8.03,8.19,8.01,8.18
2015-02-05,8.2,8.22,7.98,8.0
2015-02-06,7.95,8.0,7.81,7.83
2015-02-09,7.84,7.88,7.75,7.78
2015-02-10,7.8,7.83,7.74,7.83
2015-02-11,7.83,7.93,7.83,7.9
2015-02-12,7.94,8.06,7.88,8.03
2015-02-13,8.04,8.31,8.03,8.2
2015-02-16,8.18,8.29,8.17,8.26
2015-02-17,8.29,8.29,8.19,8.22
2015-02-25,8.2,8.59,8.15,8.42
2015-02-26,8.39,8.49,8.34,8.44
2015-02-27,8.45,8.45,8.36,8.42
2015-03-02,8.47,8.68,8.43,8.58
2015-03-03,8.52,8.78,8.5,8.56
2015-03-04,8.55,8.74,8.52,8.66
2015-03-05,8.64,8.73,8.55,8.69
2015-03-06,8.68,9.19,8.67,9.03
2015-03-09,9.0,9.14,8.92,9.1
2015-03-10,9.07,9.36,8.95,9.19
2015-03-11,9.19,9.29,9.04,9.14
2015-03-12,9.11,9.17,8.82,8.96
2015-03-13,8.95,9.05,8.9,9.03
2015-03-16,9.04,9.34,9.04,9.29
2015-03-17,9.41,9.42,9.11,9.22
2015-03-18,9.22,10.14,9.2,10.14
2015-03-19,10.11,10.4,9.96,10.23
2015-03-20,10.35,10.88,10.2,10.28
2015-03-23,10.18,10.67,10.18,10.51
2015-03-24,10.41,10.45,9.9,10.29
2015-03-25,10.3,10.6,10.1,10.44
2015-03-26,10.33,10.54,10.16,10.41
2015-03-27,10.4,11.15,10.35,10.83
2015-03-30,10.83,10.97,10.57,10.81
2015-03-31,10.79,10.8,10.45,10.48
2015-04-01,10.48,10.84,10.45,10.8
2015-04-02,10.79,11.1,10.67,10.98
2015-04-03,10.9,11.12,10.81,11.1
2015-04-07,11.2,11.44,11.06,11.2
2015-04-08,11.17,11.17,10.2,10.81
2015-04-09,10.81,10.84,10.3,10.58
2015-04-10,10.6,11.05,10.5,11.03
2015-04-13,11.11,11.53,11.0,11.31
2015-04-14,11.31,12.02,11.21,11.78
2015-04-15,11.6,11.67,10.9,11.03
2015-04-16,10.86,11.3,10.76,11.17
2015-04-17,11.62,11.8,11.27,11.3
2015-04-20,11.11,11.18,10.61,10.65
2015-04-21,10.53,10.98,10.52,10.96
2015-04-22,11.03,11.61,10.98,11.54
2015-04-23,11.6,12.69,11.55,12.31
2015-04-24,11.89,12.23,11.7,12.1
2015-04-27,12.12,12.6,11.8,12.15
2015-04-28,12.12,12.15,11.31,11.53
2015-04-29,11.5,12.14,11.42,12.0
2015-04-30,12.0,12.53,11.75,12.25
2015-05-04,12.25,12.95,12.19,12.6
2015-05-05,12.5,12.5,11.63,11.81
2015-05-06,11.98,12.37,11.6,11.76
2015-05-07,11.6,11.95,11.3,11.34
2015-05-08,11.54,11.87,11.41,11.85
2015-05-11,12.04,12.96,11.85,12.85
2015-05-12,13.03,13.63,12.7,13.4
2015-05-13,13.08,13.85,13.01,13.19
2015-05-14,13.05,14.12,13.01,13.78
2015-05-15,13.68,13.68,13.18,13.35
2015-05-18,13.2,14.12,13.11,13.45
2015-05-19,13.56,14.09,13.37,13.91
2015-05-20,13.91,14.95,13.8,14.2
2015-05-21,14.26,14.75,14.19,14.59
2015-05-22,14.38,15.18,13.88,15.08
2015-05-25,14.62,15.86,14.62,15.58
2015-05-26,15.6,16.75,15.43,16.65
2015-05-27,16.76,16.79,15.88,16.43
2015-05-28,16.3,17.51,15.85,16.06
2015-05-29,16.15,16.82,15.18,16.49
2015-06-01,16.56,18.14,16.51,18.14
2015-06-02,18.0,18.0,17.23,17.86
2015-06-04,17.4,17.8,15.66,16.58
2015-06-05,16.7,17.0,16.05,16.72
2015-06-10,16.95,17.06,15.95,16.67
2015-06-11,16.67,16.99,16.3,16.97
2015-06-12,16.97,17.38,16.75,17.24
2015-06-15,17.52,18.26,17.3,17.54
2015-06-16,17.38,17.38,15.84,16.2
2015-06-17,16.15,16.49,15.16,16.25
2015-06-18,16.23,16.4,15.52,15.6
2015-06-19,15.29,15.29,14.04,14.04
2015-06-23,13.73,14.25,12.71,14.03
2015-06-24,14.2,14.55,13.88,14.38
2015-06-25,14.34,14.4,13.13,13.41
2015-06-26,13.1,13.1,12.07,12.07
2015-06-29,12.53,12.65,10.86,10.95
2015-06-30,11.2,11.9,9.99,11.71
2015-07-01,11.55,11.97,10.7,10.71
2015-07-02,10.95,11.03,9.84,9.97
2015-07-03,9.94,10.28,8.97,8.97
2015-07-06,9.81,9.81,8.25,8.59
2015-07-07,8.36,8.42,7.73,7.73
2015-07-08,6.96,7.32,6.96,6.96
2015-07-09,6.81,7.66,6.81,7.66
2015-07-10,8.3,8.43,7.8,8.43
2015-07-13,9.22,9.27,8.84,9.27
2015-07-14,9.48,10.12,9.28,9.56
2015-07-15,9.2,9.45,8.6,8.6
2015-07-16,8.31,9.3,8.02,9.04
2015-07-17,9.13,9.89,8.99,9.74
2015-07-20,9.7,10.05,9.52,9.79
2015-07-21,9.55,10.03,9.41,9.91
2015-07-22,9.81,10.09,9.7,10.01
2015-07-23,10.06,10.68,9.96,10.58
2015-07-24,10.6,10.66,9.8,10.11
2015-07-27,9.85,10.18,9.1,9.1
2015-07-28,8.52,9.08,8.19,8.5
2015-07-29,8.75,9.35,8.36,9.35
2015-07-30,9.11,9.68,9.01,9.07
2015-08-05,9.87,9.87,9.23,9.36
2015-08-06,8.91,9.29,8.76,9.1
2015-08-07,9.56,10.01,9.52,10.01
2015-08-10,10.5,10.95,10.3,10.87
2015-08-11,10.62,11.1,10.62,10.94
2015-08-12,10.72,11.37,10.65,10.97
2015-08-13,11.06,12.07,11.0,12.07
2015-08-14,12.32,12.62,11.86,12.09
2015-08-17,12.01,12.31,11.68,12.29
2015-08-18,12.15,12.27,11.06,11.06
2015-08-19,10.6,12.1,10.01,11.69
2015-08-20,11.36,12.12,11.25,11.35
2015-08-21,11.1,11.34,10.3,10.34
2015-08-24,10.07,10.28,9.31,9.31
2015-08-25,8.52,8.85,8.38,8.38
2015-08-26,8.59,9.01,7.88,8.36
2015-08-27,8.6,8.99,8.21,8.97
2015-08-28,9.1,9.65,8.8,9.59
2015-08-31,9.34,9.41,8.81,8.85
2015-09-01,8.81,8.81,7.97,7.99
2015-09-02,7.55,8.39,7.4,7.63
2015-09-07,7.87,8.19,7.87,7.97
2015-09-08,8.0,8.55,7.88,8.51
2015-09-09,8.61,9.02,8.52,8.9
2015-09-10,8.7,8.87,8.56,8.6
2015-09-11,8.6,8.94,8.6,8.82
2015-09-14,8.82,8.88,7.94,7.94
2015-09-15,7.97,8.06,7.36,7.44
2015-09-16,7.56,8.18,7.48,8.17
2015-09-17,8.11,8.5,8.01,8.06
2015-09-18,8.16,8.37,8.05,8.3
2015-09-21,8.18,8.66,8.1,8.63
2015-09-22,8.63,8.78,8.51,8.69
2015-09-23,8.52,8.6,8.32,8.43
2015-09-24,8.44,8.73,8.44,8.68
2015-09-25,8.6,8.69,8.08,8.19
2015-09-28,8.26,8.5,8.1,8.47
2015-09-29,8.33,8.35,8.18,8.26
2015-09-30,8.3,8.36,8.23,8.27
2015-10-08,8.68,8.93,8.68,8.83
2015-10-09,8.8,8.97,8.72,8.94
2015-10-12,9.01,9.6,9.01,9.53
2015-10-13,9.41,9.74,9.38,9.63
2015-10-14,9.56,9.64,9.36,9.4
2015-10-15,9.39,9.78,9.39,9.77
2015-10-16,9.81,9.95,9.63,9.87
2015-10-19,9.89,10.23,9.41,10.06
2015-10-20,9.91,10.22,9.83,10.12
2015-10-21,10.05,10.35,9.11,9.11
2015-10-22,9.16,9.55,9.05,9.44
2015-10-23,9.5,9.87,9.44,9.8
2015-10-26,9.98,10.1,9.78,9.85
2015-10-27,9.79,10.33,9.2,10.25
2015-10-28,10.0,10.44,9.85,9.99
2015-10-29,10.08,10.33,9.94,10.24
2015-10-30,10.23,10.38,9.92,10.01
2015-11-02,9.87,10.12,9.7,9.76
2015-11-03,9.83,9.95,9.7,9.86
2015-11-04,10.13,10.85,10.1,10.85
2015-11-05,11.23,11.36,10.72,10.76
2015-11-06,10.54,11.0,10.54,10.96
2015-11-09,10.75,11.18,10.73,11.03
2015-11-10,10.94,11.2,10.92,11.08
2015-11-11,11.09,11.38,11.0,11.37
2015-11-12,11.47,11.55,11.0,11.23
2015-11-13,11.07,11.17,10.9,11.01
2015-11-16,10.78,11.53,10.68,11.49
2015-11-17,11.58,11.88,11.4,11.66
2015-11-18,11.68,11.89,11.4,11.55
2015-11-19,11.57,11.98,11.49,11.96
2015-11-20,11.9,12.58,11.83,12.47
2015-11-23,12.41,12.75,12.14,12.21
2015-11-24,12.21,12.59,12.01,12.56
2015-11-25,12.43,12.83,12.43,12.61
2015-11-26,12.66,12.67,12.4,12.41
2015-11-27,12.31,12.35,11.2,11.37
2015-11-30,11.33,11.6,10.75,11.58
2015-12-01,11.45,11.66,11.34,11.47
2015-12-02,11.49,11.5,10.81,11.23
2015-12-03,11.29,11.6,11.23,11.57
2015-12-04,11.46,11.72,11.42,11.69
2015-12-07,11.69,11.94,11.62,11.81
2015-12-08,11.75,11.84,11.36,11.37
2015-12-09,11.25,11.43,11.12,11.32
2015-12-10,11.31,11.48,11.16,11.2
2015-12-11,11.2,11.27,11.1,11.14
2015-12-14,11.1,11.44,10.92,11.36
2015-12-15,11.35,11.53,11.3,11.41
2015-12-16,11.46,11.84,11.35,11.72
2015-12-17,12.0,12.77,11.89,12.55
2015-12-18,12.49,12.5,12.12,12.18
2015-12-21,12.19,12.6,12.19,12.3
2015-12-22,12.33,12.45,12.14,12.16
2015-12-23,8.26,8.32,7.88,7.9
2015-12-24,7.7,7.78,7.46,7.66
2015-12-25,7.7,8.28,7.62,8.16
2015-12-28,8.13,8.27,7.77,7.79
2015-12-29,7.75,7.97,7.62,7.95
2015-12-30,7.93,7.98,7.78,7.88
2015-12-31,7.91,7.97,7.66,7.69
2016-01-04,7.64,7.74,6.92,6.92
2016-01-05,6.5,6.89,6.3,6.68
2016-01-06,6.72,6.88,6.6,6.87
2016-01-07,6.7,6.7,6.18,6.18
2016-01-08,6.36,6.45,5.88,6.27
2016-01-11,6.1,6.32,5.73,5.79
2016-01-12,5.79,5.98,5.7,5.85
2016-01-13,5.9,5.98,5.5,5.62
2016-01-14,5.5,5.88,5.32,5.84
2016-01-15,5.79,5.93,5.49,5.59
2016-01-18,5.42,5.77,5.38,5.66
2016-01-19,5.61,5.94,5.59,5.89
2016-01-20,5.85,5.95,5.78,5.85
2016-01-21,5.74,5.93,5.61,5.63
2016-01-22,5.69,5.76,5.51,5.7
2016-01-25,5.76,5.97,5.71,5.96
2016-01-26,5.84,6.09,5.49,5.62
2016-01-27,5.56,5.84,5.16,5.74
2016-01-28,5.61,5.93,5.35,5.38
2016-01-29,5.3,5.59,5.17,5.54
2016-02-01,5.53,5.56,5.28,5.38
2016-02-02,5.42,5.62,5.37,5.57
2016-02-03,5.46,5.59,5.4,5.56
2016-02-04,5.58,5.85,5.58,5.76
2016-02-05,5.81,5.85,5.67,5.69
2016-02-15,5.43,5.65,5.41,5.59
2016-02-16,5.62,5.89,5.61,5.85
2016-02-17,5.83,5.95,5.75,5.93
2016-02-18,5.98,6.01,5.9,5.94
2016-02-19,5.89,5.96,5.84,5.94
2016-02-22,5.99,6.13,5.95,6.12
2016-02-23,6.11,6.11,5.91,6.02
2016-02-24,5.98,6.05,5.87,6.04
2016-02-25,6.01,6.02,5.44,5.44
2016-02-26,5.51,5.52,5.26,5.41
2016-02-29,5.37,5.39,4.9,4.97
2016-03-01,5.02,5.17,4.96,5.12
2016-03-02,5.12,5.41,5.09,5.38
2016-03-03,5.35,5.53,5.32,5.36
2016-03-04,5.35,5.4,5.06,5.14
2016-03-07,5.19,5.33,5.19,5.32
2016-03-08,5.31,5.4,5.1,5.38
2016-03-09,5.24,5.33,5.21,5.25
2016-03-10,5.24,5.31,5.15,5.18
2016-03-11,5.15,5.21,5.05,5.16
2016-03-14,5.21,5.45,5.21,5.32
2016-03-15,5.32,5.37,5.25,5.3
2016-03-16,5.32,5.43,5.28,5.32
2016-03-17,5.34,5.53,5.32,5.51
2016-03-18,5.53,5.71,5.49,5.67
2016-03-21,5.72,5.85,5.67,5.82
2016-03-22,5.73,5.87,5.7,5.8
2016-03-23,5.76,5.83,5.73,5.82
2016-03-24,5.81,5.81,5.64,5.66
2016-03-25,5.64,5.74,5.63,5.73
2016-03-28,5.73,5.9,5.71,5.72
2016-03-29,5.74,5.77,5.5,5.58
2016-03-30,5.61,5.87,5.61,5.84
2016-03-31,5.87,6.13,5.83,6.07
2016-04-01,6.0,6.04,5.86,6.01
2016-04-05,5.97,6.32,5.97,6.23
2016-04-06,6.22,6.27,6.12,6.18
2016-04-07,6.22,6.22,6.01,6.03
2016-04-08,6.01,6.03,5.84,5.94
2016-04-11,5.99,6.15,5.98,6.11
2016-04-12,6.06,6.12,5.95,6.02
2016-04-13,6.06,6.21,6.05,6.13
2016-04-14,6.2,6.25,6.12,6.25
2016-04-15,6.26,6.31,6.19,6.28
2016-04-18,6.24,6.46,6.2,6.37
2016-04-19,6.4,6.66,6.39,6.65
2016-04-20,6.7,6.77,6.01,6.29
2016-04-21,6.16,6.34,6.1,6.17
2016-04-22,6.11,6.29,6.05,6.26
2016-04-25,6.18,6.22,6.04,6.1
2016-04-26,6.06,6.15,6.01,6.15
2016-04-27,6.12,6.26,6.11,6.19
2016-04-28,6.18,6.2,5.96,6.11
2016-04-29,6.05,6.18,6.01,6.14
2016-05-03,6.15,6.34,6.08,6.34
2016-05-04,6.29,6.51,6.29,6.4
2016-05-05,6.4,6.45,6.29,6.4
2016-05-06,6.4,6.42,6.07,6.08
2016-05-09,5.98,6.05,5.83,5.88
2016-05-10,5.85,5.99,5.85,5.93
2016-05-11,5.96,6.02,5.76,5.77
2016-05-12,5.67,5.71,5.52,5.68
2016-05-13,5.63,5.74,5.51,5.55
2016-05-16,5.54,5.67,5.47,5.66
2016-05-17,5.66,5.69,5.55,5.6
2016-05-18,5.55,5.57,5.37,5.43
2016-05-19,5.46,5.97,5.4,5.8
2016-05-20,5.7,6.29,5.61,6.09
2016-05-23,6.13,6.23,5.97,6.14
2016-05-24,6.06,6.09,5.91,5.95
2016-05-25,6.01,6.08,5.82,5.89
2016-05-26,5.9,5.95,5.66,5.88
2016-05-27,5.83,6.47,5.82,6.41
2016-05-30,6.28,6.3,6.1,6.18
2016-05-31,6.13,6.4,6.13,6.38
2016-06-01,6.31,6.65,6.31,6.52
2016-06-02,6.46,6.67,6.43,6.61
2016-06-03,6.66,6.68,6.38,6.4
2016-06-06,6.41,6.46,6.32,6.41
2016-06-07,6.43,6.45,6.33,6.42
2016-06-08,6.41,6.41,6.23,6.32
2016-06-13,6.2,6.27,5.9,5.91
2016-06-14,5.85,5.97,5.84,5.94
2016-06-15,5.84,6.24,5.82,6.18
2016-06-16,6.18,6.35,6.14,6.23
2016-06-17,6.16,6.29,6.1,6.17
2016-06-20,6.15,6.18,5.9,6.1
2016-06-21,6.11,6.26,6.03,6.09
2016-06-22,6.06,6.25,6.02,6.21
2016-06-23,6.17,6.35,6.15,6.28
2016-06-24,6.26,6.3,5.9,6.12
2016-06-27,6.05,6.6,6.04,6.57
2016-06-28,6.86,7.23,6.71,7.23
2016-06-29,7.6,7.7,7.18,7.68
2016-06-30,7.49,7.78,7.44,7.68
2016-07-01,7.58,7.64,7.32,7.46
2016-07-04,7.38,7.46,7.25,7.44
2016-07-05,7.42,7.56,7.33,7.53
2016-07-06,7.46,7.49,7.35,7.45
2016-07-07,7.38,7.74,7.37,7.5
2016-07-08,7.43,7.5,7.3,7.32
2016-07-11,7.37,7.54,7.29,7.35
2016-07-12,7.31,7.35,6.93,7.19
2016-07-13,7.2,7.28,7.09,7.23
2016-07-14,7.2,7.21,7.11,7.16
2016-07-15,7.19,7.3,7.13,7.27
2016-07-18,7.25,7.26,7.03,7.07
2016-07-19,7.04,7.14,6.98,7.12
2016-07-20,7.11,7.58,7.06,7.45
2016-07-21,7.4,7.47,7.27,7.3
2016-07-22,7.31,7.34,7.11,7.18
2016-07-25,7.15,7.27,7.11,7.19
2016-07-26,7.19,7.26,7.15,7.23
2016-07-27,7.24,7.24,6.55,6.58
2016-07-28,6.61,6.75,6.48,6.68
2016-07-29,6.65,6.71,6.51,6.57
2016-08-01,6.55,6.57,6.25,6.37
2016-08-02,6.33,6.44,6.33,6.42
2016-08-03,6.42,6.48,6.39,6.43
2016-08-04,6.46,6.59,6.44,6.53
2016-08-05,6.48,6.52,6.41,6.42
2016-08-08,6.35,6.68,6.34,6.67
2016-08-09,6.64,6.73,6.57,6.69
2016-08-10,6.68,6.73,6.6,6.69
2016-08-11,6.65,6.66,6.45,6.45
2016-08-12,6.46,6.56,6.44,6.55
2016-08-15,6.56,6.71,6.55,6.69
2016-08-16,6.7,6.78,6.64,6.75
2016-08-17,6.7,6.71,6.56,6.65
2016-08-18,6.62,6.73,6.58,6.7
2016-08-19,6.68,6.72,6.58,6.64
2016-08-22,6.62,6.68,6.53,6.55
2016-08-23,6.54,6.59,6.43,6.51
2016-08-24,6.54,6.59,6.5,6.55
2016-08-25,6.56,6.56,6.35,6.47
2016-08-26,6.5,6.58,6.45,6.51
2016-08-29,6.45,6.68,6.45,6.62
2016-08-30,6.62,6.68,6.56,6.64
2016-08-31,6.58,6.63,6.5,6.61
2016-09-01,6.61,6.66,6.56,6.57
2016-09-02,6.55,6.72,6.51,6.63
2016-09-05,6.63,6.74,6.61,6.71
2016-09-06,6.72,7.04,6.69,6.98
2016-09-07,6.9,6.97,6.81,6.83
2016-09-08,6.83,6.98,6.8,6.89
2016-09-09,6.88,6.88,6.73,6.74
2016-09-12,6.6,6.61,6.39,6.41
2016-09-13,6.46,6.55,6.43,6.54
2016-09-14,6.48,6.68,6.45,6.58
2016-09-19,6.61,6.64,6.53,6.62
2016-09-20,6.63,6.65,6.55,6.58
2016-09-21,6.59,6.63,6.53,6.6
2016-09-22,6.62,6.64,6.55,6.61
2016-09-23,6.62,6.62,6.49,6.52
2016-09-26,6.5,6.57,6.25,6.27
2016-09-27,6.27,6.3,6.15,6.29
2016-09-28,6.25,6.26,6.17,6.22
2016-09-29,6.22,6.32,6.21,6.28
2016-09-30,6.28,6.42,6.27,6.36
2016-10-10,6.39,6.52,6.39,6.51
2016-10-11,6.49,6.58,6.47,6.57
2016-10-12,6.54,6.65,6.5,6.63
2016-10-13,6.63,6.65,6.57,6.59
2016-10-14,6.56,6.65,6.55,6.63
2016-10-17,6.65,6.7,6.54,6.57
2016-10-18,6.56,6.64,6.52,6.64
2016-10-19,6.65,6.73,6.63,6.65
2016-10-20,6.65,6.69,6.63,6.66
2016-10-21,6.66,6.74,6.55,6.59
2016-10-24,6.6,6.73,6.59,6.71
2016-10-25,6.74,6.75,6.67,6.74
2016-10-26,6.72,6.81,6.68,6.78
2016-10-27,6.75,6.95,6.75,6.87
2016-10-28,6.84,6.91,6.66,6.68
2016-10-31,6.65,6.7,6.59,6.69
2016-11-01,6.69,6.75,6.65,6.74
2016-11-02,6.71,6.75,6.65,6.66
2016-11-03,6.65,6.79,6.62,6.76
2016-11-04,6.7,6.9,6.7,6.81
2016-11-07,6.8,6.96,6.79,6.85
2016-11-08,6.88,6.92,6.84,6.89
2016-11-09,6.87,6.89,6.7,6.84
2016-11-10,6.87,7.05,6.87,6.98
2016-11-11,6.96,7.07,6.93,7.04
2016-11-14,7.06,7.16,7.0,7.04
2016-11-15,7.04,7.09,6.98,7.05
2016-11-16,7.06,7.09,7.0,7.06
2016-11-17,7.07,7.08,6.96,7.01
2016-11-18,7.01,7.03,6.9,6.94
2016-11-21,6.96,7.04,6.9,7.01
2016-11-22,7.01,7.04,6.97,7.03
2016-11-23,7.02,7.03,6.95,7.0
2016-11-24,7.0,7.05,6.93,6.96
2016-11-25,6.92,6.98,6.72,6.87
2016-11-28,6.87,6.9,6.8,6.85
2016-11-29,6.82,6.92,6.73,6.74
2016-11-30,6.76,6.78,6.71,6.76
2016-12-01,6.76,6.79,6.72,6.78
2016-12-02,6.78,6.78,6.54,6.56
2016-12-05,6.48,6.6,6.48,6.56
2016-12-06,6.54,6.67,6.54,6.63
2016-12-07,6.62,6.71,6.61,6.7
2016-12-08,6.7,6.73,6.59,6.62
2016-12-09,6.64,6.69,6.59,6.66
2016-12-12,6.65,6.65,6.22,6.26
2016-12-13,6.32,6.35,6.2,6.31
2016-12-14,6.32,6.36,6.26,6.3
2016-12-15,6.25,6.4,6.25,6.35
2016-12-16,6.34,6.5,6.34,6.48
2016-12-19,6.45,6.52,6.4,6.49
2016-12-20,6.45,6.53,6.45,6.51
2016-12-21,6.5,6.58,6.5,6.53
2016-12-22,6.53,6.55,6.5,6.55
2016-12-23,6.55,6.56,6.46,6.47
2016-12-26,6.45,6.51,6.33,6.5
2016-12-27,6.49,6.63,6.49,6.58
2016-12-28,6.59,6.67,6.57,6.58
2016-12-29,6.57,6.66,6.53,6.58
2016-12-30,6.6,6.66,6.58,6.64
2017-01-03,6.65,6.9,6.64,6.78
2017-01-04,6.79,6.82,6.71,6.79
2017-01-05,6.78,6.93,6.74,6.86
2017-01-06,6.8,6.97,6.78,6.85
2017-01-09,6.79,6.88,6.73,6.86
2017-01-10,6.85,6.87,6.78,6.79
2017-01-11,6.81,6.83,6.69,6.71
2017-01-12,6.66,6.75,6.58,6.62
2017-01-13,6.58,6.71,6.56,6.58
2017-01-16,6.52,6.56,6.0,6.25
2017-01-17,6.2,6.26,6.04,6.25
2017-01-18,6.24,6.28,6.17,6.2
2017-01-19,6.18,6.27,6.1,6.2
2017-01-20,6.21,6.33,6.12,6.3
2017-01-23,6.32,6.37,6.27,6.32
2017-01-24,6.34,6.34,6.26,6.31
2017-01-25,6.31,6.35,6.27,6.35
2017-01-26,6.32,6.37,6.32,6.35
2017-02-03,6.33,6.38,6.32,6.36
2017-02-06,6.35,6.4,6.32,6.39
2017-02-07,6.38,6.42,6.33,6.4
2017-02-08,6.4,6.57,6.36,6.5
2017-02-09,6.48,6.59,6.48,6.56
2017-02-10,6.56,6.68,6.53,6.66
2017-02-13,6.64,6.65,6.58,6.63
2017-02-14,6.6,6.65,6.56,6.64
2017-02-15,6.64,6.73,6.57,6.57
2017-02-16,6.58,6.82,6.56,6.79
2017-02-17,6.78,6.85,6.64,6.68
2017-02-20,6.68,6.73,6.62,6.72
2017-02-21,6.71,6.79,6.66,6.72
2017-02-22,6.7,6.86,6.7,6.83
2017-02-23,6.81,6.83,6.69,6.73
2017-02-24,6.73,6.8,6.69,6.77
2017-02-27,6.77,6.82,6.62,6.63
2017-02-28,6.66,6.71,6.6,6.67
2017-03-01,6.65,6.76,6.63,6.71
2017-03-02,6.69,6.77,6.6,6.61
2017-03-03,6.6,6.73,6.55,6.72
2017-03-06,6.73,6.85,6.71,6.82
2017-03-07,6.82,7.03,6.77,6.86
2017-03-08,6.85,6.93,6.75,6.79
2017-03-09,6.78,7.03,6.76,6.97
2017-03-10,6.91,6.97,6.82,6.91
2017-03-13,6.91,6.91,6.79,6.9
2017-03-14,6.91,6.91,6.82,6.86
2017-03-15,6.85,6.85,6.68,6.7
2017-03-16,6.71,6.82,6.71,6.8
2017-03-17,6.8,6.86,6.67,6.69
2017-03-20,6.68,6.77,6.65,6.76
2017-03-21,6.74,6.84,6.73,6.8
2017-03-22,6.79,6.84,6.72,6.83
2017-03-23,6.85,6.9,6.71,6.78
2017-03-24,6.85,7.0,6.79,6.85
2017-03-27,6.83,6.85,6.67,6.69
2017-03-28,6.68,6.7,6.55,6.59
2017-03-29,6.59,6.63,6.43,6.45
2017-03-30,6.44,6.46,6.2,6.3
2017-03-31,6.31,6.33,6.27,6.33
2017-04-05,6.31,6.48,6.31,6.45
2017-04-06,6.44,6.55,6.43,6.5
2017-04-07,6.5,6.5,6.41,6.48
2017-04-10,6.47,6.48,6.36,6.39
2017-04-11,6.38,6.5,6.34,6.49
2017-04-12,6.47,6.57,6.44,6.45
2017-04-13,6.45,6.5,6.42,6.46
2017-04-14,6.47,6.51,6.23,6.27
2017-04-17,6.27,6.29,6.09,6.12
2017-04-18,6.15,6.2,6.08,6.11
2017-04-19,6.12,6.15,5.97,6.06
2017-04-20,6.06,6.08,5.92,6.0
2017-04-21,6.01,6.08,5.95,6.06
2017-04-24,6.06,6.06,5.68,5.7
2017-04-25,5.77,5.84,5.67,5.71
2017-04-26,5.7,5.76,5.68,5.71
2017-04-27,5.75,5.78,5.51,5.76
2017-04-28,5.74,5.86,5.73,5.86
2017-05-02,5.81,5.87,5.81,5.83
2017-05-03,5.79,5.85,5.78,5.81
2017-05-04,5.82,5.9,5.76,5.85
2017-05-05,5.85,5.85,5.7,5.75
2017-05-08,5.71,5.75,5.6,5.6
2017-05-09,5.6,5.67,5.54,5.65
2017-05-10,5.65,5.7,5.47,5.52
2017-05-11,5.51,5.52,5.19,5.36
2017-05-12,5.35,5.38,5.25,5.32
2017-05-15,5.35,5.39,5.31,5.37
2017-05-16,5.38,5.55,5.32,5.53
2017-05-17,5.51,5.67,5.51,5.59
2017-05-18,5.53,5.61,5.5,5.56
2017-05-19,5.56,5.59,5.44,5.49
2017-05-22,5.49,5.53,5.24,5.26
2017-05-23,5.24,5.28,5.06,5.08
2017-05-24,5.03,5.19,5.03,5.18
2017-05-25,5.15,5.26,5.1,5.24
2017-05-26,5.23,5.29,5.16,5.24
2017-05-31,5.28,5.32,5.21,5.22
2017-06-01,5.21,5.25,5.02,5.05
2017-06-02,5.05,5.17,4.96,5.12
2017-06-05,5.12,5.23,5.1,5.16
2017-06-06,5.13,5.23,5.11,5.21
2017-06-07,5.22,5.32,5.19,5.3
2017-06-08,5.29,5.33,5.26,5.28
2017-06-09,5.26,5.28,5.17,5.24
2017-06-12,5.2,5.26,5.11,5.13
2017-06-13,5.12,5.24,5.09,5.24
2017-06-14,5.23,5.3,5.2,5.26
2017-06-15,5.22,5.36,5.22,5.32
2017-06-16,5.3,5.38,5.27,5.34
2017-06-19,5.35,5.41,5.3,5.36
2017-06-20,5.37,5.39,5.33,5.34
2017-06-21,5.36,5.38,5.31,5.36
2017-06-22,5.36,5.36,5.23,5.24
2017-06-23,5.22,5.28,5.17,5.24
2017-06-26,5.26,5.32,5.21,5.31
2017-06-27,5.32,5.36,5.27,5.31
2017-06-28,5.27,5.28,5.2,5.22
2017-06-29,5.23,5.3,5.21,5.25
2017-06-30,5.25,5.31,5.21,5.3
2017-07-03,5.3,5.35,5.25,5.34
2017-07-04,5.35,5.35,5.28,5.31
2017-07-05,5.3,5.38,5.29,5.36
2017-07-06,5.37,5.4,5.32,5.38
2017-07-07,5.38,5.39,5.33,5.39
2017-07-10,5.37,5.38,5.32,5.36
2017-07-11,5.34,5.35,5.24,5.25
2017-07-12,5.25,5.28,5.12,5.25
2017-07-13,5.25,5.3,5.18,5.25
2017-07-14,5.27,5.34,5.24,5.33
2017-07-17,5.31,5.33,5.0,5.08
2017-08-01,5.45,5.59,5.34,5.39
2017-08-02,5.34,5.88,5.34,5.66
2017-08-03,5.55,5.58,5.41,5.52
2017-08-04,5.49,5.6,5.41,5.42
2017-08-07,5.4,5.49,5.37,5.46
2017-08-08,5.45,5.48,5.39,5.43
2017-08-09,5.43,5.47,5.38,5.47
2017-08-10,5.45,5.48,5.31,5.34
2017-08-11,5.28,5.3,5.17,5.21
2017-08-14,5.2,5.29,5.19,5.28
2017-08-15,5.28,5.3,5.24,5.26
2017-08-16,5.27,5.33,5.23,5.32
2017-08-17,5.3,5.37,5.27,5.37
2017-08-18,5.32,5.37,5.3,5.34
2017-08-21,5.35,5.39,5.33,5.38
2017-08-22,5.38,5.38,5.28,5.3
2017-08-23,5.31,5.71,5.28,5.46
2017-08-24,5.42,5.46,5.3,5.38
2017-08-25,5.36,5.44,5.33,5.42
2017-08-28,5.42,5.49,5.4,5.47
2017-08-29,5.47,5.49,5.44,5.46
2017-08-30,5.46,5.5,5.45,5.46
2017-08-31,5.46,5.49,5.43,5.48
2017-09-01,5.48,5.59,5.45,5.59
2017-09-04,5.58,5.83,5.53,5.67
2017-09-05,5.64,5.83,5.63,5.78
2017-09-06,5.78,5.9,5.65,5.89
2017-09-07,6.01,6.09,5.78,5.78
2017-09-08,5.73,5.83,5.68,5.7
2017-09-11,5.68,5.79,5.65,5.77
2017-09-12,5.79,5.81,5.71,5.73
2017-09-13,5.71,5.75,5.68,5.74
2017-09-14,5.73,5.74,5.57,5.64
2017-09-15,5.65,5.69,5.6,5.67
2017-09-18,5.63,5.73,5.63,5.69
2017-09-19,5.66,5.83,5.66,5.78
2017-09-20,5.77,5.82,5.73,5.79
2017-09-21,5.76,5.86,5.73,5.73
2017-09-22,5.65,5.72,5.62,5.69
2017-09-25,5.7,5.72,5.56,5.56
2017-09-26,5.64,5.64,5.5,5.56
2017-09-27,5.55,5.67,5.52,5.66
2017-09-28,5.63,5.68,5.6,5.62
2017-09-29,5.67,5.72,5.62,5.71
2017-10-09,5.74,5.78,5.72,5.75
2017-10-10,5.75,5.82,5.72,5.8
2017-10-11,5.82,5.93,5.78,5.82
2017-10-12,5.9,5.92,5.7,5.75
2017-10-13,5.74,5.95,5.71,5.91
2017-10-16,5.87,5.96,5.73,5.85
2017-10-17,5.83,6.02,5.76,5.99
2017-10-18,6.0,6.03,5.87,5.9
2017-10-19,5.9,5.91,5.76,5.81
2017-10-20,5.8,5.94,5.74,5.92
2017-10-23,5.9,6.03,5.89,5.99
2017-10-24,5.99,6.0,5.86,5.88
2017-10-25,5.88,6.05,5.88,6.03
2017-10-26,6.02,6.04,5.95,5.99
2017-10-27,5.98,6.13,5.89,6.09
2017-10-30,6.04,6.2,5.83,6.14
2017-10-31,6.1,6.19,5.96,6.16
2017-11-01,6.16,6.16,6.02,6.04
2017-11-02,6.03,6.23,6.02,6.19
2017-11-03,6.19,6.2,5.89,5.9
2017-11-06,5.88,5.93,5.71,5.89
2017-11-07,5.85,5.91,5.74,5.77
2017-11-08,5.8,5.88,5.77,5.87
2017-11-09,5.85,5.92,5.82,5.91
2017-11-10,5.92,5.95,5.82,5.95
2017-11-13,5.94,5.98,5.75,5.76
2017-11-14,5.8,5.84,5.76,5.77
2017-11-15,5.81,6.35,5.76,6.09
2017-11-16,6.03,6.28,6.03,6.16
2017-11-17,6.11,6.18,5.99,6.0
2017-11-20,6.0,6.0,5.72,5.92
2017-11-21,5.93,6.51,5.92,6.37
2017-11-22,6.29,6.42,6.23,6.36
2017-11-23,6.31,6.34,6.07,6.08
2017-11-24,6.15,6.51,6.11,6.42
2017-11-27,6.35,6.48,6.3,6.34
2017-11-28,6.5,6.65,6.37,6.55
2017-11-29,6.48,6.84,6.45,6.72
2017-11-30,6.65,6.76,6.54,6.75
2017-12-01,6.72,6.75,6.53,6.7
2017-12-04,6.62,6.64,6.42,6.44
2017-12-05,6.45,6.45,5.8,5.8
2017-12-06,5.78,6.09,5.73,6.07
2017-12-07,6.08,6.15,6.0,6.1
2017-12-08,6.05,6.35,6.05,6.27
2017-12-11,6.23,6.31,6.18,6.28
2017-12-12,6.25,6.3,6.09,6.1
2017-12-13,6.01,6.32,6.01,6.31
2017-12-14,6.27,6.62,6.26,6.45
2017-12-15,6.5,6.55,6.33,6.44
2017-12-18,6.42,6.59,6.36,6.45
2017-12-19,6.4,6.51,6.37,6.44
2017-12-20,6.43,6.47,6.11,6.2
2017-12-21,6.19,6.38,6.1,6.29
2017-12-22,6.24,6.39,6.23,6.24
2017-12-25,6.2,6.25,5.83,5.94
2017-12-26,5.94,6.07,5.93,6.02
2017-12-27,6.01,6.45,5.97,6.2
2017-12-28,6.21,6.26,6.11,6.21
2017-12-29,6.21,6.32,6.19,6.23
2018-01-02,6.27,6.4,6.24,6.38
2018-01-03,6.35,6.38,6.24,6.38
2018-01-04,6.32,6.56,6.32,6.5
2018-01-05,6.48,6.63,6.33,6.47
2018-01-08,6.5,6.62,6.42,6.57
2018-01-09,6.56,6.56,6.4,6.44
2018-01-10,6.39,7.01,6.36,6.78
2018-01-11,6.77,6.86,6.64,6.8
2018-01-12,6.75,6.77,6.55,6.64
2018-01-15,6.61,6.64,6.41,6.53
2018-01-16,6.53,6.76,6.5,6.58
2018-01-17,6.51,6.54,6.26,6.39
2018-01-18,6.34,6.42,6.31,6.41
2018-01-19,6.41,6.47,6.22,6.27
2018-01-22,6.24,6.42,6.2,6.42
2018-01-23,6.39,6.47,6.28,6.39
2018-01-24,6.36,6.41,6.26,6.33
2018-01-25,6.28,6.35,6.16,6.17
2018-01-26,6.34,6.55,6.18,6.41
2018-01-29,6.36,6.37,6.1,6.19
2018-01-30,6.23,6.27,6.1,6.17
2018-01-31,6.11,6.26,6.03,6.08
2018-02-01,6.09,6.17,5.57,5.59
2018-02-02,5.59,5.64,5.33,5.42
2018-02-05,5.44,5.44,5.15,5.21
2018-02-06,5.11,5.14,4.9,4.92
2018-02-07,5.01,5.06,4.89,5.0
2018-02-08,5.0,5.18,5.0,5.09
2018-02-09,5.0,5.03,4.82,4.92
2018-02-12,4.96,5.13,4.96,5.06
2018-02-13,5.12,5.15,5.03,5.08
2018-02-14,5.08,5.08,5.01,5.05
2018-02-22,5.09,5.15,5.06,5.14
2018-02-23,5.14,5.16,5.09,5.14
2018-02-26,5.17,5.32,5.11,5.27
2018-02-27,5.28,5.4,5.23,5.27
2018-02-28,5.24,5.36,5.16,5.28
2018-03-01,5.24,5.36,5.21,5.36
2018-03-02,5.3,5.34,5.26,5.3
2018-03-05,5.31,5.32,5.21,5.28
2018-03-06,5.31,5.39,5.24,5.35
2018-03-07,5.33,5.4,5.3,5.31
2018-03-08,5.28,5.34,5.25,5.32
2018-03-09,5.31,5.44,5.28,5.41
2018-03-12,5.43,5.47,5.39,5.47
2018-03-13,5.47,5.47,5.38,5.39
2018-03-14,5.36,5.4,5.32,5.33
2018-03-15,5.31,5.33,5.16,5.21
2018-03-16,5.2,5.3,5.18,5.25
2018-03-19,5.27,5.29,5.16,5.26
2018-03-20,5.37,5.62,5.35,5.42
2018-03-21,5.36,5.42,5.31,5.32
2018-03-22,5.33,5.37,5.25,5.28
2018-03-23,5.17,5.17,4.85,4.9
2018-03-26,4.8,5.01,4.72,4.99
2018-03-27,5.0,5.09,4.99,5.08
2018-03-28,5.01,5.08,4.98,5.01
2018-03-29,5.01,5.08,4.98,5.08
2018-03-30,5.1,5.16,5.07,5.14
2018-04-02,5.18,5.25,5.15,5.24
2018-04-03,5.16,5.18,5.1,5.15
2018-04-04,5.17,5.18,5.06,5.07
2018-04-09,5.04,5.13,5.0,5.11
2018-04-10,5.11,5.32,5.04,5.26
2018-04-11,5.24,5.29,5.22,5.23
2018-04-12,5.25,5.25,5.16,5.18
2018-04-13,5.24,5.33,5.19,5.25
2018-04-16,5.2,5.23,5.09,5.13
2018-04-17,5.13,5.33,5.09,5.24
2018-04-18,5.26,5.4,5.19,5.38
2018-04-19,5.38,5.44,5.29,5.31
2018-04-20,5.28,5.48,5.25,5.37
2018-04-23,5.36,5.37,5.12,5.2
2018-04-24,5.2,5.38,5.14,5.37
2018-04-25,5.32,5.42,5.29,5.34
2018-04-26,5.32,5.34,5.16,5.17
2018-04-27,5.2,5.29,5.14,5.22
2018-05-02,5.16,5.23,4.96,5.01
2018-05-03,5.01,5.09,4.95,5.09
2018-05-04,5.08,5.18,5.03,5.04
2018-05-07,5.07,5.32,5.06,5.31
2018-05-08,5.62,5.84,5.39,5.49
2018-05-09,5.42,5.99,5.35,5.71
2018-05-10,5.66,5.7,5.46,5.57
2018-05-11,5.5,5.55,5.35,5.4
2018-05-14,5.35,5.42,5.25,5.3
2018-05-15,5.29,5.42,5.25,5.41
2018-05-16,5.36,5.64,5.35,5.52
2018-05-17,5.45,5.54,5.38,5.45
2018-05-18,5.47,5.6,5.47,5.51
2018-05-21,5.52,5.61,5.47,5.6
2018-05-22,5.58,5.6,5.5,5.56
2018-05-23,5.56,5.71,5.5,5.51
2018-05-24,5.47,5.52,5.35,5.47
2018-05-25,5.46,5.49,5.31,5.32
2018-05-28,5.33,5.35,5.21,5.23
2018-05-29,5.21,5.26,5.15,5.15
2018-05-30,5.1,5.13,4.92,4.96
2018-05-31,5.0,5.04,4.97,5.03
2018-06-01,5.01,5.03,4.88,4.97
2018-06-04,4.98,5.0,4.85,4.87
2018-06-05,4.92,4.96,4.88,4.95
2018-06-06,4.94,5.02,4.93,4.97
2018-06-07,4.98,5.0,4.93,4.97
2018-06-08,4.91,4.91,4.68,4.75
2018-06-11,4.73,4.85,4.66,4.79
2018-06-12,4.76,4.81,4.7,4.8
2018-06-13,4.78,4.78,4.53,4.57
2018-06-14,4.57,4.61,4.53,4.57
2018-06-15,4.58,4.6,4.34,4.5
2018-06-19,4.43,4.52,4.06,4.18
2018-06-20,4.17,4.35,4.1,4.26
2018-06-21,4.27,4.29,4.08,4.09
2018-06-22,4.08,4.2,4.03,4.17
2018-06-25,4.18,4.21,4.07,4.11
2018-06-26,4.03,4.19,4.03,4.19
2018-06-27,4.2,4.21,4.14,4.17
2018-06-28,4.17,4.2,4.11,4.12
2018-06-29,4.1,4.26,4.1,4.25
2018-07-02,4.25,4.27,4.09,4.14
2018-07-03,4.12,4.29,4.12,4.28
2018-07-04,4.25,4.27,4.14,4.25
2018-07-05,4.23,4.26,4.1,4.11
2018-07-06,4.14,4.23,4.06,4.13
2018-07-09,4.16,4.27,4.15,4.24
2018-07-10,4.24,4.26,4.2,4.25
2018-07-11,4.18,4.18,4.04,4.12
2018-07-12,4.14,4.26,4.12,4.23
2018-07-13,4.23,4.27,4.21,4.25
2018-07-16,4.24,4.27,4.17,4.24
2018-07-17,4.25,4.66,4.2,4.66
2018-07-18,4.7,4.75,4.48,4.51
2018-07-19,4.51,4.52,4.34,4.43
2018-07-20,4.39,4.54,4.36,4.46
2018-07-23,4.4,4.47,4.36,4.47
2018-07-24,4.46,4.56,4.42,4.55
2018-07-25,4.52,4.55,4.46,4.51
2018-07-26,4.51,4.63,4.46,4.55
2018-07-27,4.52,4.7,4.49,4.58
2018-07-30,4.53,4.58,4.36,4.44
2018-07-31,4.48,4.56,4.46,4.54
2018-08-01,4.46,4.52,4.35,4.39
2018-08-02,4.36,4.39,4.02,4.18
2018-08-03,4.17,4.21,4.14,4.16
2018-08-06,4.15,4.18,4.06,4.11
2018-08-07,4.14,4.31,4.11,4.27
2018-08-08,4.25,4.48,4.2,4.29
2018-08-09,4.27,4.4,4.25,4.37
2018-08-10,4.38,4.41,4.3,4.39
2018-08-13,4.32,4.39,4.27,4.37
2018-08-14,4.35,4.46,4.32,4.45
2018-08-15,4.45,4.66,4.43,4.6
2018-08-16,4.51,4.75,4.43,4.47
2018-08-17,4.42,4.49,4.24,4.26
2018-08-20,4.26,4.3,4.1,4.3
2018-08-21,4.25,4.36,4.21,4.29
2018-08-22,4.31,4.31,4.2,4.21
2018-08-23,4.21,4.31,4.19,4.28
2018-08-24,4.25,4.29,4.2,4.23
2018-08-27,4.22,4.4,4.22,4.34
2018-08-28,4.34,4.42,4.31,4.38
2018-08-29,4.39,4.58,4.34,4.35
2018-08-30,4.34,4.44,4.23,4.24
2018-08-31,4.24,4.26,4.19,4.22
2018-09-03,4.23,4.27,4.14,4.26
2018-09-04,4.22,4.38,4.22,4.38
2018-09-05,4.35,4.44,4.28,4.28
2018-09-06,4.27,4.32,4.25,4.26
2018-09-07,4.25,4.34,4.24,4.29
2018-09-10,4.27,4.3,4.21,4.24
2018-09-11,4.23,4.33,4.22,4.31
2018-09-12,4.32,4.38,4.26,4.35
2018-09-13,4.34,4.45,4.33,4.42
2018-09-14,4.38,4.39,4.32,4.35
2018-09-17,4.32,4.32,4.21,4.23
2018-09-18,4.22,4.31,4.21,4.3
2018-09-19,4.3,4.36,4.28,4.34
2018-09-20,4.33,4.37,4.3,4.33
2018-09-21,4.34,4.41,4.31,4.39
2018-09-25,4.35,4.37,4.33,4.36
2018-09-26,4.35,4.42,4.33,4.34
2018-09-27,4.34,4.34,4.22,4.24
2018-09-28,4.23,4.32,4.23,4.29
2018-10-08,4.23,4.25,4.16,4.17
2018-10-09,4.17,4.24,4.15,4.19
2018-10-10,4.18,4.23,4.16,4.2
2018-10-11,4.07,4.11,3.78,3.81
2018-10-12,3.8,3.82,3.54,3.71
2018-10-15,3.65,3.8,3.65,3.7
2018-10-16,3.69,3.73,3.6,3.63
2018-10-17,3.7,3.72,3.6,3.7
2018-10-18,3.63,3.63,3.45,3.48
2018-10-19,3.41,3.54,3.4,3.53
2018-10-22,3.52,3.76,3.52,3.71
2018-10-23,3.7,3.71,3.56,3.6
2018-10-24,3.59,3.78,3.57,3.65
2018-10-25,3.53,3.64,3.47,3.63
2018-10-26,3.64,3.69,3.63,3.67
2018-10-29,3.66,3.66,3.56,3.58
2018-10-30,3.58,3.66,3.54,3.62
2018-10-31,3.6,3.7,3.6,3.67
2018-11-01,3.7,3.73,3.66,3.66
2018-11-02,3.7,3.77,3.69,3.76
2018-11-05,3.75,3.82,3.73,3.81
2018-11-06,3.79,3.82,3.73,3.79
2018-11-07,3.8,3.84,3.75,3.75
2018-11-08,3.8,3.83,3.76,3.78
2018-11-09,3.77,3.8,3.72,3.74
2018-11-12,3.75,3.91,3.75,3.88
2018-11-13,3.85,4.02,3.82,3.98
2018-11-14,4.0,4.04,3.94,3.96
2018-11-15,4.0,4.01,3.93,4.0
2018-11-16,4.03,4.07,3.96,4.03
2018-11-19,4.0,4.05,3.98,4.03
2018-11-20,4.01,4.03,3.87,3.88
2018-11-21,3.84,3.98,3.83,3.97
2018-11-22,4.0,4.0,3.89,3.95
2018-11-23,3.99,4.0,3.75,3.75
2018-11-26,3.74,3.81,3.72,3.76
2018-11-27,3.79,3.83,3.74,3.8
2018-11-28,3.8,3.83,3.68,3.82
2018-11-29,3.82,3.85,3.69,3.71
2018-11-30,3.7,3.75,3.62,3.75
2018-12-03,3.82,3.9,3.79,3.86
2018-12-04,3.84,4.01,3.83,3.94
2018-12-05,3.82,3.95,3.81,3.93
2018-12-06,3.92,3.97,3.86,3.88
2018-12-07,3.87,3.92,3.85,3.89
2018-12-10,3.83,3.89,3.75,3.81
2018-12-11,3.86,3.86,3.8,3.84
2018-12-12,3.83,3.87,3.81,3.83
2018-12-13,3.83,3.9,3.82,3.85
2018-12-14,3.84,3.88,3.7,3.75
2018-12-17,3.69,3.77,3.67,3.72
2018-12-18,3.69,3.72,3.62,3.66
2018-12-19,3.69,3.69,3.6,3.64
2018-12-20,3.62,3.64,3.56,3.61
2018-12-21,3.6,3.61,3.54,3.57
2018-12-24,3.57,3.6,3.53,3.59
2018-12-25,3.55,3.56,3.43,3.54
2018-12-26,3.52,3.54,3.49,3.5
2018-12-27,3.57,3.58,3.46,3.49
2018-12-28,3.46,3.52,3.46,3.47
2019-01-02,3.49,3.49,3.42,3.49
2019-01-03,3.48,3.55,3.46,3.53
2019-01-04,3.48,3.65,3.47,3.62
2019-01-07,3.62,3.69,3.6,3.68
2019-01-08,3.67,3.7,3.64,3.67
2019-01-09,3.69,3.75,3.66,3.67
2019-01-10,3.71,3.77,3.68,3.7
2019-01-11,3.71,3.78,3.69,3.73
2019-01-14,3.72,3.78,3.7,3.73
2019-01-15,3.73,3.77,3.72,3.76
2019-01-16,3.76,3.79,3.69,3.71
2019-01-17,3.74,3.74,3.63,3.67
2019-01-18,3.69,3.74,3.67,3.72
2019-01-21,3.73,3.79,3.72,3.75
2019-01-22,3.75,3.78,3.68,3.73
2019-01-23,3.72,3.75,3.68,3.75
2019-01-24,3.76,3.84,3.69,3.78
2019-01-25,3.77,3.78,3.67,3.67
2019-01-28,3.7,3.72,3.64,3.65
2019-01-29,3.64,3.67,3.46,3.55
2019-01-30,3.55,3.59,3.51,3.51
2019-01-31,3.55,3.55,3.29,3.39
2019-02-01,3.42,3.5,3.4,3.49
2019-02-11,3.5,3.58,3.44,3.57
2019-02-12,3.55,3.68,3.55,3.67
2019-02-13,3.73,4.03,3.72,3.94
2019-02-14,3.89,3.91,3.82,3.84
2019-02-15,3.83,3.92,3.81,3.86
2019-02-18,3.91,4.23,3.88,4.06
2019-02-19,4.09,4.11,4.01,4.08
2019-02-20,4.07,4.08,3.95,4.02
2019-02-21,4.02,4.18,4.0,4.02
2019-02-22,4.01,4.07,3.95,4.06
2019-02-25,4.06,4.26,4.04,4.23
2019-02-26,4.21,4.29,4.18,4.22
2019-02-27,4.22,4.27,4.09,4.14
2019-02-28,4.13,4.2,4.1,4.18
2019-03-01,4.21,4.21,4.06,4.14
2019-03-04,4.15,4.25,4.14,4.17
2019-03-05,4.17,4.34,4.13,4.32
2019-03-06,4.34,4.43,4.25,4.43
2019-03-07,4.42,4.54,4.37,4.49
2019-03-08,4.38,4.53,4.27,4.29
2019-03-11,4.32,4.56,4.32,4.55
2019-03-12,4.62,4.73,4.47,4.58
2019-03-13,4.56,4.6,4.39,4.43
2019-03-14,4.37,4.46,4.23,4.28
2019-03-15,4.3,4.39,4.28,4.33
2019-03-18,4.35,4.45,4.34,4.45
2019-03-19,4.46,4.5,4.4,4.44
2019-03-20,4.44,4.54,4.39,4.48
2019-03-21,4.44,4.56,4.43,4.54
2019-03-22,4.52,4.57,4.43,4.56
2019-03-25,4.47,4.54,4.44,4.48
2019-03-26,4.51,4.53,4.3,4.35
2019-03-27,4.37,4.4,4.28,4.4
2019-03-28,4.29,4.32,4.1,4.12
2019-03-29,4.12,4.24,4.08,4.22
2019-04-01,4.23,4.44,4.23,4.42
2019-04-02,4.45,4.68,4.41,4.61
2019-04-03,4.51,4.88,4.46,4.8
2019-04-04,4.97,5.28,4.97,5.28
2019-04-08,5.81,5.81,5.81,5.81
2019-04-09,5.6,5.6,5.23,5.28
2019-04-10,5.11,5.19,4.98,5.06
2019-04-11,5.0,5.05,4.88,4.9
2019-04-12,4.86,4.95,4.79,4.82
2019-04-15,4.9,4.92,4.76,4.77
2019-04-16,4.77,4.9,4.7,4.9
2019-04-17,4.88,5.12,4.86,5.03
2019-04-18,5.02,5.03,4.9,4.94
2019-04-19,4.92,4.92,4.79,4.9
2019-04-22,4.9,4.93,4.76,4.81
2019-04-23,4.81,4.84,4.7,4.76
2019-04-24,4.78,4.82,4.7,4.81
2019-04-25,4.8,4.8,4.41,4.41
2019-04-26,4.37,4.47,4.29,4.34
2019-04-29,4.34,4.39,4.06,4.09
2019-04-30,4.07,4.19,4.07,4.16
2019-05-06,4.06,4.06,3.77,3.84
2019-05-07,3.86,3.95,3.81,3.88
2019-05-08,3.83,3.93,3.74,3.88
2019-05-09,3.82,3.98,3.81,3.97
2019-05-10,3.93,4.37,3.93,4.37
2019-05-13,4.4,4.4,4.11,4.22
2019-05-14,4.16,4.35,4.11,4.18
2019-05-15,4.33,4.36,4.16,4.21
2019-05-16,4.15,4.23,4.15,4.2
2019-05-17,4.2,4.21,3.97,4.01
2019-05-20,3.98,4.09,3.9,4.09
2019-05-21,4.06,4.16,4.02,4.13
2019-05-22,4.1,4.15,4.0,4.07
2019-05-23,4.06,4.07,3.85,3.93
2019-05-24,3.89,3.95,3.87,3.91
2019-05-27,3.93,4.17,3.87,4.15
2019-05-28,4.13,4.2,4.1,4.12
2019-05-29,4.1,4.17,4.1,4.17
2019-05-30,4.13,4.18,4.1,4.17
2019-05-31,4.16,4.22,4.11,4.12
2019-06-03,4.11,4.16,3.99,4.01
2019-06-04,3.95,4.01,3.9,3.94
2019-06-05,3.96,4.01,3.89,3.9
2019-06-06,3.93,3.94,3.76,3.79
2019-06-10,3.78,3.86,3.77,3.85
2019-06-11,3.86,4.01,3.84,4.0
2019-06-12,3.99,4.02,3.94,3.95
2019-06-13,3.97,4.05,3.93,4.05
2019-06-14,4.04,4.05,3.88,3.89
2019-06-17,3.89,3.95,3.86,3.94
2019-06-18,3.95,3.95,3.89,3.94
2019-06-19,4.0,4.09,3.96,3.97
2019-06-20,3.98,4.07,3.94,4.05
2019-06-21,4.06,4.14,4.05,4.12
2019-06-24,4.11,4.14,4.08,4.11
2019-06-25,4.12,4.12,4.0,4.07
2019-06-26,4.06,4.13,4.03,4.11
2019-06-27,4.15,4.15,4.08,4.1
2019-06-28,4.09,4.1,3.95,3.99
2019-07-01,4.05,4.16,4.02,4.15
2019-07-02,4.16,4.16,4.09,4.12
2019-07-03,4.11,4.14,4.03,4.06
2019-07-04,4.09,4.09,4.04,4.06
2019-07-05,4.06,4.09,4.04,4.07
2019-07-08,4.08,4.08,3.86,3.88
2019-07-09,3.9,3.93,3.86,3.92
2019-07-10,3.93,3.94,3.86,3.88
2019-07-11,3.9,3.95,3.85,3.89
2019-07-12,3.86,3.95,3.86,3.93
2019-07-15,3.91,3.99,3.87,3.97
2019-07-16,3.97,4.01,3.94,4.0
2019-07-17,4.01,4.4,3.98,4.27
2019-07-18,4.11,4.2,4.06,4.09
2019-07-19,4.12,4.15,4.02,4.03
2019-07-22,4.07,4.07,3.86,3.87
2019-07-23,3.88,3.95,3.86,3.92
2019-07-24,3.93,4.0,3.92,3.99
2019-07-25,3.97,4.16,3.97,4.05
2019-07-26,4.05,4.09,4.0,4.04
2019-07-29,4.2,4.34,4.08,4.11
2019-07-30,4.14,4.18,4.08,4.11
2019-07-31,4.08,4.09,4.01,4.04
2019-08-01,4.03,4.06,4.0,4.03
2019-08-02,3.93,3.96,3.88,3.92
2019-08-05,3.9,3.95,3.89,3.9
2019-08-06,3.8,3.86,3.69,3.79
2019-08-07,3.83,3.84,3.71,3.75
2019-08-08,3.74,3.8,3.74,3.77
2019-08-09,3.8,3.81,3.74,3.75
2019-08-12,3.72,3.89,3.72,3.84
2019-08-13,3.8,3.84,3.76,3.81
2019-08-14,3.84,3.88,3.81,3.82
2019-08-15,3.71,3.8,3.68,3.79
2019-08-16,3.77,3.85,3.77,3.8
2019-08-19,3.84,3.93,3.81,3.93
2019-08-20,3.9,3.96,3.89,3.91
2019-08-21,3.91,3.95,3.89,3.93
2019-08-22,3.93,3.96,3.91,3.96
2019-08-23,3.96,3.98,3.91,3.94
2019-08-26,3.85,3.89,3.82,3.88
2019-08-27,3.89,3.95,3.87,3.94
2019-08-28,3.96,3.96,3.91,3.93
2019-08-29,3.93,3.97,3.92,3.95
2019-08-30,3.98,3.98,3.82,3.85
2019-09-02,3.84,3.94,3.83,3.93
2019-09-03,3.91,3.96,3.91,3.96
2019-09-04,3.94,4.04,3.93,4.0
2019-09-05,4.04,4.07,4.01,4.02
2019-09-06,4.03,4.1,4.0,4.04
2019-09-09,4.05,4.19,4.03,4.18
2019-09-10,4.16,4.21,4.08,4.17
2019-09-11,4.19,4.34,4.12,4.15
2019-09-12,4.17,4.19,4.11,4.15
2019-09-16,4.18,4.18,4.13,4.14
2019-09-17,4.14,4.15,4.0,4.02
2019-09-18,4.02,4.05,3.99,4.02
2019-09-19,4.03,4.07,3.97,4.07
2019-09-20,4.03,4.07,4.01,4.02
2019-09-23,4.03,4.03,3.93,3.96
2019-09-24,3.96,4.1,3.96,4.07
2019-09-25,4.1,4.19,4.04,4.06
2019-09-26,4.19,4.19,3.86,3.94
2019-09-27,3.88,3.94,3.85,3.9
2019-09-30,3.9,3.92,3.82,3.83
2019-10-08,3.83,3.88,3.83,3.85
2019-10-09,3.83,3.88,3.8,3.88
2019-10-10,3.87,3.99,3.85,3.94
2019-10-11,3.9,3.97,3.89,3.95
2019-10-14,3.96,4.02,3.96,4.01
2019-10-15,4.0,4.03,3.96,4.0
2019-10-16,4.02,4.04,3.95,3.96
2019-10-17,3.94,3.98,3.9,3.91
2019-10-18,3.92,4.3,3.91,4.3
2019-10-21,4.2,4.48,4.14,4.34
2019-10-22,4.24,4.65,4.21,4.54
2019-10-23,4.47,4.66,4.36,4.41
2019-10-24,4.37,4.44,4.28,4.44
2019-10-25,4.4,4.43,4.28,4.31
2019-10-28,4.25,4.38,4.15,4.33
2019-10-29,4.26,4.32,4.19,4.21
2019-10-30,4.21,4.3,4.13,4.14
2019-10-31,4.13,4.19,4.12,4.17
2019-11-01,4.17,4.24,4.14,4.21
2019-11-04,4.23,4.29,4.18,4.23
2019-11-05,4.23,4.23,4.13,4.19
2019-11-06,4.15,4.18,4.02,4.05
2019-11-07,4.05,4.14,4.05,4.13
2019-11-08,4.14,4.16,4.03,4.03
2019-11-11,3.99,4.06,3.91,3.97
2019-11-12,3.93,3.98,3.9,3.97
2019-11-13,3.95,3.95,3.91,3.93
2019-11-14,3.93,3.96,3.91,3.96
2019-11-15,3.96,3.96,3.85,3.85
2019-11-18,3.85,3.9,3.82,3.87
2019-11-19,3.89,3.93,3.88,3.92
2019-11-20,3.92,3.92,3.86,3.86
2019-11-21,3.85,3.89,3.82,3.89
2019-11-22,3.87,3.93,3.84,3.87
2019-11-25,3.83,3.9,3.83,3.89
2019-11-26,3.89,3.93,3.86,3.9
2019-11-27,3.91,3.94,3.87,3.92
2019-11-28,3.92,3.95,3.85,3.86
2019-11-29,3.86,3.89,3.84,3.88
2019-12-02,3.89,3.9,3.87,3.88
2019-12-03,3.84,3.9,3.83,3.9
2019-12-04,3.89,3.92,3.86,3.91
2019-12-05,3.93,3.95,3.9,3.93
2019-12-06,3.92,3.95,3.9,3.93
2019-12-09,3.93,3.95,3.92,3.94
2019-12-10,3.93,3.95,3.89,3.94
2019-12-11,3.96,4.06,3.93,3.97
2019-12-12,3.96,4.09,3.94,4.07
2019-12-13,4.09,4.17,4.04,4.11
2019-12-16,4.11,4.25,4.08,4.21
2019-12-17,4.2,4.28,4.19,4.22
2019-12-18,4.21,4.25,4.15,4.18
2019-12-19,4.18,4.22,4.16,4.21
2019-12-20,4.22,4.29,4.17,4.23
2019-12-23,4.18,4.2,4.08,4.08
2019-12-24,4.1,4.21,4.06,4.21
2019-12-25,4.21,4.44,4.16,4.29
2019-12-26,4.3,4.42,4.27,4.34
2019-12-27,4.41,4.49,4.28,4.37
2019-12-30,4.3,4.35,4.19,4.34
2019-12-31,4.31,4.34,4.24,4.26
2020-01-02,4.31,4.38,4.28,4.35
2020-01-03,4.36,4.38,4.31,4.35
2020-01-06,4.3,4.41,4.28,4.35
2020-01-07,4.38,4.43,4.34,4.41
2020-01-08,4.38,4.39,4.26,4.27
2020-01-09,4.32,4.47,4.3,4.43
2020-01-10,4.45,4.46,4.36,4.39
2020-01-13,4.4,4.55,4.35,4.52
2020-01-14,4.52,4.56,4.44,4.48
2020-01-15,4.49,4.53,4.38,4.43
2020-01-16,4.44,4.47,4.36,4.38
2020-01-17,4.42,4.55,4.39,4.42
2020-01-20,4.41,4.65,4.39,4.62
2020-01-21,4.62,4.62,4.46,4.5
2020-01-22,4.49,4.58,4.37,4.55
2020-01-23,4.52,4.65,4.21,4.39
2020-02-03,3.95,3.97,3.95,3.95
2020-02-04,3.81,3.98,3.81,3.93
2020-02-05,3.93,4.07,3.92,4.01
2020-02-06,3.99,4.13,3.99,4.08
2020-02-07,4.07,4.17,4.05,4.15
2020-02-10,4.12,4.2,4.1,4.19
2020-02-11,4.19,4.24,4.14,4.17
2020-02-12,4.18,4.48,4.12,4.42
2020-02-13,4.34,4.82,4.26,4.69
2020-02-14,4.64,4.7,4.51,4.54
2020-02-17,4.52,4.76,4.5,4.67
2020-02-18,4.69,4.87,4.61,4.77
2020-02-19,4.77,4.98,4.7,4.79
2020-02-20,4.79,4.87,4.67,4.8
2020-02-21,4.79,5.07,4.75,4.96
2020-02-24,4.91,5.14,4.84,5.06
2020-02-25,4.88,5.02,4.69,4.97
2020-02-26,4.85,4.94,4.74,4.78
2020-02-27,4.81,4.83,4.63,4.77
2020-02-28,4.53,4.71,4.35,4.38
2020-03-02,4.44,4.65,4.42,4.6
2020-03-03,4.67,4.87,4.65,4.79
2020-03-18,5.27,5.27,5.27,5.27
2020-03-19,5.8,5.8,5.57,5.8
2020-03-20,5.98,6.08,5.22,5.22
2020-03-23,4.83,4.89,4.7,4.7
2020-03-24,4.69,4.73,4.25,4.41
2020-03-25,4.47,4.56,4.43,4.53
2020-03-26,4.44,4.47,4.31,4.31
2020-03-27,4.37,4.47,4.33,4.33
2020-03-30,4.26,4.28,4.17,4.24
2020-03-31,4.3,4.3,4.21,4.22
2020-04-01,4.21,4.31,4.17,4.23
2020-04-02,4.2,4.35,4.18,4.35
2020-04-03,4.31,4.33,4.23,4.26
2020-04-07,4.31,4.38,4.31,4.38
2020-04-08,4.36,4.51,4.34,4.49
2020-04-09,4.49,4.52,4.44,4.44
2020-04-10,4.44,4.44,4.28,4.3
2020-04-13,4.25,4.35,4.21,4.35
2020-04-14,4.36,4.43,4.34,4.42
2020-04-15,4.4,4.44,4.33,4.35
2020-04-16,4.33,4.37,4.3,4.35
2020-04-17,4.39,4.41,4.3,4.31
2020-04-20,4.36,4.36,4.28,4.33
2020-04-21,4.33,4.33,4.23,4.27
2020-04-22,4.26,4.35,4.23,4.35
2020-04-23,4.41,4.47,4.36,4.38
2020-04-24,4.37,4.43,4.27,4.36
2020-04-27,4.35,4.37,4.23,4.24
2020-04-28,4.26,4.3,4.08,4.26
2020-04-29,4.24,4.29,4.22,4.23
2020-04-30,4.25,4.43,4.24,4.41
2020-05-06,4.37,4.47,4.36,4.47
2020-05-07,4.46,4.54,4.39,4.39
2020-05-08,4.41,4.65,4.41,4.61
2020-05-11,4.61,4.77,4.56,4.73
2020-05-12,4.68,4.72,4.59,4.62
2020-05-13,4.61,4.69,4.6,4.63
2020-05-14,4.59,4.59,4.52,4.56
2020-05-15,4.57,4.74,4.57,4.74
2020-05-18,4.78,4.86,4.66,4.69
2020-05-19,4.7,4.92,4.67,4.91
2020-05-20,4.89,4.95,4.79,4.82
2020-05-21,4.79,4.87,4.7,4.72
2020-05-22,4.7,4.78,4.58,4.64
2020-05-25,4.72,4.75,4.64,4.69
2020-05-26,4.7,4.79,4.68,4.79
2020-05-27,4.77,4.79,4.62,4.64
2020-05-28,4.65,4.67,4.5,4.55
2020-05-29,4.53,4.71,4.52,4.64
2020-06-01,4.64,4.82,4.61,4.8
2020-06-02,4.8,4.9,4.77,4.84
2020-06-03,4.88,5.31,4.8,4.95
2020-06-04,4.95,5.45,4.94,5.3
2020-06-05,5.2,5.21,5.06,5.15
2020-06-08,5.16,5.55,5.08,5.43
2020-06-09,5.28,5.35,5.18,5.21
2020-06-10,5.18,5.18,5.01,5.1
2020-06-11,5.1,5.19,5.05,5.12
2020-06-12,5.0,5.13,4.96,5.07
2020-06-15,5.06,5.21,4.98,5.0
2020-06-16,5.04,5.15,5.01,5.15
2020-06-17,5.17,5.21,5.06,5.12
2020-06-18,5.08,5.11,4.97,5.01
2020-06-19,5.0,5.04,4.96,5.02
2020-06-22,5.01,5.06,4.9,4.92
2020-06-23,4.92,5.14,4.89,5.12
2020-06-24,5.12,5.15,4.99,5.07
2020-06-29,5.03,5.05,4.93,4.96
2020-06-30,4.94,5.01,4.92,5.01
2020-07-01,5.0,5.01,4.87,4.91
2020-07-02,4.9,4.99,4.84,4.97
2020-07-03,4.97,5.07,4.95,5.05
2020-07-06,5.08,5.22,5.06,5.21
2020-07-07,5.21,5.37,5.14,5.27
2020-07-08,5.27,5.42,5.22,5.41
2020-07-09,5.41,5.48,5.34,5.46
2020-07-10,5.45,5.68,5.36,5.52
2020-07-13,5.52,5.73,5.45,5.67
2020-07-14,5.65,5.72,5.43,5.56
2020-07-15,5.57,5.57,5.3,5.36
2020-07-16,5.36,5.45,5.1,5.12
2020-07-17,5.12,5.25,5.1,5.17
2020-07-20,5.22,5.38,5.18,5.38
2020-07-21,5.37,5.48,5.3,5.48
2020-07-22,5.48,5.52,5.4,5.43
2020-07-23,5.59,5.71,5.45,5.65
2020-07-24,5.62,5.64,5.25,5.27
2020-07-27,5.28,5.31,5.16,5.23
2020-07-28,5.26,5.32,5.18,5.23
2020-07-29,5.23,5.45,5.15,5.43
2020-07-30,5.45,5.55,5.4,5.41
2020-07-31,5.4,5.48,5.33,5.45
2020-08-03,5.51,5.65,5.45,5.63
2020-08-04,5.69,5.73,5.56,5.65
2020-08-05,5.65,5.75,5.55,5.72
2020-08-06,5.71,5.73,5.53,5.6
2020-08-07,5.57,5.6,5.37,5.54
2020-08-10,5.49,5.63,5.47,5.58
2020-08-11,5.62,5.62,5.43,5.44
2020-08-12,5.4,5.72,5.39,5.71
2020-08-13,5.7,5.78,5.58,5.63
2020-08-14,5.65,6.0,5.59,5.82
2020-08-17,5.84,6.04,5.74,6.0
2020-08-18,5.9,5.95,5.84,5.91
2020-08-19,5.86,5.89,5.71,5.75
2020-08-20,5.7,5.77,5.67,5.67
2020-08-21,5.69,5.75,5.61,5.71
2020-08-24,5.71,5.88,5.65,5.84
2020-08-25,5.82,5.93,5.76,5.8
2020-08-26,5.77,5.83,5.6,5.78
2020-08-27,5.82,5.93,5.76,5.89
2020-08-28,5.88,5.92,5.8,5.91
2020-08-31,5.94,5.96,5.78,5.8
2020-09-01,5.79,5.87,5.75,5.87
2020-09-02,5.9,5.91,5.76,5.81
2020-09-03,5.92,6.01,5.83,5.91
2020-09-04,5.83,5.99,5.72,5.97
2020-09-07,5.95,6.07,5.87,5.93
2020-09-08,6.01,6.01,5.85,5.9
2020-09-10,5.7,5.79,5.31,5.31
2020-09-11,5.18,5.34,5.13,5.3
2020-09-14,5.35,5.38,5.25,5.33
2020-09-15,5.34,5.35,5.05,5.12
2020-09-16,5.13,5.18,5.04,5.09
2020-09-17,5.09,5.17,5.03,5.14
2020-09-18,5.14,5.18,5.07,5.17
2020-09-21,5.18,5.19,5.08,5.11
2020-09-22,5.06,5.1,4.99,5.03
2020-09-23,5.05,5.05,4.99,5.04
2020-09-24,4.98,5.01,4.86,4.95
2020-09-25,4.97,4.97,4.86,4.9
2020-09-28,4.88,4.91,4.81,4.82
2020-09-29,4.82,4.93,4.82,4.87
2020-09-30,4.86,4.92,4.82,4.87
2020-10-09,4.94,5.01,4.92,5.01
2020-10-12,5.01,5.16,5.01,5.14
2020-10-13,5.26,5.26,5.16,5.2
2020-10-14,5.19,5.2,5.11,5.15
2020-10-15,5.15,5.21,5.12,5.17
2020-10-16,5.18,5.2,5.11,5.15
2020-10-19,5.15,5.19,5.06,5.08
2020-10-20,5.07,5.17,5.04,5.16
2020-10-21,5.16,5.22,5.12,5.16
2020-10-22,5.16,5.17,5.09,5.15
2020-10-23,5.15,5.17,5.09,5.12
2020-10-26,5.1,5.13,5.04,5.13
2020-10-27,5.1,5.12,5.02,5.09
2020-10-28,5.09,5.13,4.99,5.11
2020-10-29,5.08,5.17,5.02,5.07
2020-10-30,5.1,5.1,4.88,4.9
2020-11-02,4.92,5.02,4.88,4.99
2020-11-03,5.04,5.49,5.04,5.49
2020-11-04,5.49,5.67,5.4,5.67
2020-11-05,5.69,5.75,5.57,5.66
2020-11-06,5.72,5.92,5.66,5.78
2020-11-09,6.19,6.32,5.92,6.14
2020-11-10,6.13,6.22,5.95,6.04
2020-11-11,6.1,6.12,5.75,5.79
2020-11-12,5.89,5.93,5.75,5.88
2020-11-13,5.81,6.47,5.77,6.1
2020-11-16,6.18,6.44,6.07,6.26
2020-11-17,6.44,6.69,6.25,6.49
2020-11-18,6.57,6.91,6.51,6.75
2020-11-19,6.64,6.71,6.23,6.35
2020-11-20,6.38,6.75,6.26,6.55
2020-11-23,6.52,6.53,6.16,6.28
2020-11-24,6.49,6.5,6.07,6.11
2020-11-25,6.2,6.28,5.95,6.12
2020-11-26,6.08,6.11,5.83,5.85
2020-11-27,5.87,5.95,5.77,5.91
2020-11-30,5.88,5.95,5.79,5.84
2020-12-01,5.81,5.9,5.81,5.85
2020-12-02,5.82,6.05,5.76,6.04
2020-12-03,6.04,6.09,5.87,5.88
2020-12-04,5.89,6.47,5.81,6.28
2020-12-07,6.33,6.57,6.22,6.24
2020-12-08,6.37,6.45,6.23,6.4
2020-12-09,6.36,6.36,5.97,5.98
2020-12-10,6.07,6.08,5.81,5.83
2020-12-11,5.82,5.87,5.55,5.62
2020-12-14,5.62,5.72,5.57,5.66
2020-12-15,5.64,5.66,5.57,5.59
2020-12-16,5.61,5.66,5.44,5.44
2020-12-17,5.47,5.56,5.29,5.52
2020-12-18,5.51,5.56,5.42,5.44
2020-12-21,5.46,5.72,5.45,5.65
2020-12-22,5.63,5.65,5.35,5.38
2020-12-23,5.39,5.45,5.33,5.37
2020-12-24,5.37,5.41,5.19,5.22
2020-12-25,5.26,5.35,5.19,5.32
2020-12-28,5.32,5.32,5.1,5.11
2020-12-29,5.1,5.24,5.1,5.12
2020-12-30,5.11,5.24,5.05,5.21
2020-12-31,5.18,5.32,5.18,5.3
2021-01-04,5.29,5.33,5.22,5.3
2021-01-05,5.28,5.32,5.22,5.32
2021-01-06,5.29,5.34,5.06,5.15
2021-01-07,5.13,5.13,4.91,4.96
2021-01-08,4.95,5.03,4.86,4.91
2021-01-11,4.9,4.91,4.62,4.62
2021-01-12,4.62,4.71,4.55,4.61
2021-01-13,4.61,4.61,4.43,4.52
2021-01-14,4.58,4.85,4.53,4.79
2021-01-15,4.77,4.99,4.71,4.84
2021-01-18,4.85,5.08,4.84,5.04
2021-01-19,5.05,5.13,4.99,5.04
2021-01-20,5.17,5.31,5.06,5.24
2021-01-21,5.22,5.25,5.14,5.15
2021-01-22,5.14,5.36,5.13,5.17
2021-01-25,5.23,5.32,5.02,5.06
2021-01-26,5.01,5.17,5.01,5.07
2021-01-27,5.08,5.09,4.87,4.9
2021-01-28,4.82,4.94,4.77,4.8
2021-01-29,4.81,4.9,4.72,4.84
2021-02-01,4.84,5.05,4.76,5.02
2021-02-02,5.03,5.14,4.97,5.07
2021-02-03,5.08,5.13,4.98,5.12
2021-02-04,5.07,5.11,4.77,4.88
2021-02-05,4.92,4.93,4.58,4.65
2021-02-08,4.64,4.87,4.51,4.81
2021-02-09,4.88,4.99,4.8,4.99
2021-02-10,4.95,5.05,4.93,4.97
2021-02-18,5.04,5.15,5.01,5.12
2021-02-19,5.1,5.3,5.1,5.27
2021-02-22,5.37,5.63,5.34,5.47
2021-02-23,5.78,5.83,5.52,5.67
2021-02-24,5.6,5.75,5.59,5.62
2021-02-25,5.76,5.84,5.6,5.66
2021-02-26,5.75,6.0,5.7,5.93
2021-03-01,5.95,6.02,5.77,6.02
2021-03-02,6.0,6.08,5.95,6.04
2021-03-03,5.96,6.55,5.95,6.43
2021-03-04,6.46,6.68,6.28,6.34
2021-03-05,6.29,6.5,6.28,6.47
2021-03-08,6.51,6.53,6.38,6.43
2021-03-09,6.48,6.5,6.12,6.28
2021-03-10,6.45,6.53,6.26,6.29
2021-03-11,6.38,6.47,6.17,6.45
2021-03-12,6.46,6.74,6.42,6.61
2021-03-15,6.62,6.78,6.56,6.76
2021-03-16,6.74,6.74,6.27,6.37
2021-03-17,6.3,6.37,6.13,6.28
2021-03-18,6.26,6.35,6.19,6.35
2021-03-19,6.3,6.38,6.22,6.34
2021-03-22,6.33,6.68,6.2,6.4
2021-03-23,6.4,6.43,6.13,6.15
2021-03-24,6.15,6.17,5.89,5.89
2021-03-25,5.88,6.01,5.85,5.92
2021-03-26,5.88,6.09,5.88,6.04
2021-03-29,6.14,6.64,6.07,6.64
2021-03-30,6.62,6.72,6.5,6.72
2021-03-31,6.72,6.75,6.59,6.66
2021-04-01,6.64,6.73,6.54,6.63
2021-04-02,6.66,6.97,6.63,6.71
2021-04-06,6.71,7.05,6.71,6.94
2021-04-07,6.9,7.01,6.8,6.96
2021-04-08,7.15,7.66,7.04,7.53
2021-04-09,7.48,7.71,7.25,7.34
2021-04-12,7.46,8.07,7.45,8.07
2021-04-13,7.8,8.19,7.68,7.75
2021-04-14,7.92,8.0,7.61,7.73
2021-04-15,7.75,7.87,7.48,7.59
2021-04-16,7.68,7.85,7.52,7.55
2021-04-19,7.62,7.82,7.35,7.39
2021-04-20,7.42,7.76,7.27,7.47
2021-04-21,7.43,7.49,7.19,7.44
2021-04-22,7.56,7.61,7.31,7.53
2021-04-23,7.61,7.97,7.42,7.78
2021-04-26,7.0,7.07,7.0,7.0
2021-04-27,6.65,6.88,6.3,6.3
2021-04-28,6.3,6.36,6.2,6.21
2021-04-29,6.2,6.28,6.12,6.22
2021-04-30,6.23,6.28,6.08,6.23
2021-05-06,6.3,6.48,6.12,6.36
2021-05-07,6.28,6.55,6.27,6.45
2021-05-10,6.42,6.51,6.29,6.35
2021-05-11,6.33,6.39,6.22,6.28
2021-05-12,6.27,6.33,6.2,6.29
2021-05-13,6.23,6.33,6.13,6.14
2021-05-14,6.13,6.25,6.1,6.22
2021-05-17,6.28,6.33,6.13,6.14
2021-05-18,6.13,6.18,6.01,6.14
2021-05-19,6.13,6.13,6.03,6.04
2021-05-20,6.02,6.08,5.87,5.92
2021-05-21,5.9,6.07,5.89,6.0
2021-05-24,6.0,6.06,5.95,6.01
2021-05-25,5.99,6.03,5.91,6.01
2021-05-26,6.0,6.22,5.96,6.08
2021-05-27,6.07,6.27,6.06,6.21
2021-05-28,6.22,6.25,6.09,6.16
2021-05-31,6.16,6.19,6.09,6.13
2021-06-01,6.15,6.21,6.1,6.2
2021-06-02,6.2,6.24,6.14,6.16
2021-06-03,6.15,6.22,6.1,6.1
2021-06-04,6.1,6.17,6.07,6.14
2021-06-07,6.14,6.4,6.14,6.37
2021-06-08,6.32,6.44,6.27,6.34
2021-06-09,6.42,6.42,6.28,6.35
2021-06-10,6.35,6.42,6.3,6.38
2021-06-11,6.38,6.46,6.27,6.3
2021-06-15,6.32,6.42,6.24,6.36
2021-06-16,6.1,6.15,5.77,5.78
2021-06-17,5.75,6.17,5.74,6.12
2021-06-18,6.08,6.13,6.0,6.08
2021-06-21,6.05,6.59,6.04,6.54
2021-06-22,6.54,6.64,6.42,6.44
2021-06-23,6.46,6.64,6.43,6.58
2021-06-24,6.59,6.63,6.46,6.52
2021-06-25,6.54,6.59,6.39,6.49
2021-06-28,6.5,6.52,6.4,6.45
2021-06-29,6.46,6.75,6.46,6.55
2021-06-30,6.58,6.85,6.58,6.8
2021-07-01,6.73,6.78,6.42,6.46
2021-07-02,6.48,6.65,6.36,6.52
2021-07-05,6.58,6.68,6.48,6.67
2021-07-06,6.68,6.68,6.43,6.55
2021-07-07,6.54,6.58,6.44,6.54
2021-07-08,6.54,6.54,6.39,6.4
2021-07-09,6.4,6.63,6.35,6.58
2021-07-12,6.82,7.24,6.74,7.07
2021-07-13,7.03,7.17,6.94,7.03
2021-07-14,7.05,7.14,6.97,6.99
2021-07-15,6.98,7.09,6.83,7.01
2021-07-16,6.99,7.33,6.98,7.17
2021-07-19,7.2,7.26,6.94,6.96
2021-07-20,6.88,7.02,6.86,7.0
2021-07-21,7.0,7.14,6.94,7.08
2021-07-22,7.09,7.28,7.03,7.26
2021-07-23,7.28,7.28,7.03,7.08
2021-07-26,7.05,7.14,6.8,6.98
2021-07-27,6.93,7.24,6.89,6.9
2021-07-28,6.8,7.02,6.3,6.59
2021-07-29,6.64,7.06,6.64,7.02
2021-07-30,7.04,7.12,6.9,7.05
2021-08-02,7.05,7.11,6.94,7.05
2021-08-03,7.06,7.07,6.82,6.87
2021-08-04,6.86,6.98,6.84,6.92
2021-08-05,6.95,6.96,6.7,6.79
2021-08-06,6.79,6.82,6.69,6.78
2021-08-09,6.79,6.88,6.71,6.86
2021-08-10,6.87,6.94,6.83,6.9
2021-08-11,6.91,7.25,6.88,7.22
2021-08-12,7.23,7.62,7.18,7.58
2021-08-13,7.58,7.67,7.5,7.6
2021-08-16,7.6,7.67,7.48,7.59
2021-08-17,7.62,7.72,7.34,7.38
2021-08-18,7.56,7.56,7.03,7.09
2021-08-19,7.08,7.09,6.79,6.87
2021-08-20,6.83,6.93,6.72,6.9
2021-08-23,6.92,7.37,6.9,7.36
2021-08-24,7.37,7.5,7.3,7.36
2021-08-25,7.4,7.4,7.24,7.38
2021-08-26,7.38,7.52,7.31,7.37
2021-08-27,7.34,7.73,7.27,7.71
2021-08-30,7.77,8.08,7.75,7.97
2021-08-31,7.97,8.03,7.75,7.89
2021-09-01,7.87,8.17,7.52,7.6
2021-09-02,7.6,7.8,7.5,7.72
2021-09-03,7.7,7.8,7.49,7.57
2021-09-06,7.64,7.86,7.52,7.64
2021-09-07,7.64,7.9,7.59,7.79
2021-09-08,7.95,8.07,7.75,8.05
2021-09-09,7.97,8.0,7.81,7.85
2021-09-10,7.85,8.21,7.76,7.91
2021-09-13,7.91,8.4,7.84,8.39
2021-09-14,8.3,8.38,7.85,7.94
2021-09-15,7.85,8.4,7.76,8.37
2021-09-16,8.88,9.21,8.7,8.93
2021-09-17,8.73,9.53,8.71,9.26
2021-09-22,9.27,10.19,9.02,10.16
2021-09-23,9.9,10.08,9.14,9.27
2021-09-24,9.19,9.35,8.93,8.97
2021-09-27,8.99,9.2,8.09,8.28
2021-09-28,8.38,8.41,7.91,7.98
2021-09-29,7.9,7.95,7.39,7.42
2021-09-30,7.44,7.66,7.43,7.54
2021-10-08,7.67,7.88,7.38,7.46
2021-10-11,7.5,7.5,7.23,7.26
2021-10-12,7.29,7.29,6.89,7.03
2021-10-13,7.14,7.21,6.85,6.98
2021-10-14,6.91,7.07,6.85,6.99
2021-10-15,7.01,7.02,6.82,6.86
2021-10-18,6.89,7.04,6.78,7.04
2021-10-19,7.04,7.13,6.94,7.03
2021-10-20,6.99,7.07,6.93,7.04
2021-10-21,7.04,7.23,6.97,7.08
2021-10-22,7.08,7.28,7.03,7.11
2021-10-25,7.08,7.25,7.08,7.19
2021-10-26,7.27,7.3,7.11,7.21
2021-10-27,7.18,7.21,6.92,7.03
2021-10-28,6.92,7.09,6.69,6.69
2021-10-29,6.69,6.97,6.68,6.97
2021-11-01,6.99,7.16,6.86,7.13
2021-11-02,7.12,7.54,7.05,7.11
2021-11-03,7.2,7.24,6.91,7.02
2021-11-04,6.97,7.4,6.96,7.27
2021-11-05,7.27,7.5,7.23,7.38
2021-11-08,7.34,7.44,7.21,7.34
2021-11-09,7.34,7.46,7.22,7.36
2021-11-10,7.34,7.39,7.21,7.36
2021-11-11,7.35,7.45,7.31,7.37
2021-11-12,7.38,7.55,7.35,7.54
2021-11-15,7.56,7.63,7.35,7.45
2021-11-16,7.43,7.48,7.2,7.24
2021-11-17,7.25,7.38,7.19,7.34
2021-11-18,7.31,7.46,7.3,7.38
2021-11-19,7.5,8.12,7.5,8.12
2021-11-22,8.16,8.43,8.01,8.37
2021-11-23,8.14,8.56,8.1,8.34
2021-11-24,8.46,8.46,8.16,8.27
2021-11-25,8.28,8.35,8.15,8.33
2021-11-26,8.3,8.32,8.15,8.22
2021-11-29,8.02,8.29,8.01,8.15
2021-11-30,8.15,8.41,8.15,8.37
2021-12-01,8.31,8.45,8.27,8.45
2021-12-02,8.49,8.5,8.16,8.18
2021-12-03,8.15,8.25,8.08,8.16
2021-12-06,8.21,8.24,7.93,7.96
2021-12-07,7.92,8.02,7.53,7.6
2021-12-08,7.63,7.76,7.58,7.7
2021-12-09,7.7,7.73,7.58,7.64
2021-12-10,7.66,7.7,7.56,7.68
2021-12-13,7.68,7.77,7.64,7.67
2021-12-14,7.68,7.77,7.57,7.76
2021-12-15,7.75,7.79,7.63,7.65
2021-12-16,7.66,7.69,7.6,7.67
2021-12-17,7.65,7.7,7.49,7.53
2021-12-20,7.57,7.57,7.17,7.18
2021-12-21,7.18,7.32,7.16,7.31
2021-12-22,7.3,7.42,7.3,7.39
2021-12-23,7.39,7.44,7.31,7.33
2021-12-24,7.36,7.4,7.16,7.2
2021-12-27,7.23,7.25,7.0,7.11
2021-12-28,7.12,7.28,7.12,7.28
2021-12-29,7.28,7.38,7.2,7.28
2021-12-30,7.24,7.37,7.23,7.3
2021-12-31,7.31,7.41,7.27,7.39
2022-01-04,7.38,7.47,7.3,7.44
2022-01-05,7.44,7.44,7.19,7.27
2022-01-06,7.26,7.47,7.23,7.42
2022-01-07,7.42,7.44,7.22,7.24
2022-01-10,7.24,7.31,7.16,7.24
2022-01-11,7.25,7.33,7.23,7.25
2022-01-12,7.31,7.45,7.25,7.43
2022-01-13,7.44,7.45,7.29,7.31
2022-01-14,7.28,7.39,7.24,7.25
2022-01-17,7.25,7.42,7.24,7.39
2022-01-18,7.38,7.47,7.3,7.35
2022-01-19,7.35,7.36,7.2,7.22
2022-01-20,7.23,7.29,6.99,7.0
2022-01-21,7.0,7.03,6.9,6.96
2022-01-24,6.91,6.95,6.74,6.8
2022-01-25,6.71,6.82,6.39,6.4
2022-01-26,6.36,6.5,6.34,6.44
2022-01-27,6.46,6.5,6.31,6.33
2022-01-28,6.39,6.52,6.28,6.46
2022-02-07,6.53,6.7,6.53,6.66
2022-02-08,6.68,6.8,6.6,6.79
2022-02-09,6.78,6.87,6.76,6.85
2022-02-10,6.85,6.86,6.74,6.79
2022-02-11,6.78,6.81,6.67,6.69
2022-02-14,6.69,6.73,6.63,6.72
2022-02-15,6.73,6.76,6.67,6.75
2022-02-16,6.76,6.84,6.76,6.84
2022-02-17,6.84,6.86,6.6,6.77
2022-02-18,6.74,6.87,6.7,6.86
2022-02-21,6.86,6.87,6.78,6.87
2022-02-22,6.83,7.03,6.79,6.89
2022-02-23,6.86,7.09,6.84,7.08
2022-02-24,7.04,7.08,6.74,6.84
2022-02-25,6.95,6.97,6.87,6.9
2022-02-28,6.9,6.9,6.77,6.85
2022-03-01,6.87,6.92,6.77,6.84
2022-03-02,6.81,6.87,6.79,6.85
2022-03-03,6.9,6.91,6.79,6.8
2022-03-04,6.78,6.83,6.61,6.63
2022-03-07,6.61,6.65,6.46,6.52
2022-03-08,6.51,6.52,6.24,6.24
2022-03-09,6.3,6.3,5.87,6.13
2022-03-10,6.25,6.3,6.2,6.25
2022-03-11,6.22,6.3,6.06,6.28
2022-03-14,6.24,6.28,6.09,6.09
2022-03-15,6.11,6.12,5.48,5.48
2022-03-16,5.55,5.8,5.5,5.75
2022-03-17,5.85,5.92,5.72,5.8
2022-03-18,5.75,5.88,5.74,5.83
2022-03-21,5.85,5.91,5.76,5.88
2022-03-22,5.87,5.91,5.76,5.86
2022-03-23,5.87,5.89,5.82,5.85
2022-03-24,5.79,5.83,5.72,5.75
2022-03-25,5.76,5.84,5.73,5.78
2022-03-28,5.72,5.78,5.58,5.7
2022-03-29,5.73,5.75,5.6,5.65
2022-03-30,5.65,5.8,5.65,5.78
2022-03-31,5.78,5.86,5.74,5.82
2022-04-01,5.82,5.82,5.74,5.79
2022-04-06,5.78,5.87,5.74,5.85
2022-04-07,5.84,5.84,5.66,5.67
2022-04-08,5.7,5.72,5.58,5.66
2022-04-11,5.6,5.65,5.36,5.4
2022-04-12,5.38,5.51,5.33,5.5
2022-04-13,5.52,5.56,5.42,5.47
2022-04-14,5.52,5.58,5.48,5.55
2022-04-15,5.53,5.59,5.39,5.42
2022-04-18,5.44,5.48,5.29,5.47
2022-04-19,5.47,5.59,5.45,5.57
2022-04-20,5.66,5.7,5.55,5.57
2022-04-21,5.53,5.57,5.28,5.3
2022-04-22,5.39,5.41,5.24,5.29
2022-04-25,5.22,5.24,4.81,4.85
2022-04-26,4.85,4.89,4.66,4.68
2022-04-27,4.61,4.93,4.6,4.92
2022-04-28,4.81,4.95,4.81,4.88
2022-04-29,4.84,5.01,4.78,4.96
2022-05-05,4.93,5.03,4.92,4.99
2022-05-06,4.93,4.93,4.85,4.9
2022-05-09,4.9,5.02,4.82,5.01
2022-05-10,4.97,5.11,4.95,5.07
2022-05-11,5.1,5.23,5.07,5.11
2022-05-12,5.11,5.16,5.08,5.14
2022-05-13,5.16,5.2,5.13,5.2
2022-05-16,5.22,5.23,5.15,5.16
2022-05-17,5.2,5.2,5.07,5.19
2022-05-18,5.2,5.25,5.17,5.24
2022-05-19,5.13,5.24,5.12,5.24
2022-05-20,5.24,5.28,5.21,5.28
2022-05-23,5.27,5.46,5.27,5.43
2022-05-24,5.42,5.47,5.24,5.25
2022-05-25,5.25,5.37,5.23,5.3
2022-05-26,5.43,5.56,5.34,5.47
2022-05-27,5.46,5.51,5.42,5.5
2022-05-30,5.51,5.61,5.47,5.59
2022-05-31,5.58,5.64,5.52,5.62
2022-06-01,5.66,5.77,5.63,5.68
2022-06-02,5.67,5.75,5.62,5.74
2022-06-06,5.72,5.88,5.72,5.85
2022-06-07,5.87,5.87,5.76,5.83
2022-06-08,5.85,5.9,5.67,5.87
2022-06-09,5.6,5.6,5.42,5.47
2022-06-10,5.44,5.54,5.41,5.5
2022-06-13,5.48,5.53,5.43,5.52
2022-06-14,5.49,5.52,5.36,5.51
2022-06-15,5.52,5.54,5.43,5.43
2022-06-16,5.43,5.48,5.4,5.43
2022-06-17,5.4,5.49,5.39,5.45
2022-06-20,5.45,5.54,5.45,5.52
2022-06-21,5.55,5.55,5.43,5.5
2022-06-22,5.51,5.52,5.41,5.41
2022-06-23,5.41,5.57,5.41,5.56
2022-06-24,5.7,6.12,5.68,5.84
2022-06-27,5.71,5.71,5.55,5.63
2022-06-28,5.6,5.73,5.56,5.72
2022-06-29,5.66,5.74,5.6,5.6
2022-06-30,5.59,5.66,5.56,5.61
2022-07-01,5.61,5.67,5.57,5.63
2022-07-04,5.6,5.63,5.55,5.59
2022-07-05,5.6,5.73,5.56,5.63
2022-07-06,5.55,5.6,5.41,5.44
2022-07-07,5.41,5.5,5.4,5.45
2022-07-08,5.46,5.51,5.45,5.48
2022-07-11,5.48,5.48,5.26,5.33
2022-07-12,5.35,5.35,5.24,5.27
2022-07-13,5.29,5.33,5.22,5.32
2022-07-14,5.41,5.43,5.31,5.31
2022-07-15,5.3,5.47,5.25,5.38
2022-07-18,5.41,5.6,5.39,5.6
2022-07-19,5.6,5.75,5.58,5.72
2022-07-20,5.7,5.77,5.66,5.74
2022-07-21,5.75,6.05,5.73,5.91
2022-07-22,5.89,5.96,5.76,5.81
2022-07-25,5.81,5.85,5.66,5.72
2022-07-26,5.72,5.81,5.68,5.79
2022-07-27,5.79,5.91,5.74,5.89
2022-07-28,5.89,5.98,5.86,5.98
2022-07-29,6.01,6.02,5.9,5.92
2022-08-01,5.91,6.12,5.9,6.1
2022-08-02,6.05,6.05,5.8,5.99
2022-08-03,5.94,6.04,5.8,5.82
2022-08-04,5.88,6.1,5.88,6.05
2022-08-05,6.06,6.19,5.95,6.17
2022-08-08,6.15,6.23,6.12,6.2
2022-08-09,6.23,6.25,6.14,6.22
2022-08-10,6.25,6.32,6.18,6.3
2022-08-11,6.33,6.53,6.32,6.41
2022-08-12,6.41,6.56,6.39,6.47
2022-08-15,6.48,6.56,6.43,6.49
2022-08-16,6.51,6.56,6.42,6.47
2022-08-17,6.47,6.5,6.35,6.38
2022-08-18,6.47,6.49,6.29,6.38
2022-08-19,6.43,6.47,6.27,6.29
2022-08-22,6.2,6.25,6.11,6.2
2022-08-23,6.2,6.35,6.16,6.27
2022-08-24,6.24,6.32,6.04,6.06
2022-08-25,6.06,6.13,5.95,6.06
2022-08-26,6.09,6.16,6.03,6.07
2022-08-29,5.98,6.09,5.81,6.09
2022-08-30,6.15,6.17,6.03,6.08
2022-08-31,6.07,6.08,5.83,5.89
2022-09-01,5.84,5.93,5.81,5.85
2022-09-02,5.88,5.99,5.85,5.95
2022-09-05,5.98,6.09,5.92,6.03
2022-09-06,6.08,6.1,5.99,6.1
2022-09-07,6.11,6.2,6.06,6.18
2022-09-08,6.19,6.21,6.02,6.04
2022-09-09,6.08,6.11,5.96,6.0
2022-09-13,6.06,6.08,5.95,6.04
2022-09-14,5.96,5.99,5.83,5.89
2022-09-15,5.91,5.98,5.62,5.7
2022-09-16,5.72,5.75,5.51,5.51
2022-09-19,5.53,5.58,5.42,5.46
2022-09-20,5.53,5.65,5.49,5.62
2022-09-21,5.58,5.66,5.51,5.65
2022-09-22,5.59,5.79,5.57,5.7
2022-09-23,5.69,5.75,5.48,5.53
2022-09-26,5.5,5.54,5.33,5.33
2022-09-27,5.37,5.55,5.37,5.54
2022-09-28,5.52,5.56,5.35,5.35
2022-09-29,5.4,5.44,5.29,5.32
2022-09-30,5.32,5.41,5.27,5.28
2022-10-10,5.31,5.31,5.06,5.13
2022-10-11,5.13,5.18,5.03,5.16
2022-10-12,5.16,5.33,5.1,5.33
2022-10-13,5.3,5.39,5.26,5.35
2022-10-14,5.45,5.51,5.39,5.48
2022-10-17,5.49,5.68,5.45,5.64
2022-10-18,5.66,5.68,5.58,5.66
2022-10-19,5.63,5.69,5.59,5.6
2022-10-20,5.56,5.64,5.5,5.58
2022-10-21,5.6,5.65,5.58,5.58
2022-10-24,5.61,5.7,5.48,5.52
2022-10-25,5.46,5.56,5.37,5.47
2022-10-26,5.48,5.61,5.47,5.58
2022-10-27,5.61,5.68,5.54,5.57
2022-10-28,5.53,5.62,5.32,5.35
2022-10-31,5.22,5.33,5.04,5.06
2022-11-01,5.07,5.15,4.93,5.14
2022-11-02,5.12,5.18,5.09,5.13
2022-11-03,5.1,5.18,5.07,5.17
2022-11-04,5.18,5.25,5.13,5.24
2022-11-07,5.22,5.28,5.21,5.25
2022-11-08,5.25,5.26,5.16,5.24
2022-11-09,5.23,5.27,5.19,5.22
2022-11-10,5.2,5.27,5.16,5.26
2022-11-11,5.4,5.41,5.25,5.26
2022-11-14,5.3,5.3,5.17,5.21
2022-11-15,5.18,5.46,5.18,5.46
2022-11-16,5.46,5.51,5.33,5.36
2022-11-17,5.38,5.42,5.34,5.42
2022-11-18,5.42,5.44,5.3,5.32
2022-11-21,5.29,5.38,5.23,5.34
2022-11-22,5.39,5.47,5.32,5.34
2022-11-23,5.32,5.36,5.24,5.31
2022-11-24,5.33,5.34,5.29,5.32
2022-11-25,5.32,5.32,5.19,5.23
2022-11-28,5.15,5.2,5.09,5.17
2022-11-29,5.19,5.26,5.17,5.25
2022-11-30,5.27,5.27,5.18,5.21
2022-12-01,5.25,5.33,5.24,5.27
2022-12-02,5.27,5.3,5.25,5.29
2022-12-05,5.31,5.38,5.3,5.37
2022-12-06,5.35,5.36,5.31,5.32
2022-12-07,5.3,5.35,5.29,5.31
2022-12-08,5.29,5.34,5.27,5.31
2022-12-09,5.31,5.33,5.27,5.29
2022-12-12,5.29,5.3,5.2,5.23
2022-12-13,5.24,5.26,5.2,5.21
2022-12-14,5.23,5.3,5.19,5.21
2022-12-15,5.2,5.25,5.18,5.24
2022-12-16,5.23,5.23,5.14,5.18
2022-12-19,5.2,5.2,5.01,5.03
2022-12-20,5.06,5.07,4.98,5.06
2022-12-21,5.08,5.08,4.98,5.02
2022-12-22,5.02,5.04,4.9,4.92
2022-12-23,4.9,4.97,4.88,4.91
2022-12-26,4.89,4.98,4.89,4.97
2022-12-27,4.97,5.0,4.94,5.0
2022-12-28,4.99,4.99,4.92,4.93
2022-12-29,4.91,4.97,4.91,4.94
2022-12-30,4.98,4.99,4.94,4.97
2023-01-03,4.97,5.08,4.94,5.05
2023-01-04,5.05,5.08,5.03,5.06
2023-01-05,5.05,5.08,5.02,5.07
2023-01-06,5.07,5.1,5.05,5.09
2023-01-09,5.1,5.13,5.09,5.12
2023-01-10,5.11,5.12,5.05,5.08
2023-01-11,5.07,5.13,5.06,5.08
2023-01-12,5.07,5.1,5.06,5.09
2023-01-13,5.09,5.11,5.06,5.11
2023-01-16,5.1,5.17,5.1,5.17
2023-01-17,5.17,5.17,5.14,5.17
2023-01-18,5.18,5.2,5.16,5.19
2023-01-19,5.19,5.25,5.16,5.25
2023-01-20,5.26,5.3,5.24,5.3
2023-01-30,5.35,5.38,5.33,5.34
2023-01-31,5.35,5.4,5.31,5.4
2023-02-01,5.4,5.47,5.39,5.46
2023-02-02,5.48,5.49,5.42,5.47
2023-02-03,5.46,5.46,5.36,5.44
2023-02-06,5.44,5.47,5.38,5.42
2023-02-07,5.4,5.45,5.4,5.45
2023-02-08,5.45,5.47,5.4,5.41
2023-02-09,5.43,5.61,5.4,5.6
2023-02-10,5.59,5.63,5.52,5.56
2023-02-13,5.58,5.64,5.53,5.59
2023-02-14,5.62,5.62,5.56,5.61
2023-02-15,5.61,5.64,5.58,5.63
2023-02-16,5.63,5.65,5.43,5.47
2023-02-17,5.54,5.6,5.5,5.52
2023-02-20,5.51,5.64,5.47,5.62
2023-02-21,5.64,5.64,5.56,5.59
2023-02-22,5.59,5.59,5.55,5.58
2023-02-23,5.58,5.61,5.54,5.58
2023-02-24,5.59,5.6,5.51,5.57
2023-02-27,5.57,5.58,5.51,5.52
2023-02-28,5.55,5.56,5.49,5.54
2023-03-01,5.54,5.59,5.52,5.58
2023-03-02,5.6,5.64,5.58,5.6
2023-03-03,5.69,5.69,5.57,5.61
2023-03-06,5.61,5.62,5.56,5.58
2023-03-07,5.61,5.67,5.5,5.53
2023-03-08,5.46,5.62,5.45,5.61
2023-03-09,5.65,5.77,5.62,5.71
2023-03-10,5.68,5.73,5.59,5.6
2023-03-13,5.59,5.59,5.47,5.54
2023-03-14,5.53,5.53,5.38,5.45
2023-03-15,5.46,5.67,5.46,5.61
2023-03-16,5.59,5.6,5.45,5.47
2023-03-17,5.48,5.54,5.48,5.51
2023-03-20,5.51,5.53,5.43,5.49
2023-03-21,5.51,5.57,5.45,5.57
2023-03-22,5.6,5.7,5.56,5.69
2023-03-23,5.67,5.87,5.63,5.84
2023-03-24,5.85,5.88,5.75,5.81
2023-03-27,5.82,5.85,5.77,5.84
2023-03-28,5.86,5.87,5.77,5.79
2023-03-29,5.78,5.79,5.7,5.73
2023-03-30,5.75,5.82,5.67,5.81
2023-03-31,5.8,5.82,5.74,5.8
2023-04-03,5.8,5.87,5.77,5.82
2023-04-04,5.83,5.84,5.74,5.79
2023-04-06,5.79,5.95,5.75,5.94
2023-04-07,5.93,5.93,5.79,5.85
2023-04-10,5.83,5.91,5.77,5.78
2023-04-11,5.78,5.8,5.72,5.74
2023-04-12,5.76,5.8,5.73,5.79
2023-04-13,5.79,5.79,5.69,5.73
2023-04-14,5.74,5.75,5.65,5.71
2023-04-17,5.71,5.81,5.7,5.77
2023-04-18,5.79,5.8,5.71,5.73
2023-04-19,5.72,5.79,5.67,5.72
2023-04-20,5.72,5.72,5.6,5.65
2023-04-21,5.65,5.65,5.44,5.48
2023-04-24,5.46,5.51,5.34,5.48
2023-04-25,5.46,5.53,5.33,5.41
2023-04-26,5.39,5.47,5.37,5.45
2023-04-27,5.46,5.46,5.36,5.37
2023-04-28,5.36,5.43,5.36,5.42
2023-05-04,5.3,5.3,5.07,5.09
2023-05-05,5.1,5.1,4.98,5.04
2023-05-08,5.07,5.09,5.03,5.06
2023-05-09,5.07,5.07,4.98,4.99
2023-05-10,4.96,5.03,4.95,4.99
2023-05-11,5.01,5.01,4.96,5.01
2023-05-12,5.0,5.01,4.96,4.96
2023-05-15,4.95,5.0,4.95,4.99
2023-05-16,5.0,5.01,4.97,5.0
2023-05-17,5.0,5.04,4.98,5.03
2023-05-18,5.04,5.1,5.03,5.07
2023-05-19,5.08,5.11,5.05,5.1
2023-05-22,5.11,5.12,5.08,5.11
2023-05-23,5.13,5.13,5.06,5.06
2023-05-24,5.07,5.12,5.03,5.08
2023-05-25,5.09,5.1,4.99,5.05
2023-05-26,5.06,5.11,5.05,5.11
2023-05-29,5.13,5.16,5.09,5.11
2023-05-30,5.14,5.14,5.05,5.11
2023-05-31,5.12,5.12,5.04,5.06
2023-06-01,5.07,5.1,5.05,5.07
2023-06-02,5.07,5.12,5.07,5.11
2023-06-05,5.12,5.12,5.06,5.11
2023-06-06,5.11,5.11,5.0,5.01
2023-06-07,5.01,5.08,5.01,5.05
2023-06-08,5.05,5.11,5.05,5.07
2023-06-09,5.05,5.08,5.04,5.06
2023-06-12,5.06,5.17,5.06,5.16
2023-06-13,5.15,5.17,5.13,5.15
2023-06-14,5.17,5.18,5.13,5.16
2023-06-15,4.95,5.0,4.93,4.95
2023-06-16,4.94,4.99,4.94,4.97
2023-06-19,4.96,4.99,4.95,4.95
2023-06-20,4.95,4.96,4.89,4.9
2023-06-21,4.91,4.92,4.84,4.86
2023-06-26,4.84,4.86,4.78,4.79
2023-06-27,4.83,4.93,4.83,4.92
2023-06-28,4.93,4.95,4.85,4.92
2023-06-29,4.9,5.28,4.9,5.14
2023-06-30,5.13,5.2,5.11,5.15
2023-07-03,5.15,5.19,5.09,5.11
2023-07-04,5.11,5.14,5.08,5.14
2023-07-05,5.12,5.14,5.08,5.09
2023-07-06,5.09,5.15,5.07,5.11
2023-07-07,5.11,5.12,5.07,5.09
2023-07-10,5.1,5.14,5.09,5.13
2023-07-11,5.14,5.21,5.1,5.21
2023-07-12,5.21,5.21,5.12,5.13
2023-07-13,5.16,5.6,5.14,5.46
2023-07-14,5.49,6.01,5.47,5.89
2023-07-17,5.71,5.98,5.61,5.9
2023-07-18,5.88,5.91,5.64,5.67
2023-07-19,5.66,5.66,5.47,5.53
2023-07-20,5.55,5.57,5.35,5.35
2023-07-21,5.32,5.53,5.3,5.33
2023-07-24,5.33,5.52,5.3,5.33
2023-07-25,5.37,5.62,5.37,5.6
2023-07-26,5.6,5.6,5.45,5.56
2023-07-27,5.56,5.62,5.49,5.52
2023-07-28,5.56,5.72,5.48,5.7
2023-07-31,5.68,5.8,5.56,5.78
2023-08-01,5.77,5.99,5.73,5.8
2023-08-02,5.85,6.17,5.85,6.09
2023-08-03,6.08,6.09,5.76,5.78
2023-08-04,5.78,5.92,5.73,5.8
2023-08-07,5.76,5.8,5.68,5.7
2023-08-08,5.74,5.77,5.63,5.66
2023-08-09,5.61,5.65,5.54,5.56
2023-08-10,5.56,5.62,5.54,5.58
2023-08-11,5.58,5.61,5.45,5.48
2023-08-14,5.4,5.53,5.39,5.5
2023-08-15,5.53,5.6,5.46,5.52
2023-08-16,5.54,5.57,5.42,5.45
2023-08-17,5.45,5.63,5.39,5.6
2023-08-18,5.6,5.87,5.6,5.68
2023-08-21,5.7,5.74,5.61,5.62
2023-08-22,5.63,5.71,5.56,5.7
2023-08-23,5.66,5.74,5.59,5.65
2023-08-24,5.68,5.73,5.52,5.64
2023-08-25,5.64,5.72,5.54,5.6
2023-08-28,5.82,5.87,5.54,5.55
2023-08-29,5.55,5.85,5.53,5.85
2023-08-30,5.88,6.08,5.84,5.92
2023-08-31,5.9,5.93,5.84,5.9
2023-09-01,5.9,5.97,5.86,5.91
2023-09-04,5.96,5.96,5.74,5.75
2023-09-05,5.75,5.85,5.72,5.77
2023-09-06,5.79,5.96,5.76,5.93
2023-09-07,5.92,5.92,5.75,5.81
2023-09-08,5.8,5.97,5.76,5.94
2023-09-11,5.87,5.94,5.79,5.86
2023-09-12,5.86,5.88,5.74,5.77
2023-09-13,5.79,5.81,5.72,5.78
2023-09-14,5.86,6.09,5.76,5.86
2023-09-15,5.88,5.88,5.73,5.82
2023-09-18,5.77,5.82,5.73,5.75
2023-09-19,5.76,5.77,5.62,5.64
2023-09-20,5.72,5.88,5.59,5.6
2023-09-21,5.6,5.73,5.56,5.72
2023-09-22,5.68,5.74,5.65,5.7
2023-09-25,5.72,5.73,5.56,5.59
2023-09-26,5.61,5.61,5.46,5.48
2023-09-27,5.47,5.61,5.43,5.58
2023-09-28,5.6,5.74,5.59,5.65
2023-10-09,5.67,5.69,5.51,5.55
2023-10-10,5.56,5.7,5.54,5.69
2023-10-11,5.67,5.68,5.51,5.52
2023-10-12,5.55,5.59,5.49,5.56
2023-10-13,5.58,5.59,5.33,5.41
2023-10-16,5.41,5.41,5.24,5.29
2023-10-17,5.26,5.35,5.21,5.26
2023-10-18,5.25,5.25,5.04,5.07
2023-10-19,5.1,5.29,5.06,5.12
2023-10-20,5.12,5.19,5.05,5.08
2023-10-23,5.08,5.1,4.93,4.95
2023-10-24,4.94,5.08,4.92,4.99
2023-10-25,5.01,5.07,4.98,5.03
2023-10-26,4.98,5.18,4.98,5.17
2023-10-27,5.16,5.23,5.12,5.18
2023-10-30,5.24,5.49,5.2,5.48
2023-10-31,5.43,5.5,5.37,5.42
2023-11-01,5.4,5.54,5.39,5.53
2023-11-02,5.51,5.58,5.42,5.43
2023-11-03,5.44,5.54,5.44,5.52
2023-11-06,5.56,5.61,5.54,5.58
2023-11-07,5.59,5.88,5.53,5.82
2023-11-08,5.84,5.87,5.71,5.78
2023-11-09,5.77,5.83,5.65,5.67
2023-11-10,5.7,5.79,5.65,5.71
2023-11-13,5.69,5.77,5.66,5.77
2023-11-14,5.73,6.35,5.73,6.35
2023-11-15,6.99,6.99,6.99,6.99
2023-11-16,7.12,7.68,6.51,6.79
2023-11-17,6.47,7.47,6.33,7.47
2023-11-20,8.0,8.22,7.53,8.22
2023-11-21,7.79,8.99,7.6,8.45
2023-11-22,8.0,8.28,7.61,7.61
2023-11-23,7.3,7.49,6.85,6.86
2023-11-24,6.74,6.98,6.68,6.73
2023-11-27,6.65,7.13,6.52,6.92
2023-11-28,6.77,7.05,6.69,6.8
2023-11-29,6.71,6.9,6.63,6.75
2023-11-30,6.7,6.74,6.42,6.54
2023-12-01,6.56,6.62,6.51,6.62
2023-12-04,6.64,7.08,6.58,6.91
2023-12-05,6.9,6.98,6.73,6.77
2023-12-06,6.66,6.81,6.63,6.67
2023-12-07,6.7,6.78,6.6,6.62
2023-12-08,6.6,6.73,6.5,6.54
2023-12-11,6.5,6.6,6.43,6.59
2023-12-12,6.57,6.71,6.53,6.6
2023-12-13,6.6,6.63,6.48,6.49
2023-12-14,6.56,6.56,6.35,6.38
2023-12-15,6.38,6.43,6.33,6.37
2023-12-18,6.33,6.36,6.24,6.28
2023-12-19,6.26,6.34,6.25,6.32
2023-12-20,6.32,6.34,6.19,6.21
2023-12-21,6.19,6.27,6.1,6.23
2023-12-22,6.29,6.3,6.1,6.13
2023-12-25,6.11,6.18,6.06,6.13
2023-12-26,6.1,6.11,5.94,5.99
2023-12-27,6.03,6.14,5.97,6.11
2023-12-28,6.1,6.2,6.03,6.13
2023-12-29,6.09,6.29,6.08,6.28
2024-01-02,6.29,6.34,6.24,6.28
2024-01-03,6.26,6.28,6.09,6.21
2024-01-04,6.2,6.27,6.17,6.19
2024-01-05,6.17,6.25,6.01,6.07
2024-01-08,6.05,6.1,5.91,5.92
2024-01-09,5.95,6.05,5.92,5.96
2024-01-10,5.9,6.02,5.81,5.93
2024-01-11,5.9,6.08,5.87,6.06
2024-01-12,6.01,6.05,5.93,5.96
2024-01-15,5.92,6.01,5.83,5.94
2024-01-16,5.97,5.98,5.81,5.91
2024-01-17,5.89,5.93,5.76,5.76
2024-01-18,5.77,5.8,5.57,5.75
2024-01-19,5.73,5.8,5.64,5.68
2024-01-22,5.67,5.68,5.25,5.3
2024-01-23,5.28,5.33,5.18,5.29
2024-01-24,5.3,5.36,5.11,5.32
2024-01-25,5.34,5.58,5.29,5.56
2024-01-26,5.52,5.73,5.5,5.58
2024-01-29,5.53,5.57,5.26,5.27
2024-01-30,5.2,5.33,5.12,5.12
2024-01-31,5.15,5.15,4.84,4.87
2024-02-01,4.8,4.9,4.67,4.75
2024-02-02,4.76,4.86,4.33,4.49
2024-02-05,4.43,4.49,4.04,4.04
2024-02-06,3.93,4.11,3.64,3.95
2024-02-07,3.99,3.99,3.67,3.74
2024-02-08,3.81,4.11,3.57,4.11
2024-02-19,4.26,4.48,4.2,4.45
2024-02-20,4.43,4.77,4.28,4.67
2024-02-21,4.5,4.74,4.45,4.6
2024-02-22,4.58,4.84,4.54,4.8
2024-02-23,4.9,5.02,4.79,5.01
2024-02-26,4.96,5.2,4.93,5.08
2024-02-27,5.03,5.26,4.96,5.26
2024-02-28,5.27,5.41,4.79,4.8
2024-02-29,4.7,5.04,4.7,5.01
2024-03-01,5.04,5.11,4.98,5.08
2024-03-04,5.04,5.59,4.97,5.59
2024-03-05,5.88,6.06,5.6,5.93
2024-03-06,5.69,5.8,5.5,5.74
2024-03-07,5.68,5.77,5.45,5.45
2024-03-08,5.53,5.77,5.5,5.72
2024-03-11,5.6,5.63,5.48,5.6
2024-03-12,5.56,5.66,5.49,5.51
2024-03-13,5.57,5.65,5.5,5.61
2024-03-14,5.53,5.55,5.32,5.38
2024-03-15,5.4,5.53,5.28,5.52
2024-03-18,5.52,5.72,5.47,5.69
2024-03-19,5.66,5.71,5.6,5.7
2024-03-20,5.67,6.27,5.65,6.27
2024-03-21,6.9,6.9,6.29,6.36
2024-03-22,7.0,7.0,6.58,7.0
2024-03-25,6.78,6.85,6.3,6.3
2024-03-26,6.01,6.08,5.71,5.79
2024-03-27,5.69,5.83,5.22,5.24
2024-03-28,5.24,5.66,5.24,5.58
2024-03-29,5.58,5.64,5.43,5.59
2024-04-01,5.59,5.76,5.55,5.72
2024-04-02,5.72,5.76,5.54,5.59
2024-04-03,5.53,5.79,5.4,5.66
2024-04-08,5.57,5.57,5.36,5.4
2024-04-09,5.35,5.46,5.3,5.45
2024-04-10,5.45,5.45,5.19,5.26
2024-04-11,5.17,5.31,5.17,5.21
2024-04-12,5.22,5.33,5.2,5.22
2024-04-15,5.18,5.25,4.86,4.97
2024-04-16,4.99,4.99,4.53,4.55
2024-04-17,4.65,5.0,4.65,4.98
2024-04-18,4.91,4.97,4.59,4.63
2024-04-19,4.55,4.64,4.48,4.58
2024-04-22,4.51,4.57,4.4,4.45
2024-04-23,4.48,4.55,4.35,4.41
2024-04-24,4.41,4.58,4.41,4.57
2024-04-25,4.51,4.67,4.48,4.6
2024-04-26,4.62,4.8,4.6,4.74
2024-04-29,4.74,4.91,4.67,4.89
2024-04-30,4.88,4.98,4.77,4.84
2024-05-06,4.89,5.08,4.89,5.06
2024-05-07,5.11,5.24,5.02,5.13
2024-05-08,5.11,5.13,4.93,5.0
2024-05-09,5.02,5.04,4.97,4.99
2024-05-10,4.96,5.01,4.84,4.87
2024-05-13,4.84,4.84,4.64,4.68
2024-05-14,4.76,4.79,4.68,4.72
2024-05-15,4.72,4.86,4.69,4.73
2024-05-16,4.75,5.0,4.74,4.9
2024-05-17,4.87,5.14,4.8,5.03
2024-05-20,5.02,5.02,4.87,4.89
2024-05-21,4.9,4.97,4.85,4.87
2024-05-22,4.87,4.99,4.85,4.96
2024-05-23,4.96,5.08,4.86,4.88
2024-05-24,4.88,5.01,4.75,4.79
2024-05-27,4.75,4.95,4.62,4.89
2024-05-28,4.82,4.93,4.74,4.81
2024-05-29,4.76,4.95,4.69,4.74
2024-05-30,4.73,4.75,4.65,4.68
2024-05-31,4.72,4.95,4.69,4.83
2024-06-03,4.85,4.9,4.68,4.72
2024-06-04,4.69,4.7,4.48,4.56
2024-06-05,4.55,4.59,4.44,4.45
2024-06-06,4.51,4.65,4.25,4.28
2024-06-07,4.35,4.5,4.35,4.44
2024-06-11,4.41,4.63,4.36,4.6
2024-06-12,4.58,5.06,4.55,5.06
2024-06-13,5.18,5.34,4.99,5.0
2024-06-14,4.94,5.0,4.8,4.83
2024-06-17,4.83,5.16,4.77,5.03
2024-06-18,5.31,5.53,5.05,5.14
2024-06-19,5.14,5.23,4.96,5.06
2024-06-20,5.06,5.2,4.99,4.99
2024-06-21,4.86,5.15,4.65,5.11
2024-06-24,4.95,5.06,4.85,4.86
2024-06-25,4.85,4.92,4.54,4.61
2024-06-26,4.64,4.75,4.47,4.73
2024-06-27,4.67,4.78,4.55,4.59
2024-06-28,4.56,4.78,4.5,4.69
2024-07-01,4.69,4.72,4.54,4.64
2024-07-02,4.63,4.66,4.56,4.58
2024-07-03,4.56,5.04,4.46,5.04
2024-07-04,4.93,5.2,4.9,5.07
2024-07-05,4.94,5.14,4.82,5.05
2024-07-08,5.03,5.3,4.98,5.15
2024-07-09,5.1,5.41,4.94,5.4
2024-07-10,5.42,5.43,5.08,5.08
2024-07-11,5.2,5.4,5.09,5.26
2024-07-12,5.2,5.25,5.08,5.09
2024-07-15,5.05,5.07,4.87,4.92
2024-07-16,4.9,5.12,4.86,5.03
2024-07-17,4.99,4.99,4.7,4.71
2024-07-18,4.68,4.79,4.54,4.75
2024-07-19,4.65,4.86,4.63,4.79
2024-07-22,4.8,4.91,4.78,4.84
2024-07-23,4.82,4.82,4.64,4.65
2024-07-24,4.61,4.84,4.56,4.73
2024-07-25,4.63,4.75,4.6,4.71
2024-07-26,4.71,4.81,4.68,4.8
2024-07-29,4.81,4.82,4.73,4.76
2024-07-30,4.72,4.77,4.64,4.74
2024-07-31,4.74,4.88,4.71,4.88
2024-08-01,4.95,5.29,4.93,5.09
2024-08-02,4.99,5.02,4.86,4.91
2024-08-05,4.84,4.87,4.66,4.66
2024-08-06,4.71,4.77,4.66,4.75
2024-08-07,4.73,4.85,4.72,4.74
2024-08-08,4.7,4.8,4.63,4.73
2024-08-09,4.77,4.82,4.68,4.69
2024-08-12,4.67,4.68,4.57,4.58
2024-08-13,4.57,4.64,4.52,4.63
2024-08-14,4.63,4.68,4.6,4.64
2024-08-15,4.62,4.71,4.58,4.67
2024-08-16,4.67,4.76,4.66,4.7
2024-08-19,4.69,4.72,4.62,4.62
2024-08-20,4.63,4.64,4.56,4.57
2024-08-21,4.54,4.59,4.28,4.36
2024-08-22,4.35,4.38,4.25,4.26
2024-08-23,4.26,4.32,4.23,4.29
2024-08-26,4.26,4.32,4.24,4.29
2024-08-27,4.3,4.3,4.11,4.12
2024-08-28,4.11,4.19,4.1,4.16
2024-08-29,4.16,4.28,4.13,4.24
2024-08-30,4.24,4.41,4.23,4.35
2024-09-02,4.36,4.39,4.25,4.27
2024-09-03,4.28,4.33,4.25,4.3
2024-09-04,4.25,4.29,4.19,4.24
2024-09-05,4.2,4.66,4.2,4.66
2024-09-06,4.51,4.61,4.42,4.44
2024-09-09,4.44,4.48,4.38,4.44
2024-09-10,4.46,4.5,4.37,4.47
2024-09-11,4.42,4.45,4.36,4.4
2024-09-12,4.43,4.47,4.32,4.33
2024-09-13,4.33,4.36,4.26,4.27
2024-09-18,4.23,4.3,4.16,4.24
2024-09-19,4.27,4.39,4.26,4.36
2024-09-20,4.34,4.43,4.32,4.34
2024-09-23,4.35,4.39,4.3,4.39
2024-09-24,4.39,4.48,4.35,4.48
2024-09-25,4.49,4.6,4.44,4.48
2024-09-26,4.48,4.59,4.48,4.59
2024-09-27,4.61,4.8,4.61,4.79
2024-09-30,4.96,5.24,4.84,5.22
2024-10-08,5.72,5.74,5.21,5.74
2024-10-09,5.59,5.59,5.17,5.17
2024-10-10,5.14,5.29,5.01,5.08
2024-10-11,5.08,5.08,4.78,4.87
2024-10-14,4.87,5.04,4.76,5.03
2024-10-15,4.98,5.08,4.9,4.9
2024-10-16,4.81,4.96,4.78,4.92
2024-10-17,4.95,5.02,4.89,4.9
2024-10-18,4.9,5.16,4.88,5.09
2024-10-21,5.09,5.25,5.08,5.13
2024-10-22,5.14,5.16,5.06,5.14
2024-10-23,5.13,5.19,5.11,5.15
2024-10-24,5.14,5.25,5.1,5.17
2024-10-25,5.21,5.35,5.18,5.34
2024-10-28,5.34,5.38,5.3,5.38
2024-10-29,5.35,5.52,5.21,5.24
2024-10-30,5.2,5.31,5.16,5.28
2024-10-31,5.25,5.58,5.2,5.51
2024-11-01,5.42,5.5,5.15,5.17
2024-11-04,5.2,5.35,5.19,5.31
2024-11-05,5.29,5.45,5.29,5.43
2024-11-06,5.44,5.49,5.33,5.42
2024-11-07,5.4,5.55,5.35,5.54
2024-11-08,5.57,5.7,5.49,5.55
2024-11-11,5.55,5.84,5.52,5.78
2024-11-12,5.79,5.89,5.63,5.7
2024-11-13,5.63,5.69,5.48,5.63
2024-11-14,5.6,5.65,5.35,5.38
2024-11-15,5.39,5.45,5.21,5.23
2024-11-18,5.29,5.32,5.0,5.05
2024-11-19,5.09,5.23,5.05,5.23
2024-11-20,5.23,5.49,5.2,5.41
2024-11-21,5.37,5.55,5.32,5.43
2024-11-22,5.44,5.56,5.21,5.23
2024-11-25,5.35,5.75,5.35,5.75
2024-11-26,6.15,6.15,5.51,5.54
2024-11-27,5.43,5.56,5.23,5.55
2024-11-28,5.5,5.89,5.48,5.7
2024-11-29,5.69,6.0,5.65,5.85
2024-12-02,5.79,6.01,5.79,5.91
2024-12-03,6.19,6.5,6.19,6.5
2024-12-04,7.15,7.15,7.15,7.15
2024-12-05,7.2,7.2,6.55,6.7
2024-12-06,6.7,7.37,6.66,7.37
2024-12-09,6.9,6.99,6.63,6.63
2024-12-10,6.61,6.75,6.0,6.25
2024-12-11,6.21,6.43,6.18,6.35
2024-12-12,6.3,6.42,6.25,6.36
2024-12-13,6.33,6.43,6.23,6.26
2024-12-16,6.23,6.38,6.17,6.28
2024-12-17,6.28,6.33,5.93,5.98
2024-12-18,5.97,6.11,5.82,6.04
2024-12-19,5.93,6.01,5.88,5.98
2024-12-20,5.98,6.17,5.94,6.1
2024-12-23,6.08,6.08,5.66,5.67
2024-12-24,5.72,5.8,5.63,5.74
2024-12-25,5.7,5.74,5.45,5.55
2024-12-26,5.55,5.7,5.54,5.67
2024-12-27,5.65,5.91,5.6,5.75
2024-12-30,5.71,5.71,5.54,5.62
2024-12-31,5.65,5.66,5.35,5.37
2025-01-02,5.36,5.43,5.16,5.22
2025-01-03,5.25,5.28,4.95,4.97
2025-01-06,4.98,5.05,4.81,4.92
2025-01-07,4.94,5.15,4.91,5.11
2025-01-08,5.04,5.12,4.91,5.08
2025-01-09,5.07,5.59,5.07,5.59
2025-01-10,5.93,6.15,5.65,5.66
2025-01-13,5.26,5.93,5.18,5.78
2025-01-14,5.65,6.27,5.51,6.03
2025-01-15,5.98,5.99,5.71,5.82
2025-01-16,5.78,6.24,5.75,6.06
2025-01-17,5.94,6.33,5.81,6.01
2025-01-20,6.05,6.14,5.89,6.06
2025-01-21,6.04,6.08,5.86,5.9
2025-01-22,5.84,5.97,5.75,5.75
2025-01-23,5.76,5.88,5.62,5.63
2025-01-24,5.62,5.68,5.51,5.67
2025-01-27,5.7,5.73,5.39,5.4
2025-02-05,5.46,5.57,5.39,5.53
2025-02-06,5.52,5.72,5.47,5.72
2025-02-07,5.72,5.99,5.7,5.93
2025-02-10,5.95,6.18,5.9,6.12
2025-02-11,6.05,6.16,5.97,6.07
2025-02-12,6.02,6.15,6.02,6.1
2025-02-13,6.07,6.09,5.95,5.95
2025-02-14,5.95,5.99,5.89,5.92
2025-02-17,5.9,6.05,5.9,6.03
2025-02-18,6.03,6.1,5.87,5.9
2025-02-19,5.88,6.15,5.88,6.14
2025-02-20,6.12,6.16,6.06,6.16
2025-02-21,6.15,6.45,6.04,6.31
2025-02-24,6.26,6.65,6.15,6.41
2025-02-25,6.28,6.39,6.21,6.26
2025-02-26,6.28,6.89,6.2,6.89
2025-02-27,6.69,6.7,6.35,6.48
2025-02-28,6.38,6.63,6.17,6.19
2025-03-03,6.23,6.28,6.0,6.08
2025-03-04,6.0,6.17,5.94,6.16
2025-03-05,6.13,6.23,6.03,6.23
2025-03-06,6.23,6.35,6.23,6.28
2025-03-07,6.28,6.34,6.11,6.16
2025-03-10,6.15,6.44,6.11,6.38
2025-03-11,6.31,6.8,6.3,6.55
2025-03-12,6.66,6.77,6.56,6.58
2025-03-13,6.6,6.65,6.44,6.6
2025-03-14,6.62,6.77,6.44,6.64
2025-03-17,6.55,6.83,6.54,6.79
2025-03-18,6.82,7.07,6.68,6.85
2025-03-19,6.78,6.82,6.55,6.59
2025-03-20,6.58,6.62,6.48,6.48
2025-03-21,6.42,6.51,6.3,6.3
2025-03-24,6.28,6.33,6.06,6.23
2025-03-25,6.22,6.38,6.11,6.29
2025-03-26,6.24,6.38,6.21,6.29
2025-03-27,6.25,6.42,6.15,6.35
2025-03-28,6.32,6.42,6.15,6.16
2025-03-31,6.08,6.13,5.87,5.93
2025-04-01,5.94,5.99,5.91,5.91
2025-04-02,5.9,5.94,5.79,5.82
2025-04-03,5.7,5.82,5.64,5.71
2025-04-07,5.31,5.41,5.14,5.14
2025-04-08,5.1,5.18,4.8,4.92
2025-04-09,4.8,5.04,4.46,4.99
2025-04-10,5.07,5.19,5.07,5.08
2025-04-11,5.03,5.26,4.99,5.23
2025-04-14,5.33,5.38,5.26,5.27
2025-04-15,5.3,5.38,5.22,5.3
2025-04-16,5.26,5.34,5.09,5.18
2025-04-17,5.12,5.7,5.12,5.7
2025-04-18,5.5,6.27,5.45,6.27
2025-04-21,6.5,6.75,6.16,6.3
2025-04-22,5.95,6.3,5.95,6.02
2025-04-23,6.0,6.1,5.75,5.77
2025-04-24,5.73,5.75,5.53,5.58
2025-04-25,5.6,5.67,5.52,5.63
2025-04-28,5.6,5.61,5.45,5.45
2025-04-29,5.4,5.55,5.38,5.52
2025-04-30,5.5,5.67,5.49,5.57
2025-05-06,5.63,5.76,5.62,5.76
2025-05-07,5.82,5.88,5.71,5.8
2025-05-08,5.79,5.89,5.78,5.87
2025-05-09,5.84,5.84,5.7,5.73
2025-05-12,5.79,5.82,5.75,5.81
2025-05-13,5.83,5.9,5.75,5.76
2025-05-14,5.77,5.92,5.76,5.81
2025-05-15,5.8,5.82,5.68,5.68
2025-05-16,5.65,5.8,5.64,5.75
2025-05-19,5.73,5.78,5.66,5.78
2025-05-20,5.75,5.8,5.71,5.79
2025-05-21,5.76,5.78,5.67,5.74
2025-05-22,5.7,5.76,5.58,5.6
2025-05-23,5.6,5.65,5.52,5.52
2025-05-26,5.5,5.63,5.49,5.62
2025-05-27,5.61,5.66,5.56,5.66
2025-05-28,5.66,5.67,5.56,5.58
2025-05-29,5.6,5.79,5.57,5.76
2025-05-30,5.75,5.76,5.59,5.61
2025-06-03,5.59,5.65,5.57,5.6
2025-06-04,5.6,5.72,5.58,5.69
2025-06-05,5.68,5.85,5.62,5.8
2025-06-06,5.76,5.8,5.72,5.76
2025-06-09,5.76,5.82,5.75,5.8
2025-06-10,5.8,5.81,5.63,5.7
2025-06-11,5.77,5.89,5.74,5.78
2025-06-12,5.74,5.78,5.7,5.75
2025-06-13,5.7,5.72,5.53,5.54
2025-06-16,5.51,5.96,5.5,5.84
2025-06-17,5.78,5.83,5.74,5.79
2025-06-18,5.78,5.91,5.7,5.88
2025-06-19,5.99,6.28,5.95,6.0
2025-06-20,6.04,6.24,6.03,6.19
2025-06-23,6.05,6.35,5.95,6.25
2025-06-24,6.15,6.34,6.13,6.29
2025-06-25,6.3,6.56,6.13,6.29
2025-06-26,6.23,6.43,6.17,6.18
2025-06-27,6.16,6.65,6.13,6.35
2025-06-30,6.28,6.69,6.28,6.57
2025-07-01,6.73,7.23,6.47,6.92
2025-07-02,6.83,6.87,6.49,6.55
2025-07-03,6.5,6.83,6.44,6.78
2025-07-04,6.72,7.07,6.69,6.79
2025-07-07,6.75,7.09,6.66,6.9
2025-07-08,6.84,7.59,6.81,7.59
2025-07-09,7.77,7.86,7.28,7.35
2025-07-10,7.65,7.8,7.21,7.49
2025-07-11,7.27,7.36,7.03,7.04
2025-07-14,6.99,7.0,6.76,6.8
2025-07-15,6.77,6.86,6.67,6.83
2025-07-16,6.77,6.91,6.66,6.76
2025-07-17,6.71,6.98,6.69,6.92
2025-07-18,6.95,7.03,6.82,6.85
2025-07-21,6.85,6.94,6.83,6.9
2025-07-22,6.88,6.9,6.68,6.73
2025-07-23,6.68,6.74,6.61,6.61
2025-07-24,6.6,6.74,6.59,6.71
2025-07-25,6.68,6.71,6.63,6.68
2025-07-28,6.7,7.12,6.66,7.01
2025-07-29,6.9,7.16,6.9,7.16
2025-07-30,7.17,7.18,7.0,7.09
2025-07-31,7.08,7.27,6.98,7.03
2025-08-01,6.95,7.1,6.82,6.95
2025-08-04,6.9,6.93,6.83,6.93
2025-08-05,6.93,6.98,6.84,6.9
2025-08-06,6.88,6.97,6.82,6.93
2025-08-07,6.94,7.6,6.93,7.16
2025-08-08,7.09,7.24,7.03,7.2
2025-08-11,7.16,7.29,7.12,7.19
2025-08-12,7.18,7.33,7.08,7.22
2025-08-13,7.22,7.43,7.2,7.42
2025-08-14,7.4,7.41,7.1,7.15
2025-08-15,7.09,7.87,7.09,7.87
2025-08-18,8.13,8.55,8.05,8.32
2025-08-19,8.19,8.3,8.05,8.21
2025-08-20,8.15,9.03,7.97,9.03
2025-08-21,8.85,8.98,8.31,8.39
2025-08-22,8.4,8.6,8.3,8.33
2025-08-25,8.35,8.46,8.1,8.39
2025-08-26,8.32,8.5,8.22,8.28
2025-08-27,8.23,8.33,7.8,7.81
2025-08-28,7.8,8.27,7.8,8.27
2025-08-29,8.35,8.38,8.13,8.17
2025-09-01,8.2,8.38,8.08,8.25
2025-09-02,8.25,8.66,8.11,8.18
2025-09-03,8.16,8.27,7.94,8.03
2025-09-04,8.13,8.19,7.43,7.59
2025-09-05,7.61,7.88,7.57,7.87
2025-09-08,7.83,7.87,7.69,7.78
2025-09-09,7.75,7.77,7.45,7.49
2025-09-10,7.52,7.65,7.46,7.54
2025-09-11,7.54,7.97,7.54,7.93
2025-09-12,7.93,8.12,7.75,8.02
2025-09-15,8.01,8.27,7.83,8.22
2025-09-16,8.08,8.14,7.96,8.05
2025-09-17,8.04,8.1,7.9,7.96
2025-09-18,7.95,8.33,7.93,8.11
2025-09-19,8.08,8.28,8.0,8.06
2025-09-22,7.95,8.24,7.95,8.18
2025-09-23,8.23,8.36,7.98,8.28
2025-09-24,8.25,8.44,8.15,8.36
2025-09-25,8.35,8.4,8.15,8.18
2025-09-26,8.18,8.18,7.76,7.76
2025-09-29,7.75,7.92,7.68,7.9
2025-09-30,7.98,8.03,7.66,7.7
2025-10-09,7.95,8.13,7.78,7.81
2025-10-10,7.68,7.77,7.52,7.59
2025-10-13,7.25,7.54,7.1,7.53
2025-10-14,7.56,7.63,7.08,7.11
2025-10-15,7.11,7.22,7.06,7.21
2025-10-16,7.2,7.21,6.98,7.03
2025-10-17,7.06,7.07,6.77,6.77
2025-10-20,6.84,6.99,6.83,6.88
2025-10-21,6.84,7.12,6.84,7.07
2025-10-22,7.07,7.17,7.0,7.09
2025-10-23,7.06,7.1,6.96,7.09
2025-10-24,7.13,7.28,7.1,7.26
2025-10-27,7.28,7.46,7.26,7.3
2025-10-28,7.24,7.6,7.21,7.49
2025-10-29,7.51,7.69,7.45,7.53
2025-10-30,7.41,7.46,7.25,7.34
2025-10-31,7.37,7.48,7.29,7.34
2025-11-03,7.33,7.34,7.14,7.31
2025-11-04,7.29,7.3,7.13,7.19
2025-11-05,7.16,7.29,7.13,7.25
2025-11-06,7.6,7.94,7.37,7.53
2025-11-07,7.31,7.45,7.28,7.3
2025-11-10,7.3,7.34,7.23,7.33
2025-11-11,7.33,7.43,7.28,7.38
2025-11-12,7.32,7.32,7.07,7.13
2025-11-13,7.11,7.27,7.09,7.23
2025-11-14,7.18,7.2,7.1,7.11
2025-11-17,7.11,7.36,7.11,7.24
2025-11-18,7.14,7.39,7.1,7.15
2025-11-19,7.11,7.45,7.1,7.38
2025-11-20,7.92,8.12,7.62,7.79
2025-11-21,7.3,7.45,7.01,7.01
2025-11-24,6.94,7.0,6.6,6.73
2025-11-25,6.81,7.02,6.75,6.89
2025-11-26,6.82,7.01,6.76,6.83
2025-11-27,6.85,7.18,6.84,7.11
2025-11-28,7.03,7.12,6.99,7.06
2025-12-01,7.06,7.28,7.01,7.27
2025-12-02,7.22,7.27,7.12,7.15
2025-12-03,7.16,7.18,7.03,7.07
2025-12-04,7.05,7.1,6.96,7.04
2025-12-05,7.05,7.15,6.97,7.15
2025-12-08,7.17,7.37,7.15,7.33
2025-12-09,7.35,7.52,7.31,7.48
2025-12-10,7.36,7.53,7.35,7.48
2025-12-11,7.49,7.52,7.3,7.31
2025-12-12,7.28,7.35,7.17,7.24
2025-12-15,7.14,7.26,7.12,7.17
2025-12-16,7.17,7.17,6.95,7.04
2025-12-17,7.0,7.15,6.88,7.12
2025-12-18,7.05,7.19,7.02,7.03
2025-12-19,7.08,7.11,7.01,7.03
2025-12-22,7.07,7.27,7.05,7.19
2025-12-23,7.19,7.35,7.16,7.26
2025-12-24,7.25,7.78,7.25,7.7
2025-12-25,7.69,7.71,7.56,7.59
2025-12-26,7.54,7.68,7.52,7.58
2025-12-29,7.63,7.66,7.52,7.62
2025-12-30,7.54,7.62,7.47,7.49
2025-12-31,7.52,7.56,7.36,7.39
2026-01-05,7.41,7.63,7.36,7.57
2026-01-06,7.57,7.65,7.53,7.63
2026-01-07,7.69,7.87,7.63,7.77
2026-01-08,7.72,7.92,7.69,7.74
2026-01-09,7.7,7.78,7.65,7.72
2026-01-12,7.72,7.8,7.66,7.78
2026-01-13,7.75,7.83,7.52,7.57
2026-01-14,7.56,7.71,7.45,7.58
2026-01-15,7.54,8.34,7.5,8.19
2026-01-16,8.2,8.2,7.98,8.08
2026-01-19,8.0,8.12,7.94,8.07
2026-01-20,8.07,8.32,8.05,8.16
2026-01-21,8.06,8.92,8.06,8.54
2026-01-22,8.69,8.95,8.52,8.75
2026-01-23,8.85,9.13,8.81,8.85
2026-01-26,8.82,9.04,8.79,8.87
2026-01-27,8.83,8.96,8.58,8.9
2026-01-28,8.88,9.02,8.71,8.85
2026-01-29,8.85,9.16,8.79,8.9
2026-01-30,8.78,9.36,8.69,9.27
2026-02-02,9.21,9.66,9.09,9.11
2026-02-03,9.29,9.38,9.09,9.31
2026-02-04,9.39,9.74,9.33,9.68
2026-02-05,9.58,9.83,9.18,9.25
2026-02-06,9.15,9.32,8.94,8.99
2026-02-09,9.15,9.35,9.09,9.33
2026-02-10,9.38,9.62,9.23,9.46
2026-02-11,9.41,9.92,9.36,9.57
2026-02-12,9.65,9.73,9.45,9.62
2026-02-13,9.58,9.92,9.45,9.69
2026-02-24,9.86,10.66,9.8,10.59
2026-02-25,10.68,11.63,10.61,11.54
2026-02-26,11.27,12.34,11.21,12.19
2026-02-27,11.81,11.93,11.36,11.54
2026-03-02,11.31,11.49,11.06,11.12
2026-03-03,11.35,11.52,10.78,10.81
2026-03-04,10.62,11.05,10.58,10.69
2026-03-05,10.98,11.1,10.52,10.64
2026-03-06,10.57,10.69,10.36,10.51
2026-03-09,10.3,10.3,9.8,10.25
2026-03-10,10.4,10.97,10.36,10.78
2026-03-11,10.88,11.13,10.73,10.76
2026-03-12,10.67,10.94,10.45,10.58
2026-03-13,10.41,10.94,10.4,10.69
2026-03-16,10.69,11.08,10.55,11.04
2026-03-17,11.0,11.0,10.36,10.38
2026-03-18,10.4,10.83,10.38,10.74
2026-03-19,10.4,10.8,10.39,10.53
2026-03-20,10.74,10.8,9.91,9.91
2026-03-23,9.69,9.78,9.07,9.14
2026-03-24,9.35,9.55,9.09,9.5
2026-03-25,9.51,9.85,9.51,9.69
2026-03-26,9.61,9.72,9.34,9.4
2026-03-27,9.18,10.34,9.12,10.34
2026-03-30,10.15,10.47,10.03,10.2
2026-03-31,10.28,10.28,9.79,9.84
2026-04-01,10.09,10.4,10.07,10.14
2026-04-02,10.2,10.2,9.59,9.71
2026-04-03,9.83,9.98,9.67,9.7
2026-04-07,9.95,10.67,9.9,10.67
2026-04-08,10.74,11.08,10.71,11.01
2026-04-09,10.81,11.21,10.75,11.1
2026-04-10,11.12,11.2,10.9,10.94
2026-04-13,10.82,11.97,10.8,11.69
2026-04-14,11.82,12.86,11.65,12.86
2026-04-15,13.0,14.14,12.66,12.88
2026-04-16,12.8,13.22,12.51,12.89
2026-04-17,12.94,13.28,12.86,12.94
2026-04-20,13.04,13.48,12.88,13.28
2026-04-21,13.1,14.6,13.01,13.86
2026-04-22,13.62,14.21,13.19,13.88
2026-04-23,13.6,14.2,13.58,13.87
2026-04-24,13.7,14.76,13.65,14.39
2026-04-27,14.42,15.32,14.15,15.15
2026-04-28,14.91,15.6,14.37,14.75
2026-04-29,13.98,14.96,13.96,14.34
2026-04-30,14.53,14.66,13.8,13.82
2026-05-06,14.0,14.44,13.83,13.93
2026-05-07,13.94,15.32,13.68,15.32
2026-05-08,15.5,15.74,14.84,15.32
2026-05-11,15.6,15.68,15.08,15.31
2026-05-12,15.21,15.38,14.72,15.1
2026-05-13,14.8,16.61,14.61,16.19
2026-05-14,16.33,17.02,15.44,16.35
2026-05-15,17.5,17.53,14.88,15.14
2026-05-18,14.85,15.65,14.73,14.98
2026-05-19,14.73,16.0,14.47,15.83
2026-05-20,15.83,16.1,15.47,15.66
2026-05-21,15.8,16.86,15.02,15.12
2026-05-22,15.13,16.42,15.13,16.29
2026-05-25,16.48,17.03,16.21,16.52
2026-05-26,16.53,17.38,16.03,16.98
2026-05-27,17.0,17.47,15.94,16.56
2026-05-28,16.16,17.42,16.16,17.42
2026-05-29,17.3,18.56,16.2,16.58
2026-06-01,16.29,17.74,16.2,17.04
2026-06-02,16.7,18.74,16.67,18.38
2026-06-03,18.29,18.56,17.04,17.31
2026-06-04,16.85,17.68,16.12,17.57
2026-06-05,17.25,17.6,16.68,16.75
2026-06-08,15.16,15.84,15.08,15.08
2026-06-09,15.65,16.59,15.64,16.59
2026-06-10,17.0,18.25,17.0,18.25
2026-06-11,18.35,18.49,17.22,17.9
2026-06-12,17.96,18.5,17.31,17.43
2026-06-15,17.76,19.17,17.6,19.17
2026-06-16,19.89,21.09,19.88,21.09
2026-06-17,21.5,23.2,21.5,23.2
2026-06-18,23.64,24.65,22.67,23.58
2026-06-22,23.66,25.94,23.11,25.94
2026-06-23,26.0,26.45,23.35,23.35
2026-06-24,22.57,23.97,22.5,23.49
2026-06-25,23.07,25.15,22.78,24.95
2026-06-26,24.18,27.45,23.68,26.23
2026-06-29,27.0,27.01,23.61,24.32
2026-06-30,24.03,24.52,23.23,24.17
2026-07-01,23.69,25.6,23.41,23.78
2026-07-02,22.61,24.7,22.11,22.79
2026-07-03,22.0,23.5,21.87,22.38
2026-07-06,22.78,23.8,21.15,21.47
2026-07-07,21.89,22.1,20.43,20.79
2026-07-08,21.03,21.2,19.4,19.8
2026-07-09,20.14,20.36,18.94,20.06
2026-07-10,20.05,21.1,18.99,19.0
2026-07-13,18.67,19.03,17.1,17.1
2026-07-14,16.63,18.42,16.4,18.2
2026-07-15,19.3,19.38,18.13,18.17
2026-07-16,17.66,18.76,16.99,17.23
2026-07-17,17.57,17.68,15.88,15.95
2026-07-20,16.2,16.26,14.36,14.36
2026-07-21,13.69,14.48,12.92,14.46
2026-07-22,13.8,14.89,13.6,13.8
2026-07-23,14.08,14.78,13.6,13.94
2026-07-24,13.57,14.35,13.34,13.49
2026-07-27,13.65,14.34,13.15,14.31
2026-07-28,13.97,14.45,13.07,13.27
2026-07-29,13.1,13.33,11.97,12.53
2026-07-30,12.5,12.59,11.36,11.54
2026-07-31,12.38,12.69,12.1,12.31
2026-08-03,12.1,12.4,11.65,11.75
2026-08-04,11.9,12.61,11.73,12.51
2026-08-05,12.4,13.66,12.31,13.52
2026-08-06,13.3,14.32,13.2,14.04
2026-08-07,14.08,15.44,13.77,15.05
2026-08-10,15.48,15.75,14.63,15.18
2026-08-11,15.06,15.38,14.77,14.93
2026-08-12,15.12,15.46,14.81,15.31
2026-08-13,15.6,16.12,15.12,15.13
2026-08-14,15.21,16.64,15.21,15.99
2026-08-17,16.25,17.59,16.2,17.59
2026-08-18,18.54,19.0,17.5,17.84
2026-08-19,17.07,18.0,16.3,16.47
2026-08-20,16.88,16.89,16.0,16.32
2026-08-21,16.28,16.85,15.89,16.52
2026-08-24,16.61,16.72,15.15,15.66
2026-08-25,15.0,15.78,14.98,15.52
2026-08-26,15.75,15.85,14.89,15.37
2026-08-27,15.64,16.91,15.64,16.91
2026-08-28,17.4,18.46,17.1,17.67
2026-08-31,17.4,17.9,17.1,17.54
2026-09-01,17.55,17.6,16.72,16.75
2026-09-02,16.45,16.98,16.3,16.52
2026-09-03,16.78,16.79,15.58,15.89
2026-09-04,15.97,16.3,14.96,15.11
2026-09-07,15.2,16.62,15.12,16.32
2026-09-08,16.16,16.96,16.16,16.42
2026-09-09,16.39,16.96,16.25,16.41
2026-09-10,16.06,17.23,16.0,16.81
2026-09-11,16.41,17.56,15.74,17.46
2026-09-14,17.25,19.21,16.7,18.81
2026-09-15,18.46,19.48,18.46,18.87
