date,open,high,low,close,vol,amount
2011-12-09 15:00:00,0.795,0.814,0.795,0.797,1061772.0,85143976.0
2011-12-12 15:00:00,0.79,0.803,0.79,0.79,311065.0,24856696.0
2011-12-13 15:00:00,0.788,0.788,0.763,0.768,967443.0,74527488.0
2011-12-14 15:00:00,0.768,0.777,0.755,0.76,816094.0,62820184.0
2011-12-15 15:00:00,0.755,0.764,0.747,0.752,417005.0,31372890.0
2011-12-16 15:00:00,0.75,0.784,0.748,0.781,829384.0,63512992.0
2011-12-19 15:00:00,0.775,0.795,0.766,0.795,1068735.0,83155280.0
2011-12-20 15:00:00,0.795,0.8,0.78,0.78,651991.0,51697416.0
2011-12-21 15:00:00,0.786,0.791,0.766,0.766,485425.0,37964792.0
2011-12-22 15:00:00,0.756,0.768,0.73,0.757,709384.0,53194488.0
2011-12-23 15:00:00,0.75,0.773,0.749,0.761,1013603.0,77374056.0
2011-12-26 15:00:00,0.759,0.773,0.751,0.755,456854.0,34883836.0
2011-12-27 15:00:00,0.75,0.754,0.727,0.729,1099159.0,81111920.0
2011-12-28 15:00:00,0.72,0.724,0.703,0.719,1157038.0,82723712.0
2011-12-29 15:00:00,0.713,0.726,0.711,0.718,339720.0,24384470.0
2011-12-30 15:00:00,0.723,0.732,0.722,0.729,772575.0,56350412.0
2012-01-04 15:00:00,0.735,0.739,0.708,0.708,360493.0,26238606.0
2012-01-05 15:00:00,0.705,0.705,0.666,0.672,663822.0,45442460.0
2012-01-06 15:00:00,0.668,0.676,0.647,0.67,1387940.0,91888784.0
2012-01-09 15:00:00,0.667,0.698,0.658,0.696,1778470.0,121144408.0
2012-01-10 15:00:00,0.696,0.722,0.691,0.72,755561.0,53514932.0
2012-01-11 15:00:00,0.717,0.731,0.711,0.723,1259413.0,90911696.0
2012-01-12 15:00:00,0.717,0.73,0.71,0.711,798386.0,57588940.0
2012-01-13 15:00:00,0.709,0.711,0.666,0.668,2112041.0,144361264.0
2012-01-16 15:00:00,0.656,0.66,0.635,0.635,925035.0,60088860.0
2012-01-17 15:00:00,0.635,0.67,0.627,0.666,2269982.0,148188816.0
2012-01-18 15:00:00,0.665,0.669,0.624,0.624,877041.0,56889724.0
2012-01-19 15:00:00,0.619,0.639,0.615,0.635,1010846.0,63936744.0
2012-01-20 15:00:00,0.634,0.653,0.634,0.648,1076399.0,69456704.0
2012-01-30 15:00:00,0.649,0.663,0.645,0.655,923796.0,60531024.0
2012-01-31 15:00:00,0.652,0.655,0.638,0.65,620032.0,40008396.0
2012-02-01 15:00:00,0.651,0.666,0.648,0.653,1507847.0,99015040.0
2012-02-02 15:00:00,0.654,0.67,0.653,0.67,738967.0,48864460.0
2012-02-03 15:00:00,0.669,0.685,0.664,0.682,1039458.0,70136480.0
2012-02-06 15:00:00,0.683,0.693,0.683,0.69,1299405.0,89274216.0
2012-02-07 15:00:00,0.683,0.685,0.671,0.675,1092322.0,73984416.0
2012-02-08 15:00:00,0.677,0.697,0.671,0.696,2008554.0,138357152.0
2012-02-09 15:00:00,0.694,0.708,0.693,0.701,1164092.0,81658824.0
2012-02-10 15:00:00,0.7,0.708,0.695,0.701,1130998.0,79364368.0
2012-02-13 15:00:00,0.694,0.721,0.691,0.718,1172846.0,83228128.0
2012-02-14 15:00:00,0.715,0.719,0.708,0.715,580792.0,41446512.0
2012-02-15 15:00:00,0.714,0.727,0.708,0.726,791498.0,56890900.0
2012-02-16 15:00:00,0.723,0.734,0.715,0.723,500557.0,36292632.0
2012-02-17 15:00:00,0.726,0.728,0.71,0.719,679877.0,48817024.0
2012-02-20 15:00:00,0.725,0.734,0.722,0.723,391839.0,28510220.0
2012-02-21 15:00:00,0.721,0.739,0.716,0.738,773069.0,56310960.0
2012-02-22 15:00:00,0.738,0.767,0.737,0.762,1931576.0,145668224.0
2012-02-23 15:00:00,0.765,0.768,0.75,0.76,1242343.0,94457360.0
2012-02-24 15:00:00,0.758,0.768,0.755,0.764,1364450.0,103963552.0
2012-02-27 15:00:00,0.764,0.774,0.761,0.763,1102135.0,84590328.0
2012-02-28 15:00:00,0.758,0.759,0.74,0.75,938066.0,70379312.0
2012-02-29 15:00:00,0.745,0.751,0.734,0.737,827837.0,61373416.0
2012-03-01 15:00:00,0.733,0.75,0.733,0.743,825474.0,61405432.0
2012-03-02 15:00:00,0.744,0.759,0.743,0.759,645976.0,48707204.0
2012-03-05 15:00:00,0.76,0.769,0.758,0.761,471584.0,36037264.0
2012-03-06 15:00:00,0.756,0.76,0.744,0.752,541517.0,40655336.0
2012-03-07 15:00:00,0.743,0.761,0.74,0.749,613844.0,46156960.0
2012-03-08 15:00:00,0.75,0.766,0.75,0.765,401791.0,30555142.0
2012-03-09 15:00:00,0.767,0.78,0.765,0.779,1229444.0,95119584.0
2012-03-12 15:00:00,0.783,0.787,0.779,0.786,1078037.0,84349752.0
2012-03-13 15:00:00,0.787,0.794,0.783,0.793,353074.0,27843720.0
2012-03-14 15:00:00,0.8,0.802,0.751,0.756,1256207.0,97200552.0
2012-03-15 15:00:00,0.759,0.762,0.735,0.747,1291506.0,96567648.0
2012-03-16 15:00:00,0.749,0.769,0.747,0.767,983076.0,74565376.0
2012-03-19 15:00:00,0.764,0.783,0.763,0.78,654365.0,50532544.0
2012-03-20 15:00:00,0.775,0.776,0.755,0.756,890518.0,68206128.0
2012-03-21 15:00:00,0.759,0.763,0.738,0.75,681998.0,50961556.0
2012-03-22 15:00:00,0.75,0.759,0.743,0.752,513535.0,38611832.0
2012-03-23 15:00:00,0.75,0.752,0.735,0.74,776488.0,57804280.0
2012-03-26 15:00:00,0.738,0.744,0.732,0.739,215877.0,15910669.0
2012-03-27 15:00:00,0.746,0.748,0.735,0.737,372738.0,27699842.0
2012-03-28 15:00:00,0.733,0.733,0.699,0.7,462982.0,32966596.0
2012-03-29 15:00:00,0.698,0.698,0.678,0.686,643974.0,44421676.0
2012-03-30 15:00:00,0.686,0.69,0.677,0.683,278797.0,19028336.0
2012-04-05 15:00:00,0.68,0.702,0.678,0.701,648609.0,44924072.0
2012-04-06 15:00:00,0.7,0.708,0.695,0.703,505092.0,35485592.0
2012-04-09 15:00:00,0.701,0.705,0.691,0.691,255383.0,17836990.0
2012-04-10 15:00:00,0.691,0.701,0.675,0.7,432217.0,29705702.0
2012-04-11 15:00:00,0.69,0.704,0.688,0.701,405369.0,28306942.0
2012-04-12 15:00:00,0.701,0.718,0.699,0.718,713463.0,50714408.0
2012-04-13 15:00:00,0.719,0.728,0.716,0.722,635922.0,45925376.0
2012-04-16 15:00:00,0.715,0.723,0.713,0.719,370351.0,26581620.0
2012-04-17 15:00:00,0.719,0.721,0.708,0.71,350163.0,24975120.0
2012-04-18 15:00:00,0.713,0.73,0.712,0.728,1247347.0,90213544.0
2012-04-19 15:00:00,0.726,0.732,0.724,0.728,618379.0,45105524.0
2012-04-20 15:00:00,0.726,0.732,0.723,0.729,546081.0,39793484.0
2012-04-23 15:00:00,0.725,0.725,0.686,0.686,1416033.0,98936168.0
2012-04-24 15:00:00,0.681,0.691,0.664,0.683,682601.0,46442464.0
2012-04-25 15:00:00,0.681,0.688,0.676,0.684,349221.0,23827828.0
2012-04-26 15:00:00,0.689,0.689,0.676,0.681,361390.0,24719898.0
2012-04-27 15:00:00,0.68,0.693,0.678,0.688,444964.0,30608612.0
2012-05-02 15:00:00,0.696,0.701,0.689,0.698,661551.0,46100124.0
2012-05-03 15:00:00,0.697,0.704,0.694,0.703,580504.0,40676464.0
2012-05-04 15:00:00,0.703,0.719,0.703,0.719,849684.0,60671968.0
2012-05-07 15:00:00,0.717,0.737,0.714,0.737,961354.0,69948272.0
2012-05-08 15:00:00,0.739,0.743,0.734,0.734,1159377.0,85664872.0
2012-05-09 15:00:00,0.729,0.733,0.722,0.724,644415.0,46811216.0
2012-05-10 15:00:00,0.725,0.735,0.723,0.732,759576.0,55535880.0
2012-05-11 15:00:00,0.73,0.735,0.722,0.722,581807.0,42365968.0
2012-05-14 15:00:00,0.728,0.735,0.721,0.722,884658.0,64332808.0
2012-05-15 15:00:00,0.718,0.725,0.713,0.724,431853.0,31057994.0
2012-05-16 15:00:00,0.723,0.727,0.714,0.714,609531.0,43806596.0
2012-05-17 15:00:00,0.715,0.724,0.707,0.72,512169.0,36787880.0
2012-05-18 15:00:00,0.715,0.722,0.709,0.712,310182.0,22262298.0
2012-05-21 15:00:00,0.712,0.717,0.703,0.708,625508.0,44519544.0
2012-05-22 15:00:00,0.711,0.722,0.711,0.721,427355.0,30676894.0
2012-05-23 15:00:00,0.72,0.722,0.71,0.716,190881.0,13691500.0
2012-05-24 15:00:00,0.715,0.723,0.714,0.716,608668.0,43765896.0
2012-05-25 15:00:00,0.718,0.72,0.705,0.706,350700.0,24978678.0
2012-05-28 15:00:00,0.701,0.714,0.69,0.712,863871.0,60861792.0
2012-05-29 15:00:00,0.709,0.733,0.708,0.725,570213.0,41273292.0
2012-05-30 15:00:00,0.725,0.737,0.723,0.732,505872.0,37042128.0
2012-05-31 15:00:00,0.73,0.747,0.728,0.74,851395.0,62884140.0
2012-06-01 15:00:00,0.739,0.746,0.735,0.739,424837.0,31423674.0
2012-06-04 15:00:00,0.727,0.741,0.723,0.723,399901.0,29143408.0
2012-06-05 15:00:00,0.724,0.73,0.718,0.721,246055.0,17801090.0
2012-06-06 15:00:00,0.723,0.729,0.716,0.72,187240.0,13561865.0
2012-06-07 15:00:00,0.725,0.732,0.715,0.717,172865.0,12494832.0
2012-06-08 15:00:00,0.724,0.728,0.715,0.721,606894.0,43936336.0
2012-06-11 15:00:00,0.721,0.744,0.72,0.744,889516.0,65296980.0
2012-06-12 15:00:00,0.74,0.746,0.738,0.741,1617943.0,119912728.0
2012-06-13 15:00:00,0.743,0.753,0.742,0.752,625821.0,46867352.0
2012-06-14 15:00:00,0.751,0.757,0.744,0.745,574178.0,43133876.0
2012-06-15 15:00:00,0.748,0.753,0.739,0.747,420843.0,31462466.0
2012-06-18 15:00:00,0.755,0.763,0.751,0.759,414608.0,31380788.0
2012-06-19 15:00:00,0.758,0.758,0.751,0.752,394249.0,29741090.0
2012-06-20 15:00:00,0.755,0.758,0.751,0.754,795285.0,59971588.0
2012-06-21 15:00:00,0.753,0.753,0.737,0.744,350100.0,26018150.0
2012-06-25 15:00:00,0.74,0.742,0.729,0.73,248726.0,18304532.0
2012-06-26 15:00:00,0.725,0.727,0.71,0.721,979512.0,70325080.0
2012-06-27 15:00:00,0.72,0.736,0.719,0.725,538399.0,39309280.0
2012-06-28 15:00:00,0.726,0.735,0.716,0.716,388718.0,28158120.0
2012-06-29 15:00:00,0.713,0.734,0.712,0.734,1030934.0,74359840.0
2012-07-02 15:00:00,0.74,0.753,0.735,0.75,484548.0,36073396.0
2012-07-03 15:00:00,0.747,0.758,0.745,0.749,417137.0,31338314.0
2012-07-04 15:00:00,0.752,0.753,0.742,0.743,265669.0,19859268.0
2012-07-05 15:00:00,0.741,0.741,0.726,0.728,771298.0,56525684.0
2012-07-06 15:00:00,0.732,0.745,0.718,0.745,1664872.0,122166128.0
2012-07-09 15:00:00,0.74,0.743,0.725,0.725,677716.0,50016696.0
2012-07-10 15:00:00,0.724,0.727,0.716,0.72,631005.0,45489552.0
2012-07-11 15:00:00,0.719,0.726,0.713,0.726,427003.0,30766078.0
2012-07-12 15:00:00,0.723,0.742,0.721,0.738,640806.0,47011576.0
2012-07-13 15:00:00,0.737,0.741,0.726,0.73,435717.0,32012362.0
2012-07-16 15:00:00,0.73,0.73,0.696,0.697,285046.0,20278306.0
2012-07-17 15:00:00,0.688,0.702,0.688,0.702,410815.0,28685796.0
2012-07-18 15:00:00,0.698,0.708,0.69,0.707,649550.0,45437908.0
2012-07-19 15:00:00,0.704,0.72,0.704,0.714,713164.0,51019152.0
2012-07-20 15:00:00,0.714,0.719,0.709,0.71,281832.0,20140610.0
2012-07-23 15:00:00,0.701,0.714,0.701,0.711,254230.0,18036372.0
2012-07-24 15:00:00,0.707,0.718,0.702,0.711,490172.0,34904084.0
2012-07-25 15:00:00,0.711,0.721,0.708,0.713,370049.0,26516096.0
2012-07-26 15:00:00,0.712,0.723,0.709,0.712,396289.0,28399628.0
2012-07-27 15:00:00,0.715,0.716,0.704,0.709,193436.0,13711896.0
2012-07-30 15:00:00,0.708,0.714,0.692,0.694,129821.0,9111297.0
2012-07-31 15:00:00,0.691,0.693,0.678,0.683,1392908.0,95599448.0
2012-08-01 15:00:00,0.682,0.701,0.682,0.695,811924.0,56391312.0
2012-08-02 15:00:00,0.694,0.7,0.689,0.695,396258.0,27520222.0
2012-08-03 15:00:00,0.697,0.719,0.695,0.719,596821.0,42331324.0
2012-08-06 15:00:00,0.714,0.738,0.712,0.736,846426.0,61664248.0
2012-08-07 15:00:00,0.736,0.743,0.735,0.741,390165.0,28826362.0
2012-08-08 15:00:00,0.741,0.741,0.728,0.735,287187.0,21084484.0
2012-08-09 15:00:00,0.736,0.749,0.732,0.748,622063.0,46290404.0
2012-08-10 15:00:00,0.747,0.75,0.739,0.748,260095.0,19398272.0
2012-08-13 15:00:00,0.746,0.747,0.732,0.732,202545.0,14989556.0
2012-08-14 15:00:00,0.73,0.743,0.717,0.742,809271.0,59010800.0
2012-08-15 15:00:00,0.739,0.742,0.733,0.734,402847.0,29709818.0
2012-08-16 15:00:00,0.732,0.736,0.727,0.729,172661.0,12617883.0
2012-08-17 15:00:00,0.727,0.729,0.718,0.727,428044.0,30988098.0
2012-08-20 15:00:00,0.719,0.738,0.717,0.736,739893.0,54121184.0
2012-08-21 15:00:00,0.735,0.758,0.734,0.753,959658.0,72001008.0
2012-08-22 15:00:00,0.753,0.762,0.747,0.752,690739.0,52180764.0
2012-08-23 15:00:00,0.751,0.758,0.748,0.755,681603.0,51401604.0
2012-08-24 15:00:00,0.753,0.756,0.739,0.739,348915.0,26071766.0
2012-08-27 15:00:00,0.736,0.736,0.726,0.728,575115.0,42101080.0
2012-08-28 15:00:00,0.727,0.74,0.722,0.733,1041455.0,76263560.0
2012-08-29 15:00:00,0.73,0.741,0.727,0.731,714669.0,52576128.0
2012-08-30 15:00:00,0.727,0.734,0.697,0.707,2098216.0,149871632.0
2012-08-31 15:00:00,0.704,0.715,0.702,0.713,703634.0,50058588.0
2012-09-03 15:00:00,0.71,0.73,0.705,0.729,914800.0,66276076.0
2012-09-04 15:00:00,0.729,0.737,0.725,0.728,410945.0,30047730.0
2012-09-05 15:00:00,0.724,0.738,0.722,0.736,637442.0,46733236.0
2012-09-06 15:00:00,0.738,0.745,0.732,0.744,504693.0,37307772.0
2012-09-07 15:00:00,0.748,0.776,0.748,0.766,1315267.0,100300344.0
2012-09-10 15:00:00,0.768,0.77,0.76,0.767,779668.0,59701860.0
2012-09-11 15:00:00,0.764,0.768,0.76,0.766,264110.0,20193734.0
2012-09-12 15:00:00,0.768,0.771,0.758,0.766,567210.0,43416308.0
2012-09-13 15:00:00,0.766,0.771,0.751,0.751,263806.0,20140688.0
2012-09-14 15:00:00,0.755,0.759,0.745,0.748,517150.0,38876876.0
2012-09-17 15:00:00,0.746,0.746,0.727,0.727,358803.0,26476534.0
2012-09-18 15:00:00,0.723,0.736,0.723,0.729,647043.0,47298220.0
2012-09-19 15:00:00,0.729,0.736,0.727,0.734,883205.0,64745008.0
2012-09-20 15:00:00,0.733,0.733,0.707,0.712,269996.0,19394154.0
2012-09-21 15:00:00,0.712,0.713,0.694,0.694,1044144.0,73534584.0
2012-09-24 15:00:00,0.69,0.702,0.682,0.696,1210178.0,84208800.0
2012-09-25 15:00:00,0.69,0.699,0.684,0.684,224576.0,15544724.0
2012-09-26 15:00:00,0.686,0.687,0.664,0.666,299801.0,20236870.0
2012-09-27 15:00:00,0.67,0.686,0.668,0.683,1262489.0,85739184.0
2012-09-28 15:00:00,0.677,0.696,0.674,0.696,1811373.0,125074488.0
2012-10-08 15:00:00,0.69,0.697,0.68,0.697,218136.0,15099692.0
2012-10-09 15:00:00,0.698,0.718,0.693,0.717,689315.0,49106544.0
2012-10-10 15:00:00,0.716,0.727,0.711,0.725,622087.0,44936712.0
2012-10-11 15:00:00,0.725,0.729,0.715,0.717,336412.0,24295744.0
2012-10-12 15:00:00,0.717,0.726,0.703,0.711,546107.0,39067624.0
2012-10-15 15:00:00,0.712,0.712,0.697,0.708,172886.0,12157043.0
2012-10-16 15:00:00,0.707,0.716,0.702,0.709,660981.0,46956476.0
2012-10-17 15:00:00,0.709,0.715,0.704,0.713,586841.0,41713836.0
2012-10-18 15:00:00,0.713,0.727,0.713,0.724,660799.0,47660848.0
2012-10-19 15:00:00,0.724,0.727,0.719,0.723,200999.0,14510928.0
2012-10-22 15:00:00,0.717,0.729,0.717,0.728,170945.0,12399679.0
2012-10-23 15:00:00,0.729,0.73,0.712,0.713,255885.0,18384490.0
2012-10-24 15:00:00,0.708,0.718,0.708,0.711,187707.0,13418404.0
2012-10-25 15:00:00,0.71,0.717,0.699,0.699,307468.0,21670712.0
2012-10-26 15:00:00,0.699,0.699,0.683,0.688,223240.0,15397348.0
2012-10-29 15:00:00,0.688,0.695,0.685,0.692,131864.0,9102434.0
2012-10-30 15:00:00,0.691,0.7,0.69,0.692,258520.0,17970302.0
2012-10-31 15:00:00,0.692,0.696,0.688,0.695,108355.0,7498326.5
2012-11-01 15:00:00,0.697,0.708,0.695,0.706,249390.0,17546042.0
2012-11-02 15:00:00,0.704,0.707,0.7,0.705,134040.0,9436905.0
2012-11-05 15:00:00,0.705,0.707,0.694,0.696,140448.0,9788659.0
2012-11-06 15:00:00,0.693,0.696,0.683,0.693,118024.0,8141110.5
2012-11-07 15:00:00,0.694,0.697,0.69,0.692,91881.0,6362707.0
2012-11-08 15:00:00,0.687,0.689,0.679,0.679,103003.0,7042138.5
2012-11-09 15:00:00,0.678,0.683,0.676,0.678,62687.0,4254704.0
2012-11-12 15:00:00,0.679,0.685,0.675,0.682,120949.0,8231863.0
2012-11-13 15:00:00,0.682,0.682,0.669,0.671,73749.0,4978601.0
2012-11-14 15:00:00,0.671,0.672,0.661,0.669,90478.0,6034816.0
2012-11-15 15:00:00,0.667,0.671,0.661,0.663,77339.0,5152392.0
2012-11-16 15:00:00,0.663,0.664,0.658,0.661,98280.0,6490114.0
2012-11-19 15:00:00,0.661,0.661,0.65,0.661,141239.0,9262353.0
2012-11-20 15:00:00,0.662,0.666,0.658,0.661,124098.0,8203575.0
2012-11-21 15:00:00,0.661,0.668,0.65,0.666,462706.0,30493812.0
2012-11-22 15:00:00,0.662,0.662,0.653,0.655,81409.0,5355106.5
2012-11-23 15:00:00,0.657,0.66,0.652,0.656,84378.0,5538395.5
2012-11-26 15:00:00,0.656,0.656,0.642,0.643,81136.0,5254191.0
2012-11-27 15:00:00,0.644,0.644,0.619,0.62,289685.0,18158986.0
2012-11-28 15:00:00,0.617,0.62,0.609,0.611,313015.0,19154746.0
2012-11-29 15:00:00,0.613,0.616,0.606,0.607,227926.0,13954035.0
2012-11-30 15:00:00,0.605,0.613,0.604,0.608,423819.0,25873456.0
2012-12-03 15:00:00,0.608,0.611,0.597,0.598,152450.0,9216863.0
2012-12-04 15:00:00,0.597,0.607,0.589,0.603,644276.0,38597592.0
2012-12-05 15:00:00,0.603,0.632,0.6,0.627,855070.0,53291524.0
2012-12-06 15:00:00,0.627,0.633,0.622,0.626,245122.0,15372317.0
2012-12-07 15:00:00,0.626,0.642,0.623,0.641,584985.0,37293156.0
2012-12-10 15:00:00,0.641,0.652,0.638,0.649,419438.0,27128948.0
2012-12-11 15:00:00,0.647,0.649,0.641,0.642,140421.0,9066238.0
2012-12-12 15:00:00,0.641,0.644,0.633,0.642,211085.0,13503358.0
2012-12-13 15:00:00,0.64,0.644,0.632,0.633,109483.0,6985427.0
2012-12-14 15:00:00,0.633,0.663,0.633,0.661,1426724.0,93088776.0
2012-12-17 15:00:00,0.661,0.663,0.647,0.654,277173.0,18097264.0
2012-12-18 15:00:00,0.652,0.659,0.647,0.649,330363.0,21590000.0
2012-12-19 15:00:00,0.65,0.658,0.647,0.654,430816.0,28237088.0
2012-12-20 15:00:00,0.651,0.661,0.65,0.661,324038.0,21255130.0
2012-12-21 15:00:00,0.661,0.674,0.656,0.671,456461.0,30495680.0
2012-12-24 15:00:00,0.668,0.683,0.667,0.683,327318.0,22188428.0
2012-12-25 15:00:00,0.678,0.699,0.678,0.697,438774.0,30314144.0
2012-12-26 15:00:00,0.697,0.713,0.692,0.711,298091.0,20989286.0
2012-12-27 15:00:00,0.712,0.715,0.7,0.703,640556.0,45262468.0
2012-12-28 15:00:00,0.701,0.709,0.696,0.709,403729.0,28418340.0
2012-12-31 15:00:00,0.711,0.713,0.705,0.713,469280.0,33337148.0
2013-01-04 15:00:00,0.72,0.721,0.7,0.708,195374.0,13821761.0
2013-01-07 15:00:00,0.703,0.721,0.702,0.721,413338.0,29559202.0
2013-01-08 15:00:00,0.72,0.74,0.717,0.737,802998.0,58672036.0
2013-01-09 15:00:00,0.734,0.742,0.728,0.735,464822.0,34148880.0
2013-01-10 15:00:00,0.734,0.746,0.731,0.743,373498.0,27631100.0
2013-01-11 15:00:00,0.744,0.747,0.73,0.731,401086.0,29614684.0
2013-01-14 15:00:00,0.73,0.764,0.73,0.762,581617.0,43839468.0
2013-01-15 15:00:00,0.766,0.784,0.765,0.78,665245.0,51665600.0
2013-01-16 15:00:00,0.78,0.78,0.761,0.774,335897.0,25939708.0
2013-01-17 15:00:00,0.774,0.777,0.767,0.768,402748.0,31116160.0
2013-01-18 15:00:00,0.772,0.79,0.772,0.79,888758.0,69759656.0
2013-01-21 15:00:00,0.79,0.795,0.783,0.794,322880.0,25550010.0
2013-01-22 15:00:00,0.792,0.793,0.769,0.774,636260.0,49764292.0
2013-01-23 15:00:00,0.774,0.783,0.764,0.781,365371.0,28199402.0
2013-01-24 15:00:00,0.78,0.788,0.752,0.759,643381.0,49884456.0
2013-01-25 15:00:00,0.755,0.768,0.755,0.763,318683.0,24316542.0
2013-01-28 15:00:00,0.764,0.786,0.764,0.786,431379.0,33505426.0
2013-01-29 15:00:00,0.788,0.797,0.786,0.792,427087.0,33871596.0
2013-01-30 15:00:00,0.793,0.793,0.777,0.784,376243.0,29510302.0
2013-01-31 15:00:00,0.784,0.786,0.771,0.78,237841.0,18458358.0
2013-02-01 15:00:00,0.778,0.787,0.774,0.783,431919.0,33824348.0
2013-02-04 15:00:00,0.784,0.788,0.766,0.771,378951.0,29426054.0
2013-02-05 15:00:00,0.767,0.785,0.766,0.784,436814.0,34039692.0
2013-02-06 15:00:00,0.782,0.796,0.78,0.791,816403.0,64474520.0
2013-02-07 15:00:00,0.79,0.807,0.788,0.806,809221.0,64689468.0
2013-02-08 15:00:00,0.806,0.825,0.805,0.822,1117257.0,91311328.0
2013-02-18 15:00:00,0.827,0.834,0.823,0.832,822440.0,68182024.0
2013-02-19 15:00:00,0.833,0.833,0.814,0.818,725873.0,59523388.0
2013-02-20 15:00:00,0.816,0.851,0.815,0.851,1055827.0,88519312.0
2013-02-21 15:00:00,0.845,0.853,0.827,0.838,821686.0,69160952.0
2013-02-22 15:00:00,0.837,0.848,0.833,0.835,453807.0,38117508.0
2013-02-25 15:00:00,0.833,0.857,0.833,0.854,687822.0,58324136.0
2013-02-26 15:00:00,0.851,0.864,0.844,0.85,852343.0,73088048.0
2013-02-27 15:00:00,0.85,0.855,0.833,0.842,531160.0,44725196.0
2013-02-28 15:00:00,0.843,0.861,0.84,0.86,479318.0,40819448.0
2013-03-01 15:00:00,0.86,0.885,0.858,0.885,800173.0,70035536.0
2013-03-04 15:00:00,0.878,0.886,0.849,0.863,947831.0,82778120.0
2013-03-05 15:00:00,0.863,0.887,0.854,0.887,728769.0,63710440.0
2013-03-06 15:00:00,0.888,0.904,0.886,0.902,638779.0,57418448.0
2013-03-07 15:00:00,0.899,0.9,0.865,0.88,695404.0,61440748.0
2013-03-08 15:00:00,0.878,0.883,0.858,0.863,538787.0,46688524.0
2013-03-11 15:00:00,0.859,0.871,0.854,0.867,208084.0,17998830.0
2013-03-12 15:00:00,0.867,0.871,0.825,0.836,806408.0,67809656.0
2013-03-13 15:00:00,0.832,0.836,0.817,0.832,377387.0,31224312.0
2013-03-14 15:00:00,0.829,0.845,0.825,0.84,447904.0,37606428.0
2013-03-15 15:00:00,0.837,0.868,0.834,0.853,646482.0,55222288.0
2013-03-18 15:00:00,0.848,0.861,0.845,0.85,660709.0,56443112.0
2013-03-19 15:00:00,0.847,0.853,0.826,0.841,260533.0,21861536.0
2013-03-20 15:00:00,0.841,0.865,0.838,0.864,809713.0,69304992.0
2013-03-21 15:00:00,0.865,0.886,0.865,0.88,690381.0,60570556.0
2013-03-22 15:00:00,0.878,0.883,0.872,0.878,325169.0,28513614.0
2013-03-25 15:00:00,0.882,0.884,0.87,0.88,331232.0,29025492.0
2013-03-26 15:00:00,0.875,0.879,0.856,0.872,504714.0,43794640.0
2013-03-27 15:00:00,0.872,0.884,0.87,0.882,305655.0,26803840.0
2013-03-28 15:00:00,0.87,0.877,0.855,0.864,416560.0,36083672.0
2013-03-29 15:00:00,0.865,0.87,0.857,0.86,339706.0,29268838.0
2013-04-01 15:00:00,0.861,0.88,0.85,0.875,192523.0,16777204.0
2013-04-02 15:00:00,0.877,0.884,0.839,0.847,390503.0,33508966.0
2013-04-03 15:00:00,0.84,0.848,0.825,0.829,218596.0,18183898.0
2013-04-08 15:00:00,0.821,0.854,0.815,0.854,351710.0,29476216.0
2013-04-09 15:00:00,0.853,0.864,0.848,0.86,197859.0,16968128.0
2013-04-10 15:00:00,0.857,0.86,0.839,0.849,224291.0,19093962.0
2013-04-11 15:00:00,0.85,0.856,0.845,0.849,114173.0,9708630.0
2013-04-12 15:00:00,0.835,0.851,0.835,0.844,81204.0,6869666.0
2013-04-15 15:00:00,0.844,0.844,0.83,0.834,291757.0,24369788.0
2013-04-16 15:00:00,0.827,0.843,0.821,0.842,142935.0,11922526.0
2013-04-17 15:00:00,0.842,0.867,0.838,0.866,268304.0,22960032.0
2013-04-18 15:00:00,0.861,0.876,0.857,0.871,225912.0,19590102.0
2013-04-19 15:00:00,0.872,0.897,0.871,0.891,607320.0,53936824.0
2013-04-22 15:00:00,0.891,0.915,0.888,0.915,545646.0,49135744.0
2013-04-23 15:00:00,0.919,0.919,0.887,0.892,389975.0,35056580.0
2013-04-24 15:00:00,0.892,0.926,0.89,0.926,604079.0,55242936.0
2013-04-25 15:00:00,0.923,0.937,0.898,0.898,711626.0,65387844.0
2013-04-26 15:00:00,0.892,0.902,0.882,0.89,496714.0,44276460.0
2013-05-02 15:00:00,0.887,0.914,0.878,0.914,346461.0,31193384.0
2013-05-03 15:00:00,0.916,0.939,0.914,0.938,553730.0,51515544.0
2013-05-06 15:00:00,0.94,0.962,0.938,0.953,481960.0,45901816.0
2013-05-07 15:00:00,0.951,0.963,0.944,0.95,393098.0,37441664.0
2013-05-08 15:00:00,0.956,0.982,0.955,0.982,434831.0,42232716.0
2013-05-09 15:00:00,0.979,0.993,0.972,0.99,518132.0,50991128.0
2013-05-10 15:00:00,0.986,0.993,0.97,0.987,506116.0,49784740.0
2013-05-13 15:00:00,0.985,0.992,0.974,0.991,1113490.0,109218848.0
2013-05-14 15:00:00,0.99,0.99,0.964,0.971,367970.0,35895596.0
2013-05-15 15:00:00,0.971,1.01,0.971,1.01,969603.0,96513976.0
2013-05-16 15:00:00,1.011,1.034,0.992,1.007,1480437.0,150533136.0
2013-05-17 15:00:00,1.005,1.027,0.998,1.017,579936.0,58816668.0
2013-05-20 15:00:00,1.017,1.05,1.016,1.048,651891.0,67452144.0
2013-05-21 15:00:00,1.047,1.074,1.04,1.073,664532.0,70068136.0
2013-05-22 15:00:00,1.072,1.072,1.031,1.039,968955.0,101424776.0
2013-05-23 15:00:00,1.026,1.059,1.026,1.043,1073340.0,112161144.0
2013-05-24 15:00:00,1.043,1.072,1.043,1.07,560495.0,59407348.0
2013-05-27 15:00:00,1.066,1.089,1.066,1.085,725469.0,78486016.0
2013-05-28 15:00:00,1.084,1.084,1.046,1.054,662145.0,70409456.0
2013-05-29 15:00:00,1.053,1.064,1.047,1.064,662321.0,70130104.0
2013-05-30 15:00:00,1.059,1.075,1.053,1.068,559015.0,59619596.0
2013-05-31 15:00:00,1.066,1.084,1.063,1.067,536093.0,57488852.0
2013-06-03 15:00:00,1.06,1.07,1.045,1.046,500840.0,52874748.0
2013-06-04 15:00:00,1.046,1.046,1.007,1.02,453726.0,46400844.0
2013-06-05 15:00:00,1.019,1.037,1.019,1.035,597635.0,61458296.0
2013-06-06 15:00:00,1.025,1.03,1.018,1.018,240874.0,24673108.0
2013-06-07 15:00:00,1.02,1.038,1.014,1.032,562564.0,57711272.0
2013-06-13 15:00:00,1.018,1.028,0.981,1.024,535753.0,54011528.0
2013-06-14 15:00:00,1.027,1.07,1.013,1.069,812225.0,85452872.0
2013-06-17 15:00:00,1.073,1.09,1.064,1.067,1009666.0,108626456.0
2013-06-18 15:00:00,1.067,1.076,1.047,1.068,627661.0,66581948.0
2013-06-19 15:00:00,1.06,1.069,1.049,1.064,885713.0,94008080.0
2013-06-20 15:00:00,1.055,1.067,1.023,1.023,726366.0,76261480.0
2013-06-21 15:00:00,1.0,1.032,0.985,1.027,695204.0,70267600.0
2013-06-24 15:00:00,1.016,1.018,0.954,0.963,870462.0,86301440.0
2013-06-25 15:00:00,0.946,0.994,0.902,0.986,1260762.0,121220512.0
2013-06-26 15:00:00,0.982,1.045,0.978,1.045,1680995.0,170689584.0
2013-06-27 15:00:00,1.045,1.064,1.016,1.02,1434098.0,149657088.0
2013-06-28 15:00:00,1.003,1.044,0.996,1.003,763320.0,77660808.0
2013-07-01 15:00:00,1.002,1.06,1.0,1.06,1881463.0,194918064.0
2013-07-02 15:00:00,1.059,1.084,1.055,1.083,3253971.0,348869344.0
2013-07-03 15:00:00,1.072,1.107,1.06,1.1,3206378.0,348639456.0
2013-07-04 15:00:00,1.093,1.103,1.082,1.087,2177873.0,238228880.0
2013-07-05 15:00:00,1.086,1.089,1.052,1.052,1104696.0,118864352.0
2013-07-08 15:00:00,1.024,1.055,1.011,1.027,2173860.0,225581200.0
2013-07-09 15:00:00,1.026,1.052,1.02,1.048,2159887.0,224100736.0
2013-07-10 15:00:00,1.046,1.069,1.044,1.069,1551141.0,164285776.0
2013-07-11 15:00:00,1.068,1.082,1.05,1.082,680921.0,72760752.0
2013-07-12 15:00:00,1.081,1.119,1.075,1.092,1808009.0,199291888.0
2013-07-15 15:00:00,1.088,1.14,1.088,1.138,2244858.0,251138096.0
2013-07-16 15:00:00,1.14,1.15,1.126,1.137,2725218.0,310059520.0
2013-07-17 15:00:00,1.135,1.147,1.115,1.126,1653198.0,187339824.0
2013-07-18 15:00:00,1.119,1.136,1.111,1.124,2143762.0,240911632.0
2013-07-19 15:00:00,1.124,1.153,1.106,1.106,2846603.0,323610848.0
2013-07-22 15:00:00,1.099,1.154,1.099,1.154,2570605.0,290954208.0
2013-07-23 15:00:00,1.156,1.18,1.156,1.173,2173727.0,253928096.0
2013-07-24 15:00:00,1.174,1.203,1.17,1.2,3732268.0,443027200.0
2013-07-25 15:00:00,1.198,1.2,1.14,1.147,2356047.0,274491712.0
2013-07-26 15:00:00,1.14,1.156,1.122,1.152,2626616.0,300131616.0
2013-07-29 15:00:00,1.143,1.158,1.123,1.124,2810274.0,320399232.0
2013-07-30 15:00:00,1.124,1.135,1.084,1.11,2314290.0,256621824.0
2013-07-31 15:00:00,1.111,1.13,1.103,1.122,2291752.0,257332400.0
2013-08-01 15:00:00,1.123,1.182,1.121,1.177,3684741.0,427684128.0
2013-08-02 15:00:00,1.182,1.193,1.168,1.169,3028624.0,358793376.0
2013-08-05 15:00:00,1.167,1.193,1.166,1.193,2086144.0,245945072.0
2013-08-06 15:00:00,1.186,1.206,1.184,1.196,1958856.0,234511136.0
2013-08-07 15:00:00,1.196,1.196,1.158,1.162,1974473.0,231465728.0
2013-08-08 15:00:00,1.155,1.184,1.151,1.171,2163542.0,253027888.0
2013-08-09 15:00:00,1.171,1.181,1.137,1.161,1815301.0,210573776.0
2013-08-12 15:00:00,1.159,1.172,1.132,1.152,1294421.0,149127968.0
2013-08-13 15:00:00,1.153,1.169,1.138,1.163,1780801.0,206281648.0
2013-08-14 15:00:00,1.16,1.172,1.145,1.172,2324774.0,269932416.0
2013-08-15 15:00:00,1.165,1.172,1.151,1.151,2405839.0,279773248.0
2013-08-16 15:00:00,1.142,1.163,1.117,1.117,1635158.0,187813376.0
2013-08-19 15:00:00,1.112,1.164,1.11,1.164,2250595.0,257270656.0
2013-08-20 15:00:00,1.16,1.168,1.15,1.16,1642534.0,190693952.0
2013-08-21 15:00:00,1.159,1.172,1.155,1.164,1712150.0,199334608.0
2013-08-22 15:00:00,1.163,1.191,1.163,1.181,1415174.0,166667552.0
2013-08-23 15:00:00,1.186,1.211,1.173,1.198,2624517.0,313523072.0
2013-08-26 15:00:00,1.202,1.226,1.2,1.22,1532379.0,186173712.0
2013-08-27 15:00:00,1.218,1.233,1.207,1.229,1594952.0,194318304.0
2013-08-28 15:00:00,1.225,1.234,1.207,1.209,1342590.0,164385696.0
2013-08-29 15:00:00,1.207,1.219,1.2,1.207,1237749.0,149938528.0
2013-08-30 15:00:00,1.201,1.207,1.162,1.171,1515885.0,179851888.0
2013-09-02 15:00:00,1.17,1.197,1.164,1.197,1291636.0,152539264.0
2013-09-03 15:00:00,1.196,1.217,1.195,1.214,982707.0,118673944.0
2013-09-04 15:00:00,1.214,1.228,1.208,1.215,1004940.0,122318112.0
2013-09-05 15:00:00,1.215,1.25,1.211,1.248,1095001.0,134701664.0
2013-09-06 15:00:00,1.248,1.269,1.235,1.262,1160555.0,145535024.0
2013-09-09 15:00:00,1.262,1.265,1.236,1.255,853885.0,106550816.0
2013-09-10 15:00:00,1.253,1.259,1.233,1.244,614481.0,76516448.0
2013-09-11 15:00:00,1.242,1.242,1.197,1.202,1129188.0,136196592.0
2013-09-12 15:00:00,1.201,1.219,1.189,1.207,1740595.0,209833440.0
2013-09-13 15:00:00,1.21,1.242,1.188,1.235,1820892.0,221213232.0
2013-09-16 15:00:00,1.231,1.276,1.231,1.257,2650733.0,333803232.0
2013-09-17 15:00:00,1.254,1.265,1.245,1.246,1263686.0,158723264.0
2013-09-18 15:00:00,1.246,1.272,1.241,1.265,1326950.0,166959664.0
2013-09-23 15:00:00,1.266,1.306,1.266,1.3,1386806.0,178369984.0
2013-09-24 15:00:00,1.303,1.318,1.288,1.305,1773285.0,231579168.0
2013-09-25 15:00:00,1.303,1.324,1.296,1.299,1274971.0,166623344.0
2013-09-26 15:00:00,1.296,1.312,1.277,1.281,1136326.0,147481152.0
2013-09-27 15:00:00,1.28,1.31,1.28,1.308,1151551.0,149104816.0
2013-09-30 15:00:00,1.314,1.35,1.31,1.346,964139.0,128245832.0
2013-10-08 15:00:00,1.35,1.365,1.337,1.36,1552939.0,210038048.0
2013-10-09 15:00:00,1.356,1.393,1.352,1.39,1386406.0,191034112.0
2013-10-10 15:00:00,1.395,1.399,1.348,1.349,1387561.0,190776992.0
2013-10-11 15:00:00,1.35,1.363,1.333,1.36,805655.0,109037672.0
2013-10-14 15:00:00,1.36,1.373,1.345,1.373,1184671.0,161108576.0
2013-10-15 15:00:00,1.372,1.387,1.353,1.365,1403711.0,192740688.0
2013-10-16 15:00:00,1.365,1.367,1.301,1.312,1798338.0,236871616.0
2013-10-17 15:00:00,1.314,1.335,1.294,1.299,1167329.0,153811072.0
2013-10-18 15:00:00,1.301,1.332,1.301,1.332,1284190.0,169296592.0
2013-10-21 15:00:00,1.333,1.379,1.333,1.376,1369934.0,186203472.0
2013-10-22 15:00:00,1.373,1.382,1.318,1.318,2017331.0,272462912.0
2013-10-23 15:00:00,1.313,1.313,1.268,1.289,1773682.0,228644704.0
2013-10-24 15:00:00,1.28,1.295,1.264,1.268,1238761.0,158543776.0
2013-10-25 15:00:00,1.267,1.283,1.231,1.252,1422296.0,177595968.0
2013-10-28 15:00:00,1.252,1.264,1.237,1.255,1553474.0,194254064.0
2013-10-29 15:00:00,1.251,1.269,1.184,1.234,2565582.0,312442528.0
2013-10-30 15:00:00,1.233,1.252,1.223,1.252,1256513.0,155949504.0
2013-10-31 15:00:00,1.243,1.245,1.207,1.211,1225140.0,150232992.0
2013-11-01 15:00:00,1.206,1.21,1.176,1.199,1427733.0,170625328.0
2013-11-04 15:00:00,1.195,1.219,1.19,1.202,1226396.0,148314624.0
2013-11-05 15:00:00,1.192,1.238,1.183,1.236,1767102.0,214748224.0
2013-11-06 15:00:00,1.23,1.254,1.219,1.22,2181916.0,270807936.0
2013-11-07 15:00:00,1.211,1.227,1.197,1.2,1702113.0,206031200.0
2013-11-08 15:00:00,1.188,1.204,1.181,1.189,1689148.0,201398192.0
2013-11-11 15:00:00,1.185,1.203,1.168,1.19,1118332.0,132375176.0
2013-11-12 15:00:00,1.19,1.215,1.186,1.206,1060821.0,127400048.0
2013-11-13 15:00:00,1.2,1.214,1.188,1.189,1412778.0,170089664.0
2013-11-14 15:00:00,1.18,1.23,1.178,1.225,2252497.0,272987200.0
2013-11-15 15:00:00,1.227,1.264,1.225,1.247,1580399.0,197297584.0
2013-11-18 15:00:00,1.251,1.273,1.249,1.268,1102708.0,139104320.0
2013-11-19 15:00:00,1.267,1.288,1.262,1.276,1222134.0,156098768.0
2013-11-20 15:00:00,1.275,1.279,1.258,1.274,1281284.0,162564688.0
2013-11-21 15:00:00,1.265,1.281,1.263,1.272,1044543.0,132975488.0
2013-11-22 15:00:00,1.269,1.278,1.258,1.268,785755.0,99655488.0
2013-11-25 15:00:00,1.26,1.281,1.259,1.272,624945.0,79512096.0
2013-11-26 15:00:00,1.263,1.275,1.255,1.265,641426.0,81241184.0
2013-11-27 15:00:00,1.262,1.315,1.262,1.308,1390282.0,180003312.0
2013-11-28 15:00:00,1.308,1.318,1.302,1.311,673983.0,88343760.0
2013-11-29 15:00:00,1.31,1.344,1.308,1.341,1217332.0,161885808.0
2013-12-02 15:00:00,1.27,1.293,1.207,1.208,2833708.0,356403296.0
2013-12-03 15:00:00,1.181,1.237,1.176,1.227,2560858.0,307932256.0
2013-12-04 15:00:00,1.219,1.254,1.212,1.22,1033547.0,128308320.0
2013-12-05 15:00:00,1.208,1.213,1.178,1.18,888988.0,106148496.0
2013-12-06 15:00:00,1.176,1.194,1.172,1.186,948119.0,112036472.0
2013-12-09 15:00:00,1.187,1.219,1.186,1.217,1403121.0,169313792.0
2013-12-10 15:00:00,1.22,1.227,1.203,1.208,946716.0,114735032.0
2013-12-11 15:00:00,1.205,1.233,1.203,1.228,961678.0,117264984.0
2013-12-12 15:00:00,1.221,1.261,1.218,1.252,1752944.0,218249776.0
2013-12-13 15:00:00,1.243,1.262,1.243,1.251,1106607.0,138722048.0
2013-12-16 15:00:00,1.252,1.269,1.24,1.255,1179002.0,148022656.0
2013-12-17 15:00:00,1.251,1.256,1.223,1.239,1759369.0,218031328.0
2013-12-18 15:00:00,1.24,1.241,1.22,1.228,648457.0,79759936.0
2013-12-19 15:00:00,1.23,1.258,1.229,1.234,1441457.0,180092528.0
2013-12-20 15:00:00,1.232,1.242,1.221,1.23,1139683.0,140566304.0
2013-12-23 15:00:00,1.225,1.229,1.2,1.215,657204.0,79658640.0
2013-12-24 15:00:00,1.215,1.242,1.21,1.236,902230.0,110919568.0
2013-12-25 15:00:00,1.238,1.266,1.23,1.262,1387213.0,173499472.0
2013-12-26 15:00:00,1.261,1.269,1.238,1.243,1533253.0,193258896.0
2013-12-27 15:00:00,1.236,1.275,1.236,1.273,1123102.0,141558320.0
2013-12-30 15:00:00,1.273,1.281,1.266,1.28,1317751.0,168168048.0
2013-12-31 15:00:00,1.277,1.282,1.26,1.274,629995.0,80239544.0
2014-01-02 15:00:00,1.273,1.307,1.273,1.306,1371414.0,177276800.0
2014-01-03 15:00:00,1.3,1.328,1.298,1.325,1549656.0,203946096.0
2014-01-06 15:00:00,1.324,1.326,1.292,1.299,1474596.0,194125824.0
2014-01-07 15:00:00,1.29,1.328,1.285,1.324,1643132.0,214709456.0
2014-01-08 15:00:00,1.342,1.384,1.332,1.375,2236755.0,305167904.0
2014-01-09 15:00:00,1.37,1.394,1.343,1.348,1661874.0,228694320.0
2014-01-10 15:00:00,1.338,1.362,1.318,1.324,1127778.0,151139856.0
2014-01-13 15:00:00,1.323,1.35,1.321,1.336,687060.0,91775912.0
2014-01-14 15:00:00,1.336,1.377,1.33,1.377,1013576.0,137394000.0
2014-01-15 15:00:00,1.378,1.395,1.371,1.39,1794091.0,248781120.0
2014-01-16 15:00:00,1.387,1.399,1.362,1.371,1011538.0,139537280.0
2014-01-17 15:00:00,1.365,1.383,1.36,1.367,1364667.0,187355056.0
2014-01-20 15:00:00,1.361,1.371,1.332,1.342,1104930.0,149542816.0
2014-01-21 15:00:00,1.34,1.381,1.339,1.381,1407238.0,191916608.0
2014-01-22 15:00:00,1.384,1.403,1.375,1.399,1914606.0,266995536.0
2014-01-23 15:00:00,1.4,1.443,1.4,1.43,2496424.0,355576960.0
2014-01-24 15:00:00,1.424,1.464,1.422,1.453,1620570.0,234222304.0
2014-01-27 15:00:00,1.448,1.469,1.43,1.445,1829348.0,265562448.0
2014-01-28 15:00:00,1.443,1.453,1.413,1.441,2229167.0,318616384.0
2014-01-29 15:00:00,1.441,1.466,1.435,1.466,999431.0,145066608.0
2014-01-30 15:00:00,1.464,1.48,1.448,1.463,755076.0,110588936.0
2014-02-07 15:00:00,1.451,1.5,1.45,1.498,1446142.0,213588032.0
2014-02-10 15:00:00,1.505,1.523,1.491,1.516,1424598.0,214965280.0
2014-02-11 15:00:00,1.515,1.526,1.473,1.492,1855476.0,278639840.0
2014-02-12 15:00:00,1.488,1.508,1.478,1.506,1460443.0,218313488.0
2014-02-13 15:00:00,1.499,1.508,1.45,1.45,1999373.0,296531872.0
2014-02-14 15:00:00,1.449,1.481,1.441,1.479,2312393.0,338846496.0
2014-02-17 15:00:00,1.483,1.523,1.483,1.521,2336671.0,351453664.0
2014-02-18 15:00:00,1.521,1.524,1.5,1.507,2458288.0,371588096.0
2014-02-19 15:00:00,1.505,1.513,1.487,1.506,2093161.0,313800832.0
2014-02-20 15:00:00,1.501,1.507,1.467,1.483,2464430.0,365587392.0
2014-02-21 15:00:00,1.47,1.49,1.467,1.483,2168141.0,321231328.0
2014-02-24 15:00:00,1.481,1.507,1.472,1.505,2596069.0,386769856.0
2014-02-25 15:00:00,1.505,1.534,1.421,1.432,3793904.0,565837440.0
2014-02-26 15:00:00,1.406,1.431,1.38,1.431,3915337.0,552259648.0
2014-02-27 15:00:00,1.432,1.461,1.373,1.385,2045746.0,292891136.0
2014-02-28 15:00:00,1.38,1.405,1.36,1.4,3037514.0,419383808.0
2014-03-03 15:00:00,1.4,1.433,1.39,1.43,2222959.0,314936768.0
2014-03-04 15:00:00,1.42,1.438,1.408,1.421,2279675.0,324843712.0
2014-03-05 15:00:00,1.425,1.433,1.414,1.427,1431035.0,203995344.0
2014-03-06 15:00:00,1.418,1.427,1.389,1.426,2027560.0,285187808.0
2014-03-07 15:00:00,1.425,1.441,1.413,1.428,1117261.0,159868272.0
2014-03-10 15:00:00,1.408,1.408,1.368,1.37,2071784.0,287889216.0
2014-03-11 15:00:00,1.367,1.376,1.346,1.363,1223448.0,166981440.0
2014-03-12 15:00:00,1.358,1.382,1.344,1.364,2899146.0,395737408.0
2014-03-13 15:00:00,1.365,1.407,1.363,1.405,1965718.0,272168960.0
2014-03-14 15:00:00,1.396,1.412,1.387,1.398,2262447.0,317044736.0
2014-03-17 15:00:00,1.401,1.441,1.395,1.438,1709493.0,242684976.0
2014-03-18 15:00:00,1.441,1.456,1.439,1.444,2182822.0,316073856.0
2014-03-19 15:00:00,1.44,1.444,1.418,1.427,1939611.0,277492448.0
2014-03-20 15:00:00,1.426,1.429,1.38,1.382,1474125.0,208447712.0
2014-03-21 15:00:00,1.373,1.39,1.346,1.382,2656924.0,363255552.0
2014-03-24 15:00:00,1.375,1.382,1.351,1.359,1093322.0,149670256.0
2014-03-25 15:00:00,1.354,1.376,1.346,1.359,1538894.0,210395776.0
2014-03-26 15:00:00,1.36,1.389,1.36,1.385,2039386.0,281737376.0
2014-03-27 15:00:00,1.375,1.379,1.332,1.332,1502041.0,203496080.0
2014-03-28 15:00:00,1.326,1.33,1.283,1.292,1679091.0,218333904.0
2014-03-31 15:00:00,1.293,1.306,1.28,1.297,1541677.0,200169424.0
2014-04-01 15:00:00,1.298,1.324,1.294,1.321,2168071.0,284775232.0
2014-04-02 15:00:00,1.323,1.327,1.284,1.292,1483741.0,193132640.0
2014-04-03 15:00:00,1.29,1.311,1.285,1.294,1889493.0,245378432.0
2014-04-04 15:00:00,1.29,1.315,1.28,1.314,2218643.0,288651776.0
2014-04-08 15:00:00,1.295,1.318,1.291,1.318,1285203.0,167626480.0
2014-04-09 15:00:00,1.316,1.344,1.316,1.336,2179887.0,290977728.0
2014-04-10 15:00:00,1.34,1.363,1.339,1.347,1856709.0,250613616.0
2014-04-11 15:00:00,1.342,1.342,1.318,1.329,1637871.0,217488208.0
2014-04-14 15:00:00,1.329,1.344,1.329,1.339,1121189.0,150011728.0
2014-04-15 15:00:00,1.337,1.345,1.33,1.333,754966.0,101216752.0
2014-04-16 15:00:00,1.327,1.335,1.317,1.328,519954.0,68957512.0
2014-04-17 15:00:00,1.325,1.34,1.325,1.337,843354.0,112651184.0
2014-04-18 15:00:00,1.331,1.346,1.325,1.344,768585.0,102836288.0
2014-04-21 15:00:00,1.33,1.351,1.326,1.329,894625.0,120090240.0
2014-04-22 15:00:00,1.326,1.335,1.286,1.303,748426.0,98061920.0
2014-04-23 15:00:00,1.298,1.307,1.286,1.297,346561.0,44944412.0
2014-04-24 15:00:00,1.295,1.3,1.271,1.284,779106.0,100227568.0
2014-04-25 15:00:00,1.282,1.287,1.256,1.26,1564442.0,199303392.0
2014-04-28 15:00:00,1.255,1.258,1.225,1.228,2333116.0,288276896.0
2014-04-29 15:00:00,1.225,1.244,1.22,1.235,1617217.0,199480704.0
2014-04-30 15:00:00,1.234,1.257,1.23,1.254,1267690.0,158121232.0
2014-05-05 15:00:00,1.253,1.274,1.25,1.272,1926224.0,242991344.0
2014-05-06 15:00:00,1.272,1.296,1.27,1.285,1632969.0,209944848.0
2014-05-07 15:00:00,1.278,1.279,1.256,1.257,542948.0,68948232.0
2014-05-08 15:00:00,1.251,1.273,1.248,1.252,1132376.0,142610304.0
2014-05-09 15:00:00,1.25,1.252,1.22,1.23,1199351.0,147360064.0
2014-05-12 15:00:00,1.236,1.252,1.222,1.252,1323039.0,164493360.0
2014-05-13 15:00:00,1.251,1.264,1.24,1.245,1596612.0,200410800.0
2014-05-14 15:00:00,1.241,1.254,1.24,1.253,809005.0,100952104.0
2014-05-15 15:00:00,1.248,1.256,1.223,1.223,1163371.0,144630512.0
2014-05-16 15:00:00,1.218,1.227,1.186,1.202,1191425.0,143047264.0
2014-05-19 15:00:00,1.195,1.21,1.188,1.203,1117823.0,134201040.0
2014-05-20 15:00:00,1.218,1.236,1.212,1.22,1474573.0,181050240.0
2014-05-21 15:00:00,1.21,1.234,1.205,1.234,1078508.0,131510088.0
2014-05-22 15:00:00,1.234,1.261,1.233,1.242,1916107.0,239496848.0
2014-05-23 15:00:00,1.241,1.272,1.234,1.27,1328109.0,166364704.0
2014-05-26 15:00:00,1.275,1.297,1.274,1.289,2095019.0,269793792.0
2014-05-27 15:00:00,1.288,1.29,1.275,1.277,1405583.0,180103920.0
2014-05-28 15:00:00,1.278,1.314,1.275,1.314,1908133.0,246881808.0
2014-05-29 15:00:00,1.314,1.321,1.285,1.287,2172673.0,282007584.0
2014-05-30 15:00:00,1.283,1.296,1.272,1.291,1829122.0,235355040.0
2014-06-03 15:00:00,1.291,1.305,1.287,1.287,1729296.0,224372400.0
2014-06-04 15:00:00,1.285,1.295,1.275,1.295,1854614.0,238374112.0
2014-06-05 15:00:00,1.294,1.329,1.29,1.325,2539179.0,332260640.0
2014-06-06 15:00:00,1.326,1.335,1.312,1.321,2454249.0,325247232.0
2014-06-09 15:00:00,1.315,1.321,1.294,1.294,1061738.0,139065888.0
2014-06-10 15:00:00,1.299,1.329,1.287,1.324,2540289.0,332820832.0
2014-06-11 15:00:00,1.318,1.343,1.316,1.337,2082832.0,278039232.0
2014-06-12 15:00:00,1.337,1.347,1.326,1.334,1500821.0,200894768.0
2014-06-13 15:00:00,1.329,1.359,1.327,1.35,1847799.0,248652784.0
2014-06-16 15:00:00,1.352,1.368,1.352,1.363,1646778.0,224176800.0
2014-06-17 15:00:00,1.36,1.363,1.347,1.35,1726759.0,234179616.0
2014-06-18 15:00:00,1.351,1.355,1.33,1.337,1379141.0,185306256.0
2014-06-19 15:00:00,1.332,1.342,1.281,1.291,2343008.0,309084448.0
2014-06-20 15:00:00,1.29,1.307,1.285,1.305,2289471.0,297546880.0
2014-06-23 15:00:00,1.305,1.337,1.305,1.332,2050762.0,272484896.0
2014-06-24 15:00:00,1.329,1.344,1.327,1.342,1357536.0,181649376.0
2014-06-25 15:00:00,1.341,1.341,1.317,1.328,1625877.0,215899328.0
2014-06-26 15:00:00,1.332,1.362,1.33,1.355,2865133.0,387577440.0
2014-06-27 15:00:00,1.355,1.368,1.351,1.357,1810901.0,246029568.0
2014-06-30 15:00:00,1.357,1.375,1.343,1.372,2132771.0,290074496.0
2014-07-01 15:00:00,1.376,1.385,1.368,1.381,1989054.0,273774848.0
2014-07-02 15:00:00,1.38,1.395,1.37,1.389,1565388.0,216829840.0
2014-07-03 15:00:00,1.388,1.398,1.379,1.389,930799.0,129225392.0
2014-07-04 15:00:00,1.388,1.392,1.375,1.381,1162540.0,160515216.0
2014-07-07 15:00:00,1.375,1.378,1.35,1.364,1673480.0,227743744.0
2014-07-08 15:00:00,1.36,1.381,1.348,1.381,1899867.0,259419936.0
2014-07-09 15:00:00,1.378,1.387,1.35,1.353,2267807.0,311541408.0
2014-07-10 15:00:00,1.351,1.359,1.33,1.332,1504634.0,202633024.0
2014-07-11 15:00:00,1.328,1.342,1.321,1.329,1232699.0,164139200.0
2014-07-14 15:00:00,1.329,1.338,1.313,1.338,1964718.0,260871296.0
2014-07-15 15:00:00,1.334,1.336,1.303,1.311,1655201.0,217905760.0
2014-07-16 15:00:00,1.31,1.315,1.28,1.289,1659016.0,215043888.0
2014-07-17 15:00:00,1.287,1.296,1.276,1.282,2388855.0,307533024.0
2014-07-18 15:00:00,1.282,1.294,1.273,1.279,1522789.0,195709600.0
2014-07-21 15:00:00,1.28,1.287,1.26,1.278,2104827.0,268150112.0
2014-07-22 15:00:00,1.275,1.303,1.274,1.301,2083040.0,269165504.0
2014-07-23 15:00:00,1.301,1.303,1.26,1.263,2167829.0,277512768.0
2014-07-24 15:00:00,1.261,1.263,1.228,1.242,2427568.0,301725728.0
2014-07-25 15:00:00,1.242,1.261,1.237,1.257,2108294.0,264125552.0
2014-07-28 15:00:00,1.258,1.288,1.255,1.285,2124615.0,270420416.0
2014-07-29 15:00:00,1.287,1.309,1.281,1.3,2093336.0,271577408.0
2014-07-30 15:00:00,1.298,1.316,1.295,1.313,1734089.0,226822528.0
2014-07-31 15:00:00,1.312,1.318,1.302,1.313,1482057.0,194416880.0
2014-08-01 15:00:00,1.31,1.314,1.29,1.29,1828266.0,238825856.0
2014-08-04 15:00:00,1.285,1.302,1.285,1.299,1324697.0,171794416.0
2014-08-05 15:00:00,1.301,1.335,1.289,1.332,3399830.0,448682912.0
2014-08-06 15:00:00,1.326,1.338,1.321,1.335,2557249.0,340511616.0
2014-08-07 15:00:00,1.334,1.351,1.329,1.332,2264205.0,303884416.0
2014-08-08 15:00:00,1.335,1.351,1.335,1.347,924300.0,124084680.0
2014-08-11 15:00:00,1.348,1.369,1.347,1.366,1424730.0,193609200.0
2014-08-12 15:00:00,1.364,1.371,1.359,1.364,1347881.0,183960432.0
2014-08-13 15:00:00,1.36,1.364,1.336,1.35,1047298.0,141380944.0
2014-08-14 15:00:00,1.351,1.363,1.342,1.346,990951.0,134421632.0
2014-08-15 15:00:00,1.346,1.36,1.344,1.36,645214.0,87363232.0
2014-08-18 15:00:00,1.36,1.396,1.36,1.396,2110493.0,291120672.0
2014-08-19 15:00:00,1.402,1.414,1.391,1.404,1437206.0,201676176.0
2014-08-20 15:00:00,1.418,1.418,1.385,1.392,944493.0,132076248.0
2014-08-21 15:00:00,1.39,1.416,1.386,1.415,1608577.0,225258320.0
2014-08-22 15:00:00,1.417,1.435,1.413,1.429,1253331.0,178598192.0
2014-08-25 15:00:00,1.426,1.428,1.403,1.408,1748332.0,247412896.0
2014-08-26 15:00:00,1.403,1.41,1.371,1.377,1779182.0,246450976.0
2014-08-27 15:00:00,1.376,1.394,1.373,1.388,1326304.0,184317376.0
2014-08-28 15:00:00,1.388,1.39,1.365,1.37,1734622.0,239106224.0
2014-08-29 15:00:00,1.371,1.396,1.37,1.394,1215673.0,168257360.0
2014-09-01 15:00:00,1.395,1.421,1.395,1.417,1230374.0,173320912.0
2014-09-02 15:00:00,1.422,1.432,1.414,1.43,1350603.0,192252640.0
2014-09-03 15:00:00,1.428,1.443,1.422,1.439,1353607.0,193967680.0
2014-09-04 15:00:00,1.437,1.46,1.434,1.457,1117499.0,161679120.0
2014-09-05 15:00:00,1.456,1.466,1.442,1.46,1027087.0,148983504.0
2014-09-09 15:00:00,1.453,1.458,1.438,1.458,1329014.0,192853904.0
2014-09-10 15:00:00,1.454,1.469,1.447,1.467,1363599.0,198967904.0
2014-09-11 15:00:00,1.466,1.493,1.46,1.471,2196309.0,324219744.0
2014-09-12 15:00:00,1.469,1.486,1.463,1.483,1223789.0,180337408.0
2014-09-15 15:00:00,1.478,1.489,1.47,1.483,1252126.0,185482672.0
2014-09-16 15:00:00,1.485,1.49,1.432,1.438,1643377.0,240506304.0
2014-09-17 15:00:00,1.439,1.442,1.418,1.44,1753724.0,250719104.0
2014-09-18 15:00:00,1.439,1.457,1.433,1.456,1622086.0,234859552.0
2014-09-19 15:00:00,1.457,1.465,1.447,1.46,882395.0,128412432.0
2014-09-22 15:00:00,1.452,1.454,1.44,1.442,1239092.0,179188560.0
2014-09-23 15:00:00,1.442,1.464,1.442,1.461,1049933.0,152437488.0
2014-09-24 15:00:00,1.459,1.481,1.455,1.479,719671.0,105737232.0
2014-09-25 15:00:00,1.484,1.486,1.464,1.469,645670.0,95396888.0
2014-09-26 15:00:00,1.462,1.474,1.461,1.472,613749.0,90057096.0
2014-09-29 15:00:00,1.472,1.489,1.472,1.489,682812.0,101139000.0
2014-09-30 15:00:00,1.488,1.501,1.483,1.5,591020.0,88237800.0
2014-10-08 15:00:00,1.501,1.517,1.493,1.515,596333.0,89795216.0
2014-10-09 15:00:00,1.515,1.524,1.496,1.519,1037143.0,156802400.0
2014-10-10 15:00:00,1.513,1.52,1.502,1.512,918650.0,138626944.0
2014-10-13 15:00:00,1.502,1.508,1.484,1.505,1270656.0,189964912.0
2014-10-14 15:00:00,1.503,1.521,1.49,1.493,1408686.0,211929520.0
2014-10-15 15:00:00,1.493,1.505,1.483,1.502,937982.0,140253312.0
2014-10-16 15:00:00,1.492,1.51,1.481,1.482,906413.0,135782640.0
2014-10-17 15:00:00,1.482,1.488,1.441,1.47,1305246.0,191574960.0
2014-10-20 15:00:00,1.465,1.495,1.465,1.495,789582.0,117212896.0
2014-10-21 15:00:00,1.495,1.497,1.474,1.474,911273.0,135496768.0
2014-10-22 15:00:00,1.47,1.487,1.46,1.464,739402.0,108914416.0
2014-10-23 15:00:00,1.459,1.461,1.433,1.438,1142806.0,165007664.0
2014-10-24 15:00:00,1.439,1.455,1.435,1.441,830801.0,120114976.0
2014-10-27 15:00:00,1.438,1.453,1.429,1.453,875689.0,126235000.0
2014-10-28 15:00:00,1.456,1.485,1.455,1.483,972288.0,143030128.0
2014-10-29 15:00:00,1.488,1.494,1.481,1.489,658943.0,97997464.0
2014-10-30 15:00:00,1.489,1.497,1.479,1.481,573938.0,85495720.0
2014-10-31 15:00:00,1.481,1.486,1.462,1.473,898437.0,132111488.0
2014-11-03 15:00:00,1.475,1.493,1.471,1.491,1521726.0,225612048.0
2014-11-04 15:00:00,1.491,1.496,1.47,1.47,1206132.0,179213088.0
2014-11-05 15:00:00,1.471,1.479,1.464,1.471,1089532.0,160178016.0
2014-11-06 15:00:00,1.473,1.493,1.469,1.492,1318310.0,195168544.0
2014-11-07 15:00:00,1.49,1.503,1.476,1.477,1562923.0,233734688.0
2014-11-10 15:00:00,1.48,1.483,1.462,1.476,688922.0,101384232.0
2014-11-11 15:00:00,1.476,1.476,1.412,1.425,1039872.0,148817200.0
2014-11-12 15:00:00,1.423,1.441,1.418,1.44,1206081.0,172067120.0
2014-11-13 15:00:00,1.433,1.433,1.395,1.407,1989274.0,279956704.0
2014-11-14 15:00:00,1.4,1.414,1.397,1.406,1631299.0,229424848.0
2014-11-17 15:00:00,1.401,1.439,1.398,1.432,2288324.0,326672672.0
2014-11-18 15:00:00,1.43,1.445,1.425,1.441,2235199.0,321720192.0
2014-11-19 15:00:00,1.447,1.469,1.446,1.464,1893385.0,275761440.0
2014-11-20 15:00:00,1.458,1.459,1.425,1.451,893743.0,129761648.0
2014-11-21 15:00:00,1.45,1.467,1.45,1.462,1392309.0,203498304.0
2014-11-24 15:00:00,1.483,1.483,1.452,1.47,515242.0,75392552.0
2014-11-25 15:00:00,1.469,1.5,1.466,1.496,1763350.0,261623920.0
2014-11-26 15:00:00,1.495,1.516,1.495,1.51,996984.0,150000576.0
2014-11-27 15:00:00,1.508,1.52,1.498,1.518,925768.0,139983728.0
2014-11-28 15:00:00,1.517,1.537,1.505,1.524,1460913.0,222367056.0
2014-12-01 15:00:00,1.52,1.52,1.495,1.505,638226.0,96119968.0
2014-12-02 15:00:00,1.497,1.523,1.497,1.517,1008287.0,152795392.0
2014-12-03 15:00:00,1.517,1.56,1.486,1.559,3634521.0,557038848.0
2014-12-04 15:00:00,1.563,1.586,1.553,1.579,3579510.0,560879680.0
2014-12-05 15:00:00,1.57,1.57,1.492,1.529,1602144.0,245732096.0
2014-12-08 15:00:00,1.522,1.553,1.51,1.518,1561445.0,239760720.0
2014-12-09 15:00:00,1.509,1.53,1.46,1.464,1483175.0,222767856.0
2014-12-10 15:00:00,1.46,1.538,1.455,1.536,1652099.0,249196896.0
2014-12-11 15:00:00,1.536,1.548,1.51,1.546,1758037.0,269703936.0
2014-12-12 15:00:00,1.549,1.577,1.531,1.569,3555971.0,553083264.0
2014-12-15 15:00:00,1.572,1.611,1.567,1.601,3119282.0,497321376.0
2014-12-16 15:00:00,1.604,1.617,1.575,1.59,2275193.0,363445120.0
2014-12-17 15:00:00,1.58,1.6,1.559,1.595,1601654.0,252998352.0
2014-12-18 15:00:00,1.582,1.61,1.572,1.577,1693569.0,270867552.0
2014-12-19 15:00:00,1.561,1.57,1.518,1.541,1484179.0,229155888.0
2014-12-22 15:00:00,1.534,1.534,1.465,1.47,2255973.0,333882752.0
2014-12-23 15:00:00,1.455,1.504,1.445,1.461,2203348.0,324563936.0
2014-12-24 15:00:00,1.468,1.482,1.45,1.48,1904739.0,280317824.0
2014-12-25 15:00:00,1.475,1.486,1.463,1.48,1462511.0,215895312.0
2014-12-26 15:00:00,1.475,1.493,1.475,1.488,749342.0,111151080.0
2014-12-29 15:00:00,1.489,1.489,1.446,1.463,987715.0,143944752.0
2014-12-30 15:00:00,1.458,1.458,1.411,1.423,670700.0,95651968.0
2014-12-31 15:00:00,1.426,1.438,1.413,1.43,1859285.0,265389168.0
2015-01-05 15:00:00,1.424,1.432,1.393,1.424,2227001.0,314526592.0
2015-01-06 15:00:00,1.422,1.506,1.409,1.502,5273027.0,774540224.0
2015-01-07 15:00:00,1.5,1.504,1.47,1.474,5820002.0,864140800.0
2015-01-08 15:00:00,1.467,1.518,1.467,1.493,3789821.0,566619008.0
2015-01-09 15:00:00,1.485,1.536,1.48,1.503,3869420.0,586347392.0
2015-01-12 15:00:00,1.495,1.542,1.475,1.54,3358343.0,512100736.0
2015-01-13 15:00:00,1.538,1.562,1.526,1.551,2253851.0,348447040.0
2015-01-14 15:00:00,1.546,1.554,1.526,1.536,1413701.0,218119600.0
2015-01-15 15:00:00,1.534,1.558,1.526,1.534,1966260.0,303252256.0
2015-01-16 15:00:00,1.528,1.596,1.528,1.592,2330180.0,364731840.0
2015-01-19 15:00:00,1.576,1.637,1.548,1.579,7977037.0,1271212800.0
2015-01-20 15:00:00,1.581,1.657,1.581,1.657,5223033.0,844511936.0
2015-01-21 15:00:00,1.662,1.673,1.636,1.668,3539651.0,588016320.0
2015-01-22 15:00:00,1.661,1.686,1.655,1.683,3227681.0,540329728.0
2015-01-23 15:00:00,1.682,1.683,1.632,1.638,1632896.0,270164352.0
2015-01-26 15:00:00,1.639,1.686,1.639,1.686,3345613.0,558198208.0
2015-01-27 15:00:00,1.686,1.698,1.651,1.688,2664796.0,448471616.0
2015-01-28 15:00:00,1.672,1.7,1.662,1.668,2591469.0,436384672.0
2015-01-29 15:00:00,1.655,1.676,1.648,1.652,1348225.0,223815968.0
2015-01-30 15:00:00,1.651,1.661,1.614,1.623,922305.0,151518128.0
2015-02-02 15:00:00,1.609,1.653,1.604,1.639,2259328.0,369609024.0
2015-02-03 15:00:00,1.647,1.701,1.64,1.693,2628277.0,440291872.0
2015-02-04 15:00:00,1.693,1.708,1.676,1.698,2268565.0,384401152.0
2015-02-05 15:00:00,1.685,1.746,1.68,1.709,3652199.0,628657792.0
2015-02-06 15:00:00,1.708,1.719,1.661,1.661,2145361.0,361980480.0
2015-02-09 15:00:00,1.661,1.693,1.642,1.645,1900737.0,318342496.0
2015-02-10 15:00:00,1.64,1.687,1.638,1.685,1999416.0,332532000.0
2015-02-11 15:00:00,1.684,1.717,1.681,1.705,2278237.0,388552512.0
2015-02-12 15:00:00,1.706,1.734,1.706,1.72,2737830.0,471228736.0
2015-02-13 15:00:00,1.728,1.763,1.725,1.761,2894763.0,506492224.0
2015-02-16 15:00:00,1.767,1.83,1.766,1.83,2431714.0,437738368.0
2015-02-17 15:00:00,1.839,1.839,1.798,1.82,2654238.0,482832800.0
2015-02-25 15:00:00,1.825,1.837,1.795,1.803,2709115.0,494844448.0
2015-02-26 15:00:00,1.803,1.823,1.78,1.814,2348805.0,424540256.0
2015-02-27 15:00:00,1.812,1.863,1.809,1.863,3111361.0,572008960.0
2015-03-02 15:00:00,1.868,1.918,1.863,1.914,3172606.0,599872640.0
2015-03-03 15:00:00,1.913,1.929,1.882,1.883,4994665.0,954930688.0
2015-03-04 15:00:00,1.881,1.942,1.881,1.94,3423006.0,656215744.0
2015-03-05 15:00:00,1.94,1.958,1.919,1.938,3487308.0,676207936.0
2015-03-06 15:00:00,1.937,1.939,1.872,1.88,3228519.0,611164992.0
2015-03-09 15:00:00,1.855,1.928,1.855,1.927,3978675.0,752710208.0
2015-03-10 15:00:00,1.92,1.974,1.914,1.972,4325495.0,845177984.0
2015-03-11 15:00:00,1.971,1.977,1.94,1.96,3144627.0,617268928.0
2015-03-12 15:00:00,1.953,1.976,1.908,1.94,3560430.0,693323136.0
2015-03-13 15:00:00,1.945,1.996,1.932,1.992,4168892.0,817182592.0
2015-03-16 15:00:00,2.005,2.07,2.001,2.061,4007189.0,818641728.0
2015-03-17 15:00:00,2.063,2.08,2.035,2.053,3411386.0,703232064.0
2015-03-18 15:00:00,2.049,2.104,2.037,2.099,4991478.0,1034598912.0
2015-03-19 15:00:00,2.09,2.103,2.07,2.095,3171081.0,662591680.0
2015-03-20 15:00:00,2.094,2.145,2.091,2.126,5335736.0,1130249984.0
2015-03-23 15:00:00,2.13,2.209,2.126,2.206,4724743.0,1022061888.0
2015-03-24 15:00:00,2.21,2.286,2.156,2.273,7047470.0,1560822784.0
2015-03-25 15:00:00,2.269,2.311,2.248,2.288,7446608.0,1698253696.0
2015-03-26 15:00:00,2.26,2.278,2.17,2.19,3636202.0,810065664.0
2015-03-27 15:00:00,2.18,2.233,2.17,2.228,6775769.0,1490547840.0
2015-03-30 15:00:00,2.21,2.236,2.165,2.193,3703908.0,815630080.0
2015-03-31 15:00:00,2.19,2.264,2.19,2.247,5873710.0,1311991808.0
2015-04-01 15:00:00,2.241,2.301,2.24,2.296,5257417.0,1191844608.0
2015-04-02 15:00:00,2.33,2.377,2.306,2.369,5195590.0,1216884864.0
2015-04-03 15:00:00,2.357,2.406,2.347,2.391,6321722.0,1501905408.0
2015-04-07 15:00:00,2.402,2.443,2.39,2.438,3927645.0,951415680.0
2015-04-08 15:00:00,2.439,2.444,2.328,2.377,5641121.0,1344333824.0
2015-04-09 15:00:00,2.346,2.48,2.24,2.466,5934666.0,1363077120.0
2015-04-10 15:00:00,2.361,2.453,2.341,2.424,6546874.0,1574404864.0
2015-04-13 15:00:00,2.435,2.476,2.4,2.451,3947226.0,966073536.0
2015-04-14 15:00:00,2.455,2.476,2.4,2.44,4012894.0,984611456.0
2015-04-15 15:00:00,2.43,2.437,2.32,2.33,5447841.0,1297231104.0
2015-04-16 15:00:00,2.309,2.423,2.304,2.375,5385600.0,1280744064.0
2015-04-17 15:00:00,2.391,2.405,2.345,2.368,3534355.0,839889984.0
2015-04-20 15:00:00,2.355,2.395,2.305,2.318,5087122.0,1199849088.0
2015-04-21 15:00:00,2.33,2.496,2.33,2.496,4654024.0,1120929408.0
2015-04-22 15:00:00,2.497,2.55,2.497,2.524,4533161.0,1146203136.0
2015-04-23 15:00:00,2.53,2.611,2.53,2.598,4687813.0,1208886016.0
2015-04-24 15:00:00,2.566,2.652,2.558,2.645,4511857.0,1174997760.0
2015-04-27 15:00:00,2.67,2.7,2.623,2.65,3354762.0,893273792.0
2015-04-28 15:00:00,2.67,2.693,2.555,2.583,5309015.0,1380590720.0
2015-04-29 15:00:00,2.561,2.723,2.561,2.723,4034540.0,1063511360.0
2015-04-30 15:00:00,2.72,2.81,2.709,2.748,7016809.0,1942907904.0
2015-05-04 15:00:00,2.758,2.777,2.691,2.74,6728003.0,1843431680.0
2015-05-05 15:00:00,2.731,2.737,2.641,2.67,5041356.0,1362629632.0
2015-05-06 15:00:00,2.7,2.845,2.7,2.738,7597775.0,2092673920.0
2015-05-07 15:00:00,2.71,2.766,2.68,2.686,6396025.0,1742324480.0
2015-05-08 15:00:00,2.72,2.91,2.72,2.894,5851598.0,1627139712.0
2015-05-11 15:00:00,2.908,3.078,2.866,3.05,5692288.0,1674882432.0
2015-05-12 15:00:00,3.063,3.147,3.002,3.129,8768275.0,2685475072.0
2015-05-13 15:00:00,3.05,3.115,2.987,3.036,7302386.0,2236142336.0
2015-05-14 15:00:00,3.03,3.095,2.999,3.008,6678157.0,2040312832.0
2015-05-15 15:00:00,2.971,3.05,2.928,3.016,9669899.0,2881276672.0
2015-05-18 15:00:00,3.043,3.157,3.043,3.157,5332171.0,1664258304.0
2015-05-19 15:00:00,3.176,3.208,3.064,3.185,8042297.0,2523186176.0
2015-05-20 15:00:00,3.192,3.339,3.192,3.264,6081225.0,1993205248.0
2015-05-21 15:00:00,3.27,3.411,3.27,3.41,5914396.0,1969810688.0
2015-05-22 15:00:00,3.456,3.499,3.3,3.382,8721782.0,2953564672.0
2015-05-25 15:00:00,3.271,3.355,3.225,3.327,7936813.0,2618822144.0
2015-05-26 15:00:00,3.313,3.465,3.31,3.463,7064685.0,2411213056.0
2015-05-27 15:00:00,3.475,3.5,3.377,3.463,6649789.0,2284017152.0
2015-05-28 15:00:00,3.445,3.508,3.265,3.29,9724501.0,3332792832.0
2015-05-29 15:00:00,3.3,3.437,3.158,3.384,11029588.0,3667604736.0
2015-06-01 15:00:00,3.398,3.568,3.398,3.568,6905522.0,2409023488.0
2015-06-02 15:00:00,3.583,3.769,3.567,3.768,9408448.0,3431849472.0
2015-06-03 15:00:00,3.772,3.828,3.654,3.79,11312070.0,4252910592.0
2015-06-04 15:00:00,3.798,3.825,3.51,3.751,10838017.0,4037202688.0
2015-06-05 15:00:00,3.801,3.845,3.645,3.703,7853467.0,2964324608.0
2015-06-08 15:00:00,3.65,3.679,3.418,3.533,7004367.0,2479934464.0
2015-06-09 15:00:00,3.475,3.61,3.46,3.526,8024676.0,2840856576.0
2015-06-10 15:00:00,3.505,3.704,3.484,3.66,8315775.0,2965429504.0
2015-06-11 15:00:00,3.652,3.69,3.62,3.666,8255892.0,3024627968.0
2015-06-12 15:00:00,3.692,3.729,3.657,3.704,7650872.0,2825248768.0
2015-06-15 15:00:00,3.712,3.725,3.492,3.512,6693332.0,2411824128.0
2015-06-16 15:00:00,3.45,3.475,3.295,3.402,7907814.0,2684760832.0
2015-06-17 15:00:00,3.39,3.55,3.327,3.545,9467387.0,3240341248.0
2015-06-18 15:00:00,3.545,3.558,3.3,3.32,7969934.0,2787887616.0
2015-06-19 15:00:00,3.22,3.313,3.142,3.15,7740590.0,2505028864.0
2015-06-23 15:00:00,3.15,3.302,2.951,3.208,8647159.0,2687224832.0
2015-06-24 15:00:00,3.22,3.276,3.13,3.199,7390080.0,2371324160.0
2015-06-25 15:00:00,3.215,3.223,3.017,3.03,4183573.0,1315191936.0
2015-06-26 15:00:00,2.947,2.948,2.727,2.767,4186874.0,1184654848.0
2015-06-29 15:00:00,2.76,2.786,2.49,2.49,3025609.0,781514048.0
2015-06-30 15:00:00,2.44,2.739,2.25,2.733,5498478.0,1400489984.0
2015-07-01 15:00:00,2.66,2.843,2.56,2.56,8513715.0,2346491904.0
2015-07-02 15:00:00,2.55,2.669,2.321,2.47,9082066.0,2339510784.0
2015-07-03 15:00:00,2.4,2.64,2.296,2.457,10150517.0,2520953856.0
2015-07-06 15:00:00,2.7,2.7,2.228,2.33,6778303.0,1655042304.0
2015-07-07 15:00:00,2.245,2.252,2.097,2.097,2027703.0,435891008.0
2015-07-08 15:00:00,1.887,2.027,1.887,1.899,3956613.0,751783488.0
2015-07-09 15:00:00,1.901,2.089,1.898,2.089,1466701.0,295014752.0
2015-07-10 15:00:00,2.29,2.298,2.241,2.298,571717.0,130780416.0
2015-07-13 15:00:00,2.524,2.528,2.42,2.528,1835719.0,458516800.0
2015-07-14 15:00:00,2.5,2.781,2.492,2.657,4015740.0,1067668736.0
2015-07-15 15:00:00,2.607,2.612,2.4,2.405,3747267.0,935696320.0
2015-07-16 15:00:00,2.302,2.574,2.261,2.489,4253140.0,1048376704.0
2015-07-17 15:00:00,2.515,2.725,2.499,2.688,6152502.0,1584828928.0
2015-07-20 15:00:00,2.67,2.78,2.62,2.69,8164417.0,2207726336.0
2015-07-21 15:00:00,2.64,2.758,2.625,2.707,7875078.0,2124402176.0
2015-07-22 15:00:00,2.715,2.779,2.651,2.754,9025412.0,2484888320.0
2015-07-23 15:00:00,2.748,2.833,2.712,2.82,5963832.0,1642284800.0
2015-07-24 15:00:00,2.819,2.858,2.682,2.74,6432456.0,1819742720.0
2015-07-27 15:00:00,2.67,2.759,2.466,2.466,6865934.0,1845696256.0
2015-07-28 15:00:00,2.38,2.559,2.328,2.395,6679255.0,1626226688.0
2015-07-29 15:00:00,2.441,2.573,2.253,2.573,7529226.0,1839582336.0
2015-07-30 15:00:00,2.52,2.564,2.399,2.4,6987259.0,1764586368.0
2015-07-31 15:00:00,2.36,2.47,2.309,2.368,5169819.0,1236482688.0
2015-08-03 15:00:00,2.325,2.355,2.221,2.24,2227807.0,509721280.0
2015-08-04 15:00:00,2.256,2.445,2.245,2.442,3029092.0,702545088.0
2015-08-05 15:00:00,2.417,2.448,2.321,2.358,2658623.0,637948736.0
2015-08-06 15:00:00,2.295,2.382,2.282,2.35,2253452.0,527435072.0
2015-08-07 15:00:00,2.386,2.46,2.368,2.459,2562424.0,622615104.0
2015-08-10 15:00:00,2.475,2.645,2.46,2.622,3762882.0,957385920.0
2015-08-11 15:00:00,2.614,2.619,2.533,2.565,3637730.0,940359616.0
2015-08-12 15:00:00,2.52,2.568,2.487,2.489,3317293.0,843290560.0
2015-08-13 15:00:00,2.483,2.562,2.442,2.558,4253216.0,1063345856.0
2015-08-14 15:00:00,2.58,2.59,2.523,2.525,3392290.0,869777152.0
2015-08-17 15:00:00,2.52,2.556,2.474,2.505,3678988.0,921088128.0
2015-08-18 15:00:00,2.531,2.585,2.29,2.343,3849365.0,976602624.0
2015-08-19 15:00:00,2.282,2.445,2.226,2.422,3798636.0,890061440.0
2015-08-20 15:00:00,2.415,2.47,2.36,2.362,3520157.0,851025664.0
2015-08-21 15:00:00,2.328,2.344,2.22,2.226,3612022.0,832829760.0
2015-08-24 15:00:00,2.112,2.124,2.003,2.003,2749950.0,564173312.0
2015-08-25 15:00:00,1.859,1.903,1.803,1.803,1948998.0,359898944.0
2015-08-26 15:00:00,1.78,1.892,1.715,1.74,2353640.0,425069984.0
2015-08-27 15:00:00,1.78,1.825,1.702,1.801,2527132.0,448133952.0
2015-08-28 15:00:00,1.825,1.955,1.785,1.941,2512523.0,466218720.0
2015-08-31 15:00:00,1.901,1.909,1.811,1.83,2160590.0,401111104.0
2015-09-01 15:00:00,1.797,1.81,1.719,1.725,1523962.0,269733152.0
2015-09-02 15:00:00,1.646,1.804,1.638,1.69,1771556.0,304741696.0
2015-09-07 15:00:00,1.741,1.825,1.726,1.763,1964201.0,349523328.0
2015-09-08 15:00:00,1.745,1.888,1.723,1.888,3320886.0,597995712.0
2015-09-09 15:00:00,1.91,1.975,1.88,1.943,4516088.0,869892416.0
2015-09-10 15:00:00,1.895,1.945,1.879,1.899,3162328.0,606530560.0
2015-09-11 15:00:00,1.905,1.942,1.89,1.922,2223666.0,426673888.0
2015-09-14 15:00:00,1.926,1.937,1.73,1.73,2586835.0,471671680.0
2015-09-15 15:00:00,1.687,1.734,1.621,1.633,2288037.0,384788160.0
2015-09-16 15:00:00,1.655,1.796,1.65,1.796,2421366.0,413616256.0
2015-09-17 15:00:00,1.808,1.868,1.75,1.763,2508527.0,456804384.0
2015-09-18 15:00:00,1.775,1.843,1.737,1.825,1769144.0,316474496.0
2015-09-21 15:00:00,1.796,1.965,1.77,1.965,3301091.0,622886336.0
2015-09-22 15:00:00,1.965,2.004,1.903,1.939,3695108.0,718020352.0
2015-09-23 15:00:00,1.874,1.958,1.874,1.915,2171926.0,416608640.0
2015-09-24 15:00:00,1.936,1.982,1.91,1.933,2236869.0,435546880.0
2015-09-25 15:00:00,1.924,1.933,1.803,1.845,1978566.0,370797920.0
2015-09-28 15:00:00,1.849,1.983,1.81,1.979,2162328.0,414663520.0
2015-09-29 15:00:00,1.935,1.977,1.911,1.952,1963693.0,382385664.0
2015-09-30 15:00:00,1.963,1.976,1.89,1.935,1583677.0,305773312.0
2015-10-08 15:00:00,2.035,2.095,1.993,2.08,2298004.0,471636416.0
2015-10-09 15:00:00,2.06,2.121,2.056,2.103,1803509.0,375011648.0
2015-10-12 15:00:00,2.113,2.266,2.103,2.22,4309404.0,951695040.0
2015-10-13 15:00:00,2.185,2.242,2.177,2.226,1942781.0,429846304.0
2015-10-14 15:00:00,2.22,2.228,2.17,2.182,1914012.0,419964384.0
2015-10-15 15:00:00,2.173,2.303,2.163,2.298,2391767.0,535799776.0
2015-10-16 15:00:00,2.307,2.34,2.267,2.329,3004236.0,691885120.0
2015-10-19 15:00:00,2.328,2.336,2.259,2.294,3166377.0,727785984.0
2015-10-20 15:00:00,2.28,2.391,2.28,2.391,2478901.0,581098560.0
2015-10-21 15:00:00,2.39,2.401,2.215,2.22,4242406.0,974866624.0
2015-10-22 15:00:00,2.225,2.348,2.225,2.348,3700304.0,845319744.0
2015-10-23 15:00:00,2.353,2.437,2.326,2.427,3567892.0,848061568.0
2015-10-26 15:00:00,2.443,2.445,2.366,2.398,2832337.0,678313472.0
2015-10-27 15:00:00,2.366,2.474,2.296,2.444,3160521.0,752781248.0
2015-10-28 15:00:00,2.409,2.455,2.351,2.36,2692977.0,648100288.0
2015-10-29 15:00:00,2.37,2.409,2.313,2.352,2725336.0,641920384.0
2015-10-30 15:00:00,2.346,2.404,2.308,2.349,3543975.0,836692096.0
2015-11-02 15:00:00,2.273,2.386,2.273,2.311,2367417.0,552120064.0
2015-11-03 15:00:00,2.303,2.33,2.281,2.305,2026362.0,467095040.0
2015-11-04 15:00:00,2.323,2.491,2.323,2.489,3304478.0,796017664.0
2015-11-05 15:00:00,2.485,2.508,2.421,2.443,4424902.0,1091233664.0
2015-11-06 15:00:00,2.444,2.558,2.444,2.548,3280866.0,821483072.0
2015-11-09 15:00:00,2.521,2.617,2.478,2.583,3146622.0,802242112.0
2015-11-10 15:00:00,2.558,2.64,2.558,2.609,3159369.0,823001216.0
2015-11-11 15:00:00,2.603,2.68,2.59,2.68,2452363.0,645447104.0
2015-11-12 15:00:00,2.674,2.688,2.605,2.648,2654556.0,703187456.0
2015-11-13 15:00:00,2.606,2.63,2.548,2.58,2845472.0,738721024.0
2015-11-16 15:00:00,2.523,2.67,2.52,2.67,2734824.0,707905024.0
2015-11-17 15:00:00,2.688,2.699,2.555,2.569,3409453.0,897869568.0
2015-11-18 15:00:00,2.575,2.594,2.511,2.516,2942606.0,752396608.0
2015-11-19 15:00:00,2.526,2.63,2.526,2.624,3625919.0,933511616.0
2015-11-20 15:00:00,2.624,2.666,2.606,2.645,3210896.0,846150400.0
2015-11-23 15:00:00,2.628,2.684,2.601,2.619,3022552.0,800807616.0
2015-11-24 15:00:00,2.61,2.665,2.593,2.663,2836073.0,744535616.0
2015-11-25 15:00:00,2.654,2.755,2.65,2.746,3345482.0,905010048.0
2015-11-26 15:00:00,2.748,2.754,2.672,2.674,3290003.0,892239424.0
2015-11-27 15:00:00,2.655,2.685,2.471,2.496,5056396.0,1313358976.0
2015-11-30 15:00:00,2.505,2.538,2.369,2.52,5203563.0,1288285184.0
2015-12-01 15:00:00,2.51,2.545,2.449,2.507,3351539.0,842192640.0
2015-12-02 15:00:00,2.494,2.511,2.384,2.454,3197754.0,782162176.0
2015-12-03 15:00:00,2.461,2.563,2.46,2.561,3812405.0,958459264.0
2015-12-04 15:00:00,2.54,2.585,2.512,2.53,2576536.0,657033792.0
2015-12-07 15:00:00,2.534,2.591,2.527,2.571,2552821.0,654707008.0
2015-12-08 15:00:00,2.556,2.571,2.516,2.531,2415193.0,614242624.0
2015-12-09 15:00:00,2.515,2.54,2.493,2.51,2427621.0,610568384.0
2015-12-10 15:00:00,2.514,2.566,2.501,2.526,2722032.0,689644416.0
2015-12-11 15:00:00,2.519,2.541,2.502,2.51,1970366.0,497067968.0
2015-12-14 15:00:00,2.489,2.555,2.463,2.555,2504075.0,627214848.0
2015-12-15 15:00:00,2.551,2.598,2.547,2.577,2636007.0,680583744.0
2015-12-16 15:00:00,2.588,2.625,2.576,2.593,2537198.0,658898368.0
2015-12-17 15:00:00,2.611,2.674,2.611,2.674,2707358.0,717264512.0
2015-12-18 15:00:00,2.67,2.675,2.63,2.668,2117621.0,561941888.0
2015-12-21 15:00:00,2.654,2.669,2.631,2.663,2297001.0,608613312.0
2015-12-22 15:00:00,2.675,2.679,2.637,2.656,1798789.0,478118784.0
2015-12-23 15:00:00,2.658,2.666,2.599,2.6,2424334.0,639541120.0
2015-12-24 15:00:00,2.597,2.633,2.565,2.624,2494359.0,648869504.0
2015-12-25 15:00:00,2.623,2.644,2.598,2.62,2236704.0,586505728.0
2015-12-28 15:00:00,2.623,2.643,2.551,2.551,1865996.0,487254720.0
2015-12-29 15:00:00,2.547,2.584,2.539,2.58,1865284.0,476760928.0
2015-12-30 15:00:00,2.581,2.608,2.56,2.605,1631223.0,422473632.0
2015-12-31 15:00:00,2.606,2.612,2.539,2.539,1343768.0,345623200.0
2016-01-04 15:00:00,2.531,2.538,2.301,2.306,1875800.0,458707936.0
2016-01-05 15:00:00,2.24,2.336,2.2,2.275,3867289.0,881388224.0
2016-01-06 15:00:00,2.291,2.33,2.25,2.321,3417991.0,784013376.0
2016-01-07 15:00:00,2.272,2.28,2.09,2.096,1203798.0,263871424.0
2016-01-08 15:00:00,2.17,2.19,2.03,2.125,4174901.0,889115200.0
2016-01-11 15:00:00,2.067,2.109,1.99,1.999,4643732.0,957623552.0
2016-01-12 15:00:00,2.011,2.067,1.979,2.036,2609035.0,527014912.0
2016-01-13 15:00:00,2.048,2.057,1.936,1.964,2055166.0,413820672.0
2016-01-14 15:00:00,1.904,2.079,1.885,2.072,2218447.0,442157888.0
2016-01-15 15:00:00,2.041,2.07,1.98,1.997,2574903.0,523203680.0
2016-01-18 15:00:00,1.966,2.097,1.964,2.07,2912857.0,597664896.0
2016-01-19 15:00:00,2.05,2.129,2.03,2.126,3527494.0,734826048.0
2016-01-20 15:00:00,2.102,2.129,2.069,2.085,3131661.0,658043648.0
2016-01-21 15:00:00,2.059,2.126,2.006,2.006,2873125.0,596459712.0
2016-01-22 15:00:00,2.027,2.047,1.971,2.042,3147388.0,635377344.0
2016-01-25 15:00:00,2.055,2.07,2.02,2.04,1795249.0,367814944.0
2016-01-26 15:00:00,2.01,2.024,1.845,1.888,4044458.0,793655104.0
2016-01-27 15:00:00,1.899,1.907,1.794,1.887,4303859.0,797046016.0
2016-01-28 15:00:00,1.869,1.883,1.799,1.808,2629486.0,487221664.0
2016-01-29 15:00:00,1.807,1.905,1.801,1.879,2911765.0,543031424.0
2016-02-01 15:00:00,1.875,1.902,1.85,1.895,2481211.0,467479744.0
2016-02-02 15:00:00,1.897,1.986,1.894,1.972,3045712.0,595494848.0
2016-02-03 15:00:00,1.949,2.005,1.924,1.988,2885674.0,565543232.0
2016-02-04 15:00:00,1.997,2.036,1.991,2.024,5669151.0,1145774848.0
2016-02-05 15:00:00,2.029,2.037,1.997,1.999,4615432.0,928874560.0
2016-02-15 15:00:00,1.933,2.027,1.921,2.017,4167725.0,826385344.0
2016-02-16 15:00:00,2.022,2.106,2.022,2.099,4250795.0,883624512.0
2016-02-17 15:00:00,2.099,2.116,2.07,2.109,4345463.0,911283712.0
2016-02-18 15:00:00,2.126,2.135,2.085,2.09,4214813.0,888019968.0
2016-02-19 15:00:00,2.081,2.123,2.079,2.106,5694718.0,1194712192.0
2016-02-22 15:00:00,2.134,2.142,2.108,2.142,4314313.0,916841856.0
2016-02-23 15:00:00,2.14,2.145,2.088,2.117,3993191.0,845011584.0
2016-02-24 15:00:00,2.102,2.124,2.049,2.097,4070632.0,848784832.0
2016-02-25 15:00:00,2.094,2.095,1.888,1.896,8334199.0,1668984448.0
2016-02-26 15:00:00,1.93,1.947,1.872,1.902,5943378.0,1141784192.0
2016-02-29 15:00:00,1.886,1.897,1.755,1.77,4588137.0,826103360.0
2016-03-01 15:00:00,1.776,1.844,1.736,1.824,4719124.0,848028480.0
2016-03-02 15:00:00,1.823,1.918,1.813,1.912,5727378.0,1067228416.0
2016-03-03 15:00:00,1.907,1.959,1.901,1.902,6073920.0,1171559168.0
2016-03-04 15:00:00,1.89,1.9,1.795,1.81,6328747.0,1170632704.0
2016-03-07 15:00:00,1.84,1.893,1.832,1.853,6205238.0,1152929792.0
2016-03-08 15:00:00,1.847,1.895,1.761,1.888,7583684.0,1386604288.0
2016-03-09 15:00:00,1.852,1.911,1.832,1.848,5798796.0,1089503232.0
2016-03-10 15:00:00,1.865,1.889,1.833,1.835,5021458.0,936158976.0
2016-03-11 15:00:00,1.8,1.846,1.8,1.834,4022368.0,734025664.0
2016-03-14 15:00:00,1.86,1.948,1.858,1.925,6539860.0,1249886208.0
2016-03-15 15:00:00,1.917,1.932,1.889,1.891,5133045.0,981970304.0
2016-03-16 15:00:00,1.927,1.934,1.863,1.878,5759163.0,1089553792.0
2016-03-17 15:00:00,1.88,1.991,1.879,1.991,11204059.0,2183952384.0
2016-03-18 15:00:00,2.015,2.095,1.992,2.076,10227921.0,2088947584.0
2016-03-21 15:00:00,2.1,2.12,2.08,2.116,6438543.0,1353280000.0
2016-03-22 15:00:00,2.09,2.135,2.082,2.099,6730783.0,1421503232.0
2016-03-23 15:00:00,2.1,2.152,2.091,2.148,7245495.0,1533622784.0
2016-03-24 15:00:00,2.122,2.16,2.093,2.1,7282057.0,1552131328.0
2016-03-25 15:00:00,2.092,2.117,2.067,2.099,6181155.0,1296099712.0
2016-03-28 15:00:00,2.117,2.143,2.071,2.073,5507095.0,1164365440.0
2016-03-29 15:00:00,2.072,2.081,2.01,2.039,5438191.0,1110802560.0
2016-03-30 15:00:00,2.058,2.135,2.05,2.134,5627064.0,1175813632.0
2016-03-31 15:00:00,2.14,2.158,2.118,2.119,5153021.0,1101951104.0
2016-04-01 15:00:00,2.109,2.116,2.06,2.097,5730624.0,1195158272.0
2016-04-05 15:00:00,2.093,2.175,2.092,2.168,6790260.0,1456233088.0
2016-04-06 15:00:00,2.168,2.193,2.16,2.181,6042148.0,1315558272.0
2016-04-07 15:00:00,2.199,2.205,2.139,2.145,4668404.0,1012566336.0
2016-04-08 15:00:00,2.121,2.131,2.084,2.125,4759335.0,1005494080.0
2016-04-11 15:00:00,2.148,2.193,2.145,2.17,4797405.0,1043016448.0
2016-04-12 15:00:00,2.17,2.179,2.129,2.162,4846060.0,1042173824.0
2016-04-13 15:00:00,2.17,2.221,2.17,2.177,5861528.0,1288245504.0
2016-04-14 15:00:00,2.197,2.217,2.181,2.212,5585268.0,1229298816.0
2016-04-15 15:00:00,2.214,2.217,2.189,2.195,3395353.0,746789888.0
2016-04-18 15:00:00,2.176,2.178,2.139,2.16,4743527.0,1022342848.0
2016-04-19 15:00:00,2.17,2.178,2.142,2.161,4712872.0,1016926784.0
2016-04-20 15:00:00,2.168,2.173,2.012,2.03,7695534.0,1594296704.0
2016-04-21 15:00:00,2.03,2.053,1.998,2.003,4630005.0,941793600.0
2016-04-22 15:00:00,1.989,2.038,1.983,2.038,3644602.0,735275904.0
2016-04-25 15:00:00,2.027,2.027,1.98,2.023,2980270.0,596684352.0
2016-04-26 15:00:00,2.016,2.055,2.013,2.054,3170105.0,644632448.0
2016-04-27 15:00:00,2.058,2.068,2.036,2.041,3197011.0,656115776.0
2016-04-28 15:00:00,2.041,2.054,2.004,2.048,3045858.0,618893568.0
2016-04-29 15:00:00,2.036,2.057,2.03,2.033,2465148.0,503695232.0
2016-05-03 15:00:00,2.036,2.112,2.018,2.112,5746738.0,1199018240.0
2016-05-04 15:00:00,2.105,2.124,2.096,2.102,4067831.0,859148224.0
2016-05-05 15:00:00,2.098,2.119,2.091,2.116,3961827.0,834676096.0
2016-05-06 15:00:00,2.119,2.127,2.018,2.018,6311790.0,1306158336.0
2016-05-09 15:00:00,2.002,2.002,1.948,1.955,4445741.0,874502400.0
2016-05-10 15:00:00,1.95,1.966,1.941,1.95,3339784.0,653029760.0
2016-05-11 15:00:00,1.963,1.97,1.93,1.93,3649159.0,712182976.0
2016-05-12 15:00:00,1.909,1.936,1.879,1.932,3220815.0,615260800.0
2016-05-13 15:00:00,1.925,1.954,1.91,1.92,2925200.0,566175488.0
2016-05-16 15:00:00,1.914,1.955,1.907,1.953,3143015.0,607941440.0
2016-05-17 15:00:00,1.954,2.002,1.932,1.977,4567618.0,898711680.0
2016-05-18 15:00:00,1.962,1.963,1.902,1.921,3250507.0,628278848.0
2016-05-19 15:00:00,1.921,1.972,1.92,1.938,3092648.0,603954752.0
2016-05-20 15:00:00,1.929,1.965,1.911,1.961,3718797.0,722932480.0
2016-05-23 15:00:00,1.967,2.004,1.967,1.992,3580265.0,712501504.0
2016-05-24 15:00:00,1.988,2.0,1.96,1.975,3347927.0,661083840.0
2016-05-25 15:00:00,1.998,2.01,1.961,1.965,2982243.0,592385088.0
2016-05-26 15:00:00,1.959,1.986,1.92,1.985,4621033.0,901795136.0
2016-05-27 15:00:00,1.975,1.989,1.963,1.968,3193706.0,631617600.0
2016-05-30 15:00:00,1.964,1.983,1.934,1.959,2481896.0,487072352.0
2016-05-31 15:00:00,1.956,2.07,1.956,2.069,5272627.0,1069024320.0
2016-06-01 15:00:00,2.067,2.086,2.056,2.067,4225593.0,875741184.0
2016-06-02 15:00:00,2.065,2.09,2.06,2.088,3056935.0,633775360.0
2016-06-03 15:00:00,2.08,2.136,2.077,2.109,5251021.0,1107640832.0
2016-06-06 15:00:00,2.109,2.119,2.087,2.102,3063377.0,643204224.0
2016-06-07 15:00:00,2.1,2.109,2.084,2.098,2731964.0,572219712.0
2016-06-08 15:00:00,2.091,2.106,2.072,2.092,3138996.0,655211520.0
2016-06-13 15:00:00,2.065,2.072,1.967,1.967,4376777.0,888455616.0
2016-06-14 15:00:00,1.958,1.98,1.947,1.967,3925353.0,770387840.0
2016-06-15 15:00:00,1.951,2.057,1.95,2.04,5174330.0,1044164928.0
2016-06-16 15:00:00,2.034,2.047,2.005,2.009,3447651.0,700002688.0
2016-06-17 15:00:00,2.02,2.065,2.015,2.034,4317037.0,882089792.0
2016-06-20 15:00:00,2.033,2.042,1.997,2.03,3292488.0,664499904.0
2016-06-21 15:00:00,2.045,2.065,1.999,2.007,3818565.0,776822080.0
2016-06-22 15:00:00,1.998,2.06,1.998,2.055,4266318.0,865497408.0
2016-06-23 15:00:00,2.055,2.066,2.032,2.051,3853563.0,791066560.0
2016-06-24 15:00:00,2.047,2.07,1.979,2.043,6498082.0,1324673408.0
2016-06-27 15:00:00,2.03,2.109,2.025,2.109,5492111.0,1140163200.0
2016-06-28 15:00:00,2.095,2.132,2.085,2.128,5171557.0,1090948864.0
2016-06-29 15:00:00,2.137,2.149,2.115,2.121,3372756.0,717396480.0
2016-06-30 15:00:00,2.122,2.142,2.116,2.132,3036061.0,646909056.0
2016-07-01 15:00:00,2.137,2.148,2.112,2.116,3334124.0,709968384.0
2016-07-04 15:00:00,2.103,2.161,2.101,2.153,3971360.0,850193600.0
2016-07-05 15:00:00,2.155,2.164,2.134,2.148,3251295.0,699380992.0
2016-07-06 15:00:00,2.145,2.152,2.135,2.148,1919199.0,411401376.0
2016-07-07 15:00:00,2.145,2.152,2.116,2.141,2175191.0,464693152.0
2016-07-08 15:00:00,2.137,2.16,2.127,2.145,2692981.0,577716480.0
2016-07-11 15:00:00,2.147,2.157,2.12,2.125,1877318.0,402537568.0
2016-07-12 15:00:00,2.123,2.155,2.092,2.155,3655279.0,775995776.0
2016-07-13 15:00:00,2.16,2.201,2.151,2.188,4236044.0,922693184.0
2016-07-14 15:00:00,2.188,2.194,2.173,2.19,3339478.0,729436992.0
2016-07-15 15:00:00,2.19,2.192,2.16,2.164,3138970.0,681817536.0
2016-07-18 15:00:00,2.162,2.168,2.136,2.148,3769672.0,811263104.0
2016-07-19 15:00:00,2.148,2.176,2.138,2.173,3451597.0,744453824.0
2016-07-20 15:00:00,2.174,2.188,2.165,2.165,2697471.0,587356544.0
2016-07-21 15:00:00,2.164,2.189,2.16,2.167,2412058.0,524294848.0
2016-07-22 15:00:00,2.163,2.169,2.15,2.154,2092158.0,451820032.0
2016-07-25 15:00:00,2.147,2.165,2.139,2.146,1683286.0,361954944.0
2016-07-26 15:00:00,2.147,2.182,2.146,2.182,2308504.0,500350016.0
2016-07-27 15:00:00,2.181,2.185,2.048,2.061,6514482.0,1364609536.0
2016-07-28 15:00:00,2.06,2.075,2.023,2.044,3956703.0,810674816.0
2016-07-29 15:00:00,2.053,2.055,2.017,2.031,2351325.0,478998848.0
2016-08-01 15:00:00,2.024,2.028,1.981,2.013,3943983.0,788439616.0
2016-08-02 15:00:00,2.012,2.027,2.008,2.025,2179841.0,440132608.0
2016-08-03 15:00:00,2.021,2.031,2.009,2.017,1797202.0,362889728.0
2016-08-04 15:00:00,2.017,2.044,2.013,2.04,1795408.0,364417856.0
2016-08-05 15:00:00,2.036,2.04,2.02,2.022,1474876.0,299109728.0
2016-08-08 15:00:00,2.019,2.042,1.996,2.041,2156866.0,436086112.0
2016-08-09 15:00:00,2.041,2.062,2.035,2.061,2343517.0,480852736.0
2016-08-10 15:00:00,2.063,2.071,2.043,2.043,2688114.0,552569344.0
2016-08-11 15:00:00,2.04,2.047,2.015,2.017,1989860.0,403848160.0
2016-08-12 15:00:00,2.013,2.035,2.01,2.035,1671247.0,338009472.0
2016-08-15 15:00:00,2.035,2.109,2.02,2.103,5594114.0,1162833024.0
2016-08-16 15:00:00,2.101,2.116,2.097,2.105,2962460.0,624540032.0
2016-08-17 15:00:00,2.106,2.122,2.099,2.112,2381912.0,503026880.0
2016-08-18 15:00:00,2.108,2.119,2.097,2.108,2059276.0,433969248.0
2016-08-19 15:00:00,2.108,2.116,2.099,2.112,1427763.0,300807552.0
2016-08-22 15:00:00,2.112,2.119,2.072,2.072,1819292.0,381658592.0
2016-08-23 15:00:00,2.073,2.093,2.058,2.084,2170010.0,452085952.0
2016-08-24 15:00:00,2.084,2.108,2.082,2.098,2550870.0,535253696.0
2016-08-25 15:00:00,2.089,2.089,2.061,2.088,2636163.0,545954304.0
2016-08-26 15:00:00,2.091,2.117,2.087,2.095,2007329.0,422531776.0
2016-08-29 15:00:00,2.089,2.116,2.088,2.101,1325362.0,278423104.0
2016-08-30 15:00:00,2.103,2.115,2.097,2.104,1285239.0,270748672.0
2016-08-31 15:00:00,2.099,2.104,2.081,2.099,1672853.0,349816416.0
2016-09-01 15:00:00,2.099,2.107,2.084,2.084,1537773.0,322676192.0
2016-09-02 15:00:00,2.079,2.093,2.068,2.081,1254711.0,261142224.0
2016-09-05 15:00:00,2.081,2.105,2.081,2.088,1422010.0,297738400.0
2016-09-06 15:00:00,2.086,2.133,2.069,2.128,2970897.0,624940672.0
2016-09-07 15:00:00,2.126,2.135,2.109,2.114,3124352.0,665123776.0
2016-09-08 15:00:00,2.115,2.128,2.112,2.128,1232864.0,261464144.0
2016-09-09 15:00:00,2.127,2.131,2.107,2.109,1152941.0,244489136.0
2016-09-12 15:00:00,2.075,2.087,2.054,2.06,3530165.0,729962304.0
2016-09-13 15:00:00,2.066,2.072,2.05,2.055,1562228.0,321969376.0
2016-09-14 15:00:00,2.046,2.065,2.04,2.051,1326870.0,272445536.0
2016-09-19 15:00:00,2.054,2.083,2.054,2.072,1175237.0,243331680.0
2016-09-20 15:00:00,2.07,2.075,2.062,2.066,741129.0,153237152.0
2016-09-21 15:00:00,2.068,2.08,2.063,2.068,718913.0,148953280.0
2016-09-22 15:00:00,2.08,2.085,2.07,2.072,912522.0,189620784.0
2016-09-23 15:00:00,2.076,2.078,2.065,2.065,649535.0,134482368.0
2016-09-26 15:00:00,2.061,2.07,2.029,2.032,1414239.0,290422624.0
2016-09-27 15:00:00,2.031,2.051,2.025,2.049,1854729.0,377924096.0
2016-09-28 15:00:00,2.052,2.053,2.04,2.05,1151938.0,235648352.0
2016-09-29 15:00:00,2.052,2.065,2.049,2.058,776504.0,159790752.0
2016-09-30 15:00:00,2.057,2.063,2.054,2.062,512110.0,105448568.0
2016-10-10 15:00:00,2.071,2.12,2.068,2.119,1760305.0,370166624.0
2016-10-11 15:00:00,2.119,2.119,2.106,2.118,1037590.0,219187392.0
2016-10-12 15:00:00,2.111,2.125,2.108,2.116,893655.0,189058448.0
2016-10-13 15:00:00,2.117,2.122,2.107,2.113,1109353.0,234706144.0
2016-10-14 15:00:00,2.114,2.114,2.088,2.104,894258.0,187584592.0
2016-10-17 15:00:00,2.104,2.106,2.068,2.079,1174629.0,245419232.0
2016-10-18 15:00:00,2.078,2.108,2.076,2.107,1534366.0,321326240.0
2016-10-19 15:00:00,2.107,2.108,2.089,2.092,1058788.0,222265248.0
2016-10-20 15:00:00,2.093,2.107,2.092,2.101,789523.0,165856224.0
2016-10-21 15:00:00,2.102,2.11,2.079,2.09,1013663.0,212018768.0
2016-10-24 15:00:00,2.09,2.116,2.086,2.109,2202417.0,463282048.0
2016-10-25 15:00:00,2.111,2.117,2.104,2.109,1037450.0,218955792.0
2016-10-26 15:00:00,2.106,2.112,2.088,2.094,1152148.0,241667424.0
2016-10-27 15:00:00,2.092,2.095,2.081,2.092,666248.0,139179920.0
2016-10-28 15:00:00,2.09,2.105,2.071,2.071,1489418.0,311160448.0
2016-10-31 15:00:00,2.07,2.074,2.057,2.071,1238523.0,255680816.0
2016-11-01 15:00:00,2.071,2.087,2.069,2.082,1340308.0,278405376.0
2016-11-02 15:00:00,2.079,2.081,2.053,2.054,1336701.0,276273600.0
2016-11-03 15:00:00,2.045,2.076,2.045,2.062,2105737.0,434113536.0
2016-11-04 15:00:00,2.059,2.08,2.05,2.056,1687287.0,348234560.0
2016-11-07 15:00:00,2.054,2.057,2.038,2.043,1108717.0,226919184.0
2016-11-08 15:00:00,2.048,2.068,2.046,2.063,1592791.0,328011104.0
2016-11-09 15:00:00,2.062,2.066,2.012,2.032,1814598.0,370359328.0
2016-11-10 15:00:00,2.052,2.062,2.051,2.053,1723974.0,354559872.0
2016-11-11 15:00:00,2.051,2.062,2.037,2.06,1686738.0,345829664.0
2016-11-14 15:00:00,2.057,2.087,2.057,2.07,2135289.0,443480640.0
2016-11-15 15:00:00,2.07,2.089,2.061,2.089,2037412.0,422741792.0
2016-11-16 15:00:00,2.096,2.118,2.09,2.091,2662781.0,560558464.0
2016-11-17 15:00:00,2.085,2.085,2.067,2.074,1234155.0,256055824.0
2016-11-18 15:00:00,2.074,2.081,2.065,2.07,862819.0,178860752.0
2016-11-21 15:00:00,2.065,2.075,2.056,2.061,1145398.0,236595904.0
2016-11-22 15:00:00,2.064,2.086,2.059,2.086,2150688.0,445694912.0
2016-11-23 15:00:00,2.09,2.1,2.073,2.075,2436437.0,508367264.0
2016-11-24 15:00:00,2.067,2.08,2.054,2.054,1559165.0,322423904.0
2016-11-25 15:00:00,2.052,2.078,2.03,2.076,2058856.0,423535104.0
2016-11-28 15:00:00,2.079,2.086,2.067,2.071,1605870.0,333733728.0
2016-11-29 15:00:00,2.068,2.086,2.064,2.073,2059937.0,427638624.0
2016-11-30 15:00:00,2.068,2.11,2.063,2.092,3042287.0,636902208.0
2016-12-01 15:00:00,2.09,2.097,2.083,2.089,1338250.0,279487456.0
2016-12-02 15:00:00,2.087,2.096,2.055,2.055,2227676.0,461522656.0
2016-12-05 15:00:00,2.045,2.071,2.038,2.055,1910268.0,393002336.0
2016-12-06 15:00:00,2.058,2.066,2.033,2.036,1662374.0,340406560.0
2016-12-07 15:00:00,2.04,2.045,2.025,2.044,1043243.0,212243840.0
2016-12-08 15:00:00,2.044,2.045,2.026,2.028,1088349.0,221128128.0
2016-12-09 15:00:00,2.025,2.029,2.011,2.013,1477668.0,298445312.0
2016-12-12 15:00:00,2.01,2.011,1.895,1.902,3580867.0,697865728.0
2016-12-13 15:00:00,1.9,1.911,1.879,1.9,2565921.0,486450304.0
2016-12-14 15:00:00,1.898,1.905,1.873,1.88,1455801.0,275129984.0
2016-12-15 15:00:00,1.877,1.908,1.873,1.893,1553878.0,293984256.0
2016-12-16 15:00:00,1.888,1.922,1.886,1.908,1544205.0,295061792.0
2016-12-19 15:00:00,1.907,1.909,1.891,1.896,576976.0,109548496.0
2016-12-20 15:00:00,1.897,1.906,1.89,1.897,966099.0,183398656.0
2016-12-21 15:00:00,1.899,1.912,1.897,1.904,872115.0,166079632.0
2016-12-22 15:00:00,1.903,1.904,1.889,1.897,533974.0,101291792.0
2016-12-23 15:00:00,1.893,1.903,1.874,1.874,675523.0,127584144.0
2016-12-26 15:00:00,1.869,1.887,1.848,1.886,938586.0,174914848.0
2016-12-27 15:00:00,1.883,1.892,1.879,1.881,700094.0,131998752.0
2016-12-28 15:00:00,1.879,1.884,1.861,1.87,598143.0,112138840.0
2016-12-29 15:00:00,1.869,1.887,1.866,1.876,597377.0,112222392.0
2016-12-30 15:00:00,1.878,1.885,1.871,1.881,1208164.0,226871328.0
2017-01-03 15:00:00,1.882,1.89,1.876,1.881,569141.0,107178848.0
2017-01-04 15:00:00,1.882,1.909,1.876,1.907,1268433.0,240595456.0
2017-01-05 15:00:00,1.904,1.908,1.897,1.901,808785.0,153887088.0
2017-01-06 15:00:00,1.897,1.897,1.88,1.886,637272.0,120224776.0
2017-01-09 15:00:00,1.883,1.889,1.869,1.878,455545.0,85535736.0
2017-01-10 15:00:00,1.877,1.885,1.868,1.869,637244.0,119621384.0
2017-01-11 15:00:00,1.863,1.877,1.853,1.857,977105.0,181990160.0
2017-01-12 15:00:00,1.851,1.867,1.849,1.849,1064767.0,197737744.0
2017-01-13 15:00:00,1.849,1.854,1.816,1.82,1101222.0,202323184.0
2017-01-16 15:00:00,1.82,1.82,1.711,1.756,2571600.0,456937504.0
2017-01-17 15:00:00,1.748,1.797,1.73,1.787,2907816.0,514410880.0
2017-01-18 15:00:00,1.78,1.785,1.763,1.767,1505930.0,267403808.0
2017-01-19 15:00:00,1.765,1.775,1.756,1.768,1167288.0,206294112.0
2017-01-20 15:00:00,1.762,1.813,1.762,1.801,1821481.0,327812000.0
2017-01-23 15:00:00,1.798,1.818,1.797,1.807,626704.0,113469296.0
2017-01-24 15:00:00,1.807,1.807,1.78,1.786,708059.0,126819088.0
2017-01-25 15:00:00,1.78,1.798,1.777,1.794,473825.0,84850400.0
2017-01-26 15:00:00,1.794,1.81,1.794,1.804,430825.0,77772032.0
2017-02-03 15:00:00,1.806,1.809,1.794,1.802,412051.0,74180664.0
2017-02-06 15:00:00,1.799,1.825,1.796,1.82,928864.0,168414976.0
2017-02-07 15:00:00,1.816,1.822,1.803,1.807,713488.0,129207056.0
2017-02-08 15:00:00,1.806,1.825,1.803,1.822,919020.0,166642080.0
2017-02-09 15:00:00,1.822,1.84,1.821,1.833,1049925.0,192282960.0
2017-02-10 15:00:00,1.833,1.835,1.821,1.824,702525.0,128295216.0
2017-02-13 15:00:00,1.82,1.842,1.815,1.833,938694.0,171803120.0
2017-02-14 15:00:00,1.831,1.839,1.826,1.827,897032.0,164405616.0
2017-02-15 15:00:00,1.828,1.842,1.81,1.812,659948.0,120533976.0
2017-02-16 15:00:00,1.808,1.822,1.807,1.817,676778.0,122862192.0
2017-02-17 15:00:00,1.817,1.826,1.8,1.801,847230.0,153457728.0
2017-02-20 15:00:00,1.804,1.817,1.798,1.817,989914.0,179040128.0
2017-02-21 15:00:00,1.817,1.845,1.815,1.842,1152993.0,211397856.0
2017-02-22 15:00:00,1.844,1.845,1.83,1.838,1021327.0,187733888.0
2017-02-23 15:00:00,1.838,1.848,1.825,1.848,1113450.0,204384336.0
2017-02-24 15:00:00,1.846,1.859,1.841,1.859,1044112.0,193378160.0
2017-02-27 15:00:00,1.859,1.864,1.841,1.847,879682.0,163117296.0
2017-02-28 15:00:00,1.847,1.85,1.836,1.846,865102.0,159420320.0
2017-03-01 15:00:00,1.842,1.86,1.842,1.85,871857.0,161545600.0
2017-03-02 15:00:00,1.851,1.856,1.84,1.841,547042.0,101023152.0
2017-03-03 15:00:00,1.836,1.852,1.829,1.849,737075.0,135740128.0
2017-03-06 15:00:00,1.848,1.884,1.847,1.883,1464071.0,274466848.0
2017-03-07 15:00:00,1.885,1.896,1.875,1.895,1088009.0,205396544.0
2017-03-08 15:00:00,1.895,1.895,1.879,1.884,779682.0,147008848.0
2017-03-09 15:00:00,1.877,1.881,1.867,1.869,849526.0,159154928.0
2017-03-10 15:00:00,1.868,1.876,1.863,1.868,590481.0,110403832.0
2017-03-13 15:00:00,1.864,1.89,1.857,1.89,1215816.0,228174384.0
2017-03-14 15:00:00,1.888,1.888,1.868,1.875,1124811.0,211165936.0
2017-03-15 15:00:00,1.871,1.882,1.863,1.876,771932.0,144644272.0
2017-03-16 15:00:00,1.875,1.886,1.875,1.882,721986.0,135875456.0
2017-03-17 15:00:00,1.883,1.9,1.862,1.862,1117073.0,210588720.0
2017-03-20 15:00:00,1.863,1.871,1.856,1.87,892708.0,166421456.0
2017-03-21 15:00:00,1.869,1.879,1.866,1.879,515699.0,96557592.0
2017-03-22 15:00:00,1.87,1.879,1.858,1.864,1529803.0,285377440.0
2017-03-23 15:00:00,1.866,1.879,1.85,1.865,1731105.0,322406656.0
2017-03-24 15:00:00,1.865,1.884,1.863,1.882,725597.0,136133232.0
2017-03-27 15:00:00,1.878,1.885,1.863,1.864,665478.0,124456752.0
2017-03-28 15:00:00,1.863,1.871,1.859,1.863,418696.0,78072232.0
2017-03-29 15:00:00,1.865,1.869,1.844,1.845,1007642.0,186918096.0
2017-03-30 15:00:00,1.841,1.845,1.811,1.813,1474102.0,269193312.0
2017-03-31 15:00:00,1.814,1.827,1.814,1.826,901510.0,164251520.0
2017-04-05 15:00:00,1.831,1.861,1.831,1.861,665627.0,123156664.0
2017-04-06 15:00:00,1.863,1.869,1.855,1.859,501456.0,93346440.0
2017-04-07 15:00:00,1.859,1.871,1.852,1.865,541223.0,100831616.0
2017-04-10 15:00:00,1.865,1.865,1.828,1.832,476985.0,87851968.0
2017-04-11 15:00:00,1.829,1.84,1.81,1.836,1127883.0,205783632.0
2017-04-12 15:00:00,1.832,1.834,1.815,1.819,577018.0,105362256.0
2017-04-13 15:00:00,1.819,1.84,1.814,1.835,687692.0,126041848.0
2017-04-14 15:00:00,1.829,1.834,1.808,1.81,862709.0,156652320.0
2017-04-17 15:00:00,1.806,1.809,1.785,1.79,1299578.0,233566816.0
2017-04-18 15:00:00,1.79,1.799,1.77,1.772,832395.0,148672144.0
2017-04-19 15:00:00,1.767,1.77,1.738,1.763,1500866.0,262950432.0
2017-04-20 15:00:00,1.765,1.778,1.758,1.77,1003610.0,177607696.0
2017-04-21 15:00:00,1.77,1.784,1.756,1.761,880331.0,156023296.0
2017-04-24 15:00:00,1.759,1.759,1.723,1.737,1324228.0,229845184.0
2017-04-25 15:00:00,1.736,1.755,1.732,1.742,792404.0,138260080.0
2017-04-26 15:00:00,1.74,1.747,1.734,1.743,363643.0,63329684.0
2017-04-27 15:00:00,1.739,1.774,1.721,1.764,1502604.0,262128000.0
2017-04-28 15:00:00,1.76,1.779,1.758,1.777,866992.0,153511344.0
2017-05-02 15:00:00,1.775,1.778,1.766,1.773,501284.0,88855544.0
2017-05-03 15:00:00,1.767,1.778,1.755,1.763,511278.0,90252808.0
2017-05-04 15:00:00,1.761,1.781,1.753,1.769,1084637.0,191762752.0
2017-05-05 15:00:00,1.76,1.765,1.743,1.743,1553911.0,272700128.0
2017-05-08 15:00:00,1.735,1.75,1.715,1.716,1728978.0,299627936.0
2017-05-09 15:00:00,1.709,1.73,1.699,1.726,2171479.0,371764672.0
2017-05-10 15:00:00,1.725,1.74,1.699,1.7,2393477.0,412446400.0
2017-05-11 15:00:00,1.69,1.698,1.657,1.696,3348574.0,562541760.0
2017-05-12 15:00:00,1.692,1.7,1.677,1.698,1636129.0,276100448.0
2017-05-15 15:00:00,1.701,1.713,1.698,1.704,895947.0,152810448.0
2017-05-16 15:00:00,1.698,1.741,1.69,1.741,1794430.0,308032672.0
2017-05-17 15:00:00,1.74,1.759,1.737,1.743,1728841.0,301857856.0
2017-05-18 15:00:00,1.734,1.752,1.731,1.738,1315222.0,229008512.0
2017-05-19 15:00:00,1.737,1.739,1.719,1.725,982465.0,169697664.0
2017-05-22 15:00:00,1.723,1.738,1.702,1.711,1288382.0,221527952.0
2017-05-23 15:00:00,1.706,1.714,1.681,1.681,2049409.0,347520160.0
2017-05-24 15:00:00,1.676,1.703,1.658,1.703,2870807.0,483393440.0
2017-05-25 15:00:00,1.698,1.713,1.671,1.703,4058081.0,687749440.0
2017-05-26 15:00:00,1.696,1.705,1.684,1.689,2655762.0,450175776.0
2017-05-31 15:00:00,1.719,1.719,1.692,1.692,3189028.0,542541952.0
2017-06-01 15:00:00,1.687,1.688,1.66,1.661,1663429.0,278949856.0
2017-06-02 15:00:00,1.652,1.687,1.643,1.678,3507694.0,583775680.0
2017-06-05 15:00:00,1.681,1.699,1.68,1.689,2207064.0,373018464.0
2017-06-06 15:00:00,1.686,1.702,1.684,1.692,1314035.0,222527392.0
2017-06-07 15:00:00,1.692,1.733,1.689,1.73,3146698.0,539652992.0
2017-06-08 15:00:00,1.728,1.733,1.718,1.722,1689237.0,291306400.0
2017-06-09 15:00:00,1.718,1.726,1.71,1.725,1662671.0,285614816.0
2017-06-12 15:00:00,1.715,1.718,1.7,1.702,1608719.0,274790816.0
2017-06-13 15:00:00,1.702,1.728,1.699,1.723,2180761.0,374836992.0
2017-06-14 15:00:00,1.721,1.726,1.713,1.72,1333080.0,229306048.0
2017-06-15 15:00:00,1.719,1.753,1.717,1.744,3352446.0,583855232.0
2017-06-16 15:00:00,1.744,1.747,1.736,1.739,1318494.0,229588304.0
2017-06-19 15:00:00,1.737,1.747,1.736,1.746,1137841.0,198191200.0
2017-06-20 15:00:00,1.747,1.763,1.745,1.748,1815701.0,318715264.0
2017-06-21 15:00:00,1.756,1.758,1.737,1.753,1111860.0,194312832.0
2017-06-22 15:00:00,1.752,1.758,1.721,1.725,1067561.0,186183712.0
2017-06-23 15:00:00,1.724,1.737,1.706,1.737,1861227.0,320078848.0
2017-06-26 15:00:00,1.734,1.75,1.725,1.749,1476283.0,256702624.0
2017-06-27 15:00:00,1.749,1.758,1.743,1.746,1324417.0,231860208.0
2017-06-28 15:00:00,1.743,1.745,1.73,1.734,1093783.0,189814128.0
2017-06-29 15:00:00,1.733,1.751,1.731,1.742,1066991.0,185837312.0
2017-06-30 15:00:00,1.737,1.748,1.731,1.748,1184105.0,205920912.0
2017-07-03 15:00:00,1.747,1.764,1.743,1.764,1614595.0,283419744.0
2017-07-04 15:00:00,1.764,1.764,1.749,1.755,1120420.0,196661232.0
2017-07-05 15:00:00,1.753,1.763,1.745,1.761,1094745.0,192009440.0
2017-07-06 15:00:00,1.76,1.766,1.743,1.753,1335706.0,234486224.0
2017-07-07 15:00:00,1.747,1.752,1.743,1.75,716998.0,125282768.0
2017-07-10 15:00:00,1.745,1.745,1.715,1.716,1538696.0,265984304.0
2017-07-11 15:00:00,1.712,1.719,1.696,1.696,1461933.0,249616928.0
2017-07-12 15:00:00,1.694,1.703,1.678,1.697,1891946.0,319582400.0
2017-07-13 15:00:00,1.693,1.696,1.68,1.686,1207065.0,203911920.0
2017-07-14 15:00:00,1.68,1.682,1.661,1.662,1963989.0,328168736.0
2017-07-17 15:00:00,1.647,1.648,1.569,1.57,3561888.0,571619136.0
2017-07-18 15:00:00,1.561,1.589,1.554,1.579,2213341.0,348115392.0
2017-07-19 15:00:00,1.573,1.595,1.561,1.593,1628131.0,257042336.0
2017-07-20 15:00:00,1.59,1.617,1.587,1.59,1620749.0,259995376.0
2017-07-21 15:00:00,1.588,1.602,1.586,1.591,747247.0,119211176.0
2017-07-24 15:00:00,1.589,1.602,1.582,1.599,946497.0,150676256.0
2017-07-25 15:00:00,1.598,1.606,1.59,1.599,735777.0,117549608.0
2017-07-26 15:00:00,1.597,1.6,1.586,1.588,735346.0,117107552.0
2017-07-27 15:00:00,1.588,1.665,1.584,1.665,2959044.0,483583424.0
2017-07-28 15:00:00,1.659,1.662,1.643,1.647,1924264.0,317980064.0
2017-07-31 15:00:00,1.645,1.654,1.636,1.652,1011288.0,166423456.0
2017-08-01 15:00:00,1.651,1.654,1.639,1.65,1190311.0,196061872.0
2017-08-02 15:00:00,1.65,1.658,1.638,1.638,1371661.0,226185152.0
2017-08-03 15:00:00,1.634,1.672,1.63,1.651,1998339.0,330630176.0
2017-08-04 15:00:00,1.648,1.65,1.635,1.636,1031830.0,169463104.0
2017-08-07 15:00:00,1.636,1.66,1.635,1.651,1070920.0,176894384.0
2017-08-08 15:00:00,1.652,1.679,1.646,1.678,2199252.0,366490592.0
2017-08-09 15:00:00,1.677,1.688,1.668,1.675,1392265.0,233621328.0
2017-08-10 15:00:00,1.674,1.69,1.661,1.669,1108944.0,185775536.0
2017-08-11 15:00:00,1.661,1.678,1.656,1.659,1718932.0,286724192.0
2017-08-14 15:00:00,1.664,1.702,1.662,1.702,2364296.0,399552000.0
2017-08-15 15:00:00,1.704,1.71,1.695,1.706,1496965.0,254988656.0
2017-08-16 15:00:00,1.704,1.745,1.701,1.735,1924101.0,332345504.0
2017-08-17 15:00:00,1.728,1.753,1.725,1.746,2536532.0,441655008.0
2017-08-18 15:00:00,1.738,1.746,1.728,1.733,1417861.0,246227712.0
2017-08-21 15:00:00,1.737,1.743,1.728,1.737,1264746.0,219416656.0
2017-08-22 15:00:00,1.737,1.742,1.72,1.726,1162437.0,201043040.0
2017-08-23 15:00:00,1.722,1.732,1.714,1.717,1230914.0,211834384.0
2017-08-24 15:00:00,1.716,1.726,1.705,1.705,1279757.0,219382496.0
2017-08-25 15:00:00,1.702,1.729,1.702,1.723,1454571.0,250144032.0
2017-08-28 15:00:00,1.729,1.772,1.727,1.755,2402908.0,422238176.0
2017-08-29 15:00:00,1.753,1.766,1.743,1.743,1535018.0,269173856.0
2017-08-30 15:00:00,1.745,1.768,1.743,1.756,1613679.0,283467232.0
2017-08-31 15:00:00,1.758,1.767,1.755,1.765,1343713.0,236760544.0
2017-09-01 15:00:00,1.768,1.78,1.755,1.776,1753435.0,309891072.0
2017-09-04 15:00:00,1.773,1.799,1.769,1.796,1455841.0,260343936.0
2017-09-05 15:00:00,1.795,1.804,1.785,1.796,1394205.0,250347104.0
2017-09-06 15:00:00,1.792,1.814,1.79,1.813,1611863.0,290327648.0
2017-09-07 15:00:00,1.813,1.828,1.797,1.8,1632369.0,296344192.0
2017-09-08 15:00:00,1.797,1.807,1.783,1.791,1398556.0,251025856.0
2017-09-11 15:00:00,1.79,1.807,1.788,1.807,1023147.0,184131584.0
2017-09-12 15:00:00,1.811,1.815,1.792,1.793,1222546.0,220494672.0
2017-09-13 15:00:00,1.792,1.798,1.784,1.797,972239.0,174212688.0
2017-09-14 15:00:00,1.797,1.803,1.783,1.787,839012.0,150416304.0
2017-09-15 15:00:00,1.785,1.792,1.78,1.782,895529.0,159878864.0
2017-09-18 15:00:00,1.782,1.808,1.78,1.808,1141358.0,205056832.0
2017-09-19 15:00:00,1.807,1.811,1.785,1.79,1150825.0,207097408.0
2017-09-20 15:00:00,1.788,1.803,1.786,1.801,761996.0,136795712.0
2017-09-21 15:00:00,1.802,1.808,1.78,1.78,764903.0,137266288.0
2017-09-22 15:00:00,1.775,1.78,1.762,1.773,1079249.0,191300256.0
2017-09-25 15:00:00,1.77,1.778,1.748,1.75,807223.0,142398144.0
2017-09-26 15:00:00,1.749,1.758,1.734,1.746,966425.0,168631760.0
2017-09-27 15:00:00,1.75,1.766,1.748,1.757,815793.0,143255488.0
2017-09-28 15:00:00,1.758,1.771,1.757,1.761,730490.0,128804560.0
2017-09-29 15:00:00,1.764,1.78,1.764,1.78,570514.0,101193632.0
2017-10-09 15:00:00,1.797,1.81,1.79,1.8,902553.0,162208352.0
2017-10-10 15:00:00,1.798,1.828,1.797,1.828,1283464.0,232829312.0
2017-10-11 15:00:00,1.83,1.835,1.811,1.814,1147732.0,208922112.0
2017-10-12 15:00:00,1.812,1.819,1.799,1.811,785692.0,142223056.0
2017-10-13 15:00:00,1.811,1.84,1.806,1.84,1188638.0,216937360.0
2017-10-16 15:00:00,1.84,1.84,1.795,1.796,2194893.0,396814976.0
2017-10-17 15:00:00,1.791,1.798,1.781,1.786,922738.0,164973104.0
2017-10-18 15:00:00,1.789,1.8,1.778,1.778,846062.0,151658512.0
2017-10-19 15:00:00,1.777,1.787,1.767,1.775,859962.0,152934960.0
2017-10-20 15:00:00,1.773,1.795,1.771,1.794,712276.0,126972704.0
2017-10-23 15:00:00,1.791,1.812,1.788,1.806,1204250.0,217029904.0
2017-10-24 15:00:00,1.805,1.812,1.791,1.812,750795.0,135096768.0
2017-10-25 15:00:00,1.808,1.822,1.802,1.818,775261.0,140635216.0
2017-10-26 15:00:00,1.819,1.826,1.808,1.823,947332.0,172369312.0
2017-10-27 15:00:00,1.821,1.822,1.801,1.801,708488.0,128277232.0
2017-10-30 15:00:00,1.801,1.807,1.759,1.764,1579106.0,280053280.0
2017-10-31 15:00:00,1.764,1.778,1.762,1.773,898699.0,159141760.0
2017-11-01 15:00:00,1.773,1.781,1.768,1.769,929277.0,164908384.0
2017-11-02 15:00:00,1.766,1.767,1.745,1.745,844634.0,148274256.0
2017-11-03 15:00:00,1.742,1.757,1.726,1.732,1341181.0,233255280.0
2017-11-06 15:00:00,1.732,1.754,1.719,1.754,770445.0,133756192.0
2017-11-07 15:00:00,1.753,1.76,1.742,1.76,716435.0,125319496.0
2017-11-08 15:00:00,1.758,1.783,1.755,1.765,1038650.0,183714960.0
2017-11-09 15:00:00,1.764,1.783,1.755,1.779,683479.0,121051880.0
2017-11-10 15:00:00,1.778,1.8,1.775,1.8,1019939.0,182887072.0
2017-11-13 15:00:00,1.799,1.807,1.794,1.799,629013.0,113187800.0
2017-11-14 15:00:00,1.8,1.808,1.781,1.788,839599.0,150864304.0
2017-11-15 15:00:00,1.786,1.789,1.755,1.758,896095.0,158323056.0
2017-11-16 15:00:00,1.756,1.771,1.751,1.765,907137.0,159809968.0
2017-11-17 15:00:00,1.762,1.771,1.722,1.723,1444113.0,251693344.0
2017-11-20 15:00:00,1.719,1.755,1.697,1.755,1326033.0,228152096.0
2017-11-21 15:00:00,1.747,1.759,1.737,1.75,1080589.0,188781136.0
2017-11-22 15:00:00,1.748,1.762,1.732,1.744,1151991.0,201255728.0
2017-11-23 15:00:00,1.737,1.74,1.691,1.692,1359304.0,232912784.0
2017-11-24 15:00:00,1.687,1.695,1.678,1.678,997676.0,168382608.0
2017-11-27 15:00:00,1.671,1.692,1.657,1.66,1068216.0,178740672.0
2017-11-28 15:00:00,1.66,1.686,1.658,1.682,1356761.0,227008832.0
2017-11-29 15:00:00,1.682,1.684,1.661,1.674,787181.0,131678936.0
2017-11-30 15:00:00,1.673,1.681,1.657,1.663,648333.0,108244152.0
2017-12-01 15:00:00,1.665,1.695,1.662,1.687,1466778.0,247085280.0
2017-12-04 15:00:00,1.683,1.692,1.673,1.676,1156241.0,194697808.0
2017-12-05 15:00:00,1.674,1.679,1.632,1.644,1209397.0,199778560.0
2017-12-06 15:00:00,1.647,1.664,1.631,1.663,2725131.0,449955328.0
2017-12-07 15:00:00,1.662,1.673,1.654,1.656,1327840.0,220821664.0
2017-12-08 15:00:00,1.656,1.688,1.654,1.675,1088584.0,182349392.0
2017-12-11 15:00:00,1.682,1.698,1.678,1.698,1174630.0,198409104.0
2017-12-12 15:00:00,1.698,1.699,1.675,1.675,707964.0,119597304.0
2017-12-13 15:00:00,1.679,1.692,1.67,1.691,786222.0,132199736.0
2017-12-14 15:00:00,1.689,1.692,1.674,1.68,741366.0,124568440.0
2017-12-15 15:00:00,1.681,1.684,1.666,1.673,957790.0,160367344.0
2017-12-18 15:00:00,1.673,1.676,1.66,1.667,570027.0,95003880.0
2017-12-19 15:00:00,1.668,1.688,1.668,1.683,1220989.0,205326320.0
2017-12-20 15:00:00,1.68,1.682,1.661,1.661,668019.0,111648624.0
2017-12-21 15:00:00,1.659,1.68,1.647,1.668,878279.0,146251152.0
2017-12-22 15:00:00,1.669,1.676,1.662,1.663,558834.0,93269896.0
2017-12-25 15:00:00,1.662,1.663,1.634,1.642,1037449.0,170675376.0
2017-12-26 15:00:00,1.642,1.646,1.631,1.644,1066961.0,174894032.0
2017-12-27 15:00:00,1.644,1.647,1.626,1.63,873375.0,143061504.0
2017-12-28 15:00:00,1.629,1.647,1.627,1.637,984560.0,161246656.0
2017-12-29 15:00:00,1.638,1.644,1.632,1.644,935020.0,153104080.0
2018-01-02 15:00:00,1.65,1.676,1.646,1.665,983127.0,163062400.0
2018-01-03 15:00:00,1.666,1.693,1.663,1.689,1912283.0,321261920.0
2018-01-04 15:00:00,1.686,1.693,1.682,1.693,925577.0,156329152.0
2018-01-05 15:00:00,1.693,1.7,1.691,1.696,890407.0,151083456.0
2018-01-08 15:00:00,1.694,1.701,1.682,1.701,706128.0,119464240.0
2018-01-09 15:00:00,1.699,1.702,1.694,1.699,577034.0,97981048.0
2018-01-10 15:00:00,1.695,1.699,1.679,1.689,715802.0,120750208.0
2018-01-11 15:00:00,1.686,1.707,1.675,1.701,1468519.0,248536896.0
2018-01-12 15:00:00,1.7,1.7,1.684,1.685,804909.0,136125216.0
2018-01-15 15:00:00,1.68,1.681,1.63,1.634,1989655.0,328814272.0
2018-01-16 15:00:00,1.632,1.642,1.621,1.631,1441132.0,235117488.0
2018-01-17 15:00:00,1.628,1.647,1.601,1.639,3289036.0,534264992.0
2018-01-18 15:00:00,1.633,1.651,1.631,1.636,1993958.0,327304672.0
2018-01-19 15:00:00,1.64,1.648,1.629,1.63,1832485.0,299930560.0
2018-01-22 15:00:00,1.623,1.674,1.616,1.67,2948238.0,486756224.0
2018-01-23 15:00:00,1.668,1.676,1.661,1.667,2040672.0,340268736.0
2018-01-24 15:00:00,1.672,1.723,1.653,1.714,5850316.0,988016896.0
2018-01-25 15:00:00,1.714,1.751,1.705,1.708,7049032.0,1219092224.0
2018-01-26 15:00:00,1.708,1.733,1.705,1.72,3586477.0,617135488.0
2018-01-29 15:00:00,1.72,1.725,1.692,1.701,4965788.0,847216384.0
2018-01-30 15:00:00,1.698,1.709,1.681,1.687,4049142.0,685449152.0
2018-01-31 15:00:00,1.68,1.68,1.632,1.633,5281661.0,871475584.0
2018-02-01 15:00:00,1.634,1.647,1.602,1.603,5622719.0,913368704.0
2018-02-02 15:00:00,1.593,1.627,1.582,1.607,4988302.0,802212352.0
2018-02-05 15:00:00,1.586,1.601,1.582,1.594,3260216.0,518994464.0
2018-02-06 15:00:00,1.57,1.578,1.502,1.505,6148774.0,953692736.0
2018-02-07 15:00:00,1.539,1.543,1.48,1.523,6332948.0,963662976.0
2018-02-08 15:00:00,1.515,1.556,1.512,1.548,4195420.0,646892352.0
2018-02-09 15:00:00,1.51,1.535,1.482,1.502,5801713.0,877744064.0
2018-02-12 15:00:00,1.515,1.562,1.51,1.553,5167943.0,796551168.0
2018-02-13 15:00:00,1.561,1.574,1.547,1.557,3208402.0,500876768.0
2018-02-14 15:00:00,1.555,1.556,1.539,1.549,1913003.0,295943360.0
2018-02-22 15:00:00,1.563,1.581,1.554,1.58,3030288.0,476359040.0
2018-02-23 15:00:00,1.576,1.584,1.561,1.572,1880539.0,295671392.0
2018-02-26 15:00:00,1.585,1.633,1.575,1.63,5175198.0,831373184.0
2018-02-27 15:00:00,1.63,1.656,1.625,1.639,4628523.0,760274944.0
2018-02-28 15:00:00,1.628,1.672,1.622,1.651,4197628.0,693341120.0
2018-03-01 15:00:00,1.64,1.687,1.632,1.687,3678587.0,613346112.0
2018-03-02 15:00:00,1.68,1.699,1.664,1.669,4515403.0,758910784.0
2018-03-05 15:00:00,1.678,1.693,1.665,1.69,2949835.0,495291520.0
2018-03-06 15:00:00,1.693,1.705,1.685,1.693,3373910.0,572301888.0
2018-03-07 15:00:00,1.691,1.695,1.675,1.679,2217324.0,373416960.0
2018-03-08 15:00:00,1.679,1.692,1.674,1.686,2274747.0,382777728.0
2018-03-09 15:00:00,1.688,1.755,1.685,1.755,7878414.0,1364568064.0
2018-03-12 15:00:00,1.773,1.795,1.763,1.777,6867064.0,1220360064.0
2018-03-13 15:00:00,1.772,1.791,1.758,1.767,3685880.0,652901376.0
2018-03-14 15:00:00,1.761,1.767,1.735,1.741,4468052.0,782882944.0
2018-03-15 15:00:00,1.73,1.743,1.707,1.742,6701459.0,1156915072.0
2018-03-16 15:00:00,1.74,1.75,1.715,1.716,4298468.0,746399936.0
2018-03-19 15:00:00,1.712,1.754,1.711,1.736,4145099.0,719170048.0
2018-03-20 15:00:00,1.721,1.762,1.719,1.76,5314534.0,926038976.0
2018-03-21 15:00:00,1.76,1.768,1.718,1.72,4142582.0,724969088.0
2018-03-22 15:00:00,1.726,1.735,1.71,1.711,3658481.0,629648128.0
2018-03-23 15:00:00,1.666,1.688,1.61,1.622,11432224.0,1890952832.0
2018-03-26 15:00:00,1.609,1.679,1.595,1.673,8328624.0,1365103744.0
2018-03-27 15:00:00,1.69,1.74,1.686,1.738,8486973.0,1457090560.0
2018-03-28 15:00:00,1.717,1.748,1.714,1.73,6829592.0,1185120384.0
2018-03-29 15:00:00,1.736,1.75,1.719,1.739,4242983.0,736141504.0
2018-03-30 15:00:00,1.744,1.791,1.739,1.791,8552652.0,1512740096.0
2018-04-02 15:00:00,1.805,1.81,1.781,1.788,7302463.0,1311747712.0
2018-04-03 15:00:00,1.765,1.778,1.744,1.764,6971305.0,1229546368.0
2018-04-04 15:00:00,1.773,1.779,1.732,1.732,5269261.0,924709696.0
2018-04-09 15:00:00,1.732,1.757,1.716,1.737,5599840.0,973559936.0
2018-04-10 15:00:00,1.733,1.738,1.71,1.732,5783069.0,995625280.0
2018-04-11 15:00:00,1.737,1.753,1.728,1.729,4809650.0,837265472.0
2018-04-12 15:00:00,1.725,1.745,1.72,1.72,3665975.0,635696576.0
2018-04-13 15:00:00,1.736,1.743,1.72,1.721,3978376.0,688896896.0
2018-04-16 15:00:00,1.722,1.748,1.714,1.736,5560541.0,961752768.0
2018-04-17 15:00:00,1.737,1.745,1.681,1.683,7492720.0,1280492160.0
2018-04-18 15:00:00,1.692,1.732,1.659,1.718,9475695.0,1603547776.0
2018-04-19 15:00:00,1.711,1.735,1.707,1.715,5757563.0,990967168.0
2018-04-20 15:00:00,1.711,1.726,1.679,1.684,5757464.0,980923392.0
2018-04-23 15:00:00,1.684,1.692,1.631,1.653,5675704.0,942863872.0
2018-04-24 15:00:00,1.653,1.705,1.651,1.705,6202016.0,1043877760.0
2018-04-25 15:00:00,1.698,1.724,1.695,1.715,5353027.0,915886976.0
2018-04-26 15:00:00,1.713,1.716,1.68,1.681,4445481.0,754087872.0
2018-04-27 15:00:00,1.689,1.711,1.681,1.707,4338079.0,737373696.0
2018-05-02 15:00:00,1.711,1.729,1.687,1.701,4266399.0,728399680.0
2018-05-03 15:00:00,1.697,1.726,1.668,1.726,6793981.0,1153767296.0
2018-05-04 15:00:00,1.72,1.728,1.71,1.712,4598615.0,791003264.0
2018-05-07 15:00:00,1.717,1.753,1.715,1.749,5590692.0,971893952.0
2018-05-08 15:00:00,1.751,1.753,1.736,1.753,3871211.0,676355456.0
2018-05-09 15:00:00,1.75,1.756,1.741,1.749,3015205.0,527669632.0
2018-05-10 15:00:00,1.751,1.763,1.743,1.762,4070745.0,713640128.0
2018-05-11 15:00:00,1.762,1.765,1.732,1.734,4851430.0,846975232.0
2018-05-14 15:00:00,1.732,1.741,1.724,1.728,2943562.0,510032192.0
2018-05-15 15:00:00,1.726,1.757,1.724,1.756,4322164.0,751896320.0
2018-05-16 15:00:00,1.749,1.758,1.742,1.745,3943829.0,689802752.0
2018-05-17 15:00:00,1.742,1.747,1.725,1.729,3139178.0,543953088.0
2018-05-18 15:00:00,1.726,1.736,1.712,1.731,4633736.0,799011072.0
2018-05-21 15:00:00,1.742,1.767,1.742,1.757,5618534.0,987077056.0
2018-05-22 15:00:00,1.757,1.772,1.752,1.77,4378531.0,771556992.0
2018-05-23 15:00:00,1.764,1.771,1.744,1.745,3327789.0,584988096.0
2018-05-24 15:00:00,1.744,1.752,1.735,1.737,2846846.0,496240864.0
2018-05-25 15:00:00,1.736,1.739,1.704,1.705,5064068.0,869941120.0
2018-05-28 15:00:00,1.702,1.716,1.69,1.698,3238262.0,550994496.0
2018-05-29 15:00:00,1.698,1.713,1.677,1.678,4152866.0,704960000.0
2018-05-30 15:00:00,1.659,1.662,1.626,1.633,5973139.0,983604672.0
2018-05-31 15:00:00,1.646,1.652,1.621,1.649,5650489.0,926869056.0
2018-06-01 15:00:00,1.641,1.648,1.609,1.62,4501198.0,731478464.0
2018-06-04 15:00:00,1.624,1.627,1.602,1.613,4228867.0,682312704.0
2018-06-05 15:00:00,1.615,1.655,1.613,1.653,5639086.0,922301312.0
2018-06-06 15:00:00,1.648,1.656,1.642,1.65,3217526.0,530674176.0
2018-06-07 15:00:00,1.653,1.657,1.634,1.636,2227249.0,365900544.0
2018-06-08 15:00:00,1.63,1.633,1.607,1.62,3805285.0,615686848.0
2018-06-11 15:00:00,1.617,1.618,1.596,1.601,3784942.0,607749248.0
2018-06-12 15:00:00,1.602,1.624,1.592,1.619,4830004.0,777843456.0
2018-06-13 15:00:00,1.616,1.618,1.596,1.597,3347011.0,538670336.0
2018-06-14 15:00:00,1.591,1.613,1.581,1.587,4651490.0,741824576.0
2018-06-15 15:00:00,1.586,1.593,1.55,1.554,5400178.0,845181888.0
2018-06-19 15:00:00,1.535,1.54,1.449,1.467,7967385.0,1196499200.0
2018-06-20 15:00:00,1.461,1.492,1.444,1.478,7521336.0,1106341632.0
2018-06-21 15:00:00,1.475,1.486,1.441,1.441,6174088.0,902225792.0
2018-06-22 15:00:00,1.434,1.473,1.427,1.466,6509189.0,948090880.0
2018-06-25 15:00:00,1.479,1.482,1.454,1.455,4237095.0,623580992.0
2018-06-26 15:00:00,1.444,1.488,1.437,1.485,6668326.0,978447296.0
2018-06-27 15:00:00,1.479,1.489,1.462,1.466,5151968.0,758594368.0
2018-06-28 15:00:00,1.463,1.487,1.459,1.462,4661063.0,686804608.0
2018-06-29 15:00:00,1.464,1.527,1.464,1.524,6748125.0,1011543168.0
2018-07-02 15:00:00,1.522,1.526,1.489,1.503,5619238.0,848615552.0
2018-07-03 15:00:00,1.507,1.531,1.477,1.52,7937997.0,1195307392.0
2018-07-04 15:00:00,1.511,1.514,1.476,1.486,4815750.0,720058048.0
2018-07-05 15:00:00,1.479,1.496,1.451,1.452,5326491.0,784496320.0
2018-07-06 15:00:00,1.451,1.493,1.443,1.464,7653538.0,1125618304.0
2018-07-09 15:00:00,1.474,1.505,1.47,1.504,6562165.0,978048448.0
2018-07-10 15:00:00,1.505,1.517,1.5,1.516,4653501.0,701882880.0
2018-07-11 15:00:00,1.49,1.5,1.468,1.488,7056090.0,1047805888.0
2018-07-12 15:00:00,1.49,1.545,1.489,1.54,7735753.0,1179858944.0
2018-07-13 15:00:00,1.537,1.548,1.532,1.542,4694873.0,722846656.0
2018-07-16 15:00:00,1.536,1.546,1.528,1.542,2917485.0,447756320.0
2018-07-17 15:00:00,1.54,1.545,1.521,1.543,3780669.0,579864832.0
2018-07-18 15:00:00,1.545,1.557,1.531,1.532,3985458.0,616009344.0
2018-07-19 15:00:00,1.532,1.543,1.508,1.514,4423700.0,672792960.0
2018-07-20 15:00:00,1.511,1.54,1.505,1.535,5010057.0,763760448.0
2018-07-23 15:00:00,1.534,1.541,1.515,1.54,5166963.0,789030592.0
2018-07-24 15:00:00,1.54,1.562,1.53,1.549,5658661.0,875600576.0
2018-07-25 15:00:00,1.549,1.567,1.547,1.551,4603271.0,716231808.0
2018-07-26 15:00:00,1.551,1.557,1.526,1.534,4186107.0,643905472.0
2018-07-27 15:00:00,1.529,1.532,1.515,1.518,4462206.0,680220032.0
2018-07-30 15:00:00,1.514,1.52,1.482,1.484,6278487.0,940162560.0
2018-07-31 15:00:00,1.483,1.499,1.481,1.489,4244350.0,632526528.0
2018-08-01 15:00:00,1.494,1.507,1.471,1.471,4470316.0,666099712.0
2018-08-02 15:00:00,1.465,1.467,1.415,1.44,8127046.0,1169029248.0
2018-08-03 15:00:00,1.44,1.45,1.411,1.414,7348848.0,1051125504.0
2018-08-06 15:00:00,1.405,1.416,1.368,1.374,12019113.0,1676926976.0
2018-08-07 15:00:00,1.381,1.412,1.369,1.412,9234154.0,1285234304.0
2018-08-08 15:00:00,1.403,1.408,1.379,1.381,6866129.0,956449216.0
2018-08-09 15:00:00,1.379,1.437,1.376,1.426,10025652.0,1418011008.0
2018-08-10 15:00:00,1.424,1.441,1.421,1.437,5700610.0,816509056.0
2018-08-13 15:00:00,1.422,1.46,1.42,1.458,6646202.0,955990464.0
2018-08-14 15:00:00,1.454,1.458,1.44,1.446,5205638.0,753486464.0
2018-08-15 15:00:00,1.445,1.446,1.403,1.409,7090614.0,1007923520.0
2018-08-16 15:00:00,1.391,1.419,1.381,1.396,7833649.0,1098295040.0
2018-08-17 15:00:00,1.407,1.41,1.366,1.369,9120506.0,1263718528.0
2018-08-20 15:00:00,1.363,1.376,1.34,1.367,10168691.0,1380052480.0
2018-08-21 15:00:00,1.366,1.393,1.363,1.387,8547493.0,1179618688.0
2018-08-22 15:00:00,1.385,1.389,1.37,1.375,4488101.0,619306368.0
2018-08-23 15:00:00,1.376,1.395,1.373,1.388,6059138.0,839387840.0
2018-08-24 15:00:00,1.38,1.394,1.376,1.382,3896291.0,539105216.0
2018-08-27 15:00:00,1.387,1.426,1.385,1.426,8237421.0,1161330688.0
2018-08-28 15:00:00,1.425,1.429,1.416,1.423,4082480.0,580853888.0
2018-08-29 15:00:00,1.42,1.421,1.405,1.411,3866062.0,545976640.0
2018-08-30 15:00:00,1.41,1.415,1.389,1.389,5144066.0,718996032.0
2018-08-31 15:00:00,1.383,1.387,1.366,1.369,5614493.0,772512960.0
2018-09-03 15:00:00,1.364,1.379,1.35,1.375,5836825.0,795335872.0
2018-09-04 15:00:00,1.373,1.394,1.365,1.385,6740410.0,929244480.0
2018-09-05 15:00:00,1.38,1.387,1.363,1.363,5131937.0,706973504.0
2018-09-06 15:00:00,1.358,1.377,1.351,1.355,6994458.0,953927040.0
2018-09-07 15:00:00,1.36,1.386,1.351,1.36,8612883.0,1179201152.0
2018-09-10 15:00:00,1.353,1.36,1.325,1.327,8350878.0,1118646272.0
2018-09-11 15:00:00,1.327,1.342,1.32,1.332,5717353.0,759902080.0
2018-09-12 15:00:00,1.331,1.341,1.32,1.32,7147721.0,950209728.0
2018-09-13 15:00:00,1.336,1.341,1.307,1.326,11026971.0,1460488576.0
2018-09-14 15:00:00,1.326,1.332,1.304,1.304,8119944.0,1069370688.0
2018-09-17 15:00:00,1.296,1.302,1.282,1.288,7135335.0,922151488.0
2018-09-18 15:00:00,1.286,1.314,1.283,1.312,7905015.0,1026503488.0
2018-09-19 15:00:00,1.308,1.339,1.303,1.324,9878343.0,1305036672.0
2018-09-20 15:00:00,1.321,1.333,1.319,1.32,4455153.0,590303296.0
2018-09-21 15:00:00,1.325,1.346,1.317,1.343,7684139.0,1024990848.0
2018-09-25 15:00:00,1.333,1.347,1.331,1.338,6901895.0,923984768.0
2018-09-26 15:00:00,1.339,1.361,1.334,1.352,6767440.0,912659776.0
2018-09-27 15:00:00,1.35,1.353,1.332,1.333,5222583.0,700940544.0
2018-09-28 15:00:00,1.337,1.346,1.327,1.346,6125986.0,819172288.0
2018-10-08 15:00:00,1.317,1.322,1.286,1.289,7211934.0,942760192.0
2018-10-09 15:00:00,1.294,1.301,1.275,1.283,6414966.0,825557120.0
2018-10-10 15:00:00,1.284,1.293,1.271,1.282,5679270.0,728727616.0
2018-10-11 15:00:00,1.243,1.249,1.19,1.196,11133687.0,1363904640.0
2018-10-12 15:00:00,1.192,1.215,1.173,1.206,9926606.0,1185754496.0
2018-10-15 15:00:00,1.205,1.22,1.189,1.19,5747888.0,692749504.0
2018-10-16 15:00:00,1.192,1.195,1.154,1.16,9493811.0,1115771136.0
2018-10-17 15:00:00,1.173,1.182,1.149,1.174,12516773.0,1460973696.0
2018-10-18 15:00:00,1.163,1.173,1.151,1.153,12504529.0,1451090304.0
2018-10-19 15:00:00,1.141,1.197,1.136,1.189,13971318.0,1634561024.0
2018-10-22 15:00:00,1.22,1.268,1.211,1.26,18083602.0,2241899008.0
2018-10-23 15:00:00,1.26,1.263,1.222,1.231,11243075.0,1396262144.0
2018-10-24 15:00:00,1.231,1.246,1.22,1.226,8668279.0,1067748864.0
2018-10-25 15:00:00,1.19,1.224,1.183,1.216,13471964.0,1613049728.0
2018-10-26 15:00:00,1.221,1.233,1.198,1.203,8200546.0,996296448.0
2018-10-29 15:00:00,1.205,1.213,1.188,1.192,8231478.0,989255744.0
2018-10-30 15:00:00,1.189,1.221,1.168,1.204,11584948.0,1387339904.0
2018-10-31 15:00:00,1.205,1.229,1.201,1.216,11360814.0,1383473280.0
2018-11-01 15:00:00,1.231,1.253,1.227,1.227,13943364.0,1727519360.0
2018-11-02 15:00:00,1.28,1.292,1.257,1.291,19396058.0,2467666688.0
2018-11-05 15:00:00,1.284,1.308,1.261,1.287,16786210.0,2157876992.0
2018-11-06 15:00:00,1.278,1.287,1.263,1.286,9355638.0,1191332992.0
2018-11-07 15:00:00,1.287,1.303,1.28,1.282,9105793.0,1175793536.0
2018-11-08 15:00:00,1.293,1.295,1.264,1.265,6608071.0,845284544.0
2018-11-09 15:00:00,1.256,1.272,1.252,1.26,7016150.0,885728192.0
2018-11-12 15:00:00,1.258,1.307,1.256,1.305,12015535.0,1546244352.0
2018-11-13 15:00:00,1.293,1.333,1.291,1.326,17618754.0,2314208256.0
2018-11-14 15:00:00,1.321,1.333,1.315,1.32,7536180.0,995978496.0
2018-11-15 15:00:00,1.315,1.338,1.314,1.336,6782509.0,899095232.0
2018-11-16 15:00:00,1.337,1.345,1.322,1.332,9070421.0,1210790656.0
2018-11-19 15:00:00,1.328,1.332,1.31,1.325,10071341.0,1328533504.0
2018-11-20 15:00:00,1.316,1.317,1.282,1.291,8702470.0,1133504000.0
2018-11-21 15:00:00,1.285,1.296,1.274,1.294,8239440.0,1059126784.0
2018-11-22 15:00:00,1.294,1.302,1.282,1.285,6435844.0,830050688.0
2018-11-23 15:00:00,1.289,1.289,1.244,1.248,9056061.0,1142474368.0
2018-11-26 15:00:00,1.247,1.254,1.234,1.244,4407785.0,548534016.0
2018-11-27 15:00:00,1.251,1.259,1.245,1.253,5130197.0,642337024.0
2018-11-28 15:00:00,1.253,1.277,1.243,1.277,6534659.0,826287360.0
2018-11-29 15:00:00,1.284,1.287,1.245,1.247,7268236.0,924483392.0
2018-11-30 15:00:00,1.244,1.269,1.241,1.264,6616891.0,830518336.0
2018-12-03 15:00:00,1.301,1.316,1.292,1.31,9303419.0,1214136704.0
2018-12-04 15:00:00,1.308,1.315,1.303,1.315,5345533.0,700085056.0
2018-12-05 15:00:00,1.297,1.326,1.293,1.315,8071980.0,1058167296.0
2018-12-06 15:00:00,1.305,1.313,1.277,1.28,6601176.0,854446528.0
2018-12-07 15:00:00,1.284,1.287,1.273,1.275,3692638.0,471984704.0
2018-12-10 15:00:00,1.269,1.277,1.263,1.264,3880188.0,492588960.0
2018-12-11 15:00:00,1.269,1.277,1.266,1.277,3810906.0,485039264.0
2018-12-12 15:00:00,1.283,1.286,1.273,1.276,3795479.0,485664576.0
2018-12-13 15:00:00,1.277,1.295,1.265,1.286,7083380.0,908374720.0
2018-12-14 15:00:00,1.282,1.283,1.247,1.248,7862516.0,993991936.0
2018-12-17 15:00:00,1.242,1.247,1.227,1.24,7428262.0,918529856.0
2018-12-18 15:00:00,1.232,1.248,1.224,1.232,8349718.0,1031565888.0
2018-12-19 15:00:00,1.234,1.235,1.207,1.209,6413678.0,783048768.0
2018-12-20 15:00:00,1.209,1.223,1.206,1.219,6235318.0,757899456.0
2018-12-21 15:00:00,1.216,1.22,1.203,1.213,6384173.0,773884864.0
2018-12-24 15:00:00,1.212,1.228,1.206,1.226,6913223.0,844408192.0
2018-12-25 15:00:00,1.216,1.224,1.191,1.217,9326526.0,1126352768.0
2018-12-26 15:00:00,1.216,1.225,1.209,1.211,5538747.0,673597184.0
2018-12-27 15:00:00,1.229,1.232,1.191,1.192,6453764.0,783091904.0
2018-12-28 15:00:00,1.194,1.202,1.186,1.194,5159856.0,615985024.0
2019-01-02 15:00:00,1.198,1.199,1.176,1.178,6001622.0,711072512.0
2019-01-03 15:00:00,1.176,1.189,1.163,1.164,6784060.0,797217984.0
2019-01-04 15:00:00,1.155,1.195,1.152,1.195,11840440.0,1394716032.0
2019-01-07 15:00:00,1.197,1.218,1.193,1.214,9797743.0,1182027904.0
2019-01-08 15:00:00,1.21,1.217,1.207,1.211,4699100.0,569627456.0
2019-01-09 15:00:00,1.212,1.232,1.207,1.21,7370433.0,899897024.0
2019-01-10 15:00:00,1.208,1.219,1.203,1.207,4244881.0,513995808.0
2019-01-11 15:00:00,1.207,1.214,1.201,1.209,4306086.0,519954080.0
2019-01-14 15:00:00,1.21,1.212,1.193,1.195,4237977.0,508589312.0
2019-01-15 15:00:00,1.194,1.216,1.189,1.216,6724999.0,809254400.0
2019-01-16 15:00:00,1.214,1.224,1.21,1.214,5897142.0,717668352.0
2019-01-17 15:00:00,1.215,1.215,1.198,1.198,5906281.0,712958592.0
2019-01-18 15:00:00,1.203,1.218,1.198,1.216,6400241.0,773286464.0
2019-01-21 15:00:00,1.218,1.231,1.213,1.222,6604166.0,807735744.0
2019-01-22 15:00:00,1.219,1.22,1.196,1.201,5686735.0,686557376.0
2019-01-23 15:00:00,1.198,1.204,1.194,1.197,3329008.0,398752320.0
2019-01-24 15:00:00,1.199,1.221,1.197,1.211,6844337.0,829071296.0
2019-01-25 15:00:00,1.212,1.224,1.209,1.214,6223129.0,757284928.0
2019-01-28 15:00:00,1.22,1.227,1.205,1.208,5485220.0,667701376.0
2019-01-29 15:00:00,1.205,1.207,1.18,1.192,7620726.0,907947200.0
2019-01-30 15:00:00,1.183,1.197,1.182,1.183,4562773.0,542973504.0
2019-01-31 15:00:00,1.183,1.194,1.172,1.178,7476244.0,884261504.0
2019-02-01 15:00:00,1.182,1.222,1.182,1.221,10385764.0,1250855296.0
2019-02-11 15:00:00,1.223,1.266,1.223,1.264,10998410.0,1370907904.0
2019-02-12 15:00:00,1.262,1.281,1.259,1.278,8424747.0,1072222144.0
2019-02-13 15:00:00,1.279,1.305,1.277,1.301,8785253.0,1136574464.0
2019-02-14 15:00:00,1.3,1.313,1.293,1.304,6180714.0,804666368.0
2019-02-15 15:00:00,1.301,1.314,1.299,1.302,8317742.0,1086517376.0
2019-02-18 15:00:00,1.31,1.357,1.308,1.357,8628155.0,1151787392.0
2019-02-19 15:00:00,1.359,1.368,1.333,1.346,12181711.0,1647296384.0
2019-02-20 15:00:00,1.346,1.357,1.33,1.348,6955761.0,934374656.0
2019-02-21 15:00:00,1.344,1.391,1.34,1.355,11258115.0,1533617408.0
2019-02-22 15:00:00,1.348,1.406,1.347,1.406,10082465.0,1386486016.0
2019-02-25 15:00:00,1.432,1.495,1.416,1.492,11322086.0,1643907456.0
2019-02-26 15:00:00,1.487,1.519,1.459,1.479,14183027.0,2112923520.0
2019-02-27 15:00:00,1.475,1.491,1.436,1.458,12474735.0,1828844800.0
2019-02-28 15:00:00,1.456,1.482,1.454,1.47,7997755.0,1174326144.0
2019-03-01 15:00:00,1.489,1.502,1.466,1.5,9410949.0,1398930816.0
2019-03-04 15:00:00,1.526,1.582,1.525,1.556,12376556.0,1915610112.0
2019-03-05 15:00:00,1.548,1.615,1.526,1.615,11460402.0,1807195904.0
2019-03-06 15:00:00,1.624,1.641,1.59,1.635,14250006.0,2302065664.0
2019-03-07 15:00:00,1.628,1.648,1.597,1.621,14107830.0,2291266816.0
2019-03-08 15:00:00,1.572,1.644,1.564,1.584,20087674.0,3233658368.0
2019-03-11 15:00:00,1.6,1.658,1.581,1.658,17024806.0,2767830272.0
2019-03-12 15:00:00,1.675,1.715,1.659,1.696,22814534.0,3839093760.0
2019-03-13 15:00:00,1.69,1.69,1.608,1.618,21688080.0,3571779584.0
2019-03-14 15:00:00,1.604,1.625,1.556,1.583,18379184.0,2916689664.0
2019-03-15 15:00:00,1.596,1.612,1.572,1.589,13198898.0,2106826624.0
2019-03-18 15:00:00,1.598,1.634,1.581,1.634,12114716.0,1947360384.0
2019-03-19 15:00:00,1.633,1.655,1.619,1.633,10383369.0,1697432064.0
2019-03-20 15:00:00,1.628,1.632,1.583,1.613,9696310.0,1556244864.0
2019-03-21 15:00:00,1.61,1.643,1.604,1.627,11691110.0,1902099200.0
2019-03-22 15:00:00,1.628,1.629,1.589,1.621,13073009.0,2103966336.0
2019-03-25 15:00:00,1.594,1.622,1.588,1.598,8377286.0,1345112448.0
2019-03-26 15:00:00,1.608,1.61,1.554,1.556,7830213.0,1237447168.0
2019-03-27 15:00:00,1.567,1.574,1.546,1.568,7526007.0,1176282752.0
2019-03-28 15:00:00,1.557,1.588,1.553,1.556,7559261.0,1187543552.0
2019-03-29 15:00:00,1.564,1.627,1.559,1.624,11876845.0,1905978752.0
2019-04-01 15:00:00,1.635,1.695,1.635,1.694,10597457.0,1775243904.0
2019-04-02 15:00:00,1.696,1.704,1.675,1.682,8842649.0,1495342592.0
2019-04-03 15:00:00,1.673,1.701,1.669,1.7,6623401.0,1116334464.0
2019-04-04 15:00:00,1.704,1.71,1.688,1.701,6827360.0,1159661056.0
2019-04-08 15:00:00,1.709,1.716,1.645,1.665,8547676.0,1431801472.0
2019-04-09 15:00:00,1.657,1.677,1.646,1.667,6527202.0,1085974784.0
2019-04-10 15:00:00,1.657,1.668,1.639,1.654,6106800.0,1008779200.0
2019-04-11 15:00:00,1.655,1.657,1.616,1.619,7245282.0,1181550208.0
2019-04-12 15:00:00,1.616,1.63,1.611,1.624,5892095.0,954790784.0
2019-04-15 15:00:00,1.647,1.651,1.594,1.596,6596022.0,1073984768.0
2019-04-16 15:00:00,1.586,1.629,1.568,1.629,9685385.0,1547669888.0
2019-04-17 15:00:00,1.623,1.655,1.621,1.642,8676529.0,1421519744.0
2019-04-18 15:00:00,1.637,1.645,1.629,1.629,3841242.0,628750720.0
2019-04-19 15:00:00,1.63,1.645,1.617,1.645,4125438.0,672817920.0
2019-04-22 15:00:00,1.645,1.649,1.617,1.624,5265639.0,860784960.0
2019-04-23 15:00:00,1.619,1.636,1.603,1.61,4356214.0,704956864.0
2019-04-24 15:00:00,1.616,1.648,1.603,1.646,8088348.0,1316404608.0
2019-04-25 15:00:00,1.635,1.649,1.596,1.598,8327967.0,1356370176.0
2019-04-26 15:00:00,1.591,1.61,1.584,1.589,6398892.0,1021292160.0
2019-04-29 15:00:00,1.589,1.594,1.541,1.549,9148151.0,1433020800.0
2019-04-30 15:00:00,1.546,1.565,1.54,1.553,5226535.0,812501248.0
2019-05-06 15:00:00,1.496,1.497,1.421,1.424,14214372.0,2081644672.0
2019-05-07 15:00:00,1.442,1.46,1.413,1.438,9885604.0,1423184256.0
2019-05-08 15:00:00,1.41,1.45,1.405,1.419,9481468.0,1353802752.0
2019-05-09 15:00:00,1.41,1.429,1.405,1.409,8748632.0,1239228672.0
2019-05-10 15:00:00,1.427,1.473,1.402,1.465,14321411.0,2069524608.0
2019-05-13 15:00:00,1.448,1.457,1.43,1.441,7567191.0,1094202624.0
2019-05-14 15:00:00,1.432,1.453,1.43,1.431,6841597.0,985784512.0
2019-05-15 15:00:00,1.444,1.469,1.438,1.462,6691145.0,971895616.0
2019-05-16 15:00:00,1.461,1.472,1.451,1.468,4649140.0,679623040.0
2019-05-17 15:00:00,1.469,1.471,1.411,1.416,6313171.0,910441408.0
2019-05-20 15:00:00,1.412,1.418,1.391,1.407,7550100.0,1058113216.0
2019-05-21 15:00:00,1.409,1.441,1.405,1.43,6138078.0,874793600.0
2019-05-22 15:00:00,1.428,1.44,1.415,1.427,4603943.0,656986176.0
2019-05-23 15:00:00,1.42,1.422,1.389,1.392,7384027.0,1035834560.0
2019-05-24 15:00:00,1.392,1.403,1.377,1.384,6699349.0,930957184.0
2019-05-27 15:00:00,1.387,1.436,1.383,1.428,9692344.0,1368770560.0
2019-05-28 15:00:00,1.431,1.442,1.421,1.432,7628804.0,1093672064.0
2019-05-29 15:00:00,1.428,1.445,1.424,1.432,4738713.0,679872576.0
2019-05-30 15:00:00,1.429,1.433,1.405,1.422,4886766.0,692734080.0
2019-05-31 15:00:00,1.423,1.437,1.416,1.425,4686305.0,668795584.0
2019-06-03 15:00:00,1.428,1.438,1.407,1.411,5187126.0,735971008.0
2019-06-04 15:00:00,1.407,1.416,1.392,1.4,4956117.0,695336192.0
2019-06-05 15:00:00,1.412,1.415,1.391,1.393,5331830.0,746679168.0
2019-06-06 15:00:00,1.391,1.394,1.355,1.363,7860683.0,1078153856.0
2019-06-10 15:00:00,1.364,1.383,1.356,1.376,5239491.0,718712448.0
2019-06-11 15:00:00,1.374,1.432,1.373,1.43,9700598.0,1365339136.0
2019-06-12 15:00:00,1.425,1.427,1.41,1.412,6898542.0,978373568.0
2019-06-13 15:00:00,1.412,1.426,1.406,1.422,5511664.0,781136256.0
2019-06-14 15:00:00,1.421,1.428,1.395,1.397,6190400.0,875068992.0
2019-06-17 15:00:00,1.395,1.405,1.385,1.39,4243003.0,590340800.0
2019-06-18 15:00:00,1.392,1.405,1.383,1.4,5047026.0,705262656.0
2019-06-19 15:00:00,1.445,1.466,1.414,1.417,9636334.0,1378779392.0
2019-06-20 15:00:00,1.415,1.454,1.41,1.442,9263345.0,1328203904.0
2019-06-21 15:00:00,1.491,1.494,1.462,1.473,17858132.0,2634031360.0
2019-06-24 15:00:00,1.467,1.47,1.453,1.46,6482214.0,946116224.0
2019-06-25 15:00:00,1.458,1.458,1.426,1.442,6872718.0,988833664.0
2019-06-26 15:00:00,1.433,1.455,1.431,1.448,5238257.0,757952000.0
2019-06-27 15:00:00,1.45,1.473,1.45,1.469,7072723.0,1036596544.0
2019-06-28 15:00:00,1.468,1.468,1.444,1.457,5867318.0,852765440.0
2019-07-01 15:00:00,1.487,1.512,1.477,1.511,10139692.0,1517431168.0
2019-07-02 15:00:00,1.506,1.518,1.503,1.511,4672654.0,706458752.0
2019-07-03 15:00:00,1.506,1.506,1.482,1.488,4424900.0,660271616.0
2019-07-04 15:00:00,1.489,1.494,1.469,1.476,4592315.0,679582784.0
2019-07-05 15:00:00,1.475,1.496,1.474,1.492,4127199.0,613067456.0
2019-07-08 15:00:00,1.488,1.488,1.439,1.45,5890928.0,859786624.0
2019-07-09 15:00:00,1.45,1.467,1.447,1.462,3937259.0,573417664.0
2019-07-10 15:00:00,1.465,1.468,1.45,1.456,2845376.0,415331232.0
2019-07-11 15:00:00,1.464,1.476,1.452,1.458,3230503.0,473267040.0
2019-07-12 15:00:00,1.458,1.472,1.451,1.465,3135136.0,458763776.0
2019-07-15 15:00:00,1.458,1.502,1.441,1.489,9985541.0,1478473984.0
2019-07-16 15:00:00,1.486,1.494,1.481,1.489,4182161.0,622033664.0
2019-07-17 15:00:00,1.486,1.505,1.483,1.492,4401301.0,658665152.0
2019-07-18 15:00:00,1.486,1.487,1.469,1.47,3488065.0,515231776.0
2019-07-19 15:00:00,1.473,1.497,1.473,1.486,6410550.0,953352448.0
2019-07-22 15:00:00,1.488,1.491,1.453,1.461,4944706.0,726277952.0
2019-07-23 15:00:00,1.46,1.481,1.46,1.481,3961668.0,582821824.0
2019-07-24 15:00:00,1.483,1.506,1.482,1.498,4515358.0,675722816.0
2019-07-25 15:00:00,1.493,1.511,1.493,1.506,3899024.0,585696768.0
2019-07-26 15:00:00,1.502,1.508,1.495,1.506,3513602.0,527726784.0
2019-07-29 15:00:00,1.504,1.509,1.497,1.509,2813804.0,423169440.0
2019-07-30 15:00:00,1.508,1.536,1.506,1.522,4907746.0,748047360.0
2019-07-31 15:00:00,1.515,1.521,1.51,1.512,3849937.0,583207168.0
2019-08-01 15:00:00,1.506,1.52,1.502,1.516,4069485.0,615624704.0
2019-08-02 15:00:00,1.486,1.504,1.481,1.501,5367036.0,800549952.0
2019-08-05 15:00:00,1.495,1.509,1.472,1.473,4401574.0,656190784.0
2019-08-06 15:00:00,1.445,1.462,1.423,1.451,7338107.0,1059788352.0
2019-08-07 15:00:00,1.462,1.467,1.446,1.447,3691314.0,537946752.0
2019-08-08 15:00:00,1.452,1.47,1.452,1.468,2961218.0,432946656.0
2019-08-09 15:00:00,1.474,1.48,1.449,1.45,3209957.0,469676768.0
2019-08-12 15:00:00,1.457,1.486,1.452,1.486,3188296.0,467704160.0
2019-08-13 15:00:00,1.473,1.479,1.463,1.47,2760235.0,405821664.0
2019-08-14 15:00:00,1.488,1.494,1.476,1.477,4427788.0,657758912.0
2019-08-15 15:00:00,1.459,1.5,1.451,1.498,5458580.0,807305536.0
2019-08-16 15:00:00,1.497,1.527,1.491,1.512,5520390.0,834130048.0
2019-08-19 15:00:00,1.528,1.573,1.524,1.568,8078877.0,1250126464.0
2019-08-20 15:00:00,1.565,1.571,1.549,1.553,5533235.0,862848896.0
2019-08-21 15:00:00,1.55,1.557,1.545,1.549,4321599.0,670373760.0
2019-08-22 15:00:00,1.553,1.556,1.539,1.554,3956921.0,612815872.0
2019-08-23 15:00:00,1.553,1.563,1.544,1.555,3747349.0,582706240.0
2019-08-26 15:00:00,1.54,1.549,1.529,1.54,4701494.0,724143232.0
2019-08-27 15:00:00,1.549,1.586,1.548,1.567,7877236.0,1235914880.0
2019-08-28 15:00:00,1.566,1.572,1.555,1.565,3786104.0,591739584.0
2019-08-29 15:00:00,1.566,1.573,1.557,1.558,3319307.0,518872192.0
2019-08-30 15:00:00,1.569,1.577,1.541,1.549,4498852.0,701180672.0
2019-09-02 15:00:00,1.55,1.595,1.55,1.592,4827259.0,760787328.0
2019-09-03 15:00:00,1.592,1.6,1.585,1.595,3522884.0,561098816.0
2019-09-04 15:00:00,1.595,1.609,1.587,1.607,3824705.0,610907648.0
2019-09-05 15:00:00,1.618,1.647,1.618,1.627,5320689.0,869088832.0
2019-09-06 15:00:00,1.634,1.637,1.611,1.631,4064147.0,660451200.0
2019-09-09 15:00:00,1.639,1.672,1.628,1.67,6398893.0,1054795840.0
2019-09-10 15:00:00,1.666,1.67,1.65,1.661,3870488.0,643004608.0
2019-09-11 15:00:00,1.665,1.67,1.636,1.638,4100106.0,676492928.0
2019-09-12 15:00:00,1.647,1.649,1.632,1.646,3018324.0,495634848.0
2019-09-16 15:00:00,1.649,1.658,1.639,1.65,3765306.0,621110336.0
2019-09-17 15:00:00,1.646,1.646,1.609,1.618,4812616.0,781250304.0
2019-09-18 15:00:00,1.618,1.624,1.607,1.617,3566637.0,575953664.0
2019-09-19 15:00:00,1.62,1.646,1.612,1.642,4658412.0,758063872.0
2019-09-20 15:00:00,1.643,1.652,1.637,1.638,3669838.0,602897472.0
2019-09-23 15:00:00,1.635,1.635,1.607,1.62,3751128.0,606485696.0
2019-09-24 15:00:00,1.619,1.642,1.614,1.629,4424661.0,721217728.0
2019-09-25 15:00:00,1.62,1.625,1.608,1.611,3200008.0,517019616.0
2019-09-26 15:00:00,1.615,1.617,1.56,1.561,5311699.0,840824896.0
2019-09-27 15:00:00,1.562,1.59,1.561,1.587,4290942.0,677400704.0
2019-09-30 15:00:00,1.585,1.59,1.565,1.57,2764846.0,435864768.0
2019-10-08 15:00:00,1.571,1.577,1.554,1.556,2594176.0,406277440.0
2019-10-09 15:00:00,1.549,1.563,1.543,1.561,4016333.0,623226944.0
2019-10-10 15:00:00,1.568,1.606,1.563,1.604,5988880.0,950547648.0
2019-10-11 15:00:00,1.605,1.615,1.592,1.606,4350438.0,697988480.0
2019-10-14 15:00:00,1.615,1.63,1.611,1.617,3385187.0,548329024.0
2019-10-15 15:00:00,1.613,1.614,1.596,1.597,2197397.0,352196384.0
2019-10-16 15:00:00,1.602,1.61,1.592,1.592,4147055.0,664017984.0
2019-10-17 15:00:00,1.594,1.602,1.591,1.595,3136873.0,500440544.0
2019-10-18 15:00:00,1.6,1.613,1.582,1.589,3674190.0,587484288.0
2019-10-21 15:00:00,1.588,1.591,1.57,1.585,3705058.0,585581504.0
2019-10-22 15:00:00,1.587,1.606,1.585,1.606,3832288.0,611910784.0
2019-10-23 15:00:00,1.608,1.61,1.587,1.589,2793496.0,446274976.0
2019-10-24 15:00:00,1.59,1.6,1.581,1.593,2457896.0,391136576.0
2019-10-25 15:00:00,1.593,1.616,1.586,1.616,4207127.0,674647360.0
2019-10-28 15:00:00,1.63,1.646,1.622,1.646,4466011.0,730059008.0
2019-10-29 15:00:00,1.642,1.643,1.622,1.624,3370282.0,550829056.0
2019-10-30 15:00:00,1.623,1.627,1.609,1.619,2403905.0,389210560.0
2019-10-31 15:00:00,1.624,1.63,1.607,1.608,2975355.0,481495104.0
2019-11-01 15:00:00,1.609,1.628,1.602,1.625,3038283.0,491396096.0
2019-11-04 15:00:00,1.624,1.643,1.624,1.634,3533227.0,577725824.0
2019-11-05 15:00:00,1.637,1.655,1.631,1.649,3419151.0,562183168.0
2019-11-06 15:00:00,1.652,1.655,1.632,1.638,2705176.0,445166144.0
2019-11-07 15:00:00,1.634,1.66,1.632,1.651,2911936.0,480363712.0
2019-11-08 15:00:00,1.655,1.666,1.645,1.645,3624055.0,600012096.0
2019-11-11 15:00:00,1.641,1.641,1.609,1.61,2716840.0,440940704.0
2019-11-12 15:00:00,1.61,1.616,1.593,1.611,2783940.0,446876480.0
2019-11-13 15:00:00,1.608,1.621,1.604,1.62,2530968.0,408310112.0
2019-11-14 15:00:00,1.619,1.634,1.616,1.63,2018535.0,327966848.0
2019-11-15 15:00:00,1.626,1.632,1.614,1.614,2049131.0,332186944.0
2019-11-18 15:00:00,1.613,1.623,1.603,1.621,2092688.0,337860864.0
2019-11-19 15:00:00,1.62,1.666,1.618,1.666,4776528.0,788222848.0
2019-11-20 15:00:00,1.664,1.679,1.654,1.655,3802884.0,634036672.0
2019-11-21 15:00:00,1.65,1.663,1.643,1.65,2287550.0,377736992.0
2019-11-22 15:00:00,1.653,1.672,1.608,1.614,5089391.0,832603968.0
2019-11-25 15:00:00,1.616,1.619,1.591,1.599,3422679.0,547441024.0
2019-11-26 15:00:00,1.603,1.617,1.596,1.608,3142161.0,505140320.0
2019-11-27 15:00:00,1.605,1.622,1.594,1.611,2636920.0,424397568.0
2019-11-28 15:00:00,1.608,1.62,1.605,1.611,1745428.0,281463776.0
2019-11-29 15:00:00,1.608,1.61,1.585,1.6,2550212.0,407518784.0
2019-12-02 15:00:00,1.605,1.618,1.601,1.606,2158416.0,347145408.0
2019-12-03 15:00:00,1.6,1.613,1.586,1.613,2610192.0,417574912.0
2019-12-04 15:00:00,1.606,1.62,1.602,1.612,2144554.0,345616192.0
2019-12-05 15:00:00,1.615,1.65,1.615,1.648,3982671.0,651809856.0
2019-12-06 15:00:00,1.646,1.662,1.641,1.662,2885880.0,476840768.0
2019-12-09 15:00:00,1.667,1.669,1.65,1.656,2760774.0,457341248.0
2019-12-10 15:00:00,1.651,1.67,1.645,1.67,2450734.0,406620416.0
2019-12-11 15:00:00,1.667,1.669,1.649,1.653,2075742.0,344015136.0
2019-12-12 15:00:00,1.651,1.668,1.651,1.657,2223151.0,369197088.0
2019-12-13 15:00:00,1.67,1.695,1.667,1.693,4539325.0,763312320.0
2019-12-16 15:00:00,1.693,1.716,1.686,1.715,3814064.0,649084608.0
2019-12-17 15:00:00,1.715,1.741,1.713,1.738,4637689.0,802963008.0
2019-12-18 15:00:00,1.734,1.739,1.721,1.725,2533071.0,438241664.0
2019-12-19 15:00:00,1.725,1.73,1.714,1.724,2644835.0,455270880.0
2019-12-20 15:00:00,1.724,1.73,1.705,1.708,2538238.0,435005280.0
2019-12-23 15:00:00,1.703,1.708,1.667,1.671,3759544.0,635116992.0
2019-12-24 15:00:00,1.676,1.706,1.675,1.704,3113619.0,525817088.0
2019-12-25 15:00:00,1.7,1.719,1.697,1.718,2729869.0,466617984.0
2019-12-26 15:00:00,1.716,1.727,1.711,1.726,2152210.0,370131872.0
2019-12-27 15:00:00,1.728,1.737,1.698,1.698,3015341.0,518302688.0
2019-12-30 15:00:00,1.695,1.727,1.684,1.727,2693594.0,461047328.0
2019-12-31 15:00:00,1.72,1.736,1.718,1.73,3051084.0,527289216.0
2020-01-02 15:00:00,1.743,1.771,1.731,1.765,3380825.0,593821312.0
2020-01-03 15:00:00,1.766,1.774,1.751,1.764,2746860.0,484657152.0
2020-01-06 15:00:00,1.756,1.806,1.753,1.788,4166991.0,744384640.0
2020-01-07 15:00:00,1.792,1.823,1.792,1.822,3945590.0,713661504.0
2020-01-08 15:00:00,1.808,1.822,1.789,1.792,4959107.0,894926592.0
2020-01-09 15:00:00,1.811,1.842,1.811,1.839,4475689.0,818555072.0
2020-01-10 15:00:00,1.847,1.847,1.821,1.831,3546451.0,650123968.0
2020-01-13 15:00:00,1.834,1.862,1.82,1.862,4400772.0,812006336.0
2020-01-14 15:00:00,1.864,1.871,1.849,1.85,3806679.0,707363712.0
2020-01-15 15:00:00,1.848,1.856,1.829,1.847,2627883.0,484326112.0
2020-01-16 15:00:00,1.851,1.863,1.842,1.856,2703073.0,501536384.0
2020-01-17 15:00:00,1.861,1.874,1.853,1.858,2991225.0,557328128.0
2020-01-20 15:00:00,1.862,1.911,1.861,1.905,4151555.0,785167616.0
2020-01-21 15:00:00,1.9,1.911,1.881,1.892,5334019.0,1010621952.0
2020-01-22 15:00:00,1.882,1.93,1.852,1.918,4902213.0,925446976.0
2020-01-23 15:00:00,1.892,1.918,1.829,1.853,6523278.0,1220349824.0
2020-02-03 15:00:00,1.67,1.766,1.669,1.708,10226280.0,1759930624.0
2020-02-04 15:00:00,1.716,1.82,1.715,1.816,6955575.0,1239347200.0
2020-02-05 15:00:00,1.833,1.896,1.818,1.871,6230237.0,1159567360.0
2020-02-06 15:00:00,1.855,1.94,1.836,1.93,7059755.0,1340342400.0
2020-02-07 15:00:00,1.932,1.949,1.9,1.94,5020758.0,968173696.0
2020-02-10 15:00:00,1.938,1.966,1.924,1.961,4377522.0,853349824.0
2020-02-11 15:00:00,1.964,1.964,1.935,1.947,2771378.0,540477056.0
2020-02-12 15:00:00,1.943,2.012,1.939,2.006,3942707.0,782098816.0
2020-02-13 15:00:00,2.005,2.01,1.971,1.988,4268443.0,849396224.0
2020-02-14 15:00:00,1.983,2.022,1.965,1.987,3383130.0,675301632.0
2020-02-17 15:00:00,2.005,2.071,2.004,2.071,6896795.0,1411302144.0
2020-02-18 15:00:00,2.072,2.09,2.05,2.09,7042729.0,1461049088.0
2020-02-19 15:00:00,2.08,2.087,2.052,2.054,5724038.0,1184645248.0
2020-02-20 15:00:00,2.062,2.118,2.056,2.105,5648539.0,1179806208.0
2020-02-21 15:00:00,2.1,2.162,2.092,2.145,5337412.0,1138639744.0
2020-02-24 15:00:00,2.137,2.185,2.127,2.178,5040842.0,1086957952.0
2020-02-25 15:00:00,2.145,2.21,2.082,2.195,7141842.0,1540210432.0
2020-02-26 15:00:00,2.162,2.176,2.086,2.102,6436770.0,1371540224.0
2020-02-27 15:00:00,2.111,2.148,2.076,2.111,7620196.0,1609806464.0
2020-02-28 15:00:00,2.041,2.074,1.985,1.995,11449503.0,2320203264.0
2020-03-02 15:00:00,2.026,2.071,1.999,2.054,6409490.0,1304480256.0
2020-03-03 15:00:00,2.101,2.155,2.066,2.092,7589350.0,1604280832.0
2020-03-04 15:00:00,2.077,2.097,2.04,2.088,4468505.0,924792448.0
2020-03-05 15:00:00,2.121,2.131,2.09,2.121,5371268.0,1134560384.0
2020-03-06 15:00:00,2.09,2.14,2.087,2.111,2909523.0,614750208.0
2020-03-09 15:00:00,2.068,2.09,2.011,2.013,4246042.0,868558272.0
2020-03-10 15:00:00,2.016,2.068,1.974,2.063,6367022.0,1291227904.0
2020-03-11 15:00:00,2.07,2.078,2.017,2.024,4429572.0,906930176.0
2020-03-12 15:00:00,1.996,1.998,1.948,1.971,4160470.0,820946944.0
2020-03-13 15:00:00,1.895,1.978,1.85,1.952,8280711.0,1584748416.0
2020-03-16 15:00:00,1.953,1.96,1.83,1.832,6293171.0,1191112064.0
2020-03-17 15:00:00,1.863,1.886,1.776,1.842,8537147.0,1563509760.0
2020-03-18 15:00:00,1.86,1.907,1.816,1.818,8089587.0,1512016768.0
2020-03-19 15:00:00,1.833,1.839,1.768,1.825,11112669.0,2007773568.0
2020-03-20 15:00:00,1.847,1.854,1.805,1.847,7362102.0,1351891968.0
2020-03-23 15:00:00,1.79,1.816,1.75,1.761,7333947.0,1305813888.0
2020-03-24 15:00:00,1.797,1.81,1.748,1.806,7895145.0,1410852864.0
2020-03-25 15:00:00,1.845,1.867,1.833,1.86,8801155.0,1630786944.0
2020-03-26 15:00:00,1.845,1.874,1.841,1.853,4843137.0,900324480.0
2020-03-27 15:00:00,1.878,1.882,1.828,1.83,6472183.0,1197067648.0
2020-03-30 15:00:00,1.807,1.808,1.762,1.791,6321042.0,1128069504.0
2020-03-31 15:00:00,1.805,1.813,1.79,1.795,4280000.0,771482304.0
2020-04-01 15:00:00,1.798,1.829,1.79,1.792,3974344.0,718993792.0
2020-04-02 15:00:00,1.786,1.845,1.784,1.844,6213602.0,1125309824.0
2020-04-03 15:00:00,1.834,1.854,1.825,1.834,4144941.0,762594176.0
2020-04-07 15:00:00,1.871,1.898,1.866,1.894,6965575.0,1312190848.0
2020-04-08 15:00:00,1.886,1.901,1.879,1.89,2979423.0,562745088.0
2020-04-09 15:00:00,1.905,1.925,1.896,1.921,4690481.0,897401408.0
2020-04-10 15:00:00,1.921,1.921,1.868,1.877,3888826.0,735521408.0
2020-04-13 15:00:00,1.872,1.872,1.84,1.853,3488666.0,645264320.0
2020-04-14 15:00:00,1.862,1.91,1.856,1.909,4850910.0,914603648.0
2020-04-15 15:00:00,1.911,1.927,1.899,1.899,3916732.0,749693120.0
2020-04-16 15:00:00,1.893,1.938,1.891,1.932,3436599.0,659893824.0
2020-04-17 15:00:00,1.948,1.969,1.936,1.943,4235498.0,827242048.0
2020-04-20 15:00:00,1.945,1.969,1.94,1.969,2338525.0,457862496.0
2020-04-21 15:00:00,1.96,1.96,1.92,1.949,3205774.0,622482688.0
2020-04-22 15:00:00,1.932,1.967,1.927,1.967,3221094.0,627374208.0
2020-04-23 15:00:00,1.97,1.978,1.947,1.951,3127959.0,613241024.0
2020-04-24 15:00:00,1.951,1.959,1.921,1.93,2489550.0,482010976.0
2020-04-27 15:00:00,1.938,1.957,1.919,1.939,3320566.0,645358336.0
2020-04-28 15:00:00,1.947,1.969,1.89,1.951,4469275.0,865921536.0
2020-04-29 15:00:00,1.943,1.973,1.94,1.952,3560956.0,696005760.0
2020-04-30 15:00:00,1.964,1.999,1.96,1.993,4117361.0,817442880.0
2020-05-06 15:00:00,1.98,2.032,1.974,2.029,3677675.0,737917184.0
2020-05-07 15:00:00,2.03,2.035,2.014,2.025,2659351.0,538456256.0
2020-05-08 15:00:00,2.035,2.058,2.033,2.042,3043403.0,622569024.0
2020-05-11 15:00:00,2.054,2.057,2.01,2.024,3723829.0,755905408.0
2020-05-12 15:00:00,2.021,2.045,2.012,2.043,2733098.0,554753024.0
2020-05-13 15:00:00,2.033,2.063,2.033,2.058,2285286.0,468032256.0
2020-05-14 15:00:00,2.047,2.058,2.035,2.036,2417094.0,494059200.0
2020-05-15 15:00:00,2.047,2.056,2.03,2.042,2280858.0,466146592.0
2020-05-18 15:00:00,2.045,2.057,2.015,2.039,2553643.0,520926432.0
2020-05-19 15:00:00,2.052,2.061,2.046,2.061,3727487.0,766492288.0
2020-05-20 15:00:00,2.061,2.074,2.033,2.041,3154278.0,648502016.0
2020-05-21 15:00:00,2.045,2.058,2.015,2.02,2862828.0,583607040.0
2020-05-22 15:00:00,2.015,2.018,1.96,1.972,4220287.0,837242304.0
2020-05-25 15:00:00,1.968,1.977,1.958,1.975,2559964.0,504052576.0
2020-05-26 15:00:00,1.989,2.038,1.986,2.038,3457737.0,696891584.0
2020-05-27 15:00:00,2.034,2.035,1.986,1.997,4287970.0,859890880.0
2020-05-28 15:00:00,1.99,1.999,1.948,1.982,4464550.0,878971392.0
2020-05-29 15:00:00,1.969,2.012,1.967,2.006,3657813.0,731316352.0
2020-06-01 15:00:00,2.024,2.087,2.02,2.082,4017528.0,829581440.0
2020-06-02 15:00:00,2.083,2.085,2.054,2.067,3026346.0,625496256.0
2020-06-03 15:00:00,2.075,2.085,2.059,2.06,2498871.0,517396640.0
2020-06-04 15:00:00,2.067,2.077,2.057,2.073,2573691.0,532624128.0
2020-06-05 15:00:00,2.069,2.087,2.062,2.087,2198269.0,456286880.0
2020-06-08 15:00:00,2.101,2.111,2.07,2.073,2396401.0,500333440.0
2020-06-09 15:00:00,2.076,2.106,2.068,2.102,2560762.0,535995840.0
2020-06-10 15:00:00,2.102,2.124,2.099,2.122,2992622.0,632269248.0
2020-06-11 15:00:00,2.123,2.161,2.103,2.119,3245740.0,691810112.0
2020-06-12 15:00:00,2.08,2.147,2.078,2.141,3958806.0,839264064.0
2020-06-15 15:00:00,2.143,2.181,2.14,2.141,3509464.0,757264000.0
2020-06-16 15:00:00,2.169,2.188,2.161,2.183,3814328.0,829913792.0
2020-06-17 15:00:00,2.184,2.198,2.171,2.188,2882259.0,629367488.0
2020-06-18 15:00:00,2.187,2.196,2.17,2.194,3618832.0,790565824.0
2020-06-19 15:00:00,2.196,2.253,2.191,2.238,3392705.0,757480704.0
2020-06-22 15:00:00,2.246,2.282,2.245,2.263,3435733.0,778089536.0
2020-06-23 15:00:00,2.26,2.307,2.255,2.307,2697375.0,615432640.0
2020-06-24 15:00:00,2.318,2.318,2.29,2.307,2801177.0,644657408.0
2020-06-29 15:00:00,2.292,2.307,2.28,2.295,2573967.0,589922240.0
2020-06-30 15:00:00,2.304,2.363,2.304,2.359,2758787.0,645987840.0
2020-07-01 15:00:00,2.363,2.37,2.303,2.342,4312636.0,1008298496.0
2020-07-02 15:00:00,2.337,2.355,2.314,2.35,3631421.0,848789824.0
2020-07-03 15:00:00,2.349,2.39,2.325,2.38,3924943.0,926308224.0
2020-07-06 15:00:00,2.384,2.459,2.375,2.45,5373575.0,1298220544.0
2020-07-07 15:00:00,2.459,2.561,2.45,2.503,4396992.0,1104592896.0
2020-07-08 15:00:00,2.515,2.58,2.489,2.574,3464337.0,877417280.0
2020-07-09 15:00:00,2.576,2.681,2.56,2.674,4989135.0,1314914816.0
2020-07-10 15:00:00,2.66,2.706,2.64,2.685,4771821.0,1279620096.0
2020-07-13 15:00:00,2.693,2.81,2.693,2.802,5342794.0,1474933376.0
2020-07-14 15:00:00,2.798,2.798,2.695,2.767,7260612.0,1996260352.0
2020-07-15 15:00:00,2.766,2.797,2.688,2.722,7817438.0,2153845760.0
2020-07-16 15:00:00,2.718,2.755,2.538,2.558,12691818.0,3351186176.0
2020-07-17 15:00:00,2.558,2.635,2.529,2.583,9000056.0,2321894400.0
2020-07-20 15:00:00,2.62,2.629,2.528,2.611,6860347.0,1770602880.0
2020-07-21 15:00:00,2.62,2.653,2.596,2.643,6598153.0,1737413376.0
2020-07-22 15:00:00,2.628,2.713,2.621,2.678,6189281.0,1659035392.0
2020-07-23 15:00:00,2.657,2.706,2.613,2.706,4962724.0,1324355200.0
2020-07-24 15:00:00,2.68,2.695,2.525,2.537,8178397.0,2120347904.0
2020-07-27 15:00:00,2.544,2.577,2.513,2.54,4235953.0,1080018816.0
2020-07-28 15:00:00,2.576,2.587,2.539,2.573,4378313.0,1122978688.0
2020-07-29 15:00:00,2.564,2.685,2.561,2.68,4852175.0,1278752640.0
2020-07-30 15:00:00,2.68,2.692,2.641,2.652,4295841.0,1146614656.0
2020-07-31 15:00:00,2.658,2.724,2.646,2.708,4689587.0,1262589312.0
2020-08-03 15:00:00,2.734,2.774,2.704,2.774,4057963.0,1114103936.0
2020-08-04 15:00:00,2.772,2.794,2.721,2.738,4411025.0,1216085632.0
2020-08-05 15:00:00,2.74,2.779,2.707,2.763,3249324.0,891682560.0
2020-08-06 15:00:00,2.767,2.77,2.682,2.719,4318767.0,1173644672.0
2020-08-07 15:00:00,2.701,2.726,2.61,2.657,4497971.0,1198850560.0
2020-08-10 15:00:00,2.641,2.666,2.603,2.641,3011592.0,793749056.0
2020-08-11 15:00:00,2.643,2.68,2.59,2.6,3989014.0,1052834048.0
2020-08-12 15:00:00,2.596,2.604,2.492,2.548,7018783.0,1776970112.0
2020-08-13 15:00:00,2.56,2.566,2.521,2.535,3378843.0,860036352.0
2020-08-14 15:00:00,2.533,2.58,2.528,2.579,4848202.0,1240668288.0
2020-08-17 15:00:00,2.591,2.608,2.56,2.607,5706203.0,1477528064.0
2020-08-18 15:00:00,2.608,2.631,2.595,2.605,3326428.0,868339520.0
2020-08-19 15:00:00,2.604,2.61,2.521,2.524,3363202.0,859262784.0
2020-08-20 15:00:00,2.503,2.541,2.272,2.503,3311966.0,831085440.0
2020-08-21 15:00:00,2.519,2.554,2.518,2.546,3349567.0,850586304.0
2020-08-24 15:00:00,2.563,2.612,2.503,2.597,4449750.0,1144983936.0
2020-08-25 15:00:00,2.591,2.65,2.589,2.611,4042884.0,1057606848.0
2020-08-26 15:00:00,2.608,2.627,2.546,2.551,4372084.0,1130157824.0
2020-08-27 15:00:00,2.561,2.609,2.547,2.602,3773585.0,974798272.0
2020-08-28 15:00:00,2.59,2.67,2.586,2.666,4008135.0,1056256960.0
2020-08-31 15:00:00,2.676,2.687,2.633,2.637,3485857.0,927733056.0
2020-09-01 15:00:00,2.628,2.659,2.611,2.658,2594639.0,684918208.0
2020-09-02 15:00:00,2.657,2.692,2.634,2.676,3319581.0,885461824.0
2020-09-03 15:00:00,2.667,2.696,2.642,2.653,3431357.0,915507456.0
2020-09-04 15:00:00,2.609,2.649,2.596,2.638,3137602.0,821326528.0
2020-09-07 15:00:00,2.628,2.65,2.541,2.549,4232589.0,1097756032.0
2020-09-08 15:00:00,2.554,2.574,2.524,2.564,3396924.0,866442624.0
2020-09-09 15:00:00,2.533,2.533,2.421,2.44,5228647.0,1290302208.0
2020-09-10 15:00:00,2.462,2.478,2.39,2.403,3648363.0,890871808.0
2020-09-11 15:00:00,2.391,2.457,2.39,2.449,2920432.0,708370112.0
2020-09-14 15:00:00,2.476,2.515,2.461,2.484,3263080.0,811189504.0
2020-09-15 15:00:00,2.484,2.51,2.473,2.504,2271611.0,566728512.0
2020-09-16 15:00:00,2.506,2.507,2.454,2.47,1716909.0,425309568.0
2020-09-17 15:00:00,2.46,2.495,2.437,2.467,2384302.0,587710528.0
2020-09-18 15:00:00,2.468,2.514,2.45,2.513,3034121.0,753809216.0
2020-09-21 15:00:00,2.516,2.517,2.479,2.48,2248765.0,561392704.0
2020-09-22 15:00:00,2.47,2.508,2.462,2.469,2283204.0,568003008.0
2020-09-23 15:00:00,2.472,2.52,2.459,2.508,2227099.0,555643072.0
2020-09-24 15:00:00,2.49,2.496,2.451,2.454,2265188.0,559422784.0
2020-09-25 15:00:00,2.46,2.482,2.444,2.457,2007066.0,494279360.0
2020-09-28 15:00:00,2.465,2.467,2.432,2.434,1656324.0,405194144.0
2020-09-29 15:00:00,2.453,2.49,2.436,2.479,2086200.0,514655904.0
2020-09-30 15:00:00,2.478,2.513,2.472,2.489,2195074.0,547313024.0
2020-10-09 15:00:00,2.539,2.586,2.534,2.581,2442025.0,626372544.0
2020-10-12 15:00:00,2.606,2.683,2.601,2.683,3648370.0,968069568.0
2020-10-13 15:00:00,2.679,2.697,2.66,2.688,2498941.0,669090496.0
2020-10-14 15:00:00,2.682,2.696,2.664,2.668,2018388.0,540189376.0
2020-10-15 15:00:00,2.668,2.675,2.642,2.65,2174799.0,577161088.0
2020-10-16 15:00:00,2.641,2.658,2.602,2.634,2027924.0,533554912.0
2020-10-19 15:00:00,2.648,2.656,2.593,2.6,2241531.0,587731840.0
2020-10-20 15:00:00,2.594,2.646,2.594,2.645,2496863.0,654281600.0
2020-10-21 15:00:00,2.647,2.65,2.597,2.612,2454994.0,642838144.0
2020-10-22 15:00:00,2.594,2.599,2.556,2.582,2805171.0,722984064.0
2020-10-23 15:00:00,2.579,2.609,2.504,2.516,4119058.0,1049439872.0
2020-10-26 15:00:00,2.5,2.539,2.468,2.533,3124658.0,783906624.0
2020-10-27 15:00:00,2.52,2.563,2.52,2.56,2534416.0,645580480.0
2020-10-28 15:00:00,2.552,2.591,2.536,2.577,2699069.0,692050496.0
2020-10-29 15:00:00,2.548,2.619,2.542,2.607,2774295.0,717854976.0
2020-10-30 15:00:00,2.607,2.618,2.553,2.563,2528421.0,653686592.0
2020-11-02 15:00:00,2.57,2.628,2.57,2.617,2891309.0,751996928.0
2020-11-03 15:00:00,2.622,2.657,2.605,2.649,2027612.0,533933856.0
2020-11-04 15:00:00,2.644,2.661,2.629,2.658,2190372.0,580280192.0
2020-11-05 15:00:00,2.682,2.695,2.651,2.69,2606058.0,698627136.0
2020-11-06 15:00:00,2.693,2.697,2.618,2.637,3040823.0,803744448.0
2020-11-09 15:00:00,2.653,2.736,2.653,2.719,3721034.0,1004789888.0
2020-11-10 15:00:00,2.717,2.717,2.619,2.674,3859826.0,1034456192.0
2020-11-11 15:00:00,2.664,2.671,2.592,2.595,3272013.0,856982464.0
2020-11-12 15:00:00,2.602,2.628,2.595,2.607,2076144.0,541944576.0
2020-11-13 15:00:00,2.591,2.628,2.59,2.619,2410436.0,628170432.0
2020-11-16 15:00:00,2.626,2.627,2.583,2.62,2284801.0,596375616.0
2020-11-17 15:00:00,2.614,2.622,2.538,2.572,3982737.0,1021474752.0
2020-11-18 15:00:00,2.57,2.59,2.523,2.534,4662336.0,1185926272.0
2020-11-19 15:00:00,2.527,2.56,2.506,2.556,3473700.0,882134464.0
2020-11-20 15:00:00,2.553,2.584,2.552,2.576,3061705.0,787255424.0
2020-11-23 15:00:00,2.579,2.612,2.557,2.593,3202965.0,828386688.0
2020-11-24 15:00:00,2.591,2.604,2.571,2.582,1771235.0,457547104.0
2020-11-25 15:00:00,2.583,2.585,2.526,2.528,2911161.0,741594624.0
2020-11-26 15:00:00,2.529,2.542,2.498,2.522,3260729.0,820162176.0
2020-11-27 15:00:00,2.519,2.546,2.504,2.532,2835378.0,715239104.0
2020-11-30 15:00:00,2.532,2.563,2.506,2.541,3632231.0,922464768.0
2020-12-01 15:00:00,2.535,2.608,2.53,2.602,4450098.0,1148264704.0
2020-12-02 15:00:00,2.602,2.607,2.572,2.593,2538750.0,656776896.0
2020-12-03 15:00:00,2.583,2.628,2.577,2.619,3070060.0,800328256.0
2020-12-04 15:00:00,2.608,2.64,2.604,2.637,2189828.0,574346176.0
2020-12-07 15:00:00,2.625,2.643,2.62,2.628,1982818.0,521625216.0
2020-12-08 15:00:00,2.633,2.659,2.633,2.646,2114235.0,560166016.0
2020-12-09 15:00:00,2.65,2.665,2.596,2.598,2944265.0,773982144.0
2020-12-10 15:00:00,2.587,2.642,2.582,2.627,1979315.0,517199328.0
2020-12-11 15:00:00,2.629,2.637,2.575,2.601,2226660.0,579549824.0
2020-12-14 15:00:00,2.6,2.641,2.585,2.641,1959530.0,512961216.0
2020-12-15 15:00:00,2.633,2.668,2.629,2.667,2206104.0,585048064.0
2020-12-16 15:00:00,2.666,2.677,2.638,2.667,1505524.0,400176192.0
2020-12-17 15:00:00,2.659,2.695,2.646,2.694,1850877.0,495452800.0
2020-12-18 15:00:00,2.699,2.706,2.672,2.688,2577183.0,693602880.0
2020-12-21 15:00:00,2.687,2.781,2.686,2.778,4241577.0,1164673024.0
2020-12-22 15:00:00,2.767,2.792,2.716,2.718,2725385.0,750971200.0
2020-12-23 15:00:00,2.721,2.768,2.717,2.745,3288484.0,901276416.0
2020-12-24 15:00:00,2.741,2.753,2.718,2.726,3884455.0,1062296704.0
2020-12-25 15:00:00,2.715,2.749,2.695,2.749,5213009.0,1418883200.0
2020-12-28 15:00:00,2.748,2.764,2.724,2.745,1910388.0,524052512.0
2020-12-29 15:00:00,2.733,2.747,2.702,2.717,1553207.0,423359968.0
2020-12-30 15:00:00,2.72,2.807,2.72,2.799,2639807.0,733734976.0
2020-12-31 15:00:00,2.809,2.869,2.805,2.866,3106915.0,883262464.0
2021-01-04 15:00:00,2.864,2.99,2.861,2.976,2472764.0,727814976.0
2021-01-05 15:00:00,2.94,2.997,2.925,2.988,2470004.0,734648128.0
2021-01-06 15:00:00,3.0,3.03,2.953,3.003,2290438.0,684446080.0
2021-01-07 15:00:00,2.996,3.056,2.978,3.056,2029989.0,611873216.0
2021-01-08 15:00:00,3.065,3.086,3.011,3.036,1867430.0,566629504.0
2021-01-11 15:00:00,3.052,3.054,2.962,2.989,2068084.0,622614208.0
2021-01-12 15:00:00,2.98,3.076,2.954,3.076,1857680.0,560342080.0
2021-01-13 15:00:00,3.071,3.094,2.997,3.025,2141047.0,650804288.0
2021-01-14 15:00:00,3.01,3.036,2.959,2.987,2353511.0,705882880.0
2021-01-15 15:00:00,2.98,3.004,2.919,2.99,2712677.0,805189696.0
2021-01-18 15:00:00,2.969,3.058,2.949,3.046,2312313.0,698319168.0
2021-01-19 15:00:00,3.034,3.046,2.966,2.976,2181227.0,655650560.0
2021-01-20 15:00:00,2.992,3.098,2.987,3.096,2986081.0,913406720.0
2021-01-21 15:00:00,3.103,3.19,3.101,3.176,2207907.0,696148928.0
2021-01-22 15:00:00,3.17,3.252,3.165,3.241,2561056.0,821750400.0
2021-01-25 15:00:00,3.242,3.307,3.215,3.242,2136784.0,695590784.0
2021-01-26 15:00:00,3.222,3.228,3.14,3.152,3330042.0,1054569344.0
2021-01-27 15:00:00,3.151,3.184,3.085,3.166,2279216.0,714569088.0
2021-01-28 15:00:00,3.111,3.139,3.053,3.057,2763172.0,853132032.0
2021-01-29 15:00:00,3.089,3.108,2.966,3.029,3193131.0,971033472.0
2021-02-01 15:00:00,3.024,3.08,3.001,3.056,2008111.0,613122880.0
2021-02-02 15:00:00,3.062,3.12,3.023,3.118,2701434.0,833896256.0
2021-02-03 15:00:00,3.128,3.16,3.105,3.106,2202237.0,690037312.0
2021-02-04 15:00:00,3.09,3.134,3.048,3.098,2097696.0,648337280.0
2021-02-05 15:00:00,3.102,3.144,3.08,3.084,1967701.0,612708352.0
2021-02-09 15:00:00,3.171,3.223,3.163,3.222,2343912.0,749138304.0
2021-02-10 15:00:00,3.23,3.309,3.195,3.293,2423153.0,791269888.0
2021-02-18 15:00:00,3.353,3.359,3.186,3.202,3195998.0,1036753344.0
2021-02-19 15:00:00,3.191,3.192,3.086,3.17,3747736.0,1174621824.0
2021-02-22 15:00:00,3.156,3.159,3.03,3.032,3897255.0,1203307648.0
2021-02-23 15:00:00,3.0,3.046,2.988,3.009,3111370.0,936301632.0
2021-02-24 15:00:00,3.01,3.016,2.87,2.904,7980683.0,2338731008.0
2021-02-25 15:00:00,2.929,2.934,2.866,2.878,4918260.0,1426992384.0
2021-02-26 15:00:00,2.854,2.858,2.79,2.814,5850850.0,1649457408.0
2021-03-01 15:00:00,2.85,2.895,2.831,2.894,4940004.0,1416027136.0
2021-03-02 15:00:00,2.908,2.915,2.834,2.859,3887160.0,1118995456.0
2021-03-03 15:00:00,2.848,2.9,2.833,2.9,2831522.0,811821952.0
2021-03-04 15:00:00,2.863,2.863,2.743,2.751,7501829.0,2089981952.0
2021-03-05 15:00:00,2.706,2.795,2.705,2.772,5270807.0,1451448576.0
2021-03-08 15:00:00,2.783,2.803,2.631,2.633,8054625.0,2178710528.0
2021-03-09 15:00:00,2.618,2.64,2.52,2.547,8107632.0,2092868864.0
2021-03-10 15:00:00,2.607,2.622,2.572,2.586,6051196.0,1575015552.0
2021-03-11 15:00:00,2.585,2.67,2.581,2.65,5149149.0,1358033280.0
2021-03-12 15:00:00,2.666,2.673,2.616,2.658,3482583.0,921889792.0
2021-03-15 15:00:00,2.64,2.64,2.523,2.555,5028761.0,1292687104.0
2021-03-16 15:00:00,2.562,2.583,2.539,2.579,3414108.0,876211584.0
2021-03-17 15:00:00,2.56,2.622,2.54,2.607,3636283.0,942558016.0
2021-03-18 15:00:00,2.619,2.661,2.614,2.65,3539700.0,935917568.0
2021-03-19 15:00:00,2.608,2.632,2.562,2.579,2947308.0,764112384.0
2021-03-22 15:00:00,2.583,2.632,2.573,2.607,2926073.0,761576640.0
2021-03-23 15:00:00,2.595,2.614,2.551,2.579,2756059.0,710164800.0
2021-03-24 15:00:00,2.558,2.586,2.533,2.543,3386892.0,864354112.0
2021-03-25 15:00:00,2.522,2.578,2.515,2.567,3315595.0,845104576.0
2021-03-26 15:00:00,2.576,2.658,2.576,2.65,5451831.0,1431652352.0
2021-03-29 15:00:00,2.644,2.669,2.621,2.637,3227203.0,854263488.0
2021-03-30 15:00:00,2.627,2.682,2.625,2.673,2582933.0,687546240.0
2021-03-31 15:00:00,2.662,2.68,2.637,2.665,1914494.0,508500224.0
2021-04-01 15:00:00,2.665,2.72,2.665,2.718,2742148.0,740217408.0
2021-04-02 15:00:00,2.725,2.769,2.718,2.756,2968992.0,815604800.0
2021-04-06 15:00:00,2.762,2.769,2.711,2.73,2331452.0,637619904.0
2021-04-07 15:00:00,2.74,2.744,2.678,2.707,2151116.0,580661056.0
2021-04-08 15:00:00,2.694,2.74,2.682,2.728,1803054.0,490669312.0
2021-04-09 15:00:00,2.722,2.729,2.677,2.69,1958353.0,527593056.0
2021-04-12 15:00:00,2.683,2.715,2.618,2.627,2789497.0,741519360.0
2021-04-13 15:00:00,2.618,2.688,2.618,2.649,2954009.0,785200576.0
2021-04-14 15:00:00,2.654,2.71,2.652,2.707,2289912.0,615820096.0
2021-04-15 15:00:00,2.695,2.698,2.663,2.698,2412531.0,647312832.0
2021-04-16 15:00:00,2.707,2.709,2.65,2.688,2438103.0,652800000.0
2021-04-19 15:00:00,2.681,2.799,2.672,2.798,3754709.0,1034483264.0
2021-04-20 15:00:00,2.788,2.82,2.77,2.791,2918738.0,816627328.0
2021-04-21 15:00:00,2.767,2.818,2.767,2.814,2022147.0,565760512.0
2021-04-22 15:00:00,2.831,2.847,2.799,2.837,2621638.0,740860800.0
2021-04-23 15:00:00,2.824,2.905,2.824,2.891,3037407.0,874385152.0
2021-04-26 15:00:00,2.91,2.954,2.861,2.863,4035399.0,1176042880.0
2021-04-27 15:00:00,2.857,2.889,2.846,2.884,2171817.0,622874944.0
2021-04-28 15:00:00,2.884,2.95,2.877,2.949,2653663.0,775202880.0
2021-04-29 15:00:00,2.946,2.964,2.91,2.952,1928392.0,567772928.0
2021-04-30 15:00:00,2.941,3.004,2.932,2.989,2523476.0,750582144.0
2021-05-06 15:00:00,2.963,2.963,2.862,2.904,2544894.0,740129728.0
2021-05-07 15:00:00,2.91,2.925,2.816,2.819,3130357.0,895660608.0
2021-05-10 15:00:00,2.82,2.863,2.805,2.827,2472832.0,699785088.0
2021-05-11 15:00:00,2.796,2.837,2.769,2.823,2832003.0,794229952.0
2021-05-12 15:00:00,2.813,2.868,2.788,2.865,2184432.0,618372544.0
2021-05-13 15:00:00,2.836,2.871,2.814,2.845,2053186.0,583466624.0
2021-05-14 15:00:00,2.857,2.938,2.846,2.937,2676586.0,777497344.0
2021-05-17 15:00:00,2.945,3.024,2.945,3.007,3406090.0,1023735232.0
2021-05-18 15:00:00,3.0,3.023,2.964,2.988,1898546.0,567480768.0
2021-05-19 15:00:00,2.965,3.023,2.965,3.012,1891321.0,568364160.0
2021-05-20 15:00:00,3.003,3.054,3.003,3.043,1614467.0,489333568.0
2021-05-21 15:00:00,3.055,3.065,2.992,3.012,1829129.0,553115456.0
2021-05-24 15:00:00,3.01,3.04,2.972,3.036,1940881.0,585452160.0
2021-05-25 15:00:00,3.042,3.129,3.042,3.119,2742750.0,850821568.0
2021-05-26 15:00:00,3.12,3.12,3.08,3.095,2178904.0,674613056.0
2021-05-27 15:00:00,3.086,3.135,3.066,3.118,1567565.0,486549856.0
2021-05-28 15:00:00,3.117,3.175,3.099,3.121,2271366.0,713557248.0
2021-05-31 15:00:00,3.13,3.2,3.13,3.195,1813960.0,575852864.0
2021-06-01 15:00:00,3.18,3.2,3.136,3.188,1707586.0,542181184.0
2021-06-02 15:00:00,3.2,3.202,3.12,3.133,1870093.0,589869888.0
2021-06-03 15:00:00,3.129,3.149,3.094,3.099,1695496.0,529315616.0
2021-06-04 15:00:00,3.077,3.177,3.077,3.141,2049341.0,641448640.0
2021-06-07 15:00:00,3.136,3.136,3.092,3.122,1541036.0,479806176.0
2021-06-08 15:00:00,3.118,3.17,3.082,3.105,2030913.0,635032064.0
2021-06-09 15:00:00,3.096,3.12,3.079,3.1,1404822.0,435578848.0
2021-06-10 15:00:00,3.107,3.192,3.107,3.179,2250945.0,713270016.0
2021-06-11 15:00:00,3.196,3.212,3.159,3.195,1843166.0,588267840.0
2021-06-15 15:00:00,3.191,3.199,3.139,3.155,1940395.0,613732096.0
2021-06-16 15:00:00,3.145,3.153,3.021,3.024,2999583.0,920087872.0
2021-06-17 15:00:00,3.023,3.094,3.023,3.088,2576794.0,791342336.0
2021-06-18 15:00:00,3.096,3.16,3.095,3.137,2152121.0,673787904.0
2021-06-21 15:00:00,3.127,3.185,3.1,3.166,1992203.0,627736768.0
2021-06-22 15:00:00,3.17,3.19,3.119,3.174,1753812.0,553574208.0
2021-06-23 15:00:00,3.179,3.234,3.164,3.217,2093712.0,671310080.0
2021-06-24 15:00:00,3.212,3.218,3.16,3.174,1425198.0,453456768.0
2021-06-25 15:00:00,3.18,3.254,3.18,3.243,2422358.0,781184704.0
2021-06-28 15:00:00,3.238,3.313,3.236,3.305,2164854.0,712544768.0
2021-06-29 15:00:00,3.329,3.336,3.282,3.297,1745426.0,577444736.0
2021-06-30 15:00:00,3.302,3.373,3.277,3.373,1829712.0,611149632.0
2021-07-01 15:00:00,3.381,3.388,3.32,3.34,2835939.0,951824064.0
2021-07-02 15:00:00,3.332,3.332,3.224,3.227,2120859.0,691956096.0
2021-07-05 15:00:00,3.223,3.282,3.215,3.25,2258864.0,732915456.0
2021-07-06 15:00:00,3.242,3.266,3.142,3.196,2866688.0,915971008.0
2021-07-07 15:00:00,3.172,3.313,3.157,3.305,2853291.0,930426560.0
2021-07-08 15:00:00,3.317,3.36,3.305,3.322,1715823.0,571683072.0
2021-07-09 15:00:00,3.3,3.323,3.23,3.303,2029695.0,666538560.0
2021-07-12 15:00:00,3.339,3.445,3.315,3.427,1880156.0,638762688.0
2021-07-13 15:00:00,3.415,3.452,3.372,3.411,1926483.0,657281856.0
2021-07-14 15:00:00,3.402,3.432,3.357,3.382,1661007.0,564682496.0
2021-07-15 15:00:00,3.359,3.429,3.345,3.429,2013288.0,682489984.0
2021-07-16 15:00:00,3.41,3.412,3.322,3.328,1924837.0,648178368.0
2021-07-19 15:00:00,3.326,3.373,3.311,3.35,1393120.0,465561984.0
2021-07-20 15:00:00,3.318,3.379,3.311,3.356,1738555.0,582846592.0
2021-07-21 15:00:00,3.364,3.46,3.362,3.455,2373590.0,811990144.0
2021-07-22 15:00:00,3.455,3.463,3.404,3.438,1635810.0,560469824.0
2021-07-23 15:00:00,3.434,3.434,3.356,3.367,1795824.0,607636800.0
2021-07-26 15:00:00,3.34,3.36,3.193,3.27,2829719.0,927839872.0
2021-07-27 15:00:00,3.259,3.318,3.135,3.14,3349821.0,1085320960.0
2021-07-28 15:00:00,3.11,3.201,3.063,3.183,3368791.0,1061721408.0
2021-07-29 15:00:00,3.26,3.359,3.23,3.358,2961779.0,975237632.0
2021-07-30 15:00:00,3.34,3.371,3.292,3.328,2059150.0,685764224.0
2021-08-02 15:00:00,3.328,3.396,3.29,3.393,2784736.0,934241792.0
2021-08-03 15:00:00,3.39,3.408,3.34,3.363,1647228.0,554656192.0
2021-08-04 15:00:00,3.356,3.451,3.34,3.446,1694797.0,577360128.0
2021-08-05 15:00:00,3.44,3.457,3.398,3.419,1509103.0,516418944.0
2021-08-06 15:00:00,3.435,3.436,3.362,3.386,1841367.0,625516928.0
2021-08-09 15:00:00,3.351,3.36,3.304,3.348,3469036.0,1156326400.0
2021-08-10 15:00:00,3.34,3.366,3.315,3.366,1715805.0,573577344.0
2021-08-11 15:00:00,3.355,3.363,3.314,3.326,1415731.0,472639520.0
2021-08-12 15:00:00,3.32,3.33,3.276,3.28,1498937.0,494504736.0
2021-08-13 15:00:00,3.26,3.329,3.228,3.249,1661711.0,543977792.0
2021-08-16 15:00:00,3.225,3.244,3.187,3.206,1800979.0,578522368.0
2021-08-17 15:00:00,3.204,3.223,3.115,3.126,2731118.0,865960512.0
2021-08-18 15:00:00,3.134,3.171,3.123,3.16,2231740.0,701353920.0
2021-08-19 15:00:00,3.148,3.202,3.134,3.177,2352249.0,744827904.0
2021-08-20 15:00:00,3.155,3.167,3.067,3.1,2924676.0,908150016.0
2021-08-23 15:00:00,3.105,3.196,3.102,3.195,2466912.0,779137856.0
2021-08-24 15:00:00,3.195,3.247,3.169,3.225,2074945.0,667829696.0
2021-08-25 15:00:00,3.225,3.244,3.193,3.241,1339651.0,431469088.0
2021-08-26 15:00:00,3.247,3.261,3.161,3.164,1566747.0,501763360.0
2021-08-27 15:00:00,3.16,3.197,3.141,3.158,1437735.0,454953280.0
2021-08-30 15:00:00,3.17,3.214,3.147,3.164,1688551.0,536854656.0
2021-08-31 15:00:00,3.163,3.168,3.086,3.106,1951141.0,608183552.0
2021-09-01 15:00:00,3.11,3.124,3.035,3.094,2095449.0,644313472.0
2021-09-02 15:00:00,3.08,3.097,3.039,3.046,1947998.0,596884992.0
2021-09-03 15:00:00,3.046,3.071,2.996,3.01,2287971.0,693053312.0
2021-09-06 15:00:00,3.012,3.13,2.993,3.129,2886873.0,888941440.0
2021-09-07 15:00:00,3.113,3.159,3.107,3.147,2007851.0,629216448.0
2021-09-08 15:00:00,3.152,3.18,3.115,3.123,1339784.0,420781312.0
2021-09-09 15:00:00,3.116,3.145,3.076,3.126,1662833.0,516471520.0
2021-09-10 15:00:00,3.113,3.145,3.089,3.135,1385051.0,431832864.0
2021-09-13 15:00:00,3.127,3.156,3.085,3.095,1547266.0,481294880.0
2021-09-14 15:00:00,3.094,3.174,3.085,3.14,1959532.0,615567744.0
2021-09-15 15:00:00,3.122,3.133,3.088,3.105,1499151.0,465234496.0
2021-09-16 15:00:00,3.103,3.103,3.032,3.035,1553755.0,475463008.0
2021-09-17 15:00:00,3.027,3.101,3.026,3.097,1358986.0,416326528.0
2021-09-22 15:00:00,3.057,3.1,3.051,3.068,1299378.0,399143232.0
2021-09-23 15:00:00,3.087,3.111,3.059,3.086,1288925.0,397539168.0
2021-09-24 15:00:00,3.077,3.147,3.071,3.109,2202959.0,686278144.0
2021-09-27 15:00:00,3.119,3.177,3.111,3.13,1722804.0,542895680.0
2021-09-28 15:00:00,3.118,3.17,3.102,3.114,1320809.0,413922400.0
2021-09-29 15:00:00,3.095,3.109,3.067,3.083,1286493.0,397039744.0
2021-09-30 15:00:00,3.088,3.155,3.084,3.148,1681963.0,526243744.0
2021-10-08 15:00:00,3.169,3.186,3.125,3.138,1465347.0,462007136.0
2021-10-11 15:00:00,3.147,3.156,3.092,3.096,1238806.0,386575040.0
2021-10-12 15:00:00,3.081,3.102,3.013,3.042,1911200.0,584156096.0
2021-10-13 15:00:00,3.04,3.11,3.04,3.109,1601971.0,493474528.0
2021-10-14 15:00:00,3.1,3.138,3.1,3.112,1412201.0,440664704.0
2021-10-15 15:00:00,3.11,3.18,3.088,3.176,1488620.0,469407104.0
2021-10-18 15:00:00,3.178,3.185,3.128,3.172,1363308.0,429834368.0
2021-10-19 15:00:00,3.18,3.208,3.168,3.191,1159874.0,370006976.0
2021-10-20 15:00:00,3.19,3.215,3.172,3.185,996128.0,318199424.0
2021-10-21 15:00:00,3.188,3.2,3.155,3.174,847815.0,269220224.0
2021-10-22 15:00:00,3.184,3.205,3.166,3.185,1274677.0,406128192.0
2021-10-25 15:00:00,3.182,3.237,3.182,3.236,1168057.0,376354464.0
2021-10-26 15:00:00,3.256,3.262,3.217,3.221,1109508.0,359486752.0
2021-10-27 15:00:00,3.221,3.221,3.182,3.205,852486.0,272827872.0
2021-10-28 15:00:00,3.196,3.232,3.163,3.178,1298800.0,415143008.0
2021-10-29 15:00:00,3.186,3.25,3.151,3.249,1622369.0,519204480.0
2021-11-01 15:00:00,3.245,3.268,3.201,3.224,1219757.0,394374048.0
2021-11-02 15:00:00,3.227,3.266,3.205,3.228,1301082.0,421526528.0
2021-11-03 15:00:00,3.213,3.26,3.198,3.222,1190391.0,384321856.0
2021-11-04 15:00:00,3.233,3.275,3.233,3.26,1151153.0,374782368.0
2021-11-05 15:00:00,3.243,3.276,3.243,3.248,986306.0,321718688.0
2021-11-08 15:00:00,3.24,3.287,3.234,3.278,1064488.0,347491008.0
2021-11-09 15:00:00,3.278,3.302,3.269,3.3,977716.0,321415200.0
2021-11-10 15:00:00,3.287,3.3,3.236,3.296,1444681.0,472925632.0
2021-11-11 15:00:00,3.284,3.333,3.279,3.324,928950.0,308172864.0
2021-11-12 15:00:00,3.318,3.335,3.3,3.324,910839.0,302146400.0
2021-11-15 15:00:00,3.324,3.329,3.284,3.295,1094791.0,361456640.0
2021-11-16 15:00:00,3.292,3.315,3.28,3.282,991752.0,326984992.0
2021-11-17 15:00:00,3.284,3.319,3.284,3.317,877419.0,290279968.0
2021-11-18 15:00:00,3.305,3.308,3.268,3.274,1353349.0,444481600.0
2021-11-19 15:00:00,3.273,3.315,3.271,3.313,1198829.0,395483424.0
2021-11-22 15:00:00,3.322,3.395,3.314,3.393,1383692.0,465562688.0
2021-11-23 15:00:00,3.392,3.402,3.371,3.38,874428.0,296005024.0
2021-11-24 15:00:00,3.381,3.392,3.357,3.362,905309.0,305382848.0
2021-11-25 15:00:00,3.366,3.386,3.353,3.368,1120023.0,377306208.0
2021-11-26 15:00:00,3.367,3.39,3.35,3.364,643307.0,216778352.0
2021-11-29 15:00:00,3.345,3.411,3.338,3.389,1478543.0,501423040.0
2021-11-30 15:00:00,3.395,3.408,3.364,3.386,1315321.0,444538656.0
2021-12-01 15:00:00,3.377,3.389,3.352,3.365,785130.0,264340176.0
2021-12-02 15:00:00,3.354,3.375,3.346,3.355,715812.0,240583840.0
2021-12-03 15:00:00,3.355,3.372,3.34,3.37,918558.0,308520256.0
2021-12-06 15:00:00,3.354,3.368,3.293,3.294,1355422.0,450904352.0
2021-12-07 15:00:00,3.314,3.317,3.235,3.266,1328362.0,433547040.0
2021-12-08 15:00:00,3.266,3.32,3.266,3.314,1139795.0,375738208.0
2021-12-09 15:00:00,3.304,3.353,3.29,3.353,1298926.0,432890816.0
2021-12-10 15:00:00,3.335,3.377,3.324,3.37,795566.0,266988992.0
2021-12-13 15:00:00,3.362,3.4,3.347,3.389,1037873.0,351039648.0
2021-12-14 15:00:00,3.37,3.396,3.37,3.384,776587.0,262770208.0
2021-12-15 15:00:00,3.382,3.411,3.355,3.355,803330.0,271904800.0
2021-12-16 15:00:00,3.361,3.384,3.357,3.378,744558.0,250958256.0
2021-12-17 15:00:00,3.376,3.376,3.32,3.328,917411.0,306517664.0
2021-12-20 15:00:00,3.322,3.328,3.218,3.225,1810234.0,589476608.0
2021-12-21 15:00:00,3.227,3.25,3.204,3.247,1604192.0,518742688.0
2021-12-22 15:00:00,3.249,3.273,3.248,3.26,955848.0,311821728.0
2021-12-23 15:00:00,3.269,3.282,3.252,3.269,744302.0,243092928.0
2021-12-24 15:00:00,3.268,3.275,3.181,3.196,1182511.0,379369600.0
2021-12-27 15:00:00,3.183,3.212,3.173,3.19,1026214.0,327519840.0
2021-12-28 15:00:00,3.193,3.229,3.178,3.226,1425478.0,456900672.0
2021-12-29 15:00:00,3.216,3.218,3.176,3.182,1414971.0,451279104.0
2021-12-30 15:00:00,3.18,3.233,3.176,3.219,1940253.0,623398592.0
2021-12-31 15:00:00,3.231,3.247,3.207,3.218,1135672.0,365770848.0
2022-01-04 15:00:00,3.236,3.242,3.14,3.154,1329407.0,420460000.0
2022-01-05 15:00:00,3.151,3.151,3.049,3.064,3326675.0,1024198016.0
2022-01-06 15:00:00,3.043,3.054,2.999,3.034,3940022.0,1191713408.0
2022-01-07 15:00:00,3.035,3.046,2.998,3.003,2532898.0,763631808.0
2022-01-10 15:00:00,3.0,3.018,2.958,2.998,2563939.0,766782208.0
2022-01-11 15:00:00,2.998,3.008,2.956,2.96,2460580.0,731615232.0
2022-01-12 15:00:00,2.984,3.039,2.984,3.035,3398321.0,1024275776.0
2022-01-13 15:00:00,3.042,3.043,2.988,2.99,2161756.0,650933056.0
2022-01-14 15:00:00,2.975,3.027,2.967,3.015,2101345.0,631548736.0
2022-01-17 15:00:00,3.0,3.075,3.0,3.068,1880369.0,574324672.0
2022-01-18 15:00:00,3.057,3.075,3.038,3.047,1633492.0,499162016.0
2022-01-19 15:00:00,3.036,3.047,2.958,2.985,3143885.0,940912448.0
2022-01-20 15:00:00,2.973,3.002,2.962,2.975,1806636.0,538084544.0
2022-01-21 15:00:00,2.957,2.973,2.927,2.941,2693106.0,792706560.0
2022-01-24 15:00:00,2.929,2.972,2.924,2.962,2375722.0,701816640.0
2022-01-25 15:00:00,2.94,2.961,2.881,2.881,2869779.0,838924800.0
2022-01-26 15:00:00,2.893,2.914,2.86,2.906,2292045.0,663438528.0
2022-01-27 15:00:00,2.889,2.904,2.813,2.815,4025788.0,1146566912.0
2022-01-28 15:00:00,2.848,2.869,2.794,2.819,3053074.0,866769792.0
2022-02-07 15:00:00,2.87,2.891,2.815,2.83,2575697.0,734467136.0
2022-02-08 15:00:00,2.826,2.826,2.697,2.758,4540174.0,1245274496.0
2022-02-09 15:00:00,2.749,2.797,2.729,2.791,2759428.0,763262272.0
2022-02-10 15:00:00,2.794,2.8,2.711,2.74,3709243.0,1016153792.0
2022-02-11 15:00:00,2.715,2.725,2.655,2.66,4349599.0,1171177472.0
2022-02-14 15:00:00,2.648,2.687,2.626,2.646,3943463.0,1047249856.0
2022-02-15 15:00:00,2.653,2.728,2.653,2.726,4685596.0,1262875392.0
2022-02-16 15:00:00,2.733,2.75,2.718,2.725,3140857.0,859252096.0
2022-02-17 15:00:00,2.716,2.768,2.705,2.744,3360069.0,922856256.0
2022-02-18 15:00:00,2.727,2.74,2.713,2.739,2491155.0,679899456.0
2022-02-21 15:00:00,2.739,2.747,2.706,2.713,2448618.0,666516032.0
2022-02-22 15:00:00,2.689,2.692,2.656,2.678,3733093.0,996241152.0
2022-02-23 15:00:00,2.683,2.754,2.68,2.754,3632139.0,989582144.0
2022-02-24 15:00:00,2.721,2.759,2.662,2.693,4697380.0,1275508096.0
2022-02-25 15:00:00,2.732,2.79,2.732,2.763,4171521.0,1153131776.0
2022-02-28 15:00:00,2.763,2.787,2.741,2.786,2973351.0,822801664.0
2022-03-01 15:00:00,2.8,2.814,2.772,2.795,2971589.0,829887552.0
2022-03-02 15:00:00,2.777,2.777,2.721,2.741,3239069.0,887831872.0
2022-03-03 15:00:00,2.76,2.761,2.701,2.704,3557835.0,967361088.0
2022-03-04 15:00:00,2.681,2.71,2.652,2.662,4215687.0,1129164416.0
2022-03-07 15:00:00,2.641,2.642,2.535,2.543,6574311.0,1693028096.0
2022-03-08 15:00:00,2.54,2.568,2.486,2.507,8234742.0,2081933952.0
2022-03-09 15:00:00,2.515,2.526,2.388,2.483,10003297.0,2464941056.0
2022-03-10 15:00:00,2.552,2.578,2.525,2.547,9371422.0,2395099648.0
2022-03-11 15:00:00,2.502,2.585,2.484,2.583,5741454.0,1451675008.0
2022-03-14 15:00:00,2.547,2.564,2.489,2.49,5004129.0,1264484864.0
2022-03-15 15:00:00,2.455,2.54,2.421,2.421,7203710.0,1782042368.0
2022-03-16 15:00:00,2.46,2.557,2.4,2.552,11182561.0,2779605248.0
2022-03-17 15:00:00,2.595,2.674,2.59,2.624,9819180.0,2582585856.0
2022-03-18 15:00:00,2.61,2.642,2.582,2.635,4074621.0,1064215104.0
2022-03-21 15:00:00,2.639,2.666,2.614,2.636,4590040.0,1212819328.0
2022-03-22 15:00:00,2.623,2.626,2.589,2.602,3043426.0,792870784.0
2022-03-23 15:00:00,2.619,2.639,2.597,2.629,3441751.0,902277632.0
2022-03-24 15:00:00,2.605,2.638,2.571,2.62,4342960.0,1128841088.0
2022-03-25 15:00:00,2.612,2.627,2.559,2.565,5088553.0,1313441792.0
2022-03-28 15:00:00,2.54,2.545,2.494,2.512,5459154.0,1374741632.0
2022-03-29 15:00:00,2.517,2.548,2.499,2.511,4138832.0,1044201408.0
2022-03-30 15:00:00,2.527,2.61,2.524,2.61,5443448.0,1401462016.0
2022-03-31 15:00:00,2.595,2.6,2.563,2.574,3904354.0,1006760064.0
2022-04-01 15:00:00,2.55,2.599,2.548,2.58,4210102.0,1086474112.0
2022-04-06 15:00:00,2.566,2.577,2.533,2.55,3535042.0,900487040.0
2022-04-07 15:00:00,2.535,2.547,2.495,2.496,4428186.0,1112917376.0
2022-04-08 15:00:00,2.496,2.525,2.467,2.491,3466389.0,864112960.0
2022-04-11 15:00:00,2.46,2.465,2.378,2.386,6050103.0,1456176640.0
2022-04-12 15:00:00,2.386,2.442,2.381,2.44,4713928.0,1136473088.0
2022-04-13 15:00:00,2.418,2.433,2.391,2.394,4781737.0,1152801792.0
2022-04-14 15:00:00,2.42,2.43,2.365,2.389,7573057.0,1810300928.0
2022-04-15 15:00:00,2.36,2.406,2.339,2.385,5226941.0,1238914304.0
2022-04-18 15:00:00,2.361,2.413,2.335,2.412,5381764.0,1280920704.0
2022-04-19 15:00:00,2.398,2.43,2.368,2.377,4388862.0,1049972608.0
2022-04-20 15:00:00,2.376,2.376,2.284,2.288,8180802.0,1899263232.0
2022-04-21 15:00:00,2.27,2.304,2.227,2.24,6554452.0,1485233280.0
2022-04-22 15:00:00,2.221,2.252,2.207,2.225,5942086.0,1324393088.0
2022-04-25 15:00:00,2.177,2.192,2.103,2.103,10441595.0,2241221632.0
2022-04-26 15:00:00,2.103,2.15,2.083,2.086,10201517.0,2151858176.0
2022-04-27 15:00:00,2.066,2.2,2.057,2.2,13651752.0,2893831936.0
2022-04-28 15:00:00,2.172,2.194,2.138,2.158,7788323.0,1683688192.0
2022-04-29 15:00:00,2.166,2.25,2.152,2.244,8381799.0,1849314432.0
2022-05-05 15:00:00,2.2,2.244,2.174,2.212,7654924.0,1693006848.0
2022-05-06 15:00:00,2.16,2.203,2.148,2.177,7336270.0,1598495104.0
2022-05-09 15:00:00,2.165,2.194,2.145,2.162,3274220.0,709048128.0
2022-05-10 15:00:00,2.136,2.217,2.121,2.204,6378781.0,1394483072.0
2022-05-11 15:00:00,2.206,2.323,2.203,2.272,12844831.0,2927962880.0
2022-05-12 15:00:00,2.256,2.295,2.251,2.277,6115130.0,1390418816.0
2022-05-13 15:00:00,2.29,2.298,2.26,2.285,4332170.0,987480512.0
2022-05-16 15:00:00,2.295,2.319,2.256,2.257,4600004.0,1048772736.0
2022-05-17 15:00:00,2.256,2.297,2.249,2.293,3402680.0,775875456.0
2022-05-18 15:00:00,2.291,2.31,2.277,2.29,2977279.0,682924928.0
2022-05-19 15:00:00,2.255,2.306,2.255,2.306,3944608.0,900615488.0
2022-05-20 15:00:00,2.317,2.352,2.31,2.347,3843675.0,896931072.0
2022-05-23 15:00:00,2.347,2.348,2.313,2.332,3007046.0,700392448.0
2022-05-24 15:00:00,2.331,2.331,2.246,2.246,5710830.0,1301870336.0
2022-05-25 15:00:00,2.246,2.26,2.233,2.253,4450353.0,998804928.0
2022-05-26 15:00:00,2.254,2.271,2.212,2.249,4963802.0,1114149120.0
2022-05-27 15:00:00,2.268,2.304,2.238,2.251,4631267.0,1052158848.0
2022-05-30 15:00:00,2.262,2.289,2.252,2.276,3592693.0,816599744.0
2022-05-31 15:00:00,2.276,2.338,2.251,2.334,3969815.0,913288768.0
2022-06-01 15:00:00,2.333,2.366,2.321,2.354,4131102.0,970268928.0
2022-06-02 15:00:00,2.341,2.389,2.336,2.386,3273884.0,777180736.0
2022-06-06 15:00:00,2.38,2.483,2.379,2.477,4656797.0,1141794048.0
2022-06-07 15:00:00,2.474,2.498,2.457,2.478,3160635.0,782226816.0
2022-06-08 15:00:00,2.477,2.498,2.433,2.494,3920410.0,966851648.0
2022-06-09 15:00:00,2.477,2.487,2.419,2.423,3320643.0,813530304.0
2022-06-10 15:00:00,2.408,2.481,2.404,2.48,3144430.0,771162240.0
2022-06-13 15:00:00,2.458,2.488,2.448,2.469,2799829.0,690639936.0
2022-06-14 15:00:00,2.443,2.48,2.388,2.475,4204232.0,1020709248.0
2022-06-15 15:00:00,2.476,2.554,2.473,2.497,5041002.0,1265062272.0
2022-06-16 15:00:00,2.498,2.539,2.494,2.507,3656097.0,920034944.0
2022-06-17 15:00:00,2.482,2.588,2.482,2.584,4633465.0,1181373824.0
2022-06-20 15:00:00,2.59,2.661,2.588,2.626,4342663.0,1139676032.0
2022-06-21 15:00:00,2.626,2.643,2.586,2.615,3433377.0,896834432.0
2022-06-22 15:00:00,2.614,2.642,2.595,2.596,3377905.0,885373248.0
2022-06-23 15:00:00,2.601,2.68,2.594,2.68,3333110.0,879219392.0
2022-06-24 15:00:00,2.697,2.74,2.678,2.738,3443232.0,934975872.0
2022-06-27 15:00:00,2.751,2.78,2.735,2.741,3511707.0,967427264.0
2022-06-28 15:00:00,2.739,2.767,2.69,2.754,3019685.0,821994176.0
2022-06-29 15:00:00,2.734,2.76,2.68,2.683,4188196.0,1139624704.0
2022-06-30 15:00:00,2.689,2.751,2.689,2.73,3851202.0,1049192640.0
2022-07-01 15:00:00,2.728,2.738,2.687,2.699,3733177.0,1012247104.0
2022-07-04 15:00:00,2.682,2.75,2.663,2.75,4224542.0,1149825920.0
2022-07-05 15:00:00,2.758,2.784,2.701,2.739,3190755.0,872914368.0
2022-07-06 15:00:00,2.734,2.773,2.694,2.725,3553012.0,973782208.0
2022-07-07 15:00:00,2.721,2.77,2.709,2.769,2977018.0,817217280.0
2022-07-08 15:00:00,2.779,2.803,2.727,2.731,3410261.0,940906432.0
2022-07-11 15:00:00,2.729,2.729,2.661,2.69,3312053.0,889548992.0
2022-07-12 15:00:00,2.682,2.692,2.618,2.622,3666848.0,970727744.0
2022-07-13 15:00:00,2.628,2.681,2.595,2.665,4034359.0,1065751104.0
2022-07-14 15:00:00,2.653,2.758,2.649,2.735,4022018.0,1094292992.0
2022-07-15 15:00:00,2.729,2.755,2.68,2.68,3179269.0,865852928.0
2022-07-18 15:00:00,2.685,2.732,2.657,2.717,2959546.0,797786432.0
2022-07-19 15:00:00,2.715,2.715,2.658,2.67,3179314.0,853331904.0
2022-07-20 15:00:00,2.682,2.706,2.674,2.68,2115302.0,569203456.0
2022-07-21 15:00:00,2.674,2.712,2.66,2.67,2400850.0,645789376.0
2022-07-22 15:00:00,2.694,2.706,2.635,2.651,2731006.0,729309376.0
2022-07-25 15:00:00,2.647,2.657,2.615,2.629,2688916.0,707531008.0
2022-07-26 15:00:00,2.628,2.65,2.603,2.634,2964000.0,778613120.0
2022-07-27 15:00:00,2.629,2.65,2.616,2.637,2480508.0,652824576.0
2022-07-28 15:00:00,2.653,2.669,2.624,2.629,2803313.0,741482240.0
2022-07-29 15:00:00,2.633,2.639,2.588,2.594,3248333.0,847751104.0
2022-08-01 15:00:00,2.58,2.657,2.562,2.657,2966449.0,776182272.0
2022-08-02 15:00:00,2.627,2.637,2.575,2.605,3618874.0,943589440.0
2022-08-03 15:00:00,2.613,2.637,2.545,2.553,2941596.0,761912512.0
2022-08-04 15:00:00,2.56,2.578,2.536,2.565,2737218.0,700218496.0
2022-08-05 15:00:00,2.566,2.61,2.561,2.606,2975010.0,770493888.0
2022-08-08 15:00:00,2.588,2.602,2.571,2.596,2255928.0,584360768.0
2022-08-09 15:00:00,2.596,2.62,2.58,2.614,1817196.0,473721184.0
2022-08-10 15:00:00,2.606,2.614,2.57,2.579,2017433.0,522628832.0
2022-08-11 15:00:00,2.59,2.647,2.572,2.647,2920715.0,764684800.0
2022-08-12 15:00:00,2.633,2.639,2.611,2.613,2392294.0,626906496.0
2022-08-15 15:00:00,2.606,2.654,2.606,2.638,2141853.0,564950656.0
2022-08-16 15:00:00,2.639,2.679,2.638,2.652,2113154.0,562021376.0
2022-08-17 15:00:00,2.653,2.702,2.639,2.695,2512153.0,671659968.0
2022-08-18 15:00:00,2.687,2.713,2.682,2.693,1946038.0,525084896.0
2022-08-19 15:00:00,2.693,2.698,2.652,2.653,1925440.0,514616512.0
2022-08-22 15:00:00,2.65,2.701,2.634,2.699,2411756.0,645464000.0
2022-08-23 15:00:00,2.69,2.719,2.683,2.697,2043619.0,551734912.0
2022-08-24 15:00:00,2.714,2.721,2.597,2.6,3869851.0,1021893632.0
2022-08-25 15:00:00,2.604,2.615,2.558,2.59,2546453.0,657182656.0
2022-08-26 15:00:00,2.581,2.598,2.556,2.566,2272271.0,585540544.0
2022-08-29 15:00:00,2.541,2.564,2.525,2.553,2273973.0,579746560.0
2022-08-30 15:00:00,2.551,2.555,2.52,2.538,2213826.0,561430720.0
2022-08-31 15:00:00,2.525,2.537,2.474,2.491,3297222.0,825005568.0
2022-09-01 15:00:00,2.487,2.508,2.457,2.463,2949739.0,732782080.0
2022-09-02 15:00:00,2.466,2.48,2.443,2.461,3490205.0,858991296.0
2022-09-05 15:00:00,2.454,2.479,2.445,2.467,2996766.0,736895168.0
2022-09-06 15:00:00,2.466,2.47,2.42,2.468,4665268.0,1142575744.0
2022-09-07 15:00:00,2.45,2.509,2.443,2.493,3859395.0,959508480.0
2022-09-08 15:00:00,2.494,2.496,2.445,2.448,3447968.0,850822848.0
2022-09-09 15:00:00,2.453,2.477,2.449,2.476,2696310.0,664274304.0
2022-09-13 15:00:00,2.485,2.494,2.46,2.475,2035525.0,503964416.0
2022-09-14 15:00:00,2.445,2.454,2.415,2.431,2706494.0,659194880.0
2022-09-15 15:00:00,2.431,2.438,2.336,2.349,4556434.0,1083976832.0
2022-09-16 15:00:00,2.341,2.356,2.297,2.297,4833455.0,1122302464.0
2022-09-19 15:00:00,2.292,2.318,2.27,2.285,3991607.0,915197440.0
2022-09-20 15:00:00,2.295,2.327,2.285,2.297,3602172.0,830485824.0
2022-09-21 15:00:00,2.284,2.289,2.256,2.265,5211843.0,1181944192.0
2022-09-22 15:00:00,2.25,2.28,2.236,2.252,3672890.0,828818176.0
2022-09-23 15:00:00,2.245,2.268,2.209,2.239,5317416.0,1189493376.0
2022-09-26 15:00:00,2.226,2.288,2.22,2.253,5280030.0,1194645376.0
2022-09-27 15:00:00,2.258,2.306,2.258,2.306,4788444.0,1091035648.0
2022-09-28 15:00:00,2.294,2.3,2.248,2.249,4647199.0,1052922688.0
2022-09-29 15:00:00,2.269,2.288,2.251,2.267,4075693.0,925354880.0
2022-09-30 15:00:00,2.259,2.276,2.219,2.221,4371563.0,982234944.0
2022-10-10 15:00:00,2.219,2.232,2.166,2.166,4171627.0,915088768.0
2022-10-11 15:00:00,2.183,2.206,2.176,2.192,3940142.0,863598848.0
2022-10-12 15:00:00,2.191,2.275,2.169,2.274,7392729.0,1644065024.0
2022-10-13 15:00:00,2.255,2.305,2.252,2.282,5962608.0,1363147648.0
2022-10-14 15:00:00,2.315,2.38,2.297,2.365,6671159.0,1559025024.0
2022-10-17 15:00:00,2.349,2.375,2.333,2.362,3898715.0,918318784.0
2022-10-18 15:00:00,2.38,2.397,2.355,2.373,4509611.0,1071043968.0
2022-10-19 15:00:00,2.366,2.39,2.351,2.355,4024150.0,953362752.0
2022-10-20 15:00:00,2.34,2.375,2.296,2.337,6670187.0,1556557568.0
2022-10-21 15:00:00,2.337,2.342,2.31,2.321,4429153.0,1030042944.0
2022-10-24 15:00:00,2.323,2.348,2.253,2.266,7715408.0,1771918208.0
2022-10-25 15:00:00,2.252,2.279,2.214,2.241,6661030.0,1496709760.0
2022-10-26 15:00:00,2.251,2.329,2.251,2.302,6719578.0,1543143168.0
2022-10-27 15:00:00,2.319,2.32,2.265,2.265,5303540.0,1214527232.0
2022-10-28 15:00:00,2.247,2.259,2.179,2.187,7321985.0,1625576064.0
2022-10-31 15:00:00,2.166,2.231,2.164,2.202,6828842.0,1503479168.0
2022-11-01 15:00:00,2.208,2.275,2.186,2.275,7625569.0,1699347584.0
2022-11-02 15:00:00,2.261,2.325,2.256,2.305,7214615.0,1655586816.0
2022-11-03 15:00:00,2.283,2.316,2.283,2.309,6292292.0,1449665152.0
2022-11-04 15:00:00,2.307,2.394,2.304,2.383,6868598.0,1620339840.0
2022-11-07 15:00:00,2.372,2.4,2.36,2.379,5431515.0,1292475392.0
2022-11-08 15:00:00,2.379,2.386,2.341,2.363,4922189.0,1162296832.0
2022-11-09 15:00:00,2.356,2.362,2.326,2.326,5089810.0,1190843648.0
2022-11-10 15:00:00,2.313,2.321,2.276,2.288,7389732.0,1697717760.0
2022-11-11 15:00:00,2.4,2.4,2.33,2.33,10301881.0,2423406592.0
2022-11-14 15:00:00,2.333,2.345,2.296,2.302,5736871.0,1332197376.0
2022-11-15 15:00:00,2.297,2.362,2.287,2.361,6900639.0,1607887488.0
2022-11-16 15:00:00,2.359,2.372,2.327,2.33,5663526.0,1328656000.0
2022-11-17 15:00:00,2.322,2.322,2.281,2.316,6296816.0,1446037632.0
2022-11-18 15:00:00,2.317,2.348,2.312,2.315,7439799.0,1733414528.0
2022-11-21 15:00:00,2.298,2.32,2.291,2.319,3815405.0,879699264.0
2022-11-22 15:00:00,2.312,2.316,2.263,2.273,5982902.0,1368854784.0
2022-11-23 15:00:00,2.269,2.288,2.233,2.269,5826873.0,1317378816.0
2022-11-24 15:00:00,2.276,2.289,2.262,2.264,3179765.0,723242432.0
2022-11-25 15:00:00,2.261,2.261,2.238,2.242,3409459.0,766181312.0
2022-11-28 15:00:00,2.203,2.235,2.197,2.233,4870886.0,1077709952.0
2022-11-29 15:00:00,2.233,2.28,2.228,2.268,6475878.0,1462123776.0
2022-11-30 15:00:00,2.266,2.277,2.255,2.265,4449866.0,1007896832.0
2022-12-01 15:00:00,2.312,2.332,2.308,2.311,6205197.0,1439503744.0
2022-12-02 15:00:00,2.31,2.339,2.302,2.316,4384055.0,1018348416.0
2022-12-05 15:00:00,2.327,2.334,2.298,2.313,7615325.0,1758129152.0
2022-12-06 15:00:00,2.301,2.346,2.299,2.319,4939916.0,1147772416.0
2022-12-07 15:00:00,2.311,2.359,2.308,2.343,7450582.0,1744170496.0
2022-12-08 15:00:00,2.337,2.351,2.326,2.338,3043366.0,711782400.0
2022-12-09 15:00:00,2.337,2.353,2.323,2.348,3583371.0,837521088.0
2022-12-12 15:00:00,2.342,2.348,2.33,2.333,3881623.0,907490944.0
2022-12-13 15:00:00,2.334,2.336,2.303,2.305,3623504.0,838699648.0
2022-12-14 15:00:00,2.309,2.32,2.293,2.299,3335662.0,768091392.0
2022-12-15 15:00:00,2.299,2.33,2.295,2.326,4351062.0,1005896256.0
2022-12-16 15:00:00,2.312,2.319,2.291,2.298,3966390.0,913544768.0
2022-12-19 15:00:00,2.304,2.317,2.267,2.274,4476904.0,1025543872.0
2022-12-20 15:00:00,2.27,2.271,2.242,2.243,4084807.0,920756608.0
2022-12-21 15:00:00,2.244,2.253,2.225,2.24,3390578.0,759300928.0
2022-12-22 15:00:00,2.249,2.259,2.221,2.235,4067702.0,911848128.0
2022-12-23 15:00:00,2.216,2.236,2.207,2.222,4362469.0,969067968.0
2022-12-26 15:00:00,2.224,2.265,2.222,2.262,5714694.0,1287210368.0
2022-12-27 15:00:00,2.268,2.295,2.256,2.293,5650560.0,1286940288.0
2022-12-28 15:00:00,2.278,2.281,2.257,2.267,4269173.0,968584384.0
2022-12-29 15:00:00,2.255,2.295,2.252,2.277,4390878.0,1001296960.0
2022-12-30 15:00:00,2.287,2.298,2.278,2.279,3802276.0,869409600.0
2023-01-03 15:00:00,2.267,2.293,2.246,2.289,4154350.0,943665728.0
2023-01-04 15:00:00,2.28,2.283,2.255,2.267,3642832.0,827058624.0
2023-01-05 15:00:00,2.276,2.334,2.274,2.33,6603989.0,1524537088.0
2023-01-06 15:00:00,2.321,2.368,2.315,2.35,4965654.0,1164821504.0
2023-01-09 15:00:00,2.361,2.382,2.356,2.365,3195072.0,756781824.0
2023-01-10 15:00:00,2.365,2.406,2.36,2.401,3763983.0,898088960.0
2023-01-11 15:00:00,2.401,2.409,2.369,2.374,2923227.0,698040640.0
2023-01-12 15:00:00,2.383,2.404,2.375,2.382,3475973.0,829707712.0
2023-01-13 15:00:00,2.397,2.417,2.388,2.417,3792201.0,909951488.0
2023-01-16 15:00:00,2.421,2.492,2.417,2.462,5158873.0,1269926144.0
2023-01-17 15:00:00,2.465,2.483,2.46,2.47,2462065.0,608463040.0
2023-01-18 15:00:00,2.479,2.482,2.457,2.468,2641093.0,652164928.0
2023-01-19 15:00:00,2.465,2.498,2.454,2.496,3016618.0,748630144.0
2023-01-20 15:00:00,2.505,2.518,2.495,2.507,4008460.0,1004660352.0
2023-01-30 15:00:00,2.577,2.579,2.532,2.533,5683977.0,1450511360.0
2023-01-31 15:00:00,2.533,2.543,2.497,2.507,3745047.0,943675136.0
2023-02-01 15:00:00,2.516,2.538,2.495,2.537,4638571.0,1167804032.0
2023-02-02 15:00:00,2.544,2.554,2.519,2.524,3119553.0,791120832.0
2023-02-03 15:00:00,2.515,2.527,2.475,2.5,4632210.0,1158328320.0
2023-02-06 15:00:00,2.486,2.486,2.449,2.468,4240242.0,1045613952.0
2023-02-07 15:00:00,2.474,2.482,2.445,2.461,3967825.0,976604416.0
2023-02-08 15:00:00,2.466,2.475,2.445,2.447,3929468.0,966329472.0
2023-02-09 15:00:00,2.444,2.496,2.44,2.493,4730293.0,1172120576.0
2023-02-10 15:00:00,2.493,2.494,2.455,2.465,4264098.0,1054102720.0
2023-02-13 15:00:00,2.463,2.502,2.463,2.495,4003011.0,995868224.0
2023-02-14 15:00:00,2.502,2.508,2.475,2.49,2709498.0,673563648.0
2023-02-15 15:00:00,2.488,2.498,2.466,2.468,2759203.0,682666624.0
2023-02-16 15:00:00,2.473,2.491,2.422,2.436,4404394.0,1083733120.0
2023-02-17 15:00:00,2.433,2.439,2.375,2.378,5949467.0,1429280256.0
2023-02-20 15:00:00,2.372,2.409,2.353,2.403,5333659.0,1269505024.0
2023-02-21 15:00:00,2.401,2.407,2.378,2.395,3780998.0,905100096.0
2023-02-22 15:00:00,2.385,2.399,2.372,2.377,3420616.0,815119168.0
2023-02-23 15:00:00,2.379,2.398,2.374,2.385,3849256.0,918342976.0
2023-02-24 15:00:00,2.388,2.39,2.354,2.357,4935287.0,1167374592.0
2023-02-27 15:00:00,2.347,2.362,2.333,2.34,5052813.0,1183931520.0
2023-02-28 15:00:00,2.35,2.362,2.334,2.359,4766879.0,1120630144.0
2023-03-01 15:00:00,2.358,2.378,2.344,2.372,6412398.0,1515000192.0
2023-03-02 15:00:00,2.368,2.371,2.341,2.347,5046453.0,1187932672.0
2023-03-03 15:00:00,2.353,2.362,2.332,2.352,5632116.0,1323371008.0
2023-03-06 15:00:00,2.356,2.365,2.32,2.361,7738048.0,1815382144.0
2023-03-07 15:00:00,2.354,2.359,2.311,2.312,8956964.0,2091310464.0
2023-03-08 15:00:00,2.303,2.319,2.296,2.308,7611736.0,1754539008.0
2023-03-09 15:00:00,2.309,2.316,2.296,2.303,6948051.0,1602665728.0
2023-03-10 15:00:00,2.295,2.318,2.284,2.3,9929629.0,2284813312.0
2023-03-13 15:00:00,2.295,2.306,2.276,2.287,10195900.0,2333097216.0
2023-03-14 15:00:00,2.285,2.287,2.238,2.276,11674301.0,2646251520.0
2023-03-15 15:00:00,2.285,2.303,2.266,2.268,10187441.0,2327203840.0
2023-03-16 15:00:00,2.257,2.265,2.23,2.233,12835766.0,2884549888.0
2023-03-17 15:00:00,2.248,2.252,2.221,2.228,16480315.0,3685846784.0
2023-03-20 15:00:00,2.229,2.25,2.213,2.226,15921009.0,3546732544.0
2023-03-21 15:00:00,2.233,2.266,2.232,2.265,16259210.0,3658666496.0
2023-03-22 15:00:00,2.27,2.286,2.26,2.27,14370671.0,3267475456.0
2023-03-23 15:00:00,2.262,2.288,2.259,2.288,8626970.0,1965791360.0
2023-03-24 15:00:00,2.292,2.3,2.282,2.297,8485594.0,1946226688.0
2023-03-27 15:00:00,2.293,2.325,2.29,2.323,12049124.0,2786917120.0
2023-03-28 15:00:00,2.322,2.322,2.293,2.298,6173109.0,1422968320.0
2023-03-29 15:00:00,2.3,2.309,2.294,2.297,5585027.0,1286214656.0
2023-03-30 15:00:00,2.3,2.313,2.29,2.313,5651995.0,1301419776.0
2023-03-31 15:00:00,2.321,2.328,2.314,2.327,6808435.0,1580918272.0
2023-04-03 15:00:00,2.327,2.37,2.327,2.366,11096154.0,2608463104.0
2023-04-04 15:00:00,2.366,2.367,2.336,2.35,7764313.0,1822002560.0
2023-04-06 15:00:00,2.334,2.355,2.331,2.354,5487069.0,1285376384.0
2023-04-07 15:00:00,2.351,2.38,2.347,2.369,5684291.0,1346645888.0
2023-04-10 15:00:00,2.379,2.385,2.358,2.368,8264410.0,1960483456.0
2023-04-11 15:00:00,2.367,2.386,2.351,2.362,5058054.0,1197323520.0
2023-04-12 15:00:00,2.364,2.364,2.342,2.353,5356209.0,1259523968.0
2023-04-13 15:00:00,2.345,2.352,2.332,2.332,4415316.0,1033292672.0
2023-04-14 15:00:00,2.342,2.356,2.336,2.355,5338871.0,1254207872.0
2023-04-17 15:00:00,2.354,2.366,2.348,2.364,4229752.0,997150272.0
2023-04-18 15:00:00,2.362,2.372,2.35,2.354,4686560.0,1105884288.0
2023-04-19 15:00:00,2.356,2.356,2.338,2.339,3090912.0,724993728.0
2023-04-20 15:00:00,2.337,2.338,2.304,2.314,5434873.0,1259885440.0
2023-04-21 15:00:00,2.318,2.326,2.268,2.269,6917726.0,1587990016.0
2023-04-24 15:00:00,2.267,2.269,2.22,2.234,7294237.0,1633647616.0
2023-04-25 15:00:00,2.236,2.241,2.178,2.193,13608452.0,2993352704.0
2023-04-26 15:00:00,2.187,2.238,2.184,2.226,11083037.0,2461077760.0
2023-04-27 15:00:00,2.219,2.247,2.215,2.24,4590208.0,1025641024.0
2023-04-28 15:00:00,2.247,2.26,2.236,2.255,4133145.0,929424448.0
2023-05-04 15:00:00,2.253,2.253,2.224,2.23,3845669.0,858954752.0
2023-05-05 15:00:00,2.228,2.23,2.194,2.202,5257951.0,1161401088.0
2023-05-08 15:00:00,2.21,2.214,2.188,2.213,7761581.0,1709956992.0
2023-05-09 15:00:00,2.209,2.211,2.179,2.18,8089629.0,1776822656.0
2023-05-10 15:00:00,2.176,2.21,2.166,2.199,11774381.0,2574160640.0
2023-05-11 15:00:00,2.201,2.229,2.2,2.211,8314269.0,1841293824.0
2023-05-12 15:00:00,2.211,2.22,2.185,2.185,5986893.0,1317692928.0
2023-05-15 15:00:00,2.192,2.235,2.19,2.234,6916403.0,1532618112.0
2023-05-16 15:00:00,2.242,2.244,2.222,2.228,6250010.0,1395160832.0
2023-05-17 15:00:00,2.23,2.236,2.217,2.229,6221352.0,1384597376.0
2023-05-18 15:00:00,2.233,2.237,2.198,2.215,7670418.0,1699666432.0
2023-05-19 15:00:00,2.212,2.229,2.206,2.215,4472283.0,991730752.0
2023-05-22 15:00:00,2.216,2.227,2.201,2.214,5172903.0,1144617728.0
2023-05-23 15:00:00,2.216,2.218,2.186,2.187,6933644.0,1527019904.0
2023-05-24 15:00:00,2.181,2.204,2.175,2.183,7395046.0,1618149760.0
2023-05-25 15:00:00,2.179,2.194,2.166,2.184,8126967.0,1770841600.0
2023-05-26 15:00:00,2.183,2.183,2.153,2.167,9181841.0,1990154112.0
2023-05-29 15:00:00,2.171,2.177,2.136,2.143,7125225.0,1531858688.0
2023-05-30 15:00:00,2.139,2.157,2.12,2.155,7249693.0,1552001536.0
2023-05-31 15:00:00,2.149,2.153,2.125,2.131,8498795.0,1815634560.0
2023-06-01 15:00:00,2.133,2.163,2.127,2.148,8826449.0,1899353728.0
2023-06-02 15:00:00,2.156,2.179,2.152,2.175,7879769.0,1708637696.0
2023-06-05 15:00:00,2.173,2.173,2.138,2.143,8672138.0,1861880064.0
2023-06-06 15:00:00,2.14,2.141,2.102,2.106,9012032.0,1912088192.0
2023-06-07 15:00:00,2.105,2.106,2.069,2.075,9359429.0,1949153024.0
2023-06-08 15:00:00,2.075,2.083,2.064,2.071,9368152.0,1941993600.0
2023-06-09 15:00:00,2.073,2.086,2.064,2.086,8745660.0,1814523648.0
2023-06-12 15:00:00,2.08,2.106,2.076,2.095,7595908.0,1588662784.0
2023-06-13 15:00:00,2.093,2.113,2.09,2.111,7058034.0,1485189120.0
2023-06-14 15:00:00,2.115,2.121,2.106,2.106,6824060.0,1441646720.0
2023-06-15 15:00:00,2.114,2.18,2.114,2.179,18945140.0,4072250880.0
2023-06-16 15:00:00,2.185,2.215,2.178,2.208,10714323.0,2354504704.0
2023-06-19 15:00:00,2.211,2.219,2.201,2.207,7367843.0,1627002624.0
2023-06-20 15:00:00,2.203,2.22,2.199,2.21,5795830.0,1280742144.0
2023-06-21 15:00:00,2.206,2.208,2.155,2.156,7175165.0,1563223808.0
2023-06-26 15:00:00,2.14,2.158,2.118,2.133,6925302.0,1478758272.0
2023-06-27 15:00:00,2.133,2.151,2.124,2.138,5959136.0,1273123200.0
2023-06-28 15:00:00,2.134,2.135,2.107,2.126,6467057.0,1373018880.0
2023-06-29 15:00:00,2.121,2.139,2.121,2.129,3774614.0,804433088.0
2023-06-30 15:00:00,2.126,2.174,2.118,2.164,10091436.0,2177900544.0
2023-07-03 15:00:00,2.168,2.185,2.16,2.171,5582985.0,1213190912.0
2023-07-04 15:00:00,2.169,2.178,2.161,2.174,4306543.0,934176256.0
2023-07-05 15:00:00,2.176,2.182,2.152,2.156,3978490.0,861355840.0
2023-07-06 15:00:00,2.15,2.163,2.133,2.137,5978724.0,1281170688.0
2023-07-07 15:00:00,2.13,2.132,2.116,2.118,4742779.0,1006764672.0
2023-07-10 15:00:00,2.127,2.158,2.126,2.145,5823234.0,1248499072.0
2023-07-11 15:00:00,2.147,2.162,2.138,2.161,3706789.0,797744832.0
2023-07-12 15:00:00,2.162,2.163,2.138,2.139,4353128.0,935868544.0
2023-07-13 15:00:00,2.151,2.182,2.151,2.182,6341780.0,1378630656.0
2023-07-14 15:00:00,2.184,2.187,2.167,2.169,5191817.0,1128574336.0
2023-07-17 15:00:00,2.163,2.164,2.142,2.152,3642698.0,783461376.0
2023-07-18 15:00:00,2.155,2.159,2.143,2.147,4462888.0,958560192.0
2023-07-19 15:00:00,2.145,2.148,2.117,2.125,6795781.0,1445979264.0
2023-07-20 15:00:00,2.129,2.145,2.098,2.103,8536235.0,1811813248.0
2023-07-21 15:00:00,2.1,2.123,2.097,2.11,5375403.0,1134454144.0
2023-07-24 15:00:00,2.1,2.114,2.088,2.09,6242249.0,1308892800.0
2023-07-25 15:00:00,2.123,2.14,2.113,2.136,9349574.0,1988807296.0
2023-07-26 15:00:00,2.13,2.138,2.125,2.135,6837817.0,1458159744.0
2023-07-27 15:00:00,2.14,2.15,2.125,2.129,4941274.0,1056226112.0
2023-07-28 15:00:00,2.12,2.169,2.117,2.163,9366865.0,2013407744.0
2023-07-31 15:00:00,2.172,2.199,2.172,2.182,6609653.0,1445212416.0
2023-08-01 15:00:00,2.18,2.192,2.161,2.168,4864460.0,1058105280.0
2023-08-02 15:00:00,2.166,2.177,2.158,2.164,4060986.0,879593792.0
2023-08-03 15:00:00,2.158,2.187,2.158,2.187,4455753.0,969635008.0
2023-08-04 15:00:00,2.21,2.225,2.19,2.204,8867475.0,1959096576.0
2023-08-07 15:00:00,2.198,2.201,2.179,2.185,5951739.0,1301999232.0
2023-08-08 15:00:00,2.183,2.19,2.171,2.177,5264217.0,1147757824.0
2023-08-09 15:00:00,2.17,2.185,2.169,2.174,4116311.0,895238656.0
2023-08-10 15:00:00,2.173,2.186,2.165,2.184,4737376.0,1031790336.0
2023-08-11 15:00:00,2.187,2.187,2.129,2.129,7023687.0,1512087552.0
2023-08-14 15:00:00,2.112,2.115,2.087,2.113,7658517.0,1610654464.0
2023-08-15 15:00:00,2.112,2.116,2.078,2.096,6416059.0,1342676096.0
2023-08-16 15:00:00,2.085,2.102,2.08,2.082,4670580.0,976619968.0
2023-08-17 15:00:00,2.078,2.099,2.061,2.094,7563131.0,1574016256.0
2023-08-18 15:00:00,2.09,2.101,2.064,2.065,6226475.0,1297043840.0
2023-08-21 15:00:00,2.061,2.061,2.033,2.035,6871950.0,1407292416.0
2023-08-22 15:00:00,2.043,2.05,1.998,2.038,11460186.0,2319842304.0
2023-08-23 15:00:00,2.023,2.028,1.984,1.987,9056675.0,1816410112.0
2023-08-24 15:00:00,1.995,2.031,1.99,2.014,9914098.0,1994099456.0
2023-08-25 15:00:00,2.0,2.007,1.982,1.991,6827771.0,1362246912.0
2023-08-28 15:00:00,2.136,2.136,2.003,2.01,13123418.0,2700032768.0
2023-08-29 15:00:00,2.002,2.08,2.0,2.067,10960279.0,2248179712.0
2023-08-30 15:00:00,2.064,2.088,2.057,2.066,6586467.0,1364718720.0
2023-08-31 15:00:00,2.062,2.064,2.048,2.052,4098959.0,842366272.0
2023-09-01 15:00:00,2.058,2.068,2.04,2.049,3885205.0,797102976.0
2023-09-04 15:00:00,2.058,2.069,2.038,2.067,6799680.0,1398673152.0
2023-09-05 15:00:00,2.06,2.069,2.055,2.057,4350852.0,896796288.0
2023-09-06 15:00:00,2.05,2.053,2.037,2.049,4481242.0,916192384.0
2023-09-07 15:00:00,2.043,2.043,2.003,2.003,6253926.0,1262214400.0
2023-09-08 15:00:00,2.0,2.005,1.987,1.998,4690669.0,936024576.0
2023-09-11 15:00:00,2.0,2.025,1.99,2.011,5840379.0,1172438784.0
2023-09-12 15:00:00,2.007,2.012,1.997,1.998,4265938.0,854262976.0
2023-09-13 15:00:00,1.995,2.002,1.964,1.974,7345141.0,1453391104.0
2023-09-14 15:00:00,1.969,1.974,1.952,1.96,7055404.0,1383425920.0
2023-09-15 15:00:00,1.962,1.972,1.946,1.954,8965208.0,1753078144.0
2023-09-18 15:00:00,1.951,1.982,1.946,1.968,7729081.0,1521163648.0
2023-09-19 15:00:00,1.966,1.967,1.945,1.952,6882452.0,1343148160.0
2023-09-20 15:00:00,1.947,1.952,1.935,1.936,5492623.0,1066751872.0
2023-09-21 15:00:00,1.93,1.94,1.917,1.917,5594249.0,1077187968.0
2023-09-22 15:00:00,1.913,1.964,1.911,1.964,9745011.0,1892135680.0
2023-09-25 15:00:00,1.955,1.963,1.949,1.953,4760782.0,930583680.0
2023-09-26 15:00:00,1.951,1.958,1.938,1.938,4548459.0,884715840.0
2023-09-27 15:00:00,1.935,1.977,1.935,1.956,7918953.0,1549533312.0
2023-09-28 15:00:00,1.958,1.968,1.945,1.953,4960486.0,969167488.0
2023-10-09 15:00:00,1.95,1.956,1.928,1.947,5801127.0,1125998592.0
2023-10-10 15:00:00,1.954,1.962,1.936,1.938,4585177.0,893269376.0
2023-10-11 15:00:00,1.945,1.969,1.945,1.954,5787960.0,1132965376.0
2023-10-12 15:00:00,1.969,1.971,1.951,1.968,5099397.0,1001556864.0
2023-10-13 15:00:00,1.954,1.956,1.936,1.945,5708362.0,1110367104.0
2023-10-16 15:00:00,1.945,1.947,1.9,1.906,7719278.0,1479735168.0
2023-10-17 15:00:00,1.91,1.919,1.9,1.912,4152577.0,793332544.0
2023-10-18 15:00:00,1.906,1.906,1.885,1.887,5781098.0,1093760512.0
2023-10-19 15:00:00,1.878,1.887,1.864,1.867,7172697.0,1345516416.0
2023-10-20 15:00:00,1.86,1.874,1.845,1.85,7344155.0,1363194240.0
2023-10-23 15:00:00,1.845,1.845,1.806,1.815,9515482.0,1734577408.0
2023-10-24 15:00:00,1.818,1.842,1.812,1.832,8474434.0,1548311424.0
2023-10-25 15:00:00,1.844,1.848,1.814,1.815,9044607.0,1655296768.0
2023-10-26 15:00:00,1.802,1.83,1.793,1.829,8462440.0,1530249472.0
2023-10-27 15:00:00,1.82,1.888,1.816,1.881,13235087.0,2456974592.0
2023-10-30 15:00:00,1.874,1.933,1.874,1.926,14828831.0,2835314944.0
2023-10-31 15:00:00,1.92,1.923,1.907,1.916,4614183.0,883490880.0
2023-11-01 15:00:00,1.921,1.923,1.899,1.908,4354752.0,831878528.0
2023-11-02 15:00:00,1.912,1.922,1.889,1.89,4815026.0,916837568.0
2023-11-03 15:00:00,1.894,1.925,1.894,1.918,6255220.0,1196348032.0
2023-11-06 15:00:00,1.93,1.982,1.93,1.981,10733075.0,2108232192.0
2023-11-07 15:00:00,1.974,1.98,1.96,1.967,6945657.0,1367621120.0
2023-11-08 15:00:00,1.964,1.983,1.957,1.971,6967776.0,1374036864.0
2023-11-09 15:00:00,1.968,1.983,1.961,1.967,5760086.0,1134900096.0
2023-11-10 15:00:00,1.958,1.96,1.948,1.955,5055579.0,987856576.0
2023-11-13 15:00:00,1.965,1.97,1.945,1.958,5083840.0,994006016.0
2023-11-14 15:00:00,1.957,1.973,1.943,1.953,5992595.0,1173304832.0
2023-11-15 15:00:00,1.98,1.983,1.956,1.963,6513421.0,1282823040.0
2023-11-16 15:00:00,1.961,1.962,1.925,1.925,7428397.0,1439596800.0
2023-11-17 15:00:00,1.92,1.935,1.918,1.934,3698542.0,713018368.0
2023-11-20 15:00:00,1.934,1.947,1.918,1.942,6020103.0,1162760064.0
2023-11-21 15:00:00,1.949,1.962,1.928,1.931,7599572.0,1477950336.0
2023-11-22 15:00:00,1.923,1.93,1.899,1.899,7736300.0,1478989696.0
2023-11-23 15:00:00,1.898,1.912,1.891,1.911,5082926.0,966151360.0
2023-11-24 15:00:00,1.908,1.91,1.885,1.888,5475883.0,1036666688.0
2023-11-27 15:00:00,1.883,1.886,1.868,1.878,4792836.0,898970240.0
2023-11-28 15:00:00,1.874,1.89,1.87,1.89,4044167.0,760640128.0
2023-11-29 15:00:00,1.886,1.888,1.867,1.867,4509925.0,846641856.0
2023-11-30 15:00:00,1.869,1.884,1.863,1.874,4464594.0,836239296.0
2023-12-01 15:00:00,1.873,1.887,1.856,1.881,6312007.0,1181661312.0
2023-12-04 15:00:00,1.878,1.88,1.858,1.858,6568211.0,1226999424.0
2023-12-05 15:00:00,1.854,1.857,1.822,1.823,7334469.0,1349960064.0
2023-12-06 15:00:00,1.818,1.85,1.816,1.834,5351235.0,983248320.0
2023-12-07 15:00:00,1.828,1.841,1.817,1.829,5021060.0,917245056.0
2023-12-08 15:00:00,1.831,1.848,1.823,1.843,4918462.0,903724800.0
2023-12-11 15:00:00,1.836,1.872,1.819,1.868,9670301.0,1784432000.0
2023-12-12 15:00:00,1.861,1.865,1.851,1.856,6573033.0,1220686848.0
2023-12-13 15:00:00,1.85,1.85,1.822,1.822,6941014.0,1272670976.0
2023-12-14 15:00:00,1.833,1.846,1.812,1.812,5317268.0,971479872.0
2023-12-15 15:00:00,1.82,1.83,1.795,1.802,7355922.0,1331806848.0
2023-12-18 15:00:00,1.792,1.799,1.767,1.773,6636733.0,1182987136.0
2023-12-19 15:00:00,1.771,1.791,1.767,1.781,6635994.0,1178902784.0
2023-12-20 15:00:00,1.783,1.787,1.755,1.755,7435957.0,1314787712.0
2023-12-21 15:00:00,1.749,1.794,1.747,1.787,9659934.0,1712190848.0
2023-12-22 15:00:00,1.779,1.801,1.766,1.78,8841372.0,1576158464.0
2023-12-25 15:00:00,1.777,1.791,1.772,1.783,5703304.0,1015507712.0
2023-12-26 15:00:00,1.78,1.781,1.753,1.761,8185801.0,1442271744.0
2023-12-27 15:00:00,1.762,1.771,1.75,1.763,6536878.0,1150699776.0
2023-12-28 15:00:00,1.761,1.84,1.757,1.833,15884492.0,2875816704.0
2023-12-29 15:00:00,1.828,1.848,1.827,1.842,7493274.0,1378547200.0
2024-01-02 15:00:00,1.842,1.842,1.806,1.806,7089133.0,1289636736.0
2024-01-03 15:00:00,1.802,1.809,1.778,1.787,7887161.0,1412240512.0
2024-01-04 15:00:00,1.783,1.786,1.748,1.754,10753851.0,1892807424.0
2024-01-05 15:00:00,1.751,1.768,1.72,1.728,11806030.0,2058616832.0
2024-01-08 15:00:00,1.724,1.734,1.698,1.699,12421989.0,2127475840.0
2024-01-09 15:00:00,1.702,1.729,1.691,1.706,12561517.0,2143990400.0
2024-01-10 15:00:00,1.696,1.726,1.681,1.698,11066784.0,1886530688.0
2024-01-11 15:00:00,1.694,1.744,1.694,1.732,13703936.0,2359728384.0
2024-01-12 15:00:00,1.722,1.739,1.713,1.714,10125457.0,1746324864.0
2024-01-15 15:00:00,1.702,1.72,1.692,1.698,8517910.0,1451523456.0
2024-01-16 15:00:00,1.692,1.709,1.679,1.708,12847604.0,2176231936.0
2024-01-17 15:00:00,1.7,1.7,1.653,1.656,12653379.0,2123585792.0
2024-01-18 15:00:00,1.643,1.69,1.635,1.683,16880886.0,2794540288.0
2024-01-19 15:00:00,1.675,1.697,1.669,1.669,14864531.0,2498436864.0
2024-01-22 15:00:00,1.663,1.67,1.612,1.623,13022844.0,2144565760.0
2024-01-23 15:00:00,1.62,1.656,1.612,1.642,14088142.0,2311645696.0
2024-01-24 15:00:00,1.65,1.657,1.599,1.65,15021492.0,2449723392.0
2024-01-25 15:00:00,1.641,1.676,1.628,1.675,17851988.0,2958236160.0
2024-01-26 15:00:00,1.665,1.67,1.633,1.637,13965335.0,2307114752.0
2024-01-29 15:00:00,1.638,1.643,1.58,1.58,16865286.0,2705441024.0
2024-01-30 15:00:00,1.57,1.589,1.541,1.544,15955558.0,2493371648.0
2024-01-31 15:00:00,1.544,1.56,1.53,1.533,18661332.0,2884546048.0
2024-02-01 15:00:00,1.527,1.574,1.522,1.548,19813258.0,3070980352.0
2024-02-02 15:00:00,1.546,1.554,1.471,1.508,25536276.0,3868328704.0
2024-02-05 15:00:00,1.491,1.56,1.444,1.527,62847944.0,9548911616.0
2024-02-06 15:00:00,1.508,1.624,1.502,1.623,36880752.0,5835093504.0
2024-02-07 15:00:00,1.622,1.666,1.614,1.66,43618908.0,7203702784.0
2024-02-08 15:00:00,1.67,1.718,1.669,1.681,25603676.0,4328895488.0
2024-02-19 15:00:00,1.704,1.707,1.675,1.697,22819200.0,3851174656.0
2024-02-20 15:00:00,1.688,1.701,1.676,1.696,13329437.0,2253230336.0
2024-02-21 15:00:00,1.681,1.736,1.676,1.703,12371675.0,2116292352.0
2024-02-22 15:00:00,1.7,1.714,1.694,1.71,9607940.0,1636373888.0
2024-02-23 15:00:00,1.717,1.719,1.695,1.709,8398755.0,1432116096.0
2024-02-26 15:00:00,1.706,1.72,1.69,1.704,12311415.0,2098414336.0
2024-02-27 15:00:00,1.696,1.746,1.694,1.746,12148527.0,2089515136.0
2024-02-28 15:00:00,1.749,1.78,1.701,1.701,18649876.0,3255806464.0
2024-02-29 15:00:00,1.696,1.762,1.693,1.761,14247781.0,2471440640.0
2024-03-01 15:00:00,1.757,1.781,1.746,1.775,12881947.0,2273286656.0
2024-03-04 15:00:00,1.773,1.796,1.767,1.783,9626856.0,1715526784.0
2024-03-05 15:00:00,1.771,1.794,1.765,1.78,34464320.0,6145635840.0
2024-03-06 15:00:00,1.773,1.805,1.761,1.782,15007242.0,2665126144.0
2024-03-07 15:00:00,1.779,1.788,1.74,1.742,12194753.0,2142139648.0
2024-03-08 15:00:00,1.745,1.763,1.73,1.756,8227489.0,1438428544.0
2024-03-11 15:00:00,1.76,1.84,1.76,1.84,20127244.0,3627820288.0
2024-03-12 15:00:00,1.845,1.863,1.832,1.851,11138939.0,2058508928.0
2024-03-13 15:00:00,1.854,1.859,1.838,1.841,8936893.0,1650375296.0
2024-03-14 15:00:00,1.841,1.86,1.818,1.832,8278951.0,1520527744.0
2024-03-15 15:00:00,1.825,1.836,1.796,1.833,10764748.0,1953112064.0
2024-03-18 15:00:00,1.85,1.875,1.848,1.875,14211896.0,2643710976.0
2024-03-19 15:00:00,1.87,1.873,1.852,1.853,7903054.0,1474010240.0
2024-03-20 15:00:00,1.848,1.862,1.844,1.856,6171236.0,1143969152.0
2024-03-21 15:00:00,1.86,1.868,1.844,1.846,7108849.0,1316880000.0
2024-03-22 15:00:00,1.843,1.844,1.808,1.817,10667121.0,1943555200.0
2024-03-25 15:00:00,1.809,1.819,1.781,1.781,11583246.0,2087959040.0
2024-03-26 15:00:00,1.782,1.805,1.777,1.792,10141589.0,1815893632.0
2024-03-27 15:00:00,1.787,1.788,1.741,1.742,7599031.0,1339840512.0
2024-03-28 15:00:00,1.74,1.778,1.738,1.758,7390774.0,1300045056.0
2024-03-29 15:00:00,1.756,1.773,1.75,1.768,5988697.0,1055046912.0
2024-04-01 15:00:00,1.78,1.822,1.78,1.822,8830135.0,1596048896.0
2024-04-02 15:00:00,1.822,1.822,1.801,1.808,6401949.0,1158298112.0
2024-04-03 15:00:00,1.804,1.804,1.789,1.79,4609270.0,827315072.0
2024-04-08 15:00:00,1.785,1.789,1.756,1.758,5396913.0,955289216.0
2024-04-09 15:00:00,1.759,1.778,1.752,1.777,4864696.0,859278592.0
2024-04-10 15:00:00,1.774,1.774,1.731,1.739,9000053.0,1569964672.0
2024-04-11 15:00:00,1.725,1.752,1.725,1.731,7246190.0,1258500480.0
2024-04-12 15:00:00,1.73,1.74,1.711,1.713,7251323.0,1249364608.0
2024-04-15 15:00:00,1.712,1.757,1.712,1.746,11357926.0,1979130240.0
2024-04-16 15:00:00,1.74,1.742,1.709,1.713,7561462.0,1303733248.0
2024-04-17 15:00:00,1.718,1.748,1.718,1.747,6311060.0,1094935936.0
2024-04-18 15:00:00,1.739,1.759,1.717,1.738,7231806.0,1258117120.0
2024-04-19 15:00:00,1.725,1.728,1.692,1.705,8437475.0,1441227392.0
2024-04-22 15:00:00,1.695,1.718,1.687,1.703,5119593.0,872464896.0
2024-04-23 15:00:00,1.708,1.716,1.693,1.705,4772879.0,813383040.0
2024-04-24 15:00:00,1.709,1.72,1.696,1.719,5444651.0,930652224.0
2024-04-25 15:00:00,1.71,1.73,1.7,1.716,5916390.0,1015097856.0
2024-04-26 15:00:00,1.717,1.777,1.717,1.774,10455629.0,1835092480.0
2024-04-29 15:00:00,1.78,1.854,1.78,1.837,12330808.0,2249887488.0
2024-04-30 15:00:00,1.837,1.837,1.816,1.816,7158340.0,1307150464.0
2024-05-06 15:00:00,1.852,1.863,1.846,1.853,8690890.0,1611906560.0
2024-05-07 15:00:00,1.851,1.857,1.844,1.85,5551162.0,1027079872.0
2024-05-08 15:00:00,1.847,1.847,1.82,1.821,5926798.0,1083975296.0
2024-05-09 15:00:00,1.828,1.86,1.828,1.856,7593648.0,1404404864.0
2024-05-10 15:00:00,1.858,1.859,1.829,1.84,6345733.0,1166185216.0
2024-05-13 15:00:00,1.819,1.835,1.808,1.817,5506427.0,1003161984.0
2024-05-14 15:00:00,1.821,1.831,1.809,1.813,5137244.0,933390400.0
2024-05-15 15:00:00,1.814,1.823,1.795,1.797,6397223.0,1155215872.0
2024-05-16 15:00:00,1.806,1.819,1.794,1.801,6594688.0,1191189888.0
2024-05-17 15:00:00,1.795,1.825,1.791,1.824,7089806.0,1282770688.0
2024-05-20 15:00:00,1.828,1.844,1.823,1.831,8230898.0,1508793856.0
2024-05-21 15:00:00,1.826,1.831,1.813,1.818,4508420.0,820583232.0
2024-05-22 15:00:00,1.819,1.842,1.814,1.839,7434674.0,1358050304.0
2024-05-23 15:00:00,1.837,1.837,1.807,1.811,6599888.0,1199542656.0
2024-05-24 15:00:00,1.804,1.821,1.778,1.781,6828318.0,1226193792.0
2024-05-27 15:00:00,1.784,1.793,1.762,1.792,6219238.0,1104233088.0
2024-05-28 15:00:00,1.784,1.789,1.766,1.769,4237288.0,752314752.0
2024-05-29 15:00:00,1.768,1.793,1.765,1.772,6817607.0,1212774272.0
2024-05-30 15:00:00,1.772,1.783,1.767,1.777,4575191.0,811975936.0
2024-05-31 15:00:00,1.781,1.794,1.77,1.772,5199314.0,926361088.0
2024-06-03 15:00:00,1.769,1.786,1.764,1.782,5534371.0,983356992.0
2024-06-04 15:00:00,1.778,1.812,1.777,1.806,7450205.0,1338179968.0
2024-06-05 15:00:00,1.805,1.821,1.796,1.796,5298416.0,958489664.0
2024-06-06 15:00:00,1.804,1.808,1.778,1.785,6577509.0,1180252928.0
2024-06-07 15:00:00,1.784,1.786,1.729,1.748,10017844.0,1757294848.0
2024-06-11 15:00:00,1.735,1.757,1.727,1.752,6034655.0,1050263744.0
2024-06-12 15:00:00,1.746,1.754,1.742,1.743,3943802.0,689179264.0
2024-06-13 15:00:00,1.752,1.766,1.741,1.742,7245042.0,1267620096.0
2024-06-14 15:00:00,1.745,1.762,1.726,1.756,6487355.0,1130929536.0
2024-06-17 15:00:00,1.746,1.775,1.743,1.768,6088884.0,1074684672.0
2024-06-18 15:00:00,1.769,1.785,1.766,1.776,4924350.0,874882816.0
2024-06-19 15:00:00,1.781,1.783,1.752,1.753,6303647.0,1108481792.0
2024-06-20 15:00:00,1.75,1.758,1.727,1.728,5944620.0,1033472896.0
2024-06-21 15:00:00,1.725,1.729,1.709,1.723,6062894.0,1042667776.0
2024-06-24 15:00:00,1.711,1.721,1.693,1.696,7359958.0,1256397056.0
2024-06-25 15:00:00,1.694,1.698,1.657,1.666,8888546.0,1489330688.0
2024-06-26 15:00:00,1.665,1.7,1.662,1.699,7668658.0,1288964864.0
2024-06-27 15:00:00,1.689,1.689,1.669,1.67,7214333.0,1209479296.0
2024-06-28 15:00:00,1.665,1.688,1.647,1.652,7560790.0,1261766784.0
2024-07-01 15:00:00,1.648,1.658,1.621,1.65,8680997.0,1421609472.0
2024-07-02 15:00:00,1.643,1.652,1.627,1.633,6926317.0,1134882688.0
2024-07-03 15:00:00,1.633,1.645,1.616,1.629,7416438.0,1208017792.0
2024-07-04 15:00:00,1.633,1.643,1.615,1.616,7168738.0,1165540352.0
2024-07-05 15:00:00,1.615,1.63,1.601,1.623,8138205.0,1313878528.0
2024-07-08 15:00:00,1.615,1.62,1.592,1.596,7936130.0,1273747584.0
2024-07-09 15:00:00,1.594,1.629,1.584,1.62,11008810.0,1768440704.0
2024-07-10 15:00:00,1.609,1.636,1.608,1.618,7768890.0,1262057216.0
2024-07-11 15:00:00,1.64,1.664,1.627,1.654,9657457.0,1590536192.0
2024-07-12 15:00:00,1.648,1.661,1.64,1.653,8332843.0,1376375936.0
2024-07-15 15:00:00,1.644,1.648,1.633,1.64,7912562.0,1297951104.0
2024-07-16 15:00:00,1.638,1.665,1.637,1.664,8758556.0,1448026880.0
2024-07-17 15:00:00,1.66,1.674,1.653,1.663,7834299.0,1303083776.0
2024-07-18 15:00:00,1.653,1.687,1.649,1.686,20806962.0,3469057536.0
2024-07-19 15:00:00,1.673,1.699,1.672,1.692,14700686.0,2486560256.0
2024-07-22 15:00:00,1.693,1.702,1.679,1.693,7726957.0,1307253120.0
2024-07-23 15:00:00,1.691,1.691,1.639,1.64,7606749.0,1262944768.0
2024-07-24 15:00:00,1.634,1.651,1.614,1.619,6715404.0,1095298560.0
2024-07-25 15:00:00,1.61,1.627,1.607,1.614,5649908.0,912831616.0
2024-07-26 15:00:00,1.617,1.638,1.615,1.627,7502580.0,1220285952.0
2024-07-29 15:00:00,1.622,1.623,1.603,1.604,5724427.0,920370368.0
2024-07-30 15:00:00,1.6,1.607,1.591,1.601,6106035.0,975027456.0
2024-07-31 15:00:00,1.594,1.658,1.592,1.658,14320518.0,2339588864.0
2024-08-01 15:00:00,1.659,1.663,1.631,1.636,9030439.0,1484320384.0
2024-08-02 15:00:00,1.621,1.639,1.604,1.609,11190243.0,1810881152.0
2024-08-05 15:00:00,1.592,1.625,1.576,1.576,12579837.0,2010902144.0
2024-08-06 15:00:00,1.594,1.607,1.581,1.597,8932552.0,1423912576.0
2024-08-07 15:00:00,1.593,1.601,1.587,1.589,6887508.0,1098120320.0
2024-08-08 15:00:00,1.582,1.599,1.568,1.582,8938446.0,1413969024.0
2024-08-09 15:00:00,1.59,1.598,1.566,1.566,8196082.0,1294422144.0
2024-08-12 15:00:00,1.566,1.572,1.558,1.563,6462704.0,1011415424.0
2024-08-13 15:00:00,1.562,1.578,1.558,1.578,7636057.0,1195477120.0
2024-08-14 15:00:00,1.575,1.576,1.554,1.555,8798504.0,1373900544.0
2024-08-15 15:00:00,1.551,1.579,1.55,1.565,13802744.0,2158889984.0
2024-08-16 15:00:00,1.564,1.573,1.558,1.561,6554594.0,1025138624.0
2024-08-19 15:00:00,1.56,1.577,1.557,1.559,7943774.0,1244095232.0
2024-08-20 15:00:00,1.561,1.562,1.536,1.539,9367585.0,1447293568.0
2024-08-21 15:00:00,1.532,1.543,1.527,1.529,7341937.0,1125584896.0
2024-08-22 15:00:00,1.53,1.534,1.515,1.516,8555917.0,1301647488.0
2024-08-23 15:00:00,1.512,1.526,1.509,1.517,12097258.0,1835561856.0
2024-08-26 15:00:00,1.517,1.528,1.511,1.515,7052690.0,1070720960.0
2024-08-27 15:00:00,1.511,1.512,1.497,1.5,7951118.0,1194899328.0
2024-08-28 15:00:00,1.499,1.505,1.494,1.501,7883197.0,1182047872.0
2024-08-29 15:00:00,1.488,1.522,1.484,1.513,18401290.0,2770964992.0
2024-08-30 15:00:00,1.511,1.571,1.511,1.552,20670044.0,3199131648.0
2024-09-02 15:00:00,1.547,1.552,1.506,1.507,15867300.0,2416710656.0
2024-09-03 15:00:00,1.504,1.532,1.503,1.525,11015247.0,1675797248.0
2024-09-04 15:00:00,1.512,1.54,1.51,1.525,9785096.0,1492736512.0
2024-09-05 15:00:00,1.525,1.546,1.524,1.536,8624512.0,1323868160.0
2024-09-06 15:00:00,1.535,1.538,1.508,1.508,9896846.0,1503394560.0
2024-09-09 15:00:00,1.5,1.519,1.498,1.513,18135288.0,2736028672.0
2024-09-10 15:00:00,1.514,1.524,1.495,1.512,15412588.0,2323816704.0
2024-09-11 15:00:00,1.51,1.534,1.507,1.528,14352293.0,2187736576.0
2024-09-12 15:00:00,1.536,1.549,1.521,1.525,12617763.0,1936399872.0
2024-09-13 15:00:00,1.525,1.528,1.508,1.509,8784237.0,1332460544.0
2024-09-18 15:00:00,1.505,1.513,1.494,1.504,9657148.0,1451166464.0
2024-09-19 15:00:00,1.511,1.537,1.492,1.519,18394238.0,2789678336.0
2024-09-20 15:00:00,1.516,1.517,1.498,1.508,20920584.0,3150914816.0
2024-09-23 15:00:00,1.507,1.52,1.5,1.501,13035359.0,1967069184.0
2024-09-24 15:00:00,1.515,1.588,1.504,1.587,33377296.0,5158212096.0
2024-09-25 15:00:00,1.621,1.649,1.609,1.61,26730084.0,4346647040.0
2024-09-26 15:00:00,1.604,1.686,1.595,1.686,28442156.0,4662498816.0
2024-09-27 15:00:00,1.713,1.89,1.713,1.86,56125984.0,10096030720.0
2024-09-30 15:00:00,2.0,2.232,1.928,2.232,69772144.0,14533319680.0
2024-10-08 15:00:00,2.678,2.678,2.29,2.678,185677264.0,47486377984.0
2024-10-09 15:00:00,2.41,2.478,2.238,2.242,164618816.0,38584922112.0
2024-10-10 15:00:00,2.241,2.297,2.137,2.174,80625512.0,17811734528.0
2024-10-11 15:00:00,2.134,2.152,2.026,2.06,72995288.0,15183685632.0
2024-10-14 15:00:00,2.078,2.124,2.022,2.116,57004800.0,11851253760.0
2024-10-15 15:00:00,2.094,2.135,2.045,2.045,43784760.0,9145503744.0
2024-10-16 15:00:00,2.001,2.044,1.989,2.0,38151328.0,7664940544.0
2024-10-17 15:00:00,2.019,2.042,1.993,1.995,31361054.0,6333780480.0
2024-10-18 15:00:00,1.986,2.256,1.986,2.156,81695888.0,17246253056.0
2024-10-21 15:00:00,2.162,2.225,2.139,2.167,52905364.0,11510502400.0
2024-10-22 15:00:00,2.158,2.186,2.139,2.175,27314768.0,5911592960.0
2024-10-23 15:00:00,2.166,2.211,2.145,2.162,30454406.0,6623460864.0
2024-10-24 15:00:00,2.149,2.161,2.126,2.132,19996472.0,4281073152.0
2024-10-25 15:00:00,2.147,2.236,2.138,2.196,41856616.0,9158135808.0
2024-10-28 15:00:00,2.193,2.193,2.158,2.188,20357122.0,4432947200.0
2024-10-29 15:00:00,2.191,2.198,2.133,2.135,26794604.0,5783643136.0
2024-10-30 15:00:00,2.119,2.138,2.086,2.111,23065016.0,4870460416.0
2024-10-31 15:00:00,2.105,2.164,2.09,2.122,31276690.0,6665871360.0
2024-11-01 15:00:00,2.104,2.125,2.08,2.084,23885768.0,5027417600.0
2024-11-04 15:00:00,2.081,2.146,2.08,2.145,20837386.0,4424060416.0
2024-11-05 15:00:00,2.144,2.258,2.13,2.249,52481840.0,11653248000.0
2024-11-06 15:00:00,2.249,2.316,2.202,2.223,45986100.0,10389830656.0
2024-11-07 15:00:00,2.202,2.306,2.198,2.306,36027816.0,8123542528.0
2024-11-08 15:00:00,2.355,2.365,2.274,2.282,34984928.0,8113596928.0
2024-11-11 15:00:00,2.25,2.35,2.249,2.349,31861166.0,7362300416.0
2024-11-12 15:00:00,2.365,2.402,2.316,2.345,32230534.0,7623609344.0
2024-11-13 15:00:00,2.325,2.381,2.3,2.372,28539850.0,6672901632.0
2024-11-14 15:00:00,2.37,2.372,2.285,2.288,21661200.0,5043001856.0
2024-11-15 15:00:00,2.276,2.294,2.201,2.204,27246692.0,6126017536.0
2024-11-18 15:00:00,2.205,2.219,2.132,2.149,28609470.0,6207444480.0
2024-11-19 15:00:00,2.155,2.219,2.132,2.215,31529902.0,6860088320.0
2024-11-20 15:00:00,2.201,2.24,2.195,2.223,23956980.0,5309861888.0
2024-11-21 15:00:00,2.213,2.237,2.206,2.223,15526239.0,3449564160.0
2024-11-22 15:00:00,2.218,2.226,2.133,2.136,20256844.0,4419031552.0
2024-11-25 15:00:00,2.14,2.151,2.1,2.132,19946018.0,4239346176.0
2024-11-26 15:00:00,2.122,2.146,2.107,2.109,13881308.0,2950218240.0
2024-11-27 15:00:00,2.1,2.167,2.079,2.165,23812606.0,5063215616.0
2024-11-28 15:00:00,2.162,2.165,2.124,2.128,15812142.0,3390962944.0
2024-11-29 15:00:00,2.122,2.221,2.12,2.179,30698302.0,6686251008.0
2024-12-02 15:00:00,2.172,2.218,2.166,2.211,20748570.0,4569798144.0
2024-12-03 15:00:00,2.211,2.219,2.182,2.198,15916814.0,3502377984.0
2024-12-04 15:00:00,2.195,2.203,2.161,2.17,14083118.0,3072274688.0
2024-12-05 15:00:00,2.167,2.195,2.163,2.177,10881280.0,2370569472.0
2024-12-06 15:00:00,2.18,2.247,2.17,2.224,25903278.0,5742016512.0
2024-12-09 15:00:00,2.219,2.23,2.185,2.206,14918244.0,3292494592.0
2024-12-10 15:00:00,2.32,2.32,2.214,2.221,35328844.0,7987491328.0
2024-12-11 15:00:00,2.215,2.235,2.209,2.218,14406912.0,3197772544.0
2024-12-12 15:00:00,2.217,2.258,2.212,2.248,19109548.0,4274890496.0
2024-12-13 15:00:00,2.231,2.233,2.19,2.193,17805550.0,3936277760.0
2024-12-16 15:00:00,2.19,2.192,2.148,2.158,12552536.0,2716261888.0
2024-12-17 15:00:00,2.156,2.189,2.153,2.159,16959956.0,3681413120.0
2024-12-18 15:00:00,2.167,2.173,2.15,2.158,10734338.0,2318259712.0
2024-12-19 15:00:00,2.137,2.178,2.132,2.171,14482076.0,3123320320.0
2024-12-20 15:00:00,2.166,2.19,2.157,2.169,12555581.0,2726937856.0
2024-12-23 15:00:00,2.163,2.18,2.142,2.147,13008413.0,2810536448.0
2024-12-24 15:00:00,2.148,2.172,2.143,2.17,15581880.0,3361542144.0
2024-12-25 15:00:00,2.173,2.175,2.144,2.156,11594528.0,2502557696.0
2024-12-26 15:00:00,2.16,2.176,2.152,2.166,10655084.0,2309054208.0
2024-12-27 15:00:00,2.166,2.192,2.154,2.163,14826588.0,3218106368.0
2024-12-30 15:00:00,2.158,2.174,2.155,2.165,10202963.0,2207790592.0
2024-12-31 15:00:00,2.162,2.165,2.101,2.102,19047476.0,4056325376.0
2025-01-02 15:00:00,2.096,2.097,2.0,2.019,22999094.0,4709844480.0
2025-01-03 15:00:00,2.02,2.027,1.976,1.978,20166724.0,4033495040.0
2025-01-06 15:00:00,1.978,1.994,1.962,1.976,16794768.0,3322854144.0
2025-01-07 15:00:00,1.965,1.99,1.951,1.99,16954312.0,3344010752.0
2025-01-08 15:00:00,1.975,1.99,1.925,1.968,22795328.0,4466166272.0
2025-01-09 15:00:00,1.956,1.985,1.954,1.971,13525682.0,2671984384.0
2025-01-10 15:00:00,1.967,1.983,1.938,1.938,12061622.0,2366472704.0
2025-01-13 15:00:00,1.916,1.959,1.916,1.942,13517608.0,2622517504.0
2025-01-14 15:00:00,1.95,2.037,1.942,2.036,28363154.0,5666356736.0
2025-01-15 15:00:00,2.022,2.025,1.992,1.999,17505190.0,3511330304.0
2025-01-16 15:00:00,2.009,2.044,1.99,2.01,19330738.0,3896733952.0
2025-01-17 15:00:00,1.999,2.043,1.998,2.026,16072145.0,3249604096.0
2025-01-20 15:00:00,2.047,2.077,2.046,2.062,19351278.0,3993926656.0
2025-01-21 15:00:00,2.081,2.083,2.048,2.07,10659994.0,2200294912.0
2025-01-22 15:00:00,2.063,2.069,2.041,2.059,11106115.0,2281647104.0
2025-01-23 15:00:00,2.082,2.11,2.052,2.052,17381340.0,3618632192.0
2025-01-24 15:00:00,2.045,2.092,2.044,2.084,15011414.0,3113708544.0
2025-01-27 15:00:00,2.086,2.087,2.028,2.028,14246932.0,2922348800.0
2025-02-05 15:00:00,2.043,2.047,2.016,2.024,11049676.0,2240818432.0
2025-02-06 15:00:00,2.022,2.082,2.017,2.08,17017750.0,3505456896.0
2025-02-07 15:00:00,2.08,2.159,2.08,2.131,27469982.0,5838437888.0
2025-02-10 15:00:00,2.14,2.147,2.114,2.142,13228398.0,2821357568.0
2025-02-11 15:00:00,2.141,2.142,2.11,2.113,10674532.0,2260594944.0
2025-02-12 15:00:00,2.107,2.154,2.101,2.15,15623364.0,3322841600.0
2025-02-13 15:00:00,2.145,2.163,2.133,2.135,14983656.0,3217541888.0
2025-02-14 15:00:00,2.134,2.181,2.132,2.174,21577862.0,4668509696.0
2025-02-17 15:00:00,2.198,2.2,2.166,2.182,16500527.0,3606618112.0
2025-02-18 15:00:00,2.178,2.19,2.131,2.14,13363110.0,2892733184.0
2025-02-19 15:00:00,2.136,2.186,2.133,2.185,13819063.0,2996598016.0
2025-02-20 15:00:00,2.179,2.191,2.161,2.184,10073320.0,2194588160.0
2025-02-21 15:00:00,2.185,2.242,2.185,2.239,18182522.0,4035502080.0
2025-02-24 15:00:00,2.232,2.24,2.201,2.221,15447324.0,3431453184.0
2025-02-25 15:00:00,2.189,2.222,2.185,2.197,14558336.0,3203034880.0
2025-02-26 15:00:00,2.199,2.225,2.19,2.223,13441085.0,2970832896.0
2025-02-27 15:00:00,2.224,2.237,2.183,2.212,13424835.0,2963835904.0
2025-02-28 15:00:00,2.197,2.198,2.123,2.128,18951792.0,4095199232.0
2025-03-03 15:00:00,2.133,2.189,2.12,2.154,20129436.0,4353724928.0
2025-03-04 15:00:00,2.131,2.151,2.12,2.149,10755616.0,2299059712.0
2025-03-05 15:00:00,2.147,2.159,2.131,2.149,9583045.0,2053850496.0
2025-03-06 15:00:00,2.162,2.2,2.16,2.191,17630606.0,3849694976.0
2025-03-07 15:00:00,2.181,2.183,2.152,2.16,12596179.0,2731623936.0
2025-03-10 15:00:00,2.166,2.174,2.14,2.159,10578257.0,2277006336.0
2025-03-11 15:00:00,2.135,2.161,2.131,2.159,11097012.0,2382242816.0
2025-03-12 15:00:00,2.17,2.172,2.148,2.149,10441196.0,2254199808.0
2025-03-13 15:00:00,2.146,2.158,2.113,2.125,11140607.0,2373852160.0
2025-03-14 15:00:00,2.125,2.19,2.12,2.186,19647220.0,4259565056.0
2025-03-17 15:00:00,2.188,2.191,2.169,2.173,10186892.0,2217737728.0
2025-03-18 15:00:00,2.182,2.201,2.173,2.185,11167341.0,2442376960.0
2025-03-19 15:00:00,2.181,2.195,2.166,2.178,9564472.0,2084327424.0
2025-03-20 15:00:00,2.178,2.18,2.155,2.158,8744022.0,1894715264.0
2025-03-21 15:00:00,2.153,2.159,2.108,2.112,14212017.0,3023428352.0
2025-03-24 15:00:00,2.11,2.118,2.084,2.112,9427423.0,1982939136.0
2025-03-25 15:00:00,2.112,2.123,2.094,2.105,9336352.0,1967146624.0
2025-03-26 15:00:00,2.1,2.117,2.097,2.098,8839485.0,1861535872.0
2025-03-27 15:00:00,2.093,2.125,2.076,2.103,9348641.0,1963608448.0
2025-03-28 15:00:00,2.101,2.112,2.087,2.089,8162006.0,1710499712.0
2025-03-31 15:00:00,2.079,2.083,2.047,2.064,12318221.0,2541748480.0
2025-04-01 15:00:00,2.067,2.087,2.06,2.062,9304839.0,1927320576.0
2025-04-02 15:00:00,2.062,2.081,2.057,2.064,7303188.0,1510412672.0
2025-04-03 15:00:00,2.042,2.057,2.018,2.027,15626423.0,3181473024.0
2025-04-07 15:00:00,1.93,1.931,1.721,1.775,69505872.0,12659760128.0
2025-04-08 15:00:00,1.792,1.844,1.777,1.804,29297320.0,5298034688.0
2025-04-09 15:00:00,1.762,1.838,1.743,1.823,31929856.0,5760841728.0
2025-04-10 15:00:00,1.88,1.908,1.86,1.863,29094618.0,5475497984.0
2025-04-11 15:00:00,1.845,1.907,1.844,1.892,18605350.0,3492329728.0
2025-04-14 15:00:00,1.915,1.919,1.892,1.895,13033280.0,2481540096.0
2025-04-15 15:00:00,1.895,1.903,1.881,1.893,9943364.0,1879135616.0
2025-04-16 15:00:00,1.885,1.885,1.844,1.87,17281810.0,3218073600.0
2025-04-17 15:00:00,1.859,1.887,1.856,1.873,11084084.0,2081248896.0
2025-04-18 15:00:00,1.865,1.881,1.862,1.878,8888570.0,1664135296.0
2025-04-21 15:00:00,1.874,1.91,1.865,1.908,12287907.0,2328928000.0
2025-04-22 15:00:00,1.903,1.911,1.895,1.899,8689827.0,1652435840.0
2025-04-23 15:00:00,1.917,1.933,1.906,1.919,15179640.0,2915749888.0
2025-04-24 15:00:00,1.916,1.929,1.902,1.907,12207396.0,2336068864.0
2025-04-25 15:00:00,1.913,1.932,1.908,1.92,12024520.0,2309659904.0
2025-04-28 15:00:00,1.918,1.921,1.901,1.906,6991261.0,1334167168.0
2025-04-29 15:00:00,1.902,1.912,1.895,1.903,6795070.0,1293918080.0
2025-04-30 15:00:00,1.905,1.926,1.904,1.921,10655596.0,2044909440.0
2025-05-06 15:00:00,1.936,1.959,1.935,1.958,10395144.0,2026370688.0
2025-05-07 15:00:00,1.995,2.007,1.953,1.967,17348732.0,3426132224.0
2025-05-08 15:00:00,1.963,2.006,1.961,2.001,15804046.0,3148925952.0
2025-05-09 15:00:00,2.0,2.001,1.975,1.984,8209132.0,1629568512.0
2025-05-12 15:00:00,2.013,2.037,2.007,2.037,15584948.0,3149770496.0
2025-05-13 15:00:00,2.062,2.065,2.027,2.03,10952122.0,2234622720.0
2025-05-14 15:00:00,2.032,2.074,2.021,2.054,12210653.0,2496059392.0
2025-05-15 15:00:00,2.046,2.047,2.012,2.012,8533395.0,1727955328.0
2025-05-16 15:00:00,2.006,2.02,2.005,2.008,5946975.0,1197218176.0
2025-05-19 15:00:00,2.006,2.008,1.988,2.002,7379950.0,1474714624.0
2025-05-20 15:00:00,2.009,2.031,1.997,2.018,7844446.0,1580369536.0
2025-05-21 15:00:00,2.02,2.047,2.019,2.034,10241285.0,2083758976.0
2025-05-22 15:00:00,2.036,2.037,2.014,2.016,5615394.0,1135814272.0
2025-05-23 15:00:00,2.015,2.03,1.994,1.994,7272379.0,1463619712.0
2025-05-26 15:00:00,1.99,1.997,1.965,1.977,7532962.0,1489711360.0
2025-05-27 15:00:00,1.976,1.976,1.957,1.967,7464291.0,1466776064.0
2025-05-28 15:00:00,1.969,1.975,1.956,1.959,7195167.0,1414015488.0
2025-05-29 15:00:00,1.962,1.991,1.961,1.989,9341379.0,1850177024.0
2025-05-30 15:00:00,1.98,1.98,1.963,1.972,6612254.0,1303691520.0
2025-06-03 15:00:00,1.961,1.987,1.96,1.977,5758778.0,1139384064.0
2025-06-04 15:00:00,1.983,2.006,1.982,2.0,7389093.0,1475808256.0
2025-06-05 15:00:00,2.001,2.029,1.989,2.023,8084529.0,1624628224.0
2025-06-06 15:00:00,2.022,2.027,2.01,2.017,5147504.0,1037863360.0
2025-06-09 15:00:00,2.02,2.051,2.02,2.034,8445347.0,1721674752.0
2025-06-10 15:00:00,2.034,2.041,1.999,2.012,9385023.0,1894152192.0
2025-06-11 15:00:00,2.016,2.053,2.016,2.038,8732721.0,1781856896.0
2025-06-12 15:00:00,2.033,2.052,2.027,2.04,6124760.0,1250732928.0
2025-06-13 15:00:00,2.033,2.042,2.015,2.02,7302115.0,1480102784.0
2025-06-16 15:00:00,2.019,2.039,2.016,2.037,4976448.0,1011261440.0
2025-06-17 15:00:00,2.04,2.041,2.023,2.028,4252574.0,863471360.0
2025-06-18 15:00:00,2.027,2.038,2.017,2.034,4931127.0,999608192.0
2025-06-19 15:00:00,2.028,2.036,2.0,2.005,6989479.0,1408373504.0
2025-06-20 15:00:00,2.005,2.015,1.987,1.988,5926744.0,1183215488.0
2025-06-23 15:00:00,1.98,2.001,1.975,1.998,6068657.0,1207204096.0
2025-06-24 15:00:00,2.004,2.044,2.003,2.044,12388429.0,2518135552.0
2025-06-25 15:00:00,2.05,2.113,2.05,2.109,16381972.0,3406556928.0
2025-06-26 15:00:00,2.109,2.121,2.092,2.093,11040739.0,2325635072.0
2025-06-27 15:00:00,2.1,2.125,2.091,2.101,11326780.0,2389373184.0
2025-06-30 15:00:00,2.11,2.134,2.106,2.133,10634131.0,2255934720.0
2025-07-01 15:00:00,2.128,2.131,2.112,2.126,6758007.0,1434048640.0
2025-07-02 15:00:00,2.123,2.123,2.097,2.104,6869307.0,1445894912.0
2025-07-03 15:00:00,2.11,2.147,2.108,2.141,10437516.0,2221641216.0
2025-07-04 15:00:00,2.141,2.167,2.131,2.133,10770847.0,2308805632.0
2025-07-07 15:00:00,2.126,2.134,2.106,2.11,7631513.0,1613281920.0
2025-07-08 15:00:00,2.109,2.161,2.107,2.159,12591227.0,2700369152.0
2025-07-09 15:00:00,2.157,2.183,2.155,2.163,11223645.0,2435283968.0
2025-07-10 15:00:00,2.17,2.179,2.153,2.169,8455356.0,1830798208.0
2025-07-11 15:00:00,2.169,2.202,2.159,2.185,11419300.0,2493790464.0
2025-07-14 15:00:00,2.18,2.187,2.167,2.177,6661325.0,1449095552.0
2025-07-15 15:00:00,2.184,2.223,2.184,2.212,14273178.0,3151896320.0
2025-07-16 15:00:00,2.217,2.237,2.205,2.206,8014570.0,1778554112.0
2025-07-17 15:00:00,2.205,2.247,2.204,2.247,9615693.0,2146267392.0
2025-07-18 15:00:00,2.256,2.274,2.241,2.252,9440410.0,2131512960.0
2025-07-21 15:00:00,2.258,2.275,2.251,2.275,9911442.0,2244881664.0
2025-07-22 15:00:00,2.274,2.291,2.267,2.289,10784625.0,2460630784.0
2025-07-23 15:00:00,2.288,2.31,2.281,2.287,12335622.0,2829799424.0
2025-07-24 15:00:00,2.297,2.325,2.291,2.325,10346952.0,2386144768.0
2025-07-25 15:00:00,2.326,2.326,2.308,2.318,7610292.0,1763030400.0
2025-07-28 15:00:00,2.322,2.344,2.311,2.342,8647996.0,2015532160.0
2025-07-29 15:00:00,2.338,2.384,2.332,2.383,10423053.0,2458006784.0
2025-07-30 15:00:00,2.378,2.378,2.325,2.345,17952944.0,4225955584.0
2025-07-31 15:00:00,2.354,2.37,2.299,2.301,19803836.0,4628163584.0
2025-08-01 15:00:00,2.296,2.324,2.281,2.303,11371254.0,2620619520.0
2025-08-04 15:00:00,2.285,2.313,2.282,2.313,7651038.0,1755984128.0
2025-08-05 15:00:00,2.326,2.328,2.3,2.32,10464316.0,2423350528.0
2025-08-06 15:00:00,2.314,2.338,2.312,2.336,8691743.0,2023667968.0
2025-08-07 15:00:00,2.338,2.35,2.3,2.32,11035689.0,2561935104.0
2025-08-08 15:00:00,2.314,2.331,2.307,2.312,7461764.0,1728760960.0
2025-08-11 15:00:00,2.317,2.362,2.312,2.357,11597518.0,2719858176.0
2025-08-12 15:00:00,2.358,2.385,2.345,2.385,11120495.0,2635789056.0
2025-08-13 15:00:00,2.395,2.475,2.391,2.473,18976852.0,4624232960.0
2025-08-14 15:00:00,2.473,2.489,2.438,2.446,14892827.0,3670029056.0
2025-08-15 15:00:00,2.435,2.518,2.435,2.509,14271173.0,3545929728.0
2025-08-18 15:00:00,2.52,2.608,2.504,2.582,22969316.0,5893785600.0
2025-08-19 15:00:00,2.575,2.61,2.561,2.575,16354090.0,4222774272.0
2025-08-20 15:00:00,2.551,2.588,2.524,2.588,20594440.0,5260551168.0
2025-08-21 15:00:00,2.589,2.605,2.558,2.572,18828044.0,4859237888.0
2025-08-22 15:00:00,2.566,2.663,2.563,2.662,21659090.0,5681940992.0
2025-08-25 15:00:00,2.693,2.76,2.675,2.737,27514140.0,7457636352.0
2025-08-26 15:00:00,2.727,2.75,2.702,2.716,20918322.0,5706483200.0
2025-08-27 15:00:00,2.716,2.796,2.696,2.696,29434776.0,8091777024.0
2025-08-28 15:00:00,2.68,2.807,2.677,2.806,26820208.0,7337066496.0
2025-08-29 15:00:00,2.799,2.909,2.78,2.865,24760606.0,7050496000.0
2025-09-01 15:00:00,2.88,2.932,2.859,2.927,20641012.0,5979182592.0
2025-09-02 15:00:00,2.922,2.954,2.815,2.848,30202204.0,8691244032.0
2025-09-03 15:00:00,2.852,2.899,2.832,2.87,29187034.0,8367566336.0
2025-09-04 15:00:00,2.899,2.93,2.716,2.751,35046020.0,9856433152.0
2025-09-05 15:00:00,2.75,2.947,2.749,2.944,27420790.0,7802430976.0
2025-09-08 15:00:00,2.946,2.951,2.856,2.908,24968780.0,7234949632.0
2025-09-09 15:00:00,2.866,2.898,2.818,2.845,17046754.0,4870733824.0
2025-09-10 15:00:00,2.857,2.9,2.833,2.875,18595794.0,5345322496.0
2025-09-11 15:00:00,2.883,3.027,2.871,3.025,26297372.0,7786806784.0
2025-09-12 15:00:00,3.01,3.033,2.982,2.995,21253624.0,6394148352.0
2025-09-15 15:00:00,3.006,3.08,3.006,3.037,17136620.0,5227741696.0
2025-09-16 15:00:00,3.039,3.064,2.993,3.059,18886350.0,5729178112.0
2025-09-17 15:00:00,3.055,3.125,3.036,3.119,16687572.0,5154304000.0
2025-09-18 15:00:00,3.115,3.141,3.024,3.067,27190632.0,8408306176.0
2025-09-19 15:00:00,3.067,3.101,3.046,3.062,17122318.0,5266798592.0
2025-09-22 15:00:00,3.068,3.082,3.026,3.082,13820787.0,4228087808.0
2025-09-23 15:00:00,3.115,3.13,3.015,3.093,22320034.0,6865555968.0
2025-09-24 15:00:00,3.063,3.162,3.061,3.16,19449896.0,6065236992.0
2025-09-25 15:00:00,3.15,3.24,3.134,3.211,16257325.0,5199641600.0
2025-09-26 15:00:00,3.193,3.226,3.126,3.129,16927558.0,5368043520.0
2025-09-29 15:00:00,3.126,3.233,3.126,3.213,16328471.0,5208289792.0
2025-09-30 15:00:00,3.221,3.254,3.194,3.217,12401711.0,3995389184.0
2025-10-09 15:00:00,3.217,3.297,3.217,3.235,17435666.0,5667232768.0
2025-10-10 15:00:00,3.201,3.217,3.072,3.095,22276432.0,6981652480.0
2025-10-13 15:00:00,2.952,3.073,2.951,3.054,22235482.0,6730538496.0
2025-10-14 15:00:00,3.093,3.106,2.92,2.934,24116472.0,7241505280.0
2025-10-15 15:00:00,2.932,3.01,2.905,3.003,18770042.0,5552036864.0
2025-10-16 15:00:00,2.984,3.044,2.978,3.014,15488704.0,4670184448.0
2025-10-17 15:00:00,3.002,3.021,2.91,2.915,15526406.0,4576629248.0
2025-10-20 15:00:00,2.976,3.02,2.948,2.971,15566787.0,4642754560.0
2025-10-21 15:00:00,2.999,3.078,2.972,3.062,17359632.0,5272466432.0
2025-10-22 15:00:00,3.037,3.067,3.02,3.039,11741288.0,3571697664.0
2025-10-23 15:00:00,3.021,3.045,2.98,3.038,9985458.0,3006639872.0
2025-10-24 15:00:00,3.069,3.147,3.058,3.147,14948805.0,4637974016.0
2025-10-27 15:00:00,3.209,3.218,3.155,3.209,15096685.0,4823568384.0
2025-10-28 15:00:00,3.189,3.258,3.181,3.205,13533297.0,4352354304.0
2025-10-29 15:00:00,3.235,3.3,3.234,3.3,13701357.0,4473209344.0
2025-10-30 15:00:00,3.296,3.308,3.235,3.239,14068840.0,4602035200.0
2025-10-31 15:00:00,3.235,3.258,3.164,3.166,14956429.0,4795957248.0
2025-11-03 15:00:00,3.152,3.178,3.098,3.176,12919887.0,4057838592.0
2025-11-04 15:00:00,3.166,3.184,3.087,3.112,12779003.0,3999079168.0
2025-11-05 15:00:00,3.06,3.157,3.046,3.142,13128614.0,4073292032.0
2025-11-06 15:00:00,3.158,3.213,3.153,3.201,13344229.0,4251348480.0
2025-11-07 15:00:00,3.184,3.218,3.155,3.185,9705146.0,3090346752.0
2025-11-10 15:00:00,3.2,3.215,3.117,3.158,11746889.0,3697770240.0
2025-11-11 15:00:00,3.175,3.188,3.107,3.113,10573098.0,3323335936.0
2025-11-12 15:00:00,3.095,3.116,3.058,3.108,11814661.0,3648762880.0
2025-11-13 15:00:00,3.094,3.188,3.086,3.182,16018683.0,5045454848.0
2025-11-14 15:00:00,3.146,3.146,3.091,3.093,12217523.0,3818689024.0
2025-11-17 15:00:00,3.074,3.101,3.06,3.084,9828891.0,3024962816.0
2025-11-18 15:00:00,3.069,3.095,3.032,3.051,12524586.0,3834326272.0
2025-11-19 15:00:00,3.051,3.092,3.041,3.057,13254195.0,4059815424.0
2025-11-20 15:00:00,3.106,3.113,3.019,3.026,13808023.0,4222309888.0
2025-11-21 15:00:00,2.99,2.99,2.903,2.904,23813254.0,7001979904.0
2025-11-24 15:00:00,2.925,2.932,2.873,2.908,15108009.0,4394186240.0
2025-11-25 15:00:00,2.951,3.008,2.94,2.961,21847138.0,6485664256.0
2025-11-26 15:00:00,2.955,3.061,2.943,3.027,18263482.0,5496575488.0
2025-11-27 15:00:00,3.018,3.093,3.007,3.012,12497687.0,3812794624.0
2025-11-28 15:00:00,3.008,3.048,2.993,3.035,9092536.0,2745371392.0
2025-12-01 15:00:00,3.044,3.074,3.017,3.073,10046772.0,3065143040.0
2025-12-02 15:00:00,3.075,3.075,3.036,3.052,6232246.0,1904764544.0
2025-12-03 15:00:00,3.058,3.086,3.01,3.019,7761190.0,2361211648.0
2025-12-04 15:00:00,3.014,3.056,2.997,3.051,8084379.0,2449923840.0
2025-12-05 15:00:00,3.063,3.098,3.028,3.089,8738436.0,2681407744.0
2025-12-08 15:00:00,3.101,3.194,3.099,3.171,12681257.0,4001558016.0
2025-12-09 15:00:00,3.168,3.215,3.153,3.188,10825661.0,3451146240.0
2025-12-10 15:00:00,3.185,3.2,3.124,3.192,8529586.0,2694949376.0
2025-12-11 15:00:00,3.192,3.226,3.145,3.146,9362314.0,2993222400.0
2025-12-12 15:00:00,3.152,3.186,3.12,3.174,10110131.0,3194779904.0
2025-12-15 15:00:00,3.14,3.167,3.119,3.12,7984532.0,2506448384.0
2025-12-16 15:00:00,3.112,3.125,3.043,3.06,13098986.0,4025761792.0
2025-12-17 15:00:00,3.057,3.165,3.054,3.164,15861637.0,4937699328.0
2025-12-18 15:00:00,3.134,3.14,3.092,3.092,13805174.0,4297352192.0
2025-12-19 15:00:00,3.118,3.141,3.096,3.107,10670931.0,3326085632.0
2025-12-22 15:00:00,3.135,3.18,3.135,3.175,13260799.0,4197241600.0
2025-12-23 15:00:00,3.18,3.21,3.166,3.185,9460188.0,3015016448.0
2025-12-24 15:00:00,3.194,3.219,3.177,3.212,7828621.0,2505014016.0
2025-12-25 15:00:00,3.21,3.234,3.184,3.222,8825070.0,2835992064.0
2025-12-26 15:00:00,3.222,3.252,3.202,3.226,9532783.0,3075750144.0
2025-12-29 15:00:00,3.217,3.234,3.19,3.205,9520732.0,3055961856.0
2025-12-30 15:00:00,3.19,3.234,3.19,3.229,11809655.0,3800219904.0
2025-12-31 15:00:00,3.23,3.239,3.182,3.186,7178897.0,2302045696.0
2026-01-05 15:00:00,3.215,3.281,3.21,3.281,10935771.0,3551323136.0
2026-01-06 15:00:00,3.278,3.305,3.249,3.303,13170598.0,4324236288.0
2026-01-07 15:00:00,3.311,3.336,3.281,3.311,12270468.0,4059296256.0
2026-01-08 15:00:00,3.291,3.313,3.27,3.287,11039130.0,3632320768.0
2026-01-09 15:00:00,3.269,3.315,3.253,3.314,15451462.0,5087072768.0
2026-01-12 15:00:00,3.314,3.387,3.267,3.371,21937200.0,7314374656.0
2026-01-13 15:00:00,3.372,3.402,3.291,3.306,19314672.0,6466147840.0
2026-01-14 15:00:00,3.307,3.388,3.292,3.332,28740078.0,9606957056.0
2026-01-15 15:00:00,3.306,3.359,3.293,3.352,38865232.0,12904865792.0
2026-01-16 15:00:00,3.382,3.394,3.337,3.346,40925188.0,13720977408.0
2026-01-19 15:00:00,3.327,3.369,3.31,3.318,19437418.0,6480798720.0
2026-01-20 15:00:00,3.319,3.335,3.242,3.263,23282676.0,7628206592.0
2026-01-21 15:00:00,3.243,3.315,3.242,3.281,11950615.0,3933094144.0
2026-01-22 15:00:00,3.298,3.323,3.264,3.315,17919800.0,5894353920.0
2026-01-23 15:00:00,3.322,3.337,3.304,3.337,9079939.0,3018742784.0
2026-01-26 15:00:00,3.352,3.355,3.292,3.305,16782456.0,5559095296.0
2026-01-27 15:00:00,3.31,3.352,3.263,3.327,17652714.0,5853388288.0
2026-01-28 15:00:00,3.342,3.345,3.29,3.307,19496402.0,6465046528.0
2026-01-29 15:00:00,3.297,3.342,3.284,3.292,16261188.0,5378675200.0
2026-01-30 15:00:00,3.286,3.355,3.241,3.335,12918381.0,4271421184.0
2026-02-02 15:00:00,3.338,3.376,3.248,3.252,11487593.0,3801816576.0
2026-02-03 15:00:00,3.302,3.32,3.238,3.313,12015892.0,3952454656.0
2026-02-04 15:00:00,3.29,3.307,3.233,3.297,11797862.0,3852326656.0
2026-02-05 15:00:00,3.264,3.278,3.227,3.238,9852893.0,3200834304.0
2026-02-06 15:00:00,3.21,3.275,3.187,3.229,8785306.0,2843474176.0
2026-02-09 15:00:00,3.288,3.327,3.263,3.321,9896213.0,3265112576.0
2026-02-10 15:00:00,3.327,3.335,3.307,3.311,5381155.0,1786183424.0
2026-02-11 15:00:00,3.3,3.312,3.272,3.273,8118673.0,2669085952.0
2026-02-12 15:00:00,3.28,3.323,3.277,3.319,9516282.0,3145580544.0
2026-02-13 15:00:00,3.303,3.313,3.263,3.265,9359663.0,3077154560.0
2026-02-24 15:00:00,3.318,3.331,3.282,3.295,9249640.0,3059399936.0
2026-02-25 15:00:00,3.301,3.352,3.293,3.344,11022264.0,3669068288.0
2026-02-26 15:00:00,3.338,3.343,3.301,3.336,8912843.0,2959414784.0
2026-02-27 15:00:00,3.31,3.317,3.283,3.301,12708820.0,4189212928.0
2026-03-02 15:00:00,3.251,3.308,3.25,3.282,16917592.0,5551369216.0
2026-03-03 15:00:00,3.303,3.32,3.198,3.205,16751168.0,5460114944.0
2026-03-04 15:00:00,3.17,3.207,3.138,3.154,14046227.0,4453321216.0
2026-03-05 15:00:00,3.216,3.254,3.183,3.206,15918683.0,5123994624.0
2026-03-06 15:00:00,3.191,3.238,3.169,3.225,8594461.0,2755966720.0
2026-03-09 15:00:00,3.183,3.21,3.1,3.201,13719188.0,4311143424.0
2026-03-10 15:00:00,3.267,3.298,3.252,3.296,12409335.0,4069373184.0
2026-03-11 15:00:00,3.303,3.377,3.303,3.335,10731784.0,3585290240.0
2026-03-12 15:00:00,3.34,3.35,3.278,3.308,7876461.0,2601723392.0
2026-03-13 15:00:00,3.29,3.334,3.28,3.3,8097918.0,2682651136.0
2026-03-16 15:00:00,3.308,3.35,3.275,3.349,10653744.0,3529085184.0
2026-03-17 15:00:00,3.369,3.379,3.271,3.273,11597774.0,3853089024.0
2026-03-18 15:00:00,3.293,3.341,3.265,3.338,11208680.0,3701559552.0
2026-03-19 15:00:00,3.297,3.353,3.287,3.303,12469345.0,4139744512.0
2026-03-20 15:00:00,3.337,3.417,3.337,3.341,19596728.0,6613612544.0
2026-03-23 15:00:00,3.3,3.326,3.206,3.228,16832932.0,5505326592.0
2026-03-24 15:00:00,3.275,3.277,3.145,3.237,14810267.0,4747716096.0
2026-03-25 15:00:00,3.279,3.315,3.262,3.307,11788367.0,3885554432.0
2026-03-26 15:00:00,3.306,3.338,3.256,3.263,9530419.0,3137106176.0
2026-03-27 15:00:00,3.241,3.313,3.221,3.293,9411777.0,3079352064.0
2026-03-30 15:00:00,3.242,3.273,3.216,3.264,9884804.0,3210679552.0
2026-03-31 15:00:00,3.248,3.272,3.178,3.182,13794789.0,4434723840.0
2026-04-01 15:00:00,3.245,3.247,3.2,3.232,11374568.0,3666283776.0
2026-04-02 15:00:00,3.224,3.224,3.148,3.164,10357474.0,3296758528.0
2026-04-03 15:00:00,3.182,3.189,3.139,3.141,7353195.0,2326714624.0
2026-04-07 15:00:00,3.153,3.173,3.125,3.151,7493724.0,2361499136.0
2026-04-08 15:00:00,3.241,3.345,3.235,3.345,14569399.0,4785824768.0
2026-04-09 15:00:00,3.316,3.331,3.292,3.32,7267214.0,2407159552.0
2026-04-10 15:00:00,3.339,3.462,3.339,3.437,13933265.0,4765722112.0
2026-04-13 15:00:00,3.43,3.485,3.421,3.468,10417629.0,3606546176.0
2026-04-14 15:00:00,3.501,3.552,3.484,3.55,10632436.0,3744100608.0
2026-04-15 15:00:00,3.589,3.595,3.482,3.511,13524690.0,4785008640.0
2026-04-16 15:00:00,3.522,3.624,3.511,3.624,14796541.0,5298080768.0
2026-04-17 15:00:00,3.638,3.678,3.61,3.67,15033059.0,5489998848.0
2026-04-20 15:00:00,3.657,3.689,3.636,3.672,14853588.0,5444544512.0
2026-04-21 15:00:00,3.663,3.688,3.614,3.681,13828383.0,5051182080.0
2026-04-22 15:00:00,3.66,3.761,3.66,3.758,18615006.0,6923894784.0
2026-04-23 15:00:00,3.769,3.789,3.684,3.728,14580922.0,5446609920.0
2026-04-24 15:00:00,3.689,3.704,3.63,3.674,17128264.0,6285359104.0
2026-04-27 15:00:00,3.68,3.691,3.643,3.652,9604111.0,3519636480.0
2026-04-28 15:00:00,3.63,3.643,3.588,3.602,11061019.0,3998704640.0
2026-04-29 15:00:00,3.585,3.7,3.578,3.694,10641460.0,3886447360.0
2026-04-30 15:00:00,3.703,3.727,3.668,3.689,10039840.0,3710117120.0
2026-05-06 15:00:00,3.763,3.824,3.733,3.786,19639486.0,7445851648.0
2026-05-07 15:00:00,3.814,3.849,3.769,3.845,8949955.0,3408781824.0
2026-05-08 15:00:00,3.811,3.851,3.796,3.806,9696180.0,3704430848.0
2026-05-11 15:00:00,3.834,3.947,3.806,3.947,13488228.0,5237822464.0
2026-05-12 15:00:00,3.952,3.966,3.907,3.94,12480832.0,4919168000.0
2026-05-13 15:00:00,3.91,4.054,3.904,4.048,12150099.0,4827427840.0
2026-05-14 15:00:00,4.092,4.104,3.948,3.961,14719688.0,5906571264.0
2026-05-15 15:00:00,3.961,4.015,3.88,3.97,19036008.0,7510651392.0
2026-05-18 15:00:00,3.912,3.971,3.892,3.923,13870922.0,5450614784.0
2026-05-19 15:00:00,3.901,3.931,3.82,3.922,14732403.0,5712080384.0
2026-05-20 15:00:00,3.895,3.959,3.895,3.932,11602679.0,4551860224.0
2026-05-21 15:00:00,3.97,4.029,3.835,3.846,18284144.0,7219558912.0
2026-05-22 15:00:00,3.877,3.959,3.866,3.946,14475800.0,5660833792.0
2026-05-25 15:00:00,3.982,4.034,3.916,4.034,13650326.0,5436397056.0
2026-05-26 15:00:00,4.012,4.07,3.997,4.055,16023246.0,6460251136.0
2026-05-27 15:00:00,4.053,4.158,4.027,4.056,17473332.0,7161587200.0
2026-05-28 15:00:00,4.039,4.148,3.984,4.138,14011681.0,5679122944.0
2026-05-29 15:00:00,4.143,4.174,4.022,4.053,16171881.0,6627594240.0
2026-06-01 15:00:00,4.047,4.094,3.956,3.964,13224451.0,5325030912.0
2026-06-02 15:00:00,3.981,4.098,3.959,4.071,14821750.0,5968727552.0
2026-06-03 15:00:00,4.095,4.23,4.076,4.145,16490582.0,6853479936.0
2026-06-04 15:00:00,4.074,4.131,4.065,4.1,10599121.0,4344953856.0
2026-06-05 15:00:00,4.083,4.122,3.947,3.977,14663505.0,5925661184.0
2026-06-08 15:00:00,3.83,3.916,3.79,3.827,17916388.0,6918765056.0
2026-06-09 15:00:00,3.877,3.975,3.836,3.972,15787653.0,6169162240.0
2026-06-10 15:00:00,3.925,3.942,3.835,3.87,12698150.0,4932052480.0
2026-06-11 15:00:00,3.843,3.925,3.77,3.83,15131492.0,5811234816.0
2026-06-12 15:00:00,3.932,3.934,3.835,3.846,12496087.0,4861543936.0
2026-06-15 15:00:00,3.912,4.053,3.858,4.045,14610496.0,5783322624.0
2026-06-16 15:00:00,4.068,4.154,4.063,4.111,10921491.0,4481671168.0
2026-06-17 15:00:00,4.086,4.183,4.071,4.183,10937037.0,4511811584.0
2026-06-18 15:00:00,4.169,4.288,4.16,4.269,10580532.0,4493982720.0
2026-06-22 15:00:00,4.291,4.379,4.24,4.379,15925980.0,6869550080.0
2026-06-23 15:00:00,4.379,4.379,4.17,4.21,18967384.0,8095280128.0
2026-06-24 15:00:00,4.206,4.271,4.174,4.258,16634732.0,7032563200.0
2026-06-25 15:00:00,4.287,4.395,4.254,4.395,13760513.0,5951167488.0
2026-06-26 15:00:00,4.328,4.344,4.19,4.215,15360303.0,6542724608.0
2026-06-29 15:00:00,4.2,4.28,4.118,4.236,15535904.0,6516025344.0
2026-06-30 15:00:00,4.224,4.37,4.221,4.364,11087849.0,4776124416.0
2026-07-01 15:00:00,4.364,4.378,4.234,4.274,12692150.0,5484765696.0
2026-07-02 15:00:00,4.207,4.207,4.016,4.036,18764852.0,7700525056.0
2026-07-03 15:00:00,4.002,4.13,4.0,4.037,13752184.0,5595214336.0
2026-07-06 15:00:00,4.051,4.077,3.918,3.97,12422136.0,4961682432.0
2026-07-07 15:00:00,3.93,3.991,3.872,3.932,13412604.0,5277354496.0
2026-07-08 15:00:00,3.948,3.98,3.842,3.867,16494278.0,6443919360.0
2026-07-09 15:00:00,3.904,4.048,3.831,4.04,19492044.0,7646989312.0
2026-07-10 15:00:00,4.046,4.088,3.86,3.862,19048314.0,7609789440.0
2026-07-13 15:00:00,3.81,3.876,3.712,3.751,19042356.0,7214651904.0
2026-07-14 15:00:00,3.739,3.874,3.693,3.867,23142776.0,8767464448.0
2026-07-15 15:00:00,3.885,3.925,3.812,3.828,17779718.0,6879496192.0
2026-07-16 15:00:00,3.769,3.816,3.68,3.723,20748558.0,7769713664.0
2026-07-17 15:00:00,3.679,3.679,3.408,3.463,43622984.0,15426969600.0
2026-07-20 15:00:00,3.512,3.572,3.358,3.477,56299392.0,19456636928.0
2026-07-21 15:00:00,3.488,3.713,3.393,3.709,42769292.0,15265724416.0
2026-07-22 15:00:00,3.65,3.716,3.575,3.586,25917736.0,9480428544.0
2026-07-23 15:00:00,3.597,3.645,3.559,3.597,17742764.0,6389409792.0
2026-07-24 15:00:00,3.536,3.584,3.507,3.508,18185050.0,6442931200.0
2026-07-27 15:00:00,3.502,3.618,3.47,3.612,18966400.0,6740596736.0
2026-07-28 15:00:00,3.513,3.538,3.335,3.355,37337712.0,12793024512.0
2026-07-29 15:00:00,3.346,3.435,3.273,3.402,37079184.0,12446157824.0
2026-07-30 15:00:00,3.35,3.379,3.182,3.27,51464920.0,16874598400.0
2026-07-31 15:00:00,3.437,3.486,3.367,3.368,43947412.0,15089205248.0
2026-08-03 15:00:00,3.323,3.365,3.3,3.325,19144860.0,6381406208.0
2026-08-04 15:00:00,3.375,3.533,3.361,3.514,27905764.0,9646117888.0
2026-08-05 15:00:00,3.4,3.607,3.4,3.56,30236016.0,10611238912.0
2026-08-06 15:00:00,3.497,3.596,3.465,3.54,20671226.0,7293014016.0
2026-08-07 15:00:00,3.54,3.636,3.529,3.586,21234974.0,7613154304.0
2026-08-10 15:00:00,3.586,3.601,3.495,3.559,16580700.0,5864197120.0
2026-08-11 15:00:00,3.545,3.62,3.535,3.565,14968815.0,5356012032.0
