date,open,high,low,close,vol,amount
2016-11-04 15:00:00,1.002,1.007,0.998,1.0,2239923.0,224852464.0
2016-11-07 15:00:00,0.999,1.003,0.996,0.998,234469.0,23440744.0
2016-11-08 15:00:00,0.998,1.007,0.998,1.005,511343.0,51338296.0
2016-11-09 15:00:00,1.004,1.006,0.98,0.998,128733.0,12875264.0
2016-11-10 15:00:00,1.003,1.013,1.003,1.012,428870.0,43268676.0
2016-11-11 15:00:00,1.011,1.015,1.008,1.015,138440.0,14015826.0
2016-11-14 15:00:00,1.011,1.02,1.011,1.016,153771.0,15637447.0
2016-11-15 15:00:00,1.015,1.024,1.015,1.024,178394.0,18184134.0
2016-11-16 15:00:00,1.017,1.03,1.017,1.023,125796.0,12907083.0
2016-11-17 15:00:00,1.019,1.023,1.015,1.02,62557.0,6368497.0
2016-11-18 15:00:00,1.02,1.024,1.015,1.017,66260.0,6754495.5
2016-11-21 15:00:00,1.015,1.022,1.015,1.02,86622.0,8820110.0
2016-11-22 15:00:00,1.019,1.028,1.019,1.028,91309.0,9342661.0
2016-11-23 15:00:00,1.027,1.029,1.021,1.023,77719.0,7970302.5
2016-11-24 15:00:00,1.02,1.02,1.012,1.014,50264.0,5115925.0
2016-11-25 15:00:00,1.013,1.014,0.984,1.013,51735.0,5216981.5
2016-11-28 15:00:00,1.01,1.018,1.01,1.015,33398.0,3393261.25
2016-11-29 15:00:00,1.015,1.015,1.008,1.008,40154.0,4060795.5
2016-11-30 15:00:00,1.007,1.007,1.0,1.003,21189.0,2125217.25
2016-12-01 15:00:00,1.003,1.005,1.0,1.004,14699.0,1473037.0
2016-12-02 15:00:00,1.004,1.004,0.996,0.997,27610.0,2758824.5
2016-12-05 15:00:00,0.989,0.999,0.986,0.991,21767.0,2151978.25
2016-12-06 15:00:00,0.982,0.991,0.981,0.984,31430.0,3095222.5
2016-12-07 15:00:00,0.987,0.995,0.983,0.995,15745.0,1556866.0
2016-12-08 15:00:00,0.994,0.994,0.986,0.986,23638.0,2345323.75
2016-12-09 15:00:00,0.988,0.99,0.983,0.985,13030.0,1285442.5
2016-12-12 15:00:00,0.985,0.985,0.92,0.925,41068.0,3892286.75
2016-12-13 15:00:00,0.929,0.95,0.91,0.929,24822.0,2293228.0
2016-12-14 15:00:00,0.922,0.94,0.922,0.923,5331.0,494798.8125
2016-12-15 15:00:00,0.923,0.94,0.917,0.935,14241.0,1328618.125
2016-12-16 15:00:00,0.932,0.948,0.926,0.948,11847.0,1113290.5
2016-12-19 15:00:00,0.94,0.944,0.933,0.935,11147.0,1046481.0
2016-12-20 15:00:00,0.933,0.97,0.933,0.943,8337.0,789310.8125
2016-12-21 15:00:00,0.938,0.949,0.937,0.949,8807.0,831645.625
2016-12-22 15:00:00,0.949,0.952,0.935,0.948,5923.0,560778.8125
2016-12-23 15:00:00,0.953,0.953,0.939,0.94,5887.0,554180.125
2016-12-26 15:00:00,0.932,0.945,0.926,0.944,8052.0,751629.0
2016-12-27 15:00:00,0.944,0.945,0.933,0.943,8616.0,811894.1875
2016-12-28 15:00:00,0.94,0.943,0.936,0.939,6321.0,594131.0
2016-12-29 15:00:00,0.934,0.943,0.934,0.935,1838.0,172385.796875
2016-12-30 15:00:00,0.935,0.944,0.932,0.938,3029.0,283448.1875
2017-01-03 15:00:00,0.938,0.945,0.938,0.944,12068.0,1137820.125
2017-01-04 15:00:00,0.941,0.96,0.941,0.957,20473.0,1946627.375
2017-01-05 15:00:00,0.952,0.964,0.952,0.954,16542.0,1590979.5
2017-01-06 15:00:00,0.954,0.959,0.948,0.955,17297.0,1650287.375
2017-01-09 15:00:00,0.946,0.96,0.946,0.959,7979.0,760892.0
2017-01-10 15:00:00,0.96,0.97,0.955,0.955,8180.0,784523.125
2017-01-11 15:00:00,0.951,0.961,0.941,0.95,4168.0,395289.5
2017-01-12 15:00:00,0.94,0.948,0.94,0.944,3042.0,286684.09375
2017-01-13 15:00:00,0.944,0.95,0.93,0.935,4922.0,461906.6875
2017-01-16 15:00:00,0.941,0.941,0.9,0.909,11938.0,1097504.25
2017-01-17 15:00:00,0.909,0.919,0.907,0.915,6367.0,581616.1875
2017-01-18 15:00:00,0.915,0.918,0.905,0.914,5790.0,526994.875
2017-01-19 15:00:00,0.914,0.914,0.882,0.905,14758.0,1319669.25
2017-01-20 15:00:00,0.896,0.906,0.892,0.902,41953.0,3768716.25
2017-01-23 15:00:00,0.905,0.916,0.902,0.912,30977.0,2827491.5
2017-01-24 15:00:00,0.909,0.915,0.905,0.906,13729.0,1244830.125
2017-01-25 15:00:00,0.904,0.912,0.904,0.909,12197.0,1107916.75
2017-01-26 15:00:00,0.911,0.917,0.911,0.917,8564.0,783697.0
2017-02-03 15:00:00,0.918,0.919,0.91,0.915,2678.0,244503.5
2017-02-06 15:00:00,0.913,0.925,0.913,0.925,28183.0,2598405.25
2017-02-07 15:00:00,0.922,0.927,0.92,0.927,2634.0,243331.25
2017-02-08 15:00:00,0.927,0.933,0.919,0.931,8627.0,796979.375
2017-02-09 15:00:00,0.931,0.941,0.931,0.94,7244.0,680215.125
2017-02-10 15:00:00,0.939,0.941,0.937,0.939,9383.0,880670.125
2017-02-13 15:00:00,0.937,0.949,0.937,0.943,27079.0,2558283.0
2017-02-14 15:00:00,0.943,0.945,0.94,0.942,5279.0,497414.3125
2017-02-15 15:00:00,0.943,0.943,0.932,0.936,16016.0,1505025.0
2017-02-16 15:00:00,0.937,0.942,0.935,0.941,7587.0,712421.8125
2017-02-17 15:00:00,0.942,0.942,0.931,0.935,4951.0,463402.09375
2017-02-20 15:00:00,0.936,0.943,0.932,0.943,29414.0,2761142.75
2017-02-21 15:00:00,0.941,0.953,0.941,0.953,58520.0,5539069.5
2017-02-22 15:00:00,0.952,0.956,0.949,0.953,35558.0,3389480.25
2017-02-23 15:00:00,0.955,0.955,0.947,0.955,20297.0,1934158.125
2017-02-24 15:00:00,0.955,0.96,0.952,0.959,21756.0,2080033.25
2017-02-27 15:00:00,0.955,0.96,0.951,0.952,30238.0,2888700.0
2017-02-28 15:00:00,0.952,0.954,0.949,0.953,12735.0,1210684.125
2017-03-01 15:00:00,0.952,0.959,0.952,0.956,98238.0,9401570.0
2017-03-02 15:00:00,0.957,0.96,0.95,0.95,16287.0,1555904.75
2017-03-03 15:00:00,0.95,0.956,0.945,0.956,22344.0,2129459.25
2017-03-06 15:00:00,0.975,0.977,0.956,0.967,5723.0,553354.6875
2017-03-07 15:00:00,0.967,0.969,0.963,0.968,11998.0,1159566.125
2017-03-08 15:00:00,0.965,0.968,0.962,0.964,25478.0,2459237.5
2017-03-09 15:00:00,0.962,0.962,0.955,0.958,6964.0,668127.375
2017-03-10 15:00:00,0.96,0.962,0.957,0.959,4816.0,461546.1875
2017-03-13 15:00:00,0.941,0.97,0.941,0.97,83822.0,8023253.0
2017-03-14 15:00:00,0.97,0.97,0.962,0.964,14818.0,1434080.25
2017-03-15 15:00:00,0.961,0.964,0.96,0.963,11576.0,1114724.625
2017-03-16 15:00:00,0.964,0.976,0.964,0.975,51359.0,4987762.0
2017-03-17 15:00:00,0.975,0.98,0.966,0.967,17883.0,1746034.625
2017-03-20 15:00:00,0.967,0.971,0.965,0.97,9335.0,903613.625
2017-03-21 15:00:00,0.971,0.973,0.969,0.973,36535.0,3550935.0
2017-03-22 15:00:00,0.973,0.973,0.963,0.968,9445.0,914828.0
2017-03-23 15:00:00,0.968,0.971,0.958,0.967,19106.0,1847371.5
2017-03-24 15:00:00,0.967,0.97,0.964,0.97,12798.0,1237631.875
2017-03-27 15:00:00,0.969,0.972,0.965,0.968,38449.0,3724003.75
2017-03-28 15:00:00,0.967,0.97,0.965,0.966,17676.0,1710443.125
2017-03-29 15:00:00,0.964,0.966,0.957,0.957,16926.0,1631301.75
2017-03-30 15:00:00,0.956,0.956,0.937,0.939,16159.0,1525335.375
2017-03-31 15:00:00,0.94,0.96,0.937,0.941,32696.0,3083407.5
2017-04-05 15:00:00,0.941,0.964,0.941,0.964,21209.0,2033053.375
2017-04-06 15:00:00,0.962,0.967,0.96,0.965,10995.0,1060479.75
2017-04-07 15:00:00,0.964,0.967,0.964,0.965,14709.0,1419676.25
2017-04-10 15:00:00,0.962,0.963,0.954,0.955,9823.0,939664.625
2017-04-11 15:00:00,0.955,0.963,0.948,0.962,35165.0,3358710.0
2017-04-12 15:00:00,0.956,0.963,0.956,0.956,34042.0,3269137.0
2017-04-13 15:00:00,0.954,0.962,0.954,0.959,3041.0,291880.59375
2017-04-14 15:00:00,0.959,0.959,0.947,0.948,16273.0,1551205.25
2017-04-17 15:00:00,0.944,0.944,0.928,0.931,9341.0,872251.875
2017-04-18 15:00:00,0.93,0.936,0.924,0.925,9439.0,876497.3125
2017-04-19 15:00:00,0.925,0.925,0.901,0.913,16362.0,1487164.25
2017-04-20 15:00:00,0.917,0.917,0.903,0.907,13030.0,1188222.75
2017-04-21 15:00:00,0.91,0.913,0.905,0.907,7734.0,702046.125
2017-04-24 15:00:00,0.907,0.907,0.881,0.9,10414.0,925675.375
2017-04-25 15:00:00,0.889,0.901,0.879,0.881,17396.0,1535387.5
2017-04-26 15:00:00,0.881,0.884,0.879,0.883,6963.0,614683.1875
2017-04-27 15:00:00,0.882,0.888,0.865,0.886,18722.0,1631078.75
2017-04-28 15:00:00,0.886,0.892,0.885,0.892,7151.0,635972.1875
2017-05-02 15:00:00,0.89,0.892,0.888,0.892,3932.0,350145.09375
2017-05-03 15:00:00,0.892,0.892,0.885,0.891,13687.0,1217588.25
2017-05-04 15:00:00,0.884,0.895,0.884,0.888,2996.0,266275.6875
2017-05-05 15:00:00,0.884,0.886,0.877,0.877,3845.0,339057.40625
2017-05-08 15:00:00,0.874,0.875,0.86,0.86,7187.0,622844.8125
2017-05-09 15:00:00,0.861,0.865,0.852,0.864,7467.0,639984.5
2017-05-10 15:00:00,0.865,0.868,0.849,0.849,6199.0,531902.6875
2017-05-11 15:00:00,0.859,0.859,0.82,0.84,13570.0,1129901.875
2017-05-12 15:00:00,0.841,0.843,0.833,0.84,5257.0,441052.5
2017-05-15 15:00:00,0.843,0.846,0.841,0.841,1430.0,120652.203125
2017-05-16 15:00:00,0.841,0.861,0.835,0.86,5894.0,501897.0
2017-05-17 15:00:00,0.861,0.867,0.861,0.862,9256.0,798824.6875
2017-05-18 15:00:00,0.844,0.864,0.844,0.857,6286.0,539198.875
2017-05-19 15:00:00,0.859,0.859,0.851,0.855,3065.0,262423.8125
2017-05-22 15:00:00,0.853,0.858,0.839,0.841,4957.0,419715.40625
2017-05-23 15:00:00,0.842,0.842,0.813,0.815,26662.0,2183178.5
2017-05-24 15:00:00,0.813,0.82,0.798,0.819,12217.0,989546.3125
2017-05-25 15:00:00,0.818,0.828,0.81,0.825,4594.0,376933.09375
2017-05-26 15:00:00,0.826,0.845,0.825,0.828,8070.0,670720.8125
2017-05-31 15:00:00,0.829,0.837,0.829,0.83,5801.0,482435.6875
2017-06-01 15:00:00,0.823,0.823,0.801,0.801,5466.0,442519.90625
2017-06-02 15:00:00,0.801,0.815,0.794,0.812,12819.0,1023962.6875
2017-06-05 15:00:00,0.813,0.821,0.813,0.818,16664.0,1361771.75
2017-06-06 15:00:00,0.817,0.823,0.817,0.821,10518.0,860753.3125
2017-06-07 15:00:00,0.821,0.841,0.821,0.841,27702.0,2315760.25
2017-06-08 15:00:00,0.841,0.85,0.838,0.839,29629.0,2497027.0
2017-06-09 15:00:00,0.839,0.841,0.833,0.841,8832.0,739771.0
2017-06-12 15:00:00,0.841,0.841,0.826,0.827,30483.0,2537481.5
2017-06-13 15:00:00,0.827,0.841,0.827,0.841,11064.0,922897.3125
2017-06-14 15:00:00,0.84,0.843,0.839,0.84,8729.0,733864.6875
2017-06-15 15:00:00,0.838,0.855,0.838,0.854,32793.0,2788484.0
2017-06-16 15:00:00,0.852,0.855,0.85,0.854,7980.0,680444.1875
2017-06-19 15:00:00,0.854,0.858,0.851,0.858,10006.0,855551.625
2017-06-20 15:00:00,0.859,0.864,0.841,0.856,36794.0,3156309.0
2017-06-21 15:00:00,0.856,0.86,0.852,0.857,5396.0,461431.0
2017-06-22 15:00:00,0.857,0.857,0.842,0.842,2909.0,248062.796875
2017-06-23 15:00:00,0.84,0.845,0.832,0.845,5474.0,460309.90625
2017-06-26 15:00:00,0.844,0.855,0.841,0.855,5936.0,503262.5
2017-06-27 15:00:00,0.855,0.858,0.85,0.853,7272.0,620670.375
2017-06-28 15:00:00,0.853,0.853,0.847,0.849,4771.0,405787.3125
2017-06-29 15:00:00,0.853,0.857,0.85,0.852,4588.0,391443.8125
2017-06-30 15:00:00,0.851,0.855,0.85,0.855,3667.0,312380.90625
2017-07-03 15:00:00,0.855,0.863,0.852,0.863,8790.0,754815.0
2017-07-04 15:00:00,0.861,0.863,0.858,0.859,6069.0,521734.5
2017-07-05 15:00:00,0.861,0.867,0.859,0.867,9404.0,810259.1875
2017-07-06 15:00:00,0.866,0.873,0.862,0.871,5563.0,483460.1875
2017-07-07 15:00:00,0.867,0.872,0.867,0.871,1172.0,102006.203125
2017-07-10 15:00:00,0.872,0.872,0.865,0.866,5478.0,475608.0
2017-07-11 15:00:00,0.868,0.868,0.855,0.855,4329.0,372410.1875
2017-07-12 15:00:00,0.857,0.859,0.841,0.854,9606.0,814219.8125
2017-07-13 15:00:00,0.853,0.857,0.853,0.854,1380.0,117937.5
2017-07-14 15:00:00,0.854,0.854,0.85,0.852,557.0,47468.3984375
2017-07-17 15:00:00,0.847,0.847,0.804,0.805,13065.0,1065111.75
2017-07-18 15:00:00,0.805,0.815,0.803,0.815,100728.0,8151922.5
2017-07-19 15:00:00,0.813,0.825,0.812,0.825,6799.0,556263.0
2017-07-20 15:00:00,0.815,0.835,0.815,0.829,8768.0,728082.625
2017-07-21 15:00:00,0.828,0.833,0.828,0.829,2657.0,220422.09375
2017-07-24 15:00:00,0.828,0.836,0.828,0.835,3653.0,304450.0
2017-07-25 15:00:00,0.835,0.835,0.831,0.835,3067.0,255292.09375
2017-07-26 15:00:00,0.833,0.835,0.832,0.834,7446.0,620599.3125
2017-07-27 15:00:00,0.834,0.848,0.832,0.848,10432.0,875860.0
2017-07-28 15:00:00,0.846,0.85,0.845,0.849,10046.0,849320.6875
2017-07-31 15:00:00,0.846,0.855,0.846,0.855,8553.0,728357.375
2017-08-01 15:00:00,0.855,0.857,0.852,0.855,20464.0,1749040.375
2017-08-02 15:00:00,0.855,0.855,0.847,0.849,4010.0,341331.90625
2017-08-03 15:00:00,0.849,0.856,0.847,0.852,12709.0,1080608.5
2017-08-04 15:00:00,0.851,0.856,0.848,0.848,14034.0,1195809.0
2017-08-07 15:00:00,0.848,0.856,0.848,0.856,3281.0,279458.40625
2017-08-08 15:00:00,0.856,0.86,0.853,0.859,6702.0,573684.0
2017-08-09 15:00:00,0.856,0.862,0.856,0.861,9338.0,801026.625
2017-08-10 15:00:00,0.861,0.862,0.85,0.855,4408.0,376588.40625
2017-08-11 15:00:00,0.853,0.853,0.84,0.841,9133.0,774907.875
2017-08-14 15:00:00,0.841,0.87,0.841,0.87,78898.0,6725925.5
2017-08-15 15:00:00,0.862,0.864,0.858,0.864,33722.0,2906629.25
2017-08-16 15:00:00,0.863,0.87,0.86,0.869,11960.0,1034259.875
2017-08-17 15:00:00,0.869,0.877,0.869,0.876,4374.0,381730.6875
2017-08-18 15:00:00,0.869,0.875,0.869,0.871,2655.0,231358.203125
2017-08-21 15:00:00,0.869,0.878,0.869,0.878,21842.0,1908600.75
2017-08-22 15:00:00,0.875,0.876,0.871,0.872,1965.0,171717.796875
2017-08-23 15:00:00,0.872,0.874,0.863,0.867,47621.0,4133315.0
2017-08-24 15:00:00,0.867,0.868,0.859,0.862,25150.0,2172387.25
2017-08-25 15:00:00,0.861,0.871,0.861,0.871,8018.0,692655.375
2017-08-28 15:00:00,0.872,0.883,0.872,0.877,22820.0,2002120.375
2017-08-29 15:00:00,0.878,0.88,0.875,0.877,29913.0,2623635.0
2017-08-30 15:00:00,0.876,0.881,0.876,0.881,7338.0,644918.0
2017-08-31 15:00:00,0.881,0.884,0.881,0.884,12869.0,1135979.625
2017-09-01 15:00:00,0.884,0.892,0.883,0.892,17446.0,1546237.25
2017-09-04 15:00:00,0.893,0.899,0.891,0.898,16820.0,1506732.5
2017-09-05 15:00:00,0.898,0.898,0.891,0.895,5239.0,468619.09375
2017-09-06 15:00:00,0.895,0.903,0.894,0.903,34122.0,3060840.25
2017-09-07 15:00:00,0.903,0.908,0.899,0.899,9313.0,840713.125
2017-09-08 15:00:00,0.898,0.904,0.895,0.901,8750.0,787885.625
2017-09-11 15:00:00,0.901,0.938,0.9,0.912,20919.0,1894599.25
2017-09-12 15:00:00,0.911,0.915,0.9,0.91,67083.0,6096633.0
2017-09-13 15:00:00,0.91,0.913,0.905,0.912,4840.0,439940.0
2017-09-14 15:00:00,0.912,0.916,0.907,0.908,9987.0,909116.8125
2017-09-15 15:00:00,0.908,0.914,0.903,0.907,54564.0,4953012.0
2017-09-18 15:00:00,0.907,0.915,0.906,0.914,43214.0,3923592.5
2017-09-19 15:00:00,0.915,0.917,0.908,0.911,3073.0,280073.5
2017-09-20 15:00:00,0.911,0.918,0.909,0.918,18742.0,1711161.625
2017-09-21 15:00:00,0.918,0.918,0.907,0.907,1426.0,130370.8984375
2017-09-22 15:00:00,0.906,0.907,0.899,0.905,9595.0,866096.5
2017-09-25 15:00:00,0.905,0.905,0.89,0.891,3681.0,328605.8125
2017-09-26 15:00:00,0.891,0.894,0.888,0.892,10554.0,940326.5
2017-09-27 15:00:00,0.895,0.901,0.895,0.9,4170.0,374729.8125
2017-09-28 15:00:00,0.9,0.9,0.895,0.895,15736.0,1414861.5
2017-09-29 15:00:00,0.898,0.905,0.898,0.904,21502.0,1938689.0
2017-10-09 15:00:00,0.904,0.916,0.904,0.916,20686.0,1889062.375
2017-10-10 15:00:00,0.917,0.924,0.914,0.924,21417.0,1970735.75
2017-10-11 15:00:00,0.922,0.922,0.919,0.92,15973.0,1469892.25
2017-10-12 15:00:00,0.918,0.918,0.911,0.917,3085.0,282170.5
2017-10-13 15:00:00,0.917,0.921,0.914,0.92,1589.0,145977.09375
2017-10-16 15:00:00,0.92,0.92,0.902,0.902,5597.0,508899.09375
2017-10-17 15:00:00,0.902,0.907,0.898,0.902,4384.0,395514.5
2017-10-18 15:00:00,0.902,0.905,0.894,0.894,21197.0,1910293.25
2017-10-19 15:00:00,0.895,0.895,0.882,0.887,6227.0,551992.625
2017-10-20 15:00:00,0.886,0.896,0.885,0.895,10653.0,950181.375
2017-10-23 15:00:00,0.896,0.9,0.896,0.9,11865.0,1065641.875
2017-10-24 15:00:00,0.903,0.903,0.888,0.894,1163.0,103844.3984375
2017-10-25 15:00:00,0.893,0.9,0.892,0.899,1950.0,174621.296875
2017-10-26 15:00:00,0.897,0.905,0.897,0.905,6109.0,550354.6875
2017-10-27 15:00:00,0.903,0.904,0.899,0.899,3318.0,299554.09375
2017-10-30 15:00:00,0.899,0.899,0.871,0.877,4715.0,414823.0
2017-10-31 15:00:00,0.878,0.882,0.876,0.882,2165.0,190204.59375
2017-11-01 15:00:00,0.883,0.886,0.883,0.883,1625.0,143666.09375
2017-11-02 15:00:00,0.883,0.883,0.874,0.875,4316.0,378116.90625
2017-11-03 15:00:00,0.875,0.876,0.864,0.867,10915.0,946430.0
2017-11-06 15:00:00,0.867,0.874,0.864,0.874,5255.0,456304.3125
2017-11-07 15:00:00,0.872,0.879,0.872,0.879,8087.0,707632.3125
2017-11-08 15:00:00,0.879,0.886,0.878,0.882,6151.0,543574.8125
2017-11-09 15:00:00,0.882,0.886,0.882,0.886,2461.0,217641.5
2017-11-10 15:00:00,0.886,0.892,0.885,0.89,35961.0,3191095.5
2017-11-13 15:00:00,0.891,0.892,0.888,0.891,6693.0,595066.1875
2017-11-14 15:00:00,0.889,0.892,0.883,0.884,16102.0,1426041.625
2017-11-15 15:00:00,0.887,0.887,0.876,0.878,1978.0,173932.5
2017-11-16 15:00:00,0.875,0.88,0.875,0.876,2594.0,227659.90625
2017-11-17 15:00:00,0.874,0.874,0.819,0.822,49293.0,4156102.0
2017-11-20 15:00:00,0.844,0.852,0.826,0.849,56507.0,4750950.0
2017-11-21 15:00:00,0.85,0.852,0.843,0.848,7247.0,614099.5
2017-11-22 15:00:00,0.846,0.853,0.84,0.848,12964.0,1100803.5
2017-11-23 15:00:00,0.846,0.846,0.829,0.83,5820.0,487172.8125
2017-11-24 15:00:00,0.834,0.835,0.826,0.832,4274.0,354986.59375
2017-11-27 15:00:00,0.832,0.833,0.822,0.822,7709.0,639373.0
2017-11-28 15:00:00,0.822,0.837,0.822,0.836,18290.0,1517212.75
2017-11-29 15:00:00,0.837,0.838,0.829,0.837,16243.0,1353216.875
2017-11-30 15:00:00,0.835,0.838,0.831,0.834,9920.0,828798.625
2017-12-01 15:00:00,0.833,0.842,0.832,0.84,7641.0,640964.375
2017-12-04 15:00:00,0.841,0.841,0.83,0.83,15469.0,1297650.0
2017-12-05 15:00:00,0.831,0.832,0.806,0.811,32585.0,2665062.75
2017-12-06 15:00:00,0.818,0.82,0.804,0.819,16674.0,1351102.75
2017-12-07 15:00:00,0.817,0.823,0.814,0.818,12568.0,1029583.8125
2017-12-08 15:00:00,0.819,0.828,0.818,0.821,43695.0,3595016.25
2017-12-11 15:00:00,0.825,0.833,0.825,0.832,13071.0,1083874.375
2017-12-12 15:00:00,0.829,0.833,0.822,0.822,49978.0,4125041.0
2017-12-13 15:00:00,0.824,0.832,0.822,0.83,41003.0,3384332.5
2017-12-14 15:00:00,0.83,0.832,0.828,0.832,23674.0,1964794.125
2017-12-15 15:00:00,0.829,0.832,0.826,0.83,37795.0,3133444.0
2017-12-18 15:00:00,0.831,0.831,0.822,0.824,15349.0,1265570.25
2017-12-19 15:00:00,0.825,0.83,0.824,0.829,15649.0,1295817.125
2017-12-20 15:00:00,0.829,0.829,0.82,0.821,12306.0,1013716.6875
2017-12-21 15:00:00,0.821,0.824,0.812,0.821,10428.0,851761.5
2017-12-22 15:00:00,0.819,0.825,0.819,0.82,5715.0,469834.90625
2017-12-25 15:00:00,0.821,0.822,0.81,0.81,26805.0,2183306.0
2017-12-26 15:00:00,0.813,0.82,0.807,0.817,44148.0,3601356.25
2017-12-27 15:00:00,0.817,0.818,0.812,0.815,14813.0,1209682.75
2017-12-28 15:00:00,0.816,0.819,0.811,0.814,8013.0,654373.3125
2017-12-29 15:00:00,0.817,0.824,0.815,0.822,7002.0,573236.625
2018-01-02 15:00:00,0.824,0.831,0.823,0.831,16427.0,1360312.875
2018-01-03 15:00:00,0.831,0.838,0.831,0.838,34866.0,2912101.75
2018-01-04 15:00:00,0.839,0.839,0.833,0.838,9157.0,766195.3125
2018-01-05 15:00:00,0.836,0.841,0.836,0.839,40483.0,3393846.0
2018-01-08 15:00:00,0.839,0.841,0.835,0.84,12683.0,1062618.875
2018-01-09 15:00:00,0.841,0.842,0.837,0.839,8102.0,679758.375
2018-01-10 15:00:00,0.84,0.841,0.83,0.835,9668.0,807543.625
2018-01-11 15:00:00,0.834,0.841,0.831,0.84,14087.0,1178007.875
2018-01-12 15:00:00,0.841,0.841,0.835,0.836,4021.0,336695.40625
2018-01-15 15:00:00,0.831,0.831,0.811,0.813,35487.0,2899865.5
2018-01-16 15:00:00,0.816,0.816,0.811,0.815,18730.0,1523498.75
2018-01-17 15:00:00,0.817,0.817,0.802,0.814,39516.0,3190629.25
2018-01-18 15:00:00,0.811,0.817,0.811,0.814,17407.0,1417745.625
2018-01-19 15:00:00,0.814,0.819,0.811,0.811,41705.0,3397299.25
2018-01-22 15:00:00,0.811,0.827,0.808,0.823,101225.0,8276789.5
2018-01-23 15:00:00,0.828,0.828,0.821,0.822,16024.0,1318683.0
2018-01-24 15:00:00,0.823,0.832,0.818,0.832,26347.0,2172814.5
2018-01-25 15:00:00,0.83,0.836,0.829,0.83,22965.0,1914355.875
2018-01-26 15:00:00,0.83,0.832,0.828,0.828,14850.0,1232070.0
2018-01-29 15:00:00,0.83,0.831,0.817,0.819,12458.0,1023405.875
2018-01-30 15:00:00,0.817,0.819,0.815,0.817,51111.0,4178869.0
2018-01-31 15:00:00,0.812,0.815,0.797,0.797,42221.0,3394125.75
2018-02-01 15:00:00,0.801,0.802,0.766,0.766,67532.0,5272459.0
2018-02-02 15:00:00,0.77,0.77,0.742,0.761,23589.0,1782998.125
2018-02-05 15:00:00,0.76,0.762,0.75,0.759,13363.0,1013213.125
2018-02-06 15:00:00,0.75,0.751,0.722,0.723,33327.0,2462642.0
2018-02-07 15:00:00,0.727,0.742,0.711,0.723,31889.0,2322755.75
2018-02-08 15:00:00,0.724,0.735,0.723,0.733,21668.0,1586248.75
2018-02-09 15:00:00,0.725,0.725,0.701,0.71,30056.0,2144651.0
2018-02-12 15:00:00,0.714,0.732,0.714,0.731,21037.0,1529966.875
2018-02-13 15:00:00,0.732,0.738,0.731,0.733,15550.0,1142752.25
2018-02-14 15:00:00,0.733,0.735,0.727,0.735,10748.0,785276.875
2018-02-22 15:00:00,0.74,0.747,0.737,0.746,12204.0,908660.0
2018-02-23 15:00:00,0.746,0.749,0.742,0.747,11018.0,822337.875
2018-02-26 15:00:00,0.75,0.765,0.75,0.765,17357.0,1313140.25
2018-02-27 15:00:00,0.766,0.772,0.764,0.77,46336.0,3564938.25
2018-02-28 15:00:00,0.77,0.774,0.761,0.771,11152.0,859226.6875
2018-03-01 15:00:00,0.771,0.782,0.768,0.782,18922.0,1468802.75
2018-03-02 15:00:00,0.779,0.784,0.771,0.779,16604.0,1293197.75
2018-03-05 15:00:00,0.779,0.783,0.778,0.783,8031.0,627889.625
2018-03-06 15:00:00,0.783,0.793,0.783,0.791,32058.0,2530326.75
2018-03-07 15:00:00,0.791,0.792,0.785,0.785,10520.0,829830.8125
2018-03-08 15:00:00,0.784,0.79,0.784,0.79,7917.0,624204.8125
2018-03-09 15:00:00,0.791,0.806,0.791,0.805,57073.0,4583809.5
2018-03-12 15:00:00,0.805,0.816,0.805,0.815,28735.0,2333670.5
2018-03-13 15:00:00,0.817,0.818,0.81,0.811,16192.0,1317429.75
2018-03-14 15:00:00,0.81,0.812,0.8,0.801,22459.0,1806973.0
2018-03-15 15:00:00,0.8,0.803,0.791,0.8,16984.0,1356189.25
2018-03-16 15:00:00,0.801,0.806,0.8,0.801,6801.0,546121.0
2018-03-19 15:00:00,0.801,0.806,0.796,0.801,7760.0,620738.0
2018-03-20 15:00:00,0.8,0.801,0.792,0.8,7792.0,619179.875
2018-03-21 15:00:00,0.802,0.808,0.796,0.796,12456.0,999881.1875
2018-03-22 15:00:00,0.797,0.799,0.79,0.794,8173.0,649300.6875
2018-03-23 15:00:00,0.788,0.788,0.743,0.754,58958.0,4458786.5
2018-03-26 15:00:00,0.755,0.766,0.734,0.764,31490.0,2370425.5
2018-03-27 15:00:00,0.766,0.788,0.766,0.787,24275.0,1896073.25
2018-03-28 15:00:00,0.782,0.785,0.777,0.781,11960.0,935249.8125
2018-03-29 15:00:00,0.782,0.787,0.78,0.787,7412.0,580733.8125
2018-03-30 15:00:00,0.787,0.8,0.787,0.799,15120.0,1201821.875
2018-04-02 15:00:00,0.799,0.809,0.797,0.803,14758.0,1186628.125
2018-04-03 15:00:00,0.799,0.799,0.789,0.794,15483.0,1226109.625
2018-04-04 15:00:00,0.796,0.799,0.787,0.789,6096.0,483830.09375
2018-04-09 15:00:00,0.789,0.793,0.779,0.789,9973.0,784442.3125
2018-04-10 15:00:00,0.79,0.791,0.78,0.79,4419.0,347280.90625
2018-04-11 15:00:00,0.79,0.798,0.79,0.796,8821.0,701468.875
2018-04-12 15:00:00,0.794,0.797,0.79,0.792,9079.0,721328.125
2018-04-13 15:00:00,0.79,0.796,0.789,0.79,5667.0,449464.0
2018-04-16 15:00:00,0.789,0.794,0.784,0.79,6267.0,493774.6875
2018-04-17 15:00:00,0.79,0.792,0.771,0.773,7063.0,552387.6875
2018-04-18 15:00:00,0.773,0.786,0.763,0.784,26348.0,2047418.75
2018-04-19 15:00:00,0.784,0.792,0.782,0.786,13103.0,1029610.6875
2018-04-20 15:00:00,0.785,0.786,0.77,0.771,15337.0,1194156.25
2018-04-23 15:00:00,0.772,0.783,0.751,0.762,13351.0,1014234.3125
2018-04-24 15:00:00,0.763,0.779,0.761,0.778,4034.0,309921.40625
2018-04-25 15:00:00,0.778,0.782,0.775,0.78,4649.0,362306.09375
2018-04-26 15:00:00,0.78,0.78,0.766,0.768,3079.0,238079.203125
2018-04-27 15:00:00,0.769,0.772,0.763,0.766,7466.0,572438.875
2018-05-02 15:00:00,0.767,0.777,0.76,0.765,3196.0,244360.796875
2018-05-03 15:00:00,0.765,0.771,0.754,0.771,2196.0,166953.09375
2018-05-04 15:00:00,0.771,0.773,0.768,0.771,4617.0,356099.0
2018-05-07 15:00:00,0.772,0.783,0.771,0.783,8484.0,661029.875
2018-05-08 15:00:00,0.783,0.787,0.782,0.786,6101.0,478339.1875
2018-05-09 15:00:00,0.786,0.787,0.784,0.785,3770.0,295921.09375
2018-05-10 15:00:00,0.787,0.79,0.786,0.79,25613.0,2020299.625
2018-05-11 15:00:00,0.791,0.791,0.783,0.784,12977.0,1019898.1875
2018-05-14 15:00:00,0.785,0.787,0.777,0.777,12991.0,1013144.6875
2018-05-15 15:00:00,0.78,0.786,0.776,0.785,5884.0,459140.0
2018-05-16 15:00:00,0.784,0.788,0.78,0.781,7791.0,610150.875
2018-05-17 15:00:00,0.782,0.784,0.777,0.778,4727.0,367855.09375
2018-05-18 15:00:00,0.777,0.781,0.773,0.781,26493.0,2058198.5
2018-05-21 15:00:00,0.782,0.791,0.782,0.788,49906.0,3920913.5
2018-05-22 15:00:00,0.788,0.792,0.786,0.792,12214.0,962585.5
2018-05-23 15:00:00,0.792,0.792,0.785,0.785,11479.0,903328.1875
2018-05-24 15:00:00,0.782,0.786,0.781,0.782,8139.0,637085.8125
2018-05-25 15:00:00,0.78,0.782,0.772,0.772,6297.0,488605.09375
2018-05-28 15:00:00,0.773,0.774,0.764,0.766,6051.0,464791.5
2018-05-29 15:00:00,0.765,0.771,0.761,0.761,5775.0,441864.3125
2018-05-30 15:00:00,0.756,0.76,0.737,0.738,11842.0,882109.8125
2018-05-31 15:00:00,0.739,0.748,0.738,0.748,8569.0,635319.6875
2018-06-01 15:00:00,0.748,0.749,0.736,0.74,69294.0,5167240.5
2018-06-04 15:00:00,0.741,0.744,0.735,0.741,6260.0,462623.6875
2018-06-05 15:00:00,0.742,0.749,0.737,0.748,5674.0,422475.1875
2018-06-06 15:00:00,0.748,0.749,0.744,0.746,5014.0,374701.1875
2018-06-07 15:00:00,0.75,0.75,0.743,0.744,4621.0,345666.59375
2018-06-08 15:00:00,0.742,0.742,0.731,0.735,7248.0,531720.875
2018-06-11 15:00:00,0.736,0.742,0.728,0.731,6494.0,474349.09375
2018-06-12 15:00:00,0.729,0.736,0.723,0.734,4640.0,337912.6875
2018-06-13 15:00:00,0.732,0.733,0.723,0.724,5171.0,375598.8125
2018-06-14 15:00:00,0.724,0.726,0.718,0.72,9056.0,652438.125
2018-06-15 15:00:00,0.72,0.721,0.701,0.705,34393.0,2435145.5
2018-06-19 15:00:00,0.701,0.701,0.645,0.654,76465.0,5080289.0
2018-06-20 15:00:00,0.654,0.667,0.649,0.664,9347.0,613181.3125
2018-06-21 15:00:00,0.66,0.668,0.648,0.649,14877.0,976776.6875
2018-06-22 15:00:00,0.648,0.66,0.639,0.658,10660.0,694185.6875
2018-06-25 15:00:00,0.659,0.665,0.654,0.655,9016.0,595520.875
2018-06-26 15:00:00,0.651,0.662,0.643,0.66,18068.0,1182191.5
2018-06-27 15:00:00,0.661,0.664,0.654,0.655,17310.0,1142465.75
2018-06-28 15:00:00,0.655,0.659,0.646,0.648,24151.0,1578956.375
2018-06-29 15:00:00,0.648,0.669,0.648,0.669,17075.0,1121683.375
2018-07-02 15:00:00,0.669,0.67,0.652,0.658,82626.0,5469420.0
2018-07-03 15:00:00,0.658,0.667,0.648,0.665,16564.0,1088264.75
2018-07-04 15:00:00,0.665,0.665,0.652,0.655,14601.0,960270.875
2018-07-05 15:00:00,0.655,0.655,0.638,0.641,15813.0,1020007.3125
2018-07-06 15:00:00,0.642,0.649,0.626,0.64,28216.0,1801959.5
2018-07-09 15:00:00,0.64,0.653,0.64,0.652,10514.0,682332.8125
2018-07-10 15:00:00,0.647,0.658,0.647,0.658,4603.0,301500.3125
2018-07-11 15:00:00,0.656,0.656,0.633,0.642,16279.0,1042188.8125
2018-07-12 15:00:00,0.642,0.662,0.642,0.659,30674.0,2016605.75
2018-07-13 15:00:00,0.661,0.663,0.659,0.663,4044.0,267164.0
2018-07-16 15:00:00,0.664,0.664,0.659,0.662,6314.0,417716.0
2018-07-17 15:00:00,0.665,0.665,0.655,0.665,10187.0,671484.375
2018-07-18 15:00:00,0.666,0.669,0.661,0.662,11853.0,785846.6875
2018-07-19 15:00:00,0.663,0.663,0.651,0.654,11283.0,740370.8125
2018-07-20 15:00:00,0.652,0.661,0.648,0.659,9750.0,640363.5
2018-07-23 15:00:00,0.659,0.666,0.657,0.666,15312.0,1012519.8125
2018-07-24 15:00:00,0.666,0.678,0.664,0.677,30191.0,2033759.75
2018-07-25 15:00:00,0.675,0.68,0.674,0.677,15743.0,1066116.5
2018-07-26 15:00:00,0.676,0.678,0.672,0.674,10761.0,726017.1875
2018-07-27 15:00:00,0.675,0.675,0.668,0.67,6307.0,422431.3125
2018-07-30 15:00:00,0.671,0.671,0.657,0.659,11509.0,762545.375
2018-07-31 15:00:00,0.66,0.663,0.658,0.661,5001.0,330046.8125
2018-08-01 15:00:00,0.662,0.674,0.65,0.651,9933.0,654845.0
2018-08-02 15:00:00,0.65,0.65,0.621,0.634,22742.0,1435268.25
2018-08-03 15:00:00,0.635,0.637,0.628,0.628,13149.0,830812.8125
2018-08-06 15:00:00,0.628,0.628,0.611,0.614,34696.0,2137025.75
2018-08-07 15:00:00,0.615,0.629,0.61,0.627,22854.0,1415889.25
2018-08-08 15:00:00,0.628,0.629,0.618,0.618,10487.0,650835.5
2018-08-09 15:00:00,0.62,0.635,0.616,0.632,35034.0,2206347.0
2018-08-10 15:00:00,0.63,0.636,0.63,0.636,18931.0,1200757.0
2018-08-13 15:00:00,0.634,0.639,0.628,0.639,14287.0,905733.125
2018-08-14 15:00:00,0.637,0.641,0.634,0.639,3782.0,241210.203125
2018-08-15 15:00:00,0.64,0.64,0.624,0.626,13828.0,870483.875
2018-08-16 15:00:00,0.624,0.626,0.612,0.618,8973.0,555721.3125
2018-08-17 15:00:00,0.619,0.623,0.606,0.607,15755.0,963071.6875
2018-08-20 15:00:00,0.606,0.609,0.596,0.609,11710.0,705033.375
2018-08-21 15:00:00,0.608,0.618,0.608,0.616,9472.0,580879.0
2018-08-22 15:00:00,0.614,0.616,0.611,0.611,9321.0,570541.6875
2018-08-23 15:00:00,0.612,0.615,0.609,0.614,6325.0,387822.3125
2018-08-24 15:00:00,0.613,0.614,0.61,0.611,5821.0,356722.59375
2018-08-27 15:00:00,0.615,0.626,0.615,0.626,46248.0,2865539.75
2018-08-28 15:00:00,0.624,0.626,0.622,0.625,9470.0,591575.375
2018-08-29 15:00:00,0.624,0.624,0.619,0.622,8266.0,513208.6875
2018-08-30 15:00:00,0.621,0.621,0.61,0.612,5904.0,362760.90625
2018-08-31 15:00:00,0.61,0.61,0.603,0.603,9351.0,566225.8125
2018-09-03 15:00:00,0.604,0.604,0.594,0.603,16050.0,959690.6875
2018-09-04 15:00:00,0.602,0.612,0.602,0.611,9775.0,592678.6875
2018-09-05 15:00:00,0.609,0.611,0.6,0.601,15370.0,933525.875
2018-09-06 15:00:00,0.602,0.605,0.596,0.598,9040.0,543361.1875
2018-09-07 15:00:00,0.599,0.607,0.596,0.601,14131.0,849221.6875
2018-09-10 15:00:00,0.599,0.601,0.593,0.595,17514.0,1044906.1875
2018-09-11 15:00:00,0.595,0.595,0.584,0.589,25112.0,1479095.875
2018-09-12 15:00:00,0.586,0.593,0.586,0.589,8074.0,475776.6875
2018-09-13 15:00:00,0.593,0.594,0.584,0.593,12112.0,713344.1875
2018-09-14 15:00:00,0.593,0.593,0.586,0.587,4488.0,264509.0
2018-09-17 15:00:00,0.588,0.588,0.576,0.578,18202.0,1055597.75
2018-09-18 15:00:00,0.578,0.587,0.575,0.587,21426.0,1243741.625
2018-09-19 15:00:00,0.586,0.598,0.585,0.593,30633.0,1816644.75
2018-09-20 15:00:00,0.594,0.595,0.591,0.592,11391.0,676297.8125
2018-09-21 15:00:00,0.597,0.601,0.591,0.6,43362.0,2593543.0
2018-09-25 15:00:00,0.598,0.601,0.596,0.599,14421.0,863302.125
2018-09-26 15:00:00,0.599,0.604,0.598,0.599,15530.0,930279.6875
2018-09-27 15:00:00,0.601,0.601,0.591,0.592,32702.0,1951569.25
2018-09-28 15:00:00,0.593,0.597,0.59,0.597,11943.0,708150.0
2018-10-08 15:00:00,0.591,0.591,0.575,0.576,15913.0,924615.875
2018-10-09 15:00:00,0.577,0.581,0.572,0.576,17464.0,1005307.8125
2018-10-10 15:00:00,0.576,0.578,0.57,0.575,8775.0,503582.6875
2018-10-11 15:00:00,0.57,0.572,0.53,0.533,67098.0,3642057.5
2018-10-12 15:00:00,0.533,0.586,0.509,0.53,25786.0,1352965.25
2018-10-15 15:00:00,0.494,0.535,0.494,0.522,17698.0,929248.3125
2018-10-16 15:00:00,0.522,0.526,0.507,0.51,15043.0,776007.125
2018-10-17 15:00:00,0.515,0.522,0.503,0.515,14188.0,726416.1875
2018-10-18 15:00:00,0.514,0.514,0.499,0.504,32953.0,1653651.125
2018-10-19 15:00:00,0.495,0.509,0.488,0.508,31270.0,1560100.75
2018-10-22 15:00:00,0.515,0.538,0.51,0.536,117024.0,6104013.0
2018-10-23 15:00:00,0.536,0.536,0.521,0.525,96903.0,5125689.5
2018-10-24 15:00:00,0.52,0.53,0.52,0.524,29937.0,1570114.125
2018-10-25 15:00:00,0.51,0.52,0.507,0.52,13932.0,712389.125
2018-10-26 15:00:00,0.521,0.529,0.519,0.521,38734.0,2019860.625
2018-10-29 15:00:00,0.522,0.522,0.511,0.514,11310.0,582848.5
2018-10-30 15:00:00,0.515,0.522,0.505,0.52,39542.0,2040927.0
2018-10-31 15:00:00,0.521,0.53,0.519,0.526,68170.0,3584662.0
2018-11-01 15:00:00,0.529,0.538,0.525,0.53,58109.0,3090848.25
2018-11-02 15:00:00,0.548,0.552,0.536,0.547,87070.0,4708773.5
2018-11-05 15:00:00,0.55,0.557,0.541,0.55,114986.0,6310414.5
2018-11-06 15:00:00,0.551,0.552,0.542,0.552,36436.0,1989213.75
2018-11-07 15:00:00,0.552,0.556,0.548,0.55,20272.0,1121827.25
2018-11-08 15:00:00,0.555,0.555,0.546,0.546,48529.0,2672614.5
2018-11-09 15:00:00,0.544,0.55,0.543,0.546,31232.0,1705576.375
2018-11-12 15:00:00,0.546,0.563,0.546,0.562,208563.0,11616912.0
2018-11-13 15:00:00,0.559,0.579,0.555,0.574,261691.0,14930876.0
2018-11-14 15:00:00,0.574,0.584,0.558,0.574,345729.0,19919250.0
2018-11-15 15:00:00,0.575,0.584,0.573,0.583,164915.0,9522974.0
2018-11-16 15:00:00,0.584,0.593,0.582,0.589,192160.0,11295523.0
2018-11-19 15:00:00,0.591,0.592,0.583,0.592,127106.0,7467803.5
2018-11-20 15:00:00,0.588,0.59,0.575,0.576,154664.0,9024647.0
2018-11-21 15:00:00,0.572,0.583,0.566,0.58,158849.0,9143754.0
2018-11-22 15:00:00,0.581,0.585,0.578,0.581,143827.0,8360374.5
2018-11-23 15:00:00,0.578,0.578,0.552,0.554,252982.0,14248756.0
2018-11-26 15:00:00,0.548,0.56,0.548,0.555,105929.0,5878074.5
2018-11-27 15:00:00,0.555,0.562,0.555,0.56,56904.0,3186632.0
2018-11-28 15:00:00,0.554,0.566,0.551,0.566,118364.0,6623876.5
2018-11-29 15:00:00,0.568,0.572,0.552,0.553,140017.0,7894836.0
2018-11-30 15:00:00,0.553,0.558,0.544,0.557,62836.0,3463759.5
2018-12-03 15:00:00,0.571,0.578,0.566,0.574,96568.0,5531458.0
2018-12-04 15:00:00,0.575,0.581,0.571,0.581,105473.0,6083057.0
2018-12-05 15:00:00,0.571,0.58,0.567,0.576,97274.0,5597923.5
2018-12-06 15:00:00,0.573,0.576,0.565,0.567,152289.0,8713044.0
2018-12-07 15:00:00,0.568,0.569,0.564,0.566,51761.0,2931938.5
2018-12-10 15:00:00,0.564,0.564,0.557,0.56,62467.0,3508091.0
2018-12-11 15:00:00,0.563,0.565,0.561,0.565,43392.0,2443544.25
2018-12-12 15:00:00,0.566,0.568,0.564,0.565,36079.0,2041740.125
2018-12-13 15:00:00,0.568,0.574,0.563,0.571,44629.0,2542056.75
2018-12-14 15:00:00,0.564,0.57,0.555,0.556,43959.0,2469179.5
2018-12-17 15:00:00,0.556,0.556,0.547,0.553,60916.0,3359485.5
2018-12-18 15:00:00,0.551,0.555,0.545,0.55,92034.0,5055082.5
2018-12-19 15:00:00,0.552,0.552,0.542,0.543,57029.0,3120397.75
2018-12-20 15:00:00,0.542,0.546,0.539,0.545,32253.0,1753112.375
2018-12-21 15:00:00,0.543,0.544,0.536,0.541,33078.0,1785655.25
2018-12-24 15:00:00,0.541,0.546,0.539,0.545,15670.0,851610.125
2018-12-25 15:00:00,0.538,0.541,0.527,0.539,45133.0,2405038.0
2018-12-26 15:00:00,0.537,0.542,0.536,0.538,40979.0,2206335.25
2018-12-27 15:00:00,0.549,0.549,0.529,0.529,112308.0,6019005.5
2018-12-28 15:00:00,0.529,0.556,0.526,0.529,47015.0,2514105.0
2019-01-02 15:00:00,0.53,0.54,0.526,0.528,50175.0,2652318.0
2019-01-03 15:00:00,0.528,0.531,0.523,0.524,22089.0,1162860.75
2019-01-04 15:00:00,0.522,0.539,0.517,0.539,65468.0,3459213.25
2019-01-07 15:00:00,0.54,0.551,0.54,0.55,52277.0,2856522.0
2019-01-08 15:00:00,0.548,0.55,0.546,0.548,69218.0,3793863.25
2019-01-09 15:00:00,0.551,0.557,0.547,0.549,51484.0,2848617.75
2019-01-10 15:00:00,0.548,0.553,0.546,0.547,41770.0,2302330.0
2019-01-11 15:00:00,0.549,0.553,0.547,0.552,44738.0,2458794.5
2019-01-14 15:00:00,0.55,0.553,0.547,0.549,45658.0,2513747.5
2019-01-15 15:00:00,0.549,0.556,0.546,0.555,63937.0,3525254.25
2019-01-16 15:00:00,0.558,0.559,0.554,0.556,55243.0,3075153.5
2019-01-17 15:00:00,0.555,0.556,0.549,0.549,22998.0,1267648.25
2019-01-18 15:00:00,0.549,0.554,0.548,0.554,53049.0,2922827.75
2019-01-21 15:00:00,0.556,0.559,0.553,0.557,46396.0,2583184.5
2019-01-22 15:00:00,0.556,0.557,0.549,0.551,53492.0,2953890.0
2019-01-23 15:00:00,0.55,0.552,0.548,0.551,31387.0,1725301.0
2019-01-24 15:00:00,0.551,0.557,0.55,0.555,46176.0,2555173.75
2019-01-25 15:00:00,0.556,0.557,0.551,0.552,70327.0,3899954.0
2019-01-28 15:00:00,0.553,0.556,0.546,0.547,48145.0,2653423.0
2019-01-29 15:00:00,0.543,0.544,0.529,0.537,103413.0,5545986.0
2019-01-30 15:00:00,0.536,0.538,0.529,0.53,71184.0,3807512.0
2019-01-31 15:00:00,0.528,0.532,0.519,0.522,125369.0,6623407.0
2019-02-01 15:00:00,0.524,0.537,0.524,0.537,71038.0,3788411.5
2019-02-11 15:00:00,0.538,0.553,0.535,0.553,127524.0,6944735.0
2019-02-12 15:00:00,0.553,0.562,0.551,0.56,201065.0,11204320.0
2019-02-13 15:00:00,0.563,0.572,0.559,0.57,166945.0,9454154.0
2019-02-14 15:00:00,0.571,0.575,0.565,0.572,153425.0,8765753.0
2019-02-15 15:00:00,0.57,0.576,0.56,0.57,188524.0,10800125.0
2019-02-18 15:00:00,0.574,0.593,0.574,0.592,177125.0,10378777.0
2019-02-19 15:00:00,0.59,0.598,0.586,0.595,256801.0,15263632.0
2019-02-20 15:00:00,0.594,0.595,0.587,0.594,174325.0,10318316.0
2019-02-21 15:00:00,0.592,0.606,0.591,0.593,171793.0,10270890.0
2019-02-22 15:00:00,0.591,0.606,0.589,0.606,144634.0,8633531.0
2019-02-25 15:00:00,0.619,0.641,0.613,0.641,222528.0,13941283.0
2019-02-26 15:00:00,0.645,0.655,0.631,0.64,340433.0,21836082.0
2019-02-27 15:00:00,0.635,0.646,0.628,0.635,196490.0,12531967.0
2019-02-28 15:00:00,0.635,0.644,0.633,0.638,106554.0,6801286.5
2019-03-01 15:00:00,0.638,0.645,0.633,0.643,216615.0,13808971.0
2019-03-04 15:00:00,0.646,0.668,0.646,0.657,297306.0,19585846.0
2019-03-05 15:00:00,0.655,0.679,0.652,0.679,146861.0,9791047.0
2019-03-06 15:00:00,0.682,0.7,0.673,0.694,529771.0,36245220.0
2019-03-07 15:00:00,0.693,0.713,0.689,0.708,456507.0,31959448.0
2019-03-08 15:00:00,0.699,0.711,0.676,0.683,530538.0,36649524.0
2019-03-11 15:00:00,0.674,0.708,0.674,0.707,386495.0,26652644.0
2019-03-12 15:00:00,0.711,0.727,0.708,0.723,443212.0,31745918.0
2019-03-13 15:00:00,0.719,0.726,0.697,0.703,308625.0,21960582.0
2019-03-14 15:00:00,0.693,0.703,0.673,0.682,274396.0,18834160.0
2019-03-15 15:00:00,0.684,0.698,0.684,0.692,259657.0,17936028.0
2019-03-18 15:00:00,0.692,0.71,0.687,0.709,209551.0,14640453.0
2019-03-19 15:00:00,0.712,0.715,0.705,0.71,254876.0,18081346.0
2019-03-20 15:00:00,0.709,0.712,0.694,0.708,245560.0,17288408.0
2019-03-21 15:00:00,0.707,0.724,0.707,0.719,336795.0,24122130.0
2019-03-22 15:00:00,0.718,0.722,0.705,0.721,183255.0,13114496.0
2019-03-25 15:00:00,0.71,0.724,0.705,0.715,147089.0,10565569.0
2019-03-26 15:00:00,0.716,0.72,0.691,0.694,305791.0,21572986.0
2019-03-27 15:00:00,0.696,0.701,0.683,0.699,333122.0,23052760.0
2019-03-28 15:00:00,0.698,0.704,0.688,0.689,258479.0,17983216.0
2019-03-29 15:00:00,0.689,0.711,0.683,0.71,290306.0,20231802.0
2019-04-01 15:00:00,0.714,0.739,0.713,0.739,365865.0,26735218.0
2019-04-02 15:00:00,0.739,0.75,0.736,0.743,303309.0,22553436.0
2019-04-03 15:00:00,0.742,0.749,0.731,0.749,229284.0,17030134.0
2019-04-04 15:00:00,0.75,0.756,0.744,0.753,277570.0,20834750.0
2019-04-08 15:00:00,0.755,0.766,0.735,0.746,315936.0,23716148.0
2019-04-09 15:00:00,0.741,0.751,0.739,0.749,231735.0,17297374.0
2019-04-10 15:00:00,0.748,0.755,0.739,0.747,316146.0,23549916.0
2019-04-11 15:00:00,0.747,0.749,0.73,0.731,260954.0,19285702.0
2019-04-12 15:00:00,0.732,0.735,0.727,0.733,318875.0,23319808.0
2019-04-15 15:00:00,0.74,0.746,0.725,0.727,225990.0,16715703.0
2019-04-16 15:00:00,0.723,0.743,0.717,0.742,258077.0,18792122.0
2019-04-17 15:00:00,0.74,0.753,0.739,0.749,290141.0,21640834.0
2019-04-18 15:00:00,0.743,0.752,0.742,0.745,300451.0,22459200.0
2019-04-19 15:00:00,0.74,0.752,0.736,0.752,298426.0,22162830.0
2019-04-22 15:00:00,0.748,0.752,0.739,0.742,260254.0,19442394.0
2019-04-23 15:00:00,0.742,0.742,0.726,0.729,266792.0,19569826.0
2019-04-24 15:00:00,0.733,0.739,0.722,0.738,244791.0,17866564.0
2019-04-25 15:00:00,0.735,0.737,0.706,0.708,317832.0,22873156.0
2019-04-26 15:00:00,0.708,0.71,0.699,0.7,282975.0,19933062.0
2019-04-29 15:00:00,0.706,0.707,0.673,0.675,329034.0,22599890.0
2019-04-30 15:00:00,0.675,0.687,0.672,0.682,300149.0,20439498.0
2019-05-06 15:00:00,0.645,0.68,0.622,0.626,404973.0,25867892.0
2019-05-07 15:00:00,0.63,0.644,0.626,0.637,312403.0,19810012.0
2019-05-08 15:00:00,0.625,0.646,0.619,0.636,392524.0,25107134.0
2019-05-09 15:00:00,0.636,0.638,0.618,0.63,146726.0,9288554.0
2019-05-10 15:00:00,0.64,0.655,0.624,0.655,349203.0,22484630.0
2019-05-13 15:00:00,0.645,0.654,0.639,0.648,146237.0,9485976.0
2019-05-14 15:00:00,0.641,0.652,0.634,0.645,215343.0,13925929.0
2019-05-15 15:00:00,0.649,0.662,0.649,0.66,163057.0,10698955.0
2019-05-16 15:00:00,0.66,0.666,0.658,0.664,171216.0,11334949.0
2019-05-17 15:00:00,0.665,0.666,0.638,0.642,210447.0,13741274.0
2019-05-20 15:00:00,0.637,0.641,0.626,0.639,246343.0,15613082.0
2019-05-21 15:00:00,0.64,0.654,0.635,0.651,310058.0,20135810.0
2019-05-22 15:00:00,0.652,0.655,0.643,0.65,154037.0,9989491.0
2019-05-23 15:00:00,0.645,0.647,0.632,0.635,149834.0,9558663.0
2019-05-24 15:00:00,0.63,0.636,0.625,0.627,206278.0,12955945.0
2019-05-27 15:00:00,0.628,0.647,0.624,0.646,236794.0,15160330.0
2019-05-28 15:00:00,0.645,0.653,0.64,0.645,278750.0,18074084.0
2019-05-29 15:00:00,0.645,0.653,0.643,0.647,91199.0,5908479.0
2019-05-30 15:00:00,0.643,0.645,0.635,0.644,166369.0,10653710.0
2019-05-31 15:00:00,0.644,0.65,0.641,0.643,89433.0,5781965.0
2019-06-03 15:00:00,0.646,0.647,0.63,0.635,295184.0,18758502.0
2019-06-04 15:00:00,0.635,0.635,0.62,0.622,296039.0,18556834.0
2019-06-05 15:00:00,0.627,0.633,0.622,0.624,61721.0,3868794.5
2019-06-06 15:00:00,0.627,0.628,0.606,0.608,285952.0,17556826.0
2019-06-10 15:00:00,0.609,0.618,0.607,0.616,214808.0,13178285.0
2019-06-11 15:00:00,0.616,0.64,0.615,0.64,363209.0,22851546.0
2019-06-12 15:00:00,0.642,0.643,0.634,0.635,136390.0,8709404.0
2019-06-13 15:00:00,0.632,0.642,0.632,0.639,274663.0,17540128.0
2019-06-14 15:00:00,0.639,0.642,0.624,0.625,187714.0,11850667.0
2019-06-17 15:00:00,0.627,0.628,0.621,0.624,254453.0,15895392.0
2019-06-18 15:00:00,0.623,0.627,0.62,0.624,51215.0,3193747.25
2019-06-19 15:00:00,0.64,0.645,0.632,0.633,285398.0,18169370.0
2019-06-20 15:00:00,0.632,0.648,0.629,0.644,424863.0,27181180.0
2019-06-21 15:00:00,0.668,0.668,0.647,0.656,1072574.0,70238896.0
2019-06-24 15:00:00,0.656,0.658,0.65,0.654,303386.0,19840142.0
2019-06-25 15:00:00,0.654,0.654,0.64,0.648,373538.0,24131242.0
2019-06-26 15:00:00,0.644,0.653,0.64,0.648,190957.0,12377164.0
2019-06-27 15:00:00,0.648,0.657,0.648,0.654,265684.0,17359738.0
2019-06-28 15:00:00,0.655,0.655,0.641,0.644,196275.0,12679138.0
2019-07-01 15:00:00,0.656,0.665,0.653,0.665,416664.0,27537088.0
2019-07-02 15:00:00,0.665,0.667,0.661,0.665,178726.0,11867730.0
2019-07-03 15:00:00,0.661,0.663,0.656,0.659,225737.0,14866433.0
2019-07-04 15:00:00,0.659,0.662,0.652,0.656,224794.0,14767693.0
2019-07-05 15:00:00,0.656,0.66,0.653,0.659,268128.0,17606200.0
2019-07-08 15:00:00,0.648,0.657,0.633,0.636,250491.0,16025531.0
2019-07-09 15:00:00,0.635,0.64,0.633,0.639,325629.0,20730700.0
2019-07-10 15:00:00,0.635,0.641,0.631,0.634,144084.0,9156519.0
2019-07-11 15:00:00,0.635,0.641,0.63,0.633,177417.0,11272490.0
2019-07-12 15:00:00,0.632,0.637,0.63,0.635,341333.0,21658966.0
2019-07-15 15:00:00,0.632,0.643,0.626,0.64,157086.0,9992015.0
2019-07-16 15:00:00,0.639,0.644,0.637,0.643,124025.0,7964035.0
2019-07-17 15:00:00,0.641,0.647,0.64,0.644,108434.0,6991375.5
2019-07-18 15:00:00,0.644,0.644,0.633,0.634,196692.0,12500461.0
2019-07-19 15:00:00,0.634,0.643,0.634,0.64,786736.0,50210884.0
2019-07-22 15:00:00,0.64,0.643,0.62,0.625,2882989.0,180541840.0
2019-07-23 15:00:00,0.626,0.638,0.626,0.638,2094062.0,132796944.0
2019-07-24 15:00:00,0.64,0.651,0.64,0.645,1129651.0,73098040.0
2019-07-25 15:00:00,0.645,0.651,0.645,0.65,516383.0,33392982.0
2019-07-26 15:00:00,0.65,0.651,0.646,0.651,89218.0,5784715.5
2019-07-29 15:00:00,0.648,0.653,0.647,0.65,87692.0,5690852.5
2019-07-30 15:00:00,0.647,0.657,0.647,0.653,221634.0,14482467.0
2019-07-31 15:00:00,0.651,0.652,0.647,0.648,157202.0,10205817.0
2019-08-01 15:00:00,0.646,0.65,0.643,0.645,198017.0,12794511.0
2019-08-02 15:00:00,0.635,0.637,0.629,0.636,229075.0,14503968.0
2019-08-05 15:00:00,0.632,0.64,0.627,0.627,244689.0,15466214.0
2019-08-06 15:00:00,0.623,0.623,0.598,0.612,307745.0,18761158.0
2019-08-07 15:00:00,0.614,0.618,0.611,0.611,214882.0,13200840.0
2019-08-08 15:00:00,0.613,0.621,0.613,0.619,1497793.0,92654040.0
2019-08-09 15:00:00,0.623,0.626,0.615,0.616,454713.0,28331628.0
2019-08-12 15:00:00,0.617,0.627,0.614,0.626,488848.0,30225368.0
2019-08-13 15:00:00,0.622,0.626,0.621,0.624,239883.0,14962226.0
2019-08-14 15:00:00,0.628,0.633,0.628,0.629,192399.0,12127102.0
2019-08-15 15:00:00,0.619,0.632,0.613,0.631,235287.0,14596211.0
2019-08-16 15:00:00,0.629,0.64,0.629,0.636,260620.0,16576099.0
2019-08-19 15:00:00,0.64,0.657,0.64,0.657,299770.0,19454244.0
2019-08-20 15:00:00,0.657,0.663,0.654,0.656,207442.0,13660417.0
2019-08-21 15:00:00,0.656,0.659,0.654,0.657,91403.0,5997014.0
2019-08-22 15:00:00,0.657,0.66,0.653,0.66,250302.0,16437342.0
2019-08-23 15:00:00,0.66,0.662,0.656,0.658,111157.0,7314404.0
2019-08-26 15:00:00,0.646,0.657,0.645,0.655,137249.0,8937699.0
2019-08-27 15:00:00,0.664,0.67,0.655,0.668,258978.0,17232568.0
2019-08-28 15:00:00,0.667,0.669,0.661,0.665,148901.0,9904847.0
2019-08-29 15:00:00,0.668,0.67,0.665,0.666,137802.0,9202216.0
2019-08-30 15:00:00,0.667,0.67,0.654,0.658,259949.0,17219726.0
2019-09-02 15:00:00,0.658,0.675,0.655,0.674,239466.0,15940617.0
2019-09-03 15:00:00,0.673,0.679,0.673,0.679,189487.0,12812415.0
2019-09-04 15:00:00,0.676,0.686,0.676,0.686,170854.0,11630615.0
2019-09-05 15:00:00,0.69,0.7,0.683,0.69,256778.0,17792850.0
2019-09-06 15:00:00,0.692,0.696,0.689,0.694,137309.0,9515242.0
2019-09-09 15:00:00,0.702,0.715,0.697,0.715,196253.0,13810670.0
2019-09-10 15:00:00,0.715,0.717,0.707,0.715,203298.0,14471265.0
2019-09-11 15:00:00,0.719,0.719,0.706,0.707,159951.0,11381236.0
2019-09-12 15:00:00,0.707,0.713,0.704,0.712,189574.0,13439138.0
2019-09-16 15:00:00,0.715,0.718,0.708,0.713,154561.0,11037315.0
2019-09-17 15:00:00,0.712,0.712,0.694,0.699,181967.0,12764628.0
2019-09-18 15:00:00,0.697,0.7,0.694,0.697,127385.0,8871218.0
2019-09-19 15:00:00,0.696,0.704,0.693,0.703,175290.0,12233496.0
2019-09-20 15:00:00,0.705,0.707,0.701,0.704,93872.0,6610211.5
2019-09-23 15:00:00,0.705,0.705,0.692,0.7,130100.0,9039033.0
2019-09-24 15:00:00,0.698,0.707,0.697,0.701,222398.0,15621590.0
2019-09-25 15:00:00,0.7,0.7,0.687,0.688,199923.0,13812082.0
2019-09-26 15:00:00,0.69,0.69,0.666,0.666,242471.0,16384980.0
2019-09-27 15:00:00,0.667,0.675,0.666,0.672,260207.0,17490248.0
2019-09-30 15:00:00,0.674,0.674,0.663,0.663,247845.0,16575893.0
2019-10-08 15:00:00,0.664,0.671,0.664,0.665,107669.0,7188923.0
2019-10-09 15:00:00,0.665,0.672,0.66,0.671,142231.0,9455618.0
2019-10-10 15:00:00,0.671,0.682,0.668,0.681,200588.0,13537065.0
2019-10-11 15:00:00,0.684,0.685,0.676,0.682,153646.0,10457156.0
2019-10-14 15:00:00,0.688,0.694,0.686,0.692,158374.0,10936846.0
2019-10-15 15:00:00,0.69,0.69,0.681,0.683,217386.0,14861358.0
2019-10-16 15:00:00,0.684,0.686,0.678,0.678,193807.0,13230111.0
2019-10-17 15:00:00,0.679,0.681,0.676,0.678,147289.0,10010711.0
2019-10-18 15:00:00,0.68,0.685,0.667,0.67,187446.0,12643099.0
2019-10-21 15:00:00,0.672,0.675,0.66,0.666,221247.0,14703485.0
2019-10-22 15:00:00,0.666,0.675,0.666,0.674,298767.0,20014724.0
2019-10-23 15:00:00,0.675,0.675,0.667,0.669,150368.0,10094044.0
2019-10-24 15:00:00,0.669,0.67,0.663,0.668,140124.0,9342157.0
2019-10-25 15:00:00,0.668,0.675,0.663,0.673,244191.0,16313133.0
2019-10-28 15:00:00,0.68,0.691,0.68,0.691,327141.0,22432328.0
2019-10-29 15:00:00,0.695,0.695,0.682,0.683,340034.0,23374784.0
2019-10-30 15:00:00,0.681,0.681,0.674,0.677,316531.0,21438182.0
2019-10-31 15:00:00,0.677,0.677,0.668,0.669,176345.0,11870309.0
2019-11-01 15:00:00,0.668,0.676,0.665,0.675,101781.0,6806328.0
2019-11-04 15:00:00,0.675,0.683,0.675,0.679,231460.0,15737815.0
2019-11-05 15:00:00,0.679,0.683,0.675,0.682,113711.0,7737471.0
2019-11-06 15:00:00,0.682,0.682,0.672,0.675,165247.0,11204582.0
2019-11-07 15:00:00,0.675,0.681,0.673,0.679,137545.0,9335718.0
2019-11-08 15:00:00,0.684,0.685,0.677,0.679,420354.0,28704590.0
2019-11-11 15:00:00,0.678,0.678,0.659,0.661,226805.0,15106755.0
2019-11-12 15:00:00,0.664,0.664,0.653,0.662,190389.0,12519621.0
2019-11-13 15:00:00,0.667,0.667,0.657,0.66,91871.0,6058978.0
2019-11-14 15:00:00,0.66,0.666,0.659,0.663,142154.0,9425865.0
2019-11-15 15:00:00,0.664,0.665,0.656,0.657,280287.0,18493122.0
2019-11-18 15:00:00,0.655,0.662,0.653,0.661,241523.0,15919487.0
2019-11-19 15:00:00,0.662,0.676,0.662,0.675,256307.0,17136886.0
2019-11-20 15:00:00,0.675,0.676,0.669,0.669,245194.0,16525578.0
2019-11-21 15:00:00,0.669,0.674,0.665,0.67,214798.0,14384712.0
2019-11-22 15:00:00,0.668,0.677,0.658,0.662,217224.0,14551184.0
2019-11-25 15:00:00,0.661,0.661,0.652,0.657,209564.0,13747644.0
2019-11-26 15:00:00,0.656,0.661,0.655,0.657,134214.0,8820670.0
2019-11-27 15:00:00,0.657,0.66,0.653,0.658,206078.0,13524155.0
2019-11-28 15:00:00,0.658,0.66,0.655,0.656,178616.0,11740811.0
2019-11-29 15:00:00,0.656,0.657,0.65,0.655,221225.0,14448945.0
2019-12-02 15:00:00,0.656,0.66,0.655,0.657,132269.0,8697916.0
2019-12-03 15:00:00,0.656,0.661,0.651,0.661,147463.0,9624257.0
2019-12-04 15:00:00,0.66,0.663,0.656,0.662,183915.0,12148980.0
2019-12-05 15:00:00,0.664,0.671,0.662,0.668,214663.0,14299094.0
2019-12-06 15:00:00,0.669,0.674,0.668,0.674,148686.0,9960962.0
2019-12-09 15:00:00,0.675,0.677,0.673,0.674,287536.0,19399672.0
2019-12-10 15:00:00,0.674,0.68,0.671,0.678,209705.0,14143712.0
2019-12-11 15:00:00,0.68,0.68,0.676,0.676,254286.0,17226646.0
2019-12-12 15:00:00,0.677,0.681,0.676,0.676,301495.0,20436034.0
2019-12-13 15:00:00,0.681,0.687,0.68,0.687,214268.0,14636048.0
2019-12-16 15:00:00,0.689,0.7,0.687,0.699,296756.0,20574664.0
2019-12-17 15:00:00,0.701,0.71,0.699,0.707,241022.0,17005462.0
2019-12-18 15:00:00,0.706,0.713,0.704,0.707,220657.0,15660519.0
2019-12-19 15:00:00,0.708,0.713,0.707,0.713,234985.0,16666141.0
2019-12-20 15:00:00,0.711,0.713,0.703,0.703,202415.0,14344263.0
2019-12-23 15:00:00,0.703,0.703,0.686,0.686,270959.0,18794216.0
2019-12-24 15:00:00,0.687,0.7,0.687,0.7,346973.0,24116074.0
2019-12-25 15:00:00,0.697,0.705,0.697,0.705,218485.0,15359116.0
2019-12-26 15:00:00,0.705,0.711,0.703,0.711,246103.0,17368198.0
2019-12-27 15:00:00,0.71,0.714,0.703,0.705,225188.0,15987106.0
2019-12-30 15:00:00,0.705,0.71,0.693,0.71,248477.0,17497988.0
2019-12-31 15:00:00,0.709,0.715,0.705,0.714,99255.0,7070823.0
2020-01-02 15:00:00,0.721,0.729,0.716,0.728,314632.0,22730468.0
2020-01-03 15:00:00,0.73,0.732,0.726,0.731,121263.0,8850369.0
2020-01-06 15:00:00,0.728,0.744,0.725,0.738,199792.0,14717455.0
2020-01-07 15:00:00,0.736,0.75,0.736,0.75,150321.0,11189727.0
2020-01-08 15:00:00,0.745,0.752,0.737,0.741,165642.0,12348370.0
2020-01-09 15:00:00,0.746,0.752,0.745,0.751,227628.0,17030898.0
2020-01-10 15:00:00,0.752,0.754,0.746,0.75,199548.0,14970348.0
2020-01-13 15:00:00,0.75,0.76,0.745,0.76,163503.0,12293158.0
2020-01-14 15:00:00,0.762,0.763,0.757,0.758,170124.0,12939916.0
2020-01-15 15:00:00,0.758,0.76,0.744,0.757,166425.0,12561583.0
2020-01-16 15:00:00,0.759,0.761,0.756,0.758,208252.0,15798676.0
2020-01-17 15:00:00,0.758,0.761,0.753,0.754,291624.0,22082874.0
2020-01-20 15:00:00,0.754,0.765,0.753,0.765,173055.0,13127979.0
2020-01-21 15:00:00,0.765,0.765,0.757,0.757,282967.0,21525734.0
2020-01-22 15:00:00,0.754,0.764,0.743,0.762,231938.0,17490708.0
2020-01-23 15:00:00,0.759,0.759,0.726,0.735,349906.0,26152462.0
2020-02-03 15:00:00,0.668,0.685,0.662,0.662,177875.0,11969790.0
2020-02-04 15:00:00,0.658,0.695,0.658,0.671,178135.0,11888241.0
2020-02-05 15:00:00,0.67,0.7,0.67,0.694,286671.0,19750744.0
2020-02-06 15:00:00,0.695,0.716,0.687,0.713,206936.0,14552585.0
2020-02-07 15:00:00,0.708,0.722,0.708,0.72,220110.0,15735465.0
2020-02-10 15:00:00,0.714,0.732,0.714,0.73,196136.0,14225602.0
2020-02-11 15:00:00,0.73,0.731,0.722,0.728,187191.0,13620337.0
2020-02-12 15:00:00,0.727,0.745,0.724,0.745,153984.0,11347255.0
2020-02-13 15:00:00,0.741,0.748,0.738,0.741,198907.0,14767704.0
2020-02-14 15:00:00,0.74,0.751,0.735,0.744,229431.0,17076582.0
2020-02-17 15:00:00,0.745,0.773,0.745,0.772,293283.0,22291888.0
2020-02-18 15:00:00,0.774,0.792,0.772,0.792,300708.0,23474382.0
2020-02-19 15:00:00,0.792,0.795,0.782,0.786,359575.0,28375818.0
2020-02-20 15:00:00,0.785,0.799,0.777,0.798,236265.0,18629658.0
2020-02-21 15:00:00,0.797,0.818,0.796,0.816,308618.0,24973876.0
2020-02-24 15:00:00,0.813,0.837,0.812,0.832,535015.0,44285280.0
2020-02-25 15:00:00,0.818,0.838,0.794,0.836,412366.0,33884236.0
2020-02-26 15:00:00,0.816,0.832,0.806,0.809,264925.0,21751232.0
2020-02-27 15:00:00,0.812,0.82,0.798,0.809,299416.0,24114310.0
2020-02-28 15:00:00,0.789,0.791,0.758,0.759,455588.0,35131756.0
2020-03-02 15:00:00,0.764,0.801,0.761,0.8,380199.0,29893994.0
2020-03-03 15:00:00,0.815,0.824,0.798,0.806,310236.0,25193390.0
2020-03-04 15:00:00,0.797,0.812,0.792,0.81,353165.0,28308250.0
2020-03-05 15:00:00,0.821,0.825,0.814,0.824,272612.0,22333978.0
2020-03-06 15:00:00,0.815,0.825,0.812,0.819,187552.0,15330487.0
2020-03-09 15:00:00,0.804,0.808,0.785,0.786,186937.0,14912855.0
2020-03-10 15:00:00,0.78,0.807,0.764,0.807,191391.0,15034580.0
2020-03-11 15:00:00,0.809,0.815,0.795,0.796,169555.0,13690552.0
2020-03-12 15:00:00,0.788,0.8,0.77,0.778,179140.0,13986682.0
2020-03-13 15:00:00,0.758,0.781,0.739,0.773,210481.0,16011006.0
2020-03-16 15:00:00,0.776,0.779,0.733,0.735,244226.0,18403824.0
2020-03-17 15:00:00,0.742,0.746,0.71,0.734,468003.0,34093812.0
2020-03-18 15:00:00,0.736,0.752,0.722,0.723,391481.0,29049762.0
2020-03-19 15:00:00,0.717,0.734,0.709,0.73,239671.0,17309176.0
2020-03-20 15:00:00,0.736,0.74,0.725,0.74,191433.0,14047684.0
2020-03-23 15:00:00,0.72,0.726,0.702,0.707,188823.0,13510760.0
2020-03-24 15:00:00,0.718,0.727,0.697,0.718,189944.0,13534288.0
2020-03-25 15:00:00,0.731,0.736,0.722,0.735,205311.0,15015473.0
2020-03-26 15:00:00,0.725,0.737,0.725,0.729,104328.0,7643517.5
2020-03-27 15:00:00,0.736,0.737,0.722,0.725,123338.0,9009788.0
2020-03-30 15:00:00,0.72,0.721,0.698,0.705,186336.0,13147388.0
2020-03-31 15:00:00,0.713,0.713,0.704,0.705,187507.0,13281674.0
2020-04-01 15:00:00,0.705,0.714,0.702,0.703,186315.0,13225662.0
2020-04-02 15:00:00,0.699,0.721,0.699,0.721,118964.0,8443475.0
2020-04-03 15:00:00,0.721,0.723,0.712,0.716,82891.0,5953740.0
2020-04-07 15:00:00,0.728,0.742,0.727,0.742,184464.0,13569716.0
2020-04-08 15:00:00,0.74,0.747,0.736,0.743,90621.0,6727157.0
2020-04-09 15:00:00,0.745,0.755,0.745,0.752,172293.0,12935485.0
2020-04-10 15:00:00,0.754,0.754,0.732,0.74,276610.0,20429602.0
2020-04-13 15:00:00,0.733,0.733,0.723,0.727,170362.0,12387153.0
2020-04-14 15:00:00,0.728,0.741,0.728,0.741,221721.0,16310632.0
2020-04-15 15:00:00,0.741,0.745,0.735,0.735,174389.0,12933921.0
2020-04-16 15:00:00,0.735,0.745,0.731,0.743,130346.0,9618514.0
2020-04-17 15:00:00,0.746,0.75,0.742,0.744,125520.0,9388648.0
2020-04-20 15:00:00,0.745,0.758,0.745,0.758,212737.0,15974079.0
2020-04-21 15:00:00,0.751,0.755,0.745,0.752,135304.0,10141202.0
2020-04-22 15:00:00,0.749,0.76,0.744,0.759,138426.0,10409063.0
2020-04-23 15:00:00,0.76,0.762,0.754,0.755,119439.0,9055686.0
2020-04-24 15:00:00,0.755,0.755,0.737,0.743,151281.0,11283872.0
2020-04-27 15:00:00,0.742,0.743,0.734,0.737,113178.0,8390510.0
2020-04-28 15:00:00,0.737,0.738,0.705,0.727,188477.0,13614091.0
2020-04-29 15:00:00,0.726,0.732,0.721,0.727,96092.0,6993307.5
2020-04-30 15:00:00,0.728,0.746,0.728,0.745,154707.0,11460338.0
2020-05-06 15:00:00,0.737,0.76,0.737,0.759,150882.0,11295586.0
2020-05-07 15:00:00,0.753,0.764,0.753,0.758,100617.0,7655420.5
2020-05-08 15:00:00,0.76,0.771,0.76,0.768,111554.0,8562227.0
2020-05-11 15:00:00,0.769,0.774,0.762,0.766,87160.0,6703428.0
2020-05-12 15:00:00,0.766,0.768,0.757,0.768,145002.0,11062000.0
2020-05-13 15:00:00,0.766,0.775,0.763,0.774,89060.0,6854542.5
2020-05-14 15:00:00,0.774,0.775,0.767,0.768,57579.0,4440978.5
2020-05-15 15:00:00,0.769,0.776,0.767,0.772,80213.0,6191401.0
2020-05-18 15:00:00,0.772,0.775,0.765,0.767,90698.0,7006249.0
2020-05-19 15:00:00,0.77,0.779,0.77,0.779,132511.0,10262446.0
2020-05-20 15:00:00,0.779,0.779,0.768,0.773,193361.0,14932527.0
2020-05-21 15:00:00,0.773,0.773,0.758,0.76,153476.0,11705420.0
2020-05-22 15:00:00,0.76,0.76,0.743,0.746,92917.0,6996889.0
2020-05-25 15:00:00,0.745,0.748,0.741,0.746,103826.0,7723501.0
2020-05-26 15:00:00,0.747,0.763,0.746,0.763,136506.0,10351374.0
2020-05-27 15:00:00,0.763,0.764,0.755,0.758,130352.0,9904014.0
2020-05-28 15:00:00,0.757,0.76,0.746,0.756,84530.0,6376553.0
2020-05-29 15:00:00,0.752,0.768,0.75,0.765,95008.0,7266243.5
2020-06-01 15:00:00,0.766,0.79,0.761,0.79,140196.0,10964797.0
2020-06-02 15:00:00,0.791,0.794,0.786,0.789,103913.0,8206350.0
2020-06-03 15:00:00,0.795,0.795,0.788,0.788,136345.0,10782595.0
2020-06-04 15:00:00,0.789,0.794,0.787,0.793,165339.0,13073078.0
2020-06-05 15:00:00,0.793,0.794,0.784,0.792,97664.0,7720799.0
2020-06-08 15:00:00,0.795,0.798,0.79,0.792,126944.0,10075987.0
2020-06-09 15:00:00,0.792,0.797,0.789,0.797,227484.0,18026898.0
2020-06-10 15:00:00,0.795,0.796,0.79,0.796,101518.0,8048188.0
2020-06-11 15:00:00,0.796,0.805,0.79,0.794,242209.0,19274344.0
2020-06-12 15:00:00,0.784,0.797,0.778,0.795,123153.0,9733326.0
2020-06-15 15:00:00,0.795,0.805,0.793,0.795,217368.0,17370196.0
2020-06-16 15:00:00,0.797,0.811,0.797,0.811,166473.0,13414448.0
2020-06-17 15:00:00,0.81,0.815,0.807,0.814,190845.0,15485445.0
2020-06-18 15:00:00,0.814,0.814,0.809,0.812,199991.0,16221702.0
2020-06-19 15:00:00,0.812,0.82,0.811,0.819,245648.0,20017054.0
2020-06-22 15:00:00,0.821,0.825,0.82,0.823,106236.0,8737645.0
2020-06-23 15:00:00,0.825,0.825,0.819,0.825,233146.0,19175792.0
2020-06-24 15:00:00,0.825,0.827,0.819,0.822,122876.0,10100562.0
2020-06-29 15:00:00,0.823,0.823,0.816,0.821,81681.0,6693793.0
2020-06-30 15:00:00,0.821,0.835,0.821,0.833,96912.0,8054669.0
2020-07-01 15:00:00,0.835,0.84,0.828,0.838,134604.0,11250209.0
2020-07-02 15:00:00,0.838,0.848,0.835,0.848,155209.0,13111282.0
2020-07-03 15:00:00,0.849,0.859,0.845,0.859,242448.0,20626376.0
2020-07-06 15:00:00,0.868,0.9,0.863,0.895,275722.0,24273078.0
2020-07-07 15:00:00,0.905,0.92,0.896,0.906,220382.0,20017020.0
2020-07-08 15:00:00,0.898,0.926,0.898,0.924,183823.0,16818766.0
2020-07-09 15:00:00,0.928,0.957,0.925,0.956,388052.0,36641716.0
2020-07-10 15:00:00,0.949,0.964,0.946,0.953,267227.0,25537758.0
2020-07-13 15:00:00,0.945,1.0,0.945,0.999,291016.0,28301008.0
2020-07-14 15:00:00,0.995,0.996,0.961,0.984,329093.0,32354076.0
2020-07-15 15:00:00,0.973,0.996,0.944,0.951,254710.0,24490956.0
2020-07-16 15:00:00,0.947,0.959,0.9,0.904,221946.0,20715982.0
2020-07-17 15:00:00,0.904,0.925,0.895,0.909,238464.0,21655040.0
2020-07-20 15:00:00,0.915,0.939,0.908,0.939,224231.0,20711006.0
2020-07-21 15:00:00,0.941,0.95,0.937,0.946,155016.0,14634958.0
2020-07-22 15:00:00,0.946,0.964,0.942,0.956,160505.0,15326691.0
2020-07-23 15:00:00,0.946,0.957,0.929,0.955,158472.0,14981566.0
2020-07-24 15:00:00,0.95,0.959,0.907,0.91,175237.0,16391893.0
2020-07-27 15:00:00,0.906,0.918,0.901,0.911,134217.0,12225039.0
2020-07-28 15:00:00,0.915,0.925,0.913,0.921,147196.0,13536463.0
2020-07-29 15:00:00,0.92,0.951,0.916,0.95,151802.0,14226451.0
2020-07-30 15:00:00,0.952,0.955,0.943,0.947,130079.0,12343549.0
2020-07-31 15:00:00,0.947,0.964,0.939,0.963,158026.0,15080178.0
2020-08-03 15:00:00,0.968,0.996,0.968,0.995,174586.0,17174426.0
2020-08-04 15:00:00,1.0,1.006,0.983,0.99,331578.0,32933030.0
2020-08-05 15:00:00,0.988,1.0,0.979,0.998,169598.0,16853900.0
2020-08-06 15:00:00,1.006,1.006,0.982,1.004,252235.0,25106958.0
2020-08-07 15:00:00,1.0,1.0,0.97,0.988,312896.0,30705192.0
2020-08-10 15:00:00,0.983,0.999,0.98,0.993,170200.0,16873338.0
2020-08-11 15:00:00,0.993,0.995,0.968,0.97,183759.0,18077642.0
2020-08-12 15:00:00,0.97,0.97,0.931,0.954,152994.0,14483040.0
2020-08-13 15:00:00,0.954,0.964,0.954,0.958,103830.0,9961382.0
2020-08-14 15:00:00,0.959,0.972,0.951,0.972,104167.0,10048276.0
2020-08-17 15:00:00,0.972,0.995,0.971,0.993,192473.0,18977800.0
2020-08-18 15:00:00,0.996,1.003,0.992,1.003,149023.0,14885870.0
2020-08-19 15:00:00,1.002,1.002,0.98,0.984,129904.0,12871995.0
2020-08-20 15:00:00,0.983,0.983,0.965,0.969,110221.0,10717979.0
2020-08-21 15:00:00,0.972,0.983,0.97,0.978,382689.0,37441792.0
2020-08-24 15:00:00,0.98,0.993,0.97,0.989,425458.0,41845020.0
2020-08-25 15:00:00,0.993,0.998,0.986,0.99,135783.0,13482371.0
2020-08-26 15:00:00,0.989,0.989,0.961,0.964,142322.0,13847575.0
2020-08-27 15:00:00,0.968,0.978,0.96,0.977,152707.0,14835752.0
2020-08-28 15:00:00,0.974,0.991,0.971,0.991,183319.0,17995284.0
2020-08-31 15:00:00,0.996,1.003,0.991,0.991,194381.0,19382042.0
2020-09-01 15:00:00,0.993,0.997,0.986,0.997,133227.0,13215295.0
2020-09-02 15:00:00,0.998,1.004,0.99,1.001,168691.0,16838448.0
2020-09-03 15:00:00,1.001,1.002,0.986,0.99,109722.0,10924698.0
2020-09-04 15:00:00,0.982,0.99,0.973,0.99,135302.0,13277150.0
2020-09-07 15:00:00,0.988,0.997,0.968,0.971,132009.0,13009273.0
2020-09-08 15:00:00,0.97,0.98,0.963,0.98,137694.0,13382205.0
2020-09-09 15:00:00,0.975,0.975,0.946,0.948,168835.0,16206486.0
2020-09-10 15:00:00,0.953,0.955,0.912,0.917,146220.0,13649124.0
2020-09-11 15:00:00,0.912,0.932,0.911,0.931,137642.0,12683211.0
2020-09-14 15:00:00,0.934,0.949,0.931,0.943,96591.0,9110671.0
2020-09-15 15:00:00,0.944,0.951,0.941,0.95,129438.0,12234524.0
2020-09-16 15:00:00,0.95,0.95,0.936,0.942,122557.0,11544258.0
2020-09-17 15:00:00,0.942,0.954,0.934,0.947,277260.0,26186792.0
2020-09-18 15:00:00,0.948,0.963,0.946,0.963,144749.0,13791507.0
2020-09-21 15:00:00,0.963,0.968,0.96,0.963,134476.0,12957236.0
2020-09-22 15:00:00,0.957,0.962,0.942,0.944,305981.0,29126834.0
2020-09-23 15:00:00,0.946,0.956,0.94,0.954,272239.0,25857624.0
2020-09-24 15:00:00,0.949,0.949,0.927,0.929,630298.0,58968120.0
2020-09-25 15:00:00,0.93,0.947,0.918,0.924,522537.0,48393736.0
2020-09-28 15:00:00,0.922,0.925,0.911,0.913,202737.0,18625002.0
2020-09-29 15:00:00,0.912,0.926,0.912,0.922,271182.0,25002978.0
2020-09-30 15:00:00,0.922,0.926,0.912,0.917,907368.0,83505440.0
2020-10-09 15:00:00,0.926,0.947,0.926,0.944,1015478.0,95674016.0
2020-10-12 15:00:00,0.945,0.978,0.945,0.977,608646.0,58909856.0
2020-10-13 15:00:00,0.978,0.982,0.969,0.981,464789.0,45268560.0
2020-10-14 15:00:00,0.981,0.981,0.969,0.971,197873.0,19241624.0
2020-10-15 15:00:00,0.971,0.973,0.963,0.963,91314.0,8840776.0
2020-10-16 15:00:00,0.964,0.972,0.951,0.961,138643.0,13282815.0
2020-10-19 15:00:00,0.964,0.967,0.951,0.954,200705.0,19269302.0
2020-10-20 15:00:00,0.954,0.965,0.945,0.965,234263.0,22417902.0
2020-10-21 15:00:00,0.965,0.966,0.945,0.951,255749.0,24369196.0
2020-10-22 15:00:00,0.952,0.952,0.935,0.945,217059.0,20477698.0
2020-10-23 15:00:00,0.945,0.95,0.923,0.928,241515.0,22701384.0
2020-10-26 15:00:00,0.928,0.93,0.911,0.927,252211.0,23237356.0
2020-10-27 15:00:00,0.922,0.934,0.922,0.934,261013.0,24238448.0
2020-10-28 15:00:00,0.934,0.935,0.917,0.933,287320.0,26633078.0
2020-10-29 15:00:00,0.916,0.936,0.915,0.934,244166.0,22719776.0
2020-10-30 15:00:00,0.935,0.936,0.909,0.91,253362.0,23435334.0
2020-11-02 15:00:00,0.92,0.92,0.903,0.91,259358.0,23545680.0
2020-11-03 15:00:00,0.911,0.931,0.911,0.93,347141.0,32060566.0
2020-11-04 15:00:00,0.933,0.934,0.919,0.925,316576.0,29281568.0
2020-11-05 15:00:00,0.93,0.945,0.93,0.943,297502.0,27863088.0
2020-11-06 15:00:00,0.941,0.946,0.928,0.935,347331.0,32509860.0
2020-11-09 15:00:00,0.939,0.962,0.939,0.958,381355.0,36340700.0
2020-11-10 15:00:00,0.962,0.962,0.943,0.948,317703.0,30215550.0
2020-11-11 15:00:00,0.949,0.949,0.932,0.932,313113.0,29432326.0
2020-11-12 15:00:00,0.931,0.94,0.931,0.935,294889.0,27591484.0
2020-11-13 15:00:00,0.934,0.94,0.928,0.937,311693.0,29110544.0
2020-11-16 15:00:00,0.938,0.949,0.935,0.949,280868.0,26513442.0
2020-11-17 15:00:00,0.946,0.947,0.931,0.937,350705.0,32852696.0
2020-11-18 15:00:00,0.938,0.944,0.934,0.939,289637.0,27177824.0
2020-11-19 15:00:00,0.934,0.945,0.931,0.944,278575.0,26189248.0
2020-11-20 15:00:00,0.944,0.953,0.94,0.951,350079.0,33193924.0
2020-11-23 15:00:00,0.951,0.961,0.946,0.959,391089.0,37353216.0
2020-11-24 15:00:00,0.959,0.959,0.954,0.955,276334.0,26421676.0
2020-11-25 15:00:00,0.956,0.958,0.94,0.94,273592.0,25935658.0
2020-11-26 15:00:00,0.94,0.942,0.928,0.933,352244.0,32896530.0
2020-11-27 15:00:00,0.934,0.936,0.925,0.936,261968.0,24367756.0
2020-11-30 15:00:00,0.935,0.939,0.926,0.931,315355.0,29465486.0
2020-12-01 15:00:00,0.931,0.945,0.926,0.945,303136.0,28429778.0
2020-12-02 15:00:00,0.945,0.948,0.941,0.946,283077.0,26733938.0
2020-12-03 15:00:00,0.943,0.948,0.938,0.944,227811.0,21491922.0
2020-12-04 15:00:00,0.943,0.953,0.94,0.952,324281.0,30718934.0
2020-12-07 15:00:00,0.954,0.954,0.947,0.949,231037.0,21976922.0
2020-12-08 15:00:00,0.95,0.951,0.946,0.947,296477.0,28110694.0
2020-12-09 15:00:00,0.947,0.947,0.929,0.931,207959.0,19572690.0
2020-12-10 15:00:00,0.931,0.936,0.924,0.931,254013.0,23569662.0
2020-12-11 15:00:00,0.93,0.933,0.909,0.918,293932.0,27046908.0
2020-12-14 15:00:00,0.916,0.928,0.91,0.926,337949.0,31139752.0
2020-12-15 15:00:00,0.925,0.93,0.923,0.929,213249.0,19754220.0
2020-12-16 15:00:00,0.926,0.929,0.92,0.92,180078.0,16632561.0
2020-12-17 15:00:00,0.92,0.932,0.912,0.93,270102.0,24883328.0
2020-12-18 15:00:00,0.929,0.934,0.925,0.928,288850.0,26859052.0
2020-12-21 15:00:00,0.928,0.945,0.926,0.944,355524.0,33400828.0
2020-12-22 15:00:00,0.944,0.944,0.925,0.926,555244.0,52089532.0
2020-12-23 15:00:00,0.94,0.94,0.924,0.932,726410.0,67569144.0
2020-12-24 15:00:00,0.932,0.932,0.917,0.921,480584.0,44357944.0
2020-12-25 15:00:00,0.922,0.929,0.913,0.925,1316440.0,121261208.0
2020-12-28 15:00:00,0.923,0.926,0.915,0.922,288416.0,26543056.0
2020-12-29 15:00:00,0.921,0.927,0.915,0.917,294570.0,27099182.0
2020-12-30 15:00:00,0.916,0.922,0.911,0.919,300984.0,27665512.0
2020-12-31 15:00:00,0.924,0.939,0.921,0.938,918339.0,85482632.0
2021-01-04 15:00:00,0.94,0.959,0.938,0.956,1121520.0,106470264.0
2021-01-05 15:00:00,0.954,0.961,0.947,0.958,681448.0,65130284.0
2021-01-06 15:00:00,0.953,0.96,0.941,0.948,522011.0,49483596.0
2021-01-07 15:00:00,0.948,0.948,0.924,0.933,615050.0,57483256.0
2021-01-08 15:00:00,0.932,0.94,0.921,0.928,480410.0,44772628.0
2021-01-11 15:00:00,0.922,0.929,0.908,0.912,525832.0,48343136.0
2021-01-12 15:00:00,0.912,0.931,0.906,0.93,528628.0,48674432.0
2021-01-13 15:00:00,0.93,0.931,0.914,0.919,417380.0,38404492.0
2021-01-14 15:00:00,0.919,0.928,0.908,0.918,982211.0,90443536.0
2021-01-15 15:00:00,0.918,0.925,0.908,0.923,662186.0,60746588.0
2021-01-18 15:00:00,0.92,0.945,0.919,0.943,638562.0,59621176.0
2021-01-19 15:00:00,0.947,0.948,0.931,0.934,614205.0,57628860.0
2021-01-20 15:00:00,0.938,0.941,0.93,0.939,556050.0,52022104.0
2021-01-21 15:00:00,0.936,0.955,0.936,0.95,576805.0,54667432.0
2021-01-22 15:00:00,0.951,0.951,0.94,0.948,564176.0,53328928.0
2021-01-25 15:00:00,0.95,0.95,0.937,0.938,454886.0,42911820.0
2021-01-26 15:00:00,0.935,0.939,0.923,0.925,414508.0,38498444.0
2021-01-27 15:00:00,0.925,0.926,0.912,0.924,457195.0,42046072.0
2021-01-28 15:00:00,0.916,0.927,0.906,0.906,730511.0,66906568.0
2021-01-29 15:00:00,0.912,0.914,0.881,0.893,644754.0,57831708.0
2021-02-01 15:00:00,0.893,0.9,0.889,0.899,325107.0,29081660.0
2021-02-02 15:00:00,0.901,0.907,0.892,0.907,496004.0,44665500.0
2021-02-03 15:00:00,0.907,0.908,0.892,0.893,389257.0,35020740.0
2021-02-04 15:00:00,0.888,0.89,0.861,0.874,680980.0,59468764.0
2021-02-05 15:00:00,0.873,0.879,0.857,0.858,593884.0,51631004.0
2021-02-08 15:00:00,0.86,0.868,0.8,0.862,611637.0,52471380.0
2021-02-09 15:00:00,0.862,0.89,0.861,0.889,845504.0,74347856.0
2021-02-10 15:00:00,0.89,0.895,0.883,0.894,739972.0,65766132.0
2021-02-18 15:00:00,0.908,0.915,0.901,0.913,924546.0,84093352.0
2021-02-19 15:00:00,0.912,0.93,0.904,0.929,913034.0,83692312.0
2021-02-22 15:00:00,0.936,0.947,0.925,0.93,2166180.0,203273552.0
2021-02-23 15:00:00,0.916,0.929,0.912,0.92,1294664.0,118958560.0
2021-02-24 15:00:00,0.915,0.928,0.904,0.914,1455792.0,133550680.0
2021-02-25 15:00:00,0.922,0.923,0.905,0.91,888580.0,80881440.0
2021-02-26 15:00:00,0.899,0.905,0.891,0.896,889542.0,79887136.0
2021-03-01 15:00:00,0.897,0.921,0.897,0.92,1174464.0,107524104.0
2021-03-02 15:00:00,0.925,0.926,0.91,0.92,1367848.0,125636888.0
2021-03-03 15:00:00,0.919,0.931,0.914,0.931,1007412.0,92853112.0
2021-03-04 15:00:00,0.921,0.928,0.91,0.916,1884747.0,172949536.0
2021-03-05 15:00:00,0.906,0.92,0.902,0.917,1098252.0,100003344.0
2021-03-08 15:00:00,0.924,0.925,0.893,0.894,1065007.0,97082024.0
2021-03-09 15:00:00,0.89,0.895,0.854,0.869,1168479.0,102076360.0
2021-03-10 15:00:00,0.873,0.878,0.859,0.859,831664.0,71949496.0
2021-03-11 15:00:00,0.86,0.884,0.857,0.883,969799.0,84650448.0
2021-03-12 15:00:00,0.885,0.886,0.872,0.885,828328.0,72722456.0
2021-03-15 15:00:00,0.88,0.885,0.868,0.876,1077756.0,94554336.0
2021-03-16 15:00:00,0.877,0.886,0.87,0.886,1058271.0,93005648.0
2021-03-17 15:00:00,0.884,0.891,0.875,0.889,952675.0,84292864.0
2021-03-18 15:00:00,0.884,0.896,0.884,0.89,1054450.0,93977496.0
2021-03-19 15:00:00,0.882,0.894,0.879,0.888,1186416.0,105314272.0
2021-03-22 15:00:00,0.885,0.904,0.885,0.903,1180097.0,105845488.0
2021-03-23 15:00:00,0.903,0.906,0.888,0.895,1234211.0,110622480.0
2021-03-24 15:00:00,0.887,0.891,0.875,0.876,1028480.0,90729536.0
2021-03-25 15:00:00,0.875,0.885,0.869,0.878,1459561.0,128038040.0
2021-03-26 15:00:00,0.879,0.896,0.879,0.893,1319444.0,117245384.0
2021-03-29 15:00:00,0.888,0.903,0.888,0.895,956992.0,85929880.0
2021-03-30 15:00:00,0.894,0.896,0.888,0.894,855318.0,76338320.0
2021-03-31 15:00:00,0.891,0.895,0.887,0.894,937475.0,83581168.0
2021-04-01 15:00:00,0.893,0.902,0.892,0.899,931975.0,83573464.0
2021-04-02 15:00:00,0.903,0.904,0.898,0.9,896822.0,80844032.0
2021-04-06 15:00:00,0.902,0.912,0.901,0.911,1383768.0,125604736.0
2021-04-07 15:00:00,0.912,0.912,0.903,0.911,1301331.0,118074088.0
2021-04-08 15:00:00,0.911,0.912,0.905,0.909,1268177.0,115266448.0
2021-04-09 15:00:00,0.906,0.91,0.904,0.91,1697681.0,154107760.0
2021-04-12 15:00:00,0.909,0.91,0.887,0.888,1349099.0,120991112.0
2021-04-13 15:00:00,0.888,0.892,0.881,0.885,1293980.0,114635712.0
2021-04-14 15:00:00,0.885,0.898,0.883,0.897,1284988.0,114414568.0
2021-04-15 15:00:00,0.896,0.896,0.887,0.895,983512.0,87634968.0
2021-04-16 15:00:00,0.896,0.908,0.894,0.907,1175521.0,106052888.0
2021-04-19 15:00:00,0.906,0.922,0.903,0.918,1481411.0,135635536.0
2021-04-20 15:00:00,0.918,0.924,0.87,0.916,1393956.0,128204968.0
2021-04-21 15:00:00,0.909,0.919,0.908,0.917,1248138.0,114161216.0
2021-04-22 15:00:00,0.917,0.922,0.917,0.921,1087009.0,100008176.0
2021-04-23 15:00:00,0.922,0.922,0.913,0.918,1201407.0,110171936.0
2021-04-26 15:00:00,0.918,0.928,0.912,0.912,1170766.0,107847120.0
2021-04-27 15:00:00,0.911,0.916,0.901,0.91,1231166.0,111717352.0
2021-04-28 15:00:00,0.906,0.916,0.905,0.915,1272732.0,116063848.0
2021-04-29 15:00:00,0.916,0.918,0.911,0.911,1220708.0,111610008.0
2021-04-30 15:00:00,0.912,0.912,0.903,0.909,1180436.0,107194928.0
2021-05-06 15:00:00,0.904,0.914,0.904,0.912,1326935.0,120730616.0
2021-05-07 15:00:00,0.912,0.913,0.901,0.902,1334902.0,121162760.0
2021-05-10 15:00:00,0.902,0.904,0.897,0.902,1405543.0,126621736.0
2021-05-11 15:00:00,0.896,0.905,0.888,0.902,1545757.0,138704896.0
2021-05-12 15:00:00,0.899,0.92,0.898,0.918,1311293.0,118934024.0
2021-05-13 15:00:00,0.91,0.917,0.907,0.909,1195401.0,109029952.0
2021-05-14 15:00:00,0.912,0.927,0.909,0.926,1342613.0,123063664.0
2021-05-17 15:00:00,0.924,0.928,0.917,0.92,1265380.0,116584824.0
2021-05-18 15:00:00,0.918,0.926,0.916,0.926,1261794.0,116162552.0
2021-05-19 15:00:00,0.923,0.927,0.921,0.924,1134253.0,104862568.0
2021-05-20 15:00:00,0.924,0.929,0.92,0.925,1047387.0,96792480.0
2021-05-21 15:00:00,0.925,0.93,0.923,0.928,1154447.0,106970256.0
2021-05-24 15:00:00,0.925,0.935,0.924,0.935,1104533.0,102594744.0
2021-05-25 15:00:00,0.935,0.948,0.934,0.945,954780.0,89879968.0
2021-05-26 15:00:00,0.945,0.954,0.944,0.95,1158372.0,110090840.0
2021-05-27 15:00:00,0.949,0.961,0.948,0.961,1396013.0,133642424.0
2021-05-28 15:00:00,0.962,0.966,0.953,0.956,1482855.0,142483424.0
2021-05-31 15:00:00,0.958,0.977,0.956,0.977,1366398.0,132301176.0
2021-06-01 15:00:00,0.977,0.981,0.971,0.98,1280195.0,125078280.0
2021-06-02 15:00:00,0.979,0.981,0.965,0.967,1590815.0,154871264.0
2021-06-03 15:00:00,0.966,0.977,0.964,0.967,1285237.0,124831960.0
2021-06-04 15:00:00,0.963,0.976,0.958,0.973,1193073.0,115822088.0
2021-06-07 15:00:00,0.975,0.987,0.974,0.987,1372119.0,134784592.0
2021-06-08 15:00:00,0.987,0.99,0.971,0.98,1427533.0,140065232.0
2021-06-09 15:00:00,0.975,0.981,0.974,0.979,1310595.0,128113720.0
2021-06-10 15:00:00,0.98,0.996,0.977,0.994,1991695.0,196530368.0
2021-06-11 15:00:00,0.994,0.998,0.983,0.987,1700617.0,168163696.0
2021-06-15 15:00:00,0.981,0.986,0.977,0.98,1803864.0,177295168.0
2021-06-16 15:00:00,0.978,0.979,0.959,0.962,1539493.0,148901728.0
2021-06-17 15:00:00,0.959,0.978,0.959,0.977,1338541.0,129687248.0
2021-06-18 15:00:00,0.973,0.991,0.973,0.987,1571608.0,154527760.0
2021-06-21 15:00:00,0.987,1.008,0.985,1.007,2331833.0,233126976.0
2021-06-22 15:00:00,1.01,1.013,1.0,1.006,1702373.0,171004160.0
2021-06-23 15:00:00,1.008,1.019,1.003,1.018,1359635.0,137303984.0
2021-06-24 15:00:00,1.017,1.017,1.002,1.004,1769523.0,178229664.0
2021-06-25 15:00:00,1.005,1.013,1.0,1.009,1423601.0,143217696.0
2021-06-28 15:00:00,1.011,1.023,1.007,1.017,1660420.0,169139824.0
2021-06-29 15:00:00,1.016,1.021,1.007,1.009,1386632.0,140595648.0
2021-06-30 15:00:00,1.008,1.022,0.993,1.022,1502557.0,152789008.0
2021-07-01 15:00:00,1.022,1.029,1.003,1.005,1191988.0,120977040.0
2021-07-02 15:00:00,1.0,1.004,0.982,0.995,1936656.0,193582384.0
2021-07-05 15:00:00,0.991,1.014,0.991,1.014,1559327.0,156634480.0
2021-07-06 15:00:00,1.013,1.018,0.994,1.009,2150740.0,216862128.0
2021-07-07 15:00:00,1.002,1.025,0.998,1.025,1603809.0,162409216.0
2021-07-08 15:00:00,1.025,1.032,1.023,1.028,1673129.0,171937088.0
2021-07-09 15:00:00,1.027,1.037,1.013,1.032,1723469.0,176445424.0
2021-07-12 15:00:00,1.035,1.056,1.035,1.052,1679653.0,176049520.0
2021-07-13 15:00:00,1.055,1.061,1.05,1.06,1880056.0,198394960.0
2021-07-14 15:00:00,1.062,1.063,1.044,1.046,2288086.0,240609632.0
2021-07-15 15:00:00,1.041,1.046,1.026,1.043,2128384.0,220883264.0
2021-07-16 15:00:00,1.043,1.058,1.038,1.044,2033104.0,213297440.0
2021-07-19 15:00:00,1.039,1.048,1.036,1.043,1839159.0,191770192.0
2021-07-20 15:00:00,1.032,1.052,1.032,1.051,1634513.0,170444576.0
2021-07-21 15:00:00,1.052,1.074,1.051,1.07,1853627.0,197421232.0
2021-07-22 15:00:00,1.072,1.079,1.063,1.075,1426729.0,152808240.0
2021-07-23 15:00:00,1.076,1.081,1.064,1.069,1618358.0,173609648.0
2021-07-26 15:00:00,1.067,1.072,1.032,1.055,2144552.0,226553712.0
2021-07-27 15:00:00,1.056,1.067,1.023,1.025,2460531.0,258387760.0
2021-07-28 15:00:00,1.024,1.024,0.978,1.005,2138274.0,214828848.0
2021-07-29 15:00:00,1.013,1.049,1.011,1.044,2082209.0,215098016.0
2021-07-30 15:00:00,1.044,1.058,1.035,1.055,2034228.0,212799920.0
2021-08-02 15:00:00,1.052,1.079,1.05,1.078,1774131.0,188251664.0
2021-08-03 15:00:00,1.071,1.076,1.054,1.057,1894294.0,202130240.0
2021-08-04 15:00:00,1.054,1.086,1.05,1.084,1675009.0,179188480.0
2021-08-05 15:00:00,1.08,1.086,1.071,1.08,1714492.0,185032032.0
2021-08-06 15:00:00,1.081,1.086,1.074,1.086,1671288.0,180534192.0
2021-08-09 15:00:00,1.084,1.089,1.07,1.087,1976888.0,213440544.0
2021-08-10 15:00:00,1.086,1.097,1.082,1.096,1931227.0,210827552.0
2021-08-11 15:00:00,1.096,1.106,1.086,1.105,1730873.0,190049280.0
2021-08-12 15:00:00,1.105,1.116,1.102,1.113,1948084.0,216197088.0
2021-08-13 15:00:00,1.112,1.122,1.104,1.112,2225439.0,247900816.0
2021-08-16 15:00:00,1.11,1.11,1.095,1.098,2098195.0,231274800.0
2021-08-17 15:00:00,1.094,1.1,1.065,1.067,2200348.0,238683488.0
2021-08-18 15:00:00,1.068,1.081,1.065,1.078,2493623.0,267466912.0
2021-08-19 15:00:00,1.073,1.09,1.064,1.087,2112158.0,227837440.0
2021-08-20 15:00:00,1.083,1.092,1.068,1.091,2282242.0,246428624.0
2021-08-23 15:00:00,1.092,1.116,1.09,1.113,2799768.0,309708544.0
2021-08-24 15:00:00,1.12,1.129,1.106,1.124,2284137.0,255344144.0
2021-08-25 15:00:00,1.122,1.127,1.113,1.127,2199599.0,246355184.0
2021-08-26 15:00:00,1.124,1.129,1.111,1.113,2122770.0,237729936.0
2021-08-27 15:00:00,1.109,1.119,1.101,1.116,2618768.0,291002208.0
2021-08-30 15:00:00,1.115,1.135,1.115,1.121,2749339.0,309751424.0
2021-08-31 15:00:00,1.119,1.124,1.11,1.124,2591638.0,289814432.0
2021-09-01 15:00:00,1.125,1.126,1.087,1.103,2332888.0,258121600.0
2021-09-02 15:00:00,1.101,1.12,1.094,1.12,2009454.0,223591696.0
2021-09-03 15:00:00,1.123,1.13,1.096,1.108,2574594.0,286301664.0
2021-09-06 15:00:00,1.108,1.126,1.095,1.124,2071510.0,230253968.0
2021-09-07 15:00:00,1.123,1.148,1.12,1.145,2397445.0,272659616.0
2021-09-08 15:00:00,1.144,1.153,1.142,1.152,2008204.0,230209744.0
2021-09-09 15:00:00,1.148,1.151,1.137,1.146,1647579.0,188393216.0
2021-09-10 15:00:00,1.146,1.156,1.137,1.154,2556268.0,293207616.0
2021-09-13 15:00:00,1.15,1.157,1.145,1.155,1468980.0,169155520.0
2021-09-14 15:00:00,1.155,1.17,1.147,1.15,1872548.0,216876096.0
2021-09-15 15:00:00,1.145,1.161,1.141,1.16,1659560.0,191500208.0
2021-09-16 15:00:00,1.165,1.168,1.123,1.124,2971080.0,339032032.0
2021-09-17 15:00:00,1.121,1.132,1.098,1.126,3000671.0,335461504.0
2021-09-22 15:00:00,1.114,1.132,1.111,1.131,1666369.0,187030944.0
2021-09-23 15:00:00,1.135,1.142,1.13,1.134,1718460.0,195296368.0
2021-09-24 15:00:00,1.134,1.134,1.114,1.118,2097978.0,235990336.0
2021-09-27 15:00:00,1.115,1.122,1.073,1.082,2302070.0,252007584.0
2021-09-28 15:00:00,1.081,1.089,1.076,1.084,1601326.0,173663360.0
2021-09-29 15:00:00,1.075,1.078,1.046,1.049,1644135.0,174105360.0
2021-09-30 15:00:00,1.051,1.076,1.05,1.074,1659361.0,176985408.0
2021-10-08 15:00:00,1.083,1.092,1.073,1.08,1319948.0,142549120.0
2021-10-11 15:00:00,1.075,1.08,1.066,1.073,1476400.0,158543040.0
2021-10-12 15:00:00,1.068,1.07,1.034,1.046,1565933.0,164292800.0
2021-10-13 15:00:00,1.041,1.06,1.038,1.058,1319223.0,138248704.0
2021-10-14 15:00:00,1.05,1.071,1.05,1.067,1441086.0,153146464.0
2021-10-15 15:00:00,1.064,1.071,1.058,1.068,1036732.0,110547136.0
2021-10-18 15:00:00,1.062,1.079,1.062,1.078,1307042.0,139818960.0
2021-10-19 15:00:00,1.077,1.091,1.073,1.09,1324732.0,143881392.0
2021-10-20 15:00:00,1.086,1.097,1.081,1.094,1596648.0,174032576.0
2021-10-21 15:00:00,1.091,1.096,1.084,1.086,1326723.0,144715328.0
2021-10-22 15:00:00,1.086,1.093,1.077,1.079,2002173.0,217320864.0
2021-10-25 15:00:00,1.081,1.095,1.076,1.095,1303273.0,141599488.0
2021-10-26 15:00:00,1.096,1.102,1.087,1.093,1221912.0,133876776.0
2021-10-27 15:00:00,1.088,1.089,1.075,1.081,1372415.0,148100704.0
2021-10-28 15:00:00,1.078,1.078,1.055,1.057,1323527.0,140939056.0
2021-10-29 15:00:00,1.056,1.075,1.051,1.075,1130791.0,120351336.0
2021-11-01 15:00:00,1.07,1.087,1.067,1.083,1069710.0,115325248.0
2021-11-02 15:00:00,1.081,1.089,1.06,1.072,1248329.0,134491504.0
2021-11-03 15:00:00,1.068,1.074,1.061,1.073,1092438.0,116618016.0
2021-11-04 15:00:00,1.074,1.088,1.074,1.087,998343.0,107984848.0
2021-11-05 15:00:00,1.087,1.088,1.071,1.072,1173928.0,126847776.0
2021-11-08 15:00:00,1.072,1.079,1.067,1.079,1391797.0,149598192.0
2021-11-09 15:00:00,1.077,1.096,1.077,1.094,1361472.0,148049808.0
2021-11-10 15:00:00,1.094,1.096,1.079,1.095,1494123.0,162472720.0
2021-11-11 15:00:00,1.095,1.108,1.091,1.106,1402948.0,154338032.0
2021-11-12 15:00:00,1.106,1.121,1.103,1.12,1695359.0,189057904.0
2021-11-15 15:00:00,1.127,1.128,1.111,1.116,2143611.0,239322160.0
2021-11-16 15:00:00,1.115,1.119,1.1,1.104,1765195.0,196276912.0
2021-11-17 15:00:00,1.102,1.125,1.101,1.125,2138549.0,239000656.0
2021-11-18 15:00:00,1.124,1.13,1.115,1.121,2436716.0,273492864.0
2021-11-19 15:00:00,1.115,1.136,1.115,1.135,2116569.0,238733552.0
2021-11-22 15:00:00,1.135,1.16,1.135,1.159,2572718.0,295724128.0
2021-11-23 15:00:00,1.158,1.159,1.151,1.156,1730406.0,199861760.0
2021-11-24 15:00:00,1.155,1.159,1.149,1.155,1922848.0,221807568.0
2021-11-25 15:00:00,1.153,1.156,1.148,1.151,1588705.0,183054304.0
2021-11-26 15:00:00,1.149,1.158,1.146,1.154,1526751.0,176034160.0
2021-11-29 15:00:00,1.145,1.165,1.14,1.164,1710742.0,197955712.0
2021-11-30 15:00:00,1.168,1.176,1.161,1.171,3146955.0,368257408.0
2021-12-01 15:00:00,1.169,1.172,1.161,1.172,2779407.0,324726208.0
2021-12-02 15:00:00,1.168,1.169,1.155,1.157,2167359.0,251653696.0
2021-12-03 15:00:00,1.156,1.168,1.153,1.164,1904470.0,221109216.0
2021-12-06 15:00:00,1.164,1.165,1.146,1.147,2761308.0,319757856.0
2021-12-07 15:00:00,1.151,1.161,1.121,1.129,2891978.0,327139968.0
2021-12-08 15:00:00,1.131,1.151,1.131,1.148,2149617.0,245857712.0
2021-12-09 15:00:00,1.148,1.155,1.145,1.155,1877284.0,216136736.0
2021-12-10 15:00:00,1.151,1.175,1.148,1.168,1492084.0,172393808.0
2021-12-13 15:00:00,1.158,1.163,1.152,1.159,1581483.0,183158752.0
2021-12-14 15:00:00,1.154,1.163,1.153,1.162,1751684.0,202935552.0
2021-12-15 15:00:00,1.159,1.165,1.153,1.158,1515359.0,175862304.0
2021-12-16 15:00:00,1.16,1.164,1.155,1.162,1282433.0,148764944.0
2021-12-17 15:00:00,1.161,1.162,1.146,1.147,1631877.0,188212320.0
2021-12-20 15:00:00,1.145,1.151,1.124,1.128,1512043.0,171622480.0
2021-12-21 15:00:00,1.128,1.142,1.126,1.142,1252461.0,141973744.0
2021-12-22 15:00:00,1.145,1.153,1.14,1.151,1882649.0,216342240.0
2021-12-23 15:00:00,1.151,1.156,1.145,1.151,1289255.0,148475968.0
2021-12-24 15:00:00,1.151,1.153,1.13,1.132,1624183.0,184882784.0
2021-12-27 15:00:00,1.128,1.139,1.126,1.132,974295.0,110319048.0
2021-12-28 15:00:00,1.134,1.144,1.13,1.143,1217406.0,138303392.0
2021-12-29 15:00:00,1.144,1.146,1.139,1.143,1183058.0,135159792.0
2021-12-30 15:00:00,1.141,1.156,1.14,1.152,1187536.0,136704336.0
2021-12-31 15:00:00,1.152,1.168,1.152,1.166,1334923.0,155141808.0
2022-01-04 15:00:00,1.167,1.174,1.155,1.161,1765720.0,205276432.0
2022-01-05 15:00:00,1.161,1.161,1.126,1.131,2215219.0,252059248.0
2022-01-06 15:00:00,1.124,1.145,1.121,1.138,2491382.0,283037408.0
2022-01-07 15:00:00,1.14,1.142,1.114,1.118,2510087.0,282931168.0
2022-01-10 15:00:00,1.111,1.127,1.108,1.123,1955833.0,219270720.0
2022-01-11 15:00:00,1.121,1.128,1.109,1.112,1717007.0,191787824.0
2022-01-12 15:00:00,1.113,1.133,1.113,1.132,1581960.0,177592272.0
2022-01-13 15:00:00,1.129,1.131,1.111,1.111,1799001.0,201500576.0
2022-01-14 15:00:00,1.106,1.12,1.101,1.115,1563665.0,174201648.0
2022-01-17 15:00:00,1.113,1.137,1.113,1.136,1705336.0,192543440.0
2022-01-18 15:00:00,1.135,1.138,1.125,1.13,1856883.0,210166464.0
2022-01-19 15:00:00,1.125,1.128,1.108,1.114,1723689.0,192587904.0
2022-01-20 15:00:00,1.113,1.113,1.089,1.09,1893780.0,208218704.0
2022-01-21 15:00:00,1.086,1.09,1.072,1.073,1774048.0,191534624.0
2022-01-24 15:00:00,1.065,1.085,1.065,1.079,1961255.0,211083712.0
2022-01-25 15:00:00,1.071,1.08,1.036,1.037,2075249.0,219535008.0
2022-01-26 15:00:00,1.038,1.05,1.029,1.044,2442764.0,254104576.0
2022-01-27 15:00:00,1.039,1.046,1.011,1.012,1878438.0,193361040.0
2022-01-28 15:00:00,1.018,1.028,0.996,1.016,1816059.0,183910496.0
2022-02-07 15:00:00,1.024,1.03,1.02,1.026,1906117.0,195613520.0
2022-02-08 15:00:00,1.023,1.034,1.008,1.034,2030312.0,207125024.0
2022-02-09 15:00:00,1.034,1.049,1.025,1.048,1656228.0,171862272.0
2022-02-10 15:00:00,1.05,1.05,1.036,1.045,1999841.0,208572752.0
2022-02-11 15:00:00,1.041,1.041,1.02,1.023,2043169.0,210837440.0
2022-02-14 15:00:00,1.014,1.031,1.01,1.016,1703753.0,173880992.0
2022-02-15 15:00:00,1.016,1.038,1.015,1.037,1951141.0,200495488.0
2022-02-16 15:00:00,1.041,1.048,1.037,1.045,1493745.0,155764976.0
2022-02-17 15:00:00,1.044,1.057,1.036,1.049,1821238.0,190956288.0
2022-02-18 15:00:00,1.044,1.056,1.038,1.053,1465275.0,153820032.0
2022-02-21 15:00:00,1.052,1.068,1.052,1.066,1274357.0,135117360.0
2022-02-22 15:00:00,1.059,1.064,1.049,1.06,2537068.0,267910832.0
2022-02-23 15:00:00,1.062,1.085,1.06,1.085,1781536.0,191675552.0
2022-02-24 15:00:00,1.073,1.086,1.042,1.059,2717424.0,290004672.0
2022-02-25 15:00:00,1.069,1.082,1.064,1.069,1878104.0,201465520.0
2022-02-28 15:00:00,1.07,1.08,1.058,1.078,1827949.0,195948448.0
2022-03-01 15:00:00,1.081,1.085,1.071,1.08,1713232.0,184565280.0
2022-03-02 15:00:00,1.072,1.08,1.067,1.078,1397435.0,149976032.0
2022-03-03 15:00:00,1.082,1.085,1.064,1.067,1710740.0,183211952.0
2022-03-04 15:00:00,1.054,1.07,1.05,1.054,1483721.0,157419264.0
2022-03-07 15:00:00,1.047,1.05,1.023,1.027,1686390.0,175007344.0
2022-03-08 15:00:00,1.027,1.032,0.993,0.996,2315209.0,234197424.0
2022-03-09 15:00:00,0.996,1.005,0.948,0.985,2829517.0,278572064.0
2022-03-10 15:00:00,1.003,1.019,1.001,1.009,2268600.0,228666480.0
2022-03-11 15:00:00,0.992,1.017,0.985,1.016,2294035.0,229691776.0
2022-03-14 15:00:00,1.0,1.014,0.986,0.988,2543111.0,254871184.0
2022-03-15 15:00:00,0.979,0.987,0.939,0.941,2258385.0,218723648.0
2022-03-16 15:00:00,0.952,0.977,0.92,0.972,3199261.0,304421952.0
2022-03-17 15:00:00,0.977,1.006,0.977,0.99,3346206.0,332656896.0
2022-03-18 15:00:00,0.982,1.001,0.982,1.0,1686449.0,167313088.0
2022-03-21 15:00:00,1.008,1.014,0.999,1.011,1976916.0,199043632.0
2022-03-22 15:00:00,1.006,1.016,1.001,1.006,1557035.0,156931808.0
2022-03-23 15:00:00,1.01,1.015,1.003,1.013,1431457.0,144681824.0
2022-03-24 15:00:00,1.005,1.011,0.995,1.0,1596121.0,159960096.0
2022-03-25 15:00:00,1.001,1.008,0.989,0.992,1401992.0,140386592.0
2022-03-28 15:00:00,0.982,0.993,0.973,0.982,1617209.0,158875440.0
2022-03-29 15:00:00,0.987,0.988,0.974,0.976,1232755.0,120928232.0
2022-03-30 15:00:00,0.982,1.001,0.979,0.999,3219270.0,319963968.0
2022-03-31 15:00:00,0.997,0.998,0.983,0.985,1624972.0,160879824.0
2022-04-01 15:00:00,0.974,0.988,0.971,0.986,1433449.0,140799136.0
2022-04-06 15:00:00,0.981,0.984,0.974,0.982,1528416.0,149630000.0
2022-04-07 15:00:00,0.976,0.984,0.962,0.963,1395359.0,135814368.0
2022-04-08 15:00:00,0.963,0.966,0.942,0.956,1585305.0,150952736.0
2022-04-11 15:00:00,0.949,0.949,0.915,0.922,1873388.0,174672128.0
2022-04-12 15:00:00,0.923,0.934,0.909,0.933,1852041.0,170805072.0
2022-04-13 15:00:00,0.924,0.928,0.913,0.916,2370453.0,218431744.0
2022-04-14 15:00:00,0.922,0.929,0.915,0.922,2165846.0,199203568.0
2022-04-15 15:00:00,0.915,0.921,0.904,0.912,2445030.0,223040512.0
2022-04-18 15:00:00,0.905,0.921,0.896,0.92,1652789.0,150512016.0
2022-04-19 15:00:00,0.915,0.926,0.915,0.923,1592778.0,146797568.0
2022-04-20 15:00:00,0.92,0.925,0.902,0.904,1396145.0,127920160.0
2022-04-21 15:00:00,0.9,0.906,0.867,0.868,1776342.0,157758400.0
2022-04-22 15:00:00,0.863,0.868,0.851,0.858,2333810.0,200364784.0
2022-04-25 15:00:00,0.84,0.846,0.788,0.793,2863781.0,233430032.0
2022-04-26 15:00:00,0.788,0.798,0.764,0.768,4294683.0,336345472.0
2022-04-27 15:00:00,0.762,0.808,0.751,0.807,3177134.0,246550688.0
2022-04-28 15:00:00,0.796,0.81,0.789,0.797,2488471.0,199090544.0
2022-04-29 15:00:00,0.805,0.839,0.798,0.835,2700541.0,221514320.0
2022-05-05 15:00:00,0.831,0.857,0.823,0.85,2102215.0,177547504.0
2022-05-06 15:00:00,0.832,0.846,0.828,0.839,1876185.0,157099376.0
2022-05-09 15:00:00,0.832,0.852,0.83,0.85,1810665.0,153277584.0
2022-05-10 15:00:00,0.837,0.867,0.835,0.864,2298511.0,196775632.0
2022-05-11 15:00:00,0.867,0.894,0.864,0.873,1970927.0,173833248.0
2022-05-12 15:00:00,0.865,0.885,0.865,0.878,1717713.0,150641904.0
2022-05-13 15:00:00,0.882,0.891,0.872,0.885,2137794.0,187804336.0
2022-05-16 15:00:00,0.888,0.896,0.88,0.887,1547203.0,136979312.0
2022-05-17 15:00:00,0.884,0.892,0.874,0.891,1661488.0,146698112.0
2022-05-18 15:00:00,0.891,0.9,0.885,0.891,2151577.0,192271408.0
2022-05-19 15:00:00,0.878,0.903,0.875,0.902,1537470.0,136520160.0
2022-05-20 15:00:00,0.9,0.913,0.897,0.91,2067638.0,187225712.0
2022-05-23 15:00:00,0.912,0.926,0.911,0.925,1610781.0,147906640.0
2022-05-24 15:00:00,0.92,0.924,0.884,0.887,2186088.0,199144512.0
2022-05-25 15:00:00,0.886,0.902,0.883,0.902,2294867.0,204781264.0
2022-05-26 15:00:00,0.9,0.915,0.887,0.91,2499850.0,225315968.0
2022-05-27 15:00:00,0.913,0.915,0.897,0.908,2401286.0,218155904.0
2022-05-30 15:00:00,0.905,0.917,0.898,0.916,1709574.0,155258912.0
2022-05-31 15:00:00,0.915,0.929,0.906,0.925,2547784.0,234209776.0
2022-06-01 15:00:00,0.92,0.933,0.918,0.929,1577089.0,146472448.0
2022-06-02 15:00:00,0.928,0.943,0.923,0.939,2176874.0,203180528.0
2022-06-06 15:00:00,0.936,0.966,0.936,0.963,1978481.0,189190608.0
2022-06-07 15:00:00,0.962,0.967,0.954,0.961,1896363.0,181899424.0
2022-06-08 15:00:00,0.959,0.972,0.944,0.964,2163995.0,207617024.0
2022-06-09 15:00:00,0.957,0.962,0.941,0.947,2011356.0,191788720.0
2022-06-10 15:00:00,0.941,0.969,0.939,0.968,1516667.0,145443984.0
2022-06-13 15:00:00,0.963,0.977,0.953,0.975,1803241.0,175102928.0
2022-06-14 15:00:00,0.968,0.976,0.941,0.975,2481820.0,237791968.0
2022-06-15 15:00:00,0.972,0.988,0.97,0.971,2442639.0,239116272.0
2022-06-16 15:00:00,0.97,0.988,0.97,0.98,1923034.0,188417792.0
2022-06-17 15:00:00,0.971,0.992,0.967,0.991,2353099.0,230871424.0
2022-06-20 15:00:00,0.991,1.005,0.989,1.0,2079638.0,207349760.0
2022-06-21 15:00:00,0.999,1.001,0.981,0.989,2609780.0,258883920.0
2022-06-22 15:00:00,0.988,0.995,0.976,0.977,2302702.0,227205632.0
2022-06-23 15:00:00,0.975,1.001,0.971,1.0,2180010.0,215176400.0
2022-06-24 15:00:00,1.0,1.018,1.0,1.011,2805090.0,283644864.0
2022-06-27 15:00:00,1.013,1.026,1.013,1.022,2771544.0,282775168.0
2022-06-28 15:00:00,1.023,1.037,1.018,1.035,4076300.0,419213888.0
2022-06-29 15:00:00,1.032,1.034,1.008,1.013,2895121.0,295918624.0
2022-06-30 15:00:00,1.01,1.028,1.01,1.021,2341806.0,239079952.0
2022-07-01 15:00:00,1.019,1.03,1.016,1.024,2323891.0,237741296.0
2022-07-04 15:00:00,1.024,1.035,1.014,1.033,2330115.0,239232752.0
2022-07-05 15:00:00,1.032,1.039,1.016,1.03,2896786.0,297294048.0
2022-07-06 15:00:00,1.028,1.03,1.008,1.017,3428150.0,349552064.0
2022-07-07 15:00:00,1.017,1.032,1.01,1.029,3199694.0,327392224.0
2022-07-08 15:00:00,1.03,1.035,1.022,1.024,3669073.0,377504800.0
2022-07-11 15:00:00,1.018,1.018,0.998,1.009,4115606.0,414566176.0
2022-07-12 15:00:00,1.008,1.011,0.99,0.991,3657359.0,365570688.0
2022-07-13 15:00:00,0.991,1.002,0.985,0.999,3901807.0,388082528.0
2022-07-14 15:00:00,0.997,1.017,0.995,1.013,3306903.0,333705312.0
2022-07-15 15:00:00,1.01,1.02,1.001,1.002,3767229.0,381683872.0
2022-07-18 15:00:00,1.001,1.019,1.001,1.017,5888866.0,595243520.0
2022-07-19 15:00:00,1.02,1.031,1.015,1.026,6654450.0,681408128.0
2022-07-20 15:00:00,1.03,1.041,1.027,1.041,8965346.0,929724160.0
2022-07-21 15:00:00,1.041,1.045,1.034,1.035,11019136.0,1146752384.0
2022-07-22 15:00:00,1.036,1.042,1.018,1.028,21120994.0,2177814784.0
2022-07-25 15:00:00,1.026,1.033,1.012,1.014,13788701.0,1408841600.0
2022-07-26 15:00:00,1.015,1.031,1.01,1.03,17316708.0,1769540864.0
2022-07-27 15:00:00,1.028,1.04,1.024,1.039,17552358.0,1815134080.0
2022-07-28 15:00:00,1.041,1.053,1.04,1.047,23067444.0,2414999040.0
2022-07-29 15:00:00,1.047,1.051,1.04,1.043,26578040.0,2776871936.0
2022-08-01 15:00:00,1.035,1.051,1.03,1.049,20572828.0,2140873472.0
2022-08-02 15:00:00,1.039,1.039,1.003,1.02,23986036.0,2449979904.0
2022-08-03 15:00:00,1.017,1.035,1.008,1.012,18641874.0,1914230272.0
2022-08-04 15:00:00,1.013,1.019,1.0,1.017,22227520.0,2245173504.0
2022-08-05 15:00:00,1.014,1.04,1.014,1.04,16269242.0,1671818496.0
2022-08-08 15:00:00,1.036,1.051,1.034,1.048,13131817.0,1369460096.0
2022-08-09 15:00:00,1.047,1.055,1.04,1.053,10741536.0,1126017280.0
2022-08-10 15:00:00,1.046,1.056,1.046,1.053,12494378.0,1314816896.0
2022-08-11 15:00:00,1.059,1.068,1.054,1.067,17569250.0,1866189568.0
2022-08-12 15:00:00,1.064,1.07,1.056,1.057,12584968.0,1338721024.0
2022-08-15 15:00:00,1.053,1.068,1.051,1.064,13542828.0,1438985472.0
2022-08-16 15:00:00,1.064,1.077,1.062,1.07,13828760.0,1479456128.0
2022-08-17 15:00:00,1.072,1.074,1.063,1.071,14245458.0,1523582208.0
2022-08-18 15:00:00,1.067,1.077,1.067,1.076,13161196.0,1411036032.0
2022-08-19 15:00:00,1.076,1.079,1.057,1.058,12714510.0,1356319232.0
2022-08-22 15:00:00,1.054,1.067,1.047,1.064,15037480.0,1592416640.0
2022-08-23 15:00:00,1.061,1.069,1.06,1.069,15346241.0,1633312768.0
2022-08-24 15:00:00,1.065,1.069,1.027,1.03,19578000.0,2038235136.0
2022-08-25 15:00:00,1.029,1.032,1.014,1.027,14226685.0,1453942784.0
2022-08-26 15:00:00,1.025,1.038,1.017,1.021,12612576.0,1297340032.0
2022-08-29 15:00:00,1.009,1.028,1.003,1.025,13815206.0,1411143168.0
2022-08-30 15:00:00,1.025,1.027,1.015,1.02,17050916.0,1740716928.0
2022-08-31 15:00:00,1.015,1.02,0.985,0.988,22256540.0,2218564096.0
2022-09-01 15:00:00,0.983,0.996,0.978,0.982,19380578.0,1913593088.0
2022-09-02 15:00:00,0.982,0.982,0.982,0.982,5.877471754111438e-39,5.877471754111438e-39
2022-09-05 15:00:00,2.698,2.733,2.689,2.713,6338251.0,1717475072.0
2022-09-06 15:00:00,2.725,2.767,2.71,2.766,6743229.0,1845902336.0
2022-09-07 15:00:00,2.759,2.795,2.754,2.783,5550310.0,1542329728.0
2022-09-08 15:00:00,2.786,2.792,2.758,2.761,5246127.0,1453693568.0
2022-09-09 15:00:00,2.76,2.771,2.742,2.769,7221364.0,1993022848.0
2022-09-13 15:00:00,2.773,2.785,2.751,2.76,5802034.0,1602544896.0
2022-09-14 15:00:00,2.73,2.74,2.714,2.729,5767298.0,1573772416.0
2022-09-15 15:00:00,2.731,2.744,2.613,2.644,8840341.0,2357531648.0
2022-09-16 15:00:00,2.626,2.65,2.586,2.59,7637580.0,2002734592.0
2022-09-19 15:00:00,2.577,2.6,2.541,2.561,6775496.0,1737417472.0
2022-09-20 15:00:00,2.569,2.616,2.561,2.59,5193688.0,1346705408.0
2022-09-21 15:00:00,2.586,2.603,2.551,2.59,6797740.0,1752778112.0
2022-09-22 15:00:00,2.568,2.624,2.563,2.595,5611800.0,1460124672.0
2022-09-23 15:00:00,2.597,2.604,2.521,2.547,7554882.0,1933104384.0
2022-09-26 15:00:00,2.527,2.565,2.51,2.512,7391910.0,1876452864.0
2022-09-27 15:00:00,2.516,2.563,2.514,2.56,9218457.0,2336076032.0
2022-09-28 15:00:00,2.55,2.56,2.483,2.485,6053847.0,1523978368.0
2022-09-29 15:00:00,2.505,2.524,2.475,2.494,7147457.0,1791369216.0
2022-09-30 15:00:00,2.494,2.499,2.445,2.446,6433496.0,1588977280.0
2022-10-10 15:00:00,2.44,2.459,2.382,2.395,5750054.0,1396159232.0
2022-10-11 15:00:00,2.393,2.413,2.376,2.401,5653881.0,1354456576.0
2022-10-12 15:00:00,2.398,2.473,2.362,2.472,8699466.0,2079678976.0
2022-10-13 15:00:00,2.456,2.523,2.451,2.499,8511568.0,2127523712.0
2022-10-14 15:00:00,2.512,2.573,2.51,2.566,5733861.0,1459856512.0
2022-10-17 15:00:00,2.549,2.592,2.542,2.581,6074510.0,1561829376.0
2022-10-18 15:00:00,2.59,2.618,2.572,2.598,6410228.0,1662723200.0
2022-10-19 15:00:00,2.589,2.615,2.579,2.583,5459751.0,1417291648.0
2022-10-20 15:00:00,2.563,2.614,2.53,2.575,10410664.0,2666656512.0
2022-10-21 15:00:00,2.57,2.589,2.55,2.57,6012078.0,1545096576.0
2022-10-24 15:00:00,2.57,2.628,2.527,2.56,8398588.0,2169000192.0
2022-10-25 15:00:00,2.535,2.564,2.496,2.539,6870438.0,1740297344.0
2022-10-26 15:00:00,2.539,2.624,2.539,2.6,12270815.0,3179036928.0
2022-10-27 15:00:00,2.61,2.619,2.579,2.585,8051512.0,2094327168.0
2022-10-28 15:00:00,2.566,2.58,2.48,2.49,8100327.0,2051721088.0
2022-10-31 15:00:00,2.471,2.542,2.471,2.516,7206304.0,1808795904.0
2022-11-01 15:00:00,2.519,2.585,2.507,2.584,8982036.0,2287150080.0
2022-11-02 15:00:00,2.58,2.621,2.572,2.609,6435972.0,1672852864.0
2022-11-03 15:00:00,2.594,2.632,2.592,2.622,4897121.0,1280525312.0
2022-11-04 15:00:00,2.622,2.694,2.619,2.691,7497603.0,1998600192.0
2022-11-07 15:00:00,2.687,2.703,2.659,2.68,6456919.0,1732475264.0
2022-11-08 15:00:00,2.673,2.68,2.657,2.679,6227681.0,1660098304.0
2022-11-09 15:00:00,2.677,2.694,2.659,2.667,5692791.0,1521126912.0
2022-11-10 15:00:00,2.654,2.663,2.633,2.642,7701095.0,2037062272.0
2022-11-11 15:00:00,2.708,2.717,2.65,2.652,10131569.0,2716745984.0
2022-11-14 15:00:00,2.652,2.677,2.622,2.634,9216749.0,2440465152.0
2022-11-15 15:00:00,2.624,2.697,2.624,2.696,6466110.0,1727769216.0
2022-11-16 15:00:00,2.696,2.706,2.672,2.676,6236468.0,1675098880.0
2022-11-17 15:00:00,2.67,2.685,2.648,2.682,6578993.0,1749532544.0
2022-11-18 15:00:00,2.683,2.698,2.654,2.66,7789657.0,2088969984.0
2022-11-21 15:00:00,2.642,2.674,2.632,2.671,4967542.0,1319603200.0
2022-11-22 15:00:00,2.663,2.672,2.617,2.633,10397190.0,2750271232.0
2022-11-23 15:00:00,2.625,2.637,2.578,2.627,5706180.0,1487260544.0
2022-11-24 15:00:00,2.628,2.642,2.614,2.63,5344542.0,1404428672.0
2022-11-25 15:00:00,2.623,2.625,2.599,2.604,3764476.0,983042432.0
2022-11-28 15:00:00,2.564,2.6,2.555,2.594,5395330.0,1395653120.0
2022-11-29 15:00:00,2.599,2.646,2.597,2.634,7193491.0,1889618304.0
2022-11-30 15:00:00,2.634,2.643,2.62,2.631,5776169.0,1521102080.0
2022-12-01 15:00:00,2.664,2.68,2.651,2.658,5331708.0,1421647104.0
2022-12-02 15:00:00,2.645,2.689,2.645,2.666,5096919.0,1362192512.0
2022-12-05 15:00:00,2.68,2.688,2.664,2.679,5303539.0,1418833408.0
2022-12-06 15:00:00,2.671,2.693,2.659,2.676,6282370.0,1680162816.0
2022-12-07 15:00:00,2.674,2.691,2.66,2.674,5364379.0,1436092544.0
2022-12-08 15:00:00,2.674,2.676,2.653,2.662,6345406.0,1690488448.0
2022-12-09 15:00:00,2.659,2.675,2.645,2.669,5965858.0,1589009152.0
2022-12-12 15:00:00,2.67,2.674,2.644,2.659,4649133.0,1236504192.0
2022-12-13 15:00:00,2.655,2.662,2.633,2.639,3783817.0,999837952.0
2022-12-14 15:00:00,2.629,2.651,2.617,2.624,4871928.0,1282499712.0
2022-12-15 15:00:00,2.618,2.64,2.616,2.633,4550363.0,1196575488.0
2022-12-16 15:00:00,2.622,2.63,2.597,2.61,6026668.0,1571781248.0
2022-12-19 15:00:00,2.612,2.617,2.548,2.558,6455239.0,1661540352.0
2022-12-20 15:00:00,2.555,2.556,2.525,2.531,6630078.0,1685280256.0
2022-12-21 15:00:00,2.535,2.539,2.496,2.517,6554398.0,1649025024.0
2022-12-22 15:00:00,2.523,2.525,2.464,2.478,5198806.0,1297519104.0
2022-12-23 15:00:00,2.466,2.481,2.444,2.46,6976722.0,1720585472.0
2022-12-26 15:00:00,2.462,2.511,2.462,2.504,6523566.0,1627858944.0
2022-12-27 15:00:00,2.516,2.526,2.496,2.524,4363435.0,1096365824.0
2022-12-28 15:00:00,2.519,2.519,2.5,2.507,5905662.0,1480593920.0
2022-12-29 15:00:00,2.488,2.525,2.488,2.502,5735949.0,1440040704.0
2022-12-30 15:00:00,2.513,2.516,2.499,2.507,6107504.0,1531111936.0
2023-01-03 15:00:00,2.505,2.571,2.501,2.564,8331312.0,2122389760.0
2023-01-04 15:00:00,2.564,2.572,2.547,2.564,6126669.0,1569804800.0
2023-01-05 15:00:00,2.569,2.592,2.56,2.591,5357601.0,1383678592.0
2023-01-06 15:00:00,2.59,2.611,2.586,2.595,4714404.0,1225331456.0
2023-01-09 15:00:00,2.6,2.624,2.598,2.607,5173508.0,1351434368.0
2023-01-10 15:00:00,2.604,2.615,2.594,2.611,4731222.0,1234038144.0
2023-01-11 15:00:00,2.609,2.622,2.587,2.592,6319170.0,1646976256.0
2023-01-12 15:00:00,2.59,2.612,2.585,2.592,5401686.0,1402660608.0
2023-01-13 15:00:00,2.593,2.61,2.587,2.608,5001341.0,1297596416.0
2023-01-16 15:00:00,2.61,2.652,2.61,2.636,11846074.0,3125566720.0
2023-01-17 15:00:00,2.636,2.649,2.629,2.633,6590668.0,1738202880.0
2023-01-18 15:00:00,2.639,2.655,2.635,2.641,5735305.0,1517258112.0
2023-01-19 15:00:00,2.639,2.673,2.631,2.672,7173348.0,1906635904.0
2023-01-20 15:00:00,2.673,2.7,2.673,2.697,11808847.0,3175404032.0
2023-01-30 15:00:00,2.726,2.739,2.706,2.708,8532419.0,2323781632.0
2023-01-31 15:00:00,2.708,2.727,2.7,2.717,7322827.0,1990026368.0
2023-02-01 15:00:00,2.72,2.762,2.719,2.761,7160094.0,1964224256.0
2023-02-02 15:00:00,2.764,2.788,2.758,2.765,7916167.0,2195554048.0
2023-02-03 15:00:00,2.758,2.769,2.724,2.762,7251938.0,1993929856.0
2023-02-06 15:00:00,2.75,2.765,2.734,2.756,6523828.0,1792418816.0
2023-02-07 15:00:00,2.761,2.765,2.737,2.764,10142395.0,2789940480.0
2023-02-08 15:00:00,2.766,2.768,2.741,2.745,6714086.0,1848719488.0
2023-02-09 15:00:00,2.737,2.803,2.732,2.8,10182072.0,2831834368.0
2023-02-10 15:00:00,2.797,2.802,2.762,2.786,7780780.0,2163615488.0
2023-02-13 15:00:00,2.774,2.814,2.774,2.812,7434313.0,2084127744.0
2023-02-14 15:00:00,2.814,2.821,2.803,2.818,5456511.0,1533864448.0
2023-02-15 15:00:00,2.819,2.824,2.807,2.817,4757291.0,1339282816.0
2023-02-16 15:00:00,2.818,2.835,2.744,2.767,8613256.0,2409548800.0
2023-02-17 15:00:00,2.766,2.775,2.736,2.742,7929047.0,2183183104.0
2023-02-20 15:00:00,2.74,2.777,2.721,2.774,8785280.0,2413105408.0
2023-02-21 15:00:00,2.775,2.799,2.765,2.787,5470174.0,1521501312.0
2023-02-22 15:00:00,2.782,2.801,2.769,2.795,4692244.0,1308269312.0
2023-02-23 15:00:00,2.794,2.799,2.761,2.782,4626301.0,1286200960.0
2023-02-24 15:00:00,2.78,2.79,2.752,2.772,5318072.0,1471456384.0
2023-02-27 15:00:00,2.76,2.772,2.74,2.754,6273385.0,1729818880.0
2023-02-28 15:00:00,2.754,2.779,2.739,2.776,4707683.0,1300324096.0
2023-03-01 15:00:00,2.776,2.799,2.764,2.796,4140546.0,1151899776.0
2023-03-02 15:00:00,2.795,2.804,2.776,2.783,4402342.0,1226444160.0
2023-03-03 15:00:00,2.783,2.795,2.759,2.779,5291725.0,1468998400.0
2023-03-06 15:00:00,2.776,2.796,2.763,2.788,4844866.0,1346490880.0
2023-03-07 15:00:00,2.792,2.792,2.734,2.738,5105719.0,1408574848.0
2023-03-08 15:00:00,2.721,2.753,2.721,2.746,4470043.0,1225599232.0
2023-03-09 15:00:00,2.746,2.755,2.731,2.753,4895643.0,1344340992.0
2023-03-10 15:00:00,2.738,2.743,2.711,2.713,5658251.0,1542374912.0
2023-03-13 15:00:00,2.707,2.729,2.692,2.726,4903908.0,1328817920.0
2023-03-14 15:00:00,2.727,2.727,2.671,2.701,4891434.0,1319708544.0
2023-03-15 15:00:00,2.713,2.734,2.708,2.714,3930104.0,1069359424.0
2023-03-16 15:00:00,2.708,2.709,2.666,2.673,4580919.0,1231143680.0
2023-03-17 15:00:00,2.685,2.71,2.679,2.693,5780563.0,1558065664.0
2023-03-20 15:00:00,2.695,2.705,2.672,2.682,4679060.0,1256752512.0
2023-03-21 15:00:00,2.681,2.718,2.681,2.716,4796690.0,1297662720.0
2023-03-22 15:00:00,2.72,2.731,2.716,2.727,4138039.0,1127552640.0
2023-03-23 15:00:00,2.727,2.739,2.72,2.737,4655454.0,1270437632.0
2023-03-24 15:00:00,2.738,2.744,2.729,2.739,3736134.0,1022714368.0
2023-03-27 15:00:00,2.739,2.752,2.724,2.743,3790344.0,1039194048.0
2023-03-28 15:00:00,2.754,2.754,2.721,2.728,4212526.0,1151276288.0
2023-03-29 15:00:00,2.735,2.747,2.71,2.718,4824040.0,1312196736.0
2023-03-30 15:00:00,2.713,2.721,2.698,2.72,4781083.0,1295710720.0
2023-03-31 15:00:00,2.718,2.744,2.718,2.742,3979777.0,1088187008.0
2023-04-03 15:00:00,2.745,2.781,2.745,2.779,5558425.0,1536801024.0
2023-04-04 15:00:00,2.784,2.784,2.759,2.775,4276213.0,1184524288.0
2023-04-06 15:00:00,2.769,2.788,2.764,2.784,4159097.0,1155886720.0
2023-04-07 15:00:00,2.784,2.813,2.781,2.808,2958890.0,828967424.0
2023-04-10 15:00:00,2.814,2.816,2.777,2.783,3614717.0,1009642112.0
2023-04-11 15:00:00,2.778,2.792,2.773,2.784,3588093.0,997824448.0
2023-04-12 15:00:00,2.788,2.801,2.784,2.799,3856953.0,1077845504.0
2023-04-13 15:00:00,2.8,2.801,2.779,2.782,3553956.0,991546304.0
2023-04-14 15:00:00,2.785,2.802,2.776,2.799,3838310.0,1071349440.0
2023-04-17 15:00:00,2.799,2.804,2.791,2.801,2937657.0,821851072.0
2023-04-18 15:00:00,2.79,2.803,2.779,2.79,3558270.0,992430016.0
2023-04-19 15:00:00,2.788,2.797,2.774,2.778,3377295.0,941371328.0
2023-04-20 15:00:00,2.774,2.78,2.762,2.778,3629479.0,1005485312.0
2023-04-21 15:00:00,2.775,2.777,2.707,2.708,4321147.0,1185618944.0
2023-04-24 15:00:00,2.708,2.714,2.675,2.686,5185965.0,1395158400.0
2023-04-25 15:00:00,2.682,2.689,2.603,2.638,7640157.0,2023361536.0
2023-04-26 15:00:00,2.635,2.66,2.628,2.646,5582649.0,1476582400.0
2023-04-27 15:00:00,2.638,2.667,2.637,2.652,7394135.0,1961190272.0
2023-04-28 15:00:00,2.652,2.693,2.65,2.692,5702761.0,1525775616.0
2023-05-04 15:00:00,2.683,2.693,2.672,2.685,4438145.0,1190646400.0
2023-05-05 15:00:00,2.68,2.684,2.639,2.656,4419531.0,1172516864.0
2023-05-08 15:00:00,2.651,2.683,2.651,2.672,5389085.0,1438973824.0
2023-05-09 15:00:00,2.679,2.679,2.64,2.64,4097924.0,1090978688.0
2023-05-10 15:00:00,2.635,2.659,2.628,2.645,4218297.0,1114367744.0
2023-05-11 15:00:00,2.647,2.658,2.641,2.643,3685978.0,976032512.0
2023-05-12 15:00:00,2.637,2.652,2.609,2.61,3952463.0,1038512832.0
2023-05-15 15:00:00,2.61,2.632,2.584,2.628,3873217.0,1009423104.0
2023-05-16 15:00:00,2.629,2.63,2.596,2.604,3873096.0,1010698240.0
2023-05-17 15:00:00,2.604,2.622,2.6,2.617,4467587.0,1166934784.0
2023-05-18 15:00:00,2.615,2.634,2.615,2.629,4273410.0,1122292480.0
2023-05-19 15:00:00,2.627,2.65,2.613,2.64,4421555.0,1164033536.0
2023-05-22 15:00:00,2.636,2.645,2.618,2.635,3959472.0,1042197120.0
2023-05-23 15:00:00,2.637,2.642,2.608,2.61,3616086.0,950211072.0
2023-05-24 15:00:00,2.61,2.628,2.593,2.604,4036863.0,1052981888.0
2023-05-25 15:00:00,2.601,2.621,2.569,2.599,4692849.0,1216688768.0
2023-05-26 15:00:00,2.591,2.628,2.579,2.622,4752977.0,1236985984.0
2023-05-29 15:00:00,2.629,2.637,2.604,2.617,3676098.0,963266432.0
2023-05-30 15:00:00,2.617,2.632,2.588,2.628,4392254.0,1146999424.0
2023-05-31 15:00:00,2.628,2.635,2.609,2.629,4409325.0,1156491776.0
2023-06-01 15:00:00,2.626,2.652,2.611,2.635,4345874.0,1145689600.0
2023-06-02 15:00:00,2.64,2.66,2.639,2.653,4418713.0,1172145792.0
2023-06-05 15:00:00,2.653,2.661,2.646,2.654,3971506.0,1054239808.0
2023-06-06 15:00:00,2.653,2.653,2.592,2.598,4794990.0,1259400192.0
2023-06-07 15:00:00,2.604,2.614,2.592,2.598,3661062.0,952839872.0
2023-06-08 15:00:00,2.597,2.598,2.566,2.586,3785162.0,977234048.0
2023-06-09 15:00:00,2.585,2.606,2.577,2.604,3896222.0,1009331264.0
2023-06-12 15:00:00,2.603,2.626,2.599,2.616,4246455.0,1111177216.0
2023-06-13 15:00:00,2.618,2.631,2.615,2.627,4335080.0,1137867008.0
2023-06-14 15:00:00,2.627,2.643,2.624,2.636,3904859.0,1028299648.0
2023-06-15 15:00:00,2.644,2.658,2.635,2.651,3956822.0,1046838272.0
2023-06-16 15:00:00,2.648,2.679,2.648,2.674,4241746.0,1131798016.0
2023-06-19 15:00:00,2.673,2.689,2.671,2.683,5029946.0,1349301120.0
2023-06-20 15:00:00,2.686,2.695,2.676,2.686,4878171.0,1309315200.0
2023-06-21 15:00:00,2.686,2.686,2.632,2.633,5546871.0,1472556416.0
2023-06-26 15:00:00,2.622,2.628,2.576,2.586,8070219.0,2095360640.0
2023-06-27 15:00:00,2.588,2.618,2.585,2.611,4178830.0,1087858560.0
2023-06-28 15:00:00,2.611,2.611,2.56,2.607,6959910.0,1797172096.0
2023-06-29 15:00:00,2.603,2.626,2.597,2.618,6264818.0,1637455744.0
2023-06-30 15:00:00,2.611,2.662,2.611,2.659,5189201.0,1372740480.0
2023-07-03 15:00:00,2.66,2.673,2.641,2.653,3979242.0,1056750848.0
2023-07-04 15:00:00,2.647,2.666,2.647,2.665,4586647.0,1220187136.0
2023-07-05 15:00:00,2.659,2.672,2.641,2.645,4365407.0,1159006976.0
2023-07-06 15:00:00,2.638,2.662,2.633,2.636,4782257.0,1265013888.0
2023-07-07 15:00:00,2.635,2.636,2.606,2.625,4128959.0,1081843456.0
2023-07-10 15:00:00,2.632,2.639,2.614,2.626,3415252.0,897058240.0
2023-07-11 15:00:00,2.627,2.648,2.621,2.647,3578223.0,943102976.0
2023-07-12 15:00:00,2.646,2.648,2.607,2.609,3835418.0,1007483712.0
2023-07-13 15:00:00,2.616,2.639,2.611,2.634,4747571.0,1247229952.0
2023-07-14 15:00:00,2.638,2.643,2.63,2.631,3855609.0,1016834496.0
2023-07-17 15:00:00,2.623,2.625,2.605,2.622,4258532.0,1113213952.0
2023-07-18 15:00:00,2.621,2.63,2.609,2.62,3198341.0,837349184.0
2023-07-19 15:00:00,2.617,2.628,2.6,2.614,3084999.0,805639872.0
2023-07-20 15:00:00,2.615,2.622,2.578,2.581,6729798.0,1751863808.0
2023-07-21 15:00:00,2.578,2.597,2.569,2.578,6413245.0,1655811712.0
2023-07-24 15:00:00,2.572,2.593,2.566,2.572,3636665.0,938034048.0
2023-07-25 15:00:00,2.589,2.619,2.589,2.613,6175507.0,1610841088.0
2023-07-26 15:00:00,2.608,2.613,2.594,2.601,4228792.0,1100448000.0
2023-07-27 15:00:00,2.604,2.609,2.576,2.581,3751107.0,972528960.0
2023-07-28 15:00:00,2.57,2.608,2.565,2.603,6037254.0,1563857280.0
2023-07-31 15:00:00,2.603,2.64,2.603,2.62,4744874.0,1245861376.0
2023-08-01 15:00:00,2.621,2.627,2.609,2.616,3735022.0,977936320.0
2023-08-02 15:00:00,2.616,2.621,2.602,2.611,4311270.0,1125174656.0
2023-08-03 15:00:00,2.61,2.615,2.597,2.613,5120807.0,1334919552.0
2023-08-04 15:00:00,2.621,2.643,2.615,2.628,4105511.0,1079808640.0
2023-08-07 15:00:00,2.625,2.633,2.612,2.616,3769754.0,987260928.0
2023-08-08 15:00:00,2.611,2.617,2.595,2.605,3816483.0,994287360.0
2023-08-09 15:00:00,2.598,2.603,2.581,2.585,4377638.0,1133901440.0
2023-08-10 15:00:00,2.585,2.592,2.571,2.583,3652491.0,943180416.0
2023-08-11 15:00:00,2.583,2.587,2.535,2.536,4216842.0,1079333376.0
2023-08-14 15:00:00,2.525,2.545,2.499,2.542,4534112.0,1141780224.0
2023-08-15 15:00:00,2.539,2.546,2.497,2.523,4628547.0,1165926784.0
2023-08-16 15:00:00,2.51,2.52,2.489,2.491,3908603.0,979197568.0
2023-08-17 15:00:00,2.486,2.519,2.465,2.512,4663985.0,1165399424.0
2023-08-18 15:00:00,2.518,2.521,2.461,2.463,3724775.0,928020608.0
2023-08-21 15:00:00,2.459,2.478,2.435,2.436,4977447.0,1223713920.0
2023-08-22 15:00:00,2.445,2.456,2.407,2.451,6140118.0,1495087744.0
2023-08-23 15:00:00,2.441,2.444,2.401,2.405,5807583.0,1405768192.0
2023-08-24 15:00:00,2.409,2.435,2.392,2.407,4785892.0,1153875968.0
2023-08-25 15:00:00,2.398,2.409,2.355,2.368,6318592.0,1506197120.0
2023-08-28 15:00:00,2.507,2.507,2.375,2.383,9181695.0,2226546432.0
2023-08-29 15:00:00,2.387,2.469,2.382,2.455,10673646.0,2595729408.0
2023-08-30 15:00:00,2.455,2.493,2.453,2.467,6123536.0,1514191232.0
2023-08-31 15:00:00,2.465,2.468,2.447,2.46,4530234.0,1113181440.0
2023-09-01 15:00:00,2.461,2.474,2.447,2.458,4241653.0,1042486592.0
2023-09-04 15:00:00,2.462,2.496,2.455,2.495,4903749.0,1213980672.0
2023-09-05 15:00:00,2.489,2.497,2.474,2.481,5948221.0,1477045504.0
2023-09-06 15:00:00,2.47,2.497,2.457,2.49,4742586.0,1175169408.0
2023-09-07 15:00:00,2.489,2.489,2.446,2.448,6122884.0,1508859136.0
2023-09-08 15:00:00,2.444,2.463,2.439,2.453,4797775.0,1176981888.0
2023-09-11 15:00:00,2.45,2.497,2.445,2.489,4241470.0,1050084224.0
2023-09-12 15:00:00,2.481,2.499,2.481,2.487,3098728.0,771498880.0
2023-09-13 15:00:00,2.483,2.485,2.436,2.455,4167540.0,1023969792.0
2023-09-14 15:00:00,2.453,2.455,2.43,2.446,3550028.0,867226304.0
2023-09-15 15:00:00,2.446,2.463,2.432,2.447,4450205.0,1088016640.0
2023-09-18 15:00:00,2.437,2.46,2.429,2.449,3845096.0,941162432.0
2023-09-19 15:00:00,2.447,2.451,2.42,2.431,3589779.0,871597696.0
2023-09-20 15:00:00,2.426,2.433,2.408,2.409,4178860.0,1011667584.0
2023-09-21 15:00:00,2.4,2.416,2.387,2.391,3819428.0,915724096.0
2023-09-22 15:00:00,2.388,2.439,2.385,2.439,5186232.0,1253182336.0
2023-09-25 15:00:00,2.43,2.44,2.42,2.426,4699682.0,1139966208.0
2023-09-26 15:00:00,2.425,2.429,2.415,2.416,3358027.0,812728064.0
2023-09-27 15:00:00,2.415,2.442,2.411,2.431,4659021.0,1133520512.0
2023-09-28 15:00:00,2.431,2.45,2.431,2.449,5011608.0,1223408896.0
2023-10-09 15:00:00,2.44,2.447,2.422,2.439,4603525.0,1120715648.0
2023-10-10 15:00:00,2.441,2.451,2.427,2.431,3650413.0,888459392.0
2023-10-11 15:00:00,2.44,2.46,2.428,2.436,6211826.0,1515784192.0
2023-10-12 15:00:00,2.448,2.456,2.437,2.454,4844102.0,1185695744.0
2023-10-13 15:00:00,2.44,2.45,2.44,2.449,3228735.0,789425536.0
2023-10-16 15:00:00,2.45,2.454,2.414,2.422,4866148.0,1180172544.0
2023-10-17 15:00:00,2.422,2.425,2.401,2.418,2751098.0,663099200.0
2023-10-18 15:00:00,2.409,2.412,2.374,2.378,4114997.0,981596992.0
2023-10-19 15:00:00,2.369,2.385,2.349,2.353,4105787.0,971621632.0
2023-10-20 15:00:00,2.346,2.357,2.318,2.327,4255398.0,993855936.0
2023-10-23 15:00:00,2.317,2.319,2.255,2.268,4983422.0,1138934400.0
2023-10-24 15:00:00,2.27,2.31,2.26,2.297,4171145.0,953550080.0
2023-10-25 15:00:00,2.316,2.337,2.313,2.323,4218015.0,981499136.0
2023-10-26 15:00:00,2.316,2.343,2.303,2.339,3870009.0,896765568.0
2023-10-27 15:00:00,2.332,2.391,2.322,2.383,3089521.0,729153728.0
2023-10-30 15:00:00,2.37,2.424,2.37,2.414,3111033.0,746928256.0
2023-10-31 15:00:00,2.407,2.418,2.388,2.401,2521475.0,605365760.0
2023-11-01 15:00:00,2.407,2.409,2.388,2.398,2409891.0,577515648.0
2023-11-02 15:00:00,2.397,2.409,2.371,2.372,3202205.0,763558528.0
2023-11-03 15:00:00,2.379,2.413,2.377,2.402,5105818.0,1225766528.0
2023-11-06 15:00:00,2.415,2.455,2.414,2.451,4026040.0,982359168.0
2023-11-07 15:00:00,2.442,2.468,2.441,2.459,4219755.0,1034757696.0
2023-11-08 15:00:00,2.455,2.479,2.45,2.469,3484171.0,859269248.0
2023-11-09 15:00:00,2.463,2.479,2.447,2.453,3030057.0,744819712.0
2023-11-10 15:00:00,2.447,2.453,2.435,2.449,2747060.0,671616704.0
2023-11-13 15:00:00,2.457,2.475,2.45,2.474,2652413.0,652525504.0
2023-11-14 15:00:00,2.472,2.493,2.468,2.487,2852380.0,707825984.0
2023-11-15 15:00:00,2.505,2.508,2.487,2.497,3035364.0,757391104.0
2023-11-16 15:00:00,2.487,2.492,2.47,2.471,3057777.0,758401664.0
2023-11-17 15:00:00,2.469,2.499,2.462,2.498,2999020.0,743357504.0
2023-11-20 15:00:00,2.493,2.519,2.484,2.515,2734174.0,683958848.0
2023-11-21 15:00:00,2.518,2.523,2.495,2.497,2393896.0,601226304.0
2023-11-22 15:00:00,2.493,2.506,2.466,2.47,2230827.0,555126592.0
2023-11-23 15:00:00,2.47,2.496,2.455,2.494,3086936.0,764423104.0
2023-11-24 15:00:00,2.493,2.493,2.452,2.459,3319319.0,819384896.0
2023-11-27 15:00:00,2.461,2.466,2.442,2.46,2410329.0,591132288.0
2023-11-28 15:00:00,2.455,2.474,2.437,2.469,2341341.0,575783232.0
2023-11-29 15:00:00,2.471,2.474,2.453,2.462,2238928.0,551981632.0
2023-11-30 15:00:00,2.46,2.461,2.424,2.446,2738404.0,668357952.0
2023-12-01 15:00:00,2.446,2.474,2.434,2.469,3084494.0,756785728.0
2023-12-04 15:00:00,2.468,2.475,2.456,2.458,2114071.0,520800032.0
2023-12-05 15:00:00,2.45,2.452,2.411,2.414,2557139.0,621954816.0
2023-12-06 15:00:00,2.412,2.442,2.402,2.424,2366311.0,572671744.0
2023-12-07 15:00:00,2.417,2.434,2.404,2.422,3315406.0,802192768.0
2023-12-08 15:00:00,2.422,2.44,2.415,2.417,3929045.0,952890368.0
2023-12-11 15:00:00,2.405,2.452,2.391,2.442,5185315.0,1255749120.0
2023-12-12 15:00:00,2.44,2.45,2.435,2.448,3672445.0,896996544.0
2023-12-13 15:00:00,2.449,2.449,2.422,2.425,2731287.0,665493632.0
2023-12-14 15:00:00,2.437,2.448,2.412,2.417,3497929.0,849822912.0
2023-12-15 15:00:00,2.422,2.428,2.388,2.4,3576724.0,859776576.0
2023-12-18 15:00:00,2.391,2.397,2.354,2.362,2192727.0,520786464.0
2023-12-19 15:00:00,2.363,2.373,2.345,2.364,2484184.0,585698496.0
2023-12-20 15:00:00,2.363,2.367,2.321,2.322,2337494.0,546562176.0
2023-12-21 15:00:00,2.309,2.343,2.29,2.334,2994419.0,693809152.0
2023-12-22 15:00:00,2.332,2.344,2.303,2.314,2984808.0,692924352.0
2023-12-25 15:00:00,2.309,2.32,2.294,2.31,2871125.0,661805056.0
2023-12-26 15:00:00,2.306,2.308,2.271,2.28,3178738.0,725864256.0
2023-12-27 15:00:00,2.28,2.299,2.269,2.293,3695511.0,844663168.0
2023-12-28 15:00:00,2.285,2.347,2.278,2.34,4967557.0,1152416640.0
2023-12-29 15:00:00,2.338,2.375,2.325,2.374,3659419.0,864174976.0
2024-01-02 15:00:00,2.371,2.376,2.354,2.354,4024697.0,951096960.0
2024-01-03 15:00:00,2.349,2.36,2.327,2.343,3848503.0,900556352.0
2024-01-04 15:00:00,2.339,2.343,2.315,2.329,3713291.0,863260032.0
2024-01-05 15:00:00,2.323,2.333,2.278,2.292,3170954.0,731336768.0
2024-01-08 15:00:00,2.285,2.285,2.23,2.233,2975931.0,670287104.0
2024-01-09 15:00:00,2.238,2.259,2.216,2.233,2996765.0,670611584.0
2024-01-10 15:00:00,2.224,2.249,2.197,2.218,2250083.0,499762976.0
2024-01-11 15:00:00,2.215,2.272,2.215,2.262,3490645.0,784357952.0
2024-01-12 15:00:00,2.251,2.275,2.243,2.243,2965607.0,669928384.0
2024-01-15 15:00:00,2.233,2.259,2.22,2.236,2200514.0,492632576.0
2024-01-16 15:00:00,2.234,2.24,2.199,2.23,2847257.0,632680896.0
2024-01-17 15:00:00,2.221,2.226,2.167,2.168,2129943.0,469089792.0
2024-01-18 15:00:00,2.168,2.182,2.098,2.162,4395183.0,937374848.0
2024-01-19 15:00:00,2.15,2.169,2.133,2.135,4561341.0,981018688.0
2024-01-22 15:00:00,2.135,2.135,2.001,2.018,3186689.0,658552128.0
2024-01-23 15:00:00,2.008,2.054,1.98,2.044,3332668.0,675726592.0
2024-01-24 15:00:00,2.048,2.078,1.991,2.076,3385648.0,690226240.0
2024-01-25 15:00:00,2.07,2.148,2.05,2.147,3613914.0,763758720.0
2024-01-26 15:00:00,2.142,2.155,2.112,2.12,3213051.0,685456128.0
2024-01-29 15:00:00,2.119,2.135,2.061,2.062,2971174.0,620810752.0
2024-01-30 15:00:00,2.05,2.072,2.001,2.005,2689563.0,547857920.0
2024-01-31 15:00:00,2.001,2.009,1.923,1.931,3777084.0,739380672.0
2024-02-01 15:00:00,1.92,1.959,1.886,1.914,5483661.0,1055247360.0
2024-02-02 15:00:00,1.913,1.935,1.783,1.849,6058867.0,1129187456.0
2024-02-05 15:00:00,1.82,1.823,1.681,1.737,49377632.0,8700396544.0
2024-02-06 15:00:00,1.701,1.876,1.68,1.855,30463418.0,5398219264.0
2024-02-07 15:00:00,1.839,1.955,1.839,1.938,20384000.0,3915804928.0
2024-02-08 15:00:00,1.96,2.043,1.949,2.017,14718472.0,2962793472.0
2024-02-19 15:00:00,2.027,2.05,1.986,2.02,18948572.0,3821177088.0
2024-02-20 15:00:00,2.002,2.035,1.987,2.025,5775770.0,1159892224.0
2024-02-21 15:00:00,2.012,2.096,2.001,2.035,9102136.0,1872046208.0
2024-02-22 15:00:00,2.033,2.073,2.032,2.07,4912828.0,1009652032.0
2024-02-23 15:00:00,2.071,2.106,2.053,2.105,5789009.0,1202547584.0
2024-02-26 15:00:00,2.102,2.144,2.087,2.109,5693160.0,1202587776.0
2024-02-27 15:00:00,2.1,2.176,2.094,2.173,5747718.0,1229019904.0
2024-02-28 15:00:00,2.173,2.202,2.066,2.068,11701569.0,2495932160.0
2024-02-29 15:00:00,2.057,2.152,2.053,2.151,6323872.0,1339087488.0
2024-03-01 15:00:00,2.148,2.178,2.137,2.175,6397726.0,1379505280.0
2024-03-04 15:00:00,2.174,2.186,2.139,2.179,5839041.0,1263579904.0
2024-03-05 15:00:00,2.166,2.176,2.145,2.163,19703074.0,4265349120.0
2024-03-06 15:00:00,2.156,2.186,2.133,2.161,5295808.0,1145319808.0
2024-03-07 15:00:00,2.162,2.185,2.128,2.129,5171245.0,1113134848.0
2024-03-08 15:00:00,2.134,2.167,2.121,2.157,3722463.0,799293120.0
2024-03-11 15:00:00,2.15,2.201,2.147,2.2,5732705.0,1245798272.0
2024-03-12 15:00:00,2.2,2.223,2.185,2.21,4308202.0,950150208.0
2024-03-13 15:00:00,2.208,2.238,2.199,2.217,3736997.0,828631488.0
2024-03-14 15:00:00,2.214,2.228,2.183,2.204,3539056.0,781966400.0
2024-03-15 15:00:00,2.196,2.239,2.192,2.238,5199976.0,1152389248.0
2024-03-18 15:00:00,2.24,2.276,2.231,2.275,5156825.0,1162277632.0
2024-03-19 15:00:00,2.266,2.274,2.25,2.253,4547237.0,1028152832.0
2024-03-20 15:00:00,2.252,2.279,2.25,2.273,3557119.0,804891520.0
2024-03-21 15:00:00,2.278,2.289,2.258,2.272,3047586.0,693462720.0
2024-03-22 15:00:00,2.27,2.274,2.229,2.246,4638141.0,1042343680.0
2024-03-25 15:00:00,2.243,2.254,2.195,2.196,5086326.0,1132476416.0
2024-03-26 15:00:00,2.194,2.208,2.165,2.186,4872958.0,1066226560.0
2024-03-27 15:00:00,2.18,2.186,2.113,2.115,5169290.0,1110565888.0
2024-03-28 15:00:00,2.111,2.185,2.111,2.164,5980009.0,1292168960.0
2024-03-29 15:00:00,2.158,2.189,2.146,2.187,5380542.0,1167120128.0
2024-04-01 15:00:00,2.192,2.237,2.192,2.233,6076509.0,1349320960.0
2024-04-02 15:00:00,2.23,2.233,2.204,2.221,5517541.0,1224007552.0
2024-04-03 15:00:00,2.221,2.221,2.191,2.214,5221133.0,1150475648.0
2024-04-08 15:00:00,2.203,2.205,2.167,2.168,3274859.0,716710976.0
2024-04-09 15:00:00,2.168,2.199,2.162,2.196,2349480.0,512559168.0
2024-04-10 15:00:00,2.192,2.192,2.139,2.157,2466598.0,533830784.0
2024-04-11 15:00:00,2.144,2.188,2.14,2.162,3198141.0,693322496.0
2024-04-12 15:00:00,2.156,2.176,2.14,2.144,2649391.0,571133248.0
2024-04-15 15:00:00,2.138,2.155,2.093,2.125,3258943.0,692288512.0
2024-04-16 15:00:00,2.117,2.123,2.033,2.034,6948135.0,1436381824.0
2024-04-17 15:00:00,2.051,2.127,2.049,2.126,5824023.0,1222645376.0
2024-04-18 15:00:00,2.115,2.149,2.099,2.123,6208903.0,1321298944.0
2024-04-19 15:00:00,2.111,2.135,2.097,2.113,4814519.0,1017316032.0
2024-04-22 15:00:00,2.105,2.133,2.08,2.109,2440870.0,515223392.0
2024-04-23 15:00:00,2.105,2.118,2.084,2.095,2814310.0,590376832.0
2024-04-24 15:00:00,2.093,2.135,2.089,2.134,4414331.0,935067264.0
2024-04-25 15:00:00,2.132,2.155,2.12,2.133,3903094.0,834951296.0
2024-04-26 15:00:00,2.134,2.181,2.129,2.177,8162320.0,1767085440.0
2024-04-29 15:00:00,2.185,2.234,2.18,2.23,9467197.0,2100012416.0
2024-04-30 15:00:00,2.226,2.232,2.201,2.207,4637974.0,1026873792.0
2024-05-06 15:00:00,2.237,2.269,2.236,2.248,7759707.0,1743482752.0
2024-05-07 15:00:00,2.246,2.262,2.243,2.257,4513486.0,1016770368.0
2024-05-08 15:00:00,2.25,2.25,2.219,2.221,5336885.0,1189859328.0
2024-05-09 15:00:00,2.218,2.268,2.218,2.26,3818825.0,860885120.0
2024-05-10 15:00:00,2.267,2.271,2.228,2.24,7534176.0,1685968896.0
2024-05-13 15:00:00,2.227,2.234,2.199,2.219,4717901.0,1045165440.0
2024-05-14 15:00:00,2.22,2.245,2.217,2.229,3942747.0,879171072.0
2024-05-15 15:00:00,2.227,2.233,2.205,2.209,2245902.0,498244704.0
2024-05-16 15:00:00,2.213,2.23,2.2,2.204,3275784.0,726582144.0
2024-05-17 15:00:00,2.205,2.242,2.2,2.24,4795495.0,1067336640.0
2024-05-20 15:00:00,2.24,2.258,2.232,2.248,5249128.0,1179527552.0
2024-05-21 15:00:00,2.244,2.245,2.216,2.225,6430071.0,1432371072.0
2024-05-22 15:00:00,2.222,2.233,2.213,2.228,2103647.0,468128448.0
2024-05-23 15:00:00,2.221,2.221,2.172,2.18,3188842.0,699331072.0
2024-05-24 15:00:00,2.169,2.19,2.154,2.154,2496851.0,541469248.0
2024-05-27 15:00:00,2.159,2.181,2.129,2.179,2729332.0,586492224.0
2024-05-28 15:00:00,2.169,2.178,2.15,2.154,2502268.0,541897344.0
2024-05-29 15:00:00,2.15,2.171,2.144,2.153,2246476.0,485112160.0
2024-05-30 15:00:00,2.143,2.166,2.137,2.152,2679855.0,576987072.0
2024-05-31 15:00:00,2.155,2.172,2.154,2.158,2995237.0,647440896.0
2024-06-03 15:00:00,2.154,2.158,2.113,2.129,3168989.0,676396992.0
2024-06-04 15:00:00,2.12,2.148,2.111,2.143,3059063.0,651490176.0
2024-06-05 15:00:00,2.137,2.15,2.116,2.117,2497356.0,532837824.0
2024-06-06 15:00:00,2.121,2.13,2.064,2.073,4392620.0,917648320.0
2024-06-07 15:00:00,2.09,2.097,2.059,2.081,4642476.0,965799744.0
2024-06-11 15:00:00,2.07,2.106,2.053,2.1,3365182.0,701082496.0
2024-06-12 15:00:00,2.091,2.113,2.089,2.106,3286367.0,692116416.0
2024-06-13 15:00:00,2.111,2.111,2.088,2.093,2130997.0,446962176.0
2024-06-14 15:00:00,2.086,2.105,2.079,2.099,3993800.0,835239680.0
2024-06-17 15:00:00,2.089,2.11,2.086,2.096,3477312.0,730634624.0
2024-06-18 15:00:00,2.096,2.12,2.094,2.115,5997631.0,1266486784.0
2024-06-19 15:00:00,2.117,2.122,2.086,2.087,5789749.0,1213020416.0
2024-06-20 15:00:00,2.083,2.092,2.043,2.049,4637103.0,956435904.0
2024-06-21 15:00:00,2.042,2.06,2.033,2.046,3407907.0,697378880.0
2024-06-24 15:00:00,2.034,2.035,1.978,1.98,3587795.0,718454848.0
2024-06-25 15:00:00,1.98,1.989,1.949,1.964,3854625.0,759518400.0
2024-06-26 15:00:00,1.96,2.024,1.95,2.022,4983791.0,993141504.0
2024-06-27 15:00:00,2.011,2.016,1.97,1.973,5411516.0,1076063616.0
2024-06-28 15:00:00,1.967,2.016,1.966,1.983,7240613.0,1447707008.0
2024-07-01 15:00:00,1.979,2.011,1.959,2.001,6439819.0,1276369664.0
2024-07-02 15:00:00,1.998,2.008,1.979,1.987,4129806.0,822437440.0
2024-07-03 15:00:00,1.983,1.989,1.968,1.971,2787295.0,551514112.0
2024-07-04 15:00:00,1.975,1.98,1.921,1.932,7279207.0,1412888192.0
2024-07-05 15:00:00,1.928,1.96,1.912,1.951,5645607.0,1091526144.0
2024-07-08 15:00:00,1.942,1.945,1.896,1.905,4097539.0,786374592.0
2024-07-09 15:00:00,1.9,1.952,1.885,1.946,10851498.0,2080017280.0
2024-07-10 15:00:00,1.94,1.959,1.935,1.937,4657979.0,906375680.0
2024-07-11 15:00:00,1.961,1.988,1.955,1.986,6271973.0,1238243840.0
2024-07-12 15:00:00,1.984,1.988,1.969,1.978,3544970.0,701226880.0
2024-07-15 15:00:00,1.972,1.975,1.952,1.957,10678029.0,2097856384.0
2024-07-16 15:00:00,1.952,1.966,1.94,1.962,6102245.0,1191689728.0
2024-07-17 15:00:00,1.958,1.963,1.943,1.949,16556248.0,3234163456.0
2024-07-18 15:00:00,1.935,1.959,1.914,1.954,14598054.0,2824520960.0
2024-07-19 15:00:00,1.938,1.973,1.937,1.955,9201601.0,1802573312.0
2024-07-22 15:00:00,1.954,1.967,1.945,1.958,5565293.0,1090468480.0
2024-07-23 15:00:00,1.958,1.96,1.904,1.904,3420620.0,659392448.0
2024-07-24 15:00:00,1.902,1.911,1.877,1.878,5209922.0,986263936.0
2024-07-25 15:00:00,1.869,1.902,1.865,1.88,4823971.0,908348800.0
2024-07-26 15:00:00,1.879,1.915,1.878,1.91,3284995.0,625502848.0
2024-07-29 15:00:00,1.91,1.913,1.895,1.901,1909865.0,363204352.0
2024-07-30 15:00:00,1.895,1.918,1.881,1.909,3005945.0,571111296.0
2024-07-31 15:00:00,1.907,1.995,1.903,1.993,14631132.0,2878227456.0
2024-08-01 15:00:00,1.99,2.007,1.968,1.98,7923879.0,1575826304.0
2024-08-02 15:00:00,1.964,1.993,1.948,1.953,4509518.0,888552320.0
2024-08-05 15:00:00,1.938,1.974,1.898,1.901,10774062.0,2077977472.0
2024-08-06 15:00:00,1.921,1.938,1.905,1.927,6371209.0,1222795136.0
2024-08-07 15:00:00,1.921,1.938,1.913,1.925,6018690.0,1159042944.0
2024-08-08 15:00:00,1.918,1.942,1.898,1.927,4142348.0,796364352.0
2024-08-09 15:00:00,1.936,1.948,1.908,1.908,3970033.0,763831232.0
2024-08-12 15:00:00,1.904,1.911,1.892,1.901,2846006.0,541164224.0
2024-08-13 15:00:00,1.899,1.911,1.885,1.906,4201222.0,797714688.0
2024-08-14 15:00:00,1.905,1.907,1.886,1.887,2755027.0,522115488.0
2024-08-15 15:00:00,1.88,1.929,1.879,1.904,8645092.0,1650136320.0
2024-08-16 15:00:00,1.904,1.911,1.889,1.889,4298066.0,815225472.0
2024-08-19 15:00:00,1.888,1.917,1.885,1.893,3380325.0,642704832.0
2024-08-20 15:00:00,1.894,1.897,1.852,1.86,7526410.0,1403249536.0
2024-08-21 15:00:00,1.853,1.867,1.848,1.85,2828267.0,524495744.0
2024-08-22 15:00:00,1.85,1.856,1.824,1.827,4234943.0,776747584.0
2024-08-23 15:00:00,1.825,1.834,1.815,1.828,4773326.0,871403776.0
2024-08-26 15:00:00,1.827,1.844,1.821,1.835,4636382.0,850796224.0
2024-08-27 15:00:00,1.83,1.83,1.809,1.815,9098308.0,1653888512.0
2024-08-28 15:00:00,1.812,1.834,1.806,1.817,7342587.0,1336387712.0
2024-08-29 15:00:00,1.81,1.855,1.808,1.847,8497532.0,1562323584.0
2024-08-30 15:00:00,1.843,1.91,1.843,1.882,16068835.0,3035694848.0
2024-09-02 15:00:00,1.877,1.885,1.839,1.842,8556059.0,1591408256.0
2024-09-03 15:00:00,1.838,1.871,1.838,1.858,7891624.0,1464018432.0
2024-09-04 15:00:00,1.844,1.87,1.84,1.851,4725017.0,875597248.0
2024-09-05 15:00:00,1.852,1.878,1.852,1.866,4408151.0,821290432.0
2024-09-06 15:00:00,1.869,1.871,1.83,1.835,6809006.0,1257254784.0
2024-09-09 15:00:00,1.825,1.841,1.812,1.82,4083670.0,745097344.0
2024-09-10 15:00:00,1.82,1.834,1.788,1.826,5183599.0,938019904.0
2024-09-11 15:00:00,1.816,1.831,1.811,1.825,8607008.0,1569170176.0
2024-09-12 15:00:00,1.828,1.849,1.816,1.819,6178761.0,1131385984.0
2024-09-13 15:00:00,1.819,1.822,1.795,1.797,6580048.0,1188466560.0
2024-09-18 15:00:00,1.795,1.799,1.765,1.789,5205862.0,928118720.0
2024-09-19 15:00:00,1.793,1.843,1.781,1.824,11194600.0,2032423168.0
2024-09-20 15:00:00,1.819,1.823,1.799,1.814,15370799.0,2785055232.0
2024-09-23 15:00:00,1.811,1.837,1.804,1.816,4521825.0,823315840.0
2024-09-24 15:00:00,1.833,1.894,1.814,1.892,20902280.0,3892250368.0
2024-09-25 15:00:00,1.911,1.953,1.903,1.905,13585958.0,2616895744.0
2024-09-26 15:00:00,1.897,1.998,1.897,1.994,27401388.0,5362037248.0
2024-09-27 15:00:00,2.025,2.18,2.007,2.172,14159668.0,2924884224.0
2024-09-30 15:00:00,2.27,2.389,2.161,2.389,58432656.0,13308018688.0
2024-10-08 15:00:00,2.628,2.628,2.39,2.529,37497256.0,9463151616.0
2024-10-09 15:00:00,2.43,2.48,2.303,2.324,23715582.0,5693473792.0
2024-10-10 15:00:00,2.336,2.395,2.273,2.295,21691318.0,5059557376.0
2024-10-11 15:00:00,2.281,2.284,2.17,2.203,25026798.0,5551958528.0
2024-10-14 15:00:00,2.21,2.286,2.17,2.283,21085544.0,4702568448.0
2024-10-15 15:00:00,2.265,2.318,2.231,2.236,25153400.0,5715334656.0
2024-10-16 15:00:00,2.201,2.279,2.201,2.244,10538648.0,2364676352.0
2024-10-17 15:00:00,2.26,2.286,2.233,2.235,15527264.0,3505287424.0
2024-10-18 15:00:00,2.231,2.413,2.228,2.337,34565224.0,8077833216.0
2024-10-21 15:00:00,2.348,2.418,2.338,2.379,17466540.0,4157949696.0
2024-10-22 15:00:00,2.373,2.413,2.361,2.392,16085160.0,3834257408.0
2024-10-23 15:00:00,2.396,2.44,2.378,2.398,9240243.0,2225819136.0
2024-10-24 15:00:00,2.383,2.394,2.361,2.382,8342146.0,1983643008.0
2024-10-25 15:00:00,2.383,2.449,2.383,2.437,13996390.0,3391460608.0
2024-10-28 15:00:00,2.431,2.471,2.42,2.47,9716479.0,2380862464.0
2024-10-29 15:00:00,2.48,2.483,2.428,2.433,19088792.0,4681000448.0
2024-10-30 15:00:00,2.42,2.455,2.411,2.447,10071256.0,2450508288.0
2024-10-31 15:00:00,2.45,2.509,2.435,2.483,10248289.0,2538497536.0
2024-11-01 15:00:00,2.47,2.485,2.404,2.411,13378781.0,3260280576.0
2024-11-04 15:00:00,2.4,2.469,2.399,2.466,7315794.0,1783324160.0
2024-11-05 15:00:00,2.464,2.559,2.456,2.549,20339348.0,5133513216.0
2024-11-06 15:00:00,2.55,2.589,2.535,2.557,11164942.0,2860190720.0
2024-11-07 15:00:00,2.531,2.608,2.531,2.605,8553537.0,2196870912.0
2024-11-08 15:00:00,2.62,2.649,2.595,2.607,10877441.0,2849866240.0
2024-11-11 15:00:00,2.595,2.671,2.595,2.668,17378846.0,4593533952.0
2024-11-12 15:00:00,2.67,2.687,2.612,2.641,9997543.0,2654182144.0
2024-11-13 15:00:00,2.624,2.643,2.583,2.626,9527488.0,2488898048.0
2024-11-14 15:00:00,2.621,2.625,2.545,2.549,15669184.0,4041335040.0
2024-11-15 15:00:00,2.543,2.571,2.488,2.489,9606397.0,2433464064.0
2024-11-18 15:00:00,2.495,2.505,2.407,2.43,11718113.0,2869224960.0
2024-11-19 15:00:00,2.424,2.494,2.416,2.491,9772732.0,2395231744.0
2024-11-20 15:00:00,2.481,2.541,2.475,2.537,14150981.0,3544503296.0
2024-11-21 15:00:00,2.533,2.553,2.516,2.543,4584069.0,1163944448.0
2024-11-22 15:00:00,2.538,2.548,2.445,2.447,6131744.0,1533755648.0
2024-11-25 15:00:00,2.461,2.466,2.409,2.458,4134487.0,1007004672.0
2024-11-26 15:00:00,2.451,2.477,2.425,2.426,5137346.0,1256359296.0
2024-11-27 15:00:00,2.423,2.49,2.379,2.486,12000803.0,2931115520.0
2024-11-28 15:00:00,2.484,2.505,2.466,2.472,8308942.0,2065887360.0
2024-11-29 15:00:00,2.469,2.539,2.453,2.513,15632946.0,3923756032.0
2024-12-02 15:00:00,2.514,2.573,2.511,2.564,10515096.0,2685604864.0
2024-12-03 15:00:00,2.565,2.579,2.533,2.557,13765727.0,3518298112.0
2024-12-04 15:00:00,2.553,2.557,2.506,2.523,10225549.0,2594327040.0
2024-12-05 15:00:00,2.515,2.561,2.512,2.552,7072182.0,1800396928.0
2024-12-06 15:00:00,2.551,2.595,2.526,2.58,19695968.0,5051954176.0
2024-12-09 15:00:00,2.577,2.589,2.538,2.557,8439359.0,2160327936.0
2024-12-10 15:00:00,2.645,2.649,2.577,2.584,19545004.0,5108613120.0
2024-12-11 15:00:00,2.579,2.62,2.575,2.617,8682717.0,2266269696.0
2024-12-12 15:00:00,2.617,2.639,2.593,2.637,7566059.0,1979570048.0
2024-12-13 15:00:00,2.62,2.622,2.58,2.585,15281581.0,3972178944.0
2024-12-16 15:00:00,2.585,2.587,2.542,2.552,6062445.0,1553098368.0
2024-12-17 15:00:00,2.543,2.55,2.493,2.497,9148330.0,2295569408.0
2024-12-18 15:00:00,2.5,2.535,2.488,2.517,6384272.0,1604284928.0
2024-12-19 15:00:00,2.493,2.53,2.48,2.524,5925097.0,1482563072.0
2024-12-20 15:00:00,2.516,2.568,2.515,2.549,6062495.0,1542048256.0
2024-12-23 15:00:00,2.543,2.547,2.475,2.477,10280652.0,2570796800.0
2024-12-24 15:00:00,2.48,2.505,2.467,2.504,6134644.0,1526971904.0
2024-12-25 15:00:00,2.504,2.504,2.454,2.479,11742413.0,2902962688.0
2024-12-26 15:00:00,2.475,2.512,2.474,2.503,9261007.0,2316026880.0
2024-12-27 15:00:00,2.503,2.542,2.489,2.507,6801497.0,1713426176.0
2024-12-30 15:00:00,2.502,2.517,2.48,2.5,6902788.0,1724937216.0
2024-12-31 15:00:00,2.499,2.508,2.418,2.42,10874956.0,2663752448.0
2025-01-02 15:00:00,2.416,2.431,2.332,2.355,11900493.0,2837372672.0
2025-01-03 15:00:00,2.358,2.365,2.28,2.29,16731342.0,3871617792.0
2025-01-06 15:00:00,2.285,2.31,2.26,2.277,12852561.0,2935608832.0
2025-01-07 15:00:00,2.276,2.311,2.265,2.31,13347177.0,3066049024.0
2025-01-08 15:00:00,2.302,2.32,2.232,2.299,16069240.0,3650021376.0
2025-01-09 15:00:00,2.284,2.321,2.282,2.304,9143052.0,2110431488.0
2025-01-10 15:00:00,2.302,2.324,2.253,2.255,5157844.0,1181117312.0
2025-01-13 15:00:00,2.237,2.277,2.22,2.26,7402206.0,1665811712.0
2025-01-14 15:00:00,2.263,2.365,2.258,2.364,16733197.0,3903408896.0
2025-01-15 15:00:00,2.32,2.327,2.3,2.309,11601033.0,2681035520.0
2025-01-16 15:00:00,2.318,2.365,2.299,2.319,10315379.0,2406666752.0
2025-01-17 15:00:00,2.31,2.356,2.302,2.336,7155962.0,1666580608.0
2025-01-20 15:00:00,2.348,2.373,2.342,2.349,6438542.0,1517322880.0
2025-01-21 15:00:00,2.36,2.369,2.331,2.364,8011719.0,1882878848.0
2025-01-22 15:00:00,2.354,2.359,2.329,2.345,7058445.0,1653018752.0
2025-01-23 15:00:00,2.361,2.399,2.332,2.333,11878636.0,2812039424.0
2025-01-24 15:00:00,2.329,2.382,2.329,2.38,12567369.0,2971559424.0
2025-01-27 15:00:00,2.384,2.393,2.334,2.336,9875215.0,2327792640.0
2025-02-05 15:00:00,2.354,2.376,2.339,2.352,8616721.0,2030344448.0
2025-02-06 15:00:00,2.347,2.421,2.339,2.415,8014233.0,1919108480.0
2025-02-07 15:00:00,2.416,2.484,2.414,2.455,13329891.0,3269545472.0
2025-02-10 15:00:00,2.455,2.489,2.45,2.483,12072044.0,2986830336.0
2025-02-11 15:00:00,2.48,2.488,2.453,2.478,6835438.0,1688494080.0
2025-02-12 15:00:00,2.473,2.518,2.47,2.515,6192336.0,1546127360.0
2025-02-13 15:00:00,2.512,2.514,2.483,2.491,6042251.0,1509425408.0
2025-02-14 15:00:00,2.486,2.506,2.474,2.5,6233219.0,1553526272.0
2025-02-17 15:00:00,2.508,2.523,2.49,2.511,14794973.0,3713677568.0
2025-02-18 15:00:00,2.505,2.514,2.446,2.461,8990675.0,2222227456.0
2025-02-19 15:00:00,2.453,2.518,2.453,2.516,6728711.0,1678234368.0
2025-02-20 15:00:00,2.511,2.54,2.508,2.533,7040082.0,1775401856.0
2025-02-21 15:00:00,2.537,2.591,2.525,2.581,5646132.0,1449439488.0
2025-02-24 15:00:00,2.58,2.6,2.562,2.585,7270531.0,1876596480.0
2025-02-25 15:00:00,2.553,2.599,2.546,2.574,4492029.0,1155697920.0
2025-02-26 15:00:00,2.576,2.615,2.567,2.614,3903093.0,1011950016.0
2025-02-27 15:00:00,2.608,2.619,2.56,2.6,4973688.0,1287085952.0
2025-02-28 15:00:00,2.586,2.589,2.503,2.511,12701100.0,3210926336.0
2025-03-03 15:00:00,2.514,2.552,2.496,2.508,6501572.0,1641596544.0
2025-03-04 15:00:00,2.492,2.545,2.49,2.541,5598094.0,1415328384.0
2025-03-05 15:00:00,2.54,2.559,2.524,2.558,5658353.0,1437705088.0
2025-03-06 15:00:00,2.572,2.625,2.57,2.614,5586091.0,1453929600.0
2025-03-07 15:00:00,2.608,2.63,2.588,2.603,5974757.0,1558891776.0
2025-03-10 15:00:00,2.603,2.613,2.583,2.606,6620389.0,1720820480.0
2025-03-11 15:00:00,2.58,2.625,2.577,2.624,3888833.0,1010749824.0
2025-03-12 15:00:00,2.627,2.656,2.622,2.628,5935551.0,1564226048.0
2025-03-13 15:00:00,2.622,2.627,2.561,2.588,6802312.0,1758789760.0
2025-03-14 15:00:00,2.584,2.633,2.568,2.631,7766553.0,2031758976.0
2025-03-17 15:00:00,2.63,2.643,2.621,2.634,7295970.0,1920208640.0
2025-03-18 15:00:00,2.639,2.66,2.63,2.645,3130634.0,828010944.0
2025-03-19 15:00:00,2.635,2.64,2.614,2.627,4216305.0,1106883072.0
2025-03-20 15:00:00,2.621,2.639,2.609,2.616,4287961.0,1125641216.0
2025-03-21 15:00:00,2.608,2.613,2.555,2.562,5860702.0,1511471616.0
2025-03-24 15:00:00,2.559,2.563,2.499,2.542,7494674.0,1895590272.0
2025-03-25 15:00:00,2.536,2.551,2.516,2.525,6107610.0,1546429824.0
2025-03-26 15:00:00,2.519,2.55,2.519,2.533,4915932.0,1248222464.0
2025-03-27 15:00:00,2.529,2.56,2.5,2.533,4736483.0,1198280576.0
2025-03-28 15:00:00,2.53,2.544,2.503,2.507,5095947.0,1283137664.0
2025-03-31 15:00:00,2.497,2.506,2.459,2.492,7664354.0,1902765184.0
2025-04-01 15:00:00,2.493,2.521,2.493,2.503,6734848.0,1688481280.0
2025-04-02 15:00:00,2.497,2.53,2.496,2.511,2972337.0,747681664.0
2025-04-03 15:00:00,2.492,2.522,2.464,2.482,5387728.0,1342286592.0
2025-04-07 15:00:00,2.357,2.396,2.234,2.234,14443036.0,3291645440.0
2025-04-08 15:00:00,2.199,2.257,2.171,2.219,62425128.0,13730220032.0
2025-04-09 15:00:00,2.177,2.276,2.093,2.258,15750496.0,3457013504.0
2025-04-10 15:00:00,2.295,2.357,2.294,2.313,10595783.0,2462237440.0
2025-04-11 15:00:00,2.297,2.372,2.295,2.343,5901325.0,1379142272.0
2025-04-14 15:00:00,2.366,2.393,2.362,2.374,6348653.0,1507512448.0
2025-04-15 15:00:00,2.372,2.38,2.349,2.365,5688299.0,1342889728.0
2025-04-16 15:00:00,2.353,2.36,2.306,2.335,10451123.0,2434844416.0
2025-04-17 15:00:00,2.323,2.361,2.32,2.336,6353111.0,1491768320.0
2025-04-18 15:00:00,2.33,2.345,2.317,2.332,7408841.0,1726552704.0
2025-04-21 15:00:00,2.328,2.382,2.318,2.38,6723381.0,1589759360.0
2025-04-22 15:00:00,2.377,2.391,2.368,2.38,4213600.0,1002448512.0
2025-04-23 15:00:00,2.392,2.409,2.382,2.394,6642926.0,1592236160.0
2025-04-24 15:00:00,2.39,2.394,2.357,2.371,5323614.0,1263958656.0
2025-04-25 15:00:00,2.371,2.396,2.361,2.376,5745957.0,1368374912.0
2025-04-28 15:00:00,2.375,2.378,2.345,2.351,6132509.0,1444605312.0
2025-04-29 15:00:00,2.345,2.372,2.337,2.363,4602556.0,1086336640.0
2025-04-30 15:00:00,2.363,2.39,2.362,2.381,6087565.0,1450180992.0
2025-05-06 15:00:00,2.395,2.442,2.395,2.442,6117000.0,1484039680.0
2025-05-07 15:00:00,2.467,2.495,2.428,2.444,8668199.0,2126154752.0
2025-05-08 15:00:00,2.439,2.471,2.437,2.466,5808381.0,1428604032.0
2025-05-09 15:00:00,2.465,2.465,2.424,2.437,4176485.0,1018846784.0
2025-05-12 15:00:00,2.452,2.472,2.445,2.471,5189412.0,1276471296.0
2025-05-13 15:00:00,2.488,2.488,2.456,2.462,5913708.0,1460617600.0
2025-05-14 15:00:00,2.462,2.485,2.445,2.468,5165883.0,1271995648.0
2025-05-15 15:00:00,2.462,2.463,2.424,2.428,4192963.0,1021692160.0
2025-05-16 15:00:00,2.423,2.444,2.422,2.432,4261753.0,1036770432.0
2025-05-19 15:00:00,2.423,2.445,2.407,2.443,3503345.0,850165120.0
2025-05-20 15:00:00,2.439,2.467,2.432,2.463,3012478.0,738617984.0
2025-05-21 15:00:00,2.458,2.461,2.447,2.457,2313610.0,567872640.0
2025-05-22 15:00:00,2.45,2.465,2.43,2.433,3594519.0,877758912.0
2025-05-23 15:00:00,2.428,2.447,2.401,2.402,4113501.0,996762112.0
2025-05-26 15:00:00,2.401,2.423,2.398,2.416,3513483.0,847638144.0
2025-05-27 15:00:00,2.408,2.418,2.393,2.409,4387995.0,1054889024.0
2025-05-28 15:00:00,2.408,2.419,2.396,2.403,3538410.0,850734784.0
2025-05-29 15:00:00,2.407,2.447,2.404,2.446,7397217.0,1799211648.0
2025-05-30 15:00:00,2.437,2.438,2.415,2.423,8078257.0,1957977472.0
2025-06-03 15:00:00,2.414,2.445,2.412,2.436,3790970.0,922983488.0
2025-06-04 15:00:00,2.437,2.461,2.434,2.458,2893139.0,709692032.0
2025-06-05 15:00:00,2.459,2.483,2.448,2.478,3463808.0,853375872.0
2025-06-06 15:00:00,2.479,2.479,2.465,2.473,2563635.0,633493568.0
2025-06-09 15:00:00,2.477,2.505,2.474,2.498,3864896.0,964800576.0
2025-06-10 15:00:00,2.5,2.5,2.454,2.476,3944410.0,976888640.0
2025-06-11 15:00:00,2.476,2.503,2.475,2.487,4036620.0,1005172096.0
2025-06-12 15:00:00,2.477,2.496,2.47,2.491,1940886.0,482595232.0
2025-06-13 15:00:00,2.484,2.488,2.453,2.459,3550523.0,875443200.0
2025-06-16 15:00:00,2.451,2.478,2.45,2.473,2966595.0,733030656.0
2025-06-17 15:00:00,2.474,2.481,2.462,2.47,3257801.0,804508416.0
2025-06-18 15:00:00,2.469,2.473,2.448,2.467,2484048.0,611461056.0
2025-06-19 15:00:00,2.462,2.473,2.428,2.437,4074918.0,996642304.0
2025-06-20 15:00:00,2.434,2.443,2.416,2.417,5589961.0,1356143104.0
2025-06-23 15:00:00,2.405,2.449,2.405,2.448,5001208.0,1218381184.0
2025-06-24 15:00:00,2.449,2.496,2.448,2.494,5207289.0,1293160832.0
2025-06-25 15:00:00,2.496,2.535,2.495,2.531,5732399.0,1443542784.0
2025-06-26 15:00:00,2.528,2.542,2.519,2.52,6457280.0,1632240896.0
2025-06-27 15:00:00,2.527,2.549,2.522,2.529,4649191.0,1178506752.0
2025-06-30 15:00:00,2.533,2.564,2.533,2.562,5757628.0,1470207104.0
2025-07-01 15:00:00,2.562,2.57,2.541,2.569,3883807.0,993151552.0
2025-07-02 15:00:00,2.563,2.564,2.536,2.546,3844242.0,978550336.0
2025-07-03 15:00:00,2.545,2.56,2.536,2.557,3519043.0,897083072.0
2025-07-04 15:00:00,2.55,2.573,2.537,2.547,3335740.0,851113088.0
2025-07-07 15:00:00,2.543,2.554,2.542,2.55,1624964.0,414157600.0
2025-07-08 15:00:00,2.549,2.587,2.544,2.586,4083411.0,1052121856.0
2025-07-09 15:00:00,2.588,2.595,2.573,2.578,4434210.0,1145274624.0
2025-07-10 15:00:00,2.577,2.596,2.569,2.583,3711829.0,958508608.0
2025-07-11 15:00:00,2.585,2.622,2.576,2.609,6811639.0,1774114688.0
2025-07-14 15:00:00,2.611,2.612,2.598,2.607,4741596.0,1235881856.0
2025-07-15 15:00:00,2.605,2.614,2.573,2.598,4021893.0,1042538880.0
2025-07-16 15:00:00,2.599,2.621,2.595,2.609,3545032.0,924795840.0
2025-07-17 15:00:00,2.605,2.641,2.602,2.64,2966366.0,779912192.0
2025-07-18 15:00:00,2.641,2.653,2.632,2.646,2920691.0,772012800.0
2025-07-21 15:00:00,2.646,2.669,2.646,2.668,6383651.0,1700335616.0
2025-07-22 15:00:00,2.67,2.685,2.661,2.684,3011104.0,804987776.0
2025-07-23 15:00:00,2.685,2.697,2.665,2.674,3870389.0,1037425472.0
2025-07-24 15:00:00,2.672,2.712,2.668,2.71,5117805.0,1380421760.0
2025-07-25 15:00:00,2.712,2.712,2.693,2.708,4134424.0,1117894784.0
2025-07-28 15:00:00,2.709,2.723,2.693,2.716,6368247.0,1725893888.0
2025-07-29 15:00:00,2.712,2.741,2.693,2.739,3629429.0,985352256.0
2025-07-30 15:00:00,2.736,2.736,2.693,2.714,4828015.0,1311967360.0
2025-07-31 15:00:00,2.706,2.726,2.68,2.695,3922444.0,1061977216.0
2025-08-01 15:00:00,2.691,2.711,2.677,2.693,3759887.0,1012789184.0
2025-08-04 15:00:00,2.682,2.727,2.676,2.726,3898977.0,1055042560.0
2025-08-05 15:00:00,2.726,2.743,2.722,2.742,3367306.0,919724160.0
2025-08-06 15:00:00,2.741,2.776,2.735,2.771,5454593.0,1507564032.0
2025-08-07 15:00:00,2.774,2.781,2.751,2.772,5084602.0,1407145856.0
2025-08-08 15:00:00,2.769,2.773,2.751,2.763,2675093.0,738651456.0
2025-08-11 15:00:00,2.765,2.814,2.764,2.803,8174219.0,2288333824.0
2025-08-12 15:00:00,2.804,2.814,2.788,2.813,3929987.0,1101429760.0
2025-08-13 15:00:00,2.816,2.861,2.816,2.854,6043962.0,1716167424.0
2025-08-14 15:00:00,2.857,2.86,2.812,2.823,6189467.0,1755421696.0
2025-08-15 15:00:00,2.81,2.883,2.808,2.881,7056194.0,2016757376.0
2025-08-18 15:00:00,2.886,2.941,2.883,2.923,8914774.0,2602947072.0
2025-08-19 15:00:00,2.92,2.945,2.906,2.925,5201864.0,1522119424.0
2025-08-20 15:00:00,2.913,2.96,2.894,2.958,8077271.0,2366208256.0
2025-08-21 15:00:00,2.963,2.971,2.916,2.931,8520156.0,2502943488.0
2025-08-22 15:00:00,2.927,2.984,2.927,2.982,7095157.0,2100500992.0
2025-08-25 15:00:00,2.995,3.039,2.992,3.021,6981360.0,2103633280.0
2025-08-26 15:00:00,3.011,3.046,3.002,3.021,3500818.0,1058591744.0
2025-08-27 15:00:00,3.02,3.057,2.962,2.968,5484477.0,1651099776.0
2025-08-28 15:00:00,2.951,3.01,2.916,3.009,9167117.0,2726772736.0
2025-08-29 15:00:00,3.002,3.026,2.978,3.006,5340852.0,1602241280.0
2025-09-01 15:00:00,3.015,3.044,2.997,3.038,3899438.0,1177584128.0
2025-09-02 15:00:00,3.028,3.03,2.931,2.959,6842851.0,2027568640.0
2025-09-03 15:00:00,2.961,2.972,2.899,2.914,6291994.0,1848128896.0
2025-09-04 15:00:00,2.911,2.934,2.806,2.846,13369103.0,3834456832.0
2025-09-05 15:00:00,2.845,2.934,2.839,2.929,7687233.0,2221064704.0
2025-09-08 15:00:00,2.928,2.962,2.915,2.953,11496582.0,3375375616.0
2025-09-09 15:00:00,2.944,2.955,2.906,2.919,3516487.0,1032124160.0
2025-09-10 15:00:00,2.915,2.951,2.902,2.921,4901063.0,1434574720.0
2025-09-11 15:00:00,2.91,3.0,2.887,2.999,6125193.0,1816753792.0
2025-09-12 15:00:00,3.0,3.022,2.987,3.0,4721036.0,1418023552.0
2025-09-15 15:00:00,3.001,3.013,2.99,2.997,3658822.0,1097967744.0
2025-09-16 15:00:00,2.997,3.033,2.973,3.029,3322431.0,999678720.0
2025-09-17 15:00:00,3.021,3.061,3.014,3.056,4038774.0,1229537920.0
2025-09-18 15:00:00,3.059,3.099,2.984,3.017,6784084.0,2065290112.0
2025-09-19 15:00:00,3.014,3.038,2.99,3.006,3138352.0,947421824.0
2025-09-22 15:00:00,3.007,3.033,2.996,3.031,2481713.0,748026688.0
2025-09-23 15:00:00,3.029,3.031,2.94,2.995,4299791.0,1281869440.0
2025-09-24 15:00:00,2.976,3.049,2.966,3.047,4076012.0,1231461888.0
2025-09-25 15:00:00,3.046,3.059,3.03,3.036,3750931.0,1141320448.0
2025-09-26 15:00:00,3.026,3.043,2.993,2.995,2934122.0,884004096.0
2025-09-29 15:00:00,2.992,3.044,2.984,3.032,5993423.0,1812375168.0
2025-09-30 15:00:00,3.043,3.075,3.038,3.063,3908298.0,1196572672.0
2025-10-09 15:00:00,3.074,3.104,3.067,3.089,4197474.0,1296549888.0
2025-10-10 15:00:00,3.08,3.08,3.039,3.048,5107071.0,1560995456.0
2025-10-13 15:00:00,2.95,3.051,2.936,3.039,5423413.0,1631955968.0
2025-10-14 15:00:00,3.053,3.076,2.97,2.985,5059742.0,1531959552.0
2025-10-15 15:00:00,2.978,3.03,2.961,3.026,4311605.0,1293056128.0
2025-10-16 15:00:00,3.012,3.022,2.986,2.995,3965897.0,1191589760.0
2025-10-17 15:00:00,2.99,3.004,2.905,2.909,5420437.0,1593350784.0
2025-10-20 15:00:00,2.924,2.956,2.911,2.927,3775551.0,1107010560.0
2025-10-21 15:00:00,2.935,2.976,2.927,2.968,6038969.0,1788428544.0
2025-10-22 15:00:00,2.953,2.973,2.941,2.958,3255756.0,962524416.0
2025-10-23 15:00:00,2.949,2.964,2.909,2.96,4191302.0,1229183104.0
2025-10-24 15:00:00,2.97,3.01,2.969,3.008,4239473.0,1266926080.0
2025-10-27 15:00:00,3.028,3.042,3.007,3.03,5077658.0,1537540736.0
2025-10-28 15:00:00,3.026,3.052,3.011,3.025,3020402.0,915679744.0
2025-10-29 15:00:00,3.031,3.067,3.019,3.066,3534658.0,1076427264.0
2025-10-30 15:00:00,3.061,3.064,3.024,3.035,4386358.0,1334865152.0
2025-10-31 15:00:00,3.032,3.072,3.028,3.037,5306608.0,1619049088.0
2025-11-03 15:00:00,3.035,3.054,2.998,3.049,4898346.0,1482343296.0
2025-11-04 15:00:00,3.04,3.043,2.989,3.008,3424813.0,1032912064.0
2025-11-05 15:00:00,2.978,3.032,2.974,3.023,3547432.0,1067369856.0
2025-11-06 15:00:00,3.023,3.06,3.018,3.057,2218367.0,674503680.0
2025-11-07 15:00:00,3.047,3.069,3.029,3.055,1877563.0,572784704.0
2025-11-10 15:00:00,3.069,3.074,3.04,3.059,2077794.0,634558592.0
2025-11-11 15:00:00,3.068,3.079,3.045,3.052,2469450.0,755785152.0
2025-11-12 15:00:00,3.045,3.052,3.005,3.034,2601545.0,787013440.0
2025-11-13 15:00:00,3.026,3.08,3.022,3.076,3321699.0,1016817856.0
2025-11-14 15:00:00,3.053,3.072,3.034,3.035,3351870.0,1023067712.0
2025-11-17 15:00:00,3.035,3.054,3.027,3.042,2651586.0,806258368.0
2025-11-18 15:00:00,3.035,3.042,3.001,3.018,4025082.0,1215499136.0
2025-11-19 15:00:00,3.012,3.028,2.974,2.992,4355182.0,1304903168.0
2025-11-20 15:00:00,3.008,3.014,2.97,2.973,4134138.0,1233129856.0
2025-11-21 15:00:00,2.944,2.954,2.862,2.862,9746232.0,2827531008.0
2025-11-24 15:00:00,2.87,2.909,2.859,2.895,5810025.0,1677040128.0
2025-11-25 15:00:00,2.907,2.958,2.907,2.933,8173549.0,2402312704.0
2025-11-26 15:00:00,2.935,2.957,2.921,2.933,3844659.0,1131627648.0
2025-11-27 15:00:00,2.933,2.967,2.932,2.936,2558848.0,754209856.0
2025-11-28 15:00:00,2.935,2.97,2.928,2.967,1826992.0,539547392.0
2025-12-01 15:00:00,2.976,2.993,2.969,2.987,2962287.0,883188864.0
2025-12-02 15:00:00,2.986,2.986,2.952,2.962,2149075.0,636159936.0
2025-12-03 15:00:00,2.964,2.968,2.926,2.935,2417443.0,710780864.0
2025-12-04 15:00:00,2.936,2.946,2.91,2.938,2552587.0,747805824.0
2025-12-05 15:00:00,2.934,2.98,2.912,2.978,5094740.0,1508665472.0
2025-12-08 15:00:00,2.985,3.014,2.981,3.004,4043641.0,1212798080.0
2025-12-09 15:00:00,3.001,3.012,2.984,2.987,2380181.0,713248640.0
2025-12-10 15:00:00,2.982,3.005,2.966,2.999,3787371.0,1129835776.0
2025-12-11 15:00:00,3.004,3.009,2.964,2.968,4622932.0,1379094784.0
2025-12-12 15:00:00,2.969,2.998,2.958,2.988,5350587.0,1592378752.0
2025-12-15 15:00:00,2.978,2.991,2.961,2.967,2689198.0,799367744.0
2025-12-16 15:00:00,2.963,2.963,2.898,2.916,3378049.0,985234112.0
2025-12-17 15:00:00,2.909,2.965,2.899,2.955,4520324.0,1325051520.0
2025-12-18 15:00:00,2.935,2.977,2.934,2.949,2917181.0,863284608.0
2025-12-19 15:00:00,2.96,2.985,2.95,2.974,3384447.0,1005756480.0
2025-12-22 15:00:00,2.986,3.014,2.985,3.001,2720159.0,816590528.0
2025-12-23 15:00:00,2.999,3.016,2.986,2.998,2134442.0,639972480.0
2025-12-24 15:00:00,2.993,3.049,2.993,3.045,3183409.0,966004352.0
2025-12-25 15:00:00,3.044,3.081,3.039,3.071,3694471.0,1133242368.0
2025-12-26 15:00:00,3.069,3.103,3.063,3.082,7637316.0,2358590720.0
2025-12-29 15:00:00,3.082,3.097,3.066,3.077,4279847.0,1319562880.0
2025-12-30 15:00:00,3.068,3.098,3.062,3.08,2961750.0,913465472.0
2025-12-31 15:00:00,3.087,3.09,3.061,3.079,4086187.0,1257709824.0
2026-01-05 15:00:00,3.09,3.152,3.088,3.15,3941755.0,1232361728.0
2026-01-06 15:00:00,3.157,3.2,3.148,3.195,5114932.0,1622343680.0
2026-01-07 15:00:00,3.195,3.218,3.187,3.203,5601079.0,1793959296.0
2026-01-08 15:00:00,3.196,3.244,3.196,3.231,3382575.0,1090632960.0
2026-01-09 15:00:00,3.226,3.31,3.226,3.305,8691458.0,2854686720.0
2026-01-12 15:00:00,3.323,3.414,3.311,3.406,10505042.0,3546463744.0
2026-01-13 15:00:00,3.408,3.411,3.318,3.337,9595879.0,3213528064.0
2026-01-14 15:00:00,3.319,3.42,3.302,3.345,17469368.0,5889750016.0
2026-01-15 15:00:00,3.318,3.35,3.3,3.345,9707516.0,3230169344.0
2026-01-16 15:00:00,3.367,3.371,3.31,3.336,19071444.0,6355260416.0
2026-01-19 15:00:00,3.276,3.327,3.271,3.304,21489690.0,7097946112.0
2026-01-20 15:00:00,3.308,3.32,3.242,3.277,15791204.0,5171017728.0
2026-01-21 15:00:00,3.258,3.323,3.254,3.305,55315288.0,18225690624.0
2026-01-22 15:00:00,3.315,3.33,3.3,3.33,19684846.0,6522283520.0
2026-01-23 15:00:00,3.343,3.411,3.33,3.402,34122752.0,11508716544.0
2026-01-26 15:00:00,3.406,3.424,3.319,3.344,27246604.0,9142662144.0
2026-01-27 15:00:00,3.331,3.37,3.272,3.357,16583570.0,5530076160.0
2026-01-28 15:00:00,3.355,3.374,3.332,3.366,22661384.0,7595431424.0
2026-01-29 15:00:00,3.357,3.394,3.323,3.34,14961023.0,5017027584.0
2026-01-30 15:00:00,3.321,3.34,3.229,3.311,8134445.0,2677913088.0
2026-02-02 15:00:00,3.274,3.297,3.171,3.175,15018112.0,4836900864.0
2026-02-03 15:00:00,3.215,3.293,3.204,3.284,8925549.0,2906753024.0
2026-02-04 15:00:00,3.28,3.293,3.239,3.289,9890246.0,3227698176.0
2026-02-05 15:00:00,3.259,3.265,3.21,3.232,7108638.0,2297231360.0
2026-02-06 15:00:00,3.19,3.268,3.177,3.221,12217402.0,3953130752.0
2026-02-09 15:00:00,3.262,3.304,3.261,3.302,9443624.0,3107409408.0
2026-02-10 15:00:00,3.3,3.312,3.281,3.301,4345780.0,1434599936.0
2026-02-11 15:00:00,3.295,3.328,3.295,3.303,3946264.0,1306685056.0
2026-02-12 15:00:00,3.301,3.344,3.291,3.336,6362104.0,2117612160.0
2026-02-13 15:00:00,3.32,3.332,3.281,3.285,10793248.0,3563349248.0
2026-02-24 15:00:00,3.321,3.351,3.298,3.322,5719002.0,1902759296.0
2026-02-25 15:00:00,3.328,3.382,3.327,3.371,13526611.0,4554023936.0
2026-02-26 15:00:00,3.378,3.4,3.358,3.396,11200890.0,3784913408.0
2026-02-27 15:00:00,3.383,3.432,3.366,3.431,6010958.0,2050800768.0
2026-03-02 15:00:00,3.396,3.42,3.357,3.393,10312423.0,3495460352.0
2026-03-03 15:00:00,3.396,3.405,3.255,3.268,10847750.0,3582470912.0
2026-03-04 15:00:00,3.235,3.299,3.226,3.238,8067757.0,2624182784.0
2026-03-05 15:00:00,3.285,3.295,3.248,3.266,7789341.0,2551815168.0
2026-03-06 15:00:00,3.245,3.313,3.245,3.3,4540585.0,1495044096.0
2026-03-09 15:00:00,3.25,3.298,3.197,3.287,7007414.0,2270579200.0
2026-03-10 15:00:00,3.31,3.346,3.309,3.344,6273684.0,2087054080.0
2026-03-11 15:00:00,3.346,3.36,3.335,3.346,4145813.0,1387909376.0
2026-03-12 15:00:00,3.332,3.356,3.302,3.338,3986499.0,1327090944.0
2026-03-13 15:00:00,3.32,3.345,3.282,3.291,3318061.0,1099532288.0
2026-03-16 15:00:00,3.284,3.294,3.235,3.285,3843595.0,1257058176.0
2026-03-17 15:00:00,3.285,3.292,3.21,3.212,5304662.0,1717548928.0
2026-03-18 15:00:00,3.216,3.243,3.191,3.24,9884335.0,3186405632.0
2026-03-19 15:00:00,3.195,3.209,3.152,3.17,5663677.0,1800851456.0
2026-03-20 15:00:00,3.175,3.202,3.114,3.117,7906509.0,2497769472.0
2026-03-23 15:00:00,3.07,3.093,2.944,2.967,10155031.0,3064690432.0
2026-03-24 15:00:00,3.002,3.046,2.949,3.044,11529652.0,3459685120.0
2026-03-25 15:00:00,3.062,3.117,3.062,3.101,11326936.0,3507116544.0
2026-03-26 15:00:00,3.086,3.111,3.049,3.057,4344641.0,1337000960.0
2026-03-27 15:00:00,3.016,3.119,3.016,3.106,4743006.0,1460200960.0
2026-03-30 15:00:00,3.069,3.115,3.048,3.109,5720758.0,1762958464.0
2026-03-31 15:00:00,3.105,3.12,3.05,3.051,5110449.0,1573716480.0
2026-04-01 15:00:00,3.101,3.121,3.081,3.107,5827220.0,1806421888.0
2026-04-02 15:00:00,3.09,3.111,3.032,3.055,5371187.0,1647032960.0
2026-04-03 15:00:00,3.066,3.069,3.012,3.02,3657702.0,1109787392.0
2026-04-07 15:00:00,3.026,3.062,3.025,3.045,6097545.0,1857820800.0
2026-04-08 15:00:00,3.12,3.191,3.1,3.189,11816200.0,3716993792.0
2026-04-09 15:00:00,3.156,3.186,3.152,3.171,8767363.0,2781005312.0
2026-04-10 15:00:00,3.186,3.231,3.186,3.201,5455250.0,1751475968.0
2026-04-13 15:00:00,3.185,3.219,3.174,3.213,5291688.0,1697156864.0
2026-04-14 15:00:00,3.24,3.265,3.225,3.263,4642735.0,1504789120.0
2026-04-15 15:00:00,3.283,3.284,3.24,3.246,4874965.0,1588571648.0
2026-04-16 15:00:00,3.253,3.305,3.247,3.298,6375997.0,2093383424.0
2026-04-17 15:00:00,3.29,3.343,3.288,3.33,6384134.0,2115703168.0
2026-04-20 15:00:00,3.329,3.359,3.324,3.345,7715448.0,2580739072.0
2026-04-21 15:00:00,3.337,3.348,3.31,3.344,5984205.0,1994360832.0
2026-04-22 15:00:00,3.327,3.402,3.327,3.401,7269038.0,2455333888.0
2026-04-23 15:00:00,3.401,3.406,3.329,3.355,8972801.0,3010059008.0
2026-04-24 15:00:00,3.329,3.355,3.309,3.326,11291953.0,3759355904.0
2026-04-27 15:00:00,3.323,3.353,3.309,3.339,11843603.0,3953673472.0
2026-04-28 15:00:00,3.326,3.335,3.282,3.297,10473004.0,3460949760.0
2026-04-29 15:00:00,3.284,3.351,3.274,3.346,16925824.0,5637358592.0
2026-04-30 15:00:00,3.336,3.368,3.335,3.362,17847548.0,5976880640.0
2026-05-06 15:00:00,3.383,3.455,3.383,3.433,13643136.0,4683871744.0
2026-05-07 15:00:00,3.448,3.497,3.437,3.493,6443625.0,2235023616.0
2026-05-08 15:00:00,3.472,3.516,3.466,3.506,8588784.0,3003352832.0
2026-05-11 15:00:00,3.525,3.569,3.513,3.555,10080202.0,3574858496.0
2026-05-12 15:00:00,3.555,3.558,3.514,3.54,5263474.0,1861816064.0
2026-05-13 15:00:00,3.51,3.603,3.51,3.598,4866506.0,1735216512.0
2026-05-14 15:00:00,3.61,3.613,3.525,3.529,6280728.0,2238207488.0
2026-05-15 15:00:00,3.526,3.554,3.461,3.488,10989459.0,3851089664.0
2026-05-18 15:00:00,3.473,3.527,3.461,3.503,6770396.0,2369757952.0
2026-05-19 15:00:00,3.5,3.545,3.454,3.542,6463303.0,2262618112.0
2026-05-20 15:00:00,3.517,3.546,3.492,3.545,6676468.0,2346425600.0
2026-05-21 15:00:00,3.555,3.583,3.422,3.432,10142679.0,3543117568.0
2026-05-22 15:00:00,3.446,3.531,3.431,3.495,10245747.0,3561142272.0
2026-05-25 15:00:00,3.511,3.543,3.484,3.539,8761878.0,3082372096.0
2026-05-26 15:00:00,3.515,3.522,3.445,3.499,5126266.0,1784393984.0
2026-05-27 15:00:00,3.491,3.519,3.414,3.437,7122995.0,2468815360.0
2026-05-28 15:00:00,3.437,3.485,3.404,3.472,6958363.0,2394450688.0
2026-05-29 15:00:00,3.479,3.488,3.363,3.383,13518917.0,4591159296.0
2026-06-01 15:00:00,3.368,3.42,3.355,3.359,11707167.0,3957072384.0
2026-06-02 15:00:00,3.358,3.394,3.307,3.368,12491283.0,4187143936.0
2026-06-03 15:00:00,3.37,3.436,3.359,3.389,13132783.0,4469758976.0
2026-06-04 15:00:00,3.35,3.4,3.35,3.385,7576995.0,2563956224.0
2026-06-05 15:00:00,3.366,3.423,3.34,3.358,7480480.0,2524879104.0
2026-06-08 15:00:00,3.29,3.324,3.216,3.258,12993023.0,4255609856.0
2026-06-09 15:00:00,3.283,3.348,3.259,3.341,15298071.0,5043848704.0
2026-06-10 15:00:00,3.3,3.332,3.265,3.303,6314230.0,2083885440.0
2026-06-11 15:00:00,3.279,3.313,3.258,3.286,5232782.0,1715659520.0
2026-06-12 15:00:00,3.322,3.367,3.299,3.309,6537981.0,2177669120.0
2026-06-15 15:00:00,3.344,3.44,3.342,3.439,9110164.0,3096700672.0
2026-06-16 15:00:00,3.449,3.508,3.43,3.491,8231813.0,2852078080.0
2026-06-17 15:00:00,3.475,3.52,3.468,3.519,4059302.0,1419535616.0
2026-06-18 15:00:00,3.501,3.553,3.5,3.544,4106091.0,1451729536.0
2026-06-22 15:00:00,3.555,3.595,3.482,3.58,5802124.0,2045200000.0
2026-06-23 15:00:00,3.562,3.579,3.485,3.51,5804598.0,2050210560.0
2026-06-24 15:00:00,3.507,3.556,3.472,3.551,8828682.0,3109888512.0
2026-06-25 15:00:00,3.549,3.584,3.528,3.569,4177397.0,1486707328.0
2026-06-26 15:00:00,3.55,3.56,3.461,3.484,5405177.0,1892121984.0
2026-06-29 15:00:00,3.474,3.511,3.404,3.475,11048783.0,3813713664.0
2026-06-30 15:00:00,3.467,3.581,3.458,3.577,7436022.0,2618370304.0
2026-07-01 15:00:00,3.555,3.615,3.555,3.585,4472382.0,1606030720.0
2026-07-02 15:00:00,3.563,3.583,3.48,3.491,8668077.0,3054881280.0
2026-07-03 15:00:00,3.477,3.534,3.466,3.488,6574088.0,2301916928.0
2026-07-06 15:00:00,3.499,3.523,3.417,3.435,10980206.0,3785665536.0
2026-07-07 15:00:00,3.411,3.438,3.347,3.368,12000566.0,4053036544.0
2026-07-08 15:00:00,3.368,3.376,3.289,3.29,16378831.0,5428911616.0
2026-07-09 15:00:00,3.3,3.362,3.233,3.354,18112638.0,5975203840.0
2026-07-10 15:00:00,3.359,3.41,3.312,3.312,12201064.0,4127840256.0
2026-07-13 15:00:00,3.3,3.312,3.145,3.158,22877470.0,7324695040.0
2026-07-14 15:00:00,3.161,3.207,3.101,3.206,19902982.0,6282743296.0
2026-07-15 15:00:00,3.206,3.226,3.15,3.169,11506483.0,3669496320.0
2026-07-16 15:00:00,3.134,3.176,3.075,3.092,18094080.0,5645460992.0
2026-07-17 15:00:00,3.081,3.087,2.889,2.908,32776762.0,9752991744.0
2026-07-20 15:00:00,2.944,2.98,2.748,2.818,30663810.0,8737944576.0
2026-07-21 15:00:00,2.824,2.939,2.72,2.933,30658188.0,8763987968.0
2026-07-22 15:00:00,2.909,2.953,2.879,2.891,27984784.0,8180947456.0
2026-07-23 15:00:00,2.892,2.937,2.879,2.914,9407917.0,2738518016.0
2026-07-24 15:00:00,2.886,2.904,2.828,2.832,12512863.0,3575677696.0
2026-07-27 15:00:00,2.83,2.931,2.825,2.93,16877936.0,4883075584.0
2026-07-28 15:00:00,2.891,2.909,2.834,2.848,18456820.0,5302644736.0
2026-07-29 15:00:00,2.849,2.894,2.796,2.878,28349900.0,8083231744.0
2026-07-30 15:00:00,2.86,2.891,2.768,2.798,19512180.0,5508014080.0
2026-07-31 15:00:00,2.877,2.934,2.86,2.864,30520112.0,8843934720.0
2026-08-03 15:00:00,2.85,2.89,2.849,2.867,12090694.0,3472108800.0
2026-08-04 15:00:00,2.885,2.965,2.88,2.943,17442312.0,5108637184.0
2026-08-05 15:00:00,2.93,3.048,2.928,3.035,16549080.0,4994865664.0
2026-08-06 15:00:00,3.0,3.063,2.999,3.049,22972332.0,6983390720.0
2026-08-07 15:00:00,3.048,3.113,3.016,3.111,22052440.0,6785065984.0
2026-08-10 15:00:00,3.118,3.132,3.089,3.129,14818637.0,4612481024.0
2026-08-11 15:00:00,3.123,3.155,3.095,3.12,10772518.0,3367951616.0
2026-08-12 15:00:00,3.112,3.162,3.112,3.156,10263450.0,3229910272.0
2026-08-13 15:00:00,3.169,3.19,3.125,3.128,9293039.0,2942882048.0
2026-08-14 15:00:00,3.14,3.153,3.11,3.145,9223932.0,2893140736.0
2026-08-17 15:00:00,3.152,3.225,3.134,3.225,8802899.0,2802796800.0
2026-08-18 15:00:00,3.227,3.235,3.175,3.213,10663956.0,3420061184.0
2026-08-19 15:00:00,3.161,3.191,3.035,3.048,18058318.0,5561657344.0
2026-08-20 15:00:00,3.076,3.101,3.058,3.074,12793426.0,3940218368.0
2026-08-21 15:00:00,3.059,3.094,3.03,3.08,8109213.0,2490916864.0
2026-08-24 15:00:00,3.075,3.09,2.987,3.04,11259625.0,3412478976.0
2026-08-25 15:00:00,3.006,3.066,2.981,3.048,12306381.0,3722855680.0
2026-08-26 15:00:00,3.055,3.086,3.025,3.059,10805546.0,3301834240.0
2026-08-27 15:00:00,3.064,3.14,3.052,3.137,9719759.0,3021324032.0
2026-08-28 15:00:00,3.132,3.164,3.123,3.127,7721915.0,2424223488.0
