date,open,high,low,close
2017-08-03,1.015,1.022,0.999,0.999
2017-08-04,1.0,1.005,0.997,0.999
2017-08-07,0.999,1.0,0.989,0.995
2017-08-08,0.9939999999999999,0.9969999999999999,0.9909999999999999,0.9929999999999999
2017-08-09,0.9969999999999999,0.9969999999999999,0.9779999999999999,0.9799999999999999
2017-08-10,0.9799999999999999,0.9839999999999999,0.9699999999999999,0.9759999999999999
2017-08-11,0.9699999999999999,0.9719999999999999,0.9539999999999998,0.9629999999999999
2017-08-14,0.9559999999999997,0.9679999999999997,0.9529999999999997,0.9639999999999997
2017-08-15,0.9639999999999997,0.9809999999999998,0.9619999999999997,0.9729999999999998
2017-08-16,0.9699999999999999,0.9699999999999999,0.9629999999999999,0.9679999999999999
2017-08-17,0.9669999999999997,0.9689999999999998,0.9639999999999997,0.9689999999999998
2017-08-18,0.9619999999999997,0.9739999999999998,0.9619999999999997,0.9699999999999998
2017-08-21,0.9699999999999998,0.9709999999999998,0.9649999999999997,0.9699999999999998
2017-08-22,0.9679999999999997,0.9749999999999998,0.9659999999999997,0.9749999999999998
2017-08-23,0.9749999999999999,0.9939999999999999,0.9749999999999999,0.9869999999999999
2017-08-24,0.9889999999999998,0.9999999999999998,0.9869999999999998,0.9889999999999998
2017-08-25,0.9939999999999998,1.0199999999999998,0.9929999999999998,1.0179999999999998
2017-08-28,1.0199999999999998,1.0389999999999997,1.0189999999999997,1.0259999999999998
2017-08-29,1.0229999999999997,1.0279999999999998,1.0179999999999998,1.0259999999999998
2017-08-30,1.0259999999999998,1.0359999999999998,1.0149999999999997,1.0169999999999997
2017-08-31,1.0179999999999996,1.0189999999999995,1.0009999999999994,1.0089999999999995
2017-09-01,1.0079999999999998,1.0129999999999997,0.9989999999999998,1.0039999999999998
2017-09-04,1.0019999999999998,1.0099999999999998,0.9959999999999998,1.0099999999999998
2017-09-05,1.0099999999999998,1.0219999999999998,0.9999999999999998,1.0179999999999998
2017-09-06,1.0129999999999997,1.0159999999999998,1.0089999999999997,1.0119999999999998
2017-09-07,1.0119999999999998,1.0139999999999998,1.0019999999999998,1.0019999999999998
2017-09-08,1.0009999999999997,1.0089999999999997,0.9999999999999998,1.0029999999999997
2017-09-11,1.0039999999999998,1.0119999999999998,1.0019999999999998,1.0029999999999997
2017-09-12,1.0039999999999998,1.0049999999999997,0.9979999999999998,1.0039999999999998
2017-09-13,1.0029999999999997,1.0029999999999997,0.9979999999999998,1.0019999999999998
2017-09-14,0.9999999999999998,1.0009999999999997,0.9909999999999998,0.9919999999999998
2017-09-15,0.9899999999999999,0.9919999999999999,0.9859999999999999,0.9909999999999999
2017-09-18,0.9879999999999999,0.9939999999999999,0.9879999999999999,0.9909999999999999
2017-09-19,0.9889999999999999,0.9929999999999999,0.9829999999999999,0.9879999999999999
2017-09-20,0.9889999999999999,0.9919999999999999,0.9849999999999999,0.9889999999999999
2017-09-21,0.9899999999999999,0.9989999999999999,0.9869999999999999,0.9939999999999999
2017-09-22,0.9919999999999999,1.0009999999999997,0.9919999999999999,0.9939999999999999
2017-09-25,0.9909999999999998,0.9979999999999998,0.9889999999999998,0.9969999999999998
2017-09-26,0.9959999999999998,0.9959999999999998,0.9919999999999998,0.9929999999999998
2017-09-27,0.9919999999999999,0.9919999999999999,0.9839999999999999,0.9859999999999999
2017-09-28,0.9849999999999999,0.9869999999999999,0.9799999999999999,0.9819999999999999
2017-09-29,0.9809999999999999,0.9879999999999999,0.9809999999999999,0.9869999999999999
2017-10-09,1.0179999999999998,1.0219999999999998,0.9959999999999999,0.9999999999999999
2017-10-10,0.9989999999999998,1.0029999999999997,0.9929999999999998,1.0019999999999998
2017-10-11,1.0009999999999997,1.0089999999999997,0.9999999999999998,1.0039999999999998
2017-10-12,1.005,1.008,1.003,1.005
2017-10-13,1.005,1.006,1.002,1.003
2017-10-16,1.0029999999999997,1.0109999999999997,1.0009999999999997,1.0089999999999997
2017-10-17,1.005,1.012,1.005,1.008
2017-10-18,1.0069999999999997,1.0129999999999997,1.0049999999999997,1.0119999999999998
2017-10-19,1.0109999999999997,1.0139999999999998,1.0089999999999997,1.0109999999999997
2017-10-20,1.01,1.01,1.006,1.008
2017-10-23,1.0079999999999998,1.0079999999999998,0.9999999999999998,1.0009999999999997
2017-10-24,0.9999999999999998,1.0049999999999997,0.9989999999999998,1.0029999999999997
2017-10-25,1.0019999999999998,1.0019999999999998,0.9989999999999998,1.0019999999999998
2017-10-26,1.0009999999999997,1.0009999999999997,0.9919999999999998,0.9939999999999998
2017-10-27,0.9949999999999998,1.0099999999999998,0.9939999999999998,1.0099999999999998
2017-10-30,1.009,1.011,1.004,1.006
2017-10-31,1.0039999999999998,1.0039999999999998,0.9979999999999999,0.9989999999999999
2017-11-01,0.9989999999999999,0.9999999999999999,0.9899999999999999,0.9929999999999999
2017-11-02,0.9919999999999999,0.9929999999999999,0.9849999999999999,0.9909999999999999
2017-11-03,0.9899999999999997,0.9929999999999997,0.9809999999999997,0.9929999999999997
2017-11-06,0.9899999999999997,0.9899999999999997,0.9809999999999997,0.9839999999999997
2017-11-07,0.9829999999999998,0.9989999999999998,0.9829999999999998,0.9949999999999998
2017-11-08,0.9949999999999998,1.0039999999999998,0.9939999999999998,0.9959999999999998
2017-11-09,0.9969999999999998,1.0029999999999997,0.9939999999999998,0.9959999999999998
2017-11-10,0.9989999999999998,0.9989999999999998,0.9859999999999998,0.9909999999999998
2017-11-13,0.9889999999999998,1.0139999999999998,0.9889999999999998,1.0049999999999997
2017-11-14,1.0039999999999998,1.0059999999999998,0.9989999999999999,0.9999999999999999
2017-11-15,0.9999999999999999,1.0019999999999998,0.9959999999999999,0.9999999999999999
2017-11-16,0.9999999999999999,0.9999999999999999,0.9909999999999999,0.9929999999999999
2017-11-17,0.9929999999999998,1.0219999999999998,0.9929999999999998,1.0209999999999997
2017-11-20,1.0129999999999995,1.0369999999999995,1.0129999999999995,1.0369999999999995
2017-11-21,1.0269999999999997,1.0549999999999997,1.0269999999999997,1.0429999999999997
2017-11-22,1.046,1.077,1.046,1.065
2017-11-23,1.0639999999999998,1.0759999999999998,1.0429999999999997,1.0479999999999998
2017-11-24,1.0499999999999998,1.0639999999999998,1.0439999999999998,1.0569999999999997
2017-11-27,1.057,1.057,1.033,1.045
2017-11-28,1.042,1.045,1.028,1.033
2017-11-29,1.035,1.039,1.023,1.033
2017-11-30,1.03,1.037,1.024,1.03
2017-12-01,1.025,1.034,1.018,1.025
2017-12-04,1.022,1.028,1.019,1.026
2017-12-05,1.0259999999999998,1.0489999999999997,1.0249999999999997,1.0429999999999997
2017-12-06,1.0399999999999998,1.0399999999999998,1.0239999999999998,1.0319999999999998
2017-12-07,1.0299999999999998,1.0299999999999998,1.0139999999999998,1.0229999999999997
2017-12-08,1.0219999999999998,1.0239999999999998,1.0169999999999997,1.0219999999999998
2017-12-11,1.0219999999999998,1.0259999999999998,1.0119999999999998,1.0249999999999997
2017-12-12,1.0229999999999997,1.0239999999999998,1.0109999999999997,1.0119999999999998
2017-12-13,1.0119999999999998,1.0159999999999998,1.0069999999999997,1.0149999999999997
2017-12-14,1.0139999999999998,1.0209999999999997,1.0099999999999998,1.0119999999999998
2017-12-15,1.0119999999999998,1.0119999999999998,0.9979999999999998,0.9989999999999998
2017-12-18,0.9969999999999998,1.0059999999999998,0.9969999999999998,1.0039999999999998
2017-12-19,1.0009999999999994,1.0179999999999996,1.0009999999999994,1.0179999999999996
2017-12-20,1.0149999999999997,1.0199999999999998,1.0119999999999998,1.0149999999999997
2017-12-21,1.0149999999999997,1.0229999999999997,1.0129999999999997,1.0189999999999997
2017-12-22,1.0199999999999998,1.0199999999999998,1.0129999999999997,1.0139999999999998
2017-12-25,1.0139999999999998,1.0219999999999998,1.0109999999999997,1.0109999999999997
2017-12-26,1.0149999999999997,1.0229999999999997,1.0099999999999998,1.0219999999999998
2017-12-27,1.0239999999999998,1.0249999999999997,1.0069999999999997,1.0129999999999997
2017-12-28,1.0109999999999997,1.0139999999999998,1.0069999999999997,1.0119999999999998
2017-12-29,1.0119999999999998,1.0169999999999997,1.0099999999999998,1.0169999999999997
2018-01-02,1.0169999999999995,1.0389999999999995,1.0169999999999995,1.0289999999999995
2018-01-03,1.0289999999999997,1.0389999999999997,1.0269999999999997,1.0309999999999997
2018-01-04,1.0319999999999998,1.0349999999999997,1.0269999999999997,1.0299999999999998
2018-01-05,1.0319999999999998,1.0349999999999997,1.0269999999999997,1.0329999999999997
2018-01-08,1.0329999999999997,1.0329999999999997,1.0259999999999998,1.0299999999999998
2018-01-09,1.0289999999999997,1.0319999999999998,1.0259999999999998,1.0289999999999997
2018-01-10,1.029,1.054,1.027,1.053
2018-01-11,1.052,1.061,1.048,1.053
2018-01-12,1.053,1.065,1.053,1.058
2018-01-15,1.054,1.085,1.054,1.078
2018-01-16,1.0790000000000002,1.0830000000000002,1.0700000000000003,1.0820000000000003
2018-01-17,1.0830000000000004,1.1190000000000004,1.0830000000000004,1.0920000000000005
2018-01-18,1.0980000000000003,1.1150000000000002,1.0970000000000002,1.1140000000000003
2018-01-19,1.1190000000000004,1.1470000000000005,1.1160000000000005,1.1300000000000003
2018-01-22,1.1190000000000002,1.1400000000000001,1.1100000000000003,1.1150000000000002
2018-01-23,1.1150000000000002,1.1500000000000001,1.1150000000000002,1.1500000000000001
2018-01-24,1.1540000000000001,1.1780000000000002,1.1470000000000002,1.1550000000000002
2018-01-25,1.1500000000000001,1.1520000000000001,1.1280000000000001,1.1460000000000001
2018-01-26,1.1460000000000001,1.1660000000000001,1.1420000000000001,1.1500000000000001
2018-01-29,1.148,1.167,1.136,1.142
2018-01-30,1.1360000000000001,1.1420000000000001,1.1200000000000003,1.1200000000000003
2018-01-31,1.1200000000000003,1.1410000000000002,1.1110000000000002,1.1410000000000002
2018-02-01,1.1420000000000001,1.1560000000000001,1.1360000000000001,1.1530000000000002
2018-02-02,1.1520000000000001,1.1520000000000001,1.1270000000000002,1.1460000000000001
2018-02-05,1.1390000000000005,1.1880000000000004,1.1320000000000003,1.1870000000000005
2018-02-06,1.1680000000000004,1.1790000000000005,1.1520000000000004,1.1660000000000004
2018-02-07,1.1790000000000003,1.1960000000000002,1.1260000000000001,1.1320000000000001
2018-02-08,1.1200000000000006,1.1240000000000006,1.0760000000000005,1.0920000000000005
2018-02-09,1.0580000000000003,1.0710000000000002,1.0190000000000001,1.0580000000000003
2018-02-12,1.0500000000000005,1.0570000000000004,1.0350000000000004,1.0450000000000004
2018-02-13,1.0540000000000003,1.0730000000000002,1.0520000000000003,1.0610000000000002
2018-02-14,1.0580000000000003,1.0650000000000002,1.0520000000000003,1.0610000000000002
2018-02-22,1.0790000000000002,1.0880000000000003,1.0770000000000002,1.0850000000000002
2018-02-23,1.0820000000000003,1.0940000000000003,1.0800000000000003,1.0930000000000002
2018-02-26,1.0950000000000002,1.1050000000000002,1.0860000000000003,1.0930000000000002
2018-02-27,1.0930000000000002,1.0950000000000002,1.0650000000000002,1.0720000000000003
2018-02-28,1.06,1.063,1.051,1.056
2018-03-01,1.053,1.065,1.05,1.059
2018-03-02,1.055,1.057,1.045,1.05
2018-03-05,1.05,1.058,1.043,1.048
2018-03-06,1.052,1.056,1.039,1.052
2018-03-07,1.0579999999999998,1.0709999999999997,1.0559999999999998,1.0569999999999997
2018-03-08,1.0579999999999998,1.0599999999999998,1.0479999999999998,1.0569999999999997
2018-03-09,1.0579999999999998,1.0629999999999997,1.0539999999999998,1.0589999999999997
2018-03-12,1.0609999999999997,1.0659999999999998,1.0539999999999998,1.0549999999999997
2018-03-13,1.0549999999999997,1.0649999999999997,1.0519999999999998,1.0529999999999997
2018-03-14,1.0519999999999998,1.0529999999999997,1.0399999999999998,1.0449999999999997
2018-03-15,1.0429999999999997,1.0469999999999997,1.0409999999999997,1.0439999999999998
2018-03-16,1.0449999999999997,1.0449999999999997,1.0329999999999997,1.0339999999999998
2018-03-19,1.0329999999999995,1.0369999999999995,1.0279999999999996,1.0369999999999995
2018-03-20,1.0329999999999997,1.0439999999999998,1.0309999999999997,1.0419999999999998
2018-03-21,1.0449999999999997,1.0529999999999997,1.0399999999999998,1.0439999999999998
2018-03-22,1.0429999999999997,1.0469999999999997,1.0319999999999998,1.0369999999999997
2018-03-23,1.0149999999999997,1.0199999999999998,1.0009999999999997,1.0109999999999997
2018-03-26,1.0029999999999997,1.0059999999999998,0.9819999999999998,0.9889999999999998
2018-03-27,0.9979999999999998,1.0019999999999998,0.9809999999999998,0.9859999999999998
2018-03-28,0.9849999999999998,0.9999999999999998,0.9799999999999998,0.9859999999999998
2018-03-29,0.9879999999999998,1.0089999999999997,0.9759999999999998,1.0019999999999998
2018-03-30,1.0009999999999997,1.0029999999999997,0.9919999999999998,0.9939999999999998
2018-04-02,0.9929999999999998,1.0009999999999997,0.9859999999999998,0.9859999999999998
2018-04-03,0.9799999999999996,0.9819999999999997,0.9739999999999996,0.9749999999999996
2018-04-04,0.9779999999999998,0.9849999999999998,0.9749999999999998,0.9759999999999998
2018-04-09,0.9749999999999996,0.9819999999999997,0.9729999999999996,0.9779999999999996
2018-04-10,0.9779999999999998,1.0059999999999998,0.9759999999999998,1.0059999999999998
2018-04-11,1.0049999999999997,1.0259999999999998,1.0039999999999998,1.0169999999999997
2018-04-12,1.0119999999999998,1.0159999999999998,1.0009999999999997,1.0019999999999998
2018-04-13,1.0049999999999997,1.0109999999999997,0.9949999999999998,0.9959999999999998
2018-04-16,0.9909999999999998,0.9959999999999998,0.9659999999999997,0.9669999999999997
2018-04-17,0.9709999999999998,0.9749999999999998,0.9609999999999997,0.9629999999999997
2018-04-18,0.9759999999999999,0.9799999999999999,0.9649999999999999,0.9719999999999999
2018-04-19,0.968,0.983,0.968,0.976
2018-04-20,0.975,0.975,0.961,0.966
2018-04-23,0.966,0.975,0.963,0.971
2018-04-24,0.9740000000000002,0.9960000000000002,0.9730000000000002,0.9890000000000002
2018-04-25,0.9850000000000002,0.9870000000000002,0.9770000000000002,0.9790000000000002
2018-04-26,0.9800000000000002,0.9840000000000002,0.9680000000000002,0.9740000000000002
2018-04-27,0.9730000000000002,0.9780000000000002,0.9650000000000002,0.9770000000000002
2018-05-02,0.9860000000000002,0.9860000000000002,0.9730000000000002,0.9770000000000002
2018-05-03,0.9770000000000002,0.9770000000000002,0.9650000000000002,0.9750000000000002
2018-05-04,0.9720000000000002,0.9730000000000002,0.9650000000000002,0.9660000000000002
2018-05-07,0.9660000000000002,0.9720000000000002,0.9620000000000002,0.9720000000000002
2018-05-08,0.9720000000000002,0.9880000000000002,0.9710000000000002,0.9840000000000002
2018-05-09,0.9830000000000002,0.9850000000000002,0.9780000000000002,0.9850000000000002
2018-05-10,0.9820000000000002,0.9910000000000002,0.9800000000000002,0.9860000000000002
2018-05-11,0.9870000000000004,0.9930000000000004,0.9830000000000004,0.9890000000000004
2018-05-14,0.9910000000000002,1.0040000000000002,0.9910000000000002,0.9970000000000002
2018-05-15,0.9990000000000002,0.9990000000000002,0.9890000000000002,0.9940000000000002
2018-05-16,0.9910000000000002,0.9910000000000002,0.9810000000000002,0.9830000000000002
2018-05-17,0.9810000000000002,0.9840000000000002,0.9760000000000002,0.9790000000000002
2018-05-18,0.9760000000000004,0.9900000000000004,0.9760000000000004,0.9900000000000004
2018-05-21,0.9930000000000002,0.9990000000000002,0.9890000000000002,0.9910000000000002
2018-05-22,0.9910000000000002,0.9910000000000002,0.9800000000000002,0.9850000000000002
2018-05-23,0.9830000000000002,0.9830000000000002,0.9730000000000002,0.9740000000000002
2018-05-24,0.9720000000000002,0.9750000000000002,0.9660000000000002,0.9680000000000002
2018-05-25,0.9700000000000002,0.9710000000000002,0.9630000000000002,0.9660000000000002
2018-05-28,0.967,0.967,0.96,0.964
2018-05-29,0.964,0.964,0.951,0.96
2018-05-30,0.9530000000000002,0.9530000000000002,0.9420000000000002,0.9430000000000002
2018-05-31,0.9470000000000002,0.9540000000000002,0.9430000000000002,0.9510000000000002
2018-06-01,0.9500000000000002,0.9560000000000002,0.9460000000000002,0.9510000000000002
2018-06-04,0.953,0.961,0.951,0.96
2018-06-05,0.9529999999999998,0.9589999999999999,0.9509999999999998,0.9589999999999999
2018-06-06,0.958,0.958,0.948,0.949
2018-06-07,0.9509999999999998,0.9579999999999999,0.9499999999999998,0.9539999999999998
2018-06-08,0.9519999999999997,0.9519999999999997,0.9349999999999998,0.9379999999999997
2018-06-11,0.9369999999999998,0.9369999999999998,0.9289999999999998,0.9359999999999998
2018-06-12,0.9369999999999999,0.9399999999999998,0.9319999999999999,0.9379999999999998
2018-06-13,0.9369999999999999,0.9379999999999998,0.9309999999999999,0.9339999999999999
2018-06-14,0.9309999999999999,0.9389999999999998,0.9299999999999999,0.9339999999999999
2018-06-15,0.9339999999999999,0.9449999999999998,0.9329999999999999,0.9429999999999998
2018-06-19,0.9369999999999999,0.9419999999999998,0.9239999999999999,0.9329999999999999
2018-06-20,0.9259999999999998,0.9299999999999998,0.9209999999999998,0.9269999999999998
2018-06-21,0.9289999999999999,0.9339999999999999,0.9219999999999999,0.9239999999999999
2018-06-22,0.9199999999999999,0.9259999999999999,0.9179999999999999,0.9259999999999999
2018-06-25,0.9299999999999999,0.9309999999999999,0.9069999999999999,0.9069999999999999
2018-06-26,0.9029999999999999,0.9039999999999999,0.8799999999999999,0.8909999999999999
2018-06-27,0.8899999999999999,0.8919999999999999,0.8729999999999999,0.8779999999999999
2018-06-28,0.8749999999999999,0.8819999999999999,0.8669999999999999,0.8719999999999999
2018-06-29,0.8739999999999999,0.8859999999999999,0.8739999999999999,0.8849999999999999
2018-07-02,0.8859999999999999,0.8859999999999999,0.8529999999999999,0.8559999999999999
2018-07-03,0.8559999999999999,0.8619999999999999,0.8459999999999999,0.8599999999999999
2018-07-04,0.8579999999999999,0.8669999999999999,0.8549999999999999,0.8579999999999999
2018-07-05,0.8579999999999999,0.8659999999999999,0.8529999999999999,0.8619999999999999
2018-07-06,0.8609999999999999,0.8749999999999999,0.8519999999999999,0.8699999999999999
2018-07-09,0.869,0.899,0.869,0.898
2018-07-10,0.8990000000000002,0.8990000000000002,0.8880000000000002,0.8960000000000002
2018-07-11,0.888,0.888,0.878,0.884
2018-07-12,0.8819999999999999,0.9059999999999999,0.8819999999999999,0.9019999999999999
2018-07-13,0.9039999999999999,0.9039999999999999,0.8959999999999999,0.8979999999999999
2018-07-16,0.899,0.9,0.884,0.886
2018-07-17,0.885,0.885,0.877,0.881
2018-07-18,0.885,0.892,0.879,0.88
2018-07-19,0.88,0.886,0.877,0.879
2018-07-20,0.879,0.922,0.873,0.918
2018-07-23,0.918,0.94,0.912,0.934
2018-07-24,0.933,0.95,0.933,0.937
2018-07-25,0.939,0.942,0.932,0.937
2018-07-26,0.9370000000000003,0.9460000000000002,0.9310000000000003,0.9330000000000003
2018-07-27,0.9300000000000003,0.9380000000000002,0.9250000000000003,0.9300000000000003
2018-07-30,0.9310000000000003,0.9470000000000002,0.9300000000000003,0.9420000000000002
2018-07-31,0.9400000000000002,0.9490000000000002,0.9320000000000003,0.9440000000000002
2018-08-01,0.944,0.954,0.926,0.926
2018-08-02,0.9200000000000003,0.9290000000000003,0.9030000000000002,0.9100000000000003
2018-08-03,0.9100000000000003,0.9210000000000003,0.9070000000000003,0.9100000000000003
2018-08-06,0.9110000000000003,0.9290000000000003,0.9090000000000003,0.9150000000000003
2018-08-07,0.9160000000000003,0.9340000000000003,0.9130000000000003,0.9340000000000003
2018-08-08,0.9340000000000003,0.9340000000000003,0.9230000000000003,0.9240000000000003
2018-08-09,0.9200000000000005,0.9390000000000004,0.9200000000000005,0.9380000000000004
2018-08-10,0.9360000000000005,0.9380000000000004,0.9260000000000005,0.9330000000000005
2018-08-13,0.9210000000000005,0.9260000000000005,0.9080000000000005,0.9170000000000005
2018-08-14,0.9140000000000005,0.9180000000000005,0.9090000000000005,0.9140000000000005
2018-08-15,0.9130000000000005,0.9130000000000005,0.8980000000000005,0.8980000000000005
2018-08-16,0.8930000000000005,0.9070000000000005,0.8870000000000005,0.9000000000000005
2018-08-17,0.9030000000000002,0.9080000000000003,0.8920000000000002,0.8940000000000002
2018-08-20,0.8970000000000002,0.9080000000000003,0.8960000000000002,0.9070000000000003
2018-08-21,0.9070000000000003,0.9180000000000003,0.9060000000000002,0.9150000000000003
2018-08-22,0.9110000000000003,0.9130000000000003,0.9060000000000002,0.9090000000000003
2018-08-23,0.9110000000000003,0.9160000000000003,0.9050000000000002,0.9130000000000003
2018-08-24,0.9090000000000003,0.9460000000000002,0.9080000000000003,0.9330000000000003
2018-08-27,0.9350000000000003,0.9430000000000002,0.9290000000000003,0.9430000000000002
2018-08-28,0.9400000000000002,0.9480000000000002,0.9380000000000002,0.9400000000000002
2018-08-29,0.9390000000000004,0.9430000000000004,0.9360000000000005,0.9370000000000005
2018-08-30,0.9380000000000004,0.9440000000000004,0.9280000000000005,0.9300000000000005
2018-08-31,0.9300000000000005,0.9420000000000004,0.9280000000000005,0.9340000000000005
2018-09-03,0.9330000000000005,0.9400000000000004,0.9300000000000005,0.9360000000000005
2018-09-04,0.9350000000000007,0.9500000000000006,0.9300000000000007,0.9450000000000006
2018-09-05,0.9420000000000006,0.9420000000000006,0.9240000000000007,0.9250000000000007
2018-09-06,0.9220000000000007,0.9290000000000007,0.9190000000000007,0.9210000000000007
2018-09-07,0.9210000000000007,0.9300000000000007,0.9200000000000007,0.9260000000000007
2018-09-10,0.9240000000000007,0.9270000000000007,0.9180000000000007,0.9200000000000007
2018-09-11,0.9200000000000007,0.9270000000000007,0.9110000000000006,0.9140000000000006
2018-09-12,0.9120000000000006,0.9190000000000007,0.9070000000000006,0.9150000000000006
2018-09-13,0.9220000000000008,0.9260000000000008,0.9160000000000008,0.9240000000000008
2018-09-14,0.9270000000000008,0.9280000000000008,0.9220000000000008,0.9250000000000008
2018-09-17,0.9230000000000007,0.9230000000000007,0.9170000000000007,0.9180000000000007
2018-09-18,0.9180000000000008,0.9340000000000008,0.9160000000000008,0.9320000000000008
2018-09-19,0.9290000000000008,0.9410000000000008,0.9270000000000008,0.9380000000000008
2018-09-20,0.9380000000000006,0.9450000000000006,0.9350000000000007,0.9400000000000006
2018-09-21,0.9400000000000006,0.9780000000000006,0.9370000000000007,0.9780000000000006
2018-09-25,0.9640000000000009,0.9710000000000009,0.9610000000000009,0.9650000000000009
2018-09-26,0.9680000000000009,0.9860000000000009,0.9650000000000009,0.9770000000000009
2018-09-27,0.9710000000000006,0.9790000000000006,0.9670000000000006,0.9740000000000006
2018-09-28,0.9750000000000006,0.9970000000000007,0.9750000000000006,0.9880000000000007
2018-10-08,0.9680000000000006,0.9690000000000006,0.9500000000000006,0.9510000000000006
2018-10-09,0.9510000000000006,0.9590000000000006,0.9460000000000006,0.9520000000000006
2018-10-10,0.9530000000000006,0.9620000000000006,0.9480000000000006,0.9560000000000006
2018-10-11,0.9350000000000007,0.9400000000000006,0.9130000000000006,0.9190000000000007
2018-10-12,0.9210000000000008,0.9430000000000008,0.9190000000000008,0.9390000000000008
2018-10-15,0.9410000000000008,0.9410000000000008,0.9260000000000008,0.9280000000000008
2018-10-16,0.9290000000000008,0.9450000000000008,0.9290000000000008,0.9340000000000008
2018-10-17,0.9410000000000006,0.9450000000000006,0.9250000000000007,0.9400000000000006
2018-10-18,0.9350000000000007,0.9380000000000006,0.9220000000000007,0.9220000000000007
2018-10-19,0.9180000000000007,0.9540000000000006,0.9160000000000006,0.9520000000000006
2018-10-22,0.9600000000000009,0.9890000000000009,0.9590000000000009,0.9780000000000009
2018-10-23,0.9770000000000009,0.9770000000000009,0.9530000000000008,0.9560000000000008
2018-10-24,0.9560000000000008,0.9970000000000009,0.9560000000000008,0.9750000000000009
2018-10-25,0.9550000000000006,0.9850000000000007,0.9540000000000006,0.9840000000000007
2018-10-26,0.9820000000000007,0.9870000000000007,0.9720000000000006,0.9820000000000007
2018-10-29,0.9850000000000007,0.9920000000000007,0.9550000000000006,0.9640000000000006
2018-10-30,0.9640000000000006,0.9850000000000007,0.9640000000000006,0.9770000000000006
2018-10-31,0.9800000000000004,0.9840000000000004,0.9720000000000004,0.9790000000000004
2018-11-01,0.9830000000000004,1.0100000000000005,0.9700000000000004,0.9740000000000004
2018-11-02,0.9880000000000004,0.9970000000000004,0.9750000000000004,0.9950000000000004
2018-11-05,0.9860000000000004,0.9880000000000004,0.9760000000000004,0.9810000000000004
2018-11-06,0.9800000000000004,0.9810000000000004,0.9710000000000004,0.9760000000000004
2018-11-07,0.9760000000000004,0.9850000000000004,0.9700000000000004,0.9710000000000004
2018-11-08,0.9770000000000004,0.9850000000000004,0.9740000000000004,0.9790000000000004
2018-11-09,0.9700000000000006,0.9700000000000006,0.9460000000000006,0.9490000000000006
2018-11-12,0.9460000000000004,0.9520000000000004,0.9460000000000004,0.9520000000000004
2018-11-13,0.9430000000000004,0.9610000000000004,0.9400000000000004,0.9560000000000004
2018-11-14,0.9540000000000006,0.9540000000000006,0.9410000000000006,0.9430000000000006
2018-11-15,0.9430000000000006,0.9530000000000006,0.9430000000000006,0.9520000000000006
2018-11-16,0.9510000000000006,0.9590000000000006,0.9470000000000006,0.9520000000000006
2018-11-19,0.9520000000000006,0.9670000000000006,0.9510000000000006,0.9670000000000006
2018-11-20,0.9590000000000006,0.9630000000000006,0.9490000000000006,0.9510000000000006
2018-11-21,0.9470000000000006,0.9520000000000006,0.9450000000000006,0.9500000000000006
2018-11-22,0.9510000000000006,0.9540000000000006,0.9440000000000006,0.9480000000000006
2018-11-23,0.9460000000000006,0.9500000000000006,0.9360000000000007,0.9370000000000007
2018-11-26,0.9380000000000006,0.9450000000000006,0.9370000000000007,0.9400000000000006
2018-11-27,0.9420000000000006,0.9430000000000006,0.9330000000000007,0.9360000000000007
2018-11-28,0.9360000000000007,0.9440000000000006,0.9360000000000007,0.9420000000000006
2018-11-29,0.9450000000000006,0.9460000000000006,0.9380000000000006,0.9390000000000006
2018-11-30,0.9380000000000006,0.9460000000000006,0.9380000000000006,0.9440000000000006
2018-12-03,0.9610000000000006,0.9650000000000006,0.9530000000000006,0.9610000000000006
2018-12-04,0.9610000000000006,0.9650000000000006,0.9580000000000006,0.9640000000000006
2018-12-05,0.9550000000000008,0.9620000000000009,0.9550000000000008,0.9580000000000009
2018-12-06,0.9560000000000008,0.9560000000000008,0.9440000000000008,0.9480000000000008
2018-12-07,0.9470000000000006,0.9510000000000006,0.9440000000000006,0.9450000000000006
2018-12-10,0.9390000000000006,0.9420000000000006,0.9340000000000007,0.9380000000000006
2018-12-11,0.9380000000000006,0.9400000000000006,0.9350000000000007,0.9370000000000007
2018-12-12,0.9410000000000008,0.9430000000000008,0.9350000000000008,0.9380000000000008
2018-12-13,0.9380000000000008,0.9500000000000008,0.9360000000000008,0.9460000000000008
2018-12-14,0.9420000000000008,0.9430000000000008,0.9330000000000008,0.9350000000000008
2018-12-17,0.9330000000000008,0.9380000000000008,0.9320000000000008,0.9340000000000008
2018-12-18,0.9300000000000008,0.9370000000000008,0.9250000000000008,0.9260000000000008
2018-12-19,0.9270000000000008,0.9310000000000008,0.9160000000000008,0.9180000000000008
2018-12-20,0.9160000000000008,0.9180000000000008,0.8930000000000008,0.9020000000000008
2018-12-21,0.8990000000000008,0.8990000000000008,0.8840000000000008,0.8900000000000008
2018-12-24,0.8860000000000008,0.8910000000000008,0.8820000000000008,0.8900000000000008
2018-12-25,0.8840000000000008,0.8910000000000008,0.8730000000000008,0.8860000000000008
2018-12-26,0.8850000000000008,0.8880000000000008,0.8810000000000008,0.8840000000000008
2018-12-27,0.8910000000000008,0.8940000000000008,0.8840000000000008,0.8880000000000008
2018-12-28,0.8880000000000008,0.8990000000000008,0.8880000000000008,0.8930000000000008
2019-01-02,0.8930000000000008,0.8950000000000008,0.8740000000000008,0.8790000000000008
2019-01-03,0.875000000000001,0.888000000000001,0.875000000000001,0.885000000000001
2019-01-04,0.8780000000000008,0.9050000000000008,0.8770000000000008,0.9050000000000008
2019-01-07,0.9070000000000008,0.9090000000000008,0.8990000000000008,0.9020000000000008
2019-01-08,0.9020000000000008,0.9020000000000008,0.8960000000000008,0.8970000000000008
2019-01-09,0.9000000000000008,0.9150000000000008,0.9000000000000008,0.9060000000000008
2019-01-10,0.9060000000000008,0.9080000000000008,0.9000000000000008,0.9030000000000008
2019-01-11,0.9020000000000008,0.9140000000000008,0.9020000000000008,0.9120000000000008
2019-01-14,0.9110000000000008,0.9120000000000008,0.9040000000000008,0.9050000000000008
2019-01-15,0.9050000000000008,0.9150000000000008,0.9050000000000008,0.9150000000000008
2019-01-16,0.9140000000000008,0.9160000000000008,0.9120000000000008,0.9160000000000008
2019-01-17,0.9170000000000007,0.9210000000000007,0.9100000000000006,0.9130000000000006
2019-01-18,0.9140000000000008,0.9300000000000008,0.9140000000000008,0.9280000000000008
2019-01-21,0.9270000000000008,0.9340000000000008,0.9270000000000008,0.9300000000000008
2019-01-22,0.9290000000000008,0.9320000000000008,0.9190000000000008,0.9210000000000008
2019-01-23,0.9200000000000008,0.9300000000000008,0.9200000000000008,0.9250000000000008
2019-01-24,0.9260000000000008,0.9340000000000008,0.9250000000000008,0.9320000000000008
2019-01-25,0.9350000000000008,0.9520000000000008,0.9340000000000008,0.9470000000000008
2019-01-28,0.9520000000000008,0.9580000000000009,0.9440000000000008,0.9470000000000008
2019-01-29,0.9440000000000008,0.9570000000000008,0.9430000000000008,0.9540000000000008
2019-01-30,0.9510000000000008,0.9570000000000008,0.9470000000000008,0.9500000000000008
2019-01-31,0.9520000000000008,0.9690000000000009,0.9520000000000008,0.9670000000000009
2019-02-01,0.9690000000000006,0.9710000000000006,0.9590000000000006,0.9690000000000006
2019-02-11,0.9650000000000006,0.9700000000000006,0.9600000000000006,0.9690000000000006
2019-02-12,0.9690000000000006,0.9700000000000006,0.9620000000000006,0.9690000000000006
2019-02-13,0.9680000000000006,0.9860000000000007,0.9640000000000006,0.9830000000000007
2019-02-14,0.9780000000000006,0.9810000000000006,0.9730000000000006,0.9760000000000006
2019-02-15,0.9730000000000006,0.9740000000000006,0.9560000000000006,0.9580000000000006
2019-02-18,0.9620000000000009,0.9780000000000009,0.9620000000000009,0.9770000000000009
2019-02-19,0.9780000000000009,0.9900000000000009,0.9720000000000009,0.9750000000000009
2019-02-20,0.9780000000000006,0.9820000000000007,0.9720000000000006,0.9790000000000006
2019-02-21,0.9770000000000006,0.9850000000000007,0.9700000000000006,0.9720000000000006
2019-02-22,0.9700000000000006,0.9870000000000007,0.9630000000000006,0.9850000000000007
2019-02-25,0.9950000000000007,1.0570000000000006,0.9890000000000007,1.0490000000000006
2019-02-26,1.048000000000001,1.0550000000000008,1.0250000000000008,1.0270000000000008
2019-02-27,1.0280000000000007,1.0640000000000007,1.0250000000000006,1.0420000000000007
2019-02-28,1.0390000000000006,1.0510000000000006,1.0330000000000006,1.0360000000000007
2019-03-01,1.0420000000000007,1.0710000000000006,1.0300000000000007,1.0700000000000007
2019-03-04,1.0760000000000007,1.1060000000000008,1.0710000000000006,1.0760000000000007
2019-03-05,1.0700000000000007,1.0790000000000006,1.0670000000000006,1.0730000000000006
2019-03-06,1.0720000000000007,1.0840000000000007,1.0620000000000007,1.0790000000000006
2019-03-07,1.0760000000000007,1.0760000000000007,1.0570000000000006,1.0610000000000006
2019-03-08,1.0400000000000005,1.0460000000000005,1.0170000000000003,1.0200000000000005
2019-03-11,1.0180000000000007,1.0270000000000006,1.0110000000000006,1.0250000000000006
2019-03-12,1.0310000000000004,1.0420000000000005,1.0230000000000004,1.0280000000000005
2019-03-13,1.0260000000000005,1.0380000000000005,1.0170000000000003,1.0280000000000005
2019-03-14,1.0260000000000007,1.0400000000000007,1.0240000000000007,1.0270000000000006
2019-03-15,1.0300000000000005,1.0420000000000005,1.0270000000000004,1.0330000000000004
2019-03-18,1.0320000000000005,1.0520000000000005,1.0280000000000005,1.0510000000000004
2019-03-19,1.0520000000000005,1.0540000000000005,1.0400000000000005,1.0430000000000004
2019-03-20,1.0400000000000005,1.0510000000000004,1.0380000000000005,1.0440000000000005
2019-03-21,1.0450000000000002,1.0450000000000002,1.0380000000000003,1.0400000000000003
2019-03-22,1.0390000000000004,1.0400000000000005,1.0260000000000005,1.0350000000000004
2019-03-25,1.0210000000000001,1.0280000000000002,1.0090000000000001,1.0110000000000001
2019-03-26,1.0140000000000005,1.0160000000000005,1.0030000000000003,1.0060000000000004
2019-03-27,1.0100000000000005,1.0210000000000004,1.0070000000000003,1.0150000000000003
2019-03-28,1.0130000000000003,1.0140000000000005,1.0030000000000003,1.0080000000000005
2019-03-29,1.0100000000000002,1.0400000000000003,1.0080000000000002,1.0390000000000001
2019-04-01,1.0430000000000001,1.0650000000000002,1.0430000000000001,1.0570000000000002
2019-04-02,1.0620000000000003,1.0670000000000002,1.0560000000000003,1.0590000000000002
2019-04-03,1.0480000000000003,1.0700000000000003,1.0450000000000002,1.0690000000000002
2019-04-04,1.07,1.09,1.069,1.086
2019-04-08,1.1000000000000003,1.1180000000000003,1.0840000000000003,1.0920000000000003
2019-04-09,1.0900000000000003,1.0940000000000003,1.0780000000000003,1.0830000000000002
2019-04-10,1.079,1.084,1.066,1.078
2019-04-11,1.078,1.088,1.066,1.068
2019-04-12,1.067,1.073,1.065,1.072
2019-04-15,1.1,1.106,1.074,1.076
2019-04-16,1.0680000000000003,1.1200000000000003,1.0680000000000003,1.1180000000000003
2019-04-17,1.1160000000000003,1.1270000000000002,1.1070000000000002,1.1120000000000003
2019-04-18,1.1120000000000003,1.1120000000000003,1.0990000000000002,1.1030000000000002
2019-04-19,1.105,1.119,1.1,1.113
2019-04-22,1.1140000000000003,1.1150000000000002,1.0790000000000002,1.0820000000000003
2019-04-23,1.0790000000000002,1.0910000000000002,1.0740000000000003,1.0830000000000002
2019-04-24,1.086,1.092,1.07,1.087
2019-04-25,1.0820000000000003,1.0860000000000003,1.0720000000000003,1.0740000000000003
2019-04-26,1.07,1.073,1.056,1.058
2019-04-29,1.061,1.083,1.06,1.074
2019-04-30,1.072,1.081,1.064,1.079
2019-05-06,1.052,1.058,1.03,1.048
2019-05-07,1.055,1.056,1.038,1.047
2019-05-08,1.034,1.042,1.029,1.031
2019-05-09,1.028,1.03,1.006,1.009
2019-05-10,1.019,1.037,1.01,1.031
2019-05-13,1.02,1.023,1.015,1.016
2019-05-14,1.01,1.022,1.008,1.013
2019-05-15,1.0169999999999997,1.0339999999999998,1.0169999999999997,1.0299999999999998
2019-05-16,1.0249999999999997,1.0309999999999997,1.0249999999999997,1.0299999999999998
2019-05-17,1.03,1.031,1.014,1.017
2019-05-20,1.013,1.024,1.012,1.018
2019-05-21,1.018,1.033,1.016,1.026
2019-05-22,1.027,1.027,1.019,1.022
2019-05-23,1.022,1.023,1.01,1.016
2019-05-24,1.017,1.027,1.017,1.023
2019-05-27,1.0210000000000001,1.0270000000000001,1.0070000000000001,1.0260000000000002
2019-05-28,1.0210000000000001,1.0320000000000003,1.0200000000000002,1.0260000000000002
2019-05-29,1.0240000000000002,1.0310000000000001,1.0190000000000001,1.0230000000000001
2019-05-30,1.0210000000000001,1.0230000000000001,1.0140000000000002,1.0220000000000002
2019-05-31,1.0200000000000002,1.0270000000000001,1.0170000000000001,1.0190000000000001
2019-06-03,1.0180000000000005,1.0270000000000004,1.0140000000000005,1.0210000000000004
2019-06-04,1.0200000000000005,1.0230000000000004,1.0160000000000005,1.0210000000000004
2019-06-05,1.0250000000000006,1.0320000000000007,1.0240000000000007,1.0270000000000006
2019-06-06,1.0250000000000006,1.0290000000000006,1.0210000000000006,1.0250000000000006
2019-06-10,1.0270000000000004,1.0440000000000005,1.0270000000000004,1.0400000000000005
2019-06-11,1.0460000000000007,1.0530000000000006,1.0390000000000006,1.0530000000000006
2019-06-12,1.0500000000000007,1.0530000000000006,1.0440000000000007,1.0500000000000007
2019-06-13,1.0490000000000004,1.0520000000000005,1.0410000000000004,1.0470000000000004
2019-06-14,1.0470000000000006,1.0520000000000007,1.0430000000000006,1.0440000000000007
2019-06-17,1.0450000000000006,1.0570000000000006,1.0440000000000007,1.0510000000000006
2019-06-18,1.0530000000000006,1.0560000000000007,1.0480000000000007,1.0550000000000006
2019-06-19,1.0700000000000005,1.0760000000000005,1.0660000000000005,1.0690000000000004
2019-06-20,1.0700000000000005,1.1020000000000005,1.0680000000000005,1.0960000000000005
2019-06-21,1.0970000000000004,1.0970000000000004,1.0840000000000005,1.0890000000000004
2019-06-24,1.0860000000000005,1.0880000000000005,1.0810000000000004,1.0860000000000005
2019-06-25,1.0850000000000004,1.0850000000000004,1.0520000000000005,1.0640000000000005
2019-06-26,1.0580000000000003,1.0650000000000002,1.0560000000000003,1.0600000000000003
2019-06-27,1.0610000000000002,1.0740000000000003,1.0610000000000002,1.0720000000000003
2019-06-28,1.0700000000000003,1.0700000000000003,1.0600000000000003,1.0670000000000002
2019-07-01,1.0820000000000005,1.0850000000000004,1.0770000000000004,1.0820000000000005
2019-07-02,1.0790000000000002,1.0830000000000002,1.0740000000000003,1.0780000000000003
2019-07-03,1.0780000000000003,1.0780000000000003,1.0720000000000003,1.0770000000000002
2019-07-04,1.0780000000000003,1.0830000000000002,1.0740000000000003,1.0770000000000002
2019-07-05,1.0770000000000002,1.0780000000000003,1.0710000000000002,1.0780000000000003
2019-07-08,1.075,1.076,1.053,1.057
2019-07-09,1.0560000000000003,1.0590000000000002,1.0500000000000003,1.0520000000000003
2019-07-10,1.0540000000000003,1.0570000000000002,1.0450000000000002,1.0490000000000002
2019-07-11,1.0500000000000005,1.0580000000000005,1.0490000000000004,1.0530000000000004
2019-07-12,1.0540000000000005,1.0710000000000004,1.0530000000000004,1.0670000000000004
2019-07-15,1.0630000000000004,1.0710000000000004,1.0510000000000004,1.0680000000000005
2019-07-16,1.0660000000000005,1.0670000000000004,1.0620000000000005,1.0620000000000005
2019-07-17,1.0610000000000004,1.0640000000000005,1.0580000000000005,1.0590000000000004
2019-07-18,1.0570000000000006,1.0610000000000006,1.0560000000000007,1.0600000000000007
2019-07-19,1.0610000000000008,1.0750000000000008,1.060000000000001,1.074000000000001
2019-07-22,1.072000000000001,1.0770000000000008,1.064000000000001,1.0710000000000008
2019-07-23,1.0710000000000008,1.0730000000000008,1.0670000000000008,1.0710000000000008
2019-07-24,1.0730000000000008,1.0850000000000009,1.0730000000000008,1.0770000000000008
2019-07-25,1.078000000000001,1.0950000000000009,1.0770000000000008,1.094000000000001
2019-07-26,1.0900000000000012,1.0960000000000012,1.0880000000000012,1.0920000000000012
2019-07-29,1.091000000000001,1.093000000000001,1.087000000000001,1.093000000000001
2019-07-30,1.0920000000000012,1.1040000000000014,1.0900000000000012,1.0980000000000012
2019-07-31,1.0940000000000016,1.0940000000000016,1.0860000000000016,1.0870000000000015
2019-08-01,1.0840000000000016,1.0870000000000015,1.0740000000000014,1.0810000000000013
2019-08-02,1.0680000000000012,1.071000000000001,1.063000000000001,1.0680000000000012
2019-08-05,1.067000000000001,1.067000000000001,1.0460000000000012,1.047000000000001
2019-08-06,1.035000000000001,1.041000000000001,1.029000000000001,1.037000000000001
2019-08-07,1.0390000000000013,1.0400000000000014,1.0320000000000014,1.0350000000000013
2019-08-08,1.039000000000001,1.0540000000000012,1.039000000000001,1.0520000000000012
2019-08-09,1.0520000000000012,1.057000000000001,1.0460000000000012,1.0500000000000012
2019-08-12,1.0490000000000013,1.0640000000000014,1.0480000000000014,1.0640000000000014
2019-08-13,1.059000000000001,1.059000000000001,1.0480000000000012,1.0500000000000012
2019-08-14,1.0580000000000012,1.0600000000000012,1.0460000000000012,1.0480000000000012
2019-08-15,1.0360000000000011,1.047000000000001,1.031000000000001,1.047000000000001
2019-08-16,1.0460000000000014,1.0490000000000013,1.0400000000000014,1.0450000000000013
2019-08-19,1.0450000000000013,1.0500000000000014,1.0290000000000012,1.0500000000000014
2019-08-20,1.0460000000000014,1.0530000000000013,1.0410000000000013,1.0480000000000014
2019-08-21,1.0450000000000015,1.0470000000000015,1.0410000000000015,1.0440000000000016
2019-08-22,1.0460000000000016,1.0470000000000015,1.0380000000000016,1.0410000000000015
2019-08-23,1.0410000000000015,1.0550000000000015,1.0400000000000016,1.0520000000000016
2019-08-26,1.0410000000000015,1.0430000000000015,1.0330000000000015,1.0340000000000016
2019-08-27,1.0390000000000015,1.0490000000000015,1.0390000000000015,1.0450000000000015
2019-08-28,1.0410000000000015,1.0420000000000016,1.0300000000000016,1.0320000000000016
2019-08-29,1.0320000000000016,1.0330000000000015,1.0220000000000016,1.0260000000000016
2019-08-30,1.0310000000000015,1.0330000000000015,1.0240000000000016,1.0270000000000015
2019-09-02,1.0270000000000015,1.0360000000000016,1.0260000000000016,1.0340000000000016
2019-09-03,1.0330000000000015,1.0360000000000016,1.0300000000000016,1.0350000000000015
2019-09-04,1.0330000000000013,1.0480000000000014,1.0320000000000014,1.0470000000000013
2019-09-05,1.0510000000000013,1.0710000000000013,1.0510000000000013,1.0600000000000014
2019-09-06,1.0640000000000014,1.0690000000000013,1.0610000000000013,1.0690000000000013
2019-09-09,1.0800000000000014,1.0800000000000014,1.0630000000000013,1.0660000000000014
2019-09-10,1.0660000000000016,1.0660000000000016,1.0560000000000016,1.0630000000000015
2019-09-11,1.0670000000000013,1.0700000000000014,1.0600000000000014,1.0680000000000014
2019-09-12,1.0700000000000014,1.0730000000000013,1.0650000000000013,1.0720000000000014
2019-09-16,1.0720000000000014,1.0740000000000014,1.0640000000000014,1.0680000000000014
2019-09-17,1.0650000000000013,1.0650000000000013,1.0500000000000014,1.0530000000000013
2019-09-18,1.0550000000000013,1.0580000000000014,1.0530000000000013,1.0570000000000013
2019-09-19,1.0560000000000016,1.0570000000000015,1.0510000000000015,1.0550000000000015
2019-09-20,1.0550000000000015,1.0610000000000015,1.0550000000000015,1.0600000000000016
2019-09-23,1.0610000000000015,1.0610000000000015,1.0460000000000016,1.0500000000000016
2019-09-24,1.0500000000000016,1.0540000000000016,1.0480000000000016,1.0500000000000016
2019-09-25,1.0470000000000015,1.0590000000000015,1.0440000000000016,1.0540000000000016
2019-09-26,1.0540000000000014,1.0770000000000013,1.0540000000000014,1.0680000000000014
2019-09-27,1.0680000000000014,1.0730000000000013,1.0600000000000014,1.0690000000000013
2019-09-30,1.0680000000000014,1.0730000000000013,1.0570000000000013,1.0590000000000013
2019-10-08,1.0570000000000013,1.0780000000000014,1.0560000000000014,1.0730000000000013
2019-10-09,1.065000000000001,1.095000000000001,1.065000000000001,1.085000000000001
2019-10-10,1.0830000000000013,1.0880000000000016,1.0800000000000014,1.0840000000000016
2019-10-11,1.0900000000000012,1.1080000000000014,1.085000000000001,1.1070000000000013
2019-10-14,1.1160000000000014,1.1470000000000014,1.1130000000000013,1.1270000000000013
2019-10-15,1.1270000000000013,1.1320000000000012,1.1200000000000014,1.1310000000000013
2019-10-16,1.1350000000000011,1.148000000000001,1.118000000000001,1.1250000000000009
2019-10-17,1.1230000000000013,1.1300000000000012,1.1180000000000014,1.1220000000000014
2019-10-18,1.1250000000000013,1.1340000000000012,1.1030000000000013,1.1070000000000013
2019-10-21,1.102000000000001,1.1230000000000009,1.100000000000001,1.120000000000001
2019-10-22,1.120000000000001,1.122000000000001,1.1030000000000009,1.116000000000001
2019-10-23,1.1130000000000009,1.122000000000001,1.1110000000000009,1.114000000000001
2019-10-24,1.1140000000000014,1.1350000000000013,1.1140000000000014,1.1270000000000013
2019-10-25,1.1250000000000013,1.1270000000000013,1.1120000000000014,1.1240000000000014
2019-10-28,1.1230000000000016,1.1290000000000016,1.1150000000000015,1.1200000000000017
2019-10-29,1.1200000000000014,1.1200000000000014,1.1100000000000014,1.1130000000000013
2019-10-30,1.1100000000000017,1.1210000000000016,1.1080000000000017,1.1110000000000015
2019-10-31,1.1110000000000015,1.1130000000000015,1.1020000000000016,1.1050000000000015
2019-11-01,1.1050000000000018,1.1300000000000017,1.1010000000000018,1.1280000000000017
2019-11-04,1.1300000000000017,1.1420000000000017,1.1290000000000018,1.1330000000000018
2019-11-05,1.132000000000002,1.159000000000002,1.131000000000002,1.145000000000002
2019-11-06,1.1450000000000018,1.1580000000000017,1.1420000000000017,1.1510000000000018
2019-11-07,1.149000000000002,1.155000000000002,1.144000000000002,1.149000000000002
2019-11-08,1.157000000000002,1.157000000000002,1.133000000000002,1.134000000000002
2019-11-11,1.132000000000002,1.132000000000002,1.114000000000002,1.116000000000002
2019-11-12,1.116000000000002,1.122000000000002,1.113000000000002,1.120000000000002
2019-11-13,1.1170000000000018,1.1180000000000019,1.1100000000000019,1.1150000000000018
2019-11-14,1.1140000000000019,1.1170000000000018,1.1050000000000018,1.1100000000000019
2019-11-15,1.1100000000000019,1.1160000000000019,1.1060000000000019,1.1090000000000018
2019-11-18,1.1060000000000019,1.1240000000000019,1.1050000000000018,1.1200000000000019
2019-11-19,1.1190000000000018,1.1250000000000018,1.1160000000000019,1.1220000000000019
2019-11-20,1.1220000000000017,1.1220000000000017,1.1000000000000016,1.1040000000000016
2019-11-21,1.1000000000000016,1.1030000000000015,1.0940000000000016,1.0980000000000016
2019-11-22,1.1000000000000016,1.1060000000000016,1.0930000000000015,1.0940000000000016
2019-11-25,1.0950000000000017,1.1090000000000018,1.0950000000000017,1.1080000000000019
2019-11-26,1.1080000000000019,1.1110000000000018,1.1010000000000018,1.1060000000000019
2019-11-27,1.1030000000000018,1.1070000000000018,1.0980000000000019,1.1000000000000019
2019-11-28,1.0990000000000018,1.1020000000000019,1.0950000000000017,1.0970000000000018
2019-11-29,1.0950000000000017,1.1000000000000019,1.0890000000000017,1.0900000000000019
2019-12-02,1.0940000000000019,1.0960000000000019,1.0900000000000019,1.0910000000000017
2019-12-03,1.0890000000000015,1.0950000000000015,1.0850000000000015,1.0950000000000015
2019-12-04,1.0930000000000015,1.0930000000000015,1.0870000000000015,1.0890000000000015
2019-12-05,1.0920000000000016,1.0980000000000016,1.0900000000000016,1.0970000000000015
2019-12-06,1.0990000000000015,1.1000000000000016,1.0920000000000016,1.0950000000000015
2019-12-09,1.0970000000000015,1.0980000000000016,1.0900000000000016,1.0950000000000015
2019-12-10,1.0920000000000019,1.0950000000000017,1.0900000000000019,1.0920000000000019
2019-12-11,1.093000000000002,1.104000000000002,1.091000000000002,1.103000000000002
2019-12-12,1.103000000000002,1.103000000000002,1.097000000000002,1.099000000000002
2019-12-13,1.106000000000002,1.121000000000002,1.105000000000002,1.119000000000002
2019-12-16,1.118000000000002,1.120000000000002,1.112000000000002,1.119000000000002
2019-12-17,1.118000000000002,1.142000000000002,1.114000000000002,1.131000000000002
2019-12-18,1.129000000000002,1.142000000000002,1.128000000000002,1.134000000000002
2019-12-19,1.136000000000002,1.142000000000002,1.132000000000002,1.136000000000002
2019-12-20,1.136000000000002,1.145000000000002,1.133000000000002,1.136000000000002
2019-12-23,1.135000000000002,1.140000000000002,1.121000000000002,1.123000000000002
2019-12-24,1.1240000000000023,1.1330000000000022,1.1240000000000023,1.1300000000000021
2019-12-25,1.1290000000000022,1.1300000000000021,1.1220000000000023,1.1280000000000021
2019-12-26,1.126000000000002,1.1350000000000022,1.1250000000000022,1.1350000000000022
2019-12-27,1.1330000000000022,1.1450000000000022,1.1300000000000021,1.1350000000000022
2019-12-30,1.1280000000000021,1.1350000000000022,1.1160000000000023,1.1340000000000021
2019-12-31,1.131000000000002,1.133000000000002,1.127000000000002,1.132000000000002
2020-01-02,1.1420000000000021,1.1600000000000021,1.1420000000000021,1.1520000000000021
2020-01-03,1.1510000000000022,1.1560000000000021,1.1500000000000021,1.1530000000000022
2020-01-06,1.1480000000000024,1.1590000000000027,1.1420000000000023,1.1490000000000025
2020-01-07,1.1480000000000024,1.1590000000000027,1.1470000000000025,1.1530000000000027
2020-01-08,1.1500000000000024,1.1510000000000027,1.1310000000000024,1.1320000000000023
2020-01-09,1.141000000000003,1.1440000000000028,1.1320000000000026,1.1380000000000028
2020-01-10,1.139000000000003,1.141000000000003,1.1340000000000026,1.1380000000000028
2020-01-13,1.1360000000000023,1.1430000000000025,1.1310000000000024,1.1430000000000025
2020-01-14,1.145000000000003,1.151000000000003,1.1380000000000028,1.139000000000003
2020-01-15,1.139000000000003,1.139000000000003,1.1250000000000027,1.1260000000000026
2020-01-16,1.1280000000000026,1.1300000000000026,1.1180000000000028,1.1190000000000027
2020-01-17,1.1190000000000027,1.1250000000000027,1.1160000000000028,1.1180000000000028
2020-01-20,1.120000000000003,1.127000000000003,1.1170000000000029,1.127000000000003
2020-01-21,1.122000000000003,1.124000000000003,1.1090000000000029,1.110000000000003
2020-01-22,1.108000000000003,1.1110000000000029,1.0950000000000029,1.1090000000000029
2020-01-23,1.1000000000000028,1.1030000000000026,1.0760000000000027,1.0850000000000026
2020-02-03,1.0000000000000024,1.0300000000000025,0.9920000000000024,1.0010000000000023
2020-02-04,1.0070000000000026,1.0320000000000027,1.0070000000000026,1.0300000000000027
2020-02-05,1.0330000000000026,1.0390000000000026,1.0200000000000027,1.0310000000000026
2020-02-06,1.0320000000000027,1.0410000000000026,1.0250000000000026,1.0370000000000026
2020-02-07,1.0310000000000026,1.0350000000000026,1.0230000000000026,1.0330000000000026
2020-02-10,1.0270000000000026,1.0320000000000027,1.0240000000000027,1.0310000000000026
2020-02-11,1.0330000000000026,1.042000000000003,1.0310000000000026,1.0410000000000026
2020-02-12,1.0370000000000026,1.044000000000003,1.0350000000000026,1.0430000000000028
2020-02-13,1.0400000000000031,1.0420000000000031,1.034000000000003,1.0350000000000028
2020-02-14,1.0340000000000027,1.044000000000003,1.0320000000000027,1.044000000000003
2020-02-17,1.044000000000003,1.066000000000003,1.0400000000000027,1.064000000000003
2020-02-18,1.062000000000003,1.062000000000003,1.050000000000003,1.054000000000003
2020-02-19,1.0510000000000028,1.058000000000003,1.0470000000000028,1.0510000000000028
2020-02-20,1.052000000000003,1.0670000000000028,1.046000000000003,1.066000000000003
2020-02-21,1.063000000000003,1.069000000000003,1.057000000000003,1.063000000000003
2020-02-24,1.061000000000003,1.061000000000003,1.049000000000003,1.0500000000000032
2020-02-25,1.0370000000000028,1.043000000000003,1.0310000000000028,1.0400000000000031
2020-02-26,1.0300000000000031,1.0510000000000033,1.0280000000000031,1.0450000000000033
2020-02-27,1.0410000000000033,1.0480000000000034,1.0410000000000033,1.0480000000000034
2020-02-28,1.0350000000000035,1.0410000000000035,1.0200000000000033,1.0220000000000034
2020-03-02,1.023000000000003,1.0420000000000034,1.023000000000003,1.0380000000000034
2020-03-03,1.0450000000000033,1.0480000000000034,1.0380000000000034,1.0400000000000034
2020-03-04,1.0360000000000034,1.0440000000000034,1.0340000000000031,1.0440000000000034
2020-03-05,1.0480000000000034,1.0720000000000034,1.0450000000000033,1.0710000000000033
2020-03-06,1.0600000000000034,1.0630000000000033,1.0530000000000033,1.0550000000000033
2020-03-09,1.0360000000000034,1.0390000000000033,1.0240000000000031,1.025000000000003
2020-03-10,1.0250000000000026,1.042000000000003,1.0230000000000026,1.0400000000000027
2020-03-11,1.0400000000000031,1.0420000000000031,1.028000000000003,1.0290000000000028
2020-03-12,1.0270000000000028,1.0310000000000028,1.0210000000000028,1.024000000000003
2020-03-13,0.9960000000000027,1.0200000000000027,0.9890000000000027,1.0190000000000026
2020-03-16,1.0110000000000026,1.0150000000000026,0.9800000000000026,0.9820000000000026
2020-03-17,0.9860000000000027,0.9960000000000027,0.9690000000000025,0.9800000000000026
2020-03-18,0.9820000000000026,0.9880000000000027,0.9570000000000025,0.9580000000000025
2020-03-19,0.9540000000000023,0.9570000000000023,0.9230000000000023,0.9350000000000024
2020-03-20,0.9410000000000025,0.9590000000000025,0.9370000000000025,0.9540000000000025
2020-03-23,0.9300000000000025,0.9410000000000025,0.9280000000000025,0.9300000000000025
2020-03-24,0.9490000000000025,0.9560000000000025,0.9420000000000025,0.9550000000000025
2020-03-25,0.9700000000000025,0.9760000000000025,0.9640000000000025,0.9720000000000025
2020-03-26,0.9670000000000025,0.9900000000000027,0.9630000000000025,0.9780000000000025
2020-03-27,0.9840000000000029,0.9900000000000029,0.9780000000000028,0.9800000000000028
2020-03-30,0.9710000000000027,0.9790000000000028,0.9670000000000027,0.9750000000000028
2020-03-31,0.9800000000000028,0.9830000000000029,0.9650000000000027,0.9670000000000027
2020-04-01,0.9680000000000027,0.9770000000000028,0.9640000000000027,0.9650000000000027
2020-04-02,0.961000000000003,0.973000000000003,0.961000000000003,0.972000000000003
2020-04-03,0.9690000000000027,0.9700000000000027,0.9620000000000027,0.9660000000000027
2020-04-07,0.977000000000003,0.980000000000003,0.974000000000003,0.977000000000003
2020-04-08,0.974000000000003,0.974000000000003,0.970000000000003,0.971000000000003
2020-04-09,0.974000000000003,0.975000000000003,0.970000000000003,0.971000000000003
2020-04-10,0.9710000000000027,0.9750000000000028,0.9670000000000027,0.9690000000000027
2020-04-13,0.968000000000003,0.968000000000003,0.962000000000003,0.963000000000003
2020-04-14,0.965000000000003,0.975000000000003,0.964000000000003,0.974000000000003
2020-04-15,0.9720000000000028,0.9740000000000028,0.9680000000000027,0.9690000000000027
2020-04-16,0.9660000000000027,0.9690000000000027,0.9630000000000027,0.9660000000000027
2020-04-17,0.9690000000000027,0.9790000000000028,0.9680000000000027,0.9740000000000028
2020-04-20,0.9740000000000028,0.9750000000000028,0.9690000000000027,0.9730000000000028
2020-04-21,0.9700000000000027,0.9750000000000028,0.9660000000000027,0.9700000000000027
2020-04-22,0.9660000000000027,0.9690000000000027,0.9630000000000027,0.9690000000000027
2020-04-23,0.9670000000000027,0.9690000000000027,0.9630000000000027,0.9650000000000027
2020-04-24,0.963000000000003,0.964000000000003,0.958000000000003,0.960000000000003
2020-04-27,0.963000000000003,0.9830000000000031,0.962000000000003,0.977000000000003
2020-04-28,0.978000000000003,0.982000000000003,0.968000000000003,0.981000000000003
2020-04-29,0.982000000000003,1.003000000000003,0.979000000000003,1.002000000000003
2020-04-30,1.0040000000000031,1.0180000000000031,1.0040000000000031,1.0080000000000031
2020-05-06,0.9990000000000031,1.000000000000003,0.9880000000000031,0.9990000000000031
2020-05-07,0.9970000000000031,0.9980000000000031,0.9900000000000031,0.9920000000000031
2020-05-08,0.9960000000000031,1.0040000000000031,0.9940000000000031,1.001000000000003
2020-05-11,1.003000000000003,1.009000000000003,1.000000000000003,1.002000000000003
2020-05-12,1.0010000000000032,1.0030000000000032,0.9920000000000033,0.9950000000000033
2020-05-13,0.9930000000000033,0.9930000000000033,0.9860000000000033,0.9920000000000033
2020-05-14,0.9880000000000033,0.9880000000000033,0.9810000000000032,0.9840000000000033
2020-05-15,0.9860000000000033,0.9870000000000033,0.9800000000000032,0.9820000000000032
2020-05-18,0.981000000000003,0.9870000000000031,0.978000000000003,0.9840000000000031
2020-05-19,0.9900000000000033,0.9950000000000033,0.9870000000000033,0.9890000000000033
2020-05-20,0.9880000000000033,0.9970000000000033,0.9840000000000033,0.9930000000000033
2020-05-21,0.9960000000000035,0.9970000000000036,0.9890000000000035,0.9900000000000035
2020-05-22,0.9890000000000033,0.9890000000000033,0.9730000000000032,0.9740000000000032
2020-05-25,0.9740000000000034,0.9760000000000034,0.9680000000000034,0.9710000000000034
2020-05-26,0.9720000000000032,0.9760000000000032,0.9720000000000032,0.9760000000000032
2020-05-27,0.9750000000000032,0.9860000000000033,0.9730000000000032,0.9790000000000032
2020-05-28,0.9810000000000032,0.9990000000000033,0.9800000000000032,0.9940000000000033
2020-05-29,0.9890000000000033,0.9920000000000033,0.9860000000000033,0.9890000000000033
2020-06-01,0.9910000000000033,1.0030000000000032,0.9900000000000033,1.0010000000000032
2020-06-02,1.0010000000000034,1.0090000000000034,0.9990000000000036,1.0070000000000034
2020-06-03,1.0100000000000033,1.0240000000000034,1.0080000000000033,1.0090000000000032
2020-06-04,1.0120000000000036,1.0140000000000036,1.0040000000000036,1.0070000000000034
2020-06-05,1.0060000000000036,1.0080000000000036,1.0010000000000034,1.0080000000000036
2020-06-08,1.0100000000000036,1.0150000000000035,1.0060000000000036,1.0080000000000036
2020-06-09,1.0070000000000034,1.0110000000000035,1.0040000000000036,1.0090000000000034
2020-06-10,1.0090000000000034,1.0100000000000036,1.0020000000000036,1.0040000000000036
2020-06-11,1.0010000000000034,1.0020000000000036,0.9890000000000035,0.9910000000000035
2020-06-12,0.9820000000000034,0.9910000000000035,0.9810000000000034,0.9900000000000035
2020-06-15,0.9870000000000035,0.9880000000000035,0.9800000000000034,0.9800000000000034
2020-06-16,0.9850000000000035,0.9880000000000035,0.9840000000000034,0.9870000000000035
2020-06-17,0.9860000000000035,0.9880000000000035,0.9820000000000034,0.9880000000000035
2020-06-18,0.9850000000000035,0.9850000000000035,0.9730000000000034,0.9820000000000034
2020-06-19,0.9810000000000034,0.9910000000000035,0.9800000000000034,0.9870000000000035
2020-06-22,0.9840000000000034,0.9910000000000035,0.9820000000000034,0.9840000000000034
2020-06-23,0.9820000000000034,0.9830000000000034,0.9760000000000034,0.9800000000000034
2020-06-24,0.9800000000000036,0.9920000000000038,0.9790000000000036,0.9910000000000038
2020-06-29,1.0000000000000038,1.0030000000000037,0.9840000000000036,0.9870000000000038
2020-06-30,0.9880000000000038,0.9930000000000038,0.9840000000000036,0.9900000000000038
2020-07-01,0.9900000000000038,1.0080000000000038,0.9880000000000038,1.0060000000000038
2020-07-02,1.0030000000000037,1.031000000000004,1.0010000000000037,1.030000000000004
2020-07-03,1.0360000000000038,1.0610000000000037,1.0350000000000037,1.0570000000000037
2020-07-06,1.0740000000000038,1.1630000000000043,1.0740000000000038,1.1630000000000043
2020-07-07,1.2190000000000047,1.2200000000000046,1.1410000000000042,1.1460000000000041
2020-07-08,1.132000000000004,1.1670000000000043,1.131000000000004,1.1570000000000042
2020-07-09,1.150000000000004,1.150000000000004,1.1280000000000039,1.143000000000004
2020-07-10,1.132000000000004,1.135000000000004,1.094000000000004,1.101000000000004
2020-07-13,1.0880000000000039,1.112000000000004,1.0830000000000037,1.101000000000004
2020-07-14,1.099000000000004,1.101000000000004,1.0760000000000038,1.0850000000000037
2020-07-15,1.0910000000000037,1.0930000000000037,1.0610000000000037,1.0660000000000038
2020-07-16,1.068000000000004,1.084000000000004,1.062000000000004,1.063000000000004
2020-07-17,1.068000000000004,1.072000000000004,1.055000000000004,1.063000000000004
2020-07-20,1.069000000000004,1.0930000000000042,1.061000000000004,1.0910000000000042
2020-07-21,1.0910000000000044,1.0910000000000044,1.0770000000000042,1.0810000000000042
2020-07-22,1.0820000000000043,1.0940000000000045,1.0740000000000043,1.0800000000000043
2020-07-23,1.0710000000000042,1.0760000000000043,1.0520000000000043,1.0640000000000043
2020-07-24,1.056000000000004,1.061000000000004,1.031000000000004,1.039000000000004
2020-07-27,1.039000000000004,1.042000000000004,1.0230000000000037,1.030000000000004
2020-07-28,1.035000000000004,1.037000000000004,1.0280000000000038,1.033000000000004
2020-07-29,1.030000000000004,1.048000000000004,1.0260000000000038,1.047000000000004
2020-07-30,1.0450000000000041,1.0460000000000043,1.0350000000000041,1.0350000000000041
2020-07-31,1.035000000000004,1.047000000000004,1.031000000000004,1.038000000000004
2020-08-03,1.0450000000000041,1.0470000000000041,1.0390000000000041,1.0460000000000043
2020-08-04,1.0480000000000043,1.0770000000000042,1.0430000000000041,1.0700000000000043
2020-08-05,1.0620000000000043,1.0630000000000042,1.0510000000000042,1.0590000000000042
2020-08-06,1.0600000000000043,1.0680000000000043,1.0520000000000043,1.0660000000000043
2020-08-07,1.0600000000000045,1.0660000000000045,1.0500000000000045,1.0540000000000045
2020-08-10,1.0520000000000045,1.0700000000000045,1.0480000000000045,1.0660000000000045
2020-08-11,1.0650000000000044,1.0900000000000047,1.0640000000000045,1.0680000000000045
2020-08-12,1.0710000000000044,1.0820000000000047,1.0630000000000044,1.0760000000000045
2020-08-13,1.0780000000000045,1.0790000000000046,1.0680000000000045,1.0700000000000045
2020-08-14,1.0680000000000043,1.0880000000000045,1.0680000000000043,1.0870000000000044
2020-08-17,1.0900000000000047,1.1280000000000046,1.0890000000000046,1.1170000000000047
2020-08-18,1.1150000000000047,1.1160000000000048,1.1000000000000048,1.1070000000000046
2020-08-19,1.1040000000000048,1.1090000000000046,1.0950000000000046,1.0970000000000046
2020-08-20,1.0920000000000047,1.0930000000000046,1.0760000000000045,1.0770000000000044
2020-08-21,1.0830000000000048,1.086000000000005,1.0770000000000048,1.084000000000005
2020-08-24,1.0830000000000046,1.0860000000000047,1.0750000000000044,1.0780000000000045
2020-08-25,1.0790000000000046,1.0860000000000047,1.0750000000000044,1.0780000000000045
2020-08-26,1.078000000000005,1.0790000000000048,1.0660000000000047,1.0690000000000046
2020-08-27,1.0690000000000046,1.0710000000000046,1.0610000000000046,1.0690000000000046
2020-08-28,1.0680000000000047,1.092000000000005,1.0640000000000047,1.0910000000000049
2020-08-31,1.094000000000005,1.1050000000000049,1.082000000000005,1.084000000000005
2020-09-01,1.0790000000000048,1.0850000000000048,1.0770000000000048,1.0830000000000048
2020-09-02,1.0830000000000048,1.0830000000000048,1.0690000000000046,1.0750000000000046
2020-09-03,1.0750000000000046,1.0790000000000048,1.0680000000000047,1.0700000000000047
2020-09-04,1.0620000000000045,1.0700000000000045,1.0600000000000045,1.0660000000000045
2020-09-07,1.0660000000000045,1.0750000000000044,1.0600000000000045,1.0610000000000044
2020-09-08,1.0640000000000045,1.0790000000000046,1.0640000000000045,1.0780000000000045
2020-09-09,1.0720000000000045,1.0830000000000046,1.0680000000000045,1.0720000000000045
2020-09-10,1.0770000000000042,1.0790000000000042,1.0670000000000042,1.0690000000000042
2020-09-11,1.0670000000000042,1.0700000000000043,1.0550000000000042,1.0620000000000043
2020-09-14,1.0640000000000043,1.0660000000000043,1.0590000000000042,1.0650000000000042
2020-09-15,1.063000000000004,1.073000000000004,1.061000000000004,1.070000000000004
2020-09-16,1.068000000000004,1.076000000000004,1.064000000000004,1.072000000000004
2020-09-17,1.072000000000004,1.078000000000004,1.068000000000004,1.068000000000004
2020-09-18,1.067000000000004,1.0910000000000042,1.067000000000004,1.0900000000000043
2020-09-21,1.0910000000000042,1.0940000000000043,1.081000000000004,1.084000000000004
2020-09-22,1.080000000000004,1.087000000000004,1.070000000000004,1.072000000000004
2020-09-23,1.072000000000004,1.074000000000004,1.066000000000004,1.068000000000004
2020-09-24,1.062000000000004,1.065000000000004,1.050000000000004,1.052000000000004
2020-09-25,1.0530000000000042,1.0560000000000043,1.0500000000000043,1.0540000000000043
2020-09-28,1.054000000000004,1.058000000000004,1.051000000000004,1.056000000000004
2020-09-29,1.0590000000000042,1.0590000000000042,1.0450000000000041,1.0460000000000043
2020-09-30,1.0470000000000041,1.0520000000000043,1.0370000000000041,1.0410000000000041
2020-10-09,1.0470000000000044,1.0520000000000045,1.0450000000000044,1.0460000000000045
2020-10-12,1.0480000000000047,1.0750000000000046,1.0470000000000046,1.0730000000000046
2020-10-13,1.0670000000000046,1.0750000000000046,1.0650000000000046,1.0720000000000047
2020-10-14,1.0750000000000046,1.0770000000000048,1.0670000000000046,1.0710000000000046
2020-10-15,1.0720000000000045,1.0960000000000047,1.0710000000000044,1.0870000000000046
2020-10-16,1.0850000000000046,1.1170000000000047,1.0840000000000047,1.1060000000000048
2020-10-19,1.1130000000000047,1.1420000000000048,1.1070000000000046,1.1080000000000048
2020-10-20,1.1070000000000044,1.1110000000000044,1.0980000000000045,1.1050000000000044
2020-10-21,1.1050000000000044,1.1250000000000044,1.1000000000000045,1.1230000000000044
2020-10-22,1.1250000000000047,1.139000000000005,1.1120000000000048,1.1210000000000047
2020-10-23,1.1190000000000047,1.1420000000000048,1.1150000000000047,1.1290000000000047
2020-10-26,1.1280000000000043,1.1320000000000043,1.1020000000000045,1.1080000000000045
2020-10-27,1.1030000000000044,1.1100000000000045,1.1000000000000045,1.1030000000000044
2020-10-28,1.1030000000000046,1.1070000000000046,1.0870000000000046,1.0920000000000047
2020-10-29,1.082000000000005,1.1010000000000049,1.080000000000005,1.0930000000000049
2020-10-30,1.0910000000000046,1.1070000000000046,1.0800000000000047,1.0810000000000046
2020-11-02,1.0820000000000047,1.0910000000000046,1.0740000000000045,1.0820000000000047
2020-11-03,1.0890000000000044,1.1060000000000045,1.0890000000000044,1.0960000000000045
2020-11-04,1.1060000000000045,1.1130000000000044,1.1000000000000045,1.1090000000000044
2020-11-05,1.1190000000000044,1.1210000000000044,1.1010000000000044,1.1060000000000045
2020-11-06,1.1050000000000044,1.1060000000000045,1.0950000000000044,1.1010000000000044
2020-11-09,1.1020000000000043,1.1160000000000043,1.1020000000000043,1.1140000000000043
2020-11-10,1.1220000000000043,1.1320000000000041,1.1140000000000043,1.1200000000000043
2020-11-11,1.118000000000004,1.132000000000004,1.115000000000004,1.125000000000004
2020-11-12,1.123000000000004,1.124000000000004,1.112000000000004,1.114000000000004
2020-11-13,1.109000000000004,1.109000000000004,1.0850000000000037,1.097000000000004
2020-11-16,1.095000000000004,1.101000000000004,1.0930000000000037,1.099000000000004
2020-11-17,1.099000000000004,1.116000000000004,1.097000000000004,1.114000000000004
2020-11-18,1.1080000000000043,1.1420000000000041,1.1080000000000043,1.1360000000000041
2020-11-19,1.1330000000000042,1.1490000000000045,1.1290000000000042,1.1440000000000041
2020-11-20,1.1360000000000041,1.1410000000000042,1.1320000000000041,1.1400000000000041
2020-11-23,1.140000000000004,1.1640000000000041,1.137000000000004,1.1620000000000041
2020-11-24,1.1580000000000041,1.1650000000000043,1.153000000000004,1.156000000000004
2020-11-25,1.1610000000000045,1.1720000000000044,1.1440000000000041,1.1460000000000041
2020-11-26,1.144000000000004,1.1650000000000043,1.144000000000004,1.1630000000000043
2020-11-27,1.1620000000000041,1.1950000000000043,1.1620000000000041,1.1940000000000042
2020-11-30,1.212000000000004,1.2370000000000043,1.178000000000004,1.179000000000004
2020-12-01,1.1750000000000043,1.2170000000000043,1.1730000000000043,1.2110000000000043
2020-12-02,1.2090000000000043,1.2180000000000042,1.1920000000000042,1.2050000000000043
2020-12-03,1.2020000000000042,1.2100000000000042,1.1880000000000042,1.2020000000000042
2020-12-04,1.1960000000000042,1.1980000000000042,1.1760000000000042,1.1900000000000042
2020-12-07,1.1910000000000043,1.1910000000000043,1.1570000000000042,1.1620000000000041
2020-12-08,1.1600000000000041,1.1690000000000043,1.152000000000004,1.156000000000004
2020-12-09,1.1580000000000041,1.1700000000000041,1.151000000000004,1.154000000000004
2020-12-10,1.1500000000000044,1.1570000000000045,1.1390000000000042,1.1470000000000042
2020-12-11,1.1480000000000044,1.1500000000000044,1.1300000000000041,1.1380000000000041
2020-12-14,1.1410000000000042,1.1510000000000045,1.1380000000000041,1.1450000000000042
2020-12-15,1.1430000000000042,1.1440000000000041,1.1220000000000043,1.1350000000000042
2020-12-16,1.1360000000000041,1.1460000000000041,1.1330000000000042,1.1370000000000042
2020-12-17,1.1370000000000042,1.1470000000000042,1.1250000000000042,1.1460000000000041
2020-12-18,1.1420000000000046,1.1450000000000047,1.1250000000000044,1.1280000000000043
2020-12-21,1.1270000000000044,1.1320000000000043,1.1180000000000045,1.1270000000000044
2020-12-22,1.1250000000000044,1.1290000000000044,1.1010000000000044,1.1050000000000044
2020-12-23,1.1040000000000045,1.1120000000000045,1.1010000000000044,1.1090000000000044
2020-12-24,1.1120000000000045,1.1250000000000044,1.1110000000000044,1.1160000000000045
2020-12-25,1.1140000000000045,1.1180000000000045,1.1040000000000045,1.1170000000000044
2020-12-28,1.1130000000000047,1.1280000000000046,1.1080000000000048,1.1270000000000047
2020-12-29,1.1270000000000047,1.133000000000005,1.1240000000000048,1.1290000000000047
2020-12-30,1.1260000000000046,1.133000000000005,1.1200000000000048,1.1320000000000048
2020-12-31,1.1310000000000044,1.1510000000000047,1.1300000000000043,1.1450000000000047
2021-01-04,1.1370000000000045,1.1370000000000045,1.1110000000000044,1.1230000000000044
2021-01-05,1.1160000000000045,1.1160000000000045,1.0950000000000044,1.1080000000000045
2021-01-06,1.1050000000000044,1.1330000000000044,1.1010000000000044,1.1320000000000043
2021-01-07,1.1340000000000041,1.1460000000000041,1.128000000000004,1.1430000000000042
2021-01-08,1.1450000000000042,1.1570000000000045,1.1370000000000042,1.1460000000000041
2021-01-11,1.1490000000000045,1.1700000000000044,1.1490000000000045,1.1600000000000044
2021-01-12,1.1600000000000046,1.1780000000000046,1.1530000000000047,1.1770000000000047
2021-01-13,1.1780000000000046,1.1790000000000047,1.1660000000000046,1.1750000000000047
2021-01-14,1.1720000000000044,1.1920000000000044,1.1680000000000044,1.1720000000000044
2021-01-15,1.197000000000005,1.2360000000000049,1.197000000000005,1.2060000000000048
2021-01-18,1.2070000000000047,1.2410000000000048,1.2060000000000046,1.2300000000000046
2021-01-19,1.2300000000000049,1.2480000000000049,1.217000000000005,1.2320000000000049
2021-01-20,1.2300000000000049,1.245000000000005,1.215000000000005,1.2200000000000049
2021-01-21,1.2220000000000049,1.235000000000005,1.2180000000000049,1.227000000000005
2021-01-22,1.2240000000000049,1.2240000000000049,1.1940000000000046,1.203000000000005
2021-01-25,1.196000000000005,1.210000000000005,1.181000000000005,1.2070000000000052
2021-01-26,1.2000000000000048,1.221000000000005,1.197000000000005,1.199000000000005
2021-01-27,1.196000000000005,1.230000000000005,1.196000000000005,1.218000000000005
2021-01-28,1.2070000000000052,1.2090000000000052,1.196000000000005,1.2050000000000052
2021-01-29,1.2210000000000052,1.224000000000005,1.200000000000005,1.212000000000005
2021-02-01,1.2050000000000052,1.2430000000000054,1.1950000000000052,1.2420000000000053
2021-02-02,1.228000000000005,1.2420000000000053,1.2190000000000052,1.2230000000000052
2021-02-03,1.220000000000005,1.2550000000000052,1.2130000000000052,1.2420000000000053
2021-02-04,1.234000000000005,1.2670000000000052,1.2310000000000052,1.2460000000000053
2021-02-05,1.2510000000000052,1.2900000000000056,1.2470000000000054,1.2860000000000054
2021-02-08,1.2840000000000054,1.2960000000000056,1.2610000000000052,1.2900000000000056
2021-02-09,1.2870000000000053,1.2940000000000056,1.2710000000000052,1.2930000000000055
2021-02-10,1.2970000000000057,1.3130000000000057,1.2660000000000056,1.2800000000000058
2021-02-18,1.2930000000000057,1.3190000000000057,1.2890000000000057,1.3050000000000057
2021-02-19,1.2990000000000057,1.3160000000000058,1.2900000000000058,1.2950000000000057
2021-02-22,1.2950000000000057,1.2950000000000057,1.2700000000000056,1.2740000000000056
2021-02-23,1.2710000000000055,1.3110000000000057,1.2710000000000055,1.2850000000000057
2021-02-24,1.2850000000000057,1.2880000000000058,1.2550000000000054,1.2650000000000055
2021-02-25,1.2730000000000052,1.2950000000000055,1.2660000000000053,1.2850000000000052
2021-02-26,1.2690000000000052,1.2830000000000052,1.236000000000005,1.2400000000000053
2021-03-01,1.2450000000000054,1.2490000000000054,1.2330000000000052,1.2410000000000054
2021-03-02,1.2450000000000054,1.2520000000000053,1.2190000000000052,1.2310000000000052
2021-03-03,1.2300000000000055,1.2890000000000057,1.2300000000000055,1.2880000000000058
2021-03-04,1.2800000000000058,1.2970000000000057,1.2680000000000056,1.2790000000000057
2021-03-05,1.2650000000000055,1.2880000000000058,1.2440000000000055,1.2670000000000055
2021-03-08,1.2680000000000053,1.2830000000000052,1.2450000000000054,1.2460000000000053
2021-03-09,1.2480000000000055,1.2610000000000054,1.2160000000000053,1.2220000000000053
2021-03-10,1.2260000000000055,1.2290000000000056,1.2120000000000053,1.2190000000000054
2021-03-11,1.2300000000000055,1.2650000000000055,1.2300000000000055,1.2540000000000056
2021-03-12,1.2530000000000052,1.2720000000000053,1.2530000000000052,1.2670000000000052
2021-03-15,1.2650000000000052,1.2980000000000056,1.2640000000000053,1.2780000000000054
2021-03-16,1.2800000000000051,1.305000000000005,1.279000000000005,1.293000000000005
2021-03-17,1.2840000000000051,1.2880000000000051,1.267000000000005,1.2720000000000051
2021-03-18,1.270000000000005,1.2810000000000048,1.2670000000000048,1.2770000000000048
2021-03-19,1.2760000000000051,1.281000000000005,1.235000000000005,1.2400000000000049
2021-03-22,1.2380000000000047,1.2730000000000048,1.2380000000000047,1.2640000000000047
2021-03-23,1.2640000000000051,1.273000000000005,1.2500000000000049,1.257000000000005
2021-03-24,1.2530000000000046,1.2590000000000046,1.2350000000000048,1.2380000000000047
2021-03-25,1.2380000000000047,1.2490000000000048,1.2280000000000046,1.2300000000000046
2021-03-26,1.235000000000005,1.2440000000000049,1.231000000000005,1.243000000000005
2021-03-29,1.243000000000005,1.2500000000000049,1.235000000000005,1.2500000000000049
2021-03-30,1.2490000000000048,1.2570000000000046,1.2400000000000047,1.2570000000000046
2021-03-31,1.2540000000000047,1.266000000000005,1.2430000000000048,1.2610000000000046
2021-04-01,1.2600000000000047,1.2620000000000047,1.2510000000000046,1.2580000000000047
2021-04-02,1.2580000000000051,1.2580000000000051,1.239000000000005,1.2440000000000049
2021-04-06,1.243000000000005,1.251000000000005,1.241000000000005,1.245000000000005
2021-04-07,1.2450000000000054,1.2480000000000053,1.2350000000000052,1.2420000000000053
2021-04-08,1.239000000000005,1.241000000000005,1.235000000000005,1.2380000000000049
2021-04-09,1.237000000000005,1.239000000000005,1.229000000000005,1.2300000000000049
2021-04-12,1.229000000000005,1.2340000000000049,1.2220000000000049,1.2280000000000049
2021-04-13,1.2270000000000052,1.2380000000000053,1.2190000000000052,1.224000000000005
2021-04-14,1.2230000000000052,1.2250000000000052,1.206000000000005,1.210000000000005
2021-04-15,1.208000000000005,1.2090000000000052,1.186000000000005,1.1970000000000052
2021-04-16,1.1960000000000048,1.2020000000000048,1.1890000000000047,1.201000000000005
2021-04-19,1.1980000000000048,1.2220000000000049,1.1910000000000047,1.219000000000005
2021-04-20,1.214000000000005,1.2290000000000052,1.212000000000005,1.2210000000000052
2021-04-21,1.2230000000000052,1.2470000000000054,1.2230000000000052,1.2420000000000053
2021-04-22,1.2420000000000053,1.2450000000000054,1.226000000000005,1.2330000000000052
2021-04-23,1.2300000000000049,1.243000000000005,1.227000000000005,1.2360000000000049
2021-04-26,1.2470000000000054,1.2510000000000052,1.220000000000005,1.224000000000005
2021-04-27,1.222000000000005,1.2290000000000052,1.2190000000000052,1.226000000000005
2021-04-28,1.226000000000005,1.2290000000000052,1.216000000000005,1.224000000000005
2021-04-29,1.225000000000005,1.2480000000000049,1.2240000000000049,1.247000000000005
2021-04-30,1.2450000000000054,1.2460000000000053,1.218000000000005,1.226000000000005
2021-05-06,1.230000000000005,1.2470000000000054,1.226000000000005,1.2390000000000054
2021-05-07,1.2400000000000049,1.2640000000000051,1.237000000000005,1.255000000000005
2021-05-10,1.255000000000005,1.255000000000005,1.2320000000000049,1.245000000000005
2021-05-11,1.2400000000000049,1.2500000000000049,1.237000000000005,1.249000000000005
2021-05-12,1.243000000000005,1.265000000000005,1.243000000000005,1.254000000000005
2021-05-13,1.249000000000005,1.259000000000005,1.243000000000005,1.2460000000000049
2021-05-14,1.2480000000000047,1.268000000000005,1.2400000000000047,1.2650000000000048
2021-05-17,1.2630000000000046,1.2790000000000048,1.2590000000000046,1.268000000000005
2021-05-18,1.2670000000000048,1.2690000000000048,1.2590000000000046,1.2640000000000047
2021-05-19,1.261000000000005,1.263000000000005,1.2420000000000049,1.2480000000000049
2021-05-20,1.2450000000000048,1.2590000000000046,1.2370000000000048,1.2580000000000047
2021-05-21,1.257000000000005,1.2620000000000051,1.2400000000000049,1.2440000000000049
2021-05-24,1.241000000000005,1.251000000000005,1.2400000000000049,1.243000000000005
2021-05-25,1.2440000000000047,1.2910000000000048,1.2410000000000048,1.286000000000005
2021-05-26,1.287000000000005,1.305000000000005,1.2860000000000051,1.2980000000000051
2021-05-27,1.295000000000005,1.299000000000005,1.279000000000005,1.2920000000000051
2021-05-28,1.290000000000005,1.300000000000005,1.284000000000005,1.294000000000005
2021-05-31,1.288000000000005,1.2890000000000048,1.2750000000000048,1.2850000000000048
2021-06-01,1.2800000000000045,1.2800000000000045,1.2680000000000045,1.2740000000000045
2021-06-02,1.2750000000000044,1.2760000000000045,1.2620000000000045,1.2750000000000044
2021-06-03,1.272000000000005,1.2850000000000048,1.2670000000000048,1.2690000000000048
2021-06-04,1.2690000000000043,1.2960000000000047,1.2660000000000045,1.2840000000000047
2021-06-07,1.2840000000000047,1.2850000000000046,1.2680000000000045,1.2760000000000045
2021-06-08,1.2730000000000048,1.282000000000005,1.2640000000000047,1.2730000000000048
2021-06-09,1.2690000000000048,1.2770000000000048,1.2670000000000048,1.2690000000000048
2021-06-10,1.270000000000005,1.282000000000005,1.2670000000000048,1.268000000000005
2021-06-11,1.2700000000000051,1.2720000000000051,1.2440000000000049,1.249000000000005
2021-06-15,1.2440000000000047,1.2480000000000047,1.2300000000000046,1.2370000000000048
2021-06-16,1.2360000000000047,1.2500000000000047,1.2330000000000048,1.2420000000000047
2021-06-17,1.2420000000000044,1.2500000000000044,1.2350000000000045,1.2380000000000044
2021-06-18,1.2330000000000045,1.2390000000000045,1.2220000000000044,1.2270000000000045
2021-06-21,1.2270000000000045,1.2280000000000044,1.2090000000000043,1.2130000000000043
2021-06-22,1.2150000000000043,1.2300000000000044,1.2150000000000043,1.2280000000000044
2021-06-23,1.2260000000000046,1.2310000000000048,1.2220000000000046,1.2260000000000046
2021-06-24,1.2270000000000048,1.2390000000000048,1.2210000000000047,1.2310000000000048
2021-06-25,1.2310000000000048,1.2500000000000047,1.2300000000000046,1.2470000000000048
2021-06-28,1.2460000000000047,1.2470000000000048,1.2210000000000047,1.2260000000000046
2021-06-29,1.2220000000000044,1.2290000000000045,1.2160000000000042,1.2190000000000045
2021-06-30,1.2220000000000044,1.2330000000000045,1.2200000000000044,1.2300000000000044
2021-07-01,1.2330000000000045,1.2490000000000046,1.2280000000000044,1.2480000000000044
2021-07-02,1.2400000000000044,1.2400000000000044,1.2180000000000042,1.2250000000000045
2021-07-05,1.2230000000000045,1.2250000000000045,1.2050000000000043,1.2220000000000044
2021-07-06,1.220000000000004,1.2380000000000042,1.218000000000004,1.2360000000000042
2021-07-07,1.2330000000000045,1.2490000000000046,1.2270000000000045,1.2340000000000044
2021-07-08,1.2410000000000045,1.2480000000000044,1.1970000000000043,1.2010000000000043
2021-07-09,1.1980000000000042,1.2060000000000042,1.1880000000000042,1.1910000000000043
2021-07-12,1.1980000000000042,1.2040000000000042,1.1810000000000043,1.1850000000000043
2021-07-13,1.1860000000000042,1.1960000000000042,1.1760000000000042,1.1930000000000043
2021-07-14,1.189000000000004,1.189000000000004,1.1650000000000038,1.170000000000004
2021-07-15,1.1690000000000043,1.2020000000000042,1.1680000000000041,1.2000000000000042
2021-07-16,1.1950000000000043,1.2050000000000043,1.1910000000000043,1.1970000000000043
2021-07-19,1.1950000000000043,1.1980000000000042,1.1780000000000042,1.1970000000000043
2021-07-20,1.188000000000004,1.194000000000004,1.177000000000004,1.180000000000004
2021-07-21,1.184000000000004,1.186000000000004,1.170000000000004,1.176000000000004
2021-07-22,1.174000000000004,1.193000000000004,1.173000000000004,1.183000000000004
2021-07-23,1.1800000000000042,1.1830000000000043,1.1710000000000043,1.1780000000000042
2021-07-26,1.1710000000000043,1.1740000000000042,1.136000000000004,1.139000000000004
2021-07-27,1.1400000000000037,1.1430000000000038,1.1080000000000039,1.1130000000000038
2021-07-28,1.1120000000000039,1.1290000000000038,1.1110000000000038,1.1240000000000039
2021-07-29,1.1280000000000037,1.1300000000000037,1.1130000000000038,1.1150000000000038
2021-07-30,1.112000000000004,1.112000000000004,1.0930000000000037,1.102000000000004
2021-08-02,1.0980000000000036,1.1220000000000039,1.0840000000000036,1.1160000000000039
2021-08-03,1.1100000000000039,1.1130000000000038,1.1020000000000039,1.1100000000000039
2021-08-04,1.1100000000000039,1.1120000000000039,1.0990000000000035,1.1010000000000038
2021-08-05,1.0990000000000035,1.1070000000000038,1.0940000000000036,1.0980000000000036
2021-08-06,1.0940000000000036,1.1040000000000039,1.0880000000000036,1.1010000000000038
2021-08-09,1.1000000000000039,1.1390000000000038,1.0980000000000036,1.1310000000000038
2021-08-10,1.1280000000000037,1.1580000000000037,1.1210000000000038,1.1510000000000038
2021-08-11,1.1500000000000037,1.175000000000004,1.1490000000000038,1.1620000000000037
2021-08-12,1.1590000000000038,1.1650000000000038,1.1530000000000038,1.1550000000000038
2021-08-13,1.1550000000000038,1.1580000000000037,1.1480000000000037,1.1580000000000037
2021-08-16,1.169000000000004,1.170000000000004,1.1480000000000037,1.1560000000000037
2021-08-17,1.1540000000000035,1.1650000000000036,1.1180000000000037,1.1440000000000035
2021-08-18,1.1430000000000036,1.1900000000000037,1.1430000000000036,1.1820000000000037
2021-08-19,1.180000000000004,1.180000000000004,1.1560000000000037,1.1590000000000038
2021-08-20,1.1570000000000036,1.1670000000000036,1.1350000000000036,1.1510000000000036
2021-08-23,1.1490000000000036,1.1610000000000036,1.1490000000000036,1.1530000000000036
2021-08-24,1.1520000000000035,1.1640000000000035,1.1460000000000035,1.1590000000000036
2021-08-25,1.1590000000000036,1.1590000000000036,1.1430000000000036,1.1460000000000035
2021-08-26,1.1460000000000035,1.1460000000000035,1.1220000000000037,1.1300000000000034
2021-08-27,1.1290000000000038,1.1400000000000037,1.1280000000000037,1.1310000000000038
2021-08-30,1.1310000000000036,1.1320000000000034,1.1070000000000033,1.1130000000000035
2021-08-31,1.1140000000000039,1.1320000000000037,1.1120000000000039,1.1310000000000038
2021-09-01,1.1280000000000037,1.1590000000000038,1.1230000000000038,1.1560000000000037
2021-09-02,1.1550000000000038,1.168000000000004,1.1520000000000037,1.1640000000000037
2021-09-03,1.168000000000004,1.178000000000004,1.1500000000000037,1.1650000000000038
2021-09-06,1.1620000000000037,1.176000000000004,1.1590000000000038,1.169000000000004
2021-09-07,1.167000000000004,1.191000000000004,1.1590000000000038,1.186000000000004
2021-09-08,1.185000000000004,1.198000000000004,1.181000000000004,1.184000000000004
2021-09-09,1.180000000000004,1.187000000000004,1.171000000000004,1.183000000000004
2021-09-10,1.182000000000004,1.218000000000004,1.180000000000004,1.206000000000004
2021-09-13,1.2010000000000043,1.2090000000000043,1.1960000000000042,1.2070000000000043
2021-09-14,1.207000000000004,1.212000000000004,1.170000000000004,1.173000000000004
2021-09-15,1.168000000000004,1.176000000000004,1.1590000000000038,1.1640000000000037
2021-09-16,1.1630000000000038,1.169000000000004,1.1500000000000037,1.1530000000000038
2021-09-17,1.152000000000004,1.1580000000000041,1.148000000000004,1.156000000000004
2021-09-22,1.1300000000000037,1.1350000000000038,1.1180000000000039,1.1320000000000037
2021-09-23,1.1370000000000038,1.1470000000000038,1.1270000000000038,1.1330000000000038
2021-09-24,1.1310000000000038,1.1340000000000037,1.1200000000000039,1.1230000000000038
2021-09-27,1.1210000000000038,1.1270000000000038,1.1130000000000038,1.1220000000000039
2021-09-28,1.1210000000000038,1.1460000000000037,1.1200000000000039,1.1430000000000038
2021-09-29,1.1350000000000038,1.1580000000000037,1.1300000000000037,1.1510000000000038
2021-09-30,1.149000000000004,1.149000000000004,1.134000000000004,1.140000000000004
2021-10-08,1.144000000000004,1.1590000000000042,1.141000000000004,1.156000000000004
2021-10-11,1.1610000000000038,1.192000000000004,1.1610000000000038,1.182000000000004
2021-10-12,1.179000000000004,1.194000000000004,1.174000000000004,1.184000000000004
2021-10-13,1.183000000000004,1.186000000000004,1.168000000000004,1.181000000000004
2021-10-14,1.178000000000004,1.187000000000004,1.1650000000000038,1.168000000000004
2021-10-15,1.168000000000004,1.183000000000004,1.168000000000004,1.179000000000004
2021-10-18,1.177000000000004,1.179000000000004,1.167000000000004,1.170000000000004
2021-10-19,1.1710000000000043,1.1840000000000042,1.1690000000000043,1.1780000000000042
2021-10-20,1.180000000000004,1.187000000000004,1.169000000000004,1.171000000000004
2021-10-21,1.1770000000000043,1.1980000000000042,1.1770000000000043,1.1940000000000042
2021-10-22,1.1970000000000045,1.2080000000000046,1.1890000000000045,1.1970000000000045
2021-10-25,1.1820000000000044,1.1980000000000044,1.1810000000000045,1.1950000000000045
2021-10-26,1.1940000000000044,1.2050000000000045,1.1900000000000044,1.1950000000000045
2021-10-27,1.1910000000000045,1.1930000000000045,1.1750000000000045,1.1860000000000044
2021-10-28,1.1820000000000042,1.1880000000000042,1.130000000000004,1.1810000000000043
2021-10-29,1.1820000000000042,1.1850000000000043,1.1700000000000041,1.1740000000000042
2021-11-01,1.1720000000000044,1.1920000000000044,1.1660000000000044,1.1870000000000045
2021-11-02,1.1860000000000042,1.1900000000000042,1.146000000000004,1.153000000000004
2021-11-03,1.151000000000004,1.155000000000004,1.147000000000004,1.153000000000004
2021-11-04,1.1540000000000044,1.1550000000000045,1.1420000000000041,1.1480000000000044
2021-11-05,1.1430000000000047,1.1470000000000047,1.1400000000000046,1.1420000000000046
2021-11-08,1.1410000000000047,1.1430000000000047,1.1350000000000044,1.1390000000000047
2021-11-09,1.1390000000000047,1.1430000000000047,1.1320000000000043,1.1400000000000046
2021-11-10,1.1380000000000043,1.1390000000000047,1.1270000000000044,1.1360000000000043
2021-11-11,1.1350000000000042,1.1650000000000045,1.1330000000000042,1.1620000000000044
2021-11-12,1.1620000000000044,1.1680000000000044,1.1580000000000044,1.1600000000000044
2021-11-15,1.1600000000000046,1.1690000000000047,1.1570000000000047,1.1660000000000046
2021-11-16,1.1650000000000047,1.1700000000000046,1.1540000000000046,1.1590000000000047
2021-11-17,1.1560000000000044,1.1610000000000045,1.1500000000000044,1.1530000000000045
2021-11-18,1.1510000000000045,1.1530000000000045,1.1420000000000041,1.1430000000000042
2021-11-19,1.1410000000000047,1.1570000000000047,1.1410000000000047,1.1550000000000047
2021-11-22,1.1530000000000047,1.1540000000000046,1.1440000000000046,1.1470000000000047
2021-11-23,1.1470000000000047,1.1530000000000047,1.1430000000000047,1.1470000000000047
2021-11-24,1.1470000000000047,1.1490000000000047,1.1410000000000047,1.1470000000000047
2021-11-25,1.1460000000000041,1.1470000000000042,1.1410000000000042,1.1430000000000042
2021-11-26,1.1430000000000047,1.1440000000000046,1.1340000000000043,1.1350000000000044
2021-11-29,1.1300000000000043,1.1330000000000044,1.1250000000000044,1.1290000000000044
2021-11-30,1.1310000000000044,1.1330000000000044,1.1240000000000046,1.1270000000000044
2021-12-01,1.1280000000000043,1.1360000000000043,1.1260000000000043,1.1340000000000043
2021-12-02,1.1310000000000044,1.1420000000000046,1.1270000000000044,1.1380000000000043
2021-12-03,1.1380000000000043,1.1450000000000047,1.1310000000000044,1.1440000000000046
2021-12-06,1.1450000000000047,1.1610000000000047,1.1450000000000047,1.1510000000000047
2021-12-07,1.1590000000000047,1.1660000000000046,1.1510000000000047,1.1630000000000047
2021-12-08,1.1610000000000047,1.1660000000000046,1.1550000000000047,1.1620000000000046
2021-12-09,1.1610000000000047,1.1840000000000046,1.1590000000000047,1.1720000000000046
2021-12-10,1.1660000000000048,1.1760000000000048,1.163000000000005,1.169000000000005
2021-12-13,1.1710000000000047,1.1820000000000046,1.1600000000000046,1.1610000000000047
2021-12-14,1.1570000000000047,1.1610000000000047,1.1450000000000047,1.1470000000000047
2021-12-15,1.145000000000005,1.1500000000000048,1.1420000000000048,1.149000000000005
2021-12-16,1.1490000000000047,1.1540000000000046,1.1440000000000046,1.1540000000000046
2021-12-17,1.153000000000005,1.155000000000005,1.147000000000005,1.1500000000000048
2021-12-20,1.145000000000005,1.1540000000000048,1.143000000000005,1.1480000000000048
2021-12-21,1.145000000000005,1.157000000000005,1.145000000000005,1.1540000000000048
2021-12-22,1.155000000000005,1.1560000000000048,1.143000000000005,1.145000000000005
2021-12-23,1.145000000000005,1.1460000000000048,1.141000000000005,1.1440000000000048
2021-12-24,1.145000000000005,1.1460000000000048,1.1380000000000048,1.1400000000000048
2021-12-27,1.1400000000000048,1.141000000000005,1.1310000000000047,1.135000000000005
2021-12-28,1.1350000000000044,1.1410000000000047,1.1340000000000043,1.1380000000000043
2021-12-29,1.139000000000005,1.1400000000000048,1.1270000000000047,1.1280000000000046
2021-12-30,1.1270000000000047,1.1360000000000048,1.1270000000000047,1.133000000000005
2021-12-31,1.133000000000005,1.135000000000005,1.1300000000000046,1.1320000000000048
2022-01-04,1.133000000000005,1.137000000000005,1.1230000000000047,1.1360000000000048
2022-01-05,1.135000000000005,1.159000000000005,1.133000000000005,1.153000000000005
2022-01-06,1.150000000000005,1.1550000000000051,1.1450000000000051,1.1490000000000051
2022-01-07,1.1490000000000051,1.166000000000005,1.148000000000005,1.164000000000005
2022-01-10,1.1690000000000051,1.1760000000000053,1.1590000000000051,1.170000000000005
2022-01-11,1.172000000000005,1.1880000000000053,1.168000000000005,1.1830000000000054
2022-01-12,1.1840000000000053,1.1860000000000053,1.172000000000005,1.1800000000000053
2022-01-13,1.1770000000000054,1.1940000000000053,1.1750000000000054,1.1810000000000054
2022-01-14,1.1790000000000056,1.1800000000000055,1.1530000000000054,1.1550000000000054
2022-01-17,1.1530000000000054,1.1630000000000054,1.1480000000000052,1.1540000000000052
2022-01-18,1.1550000000000054,1.1780000000000055,1.1530000000000054,1.1780000000000055
2022-01-19,1.1750000000000054,1.1860000000000053,1.1750000000000054,1.1840000000000053
2022-01-20,1.1840000000000055,1.2140000000000055,1.1830000000000056,1.2060000000000055
2022-01-21,1.2030000000000054,1.2070000000000054,1.1960000000000053,1.2010000000000054
2022-01-24,1.2000000000000053,1.2050000000000054,1.1870000000000054,1.1990000000000054
2022-01-25,1.1950000000000054,1.1950000000000054,1.1800000000000053,1.1810000000000054
2022-01-26,1.1810000000000054,1.1850000000000054,1.1760000000000053,1.1810000000000054
2022-01-27,1.1800000000000053,1.1860000000000053,1.1710000000000051,1.1750000000000054
2022-01-28,1.1790000000000054,1.1830000000000054,1.1610000000000051,1.162000000000005
2022-02-07,1.1730000000000051,1.1980000000000053,1.1710000000000051,1.1950000000000054
2022-02-08,1.1940000000000053,1.2150000000000054,1.1910000000000054,1.2140000000000053
2022-02-09,1.2130000000000052,1.220000000000005,1.204000000000005,1.208000000000005
2022-02-10,1.2080000000000053,1.2230000000000054,1.2000000000000053,1.2220000000000053
2022-02-11,1.2170000000000054,1.2370000000000057,1.2170000000000054,1.2280000000000055
2022-02-14,1.2270000000000056,1.2280000000000055,1.1970000000000054,1.2010000000000054
2022-02-15,1.2010000000000056,1.2060000000000055,1.1810000000000056,1.1880000000000055
2022-02-16,1.1900000000000053,1.2040000000000053,1.1890000000000054,1.1990000000000054
2022-02-17,1.1990000000000054,1.2110000000000054,1.1950000000000054,1.2020000000000053
2022-02-18,1.1960000000000055,1.2160000000000057,1.1960000000000055,1.2150000000000059
2022-02-21,1.2120000000000053,1.2120000000000053,1.1980000000000053,1.2110000000000054
2022-02-22,1.2030000000000054,1.2100000000000053,1.1990000000000054,1.2050000000000054
2022-02-23,1.2050000000000054,1.2060000000000053,1.1910000000000054,1.1950000000000054
2022-02-24,1.1910000000000054,1.1940000000000053,1.1750000000000054,1.1780000000000053
2022-02-25,1.1810000000000054,1.1850000000000054,1.1690000000000051,1.172000000000005
2022-02-28,1.1690000000000051,1.1730000000000051,1.160000000000005,1.172000000000005
2022-03-01,1.173000000000005,1.1840000000000048,1.167000000000005,1.183000000000005
2022-03-02,1.174000000000005,1.1830000000000054,1.172000000000005,1.1780000000000053
2022-03-03,1.1800000000000053,1.1890000000000054,1.1790000000000054,1.1860000000000053
2022-03-04,1.1800000000000053,1.1810000000000054,1.170000000000005,1.174000000000005
2022-03-07,1.165000000000005,1.169000000000005,1.149000000000005,1.151000000000005
2022-03-08,1.1490000000000051,1.152000000000005,1.1250000000000049,1.127000000000005
2022-03-09,1.130000000000005,1.134000000000005,1.082000000000005,1.110000000000005
2022-03-10,1.1250000000000049,1.129000000000005,1.1170000000000049,1.122000000000005
2022-03-11,1.110000000000005,1.128000000000005,1.0990000000000049,1.126000000000005
2022-03-14,1.112000000000005,1.1230000000000049,1.0950000000000049,1.0970000000000049
2022-03-15,1.0900000000000047,1.0910000000000046,1.0450000000000044,1.0470000000000044
2022-03-16,1.0590000000000044,1.0900000000000047,1.0420000000000045,1.0840000000000047
2022-03-17,1.0960000000000045,1.1070000000000044,1.0870000000000044,1.0950000000000044
2022-03-18,1.0900000000000047,1.1220000000000048,1.0700000000000045,1.1180000000000048
2022-03-21,1.1150000000000044,1.1190000000000044,1.1000000000000045,1.1040000000000045
2022-03-22,1.1040000000000045,1.1300000000000043,1.1030000000000044,1.1230000000000044
2022-03-23,1.1230000000000044,1.1230000000000044,1.1100000000000045,1.1160000000000045
2022-03-24,1.1100000000000048,1.1240000000000048,1.1080000000000048,1.1190000000000047
2022-03-25,1.1190000000000047,1.1290000000000047,1.1150000000000047,1.1180000000000048
2022-03-28,1.1130000000000047,1.1290000000000047,1.1010000000000046,1.1220000000000048
2022-03-29,1.1250000000000049,1.1310000000000051,1.1210000000000049,1.126000000000005
2022-03-30,1.127000000000005,1.142000000000005,1.1250000000000049,1.140000000000005
2022-03-31,1.1370000000000051,1.162000000000005,1.134000000000005,1.1550000000000051
2022-04-01,1.1490000000000051,1.1780000000000053,1.1470000000000051,1.1780000000000053
2022-04-06,1.170000000000005,1.2040000000000053,1.168000000000005,1.1950000000000054
2022-04-07,1.1930000000000052,1.204000000000005,1.179000000000005,1.1840000000000048
2022-04-08,1.181000000000005,1.1930000000000052,1.177000000000005,1.192000000000005
2022-04-11,1.1870000000000054,1.1880000000000053,1.170000000000005,1.1760000000000053
2022-04-12,1.174000000000005,1.1870000000000054,1.1630000000000051,1.1760000000000053
2022-04-13,1.173000000000005,1.188000000000005,1.1720000000000048,1.179000000000005
2022-04-14,1.188000000000005,1.1910000000000052,1.173000000000005,1.175000000000005
2022-04-15,1.1710000000000047,1.195000000000005,1.1680000000000046,1.1940000000000046
2022-04-18,1.1800000000000046,1.1800000000000046,1.1570000000000047,1.1610000000000047
2022-04-19,1.1560000000000048,1.1620000000000048,1.143000000000005,1.1580000000000048
2022-04-20,1.155000000000005,1.161000000000005,1.1460000000000048,1.1480000000000048
2022-04-21,1.1440000000000046,1.1610000000000047,1.1370000000000045,1.1430000000000047
2022-04-22,1.1360000000000043,1.1670000000000047,1.1360000000000043,1.1640000000000046
2022-04-25,1.1490000000000047,1.1530000000000047,1.1130000000000044,1.1140000000000045
2022-04-26,1.1160000000000048,1.1260000000000046,1.1080000000000048,1.1120000000000048
2022-04-27,1.1070000000000044,1.1220000000000045,1.1030000000000044,1.1140000000000045
2022-04-28,1.1110000000000047,1.133000000000005,1.1100000000000048,1.1300000000000046
2022-04-29,1.1290000000000047,1.137000000000005,1.1110000000000047,1.135000000000005
2022-05-05,1.1280000000000046,1.135000000000005,1.1200000000000048,1.1260000000000046
2022-05-06,1.1160000000000048,1.1170000000000047,1.1000000000000048,1.1020000000000048
2022-05-09,1.0980000000000045,1.0990000000000044,1.0820000000000043,1.0870000000000044
2022-05-10,1.0810000000000042,1.0990000000000044,1.0710000000000042,1.0950000000000044
2022-05-11,1.0940000000000045,1.0990000000000044,1.0890000000000044,1.0910000000000044
2022-05-12,1.0870000000000044,1.0900000000000045,1.0820000000000043,1.0840000000000045
2022-05-13,1.0890000000000042,1.1010000000000042,1.088000000000004,1.0980000000000043
2022-05-16,1.0980000000000043,1.1000000000000043,1.082000000000004,1.0890000000000042
2022-05-17,1.0900000000000045,1.1030000000000044,1.0870000000000044,1.0980000000000045
2022-05-18,1.1000000000000045,1.1010000000000044,1.0850000000000044,1.0910000000000044
2022-05-19,1.0820000000000043,1.0850000000000044,1.0790000000000042,1.0850000000000044
2022-05-20,1.0870000000000044,1.1010000000000044,1.0870000000000044,1.1010000000000044
2022-05-23,1.1000000000000043,1.1010000000000042,1.0920000000000043,1.0950000000000042
2022-05-24,1.0950000000000044,1.0980000000000045,1.0830000000000042,1.0840000000000045
2022-05-25,1.0830000000000042,1.0900000000000045,1.0830000000000042,1.0890000000000044
2022-05-26,1.0890000000000044,1.0900000000000045,1.0800000000000043,1.0870000000000044
2022-05-27,1.0880000000000047,1.0970000000000046,1.0880000000000047,1.0930000000000046
2022-05-30,1.0930000000000044,1.0950000000000044,1.0820000000000043,1.0870000000000044
2022-05-31,1.0850000000000044,1.0910000000000044,1.0810000000000042,1.0900000000000045
2022-06-01,1.0890000000000044,1.0900000000000045,1.0810000000000042,1.0860000000000045
2022-06-02,1.0840000000000047,1.0840000000000047,1.0760000000000045,1.0800000000000047
2022-06-06,1.0780000000000045,1.0810000000000046,1.0650000000000044,1.0810000000000046
2022-06-07,1.0780000000000043,1.0930000000000044,1.0740000000000043,1.0890000000000044
2022-06-08,1.0900000000000045,1.0960000000000045,1.0850000000000044,1.0960000000000045
2022-06-09,1.0920000000000047,1.1100000000000048,1.0920000000000047,1.1080000000000048
2022-06-10,1.1020000000000048,1.1150000000000047,1.1000000000000048,1.1110000000000047
2022-06-13,1.1050000000000046,1.1060000000000048,1.0850000000000046,1.0900000000000047
2022-06-14,1.0860000000000047,1.1090000000000046,1.0820000000000047,1.1080000000000048
2022-06-15,1.1090000000000046,1.143000000000005,1.1070000000000046,1.1260000000000046
2022-06-16,1.1260000000000046,1.1290000000000047,1.1110000000000047,1.1130000000000047
2022-06-17,1.1100000000000048,1.1190000000000047,1.1030000000000046,1.1140000000000048
2022-06-20,1.1120000000000048,1.1120000000000048,1.1030000000000046,1.1060000000000048
2022-06-21,1.1060000000000048,1.1180000000000048,1.1040000000000048,1.1160000000000048
2022-06-22,1.1150000000000047,1.1160000000000048,1.1010000000000046,1.1020000000000048
2022-06-23,1.1020000000000048,1.1100000000000048,1.1020000000000048,1.1100000000000048
2022-06-24,1.1090000000000046,1.1130000000000047,1.1020000000000048,1.1090000000000046
2022-06-27,1.1090000000000046,1.1210000000000047,1.1070000000000046,1.1190000000000047
2022-06-28,1.1170000000000047,1.1260000000000046,1.1150000000000047,1.1250000000000047
2022-06-29,1.1230000000000049,1.1350000000000051,1.1210000000000049,1.127000000000005
2022-06-30,1.1270000000000047,1.143000000000005,1.1240000000000048,1.141000000000005
2022-07-01,1.139000000000005,1.1400000000000048,1.1310000000000047,1.133000000000005
2022-07-04,1.130000000000005,1.1330000000000051,1.1250000000000049,1.128000000000005
2022-07-05,1.129000000000005,1.138000000000005,1.1250000000000049,1.128000000000005
2022-07-06,1.126000000000005,1.128000000000005,1.1090000000000049,1.114000000000005
2022-07-07,1.113000000000005,1.117000000000005,1.109000000000005,1.1120000000000052
2022-07-08,1.114000000000005,1.1170000000000049,1.1090000000000049,1.114000000000005
2022-07-11,1.112000000000005,1.1150000000000049,1.1090000000000049,1.114000000000005
2022-07-12,1.114000000000005,1.1250000000000049,1.1130000000000049,1.1190000000000049
2022-07-13,1.1180000000000048,1.1180000000000048,1.0910000000000046,1.0940000000000047
2022-07-14,1.088000000000005,1.088000000000005,1.0600000000000047,1.0710000000000046
2022-07-15,1.0720000000000047,1.0810000000000048,1.0620000000000047,1.0620000000000047
2022-07-18,1.0650000000000044,1.0780000000000045,1.0650000000000044,1.0760000000000045
2022-07-19,1.0730000000000044,1.0820000000000047,1.0720000000000045,1.0800000000000047
2022-07-20,1.0820000000000043,1.0860000000000045,1.0810000000000042,1.0820000000000043
2022-07-21,1.0810000000000042,1.0830000000000042,1.0690000000000042,1.0700000000000043
2022-07-22,1.0720000000000045,1.0780000000000045,1.0660000000000045,1.0740000000000045
2022-07-25,1.0710000000000042,1.0770000000000042,1.0680000000000043,1.0760000000000043
2022-07-26,1.0750000000000042,1.0860000000000045,1.0750000000000042,1.0850000000000044
2022-07-27,1.0840000000000047,1.0850000000000046,1.0780000000000045,1.0800000000000047
2022-07-28,1.0820000000000047,1.0850000000000046,1.0770000000000044,1.0790000000000046
2022-07-29,1.0780000000000045,1.0820000000000047,1.0660000000000045,1.0660000000000045
2022-08-01,1.0660000000000045,1.0670000000000044,1.0580000000000045,1.0600000000000045
2022-08-02,1.0560000000000045,1.0560000000000045,1.0350000000000044,1.0430000000000044
2022-08-03,1.0420000000000045,1.0490000000000044,1.0310000000000044,1.0340000000000045
2022-08-04,1.0370000000000044,1.0420000000000045,1.0350000000000044,1.0420000000000045
2022-08-05,1.0420000000000047,1.0540000000000047,1.0380000000000047,1.0530000000000046
2022-08-08,1.0510000000000044,1.0560000000000045,1.0450000000000044,1.0480000000000045
2022-08-09,1.0480000000000045,1.0480000000000045,1.0410000000000044,1.0420000000000045
2022-08-10,1.0410000000000044,1.0450000000000044,1.0330000000000044,1.0340000000000045
2022-08-11,1.0380000000000045,1.0560000000000045,1.0350000000000044,1.0540000000000045
2022-08-12,1.0500000000000043,1.0570000000000042,1.0480000000000043,1.0560000000000043
2022-08-15,1.0510000000000042,1.0550000000000042,1.0420000000000043,1.0430000000000041
2022-08-16,1.0430000000000041,1.0480000000000043,1.0410000000000041,1.0450000000000041
2022-08-17,1.0450000000000041,1.0550000000000042,1.0400000000000043,1.0540000000000043
2022-08-18,1.0520000000000043,1.0520000000000043,1.0410000000000041,1.0440000000000043
2022-08-19,1.0420000000000043,1.0520000000000043,1.0410000000000041,1.0460000000000043
2022-08-22,1.0430000000000041,1.0510000000000042,1.0420000000000043,1.0470000000000041
2022-08-23,1.0450000000000041,1.0450000000000041,1.0360000000000043,1.0390000000000041
2022-08-24,1.0380000000000045,1.0430000000000044,1.0340000000000045,1.0340000000000045
2022-08-25,1.0340000000000045,1.0490000000000044,1.0320000000000045,1.0470000000000044
2022-08-26,1.0460000000000047,1.0530000000000046,1.0420000000000047,1.0490000000000046
2022-08-29,1.0420000000000047,1.0430000000000046,1.0340000000000047,1.0390000000000046
2022-08-30,1.0390000000000048,1.0450000000000048,1.0350000000000048,1.044000000000005
2022-08-31,1.040000000000005,1.0630000000000048,1.0390000000000048,1.058000000000005
2022-09-01,1.0550000000000048,1.062000000000005,1.0530000000000048,1.0550000000000048
2022-09-02,1.0550000000000048,1.0610000000000048,1.050000000000005,1.054000000000005
2022-09-05,1.0540000000000047,1.0570000000000046,1.0450000000000046,1.0560000000000047
2022-09-06,1.056000000000005,1.0630000000000048,1.0510000000000048,1.0550000000000048
2022-09-07,1.0520000000000047,1.0520000000000047,1.0440000000000047,1.0480000000000047
2022-09-08,1.0480000000000047,1.0550000000000046,1.0460000000000047,1.0510000000000046
2022-09-09,1.0520000000000047,1.0710000000000046,1.0520000000000047,1.0700000000000047
2022-09-13,1.0700000000000047,1.082000000000005,1.0650000000000046,1.076000000000005
2022-09-14,1.0690000000000046,1.076000000000005,1.0670000000000046,1.0680000000000047
2022-09-15,1.0720000000000047,1.084000000000005,1.0720000000000047,1.080000000000005
2022-09-16,1.0760000000000052,1.079000000000005,1.0610000000000048,1.062000000000005
2022-09-19,1.062000000000005,1.066000000000005,1.058000000000005,1.0630000000000048
2022-09-20,1.064000000000005,1.0650000000000048,1.0510000000000048,1.0530000000000048
2022-09-21,1.0510000000000048,1.0630000000000048,1.046000000000005,1.0570000000000048
2022-09-22,1.051000000000005,1.055000000000005,1.049000000000005,1.0540000000000052
2022-09-23,1.0520000000000052,1.0640000000000052,1.051000000000005,1.0580000000000052
2022-09-26,1.0540000000000052,1.061000000000005,1.0420000000000051,1.0420000000000051
2022-09-27,1.042000000000005,1.048000000000005,1.0350000000000048,1.0470000000000048
2022-09-28,1.0450000000000048,1.0530000000000048,1.038000000000005,1.048000000000005
2022-09-29,1.0510000000000046,1.0550000000000046,1.0330000000000046,1.0370000000000046
2022-09-30,1.0370000000000048,1.046000000000005,1.036000000000005,1.042000000000005
2022-10-10,1.0390000000000048,1.0390000000000048,1.026000000000005,1.0270000000000048
2022-10-11,1.028000000000005,1.0330000000000048,1.0230000000000046,1.0250000000000048
2022-10-12,1.0260000000000047,1.0280000000000047,1.0150000000000043,1.0280000000000047
2022-10-13,1.0250000000000048,1.0250000000000048,1.0100000000000047,1.0130000000000046
2022-10-14,1.0170000000000046,1.0270000000000048,1.0170000000000046,1.026000000000005
2022-10-17,1.018000000000005,1.023000000000005,1.014000000000005,1.022000000000005
2022-10-18,1.0250000000000048,1.028000000000005,1.0170000000000046,1.0200000000000047
2022-10-19,1.0180000000000047,1.0220000000000047,1.0080000000000047,1.0100000000000047
2022-10-20,1.006000000000005,1.0110000000000048,1.0050000000000048,1.0070000000000048
2022-10-21,1.0070000000000046,1.0100000000000047,1.0000000000000047,1.0030000000000046
2022-10-24,1.0010000000000046,1.0020000000000047,0.9720000000000045,0.9730000000000045
2022-10-25,0.9740000000000045,0.9800000000000045,0.9680000000000045,0.9730000000000045
2022-10-26,0.9720000000000045,0.9760000000000045,0.9610000000000044,0.9640000000000044
2022-10-27,0.9660000000000045,0.9690000000000045,0.9610000000000044,0.9640000000000044
2022-10-28,0.9600000000000044,0.9660000000000045,0.9530000000000044,0.9540000000000044
2022-10-31,0.9490000000000046,0.9520000000000046,0.9400000000000045,0.9440000000000046
2022-11-01,0.9450000000000046,0.9600000000000046,0.9450000000000046,0.9590000000000046
2022-11-02,0.9560000000000046,0.9620000000000046,0.9490000000000046,0.9600000000000046
2022-11-03,0.9520000000000048,0.9540000000000048,0.9470000000000048,0.9520000000000048
2022-11-04,0.9510000000000046,0.9720000000000047,0.9500000000000046,0.9680000000000047
2022-11-07,0.9640000000000046,0.9700000000000047,0.9610000000000046,0.9700000000000047
2022-11-08,0.9680000000000047,0.9710000000000047,0.9630000000000046,0.9670000000000047
2022-11-09,0.9660000000000047,0.9740000000000048,0.9660000000000047,0.9670000000000047
2022-11-10,0.9640000000000046,0.9700000000000047,0.9590000000000046,0.9700000000000047
2022-11-11,0.9830000000000045,1.0100000000000047,0.9760000000000045,1.0010000000000046
2022-11-14,1.0110000000000046,1.0330000000000048,1.0110000000000046,1.0220000000000047
2022-11-15,1.0200000000000047,1.034000000000005,1.0160000000000047,1.026000000000005
2022-11-16,1.0240000000000051,1.0240000000000051,1.016000000000005,1.016000000000005
2022-11-17,1.0130000000000048,1.016000000000005,1.006000000000005,1.012000000000005
2022-11-18,1.0140000000000051,1.0140000000000051,1.004000000000005,1.0080000000000051
2022-11-21,1.0020000000000049,1.0030000000000048,0.9920000000000049,1.0020000000000049
2022-11-22,1.0040000000000049,1.025000000000005,1.0020000000000049,1.020000000000005
2022-11-23,1.018000000000005,1.0360000000000051,1.0170000000000048,1.023000000000005
2022-11-24,1.0280000000000054,1.0330000000000052,1.0180000000000051,1.0220000000000053
2022-11-25,1.022000000000005,1.049000000000005,1.020000000000005,1.045000000000005
2022-11-28,1.0330000000000048,1.0330000000000048,1.0180000000000047,1.028000000000005
2022-11-29,1.0370000000000048,1.0800000000000052,1.0370000000000048,1.073000000000005
2022-11-30,1.073000000000005,1.081000000000005,1.066000000000005,1.0670000000000048
2022-12-01,1.0860000000000052,1.0880000000000052,1.060000000000005,1.062000000000005
2022-12-02,1.0610000000000048,1.0630000000000048,1.046000000000005,1.054000000000005
2022-12-05,1.0610000000000048,1.085000000000005,1.060000000000005,1.081000000000005
2022-12-06,1.077000000000005,1.083000000000005,1.0720000000000052,1.0800000000000052
2022-12-07,1.077000000000005,1.0820000000000052,1.068000000000005,1.0710000000000048
2022-12-08,1.070000000000005,1.0840000000000052,1.0670000000000048,1.0780000000000052
2022-12-09,1.0800000000000052,1.095000000000005,1.077000000000005,1.0900000000000052
2022-12-12,1.083000000000005,1.085000000000005,1.0650000000000048,1.068000000000005
2022-12-13,1.0650000000000046,1.0790000000000048,1.0650000000000046,1.076000000000005
2022-12-14,1.077000000000005,1.0840000000000052,1.070000000000005,1.079000000000005
2022-12-15,1.077000000000005,1.0800000000000052,1.066000000000005,1.068000000000005
2022-12-16,1.0630000000000046,1.082000000000005,1.0630000000000046,1.078000000000005
2022-12-19,1.0800000000000052,1.0840000000000052,1.060000000000005,1.062000000000005
2022-12-20,1.0610000000000046,1.0650000000000046,1.0430000000000046,1.0480000000000047
2022-12-21,1.048000000000005,1.060000000000005,1.048000000000005,1.0530000000000048
2022-12-22,1.0580000000000047,1.0660000000000047,1.0540000000000047,1.0560000000000047
2022-12-23,1.0520000000000047,1.0610000000000046,1.0500000000000047,1.0540000000000047
2022-12-26,1.0510000000000044,1.0560000000000045,1.0470000000000044,1.0480000000000045
2022-12-27,1.0530000000000044,1.0690000000000044,1.0530000000000044,1.0680000000000045
2022-12-28,1.0650000000000044,1.0810000000000046,1.0640000000000045,1.0770000000000044
2022-12-29,1.0720000000000045,1.0750000000000044,1.0610000000000044,1.0710000000000044
2022-12-30,1.0720000000000045,1.0820000000000047,1.0710000000000044,1.0780000000000045
2023-01-03,1.0770000000000044,1.0850000000000046,1.0650000000000044,1.0830000000000046
2023-01-04,1.0810000000000046,1.1080000000000048,1.0810000000000046,1.1030000000000046
2023-01-05,1.1030000000000046,1.1130000000000047,1.1000000000000048,1.1040000000000048
2023-01-06,1.1030000000000049,1.1070000000000049,1.0930000000000049,1.1010000000000049
2023-01-09,1.1010000000000049,1.1070000000000049,1.096000000000005,1.102000000000005
2023-01-10,1.1020000000000048,1.1020000000000048,1.0870000000000046,1.0900000000000047
2023-01-11,1.0900000000000047,1.1030000000000046,1.0890000000000046,1.0980000000000047
2023-01-12,1.1010000000000046,1.1020000000000048,1.0920000000000047,1.1000000000000048
2023-01-13,1.0990000000000049,1.1110000000000049,1.098000000000005,1.1110000000000049
2023-01-16,1.1110000000000049,1.126000000000005,1.1090000000000049,1.1130000000000049
2023-01-17,1.111000000000005,1.1160000000000052,1.1060000000000052,1.1120000000000052
2023-01-18,1.112000000000005,1.1170000000000049,1.108000000000005,1.1130000000000049
2023-01-19,1.110000000000005,1.1150000000000049,1.1030000000000049,1.114000000000005
2023-01-20,1.1150000000000049,1.116000000000005,1.1110000000000049,1.1150000000000049
2023-01-30,1.129000000000005,1.132000000000005,1.1170000000000049,1.1190000000000049
2023-01-31,1.1190000000000049,1.1250000000000049,1.1070000000000049,1.1090000000000049
2023-02-01,1.110000000000005,1.112000000000005,1.0950000000000049,1.106000000000005
2023-02-02,1.1070000000000049,1.108000000000005,1.0930000000000049,1.0970000000000049
2023-02-03,1.0930000000000049,1.096000000000005,1.082000000000005,1.088000000000005
2023-02-06,1.0810000000000048,1.082000000000005,1.0730000000000046,1.076000000000005
2023-02-07,1.077000000000005,1.085000000000005,1.077000000000005,1.081000000000005
2023-02-08,1.081000000000005,1.085000000000005,1.077000000000005,1.079000000000005
2023-02-09,1.077000000000005,1.0860000000000052,1.0760000000000052,1.083000000000005
2023-02-10,1.081000000000005,1.083000000000005,1.0760000000000052,1.083000000000005
2023-02-13,1.083000000000005,1.083000000000005,1.0670000000000048,1.0740000000000052
2023-02-14,1.0740000000000047,1.078000000000005,1.0720000000000047,1.076000000000005
2023-02-15,1.075000000000005,1.0760000000000052,1.0650000000000048,1.0670000000000048
2023-02-16,1.066000000000005,1.0760000000000052,1.0630000000000048,1.0670000000000048
2023-02-17,1.0650000000000048,1.068000000000005,1.0550000000000048,1.0590000000000048
2023-02-20,1.060000000000005,1.085000000000005,1.0590000000000048,1.0840000000000052
2023-02-21,1.0840000000000052,1.0860000000000052,1.079000000000005,1.0860000000000052
2023-02-22,1.0820000000000052,1.083000000000005,1.0760000000000052,1.0780000000000052
2023-02-23,1.0780000000000052,1.0860000000000052,1.077000000000005,1.079000000000005
2023-02-24,1.0780000000000052,1.079000000000005,1.0690000000000048,1.070000000000005
2023-02-27,1.068000000000005,1.070000000000005,1.064000000000005,1.066000000000005
2023-02-28,1.067000000000005,1.0690000000000053,1.061000000000005,1.0690000000000053
2023-03-01,1.0670000000000048,1.081000000000005,1.0670000000000048,1.079000000000005
2023-03-02,1.079000000000005,1.087000000000005,1.077000000000005,1.083000000000005
2023-03-03,1.086000000000005,1.096000000000005,1.082000000000005,1.094000000000005
2023-03-06,1.094000000000005,1.0950000000000049,1.076000000000005,1.0770000000000048
2023-03-07,1.0750000000000046,1.0990000000000049,1.0730000000000046,1.078000000000005
2023-03-08,1.0720000000000052,1.073000000000005,1.064000000000005,1.0710000000000048
2023-03-09,1.070000000000005,1.0760000000000052,1.0650000000000048,1.0670000000000048
2023-03-10,1.0610000000000048,1.064000000000005,1.050000000000005,1.050000000000005
2023-03-13,1.0490000000000048,1.056000000000005,1.0450000000000048,1.0530000000000048
2023-03-14,1.0470000000000048,1.0530000000000048,1.0410000000000048,1.0450000000000048
2023-03-15,1.0500000000000047,1.0600000000000047,1.0500000000000047,1.0560000000000047
2023-03-16,1.0520000000000047,1.0690000000000046,1.0490000000000046,1.0570000000000046
2023-03-17,1.0610000000000048,1.0690000000000048,1.0530000000000048,1.058000000000005
2023-03-20,1.058000000000005,1.066000000000005,1.052000000000005,1.052000000000005
2023-03-21,1.0530000000000048,1.0610000000000048,1.0470000000000048,1.050000000000005
2023-03-22,1.052000000000005,1.0610000000000048,1.050000000000005,1.0590000000000048
2023-03-23,1.056000000000005,1.0670000000000048,1.0530000000000048,1.066000000000005
2023-03-24,1.0630000000000048,1.064000000000005,1.054000000000005,1.056000000000005
2023-03-27,1.051000000000005,1.055000000000005,1.043000000000005,1.045000000000005
2023-03-28,1.0470000000000048,1.052000000000005,1.044000000000005,1.0490000000000048
2023-03-29,1.051000000000005,1.0540000000000052,1.045000000000005,1.0460000000000051
2023-03-30,1.0480000000000051,1.055000000000005,1.0420000000000051,1.0540000000000052
2023-03-31,1.053000000000005,1.059000000000005,1.047000000000005,1.0500000000000052
2023-04-03,1.0500000000000052,1.053000000000005,1.0460000000000051,1.0520000000000052
2023-04-04,1.0500000000000052,1.0580000000000052,1.0480000000000051,1.0580000000000052
2023-04-06,1.055000000000005,1.0560000000000052,1.0500000000000052,1.0520000000000052
2023-04-07,1.0530000000000053,1.0570000000000053,1.0510000000000053,1.0550000000000053
2023-04-10,1.0560000000000054,1.0590000000000053,1.0520000000000054,1.0580000000000054
2023-04-11,1.0570000000000053,1.0590000000000053,1.0510000000000053,1.0550000000000053
2023-04-12,1.055000000000005,1.0620000000000052,1.0540000000000052,1.057000000000005
2023-04-13,1.0560000000000052,1.0720000000000054,1.0520000000000052,1.067000000000005
2023-04-14,1.0670000000000048,1.077000000000005,1.0650000000000048,1.0710000000000048
2023-04-17,1.0710000000000048,1.0940000000000052,1.0670000000000048,1.091000000000005
2023-04-18,1.0900000000000052,1.109000000000005,1.089000000000005,1.101000000000005
2023-04-19,1.103000000000005,1.109000000000005,1.095000000000005,1.099000000000005
2023-04-20,1.099000000000005,1.105000000000005,1.087000000000005,1.097000000000005
2023-04-21,1.095000000000005,1.105000000000005,1.0840000000000052,1.0840000000000052
2023-04-24,1.0830000000000048,1.0930000000000049,1.0750000000000046,1.0770000000000048
2023-04-25,1.076000000000005,1.0970000000000049,1.076000000000005,1.096000000000005
2023-04-26,1.0950000000000049,1.0950000000000049,1.0720000000000047,1.0850000000000048
2023-04-27,1.082000000000005,1.0870000000000049,1.0740000000000047,1.0850000000000048
2023-04-28,1.084000000000005,1.104000000000005,1.082000000000005,1.0950000000000049
2023-05-04,1.0890000000000049,1.128000000000005,1.080000000000005,1.127000000000005
2023-05-05,1.126000000000005,1.154000000000005,1.124000000000005,1.1370000000000051
2023-05-08,1.141000000000005,1.198000000000005,1.139000000000005,1.1850000000000052
2023-05-09,1.1930000000000052,1.206000000000005,1.1680000000000048,1.171000000000005
2023-05-10,1.1680000000000048,1.1680000000000048,1.1300000000000046,1.139000000000005
2023-05-11,1.139000000000005,1.1520000000000048,1.1280000000000046,1.133000000000005
2023-05-12,1.1330000000000051,1.1370000000000051,1.120000000000005,1.1210000000000049
2023-05-15,1.1190000000000047,1.1400000000000048,1.1050000000000046,1.135000000000005
2023-05-16,1.1320000000000048,1.1500000000000048,1.1280000000000046,1.1310000000000047
2023-05-17,1.1280000000000046,1.1360000000000048,1.1200000000000048,1.1230000000000047
2023-05-18,1.1260000000000043,1.1440000000000046,1.1250000000000044,1.1360000000000043
2023-05-19,1.1310000000000047,1.1310000000000047,1.1170000000000047,1.1180000000000048
2023-05-22,1.1150000000000047,1.1280000000000046,1.1140000000000048,1.1210000000000047
2023-05-23,1.1210000000000047,1.1260000000000046,1.1000000000000048,1.1010000000000046
2023-05-24,1.1000000000000048,1.1010000000000046,1.0770000000000044,1.0790000000000046
2023-05-25,1.0760000000000045,1.0760000000000045,1.0660000000000045,1.0750000000000044
2023-05-26,1.0730000000000042,1.0870000000000044,1.0700000000000043,1.0850000000000044
2023-05-29,1.0860000000000045,1.0930000000000044,1.0790000000000042,1.0860000000000045
2023-05-30,1.0840000000000047,1.0880000000000047,1.0730000000000044,1.0820000000000047
2023-05-31,1.0770000000000048,1.080000000000005,1.0720000000000047,1.0740000000000047
2023-06-01,1.0740000000000045,1.0810000000000046,1.0690000000000044,1.0710000000000044
2023-06-02,1.0730000000000042,1.0860000000000045,1.0720000000000043,1.0850000000000044
2023-06-05,1.0860000000000045,1.0980000000000045,1.0800000000000043,1.0930000000000044
2023-06-06,1.0910000000000044,1.1080000000000045,1.0870000000000044,1.0900000000000045
2023-06-07,1.0920000000000043,1.1060000000000043,1.0920000000000043,1.1030000000000042
2023-06-08,1.1020000000000045,1.1230000000000044,1.0960000000000045,1.1200000000000045
2023-06-09,1.1190000000000042,1.1220000000000043,1.1140000000000043,1.1150000000000042
2023-06-12,1.1160000000000043,1.1170000000000042,1.0980000000000043,1.0990000000000042
2023-06-13,1.0980000000000043,1.1070000000000042,1.0970000000000042,1.1030000000000042
2023-06-14,1.1040000000000043,1.1080000000000043,1.086000000000004,1.087000000000004
2023-06-15,1.088000000000004,1.0970000000000042,1.086000000000004,1.0940000000000043
2023-06-16,1.0930000000000044,1.0980000000000045,1.0910000000000044,1.0930000000000044
2023-06-19,1.0910000000000044,1.0910000000000044,1.0770000000000042,1.0780000000000043
2023-06-20,1.0770000000000044,1.0810000000000046,1.0730000000000044,1.0740000000000045
2023-06-21,1.0730000000000044,1.0860000000000047,1.0710000000000044,1.0740000000000045
2023-06-26,1.0710000000000042,1.0710000000000042,1.0550000000000042,1.0570000000000042
2023-06-27,1.0590000000000044,1.0700000000000045,1.0550000000000044,1.0690000000000044
2023-06-28,1.0670000000000044,1.0740000000000045,1.0650000000000044,1.0710000000000044
2023-06-29,1.0700000000000045,1.0710000000000044,1.0630000000000044,1.0660000000000045
2023-06-30,1.0650000000000046,1.0750000000000046,1.0640000000000047,1.0740000000000047
2023-07-03,1.0750000000000044,1.0910000000000046,1.0730000000000044,1.0900000000000047
2023-07-04,1.0880000000000047,1.0890000000000046,1.0770000000000044,1.0800000000000047
2023-07-05,1.078000000000005,1.0790000000000048,1.0710000000000046,1.0730000000000046
2023-07-06,1.0700000000000047,1.0740000000000047,1.0620000000000047,1.0650000000000046
2023-07-07,1.0640000000000047,1.0690000000000046,1.0620000000000047,1.0650000000000046
2023-07-10,1.0670000000000044,1.0700000000000045,1.0620000000000045,1.0660000000000045
2023-07-11,1.0660000000000045,1.0720000000000045,1.0660000000000045,1.0720000000000045
2023-07-12,1.0720000000000045,1.0830000000000046,1.0700000000000045,1.0760000000000045
2023-07-13,1.0810000000000046,1.0910000000000046,1.0780000000000045,1.0910000000000046
2023-07-14,1.0910000000000046,1.0970000000000046,1.0880000000000047,1.0940000000000047
2023-07-17,1.0910000000000046,1.0920000000000047,1.0830000000000046,1.0870000000000046
2023-07-18,1.0870000000000046,1.0890000000000046,1.0820000000000047,1.0840000000000047
2023-07-19,1.0840000000000047,1.0890000000000046,1.0790000000000046,1.0890000000000046
2023-07-20,1.0890000000000046,1.0980000000000047,1.0880000000000047,1.0900000000000047
2023-07-21,1.0910000000000046,1.0950000000000046,1.0890000000000046,1.0930000000000046
2023-07-24,1.0920000000000047,1.0920000000000047,1.0850000000000046,1.0880000000000047
2023-07-25,1.098000000000005,1.118000000000005,1.098000000000005,1.118000000000005
2023-07-26,1.116000000000005,1.122000000000005,1.112000000000005,1.1170000000000049
2023-07-27,1.118000000000005,1.1330000000000051,1.116000000000005,1.126000000000005
2023-07-28,1.1210000000000047,1.165000000000005,1.1210000000000047,1.1600000000000048
2023-07-31,1.164000000000005,1.1830000000000054,1.160000000000005,1.168000000000005
2023-08-01,1.165000000000005,1.1720000000000048,1.1580000000000048,1.161000000000005
2023-08-02,1.155000000000005,1.157000000000005,1.135000000000005,1.139000000000005
2023-08-03,1.1380000000000048,1.157000000000005,1.1360000000000048,1.1560000000000048
2023-08-04,1.161000000000005,1.173000000000005,1.1540000000000048,1.1600000000000048
2023-08-07,1.152000000000005,1.1550000000000051,1.1450000000000051,1.1490000000000051
2023-08-08,1.147000000000005,1.1520000000000048,1.139000000000005,1.143000000000005
2023-08-09,1.140000000000005,1.1490000000000051,1.1390000000000051,1.1470000000000051
2023-08-10,1.1450000000000051,1.148000000000005,1.1370000000000051,1.146000000000005
2023-08-11,1.144000000000005,1.150000000000005,1.122000000000005,1.1230000000000049
2023-08-14,1.1150000000000049,1.118000000000005,1.1030000000000049,1.1090000000000049
2023-08-15,1.1090000000000049,1.126000000000005,1.1070000000000049,1.1210000000000049
2023-08-16,1.116000000000005,1.124000000000005,1.1110000000000049,1.118000000000005
2023-08-17,1.114000000000005,1.116000000000005,1.102000000000005,1.1110000000000049
2023-08-18,1.1110000000000049,1.130000000000005,1.1090000000000049,1.114000000000005
2023-08-21,1.116000000000005,1.118000000000005,1.0970000000000049,1.0990000000000049
2023-08-22,1.1010000000000049,1.112000000000005,1.1010000000000049,1.110000000000005
2023-08-23,1.1070000000000049,1.116000000000005,1.106000000000005,1.1070000000000049
2023-08-24,1.108000000000005,1.1110000000000049,1.0970000000000049,1.104000000000005
2023-08-25,1.101000000000005,1.117000000000005,1.099000000000005,1.113000000000005
2023-08-28,1.1700000000000055,1.1780000000000055,1.1230000000000053,1.1300000000000052
2023-08-29,1.1240000000000054,1.1290000000000053,1.105000000000005,1.1160000000000052
2023-08-30,1.1120000000000052,1.1120000000000052,1.0980000000000052,1.101000000000005
2023-08-31,1.1010000000000049,1.110000000000005,1.0950000000000049,1.0970000000000049
2023-09-01,1.102000000000005,1.114000000000005,1.102000000000005,1.108000000000005
2023-09-04,1.110000000000005,1.130000000000005,1.110000000000005,1.128000000000005
2023-09-05,1.1230000000000049,1.126000000000005,1.1150000000000049,1.118000000000005
2023-09-06,1.114000000000005,1.1210000000000049,1.1110000000000049,1.1210000000000049
2023-09-07,1.1180000000000048,1.1230000000000047,1.1130000000000047,1.1170000000000047
2023-09-08,1.1140000000000048,1.1150000000000047,1.1090000000000046,1.1120000000000048
2023-09-11,1.1120000000000045,1.1190000000000044,1.1110000000000044,1.1140000000000045
2023-09-12,1.1130000000000047,1.1150000000000047,1.1110000000000047,1.1120000000000048
2023-09-13,1.1130000000000047,1.1170000000000047,1.1100000000000048,1.1120000000000048
2023-09-14,1.1130000000000044,1.1250000000000044,1.1130000000000044,1.1240000000000046
2023-09-15,1.1260000000000043,1.1320000000000043,1.1160000000000045,1.1180000000000045
2023-09-18,1.1160000000000045,1.1200000000000045,1.1110000000000044,1.1190000000000044
2023-09-19,1.1180000000000045,1.1260000000000043,1.1160000000000045,1.1260000000000043
2023-09-20,1.1250000000000044,1.1320000000000043,1.1210000000000044,1.1300000000000043
2023-09-21,1.128000000000004,1.1330000000000042,1.1210000000000042,1.1230000000000042
2023-09-22,1.1210000000000042,1.1360000000000041,1.1180000000000043,1.1350000000000042
2023-09-25,1.1330000000000042,1.1380000000000041,1.128000000000004,1.1350000000000042
2023-09-26,1.1340000000000041,1.1380000000000041,1.128000000000004,1.1320000000000041
2023-09-27,1.1300000000000041,1.1340000000000041,1.1220000000000043,1.1270000000000042
2023-09-28,1.126000000000004,1.1290000000000042,1.1240000000000043,1.1240000000000043
2023-10-09,1.1210000000000042,1.1210000000000042,1.1100000000000043,1.1170000000000042
2023-10-10,1.1210000000000042,1.1270000000000042,1.1150000000000042,1.1170000000000042
2023-10-11,1.1180000000000043,1.1210000000000042,1.1110000000000042,1.1130000000000042
2023-10-12,1.1280000000000043,1.1330000000000044,1.1210000000000044,1.1300000000000043
2023-10-13,1.1240000000000046,1.1350000000000044,1.1190000000000044,1.1300000000000043
2023-10-16,1.1270000000000044,1.1300000000000043,1.1220000000000045,1.1290000000000044
2023-10-17,1.1300000000000041,1.1340000000000041,1.1250000000000042,1.1320000000000041
2023-10-18,1.1300000000000043,1.1370000000000045,1.1270000000000044,1.1300000000000043
2023-10-19,1.128000000000004,1.128000000000004,1.1010000000000042,1.1020000000000043
2023-10-20,1.100000000000004,1.107000000000004,1.096000000000004,1.103000000000004
2023-10-23,1.0980000000000043,1.1030000000000042,1.087000000000004,1.0920000000000043
2023-10-24,1.0960000000000043,1.0970000000000042,1.083000000000004,1.088000000000004
2023-10-25,1.0930000000000044,1.0940000000000045,1.0840000000000045,1.0900000000000045
2023-10-26,1.0850000000000044,1.1020000000000045,1.0850000000000044,1.1010000000000044
2023-10-27,1.0970000000000044,1.1020000000000045,1.0910000000000044,1.0990000000000044
2023-10-30,1.0970000000000046,1.0980000000000047,1.0740000000000045,1.0810000000000046
2023-10-31,1.0790000000000042,1.0820000000000043,1.0720000000000043,1.0820000000000043
2023-11-01,1.0830000000000042,1.0840000000000045,1.0760000000000043,1.0820000000000043
2023-11-02,1.0820000000000043,1.0920000000000045,1.0810000000000042,1.0900000000000045
2023-11-03,1.0890000000000044,1.0900000000000045,1.0830000000000042,1.0860000000000045
2023-11-06,1.0880000000000045,1.0900000000000045,1.0820000000000043,1.0870000000000044
2023-11-07,1.0860000000000045,1.0870000000000044,1.0810000000000042,1.0860000000000045
2023-11-08,1.0850000000000046,1.0860000000000047,1.0770000000000044,1.0800000000000047
2023-11-09,1.0790000000000042,1.0870000000000044,1.0770000000000042,1.0860000000000045
2023-11-10,1.0830000000000046,1.0880000000000047,1.0750000000000044,1.0770000000000044
2023-11-13,1.0780000000000045,1.0780000000000045,1.0670000000000044,1.0720000000000045
2023-11-14,1.0720000000000045,1.0760000000000045,1.0700000000000045,1.0740000000000045
2023-11-15,1.0780000000000045,1.0830000000000046,1.0770000000000044,1.0800000000000047
2023-11-16,1.0800000000000047,1.0810000000000046,1.0760000000000045,1.0770000000000044
2023-11-17,1.0760000000000045,1.0770000000000044,1.0690000000000044,1.0720000000000045
2023-11-20,1.0720000000000045,1.0780000000000045,1.0690000000000044,1.0780000000000045
2023-11-21,1.0790000000000046,1.0860000000000047,1.0780000000000045,1.0810000000000046
2023-11-22,1.0800000000000047,1.0810000000000046,1.0760000000000045,1.0770000000000044
2023-11-23,1.0760000000000045,1.0770000000000044,1.0710000000000044,1.0770000000000044
2023-11-24,1.0770000000000044,1.0780000000000045,1.0740000000000045,1.0770000000000044
2023-11-27,1.0750000000000046,1.076000000000005,1.0620000000000047,1.0680000000000047
2023-11-28,1.0680000000000047,1.0700000000000047,1.0610000000000046,1.0620000000000047
2023-11-29,1.0630000000000046,1.0640000000000047,1.0490000000000046,1.0530000000000046
2023-11-30,1.0510000000000046,1.0570000000000046,1.0500000000000047,1.0570000000000046
2023-12-01,1.056000000000005,1.058000000000005,1.050000000000005,1.054000000000005
2023-12-04,1.0550000000000048,1.058000000000005,1.050000000000005,1.0510000000000048
2023-12-05,1.0510000000000048,1.0510000000000048,1.034000000000005,1.034000000000005
2023-12-06,1.034000000000005,1.036000000000005,1.024000000000005,1.032000000000005
2023-12-07,1.0330000000000048,1.0370000000000048,1.0230000000000046,1.034000000000005
2023-12-08,1.034000000000005,1.040000000000005,1.030000000000005,1.0330000000000048
2023-12-11,1.0300000000000047,1.0380000000000047,1.0150000000000043,1.0370000000000046
2023-12-12,1.0360000000000047,1.0480000000000047,1.0320000000000047,1.0470000000000046
2023-12-13,1.0450000000000048,1.046000000000005,1.034000000000005,1.0350000000000048
2023-12-14,1.0360000000000047,1.0410000000000046,1.0310000000000046,1.0310000000000046
2023-12-15,1.0350000000000046,1.0430000000000046,1.0280000000000047,1.0300000000000047
2023-12-18,1.0270000000000046,1.0330000000000046,1.0210000000000043,1.0300000000000047
2023-12-19,1.0290000000000046,1.0310000000000046,1.0250000000000044,1.0280000000000047
2023-12-20,1.030000000000005,1.036000000000005,1.026000000000005,1.026000000000005
2023-12-21,1.0250000000000048,1.0330000000000048,1.0200000000000047,1.0330000000000048
2023-12-22,1.0330000000000048,1.0370000000000048,1.026000000000005,1.0330000000000048
2023-12-25,1.0330000000000048,1.0350000000000048,1.0290000000000048,1.034000000000005
2023-12-26,1.0330000000000048,1.034000000000005,1.0290000000000048,1.030000000000005
2023-12-27,1.0320000000000051,1.035000000000005,1.023000000000005,1.035000000000005
2023-12-28,1.033000000000005,1.0460000000000051,1.033000000000005,1.0440000000000051
2023-12-29,1.0420000000000051,1.045000000000005,1.0400000000000051,1.0420000000000051
2024-01-02,1.043000000000005,1.0460000000000051,1.039000000000005,1.0420000000000051
2024-01-03,1.0380000000000054,1.0460000000000054,1.0370000000000053,1.0460000000000054
2024-01-04,1.045000000000005,1.049000000000005,1.0380000000000051,1.0480000000000051
2024-01-05,1.0460000000000051,1.0710000000000053,1.0440000000000051,1.0580000000000052
2024-01-08,1.055000000000005,1.063000000000005,1.047000000000005,1.0500000000000052
2024-01-09,1.0500000000000052,1.057000000000005,1.043000000000005,1.0560000000000052
2024-01-10,1.053000000000005,1.0580000000000052,1.049000000000005,1.049000000000005
2024-01-11,1.0480000000000051,1.0560000000000052,1.0440000000000051,1.0480000000000051
2024-01-12,1.0480000000000051,1.0620000000000052,1.047000000000005,1.0580000000000052
2024-01-15,1.0550000000000053,1.0650000000000053,1.0530000000000053,1.0620000000000054
2024-01-16,1.060000000000005,1.075000000000005,1.0590000000000048,1.075000000000005
2024-01-17,1.0730000000000053,1.0810000000000053,1.065000000000005,1.0660000000000052
2024-01-18,1.062000000000005,1.0740000000000052,1.0390000000000048,1.0710000000000048
2024-01-19,1.066000000000005,1.073000000000005,1.058000000000005,1.0720000000000052
2024-01-22,1.0690000000000053,1.0820000000000054,1.061000000000005,1.065000000000005
2024-01-23,1.0640000000000052,1.0720000000000054,1.0560000000000052,1.067000000000005
2024-01-24,1.0700000000000054,1.0840000000000054,1.0640000000000052,1.0830000000000053
2024-01-25,1.0830000000000053,1.1000000000000054,1.0830000000000053,1.0980000000000054
2024-01-26,1.1000000000000054,1.1190000000000055,1.0980000000000054,1.1170000000000055
2024-01-29,1.1200000000000059,1.1370000000000058,1.1170000000000058,1.1270000000000058
2024-01-30,1.1210000000000055,1.1310000000000056,1.1090000000000053,1.1150000000000055
2024-01-31,1.1100000000000054,1.1240000000000057,1.1060000000000054,1.1150000000000055
2024-02-01,1.1130000000000058,1.1170000000000058,1.1050000000000055,1.1090000000000058
2024-02-02,1.1070000000000055,1.1200000000000059,1.0900000000000056,1.1100000000000059
2024-02-05,1.1100000000000054,1.1280000000000054,1.1040000000000054,1.1260000000000054
2024-02-06,1.1200000000000057,1.1370000000000056,1.1160000000000057,1.1350000000000056
2024-02-07,1.1320000000000054,1.1330000000000056,1.1060000000000054,1.1260000000000054
2024-02-08,1.1210000000000055,1.1220000000000057,1.1070000000000053,1.1200000000000057
2024-02-19,1.1250000000000056,1.1450000000000056,1.1180000000000057,1.1450000000000056
2024-02-20,1.1410000000000058,1.153000000000006,1.1350000000000058,1.1500000000000057
2024-02-21,1.1470000000000058,1.194000000000006,1.1460000000000057,1.183000000000006
2024-02-22,1.179000000000006,1.186000000000006,1.171000000000006,1.185000000000006
2024-02-23,1.183000000000006,1.2060000000000062,1.183000000000006,1.190000000000006
2024-02-26,1.186000000000006,1.189000000000006,1.157000000000006,1.159000000000006
2024-02-27,1.1560000000000055,1.1700000000000057,1.1540000000000055,1.1620000000000057
2024-02-28,1.1600000000000057,1.1670000000000058,1.1490000000000056,1.1600000000000057
2024-02-29,1.1540000000000055,1.1630000000000058,1.1530000000000056,1.1620000000000057
2024-03-01,1.1600000000000057,1.1650000000000058,1.1560000000000055,1.1630000000000058
2024-03-04,1.1620000000000057,1.1620000000000057,1.1500000000000055,1.1520000000000055
2024-03-05,1.1490000000000056,1.1770000000000058,1.1480000000000055,1.1760000000000057
2024-03-06,1.1740000000000055,1.1780000000000055,1.1610000000000054,1.1630000000000054
2024-03-07,1.1620000000000053,1.1750000000000056,1.1610000000000054,1.1670000000000056
2024-03-08,1.1660000000000053,1.1730000000000056,1.1610000000000054,1.1650000000000054
2024-03-11,1.1640000000000053,1.1690000000000056,1.1550000000000054,1.1640000000000053
2024-03-12,1.1620000000000057,1.1630000000000058,1.1510000000000056,1.1550000000000056
2024-03-13,1.1520000000000055,1.1520000000000055,1.1400000000000055,1.1430000000000056
2024-03-14,1.1400000000000055,1.1510000000000056,1.1390000000000056,1.1420000000000055
2024-03-15,1.1450000000000058,1.1520000000000057,1.1440000000000057,1.1480000000000057
2024-03-18,1.1460000000000057,1.1510000000000058,1.1430000000000058,1.1480000000000057
2024-03-19,1.1460000000000057,1.1460000000000057,1.1350000000000058,1.1370000000000058
2024-03-20,1.1360000000000057,1.1490000000000058,1.1320000000000057,1.1480000000000057
2024-03-21,1.1460000000000057,1.157000000000006,1.1430000000000058,1.154000000000006
2024-03-22,1.153000000000006,1.154000000000006,1.1400000000000057,1.1490000000000058
2024-03-25,1.1480000000000055,1.1600000000000057,1.1460000000000055,1.1560000000000055
2024-03-26,1.1570000000000056,1.1720000000000057,1.1560000000000055,1.1720000000000057
2024-03-27,1.170000000000006,1.185000000000006,1.167000000000006,1.176000000000006
2024-03-28,1.1730000000000058,1.1740000000000057,1.1560000000000055,1.1630000000000058
2024-03-29,1.1570000000000056,1.1680000000000057,1.1510000000000056,1.1610000000000058
2024-04-01,1.1610000000000058,1.1750000000000058,1.1590000000000056,1.1740000000000057
2024-04-02,1.1730000000000058,1.1820000000000057,1.1700000000000057,1.1730000000000058
2024-04-03,1.1730000000000058,1.1750000000000058,1.1630000000000058,1.1680000000000057
2024-04-08,1.1670000000000058,1.1780000000000057,1.1600000000000057,1.1750000000000058
2024-04-09,1.1740000000000057,1.1810000000000058,1.1660000000000057,1.1680000000000057
2024-04-10,1.167000000000006,1.177000000000006,1.165000000000006,1.169000000000006
2024-04-11,1.165000000000006,1.171000000000006,1.157000000000006,1.168000000000006
2024-04-12,1.1660000000000057,1.1710000000000058,1.1580000000000055,1.1600000000000057
2024-04-15,1.162000000000006,1.184000000000006,1.160000000000006,1.184000000000006
2024-04-16,1.183000000000006,1.190000000000006,1.174000000000006,1.185000000000006
2024-04-17,1.182000000000006,1.2070000000000063,1.172000000000006,1.2050000000000063
2024-04-18,1.2000000000000062,1.2330000000000063,1.2000000000000062,1.2150000000000063
2024-04-19,1.2090000000000063,1.2210000000000063,1.2080000000000062,1.2130000000000063
2024-04-22,1.2140000000000062,1.2280000000000062,1.1970000000000063,1.2040000000000062
2024-04-23,1.2020000000000062,1.2170000000000063,1.1970000000000063,1.2030000000000063
2024-04-24,1.2020000000000062,1.2050000000000063,1.194000000000006,1.1990000000000063
2024-04-25,1.1970000000000065,1.2190000000000065,1.1960000000000064,1.2180000000000064
2024-04-26,1.2120000000000064,1.2160000000000064,1.1930000000000065,1.1990000000000065
2024-04-29,1.1950000000000065,1.2180000000000064,1.1900000000000064,1.2110000000000065
2024-04-30,1.2070000000000063,1.2240000000000062,1.2070000000000063,1.2180000000000062
2024-05-06,1.2260000000000062,1.2300000000000062,1.2140000000000062,1.2170000000000063
2024-05-07,1.2180000000000062,1.2180000000000062,1.2050000000000063,1.2170000000000063
2024-05-08,1.2120000000000062,1.2230000000000063,1.2120000000000062,1.2170000000000063
2024-05-09,1.2150000000000063,1.2230000000000063,1.2140000000000062,1.2190000000000063
2024-05-10,1.2190000000000065,1.2360000000000066,1.2180000000000064,1.2340000000000066
2024-05-13,1.2300000000000062,1.2430000000000065,1.2240000000000062,1.2410000000000065
2024-05-14,1.2420000000000064,1.2450000000000065,1.2300000000000062,1.2350000000000063
2024-05-15,1.2310000000000063,1.2380000000000062,1.2250000000000063,1.2310000000000063
2024-05-16,1.2310000000000063,1.2580000000000064,1.2310000000000063,1.2540000000000064
2024-05-17,1.2540000000000064,1.2710000000000063,1.2490000000000065,1.2690000000000063
2024-05-20,1.2710000000000063,1.2800000000000065,1.2580000000000064,1.2630000000000063
2024-05-21,1.2610000000000063,1.2770000000000064,1.2570000000000063,1.2720000000000065
2024-05-22,1.2730000000000063,1.2870000000000066,1.2680000000000065,1.2780000000000065
2024-05-23,1.2750000000000064,1.2800000000000065,1.2650000000000063,1.2690000000000063
2024-05-24,1.2680000000000065,1.2770000000000064,1.2570000000000063,1.2580000000000064
2024-05-27,1.2590000000000063,1.2780000000000065,1.2590000000000063,1.2760000000000065
2024-05-28,1.2750000000000064,1.2820000000000065,1.2660000000000065,1.2700000000000065
2024-05-29,1.2690000000000061,1.2750000000000061,1.2570000000000061,1.2580000000000062
2024-05-30,1.2560000000000062,1.2670000000000061,1.244000000000006,1.249000000000006
2024-05-31,1.2510000000000063,1.2580000000000064,1.2500000000000064,1.2540000000000064
2024-06-03,1.2520000000000064,1.2520000000000064,1.2330000000000063,1.2390000000000063
2024-06-04,1.238000000000006,1.248000000000006,1.236000000000006,1.247000000000006
2024-06-05,1.2470000000000065,1.2480000000000064,1.2300000000000062,1.2320000000000062
2024-06-06,1.2330000000000063,1.2380000000000062,1.2280000000000062,1.2310000000000063
2024-06-07,1.2310000000000063,1.2420000000000064,1.2310000000000063,1.2400000000000064
2024-06-11,1.2380000000000062,1.2430000000000065,1.2180000000000062,1.2200000000000062
2024-06-12,1.2180000000000064,1.2190000000000065,1.2040000000000064,1.2160000000000064
2024-06-13,1.2140000000000064,1.2170000000000065,1.2020000000000064,1.2060000000000064
2024-06-14,1.2060000000000064,1.2230000000000065,1.2030000000000065,1.2190000000000065
2024-06-17,1.2130000000000065,1.2180000000000064,1.2040000000000064,1.2070000000000065
2024-06-18,1.2060000000000062,1.2150000000000063,1.1980000000000062,1.2120000000000062
2024-06-19,1.2090000000000063,1.2290000000000063,1.2090000000000063,1.2260000000000062
2024-06-20,1.2240000000000062,1.2270000000000063,1.2140000000000062,1.2180000000000062
2024-06-21,1.2180000000000062,1.2210000000000063,1.2090000000000063,1.2180000000000062
2024-06-24,1.2150000000000065,1.2230000000000065,1.2060000000000064,1.2190000000000065
2024-06-25,1.2190000000000065,1.2290000000000065,1.2160000000000064,1.2260000000000064
2024-06-26,1.2240000000000064,1.2300000000000066,1.2210000000000065,1.2270000000000065
2024-06-27,1.2250000000000065,1.2570000000000066,1.2210000000000065,1.2420000000000067
2024-06-28,1.2390000000000063,1.2520000000000064,1.2330000000000063,1.2470000000000065
2024-07-01,1.2450000000000068,1.2650000000000066,1.2440000000000067,1.2630000000000066
2024-07-02,1.2600000000000064,1.2830000000000066,1.2580000000000064,1.2800000000000065
2024-07-03,1.282000000000007,1.284000000000007,1.2620000000000067,1.2690000000000066
2024-07-04,1.2670000000000066,1.2790000000000068,1.2670000000000066,1.272000000000007
2024-07-05,1.2720000000000065,1.2750000000000064,1.2380000000000062,1.2460000000000064
2024-07-08,1.2430000000000068,1.2580000000000067,1.2410000000000068,1.2530000000000066
2024-07-09,1.2530000000000066,1.2670000000000066,1.2440000000000067,1.2650000000000066
2024-07-10,1.2660000000000067,1.276000000000007,1.2640000000000067,1.2710000000000068
2024-07-11,1.275000000000007,1.2760000000000071,1.258000000000007,1.263000000000007
2024-07-12,1.2620000000000067,1.2910000000000068,1.2620000000000067,1.2890000000000068
2024-07-15,1.2880000000000071,1.3040000000000074,1.2860000000000071,1.3040000000000074
2024-07-16,1.3030000000000073,1.3090000000000073,1.289000000000007,1.299000000000007
2024-07-17,1.2960000000000076,1.3100000000000076,1.2940000000000076,1.3100000000000076
2024-07-18,1.3050000000000075,1.3080000000000076,1.2940000000000076,1.3070000000000075
2024-07-19,1.3060000000000074,1.3060000000000074,1.287000000000007,1.3030000000000073
2024-07-22,1.2990000000000077,1.3000000000000078,1.2760000000000076,1.2820000000000078
2024-07-23,1.2810000000000072,1.3080000000000076,1.2810000000000072,1.2940000000000076
2024-07-24,1.2930000000000075,1.3040000000000076,1.2890000000000075,1.2950000000000075
2024-07-25,1.2930000000000075,1.2960000000000076,1.2690000000000072,1.2830000000000072
2024-07-26,1.2810000000000072,1.2830000000000072,1.2550000000000072,1.2650000000000072
2024-07-29,1.2640000000000073,1.2840000000000074,1.2570000000000072,1.2830000000000072
2024-07-30,1.2820000000000074,1.2870000000000072,1.2690000000000072,1.2770000000000072
2024-07-31,1.2760000000000074,1.2810000000000072,1.2710000000000072,1.2760000000000074
2024-08-01,1.2720000000000073,1.2870000000000072,1.2590000000000072,1.2780000000000074
2024-08-02,1.2710000000000072,1.2790000000000072,1.2670000000000072,1.2710000000000072
2024-08-05,1.2700000000000073,1.2750000000000072,1.2590000000000072,1.2600000000000073
2024-08-06,1.2640000000000073,1.2670000000000072,1.240000000000007,1.248000000000007
2024-08-07,1.2470000000000072,1.2580000000000073,1.246000000000007,1.250000000000007
2024-08-08,1.2480000000000075,1.2540000000000076,1.2440000000000075,1.2530000000000074
2024-08-09,1.2510000000000074,1.2660000000000076,1.2480000000000075,1.2590000000000074
2024-08-12,1.2580000000000073,1.2590000000000072,1.2510000000000072,1.2550000000000072
2024-08-13,1.2540000000000073,1.2660000000000073,1.2530000000000072,1.2610000000000072
2024-08-14,1.2590000000000072,1.2680000000000073,1.2570000000000072,1.2600000000000073
2024-08-15,1.2580000000000073,1.2790000000000072,1.2570000000000072,1.2780000000000074
2024-08-16,1.2780000000000071,1.2940000000000071,1.275000000000007,1.293000000000007
2024-08-19,1.2940000000000071,1.3170000000000073,1.289000000000007,1.3150000000000073
2024-08-20,1.3140000000000074,1.3220000000000074,1.3090000000000073,1.3180000000000074
2024-08-21,1.3130000000000073,1.3170000000000073,1.297000000000007,1.3100000000000074
2024-08-22,1.3070000000000068,1.327000000000007,1.3070000000000068,1.3220000000000072
2024-08-23,1.321000000000007,1.3300000000000072,1.310000000000007,1.329000000000007
2024-08-26,1.3280000000000072,1.331000000000007,1.3160000000000072,1.329000000000007
2024-08-27,1.3260000000000072,1.3400000000000072,1.323000000000007,1.3340000000000072
2024-08-28,1.331000000000007,1.337000000000007,1.3160000000000072,1.325000000000007
2024-08-29,1.3230000000000073,1.3230000000000073,1.279000000000007,1.2820000000000071
2024-08-30,1.275000000000007,1.2860000000000071,1.2510000000000068,1.2560000000000069
2024-09-02,1.2460000000000069,1.2660000000000071,1.243000000000007,1.2550000000000068
2024-09-03,1.2540000000000069,1.2560000000000069,1.2260000000000069,1.2340000000000069
2024-09-04,1.2290000000000065,1.2410000000000068,1.2250000000000065,1.2300000000000066
2024-09-05,1.2300000000000066,1.2330000000000068,1.2180000000000064,1.2280000000000064
2024-09-06,1.227000000000007,1.245000000000007,1.227000000000007,1.2320000000000069
2024-09-09,1.227000000000007,1.229000000000007,1.2060000000000066,1.2090000000000067
2024-09-10,1.2090000000000067,1.2190000000000067,1.2030000000000067,1.2170000000000067
2024-09-11,1.2140000000000066,1.2150000000000067,1.1840000000000066,1.1900000000000066
2024-09-12,1.187000000000007,1.201000000000007,1.1800000000000068,1.197000000000007
2024-09-13,1.1960000000000066,1.2080000000000066,1.1930000000000067,1.1930000000000067
2024-09-18,1.193000000000007,1.207000000000007,1.1920000000000068,1.207000000000007
2024-09-19,1.2090000000000067,1.2100000000000066,1.1940000000000066,1.2080000000000066
2024-09-20,1.2070000000000067,1.2180000000000066,1.2040000000000066,1.2170000000000067
2024-09-23,1.2130000000000065,1.2370000000000068,1.2090000000000065,1.2360000000000066
2024-09-24,1.2410000000000068,1.2870000000000068,1.2380000000000067,1.2850000000000068
2024-09-25,1.3000000000000074,1.3300000000000074,1.295000000000007,1.3100000000000074
2024-09-26,1.308000000000007,1.3600000000000074,1.3050000000000068,1.3590000000000073
2024-09-27,1.3690000000000075,1.3890000000000078,1.3250000000000073,1.3780000000000074
2024-09-30,1.3850000000000078,1.428000000000008,1.3470000000000075,1.4140000000000077
2024-10-08,1.5330000000000088,1.5550000000000088,1.400000000000008,1.4600000000000084
2024-10-09,1.4290000000000083,1.4300000000000082,1.3520000000000079,1.3540000000000079
2024-10-10,1.3540000000000079,1.4410000000000083,1.3540000000000079,1.4120000000000081
2024-10-11,1.4100000000000084,1.4350000000000087,1.3870000000000082,1.3960000000000083
2024-10-14,1.4170000000000083,1.4580000000000084,1.4170000000000083,1.4460000000000084
2024-10-15,1.4410000000000083,1.4580000000000084,1.4100000000000081,1.4120000000000081
2024-10-16,1.4040000000000081,1.4540000000000084,1.401000000000008,1.4520000000000084
2024-10-17,1.4520000000000086,1.463000000000009,1.4280000000000086,1.4310000000000087
2024-10-18,1.4310000000000083,1.4480000000000084,1.4040000000000081,1.4390000000000083
2024-10-21,1.4320000000000086,1.4330000000000087,1.4050000000000085,1.4190000000000085
2024-10-22,1.4140000000000081,1.4280000000000082,1.4080000000000081,1.4160000000000081
2024-10-23,1.4160000000000084,1.4250000000000085,1.4120000000000084,1.4220000000000084
2024-10-24,1.4200000000000081,1.4290000000000083,1.4140000000000081,1.4170000000000083
2024-10-25,1.4150000000000083,1.4190000000000083,1.4050000000000082,1.4110000000000082
2024-10-28,1.4060000000000081,1.4060000000000081,1.389000000000008,1.398000000000008
2024-10-29,1.398000000000008,1.4140000000000081,1.394000000000008,1.397000000000008
2024-10-30,1.396000000000008,1.4050000000000082,1.375000000000008,1.381000000000008
2024-10-31,1.3780000000000079,1.388000000000008,1.3620000000000079,1.372000000000008
2024-11-01,1.3700000000000083,1.3990000000000085,1.3700000000000083,1.3910000000000085
2024-11-04,1.391000000000008,1.399000000000008,1.369000000000008,1.398000000000008
2024-11-05,1.3930000000000085,1.4100000000000084,1.3900000000000083,1.4090000000000085
2024-11-06,1.4070000000000085,1.4080000000000084,1.3910000000000085,1.3990000000000085
2024-11-07,1.3950000000000085,1.4300000000000086,1.3920000000000083,1.4290000000000087
2024-11-08,1.429000000000009,1.433000000000009,1.4030000000000087,1.4090000000000087
2024-11-11,1.4010000000000085,1.4010000000000085,1.380000000000008,1.3870000000000082
2024-11-12,1.3860000000000086,1.4010000000000087,1.3710000000000084,1.3750000000000084
2024-11-13,1.3720000000000083,1.3870000000000082,1.3710000000000082,1.382000000000008
2024-11-14,1.3810000000000087,1.3970000000000087,1.3750000000000084,1.3860000000000086
2024-11-15,1.3820000000000086,1.3970000000000087,1.3740000000000085,1.3840000000000086
2024-11-18,1.3970000000000087,1.433000000000009,1.3930000000000087,1.4100000000000086
2024-11-19,1.4090000000000087,1.425000000000009,1.3870000000000087,1.4050000000000087
2024-11-20,1.4010000000000087,1.4080000000000086,1.3940000000000086,1.3990000000000087
2024-11-21,1.3960000000000086,1.4010000000000087,1.3890000000000087,1.3960000000000086
2024-11-22,1.3940000000000086,1.3990000000000087,1.3630000000000084,1.3650000000000084
2024-11-25,1.3680000000000083,1.3770000000000082,1.3640000000000083,1.3680000000000083
2024-11-26,1.3640000000000083,1.382000000000008,1.3580000000000083,1.380000000000008
2024-11-27,1.376000000000008,1.3950000000000085,1.3700000000000083,1.3930000000000085
2024-11-28,1.3910000000000085,1.3990000000000085,1.3850000000000082,1.3920000000000083
2024-11-29,1.3930000000000085,1.4090000000000085,1.3890000000000085,1.3940000000000083
2024-12-02,1.3930000000000085,1.3950000000000085,1.380000000000008,1.3870000000000082
2024-12-03,1.3880000000000086,1.4090000000000087,1.3830000000000087,1.4090000000000087
2024-12-04,1.4050000000000087,1.4160000000000088,1.3940000000000086,1.4080000000000086
2024-12-05,1.4060000000000086,1.4160000000000088,1.4030000000000087,1.4080000000000086
2024-12-06,1.4060000000000086,1.4320000000000088,1.4060000000000086,1.423000000000009
2024-12-09,1.4200000000000088,1.435000000000009,1.4140000000000088,1.429000000000009
2024-12-10,1.4440000000000088,1.460000000000009,1.433000000000009,1.443000000000009
2024-12-11,1.441000000000009,1.4490000000000092,1.427000000000009,1.429000000000009
2024-12-12,1.4280000000000088,1.4470000000000092,1.425000000000009,1.4470000000000092
2024-12-13,1.437000000000009,1.4400000000000088,1.415000000000009,1.4160000000000088
2024-12-16,1.4140000000000084,1.4390000000000087,1.4140000000000084,1.4290000000000087
2024-12-17,1.4270000000000087,1.4390000000000087,1.4250000000000085,1.4280000000000086
2024-12-18,1.4350000000000087,1.4550000000000087,1.4310000000000087,1.4460000000000086
2024-12-19,1.4400000000000086,1.4470000000000087,1.4260000000000086,1.4310000000000087
2024-12-20,1.4290000000000087,1.4390000000000087,1.4250000000000085,1.4280000000000086
2024-12-23,1.427000000000009,1.462000000000009,1.427000000000009,1.4530000000000092
2024-12-24,1.4510000000000092,1.4730000000000092,1.448000000000009,1.4710000000000092
2024-12-25,1.470000000000009,1.4960000000000093,1.470000000000009,1.4880000000000093
2024-12-26,1.4850000000000094,1.4900000000000093,1.4670000000000092,1.4870000000000094
2024-12-27,1.482000000000009,1.4890000000000094,1.4550000000000092,1.4830000000000094
2024-12-30,1.4770000000000092,1.5050000000000092,1.4770000000000092,1.5020000000000093
2024-12-31,1.5010000000000092,1.5120000000000093,1.4830000000000094,1.4850000000000094
2025-01-02,1.4850000000000094,1.4950000000000094,1.4440000000000088,1.4510000000000092
2025-01-03,1.4510000000000092,1.4630000000000092,1.435000000000009,1.4420000000000088
2025-01-06,1.4440000000000086,1.4550000000000087,1.4180000000000084,1.4550000000000087
2025-01-07,1.4490000000000092,1.4650000000000092,1.4420000000000088,1.464000000000009
2025-01-08,1.460000000000009,1.4830000000000094,1.4590000000000092,1.4750000000000092
2025-01-09,1.476000000000009,1.476000000000009,1.4550000000000092,1.4650000000000092
2025-01-10,1.4640000000000088,1.471000000000009,1.4440000000000086,1.4560000000000086
2025-01-13,1.4500000000000086,1.4530000000000087,1.4250000000000085,1.4360000000000086
2025-01-14,1.439000000000009,1.4630000000000092,1.435000000000009,1.4590000000000092
2025-01-15,1.458000000000009,1.4900000000000093,1.4570000000000092,1.4710000000000092
2025-01-16,1.4750000000000092,1.4870000000000094,1.466000000000009,1.4850000000000094
2025-01-17,1.4810000000000092,1.4880000000000093,1.468000000000009,1.4770000000000092
2025-01-20,1.4790000000000092,1.4850000000000094,1.4690000000000092,1.4710000000000092
2025-01-21,1.4730000000000092,1.4790000000000092,1.462000000000009,1.4710000000000092
2025-01-22,1.4710000000000092,1.4710000000000092,1.4400000000000088,1.443000000000009
2025-01-23,1.4510000000000092,1.4850000000000094,1.450000000000009,1.4790000000000092
2025-01-24,1.4820000000000089,1.4900000000000089,1.4590000000000087,1.483000000000009
2025-01-27,1.4840000000000089,1.509000000000009,1.4840000000000089,1.503000000000009
2025-02-05,1.5030000000000092,1.5070000000000092,1.4770000000000092,1.480000000000009
2025-02-06,1.480000000000009,1.4910000000000094,1.468000000000009,1.480000000000009
2025-02-07,1.479000000000009,1.479000000000009,1.4700000000000089,1.475000000000009
2025-02-10,1.471000000000009,1.4880000000000089,1.4660000000000089,1.477000000000009
2025-02-11,1.4760000000000089,1.4900000000000089,1.475000000000009,1.4900000000000089
2025-02-12,1.4880000000000089,1.502000000000009,1.4800000000000089,1.5000000000000089
2025-02-13,1.4980000000000089,1.508000000000009,1.4960000000000089,1.502000000000009
2025-02-14,1.5020000000000093,1.5090000000000092,1.4950000000000094,1.5090000000000092
2025-02-17,1.5100000000000093,1.5100000000000093,1.4940000000000093,1.5060000000000093
2025-02-18,1.5020000000000093,1.5290000000000095,1.4990000000000094,1.5220000000000096
2025-02-19,1.5170000000000092,1.5230000000000095,1.5110000000000092,1.5140000000000093
2025-02-20,1.5100000000000093,1.5170000000000092,1.5060000000000093,1.5150000000000092
2025-02-21,1.513000000000009,1.5140000000000091,1.4900000000000089,1.4940000000000089
2025-02-24,1.4900000000000093,1.4940000000000093,1.480000000000009,1.4810000000000092
2025-02-25,1.4840000000000093,1.4860000000000093,1.466000000000009,1.470000000000009
2025-02-26,1.4700000000000089,1.4880000000000089,1.4700000000000089,1.4780000000000089
2025-02-27,1.479000000000009,1.497000000000009,1.469000000000009,1.497000000000009
2025-02-28,1.4930000000000094,1.5040000000000093,1.4880000000000093,1.4890000000000094
2025-03-03,1.4890000000000094,1.4940000000000093,1.476000000000009,1.4860000000000093
2025-03-04,1.482000000000009,1.4920000000000093,1.480000000000009,1.4850000000000094
2025-03-05,1.4830000000000094,1.5100000000000093,1.480000000000009,1.5090000000000092
2025-03-06,1.508000000000009,1.508000000000009,1.493000000000009,1.502000000000009
2025-03-07,1.4980000000000089,1.509000000000009,1.495000000000009,1.502000000000009
2025-03-10,1.5000000000000093,1.5010000000000092,1.4860000000000093,1.4900000000000093
2025-03-11,1.485000000000009,1.499000000000009,1.4820000000000089,1.4980000000000089
2025-03-12,1.4960000000000089,1.502000000000009,1.489000000000009,1.497000000000009
2025-03-13,1.499000000000009,1.509000000000009,1.4960000000000089,1.502000000000009
2025-03-14,1.502000000000009,1.529000000000009,1.501000000000009,1.5220000000000091
2025-03-17,1.5230000000000095,1.5330000000000095,1.5180000000000096,1.5270000000000095
2025-03-18,1.529000000000009,1.5300000000000091,1.521000000000009,1.5240000000000091
2025-03-19,1.5240000000000091,1.5470000000000093,1.5240000000000091,1.5470000000000093
2025-03-20,1.5460000000000094,1.5500000000000094,1.5320000000000091,1.537000000000009
2025-03-21,1.5340000000000096,1.5400000000000096,1.5160000000000093,1.5180000000000096
2025-03-24,1.5180000000000091,1.535000000000009,1.517000000000009,1.5320000000000091
2025-03-25,1.531000000000009,1.5420000000000094,1.5300000000000091,1.5400000000000094
2025-03-26,1.5350000000000095,1.5360000000000096,1.5140000000000093,1.5170000000000092
2025-03-27,1.5160000000000093,1.5300000000000096,1.5130000000000092,1.5230000000000095
2025-03-28,1.5230000000000095,1.5250000000000095,1.5150000000000092,1.5190000000000095
2025-03-31,1.5300000000000096,1.5340000000000096,1.5060000000000093,1.5240000000000096
2025-04-01,1.5200000000000096,1.5250000000000095,1.5070000000000092,1.5150000000000092
2025-04-02,1.5130000000000092,1.5320000000000096,1.5120000000000093,1.5280000000000096
2025-04-03,1.5220000000000096,1.5350000000000095,1.5180000000000096,1.5330000000000095
2025-04-07,1.5100000000000093,1.5120000000000093,1.423000000000009,1.4850000000000094
2025-04-08,1.4690000000000092,1.4870000000000094,1.458000000000009,1.4850000000000094
2025-04-09,1.4710000000000096,1.4840000000000095,1.4600000000000093,1.4720000000000095
2025-04-10,1.472000000000009,1.4880000000000093,1.470000000000009,1.4840000000000093
2025-04-11,1.478000000000009,1.4880000000000093,1.472000000000009,1.4880000000000093
2025-04-14,1.4860000000000089,1.5000000000000089,1.485000000000009,1.4960000000000089
2025-04-15,1.495000000000009,1.519000000000009,1.4920000000000089,1.5180000000000091
2025-04-16,1.517000000000009,1.535000000000009,1.5120000000000091,1.5320000000000091
2025-04-17,1.5280000000000091,1.5360000000000091,1.515000000000009,1.533000000000009
2025-04-18,1.5300000000000091,1.5500000000000094,1.5300000000000091,1.5480000000000094
2025-04-21,1.5460000000000094,1.5610000000000093,1.527000000000009,1.5280000000000091
2025-04-22,1.5280000000000091,1.5420000000000094,1.5280000000000091,1.5410000000000093
2025-04-23,1.5400000000000094,1.5420000000000094,1.529000000000009,1.533000000000009
2025-04-24,1.5300000000000091,1.5530000000000093,1.5300000000000091,1.5500000000000094
2025-04-25,1.5510000000000093,1.5570000000000093,1.5360000000000091,1.5450000000000093
2025-04-28,1.544000000000009,1.561000000000009,1.542000000000009,1.5580000000000092
2025-04-29,1.556000000000009,1.565000000000009,1.550000000000009,1.554000000000009
2025-04-30,1.548000000000009,1.5490000000000088,1.5150000000000086,1.520000000000009
2025-05-06,1.522000000000009,1.5250000000000088,1.5080000000000087,1.5190000000000086
2025-05-07,1.5250000000000088,1.5430000000000088,1.5190000000000086,1.542000000000009
2025-05-08,1.538000000000009,1.5600000000000092,1.536000000000009,1.5580000000000092
2025-05-09,1.556000000000009,1.581000000000009,1.5550000000000088,1.577000000000009
2025-05-12,1.5770000000000095,1.5960000000000096,1.5670000000000093,1.5820000000000096
2025-05-13,1.579000000000009,1.6070000000000093,1.5760000000000092,1.6050000000000093
2025-05-14,1.602000000000009,1.626000000000009,1.5970000000000089,1.6190000000000089
2025-05-15,1.618000000000009,1.632000000000009,1.6130000000000089,1.6150000000000089
2025-05-16,1.6130000000000089,1.6190000000000089,1.5910000000000089,1.6010000000000089
2025-05-19,1.6010000000000089,1.6130000000000089,1.594000000000009,1.596000000000009
2025-05-20,1.5990000000000093,1.6140000000000094,1.595000000000009,1.6010000000000093
2025-05-21,1.602000000000009,1.618000000000009,1.5950000000000089,1.612000000000009
2025-05-22,1.6110000000000089,1.628000000000009,1.6050000000000089,1.626000000000009
2025-05-23,1.629000000000009,1.633000000000009,1.608000000000009,1.610000000000009
2025-05-26,1.6090000000000086,1.6140000000000088,1.5940000000000085,1.5980000000000085
2025-05-27,1.6020000000000085,1.6150000000000087,1.6000000000000085,1.6070000000000086
2025-05-28,1.6080000000000088,1.6140000000000088,1.5940000000000085,1.6050000000000086
2025-05-29,1.6050000000000086,1.6090000000000086,1.5960000000000085,1.6040000000000085
2025-05-30,1.6020000000000085,1.6180000000000088,1.6000000000000085,1.6150000000000087
2025-06-03,1.6140000000000088,1.6520000000000088,1.6120000000000088,1.6430000000000087
2025-06-04,1.6430000000000087,1.651000000000009,1.6350000000000087,1.6450000000000087
2025-06-05,1.642000000000009,1.6510000000000091,1.632000000000009,1.633000000000009
2025-06-06,1.6350000000000091,1.646000000000009,1.632000000000009,1.638000000000009
2025-06-09,1.6380000000000086,1.6440000000000086,1.6260000000000085,1.6430000000000087
2025-06-10,1.638000000000009,1.6670000000000094,1.638000000000009,1.6510000000000091
2025-06-11,1.648000000000009,1.6630000000000094,1.6470000000000091,1.6570000000000091
2025-06-12,1.658000000000009,1.6660000000000093,1.650000000000009,1.6630000000000094
2025-06-13,1.6610000000000094,1.6670000000000094,1.644000000000009,1.650000000000009
2025-06-16,1.6470000000000096,1.6700000000000095,1.6440000000000095,1.6700000000000095
2025-06-17,1.6690000000000096,1.6770000000000098,1.6640000000000095,1.6660000000000095
2025-06-18,1.6670000000000096,1.6840000000000097,1.6640000000000095,1.6830000000000098
2025-06-19,1.6800000000000097,1.6860000000000097,1.6700000000000095,1.6810000000000098
2025-06-20,1.6800000000000097,1.7010000000000098,1.6770000000000098,1.7000000000000097
2025-06-23,1.6970000000000098,1.72600000000001,1.6810000000000098,1.72100000000001
2025-06-24,1.7170000000000103,1.7340000000000104,1.7080000000000102,1.7260000000000104
2025-06-25,1.72300000000001,1.74800000000001,1.71400000000001,1.74400000000001
2025-06-26,1.74100000000001,1.7650000000000101,1.73400000000001,1.7620000000000102
2025-06-27,1.7600000000000102,1.7710000000000101,1.7080000000000097,1.71300000000001
2025-06-30,1.7050000000000098,1.71200000000001,1.6930000000000098,1.7110000000000098
2025-07-01,1.7090000000000098,1.74100000000001,1.7080000000000097,1.73700000000001
2025-07-02,1.73400000000001,1.7540000000000102,1.73300000000001,1.74600000000001
2025-07-03,1.74200000000001,1.7560000000000102,1.73300000000001,1.74600000000001
2025-07-04,1.74200000000001,1.7880000000000102,1.74100000000001,1.7770000000000101
2025-07-07,1.7760000000000102,1.7880000000000102,1.7680000000000102,1.7880000000000102
2025-07-08,1.7860000000000102,1.7920000000000105,1.7680000000000102,1.7820000000000102
2025-07-09,1.7780000000000102,1.7980000000000105,1.7740000000000102,1.7900000000000105
2025-07-10,1.78800000000001,1.8220000000000103,1.78600000000001,1.81200000000001
2025-07-11,1.81200000000001,1.8240000000000103,1.7740000000000098,1.7760000000000098
2025-07-14,1.7760000000000102,1.8060000000000105,1.7740000000000102,1.7900000000000105
2025-07-15,1.79200000000001,1.79600000000001,1.7620000000000098,1.7720000000000098
2025-07-16,1.7680000000000102,1.7720000000000102,1.74600000000001,1.7640000000000102
2025-07-17,1.7640000000000098,1.7680000000000098,1.7520000000000098,1.7580000000000098
2025-07-18,1.7600000000000098,1.7740000000000098,1.7540000000000098,1.7660000000000098
2025-07-21,1.7620000000000102,1.7700000000000102,1.7500000000000102,1.7600000000000102
2025-07-22,1.7500000000000102,1.7540000000000102,1.72200000000001,1.73400000000001
2025-07-23,1.73200000000001,1.7600000000000102,1.73000000000001,1.74400000000001
2025-07-24,1.74400000000001,1.74600000000001,1.71600000000001,1.71800000000001
2025-07-25,1.71600000000001,1.72800000000001,1.71200000000001,1.71600000000001
2025-07-28,1.71200000000001,1.73200000000001,1.71200000000001,1.72000000000001
2025-07-29,1.7160000000000102,1.7260000000000104,1.6960000000000102,1.6980000000000102
2025-07-30,1.6980000000000102,1.7200000000000102,1.6920000000000102,1.7080000000000102
2025-07-31,1.7080000000000102,1.7080000000000102,1.68200000000001,1.6960000000000102
2025-08-01,1.7000000000000097,1.7100000000000097,1.6840000000000097,1.7060000000000097
2025-08-04,1.7020000000000102,1.7280000000000104,1.6980000000000102,1.7160000000000102
2025-08-05,1.71400000000001,1.74600000000001,1.71200000000001,1.74200000000001
2025-08-06,1.74200000000001,1.7520000000000102,1.73200000000001,1.74000000000001
2025-08-07,1.7380000000000104,1.7500000000000104,1.7280000000000104,1.7480000000000104
2025-08-08,1.7480000000000104,1.7560000000000104,1.7380000000000104,1.7400000000000104
2025-08-11,1.7400000000000104,1.7420000000000104,1.7200000000000102,1.7260000000000104
2025-08-12,1.7240000000000104,1.7400000000000104,1.7220000000000102,1.7300000000000104
2025-08-13,1.7320000000000104,1.7360000000000104,1.7080000000000102,1.7140000000000102
2025-08-14,1.7120000000000102,1.7200000000000102,1.7080000000000102,1.7120000000000102
2025-08-15,1.7100000000000102,1.7120000000000102,1.67400000000001,1.6880000000000102
2025-08-18,1.68200000000001,1.6940000000000102,1.67200000000001,1.6920000000000102
2025-08-19,1.6900000000000102,1.6980000000000102,1.68400000000001,1.6940000000000102
2025-08-20,1.6940000000000097,1.71200000000001,1.6860000000000097,1.7020000000000097
2025-08-21,1.7000000000000097,1.71400000000001,1.6900000000000097,1.7100000000000097
2025-08-22,1.7080000000000097,1.7100000000000097,1.6920000000000097,1.7040000000000097
2025-08-25,1.6980000000000097,1.71800000000001,1.6960000000000097,1.71600000000001
2025-08-26,1.71200000000001,1.72000000000001,1.7040000000000097,1.7060000000000097
2025-08-27,1.7020000000000097,1.7040000000000097,1.6740000000000097,1.6760000000000097
2025-08-28,1.67400000000001,1.6900000000000102,1.66200000000001,1.68400000000001
2025-08-29,1.6800000000000097,1.7040000000000097,1.6700000000000095,1.6720000000000095
2025-09-01,1.6680000000000095,1.6780000000000097,1.6500000000000095,1.6520000000000095
2025-09-02,1.6500000000000095,1.6840000000000097,1.6480000000000095,1.6840000000000097
2025-09-03,1.68000000000001,1.6860000000000102,1.65400000000001,1.66000000000001
2025-09-04,1.65800000000001,1.68000000000001,1.6320000000000097,1.67600000000001
2025-09-05,1.66800000000001,1.67000000000001,1.65200000000001,1.66000000000001
2025-09-08,1.65600000000001,1.66600000000001,1.6480000000000097,1.65200000000001
2025-09-09,1.65000000000001,1.66600000000001,1.6480000000000097,1.66400000000001
2025-09-10,1.6600000000000101,1.6700000000000104,1.6540000000000101,1.6660000000000104
2025-09-11,1.6620000000000104,1.6760000000000104,1.6540000000000101,1.6740000000000104
2025-09-12,1.6700000000000106,1.6760000000000108,1.6460000000000106,1.6480000000000106
2025-09-15,1.6460000000000106,1.6500000000000106,1.6280000000000103,1.6320000000000103
2025-09-16,1.63000000000001,1.6380000000000101,1.61400000000001,1.61600000000001
2025-09-17,1.6160000000000105,1.6240000000000105,1.6080000000000105,1.6100000000000105
2025-09-18,1.61000000000001,1.61400000000001,1.5760000000000098,1.5800000000000098
2025-09-19,1.5800000000000103,1.5880000000000103,1.56400000000001,1.5840000000000103
2025-09-22,1.5820000000000103,1.5840000000000103,1.56200000000001,1.56800000000001
2025-09-23,1.56200000000001,1.5960000000000103,1.55600000000001,1.5880000000000103
2025-09-24,1.5840000000000107,1.6040000000000108,1.5800000000000105,1.5840000000000107
2025-09-25,1.5840000000000107,1.5860000000000107,1.5660000000000105,1.5760000000000105
2025-09-26,1.5720000000000103,1.5800000000000103,1.55800000000001,1.5780000000000103
2025-09-29,1.5720000000000103,1.5860000000000103,1.56000000000001,1.5720000000000103
2025-09-30,1.5700000000000105,1.5700000000000105,1.5520000000000105,1.5560000000000105
2025-10-09,1.5520000000000105,1.5560000000000105,1.5400000000000102,1.5540000000000105
2025-10-10,1.55400000000001,1.5720000000000103,1.55000000000001,1.56000000000001
2025-10-13,1.5600000000000105,1.5820000000000105,1.5440000000000103,1.5740000000000105
2025-10-14,1.5680000000000105,1.6140000000000108,1.5620000000000105,1.6120000000000108
2025-10-15,1.6120000000000108,1.624000000000011,1.6040000000000108,1.620000000000011
2025-10-16,1.6180000000000105,1.6460000000000106,1.6180000000000105,1.6440000000000106
2025-10-17,1.6400000000000106,1.6600000000000106,1.6320000000000103,1.6420000000000106
2025-10-20,1.6340000000000103,1.6420000000000106,1.6120000000000105,1.6380000000000106
2025-10-21,1.6340000000000103,1.6480000000000106,1.6320000000000103,1.6440000000000106
2025-10-22,1.6380000000000106,1.6620000000000106,1.6380000000000106,1.6580000000000106
2025-10-23,1.6580000000000106,1.6820000000000108,1.6500000000000106,1.6680000000000106
2025-10-24,1.662000000000011,1.674000000000011,1.656000000000011,1.658000000000011
2025-10-27,1.652000000000011,1.672000000000011,1.6420000000000108,1.660000000000011
2025-10-28,1.662000000000011,1.668000000000011,1.6420000000000108,1.658000000000011
2025-10-29,1.654000000000011,1.654000000000011,1.620000000000011,1.6260000000000108
2025-10-30,1.622000000000011,1.6380000000000108,1.622000000000011,1.624000000000011
2025-10-31,1.6260000000000108,1.6300000000000108,1.6140000000000108,1.6260000000000108
2025-11-03,1.6260000000000108,1.6500000000000108,1.624000000000011,1.6460000000000108
2025-11-04,1.6460000000000108,1.680000000000011,1.6440000000000108,1.680000000000011
2025-11-05,1.6860000000000113,1.7000000000000113,1.670000000000011,1.680000000000011
2025-11-06,1.670000000000011,1.682000000000011,1.662000000000011,1.672000000000011
2025-11-07,1.672000000000011,1.6860000000000113,1.666000000000011,1.670000000000011
2025-11-10,1.6640000000000106,1.6800000000000108,1.6580000000000106,1.6780000000000108
2025-11-11,1.6760000000000108,1.6900000000000108,1.6720000000000106,1.6860000000000108
2025-11-12,1.6880000000000108,1.708000000000011,1.6880000000000108,1.6960000000000108
2025-11-13,1.6920000000000108,1.7000000000000108,1.6760000000000108,1.6920000000000108
2025-11-14,1.6920000000000108,1.714000000000011,1.6920000000000108,1.6980000000000108
2025-11-17,1.6920000000000108,1.6960000000000108,1.6700000000000106,1.6760000000000108
2025-11-18,1.6700000000000106,1.6780000000000108,1.6640000000000106,1.6680000000000106
2025-11-19,1.6680000000000106,1.6900000000000108,1.6680000000000106,1.6840000000000108
2025-11-20,1.6800000000000104,1.7160000000000106,1.6760000000000104,1.6980000000000106
2025-11-21,1.6960000000000108,1.7060000000000108,1.6780000000000108,1.6800000000000108
2025-11-24,1.6780000000000108,1.6860000000000108,1.6660000000000106,1.6700000000000106
2025-11-25,1.6660000000000104,1.6920000000000104,1.6580000000000101,1.6920000000000104
2025-11-26,1.6920000000000108,1.7000000000000108,1.6740000000000108,1.6780000000000108
2025-11-27,1.6740000000000108,1.6900000000000108,1.6620000000000106,1.6840000000000108
2025-11-28,1.6820000000000108,1.6840000000000108,1.6680000000000106,1.6720000000000106
2025-12-01,1.6660000000000106,1.6860000000000108,1.6640000000000106,1.6840000000000108
2025-12-02,1.6840000000000108,1.6920000000000108,1.6720000000000106,1.6820000000000108
2025-12-03,1.6800000000000108,1.6940000000000108,1.6680000000000106,1.6680000000000106
2025-12-04,1.6680000000000104,1.6720000000000104,1.6580000000000101,1.6620000000000104
2025-12-05,1.6580000000000101,1.6680000000000104,1.6440000000000101,1.6540000000000101
2025-12-08,1.6520000000000101,1.6600000000000101,1.6460000000000101,1.6540000000000101
2025-12-09,1.6540000000000101,1.6600000000000101,1.6420000000000101,1.6520000000000101
2025-12-10,1.6500000000000106,1.6540000000000106,1.6200000000000105,1.6280000000000103
2025-12-11,1.6260000000000103,1.6320000000000103,1.6200000000000105,1.6300000000000103
2025-12-12,1.6280000000000103,1.6300000000000103,1.6180000000000105,1.6260000000000103
2025-12-15,1.6240000000000105,1.6380000000000106,1.6200000000000105,1.6300000000000103
2025-12-16,1.6280000000000103,1.6340000000000103,1.6140000000000105,1.6200000000000105
2025-12-17,1.61800000000001,1.63200000000001,1.61000000000001,1.62400000000001
2025-12-18,1.6200000000000105,1.6560000000000106,1.6180000000000105,1.6540000000000106
2025-12-19,1.6500000000000108,1.656000000000011,1.6420000000000108,1.6480000000000108
2025-12-22,1.6460000000000106,1.6460000000000106,1.6360000000000103,1.6380000000000106
2025-12-23,1.6360000000000103,1.6480000000000106,1.6340000000000103,1.6400000000000106
2025-12-24,1.6420000000000106,1.6460000000000106,1.6300000000000103,1.6400000000000106
2025-12-25,1.6380000000000106,1.6480000000000106,1.6360000000000103,1.6380000000000106
2025-12-26,1.6360000000000103,1.6400000000000106,1.6300000000000103,1.6320000000000103
2025-12-29,1.6320000000000103,1.6480000000000106,1.6260000000000103,1.6480000000000106
2025-12-30,1.6440000000000106,1.6520000000000106,1.6360000000000103,1.6480000000000106
2025-12-31,1.6460000000000106,1.6520000000000106,1.6400000000000106,1.6460000000000106
2026-01-05,1.6460000000000106,1.6560000000000106,1.6360000000000103,1.6400000000000106
2026-01-06,1.6400000000000101,1.6500000000000101,1.63000000000001,1.6500000000000101
2026-01-07,1.6480000000000101,1.6540000000000101,1.6360000000000101,1.6380000000000101
2026-01-08,1.6380000000000101,1.6380000000000101,1.62000000000001,1.62200000000001
2026-01-09,1.62200000000001,1.62600000000001,1.61200000000001,1.61600000000001
2026-01-12,1.61400000000001,1.62400000000001,1.60800000000001,1.62400000000001
2026-01-13,1.62200000000001,1.6420000000000101,1.62200000000001,1.63000000000001
2026-01-14,1.63000000000001,1.63000000000001,1.60400000000001,1.60800000000001
2026-01-15,1.60400000000001,1.60600000000001,1.5880000000000098,1.59000000000001
2026-01-16,1.5940000000000103,1.5980000000000103,1.5700000000000103,1.5740000000000103
2026-01-19,1.5720000000000098,1.5780000000000098,1.5620000000000098,1.5680000000000098
2026-01-20,1.5680000000000098,1.5840000000000098,1.5620000000000098,1.5800000000000098
2026-01-21,1.5800000000000103,1.5880000000000103,1.55200000000001,1.55600000000001
2026-01-22,1.5560000000000098,1.5680000000000098,1.5460000000000096,1.5500000000000096
2026-01-23,1.55000000000001,1.55600000000001,1.5300000000000098,1.5340000000000098
2026-01-26,1.5300000000000098,1.55400000000001,1.5260000000000098,1.54200000000001
2026-01-27,1.54200000000001,1.56000000000001,1.53600000000001,1.54000000000001
2026-01-28,1.53600000000001,1.55000000000001,1.5260000000000098,1.5300000000000098
2026-01-29,1.5280000000000098,1.55800000000001,1.5200000000000098,1.55600000000001
2026-01-30,1.5580000000000098,1.5700000000000098,1.5480000000000096,1.5500000000000096
2026-02-02,1.5480000000000096,1.5720000000000098,1.5460000000000096,1.5520000000000096
2026-02-03,1.55000000000001,1.55200000000001,1.5320000000000098,1.53600000000001
2026-02-04,1.5340000000000096,1.5600000000000098,1.5340000000000096,1.5580000000000098
2026-02-05,1.5620000000000098,1.5880000000000098,1.5580000000000098,1.5840000000000098
2026-02-06,1.5820000000000098,1.59200000000001,1.5700000000000098,1.5800000000000098
2026-02-09,1.5720000000000103,1.5880000000000103,1.56800000000001,1.5840000000000103
2026-02-10,1.5840000000000103,1.5940000000000103,1.5820000000000103,1.5880000000000103
2026-02-11,1.5880000000000107,1.5940000000000107,1.5800000000000105,1.5920000000000107
2026-02-12,1.5920000000000103,1.5920000000000103,1.56600000000001,1.56800000000001
2026-02-13,1.5700000000000103,1.5740000000000103,1.55600000000001,1.55800000000001
2026-02-24,1.56000000000001,1.56800000000001,1.55400000000001,1.55400000000001
2026-02-25,1.5540000000000098,1.5620000000000098,1.5440000000000096,1.5480000000000096
2026-02-26,1.54600000000001,1.55600000000001,1.53800000000001,1.54400000000001
2026-02-27,1.54400000000001,1.55200000000001,1.54000000000001,1.54600000000001
2026-03-02,1.5420000000000103,1.5580000000000105,1.5340000000000102,1.5540000000000105
2026-03-03,1.55200000000001,1.5800000000000103,1.54200000000001,1.56800000000001
2026-03-04,1.5620000000000098,1.5640000000000098,1.5400000000000096,1.5500000000000096
2026-03-05,1.54600000000001,1.56800000000001,1.54600000000001,1.56600000000001
2026-03-06,1.5620000000000098,1.5720000000000098,1.5580000000000098,1.5680000000000098
2026-03-09,1.5600000000000098,1.5720000000000098,1.5540000000000098,1.5560000000000098
2026-03-10,1.5540000000000098,1.5620000000000098,1.5480000000000096,1.5580000000000098
2026-03-11,1.5580000000000098,1.5740000000000098,1.5520000000000096,1.5720000000000098
2026-03-12,1.5700000000000098,1.5860000000000098,1.5680000000000098,1.5860000000000098
2026-03-13,1.5840000000000103,1.6020000000000103,1.5760000000000103,1.5900000000000103
2026-03-16,1.5900000000000103,1.6040000000000105,1.5860000000000103,1.5940000000000103
2026-03-17,1.5940000000000103,1.6140000000000105,1.5920000000000103,1.6080000000000105
2026-03-18,1.6080000000000105,1.6120000000000105,1.5960000000000103,1.6040000000000105
2026-03-19,1.59800000000001,1.61200000000001,1.59600000000001,1.59800000000001
2026-03-20,1.5960000000000103,1.6100000000000105,1.5920000000000103,1.5940000000000103
2026-03-23,1.5860000000000103,1.5880000000000103,1.53600000000001,1.54200000000001
2026-03-24,1.54600000000001,1.5760000000000103,1.54600000000001,1.5740000000000103
2026-03-25,1.5740000000000098,1.59000000000001,1.5580000000000098,1.5880000000000098
2026-03-26,1.5800000000000103,1.5980000000000103,1.5800000000000103,1.5920000000000103
2026-03-27,1.5900000000000103,1.5960000000000103,1.5780000000000103,1.5840000000000103
2026-03-30,1.5780000000000105,1.5960000000000107,1.5720000000000105,1.5900000000000107
2026-03-31,1.5900000000000107,1.6120000000000108,1.5900000000000107,1.6040000000000108
2026-04-01,1.6060000000000108,1.618000000000011,1.5980000000000107,1.6040000000000108
2026-04-02,1.6020000000000103,1.6180000000000105,1.6000000000000103,1.6100000000000105
2026-04-03,1.6120000000000105,1.6120000000000105,1.5900000000000103,1.5940000000000103
2026-04-07,1.5920000000000103,1.5960000000000103,1.5720000000000103,1.5760000000000103
2026-04-08,1.5800000000000098,1.59000000000001,1.5680000000000098,1.5880000000000098
2026-04-09,1.5860000000000103,1.5920000000000103,1.5740000000000103,1.5760000000000103
2026-04-10,1.5760000000000103,1.5780000000000103,1.5720000000000103,1.5740000000000103
2026-04-13,1.5740000000000103,1.5780000000000103,1.56400000000001,1.5780000000000103
2026-04-14,1.5740000000000098,1.59000000000001,1.5720000000000098,1.5880000000000098
2026-04-15,1.5880000000000103,1.6080000000000105,1.5860000000000103,1.6040000000000105
2026-04-16,1.6040000000000105,1.6160000000000105,1.5960000000000103,1.6020000000000103
2026-04-17,1.5980000000000107,1.6040000000000108,1.5900000000000107,1.5920000000000107
2026-04-20,1.5920000000000107,1.6100000000000108,1.5880000000000107,1.6100000000000108
2026-04-21,1.6100000000000108,1.6280000000000108,1.6060000000000108,1.6160000000000108
2026-04-22,1.6160000000000108,1.618000000000011,1.6000000000000107,1.6040000000000108
2026-04-23,1.6040000000000105,1.6160000000000105,1.5980000000000103,1.6080000000000105
2026-04-24,1.6080000000000105,1.6140000000000105,1.6000000000000103,1.6060000000000105
2026-04-27,1.6040000000000105,1.6220000000000105,1.5960000000000103,1.6000000000000103
2026-04-28,1.5960000000000103,1.6060000000000105,1.5940000000000103,1.6060000000000105
2026-04-29,1.6000000000000103,1.6060000000000105,1.5880000000000103,1.6000000000000103
2026-04-30,1.5960000000000103,1.6000000000000103,1.5840000000000103,1.5900000000000103
2026-05-06,1.5860000000000103,1.5880000000000103,1.56600000000001,1.5760000000000103
2026-05-07,1.5740000000000103,1.5780000000000103,1.56800000000001,1.56800000000001
2026-05-08,1.5700000000000103,1.5800000000000103,1.56600000000001,1.5700000000000103
2026-05-11,1.56800000000001,1.5700000000000103,1.55800000000001,1.5700000000000103
2026-05-12,1.56800000000001,1.5740000000000103,1.56200000000001,1.56400000000001
2026-05-13,1.5640000000000098,1.5700000000000098,1.5580000000000098,1.5600000000000098
2026-05-14,1.5600000000000098,1.5720000000000098,1.5560000000000098,1.5680000000000098
2026-05-15,1.5640000000000098,1.5720000000000098,1.5540000000000098,1.5580000000000098
2026-05-18,1.5540000000000098,1.5560000000000098,1.5380000000000096,1.5420000000000096
2026-05-19,1.5420000000000096,1.5620000000000098,1.5400000000000096,1.5500000000000096
2026-05-20,1.5500000000000096,1.5520000000000096,1.5340000000000096,1.5360000000000096
2026-05-21,1.5360000000000096,1.5480000000000096,1.5300000000000096,1.5420000000000096
2026-05-22,1.53800000000001,1.54400000000001,1.5280000000000098,1.53800000000001
2026-05-25,1.5340000000000098,1.54600000000001,1.5300000000000098,1.5340000000000098
2026-05-26,1.5340000000000098,1.54800000000001,1.5340000000000098,1.54200000000001
2026-05-27,1.54000000000001,1.54600000000001,1.5320000000000098,1.5340000000000098
2026-05-28,1.5320000000000098,1.54000000000001,1.5200000000000098,1.5220000000000098
2026-05-29,1.5200000000000098,1.55800000000001,1.5140000000000098,1.55200000000001
2026-06-01,1.55000000000001,1.5700000000000103,1.54400000000001,1.5700000000000103
2026-06-02,1.5680000000000098,1.59000000000001,1.5660000000000098,1.5800000000000098
2026-06-03,1.5760000000000103,1.5780000000000103,1.55600000000001,1.56600000000001
2026-06-04,1.5640000000000098,1.5720000000000098,1.5440000000000096,1.5480000000000096
2026-06-05,1.5500000000000096,1.5720000000000098,1.5480000000000096,1.5680000000000098
2026-06-08,1.5720000000000103,1.5860000000000103,1.56000000000001,1.5780000000000103
2026-06-09,1.5700000000000098,1.59600000000001,1.5680000000000098,1.5840000000000098
2026-06-10,1.5840000000000103,1.6140000000000105,1.5840000000000103,1.6120000000000105
2026-06-11,1.6160000000000105,1.6180000000000105,1.5940000000000103,1.6040000000000105
2026-06-12,1.5940000000000103,1.6320000000000103,1.5880000000000103,1.6280000000000103
2026-06-15,1.6240000000000105,1.6300000000000103,1.6000000000000103,1.6040000000000105
2026-06-16,1.6000000000000103,1.6040000000000105,1.5800000000000103,1.5840000000000103
2026-06-17,1.5880000000000103,1.5960000000000103,1.56600000000001,1.5700000000000103
2026-06-18,1.5700000000000103,1.5700000000000103,1.5280000000000098,1.5320000000000098
2026-06-22,1.5260000000000098,1.55200000000001,1.5140000000000098,1.54200000000001
2026-06-23,1.5380000000000102,1.5720000000000105,1.5380000000000102,1.5560000000000105
2026-06-24,1.55800000000001,1.56200000000001,1.5200000000000098,1.5220000000000098
2026-06-25,1.5140000000000098,1.5300000000000098,1.5040000000000098,1.5060000000000098
2026-06-26,1.5060000000000098,1.5140000000000098,1.4900000000000095,1.4920000000000095
2026-06-29,1.4900000000000095,1.5060000000000098,1.4620000000000093,1.5000000000000098
2026-06-30,1.4940000000000095,1.4940000000000095,1.4560000000000093,1.4680000000000095
2026-07-01,1.4640000000000093,1.4800000000000095,1.4560000000000093,1.4740000000000095
2026-07-02,1.4740000000000095,1.5080000000000098,1.4740000000000095,1.4960000000000095
2026-07-03,1.4880000000000095,1.5060000000000098,1.4760000000000095,1.4940000000000095
2026-07-06,1.4880000000000095,1.5220000000000098,1.4800000000000095,1.5200000000000098
2026-07-07,1.5180000000000102,1.5260000000000102,1.50200000000001,1.5180000000000102
2026-07-08,1.5160000000000098,1.54000000000001,1.5040000000000098,1.54000000000001
2026-07-09,1.5280000000000098,1.5320000000000098,1.5160000000000098,1.5220000000000098
2026-07-10,1.5220000000000098,1.5340000000000098,1.5160000000000098,1.5340000000000098
2026-07-13,1.5280000000000098,1.56200000000001,1.5240000000000098,1.55800000000001
2026-07-14,1.55600000000001,1.56600000000001,1.54600000000001,1.56200000000001
2026-07-15,1.5500000000000096,1.5840000000000098,1.5460000000000096,1.5800000000000098
2026-07-16,1.5800000000000103,1.5900000000000103,1.56000000000001,1.56400000000001
2026-07-17,1.56800000000001,1.5880000000000103,1.56600000000001,1.5780000000000103
2026-07-20,1.5740000000000098,1.61800000000001,1.5720000000000098,1.61600000000001
2026-07-21,1.61600000000001,1.63000000000001,1.5780000000000098,1.5800000000000098
2026-07-22,1.5780000000000103,1.5980000000000103,1.56200000000001,1.5980000000000103
2026-07-23,1.5940000000000103,1.6100000000000105,1.5900000000000103,1.6060000000000105
2026-07-24,1.6100000000000105,1.6200000000000105,1.6060000000000105,1.6080000000000105
2026-07-27,1.6140000000000105,1.6220000000000105,1.6020000000000103,1.6100000000000105
2026-07-28,1.61400000000001,1.6380000000000101,1.61000000000001,1.6360000000000101
2026-07-29,1.6380000000000101,1.6520000000000101,1.6360000000000101,1.6380000000000101
2026-07-30,1.6380000000000106,1.6820000000000108,1.6360000000000103,1.6800000000000108
2026-07-31,1.6520000000000101,1.6720000000000104,1.62000000000001,1.6720000000000104
2026-08-03,1.6540000000000101,1.6720000000000104,1.6420000000000101,1.6620000000000104
2026-08-04,1.6580000000000101,1.6580000000000101,1.62000000000001,1.62200000000001
2026-08-05,1.6160000000000099,1.6260000000000097,1.5960000000000096,1.6020000000000096
2026-08-06,1.6060000000000096,1.6140000000000099,1.5880000000000096,1.6100000000000096
2026-08-07,1.6040000000000096,1.6100000000000096,1.5860000000000096,1.5960000000000096
2026-08-10,1.5900000000000096,1.6160000000000099,1.5900000000000096,1.6060000000000096
2026-08-11,1.6060000000000096,1.6140000000000099,1.5980000000000096,1.6000000000000096
2026-08-12,1.6000000000000096,1.6040000000000096,1.5900000000000096,1.6000000000000096
2026-08-13,1.5920000000000096,1.6060000000000096,1.5900000000000096,1.6060000000000096
2026-08-14,1.6000000000000096,1.6080000000000096,1.5940000000000096,1.5940000000000096
2026-08-17,1.5920000000000096,1.5960000000000096,1.5860000000000096,1.5920000000000096
2026-08-18,1.5900000000000096,1.6040000000000096,1.5900000000000096,1.6040000000000096
2026-08-19,1.60800000000001,1.62800000000001,1.60600000000001,1.62600000000001
