date,open,high,low,close
2017-08-24,100.126,100.126,92.0,99.487
2017-08-25,99.48699999999998,99.83799999999998,99.00099999999999,99.80899999999998
2017-08-28,99.817,99.988,99.79,99.979
2017-08-29,99.98,99.98,99.753,99.773
2017-08-30,99.783,99.9,99.735,99.877
2017-08-31,98.85299999999998,99.99999999999999,98.85299999999998,99.99799999999999
2017-09-01,99.81499999999998,99.98999999999998,99.81499999999998,99.86599999999999
2017-09-04,99.86699999999998,99.98799999999997,99.86699999999998,99.87799999999997
2017-09-05,99.27699999999996,99.88899999999995,99.27699999999996,99.86999999999996
2017-09-06,99.84899999999996,99.99999999999996,99.82999999999996,99.87099999999995
2017-09-07,99.70999999999995,99.99899999999995,99.70999999999995,99.82199999999996
2017-09-08,99.75099999999998,99.98999999999997,99.75099999999998,99.96099999999997
2017-09-11,99.96999999999998,100.00999999999999,99.81599999999999,99.99799999999999
2017-09-12,99.95099999999998,100.02999999999999,99.95099999999998,99.96199999999999
2017-09-13,99.935,100.038,99.935,99.995
2017-09-14,99.408,100.069,99.408,100.009
2017-09-15,99.73,100.198,99.73,100.195
2017-09-18,100.04099999999998,100.29799999999999,100.04099999999998,100.27599999999998
2017-09-19,100.02999999999999,100.27599999999998,100.02999999999999,100.12099999999998
2017-09-20,100.12399999999997,100.31999999999996,100.12399999999997,100.22499999999997
2017-09-21,100.11899999999997,100.34999999999997,100.11899999999997,100.27999999999997
2017-09-22,100.10299999999995,100.50999999999996,100.10299999999995,100.45399999999995
2017-09-25,100.12599999999996,100.59999999999995,100.12599999999996,100.54599999999996
2017-09-26,100.19999999999996,100.50099999999996,100.19999999999996,100.33999999999996
2017-09-27,100.20699999999994,100.41299999999994,100.20599999999995,100.31499999999994
2017-09-28,100.31799999999996,100.44499999999995,100.31799999999996,100.42799999999995
2017-09-29,100.19999999999996,100.19999999999996,99.92099999999996,100.00999999999996
2017-10-09,100.19999999999996,100.19999999999996,100.11099999999996,100.13599999999995
2017-10-10,100.13299999999994,100.19999999999995,100.13299999999994,100.19999999999995
2017-10-11,100.16699999999993,100.17199999999993,98.00099999999993,99.99399999999993
2017-10-12,99.99699999999994,100.11999999999995,99.00699999999995,99.98999999999994
2017-10-13,99.98999999999995,100.16799999999996,99.66399999999996,99.91399999999996
2017-10-16,99.91099999999997,99.91099999999997,99.50199999999997,99.90099999999997
2017-10-17,99.89799999999997,99.89799999999997,99.56399999999996,99.60099999999997
2017-10-18,99.60399999999998,99.99799999999999,99.59999999999998,99.64999999999999
2017-10-19,99.65299999999999,99.83599999999998,99.59999999999998,99.83599999999998
2017-10-20,99.83299999999998,99.83299999999998,99.52199999999999,99.74099999999999
2017-10-23,99.629,99.856,99.629,99.7
2017-10-24,99.54999999999998,99.67999999999999,99.54999999999998,99.66799999999999
2017-10-25,99.551,99.7,99.5,99.66
2017-10-26,99.49999999999999,99.60799999999999,99.40799999999999,99.60799999999999
2017-10-27,99.308,99.7,99.308,99.6
2017-10-30,99.597,99.6,98.64,99.4
2017-10-31,99.4,99.65,99.1,99.386
2017-11-01,99.38900000000002,99.40000000000003,99.15600000000003,99.40000000000003
2017-11-02,99.20300000000003,99.30000000000003,99.20300000000003,99.30000000000003
2017-11-03,99.20000000000003,99.29800000000003,99.20000000000003,99.20000000000003
2017-11-06,99.2,99.215,99.2,99.214
2017-11-07,99.21400000000003,99.21500000000003,99.21400000000003,99.21500000000003
2017-11-08,99.10000000000002,99.21500000000003,99.00100000000003,99.20000000000003
2017-11-09,99.01,99.1,98.5,99.098
2017-11-10,99.095,99.095,98.58,98.676
2017-11-13,98.9,98.9,98.504,98.7
2017-11-14,98.7,98.98,98.502,98.98
2017-11-15,98.977,98.977,97.922,98.288
2017-11-16,98.28800000000003,98.39800000000002,98.00000000000003,98.00000000000003
2017-11-17,98.01000000000003,98.19000000000003,98.01000000000003,98.18300000000004
2017-11-20,98.998,98.998,98.2,98.213
2017-11-21,98.213,98.359,98.213,98.231
2017-11-22,98.234,99.5,98.039,98.048
2017-11-23,98.05099999999999,98.99899999999998,97.96399999999998,98.87999999999998
2017-11-24,98.87999999999998,99.99699999999999,98.05899999999998,98.19999999999999
2017-11-27,98.197,98.871,98.15,98.697
2017-11-28,98.69699999999999,98.69699999999999,98.09999999999998,98.09999999999998
2017-11-29,97.834,98.001,97.1,97.454
2017-11-30,97.451,98.0,97.27,97.822
2017-12-01,97.82499999999999,98.18999999999998,97.76999999999998,97.99599999999998
2017-12-04,97.999,98.088,97.901,97.993
2017-12-05,97.99999999999999,98.24699999999999,97.83099999999999,97.99399999999999
2017-12-06,97.99699999999999,98.03999999999999,97.83399999999999,97.84999999999998
2017-12-07,97.85299999999998,98.01099999999998,97.70399999999998,98.00199999999998
2017-12-08,97.866,98.0,97.802,97.802
2017-12-11,97.805,98.048,97.614,97.805
2017-12-12,97.80800000000004,97.99900000000002,97.75000000000003,97.90000000000003
2017-12-13,97.89700000000003,97.94900000000003,97.80600000000003,97.94900000000003
2017-12-14,97.94600000000003,98.00000000000003,97.90300000000003,97.90300000000003
2017-12-15,97.90600000000003,98.03700000000003,97.80000000000003,97.80100000000003
2017-12-18,97.82500000000003,97.99900000000002,97.82500000000003,97.90000000000003
2017-12-19,97.90300000000003,97.98400000000002,97.81300000000003,97.85000000000002
2017-12-20,97.85300000000002,98.49800000000003,97.85300000000002,98.15000000000003
2017-12-21,98.14700000000003,98.46000000000002,97.96200000000003,98.14800000000002
2017-12-22,98.15000000000005,98.38300000000004,98.12600000000005,98.15500000000004
2017-12-25,98.16400000000004,98.22800000000004,98.01100000000004,98.16000000000004
2017-12-26,98.16300000000004,98.39400000000005,98.00100000000005,98.25000000000004
2017-12-27,98.24700000000003,98.48100000000002,98.11300000000003,98.11300000000003
2017-12-28,98.11600000000003,98.25000000000003,97.05000000000003,97.05000000000003
2017-12-29,97.50200000000002,98.40000000000003,97.50200000000002,98.11600000000003
2018-01-02,98.11900000000003,98.20000000000003,98.00200000000002,98.20000000000003
2018-01-03,98.20300000000003,98.20300000000003,98.10100000000003,98.16000000000003
2018-01-04,98.11000000000003,98.16100000000003,98.08100000000003,98.16100000000003
2018-01-05,98.16400000000003,98.47700000000003,97.50100000000003,98.07800000000003
2018-01-08,98.07500000000003,98.34200000000003,97.85100000000003,97.98600000000003
2018-01-09,97.98000000000005,98.29400000000004,97.85500000000005,98.12400000000004
2018-01-10,98.12000000000005,98.12000000000005,97.93000000000005,98.00400000000005
2018-01-11,98.00100000000003,98.00100000000003,97.62100000000002,97.74200000000003
2018-01-12,97.75100000000005,97.88800000000005,97.75100000000005,97.75500000000004
2018-01-15,97.75800000000004,97.88900000000004,97.65000000000005,97.80000000000004
2018-01-16,97.80300000000003,97.85900000000002,97.73100000000002,97.85900000000002
2018-01-17,97.85600000000002,97.85600000000002,97.60000000000002,97.63400000000003
2018-01-18,97.65300000000003,97.77900000000002,97.55100000000003,97.70200000000003
2018-01-19,97.64100000000003,97.99700000000003,97.64100000000003,97.99700000000003
2018-01-22,97.98700000000004,98.49900000000004,97.71400000000004,98.45600000000005
2018-01-23,98.20000000000005,98.39900000000004,98.20000000000005,98.25000000000004
2018-01-24,98.24400000000004,98.39600000000004,98.06100000000005,98.25000000000004
2018-01-25,98.24200000000008,98.39000000000007,97.50200000000007,97.81600000000007
2018-01-26,98.00100000000008,98.45600000000007,98.00100000000008,98.02700000000007
2018-01-29,98.03600000000007,98.27900000000007,98.00000000000007,98.01000000000008
2018-01-30,98.01300000000008,98.33900000000007,97.85200000000007,97.86100000000008
2018-01-31,97.86400000000008,98.05400000000007,97.76300000000008,98.05300000000007
2018-02-01,98.05600000000007,98.17100000000008,97.85100000000007,97.96600000000007
2018-02-02,97.97800000000007,98.16800000000008,97.93100000000007,98.16800000000008
2018-02-05,98.16500000000008,98.29900000000008,98.10000000000007,98.17000000000007
2018-02-06,98.17300000000007,98.20000000000007,97.95100000000006,98.00100000000008
2018-02-07,98.10300000000007,98.24900000000007,98.10000000000007,98.20100000000006
2018-02-08,98.20000000000007,98.89600000000007,98.20000000000007,98.34200000000007
2018-02-09,98.28000000000009,98.48800000000008,98.28000000000009,98.40000000000009
2018-02-12,98.39900000000009,98.94700000000009,98.25100000000009,98.25100000000009
2018-02-13,98.42100000000009,98.58000000000008,98.26300000000009,98.28200000000008
2018-02-14,98.28500000000011,98.90000000000012,98.28500000000011,98.89100000000012
2018-02-22,98.84400000000011,98.87900000000012,98.60000000000011,98.60000000000011
2018-02-23,98.37100000000011,98.95900000000012,98.37100000000011,98.60000000000011
2018-02-26,98.98000000000012,100.56000000000012,98.98000000000012,99.34500000000011
2018-02-27,99.34800000000011,100.30000000000011,99.34800000000011,99.50000000000011
2018-02-28,99.40000000000009,99.49900000000008,99.40000000000009,99.46700000000008
2018-03-01,99.40100000000011,99.40100000000011,99.11100000000012,99.39200000000011
2018-03-02,99.06000000000012,99.39200000000011,99.06000000000012,99.29200000000012
2018-03-05,99.08000000000008,99.30100000000009,99.06000000000009,99.20100000000008
2018-03-06,99.01100000000011,99.25500000000011,99.01100000000011,99.25500000000011
2018-03-07,99.26000000000012,99.26000000000012,99.03200000000011,99.20000000000012
2018-03-08,99.00000000000011,99.12400000000011,99.00000000000011,99.07200000000012
2018-03-09,99.07200000000012,99.19400000000012,99.00500000000011,99.08000000000011
2018-03-12,99.08000000000011,99.20000000000012,99.02900000000011,99.09200000000011
2018-03-13,99.08900000000011,99.17000000000012,99.00400000000012,99.05000000000011
2018-03-14,99.00000000000011,99.06500000000011,98.95200000000011,98.97800000000011
2018-03-15,98.98800000000011,99.03000000000011,98.98800000000011,99.01900000000012
2018-03-16,99.02200000000012,99.09100000000011,98.99500000000012,99.03000000000011
2018-03-19,99.03000000000011,99.25000000000011,99.03000000000011,99.17000000000012
2018-03-20,99.07500000000012,99.20000000000012,99.07500000000012,99.20000000000012
2018-03-21,99.20300000000012,99.36000000000011,99.12000000000012,99.18400000000011
2018-03-22,99.18500000000012,100.20200000000011,99.18500000000012,99.39000000000011
2018-03-23,99.61000000000008,100.00000000000009,99.50000000000009,99.99000000000008
2018-03-26,99.99000000000011,100.29600000000012,99.55000000000011,99.70000000000012
2018-03-27,99.47000000000008,99.99000000000008,99.47000000000008,99.56000000000009
2018-03-28,99.56300000000009,99.76000000000009,99.56300000000009,99.66800000000009
2018-03-29,99.67100000000012,99.99100000000011,99.28200000000011,99.33100000000012
2018-03-30,99.33400000000009,100.09400000000008,99.33400000000009,99.56500000000008
2018-04-02,99.56800000000011,99.79000000000012,99.33400000000012,99.76900000000012
2018-04-03,99.77200000000013,100.16000000000012,99.62100000000012,99.78000000000013
2018-04-04,99.78300000000013,99.88000000000012,99.51800000000013,99.87900000000013
2018-04-09,99.70300000000013,100.22600000000013,99.70300000000013,100.22600000000013
2018-04-10,100.10100000000013,100.15100000000012,100.10100000000013,100.15100000000012
2018-04-11,100.08200000000012,100.25100000000013,100.08200000000012,100.25100000000013
2018-04-12,100.25400000000013,100.30000000000013,100.24800000000013,100.29600000000013
2018-04-13,100.28800000000012,100.29000000000013,100.28600000000013,100.29000000000013
2018-04-16,100.22300000000013,100.40000000000013,100.22200000000012,100.40000000000013
2018-04-17,100.40000000000013,100.69900000000013,100.13100000000013,100.69900000000013
2018-04-18,100.70200000000013,101.20000000000013,100.59600000000013,101.00100000000013
2018-04-19,101.33100000000013,102.35000000000014,101.33000000000013,101.60000000000014
2018-04-20,101.59700000000015,101.80000000000015,101.59700000000015,101.62100000000015
2018-04-23,101.03100000000019,101.70000000000019,101.03100000000019,101.60000000000018
2018-04-24,101.50000000000016,101.70000000000016,101.50000000000016,101.70000000000016
2018-04-25,101.60100000000018,101.60100000000018,101.60000000000018,101.60000000000018
2018-04-26,101.60000000000018,101.60000000000018,101.60000000000018,101.60000000000018
2018-04-27,101.60000000000018,101.80000000000018,101.60000000000018,101.60000000000018
2018-05-02,101.08900000000015,101.09100000000015,101.08800000000015,101.09100000000015
2018-05-03,101.09400000000012,101.11000000000013,101.00000000000013,101.11000000000013
2018-05-04,101.18600000000016,101.18600000000016,101.18600000000016,101.18600000000016
2018-05-07,101.18900000000015,101.20300000000016,101.18900000000015,101.20300000000016
2018-05-08,101.20600000000016,101.20600000000016,101.01100000000015,101.01100000000015
2018-05-09,101.00800000000015,101.00800000000015,100.70000000000016,100.77000000000015
2018-05-10,100.61000000000018,100.61000000000018,100.60000000000018,100.60000000000018
2018-05-11,100.70000000000019,100.70000000000019,100.70000000000019,100.70000000000019
2018-05-14,101.70000000000019,101.70000000000019,100.20600000000019,100.20600000000019
2018-05-15,100.20900000000019,101.20000000000019,100.20900000000019,100.40100000000018
2018-05-16,100.40000000000019,100.50000000000018,100.40000000000019,100.50000000000018
2018-05-17,100.4000000000002,100.6000000000002,100.4000000000002,100.6000000000002
2018-05-18,100.6270000000002,100.7000000000002,100.4050000000002,100.6000000000002
2018-05-21,100.60300000000022,101.70000000000023,100.60300000000022,100.70000000000023
2018-05-22,100.70000000000023,100.90000000000023,100.70000000000023,100.90000000000023
2018-05-23,100.90000000000023,100.90000000000023,100.90000000000023,100.90000000000023
2018-05-24,101.10000000000022,101.15600000000023,101.10000000000022,101.14300000000023
2018-05-25,100.90000000000025,101.20000000000024,100.90000000000025,101.08100000000024
2018-05-28,101.08400000000024,102.57600000000025,101.08400000000024,101.55900000000024
2018-05-29,101.69400000000024,101.69700000000024,101.59800000000024,101.63400000000024
2018-05-30,101.65000000000025,110.90100000000027,101.65000000000025,101.80000000000024
2018-05-31,101.80300000000024,102.00000000000026,101.60000000000024,101.79100000000024
2018-06-01,101.79400000000022,101.79400000000022,101.60000000000022,101.70400000000022
2018-06-04,101.5420000000002,101.6420000000002,101.5420000000002,101.6420000000002
2018-06-05,101.3420000000002,101.4240000000002,101.3420000000002,101.4240000000002
2018-06-06,101.2670000000002,101.4670000000002,101.2670000000002,101.4660000000002
2018-06-07,101.40000000000023,101.42500000000022,101.26700000000022,101.26700000000022
2018-06-08,101.26400000000022,101.26400000000022,100.59000000000023,101.10900000000022
2018-06-11,100.9000000000002,101.4780000000002,100.9000000000002,101.3620000000002
2018-06-12,101.3590000000002,101.3860000000002,100.4520000000002,101.3440000000002
2018-06-13,101.17300000000023,101.17400000000023,101.10100000000023,101.10100000000023
2018-06-14,101.0980000000002,101.1700000000002,100.3500000000002,101.1610000000002
2018-06-15,101.16400000000023,101.36100000000023,101.16400000000023,101.26100000000022
2018-06-19,101.26100000000022,101.70000000000023,101.10100000000023,101.10300000000022
2018-06-20,101.10600000000022,101.49900000000022,101.10600000000022,101.30000000000022
2018-06-21,101.30000000000022,101.70000000000023,101.30000000000022,101.60000000000022
2018-06-22,101.30100000000023,101.90000000000023,101.30100000000023,101.78800000000022
2018-06-25,101.78500000000022,102.19800000000022,101.30100000000023,102.00000000000023
2018-06-26,101.9000000000002,101.9000000000002,101.9000000000002,101.9000000000002
2018-06-27,101.9000000000002,102.0000000000002,101.6010000000002,101.6010000000002
2018-06-28,101.6040000000002,102.1990000000002,101.6040000000002,101.9000000000002
2018-06-29,101.90300000000019,102.20000000000019,101.45900000000019,102.20000000000019
2018-07-02,102.2030000000002,102.7000000000002,102.2030000000002,102.3960000000002
2018-07-03,102.39900000000019,102.80000000000018,102.39900000000019,102.79600000000019
2018-07-04,102.79300000000019,102.79300000000019,102.50000000000018,102.50000000000018
2018-07-05,102.50000000000018,102.50200000000018,102.50000000000018,102.50000000000018
2018-07-06,102.49700000000018,102.50000000000018,102.49700000000018,102.50000000000018
2018-07-09,102.3000000000002,102.3000000000002,102.21000000000019,102.3000000000002
2018-07-10,102.1600000000002,102.4000000000002,102.1000000000002,102.3740000000002
2018-07-11,102.3000000000002,102.3000000000002,102.1400000000002,102.1570000000002
2018-07-12,102.1660000000002,102.5070000000002,102.1660000000002,102.4000000000002
2018-07-13,102.3970000000002,102.4100000000002,102.2860000000002,102.4010000000002
2018-07-16,102.4130000000002,102.7990000000002,102.4130000000002,102.7400000000002
2018-07-17,102.79000000000023,102.88900000000022,102.79000000000023,102.88000000000022
2018-07-18,103.01500000000023,103.01500000000023,102.72700000000023,102.72800000000022
2018-07-19,102.72500000000022,102.99900000000022,102.67100000000023,102.99900000000022
2018-07-20,103.18700000000021,103.20000000000022,103.1000000000002,103.1000000000002
2018-07-23,103.0020000000002,103.0020000000002,102.6000000000002,102.8000000000002
2018-07-24,102.6010000000002,102.7990000000002,102.6010000000002,102.6140000000002
2018-07-25,102.6110000000002,102.6110000000002,102.4010000000002,102.5000000000002
2018-07-26,102.4000000000002,102.5890000000002,102.4000000000002,102.5890000000002
2018-07-27,102.9010000000002,102.9010000000002,102.5000000000002,102.6490000000002
2018-07-30,102.6520000000002,102.6520000000002,102.5990000000002,102.6000000000002
2018-07-31,102.4880000000002,102.7000000000002,102.4880000000002,102.6990000000002
2018-08-01,102.7900000000002,102.8500000000002,102.69800000000019,102.69800000000019
2018-08-02,102.7080000000002,104.2130000000002,102.7080000000002,103.20000000000022
2018-08-03,102.8450000000002,103.30000000000021,102.8450000000002,103.30000000000021
2018-08-06,103.30300000000022,103.68900000000022,103.11100000000023,103.68900000000022
2018-08-07,103.20100000000022,103.79900000000023,103.20100000000022,103.26000000000023
2018-08-08,102.81200000000025,103.25600000000026,102.81200000000025,102.83900000000025
2018-08-09,102.83900000000023,103.16000000000022,102.70000000000023,102.85100000000023
2018-08-10,102.63100000000023,102.93300000000023,102.63100000000023,102.90500000000023
2018-08-13,102.89400000000026,102.89400000000026,102.34100000000025,102.34100000000025
2018-08-14,102.67000000000023,102.67000000000023,102.54100000000022,102.54100000000022
2018-08-15,102.7000000000002,102.8870000000002,102.7000000000002,102.8850000000002
2018-08-16,102.4080000000002,103.0800000000002,102.3090000000002,102.6050000000002
2018-08-17,102.6050000000002,102.6050000000002,102.6050000000002,102.6050000000002
2018-08-20,101.75100000000023,101.75200000000022,101.75100000000023,101.75100000000023
2018-08-21,102.40500000000023,102.40500000000023,101.75100000000023,101.95100000000022
2018-08-22,101.7520000000002,101.9300000000002,101.7160000000002,101.7400000000002
2018-08-23,102.0000000000002,102.2000000000002,101.9990000000002,102.2000000000002
2018-08-24,102.20100000000019,102.6000000000002,102.0000000000002,102.0050000000002
2018-08-27,102.5000000000002,102.5000000000002,102.2220000000002,102.2270000000002
2018-08-28,103.23300000000022,103.23300000000022,102.0000000000002,102.2180000000002
2018-08-29,102.5000000000002,103.25000000000021,102.2960000000002,102.3330000000002
2018-08-30,102.4800000000002,102.4960000000002,102.3000000000002,102.4960000000002
2018-08-31,101.4640000000002,102.5960000000002,101.4640000000002,102.5770000000002
2018-09-03,102.5750000000002,102.7600000000002,102.2680000000002,102.3900000000002
2018-09-04,102.1000000000002,102.4000000000002,101.9300000000002,102.3810000000002
2018-09-05,102.20100000000022,102.60000000000022,102.16500000000023,102.30000000000022
2018-09-06,101.39800000000022,102.19300000000023,101.39800000000022,102.18800000000023
2018-09-07,102.05000000000022,102.17700000000023,102.04900000000023,102.15700000000022
2018-09-10,102.1040000000002,102.1800000000002,102.1000000000002,102.1100000000002
2018-09-11,101.9110000000002,102.0500000000002,101.4410000000002,101.8870000000002
2018-09-12,101.7500000000002,101.8700000000002,101.5990000000002,101.7710000000002
2018-09-13,101.77100000000023,102.17800000000022,101.73300000000023,101.75100000000023
2018-09-14,101.7810000000002,102.0350000000002,101.7810000000002,101.9800000000002
2018-09-17,102.11000000000018,102.20000000000019,101.91900000000018,102.10100000000018
2018-09-18,102.1010000000002,102.2520000000002,102.1010000000002,102.1840000000002
2018-09-19,102.43600000000019,102.43600000000019,102.16800000000019,102.16800000000019
2018-09-20,102.43000000000019,102.43000000000019,101.89900000000019,101.97000000000018
2018-09-21,101.88900000000018,101.90000000000019,101.80800000000019,101.81900000000019
2018-09-25,102.34000000000019,102.34000000000019,101.85100000000018,101.99000000000018
2018-09-26,102.40000000000019,102.40000000000019,101.91000000000018,102.03000000000019
2018-09-27,102.0330000000002,102.1460000000002,102.0330000000002,102.1400000000002
2018-09-28,102.29900000000019,102.37300000000019,102.23900000000019,102.37300000000019
2018-10-08,102.10000000000018,102.41300000000018,102.10000000000018,102.40700000000018
2018-10-09,102.10800000000016,102.53300000000016,102.10800000000016,102.53200000000015
2018-10-10,102.54000000000016,102.54600000000016,102.45800000000015,102.47000000000016
2018-10-11,102.50000000000018,102.63900000000018,102.50000000000018,102.63900000000018
2018-10-12,102.82000000000018,102.82400000000018,102.68500000000019,102.81400000000018
2018-10-15,102.8060000000002,102.8090000000002,102.8060000000002,102.8060000000002
2018-10-16,102.8370000000002,102.8400000000002,102.8360000000002,102.8400000000002
2018-10-17,102.9150000000002,102.9170000000002,102.9000000000002,102.9160000000002
2018-10-18,102.8910000000002,102.9860000000002,102.8900000000002,102.8930000000002
2018-10-19,102.98000000000019,103.36000000000018,102.77900000000018,103.06800000000018
2018-10-22,102.95000000000019,102.95300000000019,102.95000000000019,102.95000000000019
2018-10-23,102.79900000000016,102.91400000000016,102.79700000000015,102.89700000000016
2018-10-24,103.65000000000022,103.65000000000022,102.6030000000002,102.9900000000002
2018-10-25,103.17000000000019,103.18000000000019,103.16900000000018,103.16900000000018
2018-10-26,102.9010000000002,103.18300000000022,102.9000000000002,103.18300000000022
2018-10-29,102.87800000000018,103.19500000000018,102.87800000000018,103.19500000000018
2018-10-30,103.91000000000018,103.91000000000018,103.35000000000018,103.43100000000018
2018-10-31,103.40000000000019,103.40200000000019,103.40000000000019,103.40200000000019
2018-11-01,103.47100000000019,103.70000000000019,103.47000000000018,103.47100000000019
2018-11-02,103.47000000000018,103.47000000000018,103.42000000000019,103.42000000000019
2018-11-05,102.70000000000019,103.56800000000018,102.70000000000019,103.29300000000019
2018-11-06,102.71800000000019,103.86500000000018,102.71800000000019,103.46100000000018
2018-11-07,103.49100000000018,103.58300000000018,103.49100000000018,103.58300000000018
2018-11-08,103.81500000000018,103.90100000000018,103.81500000000018,103.90000000000019
2018-11-09,103.80000000000018,103.83000000000018,103.80000000000018,103.83000000000018
2018-11-12,104.18000000000016,104.18000000000016,103.87100000000015,103.87100000000015
2018-11-13,103.81300000000016,103.88800000000016,103.81100000000016,103.87500000000016
2018-11-14,103.98100000000014,104.24900000000014,103.98000000000015,104.20300000000015
2018-11-15,104.34500000000014,104.51800000000014,104.02000000000014,104.51100000000014
2018-11-16,104.56000000000014,104.78200000000014,104.56000000000014,104.70800000000014
2018-11-19,104.91800000000016,105.21800000000017,104.83300000000015,104.84300000000016
2018-11-20,104.64500000000015,104.80000000000015,104.64500000000015,104.73600000000016
2018-11-21,104.90000000000016,104.90000000000016,104.69700000000016,104.74300000000015
2018-11-22,105.80800000000018,105.80800000000018,104.67400000000016,104.67400000000016
2018-11-23,104.77000000000015,104.77100000000016,104.50200000000015,104.68400000000015
2018-11-26,104.59800000000016,104.64600000000016,104.48200000000016,104.49800000000016
2018-11-27,104.29800000000016,104.50700000000016,104.29800000000016,104.50700000000016
2018-11-28,104.52000000000015,104.56300000000016,104.52000000000015,104.54500000000016
2018-11-29,104.61000000000014,104.99600000000014,104.61000000000014,104.75200000000014
2018-11-30,104.70500000000015,104.75200000000015,101.64500000000015,104.58700000000016
2018-12-03,104.58700000000016,104.74100000000016,104.40000000000016,104.73700000000015
2018-12-04,104.77800000000016,104.97600000000016,104.77800000000016,104.96600000000015
2018-12-05,105.19900000000017,105.72000000000017,105.00400000000016,105.22300000000017
2018-12-06,105.22800000000014,105.48000000000015,105.20200000000014,105.33900000000014
2018-12-07,105.25500000000011,105.40900000000012,105.25500000000011,105.38000000000011
2018-12-10,105.38000000000011,105.8200000000001,105.35000000000011,105.49900000000011
2018-12-11,105.54800000000014,105.65800000000014,105.54800000000014,105.65400000000014
2018-12-12,105.65400000000014,105.69600000000014,105.50400000000015,105.68500000000014
2018-12-13,105.41300000000011,105.55500000000012,105.25000000000011,105.33500000000011
2018-12-14,105.02000000000011,105.30000000000011,104.72900000000011,104.98200000000011
2018-12-17,105.10200000000015,105.10200000000015,104.90000000000015,104.91000000000014
2018-12-18,104.66000000000015,104.91000000000015,104.60000000000015,104.74600000000015
2018-12-19,104.77700000000016,104.88500000000016,104.77000000000015,104.88500000000016
2018-12-20,105.25000000000014,105.25000000000014,105.03000000000014,105.19500000000014
2018-12-21,105.19800000000014,105.56000000000014,105.19500000000014,105.42200000000014
2018-12-24,105.31600000000014,105.41500000000015,105.20900000000015,105.25000000000014
2018-12-25,105.25000000000011,105.40000000000012,105.15000000000012,105.30600000000011
2018-12-26,105.43800000000014,105.53600000000014,105.34900000000015,105.53600000000014
2018-12-27,105.53600000000014,105.68000000000015,105.40600000000015,105.65800000000014
2018-12-28,105.71100000000017,106.30000000000017,105.71100000000017,106.13400000000017
2019-01-02,105.90000000000015,106.19300000000014,105.68800000000014,106.08000000000014
2019-01-03,106.08000000000017,106.25700000000018,106.08000000000017,106.25700000000018
2019-01-04,106.28000000000017,106.44000000000017,106.00000000000017,106.11900000000017
2019-01-07,106.09000000000015,106.11600000000014,105.91000000000014,106.00700000000015
2019-01-08,106.04000000000015,106.12300000000015,106.00000000000014,106.09200000000014
2019-01-09,106.12100000000011,106.18200000000012,106.07500000000012,106.17200000000011
2019-01-10,106.18500000000014,106.28500000000014,106.18200000000014,106.19100000000014
2019-01-11,106.19100000000012,106.2010000000001,106.14100000000012,106.18400000000011
2019-01-14,106.21300000000011,106.22600000000011,106.10000000000011,106.14400000000012
2019-01-15,106.10400000000011,106.15500000000011,106.05900000000011,106.10000000000011
2019-01-16,106.10800000000012,106.59400000000011,106.10800000000012,106.35200000000012
2019-01-17,106.58000000000011,106.58000000000011,106.48000000000012,106.53900000000012
2019-01-18,106.50000000000011,106.51200000000011,106.43000000000012,106.44000000000011
2019-01-21,106.40000000000012,106.41100000000012,106.1950000000001,106.30000000000011
2019-01-22,106.19000000000014,106.34000000000015,106.19000000000014,106.31900000000014
2019-01-23,106.28000000000014,106.30000000000014,106.19800000000014,106.22100000000015
2019-01-24,106.2010000000001,106.27900000000011,106.16700000000012,106.26300000000012
2019-01-25,106.26300000000012,106.26300000000012,106.08300000000011,106.11300000000011
2019-01-28,106.06400000000009,106.1200000000001,106.0100000000001,106.1090000000001
2019-01-29,106.06300000000012,106.18400000000011,106.06300000000012,106.18100000000011
2019-01-30,106.25000000000011,106.28900000000012,106.25000000000011,106.26900000000012
2019-01-31,106.30000000000011,106.41500000000012,106.30000000000011,106.35100000000011
2019-02-01,106.45100000000014,106.55400000000014,106.41900000000014,106.45600000000015
2019-02-11,106.45600000000017,106.64100000000018,106.40000000000018,106.64100000000018
2019-02-12,106.64500000000014,106.79000000000015,106.64500000000014,106.72000000000014
2019-02-13,106.72100000000015,106.81500000000014,106.72100000000015,106.77900000000014
2019-02-14,106.78000000000014,106.81800000000014,106.07500000000014,106.65100000000014
2019-02-15,106.67000000000014,106.90000000000015,106.67000000000014,106.77900000000014
2019-02-18,106.74800000000015,106.74800000000015,106.67500000000014,106.67600000000014
2019-02-19,106.60000000000016,106.61000000000017,106.42000000000017,106.58700000000017
2019-02-20,106.58500000000014,106.58500000000014,106.42800000000014,106.47500000000014
2019-02-21,106.47000000000014,106.47200000000014,106.35400000000014,106.40100000000014
2019-02-22,106.39000000000014,106.39000000000014,106.15900000000015,106.23400000000014
2019-02-25,106.20000000000017,106.26100000000017,106.00000000000017,106.11400000000017
2019-02-26,106.01500000000014,106.01500000000014,105.68000000000015,105.80000000000014
2019-02-27,105.80800000000018,106.00900000000017,105.80800000000018,106.00000000000017
2019-02-28,106.06900000000017,106.06900000000017,106.00000000000017,106.01000000000018
2019-03-01,106.01100000000017,106.10600000000017,105.88500000000018,105.96000000000016
2019-03-04,105.76000000000018,105.98500000000017,105.70000000000017,105.94700000000017
2019-03-05,105.85000000000014,105.90100000000014,105.80000000000014,105.84000000000015
2019-03-06,105.73000000000017,105.92400000000018,105.73000000000017,105.83300000000017
2019-03-07,105.83800000000016,106.19200000000016,105.83800000000016,106.17600000000017
2019-03-08,106.18900000000016,106.40000000000018,106.18100000000017,106.23600000000017
2019-03-11,106.37800000000017,106.37800000000017,106.21800000000017,106.23200000000017
2019-03-12,106.23300000000017,106.41000000000017,106.23300000000017,106.31700000000016
2019-03-13,106.24100000000018,106.39800000000018,106.24100000000018,106.37300000000019
2019-03-14,106.40000000000019,106.42200000000018,106.35700000000018,106.35700000000018
2019-03-15,106.35000000000018,106.39500000000018,106.30700000000019,106.39400000000019
2019-03-18,106.35400000000018,106.40600000000019,105.60000000000018,106.34700000000018
2019-03-19,106.15200000000019,106.50000000000018,106.15200000000019,106.40100000000018
2019-03-20,106.45000000000017,106.53300000000017,106.45000000000017,106.48900000000017
2019-03-21,106.43000000000018,106.49000000000017,106.43000000000018,106.48600000000017
2019-03-22,106.48800000000017,106.66000000000017,106.48800000000017,106.66000000000017
2019-03-25,106.76000000000015,106.99900000000014,106.76000000000015,106.88900000000014
2019-03-26,106.89100000000012,107.18000000000012,106.85000000000011,107.12800000000011
2019-03-27,107.12800000000011,107.17300000000012,107.03200000000011,107.09000000000012
2019-03-28,107.00100000000012,107.08800000000011,106.99000000000011,106.99000000000011
2019-03-29,107.27900000000011,107.27900000000011,106.73300000000012,106.88000000000011
2019-04-01,106.56800000000011,106.89900000000011,106.56800000000011,106.78200000000011
2019-04-02,106.77000000000011,106.77000000000011,106.34000000000012,106.42900000000012
2019-04-03,106.68000000000012,106.68000000000012,106.00100000000012,106.02000000000011
2019-04-04,105.84900000000012,105.92100000000012,105.70600000000012,105.72500000000011
2019-04-08,105.69900000000011,105.70000000000012,105.20000000000012,105.50000000000011
2019-04-09,105.50500000000011,105.70000000000012,105.50500000000011,105.53300000000011
2019-04-10,104.70000000000012,105.6980000000001,104.70000000000012,105.35100000000011
2019-04-11,105.35100000000011,105.65100000000011,105.35100000000011,105.56500000000011
2019-04-12,105.48000000000012,105.55900000000011,105.40100000000011,105.42000000000012
2019-04-15,105.25000000000011,105.25000000000011,104.73300000000012,104.86000000000011
2019-04-16,104.84000000000015,104.84000000000015,104.51000000000015,104.62000000000015
2019-04-17,105.58800000000014,105.58800000000014,104.50100000000015,104.89500000000014
2019-04-18,104.56300000000016,104.81100000000016,104.56300000000016,104.80100000000016
2019-04-19,104.90000000000015,104.99000000000014,104.88900000000014,104.91100000000014
2019-04-22,104.90000000000015,104.90000000000015,104.65900000000015,104.70700000000014
2019-04-23,104.58100000000016,104.64800000000015,104.46100000000015,104.53900000000016
2019-04-24,104.44800000000015,104.68600000000016,104.44800000000015,104.45000000000016
2019-04-25,104.45000000000016,104.88000000000015,104.25200000000015,104.52900000000015
2019-04-26,104.53000000000016,104.65000000000016,104.53000000000016,104.64500000000015
2019-04-29,104.54800000000016,104.64500000000015,104.43500000000016,104.49000000000015
2019-04-30,104.49100000000016,104.79900000000016,104.49100000000016,104.79600000000016
2019-05-06,104.89600000000014,105.20000000000014,104.89600000000014,105.09000000000015
2019-05-07,105.17000000000012,105.20000000000012,105.02200000000012,105.12800000000011
2019-05-08,105.19900000000011,105.29900000000012,105.19900000000011,105.21200000000012
2019-05-09,105.31100000000012,105.37900000000012,105.30000000000011,105.35000000000011
2019-05-10,105.36000000000014,105.59500000000014,105.26300000000015,105.53000000000014
2019-05-13,105.63000000000017,105.99700000000017,105.63000000000017,105.94900000000017
2019-05-14,105.95000000000017,105.99000000000017,105.79800000000017,105.81000000000017
2019-05-15,105.72100000000017,105.80500000000018,105.52200000000018,105.80400000000017
2019-05-16,105.88000000000017,105.89900000000017,105.80100000000017,105.87000000000018
2019-05-17,105.89100000000019,105.99900000000018,105.87100000000018,105.99400000000018
2019-05-20,105.98800000000017,106.07600000000016,105.90900000000018,106.00600000000017
2019-05-21,106.00600000000017,106.05000000000017,105.30100000000017,105.78600000000017
2019-05-22,105.78600000000017,105.78600000000017,105.62000000000018,105.69900000000017
2019-05-23,105.69500000000016,105.77600000000017,105.56200000000017,105.72100000000017
2019-05-24,105.62600000000018,105.72000000000017,105.62600000000018,105.65100000000017
2019-05-27,105.55100000000017,105.55100000000017,105.04500000000016,105.32000000000016
2019-05-28,105.48800000000017,105.57700000000017,105.36300000000017,105.54300000000018
2019-05-29,105.55700000000017,105.72000000000017,105.55700000000017,105.72000000000017
2019-05-30,105.72000000000017,105.82700000000017,105.72000000000017,105.82600000000016
2019-05-31,105.85900000000017,106.12000000000018,105.85900000000017,105.91700000000017
2019-06-03,106.01700000000017,106.19900000000017,106.00000000000017,106.11400000000017
2019-06-04,106.11600000000018,106.32500000000019,106.11500000000018,106.32400000000018
2019-06-05,106.32400000000017,106.47400000000017,106.22500000000016,106.47300000000017
2019-06-06,106.47300000000017,106.65800000000017,106.42200000000017,106.49600000000017
2019-06-10,106.48000000000017,106.48000000000017,106.28000000000017,106.40100000000017
2019-06-11,106.31000000000017,106.31000000000017,105.95200000000017,106.16100000000017
2019-06-12,106.16000000000017,106.19000000000017,106.06200000000017,106.14000000000017
2019-06-13,106.14500000000017,106.28700000000018,106.14500000000017,106.27500000000018
2019-06-14,106.28300000000014,106.44000000000014,106.28300000000014,106.44000000000014
2019-06-17,106.44000000000017,106.53000000000017,106.44000000000017,106.51200000000017
2019-06-18,106.46400000000014,106.47200000000014,106.38900000000014,106.41000000000014
2019-06-19,106.35000000000014,106.39900000000014,106.00100000000015,106.35300000000014
2019-06-20,106.40000000000015,106.48000000000015,106.40000000000015,106.40200000000014
2019-06-21,106.39600000000014,106.44400000000014,106.30000000000014,106.40100000000014
2019-06-24,106.40000000000018,106.46100000000017,106.35000000000016,106.37000000000018
2019-06-25,106.37100000000017,106.54900000000018,106.37100000000017,106.44400000000017
2019-06-26,106.41100000000017,106.41100000000017,106.39100000000018,106.39200000000017
2019-06-27,106.45000000000017,106.45000000000017,106.21300000000016,106.35000000000016
2019-06-28,106.35800000000019,106.46800000000019,106.28000000000019,106.43600000000019
2019-07-01,106.40800000000019,106.51900000000019,106.33500000000018,106.50100000000019
2019-07-02,106.56500000000018,106.69900000000018,106.22900000000018,106.59500000000018
2019-07-03,106.71500000000019,107.00000000000018,106.60100000000018,106.79600000000019
2019-07-04,106.82000000000018,107.07100000000018,106.79600000000019,107.07000000000018
2019-07-05,106.72000000000018,117.00000000000021,106.72000000000018,106.89000000000019
2019-07-08,106.88600000000018,106.88600000000018,106.68400000000018,106.81500000000018
2019-07-09,107.29900000000018,107.31500000000017,106.81700000000016,106.91100000000017
2019-07-10,106.89900000000017,106.97600000000017,106.85900000000017,106.86200000000017
2019-07-11,107.01700000000017,107.01800000000017,106.87500000000017,106.91300000000017
2019-07-12,106.97900000000017,106.97900000000017,106.90700000000017,106.91900000000017
2019-07-15,107.01900000000015,107.19900000000014,106.95700000000014,106.99000000000014
2019-07-16,106.96200000000015,107.02100000000014,106.95200000000014,106.96100000000014
2019-07-17,106.99900000000011,106.99900000000011,106.96300000000011,106.98000000000012
2019-07-18,107.01900000000012,107.05600000000011,107.01900000000012,107.05500000000012
2019-07-19,107.12000000000012,107.19900000000011,107.06900000000012,107.0760000000001
2019-07-22,107.13000000000011,107.24900000000011,107.00000000000011,107.13100000000011
2019-07-23,107.16100000000012,107.22300000000011,107.16000000000011,107.17500000000011
2019-07-24,107.16800000000012,107.21600000000011,107.11700000000012,107.13700000000011
2019-07-25,107.0710000000001,107.0950000000001,106.69800000000009,107.0310000000001
2019-07-26,107.0000000000001,107.1390000000001,107.0000000000001,107.0590000000001
2019-07-29,107.01400000000011,107.05000000000011,106.91000000000011,107.00200000000011
2019-07-30,106.82800000000012,106.97800000000011,106.80800000000012,106.97800000000011
2019-07-31,106.97800000000011,107.14000000000011,106.97800000000011,107.13900000000011
2019-08-01,107.15200000000014,107.20100000000014,107.15200000000014,107.17000000000014
2019-08-02,107.57600000000014,107.57600000000014,107.27000000000014,107.44100000000014
2019-08-05,107.52000000000014,107.95500000000014,107.51900000000015,107.83800000000014
2019-08-06,108.33500000000011,108.33800000000011,108.01200000000011,108.09800000000011
2019-08-07,108.09400000000011,108.50000000000011,107.95800000000011,108.00000000000011
2019-08-08,108.00000000000011,108.29900000000012,107.82100000000011,108.12000000000012
2019-08-09,108.1480000000001,108.5430000000001,108.1100000000001,108.5200000000001
2019-08-12,108.54200000000012,108.54200000000012,108.22000000000011,108.4390000000001
2019-08-13,108.4400000000001,108.9190000000001,108.3370000000001,108.5500000000001
2019-08-14,108.5510000000001,109.0030000000001,108.4790000000001,108.6100000000001
2019-08-15,108.5010000000001,108.8980000000001,108.4200000000001,108.5660000000001
2019-08-16,108.5660000000001,108.6000000000001,108.3740000000001,108.4300000000001
2019-08-19,108.2310000000001,108.4460000000001,108.2300000000001,108.2890000000001
2019-08-20,108.21800000000012,108.35000000000011,108.17900000000012,108.19900000000011
2019-08-21,108.00900000000011,108.39900000000011,108.00100000000012,108.14100000000012
2019-08-22,108.04000000000012,108.14100000000012,108.01000000000012,108.10100000000011
2019-08-23,107.8010000000001,108.0600000000001,107.8010000000001,107.9860000000001
2019-08-26,108.0500000000001,108.2230000000001,108.0500000000001,108.2200000000001
2019-08-27,108.20000000000012,108.20000000000012,107.8200000000001,108.08500000000011
2019-08-28,108.0890000000001,108.1590000000001,108.0850000000001,108.1320000000001
2019-08-29,108.13100000000011,108.26700000000011,108.01000000000012,108.23200000000011
2019-08-30,108.04000000000012,108.23200000000011,108.04000000000012,108.15900000000012
2019-09-02,108.10100000000011,108.1950000000001,108.00000000000011,108.05000000000011
2019-09-03,108.06100000000012,108.24000000000011,108.02000000000011,108.05100000000012
2019-09-04,108.05000000000014,108.09000000000015,108.05000000000014,108.06100000000015
2019-09-05,108.13000000000017,108.15100000000017,108.01900000000018,108.14100000000018
2019-09-06,108.13300000000014,108.41000000000014,107.90000000000015,108.39000000000014
2019-09-09,108.10300000000014,108.35000000000014,108.10000000000014,108.22100000000015
2019-09-10,108.22000000000014,108.22000000000014,108.11000000000014,108.12100000000014
2019-09-11,108.00300000000017,108.16600000000017,108.00300000000017,108.13000000000017
2019-09-12,108.10100000000014,108.11000000000014,107.99900000000014,107.99900000000014
2019-09-16,107.99900000000014,107.99900000000014,107.80000000000014,107.85200000000015
2019-09-17,107.85700000000011,108.02000000000011,107.85700000000011,107.91900000000011
2019-09-18,107.83000000000011,107.97900000000011,107.83000000000011,107.84100000000011
2019-09-19,107.83900000000011,107.90100000000011,107.78800000000011,107.79900000000012
2019-09-20,107.78100000000012,107.81300000000012,107.78100000000012,107.81300000000012
2019-09-23,107.83000000000011,107.89100000000012,107.63800000000012,107.82500000000012
2019-09-24,107.80300000000014,107.85600000000014,107.76000000000015,107.79900000000015
2019-09-25,107.79900000000015,107.80100000000014,107.76800000000014,107.79000000000015
2019-09-26,107.73500000000011,107.74200000000012,107.51000000000012,107.53000000000011
2019-09-27,107.51000000000012,107.63000000000011,107.42400000000012,107.42400000000012
2019-09-30,107.42200000000011,107.58300000000011,107.25400000000012,107.43000000000012
2019-10-08,107.40000000000015,107.53900000000014,107.40000000000015,107.53900000000014
2019-10-09,107.60200000000012,107.72000000000011,107.60200000000012,107.7010000000001
2019-10-10,107.71900000000014,107.76800000000014,107.65000000000015,107.72000000000014
2019-10-11,107.53000000000014,107.66100000000014,107.51900000000015,107.59800000000014
2019-10-14,107.59800000000011,107.60100000000011,107.40600000000012,107.53500000000011
2019-10-15,107.62500000000014,107.62500000000014,107.45300000000015,107.52400000000014
2019-10-16,107.49000000000011,107.52000000000011,107.48200000000011,107.49100000000011
2019-10-17,107.49000000000014,107.51100000000014,107.47100000000015,107.51000000000015
2019-10-18,107.66000000000014,107.66000000000014,107.40000000000015,107.41900000000014
2019-10-21,107.41900000000017,107.41900000000017,107.24900000000017,107.25000000000017
2019-10-22,107.17100000000015,107.17100000000015,107.11900000000014,107.12000000000015
2019-10-23,107.16300000000017,107.16300000000017,107.14000000000017,107.14100000000018
2019-10-24,107.64000000000017,107.64000000000017,107.17600000000017,107.17600000000017
2019-10-25,107.17500000000017,107.17500000000017,107.11100000000017,107.12200000000017
2019-10-28,107.12200000000017,107.12200000000017,106.92000000000017,106.92100000000018
2019-10-29,106.72300000000017,106.91600000000017,106.60000000000016,106.64900000000017
2019-10-30,106.70000000000017,106.70000000000017,106.49900000000017,106.50000000000017
2019-10-31,106.70000000000017,106.70000000000017,106.51100000000017,106.65100000000017
2019-11-01,106.70000000000017,106.84500000000017,106.70000000000017,106.74100000000017
2019-11-04,106.55100000000017,106.74100000000017,106.55100000000017,106.67400000000018
2019-11-05,106.60300000000016,106.80000000000017,106.60300000000016,106.80000000000017
2019-11-06,106.76000000000018,106.94900000000017,106.76000000000018,106.90100000000017
2019-11-07,106.90000000000018,106.98000000000017,106.86000000000017,106.88000000000017
2019-11-08,106.86000000000017,106.86000000000017,106.71000000000016,106.71500000000017
2019-11-11,106.80100000000017,106.99500000000018,106.71700000000017,106.88100000000017
2019-11-12,106.92300000000017,106.99600000000017,106.92300000000017,106.94800000000016
2019-11-13,107.04900000000018,107.09700000000016,107.04900000000018,107.09600000000017
2019-11-14,107.14400000000018,107.24900000000017,107.09600000000017,107.21200000000017
2019-11-15,107.21500000000017,107.29900000000018,107.17000000000017,107.24100000000017
2019-11-18,107.26800000000017,107.45800000000017,107.07900000000016,107.44200000000016
2019-11-19,107.37600000000018,107.63900000000017,107.37600000000018,107.54100000000017
2019-11-20,107.55000000000018,107.63900000000018,107.55000000000018,107.60600000000018
2019-11-21,107.55600000000018,107.64800000000018,107.51000000000019,107.60000000000018
2019-11-22,107.55000000000018,107.59800000000018,107.50300000000018,107.56500000000018
2019-11-25,107.51600000000019,107.56300000000019,107.40300000000019,107.44700000000019
2019-11-26,107.41200000000019,107.54800000000019,107.41200000000019,107.49100000000018
2019-11-27,107.58100000000019,107.68000000000019,107.52100000000019,107.56900000000019
2019-11-28,107.56900000000022,107.66000000000021,107.56900000000022,107.60100000000021
2019-11-29,107.55200000000022,107.68000000000022,107.55200000000022,107.60000000000021
2019-12-02,107.55000000000018,107.75000000000018,107.52800000000019,107.69100000000019
2019-12-03,107.64100000000019,107.70700000000018,107.54200000000019,107.67200000000018
2019-12-04,107.67300000000019,107.90000000000019,107.67300000000019,107.82300000000018
2019-12-05,107.82300000000018,107.90000000000019,107.82300000000018,107.87600000000019
2019-12-06,107.84100000000018,107.87000000000019,107.62900000000019,107.84500000000018
2019-12-09,107.83000000000018,107.93900000000018,107.83000000000018,107.83900000000018
2019-12-10,107.70900000000019,107.83900000000018,107.70900000000019,107.72000000000018
2019-12-11,107.72600000000018,107.79000000000019,107.71900000000018,107.74800000000019
2019-12-12,107.72600000000018,107.79500000000019,107.72600000000018,107.79500000000019
2019-12-13,107.78100000000022,107.78200000000021,107.68600000000022,107.72300000000021
2019-12-16,107.68900000000018,107.79900000000019,107.68900000000018,107.69500000000018
2019-12-17,107.70000000000019,107.70000000000019,107.50000000000018,107.50000000000018
2019-12-18,107.45200000000018,107.74000000000018,107.45200000000018,107.50000000000018
2019-12-19,107.45200000000024,107.76400000000024,107.40200000000024,107.53000000000024
2019-12-20,107.76300000000025,108.00400000000025,107.50600000000024,107.70500000000024
2019-12-23,107.75500000000021,108.13200000000022,107.75500000000021,108.13000000000021
2019-12-24,108.17800000000021,108.31900000000022,108.17800000000021,108.2100000000002
2019-12-25,108.26000000000022,108.39900000000021,108.22600000000021,108.31000000000022
2019-12-26,108.30900000000021,108.45500000000021,108.30900000000021,108.44900000000021
2019-12-27,108.39000000000021,108.46100000000021,108.35100000000021,108.4510000000002
2019-12-30,108.39000000000024,108.49000000000024,108.30000000000024,108.44400000000024
2019-12-31,108.39000000000024,108.48900000000025,108.39000000000024,108.47000000000024
2020-01-02,108.35200000000025,108.45300000000024,108.35000000000024,108.35100000000024
2020-01-03,108.30100000000022,108.48000000000022,108.27000000000021,108.35900000000021
2020-01-06,108.40800000000021,108.54700000000021,108.28600000000021,108.50000000000021
2020-01-07,108.54900000000022,108.54900000000022,108.36800000000021,108.43400000000021
2020-01-08,108.43400000000021,108.54000000000022,108.35200000000022,108.43800000000022
2020-01-09,108.43800000000022,108.62500000000021,108.38800000000022,108.45900000000022
2020-01-10,108.50900000000021,108.87600000000022,108.4570000000002,108.87400000000021
2020-01-13,108.86400000000022,108.88800000000022,108.80200000000022,108.83100000000022
2020-01-14,108.83100000000022,108.85000000000021,108.73700000000021,108.74100000000021
2020-01-15,108.74100000000021,108.87000000000022,108.74100000000021,108.77700000000021
2020-01-16,108.7310000000002,108.8100000000002,108.7310000000002,108.7500000000002
2020-01-17,108.75000000000021,108.84400000000021,108.75000000000021,108.8350000000002
2020-01-20,108.83500000000019,108.9470000000002,108.7880000000002,108.9470000000002
2020-01-21,108.94700000000022,109.40000000000022,108.94100000000022,109.20000000000022
2020-01-22,109.25000000000021,109.74000000000021,109.04000000000022,109.33000000000021
2020-01-23,109.38000000000021,109.76000000000022,109.38000000000021,109.66300000000021
2020-02-03,110.00300000000024,111.50100000000025,110.00000000000024,110.93500000000024
2020-02-04,110.73000000000025,110.99400000000024,110.72000000000024,110.84500000000024
2020-02-05,110.84000000000024,110.87900000000025,110.68900000000023,110.87300000000025
2020-02-06,110.68800000000027,110.97700000000027,110.68800000000027,110.87500000000027
2020-02-07,110.87000000000027,111.11500000000026,110.87000000000027,111.03000000000027
2020-02-10,111.0300000000003,111.2450000000003,111.0300000000003,111.22200000000029
2020-02-11,111.2500000000003,113.57900000000029,111.1730000000003,111.3040000000003
2020-02-12,111.25400000000033,111.38500000000033,111.24800000000033,111.30100000000033
2020-02-13,111.25000000000033,111.25000000000033,111.10700000000033,111.18900000000032
2020-02-14,111.1400000000003,111.1830000000003,111.1020000000003,111.1770000000003
2020-02-17,111.1220000000003,111.1220000000003,110.8110000000003,110.9960000000003
2020-02-18,111.0000000000003,111.0020000000003,110.60000000000029,110.7800000000003
2020-02-19,110.82000000000029,110.82900000000029,110.7500000000003,110.7540000000003
2020-02-20,110.7500000000003,110.7870000000003,110.5420000000003,110.60000000000029
2020-02-21,110.60900000000026,110.88800000000028,110.60900000000026,110.81100000000028
2020-02-24,110.82100000000027,111.15000000000028,110.82100000000027,111.04200000000027
2020-02-25,111.09000000000027,111.24500000000027,111.05000000000027,111.05000000000027
2020-02-26,111.10000000000026,111.23800000000027,111.06100000000028,111.14100000000028
2020-02-27,111.14100000000025,111.39000000000024,111.14100000000025,111.34900000000025
2020-02-28,111.39000000000024,112.49900000000025,111.35000000000024,111.70000000000024
2020-03-02,111.75000000000027,111.89900000000027,111.70000000000027,111.71000000000026
2020-03-03,111.70900000000024,111.71000000000024,111.42100000000025,111.70100000000023
2020-03-04,111.71600000000026,111.92300000000027,111.71600000000026,111.90100000000027
2020-03-05,111.91400000000027,112.19800000000026,111.91400000000027,112.12000000000027
2020-03-06,112.10000000000026,112.56000000000027,112.10000000000026,112.54500000000027
2020-03-09,112.60100000000027,114.51000000000029,112.60100000000027,113.94800000000028
2020-03-10,113.89900000000029,113.90000000000029,112.95300000000027,113.07400000000027
2020-03-11,113.10000000000029,113.10000000000029,112.8000000000003,113.0860000000003
2020-03-12,113.1360000000003,113.60000000000029,112.9100000000003,113.2820000000003
2020-03-13,113.2900000000003,113.60000000000029,112.1050000000003,112.3780000000003
2020-03-16,112.42800000000027,112.79000000000028,112.19100000000027,112.38900000000027
2020-03-17,112.33900000000027,112.38900000000027,111.30000000000027,111.97300000000027
2020-03-18,111.81000000000027,112.09900000000027,111.68000000000028,112.03500000000027
2020-03-19,111.9850000000003,112.0770000000003,111.7180000000003,111.7300000000003
2020-03-20,111.7260000000003,111.7700000000003,111.5810000000003,111.7000000000003
2020-03-23,112.0100000000003,112.4000000000003,112.0100000000003,112.2900000000003
2020-03-24,112.2820000000003,112.7600000000003,112.0500000000003,112.4760000000003
2020-03-25,112.4700000000003,112.57000000000029,112.22200000000029,112.4850000000003
2020-03-26,112.4850000000003,112.7000000000003,112.46000000000029,112.6510000000003
2020-03-27,112.60000000000029,113.0000000000003,112.5150000000003,112.6770000000003
2020-03-30,112.65000000000028,112.84000000000027,112.63100000000027,112.70500000000027
2020-03-31,112.60500000000027,112.81500000000027,112.60000000000026,112.81500000000027
2020-04-01,112.82800000000027,112.99900000000027,112.82800000000027,112.97000000000027
2020-04-02,112.81000000000026,113.13000000000025,112.81000000000026,112.93300000000026
2020-04-03,112.91600000000025,113.04700000000025,112.91000000000025,112.93400000000025
2020-04-07,112.98400000000026,113.46200000000029,112.96100000000027,113.39400000000028
2020-04-08,113.44400000000026,113.66900000000025,113.40300000000026,113.61000000000026
2020-04-09,113.68200000000026,113.69200000000025,113.40000000000026,113.49300000000025
2020-04-10,113.49000000000025,113.65500000000026,113.30000000000025,113.38100000000026
2020-04-13,113.38000000000025,113.48800000000026,113.21700000000025,113.46700000000025
2020-04-14,113.50000000000026,113.58200000000025,113.39100000000026,113.42900000000026
2020-04-15,113.50000000000026,113.58400000000026,113.50000000000026,113.57200000000026
2020-04-16,113.62200000000028,113.97000000000028,113.57000000000028,113.87700000000028
2020-04-17,113.87700000000028,114.13500000000029,113.70800000000028,113.77800000000029
2020-04-20,113.78100000000029,114.02000000000028,113.38500000000028,113.43100000000027
2020-04-21,113.46000000000025,113.47800000000025,113.34500000000025,113.43000000000026
2020-04-22,113.47800000000025,113.76200000000026,113.43500000000026,113.71400000000025
2020-04-23,113.66000000000025,114.35600000000025,113.60000000000025,114.26000000000026
2020-04-24,114.31300000000026,114.79000000000026,114.23200000000026,114.53200000000025
2020-04-27,114.40000000000026,114.70500000000025,114.20000000000026,114.50400000000026
2020-04-28,114.40000000000023,114.70000000000023,114.32200000000023,114.63400000000023
2020-04-29,114.60000000000022,114.90000000000023,114.56800000000023,114.74900000000022
2020-04-30,114.60200000000026,114.70000000000026,114.40500000000026,114.50100000000026
2020-05-06,114.55100000000026,114.55100000000026,114.23000000000026,114.28900000000026
2020-05-07,114.28900000000026,114.28900000000026,113.70000000000026,113.75500000000025
2020-05-08,113.98900000000026,113.98900000000026,113.20000000000026,113.47200000000025
2020-05-11,113.58100000000026,113.58100000000026,112.91300000000025,112.92200000000025
2020-05-12,112.92100000000023,113.24900000000022,112.92100000000023,113.23500000000023
2020-05-13,113.02100000000023,113.35000000000022,112.95400000000022,112.97900000000023
2020-05-14,112.98500000000023,113.04800000000023,112.55500000000023,112.92800000000022
2020-05-15,112.93500000000023,113.14200000000022,112.76800000000023,113.13200000000023
2020-05-18,112.94200000000022,113.09700000000022,112.61600000000023,112.63700000000023
2020-05-19,112.52000000000022,112.82200000000023,112.34900000000023,112.78400000000023
2020-05-20,112.6990000000002,112.9920000000002,112.69500000000019,112.9890000000002
2020-05-21,112.7660000000002,113.1040000000002,112.7660000000002,113.0390000000002
2020-05-22,113.1550000000002,113.5660000000002,113.08500000000019,113.56400000000019
2020-05-25,113.5140000000002,113.5140000000002,113.1200000000002,113.2030000000002
2020-05-26,113.25100000000018,113.33100000000017,112.64800000000017,112.78600000000017
2020-05-27,112.8000000000002,112.9300000000002,112.6300000000002,112.7840000000002
2020-05-28,112.76500000000017,113.16600000000017,112.76200000000017,113.10900000000017
2020-05-29,113.03000000000017,113.16000000000017,112.68800000000017,112.73300000000017
2020-06-01,112.78300000000017,112.78300000000017,112.36000000000017,112.40100000000017
2020-06-02,112.49800000000018,112.49800000000018,111.92200000000017,112.06300000000017
2020-06-03,112.01300000000016,112.01300000000016,111.59600000000015,111.87200000000014
2020-06-04,111.90000000000015,111.92200000000014,111.49400000000014,111.49900000000014
2020-06-05,111.55000000000014,111.64000000000014,111.32900000000014,111.40300000000015
2020-06-08,111.40200000000014,111.78200000000014,111.33200000000014,111.78100000000015
2020-06-09,111.83000000000014,111.95200000000014,111.75200000000014,111.76100000000014
2020-06-10,111.79100000000014,111.96400000000014,111.63700000000014,111.73100000000014
2020-06-11,111.80500000000015,112.24900000000015,111.80500000000015,112.22300000000016
2020-06-12,112.39000000000016,112.75000000000016,112.25500000000015,112.31800000000015
2020-06-15,112.46000000000015,112.64700000000016,112.28000000000016,112.61900000000016
2020-06-16,112.20000000000016,112.20000000000016,111.76000000000015,111.78700000000015
2020-06-17,111.83700000000015,111.83700000000015,111.45600000000015,111.69400000000014
2020-06-18,111.98000000000015,111.98000000000015,111.41800000000015,111.51300000000015
2020-06-19,111.54300000000015,111.60800000000015,111.43000000000015,111.54000000000015
2020-06-22,111.54000000000015,111.62100000000014,111.43000000000015,111.56000000000014
2020-06-23,111.49100000000014,111.57000000000014,110.90000000000015,111.01000000000015
2020-06-24,111.20000000000014,111.55800000000015,111.14300000000014,111.52000000000014
2020-06-29,111.49900000000014,111.59500000000014,111.40500000000014,111.56600000000014
2020-06-30,111.50000000000014,111.53300000000014,111.35000000000014,111.46300000000014
2020-07-01,111.50000000000014,111.60000000000014,111.47000000000014,111.56600000000014
2020-07-02,111.50000000000013,111.96200000000013,111.40500000000013,111.71600000000012
2020-07-03,111.50100000000013,111.68100000000013,111.37400000000012,111.60000000000012
2020-07-06,111.43500000000013,111.43500000000013,110.48100000000012,110.58500000000012
2020-07-07,110.43000000000013,110.43000000000013,110.04100000000012,110.11600000000013
2020-07-08,110.20000000000013,110.20000000000013,109.74700000000013,109.75600000000013
2020-07-09,109.75500000000012,109.75600000000013,109.16100000000013,109.56700000000012
2020-07-10,109.78000000000013,110.01100000000012,109.65000000000013,109.83900000000013
2020-07-13,109.80000000000013,109.81200000000013,109.50400000000013,109.65100000000012
2020-07-14,109.81500000000013,110.13800000000013,109.81500000000013,110.08800000000012
2020-07-15,110.08100000000013,110.49900000000012,109.80000000000013,110.48300000000013
2020-07-16,110.30900000000013,110.78200000000012,110.30900000000013,110.74400000000013
2020-07-17,110.74800000000013,110.77000000000012,110.36200000000012,110.44500000000012
2020-07-20,110.39500000000012,110.40100000000012,110.11800000000012,110.33400000000013
2020-07-21,110.84400000000012,110.84400000000012,110.27000000000012,110.39300000000013
2020-07-22,110.41200000000013,111.11000000000013,110.29000000000013,111.07700000000013
2020-07-23,111.00000000000013,111.29000000000013,110.95000000000013,111.20800000000013
2020-07-24,111.21000000000012,111.42400000000013,111.15200000000013,111.39300000000013
2020-07-27,111.25000000000013,111.47400000000013,111.20400000000012,111.44500000000012
2020-07-28,111.4350000000001,111.4350000000001,111.1000000000001,111.1510000000001
2020-07-29,111.35000000000012,111.35000000000012,110.89000000000013,110.98300000000013
2020-07-30,110.90000000000013,110.91000000000012,110.71000000000012,110.76300000000013
2020-07-31,110.7700000000001,110.7700000000001,110.3360000000001,110.3610000000001
2020-08-03,110.3680000000001,110.45100000000009,110.1330000000001,110.44200000000009
2020-08-04,110.4400000000001,110.5520000000001,110.3600000000001,110.4630000000001
2020-08-05,110.4500000000001,110.6740000000001,110.4500000000001,110.6060000000001
2020-08-06,110.4050000000001,110.6740000000001,110.4050000000001,110.6460000000001
2020-08-07,110.6400000000001,110.6900000000001,110.4500000000001,110.5100000000001
2020-08-10,110.5200000000001,110.6200000000001,110.4500000000001,110.6160000000001
2020-08-11,110.6160000000001,110.6390000000001,110.4670000000001,110.4880000000001
2020-08-12,110.5150000000001,110.7890000000001,110.2150000000001,110.31400000000009
2020-08-13,110.3130000000001,110.5970000000001,110.3120000000001,110.5970000000001
2020-08-14,110.5970000000001,110.7680000000001,110.5720000000001,110.6360000000001
2020-08-17,110.63700000000013,110.76000000000013,110.63600000000012,110.72600000000013
2020-08-18,110.72400000000013,110.79200000000013,110.71600000000012,110.75800000000012
2020-08-19,110.74000000000012,110.75800000000012,110.56000000000013,110.57900000000012
2020-08-20,110.55000000000014,110.61500000000014,110.31000000000014,110.32200000000014
2020-08-21,110.37200000000014,110.40000000000015,110.30800000000015,110.35900000000014
2020-08-24,110.36900000000014,110.43700000000014,110.14200000000014,110.34100000000014
2020-08-25,110.34000000000015,110.34100000000014,109.96000000000014,110.03300000000014
2020-08-26,110.04300000000015,110.11600000000014,109.84800000000014,109.88900000000014
2020-08-27,109.88900000000017,110.01400000000017,109.88000000000017,109.95600000000017
2020-08-28,110.00600000000017,110.00600000000017,109.61800000000017,109.64500000000017
2020-08-31,109.63100000000017,109.81200000000017,109.51800000000017,109.72400000000017
2020-09-01,109.8000000000002,110.1910000000002,109.7000000000002,110.1170000000002
2020-09-02,110.10700000000017,110.10700000000017,109.84800000000017,109.96200000000017
2020-09-03,109.96200000000017,110.27300000000017,109.72300000000017,110.26600000000018
2020-09-04,110.2160000000002,110.4080000000002,110.1600000000002,110.2910000000002
2020-09-07,110.3390000000002,110.3600000000002,109.9710000000002,110.0480000000002
2020-09-08,110.1390000000002,110.4500000000002,109.9900000000002,110.3970000000002
2020-09-09,110.1720000000002,110.6870000000002,110.1720000000002,110.6830000000002
2020-09-10,110.65000000000018,110.78000000000017,110.45800000000017,110.74600000000017
2020-09-11,110.76900000000018,110.76900000000018,110.17700000000018,110.18300000000018
2020-09-14,109.92200000000017,110.03100000000018,109.76000000000018,109.79700000000017
2020-09-15,109.78000000000017,110.21700000000017,109.73300000000017,110.21200000000017
2020-09-16,110.00000000000017,110.35000000000016,110.00000000000017,110.25000000000017
2020-09-17,110.10200000000017,110.37800000000017,110.10200000000017,110.19500000000016
2020-09-18,110.11000000000017,110.47100000000017,110.11000000000017,110.21600000000016
2020-09-21,110.16600000000017,110.72900000000017,110.16600000000017,110.71800000000017
2020-09-22,110.6000000000002,112.9330000000002,110.6000000000002,110.8980000000002
2020-09-23,110.8000000000002,110.8980000000002,110.5580000000002,110.6530000000002
2020-09-24,110.68000000000018,110.80700000000017,110.52700000000017,110.60500000000017
2020-09-25,110.61000000000017,110.61100000000017,110.42100000000018,110.45300000000017
2020-09-28,110.45300000000017,110.60000000000016,110.24800000000018,110.59400000000016
2020-09-29,110.56600000000017,110.59400000000016,110.34000000000017,110.40300000000018
2020-09-30,110.40300000000018,110.55000000000017,110.13700000000017,110.18800000000017
2020-10-09,110.03000000000017,110.08500000000016,109.94100000000017,110.04000000000018
2020-10-12,110.06000000000017,110.06000000000017,109.68400000000017,109.74000000000017
2020-10-13,109.73900000000015,109.88000000000014,109.70000000000014,109.78700000000015
2020-10-14,109.79000000000015,109.84700000000014,109.62900000000015,109.68700000000014
2020-10-15,109.69300000000014,109.76600000000015,109.53700000000015,109.60300000000014
2020-10-16,109.60300000000016,109.84900000000017,109.60300000000016,109.82400000000017
2020-10-19,109.7990000000002,110.0810000000002,109.6310000000002,110.0620000000002
2020-10-20,110.00900000000017,110.12300000000018,109.81000000000017,109.85800000000017
2020-10-21,109.85900000000017,109.98200000000017,109.75500000000017,109.88700000000017
2020-10-22,109.97800000000016,110.24200000000017,109.95800000000017,110.01600000000018
2020-10-23,109.98200000000017,110.02800000000018,109.90700000000017,109.95600000000017
2020-10-26,109.95600000000017,109.99900000000017,109.80800000000018,109.81300000000017
2020-10-27,109.8130000000002,110.1040000000002,109.8000000000002,110.07600000000019
2020-10-28,110.09100000000016,110.24900000000017,109.91700000000017,110.05900000000017
2020-10-29,110.06000000000014,110.37600000000015,110.06000000000014,110.12100000000014
2020-10-30,110.12200000000017,110.31500000000017,110.07700000000017,110.10400000000017
2020-11-02,110.1050000000002,111.0080000000002,110.0710000000002,110.33200000000019
2020-11-03,110.35000000000016,110.39000000000017,110.21200000000017,110.28600000000017
2020-11-04,110.27900000000014,110.40000000000015,110.19400000000014,110.28400000000015
2020-11-05,110.28300000000014,110.47700000000015,110.20100000000014,110.27000000000014
2020-11-06,110.27100000000014,110.51700000000014,110.19600000000014,110.25900000000014
2020-11-09,110.25900000000017,110.31600000000017,109.98800000000017,110.05000000000017
2020-11-10,110.00000000000017,110.12500000000017,109.95000000000017,110.01400000000017
2020-11-11,110.01500000000017,110.14700000000018,109.90400000000017,109.97000000000017
2020-11-12,109.9700000000002,110.1240000000002,109.9000000000002,110.0180000000002
2020-11-13,110.0120000000002,110.0610000000002,109.6010000000002,109.69200000000019
2020-11-16,109.69200000000016,109.93900000000016,109.59000000000017,109.80000000000017
2020-11-17,109.80000000000017,109.88000000000017,109.74800000000018,109.82900000000016
2020-11-18,109.85200000000017,109.88700000000017,109.56000000000017,109.62200000000017
2020-11-19,109.60000000000016,109.60000000000016,109.39800000000017,109.50800000000017
2020-11-20,109.44800000000016,109.50300000000017,109.32000000000016,109.44800000000016
2020-11-23,109.50100000000018,109.63000000000017,109.50100000000018,109.58300000000017
2020-11-24,109.5620000000002,109.6100000000002,109.5130000000002,109.5410000000002
2020-11-25,109.5290000000002,109.6310000000002,109.46000000000019,109.5750000000002
2020-11-26,109.5780000000002,109.6610000000002,109.5600000000002,109.56400000000019
2020-11-27,109.5550000000002,109.7570000000002,109.4780000000002,109.5300000000002
2020-11-30,109.5330000000002,109.6900000000002,109.5320000000002,109.6820000000002
2020-12-01,109.6830000000002,109.6910000000002,109.5500000000002,109.6100000000002
2020-12-02,109.6100000000002,109.6100000000002,109.5240000000002,109.5510000000002
2020-12-03,109.55100000000017,109.63700000000017,109.50100000000018,109.52800000000018
2020-12-04,109.52900000000014,110.10000000000014,109.52900000000014,109.90000000000015
2020-12-07,109.85000000000016,109.98000000000017,109.70800000000017,109.75100000000018
2020-12-08,109.78000000000017,110.08900000000017,109.78000000000017,110.08900000000017
2020-12-09,110.08900000000017,110.15800000000017,109.89200000000017,109.98500000000017
2020-12-10,109.98500000000017,110.00000000000017,109.88200000000018,109.95600000000017
2020-12-11,109.95600000000017,109.95600000000017,109.73000000000017,109.78500000000017
2020-12-14,109.80900000000014,109.84300000000015,109.60100000000014,109.63000000000014
2020-12-15,109.66200000000015,109.73800000000014,109.62800000000014,109.66000000000014
2020-12-16,109.67900000000014,109.69500000000014,109.63000000000014,109.66500000000015
2020-12-17,109.66600000000014,109.80000000000014,109.55500000000015,109.57400000000014
2020-12-18,109.5800000000002,109.6440000000002,109.5420000000002,109.5750000000002
2020-12-21,109.57600000000019,109.6200000000002,109.5500000000002,109.5590000000002
2020-12-22,109.5990000000002,109.8500000000002,109.5400000000002,109.7660000000002
2020-12-23,109.80300000000017,109.99800000000018,109.79200000000017,109.83200000000016
2020-12-24,109.83200000000014,109.98800000000014,109.80500000000015,109.84100000000014
2020-12-25,109.84200000000014,109.98700000000014,109.84000000000015,109.97600000000014
2020-12-28,109.98900000000015,110.14700000000015,109.98800000000014,110.00000000000014
2020-12-29,110.04400000000014,110.25000000000014,110.04400000000014,110.18900000000014
2020-12-30,110.19000000000014,110.33000000000014,110.06800000000014,110.24900000000014
2020-12-31,110.25500000000017,110.38000000000017,110.10000000000016,110.10500000000017
2021-01-04,110.10500000000015,110.23800000000014,109.93800000000014,110.03800000000014
2021-01-05,110.03800000000014,110.26800000000014,110.03800000000014,110.21000000000014
2021-01-06,110.21100000000014,110.47500000000014,110.19100000000014,110.44000000000014
2021-01-07,110.44100000000014,110.48000000000015,110.36100000000015,110.42600000000014
2021-01-08,110.51800000000014,110.73000000000015,110.35000000000014,110.44600000000014
2021-01-11,110.35100000000014,110.44600000000014,110.30000000000014,110.41100000000014
2021-01-12,110.41500000000015,110.49900000000014,110.34800000000014,110.47000000000014
2021-01-13,110.47000000000014,110.81500000000014,110.47000000000014,110.71800000000015
2021-01-14,110.72000000000014,110.95800000000014,110.72000000000014,110.86900000000014
2021-01-15,110.87500000000014,111.09900000000015,110.86000000000014,111.03200000000014
2021-01-18,111.05500000000015,111.05500000000015,110.74300000000014,110.77700000000014
2021-01-19,110.60000000000016,110.77600000000017,110.60000000000016,110.67100000000018
2021-01-20,110.68500000000017,110.89900000000017,110.68500000000017,110.88600000000017
2021-01-21,110.88600000000014,111.01900000000015,110.81100000000015,110.89200000000014
2021-01-22,110.90000000000018,111.18600000000018,110.89900000000017,111.11800000000017
2021-01-25,111.11900000000017,111.21900000000016,111.02000000000017,111.06800000000017
2021-01-26,111.00000000000017,111.18000000000018,110.59100000000016,110.62000000000018
2021-01-27,110.6530000000002,110.83800000000019,110.4800000000002,110.5330000000002
2021-01-28,110.55500000000018,110.68200000000017,110.37500000000017,110.49600000000017
2021-01-29,110.4500000000002,110.5070000000002,110.2420000000002,110.2820000000002
2021-02-01,110.3800000000002,110.6490000000002,110.3220000000002,110.6150000000002
2021-02-02,110.6490000000002,110.83500000000019,110.5000000000002,110.7600000000002
2021-02-03,110.7720000000002,110.8190000000002,110.6310000000002,110.6720000000002
2021-02-04,110.67300000000017,110.79800000000017,110.55500000000018,110.66300000000017
2021-02-05,110.65100000000017,110.73500000000017,110.23000000000017,110.34900000000017
2021-02-08,110.4150000000002,110.5320000000002,110.0090000000002,110.1260000000002
2021-02-09,110.1590000000002,110.2960000000002,110.0870000000002,110.2080000000002
2021-02-10,110.2480000000002,110.5490000000002,110.1620000000002,110.4700000000002
2021-02-18,110.4000000000002,110.4820000000002,110.2810000000002,110.3730000000002
2021-02-19,110.3400000000002,110.6720000000002,110.3400000000002,110.4640000000002
2021-02-22,110.4300000000002,110.4430000000002,110.0650000000002,110.3600000000002
2021-02-23,110.2670000000002,110.58800000000019,110.2600000000002,110.5300000000002
2021-02-24,110.5720000000002,110.71000000000019,110.4970000000002,110.57000000000019
2021-02-25,110.57000000000019,110.5890000000002,110.3540000000002,110.5460000000002
2021-02-26,110.6000000000002,110.6400000000002,110.2810000000002,110.44500000000019
2021-03-01,110.4270000000002,110.44500000000019,110.2220000000002,110.2800000000002
2021-03-02,110.2350000000002,110.6750000000002,110.1290000000002,110.6150000000002
2021-03-03,110.6000000000002,110.6620000000002,110.4260000000002,110.4750000000002
2021-03-04,110.4910000000002,110.5980000000002,110.4000000000002,110.4660000000002
2021-03-05,110.46000000000019,110.6700000000002,110.4110000000002,110.5990000000002
2021-03-08,110.55100000000023,110.73900000000023,110.51000000000023,110.72800000000022
2021-03-09,110.71400000000023,110.95500000000023,110.60800000000023,110.76100000000022
2021-03-10,110.73100000000022,110.95000000000023,110.63400000000023,110.86200000000022
2021-03-11,110.8150000000002,110.8570000000002,110.5810000000002,110.7310000000002
2021-03-12,110.7610000000002,110.7990000000002,110.6710000000002,110.6970000000002
2021-03-15,110.69700000000023,110.69700000000023,110.57000000000022,110.62100000000022
2021-03-16,110.6210000000002,110.6700000000002,110.5320000000002,110.5540000000002
2021-03-17,110.5560000000002,110.6480000000002,110.4940000000002,110.5070000000002
2021-03-18,110.5070000000002,110.5070000000002,110.2700000000002,110.3300000000002
2021-03-19,110.3300000000002,110.4900000000002,110.2800000000002,110.4520000000002
2021-03-22,110.46000000000019,110.6080000000002,110.46000000000019,110.5440000000002
2021-03-23,110.5410000000002,110.6000000000002,110.4840000000002,110.5740000000002
2021-03-24,110.6000000000002,110.7690000000002,110.6000000000002,110.7020000000002
2021-03-25,110.7020000000002,110.7980000000002,110.6000000000002,110.7470000000002
2021-03-26,110.7570000000002,110.7930000000002,110.6580000000002,110.6620000000002
2021-03-29,110.6620000000002,110.7360000000002,110.5460000000002,110.6420000000002
2021-03-30,110.6280000000002,110.8440000000002,110.6280000000002,110.7290000000002
2021-03-31,110.7300000000002,110.9920000000002,110.6850000000002,110.9340000000002
2021-04-01,111.0000000000002,111.0000000000002,110.7740000000002,110.8150000000002
2021-04-02,110.8750000000002,110.9820000000002,110.7650000000002,110.8210000000002
2021-04-06,110.7410000000002,110.8650000000002,110.7200000000002,110.7930000000002
2021-04-07,110.7650000000002,110.8890000000002,110.7650000000002,110.8280000000002
2021-04-08,110.8300000000002,110.8750000000002,110.69200000000019,110.7240000000002
2021-04-09,110.7240000000002,110.8100000000002,110.7110000000002,110.7980000000002
2021-04-12,110.80000000000017,111.03000000000017,110.76000000000018,111.02100000000017
2021-04-13,111.01000000000018,111.30000000000017,111.01000000000018,111.30000000000017
2021-04-14,111.30000000000017,111.44400000000017,111.21800000000017,111.37000000000018
2021-04-15,111.39900000000014,111.49300000000014,111.21000000000014,111.21500000000015
2021-04-16,111.21500000000017,111.80500000000018,111.11500000000017,111.57300000000016
2021-04-19,111.61900000000017,111.74900000000017,111.46500000000017,111.51500000000017
2021-04-20,111.51600000000018,111.69900000000017,111.48600000000017,111.59900000000017
2021-04-21,111.61600000000017,111.61600000000017,111.51200000000017,111.60500000000017
2021-04-22,111.61600000000014,111.65300000000015,111.46000000000014,111.53800000000014
2021-04-23,111.53300000000017,112.00000000000017,111.51000000000018,111.82500000000017
2021-04-26,111.81000000000017,111.95800000000017,111.51000000000018,111.69800000000016
2021-04-27,111.64800000000014,112.00000000000014,111.52000000000014,111.59700000000014
2021-04-28,111.58000000000014,111.72900000000014,111.26000000000015,111.30400000000014
2021-04-29,111.25300000000014,111.64300000000014,111.25300000000014,111.44900000000014
2021-04-30,111.44900000000014,111.74900000000014,111.36300000000014,111.66000000000014
2021-05-06,111.67300000000013,111.82500000000013,111.61900000000013,111.63800000000013
2021-05-07,111.63900000000014,111.80200000000015,111.53300000000014,111.61600000000014
2021-05-10,111.57500000000014,111.69800000000014,111.57000000000014,111.61800000000014
2021-05-11,111.66800000000015,111.90000000000015,111.57000000000014,111.84200000000014
2021-05-12,111.84000000000015,112.00000000000014,111.80100000000014,111.82200000000014
2021-05-13,111.82000000000014,111.82000000000014,111.63200000000015,111.74600000000014
2021-05-14,111.72000000000014,111.89600000000014,111.69600000000014,111.80100000000014
2021-05-17,111.75100000000015,111.96200000000015,111.62700000000014,111.77200000000015
2021-05-18,111.77200000000015,111.84800000000014,111.65300000000015,111.72200000000014
2021-05-19,111.72200000000012,111.99900000000012,111.72200000000012,111.96800000000013
2021-05-20,112.01800000000013,112.20000000000013,111.98200000000013,112.18100000000013
2021-05-21,112.23100000000012,112.59800000000013,112.18000000000013,112.50000000000013
2021-05-24,112.51000000000013,112.70000000000013,112.51000000000013,112.60000000000012
2021-05-25,112.60000000000015,112.62000000000016,112.43400000000015,112.54100000000015
2021-05-26,112.53000000000016,112.77500000000016,112.41200000000016,112.71500000000016
2021-05-27,112.69700000000016,112.75900000000016,112.45500000000015,112.47100000000016
2021-05-28,112.48000000000016,112.52900000000015,112.35200000000016,112.47900000000016
2021-05-31,112.47100000000016,112.49900000000015,112.10000000000015,112.39200000000015
2021-06-01,112.40200000000016,112.59800000000016,112.40200000000016,112.50000000000016
2021-06-02,112.51300000000018,112.70000000000017,112.51000000000018,112.65800000000017
2021-06-03,112.60800000000017,112.77700000000017,112.50000000000017,112.74500000000018
2021-06-04,112.74200000000017,112.74200000000017,112.43000000000018,112.55200000000018
2021-06-07,112.50000000000017,112.58000000000017,112.36000000000017,112.37400000000017
2021-06-08,112.39500000000017,112.47800000000016,112.35500000000017,112.36600000000017
2021-06-09,112.50000000000016,112.50000000000016,112.26000000000016,112.37800000000016
2021-06-10,112.37800000000017,112.55800000000018,112.37200000000017,112.38200000000018
2021-06-11,112.41000000000017,112.42300000000017,112.24500000000018,112.27500000000018
2021-06-15,112.30000000000017,112.30000000000017,111.96000000000016,112.08700000000017
2021-06-16,112.05100000000017,112.29600000000018,111.96500000000017,112.21700000000017
2021-06-17,112.17100000000018,112.25000000000017,112.03100000000018,112.05800000000018
2021-06-18,112.01100000000017,112.32500000000017,112.01000000000018,112.23200000000017
2021-06-21,112.24900000000017,112.40000000000018,112.23400000000017,112.35800000000017
2021-06-22,112.39800000000017,112.44300000000017,112.22500000000016,112.29900000000018
2021-06-23,112.30100000000017,112.38000000000017,112.23100000000017,112.27300000000017
2021-06-24,112.22800000000016,112.52700000000017,112.22800000000016,112.32800000000017
2021-06-25,112.3740000000002,112.5490000000002,112.3000000000002,112.4430000000002
2021-06-28,112.40700000000017,112.57000000000016,112.36300000000017,112.40200000000017
2021-06-29,112.3740000000002,112.5990000000002,112.2780000000002,112.5470000000002
2021-06-30,112.5970000000002,112.7770000000002,112.5050000000002,112.7200000000002
2021-07-01,112.70500000000023,112.94500000000022,112.67400000000023,112.81100000000023
2021-07-02,112.83000000000023,112.97000000000023,112.77300000000022,112.86600000000023
2021-07-05,112.82500000000023,113.06000000000023,112.74700000000023,112.86100000000023
2021-07-06,112.82000000000022,112.98800000000023,112.75400000000023,112.90000000000023
2021-07-07,112.9000000000002,113.1000000000002,112.9000000000002,113.0300000000002
2021-07-08,113.0800000000002,113.4440000000002,113.0800000000002,113.4000000000002
2021-07-09,113.44900000000023,113.73900000000023,113.44900000000023,113.60600000000022
2021-07-12,113.60000000000025,113.71700000000025,113.56000000000026,113.64000000000026
2021-07-13,113.69000000000025,114.16000000000025,113.62800000000026,114.13200000000026
2021-07-14,114.09200000000025,114.44000000000025,114.00000000000026,114.33000000000025
2021-07-15,114.38000000000025,114.38000000000025,113.87500000000026,113.88600000000025
2021-07-16,113.85000000000025,114.06000000000026,113.77500000000026,113.94000000000025
2021-07-19,113.94000000000025,113.99000000000025,113.82200000000026,113.89500000000025
2021-07-20,113.89000000000028,114.20000000000029,113.85000000000028,114.10100000000028
2021-07-21,114.15100000000028,114.20000000000029,114.05100000000029,114.18000000000029
2021-07-22,114.18000000000029,114.28500000000028,114.08100000000029,114.15000000000029
2021-07-23,114.10000000000028,114.26600000000029,114.10000000000028,114.20300000000029
2021-07-26,114.20300000000029,114.45200000000028,114.17000000000029,114.36100000000029
2021-07-27,114.31200000000028,114.51900000000029,114.26500000000028,114.41700000000029
2021-07-28,114.36800000000028,114.59000000000029,114.15000000000029,114.46100000000028
2021-07-29,114.41100000000029,114.41100000000029,114.29500000000029,114.36400000000029
2021-07-30,114.36400000000029,114.63000000000028,114.36400000000029,114.56400000000028
2021-08-02,114.63100000000028,115.26500000000028,114.63100000000028,114.85100000000028
2021-08-03,114.80100000000029,115.20000000000029,114.80100000000029,115.11500000000028
2021-08-04,115.06500000000028,115.24000000000028,114.90300000000029,114.94200000000028
2021-08-05,114.93800000000029,115.10000000000028,114.93800000000029,114.99700000000028
2021-08-06,114.9720000000003,115.04700000000031,114.9510000000003,115.01300000000032
2021-08-09,115.01300000000032,115.01300000000032,114.6160000000003,114.6640000000003
2021-08-10,114.6150000000003,114.6150000000003,114.4500000000003,114.5500000000003
2021-08-11,114.5000000000003,114.5000000000003,114.1500000000003,114.2170000000003
2021-08-12,114.1700000000003,114.4410000000003,114.1700000000003,114.3890000000003
2021-08-13,114.28800000000028,114.49900000000028,114.28800000000028,114.48500000000028
2021-08-16,114.4970000000003,114.5510000000003,114.4350000000003,114.4790000000003
2021-08-17,114.47900000000028,114.56600000000029,114.43000000000029,114.53000000000029
2021-08-18,114.54000000000029,114.83200000000028,114.43700000000028,114.78400000000029
2021-08-19,114.79000000000029,114.87000000000029,114.77900000000028,114.83300000000028
2021-08-20,114.83400000000029,114.87800000000028,114.78300000000029,114.80500000000029
2021-08-23,114.75500000000028,114.84800000000028,114.69100000000029,114.75600000000028
2021-08-24,114.70700000000028,114.95000000000029,114.70200000000028,114.88200000000029
2021-08-25,114.85000000000028,115.16000000000028,114.80900000000028,114.89500000000028
2021-08-26,114.89000000000028,114.89000000000028,114.40000000000029,114.50400000000029
2021-08-27,114.64300000000028,114.69200000000028,114.46900000000028,114.60600000000028
2021-08-30,114.55700000000026,114.65500000000026,114.55600000000025,114.63000000000025
2021-08-31,114.64000000000026,114.73900000000026,114.58500000000025,114.71800000000026
2021-09-01,114.67200000000028,115.04900000000029,114.67200000000028,115.00400000000029
2021-09-02,115.00800000000028,115.00800000000028,114.85200000000029,114.95000000000029
2021-09-03,114.95000000000029,115.04000000000029,114.87000000000029,115.00000000000028
2021-09-06,115.00000000000028,115.10800000000029,114.85200000000029,114.96200000000029
2021-09-07,114.92100000000026,114.98900000000026,114.90000000000026,114.90000000000026
2021-09-08,114.90000000000029,114.90000000000029,114.75600000000028,114.79000000000029
2021-09-09,114.74900000000025,114.83200000000025,114.70700000000025,114.74700000000026
2021-09-10,114.69700000000026,114.80000000000025,114.69600000000025,114.74300000000025
2021-09-13,114.74000000000022,114.79300000000023,114.56200000000022,114.59200000000023
2021-09-14,114.55100000000026,114.58700000000026,114.47400000000026,114.47700000000026
2021-09-15,114.47600000000028,114.61000000000028,114.30200000000029,114.35200000000029
2021-09-16,114.36200000000028,114.50500000000028,114.22000000000028,114.48600000000029
2021-09-17,114.41500000000026,114.75000000000026,114.41500000000026,114.63900000000025
2021-09-22,114.63100000000028,114.74500000000029,114.58900000000028,114.73600000000029
2021-09-23,114.73600000000026,114.79600000000026,114.70300000000026,114.73800000000026
2021-09-24,114.74800000000026,114.78500000000025,114.70800000000025,114.71300000000025
2021-09-27,114.70900000000029,114.84500000000028,114.66300000000028,114.78100000000029
2021-09-28,114.73100000000025,114.81600000000026,114.68000000000026,114.71400000000025
2021-09-29,114.71400000000023,114.99900000000022,114.66400000000023,114.92800000000022
2021-09-30,114.76600000000026,115.00000000000026,114.76600000000026,114.93000000000026
2021-10-08,114.92300000000026,114.92300000000026,114.70000000000026,114.70200000000025
2021-10-11,114.69900000000025,114.75200000000025,114.61900000000026,114.62000000000026
2021-10-12,114.66000000000025,114.66000000000025,114.28500000000025,114.39500000000025
2021-10-13,114.37000000000026,114.55000000000025,114.37000000000026,114.37000000000026
2021-10-14,114.34700000000025,114.58800000000025,114.34500000000025,114.43200000000026
2021-10-15,114.46800000000026,114.46800000000026,114.35500000000026,114.41700000000026
2021-10-18,114.41700000000026,114.41700000000026,114.00000000000026,114.00900000000026
2021-10-19,114.05900000000025,114.05900000000025,113.80000000000025,113.94100000000026
2021-10-20,113.99100000000026,114.10000000000025,113.90500000000026,114.04400000000025
2021-10-21,113.99500000000029,114.24900000000028,113.99500000000029,114.17300000000029
2021-10-22,114.10000000000028,114.35000000000028,114.10000000000028,114.22300000000028
2021-10-25,114.15000000000029,114.32000000000028,114.10500000000029,114.21100000000028
2021-10-26,114.21100000000028,114.31800000000028,114.21100000000028,114.31600000000029
2021-10-27,114.26200000000028,114.43000000000029,114.26200000000028,114.37100000000028
2021-10-28,114.32100000000028,114.41700000000029,114.32100000000028,114.39300000000028
2021-10-29,114.4000000000003,114.5690000000003,114.4000000000003,114.5230000000003
2021-11-01,114.52900000000028,114.68500000000029,114.52900000000028,114.67200000000028
2021-11-02,114.67000000000029,114.94000000000028,114.62300000000029,114.91400000000029
2021-11-03,114.91500000000029,115.26000000000029,114.86500000000028,115.10500000000029
2021-11-04,115.10500000000029,115.10500000000029,114.90000000000029,115.03500000000028
2021-11-05,115.04000000000029,115.25000000000028,115.04000000000029,115.10900000000028
2021-11-08,115.11600000000031,115.22000000000031,115.0700000000003,115.19100000000032
2021-11-09,115.15000000000032,115.15300000000032,114.97300000000031,115.11400000000032
2021-11-10,115.11500000000028,115.24200000000029,114.92500000000028,114.99700000000028
2021-11-11,114.99000000000028,115.08800000000028,114.57900000000028,114.79400000000028
2021-11-12,114.79400000000031,114.89700000000032,114.74500000000032,114.86900000000031
2021-11-15,114.8440000000003,115.18500000000031,114.74800000000032,115.05300000000031
2021-11-16,114.95000000000033,115.23300000000033,114.95000000000033,115.19100000000033
2021-11-17,115.19100000000032,115.20800000000031,115.00100000000032,115.06600000000032
2021-11-18,115.14100000000033,115.39500000000032,115.14100000000033,115.29000000000033
2021-11-19,115.25700000000032,115.43500000000031,115.10800000000032,115.14400000000032
2021-11-22,115.14400000000032,115.29800000000031,115.14000000000031,115.21700000000031
2021-11-23,115.24900000000032,115.24900000000032,115.04700000000032,115.22400000000033
2021-11-24,115.21900000000032,115.39500000000032,115.21900000000032,115.25300000000033
2021-11-25,115.25800000000032,115.33600000000033,115.25800000000032,115.33000000000033
2021-11-26,115.33500000000032,115.63200000000033,115.33500000000032,115.60900000000032
2021-11-29,115.60500000000033,115.60500000000033,115.53500000000032,115.55300000000032
2021-11-30,115.55300000000032,115.55300000000032,115.32700000000033,115.41800000000033
2021-12-01,115.42000000000033,115.42100000000033,115.31100000000033,115.32000000000032
2021-12-02,115.32000000000032,115.48000000000033,115.31200000000032,115.44000000000032
2021-12-03,115.40500000000031,115.49000000000031,115.3500000000003,115.39400000000032
2021-12-06,115.41000000000031,115.66100000000031,115.41000000000031,115.54500000000031
2021-12-07,115.56000000000031,115.61100000000032,115.43100000000031,115.43200000000031
2021-12-08,115.40500000000031,115.48200000000031,115.40500000000031,115.4570000000003
2021-12-09,115.45000000000029,115.45000000000029,115.30000000000028,115.31600000000029
2021-12-10,115.30500000000029,115.50000000000028,115.30500000000029,115.48600000000029
2021-12-13,115.49500000000029,115.53600000000029,115.30900000000028,115.32000000000028
2021-12-14,115.32000000000028,115.73400000000028,115.32000000000028,115.61900000000028
2021-12-15,115.61900000000028,115.61900000000028,115.37400000000028,115.54700000000028
2021-12-16,115.54500000000031,115.5970000000003,115.41700000000031,115.48200000000031
2021-12-17,115.48500000000031,115.71500000000032,115.37700000000031,115.6000000000003
2021-12-20,115.60600000000031,115.65000000000032,115.55300000000031,115.55500000000032
2021-12-21,115.55000000000031,115.5640000000003,115.50500000000031,115.55400000000031
2021-12-22,115.55000000000028,115.75200000000028,115.51200000000028,115.67000000000029
2021-12-23,115.67000000000031,115.89400000000032,115.67000000000031,115.88900000000031
2021-12-24,115.85500000000032,115.89300000000031,115.83100000000032,115.88900000000031
2021-12-27,115.90100000000025,116.15000000000026,115.89000000000026,116.07100000000025
2021-12-28,116.07600000000025,116.18000000000026,115.98200000000026,116.03100000000026
2021-12-29,116.02600000000025,116.07900000000025,115.64100000000026,116.01500000000026
2021-12-30,116.01500000000026,116.26500000000026,116.01000000000026,116.22700000000026
2021-12-31,116.22000000000025,116.29000000000026,116.17700000000026,116.19500000000025
2022-01-04,116.20000000000026,116.40000000000026,116.14000000000026,116.35500000000026
2022-01-05,116.35500000000026,116.35800000000026,116.31000000000026,116.32000000000025
2022-01-06,116.32000000000025,116.32000000000025,116.17000000000026,116.18100000000025
2022-01-07,116.18000000000029,116.53100000000029,116.13100000000028,116.20300000000029
2022-01-10,116.20600000000026,116.36800000000025,116.20600000000026,116.31900000000026
2022-01-11,116.32400000000025,116.42900000000026,116.28500000000025,116.29800000000026
2022-01-12,116.29500000000026,116.35300000000025,116.24200000000026,116.25100000000026
2022-01-13,116.25300000000028,116.39300000000028,116.25300000000028,116.38100000000028
2022-01-14,116.39100000000029,116.57900000000028,116.39100000000029,116.53400000000029
2022-01-17,116.43100000000028,116.73000000000029,116.43000000000029,116.56100000000029
2022-01-18,116.56500000000031,116.86700000000032,116.56500000000031,116.8380000000003
2022-01-19,116.91500000000029,118.00600000000028,116.91500000000029,117.14500000000028
2022-01-20,116.75000000000028,117.09000000000029,116.75000000000028,117.01300000000029
2022-01-21,117.06300000000029,117.35000000000028,117.05000000000028,117.30600000000028
2022-01-24,117.31300000000029,117.65300000000029,117.31300000000029,117.61200000000028
2022-01-25,117.40000000000029,117.70000000000029,117.40000000000029,117.59000000000029
2022-01-26,117.54200000000026,117.56600000000026,117.02100000000026,117.07100000000025
2022-01-27,117.12200000000026,117.28600000000026,116.89100000000026,116.99400000000026
2022-01-28,117.00200000000025,117.31400000000025,117.00200000000025,117.03900000000026
2022-02-07,117.09100000000025,117.09100000000025,116.84000000000026,117.03700000000026
2022-02-08,117.04300000000026,117.35600000000025,117.04100000000025,117.16700000000026
2022-02-09,117.16200000000026,117.28700000000026,117.06300000000026,117.17300000000026
2022-02-10,117.17300000000026,117.35600000000025,117.11400000000026,117.19700000000026
2022-02-11,117.19500000000025,117.19500000000025,116.74700000000026,116.76100000000025
2022-02-14,116.76500000000026,116.90000000000026,116.50500000000025,116.53500000000025
2022-02-15,116.49600000000025,116.70000000000026,116.44900000000025,116.62500000000026
2022-02-16,116.60500000000026,116.74700000000026,116.59100000000025,116.67200000000025
2022-02-17,116.69900000000025,116.84700000000025,116.69900000000025,116.75100000000026
2022-02-18,116.77400000000026,116.88000000000025,116.71300000000025,116.73600000000026
2022-02-21,116.73600000000023,116.74100000000023,116.51900000000023,116.52000000000022
2022-02-22,116.40500000000023,116.45200000000023,116.32200000000023,116.32400000000023
2022-02-23,116.33300000000023,116.52800000000023,116.33100000000023,116.52400000000023
2022-02-24,116.55100000000023,116.75000000000023,116.50100000000023,116.61500000000022
2022-02-25,116.56800000000025,116.68700000000025,116.56500000000025,116.68700000000025
2022-02-28,116.64300000000026,116.84000000000026,116.64300000000026,116.79400000000025
2022-03-01,116.79200000000023,116.79200000000023,116.50100000000023,116.52200000000023
2022-03-02,116.52200000000026,116.57200000000026,116.40300000000026,116.49900000000025
2022-03-03,116.48400000000025,116.53300000000026,116.21600000000025,116.26700000000025
2022-03-04,116.27100000000023,116.34600000000023,116.05500000000023,116.22100000000023
2022-03-07,116.21700000000025,116.41100000000026,116.13000000000025,116.38400000000026
2022-03-08,116.42900000000026,116.54600000000026,116.28300000000026,116.49500000000026
2022-03-09,116.54400000000025,116.54400000000025,116.06600000000026,116.12500000000026
2022-03-10,116.11100000000026,116.35300000000025,116.11000000000026,116.34500000000025
2022-03-11,116.23000000000026,116.63100000000026,116.23000000000026,116.61800000000025
2022-03-14,116.73100000000028,117.22900000000028,116.73100000000028,117.18800000000029
2022-03-15,117.13800000000026,117.23800000000026,116.80100000000026,116.84900000000026
2022-03-16,117.13800000000026,117.20800000000025,116.55000000000025,116.73200000000026
2022-03-17,116.72400000000026,116.73300000000026,116.60500000000026,116.65000000000026
2022-03-18,116.65000000000029,116.83200000000028,116.65000000000029,116.82800000000029
2022-03-21,116.81500000000028,116.81500000000028,116.40100000000028,116.68500000000029
2022-03-22,116.68100000000025,116.68100000000025,116.61800000000025,116.62700000000025
2022-03-23,116.62000000000026,116.67500000000025,116.50800000000025,116.66700000000026
2022-03-24,116.66900000000025,116.71300000000025,116.61700000000026,116.69600000000025
2022-03-25,116.69500000000028,116.90000000000029,116.67500000000028,116.88600000000028
2022-03-28,116.90400000000028,117.01000000000029,116.88400000000028,116.91800000000029
2022-03-29,116.95000000000029,116.99100000000028,116.92500000000028,116.96000000000028
2022-03-30,116.96500000000029,117.06900000000029,116.96500000000029,117.03700000000029
2022-03-31,117.04400000000028,117.08700000000029,116.84200000000028,116.88200000000029
2022-04-01,116.83200000000028,117.06800000000028,116.79200000000029,117.06700000000028
2022-04-06,117.06500000000025,117.25500000000025,116.97200000000025,117.17400000000026
2022-04-07,117.22400000000026,117.29000000000026,117.17000000000026,117.24300000000025
2022-04-08,117.25500000000025,117.52000000000025,117.25500000000025,117.48000000000026
2022-04-11,117.53000000000026,117.78000000000026,117.39500000000025,117.40100000000025
2022-04-12,117.40100000000025,117.57100000000025,117.40000000000026,117.46300000000025
2022-04-13,117.46300000000025,117.49300000000025,117.31900000000026,117.37100000000025
2022-04-14,117.39700000000026,117.56000000000026,117.35100000000025,117.51000000000026
2022-04-15,117.56000000000026,117.56000000000026,117.35200000000026,117.36100000000026
2022-04-18,117.34500000000025,117.35000000000025,117.10700000000026,117.17700000000026
2022-04-19,117.14800000000025,117.19000000000025,117.05400000000026,117.07800000000026
2022-04-20,117.06800000000025,117.07000000000025,116.88400000000026,116.90800000000026
2022-04-21,116.89400000000023,117.11200000000022,116.89400000000023,117.10200000000023
2022-04-22,117.10000000000022,117.34000000000024,117.05300000000022,117.08200000000022
2022-04-25,117.05400000000026,117.39900000000026,117.05000000000025,117.20300000000026
2022-04-26,117.19000000000025,117.38000000000025,117.18900000000025,117.30500000000026
2022-04-27,117.30000000000025,117.30900000000025,117.19300000000025,117.22500000000025
2022-04-28,117.27500000000026,117.27500000000026,117.05000000000025,117.07800000000026
2022-04-29,117.07700000000023,117.30000000000022,117.03100000000023,117.20400000000022
2022-05-05,117.20400000000025,117.25000000000026,117.09500000000025,117.17400000000026
2022-05-06,117.16400000000026,117.22200000000025,117.11600000000026,117.12400000000025
2022-05-09,117.12000000000026,117.28500000000025,117.11600000000026,117.25100000000026
2022-05-10,117.30100000000026,117.45000000000026,117.30100000000026,117.44900000000025
2022-05-11,117.45000000000024,117.49900000000024,117.31100000000023,117.33400000000024
2022-05-12,117.21000000000025,117.44700000000026,117.21000000000025,117.43300000000026
2022-05-13,117.48400000000025,117.53900000000026,117.42900000000026,117.47500000000025
2022-05-16,117.47500000000025,117.52500000000026,117.22800000000025,117.41000000000025
2022-05-17,117.45600000000026,117.45600000000026,117.40100000000025,117.44700000000026
2022-05-18,117.40100000000024,117.52000000000024,117.39800000000024,117.49000000000024
2022-05-19,117.52900000000025,117.59000000000026,117.45000000000026,117.47200000000025
2022-05-20,117.47200000000025,117.52200000000026,117.42500000000025,117.48600000000026
2022-05-23,117.51200000000026,117.62800000000026,117.51200000000026,117.61500000000025
2022-05-24,117.66500000000026,117.72900000000025,117.59400000000025,117.71800000000026
2022-05-25,117.67000000000026,117.90000000000026,117.67000000000026,117.85500000000026
2022-05-26,117.85900000000028,118.19500000000028,117.85900000000028,118.10000000000028
2022-05-27,118.05000000000028,118.28000000000029,118.05000000000028,118.12000000000029
2022-05-30,118.13000000000028,118.13500000000029,117.95000000000029,117.97600000000028
2022-05-31,117.95400000000028,117.99800000000029,117.75000000000028,117.78300000000029
2022-06-01,117.77100000000029,117.86900000000028,117.73700000000028,117.85000000000028
2022-06-02,117.8500000000003,117.90000000000032,117.7250000000003,117.75500000000031
2022-06-06,117.7130000000003,117.79000000000032,117.65400000000031,117.6890000000003
2022-06-07,117.65000000000032,117.69900000000031,117.64000000000031,117.69600000000031
2022-06-08,117.7040000000003,117.77900000000031,117.68300000000032,117.71200000000032
2022-06-09,117.71600000000028,117.89800000000028,117.71200000000029,117.89000000000028
2022-06-10,117.89400000000029,118.00000000000028,117.83000000000028,117.85100000000028
2022-06-13,117.84800000000031,118.00000000000031,117.65200000000031,117.92700000000032
2022-06-14,117.92000000000034,117.92500000000034,117.68200000000034,117.75600000000034
2022-06-15,117.72400000000032,117.80000000000031,117.65200000000031,117.76200000000031
2022-06-16,117.72100000000032,117.85900000000031,117.58300000000031,117.69000000000031
2022-06-17,117.68400000000031,117.77700000000031,117.60500000000032,117.73000000000032
2022-06-20,117.71300000000033,117.78000000000034,117.61500000000034,117.66900000000034
2022-06-21,117.63000000000034,117.71700000000034,117.62100000000034,117.68800000000034
2022-06-22,117.68800000000034,117.80000000000034,117.67900000000034,117.76000000000035
2022-06-23,117.77200000000035,117.80000000000034,117.71000000000033,117.73800000000034
2022-06-24,117.73800000000034,117.83200000000033,117.70000000000034,117.71400000000034
2022-06-27,117.66400000000034,117.66400000000034,117.39200000000034,117.42400000000035
2022-06-28,117.37500000000034,117.46400000000034,117.37400000000034,117.44300000000034
2022-06-29,117.43300000000035,117.55000000000034,117.39300000000034,117.41700000000034
2022-06-30,117.39300000000034,117.65800000000034,117.39300000000034,117.56500000000034
2022-07-01,117.56600000000034,117.65000000000035,117.52100000000034,117.60000000000034
2022-07-04,117.64500000000031,117.64500000000031,117.36000000000031,117.42600000000031
2022-07-05,117.37600000000032,117.47600000000031,117.37600000000032,117.42600000000031
2022-07-06,117.43500000000031,117.57800000000032,117.43500000000031,117.57500000000032
2022-07-07,117.57800000000034,117.69900000000034,117.47000000000034,117.69900000000034
2022-07-08,117.65100000000034,117.69000000000034,117.60000000000034,117.64800000000034
2022-07-11,117.64900000000031,117.79900000000032,117.63800000000032,117.77200000000032
2022-07-12,117.79900000000032,117.80800000000032,117.73900000000032,117.78800000000031
2022-07-13,117.78800000000031,117.98900000000032,117.78800000000031,117.90700000000031
2022-07-14,117.90700000000028,117.95600000000029,117.86300000000028,117.91700000000029
2022-07-15,117.92100000000026,118.10300000000025,117.92100000000026,118.06900000000026
2022-07-18,118.06900000000026,118.16600000000025,117.87200000000026,117.97600000000025
2022-07-19,117.98200000000026,117.98200000000026,117.85900000000025,117.91200000000026
2022-07-20,117.94300000000025,118.04100000000025,117.86200000000025,117.95900000000026
2022-07-21,117.97700000000025,121.50000000000024,117.97700000000025,118.09400000000024
2022-07-22,118.10100000000025,118.14400000000026,118.06000000000026,118.14300000000026
2022-07-25,118.14800000000025,118.32300000000025,118.04700000000025,118.18600000000026
2022-07-26,118.18600000000026,118.34000000000026,118.13700000000026,118.31000000000026
2022-07-27,118.31000000000024,118.47400000000025,118.26900000000025,118.37700000000024
2022-07-28,118.38000000000024,118.42500000000024,118.35000000000024,118.36000000000024
2022-07-29,118.37700000000024,118.77700000000024,118.32000000000023,118.77400000000024
2022-08-01,118.77400000000021,118.91400000000021,118.63000000000021,118.90000000000022
2022-08-02,118.85100000000021,119.17000000000021,118.85100000000021,119.03500000000021
2022-08-03,119.03500000000018,119.05000000000018,118.79000000000019,119.03200000000018
2022-08-04,119.00100000000022,119.26400000000021,119.00100000000022,119.1920000000002
2022-08-05,119.24200000000022,119.24200000000022,119.10300000000021,119.12000000000022
2022-08-08,119.07100000000021,119.11900000000021,118.80000000000021,118.99200000000022
2022-08-09,118.98400000000021,119.04200000000021,118.88900000000021,118.90800000000021
2022-08-10,118.90800000000021,119.21200000000022,118.89800000000021,119.10400000000021
2022-08-11,119.10800000000022,119.14000000000021,118.90000000000022,118.9600000000002
2022-08-12,118.95800000000021,119.04200000000021,118.85000000000021,118.87300000000022
2022-08-15,118.92300000000021,119.50000000000021,118.92300000000021,119.42300000000021
2022-08-16,119.44000000000018,119.98000000000019,119.44000000000018,119.61200000000018
2022-08-17,119.66000000000015,119.66000000000015,119.56000000000016,119.61500000000015
2022-08-18,119.65000000000019,119.79400000000018,119.57800000000019,119.79300000000019
2022-08-19,119.76900000000019,119.98400000000018,119.74300000000018,119.97600000000018
2022-08-22,119.98200000000018,120.05900000000018,119.84000000000019,119.87200000000018
2022-08-23,119.87500000000018,119.90400000000018,119.82400000000018,119.88000000000018
2022-08-24,119.89000000000021,119.92300000000021,119.83000000000021,119.88400000000021
2022-08-25,119.83700000000019,119.88400000000019,119.73000000000019,119.76300000000019
2022-08-26,119.74000000000018,119.80000000000018,119.62300000000019,119.63100000000018
2022-08-29,119.59700000000021,119.78900000000021,119.5820000000002,119.72500000000021
2022-08-30,119.74000000000024,119.96000000000024,119.74000000000024,119.88000000000024
2022-08-31,119.92100000000025,119.97900000000024,119.83300000000024,119.89100000000025
2022-09-01,119.89100000000022,120.08000000000021,119.67700000000022,119.98400000000021
2022-09-02,119.96900000000024,120.22000000000024,119.96900000000024,120.17700000000025
2022-09-05,120.03400000000025,120.79500000000024,120.03400000000025,120.10000000000024
2022-09-06,120.10600000000024,120.20000000000024,119.96400000000024,120.01000000000025
2022-09-07,120.00000000000024,120.01800000000024,119.96400000000024,120.00100000000025
2022-09-08,119.96800000000025,120.00000000000024,119.90000000000025,119.92500000000024
2022-09-09,119.94000000000024,119.99600000000024,119.90100000000024,119.95400000000024
2022-09-13,119.91100000000027,119.95000000000027,119.71700000000027,119.82400000000027
2022-09-14,119.79700000000027,119.79700000000027,119.66000000000027,119.69000000000027
2022-09-15,119.67600000000027,119.84000000000027,119.64400000000028,119.70100000000026
2022-09-16,119.74800000000027,119.74900000000027,119.41300000000027,119.47500000000026
2022-09-19,119.47300000000024,119.58700000000024,119.47200000000024,119.57700000000024
2022-09-20,119.57700000000024,119.85000000000024,119.57700000000024,119.84800000000024
2022-09-21,119.85000000000024,119.93000000000025,119.82000000000023,119.92500000000024
2022-09-22,119.90500000000024,119.94800000000023,119.85000000000024,119.91000000000024
2022-09-23,119.91000000000024,119.91000000000024,119.60000000000024,119.64300000000024
2022-09-26,119.84800000000024,119.84800000000024,119.01000000000025,119.06900000000024
2022-09-27,119.04500000000021,119.27200000000022,118.92000000000021,119.09600000000022
2022-09-28,119.05500000000025,119.21200000000024,119.05500000000025,119.12700000000024
2022-09-29,119.17700000000022,119.27100000000021,118.35800000000022,118.82400000000021
2022-09-30,118.77400000000024,118.97900000000024,118.70100000000023,118.90100000000024
2022-10-10,118.90100000000021,119.29300000000022,118.90100000000021,119.26200000000021
2022-10-11,119.26300000000022,119.42500000000021,119.26300000000022,119.34600000000022
2022-10-12,119.29900000000022,119.37300000000022,119.20200000000021,119.26400000000021
2022-10-13,119.3140000000002,119.36800000000021,119.22500000000021,119.3230000000002
2022-10-14,119.28900000000019,119.61600000000018,119.28800000000018,119.52500000000019
2022-10-17,119.49700000000016,119.67000000000016,119.43900000000015,119.54100000000015
2022-10-18,119.54100000000018,119.64600000000019,119.33800000000018,119.54800000000019
2022-10-19,119.59100000000021,119.64400000000022,119.53800000000021,119.64300000000021
2022-10-20,119.64400000000022,119.68700000000021,119.4390000000002,119.45500000000021
2022-10-21,119.50500000000021,119.71100000000021,119.47800000000021,119.5760000000002
2022-10-24,119.52800000000025,119.69300000000024,119.45500000000024,119.64800000000024
2022-10-25,119.63300000000024,119.68000000000025,119.54200000000024,119.61900000000024
2022-10-26,119.5700000000002,119.65700000000021,119.01300000000022,119.62200000000021
2022-10-27,119.63100000000024,119.89700000000025,119.63100000000024,119.87000000000025
2022-10-28,119.89000000000024,120.04100000000024,119.88500000000025,119.98000000000025
2022-10-31,120.00300000000024,120.27400000000024,120.00300000000024,120.25800000000024
2022-11-01,120.26900000000028,120.26900000000028,120.03300000000027,120.08100000000027
2022-11-02,120.03500000000024,120.14000000000024,119.76100000000024,119.79100000000024
2022-11-03,119.84100000000024,120.01300000000025,119.79200000000024,119.99800000000025
2022-11-04,119.99800000000025,120.04500000000024,119.64600000000024,119.82100000000024
2022-11-07,119.83100000000024,119.97100000000025,119.83000000000024,119.90200000000024
2022-11-08,119.85200000000027,120.00000000000027,119.85200000000027,119.96800000000027
2022-11-09,120.00700000000028,120.19700000000027,119.92100000000028,120.08000000000027
2022-11-10,120.03100000000028,120.10900000000026,119.92300000000027,120.04900000000028
2022-11-11,120.02000000000027,120.08800000000026,119.66500000000028,119.76600000000028
2022-11-14,119.71600000000026,119.71600000000026,119.10000000000026,119.12900000000027
2022-11-15,119.07900000000026,119.10100000000027,118.93200000000027,118.99900000000027
2022-11-16,118.96100000000027,119.13000000000027,118.62900000000027,118.64800000000027
2022-11-17,118.65200000000027,119.10000000000026,118.65200000000027,119.00000000000027
2022-11-18,119.00000000000027,119.24600000000027,118.92200000000027,118.96600000000026
2022-11-21,118.96600000000026,119.19900000000027,118.96600000000026,119.17600000000027
2022-11-22,119.20000000000027,119.25000000000027,118.90000000000028,119.00600000000027
2022-11-23,119.01000000000028,119.24000000000026,119.01000000000028,119.23200000000027
2022-11-24,119.29800000000027,119.63800000000028,119.29800000000027,119.53000000000027
2022-11-25,119.52400000000027,119.54900000000028,119.30600000000027,119.32600000000026
2022-11-28,119.48000000000025,119.48000000000025,119.00400000000025,119.02000000000024
2022-11-29,118.97100000000025,119.01600000000025,118.53800000000024,118.58700000000024
2022-11-30,118.62000000000025,118.78900000000024,118.62000000000025,118.73700000000024
2022-12-01,118.72800000000024,118.88400000000024,118.49800000000025,118.86000000000024
2022-12-02,118.85600000000024,118.99000000000024,118.85600000000024,118.95700000000024
2022-12-05,118.95000000000024,118.98900000000025,118.80000000000024,118.84900000000025
2022-12-06,118.82000000000023,118.82900000000024,118.50900000000024,118.58900000000024
2022-12-07,118.58900000000021,118.63700000000021,118.47700000000022,118.61300000000021
2022-12-08,118.67100000000022,118.91800000000022,118.67100000000022,118.90100000000021
2022-12-09,118.84800000000018,118.89800000000018,118.70200000000018,118.76100000000018
2022-12-12,118.77100000000021,118.85800000000022,118.77100000000021,118.78100000000022
2022-12-13,118.80900000000021,118.80900000000021,118.52200000000022,118.59300000000022
2022-12-14,118.62100000000021,118.94000000000021,118.62100000000021,118.88800000000022
2022-12-15,118.89100000000019,118.99800000000019,118.81600000000019,118.92100000000019
2022-12-16,118.87100000000021,119.03400000000022,118.83400000000022,118.93700000000021
2022-12-19,118.98700000000021,119.19400000000022,118.98700000000021,119.14900000000021
2022-12-20,119.10000000000021,119.19900000000021,118.99000000000021,119.08000000000021
2022-12-21,119.12000000000016,119.14500000000015,118.96400000000015,119.13300000000015
2022-12-22,119.13500000000016,119.17100000000016,119.08600000000015,119.13700000000016
2022-12-23,119.13000000000015,119.17600000000016,119.09200000000016,119.12200000000016
2022-12-26,119.13200000000016,119.22200000000015,118.98200000000016,119.03700000000016
2022-12-27,119.03700000000016,119.15100000000015,119.00000000000016,119.00800000000015
2022-12-28,119.05800000000013,119.07000000000012,119.01000000000013,119.03200000000012
2022-12-29,119.03500000000012,119.20000000000013,119.03400000000013,119.17100000000013
2022-12-30,119.22000000000016,119.39400000000016,119.18000000000016,119.33300000000015
2023-01-03,119.32000000000018,119.38300000000018,119.28000000000019,119.34000000000019
2023-01-04,119.34300000000019,119.50000000000018,119.34300000000019,119.43900000000018
2023-01-05,119.44600000000018,119.52900000000018,119.39000000000019,119.44100000000019
2023-01-06,119.44400000000022,119.44400000000022,119.25200000000021,119.29100000000021
2023-01-09,119.32700000000018,119.41500000000019,119.29100000000018,119.34900000000019
2023-01-10,119.33500000000018,119.34900000000019,119.25600000000018,119.25600000000018
2023-01-11,119.24500000000016,119.25500000000015,119.08700000000016,119.12000000000016
2023-01-12,119.15500000000019,119.20000000000019,119.12000000000019,119.15200000000019
2023-01-13,119.14500000000015,119.14500000000015,119.08000000000015,119.13300000000015
2023-01-16,119.08600000000015,119.08600000000015,118.91100000000016,118.91300000000015
2023-01-17,118.95000000000016,119.00000000000016,118.92500000000015,118.94200000000015
2023-01-18,118.97800000000015,119.05900000000015,118.85000000000015,118.86600000000016
2023-01-19,118.88500000000016,118.96500000000016,118.82800000000016,118.82900000000015
2023-01-20,118.89100000000016,118.97900000000016,118.89100000000016,118.96900000000015
2023-01-30,118.95300000000019,119.05500000000019,118.86000000000018,119.04900000000019
2023-01-31,119.09900000000019,119.14200000000018,119.02200000000019,119.12700000000018
2023-02-01,119.14000000000016,119.20800000000015,119.05900000000015,119.13700000000016
2023-02-02,119.13600000000015,119.22900000000016,119.11600000000016,119.20100000000015
2023-02-03,119.21100000000015,119.31500000000015,119.21100000000015,119.30500000000016
2023-02-06,119.35500000000016,119.35500000000016,119.29700000000015,119.31000000000016
2023-02-07,119.29000000000016,119.36000000000016,119.20300000000016,119.28500000000015
2023-02-08,119.29200000000013,119.35000000000012,119.20000000000013,119.22800000000012
2023-02-09,119.27800000000016,119.31100000000016,119.23000000000016,119.24100000000016
2023-02-10,119.28000000000013,119.35800000000013,119.28000000000013,119.32800000000013
2023-02-13,119.33800000000012,119.39900000000013,119.33800000000012,119.35500000000013
2023-02-14,119.35600000000012,119.40500000000013,119.32000000000012,119.37500000000013
2023-02-15,119.37900000000013,119.38200000000013,119.31500000000013,119.33000000000013
2023-02-16,119.33500000000012,119.42800000000013,119.20000000000013,119.34100000000012
2023-02-17,119.37000000000013,119.43100000000013,119.33400000000013,119.37700000000012
2023-02-20,119.38200000000013,119.41500000000013,119.34100000000012,119.34900000000013
2023-02-21,119.34000000000013,119.35100000000013,119.32000000000012,119.32900000000012
2023-02-22,119.32900000000012,119.39500000000012,119.32900000000012,119.35300000000012
2023-02-23,119.36100000000013,119.37500000000013,119.35200000000013,119.36000000000013
2023-02-24,119.38000000000012,119.38000000000012,119.34200000000013,119.34400000000012
2023-02-27,119.34200000000013,119.35900000000012,119.27500000000013,119.32000000000012
2023-02-28,119.34300000000013,119.34300000000013,119.29000000000013,119.30300000000013
2023-03-01,119.34900000000013,119.34900000000013,119.30400000000013,119.32400000000013
2023-03-02,119.32400000000013,119.35500000000013,119.20900000000013,119.29500000000013
2023-03-03,119.29000000000016,119.30000000000015,119.25200000000015,119.27700000000016
2023-03-06,119.31000000000013,119.48000000000013,119.31000000000013,119.43600000000013
2023-03-07,119.47900000000013,119.58700000000013,119.43900000000012,119.57300000000012
2023-03-08,119.62000000000013,119.69900000000013,119.57500000000013,119.69800000000012
2023-03-09,119.70000000000013,119.71000000000012,119.65700000000012,119.69600000000013
2023-03-10,119.70000000000013,119.78000000000013,119.64600000000013,119.74000000000012
2023-03-13,119.74000000000012,119.80000000000013,119.70000000000013,119.78000000000013
2023-03-14,119.75300000000013,119.85500000000013,119.74900000000012,119.81900000000013
2023-03-15,119.82000000000012,119.82600000000012,119.76000000000013,119.76900000000013
2023-03-16,119.7760000000001,119.9100000000001,119.7760000000001,119.8860000000001
2023-03-17,119.88600000000012,119.96400000000013,119.87100000000012,119.96200000000013
2023-03-20,119.96100000000013,120.03000000000013,119.95000000000013,119.99900000000012
2023-03-21,120.00600000000013,120.04200000000013,119.80000000000013,119.82700000000013
2023-03-22,119.78300000000013,119.87700000000012,119.71900000000012,119.87700000000012
2023-03-23,119.87700000000012,119.91900000000012,119.80400000000013,119.85300000000012
2023-03-24,119.8530000000001,119.8840000000001,119.8010000000001,119.8150000000001
2023-03-27,119.8290000000001,119.8830000000001,119.7910000000001,119.8530000000001
2023-03-28,119.8540000000001,119.8900000000001,119.81400000000009,119.8450000000001
2023-03-29,119.84500000000008,119.92900000000009,119.80000000000008,119.92000000000009
2023-03-30,119.90600000000009,120.02300000000008,119.77200000000009,119.79800000000009
2023-03-31,119.84800000000008,119.92000000000009,119.83000000000008,119.85200000000009
2023-04-03,119.90000000000009,119.90100000000008,119.86200000000008,119.87400000000008
2023-04-04,119.87500000000009,119.92100000000009,119.87500000000009,119.91700000000009
2023-04-06,119.92000000000009,119.98400000000008,119.92000000000009,119.93800000000009
2023-04-07,119.95000000000006,120.04800000000006,119.95000000000006,120.02000000000005
2023-04-10,120.02200000000006,120.09000000000006,120.02200000000006,120.09000000000006
2023-04-11,120.09100000000005,120.18000000000006,120.09100000000005,120.09900000000006
2023-04-12,120.14100000000006,120.24500000000006,120.11200000000005,120.22400000000006
2023-04-13,120.27300000000005,120.27400000000006,120.23200000000006,120.25400000000006
2023-04-14,120.26900000000006,120.26900000000006,120.13500000000006,120.19400000000006
2023-04-17,120.19400000000006,120.23000000000006,120.14000000000006,120.18600000000006
2023-04-18,120.18100000000005,120.21700000000006,120.13600000000005,120.21400000000006
2023-04-19,120.22000000000006,120.40000000000006,120.22000000000006,120.33000000000006
2023-04-20,120.32500000000006,120.42000000000006,120.20000000000006,120.23900000000006
2023-04-21,120.26300000000009,120.40900000000009,120.26300000000009,120.40700000000008
2023-04-24,120.42200000000008,120.53800000000008,120.42200000000008,120.51000000000009
2023-04-25,120.55800000000012,120.55800000000012,120.51000000000012,120.52500000000012
2023-04-26,120.52600000000011,120.57500000000012,120.48600000000012,120.5730000000001
2023-04-27,120.60000000000011,120.8200000000001,120.60000000000011,120.66400000000012
2023-04-28,120.71400000000011,120.89500000000011,120.67900000000012,120.74900000000011
2023-05-04,120.82600000000008,121.00000000000009,120.82600000000008,120.96400000000008
2023-05-05,121.00900000000009,121.16500000000009,121.00900000000009,121.16500000000009
2023-05-08,121.99800000000009,121.99800000000009,120.98900000000009,121.03500000000008
2023-05-09,121.02900000000008,121.16600000000008,120.98500000000008,121.14900000000009
2023-05-10,121.13400000000006,121.33500000000005,121.13400000000006,121.31100000000006
2023-05-11,121.41200000000006,121.54800000000006,121.41000000000005,121.48700000000005
2023-05-12,121.49800000000006,121.53700000000006,121.33100000000006,121.36500000000005
2023-05-15,121.37000000000006,121.48000000000006,121.35500000000006,121.36000000000006
2023-05-16,121.37600000000006,121.37600000000006,121.26300000000006,121.31600000000006
2023-05-17,121.36000000000006,121.42000000000006,121.30200000000006,121.30500000000006
2023-05-18,121.39900000000003,121.39900000000003,121.08000000000003,121.29600000000003
2023-05-19,121.31100000000004,121.43000000000004,121.31000000000003,121.42700000000004
2023-05-22,121.39000000000003,121.49000000000002,121.37700000000002,121.45300000000003
2023-05-23,121.46000000000002,121.73000000000003,121.46000000000002,121.70800000000003
2023-05-24,121.729,121.743,121.58,121.667
2023-05-25,121.66599999999998,121.66599999999998,121.52499999999999,121.56399999999998
2023-05-26,121.565,121.613,121.321,121.352
2023-05-29,121.358,121.46,121.324,121.459
2023-05-30,121.46200000000003,121.52500000000003,121.45000000000003,121.46500000000003
2023-05-31,121.46900000000002,121.52000000000002,121.46900000000002,121.50400000000003
2023-06-01,121.56300000000003,121.68000000000004,121.56300000000003,121.65400000000002
2023-06-02,121.70000000000006,121.70100000000005,121.56600000000006,121.57900000000005
2023-06-05,121.56000000000003,121.65300000000003,121.54500000000003,121.62600000000003
2023-06-06,121.65100000000002,121.76000000000003,121.65100000000002,121.76000000000003
2023-06-07,121.75800000000002,121.87000000000003,121.71000000000002,121.86900000000003
2023-06-08,121.86700000000003,121.88900000000002,121.80100000000003,121.84400000000002
2023-06-09,121.85600000000002,122.02300000000002,121.84100000000002,121.97700000000003
2023-06-12,121.97000000000003,122.08000000000003,121.97000000000003,122.05800000000004
2023-06-13,122.09900000000003,122.28200000000002,122.07200000000003,122.27900000000002
2023-06-14,122.39900000000003,122.61000000000003,122.28200000000002,122.59800000000003
2023-06-15,122.54800000000003,122.59800000000003,122.22000000000003,122.24500000000003
2023-06-16,122.00000000000006,122.11800000000005,121.72000000000006,121.79400000000005
2023-06-19,121.82600000000005,121.91300000000005,121.72500000000005,121.88800000000006
2023-06-20,121.87000000000006,121.89900000000006,121.77100000000006,121.86600000000006
2023-06-21,121.87000000000006,122.07700000000006,121.87000000000006,122.01000000000006
2023-06-26,122.01000000000006,122.21000000000005,122.01000000000006,122.16900000000005
2023-06-27,122.16300000000005,122.16400000000006,121.91000000000005,121.97200000000005
2023-06-28,121.97200000000002,122.05800000000004,121.96600000000002,121.98900000000003
2023-06-29,121.98800000000003,122.05000000000003,121.93900000000002,122.03100000000003
2023-06-30,122.05600000000003,122.26800000000003,122.05000000000003,122.26200000000003
2023-07-03,122.31000000000003,122.33700000000003,122.15800000000003,122.20300000000003
2023-07-04,122.20000000000006,122.30000000000005,122.15300000000006,122.21700000000006
2023-07-05,122.25000000000006,122.25100000000006,122.16800000000006,122.23300000000006
2023-07-06,122.23700000000005,122.30900000000005,122.23700000000005,122.27600000000005
2023-07-07,122.27300000000005,122.31100000000006,122.26600000000006,122.30900000000005
2023-07-10,122.30700000000006,122.34100000000005,122.26500000000006,122.33100000000006
2023-07-11,122.35000000000005,122.49900000000005,122.35000000000005,122.42600000000006
2023-07-12,122.44000000000003,122.47500000000002,122.39900000000003,122.44700000000003
2023-07-13,122.44500000000002,122.45600000000003,122.36000000000003,122.39500000000002
2023-07-14,122.39600000000003,122.39600000000003,122.32700000000003,122.34600000000003
2023-07-17,122.359,122.464,122.359,122.463
2023-07-18,122.47999999999999,122.64999999999999,122.47599999999998,122.63799999999999
2023-07-19,122.64399999999999,122.66999999999999,122.56599999999999,122.61399999999999
2023-07-20,122.61699999999998,122.63499999999998,122.54499999999997,122.62299999999998
2023-07-21,122.67199999999997,122.78499999999997,122.67199999999997,122.77099999999997
2023-07-24,122.78399999999999,122.87299999999999,122.78299999999999,122.85399999999998
2023-07-25,122.72099999999999,122.72099999999999,122.33399999999999,122.39199999999998
2023-07-26,122.39199999999998,122.52499999999999,122.36999999999999,122.50999999999999
2023-07-27,122.54499999999999,122.67199999999998,122.54499999999999,122.64399999999999
2023-07-28,122.67999999999999,122.72499999999998,122.53899999999999,122.60299999999998
2023-07-31,122.59,122.59,122.3,122.454
2023-08-01,122.50599999999999,122.60099999999998,122.47499999999998,122.54499999999999
2023-08-02,122.594,122.655,122.562,122.651
2023-08-03,122.657,122.742,122.656,122.714
2023-08-04,122.717,122.85,122.601,122.715
2023-08-07,122.75,122.792,122.723,122.758
2023-08-08,122.75199999999998,122.80799999999999,122.75199999999998,122.79499999999999
2023-08-09,122.83799999999998,122.83899999999998,122.80399999999999,122.83499999999998
2023-08-10,122.84,122.845,122.789,122.819
2023-08-11,122.82,122.841,122.797,122.836
2023-08-14,122.881,122.967,122.879,122.949
2023-08-15,122.965,123.3,122.965,123.279
2023-08-16,123.329,123.55,123.329,123.475
2023-08-17,123.48300000000003,123.57300000000002,123.38700000000003,123.46500000000003
2023-08-18,123.415,123.56,123.33,123.54
2023-08-21,123.58999999999999,123.84499999999998,123.57099999999998,123.81899999999999
2023-08-22,123.81899999999999,123.84799999999998,123.65299999999999,123.67499999999998
2023-08-23,123.669,123.779,123.63,123.663
2023-08-24,123.65199999999999,123.67499999999998,123.59099999999998,123.63599999999998
2023-08-25,123.65199999999997,123.69199999999996,123.55999999999997,123.57899999999997
2023-08-28,123.20199999999998,123.49699999999999,122.55999999999999,123.49099999999999
2023-08-29,123.49099999999997,123.49199999999998,123.21599999999997,123.27099999999997
2023-08-30,123.27099999999996,123.38399999999996,123.18299999999996,123.34199999999996
2023-08-31,123.37999999999995,123.43899999999995,123.36799999999995,123.42699999999996
2023-09-01,123.42299999999996,123.42299999999996,123.26399999999995,123.30399999999996
2023-09-04,123.10099999999997,123.16999999999997,122.91999999999997,122.94199999999996
2023-09-05,122.99199999999998,123.01799999999997,122.94499999999996,123.01199999999997
2023-09-06,123.04999999999997,123.06899999999997,122.86499999999997,122.86899999999997
2023-09-07,122.86899999999997,122.87699999999997,122.75099999999998,122.75999999999998
2023-09-08,122.79999999999997,122.89099999999998,122.75099999999998,122.84799999999997
2023-09-11,122.82099999999998,122.84399999999998,122.72999999999999,122.83499999999998
2023-09-12,122.911,122.92,122.83,122.866
2023-09-13,122.856,123.05,122.841,122.98
2023-09-14,122.96999999999998,123.11999999999999,122.95099999999998,123.10899999999998
2023-09-15,123.112,123.139,122.922,122.971
2023-09-18,122.922,122.95,122.741,122.79
2023-09-19,122.79499999999999,122.83899999999998,122.76999999999998,122.79599999999999
2023-09-20,122.79999999999998,122.83399999999999,122.74499999999999,122.76599999999999
2023-09-21,122.77199999999998,122.84099999999997,122.74399999999997,122.79799999999997
2023-09-22,122.84699999999995,122.84999999999995,122.63099999999996,122.63499999999996
2023-09-25,122.63499999999998,122.68499999999997,122.43799999999997,122.47999999999998
2023-09-26,122.47999999999998,122.47999999999998,122.21999999999997,122.38899999999997
2023-09-27,122.37999999999997,122.42899999999997,122.28199999999997,122.37599999999998
2023-09-28,122.49999999999997,122.73499999999997,122.49499999999998,122.68899999999996
2023-10-09,122.70599999999997,122.81999999999996,122.70599999999997,122.71999999999997
2023-10-10,122.72899999999996,122.80999999999996,122.70899999999996,122.73799999999996
2023-10-11,122.68899999999996,122.74999999999997,122.51999999999997,122.52499999999998
2023-10-12,122.39999999999996,122.58799999999995,122.35199999999996,122.55199999999996
2023-10-13,122.60199999999995,122.74199999999995,122.54199999999994,122.70299999999995
2023-10-16,122.77999999999996,122.84799999999996,122.74999999999996,122.80299999999995
2023-10-17,122.81799999999994,122.81799999999994,122.71799999999995,122.73099999999994
2023-10-18,122.74999999999993,122.77999999999993,122.70299999999993,122.70399999999992
2023-10-19,122.70299999999993,122.70299999999993,122.51899999999993,122.51899999999993
2023-10-20,122.52099999999993,122.76299999999993,122.52099999999993,122.70099999999992
2023-10-23,122.80399999999992,122.84399999999991,122.74599999999991,122.83099999999992
2023-10-24,122.76399999999992,122.76499999999993,122.66099999999993,122.68099999999993
2023-10-25,122.65899999999993,122.80899999999993,122.60999999999993,122.79899999999994
2023-10-26,122.82799999999992,122.88799999999992,122.80999999999992,122.83099999999992
2023-10-27,122.83099999999992,122.88999999999992,122.79999999999991,122.84099999999991
2023-10-30,122.84199999999991,122.91699999999992,122.82199999999992,122.88999999999992
2023-10-31,122.90099999999993,123.11999999999993,122.90099999999993,123.04999999999993
2023-11-01,123.05999999999992,123.17999999999992,123.05999999999992,123.17599999999992
2023-11-02,123.18099999999991,123.30399999999992,123.18099999999991,123.29699999999991
2023-11-03,123.29999999999993,123.39399999999993,123.20299999999993,123.28499999999993
2023-11-06,123.28799999999993,123.30899999999993,123.16199999999994,123.27199999999993
2023-11-07,123.29899999999994,123.41799999999994,123.27499999999993,123.33599999999993
2023-11-08,123.31899999999993,123.35599999999992,123.22899999999993,123.34399999999992
2023-11-09,123.33899999999994,123.37999999999994,123.30699999999995,123.35099999999994
2023-11-10,123.35199999999996,123.40199999999996,123.33099999999996,123.36799999999995
2023-11-13,123.36499999999995,123.42599999999996,123.33899999999996,123.42299999999996
2023-11-14,123.38499999999995,123.47099999999995,123.32899999999994,123.35199999999995
2023-11-15,123.32299999999994,123.39899999999994,123.29999999999994,123.31599999999995
2023-11-16,123.31699999999995,123.45499999999996,123.31699999999995,123.41399999999996
2023-11-17,123.44999999999995,123.48299999999995,123.39999999999995,123.46399999999994
2023-11-20,123.46399999999994,123.47799999999994,123.42899999999995,123.46099999999994
2023-11-21,123.46099999999993,123.50299999999993,123.40299999999993,123.48799999999993
2023-11-22,123.48799999999993,123.48799999999993,123.41899999999993,123.42099999999994
2023-11-23,123.40299999999992,123.40299999999992,123.24999999999991,123.25399999999992
2023-11-24,123.2619999999999,123.3389999999999,123.2599999999999,123.2719999999999
2023-11-27,123.24299999999991,123.29599999999992,123.19999999999992,123.23399999999991
2023-11-28,123.33099999999992,123.34699999999991,123.26999999999991,123.32499999999992
2023-11-29,123.32499999999992,123.36799999999991,123.28699999999992,123.28799999999991
2023-11-30,123.28799999999994,123.38399999999994,123.28799999999994,123.33199999999994
2023-12-01,123.33599999999996,123.48999999999995,123.33599999999996,123.44199999999995
2023-12-04,123.48999999999994,123.48999999999994,123.34999999999994,123.37499999999994
2023-12-05,123.37299999999998,123.39099999999998,123.33699999999997,123.37999999999997
2023-12-06,123.37799999999997,123.39299999999997,123.32499999999997,123.33499999999997
2023-12-07,123.37699999999998,123.41899999999998,123.31099999999999,123.38099999999999
2023-12-08,123.382,123.462,123.382,123.429
2023-12-11,123.48799999999999,123.68799999999999,123.48799999999999,123.65699999999998
2023-12-12,123.65999999999998,123.72499999999998,123.57199999999999,123.59799999999998
2023-12-13,123.64799999999998,123.92599999999999,123.64799999999998,123.74999999999999
2023-12-14,123.75199999999998,123.81999999999998,123.71699999999998,123.74099999999999
2023-12-15,123.74099999999997,123.82299999999996,123.70199999999997,123.81999999999996
2023-12-18,123.86999999999998,123.92299999999997,123.83999999999997,123.90499999999997
2023-12-19,123.88099999999999,123.93899999999998,123.83599999999998,123.91699999999999
2023-12-20,123.917,123.917,123.86,123.871
2023-12-21,123.86,124.011,123.803,123.926
2023-12-22,124.0,124.064,123.975,124.018
2023-12-25,124.051,124.14,123.993,124.12
2023-12-26,124.16400000000003,124.25000000000003,124.13000000000002,124.17800000000003
2023-12-27,124.22800000000002,124.32100000000003,124.22200000000002,124.27600000000002
2023-12-28,124.34000000000003,124.46800000000003,124.15800000000003,124.27600000000002
2023-12-29,124.32400000000003,124.51500000000003,124.32400000000003,124.50200000000002
2024-01-02,124.547,124.731,124.414,124.73
2024-01-03,124.715,124.749,124.401,124.411
2024-01-04,124.461,124.68,124.45,124.659
2024-01-05,124.66100000000003,125.01900000000003,124.56100000000004,125.01700000000002
2024-01-08,125.00400000000003,125.12300000000003,124.79100000000003,124.83000000000003
2024-01-09,124.81500000000003,125.00000000000003,124.78900000000003,124.98200000000003
2024-01-10,124.99500000000003,124.99500000000003,124.88000000000002,124.94100000000003
2024-01-11,124.88400000000003,124.92700000000004,124.78400000000003,124.86200000000002
2024-01-12,124.85200000000003,124.92200000000003,124.71100000000003,124.72900000000003
2024-01-15,124.71000000000005,124.75300000000006,124.67300000000006,124.74800000000006
2024-01-16,124.74800000000006,124.76800000000006,124.69700000000006,124.71100000000006
2024-01-17,124.71000000000005,124.85900000000005,124.69100000000006,124.85800000000006
2024-01-18,124.87800000000003,125.24600000000002,124.87600000000003,124.95000000000003
2024-01-19,124.94000000000003,125.05500000000004,124.90200000000003,125.01600000000003
2024-01-22,125.06400000000002,125.24500000000003,124.90500000000003,125.12700000000002
2024-01-23,125.13600000000002,125.15600000000003,125.00000000000003,125.06600000000003
2024-01-24,125.04500000000003,125.14800000000002,124.98900000000003,125.07900000000002
2024-01-25,125.045,125.11,124.956,125.089
2024-01-26,125.19,125.225,125.086,125.18
2024-01-29,125.16200000000003,125.30000000000003,125.14200000000002,125.25000000000003
2024-01-30,125.37499999999999,125.99999999999999,125.37499999999999,125.59899999999999
2024-01-31,125.891,125.9,125.655,125.804
2024-02-01,125.81899999999997,125.91899999999997,125.73199999999997,125.81699999999996
2024-02-02,125.81699999999996,125.81699999999996,125.73299999999998,125.78999999999998
2024-02-05,126.23399999999997,126.23399999999997,125.78999999999998,125.98499999999997
2024-02-06,125.95999999999997,125.96599999999997,125.59399999999997,125.65699999999997
2024-02-07,125.57999999999997,125.76399999999997,125.25899999999997,125.72699999999998
2024-02-08,126.00799999999997,126.00799999999997,125.70699999999997,125.89999999999998
2024-02-19,125.89799999999994,125.97499999999994,125.76799999999994,125.92299999999994
2024-02-20,125.92099999999995,126.07999999999994,125.87699999999994,126.00899999999994
2024-02-21,126.05899999999993,126.10099999999993,125.99099999999993,126.09399999999992
2024-02-22,126.09999999999992,126.10899999999992,126.03399999999993,126.07099999999993
2024-02-23,126.26699999999992,126.26699999999992,126.01099999999992,126.25199999999992
2024-02-26,126.25399999999993,126.38199999999993,126.22399999999993,126.35299999999992
2024-02-27,126.57499999999995,126.57899999999994,126.44799999999994,126.53999999999995
2024-02-28,126.43599999999996,126.89999999999996,126.42599999999996,126.70199999999996
2024-02-29,126.71899999999995,126.96899999999995,126.71899999999995,126.90399999999995
2024-03-01,126.68999999999996,126.94899999999996,126.39999999999996,126.43799999999996
2024-03-04,126.46999999999997,126.60899999999997,126.37099999999997,126.59599999999998
2024-03-05,126.60299999999997,126.66199999999998,126.58099999999997,126.62299999999998
2024-03-06,127.01799999999999,127.02999999999999,126.80099999999999,127.02699999999999
2024-03-07,127.30599999999997,127.36399999999998,126.90099999999997,127.16099999999997
2024-03-08,127.17799999999997,127.25099999999998,127.10099999999997,127.13199999999998
2024-03-11,127.13099999999997,127.17399999999998,126.99999999999997,127.00499999999997
2024-03-12,126.88399999999996,126.88399999999996,126.50499999999995,126.51999999999995
2024-03-13,126.50299999999997,126.50299999999997,126.05399999999997,126.46999999999997
2024-03-14,126.52099999999996,126.57899999999995,126.30299999999995,126.42799999999995
2024-03-15,126.52199999999996,126.61899999999996,126.44999999999996,126.57399999999996
2024-03-18,126.63299999999997,126.69199999999996,126.60599999999997,126.68099999999997
2024-03-19,126.82899999999997,126.97599999999997,126.75199999999997,126.96499999999997
2024-03-20,126.89899999999997,126.92299999999997,126.80499999999998,126.82599999999996
2024-03-21,126.79999999999997,126.87299999999998,126.59999999999997,126.82599999999996
2024-03-22,127.01999999999998,127.01999999999998,126.78899999999999,126.81999999999998
2024-03-25,126.77699999999997,126.78999999999998,126.57899999999997,126.64499999999997
2024-03-26,126.66199999999999,126.70399999999998,126.61199999999998,126.66399999999999
2024-03-27,126.68599999999999,126.76999999999998,126.63099999999999,126.74999999999999
2024-03-28,126.875,126.91,126.75,126.773
2024-03-29,126.783,126.934,126.715,126.914
2024-04-01,126.839,126.841,126.719,126.762
2024-04-02,126.818,126.841,126.762,126.816
2024-04-03,126.986,127.086,126.844,127.083
2024-04-08,127.10099999999998,127.16499999999999,126.97099999999999,127.13499999999999
2024-04-09,127.17699999999998,127.30999999999997,127.17699999999998,127.27499999999998
2024-04-10,127.23699999999998,127.24199999999999,127.05299999999998,127.17799999999998
2024-04-11,127.17799999999998,127.20299999999999,127.15199999999999,127.15899999999999
2024-04-12,127.26299999999998,127.42499999999997,127.26299999999998,127.39399999999998
2024-04-15,127.41799999999996,127.57299999999995,127.39999999999996,127.50999999999996
2024-04-16,127.50999999999996,127.52299999999995,127.44499999999995,127.52099999999996
2024-04-17,127.59799999999997,127.59999999999997,127.51499999999997,127.56599999999997
2024-04-18,127.58099999999996,127.79499999999996,127.57999999999996,127.78499999999995
2024-04-19,127.79999999999995,127.89399999999996,127.75499999999995,127.81399999999995
2024-04-22,127.83099999999996,127.90499999999996,127.78899999999996,127.90199999999996
2024-04-23,127.95599999999997,128.20299999999997,127.95599999999997,128.19899999999998
2024-04-24,127.92199999999995,128.19899999999996,127.55699999999996,127.62699999999995
2024-04-25,127.69299999999997,127.79299999999998,127.63299999999997,127.68899999999996
2024-04-26,127.75399999999996,127.78799999999995,127.38799999999996,127.39299999999996
2024-04-29,127.39099999999996,127.39099999999996,126.11999999999996,126.77699999999996
2024-04-30,126.88999999999999,127.24899999999998,126.88999999999999,127.24399999999999
2024-05-06,127.24999999999996,127.42899999999996,127.04399999999995,127.33599999999996
2024-05-07,127.49599999999997,127.70499999999997,127.33999999999997,127.65499999999997
2024-05-08,127.73299999999996,127.97799999999995,127.69999999999996,127.78099999999996
2024-05-09,127.66299999999994,127.68899999999994,127.57499999999995,127.59999999999994
2024-05-10,127.52699999999994,127.62399999999994,127.39299999999994,127.42499999999994
2024-05-13,127.54899999999995,127.68999999999994,127.52499999999995,127.68999999999994
2024-05-14,127.73999999999994,127.86899999999994,127.69199999999994,127.75299999999994
2024-05-15,127.75399999999995,127.82899999999994,127.64499999999994,127.66399999999994
2024-05-16,127.67099999999995,127.69299999999994,127.52999999999994,127.57999999999994
2024-05-17,127.38899999999994,127.49199999999995,127.37999999999994,127.40999999999994
2024-05-20,127.55799999999996,127.64399999999996,127.46699999999996,127.63299999999995
2024-05-21,127.63299999999994,127.67499999999994,127.53999999999995,127.55099999999995
2024-05-22,127.56799999999996,127.64899999999996,127.56799999999996,127.64699999999996
2024-05-23,127.73099999999997,127.79499999999997,127.65199999999997,127.79099999999997
2024-05-24,127.80199999999999,127.89599999999999,127.70999999999998,127.73599999999999
2024-05-27,127.73099999999997,127.73099999999997,127.65199999999997,127.71399999999997
2024-05-28,127.80799999999999,127.87999999999998,127.76599999999999,127.87799999999999
2024-05-29,127.98799999999997,127.99999999999997,127.91099999999997,127.98399999999997
2024-05-30,127.98299999999996,127.99199999999996,127.91599999999995,127.99099999999996
2024-05-31,127.76699999999994,127.81999999999994,127.69099999999995,127.79799999999994
2024-06-03,127.81999999999994,127.89499999999994,127.80299999999994,127.87899999999995
2024-06-04,127.93799999999995,127.96999999999994,127.83199999999994,127.88799999999995
2024-06-05,127.98699999999994,128.03699999999995,127.92599999999995,128.02899999999994
2024-06-06,128.11199999999994,128.15399999999994,128.03099999999995,128.06599999999995
2024-06-07,128.1359999999999,128.17399999999992,128.06699999999992,128.16799999999992
2024-06-11,128.16799999999992,128.22699999999992,128.1589999999999,128.18599999999992
2024-06-12,128.18599999999992,128.2199999999999,128.12499999999991,128.13799999999992
2024-06-13,128.22199999999995,128.23499999999996,128.14599999999993,128.23399999999995
2024-06-14,128.29699999999994,128.32199999999995,128.25799999999995,128.30099999999993
2024-06-17,128.36199999999994,128.38499999999993,128.32299999999995,128.37199999999996
2024-06-18,128.37899999999996,128.49499999999998,128.37899999999996,128.48899999999998
2024-06-19,128.46499999999997,128.54499999999996,128.39999999999998,128.51199999999997
2024-06-20,128.61199999999994,128.61199999999994,128.43999999999994,128.60999999999996
2024-06-21,128.60299999999995,128.60299999999995,128.44799999999995,128.50899999999993
2024-06-24,128.49899999999994,128.76799999999994,128.41499999999994,128.62399999999994
2024-06-25,128.65299999999993,128.78799999999995,128.65299999999993,128.76399999999995
2024-06-26,128.76999999999992,128.86899999999991,128.76999999999992,128.8189999999999
2024-06-27,128.8089999999999,128.99999999999991,128.8089999999999,128.98399999999992
2024-06-28,129.08499999999992,129.1419999999999,128.90499999999992,129.1299999999999
2024-07-01,129.15099999999993,129.36999999999992,128.5699999999999,128.7199999999999
2024-07-02,128.7129999999999,128.98999999999992,128.49999999999991,128.92499999999993
2024-07-03,128.9409999999999,129.07699999999988,128.9049999999999,129.0359999999999
2024-07-04,129.0499999999999,129.1099999999999,128.9599999999999,129.0899999999999
2024-07-05,129.0779999999999,129.0779999999999,128.7699999999999,128.84999999999988
2024-07-08,128.6689999999999,128.6689999999999,128.3829999999999,128.47399999999988
2024-07-09,128.69399999999987,128.7929999999999,128.69399999999987,128.7919999999999
2024-07-10,128.78899999999987,128.84999999999988,128.69599999999988,128.7869999999999
2024-07-11,128.8279999999999,128.9009999999999,128.76499999999987,128.8719999999999
2024-07-12,128.9629999999999,129.1069999999999,128.8739999999999,129.0329999999999
2024-07-15,129.03799999999993,129.17999999999992,129.03599999999992,129.1399999999999
2024-07-16,129.1119999999999,129.30399999999992,128.9759999999999,129.11299999999991
2024-07-17,129.14499999999995,129.26299999999995,129.14499999999995,129.25499999999994
2024-07-18,129.2549999999999,129.2669999999999,129.15499999999992,129.17899999999992
2024-07-19,129.22799999999992,129.2789999999999,129.1579999999999,129.20899999999992
2024-07-22,129.3209999999999,129.4799999999999,129.29999999999993,129.47199999999992
2024-07-23,129.5349999999999,129.72899999999993,129.5339999999999,129.7059999999999
2024-07-24,129.7989999999999,129.8289999999999,129.64599999999987,129.81899999999987
2024-07-25,129.80699999999987,129.9789999999999,129.7879999999999,129.8359999999999
2024-07-26,129.98099999999988,130.04499999999987,129.8929999999999,130.0429999999999
2024-07-29,130.0449999999999,130.1599999999999,130.0449999999999,130.13899999999992
2024-07-30,130.19699999999992,130.3149999999999,129.8549999999999,130.20299999999992
2024-07-31,130.28999999999988,130.4849999999999,130.21899999999988,130.35599999999988
2024-08-01,130.39999999999992,130.6359999999999,130.28699999999992,130.56799999999993
2024-08-02,130.67799999999988,130.7409999999999,130.41599999999988,130.5849999999999
2024-08-05,130.74799999999988,130.97399999999988,130.62999999999988,130.9489999999999
2024-08-06,130.40299999999988,130.6629999999999,130.3599999999999,130.5139999999999
2024-08-07,130.56499999999988,130.8649999999999,130.56499999999988,130.8529999999999
2024-08-08,130.65199999999987,130.7679999999999,130.3409999999999,130.4249999999999
2024-08-09,130.18199999999987,130.2279999999999,130.08299999999988,130.1609999999999
2024-08-12,129.7159999999999,129.9899999999999,129.3109999999999,129.3119999999999
2024-08-13,129.5909999999999,129.78999999999988,129.3629999999999,129.7049999999999
2024-08-14,129.9669999999999,130.2639999999999,129.91999999999987,130.12899999999988
2024-08-15,130.1289999999999,130.37699999999992,129.9149999999999,129.97099999999992
2024-08-16,130.07799999999992,130.1599999999999,129.9499999999999,130.0879999999999
2024-08-19,130.1109999999999,130.2899999999999,129.99999999999991,130.2849999999999
2024-08-20,130.28699999999992,130.2959999999999,130.1879999999999,130.2319999999999
2024-08-21,130.23999999999992,130.27999999999992,130.0399999999999,130.09099999999992
2024-08-22,130.25799999999992,130.3779999999999,130.15599999999992,130.3559999999999
2024-08-23,130.37899999999993,130.41499999999994,130.20399999999995,130.41199999999995
2024-08-26,130.41299999999995,130.48399999999995,130.30799999999994,130.42099999999994
2024-08-27,130.31399999999994,130.39399999999995,130.10899999999995,130.15699999999995
2024-08-28,130.16899999999995,130.37199999999996,130.04499999999993,130.31299999999993
2024-08-29,130.32499999999993,130.40199999999993,130.14199999999994,130.15799999999993
2024-08-30,130.20699999999994,130.24099999999996,129.97299999999996,130.14199999999994
2024-09-02,130.32999999999993,130.4279999999999,130.19299999999993,130.38199999999992
2024-09-03,130.4439999999999,130.57999999999993,130.3509999999999,130.5469999999999
2024-09-04,130.63699999999992,130.7719999999999,130.5879999999999,130.62699999999992
2024-09-05,130.76199999999992,130.82999999999993,130.7009999999999,130.76999999999992
2024-09-06,130.7299999999999,130.81099999999992,130.6589999999999,130.7719999999999
2024-09-09,130.7709999999999,130.88199999999992,130.71599999999992,130.87199999999993
2024-09-10,130.88699999999992,131.0999999999999,130.88699999999992,131.0219999999999
2024-09-11,131.0309999999999,131.23699999999988,131.0309999999999,131.1989999999999
2024-09-12,131.2469999999999,131.28899999999987,131.05199999999988,131.09299999999988
2024-09-13,131.3169999999999,131.3649999999999,131.20599999999988,131.3469999999999
2024-09-18,131.62099999999992,131.62099999999992,131.4159999999999,131.56199999999993
2024-09-19,131.7809999999999,131.79699999999988,131.46199999999988,131.4839999999999
2024-09-20,131.58399999999992,131.7069999999999,131.5649999999999,131.69299999999993
2024-09-23,131.7299999999999,131.8149999999999,131.67999999999992,131.75799999999992
2024-09-24,131.95299999999992,131.95299999999992,131.12199999999993,131.2889999999999
2024-09-25,131.26899999999992,131.70899999999992,130.6299999999999,131.7059999999999
2024-09-26,131.80999999999992,131.8499999999999,131.31799999999993,131.34599999999992
2024-09-27,130.74999999999991,130.9499999999999,129.7009999999999,130.26299999999992
2024-09-30,129.1999999999999,129.98999999999992,127.99999999999991,129.7669999999999
2024-10-08,128.67399999999995,130.19499999999994,128.67399999999995,129.94099999999995
2024-10-09,130.11599999999996,130.26999999999995,129.95099999999994,130.19699999999995
2024-10-10,130.19699999999995,130.76799999999994,130.00099999999995,130.76499999999993
2024-10-11,130.83499999999995,130.87699999999995,130.57499999999993,130.67399999999995
2024-10-14,130.78799999999993,130.79999999999993,130.64999999999992,130.6839999999999
2024-10-15,130.70899999999992,130.86599999999993,130.6399999999999,130.85999999999993
2024-10-16,130.8899999999999,130.99699999999993,130.7719999999999,130.8569999999999
2024-10-17,130.87499999999991,131.0769999999999,130.80399999999992,131.05999999999992
2024-10-18,131.3029999999999,131.3029999999999,130.82799999999992,131.00099999999992
2024-10-21,130.9749999999999,131.0339999999999,130.8919999999999,131.01199999999992
2024-10-22,131.01299999999992,131.06699999999992,130.90499999999992,130.92899999999992
2024-10-23,130.85399999999993,130.86899999999991,130.51399999999992,130.6829999999999
2024-10-24,130.7509999999999,130.8279999999999,130.6199999999999,130.63999999999987
2024-10-25,130.64199999999988,130.64699999999988,130.5069999999999,130.5609999999999
2024-10-28,130.6549999999999,130.6549999999999,130.48099999999988,130.5059999999999
2024-10-29,130.5549999999999,130.6979999999999,130.46199999999988,130.69499999999988
2024-10-30,130.6999999999999,130.73999999999992,130.62599999999992,130.68599999999992
2024-10-31,130.69599999999988,130.72499999999988,130.6199999999999,130.7159999999999
2024-11-01,130.7499999999999,130.9529999999999,130.7499999999999,130.9189999999999
2024-11-04,130.99099999999993,130.99999999999991,130.8909999999999,130.9379999999999
2024-11-05,130.99999999999991,131.0049999999999,130.89899999999992,130.99399999999991
2024-11-06,131.0029999999999,131.1839999999999,131.0029999999999,131.07799999999992
2024-11-07,131.12899999999993,131.18199999999993,131.07799999999995,131.10599999999994
2024-11-08,131.17299999999992,131.29999999999993,131.1009999999999,131.2839999999999
2024-11-11,131.32999999999996,131.36599999999996,131.30299999999994,131.32399999999996
2024-11-12,131.38799999999992,131.5999999999999,131.35199999999992,131.5999999999999
2024-11-13,131.59599999999992,131.6769999999999,131.52999999999992,131.5879999999999
2024-11-14,131.52999999999992,131.5699999999999,131.4799999999999,131.56199999999993
2024-11-15,131.5849999999999,131.66999999999987,131.5299999999999,131.6249999999999
2024-11-18,131.6229999999999,131.6229999999999,131.38899999999992,131.4099999999999
2024-11-19,131.39999999999992,131.52499999999992,131.2899999999999,131.46699999999993
2024-11-20,131.5219999999999,131.5819999999999,131.4699999999999,131.53199999999993
2024-11-21,131.5389999999999,131.6899999999999,131.51799999999992,131.6829999999999
2024-11-22,131.7849999999999,131.7849999999999,131.6839999999999,131.76199999999992
2024-11-25,131.72699999999995,131.95099999999994,131.71899999999994,131.92599999999993
2024-11-26,131.96499999999992,132.1169999999999,131.94299999999993,132.0999999999999
2024-11-27,132.06699999999995,132.15399999999994,131.96699999999996,131.97499999999994
2024-11-28,131.98199999999994,132.16999999999993,131.97499999999994,132.16399999999993
2024-11-29,132.25999999999996,132.36199999999997,132.10299999999998,132.30899999999997
2024-12-02,132.48999999999998,132.60999999999999,132.36099999999996,132.60499999999996
2024-12-03,132.67699999999996,132.74999999999997,132.62699999999998,132.71599999999998
2024-12-04,132.71599999999998,133.06499999999997,132.71599999999998,133.00299999999996
2024-12-05,132.95299999999997,133.16999999999996,132.81599999999997,133.13099999999997
2024-12-06,133.07499999999996,133.16899999999998,132.92899999999997,132.97199999999998
2024-12-09,133.00399999999993,133.14299999999994,132.99399999999994,133.13799999999995
2024-12-10,133.05399999999995,134.03099999999995,133.05399999999995,133.90699999999995
2024-12-11,133.83999999999997,134.14699999999996,133.66699999999997,134.12799999999996
2024-12-12,134.22999999999993,134.66599999999994,134.22999999999993,134.40299999999993
2024-12-13,134.7659999999999,134.9319999999999,134.5229999999999,134.87699999999992
2024-12-16,134.97499999999994,135.41999999999993,134.97499999999994,135.39499999999995
2024-12-17,135.14999999999995,135.20999999999995,134.99999999999994,135.10699999999994
2024-12-18,135.21699999999996,135.36799999999994,134.27099999999993,134.82099999999994
2024-12-19,134.83799999999997,134.95099999999996,134.59999999999997,134.68699999999998
2024-12-20,135.10899999999995,135.37999999999994,134.87999999999994,135.31999999999994
2024-12-23,135.77699999999993,135.79599999999994,135.34999999999994,135.49899999999994
2024-12-24,135.34999999999994,135.57999999999996,135.15399999999994,135.22299999999996
2024-12-25,135.26399999999995,135.30299999999994,134.87799999999993,135.07299999999995
2024-12-26,135.09899999999996,135.18399999999997,134.99399999999997,135.03099999999998
2024-12-27,135.25499999999997,135.52499999999998,135.25399999999996,135.50599999999997
2024-12-30,135.53499999999997,135.59899999999996,135.29099999999997,135.30299999999997
2024-12-31,135.62899999999996,135.66199999999998,135.45499999999998,135.55399999999997
2025-01-02,135.94299999999998,136.33899999999997,135.79099999999997,136.24799999999996
2025-01-03,136.61499999999998,136.72199999999998,136.20699999999997,136.56899999999996
2025-01-06,136.58999999999997,136.68999999999997,136.46899999999997,136.65399999999997
2025-01-07,136.57999999999998,136.62299999999996,136.44799999999998,136.47699999999998
2025-01-08,136.47299999999998,136.56499999999997,136.39999999999998,136.46299999999997
2025-01-09,136.53099999999998,136.54099999999997,136.26999999999998,136.27999999999997
2025-01-10,135.70599999999996,136.14199999999997,135.67399999999998,136.12899999999996
2025-01-13,136.08399999999997,136.14999999999998,135.89899999999997,136.05699999999996
2025-01-14,136.02399999999997,136.21999999999997,135.89699999999996,136.19599999999997
2025-01-15,136.34199999999998,136.50599999999997,136.30999999999997,136.44299999999998
2025-01-16,136.34699999999998,136.46699999999998,136.11299999999997,136.27399999999997
2025-01-17,136.34099999999998,136.39899999999997,136.14599999999996,136.18599999999998
2025-01-20,136.00299999999996,136.18599999999998,136.00199999999998,136.04399999999998
2025-01-21,136.03,136.229,136.01,136.159
2025-01-22,136.251,136.355,136.17,136.219
2025-01-23,136.212,136.212,136.065,136.151
2025-01-24,136.122,136.215,135.851,136.005
2025-01-27,136.14,136.535,136.13,136.514
2025-02-05,136.519,136.58,136.32,136.578
2025-02-06,136.63,136.703,136.532,136.659
2025-02-07,136.701,136.747,136.588,136.605
2025-02-10,136.53599999999997,136.53799999999998,136.43999999999997,136.47399999999996
2025-02-11,136.43,136.578,136.405,136.512
2025-02-12,136.558,136.563,136.47,136.51
2025-02-13,136.51,136.549,136.428,136.476
2025-02-14,136.44500000000002,136.44700000000003,136.19000000000003,136.26200000000003
2025-02-17,136.25600000000003,136.25600000000003,135.87900000000002,135.88900000000004
2025-02-18,135.86600000000004,135.94300000000004,135.40000000000003,135.76100000000002
2025-02-19,135.85900000000004,135.95900000000003,135.70000000000002,135.89900000000003
2025-02-20,135.90600000000003,135.92500000000004,135.56400000000002,135.76400000000004
2025-02-21,135.58000000000004,135.69900000000004,135.38900000000004,135.48700000000002
2025-02-24,135.30600000000004,135.39500000000004,134.77100000000002,134.89000000000001
2025-02-25,135.15800000000002,135.33100000000002,134.66000000000003,134.99700000000004
2025-02-26,135.11500000000004,135.45700000000002,135.11500000000004,135.34600000000003
2025-02-27,135.29500000000002,135.33600000000004,135.08600000000004,135.10800000000003
2025-02-28,135.10000000000002,136.10000000000002,134.95000000000002,135.31500000000003
2025-03-03,135.28300000000002,135.50000000000003,135.15100000000004,135.49200000000002
2025-03-04,135.595,135.753,135.37,135.445
2025-03-05,135.478,135.588,135.435,135.468
2025-03-06,135.37,135.379,135.077,135.129
2025-03-07,135.077,135.077,134.564,134.75
2025-03-10,134.542,134.789,134.4,134.455
2025-03-11,134.46000000000004,134.53700000000003,133.86000000000004,133.93700000000004
2025-03-12,133.80000000000004,134.50000000000003,133.52100000000002,134.44600000000003
2025-03-13,134.26700000000002,134.47400000000002,134.12300000000002,134.30800000000002
2025-03-14,134.15500000000003,134.28200000000004,133.88000000000002,134.10100000000003
2025-03-17,133.96600000000004,134.01800000000003,133.66600000000003,133.69900000000004
2025-03-18,133.65000000000003,133.84500000000003,133.58100000000002,133.68200000000002
2025-03-19,133.77800000000002,133.88000000000002,133.74400000000003,133.79700000000003
2025-03-20,134.00000000000003,134.43200000000002,134.00000000000003,134.35100000000003
2025-03-21,134.40300000000002,134.43200000000002,134.20400000000004,134.34900000000002
2025-03-24,134.26800000000003,134.30300000000003,134.08900000000003,134.20200000000003
2025-03-25,134.57300000000004,134.59100000000004,134.44300000000004,134.52200000000002
2025-03-26,134.421,134.652,134.269,134.632
2025-03-27,134.624,134.715,134.589,134.686
2025-03-28,134.576,134.685,134.5,134.507
2025-03-31,134.50100000000003,134.65700000000004,134.45800000000003,134.48900000000003
2025-04-01,134.55100000000002,134.63600000000002,134.41100000000003,134.50900000000001
2025-04-02,134.52400000000003,134.72000000000003,134.51300000000003,134.70200000000003
2025-04-03,135.29900000000004,135.54600000000002,134.99400000000003,135.51800000000003
2025-04-07,136.49700000000007,136.49700000000007,136.02000000000007,136.39800000000005
2025-04-08,136.12500000000006,136.21300000000005,135.91800000000006,135.99300000000005
2025-04-09,136.12000000000003,136.33800000000002,136.00000000000003,136.09200000000004
2025-04-10,136.00000000000003,136.14000000000001,135.70200000000003,136.10700000000003
2025-04-11,136.22900000000004,136.29300000000003,136.02100000000002,136.08400000000003
2025-04-14,135.99700000000004,136.08800000000002,135.85200000000003,136.08400000000003
2025-04-15,136.10400000000004,136.19300000000004,136.08400000000003,136.17700000000002
2025-04-16,136.21700000000004,136.40000000000003,136.21700000000004,136.35900000000004
2025-04-17,136.36000000000004,136.39700000000002,136.28100000000003,136.32500000000002
2025-04-18,136.31400000000005,136.37900000000005,136.18000000000006,136.24800000000005
2025-04-21,136.24600000000007,136.24800000000005,136.09800000000007,136.10700000000006
2025-04-22,136.13800000000006,136.24000000000007,136.13800000000006,136.23900000000006
2025-04-23,136.12900000000005,136.13800000000006,135.98500000000007,136.10000000000005
2025-04-24,136.17100000000005,136.18500000000006,136.00300000000004,136.01800000000006
2025-04-25,136.10000000000005,136.15700000000007,136.02800000000005,136.09600000000006
2025-04-28,136.14200000000005,136.21800000000005,136.11700000000005,136.18600000000006
2025-04-29,136.29000000000005,136.52400000000006,136.26400000000007,136.50200000000007
2025-04-30,136.44000000000003,136.57600000000002,136.39700000000002,136.54600000000002
2025-05-06,136.52000000000004,136.55000000000004,136.42100000000002,136.50000000000003
2025-05-07,136.56200000000004,136.56200000000004,136.29100000000003,136.38600000000002
2025-05-08,136.434,136.628,136.434,136.494
2025-05-09,136.55000000000004,136.62000000000003,136.53000000000003,136.59200000000004
2025-05-12,136.47900000000004,136.56300000000002,136.34200000000004,136.45400000000004
2025-05-13,136.19200000000004,136.29900000000004,136.00000000000003,136.28400000000002
2025-05-14,136.31000000000003,136.31500000000003,136.15000000000003,136.17500000000004
2025-05-15,136.18300000000002,136.22800000000004,136.12300000000002,136.14900000000003
2025-05-16,136.045,136.132,136.001,136.048
2025-05-19,136.068,136.138,136.048,136.124
2025-05-20,136.24,136.253,136.151,136.205
2025-05-21,136.20799999999997,136.25399999999996,136.18299999999996,136.24899999999997
2025-05-22,136.215,136.255,136.185,136.21
2025-05-23,136.16,136.21,136.074,136.203
2025-05-26,136.282,136.282,136.184,136.228
2025-05-27,136.217,136.24,136.169,136.186
2025-05-28,136.16200000000003,136.19600000000003,136.12100000000004,136.14500000000004
2025-05-29,136.071,136.162,135.972,136.008
2025-05-30,136.14,136.159,136.065,136.124
2025-06-03,136.18899999999996,136.18899999999996,136.08499999999998,136.14599999999996
2025-06-04,136.21399999999997,136.21399999999997,136.14399999999998,136.19699999999997
2025-06-05,136.19799999999998,136.26599999999996,136.14299999999997,136.22999999999996
2025-06-06,136.29999999999998,136.34099999999998,136.25899999999996,136.33899999999997
2025-06-09,136.45499999999998,136.53999999999996,136.34699999999998,136.49699999999999
2025-06-10,136.504,136.569,136.504,136.551
2025-06-11,136.601,136.68,136.567,136.662
2025-06-12,136.678,136.682,136.599,136.653
2025-06-13,136.653,136.7,136.59,136.647
2025-06-16,136.65500000000003,136.69500000000002,136.61800000000002,136.68000000000004
2025-06-17,136.688,136.82,136.638,136.811
2025-06-18,136.8,136.82,136.745,136.803
2025-06-19,136.876,136.876,136.79,136.829
2025-06-20,136.76,136.866,136.76,136.863
2025-06-23,136.86300000000003,136.90300000000002,136.83000000000004,136.83200000000002
2025-06-24,136.82800000000003,136.82800000000003,136.76900000000003,136.77300000000002
2025-06-25,136.70000000000002,136.81700000000004,136.64200000000002,136.65000000000003
2025-06-26,136.641,136.7,136.6,136.651
2025-06-27,136.674,136.79,136.663,136.784
2025-06-30,136.75,136.75,136.635,136.636
2025-07-01,136.669,136.728,136.659,136.728
2025-07-02,136.79700000000003,136.88000000000002,136.78800000000004,136.88000000000002
2025-07-03,136.88000000000002,136.91900000000004,136.83400000000003,136.90400000000002
2025-07-04,136.915,136.948,136.891,136.923
2025-07-07,136.90300000000002,136.94400000000002,136.90300000000002,136.93800000000002
2025-07-08,136.93700000000004,136.93700000000004,136.83200000000002,136.86700000000002
2025-07-09,136.84000000000003,136.94900000000004,136.80000000000004,136.83200000000002
2025-07-10,136.85700000000003,136.85700000000003,136.61000000000004,136.66000000000003
2025-07-11,136.65500000000003,136.68200000000002,136.49100000000004,136.60800000000003
2025-07-14,136.57800000000003,136.57800000000003,136.40800000000002,136.50500000000002
2025-07-15,136.59800000000004,136.75000000000003,136.55500000000004,136.73700000000002
2025-07-16,136.76700000000002,136.79800000000003,136.70000000000002,136.74800000000002
2025-07-17,136.748,136.778,136.68,136.747
2025-07-18,136.73,136.73,136.625,136.666
2025-07-21,136.65000000000003,136.65000000000003,136.45600000000002,136.54000000000002
2025-07-22,136.566,136.613,136.405,136.409
2025-07-23,136.302,136.408,136.101,136.344
2025-07-24,136.281,136.281,135.996,135.999
2025-07-25,135.971,136.071,135.821,135.824
2025-07-28,136.119,136.197,135.941,136.173
2025-07-29,136.06,136.168,135.85,135.857
2025-07-30,135.94799999999998,136.09399999999997,135.76999999999998,136.08299999999997
2025-07-31,136.193,136.358,136.14,136.346
2025-08-01,136.253,136.42,136.15,136.342
2025-08-04,136.43000000000004,136.53000000000003,136.33000000000004,136.34500000000003
2025-08-05,136.34100000000004,136.39600000000002,136.23800000000003,136.36100000000002
2025-08-06,136.36500000000004,136.46000000000004,136.34000000000003,136.43900000000002
2025-08-07,136.50300000000004,136.56000000000006,136.41000000000005,136.47800000000007
2025-08-08,136.57000000000002,136.57000000000002,136.45700000000002,136.53100000000003
2025-08-11,136.55100000000002,136.55300000000003,136.25000000000003,136.26200000000003
2025-08-12,136.20500000000004,136.32900000000004,136.07200000000003,136.15400000000002
2025-08-13,136.11000000000007,136.23400000000007,136.02700000000004,136.22000000000006
2025-08-14,136.25000000000006,136.25000000000006,135.99300000000005,136.07200000000006
2025-08-15,136.19000000000005,136.19000000000005,136.02700000000004,136.04600000000005
2025-08-18,135.92200000000005,135.99000000000007,135.51100000000005,135.56300000000005
2025-08-19,135.58200000000005,135.66500000000005,135.50000000000006,135.62100000000007
2025-08-20,135.74800000000005,135.80400000000006,135.44300000000007,135.48900000000006
2025-08-21,135.53400000000002,135.55000000000004,135.34200000000004,135.52000000000004
2025-08-22,135.57300000000004,135.71000000000004,135.43000000000004,135.46900000000002
2025-08-25,135.51500000000004,135.74000000000007,135.43000000000006,135.68400000000005
2025-08-26,135.81600000000003,135.83600000000004,135.68000000000004,135.77500000000003
2025-08-27,135.77500000000006,135.87000000000006,135.70100000000005,135.86500000000007
2025-08-28,135.86500000000007,135.86500000000007,135.56000000000006,135.56800000000007
2025-08-29,135.60800000000006,135.68600000000006,135.55400000000006,135.61200000000005
2025-09-01,135.61000000000007,135.73200000000006,135.56200000000007,135.71900000000005
2025-09-02,135.7330000000001,135.7760000000001,135.6550000000001,135.72600000000008
2025-09-03,135.79000000000008,135.88000000000008,135.73000000000008,135.8400000000001
2025-09-04,135.91000000000008,136.17700000000008,135.90200000000007,136.1200000000001
2025-09-05,136.07000000000008,136.07000000000008,135.69000000000008,135.73100000000008
2025-09-08,135.70000000000005,135.71200000000005,135.56300000000005,135.59700000000007
2025-09-09,135.63000000000008,135.6510000000001,135.51100000000008,135.5310000000001
2025-09-10,135.51900000000006,135.54500000000004,135.18500000000006,135.22900000000007
2025-09-11,135.32000000000005,135.39400000000006,135.12000000000006,135.30100000000004
2025-09-12,135.2330000000001,135.5550000000001,135.2330000000001,135.5250000000001
2025-09-15,135.60100000000008,135.6500000000001,135.53300000000007,135.62300000000008
2025-09-16,135.61000000000007,135.72600000000006,135.35000000000005,135.68700000000007
2025-09-17,135.77500000000006,135.88800000000006,135.66600000000005,135.86600000000007
2025-09-18,135.83900000000003,135.86600000000004,135.73500000000004,135.83800000000002
2025-09-19,135.86200000000005,135.92600000000004,135.54700000000005,135.65100000000007
2025-09-22,135.62400000000005,135.85800000000006,135.61100000000005,135.66000000000005
2025-09-23,135.65167310436354,135.66884548088282,135.39004689739335,135.485000038147
2025-09-24,135.61631821152977,135.61631821152977,135.23751578831033,135.26579970257737
2025-09-25,135.2668098423726,135.2668098423726,134.99508223744988,135.22337383117681
2025-09-26,135.34863116578805,135.45772626367526,135.28701263827767,135.4183308116604
2025-09-29,135.44863500551796,135.4961115758948,135.25367802503436,135.35267172496904
2025-09-30,135.52843604934287,135.64662240538732,135.3829759188266,135.61530807173452
2025-10-09,135.69207869617364,135.80016365426556,135.56278080238138,135.7466262451172
2025-10-10,135.81127519201334,135.86279232157116,135.66177450231606,135.67692659924484
2025-10-13,135.87996469809045,135.9446136449866,135.69308883596887,135.81026505221809
2025-10-14,135.75268708388873,136.04764790410226,135.66884548088285,136.04461748471653
2025-10-15,136.0557290224643,136.0557290224643,135.9213804296958,135.9739076990489
2025-10-16,136.04562762451175,136.09209405509333,135.97491783884414,136.07997237755032
2025-10-17,136.13553006628916,136.29513215393894,136.12037796936036,136.29412201414368
2025-10-20,136.27593949782914,136.27593949782914,135.99916119393015,136.0446174847165
2025-10-21,135.9648164408916,136.06280000103104,135.95370490314383,136.03653636635448
2025-10-22,136.1032055928411,136.1032055928411,135.97996853782038,136.05168846328326
2025-10-23,136.12744894792715,136.12744894792715,135.94259336539608,135.9506744837581
2025-10-24,135.94057308580557,135.96582658068687,135.87794441849996,135.88602553686195
2025-10-27,135.84359966546137,136.054718882669,135.78299127774628,136.03754650614974
2025-10-28,136.26785837946716,136.44867340281724,136.2224020886808,136.42847060691219
2025-10-29,136.42746046711693,136.48705871503677,136.32442620800123,136.42847060691219
2025-10-30,136.42847060691219,136.59817409251448,136.37089263858283,136.57595101701895
2025-10-31,136.62039716801002,136.7001982118349,136.57999157619994,136.6587824802296
2025-11-03,136.65878248022963,136.69110695367766,136.62443772719104,136.67797513633943
2025-11-04,136.732522685283,136.732522685283,136.65272164145807,136.72646184651148
2025-11-05,136.8264656862414,136.87697267600396,136.70120835163016,136.72444156692094
2025-11-06,136.7153503087637,136.73151254548776,136.54261640377567,136.5830219955857
2025-11-07,136.62443772719104,136.64161010371035,136.54362654357092,136.55675836090919
2025-11-10,136.52039332828014,136.56989017824748,136.46887619872226,136.50322095176085
2025-11-11,136.53049472623263,136.55372794152342,136.42443004773122,136.42746046711696
2025-11-12,136.46988633851754,136.53958598438993,136.4325111660932,136.5315048660279
2025-11-13,136.5315048660279,136.53453528541363,136.40321711203092,136.43655172527423
2025-11-14,136.45978494056504,136.51534262930392,136.44968354261255,136.51130207012287
2025-11-17,136.55372794152342,136.63857968432458,136.5123122099181,136.62443772719104
2025-11-18,136.68807653429192,136.69110695367766,136.59312339353826,136.6547419210486
2025-11-19,136.53554542520888,136.63554926493885,136.53554542520888,136.59918423230977
2025-11-20,136.55675836090916,136.65777234043435,136.55675836090916,136.63554926493882
2025-11-21,136.6395898241198,136.6820156955204,136.5517076619329,136.60827549046698
2025-11-24,136.59817409251448,136.6456506628913,136.53756570479936,136.62241744760053
2025-11-25,136.6062552108765,136.60928563026224,136.49008913442253,136.5012006721703
2025-11-26,136.5052412313513,136.50726151094182,136.1890674754375,136.19209789482323
2025-11-27,136.31836536922972,136.31836536922972,136.18603705605173,136.20724999175204
2025-11-28,136.23856432540484,136.2648279600814,136.1537125826037,136.2284629274523
2025-12-01,136.26785837946716,136.36483179981133,136.17189509891824,136.34967970288253
2025-12-02,136.36786221919706,136.36786221919706,136.25270628253836,136.27189893864815
2025-12-03,136.28806117537218,136.3668520794018,136.27189893864815,136.33755802533952
2025-12-04,136.166844399942,136.2173513897046,135.90521819297177,135.91228917153853
2025-12-05,135.96986713986786,136.2021992927758,135.95875560212008,136.14967202342268
2025-12-08,136.16684439994197,136.22745278765709,136.04966818369275,136.14361118465115
2025-12-09,136.28806117537218,136.3567506814493,136.2082601315473,136.34765942329204
2025-12-10,136.26381782028614,136.42847060691219,136.26381782028614,136.34058844472528
2025-12-11,136.40523739162137,136.4860485752415,136.36988249878755,136.47493703749373
2025-12-12,136.5688800384522,136.5688800384522,136.31230453045822,136.38099403653536
2025-12-15,136.2456353039716,136.34260872431577,136.04966818369275,136.10522587243162
2025-12-16,136.10017517345534,136.19815873359477,136.07896223775506,136.12542866833664
2025-12-17,136.327456627387,136.327456627387,136.17391537850872,136.2789699172149
2025-12-18,136.21735138970456,136.3799838967401,136.01431329085895,136.30927411107248
2025-12-19,136.3466492834968,136.39513599366887,136.30725383148194,136.39412585387362
2025-12-22,136.4405922844552,136.4426125640457,136.20320943257104,136.26078740090037
2025-12-23,136.28402061619116,136.6143363292385,136.20724999175204,136.5850422751762
2025-12-24,136.47190661810797,136.57090031804265,136.47190661810797,136.50423109155602
2025-12-25,136.5698901782474,136.57090031804262,136.51130207012275,136.54665696295658
2025-12-26,136.55419792810545,136.59282137076468,136.44544244482813,136.47796744917275
2025-12-29,136.47491823001542,136.47491823001542,135.99619082231806,136.0642900501646
2025-12-30,136.1191759949962,136.14458615464042,135.94435409664388,136.00838769894733
2025-12-31,136.04701114160656,136.08970020980888,135.85592674108196,136.02363379473388
2026-01-05,136.1029134928239,136.1059627119812,135.91792753061387,135.93723925194348
2026-01-06,135.8935337773554,135.8935337773554,135.701432970445,135.7522532897335
2026-01-07,135.72887594286078,135.8305165814377,135.61707124042616,135.71871187900308
2026-01-08,135.72379391093193,135.93825565832927,135.71667906623156,135.92809159447157
2026-01-09,135.9931416031608,136.10697911836695,135.88133690072615,136.0561587990785
2026-01-12,136.0561587990785,136.1689799078989,135.96773144351656,136.06937208209348
2026-01-13,136.01550254364773,136.20861975694388,136.01550254364773,136.1842260036854
2026-01-14,136.25639085707505,136.25944007623235,136.08970020980888,136.24317757406007
2026-01-15,136.30721117636352,136.4962627641166,136.24927601237468,136.34786743179427
2026-01-16,136.36717915312389,136.4688197917008,136.2807846103335,136.43426197458467
2026-01-19,136.5287877684612,136.53183698761853,136.40478618939736,136.4688197917008
2026-01-20,136.503377608817,136.75646279887354,136.4698361980866,136.7341018583866
2026-01-21,136.63754325173852,136.88351359709472,136.63754325173852,136.85911984383625
2026-01-22,136.83879171612082,136.83879171612082,136.74121670308696,136.78390577128928
2026-01-23,136.73816748392971,136.86623468853665,136.72901982645777,136.78492217767507
2026-01-26,136.81338155647666,136.90384172481012,136.68836357102703,136.84285734166394
2026-01-27,136.83066046503473,136.88961203540933,136.72393779452892,136.79305342876125
2026-01-28,136.80321749261893,136.88757922263778,136.754429986102,136.87944797155163
2026-01-29,136.9810886101286,137.08882768702014,136.92010422698243,136.9404323546978
2026-01-30,136.9363667291547,137.10712300196397,136.9363667291547,137.00446595700126
2026-02-02,137.0075151761586,137.10915581473552,136.96279329518475,137.01158080170168
2026-02-03,137.0105643953159,137.01158080170168,136.9150221950536,136.99125267398628
2026-02-04,137.0044659570013,137.02174486555936,136.49931198327394,136.94246516746935
2026-02-05,137.0075151761586,137.13151675522246,136.92518625891128,137.1294839424509
2026-02-06,137.22705895548475,137.2595839598294,137.1569269148667,137.24230505127127
2026-02-09,137.15692691486666,137.3012566216459,137.15591050848087,137.3012566216459
2026-02-10,137.29719099610284,137.35004412816286,137.26873161730128,137.33276521960477
2026-02-11,137.3571589728632,137.4435535156536,137.35614256647747,137.42220898155247
2026-02-12,137.47709492638398,137.5462105606163,137.41814335600935,137.52791524567243
2026-02-13,137.60719494376244,137.62040822677744,137.35715897286317,137.47709492638398
2026-02-24,137.4699800816836,137.51775118181476,137.4405042964963,137.46591445614052
2026-02-25,137.47607851999823,137.50860352434282,137.2280753618705,137.24637067681437
2026-02-26,137.24535427042858,137.24535427042858,137.02479408471663,137.06341752737586
2026-02-27,137.14371363185165,137.22604254909896,137.04207299327473,137.21587848524126
2026-03-02,137.23010817464203,137.3967988219082,137.23010817464203,137.38663475805052
2026-03-03,137.388667570822,137.4689636752978,137.36224100479203,137.45168476673973
2026-03-04,137.45371757951128,137.47607851999817,137.38765116443625,137.46286523698316
2026-03-05,137.5197839945863,137.58686681604706,137.43034023263857,137.46184883059743
2026-03-06,137.49030820939896,137.52384962012937,137.45879961144013,137.5065707115713
2026-03-09,137.4791277391555,137.4791277391555,137.11118862750703,137.17725504258203
2026-03-10,137.24840348958588,137.27584646200165,137.10000815726357,137.21079645331244
2026-03-11,137.199615983069,137.20876364054092,137.12846753606513,137.20469801499783
2026-03-12,137.20469801499783,137.27686286838747,137.159976134024,137.26466599175822
2026-03-13,137.26364958537246,137.2951581833313,137.20266520222629,137.2484034895859
2026-03-16,137.16404175956706,137.17827144896782,136.96482610795627,136.99328548675783
2026-03-17,137.0563026826755,137.0695159656905,137.01361361447317,137.06036830821859
2026-03-18,137.10000815726357,137.2575511470578,137.0430893996605,137.2514527087432
2026-03-19,137.18335348089664,137.33479803237626,137.14473003823744,137.30227302803166
2026-03-20,137.29007615140245,137.29922380887436,137.1325331616082,137.15387769570933
2026-03-23,137.15387769570933,137.17623863619625,136.99836751868665,137.01564642724472
2026-03-24,137.11220503389276,137.1406644126943,137.00751517615853,137.124401910522
2026-03-25,137.12409728780088,137.29162076780085,137.12409728780088,137.20581605853255
2026-03-26,137.208880512435,137.31715788365452,137.208880512435,137.30285709877646
2026-03-27,137.2834488907277,137.35086687658136,137.26404068267894,137.29366373706918
2026-03-30,137.38559735414236,137.45812276316673,137.3079645219472,137.45607979389843
2026-03-31,137.45812276316673,137.5173688719472,137.4376930704838,137.48570284828867
2026-04-01,137.4816169097521,137.4816169097521,137.30387858341064,137.327372729996
2026-04-02,137.33350163780085,137.41624189316673,137.27834146755694,137.3937692312155
2026-04-03,137.38866180804476,137.46118721706912,137.37538250780085,137.39989813902037
2026-04-07,137.3998981390204,137.50919699487403,137.39683368511797,137.45403682463012
2026-04-08,137.38048993097163,137.45914424780088,137.3386090609716,137.44177900902037
2026-04-09,137.45607979389843,137.5592497419472,137.44177900902037,137.5173688719472
2026-04-10,137.52043332584964,137.56231419584967,137.46323018633746,137.53371262609355
2026-04-13,137.54494895706912,137.63381812023988,137.52349777975206,137.627689212435
2026-04-14,137.62768921243503,137.91983381780088,137.62768921243503,137.84526543950818
2026-04-15,137.79827714633745,137.8983826404838,137.73494509902036,137.86467364755697
2026-04-16,137.3539313304838,137.9790799265813,137.3539313304838,137.88203888633743
2026-04-17,137.87897443243503,138.08735729780085,137.86467364755697,138.08224987463012
2026-04-20,138.1169803521911,138.21912881560576,138.0863358131667,138.09348620560573
2026-04-21,138.10472253658136,138.21708584633748,138.10472253658136,138.1557967682887
2026-04-22,138.27633195511794,138.38154487243503,138.23445108511797,138.3304706407277
2026-04-23,138.30391204023988,138.31616985584964,138.1895057612155,138.2354725697521
2026-04-24,138.1884842765814,138.29778313243503,138.10676550584967,138.12617371389845
2026-04-27,138.00155258853258,138.09859362877648,137.80236308487406,137.83096465463015
2026-04-28,137.94128499511797,138.05977721267894,137.8932752173131,138.02708970438624
2026-04-29,138.03321861219112,138.10370105194724,137.98214438048385,138.10370105194724
2026-04-30,138.13025965243503,138.17418349170333,138.03219712755697,138.10472253658136
2026-05-06,138.1037010519472,138.1037010519472,137.8677381014594,137.97397250341064
2026-05-07,138.00563852706918,138.04547642780088,137.94434944902042,137.990316257557
2026-05-08,138.08735729780088,138.14864637584967,138.04343345853258,138.08020690536185
2026-05-11,138.07305651292285,138.1425174680448,137.9637576570692,138.13434559097163
2026-05-12,138.1251522292643,138.28246086292282,138.10472253658136,138.2640741395082
2026-05-13,138.241601477557,138.34987884877648,138.22321475414236,138.3192343097521
2026-05-14,138.3192343097521,138.3611151797521,138.2283221773131,138.27837492438624
2026-05-15,138.27837492438624,138.3611151797521,138.2773534397521,138.32332024828867
2026-05-18,138.3192343097521,138.42342574243503,138.1843983380448,138.4070819882887
2026-05-19,138.45509176609357,138.5950351609716,138.41116792682527,138.5603046834106
2026-05-20,138.5439609292643,138.63180860780088,138.49492966682527,138.56132616804476
2026-05-21,138.5643906219472,138.63078712316673,138.39482417267894,138.43364058877648
2026-05-22,138.4622421585326,138.4796073973131,138.36622260292282,138.3856308109716
2026-05-25,138.4315976195082,138.44589840438624,138.3631581490204,138.4407909812155
2026-05-26,138.45713473536185,138.51025193633748,138.44385543511797,138.50616599780088
2026-05-27,138.5848203146301,138.71046292463012,138.56643359121546,138.70229104755694
2026-05-28,138.79933208780088,138.91169539755697,138.7319141019472,138.89637312804476
2026-05-29,138.84325592706915,138.97400596023988,138.80137505706918,138.9300821209716
2026-06-01,138.93825399804476,139.0557247309716,138.8616426504838,139.01486534560576
2026-06-02,138.98422080658133,139.0812618468252,138.97400596023985,139.06491809267888
2026-06-03,139.0056719838984,139.04550988463012,138.96787705243497,139.00158604536182
2026-06-04,139.00158604536182,139.08024036219106,138.8718574968252,139.05776770023988
2026-06-05,139.08330481609354,139.09454114706918,138.95766220609354,138.99443565292282
2026-06-08,138.98422080658136,138.99239268365451,138.75847270243503,138.81874029584966
2026-06-09,138.80852544950815,138.8207832651179,138.65734572365452,138.66653908536182
2026-06-10,138.72578519414233,138.7666445795082,138.55928319877648,138.56745507584964
2026-06-11,138.56336913731306,138.56745507584964,138.41218941145942,138.42240425780088
2026-06-12,138.4785859126789,138.51944529804476,138.39175971877646,138.49492966682524
2026-06-15,138.54396092926424,138.64100196950815,138.49186521292282,138.58584179926424
2026-06-16,138.61444336902036,138.75949418706915,138.5868632838984,138.7564297331667
2026-06-17,138.75540824853258,138.89637312804476,138.72476370950818,138.89228718950818
2026-06-18,138.89228718950815,138.93621102877646,138.85244928877643,138.90556648975206
2026-06-22,138.84121295780085,138.8953516434106,138.76970903341063,138.88207234316673
2026-06-23,138.8667500736545,138.88717976633743,138.70229104755694,138.70433401682524
2026-06-24,138.7472363714594,138.87594343536182,138.7472363714594,138.83201959609352
2026-06-25,138.88942207193745,139.04408735264118,138.85024020082588,138.93375945240587
2026-06-26,138.94819487860485,139.01727870398585,138.92654173930632,138.9884078515878
2026-06-29,139.08120702001008,139.17503729030366,139.08120702001008,139.16781957720417
2026-06-30,139.18741051275995,139.20906365205846,139.03996294515576,139.04821176012663
2026-07-01,139.0430562507698,139.0430562507698,138.83786697836956,138.8492090989545
2026-07-02,138.870862238253,138.9719102216461,138.8337425708841,138.9574747954471
2026-07-03,138.93994606363398,138.96984801790336,138.88735986819472,138.92138622994955
2026-07-06,138.95747479544707,139.04202514889846,138.954381489833,139.03583853767032
2026-07-07,139.00284327778687,139.07295820503919,139.00284327778687,139.0533672694834
2026-07-08,139.05336726948337,139.13379321544932,138.9935633609446,139.1142022798935
2026-07-09,139.1410109285488,139.1729750865609,139.06883379755374,139.1461664379056
2026-07-10,139.09564244620907,139.15750855849055,139.08945583498092,139.13379321544932
2026-07-13,139.10801566866536,139.18431720714585,139.09564244620907,139.1142022798935
2026-07-14,139.07502040878188,139.1317310117066,139.0162476021145,139.08842473310955
2026-07-15,139.0966735480804,139.14101092854878,139.08533142749545,139.13069990983522
2026-07-16,139.10595346492264,139.12657550234982,139.04408735264116,139.11832668737893
2026-07-17,139.18431720714585,139.18741051275993,139.09564244620907,139.1636951697187
2026-07-20,139.1038912611799,139.18225500340316,139.07398930691053,139.1636951697187
2026-07-21,139.15235304913375,139.19359712398804,139.13276211357794,139.18225500340313
2026-07-22,139.1781305959177,139.32042265416513,139.15544635474782,139.29773841299524
2026-07-23,139.35341791404858,139.3771332570898,139.2265923838715,139.2833029867962
2026-07-24,139.2833029867962,139.3771332570898,139.26268094936907,139.36682223837622
2026-07-27,139.3657911365049,139.41115961884464,139.33795138597822,139.3750710533471
2026-07-28,139.37403995147574,139.3998174982597,139.32764036726462,139.35238681217723
2026-07-29,139.33279587662142,139.4194084338155,139.32764036726462,139.35960452527675
2026-07-30,139.40394190574514,139.48436785171106,139.3606356271481,139.47199462925477
2026-07-31,139.42043953568688,139.60706897440267,139.42043953568688,139.58850914071823
2026-08-03,139.61428668750222,139.70399255031037,139.55963828832023,139.5895402425896
2026-08-04,139.58850914071826,139.6813083091405,139.56376269580568,139.66274847545603
2026-08-05,139.6833705128832,139.71739687463798,139.662748475456,139.66996618855552
2026-08-06,139.67512169791235,139.69677483721088,139.61119338188814,139.66068627171333
2026-08-07,139.66068627171333,139.7380189120652,139.6297532155726,139.7277078933516
2026-08-10,139.72667679148023,139.78544959814764,139.6833705128832,139.78544959814764
2026-08-11,139.78648070001898,139.8112271449316,139.7369878101938,139.74111221767924
2026-08-12,139.74626772703607,139.76792086633458,139.7081169577958,139.7493610326501
2026-08-13,139.76585866259188,139.83494248797285,139.76379645884916,139.81328934867435
2026-08-14,139.86175113662816,139.98548336119114,139.83184918235878,139.9741412406062
2026-08-17,139.9823900555771,139.9927010742907,139.94733259195093,139.97826564809165
2026-08-18,139.99373217616198,140.1288065213099,139.99373217616198,140.09684236329784
2026-08-19,140.0968423632979,140.1308687250527,140.03188294540232,140.04528726972995
2026-08-20,140.0298207416596,140.0298207416596,139.88855978528352,139.92567945265242
2026-08-21,139.93083496200921,139.99373217616204,139.93083496200921,139.9875455649339
2026-08-24,139.97001683312078,140.0803447333561,139.96589242563536,140.07312702025663
2026-08-25,140.07622032587068,140.1123088913682,140.04838057534403,140.0782825296134
2026-08-26,140.07415812212795,140.07415812212795,140.00094988926153,140.00610539861833
2026-08-27,140.00507429674698,140.04219396411588,139.8174137561598,139.82050706177387
2026-08-28,139.81844485803117,139.88855978528355,139.77926298691958,139.87515546095588
2026-08-31,139.87515546095588,139.91433733206748,139.84937791417192,139.91433733206748
2026-09-01,139.964861323764,140.0215719266887,139.93599047136598,140.00610539861833
2026-09-02,140.04013176037313,140.04013176037313,139.95248810130767,140.01022980610375
2026-09-03,140.01126090797513,140.10199787265464,139.9720790368635,140.08653134458424
2026-09-04,140.0906557520697,140.12365101195314,140.0638471034144,140.10406007639733
2026-09-07,140.1040600763973,140.1391175400235,140.07622032587065,140.11540219698227
2026-09-08,140.11746440072497,140.14014864189485,140.09581126142646,140.1164332988536
2026-09-09,140.1164332988536,140.16180178119336,140.09581126142646,140.1535529662225
2026-09-10,140.1525218643512,140.16592618867884,140.0906557520697,140.1123088913682
2026-09-11,140.11230889136817,140.14014864189485,140.0648782052857,140.07725142774203
2026-09-14,140.048380575344,140.1288065213099,140.048380575344,140.08343803897017
2026-09-15,140.1123088913682,140.15664627183662,140.10818448388278,140.14736635499438
2026-09-16,140.17623720739243,140.19479704107687,140.1277754194386,140.17520610552106
2026-09-17,140.19273483733414,140.22573009721762,140.16077067932204,140.1989214485623
2026-09-18,140.2481440000873,140.2481440000873,140.19297859904975,140.24398057359392
2026-09-21,140.24398057359392,140.288737408398,140.24085800372387,140.26271599281424
2026-09-22,140.2575117096975,140.3428619528122,140.25438913982742,140.32933081670865
2026-09-23,140.32933081670865,140.3470253793056,140.3116362541117,140.31267711073505
