date,open,high,low,close
2016-11-04 15:00:00,1.002,1.007,0.998,1.0
2016-11-07 15:00:00,0.999,1.003,0.996,0.998
2016-11-08 15:00:00,0.998,1.007,0.998,1.005
2016-11-09 15:00:00,1.004,1.006,0.98,0.998
2016-11-10 15:00:00,1.003,1.013,1.003,1.012
2016-11-11 15:00:00,1.011,1.015,1.008,1.015
2016-11-14 15:00:00,1.011,1.02,1.011,1.016
2016-11-15 15:00:00,1.015,1.024,1.015,1.024
2016-11-16 15:00:00,1.017,1.03,1.017,1.023
2016-11-17 15:00:00,1.019,1.023,1.015,1.02
2016-11-18 15:00:00,1.02,1.024,1.015,1.017
2016-11-21 15:00:00,1.015,1.022,1.015,1.02
2016-11-22 15:00:00,1.019,1.028,1.019,1.028
2016-11-23 15:00:00,1.027,1.029,1.021,1.023
2016-11-24 15:00:00,1.02,1.02,1.012,1.014
2016-11-25 15:00:00,1.013,1.014,0.984,1.013
2016-11-28 15:00:00,1.01,1.018,1.01,1.015
2016-11-29 15:00:00,1.015,1.015,1.008,1.008
2016-11-30 15:00:00,1.007,1.007,1.0,1.003
2016-12-01 15:00:00,1.003,1.005,1.0,1.004
2016-12-02 15:00:00,1.004,1.004,0.996,0.997
2016-12-05 15:00:00,0.989,0.999,0.986,0.991
2016-12-06 15:00:00,0.982,0.991,0.981,0.984
2016-12-07 15:00:00,0.987,0.995,0.983,0.995
2016-12-08 15:00:00,0.994,0.994,0.986,0.986
2016-12-09 15:00:00,0.988,0.99,0.983,0.985
2016-12-12 15:00:00,0.985,0.985,0.92,0.925
2016-12-13 15:00:00,0.929,0.95,0.91,0.929
2016-12-14 15:00:00,0.922,0.94,0.922,0.923
2016-12-15 15:00:00,0.9230000000000003,0.9400000000000002,0.9170000000000003,0.9350000000000003
2016-12-16 15:00:00,0.932,0.948,0.926,0.948
2016-12-19 15:00:00,0.94,0.944,0.933,0.935
2016-12-20 15:00:00,0.9330000000000003,0.9700000000000002,0.9330000000000003,0.9430000000000002
2016-12-21 15:00:00,0.938,0.949,0.937,0.949
2016-12-22 15:00:00,0.949,0.952,0.935,0.948
2016-12-23 15:00:00,0.953,0.953,0.939,0.94
2016-12-26 15:00:00,0.9319999999999999,0.9449999999999998,0.9259999999999999,0.9439999999999998
2016-12-27 15:00:00,0.9439999999999998,0.9449999999999998,0.9329999999999999,0.9429999999999998
2016-12-28 15:00:00,0.9399999999999998,0.9429999999999998,0.9359999999999999,0.9389999999999998
2016-12-29 15:00:00,0.9339999999999999,0.9429999999999998,0.9339999999999999,0.9349999999999999
2016-12-30 15:00:00,0.935,0.944,0.932,0.938
2017-01-03 15:00:00,0.938,0.945,0.938,0.944
2017-01-04 15:00:00,0.941,0.96,0.941,0.957
2017-01-05 15:00:00,0.952,0.964,0.952,0.954
2017-01-06 15:00:00,0.954,0.959,0.948,0.955
2017-01-09 15:00:00,0.9460000000000002,0.9600000000000002,0.9460000000000002,0.9590000000000002
2017-01-10 15:00:00,0.9600000000000002,0.9700000000000002,0.9550000000000002,0.9550000000000002
2017-01-11 15:00:00,0.9510000000000002,0.9610000000000002,0.9410000000000002,0.9500000000000002
2017-01-12 15:00:00,0.9400000000000002,0.9480000000000002,0.9400000000000002,0.9440000000000002
2017-01-13 15:00:00,0.9440000000000002,0.9500000000000002,0.9300000000000003,0.9350000000000003
2017-01-16 15:00:00,0.9410000000000002,0.9410000000000002,0.9000000000000002,0.9090000000000003
2017-01-17 15:00:00,0.9090000000000003,0.9190000000000003,0.9070000000000003,0.9150000000000003
2017-01-18 15:00:00,0.9150000000000003,0.9180000000000003,0.9050000000000002,0.9140000000000003
2017-01-19 15:00:00,0.9140000000000003,0.9140000000000003,0.8820000000000002,0.9050000000000002
2017-01-20 15:00:00,0.8960000000000002,0.9060000000000002,0.8920000000000002,0.9020000000000002
2017-01-23 15:00:00,0.9050000000000002,0.9160000000000003,0.9020000000000002,0.9120000000000003
2017-01-24 15:00:00,0.9090000000000003,0.9150000000000003,0.9050000000000002,0.9060000000000002
2017-01-25 15:00:00,0.904,0.912,0.904,0.909
2017-01-26 15:00:00,0.911,0.917,0.911,0.917
2017-02-03 15:00:00,0.918,0.919,0.91,0.915
2017-02-06 15:00:00,0.913,0.925,0.913,0.925
2017-02-07 15:00:00,0.922,0.927,0.92,0.927
2017-02-08 15:00:00,0.9270000000000003,0.9330000000000003,0.9190000000000003,0.9310000000000003
2017-02-09 15:00:00,0.9310000000000003,0.9410000000000002,0.9310000000000003,0.9400000000000002
2017-02-10 15:00:00,0.9390000000000002,0.9410000000000002,0.9370000000000003,0.9390000000000002
2017-02-13 15:00:00,0.9370000000000003,0.9490000000000002,0.9370000000000003,0.9430000000000002
2017-02-14 15:00:00,0.9430000000000002,0.9450000000000002,0.9400000000000002,0.9420000000000002
2017-02-15 15:00:00,0.9430000000000002,0.9430000000000002,0.9320000000000003,0.9360000000000003
2017-02-16 15:00:00,0.9370000000000005,0.9420000000000004,0.9350000000000005,0.9410000000000004
2017-02-17 15:00:00,0.9420000000000004,0.9420000000000004,0.9310000000000005,0.9350000000000005
2017-02-20 15:00:00,0.9360000000000005,0.9430000000000004,0.9320000000000005,0.9430000000000004
2017-02-21 15:00:00,0.9410000000000004,0.9530000000000004,0.9410000000000004,0.9530000000000004
2017-02-22 15:00:00,0.9520000000000004,0.9560000000000004,0.9490000000000004,0.9530000000000004
2017-02-23 15:00:00,0.9550000000000004,0.9550000000000004,0.9470000000000004,0.9550000000000004
2017-02-24 15:00:00,0.9550000000000004,0.9600000000000004,0.9520000000000004,0.9590000000000004
2017-02-27 15:00:00,0.9550000000000004,0.9600000000000004,0.9510000000000004,0.9520000000000004
2017-02-28 15:00:00,0.9520000000000004,0.9540000000000004,0.9490000000000004,0.9530000000000004
2017-03-01 15:00:00,0.9520000000000004,0.9590000000000004,0.9520000000000004,0.9560000000000004
2017-03-02 15:00:00,0.9570000000000004,0.9600000000000004,0.9500000000000004,0.9500000000000004
2017-03-03 15:00:00,0.9500000000000006,0.9560000000000006,0.9450000000000006,0.9560000000000006
2017-03-06 15:00:00,0.9750000000000006,0.9770000000000006,0.9560000000000006,0.9670000000000006
2017-03-07 15:00:00,0.9670000000000006,0.9690000000000006,0.9630000000000006,0.9680000000000006
2017-03-08 15:00:00,0.9650000000000006,0.9680000000000006,0.9620000000000006,0.9640000000000006
2017-03-09 15:00:00,0.9620000000000006,0.9620000000000006,0.9550000000000006,0.9580000000000006
2017-03-10 15:00:00,0.9600000000000006,0.9620000000000006,0.9570000000000006,0.9590000000000006
2017-03-13 15:00:00,0.9410000000000008,0.9700000000000009,0.9410000000000008,0.9700000000000009
2017-03-14 15:00:00,0.9700000000000009,0.9700000000000009,0.9620000000000009,0.9640000000000009
2017-03-15 15:00:00,0.9610000000000009,0.9640000000000009,0.9600000000000009,0.9630000000000009
2017-03-16 15:00:00,0.9640000000000009,0.9760000000000009,0.9640000000000009,0.9750000000000009
2017-03-17 15:00:00,0.9750000000000009,0.9800000000000009,0.9660000000000009,0.9670000000000009
2017-03-20 15:00:00,0.9670000000000009,0.9710000000000009,0.9650000000000009,0.9700000000000009
2017-03-21 15:00:00,0.9710000000000009,0.9730000000000009,0.9690000000000009,0.9730000000000009
2017-03-22 15:00:00,0.9730000000000009,0.9730000000000009,0.9630000000000009,0.9680000000000009
2017-03-23 15:00:00,0.9680000000000009,0.9710000000000009,0.9580000000000009,0.9670000000000009
2017-03-24 15:00:00,0.9670000000000009,0.9700000000000009,0.9640000000000009,0.9700000000000009
2017-03-27 15:00:00,0.9690000000000009,0.9720000000000009,0.9650000000000009,0.9680000000000009
2017-03-28 15:00:00,0.9670000000000009,0.9700000000000009,0.9650000000000009,0.9660000000000009
2017-03-29 15:00:00,0.9640000000000009,0.9660000000000009,0.9570000000000008,0.9570000000000008
2017-03-30 15:00:00,0.9560000000000008,0.9560000000000008,0.9370000000000008,0.9390000000000008
2017-03-31 15:00:00,0.9400000000000008,0.9600000000000009,0.9370000000000008,0.9410000000000008
2017-04-05 15:00:00,0.941000000000001,0.9640000000000011,0.941000000000001,0.9640000000000011
2017-04-06 15:00:00,0.9620000000000011,0.9670000000000011,0.9600000000000011,0.9650000000000011
2017-04-07 15:00:00,0.9640000000000011,0.9670000000000011,0.9640000000000011,0.9650000000000011
2017-04-10 15:00:00,0.9620000000000011,0.9630000000000011,0.9540000000000011,0.9550000000000011
2017-04-11 15:00:00,0.9550000000000011,0.9630000000000011,0.948000000000001,0.9620000000000011
2017-04-12 15:00:00,0.9560000000000011,0.9630000000000011,0.9560000000000011,0.9560000000000011
2017-04-13 15:00:00,0.9540000000000011,0.9620000000000011,0.9540000000000011,0.9590000000000011
2017-04-14 15:00:00,0.9590000000000011,0.9590000000000011,0.947000000000001,0.948000000000001
2017-04-17 15:00:00,0.944000000000001,0.944000000000001,0.928000000000001,0.931000000000001
2017-04-18 15:00:00,0.930000000000001,0.936000000000001,0.924000000000001,0.925000000000001
2017-04-19 15:00:00,0.925000000000001,0.925000000000001,0.901000000000001,0.913000000000001
2017-04-20 15:00:00,0.917000000000001,0.917000000000001,0.903000000000001,0.907000000000001
2017-04-21 15:00:00,0.910000000000001,0.913000000000001,0.905000000000001,0.907000000000001
2017-04-24 15:00:00,0.907000000000001,0.907000000000001,0.881000000000001,0.900000000000001
2017-04-25 15:00:00,0.889000000000001,0.901000000000001,0.879000000000001,0.881000000000001
2017-04-26 15:00:00,0.881000000000001,0.884000000000001,0.879000000000001,0.883000000000001
2017-04-27 15:00:00,0.882000000000001,0.888000000000001,0.865000000000001,0.886000000000001
2017-04-28 15:00:00,0.8860000000000008,0.8920000000000008,0.8850000000000008,0.8920000000000008
2017-05-02 15:00:00,0.8900000000000008,0.8920000000000008,0.8880000000000008,0.8920000000000008
2017-05-03 15:00:00,0.8920000000000008,0.8920000000000008,0.8850000000000008,0.8910000000000008
2017-05-04 15:00:00,0.884000000000001,0.895000000000001,0.884000000000001,0.888000000000001
2017-05-05 15:00:00,0.884000000000001,0.886000000000001,0.877000000000001,0.877000000000001
2017-05-08 15:00:00,0.874000000000001,0.875000000000001,0.860000000000001,0.860000000000001
2017-05-09 15:00:00,0.861000000000001,0.865000000000001,0.852000000000001,0.864000000000001
2017-05-10 15:00:00,0.865000000000001,0.868000000000001,0.8490000000000009,0.8490000000000009
2017-05-11 15:00:00,0.859000000000001,0.859000000000001,0.8200000000000008,0.8400000000000009
2017-05-12 15:00:00,0.8410000000000009,0.8430000000000009,0.8330000000000009,0.8400000000000009
2017-05-15 15:00:00,0.8430000000000009,0.8460000000000009,0.8410000000000009,0.8410000000000009
2017-05-16 15:00:00,0.8410000000000011,0.8610000000000011,0.8350000000000011,0.8600000000000011
2017-05-17 15:00:00,0.8610000000000011,0.8670000000000011,0.8610000000000011,0.8620000000000011
2017-05-18 15:00:00,0.8440000000000011,0.8640000000000011,0.8440000000000011,0.8570000000000011
2017-05-19 15:00:00,0.8590000000000011,0.8590000000000011,0.8510000000000011,0.8550000000000011
2017-05-22 15:00:00,0.8530000000000011,0.8580000000000011,0.8390000000000011,0.8410000000000011
2017-05-23 15:00:00,0.8420000000000011,0.8420000000000011,0.813000000000001,0.8150000000000011
2017-05-24 15:00:00,0.8130000000000008,0.8200000000000008,0.7980000000000009,0.8190000000000008
2017-05-25 15:00:00,0.8180000000000008,0.8280000000000008,0.8100000000000009,0.8250000000000008
2017-05-26 15:00:00,0.8260000000000008,0.8450000000000009,0.8250000000000008,0.8280000000000008
2017-05-31 15:00:00,0.8290000000000008,0.8370000000000009,0.8290000000000008,0.8300000000000008
2017-06-01 15:00:00,0.8230000000000011,0.8230000000000011,0.8010000000000012,0.8010000000000012
2017-06-02 15:00:00,0.8010000000000012,0.8150000000000011,0.7940000000000011,0.8120000000000012
2017-06-05 15:00:00,0.813000000000001,0.8210000000000011,0.813000000000001,0.8180000000000011
2017-06-06 15:00:00,0.8170000000000011,0.8230000000000011,0.8170000000000011,0.8210000000000011
2017-06-07 15:00:00,0.8210000000000011,0.8410000000000011,0.8210000000000011,0.8410000000000011
2017-06-08 15:00:00,0.8410000000000011,0.8500000000000011,0.8380000000000011,0.8390000000000011
2017-06-09 15:00:00,0.8390000000000011,0.8410000000000011,0.8330000000000011,0.8410000000000011
2017-06-12 15:00:00,0.8410000000000011,0.8410000000000011,0.8260000000000011,0.8270000000000011
2017-06-13 15:00:00,0.8270000000000011,0.8410000000000011,0.8270000000000011,0.8410000000000011
2017-06-14 15:00:00,0.8400000000000011,0.8430000000000011,0.8390000000000011,0.8400000000000011
2017-06-15 15:00:00,0.8380000000000011,0.8550000000000011,0.8380000000000011,0.8540000000000011
2017-06-16 15:00:00,0.8520000000000011,0.8550000000000011,0.8500000000000011,0.8540000000000011
2017-06-19 15:00:00,0.8540000000000011,0.8580000000000011,0.8510000000000011,0.8580000000000011
2017-06-20 15:00:00,0.8590000000000011,0.8640000000000011,0.8410000000000011,0.8560000000000011
2017-06-21 15:00:00,0.8560000000000011,0.8600000000000011,0.8520000000000011,0.8570000000000011
2017-06-22 15:00:00,0.8570000000000011,0.8570000000000011,0.8420000000000011,0.8420000000000011
2017-06-23 15:00:00,0.8400000000000009,0.8450000000000009,0.8320000000000008,0.8450000000000009
2017-06-26 15:00:00,0.8440000000000009,0.855000000000001,0.8410000000000009,0.855000000000001
2017-06-27 15:00:00,0.855000000000001,0.858000000000001,0.8500000000000009,0.853000000000001
2017-06-28 15:00:00,0.853000000000001,0.853000000000001,0.8470000000000009,0.8490000000000009
2017-06-29 15:00:00,0.853000000000001,0.857000000000001,0.8500000000000009,0.852000000000001
2017-06-30 15:00:00,0.8510000000000011,0.8550000000000011,0.8500000000000011,0.8550000000000011
2017-07-03 15:00:00,0.8550000000000011,0.8630000000000011,0.8520000000000011,0.8630000000000011
2017-07-04 15:00:00,0.8610000000000011,0.8630000000000011,0.8580000000000011,0.8590000000000011
2017-07-05 15:00:00,0.8610000000000011,0.8670000000000011,0.8590000000000011,0.8670000000000011
2017-07-06 15:00:00,0.8660000000000011,0.8730000000000011,0.8620000000000011,0.8710000000000011
2017-07-07 15:00:00,0.8670000000000011,0.8720000000000011,0.8670000000000011,0.8710000000000011
2017-07-10 15:00:00,0.8720000000000011,0.8720000000000011,0.8650000000000011,0.8660000000000011
2017-07-11 15:00:00,0.8680000000000011,0.8680000000000011,0.8550000000000011,0.8550000000000011
2017-07-12 15:00:00,0.8570000000000011,0.8590000000000011,0.8410000000000011,0.8540000000000011
2017-07-13 15:00:00,0.8530000000000011,0.8570000000000011,0.8530000000000011,0.8540000000000011
2017-07-14 15:00:00,0.8540000000000011,0.8540000000000011,0.8500000000000011,0.8520000000000011
2017-07-17 15:00:00,0.8470000000000011,0.8470000000000011,0.8040000000000012,0.8050000000000012
2017-07-18 15:00:00,0.8050000000000012,0.8150000000000011,0.8030000000000012,0.8150000000000011
2017-07-19 15:00:00,0.8130000000000008,0.8250000000000008,0.8120000000000009,0.8250000000000008
2017-07-20 15:00:00,0.8150000000000008,0.8350000000000009,0.8150000000000008,0.8290000000000008
2017-07-21 15:00:00,0.8280000000000008,0.8330000000000009,0.8280000000000008,0.8290000000000008
2017-07-24 15:00:00,0.8280000000000011,0.8360000000000011,0.8280000000000011,0.8350000000000011
2017-07-25 15:00:00,0.8350000000000011,0.8350000000000011,0.8310000000000011,0.8350000000000011
2017-07-26 15:00:00,0.8330000000000011,0.8350000000000011,0.8320000000000011,0.8340000000000011
2017-07-27 15:00:00,0.8340000000000011,0.8480000000000011,0.8320000000000011,0.8480000000000011
2017-07-28 15:00:00,0.8460000000000011,0.8500000000000011,0.8450000000000011,0.8490000000000011
2017-07-31 15:00:00,0.8460000000000011,0.8550000000000011,0.8460000000000011,0.8550000000000011
2017-08-01 15:00:00,0.8550000000000011,0.8570000000000011,0.8520000000000011,0.8550000000000011
2017-08-02 15:00:00,0.8550000000000011,0.8550000000000011,0.8470000000000011,0.8490000000000011
2017-08-03 15:00:00,0.8490000000000011,0.8560000000000011,0.8470000000000011,0.8520000000000011
2017-08-04 15:00:00,0.8510000000000011,0.8560000000000011,0.8480000000000011,0.8480000000000011
2017-08-07 15:00:00,0.8480000000000013,0.8560000000000013,0.8480000000000013,0.8560000000000013
2017-08-08 15:00:00,0.8560000000000015,0.8600000000000015,0.8530000000000015,0.8590000000000015
2017-08-09 15:00:00,0.8560000000000015,0.8620000000000015,0.8560000000000015,0.8610000000000015
2017-08-10 15:00:00,0.8610000000000015,0.8620000000000015,0.8500000000000015,0.8550000000000015
2017-08-11 15:00:00,0.8530000000000015,0.8530000000000015,0.8400000000000014,0.8410000000000014
2017-08-14 15:00:00,0.8410000000000014,0.8700000000000015,0.8410000000000014,0.8700000000000015
2017-08-15 15:00:00,0.8620000000000015,0.8640000000000015,0.8580000000000015,0.8640000000000015
2017-08-16 15:00:00,0.8630000000000015,0.8700000000000015,0.8600000000000015,0.8690000000000015
2017-08-17 15:00:00,0.8690000000000018,0.8770000000000018,0.8690000000000018,0.8760000000000018
2017-08-18 15:00:00,0.8690000000000018,0.8750000000000018,0.8690000000000018,0.8710000000000018
2017-08-21 15:00:00,0.8690000000000018,0.8780000000000018,0.8690000000000018,0.8780000000000018
2017-08-22 15:00:00,0.8750000000000018,0.8760000000000018,0.8710000000000018,0.8720000000000018
2017-08-23 15:00:00,0.8720000000000018,0.8740000000000018,0.8630000000000018,0.8670000000000018
2017-08-24 15:00:00,0.8670000000000018,0.8680000000000018,0.8590000000000017,0.8620000000000018
2017-08-25 15:00:00,0.8610000000000015,0.8710000000000016,0.8610000000000015,0.8710000000000016
2017-08-28 15:00:00,0.8720000000000018,0.8830000000000018,0.8720000000000018,0.8770000000000018
2017-08-29 15:00:00,0.8780000000000018,0.8800000000000018,0.8750000000000018,0.8770000000000018
2017-08-30 15:00:00,0.8760000000000018,0.8810000000000018,0.8760000000000018,0.8810000000000018
2017-08-31 15:00:00,0.8810000000000018,0.8840000000000018,0.8810000000000018,0.8840000000000018
2017-09-01 15:00:00,0.8840000000000018,0.8920000000000018,0.8830000000000018,0.8920000000000018
2017-09-04 15:00:00,0.8930000000000016,0.8990000000000016,0.8910000000000016,0.8980000000000016
2017-09-05 15:00:00,0.8980000000000016,0.8980000000000016,0.8910000000000016,0.8950000000000016
2017-09-06 15:00:00,0.8950000000000016,0.9030000000000016,0.8940000000000016,0.9030000000000016
2017-09-07 15:00:00,0.9030000000000016,0.9080000000000017,0.8990000000000016,0.8990000000000016
2017-09-08 15:00:00,0.8980000000000018,0.9040000000000018,0.8950000000000018,0.9010000000000018
2017-09-11 15:00:00,0.9010000000000016,0.9380000000000016,0.9000000000000016,0.9120000000000017
2017-09-12 15:00:00,0.9110000000000017,0.9150000000000017,0.9000000000000016,0.9100000000000017
2017-09-13 15:00:00,0.9100000000000017,0.9130000000000017,0.9050000000000016,0.9120000000000017
2017-09-14 15:00:00,0.9120000000000017,0.9160000000000017,0.9070000000000017,0.9080000000000017
2017-09-15 15:00:00,0.9080000000000017,0.9140000000000017,0.9030000000000016,0.9070000000000017
2017-09-18 15:00:00,0.9070000000000018,0.9150000000000018,0.9060000000000018,0.9140000000000018
2017-09-19 15:00:00,0.9150000000000018,0.9170000000000019,0.9080000000000018,0.9110000000000018
2017-09-20 15:00:00,0.9110000000000017,0.9180000000000017,0.9090000000000017,0.9180000000000017
2017-09-21 15:00:00,0.9180000000000017,0.9180000000000017,0.9070000000000017,0.9070000000000017
2017-09-22 15:00:00,0.9060000000000016,0.9070000000000017,0.8990000000000016,0.9050000000000016
2017-09-25 15:00:00,0.9050000000000016,0.9050000000000016,0.8900000000000016,0.8910000000000016
2017-09-26 15:00:00,0.8910000000000016,0.8940000000000016,0.8880000000000016,0.8920000000000016
2017-09-27 15:00:00,0.8950000000000016,0.9010000000000016,0.8950000000000016,0.9000000000000016
2017-09-28 15:00:00,0.9000000000000016,0.9000000000000016,0.8950000000000016,0.8950000000000016
2017-09-29 15:00:00,0.8980000000000016,0.9050000000000016,0.8980000000000016,0.9040000000000016
2017-10-09 15:00:00,0.9040000000000016,0.9160000000000017,0.9040000000000016,0.9160000000000017
2017-10-10 15:00:00,0.9170000000000017,0.9240000000000017,0.9140000000000017,0.9240000000000017
2017-10-11 15:00:00,0.9220000000000017,0.9220000000000017,0.9190000000000017,0.9200000000000017
2017-10-12 15:00:00,0.9180000000000017,0.9180000000000017,0.9110000000000017,0.9170000000000017
2017-10-13 15:00:00,0.9170000000000017,0.9210000000000017,0.9140000000000017,0.9200000000000017
2017-10-16 15:00:00,0.9200000000000017,0.9200000000000017,0.9020000000000016,0.9020000000000016
2017-10-17 15:00:00,0.9020000000000016,0.9070000000000017,0.8980000000000016,0.9020000000000016
2017-10-18 15:00:00,0.9020000000000016,0.9050000000000016,0.8940000000000016,0.8940000000000016
2017-10-19 15:00:00,0.8950000000000016,0.8950000000000016,0.8820000000000016,0.8870000000000016
2017-10-20 15:00:00,0.8860000000000016,0.8960000000000016,0.8850000000000016,0.8950000000000016
2017-10-23 15:00:00,0.8960000000000016,0.9000000000000016,0.8960000000000016,0.9000000000000016
2017-10-24 15:00:00,0.9030000000000016,0.9030000000000016,0.8880000000000016,0.8940000000000016
2017-10-25 15:00:00,0.8930000000000018,0.9000000000000018,0.8920000000000018,0.8990000000000018
2017-10-26 15:00:00,0.8970000000000018,0.9050000000000018,0.8970000000000018,0.9050000000000018
2017-10-27 15:00:00,0.9030000000000018,0.9040000000000018,0.8990000000000018,0.8990000000000018
2017-10-30 15:00:00,0.8990000000000018,0.8990000000000018,0.8710000000000018,0.8770000000000018
2017-10-31 15:00:00,0.8780000000000018,0.8820000000000018,0.8760000000000018,0.8820000000000018
2017-11-01 15:00:00,0.8830000000000018,0.8860000000000018,0.8830000000000018,0.8830000000000018
2017-11-02 15:00:00,0.8830000000000018,0.8830000000000018,0.8740000000000018,0.8750000000000018
2017-11-03 15:00:00,0.8750000000000018,0.8760000000000018,0.8640000000000018,0.8670000000000018
2017-11-06 15:00:00,0.8670000000000018,0.8740000000000018,0.8640000000000018,0.8740000000000018
2017-11-07 15:00:00,0.8720000000000018,0.8790000000000018,0.8720000000000018,0.8790000000000018
2017-11-08 15:00:00,0.8790000000000018,0.8860000000000018,0.8780000000000018,0.8820000000000018
2017-11-09 15:00:00,0.882000000000002,0.886000000000002,0.882000000000002,0.886000000000002
2017-11-10 15:00:00,0.886000000000002,0.892000000000002,0.885000000000002,0.890000000000002
2017-11-13 15:00:00,0.8910000000000018,0.8920000000000018,0.8880000000000018,0.8910000000000018
2017-11-14 15:00:00,0.8890000000000018,0.8920000000000018,0.8830000000000018,0.8840000000000018
2017-11-15 15:00:00,0.8870000000000018,0.8870000000000018,0.8760000000000018,0.8780000000000018
2017-11-16 15:00:00,0.8750000000000018,0.8800000000000018,0.8750000000000018,0.8760000000000018
2017-11-17 15:00:00,0.8740000000000018,0.8740000000000018,0.8190000000000016,0.8220000000000016
2017-11-20 15:00:00,0.8440000000000016,0.8520000000000016,0.8260000000000016,0.8490000000000016
2017-11-21 15:00:00,0.8500000000000016,0.8520000000000016,0.8430000000000016,0.8480000000000016
2017-11-22 15:00:00,0.8460000000000016,0.8530000000000016,0.8400000000000016,0.8480000000000016
2017-11-23 15:00:00,0.8460000000000019,0.8460000000000019,0.8290000000000018,0.8300000000000018
2017-11-24 15:00:00,0.8340000000000019,0.8350000000000019,0.8260000000000018,0.8320000000000018
2017-11-27 15:00:00,0.8320000000000018,0.8330000000000019,0.8220000000000017,0.8220000000000017
2017-11-28 15:00:00,0.822000000000002,0.837000000000002,0.822000000000002,0.836000000000002
2017-11-29 15:00:00,0.837000000000002,0.838000000000002,0.829000000000002,0.837000000000002
2017-11-30 15:00:00,0.835000000000002,0.838000000000002,0.831000000000002,0.834000000000002
2017-12-01 15:00:00,0.833000000000002,0.8420000000000021,0.832000000000002,0.840000000000002
2017-12-04 15:00:00,0.8410000000000021,0.8410000000000021,0.830000000000002,0.830000000000002
2017-12-05 15:00:00,0.8310000000000018,0.8320000000000018,0.8060000000000018,0.8110000000000018
2017-12-06 15:00:00,0.8180000000000017,0.8200000000000017,0.8040000000000018,0.8190000000000017
2017-12-07 15:00:00,0.8170000000000017,0.8230000000000017,0.8140000000000017,0.8180000000000017
2017-12-08 15:00:00,0.8190000000000017,0.8280000000000018,0.8180000000000017,0.8210000000000017
2017-12-11 15:00:00,0.825000000000002,0.833000000000002,0.825000000000002,0.832000000000002
2017-12-12 15:00:00,0.829000000000002,0.833000000000002,0.822000000000002,0.822000000000002
2017-12-13 15:00:00,0.824000000000002,0.832000000000002,0.822000000000002,0.830000000000002
2017-12-14 15:00:00,0.830000000000002,0.832000000000002,0.828000000000002,0.832000000000002
2017-12-15 15:00:00,0.829000000000002,0.832000000000002,0.826000000000002,0.830000000000002
2017-12-18 15:00:00,0.8310000000000022,0.8310000000000022,0.8220000000000022,0.8240000000000022
2017-12-19 15:00:00,0.825000000000002,0.830000000000002,0.824000000000002,0.829000000000002
2017-12-20 15:00:00,0.8290000000000022,0.8290000000000022,0.8200000000000022,0.8210000000000022
2017-12-21 15:00:00,0.8210000000000022,0.8240000000000022,0.8120000000000022,0.8210000000000022
2017-12-22 15:00:00,0.8190000000000022,0.8250000000000022,0.8190000000000022,0.8200000000000022
2017-12-25 15:00:00,0.8210000000000022,0.8220000000000022,0.8100000000000022,0.8100000000000022
2017-12-26 15:00:00,0.8130000000000019,0.820000000000002,0.807000000000002,0.817000000000002
2017-12-27 15:00:00,0.817000000000002,0.818000000000002,0.812000000000002,0.815000000000002
2017-12-28 15:00:00,0.816000000000002,0.819000000000002,0.811000000000002,0.8140000000000019
2017-12-29 15:00:00,0.8170000000000022,0.8240000000000022,0.8150000000000022,0.8220000000000022
2018-01-02 15:00:00,0.824000000000002,0.831000000000002,0.823000000000002,0.831000000000002
2018-01-03 15:00:00,0.831000000000002,0.838000000000002,0.831000000000002,0.838000000000002
2018-01-04 15:00:00,0.839000000000002,0.839000000000002,0.833000000000002,0.838000000000002
2018-01-05 15:00:00,0.836000000000002,0.8410000000000021,0.836000000000002,0.839000000000002
2018-01-08 15:00:00,0.8390000000000022,0.8410000000000022,0.8350000000000022,0.8400000000000022
2018-01-09 15:00:00,0.8410000000000022,0.8420000000000022,0.8370000000000022,0.8390000000000022
2018-01-10 15:00:00,0.8400000000000022,0.8410000000000022,0.8300000000000022,0.8350000000000022
2018-01-11 15:00:00,0.8340000000000022,0.8410000000000022,0.8310000000000022,0.8400000000000022
2018-01-12 15:00:00,0.8410000000000022,0.8410000000000022,0.8350000000000022,0.8360000000000022
2018-01-15 15:00:00,0.8310000000000022,0.8310000000000022,0.8110000000000022,0.8130000000000022
2018-01-16 15:00:00,0.8160000000000022,0.8160000000000022,0.8110000000000022,0.8150000000000022
2018-01-17 15:00:00,0.8170000000000022,0.8170000000000022,0.8020000000000022,0.8140000000000022
2018-01-18 15:00:00,0.8110000000000022,0.8170000000000022,0.8110000000000022,0.8140000000000022
2018-01-19 15:00:00,0.8140000000000022,0.8190000000000022,0.8110000000000022,0.8110000000000022
2018-01-22 15:00:00,0.8110000000000024,0.8270000000000024,0.8080000000000024,0.8230000000000023
2018-01-23 15:00:00,0.8280000000000024,0.8280000000000024,0.8210000000000023,0.8220000000000023
2018-01-24 15:00:00,0.8230000000000023,0.8320000000000024,0.8180000000000023,0.8320000000000024
2018-01-25 15:00:00,0.8300000000000024,0.8360000000000024,0.8290000000000024,0.8300000000000024
2018-01-26 15:00:00,0.8300000000000024,0.8320000000000024,0.8280000000000024,0.8280000000000024
2018-01-29 15:00:00,0.8300000000000024,0.8310000000000024,0.8170000000000023,0.8190000000000023
2018-01-30 15:00:00,0.8170000000000023,0.8190000000000023,0.8150000000000023,0.8170000000000023
2018-01-31 15:00:00,0.8120000000000024,0.8150000000000023,0.7970000000000024,0.7970000000000024
2018-02-01 15:00:00,0.8010000000000024,0.8020000000000024,0.7660000000000022,0.7660000000000022
2018-02-02 15:00:00,0.7700000000000022,0.7700000000000022,0.7420000000000021,0.7610000000000022
2018-02-05 15:00:00,0.7600000000000022,0.7620000000000022,0.7500000000000022,0.7590000000000022
2018-02-06 15:00:00,0.7500000000000022,0.7510000000000022,0.7220000000000021,0.7230000000000021
2018-02-07 15:00:00,0.7270000000000021,0.7420000000000021,0.711000000000002,0.7230000000000021
2018-02-08 15:00:00,0.7240000000000021,0.7350000000000021,0.7230000000000021,0.7330000000000021
2018-02-09 15:00:00,0.7250000000000021,0.7250000000000021,0.701000000000002,0.710000000000002
2018-02-12 15:00:00,0.7140000000000019,0.732000000000002,0.7140000000000019,0.731000000000002
2018-02-13 15:00:00,0.7320000000000021,0.7380000000000021,0.7310000000000021,0.7330000000000021
2018-02-14 15:00:00,0.7330000000000023,0.7350000000000023,0.7270000000000022,0.7350000000000023
2018-02-22 15:00:00,0.7400000000000023,0.7470000000000023,0.7370000000000023,0.7460000000000023
2018-02-23 15:00:00,0.7460000000000024,0.7490000000000024,0.7420000000000024,0.7470000000000024
2018-02-26 15:00:00,0.7500000000000024,0.7650000000000026,0.7500000000000024,0.7650000000000026
2018-02-27 15:00:00,0.7660000000000026,0.7720000000000026,0.7640000000000026,0.7700000000000026
2018-02-28 15:00:00,0.7700000000000026,0.7740000000000026,0.7610000000000026,0.7710000000000026
2018-03-01 15:00:00,0.7710000000000026,0.7820000000000026,0.7680000000000026,0.7820000000000026
2018-03-02 15:00:00,0.7790000000000026,0.7840000000000027,0.7710000000000026,0.7790000000000026
2018-03-05 15:00:00,0.7790000000000026,0.7830000000000026,0.7780000000000026,0.7830000000000026
2018-03-06 15:00:00,0.7830000000000026,0.7930000000000027,0.7830000000000026,0.7910000000000027
2018-03-07 15:00:00,0.7910000000000027,0.7920000000000027,0.7850000000000027,0.7850000000000027
2018-03-08 15:00:00,0.7840000000000027,0.7900000000000027,0.7840000000000027,0.7900000000000027
2018-03-09 15:00:00,0.7910000000000028,0.8060000000000029,0.7910000000000028,0.8050000000000029
2018-03-12 15:00:00,0.8050000000000027,0.8160000000000026,0.8050000000000027,0.8150000000000026
2018-03-13 15:00:00,0.8170000000000027,0.8180000000000027,0.8100000000000027,0.8110000000000027
2018-03-14 15:00:00,0.8100000000000027,0.8120000000000027,0.8000000000000027,0.8010000000000027
2018-03-15 15:00:00,0.8000000000000027,0.8030000000000027,0.7910000000000027,0.8000000000000027
2018-03-16 15:00:00,0.8010000000000027,0.8060000000000027,0.8000000000000027,0.8010000000000027
2018-03-19 15:00:00,0.8010000000000027,0.8060000000000027,0.7960000000000027,0.8010000000000027
2018-03-20 15:00:00,0.8000000000000027,0.8010000000000027,0.7920000000000027,0.8000000000000027
2018-03-21 15:00:00,0.8020000000000027,0.8080000000000027,0.7960000000000027,0.7960000000000027
2018-03-22 15:00:00,0.7970000000000027,0.7990000000000027,0.7900000000000027,0.7940000000000027
2018-03-23 15:00:00,0.7880000000000027,0.7880000000000027,0.7430000000000024,0.7540000000000026
2018-03-26 15:00:00,0.7550000000000026,0.7660000000000026,0.7340000000000024,0.7640000000000026
2018-03-27 15:00:00,0.7660000000000026,0.7880000000000027,0.7660000000000026,0.7870000000000027
2018-03-28 15:00:00,0.7820000000000026,0.7850000000000027,0.7770000000000026,0.7810000000000026
2018-03-29 15:00:00,0.7820000000000026,0.7870000000000027,0.7800000000000026,0.7870000000000027
2018-03-30 15:00:00,0.7870000000000027,0.8000000000000027,0.7870000000000027,0.7990000000000027
2018-04-02 15:00:00,0.7990000000000027,0.8090000000000027,0.7970000000000027,0.8030000000000027
2018-04-03 15:00:00,0.7990000000000025,0.7990000000000025,0.7890000000000025,0.7940000000000025
2018-04-04 15:00:00,0.7960000000000027,0.7990000000000027,0.7870000000000027,0.7890000000000027
2018-04-09 15:00:00,0.7890000000000027,0.7930000000000027,0.7790000000000026,0.7890000000000027
2018-04-10 15:00:00,0.7900000000000027,0.7910000000000027,0.7800000000000026,0.7900000000000027
2018-04-11 15:00:00,0.7900000000000025,0.7980000000000025,0.7900000000000025,0.7960000000000025
2018-04-12 15:00:00,0.7940000000000027,0.7970000000000027,0.7900000000000027,0.7920000000000027
2018-04-13 15:00:00,0.7900000000000027,0.7960000000000027,0.7890000000000027,0.7900000000000027
2018-04-16 15:00:00,0.7890000000000027,0.7940000000000027,0.7840000000000027,0.7900000000000027
2018-04-17 15:00:00,0.7900000000000027,0.7920000000000027,0.7710000000000026,0.7730000000000026
2018-04-18 15:00:00,0.7730000000000026,0.7860000000000027,0.7630000000000026,0.7840000000000027
2018-04-19 15:00:00,0.7840000000000027,0.7920000000000027,0.7820000000000026,0.7860000000000027
2018-04-20 15:00:00,0.7850000000000028,0.7860000000000028,0.7700000000000028,0.7710000000000028
2018-04-23 15:00:00,0.7720000000000028,0.7830000000000028,0.7510000000000027,0.7620000000000027
2018-04-24 15:00:00,0.7630000000000027,0.7790000000000028,0.7610000000000027,0.7780000000000028
2018-04-25 15:00:00,0.7780000000000026,0.7820000000000026,0.7750000000000026,0.7800000000000026
2018-04-26 15:00:00,0.7800000000000026,0.7800000000000026,0.7660000000000026,0.7680000000000026
2018-04-27 15:00:00,0.7690000000000026,0.7720000000000026,0.7630000000000026,0.7660000000000026
2018-05-02 15:00:00,0.7670000000000026,0.7770000000000026,0.7600000000000026,0.7650000000000026
2018-05-03 15:00:00,0.7650000000000026,0.7710000000000026,0.7540000000000026,0.7710000000000026
2018-05-04 15:00:00,0.7710000000000026,0.7730000000000026,0.7680000000000026,0.7710000000000026
2018-05-07 15:00:00,0.7720000000000026,0.7830000000000026,0.7710000000000026,0.7830000000000026
2018-05-08 15:00:00,0.7830000000000026,0.7870000000000027,0.7820000000000026,0.7860000000000027
2018-05-09 15:00:00,0.7860000000000027,0.7870000000000027,0.7840000000000027,0.7850000000000027
2018-05-10 15:00:00,0.7870000000000027,0.7900000000000027,0.7860000000000027,0.7900000000000027
2018-05-11 15:00:00,0.7910000000000027,0.7910000000000027,0.7830000000000026,0.7840000000000027
2018-05-14 15:00:00,0.7850000000000027,0.7870000000000027,0.7770000000000026,0.7770000000000026
2018-05-15 15:00:00,0.7800000000000026,0.7860000000000027,0.7760000000000026,0.7850000000000027
2018-05-16 15:00:00,0.7840000000000027,0.7880000000000027,0.7800000000000026,0.7810000000000026
2018-05-17 15:00:00,0.7820000000000026,0.7840000000000027,0.7770000000000026,0.7780000000000026
2018-05-18 15:00:00,0.7770000000000028,0.7810000000000028,0.7730000000000028,0.7810000000000028
2018-05-21 15:00:00,0.7820000000000028,0.7910000000000028,0.7820000000000028,0.7880000000000028
2018-05-22 15:00:00,0.7880000000000028,0.7920000000000028,0.7860000000000028,0.7920000000000028
2018-05-23 15:00:00,0.7920000000000028,0.7920000000000028,0.7850000000000028,0.7850000000000028
2018-05-24 15:00:00,0.7820000000000028,0.7860000000000028,0.7810000000000028,0.7820000000000028
2018-05-25 15:00:00,0.7800000000000028,0.7820000000000028,0.7720000000000028,0.7720000000000028
2018-05-28 15:00:00,0.7730000000000028,0.7740000000000028,0.7640000000000027,0.7660000000000028
2018-05-29 15:00:00,0.7650000000000027,0.7710000000000028,0.7610000000000027,0.7610000000000027
2018-05-30 15:00:00,0.7560000000000029,0.7600000000000029,0.7370000000000028,0.7380000000000028
2018-05-31 15:00:00,0.7390000000000028,0.7480000000000028,0.7380000000000028,0.7480000000000028
2018-06-01 15:00:00,0.7480000000000028,0.7490000000000028,0.7360000000000028,0.7400000000000028
2018-06-04 15:00:00,0.741000000000003,0.744000000000003,0.7350000000000029,0.741000000000003
2018-06-05 15:00:00,0.7420000000000028,0.7490000000000028,0.7370000000000028,0.7480000000000028
2018-06-06 15:00:00,0.7480000000000028,0.7490000000000028,0.7440000000000028,0.7460000000000028
2018-06-07 15:00:00,0.7500000000000029,0.7500000000000029,0.7430000000000028,0.7440000000000028
2018-06-08 15:00:00,0.742000000000003,0.742000000000003,0.7310000000000029,0.7350000000000029
2018-06-11 15:00:00,0.7360000000000029,0.742000000000003,0.7280000000000029,0.7310000000000029
2018-06-12 15:00:00,0.7290000000000028,0.7360000000000028,0.7230000000000028,0.7340000000000028
2018-06-13 15:00:00,0.7320000000000028,0.7330000000000028,0.7230000000000028,0.7240000000000028
2018-06-14 15:00:00,0.7240000000000028,0.7260000000000028,0.7180000000000026,0.7200000000000026
2018-06-15 15:00:00,0.7200000000000026,0.7210000000000027,0.7010000000000026,0.7050000000000026
2018-06-19 15:00:00,0.7010000000000026,0.7010000000000026,0.6450000000000025,0.6540000000000025
2018-06-20 15:00:00,0.6540000000000025,0.6670000000000026,0.6490000000000025,0.6640000000000026
2018-06-21 15:00:00,0.6600000000000024,0.6680000000000024,0.6480000000000024,0.6490000000000024
2018-06-22 15:00:00,0.6480000000000025,0.6600000000000025,0.6390000000000025,0.6580000000000025
2018-06-25 15:00:00,0.6590000000000025,0.6650000000000026,0.6540000000000025,0.6550000000000025
2018-06-26 15:00:00,0.6510000000000025,0.6620000000000026,0.6430000000000025,0.6600000000000025
2018-06-27 15:00:00,0.6610000000000025,0.6640000000000026,0.6540000000000025,0.6550000000000025
2018-06-28 15:00:00,0.6550000000000025,0.6590000000000025,0.6460000000000025,0.6480000000000025
2018-06-29 15:00:00,0.6480000000000025,0.6690000000000026,0.6480000000000025,0.6690000000000026
2018-07-02 15:00:00,0.6690000000000026,0.6700000000000026,0.6520000000000025,0.6580000000000025
2018-07-03 15:00:00,0.6580000000000027,0.6670000000000027,0.6480000000000026,0.6650000000000027
2018-07-04 15:00:00,0.6650000000000027,0.6650000000000027,0.6520000000000026,0.6550000000000027
2018-07-05 15:00:00,0.6550000000000028,0.6550000000000028,0.6380000000000027,0.6410000000000027
2018-07-06 15:00:00,0.6420000000000027,0.6490000000000028,0.6260000000000027,0.6400000000000027
2018-07-09 15:00:00,0.6400000000000027,0.6530000000000028,0.6400000000000027,0.6520000000000028
2018-07-10 15:00:00,0.6470000000000028,0.6580000000000028,0.6470000000000028,0.6580000000000028
2018-07-11 15:00:00,0.6560000000000028,0.6560000000000028,0.6330000000000027,0.6420000000000027
2018-07-12 15:00:00,0.6420000000000026,0.6620000000000027,0.6420000000000026,0.6590000000000027
2018-07-13 15:00:00,0.6610000000000027,0.6630000000000027,0.6590000000000027,0.6630000000000027
2018-07-16 15:00:00,0.6640000000000027,0.6640000000000027,0.6590000000000027,0.6620000000000027
2018-07-17 15:00:00,0.6650000000000027,0.6650000000000027,0.6550000000000027,0.6650000000000027
2018-07-18 15:00:00,0.6660000000000027,0.6690000000000027,0.6610000000000027,0.6620000000000027
2018-07-19 15:00:00,0.6630000000000027,0.6630000000000027,0.6510000000000026,0.6540000000000027
2018-07-20 15:00:00,0.6520000000000026,0.6610000000000027,0.6480000000000026,0.6590000000000027
2018-07-23 15:00:00,0.6590000000000027,0.6660000000000027,0.6570000000000027,0.6660000000000027
2018-07-24 15:00:00,0.6660000000000027,0.6780000000000027,0.6640000000000027,0.6770000000000027
2018-07-25 15:00:00,0.6750000000000027,0.6800000000000027,0.6740000000000027,0.6770000000000027
2018-07-26 15:00:00,0.6760000000000027,0.6780000000000027,0.6720000000000027,0.6740000000000027
2018-07-27 15:00:00,0.6750000000000027,0.6750000000000027,0.6680000000000027,0.6700000000000027
2018-07-30 15:00:00,0.6710000000000027,0.6710000000000027,0.6570000000000027,0.6590000000000027
2018-07-31 15:00:00,0.6600000000000027,0.6630000000000027,0.6580000000000027,0.6610000000000027
2018-08-01 15:00:00,0.6620000000000027,0.6740000000000027,0.6500000000000026,0.6510000000000026
2018-08-02 15:00:00,0.6500000000000025,0.6500000000000025,0.6210000000000023,0.6340000000000025
2018-08-03 15:00:00,0.6350000000000026,0.6370000000000026,0.6280000000000026,0.6280000000000026
2018-08-06 15:00:00,0.6280000000000026,0.6280000000000026,0.6110000000000024,0.6140000000000024
2018-08-07 15:00:00,0.6150000000000024,0.6290000000000026,0.6100000000000024,0.6270000000000026
2018-08-08 15:00:00,0.6280000000000026,0.6290000000000026,0.6180000000000024,0.6180000000000024
2018-08-09 15:00:00,0.6200000000000024,0.6350000000000026,0.6160000000000024,0.6320000000000026
2018-08-10 15:00:00,0.6300000000000026,0.6360000000000026,0.6300000000000026,0.6360000000000026
2018-08-13 15:00:00,0.6340000000000026,0.6390000000000026,0.6280000000000026,0.6390000000000026
2018-08-14 15:00:00,0.6370000000000026,0.6410000000000026,0.6340000000000026,0.6390000000000026
2018-08-15 15:00:00,0.6400000000000026,0.6400000000000026,0.6240000000000024,0.6260000000000026
2018-08-16 15:00:00,0.6240000000000023,0.6260000000000023,0.6120000000000023,0.6180000000000023
2018-08-17 15:00:00,0.6190000000000022,0.6230000000000022,0.6060000000000021,0.6070000000000021
2018-08-20 15:00:00,0.6060000000000021,0.6090000000000021,0.5960000000000021,0.6090000000000021
2018-08-21 15:00:00,0.6080000000000023,0.6180000000000023,0.6080000000000023,0.6160000000000023
2018-08-22 15:00:00,0.6140000000000023,0.6160000000000023,0.6110000000000023,0.6110000000000023
2018-08-23 15:00:00,0.6120000000000023,0.6150000000000023,0.6090000000000023,0.6140000000000023
2018-08-24 15:00:00,0.6130000000000023,0.6140000000000023,0.6100000000000023,0.6110000000000023
2018-08-27 15:00:00,0.6150000000000024,0.6260000000000026,0.6150000000000024,0.6260000000000026
2018-08-28 15:00:00,0.6240000000000024,0.6260000000000026,0.6220000000000024,0.6250000000000024
2018-08-29 15:00:00,0.6240000000000024,0.6240000000000024,0.6190000000000024,0.6220000000000024
2018-08-30 15:00:00,0.6210000000000023,0.6210000000000023,0.6100000000000023,0.6120000000000023
2018-08-31 15:00:00,0.6100000000000023,0.6100000000000023,0.6030000000000023,0.6030000000000023
2018-09-03 15:00:00,0.6040000000000023,0.6040000000000023,0.5940000000000022,0.6030000000000023
2018-09-04 15:00:00,0.6020000000000021,0.6120000000000022,0.6020000000000021,0.6110000000000022
2018-09-05 15:00:00,0.6090000000000023,0.6110000000000023,0.6000000000000022,0.6010000000000022
2018-09-06 15:00:00,0.6020000000000022,0.6050000000000023,0.5960000000000022,0.5980000000000022
2018-09-07 15:00:00,0.5990000000000022,0.6070000000000023,0.5960000000000022,0.6010000000000022
2018-09-10 15:00:00,0.5990000000000024,0.6010000000000024,0.5930000000000023,0.5950000000000023
2018-09-11 15:00:00,0.5950000000000023,0.5950000000000023,0.5840000000000023,0.5890000000000023
2018-09-12 15:00:00,0.5860000000000023,0.5930000000000023,0.5860000000000023,0.5890000000000023
2018-09-13 15:00:00,0.5930000000000023,0.5940000000000023,0.5840000000000023,0.5930000000000023
2018-09-14 15:00:00,0.5930000000000023,0.5930000000000023,0.5860000000000023,0.5870000000000023
2018-09-17 15:00:00,0.5880000000000023,0.5880000000000023,0.5760000000000023,0.5780000000000023
2018-09-18 15:00:00,0.5780000000000023,0.5870000000000023,0.5750000000000023,0.5870000000000023
2018-09-19 15:00:00,0.5860000000000023,0.5980000000000024,0.5850000000000023,0.5930000000000023
2018-09-20 15:00:00,0.5940000000000023,0.5950000000000023,0.5910000000000023,0.5920000000000023
2018-09-21 15:00:00,0.5970000000000023,0.6010000000000024,0.5910000000000023,0.6000000000000024
2018-09-25 15:00:00,0.5980000000000024,0.6010000000000024,0.5960000000000023,0.5990000000000024
2018-09-26 15:00:00,0.5990000000000024,0.6040000000000024,0.5980000000000024,0.5990000000000024
2018-09-27 15:00:00,0.6010000000000024,0.6010000000000024,0.5910000000000023,0.5920000000000023
2018-09-28 15:00:00,0.5930000000000023,0.5970000000000023,0.5900000000000023,0.5970000000000023
2018-10-08 15:00:00,0.5910000000000023,0.5910000000000023,0.5750000000000023,0.5760000000000023
2018-10-09 15:00:00,0.5770000000000023,0.5810000000000023,0.5720000000000023,0.5760000000000023
2018-10-10 15:00:00,0.5760000000000023,0.5780000000000023,0.5700000000000023,0.5750000000000023
2018-10-11 15:00:00,0.5700000000000024,0.5720000000000024,0.5300000000000022,0.5330000000000022
2018-10-12 15:00:00,0.5330000000000022,0.5860000000000024,0.5090000000000021,0.5300000000000022
2018-10-15 15:00:00,0.4940000000000021,0.5350000000000023,0.4940000000000021,0.5220000000000022
2018-10-16 15:00:00,0.5220000000000024,0.5260000000000024,0.5070000000000022,0.5100000000000022
2018-10-17 15:00:00,0.5150000000000022,0.5220000000000022,0.5030000000000021,0.5150000000000022
2018-10-18 15:00:00,0.5140000000000023,0.5140000000000023,0.4990000000000022,0.5040000000000022
2018-10-19 15:00:00,0.4950000000000022,0.5090000000000022,0.48800000000000215,0.5080000000000022
2018-10-22 15:00:00,0.5150000000000023,0.5380000000000025,0.5100000000000022,0.5360000000000024
2018-10-23 15:00:00,0.5360000000000023,0.5360000000000023,0.5210000000000022,0.5250000000000022
2018-10-24 15:00:00,0.5200000000000022,0.5300000000000022,0.5200000000000022,0.5240000000000022
2018-10-25 15:00:00,0.5100000000000021,0.5200000000000022,0.5070000000000021,0.5200000000000022
2018-10-26 15:00:00,0.5210000000000022,0.5290000000000022,0.5190000000000022,0.5210000000000022
2018-10-29 15:00:00,0.5220000000000022,0.5220000000000022,0.5110000000000021,0.5140000000000022
2018-10-30 15:00:00,0.5150000000000022,0.5220000000000022,0.5050000000000021,0.5200000000000022
2018-10-31 15:00:00,0.5210000000000022,0.5300000000000022,0.5190000000000022,0.5260000000000022
2018-11-01 15:00:00,0.5290000000000022,0.5380000000000023,0.5250000000000022,0.5300000000000022
2018-11-02 15:00:00,0.5480000000000024,0.5520000000000024,0.5360000000000023,0.5470000000000024
2018-11-05 15:00:00,0.5500000000000024,0.5570000000000024,0.5410000000000024,0.5500000000000024
2018-11-06 15:00:00,0.5510000000000024,0.5520000000000024,0.5420000000000024,0.5520000000000024
2018-11-07 15:00:00,0.5520000000000024,0.5560000000000024,0.5480000000000024,0.5500000000000024
2018-11-08 15:00:00,0.5550000000000024,0.5550000000000024,0.5460000000000024,0.5460000000000024
2018-11-09 15:00:00,0.5440000000000024,0.5500000000000024,0.5430000000000024,0.5460000000000024
2018-11-12 15:00:00,0.5460000000000025,0.5630000000000025,0.5460000000000025,0.5620000000000025
2018-11-13 15:00:00,0.5590000000000024,0.5790000000000024,0.5550000000000024,0.5740000000000024
2018-11-14 15:00:00,0.5740000000000024,0.5840000000000024,0.5580000000000024,0.5740000000000024
2018-11-15 15:00:00,0.5750000000000024,0.5840000000000024,0.5730000000000024,0.5830000000000024
2018-11-16 15:00:00,0.5840000000000024,0.5930000000000025,0.5820000000000024,0.5890000000000024
2018-11-19 15:00:00,0.5910000000000024,0.5920000000000024,0.5830000000000024,0.5920000000000024
2018-11-20 15:00:00,0.5880000000000023,0.5900000000000023,0.5750000000000023,0.5760000000000023
2018-11-21 15:00:00,0.5720000000000023,0.5830000000000023,0.5660000000000022,0.5800000000000023
2018-11-22 15:00:00,0.5810000000000023,0.5850000000000023,0.5780000000000023,0.5810000000000023
2018-11-23 15:00:00,0.5780000000000023,0.5780000000000023,0.5520000000000023,0.5540000000000023
2018-11-26 15:00:00,0.5480000000000023,0.5600000000000023,0.5480000000000023,0.5550000000000023
2018-11-27 15:00:00,0.5550000000000023,0.5620000000000023,0.5550000000000023,0.5600000000000023
2018-11-28 15:00:00,0.5540000000000023,0.5660000000000022,0.5510000000000023,0.5660000000000022
2018-11-29 15:00:00,0.5680000000000022,0.5720000000000023,0.5520000000000023,0.5530000000000023
2018-11-30 15:00:00,0.5530000000000023,0.5580000000000023,0.5440000000000023,0.5570000000000023
2018-12-03 15:00:00,0.5710000000000021,0.5780000000000022,0.5660000000000021,0.5740000000000022
2018-12-04 15:00:00,0.5750000000000022,0.5810000000000022,0.5710000000000021,0.5810000000000022
2018-12-05 15:00:00,0.5710000000000021,0.5800000000000022,0.5670000000000021,0.5760000000000022
2018-12-06 15:00:00,0.5730000000000023,0.5760000000000023,0.5650000000000022,0.5670000000000022
2018-12-07 15:00:00,0.5680000000000022,0.5690000000000022,0.5640000000000022,0.5660000000000022
2018-12-10 15:00:00,0.5640000000000022,0.5640000000000022,0.5570000000000023,0.5600000000000023
2018-12-11 15:00:00,0.5630000000000022,0.5650000000000022,0.5610000000000023,0.5650000000000022
2018-12-12 15:00:00,0.5660000000000022,0.5680000000000022,0.5640000000000022,0.5650000000000022
2018-12-13 15:00:00,0.5680000000000022,0.5740000000000023,0.5630000000000022,0.5710000000000023
2018-12-14 15:00:00,0.5640000000000022,0.5700000000000023,0.5550000000000023,0.5560000000000023
2018-12-17 15:00:00,0.5560000000000023,0.5560000000000023,0.5470000000000023,0.5530000000000023
2018-12-18 15:00:00,0.5510000000000023,0.5550000000000023,0.5450000000000023,0.5500000000000023
2018-12-19 15:00:00,0.5520000000000023,0.5520000000000023,0.5420000000000023,0.5430000000000023
2018-12-20 15:00:00,0.5420000000000023,0.5460000000000023,0.5390000000000021,0.5450000000000023
2018-12-21 15:00:00,0.5430000000000023,0.5440000000000023,0.5360000000000021,0.5410000000000021
2018-12-24 15:00:00,0.5410000000000024,0.5460000000000024,0.5390000000000023,0.5450000000000024
2018-12-25 15:00:00,0.5380000000000023,0.5410000000000024,0.5270000000000022,0.5390000000000023
2018-12-26 15:00:00,0.5370000000000024,0.5420000000000025,0.5360000000000024,0.5380000000000025
2018-12-27 15:00:00,0.5490000000000025,0.5490000000000025,0.5290000000000024,0.5290000000000024
2018-12-28 15:00:00,0.5290000000000024,0.5560000000000025,0.5260000000000024,0.5290000000000024
2019-01-02 15:00:00,0.5300000000000024,0.5400000000000025,0.5260000000000024,0.5280000000000024
2019-01-03 15:00:00,0.5280000000000024,0.5310000000000024,0.5230000000000024,0.5240000000000024
2019-01-04 15:00:00,0.5220000000000022,0.5390000000000023,0.5170000000000022,0.5390000000000023
2019-01-07 15:00:00,0.5400000000000024,0.5510000000000024,0.5400000000000024,0.5500000000000024
2019-01-08 15:00:00,0.5480000000000024,0.5500000000000024,0.5460000000000024,0.5480000000000024
2019-01-09 15:00:00,0.5510000000000024,0.5570000000000024,0.5470000000000024,0.5490000000000024
2019-01-10 15:00:00,0.5480000000000024,0.5530000000000024,0.5460000000000024,0.5470000000000024
2019-01-11 15:00:00,0.5490000000000024,0.5530000000000024,0.5470000000000024,0.5520000000000024
2019-01-14 15:00:00,0.5500000000000024,0.5530000000000024,0.5470000000000024,0.5490000000000024
2019-01-15 15:00:00,0.5490000000000024,0.5560000000000024,0.5460000000000024,0.5550000000000024
2019-01-16 15:00:00,0.5580000000000024,0.5590000000000024,0.5540000000000024,0.5560000000000024
2019-01-17 15:00:00,0.5550000000000024,0.5560000000000024,0.5490000000000024,0.5490000000000024
2019-01-18 15:00:00,0.5490000000000025,0.5540000000000025,0.5480000000000025,0.5540000000000025
2019-01-21 15:00:00,0.5560000000000025,0.5590000000000025,0.5530000000000025,0.5570000000000025
2019-01-22 15:00:00,0.5560000000000025,0.5570000000000025,0.5490000000000025,0.5510000000000025
2019-01-23 15:00:00,0.5500000000000025,0.5520000000000025,0.5480000000000025,0.5510000000000025
2019-01-24 15:00:00,0.5510000000000025,0.5570000000000025,0.5500000000000025,0.5550000000000025
2019-01-25 15:00:00,0.5560000000000025,0.5570000000000025,0.5510000000000025,0.5520000000000025
2019-01-28 15:00:00,0.5530000000000025,0.5560000000000025,0.5460000000000025,0.5470000000000025
2019-01-29 15:00:00,0.5430000000000025,0.5440000000000025,0.5290000000000024,0.5370000000000024
2019-01-30 15:00:00,0.5360000000000026,0.5380000000000026,0.5290000000000025,0.5300000000000025
2019-01-31 15:00:00,0.5280000000000025,0.5320000000000025,0.5190000000000025,0.5220000000000025
2019-02-01 15:00:00,0.5240000000000025,0.5370000000000026,0.5240000000000025,0.5370000000000026
2019-02-11 15:00:00,0.5380000000000026,0.5530000000000026,0.5350000000000025,0.5530000000000026
2019-02-12 15:00:00,0.5530000000000026,0.5620000000000027,0.5510000000000026,0.5600000000000027
2019-02-13 15:00:00,0.5630000000000026,0.5720000000000026,0.5590000000000026,0.5700000000000026
2019-02-14 15:00:00,0.5710000000000026,0.5750000000000026,0.5650000000000026,0.5720000000000026
2019-02-15 15:00:00,0.5700000000000026,0.5760000000000026,0.5600000000000027,0.5700000000000026
2019-02-18 15:00:00,0.5740000000000026,0.5930000000000027,0.5740000000000026,0.5920000000000027
2019-02-19 15:00:00,0.5900000000000027,0.5980000000000028,0.5860000000000027,0.5950000000000027
2019-02-20 15:00:00,0.5940000000000027,0.5950000000000027,0.5870000000000027,0.5940000000000027
2019-02-21 15:00:00,0.5920000000000027,0.6060000000000028,0.5910000000000027,0.5930000000000027
2019-02-22 15:00:00,0.5910000000000027,0.6060000000000028,0.5890000000000027,0.6060000000000028
2019-02-25 15:00:00,0.6190000000000029,0.641000000000003,0.6130000000000029,0.641000000000003
2019-02-26 15:00:00,0.645000000000003,0.6550000000000031,0.631000000000003,0.640000000000003
2019-02-27 15:00:00,0.635000000000003,0.646000000000003,0.6280000000000029,0.635000000000003
2019-02-28 15:00:00,0.635000000000003,0.644000000000003,0.633000000000003,0.638000000000003
2019-03-01 15:00:00,0.638000000000003,0.645000000000003,0.633000000000003,0.643000000000003
2019-03-04 15:00:00,0.646000000000003,0.6680000000000031,0.646000000000003,0.6570000000000031
2019-03-05 15:00:00,0.6550000000000031,0.6790000000000033,0.652000000000003,0.6790000000000033
2019-03-06 15:00:00,0.6820000000000033,0.7000000000000032,0.6730000000000032,0.6940000000000032
2019-03-07 15:00:00,0.6930000000000031,0.7130000000000032,0.689000000000003,0.7080000000000031
2019-03-08 15:00:00,0.6990000000000031,0.7110000000000031,0.676000000000003,0.683000000000003
2019-03-11 15:00:00,0.674000000000003,0.7080000000000031,0.674000000000003,0.7070000000000031
2019-03-12 15:00:00,0.7110000000000031,0.7270000000000032,0.7080000000000031,0.7230000000000032
2019-03-13 15:00:00,0.7190000000000032,0.7260000000000032,0.6970000000000031,0.7030000000000031
2019-03-14 15:00:00,0.6930000000000031,0.7030000000000031,0.673000000000003,0.682000000000003
2019-03-15 15:00:00,0.684000000000003,0.6980000000000031,0.684000000000003,0.6920000000000031
2019-03-18 15:00:00,0.6920000000000028,0.710000000000003,0.6870000000000029,0.709000000000003
2019-03-19 15:00:00,0.712000000000003,0.715000000000003,0.705000000000003,0.710000000000003
2019-03-20 15:00:00,0.709000000000003,0.712000000000003,0.6940000000000028,0.708000000000003
2019-03-21 15:00:00,0.707000000000003,0.7240000000000031,0.707000000000003,0.719000000000003
2019-03-22 15:00:00,0.718000000000003,0.722000000000003,0.705000000000003,0.721000000000003
2019-03-25 15:00:00,0.7100000000000031,0.7240000000000032,0.7050000000000031,0.7150000000000032
2019-03-26 15:00:00,0.716000000000003,0.720000000000003,0.6910000000000028,0.6940000000000028
2019-03-27 15:00:00,0.6960000000000028,0.701000000000003,0.6830000000000029,0.699000000000003
2019-03-28 15:00:00,0.6980000000000031,0.7040000000000031,0.688000000000003,0.689000000000003
2019-03-29 15:00:00,0.6890000000000028,0.711000000000003,0.6830000000000029,0.710000000000003
2019-04-01 15:00:00,0.714000000000003,0.7390000000000031,0.713000000000003,0.7390000000000031
2019-04-02 15:00:00,0.7390000000000031,0.7500000000000031,0.7360000000000031,0.7430000000000031
2019-04-03 15:00:00,0.7420000000000031,0.7490000000000031,0.7310000000000031,0.7490000000000031
2019-04-04 15:00:00,0.7500000000000031,0.7560000000000032,0.7440000000000031,0.7530000000000032
2019-04-08 15:00:00,0.7550000000000032,0.7660000000000032,0.7350000000000031,0.7460000000000031
2019-04-09 15:00:00,0.7410000000000033,0.7510000000000033,0.7390000000000033,0.7490000000000033
2019-04-10 15:00:00,0.7480000000000033,0.7550000000000033,0.7390000000000033,0.7470000000000033
2019-04-11 15:00:00,0.7470000000000033,0.7490000000000033,0.7300000000000032,0.7310000000000032
2019-04-12 15:00:00,0.7320000000000032,0.7350000000000032,0.7270000000000032,0.7330000000000032
2019-04-15 15:00:00,0.7400000000000034,0.7460000000000034,0.7250000000000033,0.7270000000000034
2019-04-16 15:00:00,0.7230000000000033,0.7430000000000034,0.7170000000000033,0.7420000000000034
2019-04-17 15:00:00,0.7400000000000034,0.7530000000000036,0.7390000000000034,0.7490000000000034
2019-04-18 15:00:00,0.7430000000000034,0.7520000000000036,0.7420000000000034,0.7450000000000034
2019-04-19 15:00:00,0.7400000000000037,0.7520000000000037,0.7360000000000035,0.7520000000000037
2019-04-22 15:00:00,0.7480000000000037,0.7520000000000037,0.7390000000000037,0.7420000000000037
2019-04-23 15:00:00,0.7420000000000034,0.7420000000000034,0.7260000000000033,0.7290000000000034
2019-04-24 15:00:00,0.7330000000000035,0.7390000000000037,0.7220000000000035,0.7380000000000035
2019-04-25 15:00:00,0.7350000000000035,0.7370000000000035,0.7060000000000034,0.7080000000000034
2019-04-26 15:00:00,0.7080000000000034,0.7100000000000034,0.6990000000000034,0.7000000000000034
2019-04-29 15:00:00,0.7060000000000034,0.7070000000000034,0.6730000000000034,0.6750000000000034
2019-04-30 15:00:00,0.6750000000000034,0.6870000000000034,0.6720000000000034,0.6820000000000034
2019-05-06 15:00:00,0.6450000000000031,0.6800000000000034,0.622000000000003,0.6260000000000031
2019-05-07 15:00:00,0.6300000000000032,0.6440000000000033,0.6260000000000032,0.6370000000000032
2019-05-08 15:00:00,0.6250000000000032,0.6460000000000033,0.6190000000000031,0.6360000000000032
2019-05-09 15:00:00,0.6360000000000032,0.6380000000000032,0.6180000000000031,0.6300000000000032
2019-05-10 15:00:00,0.6400000000000032,0.6550000000000034,0.6240000000000032,0.6550000000000034
2019-05-13 15:00:00,0.6450000000000031,0.6540000000000032,0.6390000000000031,0.6480000000000032
2019-05-14 15:00:00,0.6410000000000031,0.6520000000000032,0.6340000000000031,0.6450000000000031
2019-05-15 15:00:00,0.6490000000000034,0.6620000000000034,0.6490000000000034,0.6600000000000034
2019-05-16 15:00:00,0.6600000000000034,0.6660000000000035,0.6580000000000034,0.6640000000000035
2019-05-17 15:00:00,0.6650000000000035,0.6660000000000035,0.6380000000000032,0.6420000000000033
2019-05-20 15:00:00,0.6370000000000032,0.6410000000000032,0.6260000000000032,0.6390000000000032
2019-05-21 15:00:00,0.6400000000000032,0.6540000000000034,0.6350000000000032,0.6510000000000034
2019-05-22 15:00:00,0.6520000000000034,0.6550000000000034,0.6430000000000033,0.6500000000000034
2019-05-23 15:00:00,0.6450000000000033,0.6470000000000034,0.6320000000000032,0.6350000000000032
2019-05-24 15:00:00,0.6300000000000032,0.6360000000000032,0.6250000000000032,0.6270000000000032
2019-05-27 15:00:00,0.6280000000000032,0.6470000000000034,0.6240000000000032,0.6460000000000033
2019-05-28 15:00:00,0.6450000000000033,0.6530000000000034,0.6400000000000032,0.6450000000000033
2019-05-29 15:00:00,0.6450000000000033,0.6530000000000034,0.6430000000000033,0.6470000000000034
2019-05-30 15:00:00,0.6430000000000033,0.6450000000000033,0.6350000000000032,0.6440000000000033
2019-05-31 15:00:00,0.6440000000000033,0.6500000000000034,0.6410000000000032,0.6430000000000033
2019-06-03 15:00:00,0.6460000000000035,0.6470000000000035,0.6300000000000033,0.6350000000000033
2019-06-04 15:00:00,0.6350000000000033,0.6350000000000033,0.6200000000000033,0.6220000000000033
2019-06-05 15:00:00,0.6270000000000033,0.6330000000000033,0.6220000000000033,0.6240000000000033
2019-06-06 15:00:00,0.6270000000000033,0.6280000000000033,0.6060000000000032,0.6080000000000032
2019-06-10 15:00:00,0.6090000000000032,0.6180000000000033,0.6070000000000032,0.6160000000000033
2019-06-11 15:00:00,0.6160000000000033,0.6400000000000035,0.6150000000000033,0.6400000000000035
2019-06-12 15:00:00,0.6420000000000035,0.6430000000000035,0.6340000000000033,0.6350000000000033
2019-06-13 15:00:00,0.6320000000000033,0.6420000000000035,0.6320000000000033,0.6390000000000035
2019-06-14 15:00:00,0.6390000000000036,0.6420000000000036,0.6240000000000034,0.6250000000000034
2019-06-17 15:00:00,0.6270000000000034,0.6280000000000034,0.6210000000000034,0.6240000000000034
2019-06-18 15:00:00,0.6230000000000034,0.6270000000000034,0.6200000000000034,0.6240000000000034
2019-06-19 15:00:00,0.6400000000000035,0.6450000000000035,0.6320000000000033,0.6330000000000033
2019-06-20 15:00:00,0.6320000000000033,0.6480000000000035,0.6290000000000033,0.6440000000000035
2019-06-21 15:00:00,0.6680000000000036,0.6680000000000036,0.6470000000000035,0.6560000000000035
2019-06-24 15:00:00,0.6560000000000035,0.6580000000000036,0.6500000000000035,0.6540000000000035
2019-06-25 15:00:00,0.6540000000000034,0.6540000000000034,0.6400000000000032,0.6480000000000034
2019-06-26 15:00:00,0.6440000000000033,0.6530000000000034,0.6400000000000032,0.6480000000000034
2019-06-27 15:00:00,0.6480000000000034,0.6570000000000034,0.6480000000000034,0.6540000000000034
2019-06-28 15:00:00,0.6550000000000034,0.6550000000000034,0.6410000000000032,0.6440000000000033
2019-07-01 15:00:00,0.6560000000000034,0.6650000000000035,0.6530000000000034,0.6650000000000035
2019-07-02 15:00:00,0.6650000000000035,0.6670000000000035,0.6610000000000034,0.6650000000000035
2019-07-03 15:00:00,0.6610000000000034,0.6630000000000034,0.6560000000000034,0.6590000000000034
2019-07-04 15:00:00,0.6590000000000034,0.6620000000000034,0.6520000000000034,0.6560000000000034
2019-07-05 15:00:00,0.6560000000000034,0.6600000000000034,0.6530000000000034,0.6590000000000034
2019-07-08 15:00:00,0.6480000000000034,0.6570000000000034,0.6330000000000032,0.6360000000000032
2019-07-09 15:00:00,0.6350000000000032,0.6400000000000032,0.6330000000000032,0.6390000000000032
2019-07-10 15:00:00,0.6350000000000032,0.6410000000000032,0.6310000000000032,0.6340000000000032
2019-07-11 15:00:00,0.6350000000000032,0.6410000000000032,0.6300000000000032,0.6330000000000032
2019-07-12 15:00:00,0.6320000000000033,0.6370000000000035,0.6300000000000033,0.6350000000000033
2019-07-15 15:00:00,0.6320000000000032,0.6430000000000033,0.6260000000000032,0.6400000000000032
2019-07-16 15:00:00,0.6390000000000032,0.6440000000000033,0.6370000000000032,0.6430000000000033
2019-07-17 15:00:00,0.6410000000000035,0.6470000000000035,0.6400000000000035,0.6440000000000035
2019-07-18 15:00:00,0.6440000000000035,0.6440000000000035,0.6330000000000033,0.6340000000000033
2019-07-19 15:00:00,0.6340000000000033,0.6430000000000035,0.6340000000000033,0.6400000000000035
2019-07-22 15:00:00,0.6400000000000035,0.6430000000000035,0.6200000000000033,0.6250000000000033
2019-07-23 15:00:00,0.6260000000000033,0.6380000000000035,0.6260000000000033,0.6380000000000035
2019-07-24 15:00:00,0.6400000000000035,0.6510000000000035,0.6400000000000035,0.6450000000000035
2019-07-25 15:00:00,0.6450000000000035,0.6510000000000035,0.6450000000000035,0.6500000000000035
2019-07-26 15:00:00,0.6500000000000035,0.6510000000000035,0.6460000000000035,0.6510000000000035
2019-07-29 15:00:00,0.6480000000000035,0.6530000000000035,0.6470000000000035,0.6500000000000035
2019-07-30 15:00:00,0.6470000000000036,0.6570000000000037,0.6470000000000036,0.6530000000000037
2019-07-31 15:00:00,0.6510000000000037,0.6520000000000037,0.6470000000000036,0.6480000000000036
2019-08-01 15:00:00,0.6460000000000036,0.6500000000000037,0.6430000000000036,0.6450000000000036
2019-08-02 15:00:00,0.6350000000000036,0.6370000000000036,0.6290000000000034,0.6360000000000036
2019-08-05 15:00:00,0.6320000000000036,0.6400000000000036,0.6270000000000034,0.6270000000000034
2019-08-06 15:00:00,0.6230000000000034,0.6230000000000034,0.5980000000000033,0.6120000000000034
2019-08-07 15:00:00,0.6140000000000034,0.6180000000000034,0.6110000000000034,0.6110000000000034
2019-08-08 15:00:00,0.6130000000000032,0.6210000000000033,0.6130000000000032,0.6190000000000033
2019-08-09 15:00:00,0.6230000000000033,0.6260000000000033,0.6150000000000033,0.6160000000000033
2019-08-12 15:00:00,0.6170000000000033,0.6270000000000033,0.6140000000000032,0.6260000000000033
2019-08-13 15:00:00,0.6220000000000033,0.6260000000000033,0.6210000000000033,0.6240000000000033
2019-08-14 15:00:00,0.6280000000000033,0.6330000000000033,0.6280000000000033,0.6290000000000033
2019-08-15 15:00:00,0.6190000000000033,0.6320000000000033,0.6130000000000032,0.6310000000000033
2019-08-16 15:00:00,0.6290000000000033,0.6400000000000035,0.6290000000000033,0.6360000000000035
2019-08-19 15:00:00,0.6400000000000032,0.6570000000000034,0.6400000000000032,0.6570000000000034
2019-08-20 15:00:00,0.6570000000000034,0.6630000000000034,0.6540000000000034,0.6560000000000034
2019-08-21 15:00:00,0.6560000000000034,0.6590000000000034,0.6540000000000034,0.6570000000000034
2019-08-22 15:00:00,0.6570000000000034,0.6600000000000034,0.6530000000000034,0.6600000000000034
2019-08-23 15:00:00,0.6600000000000034,0.6620000000000034,0.6560000000000034,0.6580000000000034
2019-08-26 15:00:00,0.6460000000000033,0.6570000000000034,0.6450000000000033,0.6550000000000034
2019-08-27 15:00:00,0.6640000000000035,0.6700000000000035,0.6550000000000034,0.6680000000000035
2019-08-28 15:00:00,0.6670000000000035,0.6690000000000035,0.6610000000000034,0.6650000000000035
2019-08-29 15:00:00,0.6680000000000036,0.6700000000000036,0.6650000000000036,0.6660000000000036
2019-08-30 15:00:00,0.6670000000000036,0.6700000000000036,0.6540000000000035,0.6580000000000036
2019-09-02 15:00:00,0.6580000000000036,0.6750000000000036,0.6550000000000035,0.6740000000000036
2019-09-03 15:00:00,0.6730000000000036,0.6790000000000037,0.6730000000000036,0.6790000000000037
2019-09-04 15:00:00,0.6760000000000036,0.6860000000000037,0.6760000000000036,0.6860000000000037
2019-09-05 15:00:00,0.6900000000000036,0.7000000000000037,0.6830000000000037,0.6900000000000036
2019-09-06 15:00:00,0.6920000000000036,0.6960000000000036,0.6890000000000036,0.6940000000000036
2019-09-09 15:00:00,0.7020000000000037,0.7150000000000037,0.6970000000000036,0.7150000000000037
2019-09-10 15:00:00,0.7150000000000037,0.7170000000000037,0.7070000000000037,0.7150000000000037
2019-09-11 15:00:00,0.719000000000004,0.719000000000004,0.7060000000000038,0.7070000000000038
2019-09-12 15:00:00,0.7070000000000038,0.713000000000004,0.7040000000000038,0.712000000000004
2019-09-16 15:00:00,0.715000000000004,0.718000000000004,0.7080000000000038,0.713000000000004
2019-09-17 15:00:00,0.7120000000000037,0.7120000000000037,0.6940000000000036,0.6990000000000037
2019-09-18 15:00:00,0.6970000000000036,0.7000000000000037,0.6940000000000036,0.6970000000000036
2019-09-19 15:00:00,0.6960000000000036,0.7040000000000037,0.6930000000000036,0.7030000000000037
2019-09-20 15:00:00,0.7050000000000037,0.7070000000000037,0.7010000000000037,0.7040000000000037
2019-09-23 15:00:00,0.7050000000000037,0.7050000000000037,0.6920000000000036,0.7000000000000037
2019-09-24 15:00:00,0.6980000000000037,0.7070000000000037,0.6970000000000036,0.7010000000000037
2019-09-25 15:00:00,0.7000000000000035,0.7000000000000035,0.6870000000000036,0.6880000000000035
2019-09-26 15:00:00,0.6900000000000035,0.6900000000000035,0.6660000000000035,0.6660000000000035
2019-09-27 15:00:00,0.6670000000000035,0.6750000000000035,0.6660000000000035,0.6720000000000035
2019-09-30 15:00:00,0.6740000000000035,0.6740000000000035,0.6630000000000034,0.6630000000000034
2019-10-08 15:00:00,0.6640000000000035,0.6710000000000035,0.6640000000000035,0.6650000000000035
2019-10-09 15:00:00,0.6650000000000033,0.6720000000000034,0.6600000000000033,0.6710000000000034
2019-10-10 15:00:00,0.6710000000000034,0.6820000000000034,0.6680000000000033,0.6810000000000034
2019-10-11 15:00:00,0.6840000000000034,0.6850000000000034,0.6760000000000034,0.6820000000000034
2019-10-14 15:00:00,0.6880000000000033,0.6940000000000034,0.6860000000000034,0.6920000000000033
2019-10-15 15:00:00,0.6900000000000033,0.6900000000000033,0.6810000000000034,0.6830000000000034
2019-10-16 15:00:00,0.6840000000000034,0.6860000000000034,0.6780000000000034,0.6780000000000034
2019-10-17 15:00:00,0.6790000000000034,0.6810000000000034,0.6760000000000034,0.6780000000000034
2019-10-18 15:00:00,0.6800000000000034,0.6850000000000034,0.6670000000000033,0.6700000000000033
2019-10-21 15:00:00,0.6720000000000034,0.6750000000000034,0.6600000000000033,0.6660000000000033
2019-10-22 15:00:00,0.6660000000000033,0.6750000000000034,0.6660000000000033,0.6740000000000034
2019-10-23 15:00:00,0.6750000000000034,0.6750000000000034,0.6670000000000033,0.6690000000000033
2019-10-24 15:00:00,0.6690000000000033,0.6700000000000033,0.6630000000000033,0.6680000000000033
2019-10-25 15:00:00,0.6680000000000033,0.6750000000000034,0.6630000000000033,0.6730000000000034
2019-10-28 15:00:00,0.6800000000000034,0.6910000000000033,0.6800000000000034,0.6910000000000033
2019-10-29 15:00:00,0.6950000000000034,0.6950000000000034,0.6820000000000034,0.6830000000000034
2019-10-30 15:00:00,0.6810000000000033,0.6810000000000033,0.6740000000000032,0.6770000000000032
2019-10-31 15:00:00,0.6770000000000032,0.6770000000000032,0.6680000000000031,0.6690000000000031
2019-11-01 15:00:00,0.6680000000000031,0.6760000000000032,0.6650000000000031,0.6750000000000032
2019-11-04 15:00:00,0.6750000000000032,0.6830000000000033,0.6750000000000032,0.6790000000000033
2019-11-05 15:00:00,0.6790000000000033,0.6830000000000033,0.6750000000000032,0.6820000000000033
2019-11-06 15:00:00,0.6820000000000033,0.6820000000000033,0.6720000000000032,0.6750000000000032
2019-11-07 15:00:00,0.6750000000000032,0.6810000000000033,0.6730000000000032,0.6790000000000033
2019-11-08 15:00:00,0.6840000000000033,0.6850000000000033,0.6770000000000032,0.6790000000000033
2019-11-11 15:00:00,0.678000000000003,0.678000000000003,0.6590000000000029,0.6610000000000029
2019-11-12 15:00:00,0.664000000000003,0.664000000000003,0.6530000000000029,0.6620000000000029
2019-11-13 15:00:00,0.667000000000003,0.667000000000003,0.6570000000000029,0.6600000000000029
2019-11-14 15:00:00,0.6600000000000031,0.6660000000000031,0.6590000000000031,0.6630000000000031
2019-11-15 15:00:00,0.6640000000000031,0.6650000000000031,0.6560000000000031,0.6570000000000031
2019-11-18 15:00:00,0.6550000000000031,0.6620000000000031,0.653000000000003,0.6610000000000031
2019-11-19 15:00:00,0.6620000000000031,0.6760000000000032,0.6620000000000031,0.6750000000000032
2019-11-20 15:00:00,0.675000000000003,0.676000000000003,0.669000000000003,0.669000000000003
2019-11-21 15:00:00,0.6690000000000031,0.6740000000000032,0.6650000000000031,0.6700000000000031
2019-11-22 15:00:00,0.6680000000000031,0.6770000000000032,0.6580000000000031,0.6620000000000031
2019-11-25 15:00:00,0.6610000000000031,0.6610000000000031,0.652000000000003,0.6570000000000031
2019-11-26 15:00:00,0.6560000000000031,0.6610000000000031,0.6550000000000031,0.6570000000000031
2019-11-27 15:00:00,0.6570000000000031,0.6600000000000031,0.653000000000003,0.6580000000000031
2019-11-28 15:00:00,0.6580000000000031,0.6600000000000031,0.6550000000000031,0.6560000000000031
2019-11-29 15:00:00,0.6560000000000031,0.6570000000000031,0.650000000000003,0.6550000000000031
2019-12-02 15:00:00,0.6560000000000031,0.6600000000000031,0.6550000000000031,0.6570000000000031
2019-12-03 15:00:00,0.6560000000000031,0.6610000000000031,0.651000000000003,0.6610000000000031
2019-12-04 15:00:00,0.6600000000000031,0.6630000000000031,0.6560000000000031,0.6620000000000031
2019-12-05 15:00:00,0.6640000000000031,0.6710000000000031,0.6620000000000031,0.6680000000000031
2019-12-06 15:00:00,0.6690000000000031,0.6740000000000032,0.6680000000000031,0.6740000000000032
2019-12-09 15:00:00,0.6750000000000032,0.6770000000000032,0.6730000000000032,0.6740000000000032
2019-12-10 15:00:00,0.6740000000000032,0.6800000000000033,0.6710000000000031,0.6780000000000032
2019-12-11 15:00:00,0.6800000000000033,0.6800000000000033,0.6760000000000032,0.6760000000000032
2019-12-12 15:00:00,0.6770000000000032,0.6810000000000033,0.6760000000000032,0.6760000000000032
2019-12-13 15:00:00,0.6810000000000033,0.6870000000000033,0.6800000000000033,0.6870000000000033
2019-12-16 15:00:00,0.6890000000000032,0.7000000000000032,0.6870000000000033,0.6990000000000032
2019-12-17 15:00:00,0.7010000000000032,0.7100000000000033,0.6990000000000032,0.7070000000000033
2019-12-18 15:00:00,0.7060000000000033,0.7130000000000033,0.7040000000000033,0.7070000000000033
2019-12-19 15:00:00,0.7080000000000034,0.7130000000000034,0.7070000000000034,0.7130000000000034
2019-12-20 15:00:00,0.7110000000000033,0.7130000000000033,0.7030000000000033,0.7030000000000033
2019-12-23 15:00:00,0.7030000000000034,0.7030000000000034,0.6860000000000034,0.6860000000000034
2019-12-24 15:00:00,0.6870000000000033,0.7000000000000032,0.6870000000000033,0.7000000000000032
2019-12-25 15:00:00,0.6970000000000032,0.7050000000000033,0.6970000000000032,0.7050000000000033
2019-12-26 15:00:00,0.7050000000000033,0.7110000000000033,0.7030000000000033,0.7110000000000033
2019-12-27 15:00:00,0.7100000000000033,0.7140000000000033,0.7030000000000033,0.7050000000000033
2019-12-30 15:00:00,0.7050000000000033,0.7100000000000033,0.6930000000000032,0.7100000000000033
2019-12-31 15:00:00,0.7090000000000033,0.7150000000000033,0.7050000000000033,0.7140000000000033
2020-01-02 15:00:00,0.7210000000000033,0.7290000000000034,0.7160000000000033,0.7280000000000034
2020-01-03 15:00:00,0.7300000000000034,0.7320000000000034,0.7260000000000033,0.7310000000000034
2020-01-06 15:00:00,0.7280000000000034,0.7440000000000034,0.7250000000000033,0.7380000000000034
2020-01-07 15:00:00,0.7360000000000034,0.7500000000000036,0.7360000000000034,0.7500000000000036
2020-01-08 15:00:00,0.7450000000000037,0.7520000000000037,0.7370000000000035,0.7410000000000037
2020-01-09 15:00:00,0.7460000000000034,0.7520000000000036,0.7450000000000034,0.7510000000000036
2020-01-10 15:00:00,0.7520000000000036,0.7540000000000036,0.7460000000000034,0.7500000000000036
2020-01-13 15:00:00,0.7500000000000037,0.7600000000000037,0.7450000000000037,0.7600000000000037
2020-01-14 15:00:00,0.7620000000000038,0.7630000000000038,0.7570000000000037,0.7580000000000037
2020-01-15 15:00:00,0.7580000000000037,0.7600000000000037,0.7440000000000037,0.7570000000000037
2020-01-16 15:00:00,0.7590000000000037,0.7610000000000037,0.7560000000000037,0.7580000000000037
2020-01-17 15:00:00,0.7580000000000037,0.7610000000000037,0.7530000000000037,0.7540000000000037
2020-01-20 15:00:00,0.7540000000000037,0.7650000000000038,0.7530000000000037,0.7650000000000038
2020-01-21 15:00:00,0.7650000000000038,0.7650000000000038,0.7570000000000037,0.7570000000000037
2020-01-22 15:00:00,0.7540000000000036,0.7640000000000036,0.7430000000000034,0.7620000000000036
2020-01-23 15:00:00,0.7590000000000036,0.7590000000000036,0.7260000000000033,0.7350000000000034
2020-02-03 15:00:00,0.6680000000000031,0.6850000000000033,0.6620000000000031,0.6620000000000031
2020-02-04 15:00:00,0.6580000000000031,0.6950000000000032,0.6580000000000031,0.6710000000000031
2020-02-05 15:00:00,0.6700000000000031,0.7000000000000032,0.6700000000000031,0.6940000000000032
2020-02-06 15:00:00,0.6950000000000031,0.7160000000000032,0.687000000000003,0.7130000000000032
2020-02-07 15:00:00,0.7080000000000031,0.7220000000000032,0.7080000000000031,0.7200000000000032
2020-02-10 15:00:00,0.7140000000000032,0.7320000000000032,0.7140000000000032,0.7300000000000032
2020-02-11 15:00:00,0.7300000000000032,0.7310000000000032,0.7220000000000032,0.7280000000000032
2020-02-12 15:00:00,0.7270000000000031,0.7450000000000031,0.7240000000000031,0.7450000000000031
2020-02-13 15:00:00,0.7410000000000033,0.7480000000000033,0.7380000000000033,0.7410000000000033
2020-02-14 15:00:00,0.7400000000000031,0.7510000000000032,0.7350000000000031,0.7440000000000031
2020-02-17 15:00:00,0.7450000000000031,0.7730000000000032,0.7450000000000031,0.7720000000000032
2020-02-18 15:00:00,0.7740000000000035,0.7920000000000036,0.7720000000000035,0.7920000000000036
2020-02-19 15:00:00,0.7920000000000036,0.7950000000000036,0.7820000000000035,0.7860000000000035
2020-02-20 15:00:00,0.7850000000000035,0.7990000000000036,0.7770000000000035,0.7980000000000036
2020-02-21 15:00:00,0.7970000000000036,0.8180000000000036,0.7960000000000036,0.8160000000000036
2020-02-24 15:00:00,0.8130000000000036,0.8370000000000036,0.8120000000000036,0.8320000000000036
2020-02-25 15:00:00,0.8180000000000036,0.8380000000000037,0.7940000000000036,0.8360000000000036
2020-02-26 15:00:00,0.8160000000000036,0.8320000000000036,0.8060000000000036,0.8090000000000036
2020-02-27 15:00:00,0.8120000000000036,0.8200000000000036,0.7980000000000036,0.8090000000000036
2020-02-28 15:00:00,0.7890000000000036,0.7910000000000036,0.7580000000000033,0.7590000000000033
2020-03-02 15:00:00,0.7640000000000035,0.8010000000000036,0.7610000000000033,0.8000000000000036
2020-03-03 15:00:00,0.8150000000000036,0.8240000000000036,0.7980000000000036,0.8060000000000036
2020-03-04 15:00:00,0.7970000000000036,0.8120000000000036,0.7920000000000036,0.8100000000000036
2020-03-05 15:00:00,0.8210000000000037,0.8250000000000038,0.8140000000000037,0.8240000000000038
2020-03-06 15:00:00,0.8150000000000036,0.8250000000000036,0.8120000000000036,0.8190000000000036
2020-03-09 15:00:00,0.8040000000000036,0.8080000000000036,0.7850000000000035,0.7860000000000035
2020-03-10 15:00:00,0.7800000000000035,0.8070000000000036,0.7640000000000035,0.8070000000000036
2020-03-11 15:00:00,0.8090000000000038,0.8150000000000037,0.7950000000000037,0.7960000000000037
2020-03-12 15:00:00,0.7880000000000037,0.8000000000000038,0.7700000000000036,0.7780000000000037
2020-03-13 15:00:00,0.7580000000000036,0.7810000000000037,0.7390000000000034,0.7730000000000036
2020-03-16 15:00:00,0.7760000000000037,0.7790000000000037,0.7330000000000034,0.7350000000000034
2020-03-17 15:00:00,0.7420000000000034,0.7460000000000034,0.7100000000000033,0.7340000000000034
2020-03-18 15:00:00,0.7360000000000034,0.7520000000000036,0.7220000000000033,0.7230000000000033
2020-03-19 15:00:00,0.7170000000000033,0.7340000000000034,0.7090000000000033,0.7300000000000034
2020-03-20 15:00:00,0.7360000000000034,0.7400000000000034,0.7250000000000033,0.7400000000000034
2020-03-23 15:00:00,0.7200000000000033,0.7260000000000033,0.7020000000000032,0.7070000000000033
2020-03-24 15:00:00,0.7180000000000033,0.7270000000000034,0.6970000000000032,0.7180000000000033
2020-03-25 15:00:00,0.7310000000000034,0.7360000000000034,0.7220000000000033,0.7350000000000034
2020-03-26 15:00:00,0.7250000000000033,0.7370000000000034,0.7250000000000033,0.7290000000000034
2020-03-27 15:00:00,0.7360000000000034,0.7370000000000034,0.7220000000000033,0.7250000000000033
2020-03-30 15:00:00,0.7200000000000033,0.7210000000000033,0.6980000000000032,0.7050000000000033
2020-03-31 15:00:00,0.7130000000000033,0.7130000000000033,0.7040000000000033,0.7050000000000033
2020-04-01 15:00:00,0.7050000000000033,0.7140000000000033,0.7020000000000032,0.7030000000000033
2020-04-02 15:00:00,0.6990000000000032,0.7210000000000033,0.6990000000000032,0.7210000000000033
2020-04-03 15:00:00,0.7210000000000035,0.7230000000000035,0.7120000000000034,0.7160000000000035
2020-04-07 15:00:00,0.7280000000000035,0.7420000000000037,0.7270000000000035,0.7420000000000037
2020-04-08 15:00:00,0.7400000000000038,0.7470000000000038,0.7360000000000038,0.7430000000000038
2020-04-09 15:00:00,0.7450000000000038,0.7550000000000039,0.7450000000000038,0.7520000000000039
2020-04-10 15:00:00,0.754000000000004,0.754000000000004,0.7320000000000039,0.740000000000004
2020-04-13 15:00:00,0.7330000000000038,0.7330000000000038,0.7230000000000036,0.7270000000000036
2020-04-14 15:00:00,0.7280000000000039,0.741000000000004,0.7280000000000039,0.741000000000004
2020-04-15 15:00:00,0.741000000000004,0.745000000000004,0.7350000000000039,0.7350000000000039
2020-04-16 15:00:00,0.7350000000000039,0.745000000000004,0.7310000000000039,0.743000000000004
2020-04-17 15:00:00,0.746000000000004,0.750000000000004,0.742000000000004,0.744000000000004
2020-04-20 15:00:00,0.7450000000000038,0.7580000000000039,0.7450000000000038,0.7580000000000039
2020-04-21 15:00:00,0.7510000000000039,0.7550000000000039,0.7450000000000038,0.7520000000000039
2020-04-22 15:00:00,0.749000000000004,0.760000000000004,0.744000000000004,0.759000000000004
2020-04-23 15:00:00,0.760000000000004,0.7620000000000041,0.754000000000004,0.755000000000004
2020-04-24 15:00:00,0.755000000000004,0.755000000000004,0.7370000000000039,0.743000000000004
2020-04-27 15:00:00,0.742000000000004,0.743000000000004,0.7340000000000039,0.7370000000000039
2020-04-28 15:00:00,0.7370000000000038,0.7380000000000038,0.7050000000000035,0.7270000000000036
2020-04-29 15:00:00,0.7260000000000036,0.7320000000000038,0.7210000000000036,0.7270000000000036
2020-04-30 15:00:00,0.7280000000000036,0.7460000000000038,0.7280000000000036,0.7450000000000038
2020-05-06 15:00:00,0.7370000000000038,0.7600000000000039,0.7370000000000038,0.7590000000000039
2020-05-07 15:00:00,0.7530000000000039,0.7640000000000039,0.7530000000000039,0.7580000000000039
2020-05-08 15:00:00,0.7600000000000039,0.7710000000000039,0.7600000000000039,0.7680000000000039
2020-05-11 15:00:00,0.7690000000000039,0.774000000000004,0.7620000000000039,0.7660000000000039
2020-05-12 15:00:00,0.7660000000000039,0.7680000000000039,0.7570000000000039,0.7680000000000039
2020-05-13 15:00:00,0.7660000000000039,0.775000000000004,0.7630000000000039,0.774000000000004
2020-05-14 15:00:00,0.774000000000004,0.775000000000004,0.7670000000000039,0.7680000000000039
2020-05-15 15:00:00,0.7690000000000039,0.776000000000004,0.7670000000000039,0.772000000000004
2020-05-18 15:00:00,0.772000000000004,0.775000000000004,0.7650000000000039,0.7670000000000039
2020-05-19 15:00:00,0.7700000000000039,0.779000000000004,0.7700000000000039,0.779000000000004
2020-05-20 15:00:00,0.779000000000004,0.779000000000004,0.7680000000000039,0.773000000000004
2020-05-21 15:00:00,0.773000000000004,0.773000000000004,0.7580000000000039,0.7600000000000039
2020-05-22 15:00:00,0.7600000000000039,0.7600000000000039,0.7430000000000038,0.7460000000000038
2020-05-25 15:00:00,0.7450000000000038,0.7480000000000038,0.7410000000000038,0.7460000000000038
2020-05-26 15:00:00,0.7470000000000038,0.7630000000000039,0.7460000000000038,0.7630000000000039
2020-05-27 15:00:00,0.7630000000000039,0.7640000000000039,0.7550000000000039,0.7580000000000039
2020-05-28 15:00:00,0.7570000000000039,0.7600000000000039,0.7460000000000038,0.7560000000000039
2020-05-29 15:00:00,0.7520000000000039,0.7680000000000039,0.7500000000000038,0.7650000000000039
2020-06-01 15:00:00,0.7660000000000039,0.790000000000004,0.7610000000000039,0.790000000000004
2020-06-02 15:00:00,0.791000000000004,0.7940000000000041,0.786000000000004,0.789000000000004
2020-06-03 15:00:00,0.7950000000000041,0.7950000000000041,0.788000000000004,0.788000000000004
2020-06-04 15:00:00,0.789000000000004,0.7940000000000041,0.787000000000004,0.793000000000004
2020-06-05 15:00:00,0.793000000000004,0.7940000000000041,0.784000000000004,0.792000000000004
2020-06-08 15:00:00,0.7950000000000041,0.7980000000000042,0.790000000000004,0.792000000000004
2020-06-09 15:00:00,0.792000000000004,0.7970000000000041,0.789000000000004,0.7970000000000041
2020-06-10 15:00:00,0.7950000000000041,0.7960000000000041,0.790000000000004,0.7960000000000041
2020-06-11 15:00:00,0.7960000000000041,0.8050000000000042,0.790000000000004,0.7940000000000041
2020-06-12 15:00:00,0.784000000000004,0.7970000000000041,0.778000000000004,0.7950000000000041
2020-06-15 15:00:00,0.7950000000000041,0.8050000000000042,0.793000000000004,0.7950000000000041
2020-06-16 15:00:00,0.7970000000000041,0.8110000000000042,0.7970000000000041,0.8110000000000042
2020-06-17 15:00:00,0.8100000000000042,0.815000000000004,0.8070000000000042,0.814000000000004
2020-06-18 15:00:00,0.814000000000004,0.814000000000004,0.8090000000000042,0.8120000000000042
2020-06-19 15:00:00,0.8120000000000042,0.8200000000000042,0.8110000000000042,0.8190000000000042
2020-06-22 15:00:00,0.8210000000000042,0.8250000000000042,0.8200000000000042,0.8230000000000042
2020-06-23 15:00:00,0.8250000000000042,0.8250000000000042,0.8190000000000042,0.8250000000000042
2020-06-24 15:00:00,0.8250000000000042,0.8270000000000042,0.8190000000000042,0.8220000000000042
2020-06-29 15:00:00,0.8230000000000042,0.8230000000000042,0.8160000000000042,0.8210000000000042
2020-06-30 15:00:00,0.8210000000000042,0.8350000000000042,0.8210000000000042,0.8330000000000042
2020-07-01 15:00:00,0.8350000000000042,0.8400000000000043,0.8280000000000042,0.8380000000000043
2020-07-02 15:00:00,0.8380000000000041,0.8480000000000041,0.8350000000000041,0.8480000000000041
2020-07-03 15:00:00,0.8490000000000041,0.8590000000000042,0.8450000000000041,0.8590000000000042
2020-07-06 15:00:00,0.8680000000000042,0.9000000000000045,0.8630000000000042,0.8950000000000043
2020-07-07 15:00:00,0.9050000000000045,0.9200000000000045,0.8960000000000043,0.9060000000000045
2020-07-08 15:00:00,0.8980000000000045,0.9260000000000046,0.8980000000000045,0.9240000000000046
2020-07-09 15:00:00,0.9280000000000046,0.9570000000000046,0.9250000000000046,0.9560000000000046
2020-07-10 15:00:00,0.9490000000000048,0.9640000000000049,0.9460000000000048,0.9530000000000048
2020-07-13 15:00:00,0.9450000000000047,1.000000000000005,0.9450000000000047,0.9990000000000051
2020-07-14 15:00:00,0.9950000000000049,0.9960000000000049,0.9610000000000046,0.9840000000000048
2020-07-15 15:00:00,0.973000000000005,0.9960000000000051,0.9440000000000047,0.9510000000000048
2020-07-16 15:00:00,0.9470000000000048,0.9590000000000048,0.9000000000000046,0.9040000000000047
2020-07-17 15:00:00,0.9040000000000047,0.9250000000000048,0.8950000000000046,0.9090000000000047
2020-07-20 15:00:00,0.9150000000000047,0.9390000000000047,0.9080000000000047,0.9390000000000047
2020-07-21 15:00:00,0.9410000000000047,0.9500000000000048,0.9370000000000048,0.9460000000000048
2020-07-22 15:00:00,0.9460000000000048,0.9640000000000049,0.9420000000000047,0.9560000000000048
2020-07-23 15:00:00,0.9460000000000048,0.9570000000000048,0.9290000000000048,0.9550000000000048
2020-07-24 15:00:00,0.9500000000000048,0.9590000000000048,0.9070000000000047,0.9100000000000047
2020-07-27 15:00:00,0.9060000000000047,0.9180000000000047,0.9010000000000046,0.9110000000000047
2020-07-28 15:00:00,0.9150000000000047,0.9250000000000048,0.9130000000000047,0.9210000000000047
2020-07-29 15:00:00,0.9200000000000047,0.9510000000000048,0.9160000000000047,0.9500000000000048
2020-07-30 15:00:00,0.9520000000000048,0.9550000000000048,0.9430000000000047,0.9470000000000048
2020-07-31 15:00:00,0.9470000000000048,0.9640000000000049,0.9390000000000047,0.9630000000000049
2020-08-03 15:00:00,0.968000000000005,0.9960000000000051,0.968000000000005,0.9950000000000051
2020-08-04 15:00:00,1.000000000000005,1.0060000000000051,0.983000000000005,0.9900000000000051
2020-08-05 15:00:00,0.9880000000000052,1.0000000000000053,0.9790000000000052,0.9980000000000053
2020-08-06 15:00:00,1.0060000000000051,1.0060000000000051,0.982000000000005,1.004000000000005
2020-08-07 15:00:00,1.000000000000005,1.000000000000005,0.970000000000005,0.988000000000005
2020-08-10 15:00:00,0.9830000000000052,0.9990000000000053,0.9800000000000052,0.9930000000000053
2020-08-11 15:00:00,0.9930000000000053,0.9950000000000053,0.9680000000000051,0.9700000000000052
2020-08-12 15:00:00,0.9700000000000052,0.9700000000000052,0.931000000000005,0.9540000000000051
2020-08-13 15:00:00,0.9540000000000051,0.9640000000000051,0.9540000000000051,0.9580000000000051
2020-08-14 15:00:00,0.9590000000000051,0.9720000000000052,0.9510000000000051,0.9720000000000052
2020-08-17 15:00:00,0.9720000000000054,0.9950000000000055,0.9710000000000054,0.9930000000000055
2020-08-18 15:00:00,0.9960000000000055,1.0030000000000054,0.9920000000000055,1.0030000000000054
2020-08-19 15:00:00,1.0020000000000056,1.0020000000000056,0.9800000000000054,0.9840000000000054
2020-08-20 15:00:00,0.9830000000000054,0.9830000000000054,0.9650000000000053,0.9690000000000053
2020-08-21 15:00:00,0.9720000000000054,0.9830000000000054,0.9700000000000053,0.9780000000000054
2020-08-24 15:00:00,0.9800000000000054,0.9930000000000055,0.9700000000000053,0.9890000000000054
2020-08-25 15:00:00,0.9930000000000055,0.9980000000000055,0.9860000000000054,0.9900000000000054
2020-08-26 15:00:00,0.9890000000000054,0.9890000000000054,0.9610000000000053,0.9640000000000053
2020-08-27 15:00:00,0.9680000000000053,0.9780000000000054,0.9600000000000053,0.9770000000000054
2020-08-28 15:00:00,0.9740000000000054,0.9910000000000055,0.9710000000000054,0.9910000000000055
2020-08-31 15:00:00,0.9960000000000055,1.0030000000000054,0.9910000000000055,0.9910000000000055
2020-09-01 15:00:00,0.9930000000000053,0.9970000000000053,0.9860000000000052,0.9970000000000053
2020-09-02 15:00:00,0.9980000000000053,1.0040000000000053,0.9900000000000053,1.0010000000000052
2020-09-03 15:00:00,1.0010000000000052,1.0020000000000053,0.9860000000000052,0.9900000000000053
2020-09-04 15:00:00,0.9820000000000052,0.9900000000000053,0.9730000000000052,0.9900000000000053
2020-09-07 15:00:00,0.9880000000000052,0.9970000000000053,0.9680000000000051,0.9710000000000052
2020-09-08 15:00:00,0.9700000000000052,0.9800000000000052,0.9630000000000051,0.9800000000000052
2020-09-09 15:00:00,0.9750000000000052,0.9750000000000052,0.946000000000005,0.9480000000000051
2020-09-10 15:00:00,0.9530000000000051,0.9550000000000051,0.9120000000000049,0.9170000000000049
2020-09-11 15:00:00,0.9120000000000049,0.932000000000005,0.9110000000000049,0.931000000000005
2020-09-14 15:00:00,0.934000000000005,0.9490000000000051,0.931000000000005,0.943000000000005
2020-09-15 15:00:00,0.944000000000005,0.9510000000000051,0.9410000000000049,0.9500000000000051
2020-09-16 15:00:00,0.9500000000000051,0.9500000000000051,0.936000000000005,0.942000000000005
2020-09-17 15:00:00,0.942000000000005,0.9540000000000051,0.934000000000005,0.947000000000005
2020-09-18 15:00:00,0.9480000000000051,0.9630000000000051,0.946000000000005,0.9630000000000051
2020-09-21 15:00:00,0.9630000000000051,0.9680000000000051,0.9600000000000051,0.9630000000000051
2020-09-22 15:00:00,0.9570000000000053,0.9620000000000053,0.9420000000000052,0.9440000000000052
2020-09-23 15:00:00,0.9460000000000052,0.9560000000000053,0.9400000000000052,0.9540000000000053
2020-09-24 15:00:00,0.9490000000000052,0.9490000000000052,0.9270000000000052,0.9290000000000052
2020-09-25 15:00:00,0.9300000000000053,0.9470000000000052,0.9180000000000051,0.9240000000000052
2020-09-28 15:00:00,0.9220000000000051,0.9250000000000052,0.9110000000000051,0.9130000000000051
2020-09-29 15:00:00,0.9120000000000051,0.9260000000000052,0.9120000000000051,0.9220000000000051
2020-09-30 15:00:00,0.9220000000000054,0.9260000000000054,0.9120000000000053,0.9170000000000054
2020-10-09 15:00:00,0.9260000000000052,0.9470000000000052,0.9260000000000052,0.9440000000000052
2020-10-12 15:00:00,0.9450000000000052,0.9780000000000054,0.9450000000000052,0.9770000000000054
2020-10-13 15:00:00,0.9780000000000054,0.9820000000000054,0.9690000000000053,0.9810000000000054
2020-10-14 15:00:00,0.9810000000000054,0.9810000000000054,0.9690000000000053,0.9710000000000054
2020-10-15 15:00:00,0.9710000000000054,0.9730000000000054,0.9630000000000053,0.9630000000000053
2020-10-16 15:00:00,0.9640000000000053,0.9720000000000054,0.9510000000000053,0.9610000000000053
2020-10-19 15:00:00,0.9640000000000053,0.9670000000000053,0.9510000000000053,0.9540000000000053
2020-10-20 15:00:00,0.9540000000000053,0.9650000000000053,0.9450000000000052,0.9650000000000053
2020-10-21 15:00:00,0.9650000000000053,0.9660000000000053,0.9450000000000052,0.9510000000000053
2020-10-22 15:00:00,0.9520000000000053,0.9520000000000053,0.9350000000000053,0.9450000000000052
2020-10-23 15:00:00,0.9450000000000052,0.9500000000000052,0.9230000000000051,0.9280000000000052
2020-10-26 15:00:00,0.9280000000000052,0.9300000000000053,0.9110000000000051,0.9270000000000052
2020-10-27 15:00:00,0.9220000000000051,0.9340000000000053,0.9220000000000051,0.9340000000000053
2020-10-28 15:00:00,0.9340000000000053,0.9350000000000053,0.9170000000000051,0.9330000000000053
2020-10-29 15:00:00,0.9160000000000054,0.9360000000000055,0.9150000000000054,0.9340000000000055
2020-10-30 15:00:00,0.9350000000000055,0.9360000000000055,0.9090000000000052,0.9100000000000052
2020-11-02 15:00:00,0.9200000000000054,0.9200000000000054,0.9030000000000052,0.9100000000000052
2020-11-03 15:00:00,0.9110000000000051,0.9310000000000053,0.9110000000000051,0.9300000000000053
2020-11-04 15:00:00,0.9330000000000053,0.9340000000000053,0.9190000000000051,0.9250000000000052
2020-11-05 15:00:00,0.9300000000000053,0.9450000000000052,0.9300000000000053,0.9430000000000052
2020-11-06 15:00:00,0.9410000000000052,0.9460000000000052,0.9280000000000052,0.9350000000000053
2020-11-09 15:00:00,0.9390000000000052,0.9620000000000053,0.9390000000000052,0.9580000000000053
2020-11-10 15:00:00,0.9620000000000051,0.9620000000000051,0.943000000000005,0.9480000000000051
2020-11-11 15:00:00,0.9490000000000051,0.9490000000000051,0.932000000000005,0.932000000000005
2020-11-12 15:00:00,0.931000000000005,0.9400000000000049,0.931000000000005,0.935000000000005
2020-11-13 15:00:00,0.9340000000000053,0.9400000000000052,0.9280000000000052,0.9370000000000053
2020-11-16 15:00:00,0.9380000000000052,0.9490000000000052,0.9350000000000053,0.9490000000000052
2020-11-17 15:00:00,0.9460000000000052,0.9470000000000052,0.9310000000000053,0.9370000000000053
2020-11-18 15:00:00,0.9380000000000052,0.9440000000000052,0.9340000000000053,0.9390000000000052
2020-11-19 15:00:00,0.9340000000000053,0.9450000000000052,0.9310000000000053,0.9440000000000052
2020-11-20 15:00:00,0.9440000000000052,0.9530000000000053,0.9400000000000052,0.9510000000000053
2020-11-23 15:00:00,0.9510000000000053,0.9610000000000053,0.9460000000000052,0.9590000000000053
2020-11-24 15:00:00,0.9590000000000053,0.9590000000000053,0.9540000000000053,0.9550000000000053
2020-11-25 15:00:00,0.9560000000000053,0.9580000000000053,0.9400000000000052,0.9400000000000052
2020-11-26 15:00:00,0.9400000000000052,0.9420000000000052,0.9280000000000052,0.9330000000000053
2020-11-27 15:00:00,0.9340000000000053,0.9360000000000053,0.9250000000000052,0.9360000000000053
2020-11-30 15:00:00,0.9350000000000053,0.9390000000000052,0.9260000000000052,0.9310000000000053
2020-12-01 15:00:00,0.9310000000000053,0.9450000000000052,0.9260000000000052,0.9450000000000052
2020-12-02 15:00:00,0.9450000000000052,0.9480000000000052,0.9410000000000052,0.9460000000000052
2020-12-03 15:00:00,0.9430000000000052,0.9480000000000052,0.9380000000000052,0.9440000000000052
2020-12-04 15:00:00,0.9430000000000052,0.9530000000000053,0.9400000000000052,0.9520000000000053
2020-12-07 15:00:00,0.9540000000000053,0.9540000000000053,0.9470000000000052,0.9490000000000052
2020-12-08 15:00:00,0.9500000000000052,0.9510000000000053,0.9460000000000052,0.9470000000000052
2020-12-09 15:00:00,0.9470000000000052,0.9470000000000052,0.9290000000000052,0.9310000000000053
2020-12-10 15:00:00,0.9310000000000053,0.9360000000000053,0.9240000000000052,0.9310000000000053
2020-12-11 15:00:00,0.9300000000000053,0.9330000000000053,0.909000000000005,0.9180000000000051
2020-12-14 15:00:00,0.9160000000000051,0.9280000000000052,0.9100000000000051,0.9260000000000052
2020-12-15 15:00:00,0.9250000000000052,0.9300000000000053,0.9230000000000051,0.9290000000000052
2020-12-16 15:00:00,0.9260000000000049,0.929000000000005,0.9200000000000049,0.9200000000000049
2020-12-17 15:00:00,0.9200000000000051,0.9320000000000053,0.9120000000000051,0.9300000000000053
2020-12-18 15:00:00,0.9290000000000052,0.9340000000000053,0.9250000000000052,0.9280000000000052
2020-12-21 15:00:00,0.9280000000000052,0.9450000000000052,0.9260000000000052,0.9440000000000052
2020-12-22 15:00:00,0.9440000000000052,0.9440000000000052,0.9250000000000052,0.9260000000000052
2020-12-23 15:00:00,0.9400000000000052,0.9400000000000052,0.9240000000000052,0.9320000000000053
2020-12-24 15:00:00,0.9320000000000053,0.9320000000000053,0.9170000000000051,0.9210000000000051
2020-12-25 15:00:00,0.9220000000000051,0.9290000000000052,0.9130000000000051,0.9250000000000052
2020-12-28 15:00:00,0.9230000000000051,0.9260000000000052,0.9150000000000051,0.9220000000000051
2020-12-29 15:00:00,0.9210000000000051,0.9270000000000052,0.9150000000000051,0.9170000000000051
2020-12-30 15:00:00,0.9160000000000051,0.9220000000000051,0.9110000000000051,0.9190000000000051
2020-12-31 15:00:00,0.9240000000000054,0.9390000000000054,0.9210000000000054,0.9380000000000054
2021-01-04 15:00:00,0.9400000000000052,0.9590000000000053,0.9380000000000052,0.9560000000000053
2021-01-05 15:00:00,0.9540000000000053,0.9610000000000053,0.9470000000000052,0.9580000000000053
2021-01-06 15:00:00,0.9530000000000053,0.9600000000000053,0.9410000000000052,0.9480000000000052
2021-01-07 15:00:00,0.9480000000000052,0.9480000000000052,0.9240000000000052,0.9330000000000053
2021-01-08 15:00:00,0.9320000000000053,0.9400000000000052,0.9210000000000051,0.9280000000000052
2021-01-11 15:00:00,0.9220000000000051,0.9290000000000052,0.908000000000005,0.9120000000000051
2021-01-12 15:00:00,0.9120000000000053,0.9310000000000054,0.9060000000000052,0.9300000000000054
2021-01-13 15:00:00,0.9300000000000054,0.9310000000000054,0.9140000000000054,0.9190000000000054
2021-01-14 15:00:00,0.9190000000000054,0.9280000000000054,0.9080000000000052,0.9180000000000054
2021-01-15 15:00:00,0.9180000000000051,0.9250000000000052,0.908000000000005,0.9230000000000051
2021-01-18 15:00:00,0.9200000000000051,0.9450000000000052,0.9190000000000051,0.9430000000000052
2021-01-19 15:00:00,0.9470000000000052,0.9480000000000052,0.9310000000000053,0.9340000000000053
2021-01-20 15:00:00,0.9380000000000052,0.9410000000000052,0.9300000000000053,0.9390000000000052
2021-01-21 15:00:00,0.9360000000000053,0.9550000000000053,0.9360000000000053,0.9500000000000052
2021-01-22 15:00:00,0.9510000000000053,0.9510000000000053,0.9400000000000052,0.9480000000000052
2021-01-25 15:00:00,0.9500000000000054,0.9500000000000054,0.9370000000000055,0.9380000000000054
2021-01-26 15:00:00,0.9350000000000055,0.9390000000000054,0.9230000000000054,0.9250000000000054
2021-01-27 15:00:00,0.9250000000000054,0.9260000000000054,0.9120000000000053,0.9240000000000054
2021-01-28 15:00:00,0.9160000000000054,0.9270000000000054,0.9060000000000052,0.9060000000000052
2021-01-29 15:00:00,0.9120000000000053,0.9140000000000054,0.8810000000000051,0.8930000000000051
2021-02-01 15:00:00,0.8930000000000053,0.9000000000000055,0.8890000000000053,0.8990000000000055
2021-02-02 15:00:00,0.9010000000000052,0.9070000000000052,0.8920000000000051,0.9070000000000052
2021-02-03 15:00:00,0.9070000000000052,0.9080000000000052,0.8920000000000051,0.8930000000000051
2021-02-04 15:00:00,0.8880000000000051,0.8900000000000051,0.861000000000005,0.874000000000005
2021-02-05 15:00:00,0.873000000000005,0.8790000000000051,0.857000000000005,0.858000000000005
2021-02-08 15:00:00,0.8600000000000051,0.8680000000000052,0.8000000000000048,0.8620000000000052
2021-02-09 15:00:00,0.862000000000005,0.8900000000000051,0.861000000000005,0.8890000000000051
2021-02-10 15:00:00,0.8900000000000053,0.8950000000000053,0.8830000000000053,0.8940000000000053
2021-02-18 15:00:00,0.9080000000000055,0.9150000000000055,0.9010000000000055,0.9130000000000055
2021-02-19 15:00:00,0.9120000000000057,0.9300000000000058,0.9040000000000057,0.9290000000000058
2021-02-22 15:00:00,0.9360000000000058,0.9470000000000058,0.9250000000000058,0.9300000000000058
2021-02-23 15:00:00,0.9160000000000057,0.9290000000000058,0.9120000000000057,0.9200000000000058
2021-02-24 15:00:00,0.9150000000000057,0.9280000000000058,0.9040000000000057,0.9140000000000057
2021-02-25 15:00:00,0.9220000000000058,0.9230000000000058,0.9050000000000057,0.9100000000000057
2021-02-26 15:00:00,0.8990000000000056,0.9050000000000057,0.8910000000000056,0.8960000000000056
2021-03-01 15:00:00,0.8970000000000056,0.9210000000000058,0.8970000000000056,0.9200000000000058
2021-03-02 15:00:00,0.9250000000000058,0.9260000000000058,0.9100000000000057,0.9200000000000058
2021-03-03 15:00:00,0.9190000000000057,0.9310000000000058,0.9140000000000057,0.9310000000000058
2021-03-04 15:00:00,0.9210000000000058,0.9280000000000058,0.9100000000000057,0.9160000000000057
2021-03-05 15:00:00,0.9060000000000057,0.9200000000000058,0.9020000000000057,0.9170000000000057
2021-03-08 15:00:00,0.924000000000006,0.925000000000006,0.8930000000000058,0.8940000000000058
2021-03-09 15:00:00,0.8900000000000058,0.8950000000000058,0.8540000000000055,0.8690000000000055
2021-03-10 15:00:00,0.8730000000000057,0.8780000000000057,0.8590000000000055,0.8590000000000055
2021-03-11 15:00:00,0.8600000000000055,0.8840000000000057,0.8570000000000055,0.8830000000000057
2021-03-12 15:00:00,0.8850000000000057,0.8860000000000057,0.8720000000000057,0.8850000000000057
2021-03-15 15:00:00,0.8800000000000057,0.8850000000000057,0.8680000000000055,0.8760000000000057
2021-03-16 15:00:00,0.8770000000000054,0.8860000000000056,0.8700000000000054,0.8860000000000056
2021-03-17 15:00:00,0.8840000000000057,0.8910000000000058,0.8750000000000057,0.8890000000000058
2021-03-18 15:00:00,0.8840000000000057,0.8960000000000058,0.8840000000000057,0.8900000000000058
2021-03-19 15:00:00,0.8820000000000057,0.8940000000000058,0.8790000000000057,0.8880000000000058
2021-03-22 15:00:00,0.8850000000000057,0.9040000000000058,0.8850000000000057,0.9030000000000058
2021-03-23 15:00:00,0.9030000000000058,0.9060000000000059,0.8880000000000058,0.8950000000000058
2021-03-24 15:00:00,0.8870000000000057,0.8910000000000058,0.8750000000000057,0.8760000000000057
2021-03-25 15:00:00,0.8750000000000058,0.8850000000000059,0.8690000000000058,0.8780000000000059
2021-03-26 15:00:00,0.8790000000000059,0.896000000000006,0.8790000000000059,0.893000000000006
2021-03-29 15:00:00,0.8880000000000059,0.903000000000006,0.8880000000000059,0.895000000000006
2021-03-30 15:00:00,0.894000000000006,0.896000000000006,0.8880000000000059,0.894000000000006
2021-03-31 15:00:00,0.8910000000000059,0.895000000000006,0.8870000000000059,0.894000000000006
2021-04-01 15:00:00,0.8930000000000061,0.9020000000000062,0.8920000000000061,0.8990000000000062
2021-04-02 15:00:00,0.9030000000000062,0.9040000000000062,0.8980000000000062,0.9000000000000062
2021-04-06 15:00:00,0.902000000000006,0.9120000000000061,0.901000000000006,0.9110000000000061
2021-04-07 15:00:00,0.9120000000000061,0.9120000000000061,0.903000000000006,0.9110000000000061
2021-04-08 15:00:00,0.9110000000000061,0.9120000000000061,0.905000000000006,0.9090000000000061
2021-04-09 15:00:00,0.906000000000006,0.9100000000000061,0.904000000000006,0.9100000000000061
2021-04-12 15:00:00,0.9090000000000061,0.9100000000000061,0.8870000000000059,0.8880000000000059
2021-04-13 15:00:00,0.8880000000000059,0.892000000000006,0.8810000000000059,0.8850000000000059
2021-04-14 15:00:00,0.8850000000000059,0.898000000000006,0.8830000000000059,0.897000000000006
2021-04-15 15:00:00,0.896000000000006,0.896000000000006,0.8870000000000059,0.895000000000006
2021-04-16 15:00:00,0.896000000000006,0.908000000000006,0.894000000000006,0.907000000000006
2021-04-19 15:00:00,0.9060000000000062,0.9220000000000064,0.9030000000000062,0.9180000000000064
2021-04-20 15:00:00,0.9180000000000064,0.9240000000000064,0.870000000000006,0.9160000000000064
2021-04-21 15:00:00,0.9090000000000062,0.9190000000000064,0.9080000000000062,0.9170000000000064
2021-04-22 15:00:00,0.9170000000000061,0.9220000000000061,0.9170000000000061,0.9210000000000061
2021-04-23 15:00:00,0.9220000000000064,0.9220000000000064,0.9130000000000064,0.9180000000000064
2021-04-26 15:00:00,0.9180000000000064,0.9280000000000065,0.9120000000000064,0.9120000000000064
2021-04-27 15:00:00,0.9110000000000062,0.9160000000000064,0.9010000000000062,0.9100000000000062
2021-04-28 15:00:00,0.9060000000000062,0.9160000000000064,0.9050000000000062,0.9150000000000064
2021-04-29 15:00:00,0.9160000000000064,0.9180000000000064,0.9110000000000062,0.9110000000000062
2021-04-30 15:00:00,0.9120000000000061,0.9120000000000061,0.903000000000006,0.9090000000000061
2021-05-06 15:00:00,0.904000000000006,0.9140000000000061,0.904000000000006,0.9120000000000061
2021-05-07 15:00:00,0.9120000000000061,0.9130000000000061,0.901000000000006,0.902000000000006
2021-05-10 15:00:00,0.902000000000006,0.904000000000006,0.897000000000006,0.902000000000006
2021-05-11 15:00:00,0.896000000000006,0.905000000000006,0.8880000000000059,0.902000000000006
2021-05-12 15:00:00,0.8990000000000062,0.9200000000000064,0.8980000000000062,0.9180000000000064
2021-05-13 15:00:00,0.9100000000000062,0.9170000000000064,0.9070000000000062,0.9090000000000062
2021-05-14 15:00:00,0.9120000000000064,0.9270000000000064,0.9090000000000062,0.9260000000000064
2021-05-17 15:00:00,0.9240000000000061,0.9280000000000063,0.9170000000000061,0.9200000000000061
2021-05-18 15:00:00,0.9180000000000064,0.9260000000000064,0.9160000000000064,0.9260000000000064
2021-05-19 15:00:00,0.9230000000000064,0.9270000000000064,0.9210000000000064,0.9240000000000064
2021-05-20 15:00:00,0.9240000000000064,0.9290000000000065,0.9200000000000064,0.9250000000000064
2021-05-21 15:00:00,0.9250000000000064,0.9300000000000065,0.9230000000000064,0.9280000000000065
2021-05-24 15:00:00,0.9250000000000063,0.9350000000000063,0.9240000000000061,0.9350000000000063
2021-05-25 15:00:00,0.9350000000000063,0.9480000000000063,0.9340000000000063,0.9450000000000063
2021-05-26 15:00:00,0.9450000000000065,0.9540000000000065,0.9440000000000065,0.9500000000000065
2021-05-27 15:00:00,0.9490000000000065,0.9610000000000066,0.9480000000000065,0.9610000000000066
2021-05-28 15:00:00,0.9620000000000066,0.9660000000000066,0.9530000000000065,0.9560000000000065
2021-05-31 15:00:00,0.9580000000000065,0.9770000000000068,0.9560000000000065,0.9770000000000068
2021-06-01 15:00:00,0.9770000000000065,0.9810000000000065,0.9710000000000064,0.9800000000000065
2021-06-02 15:00:00,0.9790000000000065,0.9810000000000065,0.9650000000000064,0.9670000000000064
2021-06-03 15:00:00,0.9660000000000064,0.9770000000000065,0.9640000000000064,0.9670000000000064
2021-06-04 15:00:00,0.9630000000000064,0.9760000000000065,0.9580000000000063,0.9730000000000064
2021-06-07 15:00:00,0.9750000000000063,0.9870000000000063,0.9740000000000062,0.9870000000000063
2021-06-08 15:00:00,0.9870000000000065,0.9900000000000065,0.9710000000000064,0.9800000000000065
2021-06-09 15:00:00,0.9750000000000064,0.9810000000000065,0.9740000000000064,0.9790000000000065
2021-06-10 15:00:00,0.9800000000000063,0.9960000000000064,0.9770000000000063,0.9940000000000064
2021-06-11 15:00:00,0.9940000000000064,0.9980000000000064,0.9830000000000063,0.9870000000000063
2021-06-15 15:00:00,0.9810000000000065,0.9860000000000065,0.9770000000000065,0.9800000000000065
2021-06-16 15:00:00,0.9780000000000065,0.9790000000000065,0.9590000000000064,0.9620000000000064
2021-06-17 15:00:00,0.9590000000000064,0.9780000000000065,0.9590000000000064,0.9770000000000065
2021-06-18 15:00:00,0.9730000000000064,0.9910000000000065,0.9730000000000064,0.9870000000000065
2021-06-21 15:00:00,0.9870000000000065,1.0080000000000067,0.9850000000000065,1.0070000000000066
2021-06-22 15:00:00,1.0100000000000067,1.0130000000000066,1.0000000000000067,1.0060000000000067
2021-06-23 15:00:00,1.0080000000000064,1.0190000000000066,1.0030000000000063,1.0180000000000067
2021-06-24 15:00:00,1.0170000000000063,1.0170000000000063,1.0020000000000064,1.0040000000000064
2021-06-25 15:00:00,1.0050000000000066,1.0130000000000066,1.0000000000000067,1.0090000000000066
2021-06-28 15:00:00,1.0110000000000063,1.0230000000000066,1.0070000000000063,1.0170000000000063
2021-06-29 15:00:00,1.0160000000000067,1.0210000000000068,1.0070000000000066,1.0090000000000066
2021-06-30 15:00:00,1.0080000000000067,1.022000000000007,0.9930000000000067,1.022000000000007
2021-07-01 15:00:00,1.0220000000000071,1.029000000000007,1.0030000000000068,1.0050000000000068
2021-07-02 15:00:00,1.0000000000000069,1.0040000000000069,0.9820000000000068,0.9950000000000069
2021-07-05 15:00:00,0.9910000000000068,1.014000000000007,0.9910000000000068,1.014000000000007
2021-07-06 15:00:00,1.0130000000000068,1.0180000000000071,0.9940000000000069,1.0090000000000068
2021-07-07 15:00:00,1.0020000000000069,1.025000000000007,0.9980000000000069,1.025000000000007
2021-07-08 15:00:00,1.025000000000007,1.0320000000000071,1.023000000000007,1.0280000000000071
2021-07-09 15:00:00,1.027000000000007,1.037000000000007,1.0130000000000068,1.0320000000000071
2021-07-12 15:00:00,1.035000000000007,1.0560000000000074,1.035000000000007,1.0520000000000074
2021-07-13 15:00:00,1.0550000000000075,1.0610000000000075,1.0500000000000076,1.0600000000000076
2021-07-14 15:00:00,1.0620000000000078,1.0630000000000077,1.0440000000000076,1.0460000000000078
2021-07-15 15:00:00,1.0410000000000075,1.0460000000000078,1.0260000000000076,1.0430000000000075
2021-07-16 15:00:00,1.0430000000000075,1.0580000000000078,1.0380000000000076,1.0440000000000076
2021-07-19 15:00:00,1.0390000000000075,1.0480000000000078,1.0360000000000076,1.0430000000000075
2021-07-20 15:00:00,1.0320000000000076,1.0520000000000078,1.0320000000000076,1.0510000000000077
2021-07-21 15:00:00,1.0520000000000078,1.0740000000000078,1.0510000000000077,1.0700000000000078
2021-07-22 15:00:00,1.0720000000000078,1.079000000000008,1.0630000000000077,1.0750000000000077
2021-07-23 15:00:00,1.076000000000008,1.081000000000008,1.0640000000000078,1.0690000000000077
2021-07-26 15:00:00,1.0670000000000077,1.0720000000000078,1.0320000000000076,1.0550000000000077
2021-07-27 15:00:00,1.0560000000000078,1.0670000000000077,1.0230000000000075,1.0250000000000075
2021-07-28 15:00:00,1.0240000000000076,1.0240000000000076,0.9780000000000072,1.0050000000000072
2021-07-29 15:00:00,1.0130000000000072,1.0490000000000077,1.0110000000000072,1.0440000000000076
2021-07-30 15:00:00,1.0440000000000076,1.0580000000000078,1.0350000000000075,1.0550000000000077
2021-08-02 15:00:00,1.0520000000000078,1.079000000000008,1.0500000000000078,1.078000000000008
2021-08-03 15:00:00,1.0710000000000077,1.076000000000008,1.0540000000000078,1.0570000000000077
2021-08-04 15:00:00,1.0540000000000078,1.086000000000008,1.0500000000000078,1.084000000000008
2021-08-05 15:00:00,1.080000000000008,1.086000000000008,1.0710000000000077,1.080000000000008
2021-08-06 15:00:00,1.081000000000008,1.086000000000008,1.0740000000000078,1.086000000000008
2021-08-09 15:00:00,1.084000000000008,1.089000000000008,1.0700000000000078,1.087000000000008
2021-08-10 15:00:00,1.086000000000008,1.097000000000008,1.082000000000008,1.096000000000008
2021-08-11 15:00:00,1.096000000000008,1.106000000000008,1.086000000000008,1.105000000000008
2021-08-12 15:00:00,1.1050000000000078,1.116000000000008,1.1020000000000079,1.113000000000008
2021-08-13 15:00:00,1.112000000000008,1.122000000000008,1.1040000000000079,1.112000000000008
2021-08-16 15:00:00,1.110000000000008,1.110000000000008,1.0950000000000077,1.0980000000000079
2021-08-17 15:00:00,1.0940000000000079,1.1000000000000079,1.0650000000000075,1.0670000000000075
2021-08-18 15:00:00,1.0680000000000076,1.0810000000000077,1.0650000000000075,1.0780000000000076
2021-08-19 15:00:00,1.0730000000000077,1.090000000000008,1.0640000000000078,1.087000000000008
2021-08-20 15:00:00,1.083000000000008,1.092000000000008,1.0680000000000078,1.091000000000008
2021-08-23 15:00:00,1.092000000000008,1.1160000000000083,1.090000000000008,1.1130000000000082
2021-08-24 15:00:00,1.1200000000000083,1.1290000000000082,1.106000000000008,1.1240000000000083
2021-08-25 15:00:00,1.1220000000000083,1.1270000000000082,1.1130000000000082,1.1270000000000082
2021-08-26 15:00:00,1.124000000000008,1.129000000000008,1.111000000000008,1.113000000000008
2021-08-27 15:00:00,1.1090000000000078,1.119000000000008,1.1010000000000078,1.116000000000008
2021-08-30 15:00:00,1.115000000000008,1.135000000000008,1.115000000000008,1.121000000000008
2021-08-31 15:00:00,1.119000000000008,1.124000000000008,1.110000000000008,1.124000000000008
2021-09-01 15:00:00,1.1250000000000082,1.126000000000008,1.087000000000008,1.103000000000008
2021-09-02 15:00:00,1.101000000000008,1.1200000000000083,1.094000000000008,1.1200000000000083
2021-09-03 15:00:00,1.1230000000000082,1.130000000000008,1.096000000000008,1.1080000000000083
2021-09-06 15:00:00,1.1080000000000083,1.126000000000008,1.095000000000008,1.1240000000000083
2021-09-07 15:00:00,1.1230000000000082,1.1480000000000083,1.1200000000000083,1.1450000000000085
2021-09-08 15:00:00,1.1440000000000083,1.1530000000000085,1.1420000000000083,1.1520000000000084
2021-09-09 15:00:00,1.1480000000000083,1.1510000000000085,1.1370000000000084,1.1460000000000083
2021-09-10 15:00:00,1.1460000000000083,1.1560000000000084,1.1370000000000084,1.1540000000000084
2021-09-13 15:00:00,1.1500000000000081,1.1570000000000082,1.1450000000000082,1.1550000000000082
2021-09-14 15:00:00,1.1550000000000082,1.1700000000000081,1.1470000000000082,1.1500000000000081
2021-09-15 15:00:00,1.1450000000000082,1.1610000000000082,1.1410000000000082,1.1600000000000081
2021-09-16 15:00:00,1.1650000000000083,1.1680000000000081,1.123000000000008,1.124000000000008
2021-09-17 15:00:00,1.121000000000008,1.1320000000000079,1.0980000000000079,1.1260000000000079
2021-09-22 15:00:00,1.114000000000008,1.1320000000000079,1.111000000000008,1.131000000000008
2021-09-23 15:00:00,1.135000000000008,1.1420000000000081,1.1300000000000079,1.134000000000008
2021-09-24 15:00:00,1.134000000000008,1.134000000000008,1.114000000000008,1.118000000000008
2021-09-27 15:00:00,1.115000000000008,1.122000000000008,1.0730000000000075,1.0820000000000078
2021-09-28 15:00:00,1.0810000000000077,1.0890000000000077,1.0760000000000076,1.0840000000000078
2021-09-29 15:00:00,1.0750000000000075,1.0780000000000076,1.0460000000000074,1.0490000000000075
2021-09-30 15:00:00,1.0510000000000075,1.0760000000000076,1.0500000000000076,1.0740000000000076
2021-10-08 15:00:00,1.0830000000000075,1.0920000000000076,1.0730000000000073,1.0800000000000074
2021-10-11 15:00:00,1.0750000000000075,1.0800000000000078,1.0660000000000076,1.0730000000000075
2021-10-12 15:00:00,1.0680000000000076,1.0700000000000076,1.0340000000000074,1.0460000000000074
2021-10-13 15:00:00,1.0410000000000073,1.0600000000000076,1.0380000000000074,1.0580000000000076
2021-10-14 15:00:00,1.0500000000000078,1.0710000000000077,1.0500000000000078,1.0670000000000077
2021-10-15 15:00:00,1.0640000000000078,1.0710000000000077,1.0580000000000078,1.0680000000000078
2021-10-18 15:00:00,1.0620000000000076,1.0790000000000077,1.0620000000000076,1.0780000000000076
2021-10-19 15:00:00,1.0770000000000075,1.0910000000000077,1.0730000000000075,1.0900000000000079
2021-10-20 15:00:00,1.086000000000008,1.097000000000008,1.081000000000008,1.094000000000008
2021-10-21 15:00:00,1.091000000000008,1.096000000000008,1.084000000000008,1.086000000000008
2021-10-22 15:00:00,1.086000000000008,1.093000000000008,1.077000000000008,1.079000000000008
2021-10-25 15:00:00,1.081000000000008,1.095000000000008,1.076000000000008,1.095000000000008
2021-10-26 15:00:00,1.096000000000008,1.102000000000008,1.087000000000008,1.093000000000008
2021-10-27 15:00:00,1.0880000000000078,1.0890000000000077,1.0750000000000075,1.0810000000000077
2021-10-28 15:00:00,1.0780000000000076,1.0780000000000076,1.0550000000000075,1.0570000000000075
2021-10-29 15:00:00,1.0560000000000076,1.0750000000000075,1.0510000000000075,1.0750000000000075
2021-11-01 15:00:00,1.0700000000000074,1.0870000000000075,1.0670000000000073,1.0830000000000075
2021-11-02 15:00:00,1.0810000000000077,1.0890000000000077,1.0600000000000076,1.0720000000000076
2021-11-03 15:00:00,1.0680000000000076,1.0740000000000076,1.0610000000000075,1.0730000000000075
2021-11-04 15:00:00,1.0740000000000076,1.0880000000000078,1.0740000000000076,1.0870000000000077
2021-11-05 15:00:00,1.087000000000008,1.088000000000008,1.0710000000000077,1.0720000000000078
2021-11-08 15:00:00,1.0720000000000076,1.0790000000000077,1.0670000000000075,1.0790000000000077
2021-11-09 15:00:00,1.0770000000000075,1.0960000000000079,1.0770000000000075,1.0940000000000079
2021-11-10 15:00:00,1.0940000000000079,1.0960000000000079,1.0790000000000077,1.0950000000000077
2021-11-11 15:00:00,1.095000000000008,1.1080000000000083,1.091000000000008,1.106000000000008
2021-11-12 15:00:00,1.106000000000008,1.1210000000000082,1.103000000000008,1.1200000000000083
2021-11-15 15:00:00,1.1270000000000082,1.128000000000008,1.1110000000000082,1.1160000000000083
2021-11-16 15:00:00,1.1150000000000084,1.1190000000000084,1.1000000000000083,1.1040000000000085
2021-11-17 15:00:00,1.102000000000008,1.1250000000000082,1.101000000000008,1.1250000000000082
2021-11-18 15:00:00,1.1240000000000083,1.130000000000008,1.1150000000000082,1.1210000000000082
2021-11-19 15:00:00,1.1150000000000082,1.1360000000000081,1.1150000000000082,1.1350000000000082
2021-11-22 15:00:00,1.1350000000000087,1.1600000000000086,1.1350000000000087,1.1590000000000087
2021-11-23 15:00:00,1.1580000000000086,1.1590000000000087,1.1510000000000087,1.1560000000000086
2021-11-24 15:00:00,1.1550000000000087,1.1590000000000087,1.1490000000000087,1.1550000000000087
2021-11-25 15:00:00,1.1530000000000087,1.1560000000000086,1.1480000000000086,1.1510000000000087
2021-11-26 15:00:00,1.1490000000000087,1.1580000000000086,1.1460000000000086,1.1540000000000086
2021-11-29 15:00:00,1.1450000000000087,1.165000000000009,1.1400000000000086,1.1640000000000088
2021-11-30 15:00:00,1.1680000000000088,1.1760000000000088,1.1610000000000087,1.171000000000009
2021-12-01 15:00:00,1.169000000000009,1.1720000000000088,1.1610000000000087,1.1720000000000088
2021-12-02 15:00:00,1.168000000000009,1.1690000000000091,1.155000000000009,1.157000000000009
2021-12-03 15:00:00,1.1560000000000088,1.168000000000009,1.153000000000009,1.164000000000009
2021-12-06 15:00:00,1.164000000000009,1.1650000000000091,1.1460000000000088,1.147000000000009
2021-12-07 15:00:00,1.151000000000009,1.1610000000000091,1.1210000000000087,1.1290000000000089
2021-12-08 15:00:00,1.131000000000009,1.1510000000000091,1.131000000000009,1.148000000000009
2021-12-09 15:00:00,1.1480000000000088,1.155000000000009,1.145000000000009,1.155000000000009
2021-12-10 15:00:00,1.151000000000009,1.1750000000000091,1.1480000000000088,1.168000000000009
2021-12-13 15:00:00,1.158000000000009,1.1630000000000091,1.1520000000000088,1.1590000000000091
2021-12-14 15:00:00,1.1540000000000088,1.1630000000000091,1.153000000000009,1.162000000000009
2021-12-15 15:00:00,1.1590000000000091,1.1650000000000091,1.153000000000009,1.158000000000009
2021-12-16 15:00:00,1.160000000000009,1.164000000000009,1.155000000000009,1.162000000000009
2021-12-17 15:00:00,1.1610000000000091,1.162000000000009,1.1460000000000088,1.147000000000009
2021-12-20 15:00:00,1.145000000000009,1.151000000000009,1.1240000000000088,1.1280000000000086
2021-12-21 15:00:00,1.1280000000000086,1.1420000000000088,1.1260000000000085,1.1420000000000088
2021-12-22 15:00:00,1.1450000000000091,1.1530000000000094,1.140000000000009,1.1510000000000091
2021-12-23 15:00:00,1.1510000000000091,1.1560000000000092,1.1450000000000091,1.1510000000000091
2021-12-24 15:00:00,1.1510000000000091,1.1530000000000094,1.130000000000009,1.132000000000009
2021-12-27 15:00:00,1.128000000000009,1.1390000000000091,1.126000000000009,1.132000000000009
2021-12-28 15:00:00,1.134000000000009,1.144000000000009,1.130000000000009,1.1430000000000091
2021-12-29 15:00:00,1.144000000000009,1.146000000000009,1.1390000000000091,1.1430000000000091
2021-12-30 15:00:00,1.1410000000000091,1.1560000000000092,1.140000000000009,1.152000000000009
2021-12-31 15:00:00,1.152000000000009,1.1680000000000093,1.152000000000009,1.1660000000000093
2022-01-04 15:00:00,1.1670000000000094,1.1740000000000093,1.1550000000000094,1.1610000000000094
2022-01-05 15:00:00,1.1610000000000094,1.1610000000000094,1.126000000000009,1.131000000000009
2022-01-06 15:00:00,1.1240000000000094,1.1450000000000093,1.121000000000009,1.1380000000000092
2022-01-07 15:00:00,1.1400000000000092,1.1420000000000092,1.1140000000000092,1.1180000000000092
2022-01-10 15:00:00,1.111000000000009,1.1270000000000093,1.1080000000000092,1.1230000000000093
2022-01-11 15:00:00,1.121000000000009,1.1280000000000092,1.109000000000009,1.1120000000000092
2022-01-12 15:00:00,1.113000000000009,1.1330000000000093,1.113000000000009,1.1320000000000092
2022-01-13 15:00:00,1.1290000000000093,1.1310000000000093,1.111000000000009,1.111000000000009
2022-01-14 15:00:00,1.1060000000000092,1.1200000000000092,1.101000000000009,1.115000000000009
2022-01-17 15:00:00,1.113000000000009,1.1370000000000093,1.113000000000009,1.1360000000000092
2022-01-18 15:00:00,1.1350000000000093,1.1380000000000092,1.1250000000000093,1.1300000000000092
2022-01-19 15:00:00,1.1250000000000095,1.1280000000000094,1.1080000000000094,1.1140000000000094
2022-01-20 15:00:00,1.1130000000000093,1.1130000000000093,1.089000000000009,1.0900000000000092
2022-01-21 15:00:00,1.0860000000000092,1.0900000000000092,1.0720000000000092,1.073000000000009
2022-01-24 15:00:00,1.0650000000000088,1.085000000000009,1.0650000000000088,1.079000000000009
2022-01-25 15:00:00,1.071000000000009,1.0800000000000092,1.0360000000000087,1.0370000000000086
2022-01-26 15:00:00,1.0380000000000085,1.0500000000000087,1.0290000000000084,1.0440000000000087
2022-01-27 15:00:00,1.0390000000000086,1.046000000000009,1.0110000000000083,1.0120000000000084
2022-01-28 15:00:00,1.0180000000000085,1.0280000000000085,0.9960000000000082,1.0160000000000085
2022-02-07 15:00:00,1.0240000000000085,1.0300000000000085,1.0200000000000085,1.0260000000000085
2022-02-08 15:00:00,1.0230000000000083,1.0340000000000085,1.0080000000000082,1.0340000000000085
2022-02-09 15:00:00,1.0340000000000082,1.0490000000000084,1.0250000000000081,1.0480000000000085
2022-02-10 15:00:00,1.0500000000000085,1.0500000000000085,1.0360000000000082,1.0450000000000084
2022-02-11 15:00:00,1.0410000000000081,1.0410000000000081,1.0200000000000082,1.0230000000000081
2022-02-14 15:00:00,1.0140000000000082,1.0310000000000081,1.010000000000008,1.0160000000000082
2022-02-15 15:00:00,1.0160000000000085,1.0380000000000085,1.0150000000000083,1.0370000000000084
2022-02-16 15:00:00,1.0410000000000086,1.0480000000000087,1.0370000000000084,1.0450000000000086
2022-02-17 15:00:00,1.0440000000000087,1.0570000000000086,1.0360000000000085,1.0490000000000086
2022-02-18 15:00:00,1.044000000000009,1.056000000000009,1.0380000000000087,1.0530000000000088
2022-02-21 15:00:00,1.052000000000009,1.0680000000000092,1.052000000000009,1.0660000000000092
2022-02-22 15:00:00,1.0590000000000088,1.064000000000009,1.0490000000000088,1.060000000000009
2022-02-23 15:00:00,1.062000000000009,1.085000000000009,1.060000000000009,1.085000000000009
2022-02-24 15:00:00,1.073000000000009,1.0860000000000092,1.042000000000009,1.0590000000000088
2022-02-25 15:00:00,1.0690000000000088,1.082000000000009,1.0640000000000087,1.0690000000000088
2022-02-28 15:00:00,1.070000000000009,1.080000000000009,1.0580000000000087,1.078000000000009
2022-03-01 15:00:00,1.0810000000000088,1.0850000000000088,1.0710000000000088,1.080000000000009
2022-03-02 15:00:00,1.072000000000009,1.080000000000009,1.0670000000000086,1.078000000000009
2022-03-03 15:00:00,1.082000000000009,1.0850000000000088,1.0640000000000087,1.0670000000000086
2022-03-04 15:00:00,1.0540000000000087,1.070000000000009,1.0500000000000087,1.0540000000000087
2022-03-07 15:00:00,1.0470000000000086,1.0500000000000087,1.0230000000000083,1.0270000000000084
2022-03-08 15:00:00,1.0270000000000084,1.0320000000000085,0.9930000000000081,0.9960000000000082
2022-03-09 15:00:00,0.9960000000000082,1.005000000000008,0.9480000000000077,0.9850000000000081
2022-03-10 15:00:00,1.003000000000008,1.0190000000000083,1.001000000000008,1.0090000000000081
2022-03-11 15:00:00,0.9920000000000079,1.0170000000000081,0.9850000000000079,1.0160000000000082
2022-03-14 15:00:00,1.000000000000008,1.0140000000000082,0.9860000000000079,0.9880000000000079
2022-03-15 15:00:00,0.9790000000000078,0.9870000000000079,0.9390000000000075,0.9410000000000075
2022-03-16 15:00:00,0.9520000000000077,0.977000000000008,0.9200000000000076,0.972000000000008
2022-03-17 15:00:00,0.977000000000008,1.0060000000000082,0.977000000000008,0.9900000000000081
2022-03-18 15:00:00,0.9820000000000081,1.001000000000008,0.9820000000000081,1.0000000000000082
2022-03-21 15:00:00,1.0080000000000082,1.0140000000000085,0.9990000000000082,1.0110000000000081
2022-03-22 15:00:00,1.0060000000000082,1.0160000000000085,1.001000000000008,1.0060000000000082
2022-03-23 15:00:00,1.0100000000000082,1.0150000000000083,1.003000000000008,1.0130000000000081
2022-03-24 15:00:00,1.005000000000008,1.0110000000000081,0.9950000000000082,1.0000000000000082
2022-03-25 15:00:00,1.001000000000008,1.0080000000000082,0.9890000000000081,0.9920000000000081
2022-03-28 15:00:00,0.9820000000000081,0.9930000000000081,0.973000000000008,0.9820000000000081
2022-03-29 15:00:00,0.9870000000000081,0.9880000000000081,0.974000000000008,0.976000000000008
2022-03-30 15:00:00,0.9820000000000081,1.001000000000008,0.979000000000008,0.9990000000000082
2022-03-31 15:00:00,0.9970000000000082,0.9980000000000082,0.9830000000000081,0.9850000000000081
2022-04-01 15:00:00,0.9740000000000082,0.9880000000000083,0.9710000000000082,0.9860000000000083
2022-04-06 15:00:00,0.9810000000000081,0.9840000000000081,0.974000000000008,0.9820000000000081
2022-04-07 15:00:00,0.976000000000008,0.9840000000000081,0.9620000000000078,0.9630000000000078
2022-04-08 15:00:00,0.9630000000000078,0.9660000000000079,0.9420000000000077,0.9560000000000078
2022-04-11 15:00:00,0.9490000000000077,0.9490000000000077,0.9150000000000076,0.9220000000000076
2022-04-12 15:00:00,0.9230000000000076,0.9340000000000077,0.9090000000000075,0.9330000000000077
2022-04-13 15:00:00,0.9240000000000076,0.9280000000000077,0.9130000000000076,0.9160000000000076
2022-04-14 15:00:00,0.9220000000000076,0.9290000000000077,0.9150000000000076,0.9220000000000076
2022-04-15 15:00:00,0.9150000000000076,0.9210000000000076,0.9040000000000075,0.9120000000000075
2022-04-18 15:00:00,0.9050000000000075,0.9210000000000076,0.8960000000000073,0.9200000000000076
2022-04-19 15:00:00,0.9150000000000078,0.9260000000000078,0.9150000000000078,0.9230000000000078
2022-04-20 15:00:00,0.9200000000000078,0.9250000000000078,0.9020000000000077,0.9040000000000077
2022-04-21 15:00:00,0.9000000000000076,0.9060000000000077,0.8670000000000073,0.8680000000000073
2022-04-22 15:00:00,0.8630000000000073,0.8680000000000073,0.8510000000000072,0.8580000000000072
2022-04-25 15:00:00,0.8400000000000071,0.8460000000000071,0.7880000000000067,0.7930000000000067
2022-04-26 15:00:00,0.7880000000000067,0.7980000000000068,0.7640000000000065,0.7680000000000065
2022-04-27 15:00:00,0.7620000000000064,0.8080000000000068,0.7510000000000063,0.8070000000000068
2022-04-28 15:00:00,0.7960000000000067,0.8100000000000069,0.7890000000000067,0.7970000000000068
2022-04-29 15:00:00,0.8050000000000068,0.8390000000000071,0.7980000000000068,0.835000000000007
2022-05-05 15:00:00,0.831000000000007,0.8570000000000072,0.823000000000007,0.8500000000000072
2022-05-06 15:00:00,0.832000000000007,0.8460000000000071,0.828000000000007,0.8390000000000071
2022-05-09 15:00:00,0.832000000000007,0.8520000000000072,0.830000000000007,0.8500000000000072
2022-05-10 15:00:00,0.8370000000000071,0.8670000000000073,0.835000000000007,0.8640000000000073
2022-05-11 15:00:00,0.8670000000000073,0.8940000000000076,0.8640000000000073,0.8730000000000073
2022-05-12 15:00:00,0.8650000000000073,0.8850000000000074,0.8650000000000073,0.8780000000000074
2022-05-13 15:00:00,0.8820000000000074,0.8910000000000076,0.8720000000000073,0.8850000000000074
2022-05-16 15:00:00,0.8880000000000077,0.8960000000000078,0.8800000000000077,0.8870000000000077
2022-05-17 15:00:00,0.8840000000000077,0.8920000000000078,0.8740000000000075,0.8910000000000077
2022-05-18 15:00:00,0.8910000000000077,0.9000000000000078,0.8850000000000077,0.8910000000000077
2022-05-19 15:00:00,0.8780000000000076,0.9030000000000078,0.8750000000000075,0.9020000000000078
2022-05-20 15:00:00,0.9000000000000076,0.9130000000000077,0.8970000000000076,0.9100000000000077
2022-05-23 15:00:00,0.9120000000000077,0.9260000000000078,0.9110000000000077,0.9250000000000078
2022-05-24 15:00:00,0.9200000000000078,0.9240000000000078,0.8840000000000074,0.8870000000000074
2022-05-25 15:00:00,0.8860000000000077,0.9020000000000078,0.8830000000000077,0.9020000000000078
2022-05-26 15:00:00,0.9000000000000076,0.9150000000000078,0.8870000000000074,0.9100000000000077
2022-05-27 15:00:00,0.9130000000000079,0.9150000000000079,0.8970000000000078,0.9080000000000079
2022-05-30 15:00:00,0.9050000000000079,0.917000000000008,0.8980000000000078,0.9160000000000079
2022-05-31 15:00:00,0.9150000000000079,0.929000000000008,0.9060000000000079,0.925000000000008
2022-06-01 15:00:00,0.920000000000008,0.9330000000000082,0.918000000000008,0.929000000000008
2022-06-02 15:00:00,0.9280000000000079,0.9430000000000079,0.9230000000000078,0.9390000000000078
2022-06-06 15:00:00,0.9360000000000082,0.9660000000000083,0.9360000000000082,0.9630000000000083
2022-06-07 15:00:00,0.9620000000000083,0.9670000000000083,0.9540000000000082,0.9610000000000083
2022-06-08 15:00:00,0.9590000000000083,0.9720000000000084,0.9440000000000082,0.9640000000000083
2022-06-09 15:00:00,0.9570000000000083,0.9620000000000083,0.941000000000008,0.9470000000000082
2022-06-10 15:00:00,0.941000000000008,0.9690000000000084,0.939000000000008,0.9680000000000084
2022-06-13 15:00:00,0.9630000000000083,0.9770000000000084,0.9530000000000082,0.9750000000000084
2022-06-14 15:00:00,0.9680000000000084,0.9760000000000084,0.941000000000008,0.9750000000000084
2022-06-15 15:00:00,0.9720000000000084,0.9880000000000085,0.9700000000000084,0.9710000000000084
2022-06-16 15:00:00,0.9700000000000082,0.9880000000000083,0.9700000000000082,0.9800000000000082
2022-06-17 15:00:00,0.9710000000000082,0.9920000000000083,0.9670000000000081,0.9910000000000083
2022-06-20 15:00:00,0.9910000000000083,1.0050000000000083,0.9890000000000083,1.0000000000000084
2022-06-21 15:00:00,0.9990000000000084,1.0010000000000083,0.9810000000000083,0.9890000000000083
2022-06-22 15:00:00,0.9880000000000083,0.9950000000000084,0.9760000000000082,0.9770000000000082
2022-06-23 15:00:00,0.9750000000000082,1.0010000000000083,0.9710000000000082,1.0000000000000084
2022-06-24 15:00:00,1.0000000000000084,1.0180000000000087,1.0000000000000084,1.0110000000000083
2022-06-27 15:00:00,1.0130000000000083,1.0260000000000087,1.0130000000000083,1.0220000000000087
2022-06-28 15:00:00,1.0230000000000086,1.0370000000000086,1.0180000000000087,1.0350000000000086
2022-06-29 15:00:00,1.0320000000000087,1.0340000000000087,1.0080000000000084,1.0130000000000083
2022-06-30 15:00:00,1.0100000000000084,1.0280000000000087,1.0100000000000084,1.0210000000000086
2022-07-01 15:00:00,1.0190000000000086,1.0300000000000087,1.0160000000000087,1.0240000000000087
2022-07-04 15:00:00,1.024000000000009,1.0350000000000088,1.014000000000009,1.0330000000000088
2022-07-05 15:00:00,1.032000000000009,1.039000000000009,1.016000000000009,1.030000000000009
2022-07-06 15:00:00,1.0280000000000087,1.0300000000000087,1.0080000000000084,1.0170000000000086
2022-07-07 15:00:00,1.0170000000000086,1.0320000000000087,1.0100000000000084,1.0290000000000086
2022-07-08 15:00:00,1.0300000000000087,1.0350000000000086,1.0220000000000087,1.0240000000000087
2022-07-11 15:00:00,1.0180000000000087,1.0180000000000087,0.9980000000000084,1.0090000000000083
2022-07-12 15:00:00,1.0080000000000082,1.0110000000000081,0.9900000000000081,0.9910000000000081
2022-07-13 15:00:00,0.9910000000000083,1.0020000000000084,0.9850000000000083,0.9990000000000084
2022-07-14 15:00:00,0.9970000000000084,1.0170000000000086,0.9950000000000084,1.0130000000000083
2022-07-15 15:00:00,1.0100000000000082,1.0200000000000085,1.001000000000008,1.0020000000000082
2022-07-18 15:00:00,1.0010000000000079,1.0190000000000081,1.0010000000000079,1.0170000000000081
2022-07-19 15:00:00,1.0200000000000082,1.0310000000000081,1.0150000000000081,1.0260000000000082
2022-07-20 15:00:00,1.0300000000000085,1.0410000000000086,1.0270000000000084,1.0410000000000086
2022-07-21 15:00:00,1.0410000000000086,1.0450000000000086,1.0340000000000085,1.0350000000000084
2022-07-22 15:00:00,1.0360000000000085,1.0420000000000087,1.0180000000000085,1.0280000000000085
2022-07-25 15:00:00,1.0260000000000082,1.0330000000000081,1.012000000000008,1.0140000000000082
2022-07-26 15:00:00,1.0150000000000083,1.0310000000000084,1.0100000000000082,1.0300000000000085
2022-07-27 15:00:00,1.0280000000000087,1.040000000000009,1.0240000000000087,1.0390000000000086
2022-07-28 15:00:00,1.0410000000000086,1.0530000000000086,1.0400000000000085,1.0470000000000086
2022-07-29 15:00:00,1.0470000000000086,1.0510000000000086,1.0400000000000085,1.0430000000000086
2022-08-01 15:00:00,1.0350000000000086,1.0510000000000088,1.0300000000000087,1.0490000000000088
2022-08-02 15:00:00,1.0390000000000086,1.0390000000000086,1.0030000000000083,1.0200000000000087
2022-08-03 15:00:00,1.0170000000000088,1.0350000000000088,1.0080000000000087,1.0120000000000087
2022-08-04 15:00:00,1.0130000000000083,1.0190000000000086,1.0000000000000084,1.0170000000000086
2022-08-05 15:00:00,1.0140000000000087,1.040000000000009,1.0140000000000087,1.040000000000009
2022-08-08 15:00:00,1.0360000000000087,1.0510000000000088,1.0340000000000087,1.048000000000009
2022-08-09 15:00:00,1.0470000000000088,1.0550000000000088,1.040000000000009,1.0530000000000088
2022-08-10 15:00:00,1.046000000000009,1.056000000000009,1.046000000000009,1.0530000000000088
2022-08-11 15:00:00,1.0590000000000088,1.0680000000000092,1.054000000000009,1.067000000000009
2022-08-12 15:00:00,1.0640000000000092,1.0700000000000094,1.0560000000000092,1.057000000000009
2022-08-15 15:00:00,1.053000000000009,1.0680000000000094,1.051000000000009,1.0640000000000092
2022-08-16 15:00:00,1.0640000000000092,1.0770000000000093,1.0620000000000092,1.0700000000000094
2022-08-17 15:00:00,1.0720000000000094,1.0740000000000094,1.063000000000009,1.0710000000000093
2022-08-18 15:00:00,1.0670000000000095,1.0770000000000095,1.0670000000000095,1.0760000000000096
2022-08-19 15:00:00,1.0760000000000096,1.0790000000000095,1.0570000000000093,1.0580000000000094
2022-08-22 15:00:00,1.0540000000000092,1.0670000000000093,1.047000000000009,1.0640000000000092
2022-08-23 15:00:00,1.0610000000000093,1.0690000000000095,1.0600000000000094,1.0690000000000095
2022-08-24 15:00:00,1.0650000000000097,1.0690000000000097,1.0270000000000092,1.0300000000000094
2022-08-25 15:00:00,1.0290000000000092,1.0320000000000094,1.0140000000000093,1.0270000000000092
2022-08-26 15:00:00,1.0250000000000092,1.0380000000000096,1.0170000000000092,1.0210000000000092
2022-08-29 15:00:00,1.009000000000009,1.0280000000000094,1.003000000000009,1.0250000000000092
2022-08-30 15:00:00,1.0250000000000092,1.0270000000000092,1.0150000000000092,1.0200000000000093
2022-08-31 15:00:00,1.0150000000000092,1.0200000000000093,0.985000000000009,0.988000000000009
2022-09-01 15:00:00,0.9830000000000092,0.9960000000000093,0.9780000000000091,0.9820000000000091
2022-09-02 15:00:00,0.9820000000000091,0.9820000000000091,0.9820000000000091,0.9820000000000091
2022-09-05 15:00:00,0.9862539307475181,0.9990481811463926,0.9829639806449505,0.9917371809184643
2022-09-06 15:00:00,0.9961237810552215,1.0114768815338706,0.9906405308842752,1.0111113315224742
2022-09-07 15:00:00,1.0085524814426994,1.0217122818529702,1.0067247313857173,1.0173256817162133
2022-09-08 15:00:00,1.0184223317504026,1.0206156318187811,1.0081869314313032,1.0092835814654924
2022-09-09 15:00:00,1.0089180314540958,1.0129390815794563,1.0023381312489603,1.0122079815566636
2022-09-13 15:00:00,1.0136701816022493,1.018056781739006,1.0056280813515281,1.0089180314540958
2022-09-14 15:00:00,0.9979515311122035,1.0016070312261676,0.9921027309298609,0.9975859811008071
2022-09-15 15:00:00,0.9983170811235998,1.0030692312717533,0.9551821797788234,0.9665142301321121
2022-09-16 15:00:00,0.9599343299269766,0.9687075302004905,0.9453123294711201,0.9467745295167058
2022-09-19 15:00:00,0.9420223793685525,0.95043002963067,0.9288625789582816,0.9361735791862099
2022-09-20 15:00:00,0.939097979277381,0.9562788298130125,0.9361735791862097,0.9467745295167056
2022-09-21 15:00:00,0.94531232947112,0.9515266796648592,0.9325180790722457,0.9467745295167056
2022-09-22 15:00:00,0.9387324292659848,0.9592032299041838,0.9369046792090028,0.9486022795736879
2022-09-23 15:00:00,0.9493333795964807,0.9518922296762556,0.9215515787303534,0.9310558790266602
2022-09-26 15:00:00,0.923744878798732,0.9376357792317955,0.9175305286049928,0.9182616286277857
2022-09-27 15:00:00,0.9197238286733712,0.9369046792090027,0.9189927286505783,0.9358080291748134
2022-09-28 15:00:00,0.9321525290608492,0.9358080291748134,0.9076606782972897,0.9083917783200824
2022-09-29 15:00:00,0.9157027785480106,0.9226482287645426,0.9047362782061185,0.9116817284226503
2022-09-30 15:00:00,0.9116817284226503,0.9135094784796323,0.893769777864226,0.8941353278756226
2022-10-10 15:00:00,0.891942027807244,0.8988874780237758,0.8707401271462522,0.8754922772944055
2022-10-11 15:00:00,0.8747611772716127,0.8820721774995409,0.8685468270778738,0.877685577362784
2022-10-12 15:00:00,0.8765889273285948,0.9040051781833256,0.8634291269183241,0.9036396281719292
2022-10-13 15:00:00,0.8977908279895866,0.9222826787531463,0.8959630779326047,0.9135094784796325
2022-10-14 15:00:00,0.9182616286277857,0.9405601793229669,0.9175305286049928,0.9380013292431919
2022-10-17 15:00:00,0.9317869790494531,0.9475056295394988,0.9292281289696782,0.9434845794141383
2022-10-18 15:00:00,0.9467745295167058,0.9570099298358054,0.9401946293115705,0.949698929607877
2022-10-19 15:00:00,0.9464089795053094,0.9559132798016162,0.9427534793913454,0.9442156794369311
2022-10-20 15:00:00,0.9369046792090027,0.9555477297902195,0.9248415288329209,0.9412912793457596
2022-10-21 15:00:00,0.9394635292887775,0.9464089795053094,0.9321525290608493,0.9394635292887775
2022-10-24 15:00:00,0.9394635292887775,0.9606654299497696,0.923744878798732,0.9358080291748135
2022-10-25 15:00:00,0.9266692788899032,0.9372702292203992,0.9124128284454431,0.9281314789354889
2022-10-26 15:00:00,0.9281314789354888,0.9592032299041837,0.9281314789354888,0.9504300296306698
2022-10-27 15:00:00,0.9540855297446339,0.9573754798472017,0.9427534793913452,0.9449467794597236
2022-10-28 15:00:00,0.9380013292431916,0.9431190294027415,0.9065640282631003,0.9102195283770645
2022-10-31 15:00:00,0.9032740781605327,0.9292281289696779,0.9032740781605327,0.9197238286733712
2022-11-01 15:00:00,0.9208204787075603,0.9449467794597235,0.9164338785708035,0.9445812294483271
2022-11-02 15:00:00,0.9431190294027415,0.9581065798699943,0.9401946293115702,0.9537199797332374
2022-11-03 15:00:00,0.9482367295622911,0.9621276299953548,0.9475056295394985,0.9584721298813906
2022-11-04 15:00:00,0.9584721298813909,0.9847917307019325,0.9573754798472017,0.9836950806677432
2022-11-07 15:00:00,0.9822328806221575,0.9880816808045001,0.971997480303058,0.9796740305423828
2022-11-08 15:00:00,0.9771151804626078,0.9796740305423828,0.9712663802802652,0.9793084805309863
2022-11-09 15:00:00,0.9785773805081935,0.9847917307019325,0.971997480303058,0.9749218803942293
2022-11-10 15:00:00,0.970169730246076,0.9734596803486437,0.9624931800067514,0.965783130109319
2022-11-11 15:00:00,0.9899094308614823,0.99319938096405,0.9687075302004904,0.9694386302232832
2022-11-14 15:00:00,0.9694386302232832,0.9785773805081935,0.9584721298813909,0.9628587300181478
2022-11-15 15:00:00,0.9592032299041837,0.9858883807361217,0.9592032299041837,0.9855228307247254
2022-11-16 15:00:00,0.9855228307247254,0.9891783308386894,0.9767496304512115,0.9782118304967972
2022-11-17 15:00:00,0.9760185304284186,0.9815017805993648,0.9679764301776976,0.9804051305651755
2022-11-18 15:00:00,0.9807706805765719,0.9862539307475181,0.970169730246076,0.9723630303144546
2022-11-21 15:00:00,0.965783130109319,0.9774807304740042,0.9621276299953551,0.976384080439815
2022-11-22 15:00:00,0.9734596803486437,0.9767496304512115,0.9566443798244088,0.9624931800067514
2022-11-23 15:00:00,0.9595687799155801,0.963955380052337,0.9423879293799488,0.9602998799383728
2022-11-24 15:00:00,0.9606654299497693,0.965783130109319,0.9555477297902195,0.9613965299725621
2022-11-25 15:00:00,0.9588376798927873,0.9595687799155801,0.9500644796192734,0.9518922296762555
2022-11-28 15:00:00,0.937270229220399,0.9504300296306698,0.9339802791178313,0.9482367295622913
2022-11-29 15:00:00,0.9500644796192734,0.9672453301549047,0.9493333795964806,0.9628587300181478
2022-11-30 15:00:00,0.9628587300181479,0.9661486801207155,0.9577410298585982,0.9617620799839587
2022-12-01 15:00:00,0.9738252303600403,0.9796740305423829,0.9690730802118869,0.9716319302916618
2022-12-02 15:00:00,0.9668797801435083,0.9829639806449505,0.9668797801435083,0.974556330382833
2022-12-05 15:00:00,0.9796740305423829,0.9825984306335542,0.9738252303600403,0.9793084805309864
2022-12-06 15:00:00,0.9763840804398153,0.9844261806905364,0.9719974803030583,0.9782118304967974
2022-12-07 15:00:00,0.9774807304740045,0.9836950806677435,0.9723630303144548,0.9774807304740045
2022-12-08 15:00:00,0.9774807304740045,0.9782118304967974,0.96980418023468,0.9730941303372476
2022-12-09 15:00:00,0.9719974803030582,0.9778462804854008,0.9668797801435085,0.9756529804170224
2022-12-12 15:00:00,0.9760185304284187,0.9774807304740044,0.9665142301321121,0.9719974803030582
2022-12-13 15:00:00,0.9705352802574727,0.9730941303372476,0.9624931800067517,0.96468648007513
2022-12-14 15:00:00,0.9610309799611659,0.9690730802118869,0.956644379824409,0.9592032299041838
2022-12-15 15:00:00,0.9570099298358055,0.9650520300865266,0.9562788298130127,0.9624931800067517
2022-12-16 15:00:00,0.9584721298813911,0.9613965299725624,0.9493333795964809,0.9540855297446341
2022-12-19 15:00:00,0.954816629767427,0.956644379824409,0.9314214290380566,0.9350769291520206
2022-12-20 15:00:00,0.9339802791178315,0.9343458291292279,0.923013778775939,0.9252070788443176
2022-12-21 15:00:00,0.9266692788899032,0.9281314789354889,0.9124128284454431,0.9200893786847678
2022-12-22 15:00:00,0.9222826787531465,0.9230137787759392,0.9007152280807581,0.9058329282403079
2022-12-23 15:00:00,0.9014463281035511,0.906929578274497,0.8934042278528299,0.8992530280351725
2022-12-26 15:00:00,0.8999841280579653,0.9178960786163896,0.8999841280579653,0.9153372285366146
2022-12-27 15:00:00,0.9197238286733715,0.9233793287873355,0.9124128284454432,0.9226482287645428
2022-12-28 15:00:00,0.920820478707561,0.920820478707561,0.9138750284910291,0.916433878570804
2022-12-29 15:00:00,0.909488428354272,0.9230137787759392,0.909488428354272,0.9146061285138217
2022-12-30 15:00:00,0.9186271786391823,0.9197238286733715,0.9135094784796326,0.9164338785708038
2023-01-03 15:00:00,0.9157027785480109,0.9398290793001741,0.9142405785024251,0.9372702292203992
2023-01-04 15:00:00,0.9372702292203992,0.9401946293115705,0.9310558790266602,0.9372702292203992
2023-01-05 15:00:00,0.9390979792773811,0.9475056295394987,0.9358080291748135,0.9471400795281023
2023-01-06 15:00:00,0.9467745295167058,0.9544510797560306,0.9453123294711201,0.9486022795736879
2023-01-09 15:00:00,0.95043002963067,0.9592032299041838,0.949698929607877,0.9529888797104449
2023-01-10 15:00:00,0.9518922296762556,0.9559132798016162,0.9482367295622914,0.9544510797560306
2023-01-11 15:00:00,0.9537199797332375,0.9584721298813909,0.9456778794825166,0.9475056295394986
2023-01-12 15:00:00,0.9467745295167056,0.9548166297674268,0.9449467794597236,0.9475056295394986
2023-01-13 15:00:00,0.947871179550895,0.9540855297446339,0.9456778794825166,0.9533544297218411
2023-01-16 15:00:00,0.9540855297446339,0.9694386302232832,0.9540855297446339,0.9635898300409407
2023-01-17 15:00:00,0.9635898300409407,0.968341980189094,0.9610309799611657,0.9624931800067514
2023-01-18 15:00:00,0.9646864800751298,0.9705352802574724,0.9632242800295442,0.9654175800979227
2023-01-19 15:00:00,0.9646864800751298,0.9771151804626078,0.9617620799839585,0.9767496304512115
2023-01-20 15:00:00,0.9771151804626077,0.9869850307703109,0.9771151804626077,0.9858883807361216
2023-01-30 15:00:00,0.9964893310666176,1.001241481214771,0.9891783308386894,0.9899094308614823
2023-01-31 15:00:00,0.9899094308614823,0.996854881078014,0.9869850307703111,0.99319938096405
2023-02-01 15:00:00,0.9942960309982393,1.0096491314768885,0.9939304809868428,1.0092835814654921
2023-02-02 15:00:00,1.0103802314996815,1.0191534317731952,1.008186931431303,1.0107457815110779
2023-02-03 15:00:00,1.0081869314313028,1.0122079815566634,0.9957582310438249,1.0096491314768885
2023-02-06 15:00:00,1.0052625313401318,1.0107457815110779,0.9994137311577891,1.00745583140851
2023-02-07 15:00:00,1.0092835814654921,1.0107457815110779,1.0005103811919782,1.0103802314996813
2023-02-08 15:00:00,1.0111113315224742,1.011842431545267,1.001972581237564,1.0034347812831497
2023-02-09 15:00:00,1.0005103811919784,1.0246366819441415,0.9986826311349963,1.0235400319099521
2023-02-10 15:00:00,1.022443381875763,1.0242711319327449,1.0096491314768885,1.0184223317504024
2023-02-13 15:00:00,1.0140357316136455,1.028657732069502,1.0140357316136455,1.027926632046709
2023-02-14 15:00:00,1.0286577320695018,1.031216582149277,1.0246366819441413,1.0301199321150876
2023-02-15 15:00:00,1.030485482126484,1.0323132321834658,1.026098881989727,1.0297543821036912
2023-02-16 15:00:00,1.0301199321150878,1.0363342823088266,1.0030692312717533,1.0114768815338706
2023-02-17 15:00:00,1.0111113315224742,1.0144012816250418,1.000144831180582,1.0023381312489603
2023-02-20 15:00:00,1.0016070312261678,1.015132381647835,0.994661581009636,1.0140357316136457
2023-02-21 15:00:00,1.014401281625042,1.023174481898556,1.010745781511078,1.018787881761799
2023-02-22 15:00:00,1.0169601317048171,1.023905581921349,1.0122079815566638,1.0217122818529705
2023-02-23 15:00:00,1.021346731841574,1.0231744818985562,1.0092835814654926,1.0169601317048171
2023-02-24 15:00:00,1.0162290316820242,1.0198845317959884,1.0059936313629247,1.013304631590853
2023-02-27 15:00:00,1.008918031454096,1.0133046315908527,1.0016070312261678,1.0067247313857175
2023-02-28 15:00:00,1.0067247313857175,1.0158634816706278,1.0012414812147712,1.0147668316364384
2023-03-01 15:00:00,1.0147668316364382,1.0231744818985558,1.0103802314996815,1.0220778318643666
2023-03-02 15:00:00,1.0217122818529702,1.0250022319555379,1.0147668316364382,1.0173256817162133
2023-03-03 15:00:00,1.0173256817162133,1.0217122818529702,1.0085524814426996,1.0158634816706278
2023-03-06 15:00:00,1.0147668316364384,1.0220778318643666,1.010014681488285,1.0191534317731954
2023-03-07 15:00:00,1.020615631818781,1.020615631818781,0.9994137311577891,1.0008759312033748
2023-03-08 15:00:00,0.9946615810096358,1.006359181374321,0.9946615810096358,1.003800331294546
2023-03-09 15:00:00,1.003800331294546,1.0070902813971137,0.9983170811235998,1.006359181374321
2023-03-10 15:00:00,1.0008759312033746,1.0027036812603567,0.9910060808956714,0.9917371809184643
2023-03-13 15:00:00,0.9895438808500859,0.9975859811008071,0.9840606306791398,0.9964893310666179
2023-03-14 15:00:00,0.9968548810780141,0.9968548810780141,0.9763840804398151,0.9873505807817076
2023-03-15 15:00:00,0.9917371809184645,0.9994137311577891,0.9899094308614824,0.9921027309298609
2023-03-16 15:00:00,0.9899094308614824,0.9902749808728788,0.9745563303828331,0.977115180462608
2023-03-17 15:00:00,0.981501780599365,0.9906405308842752,0.9793084805309864,0.9844261806905362
2023-03-20 15:00:00,0.985157280713329,0.9888127808272932,0.9767496304512117,0.9804051305651756
2023-03-21 15:00:00,0.9800395805537793,0.9935649309754465,0.9800395805537793,0.9928338309526538
2023-03-22 15:00:00,0.9942960309982394,0.9983170811235998,0.9928338309526538,0.9968548810780141
2023-03-23 15:00:00,0.9968548810780141,1.0012414812147712,0.9942960309982394,1.0005103811919784
2023-03-24 15:00:00,1.0008759312033748,1.0030692312717533,0.9975859811008071,1.0012414812147712
2023-03-27 15:00:00,1.0012414812147712,1.0059936313629245,0.9957582310438251,1.0027036812603567
2023-03-28 15:00:00,1.0067247313857173,1.0067247313857173,0.9946615810096356,0.9972204310894106
2023-03-29 15:00:00,0.9997792811691854,1.0041658813059422,0.9906405308842751,0.9935649309754464
2023-03-30 15:00:00,0.9917371809184645,0.9946615810096358,0.9862539307475183,0.9942960309982394
2023-03-31 15:00:00,0.9935649309754465,1.0030692312717533,0.9935649309754465,1.0023381312489603
2023-04-03 15:00:00,1.0034347812831497,1.0165945816934205,1.0034347812831497,1.0158634816706276
2023-04-04 15:00:00,1.0176912317276094,1.0176912317276094,1.0085524814426992,1.0144012816250418
2023-04-06 15:00:00,1.0122079815566634,1.0191534317731952,1.0103802314996813,1.0176912317276094
2023-04-07 15:00:00,1.0176912317276094,1.0282921820581055,1.0165945816934203,1.0264644320011234
2023-04-10 15:00:00,1.0286577320695018,1.0293888320922946,1.0151323816478346,1.017325681716213
2023-04-11 15:00:00,1.015497931659231,1.0206156318187807,1.013670181602249,1.0176912317276094
2023-04-12 15:00:00,1.0191534317731952,1.0239055819213487,1.0176912317276097,1.0231744818985558
2023-04-13 15:00:00,1.0235400319099521,1.0239055819213487,1.0158634816706276,1.016960131704817
2023-04-14 15:00:00,1.018056781739006,1.024271131932745,1.0147668316364382,1.0231744818985558
2023-04-17 15:00:00,1.0231744818985558,1.0250022319555379,1.0202500818073845,1.0239055819213487
2023-04-18 15:00:00,1.0198845317959881,1.0246366819441415,1.0158634816706276,1.0198845317959881
2023-04-19 15:00:00,1.0191534317731952,1.022443381875763,1.0140357316136455,1.0154979316592312
2023-04-20 15:00:00,1.0140357316136455,1.016229031682024,1.0096491314768887,1.0154979316592312
2023-04-21 15:00:00,1.0144012816250418,1.0151323816478348,0.9895438808500859,0.9899094308614824
2023-04-24 15:00:00,0.9899094308614824,0.9921027309298609,0.9778462804854008,0.9818673306107614
2023-04-25 15:00:00,0.9804051305651756,0.9829639806449506,0.9515266796648593,0.9643209300637335
2023-04-26 15:00:00,0.9632242800295443,0.9723630303144547,0.9606654299497696,0.9672453301549049
2023-04-27 15:00:00,0.9643209300637335,0.9749218803942294,0.9639553800523372,0.9694386302232834
2023-04-28 15:00:00,0.9694386302232834,0.9844261806905362,0.9687075302004905,0.9840606306791398
2023-05-04 15:00:00,0.980770680576572,0.9844261806905362,0.9767496304512117,0.981501780599365
2023-05-05 15:00:00,0.9796740305423829,0.9811362305879686,0.9646864800751299,0.9709008302688691
2023-05-08 15:00:00,0.969073080211887,0.9807706805765722,0.969073080211887,0.9767496304512118
2023-05-09 15:00:00,0.9793084805309865,0.9793084805309865,0.9650520300865266,0.9650520300865266
2023-05-10 15:00:00,0.9632242800295445,0.9719974803030584,0.9606654299497698,0.9668797801435087
2023-05-11 15:00:00,0.9676108801663015,0.9716319302916621,0.9654175800979231,0.9661486801207159
2023-05-12 15:00:00,0.9639553800523375,0.9694386302232837,0.953719979733238,0.9540855297446343
2023-05-15 15:00:00,0.9540855297446343,0.9621276299953555,0.9445812294483277,0.9606654299497698
2023-05-16 15:00:00,0.9610309799611662,0.9613965299725625,0.9489678295850846,0.951892229676256
2023-05-17 15:00:00,0.951892229676256,0.9584721298813913,0.9504300296306702,0.9566443798244092
2023-05-18 15:00:00,0.9559132798016163,0.962858730018148,0.9559132798016163,0.961030979961166
2023-05-19 15:00:00,0.960299879938373,0.9687075302004905,0.9551821797788234,0.9650520300865265
2023-05-22 15:00:00,0.9635898300409408,0.9668797801435085,0.9570099298358054,0.9632242800295443
2023-05-23 15:00:00,0.9639553800523374,0.9657831301093194,0.9533544297218415,0.9540855297446341
2023-05-24 15:00:00,0.9540855297446341,0.9606654299497697,0.9478711795508952,0.9518922296762558
2023-05-25 15:00:00,0.9507955796420665,0.9581065798699947,0.9390979792773814,0.9500644796192738
2023-05-26 15:00:00,0.9471400795281024,0.9606654299497697,0.9427534793913456,0.9584721298813911
2023-05-29 15:00:00,0.961030979961166,0.9639553800523374,0.9518922296762558,0.9566443798244091
2023-05-30 15:00:00,0.9566443798244091,0.9621276299953553,0.9460434294939132,0.9606654299497697
2023-05-31 15:00:00,0.9606654299497697,0.9632242800295444,0.9537199797332379,0.961030979961166
2023-06-01 15:00:00,0.9599343299269769,0.9694386302232837,0.9544510797560308,0.9632242800295445
2023-06-02 15:00:00,0.9650520300865266,0.9723630303144548,0.96468648007513,0.96980418023468
2023-06-05 15:00:00,0.96980418023468,0.9727285803258512,0.967245330154905,0.9701697302460763
2023-06-06 15:00:00,0.96980418023468,0.96980418023468,0.9475056295394988,0.9496989296078773
2023-06-07 15:00:00,0.9518922296762558,0.9555477297902198,0.9475056295394988,0.9496989296078773
2023-06-08 15:00:00,0.9493333795964809,0.9496989296078773,0.938001329243192,0.9453123294711203
2023-06-09 15:00:00,0.944946779459724,0.9526233296990486,0.9420223793685527,0.951892229676256
2023-06-12 15:00:00,0.9515266796648596,0.9599343299269769,0.9500644796192739,0.9562788298130128
2023-06-13 15:00:00,0.9570099298358056,0.9617620799839589,0.9559132798016166,0.9602998799383733
2023-06-14 15:00:00,0.9602998799383732,0.9661486801207158,0.959203229904184,0.963589830040941
2023-06-15 15:00:00,0.9665142301321122,0.971631930291662,0.9632242800295444,0.969073080211887
2023-06-16 15:00:00,0.9679764301776977,0.9793084805309864,0.9679764301776977,0.9774807304740044
2023-06-19 15:00:00,0.977115180462608,0.9829639806449506,0.9763840804398151,0.980770680576572
2023-06-20 15:00:00,0.9818673306107614,0.985157280713329,0.9782118304967973,0.9818673306107614
2023-06-21 15:00:00,0.9818673306107611,0.9818673306107611,0.9621276299953551,0.9624931800067514
2023-06-26 15:00:00,0.958472129881391,0.9606654299497696,0.9416568293571561,0.9453123294711201
2023-06-27 15:00:00,0.9460434294939131,0.9570099298358054,0.9449467794597237,0.9544510797560306
2023-06-28 15:00:00,0.9544510797560306,0.9544510797560306,0.9358080291748135,0.9529888797104449
2023-06-29 15:00:00,0.9515266796648593,0.9599343299269766,0.9493333795964807,0.9570099298358054
2023-06-30 15:00:00,0.9544510797560306,0.9730941303372475,0.9544510797560306,0.9719974803030582
2023-07-03 15:00:00,0.9723630303144547,0.977115180462608,0.9654175800979229,0.9698041802346797
2023-07-04 15:00:00,0.9676108801663013,0.9745563303828331,0.9676108801663013,0.9741907803714367
2023-07-05 15:00:00,0.9719974803030582,0.9767496304512117,0.9654175800979229,0.9668797801435085
2023-07-06 15:00:00,0.9643209300637335,0.9730941303372475,0.9624931800067515,0.9635898300409408
2023-07-07 15:00:00,0.9632242800295443,0.9635898300409408,0.9526233296990484,0.9595687799155802
2023-07-10 15:00:00,0.9621276299953552,0.9646864800751299,0.9555477297902196,0.9599343299269766
2023-07-11 15:00:00,0.9602998799383728,0.9679764301776976,0.9581065798699945,0.967610880166301
2023-07-12 15:00:00,0.9672453301549049,0.9679764301776977,0.9529888797104449,0.9537199797332376
2023-07-13 15:00:00,0.9562788298130126,0.9646864800751299,0.9544510797560306,0.9628587300181479
2023-07-14 15:00:00,0.9643209300637335,0.9661486801207155,0.9613965299725623,0.9617620799839587
2023-07-17 15:00:00,0.9588376798927875,0.9595687799155802,0.952257779687652,0.958472129881391
2023-07-18 15:00:00,0.9581065798699946,0.9613965299725623,0.9537199797332376,0.9577410298585982
2023-07-19 15:00:00,0.956644379824409,0.9606654299497696,0.95043002963067,0.9555477297902196
2023-07-20 15:00:00,0.9559132798016161,0.9584721298813909,0.9423879293799488,0.943484579414138
2023-07-21 15:00:00,0.9423879293799488,0.9493333795964806,0.939097979277381,0.9423879293799488
2023-07-24 15:00:00,0.9401946293115703,0.947871179550895,0.9380013292431918,0.9401946293115703
2023-07-25 15:00:00,0.9464089795053092,0.9573754798472017,0.9464089795053092,0.9551821797788231
2023-07-26 15:00:00,0.9533544297218411,0.9551821797788231,0.9482367295622913,0.9507955796420662
2023-07-27 15:00:00,0.9518922296762553,0.9537199797332374,0.9416568293571558,0.9434845794141379
2023-07-28 15:00:00,0.9394635292887773,0.953354429721841,0.9376357792317952,0.9515266796648589
2023-07-31 15:00:00,0.9515266796648592,0.9650520300865263,0.9515266796648592,0.9577410298585981
2023-08-01 15:00:00,0.9581065798699945,0.9602998799383728,0.9537199797332375,0.9562788298130125
2023-08-02 15:00:00,0.9562788298130126,0.9581065798699946,0.9511611296534628,0.9544510797560306
2023-08-03 15:00:00,0.9540855297446339,0.9559132798016161,0.9493333795964806,0.9551821797788231
2023-08-04 15:00:00,0.9581065798699945,0.9661486801207154,0.9559132798016161,0.9606654299497693
2023-08-07 15:00:00,0.9595687799155801,0.9624931800067514,0.9548166297674268,0.9562788298130125
2023-08-08 15:00:00,0.9544510797560304,0.9566443798244088,0.9486022795736878,0.9522577796876519
2023-08-09 15:00:00,0.9496989296078769,0.9515266796648592,0.943484579414138,0.9449467794597236
2023-08-10 15:00:00,0.9449467794597236,0.9475056295394986,0.9398290793001739,0.9442156794369309
2023-08-11 15:00:00,0.9442156794369309,0.9456778794825166,0.9266692788899031,0.9270348289012995
2023-08-14 15:00:00,0.923013778775939,0.9303247790038673,0.9135094784796325,0.929228128969678
2023-08-15 15:00:00,0.9281314789354889,0.9306903290152637,0.9127783784568395,0.9222826787531463
2023-08-16 15:00:00,0.9175305286049928,0.921186028718957,0.9098539783656683,0.9105850783884611
2023-08-17 15:00:00,0.9087573283314792,0.9208204787075607,0.9010807780921544,0.9182616286277857
2023-08-18 15:00:00,0.9204549286961642,0.9215515787303534,0.8996185780465688,0.9003496780693616
2023-08-21 15:00:00,0.898887478023776,0.9058329282403078,0.8901142777502621,0.8904798277616585
2023-08-22 15:00:00,0.8937697778642263,0.8977908279895869,0.8798788774311627,0.8959630779326048
2023-08-23 15:00:00,0.8923075778186405,0.8934042278528297,0.877685577362784,0.8791477774083697
2023-08-24 15:00:00,0.8806099774539554,0.8901142777502622,0.8743956272602165,0.8798788774311627
2023-08-25 15:00:00,0.8765889273285951,0.8806099774539554,0.8608702768385492,0.8656224269867026
2023-08-28 15:00:00,0.9164338785708038,0.9164338785708038,0.8681812770664775,0.8711056771576488
2023-08-29 15:00:00,0.8725678772032345,0.9025429781377401,0.8707401271462524,0.8974252779781905
2023-08-30 15:00:00,0.8974252779781905,0.911316178411254,0.8966941779553975,0.9018118781149473
2023-08-31 15:00:00,0.9010807780921544,0.9021774281263436,0.894500877887019,0.8992530280351724
2023-09-01 15:00:00,0.8996185780465688,0.9043707281947222,0.894500877887019,0.8985219280123796
2023-09-04 15:00:00,0.8999841280579652,0.9124128284454431,0.8974252779781903,0.9120472784340468
2023-09-05 15:00:00,0.9098539783656683,0.9127783784568395,0.9043707281947222,0.9069295782744969
2023-09-06 15:00:00,0.9029085281491364,0.9127783784568394,0.8981563780009829,0.9102195283770647
2023-09-07 15:00:00,0.9098539783656681,0.9098539783656681,0.8941353278756226,0.8948664278984153
2023-09-08 15:00:00,0.8934042278528297,0.9003496780693616,0.8915764777958477,0.8966941779553974
2023-09-11 15:00:00,0.8955975279212083,0.9127783784568395,0.8937697778642261,0.9098539783656683
2023-09-12 15:00:00,0.9069295782744968,0.9135094784796323,0.9069295782744968,0.9091228783428753
2023-09-13 15:00:00,0.9076606782972898,0.9083917783200826,0.8904798277616585,0.8974252779781903
2023-09-14 15:00:00,0.8966941779553974,0.8974252779781903,0.8882865276932801,0.8941353278756227
2023-09-15 15:00:00,0.8941353278756227,0.9003496780693616,0.8890176277160728,0.894500877887019
2023-09-18 15:00:00,0.890845377773055,0.8992530280351725,0.8879209776818836,0.8952319779098119
2023-09-19 15:00:00,0.8945008778870192,0.8959630779326048,0.884631027579316,0.8886520777046766
2023-09-20 15:00:00,0.8868243276476946,0.8893831777274693,0.880244427442559,0.8806099774539554
2023-09-21 15:00:00,0.8773200273513878,0.8831688275337304,0.8725678772032345,0.8740300772488201
2023-09-22 15:00:00,0.8729334272146309,0.8915764777958478,0.8718367771804415,0.8915764777958478
2023-09-25 15:00:00,0.8882865276932801,0.8919420278072441,0.8846310275793159,0.8868243276476944
2023-09-26 15:00:00,0.8864587776362979,0.8879209776818835,0.8828032775223339,0.8831688275337302
2023-09-27 15:00:00,0.8828032775223339,0.892673127830037,0.8813410774767482,0.8886520777046765
2023-09-28 15:00:00,0.8886520777046765,0.8955975279212083,0.8886520777046765,0.8952319779098118
2023-10-09 15:00:00,0.8919420278072441,0.894500877887019,0.8853621276021088,0.8915764777958477
2023-10-10 15:00:00,0.8923075778186405,0.8959630779326047,0.8871898776590907,0.8886520777046765
2023-10-11 15:00:00,0.8919420278072441,0.8992530280351724,0.8875554276704871,0.8904798277616585
2023-10-12 15:00:00,0.8948664278984154,0.8977908279895866,0.8908453777730548,0.8970597279667939
2023-10-13 15:00:00,0.8919420278072442,0.8955975279212084,0.8919420278072442,0.8952319779098119
2023-10-16 15:00:00,0.8955975279212084,0.8970597279667941,0.8824377275109376,0.8853621276021089
2023-10-17 15:00:00,0.8853621276021088,0.8864587776362979,0.877685577362784,0.8838999275565231
2023-10-18 15:00:00,0.8806099774539553,0.8817066274881445,0.867815727055081,0.8692779271006666
2023-10-19 15:00:00,0.8659879769980992,0.8718367771804415,0.8586769767701709,0.8601391768157565
2023-10-20 15:00:00,0.8575803267359816,0.8616013768613422,0.8473449264168821,0.8506348765194497
2023-10-23 15:00:00,0.8469793764054856,0.8477104764282783,0.824315275698908,0.8290674258470613
2023-10-24 15:00:00,0.8297985258698541,0.8444205263257106,0.8261430257558899,0.8396683761775573
2023-10-25 15:00:00,0.8466138263940889,0.8542903766334137,0.8455171763598998,0.8491726764738639
2023-10-26 15:00:00,0.846613826394089,0.8564836767017922,0.8418616762459357,0.8550214766562065
2023-10-27 15:00:00,0.8524626265764316,0.87403007724882,0.8488071264624676,0.8711056771576486
2023-10-30 15:00:00,0.8663535270094953,0.8860932276249015,0.8663535270094953,0.8824377275109375
2023-10-31 15:00:00,0.8798788774311626,0.8838999275565231,0.8729334272146306,0.877685577362784
2023-11-01 15:00:00,0.8798788774311626,0.8806099774539553,0.8729334272146306,0.8765889273285948
2023-11-02 15:00:00,0.8762233773171983,0.8806099774539553,0.8667190770208917,0.8670846270322881
2023-11-03 15:00:00,0.8696434771120629,0.8820721774995408,0.8689123770892699,0.8780511273741803
2023-11-06 15:00:00,0.8828032775223337,0.8974252779781902,0.8824377275109373,0.8959630779326045
2023-11-07 15:00:00,0.8926731278300368,0.9021774281263435,0.8923075778186403,0.8988874780237758
2023-11-08 15:00:00,0.8974252779781903,0.9061984782517042,0.8955975279212083,0.90254297813774
2023-11-09 15:00:00,0.9003496780693616,0.9061984782517042,0.894500877887019,0.8966941779553974
2023-11-10 15:00:00,0.894500877887019,0.8966941779553974,0.8901142777502621,0.8952319779098118
2023-11-13 15:00:00,0.8981563780009832,0.9047362782061187,0.8955975279212084,0.9043707281947223
2023-11-14 15:00:00,0.9036396281719294,0.911316178411254,0.9021774281263437,0.9091228783428756
2023-11-15 15:00:00,0.915702778548011,0.9167994285822002,0.9091228783428756,0.9127783784568396
2023-11-16 15:00:00,0.9091228783428756,0.9109506283998576,0.9029085281491367,0.9032740781605331
2023-11-17 15:00:00,0.9025429781377401,0.9135094784796326,0.8999841280579653,0.9131439284682362
2023-11-20 15:00:00,0.911316178411254,0.9208204787075608,0.9080262283086864,0.9193582786619752
2023-11-21 15:00:00,0.9204549286961643,0.9222826787531465,0.912047278434047,0.9127783784568396
2023-11-22 15:00:00,0.911316178411254,0.9160683285594073,0.9014463281035511,0.9029085281491367
2023-11-23 15:00:00,0.9029085281491367,0.9124128284454432,0.8974252779781905,0.9116817284226506
2023-11-24 15:00:00,0.911316178411254,0.911316178411254,0.8963286279440011,0.8988874780237761
2023-11-27 15:00:00,0.8996185780465689,0.9014463281035511,0.8926731278300372,0.8992530280351725
2023-11-28 15:00:00,0.8974252779781905,0.9043707281947223,0.890845377773055,0.9025429781377401
2023-11-29 15:00:00,0.9032740781605332,0.9043707281947224,0.8966941779553976,0.8999841280579655
2023-11-30 15:00:00,0.8992530280351726,0.899618578046569,0.8860932276249017,0.8941353278756229
2023-12-01 15:00:00,0.8941353278756229,0.9043707281947224,0.8897487277388659,0.9025429781377403
2023-12-04 15:00:00,0.902177428126344,0.904736278206119,0.8977908279895871,0.89852192801238
2023-12-05 15:00:00,0.8955975279212087,0.8963286279440015,0.8813410774767486,0.8824377275109379
2023-12-06 15:00:00,0.8817066274881449,0.8926731278300373,0.8780511273741808,0.8860932276249017
2023-12-07 15:00:00,0.8835343775451269,0.8897487277388659,0.8787822273969735,0.8853621276021091
2023-12-08 15:00:00,0.8853621276021091,0.8919420278072444,0.8828032775223341,0.8835343775451269
2023-12-11 15:00:00,0.8791477774083699,0.8963286279440013,0.8740300772488202,0.8926731278300373
2023-12-12 15:00:00,0.8919420278072444,0.8955975279212086,0.8901142777502623,0.8948664278984156
2023-12-13 15:00:00,0.895231977909812,0.895231977909812,0.8853621276021091,0.8864587776362981
2023-12-14 15:00:00,0.890845377773055,0.8948664278984155,0.8817066274881447,0.8835343775451268
2023-12-15 15:00:00,0.8853621276021089,0.8875554276704873,0.8729334272146309,0.8773200273513878
2023-12-18 15:00:00,0.8740300772488201,0.8762233773171985,0.8605047268271528,0.8634291269183242
2023-12-19 15:00:00,0.8637946769297206,0.8674501770436848,0.8572147767245852,0.8641602269411169
2023-12-20 15:00:00,0.8637946769297206,0.8652568769753062,0.8484415764510713,0.8488071264624677
2023-12-21 15:00:00,0.8440549763143143,0.8564836767017922,0.8371095260977824,0.8531937265992245
2023-12-22 15:00:00,0.8524626265764318,0.8568492267131886,0.8418616762459359,0.8458827263712965
2023-12-25 15:00:00,0.8440549763143144,0.8480760264396748,0.8385717261433682,0.8444205263257107
2023-12-26 15:00:00,0.8429583262801251,0.8436894263029179,0.8301640758812506,0.8334540259838183
2023-12-27 15:00:00,0.8334540259838183,0.8403994762003502,0.8294329758584579,0.8382061761319718
2023-12-28 15:00:00,0.8352817760408006,0.857945876747378,0.8327229259610256,0.855387026667603
2023-12-29 15:00:00,0.8546559266448103,0.8681812770664775,0.8499037764966569,0.8678157270550811
2024-01-02 15:00:00,0.866719077020892,0.868546827077874,0.8605047268271531,0.8605047268271531
2024-01-03 15:00:00,0.8586769767701709,0.8626980268955313,0.8506348765194497,0.8564836767017923
2024-01-04 15:00:00,0.8550214766562066,0.8564836767017923,0.8462482763826927,0.8513659765422427
2024-01-05 15:00:00,0.8491726764738641,0.8528281765878283,0.8327229259610256,0.8378406261205753
2024-01-08 15:00:00,0.8352817760408006,0.8352817760408006,0.8151765254139978,0.8162731754481871
2024-01-09 15:00:00,0.8181009255051691,0.8257774757444937,0.8100588252544482,0.8162731754481871
2024-01-10 15:00:00,0.8129832253456194,0.8221219756305297,0.8031133750379162,0.8107899252772409
2024-01-11 15:00:00,0.8096932752430517,0.8305296258926471,0.8096932752430517,0.8268741257786831
2024-01-12 15:00:00,0.8228530756533226,0.8316262759268365,0.8199286755621512,0.8199286755621512
2024-01-15 15:00:00,0.8162731754481872,0.8257774757444939,0.8115210253000339,0.8173698254823765
2024-01-16 15:00:00,0.8166387254595836,0.8188320255279622,0.8038444750607091,0.815176525413998
2024-01-17 15:00:00,0.8118865753114304,0.8137143253684124,0.7921468746960241,0.7925124247074206
2024-01-18 15:00:00,0.7925124247074204,0.7976301248669702,0.7669239239096716,0.790319124639042
2024-01-19 15:00:00,0.785932524502285,0.7928779747188168,0.7797181743085461,0.7804492743313387
2024-01-22 15:00:00,0.7804492743313387,0.7804492743313387,0.7314655728042196,0.7376799229979586
2024-01-23 15:00:00,0.7340244228839946,0.7508397234082295,0.7237890225648951,0.7471842232942654
2024-01-24 15:00:00,0.7486464233398509,0.7596129236817432,0.7278100726902554,0.7588818236589505
2024-01-25 15:00:00,0.7566885235905719,0.7852014244794921,0.7493775233626436,0.7848358744680956
2024-01-26 15:00:00,0.7830081244111136,0.7877602745592669,0.7720416240692213,0.7749660241603926
2024-01-29 15:00:00,0.7746004741489962,0.7804492743313386,0.7533985734880042,0.7537641234994006
2024-01-30 15:00:00,0.7493775233626436,0.7574196236133648,0.7314655728042195,0.7329277728498051
2024-01-31 15:00:00,0.7314655728042195,0.7343899728953909,0.7029526719152995,0.7058770720064708
2024-02-01 15:00:00,0.7018560218811102,0.7161124723255703,0.6894273214936322,0.6996627218127317
2024-02-02 15:00:00,0.6992971718013352,0.7073392720520563,0.6517756703198018,0.6759019710719649
2024-02-05 15:00:00,0.665301020741469,0.6663976707756581,0.6144895691573677,0.6349603697955668
2024-02-06 15:00:00,0.6218005693852959,0.6857718213796679,0.6141240191459713,0.6780952711403433
2024-02-07 15:00:00,0.6722464709580007,0.7146502722799845,0.6722464709580007,0.7084359220862454
2024-02-08 15:00:00,0.7164780223369663,0.7468186732828686,0.7124569722116059,0.7373143729865618
2024-02-19 15:00:00,0.740969873100526,0.7493775233626433,0.7259823226332731,0.738411023020751
2024-02-20 15:00:00,0.7318311228156156,0.7438942731916973,0.7263478726446695,0.7402387730777331
2024-02-21 15:00:00,0.7354866229295798,0.7661928238868784,0.7314655728042192,0.7438942731916973
2024-02-22 15:00:00,0.7431631731689043,0.7577851736247608,0.742797623157508,0.7566885235905716
2024-02-23 15:00:00,0.7570540736019682,0.7698483240008425,0.7504741733968328,0.7694827739894461
2024-02-26 15:00:00,0.7683861239552569,0.7837392244339062,0.7629028737843108,0.7709449740350318
2024-02-27 15:00:00,0.7676550239324642,0.7954368247985916,0.7654617238640857,0.7943401747644022
2024-02-28 15:00:00,0.7943401747644022,0.8049411250948981,0.7552263235449862,0.7559574235677791
2024-02-29 15:00:00,0.7519363734424185,0.7866636245250777,0.7504741733968329,0.7862980745136812
2024-03-01 15:00:00,0.785201424479492,0.7961679248213843,0.7811803743541315,0.795071274787195
2024-03-04 15:00:00,0.7947057247757986,0.7990923249125556,0.7819114743769242,0.7965334748327807
2024-03-05 15:00:00,0.7917813246846274,0.7954368247985916,0.7841047744453027,0.790684674650438
2024-03-06 15:00:00,0.7881258245706633,0.7990923249125556,0.7797181743085457,0.7899535746276453
2024-03-07 15:00:00,0.7903191246390416,0.7987267749011592,0.7778904242515637,0.7782559742629601
2024-03-08 15:00:00,0.780083724319942,0.7921468746960236,0.7753315741717888,0.7884913745820595
2024-03-11 15:00:00,0.7859325245022846,0.8045755750835016,0.7848358744680953,0.8042100250721053
2024-03-12 15:00:00,0.8042100250721052,0.8126176753342225,0.798726774901159,0.8078655251860692
2024-03-13 15:00:00,0.8071344251632765,0.8181009255051688,0.8038444750607087,0.8104243752658441
2024-03-14 15:00:00,0.8093277252316549,0.8144454253912047,0.7979956748783661,0.8056722251176908
2024-03-15 15:00:00,0.8027478250265194,0.8184664755165649,0.8012856249809338,0.8181009255051687
2024-03-18 15:00:00,0.8188320255279615,0.8319918259382322,0.8155420754253937,0.8316262759268358
2024-03-19 15:00:00,0.8283363258242682,0.8312607259154394,0.8224875256419255,0.8235841756761149
2024-03-20 15:00:00,0.8232186256647184,0.8330884759724215,0.8224875256419257,0.8308951759040432
2024-03-21 15:00:00,0.8327229259610252,0.8367439760863857,0.825411925733097,0.8305296258926467
2024-03-22 15:00:00,0.8297985258698539,0.8312607259154395,0.8148109754026011,0.82102532559634
2024-03-25 15:00:00,0.8199286755621507,0.8239497256875112,0.8023822750151228,0.8027478250265194
2024-03-26 15:00:00,0.8020167250037264,0.8071344251632764,0.7914157746732307,0.7990923249125552
2024-03-27 15:00:00,0.7968990248441769,0.7990923249125552,0.7724071740806172,0.7731382741034101
2024-03-28 15:00:00,0.7716760740578243,0.7987267749011587,0.7716760740578243,0.7910502246618341
2024-03-29 15:00:00,0.7888569245934555,0.8001889749467442,0.7844703244566985,0.7994578749239514
2024-04-01 15:00:00,0.8012856249809336,0.8177353754937721,0.8012856249809336,0.8162731754481864
2024-04-02 15:00:00,0.8151765254139972,0.8162731754481864,0.8056722251176905,0.8118865753114295
2024-04-03 15:00:00,0.8118865753114294,0.8118865753114294,0.800920074969537,0.8093277252316545
2024-04-08 15:00:00,0.805306675106294,0.8060377751290868,0.7921468746960231,0.7925124247074197
2024-04-09 15:00:00,0.7925124247074196,0.8038444750607081,0.790319124639041,0.8027478250265191
2024-04-10 15:00:00,0.8012856249809334,0.8012856249809334,0.7819114743769234,0.788491374582059
2024-04-11 15:00:00,0.7837392244339058,0.7998234249353479,0.7822770243883201,0.7903191246390411
2024-04-12 15:00:00,0.7881258245706627,0.7954368247985909,0.7822770243883201,0.7837392244339058
2024-04-15 15:00:00,0.7815459243655272,0.7877602745592661,0.7650961738526887,0.776793774217374
2024-04-16 15:00:00,0.7738693741262026,0.7760626741945812,0.743163173168904,0.7435287231803004
2024-04-17 15:00:00,0.7497430733740396,0.7775248742401666,0.7490119733512466,0.7771593242287703
2024-04-18 15:00:00,0.7731382741034097,0.7855669744908876,0.7672894739210672,0.7760626741945811
2024-04-19 15:00:00,0.7716760740578241,0.7804492743313378,0.7665583738982743,0.7724071740806169
2024-04-22 15:00:00,0.7694827739894456,0.7797181743085452,0.7603440237045355,0.7709449740350313
2024-04-23 15:00:00,0.7694827739894455,0.7742349241375989,0.761806223750121,0.7658272738754816
2024-04-24 15:00:00,0.7650961738526887,0.7804492743313379,0.7636339738071031,0.7800837243199416
2024-04-25 15:00:00,0.7793526242971488,0.7877602745592661,0.7749660241603918,0.7797181743085452
2024-04-26 15:00:00,0.7800837243199416,0.7972645748555729,0.7782559742629596,0.7958023748099873
2024-04-29 15:00:00,0.7987267749011585,0.8166387254595826,0.7968990248441764,0.815176525413997
2024-04-30 15:00:00,0.8137143253684113,0.8159076254367899,0.8045755750835011,0.8067688751518794
2024-05-06 15:00:00,0.8177353754937718,0.829432975858457,0.8173698254823755,0.8217564256191324
2024-05-07 15:00:00,0.8210253255963395,0.826874125778682,0.8199286755621501,0.8250463757216999
2024-05-08 15:00:00,0.8224875256419252,0.8224875256419252,0.8111554752886364,0.8118865753114293
2024-05-09 15:00:00,0.81078992527724,0.8290674258470605,0.81078992527724,0.8261430257558892
2024-05-10 15:00:00,0.8287018758356641,0.8301640758812497,0.8144454253912042,0.8188320255279612
2024-05-13 15:00:00,0.8140798753798075,0.8166387254595825,0.803844475060708,0.8111554752886363
2024-05-14 15:00:00,0.8115210253000328,0.8206597755849431,0.8104243752658435,0.8148109754026005
2024-05-15 15:00:00,0.8140798753798075,0.8162731754481861,0.8060377751290866,0.8074999751746722
2024-05-16 15:00:00,0.8089621752202578,0.8151765254139969,0.8042100250721046,0.8056722251176902
2024-05-17 15:00:00,0.8060377751290866,0.8195631255507537,0.8042100250721046,0.818832025527961
2024-05-20 15:00:00,0.8188320255279609,0.8254119257330962,0.8159076254367896,0.8217564256191322
2024-05-21 15:00:00,0.8202942255735467,0.8206597755849431,0.8100588252544472,0.8133487753570148
2024-05-22 15:00:00,0.8122521253228255,0.8162731754481861,0.8089621752202578,0.8144454253912041
2024-05-23 15:00:00,0.8118865753114293,0.8118865753114293,0.7939746247530052,0.7968990248441764
2024-05-24 15:00:00,0.7928779747188159,0.8005545249581405,0.7873947245478696,0.7873947245478696
2024-05-27 15:00:00,0.7892224746048516,0.7972645748555727,0.7782559742629593,0.7965334748327798
2024-05-28 15:00:00,0.7928779747188157,0.7961679248213834,0.7859325245022839,0.7873947245478695
2024-05-29 15:00:00,0.7859325245022839,0.7936090747416085,0.7837392244339055,0.7870291745364731
2024-05-30 15:00:00,0.7833736744225089,0.7917813246846265,0.7811803743541306,0.7866636245250768
2024-05-31 15:00:00,0.7877602745592658,0.793974624753005,0.7873947245478694,0.7888569245934551
2024-06-03 15:00:00,0.7873947245478694,0.7888569245934551,0.7724071740806167,0.7782559742629592
2024-06-04 15:00:00,0.7749660241603916,0.7852014244794912,0.771676074057824,0.7833736744225089
2024-06-05 15:00:00,0.7811803743541306,0.7859325245022839,0.773503824114806,0.7738693741262024
2024-06-06 15:00:00,0.775331574171788,0.7786215242743557,0.7544952235221926,0.7577851736247603
2024-06-07 15:00:00,0.7639995238184992,0.7665583738982742,0.7526674734652106,0.7607095737159315
2024-06-11 15:00:00,0.7566885235905709,0.7698483240008417,0.7504741733968319,0.7676550239324633
2024-06-12 15:00:00,0.7643650738298956,0.7724071740806167,0.7636339738071027,0.7698483240008417
2024-06-13 15:00:00,0.7716760740578239,0.7716760740578239,0.7632684237957064,0.7650961738526884
2024-06-14 15:00:00,0.7625373237729135,0.7694827739894453,0.7599784736931386,0.767289473921067
2024-06-17 15:00:00,0.7636339738071027,0.7713105240464273,0.7625373237729135,0.7661928238868777
2024-06-18 15:00:00,0.7661928238868777,0.7749660241603915,0.7654617238640847,0.7731382741034095
2024-06-19 15:00:00,0.7738693741262023,0.7756971241831843,0.7625373237729135,0.76290287378431
2024-06-20 15:00:00,0.7614406737387244,0.764730623841292,0.7468186732828679,0.7490119733512463
2024-06-21 15:00:00,0.7464531232714714,0.7530330234766068,0.7431631731689037,0.747915323317057
2024-06-24 15:00:00,0.7435287231802999,0.7438942731916964,0.723057922542101,0.7237890225648939
2024-06-25 15:00:00,0.7237890225648939,0.7270789726674616,0.7124569722116051,0.7179402223825513
2024-06-26 15:00:00,0.7164780223369657,0.7398732230663361,0.7128225222230016,0.7391421230435431
2024-06-27 15:00:00,0.7351210729181827,0.7369488229751647,0.7201335224509298,0.7212301724851191
2024-06-28 15:00:00,0.7190368724167406,0.7369488229751647,0.7186713224053441,0.7248856725990832
2024-07-01 15:00:00,0.7234234725534976,0.7351210729181827,0.7161124723255693,0.7314655728042185
2024-07-02 15:00:00,0.7303689227700293,0.7340244228839935,0.7234234725534976,0.7263478726446688
2024-07-03 15:00:00,0.7248856725990832,0.7270789726674617,0.719402422428137,0.7204990724623263
2024-07-04 15:00:00,0.7219612725079119,0.723789022564894,0.7022215718925057,0.7062426220178661
2024-07-05 15:00:00,0.7047804219722805,0.7164780223369657,0.698931621789938,0.7131880722343981
2024-07-08 15:00:00,0.7098981221318303,0.7109947721660196,0.6930828216075954,0.6963727717101631
2024-07-09 15:00:00,0.6945450216531809,0.7135536222457943,0.6890617714822348,0.7113603221774158
2024-07-10 15:00:00,0.7091670221090375,0.7161124723255693,0.7073392720520555,0.7080703720748482
2024-07-11 15:00:00,0.716843572348362,0.7267134226560651,0.7146502722799836,0.7259823226332723
2024-07-12 15:00:00,0.7252512226104795,0.7267134226560651,0.7197679724395334,0.723057922542101
2024-07-15 15:00:00,0.7208646224737225,0.7219612725079118,0.7135536222457943,0.7153813723027764
2024-07-16 15:00:00,0.7135536222457943,0.718671322405344,0.7091670221090374,0.7172091223597584
2024-07-17 15:00:00,0.7157469223141728,0.7175746723711549,0.7102636721432266,0.7124569722116051
2024-07-18 15:00:00,0.7073392720520554,0.7161124723255692,0.6996627218127307,0.7142847222685871
2024-07-19 15:00:00,0.7084359220862445,0.721230172485119,0.7080703720748481,0.7146502722799836
2024-07-22 15:00:00,0.7142847222685871,0.7190368724167405,0.7109947721660195,0.7157469223141728
2024-07-23 15:00:00,0.7157469223141728,0.7164780223369656,0.6960072216987666,0.6960072216987666
2024-07-24 15:00:00,0.6952761216759737,0.6985660717785415,0.6861373713910635,0.6865029214024598
2024-07-25 15:00:00,0.6832129712998922,0.6952761216759737,0.6817507712543066,0.6872340214252527
2024-07-26 15:00:00,0.6868684714138563,0.7000282718241271,0.6865029214024598,0.698200521767145
2024-07-29 15:00:00,0.698200521767145,0.6992971718013343,0.6927172715961989,0.6949105716645774
2024-07-30 15:00:00,0.6927172715961988,0.7011249218583162,0.6875995714366491,0.6978349717557486
2024-07-31 15:00:00,0.6971038717329558,0.72927227273584,0.6956416716873702,0.7285411727130472
2024-08-01 15:00:00,0.727444522678858,0.733658872872597,0.7194024224281369,0.7237890225648939
2024-08-02 15:00:00,0.7179402223825514,0.7285411727130473,0.7120914222002087,0.7139191722571908
2024-08-05 15:00:00,0.7084359220862445,0.7215957224965154,0.6938139216303881,0.6949105716645774
2024-08-06 15:00:00,0.7022215718925057,0.7084359220862446,0.6963727717101631,0.7044148719608841
2024-08-07 15:00:00,0.7022215718925056,0.7084359220862445,0.6992971718013343,0.7036837719380913
2024-08-08 15:00:00,0.7011249218583163,0.7098981221318302,0.6938139216303881,0.704414871960884
2024-08-09 15:00:00,0.7077048220634516,0.7120914222002086,0.6974694217443521,0.6974694217443521
2024-08-12 15:00:00,0.6960072216987665,0.6985660717785414,0.6916206215620095,0.6949105716645773
2024-08-13 15:00:00,0.6941794716417845,0.6985660717785415,0.6890617714822348,0.6967383217215594
2024-08-14 15:00:00,0.6963727717101629,0.6971038717329557,0.6894273214936311,0.6897928715050275
2024-08-15 15:00:00,0.6872340214252526,0.7051459719836768,0.6868684714138562,0.6960072216987665
2024-08-16 15:00:00,0.6960072216987665,0.6985660717785414,0.6905239715278203,0.6905239715278203
2024-08-19 15:00:00,0.6901584215164239,0.7007593718469198,0.6890617714822347,0.6919861715734059
2024-08-20 15:00:00,0.6923517215848023,0.6934483716189916,0.6769986211061532,0.6799230211973244
2024-08-21 15:00:00,0.6773641711175495,0.6824818712770993,0.6755364210605675,0.6762675210833603
2024-08-22 15:00:00,0.6762675210833602,0.6784608211517387,0.6667632207870535,0.6678598708212428
2024-08-23 15:00:00,0.66712877079845,0.6704187209010177,0.6634732706844859,0.6682254208326392
2024-08-26 15:00:00,0.6678598708212429,0.6740742210149818,0.6656665707528644,0.6707842709124141
2024-08-27 15:00:00,0.668956520855432,0.668956520855432,0.6612799706161073,0.6634732706844858
2024-08-28 15:00:00,0.6623766206502965,0.6704187209010175,0.660183320581918,0.6642043707072786
2024-08-29 15:00:00,0.6616455206275037,0.6780952711403422,0.6609144206047108,0.6751708710491708
2024-08-30 15:00:00,0.6737086710035852,0.6982005217671448,0.6737086710035852,0.6879651214480452
2024-09-02 15:00:00,0.6861373713910632,0.6890617714822345,0.6722464709579996,0.6733431209921888
2024-09-03 15:00:00,0.6718809209466032,0.6839440713226848,0.6718809209466032,0.6791919211745314
2024-09-04 15:00:00,0.6740742210149817,0.6835785213112885,0.6726120209693961,0.6766330710947566
2024-09-05 15:00:00,0.676998621106153,0.6865029214024596,0.676998621106153,0.6821163212657028
2024-09-06 15:00:00,0.683212971299892,0.6839440713226849,0.668956520855432,0.670784270912414
2024-09-09 15:00:00,0.6671287707984499,0.6729775709807925,0.6623766206502966,0.6653010207414679
2024-09-10 15:00:00,0.6653010207414679,0.6704187209010176,0.6536034203767828,0.6674943208098464
2024-09-11 15:00:00,0.6638388206958823,0.6693220708668285,0.6620110706389002,0.66712877079845
2024-09-12 15:00:00,0.6682254208326392,0.6759019710719639,0.6638388206958823,0.6649354707300715
2024-09-13 15:00:00,0.6649354707300715,0.6660321207642608,0.6561622704565576,0.6568933704793505
2024-09-18 15:00:00,0.6561622704565575,0.6576244705021432,0.6451957701146652,0.6539689703881791
2024-09-19 15:00:00,0.6554311704337648,0.6737086710035853,0.6510445702970078,0.6667632207870535
2024-09-20 15:00:00,0.6649354707300714,0.666397670775657,0.6576244705021432,0.6631077206730894
2024-09-23 15:00:00,0.6620110706389002,0.671515370935207,0.6594522205591254,0.6638388206958823
2024-09-24 15:00:00,0.6700531708896212,0.6923517215848023,0.6631077206730895,0.6916206215620095
2024-09-25 15:00:00,0.6985660717785415,0.7139191722571907,0.6956416716873702,0.696372771710163
2024-09-26 15:00:00,0.6934483716189916,0.7303689227700291,0.6934483716189916,0.7289067227244435
2024-09-27 15:00:00,0.7402387730777322,0.796899024844176,0.7336588728725969,0.7939746247530047
2024-09-30 15:00:00,0.8297985258698529,0.8732989772260257,0.7899535746276442,0.8732989772260257
2024-10-08 15:00:00,0.9606654299497681,0.9606654299497681,0.8736645272374223,0.9244759788215233
2024-10-09 15:00:00,0.8882865276932789,0.9065640282630993,0.8418616762459346,0.8495382264852591
2024-10-10 15:00:00,0.8539248266220161,0.8754922772944044,0.8308951759040423,0.8389372761547633
2024-10-11 15:00:00,0.8338195759952136,0.8349162260294027,0.7932435247302119,0.8053066751062934
2024-10-14 15:00:00,0.8078655251860682,0.8356473260521955,0.7932435247302118,0.8345506760180063
2024-10-15 15:00:00,0.8279707758128709,0.8473449264168806,0.8155420754253928,0.817369825482375
2024-10-16 15:00:00,0.8045755750835006,0.8330884759724206,0.8045755750835006,0.8202942255735464
2024-10-17 15:00:00,0.8261430257558888,0.8356473260521956,0.8162731754481859,0.8170042754709785
2024-10-18 15:00:00,0.8155420754253928,0.8820721774995396,0.8144454253912037,0.8542903766334125
2024-10-21 15:00:00,0.858311426758773,0.8838999275565219,0.854655926644809,0.8696434771120618
2024-10-22 15:00:00,0.8674501770436834,0.8820721774995397,0.8630635769069265,0.8743956272602151
2024-10-23 15:00:00,0.8758578273058008,0.8919420278072429,0.8692779271006654,0.8765889273285937
2024-10-24 15:00:00,0.8711056771576474,0.875126727283008,0.8630635769069265,0.8707401271462512
2024-10-25 15:00:00,0.8711056771576474,0.8952319779098106,0.8711056771576474,0.8908453777730536
2024-10-28 15:00:00,0.8886520777046752,0.9032740781605316,0.8846310275793147,0.9029085281491352
2024-10-29 15:00:00,0.9065640282630993,0.9076606782972886,0.8875554276704859,0.889383177727468
2024-10-30 15:00:00,0.8846310275793147,0.897425277978189,0.881341077476747,0.8945008778870178
2024-10-31 15:00:00,0.8955975279212071,0.9171649785935952,0.8901142777502609,0.9076606782972886
2024-11-01 15:00:00,0.9029085281491355,0.9083917783200814,0.8787822273969722,0.8813410774767472
2024-11-04 15:00:00,0.8773200273513865,0.9025429781377388,0.8769544773399901,0.9014463281035496
2024-11-05 15:00:00,0.9007152280807568,0.9354424791634158,0.8977908279895854,0.9317869790494516
2024-11-06 15:00:00,0.9321525290608482,0.9464089795053082,0.9266692788899021,0.9347113791406231
2024-11-07 15:00:00,0.9252070788443165,0.9533544297218401,0.9252070788443165,0.9522577796876509
2024-11-08 15:00:00,0.9577410298585972,0.9683419801890931,0.9486022795736869,0.9529888797104439
2024-11-11 15:00:00,0.9486022795736871,0.9763840804398142,0.9486022795736871,0.9752874304056252
2024-11-12 15:00:00,0.9760185304284178,0.9822328806221569,0.9548166297674261,0.965417580097922
2024-11-13 15:00:00,0.959203229904183,0.9661486801207148,0.9442156794369302,0.9599343299269757
2024-11-14 15:00:00,0.9581065798699937,0.9595687799155794,0.9303247790038665,0.9317869790494521
2024-11-15 15:00:00,0.9295936789810737,0.9398290793001732,0.909488428354271,0.9098539783656674
2024-11-18 15:00:00,0.912047278434046,0.91570277854801,0.8798788774311618,0.8882865276932792
2024-11-19 15:00:00,0.8860932276249007,0.9116817284226496,0.8831688275337294,0.9105850783884603
2024-11-20 15:00:00,0.9069295782744962,0.9288625789582808,0.9047362782061177,0.9274003789126951
2024-11-21 15:00:00,0.9259381788671096,0.9332491790950379,0.9197238286733707,0.9295936789810738
2024-11-22 15:00:00,0.9277659289240915,0.9314214290380557,0.8937697778642253,0.8945008778870182
2024-11-25 15:00:00,0.899618578046568,0.9014463281035502,0.8806099774539546,0.898521928012379
2024-11-26 15:00:00,0.8959630779326041,0.9054673782289108,0.8864587776362973,0.8868243276476939
2024-11-27 15:00:00,0.8857276776135045,0.9102195283770641,0.8696434771120624,0.9087573283314785
2024-11-28 15:00:00,0.9080262283086856,0.9157027785480103,0.9014463281035503,0.9036396281719288
2024-11-29 15:00:00,0.9025429781377393,0.9281314789354882,0.8966941779553967,0.9186271786391814
2024-12-02 15:00:00,0.9189927286505777,0.940560179322966,0.9178960786163886,0.9372702292203983
2024-12-03 15:00:00,0.9376357792317946,0.9427534793913446,0.9259381788671095,0.9347113791406234
2024-12-04 15:00:00,0.9332491790950378,0.9347113791406234,0.9160683285594063,0.9222826787531455
2024-12-05 15:00:00,0.9193582786619742,0.936173579186209,0.9182616286277849,0.9328836290836414
2024-12-06 15:00:00,0.932518079072245,0.9486022795736871,0.9233793287873346,0.943119029402741
2024-12-09 15:00:00,0.9420223793685516,0.9464089795053086,0.9277659289240915,0.9347113791406234
2024-12-10 15:00:00,0.9668797801435075,0.9683419801890931,0.9420223793685515,0.9445812294483263
2024-12-11 15:00:00,0.9427534793913446,0.9577410298585973,0.9412912793457588,0.9566443798244081
2024-12-12 15:00:00,0.9566443798244081,0.964686480075129,0.9478711795508942,0.9639553800523363
2024-12-13 15:00:00,0.9577410298585972,0.95847212988139,0.9431190294027407,0.9449467794597227
2024-12-16 15:00:00,0.9449467794597227,0.9456778794825157,0.929228128969677,0.9328836290836412
2024-12-17 15:00:00,0.9295936789810736,0.9321525290608483,0.9113161784112529,0.9127783784568385
2024-12-18 15:00:00,0.9138750284910279,0.9266692788899022,0.9094884283542709,0.9200893786847668
2024-12-19 15:00:00,0.9113161784112529,0.9248415288329201,0.9065640282630996,0.9226482287645417
2024-12-20 15:00:00,0.9197238286733703,0.9387324292659837,0.919358278661974,0.9317869790494518
2024-12-23 15:00:00,0.9295936789810735,0.9310558790266591,0.9047362782061175,0.9054673782289102
2024-12-24 15:00:00,0.9065640282630995,0.9157027785480097,0.9018118781149461,0.9153372285366134
2024-12-25 15:00:00,0.9153372285366135,0.9153372285366135,0.897059727966793,0.9061984782517032
2024-12-26 15:00:00,0.9047362782061176,0.9182616286277848,0.9043707281947212,0.9149716785252171
2024-12-27 15:00:00,0.9149716785252171,0.929228128969677,0.9098539783656673,0.9164338785708027
2024-12-30 15:00:00,0.9146061285138204,0.9200893786847667,0.9065640282630995,0.9138750284910278
2024-12-31 15:00:00,0.9135094784796315,0.9167994285821991,0.8838999275565221,0.8846310275793149
2025-01-02 15:00:00,0.8831688275337293,0.8886520777046755,0.8524626265764307,0.8608702768385482
2025-01-03 15:00:00,0.8619669268727375,0.8645257769525124,0.8334540259838173,0.8371095260977816
2025-01-06 15:00:00,0.8352817760407995,0.8444205263257097,0.826143025755889,0.8323573759496282
2025-01-07 15:00:00,0.8319918259382318,0.8447860763371062,0.8279707758128714,0.8444205263257099
2025-01-08 15:00:00,0.8414961262345386,0.848076026439674,0.8159076254367899,0.8403994762003493
2025-01-09 15:00:00,0.8349162260294031,0.8484415764510704,0.8341851260066103,0.8422272262573313
2025-01-10 15:00:00,0.8414961262345386,0.8495382264852596,0.8235841756761144,0.8243152756989072
2025-01-13 15:00:00,0.8177353754937718,0.8323573759496283,0.8115210253000329,0.8261430257558892
2025-01-14 15:00:00,0.8272396757900784,0.8645257769525124,0.8254119257330963,0.8641602269411158
2025-01-15 15:00:00,0.8616658113607055,0.8642656651018801,0.8542376578144925,0.8575803269102885
2025-01-16 15:00:00,0.8609229960060842,0.8783791568396848,0.8538662501371819,0.8612944036833948
2025-01-17 15:00:00,0.8579517345875992,0.875036487743889,0.854980473169114,0.867608334197676
2025-01-20 15:00:00,0.8720652263254038,0.8813504182581702,0.86983678026154,0.8724366340027145
2025-01-21 15:00:00,0.8765221184531315,0.8798647875489276,0.8657512958111228,0.8780077491623742
2025-01-22 15:00:00,0.8742936723892678,0.876150710775821,0.8650084804565016,0.870951003293472
2025-01-23 15:00:00,0.8768935261304424,0.891007017868247,0.8661227034884335,0.8664941111657442
2025-01-24 15:00:00,0.8650084804565016,0.884693087353966,0.8650084804565016,0.8839502719993446
2025-01-27 15:00:00,0.8854359027085872,0.888778571804383,0.8668655188430547,0.867608334197676
2025-02-05 15:00:00,0.8742936723892678,0.8824646412901019,0.868722557229608,0.8735508570346464
2025-02-06 15:00:00,0.8716938186480931,0.8991779867690811,0.868722557229608,0.8969495407052174
2025-02-07 15:00:00,0.8973209483825281,0.9225766704396522,0.8965781330279069,0.9118058477976434
2025-02-10 15:00:00,0.9118058477976433,0.9244337088262053,0.9099488094110901,0.9222052627623415
2025-02-11 15:00:00,0.9210910397304095,0.9240623011488946,0.9110630324430219,0.9203482243757883
2025-02-12 15:00:00,0.9184911859892351,0.9352045314682143,0.9173769629573032,0.9340903084362824
2025-02-13 15:00:00,0.9329760854043504,0.9337189007589717,0.9222052627623416,0.9251765241808269
2025-02-14 15:00:00,0.9233194857942736,0.9307476393404864,0.9188625936665459,0.9285191932766226
2025-02-17 15:00:00,0.9314904546951077,0.9370615698547675,0.924805116503516,0.9326046777270397
2025-02-18 15:00:00,0.9303762316631757,0.9337189007589715,0.9084631787018476,0.9140342938615071
2025-02-19 15:00:00,0.9110630324430219,0.9352045314682141,0.9110630324430219,0.9344617161135929
2025-02-20 15:00:00,0.9326046777270397,0.9433755003690485,0.9314904546951077,0.9407756466278738
2025-02-21 15:00:00,0.9422612773371165,0.9623172919118916,0.9378043852093887,0.9586032151387851
2025-02-24 15:00:00,0.9582318074614743,0.9656599610076873,0.9515464692698825,0.9600888458480275
2025-02-25 15:00:00,0.9482038001740869,0.9652885533303768,0.9456039464329122,0.9560033613976104
2025-02-26 15:00:00,0.9567461767522318,0.9712310761673472,0.953403507656436,0.9708596684900365
2025-02-27 15:00:00,0.9686312224261726,0.9727167068765898,0.9508036539152614,0.9656599610076875
2025-02-28 15:00:00,0.9604602535253384,0.9615744765572704,0.9296334163085547,0.9326046777270398
2025-03-03 15:00:00,0.9337189007589717,0.9478323924967764,0.92703356256738,0.9314904546951078
2025-03-04 15:00:00,0.9255479318581374,0.9452325387556019,0.9248051165035163,0.9437469080463592
2025-03-05 15:00:00,0.9433755003690486,0.950432246237951,0.9374329775320782,0.9500608385606402
2025-03-06 15:00:00,0.9552605460429893,0.9749451529404536,0.9545177306883679,0.9708596684900365
2025-03-07 15:00:00,0.9686312224261725,0.9768021913270066,0.9612030688799595,0.9667741840396192
2025-03-10 15:00:00,0.9667741840396192,0.9704882608127257,0.9593460304934063,0.9678884070715511
2025-03-11 15:00:00,0.9582318074614742,0.9749451529404534,0.9571175844295422,0.9745737452631427
2025-03-12 15:00:00,0.9756879682950745,0.9864587909370834,0.9738309299085214,0.9760593759723853
2025-03-13 15:00:00,0.9738309299085215,0.9756879682950746,0.9511750615925719,0.9612030688799595
2025-03-14 15:00:00,0.9597174381707169,0.9779164143589387,0.9537749153337465,0.9771735990043173
2025-03-17 15:00:00,0.9768021913270065,0.9816304911320449,0.9734595222312107,0.9782878220362491
2025-03-18 15:00:00,0.9801448604228025,0.9879444216463262,0.9768021913270066,0.9823733064866664
2025-03-19 15:00:00,0.9786592297135599,0.9805162681001133,0.9708596684900362,0.9756879682950746
2025-03-20 15:00:00,0.973459522231211,0.9801448604228026,0.9690026301034832,0.9716024838446579
2025-03-21 15:00:00,0.9686312224261725,0.9704882608127257,0.9489466155287081,0.9515464692698825
2025-03-24 15:00:00,0.9504322462379508,0.9519178769471933,0.9281477855993118,0.9441183157236696
2025-03-25 15:00:00,0.9418898696598057,0.9474609848194655,0.9344617161135927,0.9378043852093886
2025-03-26 15:00:00,0.9355759391455248,0.9470895771421549,0.9355759391455248,0.9407756466278738
2025-03-27 15:00:00,0.9392900159186313,0.9508036539152614,0.9285191932766225,0.9407756466278738
2025-03-28 15:00:00,0.9396614235959418,0.9448611310782911,0.9296334163085544,0.9311190470177971
2025-03-31 15:00:00,0.9274049702446904,0.9307476393404862,0.9132914785068857,0.9255479318581371
2025-04-01 15:00:00,0.9259193395354478,0.9363187545001459,0.9259193395354478,0.9296334163085543
2025-04-02 15:00:00,0.9274049702446904,0.9396614235959417,0.9270335625673798,0.9326046777270396
2025-04-03 15:00:00,0.9255479318581371,0.9366901621774566,0.915148516893439,0.9218338550850308
2025-04-07 15:00:00,0.8754078954211997,0.8898927948363148,0.8297247511119897,0.8297247511119897
2025-04-08 15:00:00,0.816725482406117,0.8382671276901347,0.8063260674414188,0.8241536359523299
2025-04-09 15:00:00,0.8085545135052827,0.8453238735590369,0.7773562686111882,0.8386385353674454
2025-04-10 15:00:00,0.8523806194279392,0.8754078954211995,0.8520092117506286,0.859065957619531
2025-04-11 15:00:00,0.8531234347825606,0.8809790105808591,0.8523806194279392,0.8702081879388504
2025-04-14 15:00:00,0.8787505645169953,0.8887785718043827,0.8772649338077527,0.8817218259354805
2025-04-15 15:00:00,0.8809790105808591,0.8839502719993443,0.8724366340027143,0.8783791568396847
2025-04-16 15:00:00,0.8739222647119569,0.8765221184531313,0.8564661038783563,0.8672369265203651
2025-04-17 15:00:00,0.8627800343926374,0.8768935261304421,0.8616658113607054,0.8676083341976758
2025-04-18 15:00:00,0.8653798881338121,0.8709510032934719,0.8605515883287737,0.8661227034884332
2025-04-21 15:00:00,0.8646370727791906,0.8846930873539657,0.8609229960060841,0.8839502719993443
2025-04-22 15:00:00,0.8828360489674123,0.8880357564497615,0.8794933798716166,0.8839502719993443
2025-04-23 15:00:00,0.8884071641270721,0.8947210946413531,0.8846930873539657,0.8891499794816935
2025-04-24 15:00:00,0.8876643487724509,0.8891499794816935,0.8754078954211995,0.8806076029035486
2025-04-25 15:00:00,0.8806076029035483,0.8898927948363146,0.876893526130442,0.8824646412901016
2025-04-28 15:00:00,0.882093233612791,0.883207456644723,0.8709510032934716,0.8731794493573354
2025-04-29 15:00:00,0.8709510032934714,0.8809790105808588,0.8679797418749863,0.8776363414850631
2025-04-30 15:00:00,0.8776363414850632,0.8876643487724507,0.8772649338077526,0.8843216796766548
2025-05-06 15:00:00,0.889521387159004,0.9069775479926045,0.889521387159004,0.9069775479926045
2025-05-07 15:00:00,0.9162627399253709,0.926662154890069,0.9017778405102554,0.9077203633472258
2025-05-08 15:00:00,0.9058633249606726,0.9177483706346133,0.9051205096060512,0.9158913322480601
2025-05-09 15:00:00,0.9155199245707492,0.9155199245707492,0.9002922098010127,0.9051205096060511
2025-05-12 15:00:00,0.910691624765711,0.9181197783119239,0.9080917710245363,0.9177483706346133
2025-05-13 15:00:00,0.9240623011488942,0.9240623011488942,0.9121772554749534,0.9144057015388174
2025-05-14 15:00:00,0.9144057015388174,0.9229480781169621,0.9080917710245362,0.9166341476026811
2025-05-15 15:00:00,0.9144057015388174,0.914777109216128,0.9002922098010127,0.9017778405102552
2025-05-16 15:00:00,0.899920802123702,0.9077203633472256,0.8995493944463914,0.9032634712194978
2025-05-19 15:00:00,0.899920802123702,0.9080917710245362,0.8939782792867316,0.907348955669915
2025-05-20 15:00:00,0.9058633249606723,0.9162627399253706,0.9032634712194978,0.914777109216128
2025-05-21 15:00:00,0.9129200708295747,0.9140342938615066,0.9088345863791576,0.912548663152264
2025-05-22 15:00:00,0.9099488094110897,0.9155199245707493,0.9025206558648767,0.9036348788968085
2025-05-23 15:00:00,0.9017778405102553,0.9088345863791577,0.8917498332228677,0.8921212409001785
2025-05-26 15:00:00,0.8917498332228677,0.8999208021237022,0.890635610190936,0.8973209483825275
2025-05-27 15:00:00,0.8943496869640424,0.8980637637371489,0.8887785718043826,0.894721094641353
2025-05-28 15:00:00,0.8943496869640424,0.8984351714144595,0.8898927948363146,0.8924926485774891
2025-05-29 15:00:00,0.8939782792867316,0.9088345863791576,0.8928640562547996,0.908463178701847
2025-05-30 15:00:00,0.9051205096060512,0.9054919172833619,0.8969495407052169,0.8999208021237022
2025-06-03 15:00:00,0.8965781330279063,0.9080917710245363,0.895835317673285,0.9047491019287406
2025-06-04 15:00:00,0.9051205096060511,0.9140342938615066,0.9040062865741192,0.9129200708295747
2025-06-05 15:00:00,0.9132914785068855,0.922205262762341,0.9092059940564683,0.9203482243757879
2025-06-06 15:00:00,0.9207196320530985,0.9207196320530985,0.9155199245707493,0.9184911859892345
2025-06-09 15:00:00,0.9199768166984771,0.9303762316631753,0.9188625936665453,0.9277763779220008
2025-06-10 15:00:00,0.9285191932766219,0.9285191932766219,0.9114344401203321,0.9196054090211664
2025-06-11 15:00:00,0.9196054090211665,0.9296334163085541,0.9192340013438559,0.9236908934715837
2025-06-12 15:00:00,0.919976816698477,0.9270335625673793,0.9173769629573025,0.9251765241808262
2025-06-13 15:00:00,0.9225766704396515,0.9240623011488942,0.9110630324430213,0.9132914785068854
2025-06-16 15:00:00,0.9103202170884002,0.9203482243757878,0.9099488094110896,0.9184911859892344
2025-06-17 15:00:00,0.9188625936665451,0.9214624474077195,0.9144057015388174,0.9173769629573025
2025-06-18 15:00:00,0.9170055552799917,0.9184911859892344,0.9092059940564682,0.9162627399253706
2025-06-19 15:00:00,0.9144057015388174,0.9184911859892344,0.9017778405102552,0.9051205096060511
2025-06-20 15:00:00,0.9040062865741192,0.907348955669915,0.8973209483825274,0.897692356059838
2025-06-23 15:00:00,0.8932354639321101,0.9095774017337787,0.8932354639321101,0.9092059940564681
2025-06-24 15:00:00,0.9095774017337787,0.9270335625673792,0.9092059940564681,0.926290747212758
2025-06-25 15:00:00,0.9270335625673792,0.9415184619824946,0.9266621548900686,0.940032831273252
2025-06-26 15:00:00,0.9389186082413201,0.9441183157236691,0.9355759391455243,0.9359473468228349
2025-06-27 15:00:00,0.9385472005640095,0.9467181694648437,0.9366901621774562,0.9392900159186307
2025-06-30 15:00:00,0.9407756466278735,0.9522892846245036,0.9407756466278735,0.9515464692698823
2025-07-01 15:00:00,0.9515464692698823,0.9545177306883674,0.9437469080463586,0.9541463230110568
2025-07-02 15:00:00,0.951917876947193,0.9522892846245036,0.9418898696598055,0.9456039464329119
2025-07-03 15:00:00,0.9452325387556012,0.950803653915261,0.9418898696598055,0.949689430883329
2025-07-04 15:00:00,0.9470895771421546,0.9556319537202995,0.9422612773371162,0.9459753541102228
2025-07-07 15:00:00,0.94448972340098,0.948575207851397,0.9441183157236692,0.9470895771421545
2025-07-08 15:00:00,0.9467181694648439,0.9608316612026486,0.9448611310782906,0.9604602535253378
2025-07-09 15:00:00,0.9612030688799592,0.9638029226211338,0.9556319537202994,0.9574889921068527
2025-07-10 15:00:00,0.9571175844295419,0.9641743302984442,0.9541463230110567,0.9593460304934058
2025-07-11 15:00:00,0.9600888458480271,0.973830929908521,0.9567461767522313,0.9690026301034826
2025-07-14 15:00:00,0.969745445458104,0.9701168531354146,0.9649171456530655,0.9682598147488615
2025-07-15 15:00:00,0.9675169993942401,0.9708596684900359,0.9556319537202993,0.9649171456530655
2025-07-16 15:00:00,0.9652885533303761,0.9734595222312104,0.9638029226211335,0.9690026301034825
2025-07-17 15:00:00,0.96751699939424,0.9808876757774233,0.9664027763623079,0.9805162681001127
2025-07-18 15:00:00,0.9808876757774234,0.9853445679051512,0.9775450066816276,0.9827447141639766
2025-07-21 15:00:00,0.9827447141639766,0.9912870907421216,0.9827447141639766,0.990915683064811
2025-07-22 15:00:00,0.9916584984194322,0.997229613579092,0.9883158293236364,0.9968582059017814
2025-07-23 15:00:00,0.997229613579092,1.0016865057068198,0.989801460032879,0.9931441291286748
2025-07-24 15:00:00,0.9924013137740536,1.0072576208664796,0.990915683064811,1.0065148055118582
2025-07-25 15:00:00,1.0072576208664796,1.0072576208664796,1.0002008749975773,1.005771990157237
2025-07-28 15:00:00,1.0061433978345475,1.0113431053168966,1.0002008749975773,1.0087432515757222
2025-07-29 15:00:00,1.0072576208664796,1.0180284435084885,1.0002008749975773,1.0172856281538671
2025-07-30 15:00:00,1.016171405121935,1.016171405121935,1.0002008749975773,1.0080004362211008
2025-07-31 15:00:00,1.0050291748026157,1.0124573283488285,0.9953725751925387,1.0009436903521984
2025-08-01 15:00:00,0.999458059642956,1.006886213189169,0.994258352160607,1.0002008749975773
2025-08-04 15:00:00,0.9961153905471601,1.0128287360261392,0.9938869444832963,1.0124573283488287
2025-08-05 15:00:00,1.012457328348829,1.01877125886311,1.0109716976395862,1.0183998511857992
2025-08-06 15:00:00,1.0180284435084885,1.0310277122143612,1.0157999974446246,1.029170673827808
2025-08-07 15:00:00,1.03028489685974,1.0328847506009147,1.021742520281595,1.0295420815051186
2025-08-08 15:00:00,1.0284278584731867,1.0299134891824293,1.021742520281595,1.0261994124093228
2025-08-11 15:00:00,1.0269422277639442,1.045141203952166,1.0265708200866333,1.0410557195017487
2025-08-12 15:00:00,1.0414271271790592,1.045141203952166,1.0354846043420889,1.0447697962748552
2025-08-13 15:00:00,1.045884019306787,1.0625973647857665,1.045884019306787,1.0599975110445918
2025-08-14 15:00:00,1.061111734076524,1.0622259571084558,1.0443983885975445,1.0484838730479618
2025-08-15 15:00:00,1.0436555732429234,1.0707683336866007,1.042912757888302,1.0700255183319793
2025-08-18 15:00:00,1.0718825567185328,1.0923099789706183,1.0707683336866007,1.0856246407790267
2025-08-19 15:00:00,1.0845104177470946,1.0937956096798607,1.0793107102647455,1.0863674561336478
2025-08-20 15:00:00,1.0819105640059201,1.0993667248395207,1.074853818137018,1.0986239094848995
2025-08-21 15:00:00,1.1004809478714526,1.1034522092899377,1.083024787037852,1.0885959021975118
2025-08-22 15:00:00,1.0871102714882694,1.1082805090949763,1.0871102714882694,1.1075376937403552
2025-08-25 15:00:00,1.1123659935453936,1.1287079313470623,1.1112517705134617,1.1220225931554704
2025-08-26 15:00:00,1.118308516382364,1.1313077850882367,1.114965847286568,1.1220225931554704
2025-08-27 15:00:00,1.12165118547816,1.1353932695386537,1.1001095401941423,1.102337986258006
2025-08-28 15:00:00,1.096024055743725,1.1179371087050531,1.0830247870378522,1.1175657010277427
2025-08-29 15:00:00,1.1149658472865682,1.1238796315420239,1.1060520630311128,1.1164514779958108
2025-09-01 15:00:00,1.1197941470916069,1.1305649697336155,1.113108808900015,1.1283365236697516
2025-09-02 15:00:00,1.1246224468966453,1.1253652622512664,1.0885959021975122,1.0989953171622104
2025-09-03 15:00:00,1.0997381325168316,1.1038236169672488,1.0767108565235715,1.0822819716832313
2025-09-04 15:00:00,1.0811677486512992,1.0897101252294443,1.042169942533681,1.0570262496261071
2025-09-05 15:00:00,1.0566548419487964,1.0897101252294443,1.0544263958849325,1.0878530868428908
2025-09-08 15:00:00,1.0874816791655801,1.1001095401941423,1.0826533793605417,1.0967668710983463
2025-09-09 15:00:00,1.0934242020025504,1.0975096864529676,1.079310710264746,1.0841390100697843
2025-09-10 15:00:00,1.0826533793605417,1.096024055743725,1.0778250795555033,1.0848818254244055
2025-09-11 15:00:00,1.0807963409739887,1.114223031931947,1.0722539643958438,1.1138516242546364
2025-09-12 15:00:00,1.1142230319319468,1.122394000832781,1.1093947321269084,1.1142230319319468
2025-09-15 15:00:00,1.1145944396092575,1.1190513317369855,1.1105089551588405,1.113108808900015
2025-09-16 15:00:00,1.113108808900015,1.1264794852831983,1.1041950246445593,1.1249938545739557
2025-09-17 15:00:00,1.1220225931554704,1.1368789002478963,1.119422739414296,1.1350218618613432
2025-09-18 15:00:00,1.1361360848932751,1.1509923919857012,1.1082805090949763,1.1205369624462278
2025-09-19 15:00:00,1.119422739414296,1.1283365236697513,1.1105089551588405,1.1164514779958106
2025-09-22 15:00:00,1.1168228856731213,1.126479485283198,1.112737401222704,1.125736669928577
2025-09-23 15:00:00,1.1249938545739555,1.125736669928577,1.0919385712933078,1.1123659935453936
2025-09-24 15:00:00,1.1053092476764912,1.1324220081201684,1.1015951709033847,1.1316791927655472
2025-09-25 15:00:00,1.1313077850882365,1.1361360848932751,1.125365262251266,1.12759370831513
2025-09-26 15:00:00,1.1238796315420232,1.1301935620563044,1.111623178190772,1.1123659935453933
2025-09-29 15:00:00,1.1112517705134615,1.1305649697336153,1.1082805090949763,1.1261080776058874
2025-09-30 15:00:00,1.1301935620563046,1.1420786077302454,1.1283365236697513,1.1376217156025177
2025-10-09 15:00:00,1.1417072000529347,1.1528494303722543,1.1391073463117605,1.1472783152125945
2025-10-10 15:00:00,1.1439356461167987,1.1439356461167987,1.128707931347062,1.1320506004428579
2025-10-13 15:00:00,1.0956526480664144,1.1331648234747898,1.090452940584065,1.128707931347062
2025-10-14 15:00:00,1.133907638829411,1.142450015407556,1.1030808016126272,1.1086519167722868
2025-10-15 15:00:00,1.1060520630311124,1.125365262251266,1.0997381325168314,1.1238796315420234
2025-10-16 15:00:00,1.1186799240596743,1.1223940008327806,1.1090233244495975,1.1123659935453933
2025-10-17 15:00:00,1.11050895515884,1.1157086626411892,1.0789393025874348,1.0804249332966773
2025-10-20 15:00:00,1.085996048456337,1.0978810941302777,1.0811677486512985,1.087110271488269
2025-10-21 15:00:00,1.0900815329067541,1.1053092476764907,1.087110271488269,1.1023379862580056
2025-10-22 15:00:00,1.0967668710983458,1.1041950246445587,1.092309978970618,1.098623909484899
2025-10-23 15:00:00,1.095281240389103,1.1008523555487628,1.080424933296677,1.0993667248395202
2025-10-24 15:00:00,1.103080801612627,1.1179371087050527,1.102709393935316,1.1171942933504315
2025-10-27 15:00:00,1.1246224468966446,1.1298221543789935,1.1168228856731208,1.1253652622512658
2025-10-28 15:00:00,1.1238796315420232,1.1335362311521,1.1183085163823636,1.1235082238647125
2025-10-29 15:00:00,1.1257366699285765,1.1391073463117598,1.1212797778008488,1.138735938634449
2025-10-30 15:00:00,1.136878900247896,1.137993123279828,1.123136816187402,1.1272223006378193
2025-10-31 15:00:00,1.1261080776058874,1.1409643846983133,1.1246224468966448,1.1279651159924406
2025-11-03 15:00:00,1.1272223006378197,1.1342790465067218,1.1134802165773257,1.1324220081201686
2025-11-04 15:00:00,1.1290793390243727,1.1301935620563048,1.1101375474815296,1.117194293350432
2025-11-05 15:00:00,1.1060520630311126,1.1261080776058876,1.10456643232187,1.1227654085100918
2025-11-06 15:00:00,1.1227654085100918,1.1365074925705858,1.1209083701235385,1.1353932695386537
2025-11-07 15:00:00,1.1316791927655474,1.1398501616663816,1.1249938545739555,1.1346504541840325
2025-11-10 15:00:00,1.1398501616663816,1.1417072000529347,1.1290793390243727,1.1361360848932751
2025-11-11 15:00:00,1.139478753989071,1.1435642384394882,1.130936377410926,1.1335362311521007
2025-11-12 15:00:00,1.130936377410926,1.1335362311521007,1.1160800703185,1.1268508929605088
2025-11-13 15:00:00,1.1238796315420234,1.1439356461167987,1.1223940008327808,1.142450015407556
2025-11-14 15:00:00,1.133907638829411,1.1409643846983133,1.1268508929605086,1.1272223006378195
2025-11-17 15:00:00,1.1272223006378193,1.1342790465067214,1.1242510392193341,1.1298221543789937
2025-11-18 15:00:00,1.1272223006378193,1.1298221543789937,1.114594439609257,1.120908370123538
2025-11-19 15:00:00,1.1186799240596743,1.1246224468966446,1.1045664323218698,1.1112517705134612
2025-11-20 15:00:00,1.1171942933504317,1.1194227394142955,1.103080801612627,1.1041950246445589
2025-11-21 15:00:00,1.0934242020025502,1.0971382787756567,1.062968772463077,1.062968772463077
2025-11-24 15:00:00,1.065940033881562,1.0804249332966773,1.061854549431145,1.0752252258143284
2025-11-25 15:00:00,1.0796821179420562,1.0986239094848993,1.0796821179420562,1.089338717552133
2025-11-26 15:00:00,1.0900815329067544,1.0982525018075886,1.0848818254244053,1.089338717552133
2025-11-27 15:00:00,1.0893387175521327,1.101966578580695,1.0889673098748223,1.0904529405840648
2025-11-28 15:00:00,1.0900815329067544,1.103080801612627,1.0874816791655797,1.1019665785806951
2025-12-01 15:00:00,1.1053092476764912,1.1116231781907722,1.1027093939353165,1.1093947321269082
2025-12-02 15:00:00,1.1090233244495977,1.1090233244495977,1.0963954634210356,1.100109540194142
2025-12-03 15:00:00,1.1008523555487633,1.1023379862580058,1.0867388638109587,1.0900815329067546
2025-12-04 15:00:00,1.090452940584065,1.0941670173571716,1.0807963409739882,1.0911957559386865
2025-12-05 15:00:00,1.0897101252294437,1.1067948783857335,1.0815391563286094,1.1060520630311124
2025-12-08 15:00:00,1.1086519167722868,1.1194227394142957,1.1071662860630442,1.1157086626411892
2025-12-09 15:00:00,1.1145944396092573,1.1186799240596745,1.1082805090949763,1.1093947321269082
2025-12-10 15:00:00,1.107537693740355,1.1160800703184997,1.1015951709033844,1.113851624254636
2025-12-11 15:00:00,1.1157086626411892,1.1175657010277424,1.1008523555487633,1.1023379862580058
2025-12-12 15:00:00,1.1027093939353163,1.1134802165773252,1.0986239094848993,1.1097661398042187
2025-12-15 15:00:00,1.1060520630311124,1.1108803628361508,1.0997381325168312,1.1019665785806951
2025-12-16 15:00:00,1.1004809478714526,1.1004809478714526,1.0763394488462603,1.083024787037852
2025-12-17 15:00:00,1.0804249332966775,1.101223763226074,1.0767108565235712,1.0975096864529674
2025-12-18 15:00:00,1.0900815329067546,1.1056806553538017,1.0897101252294439,1.0952812403891035
2025-12-19 15:00:00,1.0993667248395207,1.1086519167722868,1.0956526480664144,1.1045664323218698
2025-12-22 15:00:00,1.1090233244495977,1.1194227394142957,1.1086519167722868,1.1145944396092573
2025-12-23 15:00:00,1.1138516242546361,1.120165554768917,1.1090233244495977,1.1134802165773254
2025-12-24 15:00:00,1.1116231781907722,1.1324220081201684,1.1116231781907722,1.1309363774109258
2025-12-25 15:00:00,1.1305649697336153,1.1443070537941091,1.128707931347062,1.1405929770210028
2025-12-26 15:00:00,1.1398501616663814,1.1524780226949436,1.1376217156025177,1.1446784614714198
2025-12-29 15:00:00,1.1446784614714198,1.1502495766310796,1.1387359386344493,1.1428214230848666
2025-12-30 15:00:00,1.1394787539890707,1.15062098430839,1.1372503079252068,1.1439356461167987
2025-12-31 15:00:00,1.146535499857973,1.147649722889905,1.1368789002478963,1.143564238439488
2026-01-05 15:00:00,1.147649722889905,1.1706769988831653,1.1469069075352838,1.169934183528544
2026-01-06 15:00:00,1.1725340372697186,1.1885045673940764,1.1691913681739228,1.1866475290075231
2026-01-07 15:00:00,1.1866475290075231,1.195189905585668,1.183676267589038,1.1896187904260083
2026-01-08 15:00:00,1.1870189366848338,1.2048465051957449,1.1870189366848338,1.2000182053907062
2026-01-09 15:00:00,1.1981611670041532,1.2293594118982478,1.1981611670041532,1.2275023735116946
2026-01-12 15:00:00,1.2341877117032862,1.2679858103385553,1.2297308195755585,1.2650145489200701
2026-01-13 15:00:00,1.2657573642746913,1.2668715873066234,1.232330673316733,1.2393874191856353
2026-01-14 15:00:00,1.2327020809940437,1.2702142564024193,1.2263881504797627,1.2423586806041207
2026-01-15 15:00:00,1.232330673316733,1.2442157189906737,1.2256453351251413,1.2423586806041207
2026-01-16 15:00:00,1.250529649504955,1.2520152802141975,1.229359411898248,1.2390160115083249
2026-01-19 15:00:00,1.2318302170774704,1.2510070611162223,1.2299501343285733,1.242358680471295
2026-01-20 15:00:00,1.2438627466704126,1.248374945267766,1.219045654384969,1.23220623362725
2026-01-21 15:00:00,1.2250619191814403,1.2495029949171044,1.2235578529823226,1.2427346970210744
2026-01-22 15:00:00,1.246494862518869,1.2521351107655607,1.2408546142721772,1.2521351107655607
2026-01-23 15:00:00,1.2570233259126935,1.282592451297696,1.2521351107655607,1.279208302349681
2026-01-26 15:00:00,1.2807123685487987,1.2874806664448286,1.2479989287179865,1.2573993424624728
2026-01-27 15:00:00,1.2525111273153402,1.2671757727567385,1.2303261508783527,1.2622875576096058
2026-01-28 15:00:00,1.2615355245100468,1.2686798389558565,1.2528871438651195,1.2656717065576208
2026-01-29 15:00:00,1.2622875576096058,1.2762001699514454,1.2495029949171046,1.255895276263355
2026-01-30 15:00:00,1.2487509618175456,1.255895276263355,1.2141574392378365,1.244990796319751
2026-02-02 15:00:00,1.2310781839779117,1.239726564622839,1.1923484793506285,1.1938525455497462
2026-02-03 15:00:00,1.2088932075409242,1.2382224984237211,1.2047570254933504,1.234838349475706
2026-02-04 15:00:00,1.2333342832765881,1.2382224984237211,1.2179176047356308,1.2367184322246034
2026-02-05 15:00:00,1.22543793573122,1.2276940350298966,1.207013124792027,1.215285488887175
2026-02-06 15:00:00,1.199492793796438,1.2288220846792348,1.1946045786493051,1.2111493068396009
2026-02-09 15:00:00,1.2265659853805582,1.2423586804712947,1.2261899688307787,1.241606647371736
2026-02-10 15:00:00,1.240854614272177,1.2453668128695303,1.2337102998263676,1.2412306308219565
2026-02-11 15:00:00,1.2389745315232796,1.2513830776660013,1.2389745315232796,1.2419826639215152
2026-02-12 15:00:00,1.2412306308219565,1.2573993424624728,1.237470465324162,1.2543912100642371
2026-02-13 15:00:00,1.2483749452677662,1.2528871438651195,1.2337102998263678,1.2352143660254855
2026-02-24 15:00:00,1.2487509618175456,1.260031458310929,1.2401025811726183,1.2491269783673251
2026-02-25 15:00:00,1.251383077666002,1.2716879713540923,1.2510070611162225,1.2675517893065182
2026-02-26 15:00:00,1.2701839051549746,1.2784562692501225,1.2626635741593857,1.2769522030510045
2026-02-27 15:00:00,1.272063987903872,1.2904887988430649,1.2656717065576213,1.2901127822932854
2026-03-02 15:00:00,1.2769522030510048,1.2859766002457116,1.2622875576096064,1.2758241534016663
2026-03-03 15:00:00,1.2769522030510045,1.2803363519990196,1.2239338695321025,1.2288220846792353
2026-03-04 15:00:00,1.2164135385365136,1.2404785977223982,1.2130293895884987,1.217541588185852
2026-03-05 15:00:00,1.2352143660254862,1.2389745315232805,1.2213017536836466,1.2280700515796765
2026-03-06 15:00:00,1.2201737040343081,1.2457428294193107,1.2201737040343081,1.2408546142721777
2026-03-09 15:00:00,1.2220537867832053,1.240102581172619,1.2021249096448947,1.235966399125045
2026-03-10 15:00:00,1.2446147797699723,1.2581513755620324,1.2442387632201928,1.2573993424624734
2026-03-11 15:00:00,1.2581513755620324,1.2634156072589446,1.2540151935144586,1.2581513755620324
2026-03-12 15:00:00,1.2528871438651201,1.2619115410598267,1.2416066473717366,1.2551432431637968
2026-03-13 15:00:00,1.2483749452677666,1.2577753590122531,1.2340863163761477,1.2374704653241628
2026-03-16 15:00:00,1.2348383494757065,1.238598514973501,1.2164135385365136,1.2352143660254862
2026-03-17 15:00:00,1.2352143660254862,1.237846481873942,1.2070131247920275,1.2077651578915864
2026-03-18 15:00:00,1.2092692240907041,1.2194216709347492,1.1998688103462178,1.218293621285411
2026-03-19 15:00:00,1.2013728765453355,1.2066371082422478,1.1852041649048195,1.1919724628008495
2026-03-20 15:00:00,1.1938525455497468,1.2040049923937919,1.1709155360132004,1.1720435856625389
2026-03-23 15:00:00,1.1543708078229047,1.163019188467832,1.1069927225506944,1.1156411031956217
2026-03-24 15:00:00,1.1288016824379024,1.145346410628198,1.1088728052995915,1.1445943775286391
2026-03-25 15:00:00,1.1513626754246693,1.172043585662539,1.1513626754246693,1.1660273208660679
2026-03-26 15:00:00,1.1603870726193761,1.1697874863638624,1.1464744602775365,1.1494825926757721
2026-03-27 15:00:00,1.134065914134815,1.1727956187620983,1.134065914134815,1.1679074036149653
2026-03-30 15:00:00,1.1539947912731259,1.1712915525629806,1.1460984437277575,1.1690354532643037
2026-03-31 15:00:00,1.1675313870651858,1.1731716353118775,1.1468504768273162,1.1472264933770957
2026-04-01 15:00:00,1.166027320866068,1.173547651861657,1.158506989870479,1.1682834201647447
2026-04-02 15:00:00,1.1618911388184938,1.1697874863638624,1.140082178931286,1.1487305595762134
2026-04-03 15:00:00,1.1528667416237872,1.1539947912731257,1.1325618479356971,1.1355699803339327
2026-04-07 15:00:00,1.1378260796326092,1.1513626754246693,1.1374500630828297,1.1449703940784188
2026-04-08 15:00:00,1.1731716353118775,1.199868810346218,1.1656513043162884,1.1991167772466593
2026-04-09 15:00:00,1.1867082311039376,1.197988727597321,1.1852041649048197,1.1923484793506292
2026-04-10 15:00:00,1.1979887275973211,1.214909472337396,1.1979887275973211,1.2036289758440128
2026-04-13 15:00:00,1.1976127110475416,1.2103972737400428,1.1934765289999676,1.2081411744413662
2026-04-14 15:00:00,1.2182936212854114,1.2276940350298975,1.2126533730387197,1.2269420019303385
2026-04-15 15:00:00,1.2344623329259274,1.2348383494757067,1.2182936212854112,1.2205497205840878
2026-04-16 15:00:00,1.223181836432544,1.2427346970210753,1.220925737133867,1.2401025811726192
2026-04-17 15:00:00,1.2370944487743836,1.2570233259126942,1.2363424156748246,1.2521351107655614
2026-04-20 15:00:00,1.2517590942157821,1.2630395907091654,1.2498790114668847,1.2577753590122531
2026-04-21 15:00:00,1.2547672266140175,1.2589034086615913,1.2446147797699725,1.2573993424624736
2026-04-22 15:00:00,1.251007061116223,1.2792083023496816,1.251007061116223,1.2788322857999022
2026-04-23 15:00:00,1.2788322857999022,1.2807123685487996,1.2517590942157821,1.2615355245100477
2026-04-24 15:00:00,1.2517590942157821,1.2615355245100477,1.244238763220193,1.2506310445664437
2026-04-27 15:00:00,1.249502994917105,1.2607834914104885,1.2442387632201928,1.2555192597135763
2026-04-28 15:00:00,1.2506310445664435,1.2540151935144586,1.2340863163761477,1.2397265646228395
2026-04-29 15:00:00,1.2348383494757065,1.2600314583109296,1.2310781839779121,1.2581513755620324
2026-04-30 15:00:00,1.2543912100642378,1.2664237396571802,1.2540151935144586,1.2641676403585036
2026-05-06 15:00:00,1.2720639879038718,1.299137179487992,1.2720639879038718,1.2908648153928441
2026-05-07 15:00:00,1.2965050636395357,1.3149298745787286,1.2923688815919616,1.3134258083796109
2026-05-08 15:00:00,1.3055294608342425,1.3220741890245382,1.3032733615355658,1.3183140235267437
2026-05-11 15:00:00,1.3254583379725533,1.342003066162849,1.3209461393752,1.3367388344659368
2026-05-12 15:00:00,1.3367388344659368,1.337866884115275,1.3213221559249793,1.331098586219245
2026-05-13 15:00:00,1.3198180897258613,1.3547876288553502,1.3198180897258613,1.3529075461064528
2026-05-14 15:00:00,1.357419744703806,1.3585477943531445,1.325458337972553,1.326962404171671
2026-05-15 15:00:00,1.3258343545223328,1.3363628179161573,1.3013932787866687,1.3115457256307137
2026-05-18 15:00:00,1.3059054773840217,1.326210371072112,1.3013932787866684,1.3171859738774054
2026-05-19 15:00:00,1.316057924228067,1.332978668968142,1.2987611629382125,1.3318506193188038
2026-05-20 15:00:00,1.3224502055743177,1.3333546855179217,1.3130497918298316,1.3329786689681422
2026-05-21 15:00:00,1.3367388344659368,1.3472672978597613,1.2867286333452703,1.2904887988430647
2026-05-22 15:00:00,1.295753030539977,1.32771443727123,1.2901127822932852,1.3141778414791698
2026-05-25 15:00:00,1.320194106275641,1.3322266358685833,1.3100416594315958,1.3307225696694656
2026-05-26 15:00:00,1.321698172474759,1.3243302883232149,1.2953770139901974,1.3156819076782877
2026-05-27 15:00:00,1.3126737752800521,1.3232022386738767,1.2837205009470347,1.2923688815919618
2026-05-28 15:00:00,1.2923688815919616,1.3104176759813753,1.27996033544924,1.3055294608342425
2026-05-29 15:00:00,1.3081615766826988,1.3115457256307137,1.2645436569082829,1.2720639879038718
2026-06-01 15:00:00,1.26642373965718,1.2859766002457114,1.2615355245100472,1.263039590709165
2026-06-02 15:00:00,1.2626635741593857,1.2762001699514458,1.2434867301206338,1.26642373965718
2026-06-03 15:00:00,1.267175772756739,1.2919928650421826,1.263039590709165,1.2743200872025484
2026-06-04 15:00:00,1.2596554417611499,1.2784562692501222,1.2596554417611499,1.2728160210034305
2026-06-05 15:00:00,1.265671706557621,1.2871046498950496,1.2558952762633553,1.2626635741593855
2026-06-08 15:00:00,1.237094448774383,1.249879011466884,1.209269224090704,1.2250619191814407
2026-06-09 15:00:00,1.2344623329259266,1.2589034086615907,1.22543793573122,1.2562712928131348
2026-06-10 15:00:00,1.2408546142721775,1.2528871438651197,1.2276940350298968,1.2419826639215157
2026-06-11 15:00:00,1.2329582667268089,1.24574282941931,1.2250619191814405,1.235590382575265
2026-06-12 15:00:00,1.2491269783673251,1.2660477231074003,1.2404785977223978,1.2442387632201923
2026-06-15 15:00:00,1.257399342462473,1.2934969312412998,1.256647309362914,1.2931209146915206
2026-06-16 15:00:00,1.2968810801893151,1.3190660566263026,1.2897367657435057,1.312673775280052
2026-06-17 15:00:00,1.306657510483581,1.323578255223656,1.3040253946351246,1.3232022386738764
2026-06-18 15:00:00,1.3164339407778463,1.3359868013663774,1.3160579242280668,1.3326026524183625
2026-06-22 15:00:00,1.3367388344659366,1.3517794964571144,1.3092896263320368,1.3461392482104226
2026-06-23 15:00:00,1.3393709503143925,1.3457632316606432,1.310417675981375,1.3198180897258611
2026-06-24 15:00:00,1.318690040076523,1.3371148510157158,1.3055294608342423,1.3352347682668186
2026-06-25 15:00:00,1.3344827351672597,1.3476433144095403,1.3265863876218913,1.3420030661628486
2026-06-26 15:00:00,1.3348587517170392,1.3386189172148337,1.3013932787866682,1.3100416594315956
2026-06-29 15:00:00,1.306281493933801,1.3201941062756406,1.2799603354492395,1.3066575104835805
2026-06-30 15:00:00,1.303649378085345,1.3465152647602021,1.30026522913733,1.3450111985610842
2026-07-01 15:00:00,1.3367388344659366,1.3592998274527033,1.3367388344659366,1.3480193309593198
2026-07-02 15:00:00,1.3397469668641722,1.3472672978597613,1.308537593232478,1.312673775280052
2026-07-03 15:00:00,1.3074095435831394,1.328842486920568,1.3032733615355656,1.3115457256307135
2026-07-06 15:00:00,1.3156819076782875,1.3247063048729943,1.2848485505963727,1.2916168484924029
2026-07-07 15:00:00,1.282592451297696,1.2927448981417413,1.2585273921118114,1.2664237396571798
2026-07-08 15:00:00,1.2664237396571798,1.2694318720554154,1.2367184322246036,1.237094448774383
2026-07-09 15:00:00,1.2408546142721775,1.2641676403585034,1.2156615054369546,1.2611595079602678
2026-07-10 15:00:00,1.263039590709165,1.2822164347479168,1.2453668128695308,1.2453668128695308
2026-07-13 15:00:00,1.2408546142721775,1.245366812869531,1.1825720490563632,1.187460264203496
2026-07-14 15:00:00,1.1885883138528344,1.2058850751426888,1.1660273208660674,1.2055090585929096
2026-07-15 15:00:00,1.2055090585929096,1.2130293895884985,1.1844521318052603,1.19159644625107
2026-07-16 15:00:00,1.1784358670087893,1.194228562099526,1.1562508905718019,1.1626431719180526
2026-07-17 15:00:00,1.1585069898704787,1.1607630891691554,1.0863118123128246,1.0934561267586342
2026-07-20 15:00:00,1.1069927225506944,1.1205293183427545,1.0332934787939227,1.059614637278484
2026-07-21 15:00:00,1.0618707365771607,1.1051126398017974,1.0227650154000982,1.1028565405031205
2026-07-22 15:00:00,1.0938321433084137,1.1103768714987095,1.0825516468150305,1.0870638454123838
2026-07-23 15:00:00,1.0874398619621632,1.1043606067022382,1.0825516468150305,1.0957122260573111
2026-07-24 15:00:00,1.0851837626634866,1.0919520605595165,1.0633748027762786,1.0648788689753963
2026-07-27 15:00:00,1.0641268358758376,1.1021045074035618,1.0622467531269404,1.1017284908537823
2026-07-28 15:00:00,1.0870638454123838,1.0938321433084137,1.0656309020749553,1.0708951337718675
2026-07-29 15:00:00,1.071271150321647,1.0881918950617222,1.0513422731833362,1.082175630265251
2026-07-30 15:00:00,1.0754073323692208,1.0870638454123838,1.0408138097895117,1.0520943062828951
2026-07-31 15:00:00,1.0817996137154713,1.1032325570529,1.0754073323692208,1.0769113985683385
2026-08-03 15:00:00,1.0716471668714262,1.0866878288626043,1.071271150321647,1.078039448217677
2026-08-04 15:00:00,1.084807746113707,1.1148890700960628,1.0829276633648097,1.1066167060009149
2026-08-05 15:00:00,1.1017284908537823,1.146098443727757,1.1009764577542234,1.1412102285806243
2026-08-06 15:00:00,1.1280496493383436,1.151738691974449,1.1276736327885641,1.1464744602775365
2026-08-07 15:00:00,1.146098443727757,1.1705395194634212,1.1340659141348148,1.1697874863638624
2026-08-10 15:00:00,1.1724196022123186,1.177683833909231,1.1615151222687146,1.1765557842598926
2026-08-11 15:00:00,1.174299684961216,1.1863322145541582,1.1637712215673914,1.173547651861657
