date,open,high,low,close
2010-01-04,3348.72,3366.95,3327.31,3349.45
2010-01-05,3357.22,3392.15,3327.63,3392.15
2010-01-06,3381.82,3417.82,3378.92,3382.6
2010-01-07,3373.49,3385.02,3298.46,3312.97
2010-01-08,3291.05,3354.59,3287.14,3354.59
2010-01-11,3369.2,3389.39,3340.96,3388.69
2010-01-12,3384.41,3463.85,3384.01,3463.85
2010-01-13,3388.17,3474.25,3388.17,3438.37
2010-01-14,3456.35,3534.41,3449.42,3534.41
2010-01-15,3543.49,3566.94,3536.04,3566.79
2010-01-18,3562.13,3623.21,3560.64,3623.21
2010-01-19,3626.04,3636.35,3585.9,3624.55
2010-01-20,3626.1,3626.1,3482.02,3491.01
2010-01-21,3500.22,3535.27,3466.18,3518.4
2010-01-22,3459.41,3488.39,3361.47,3425.39
2010-01-25,3392.14,3429.37,3372.55,3374.94
2010-01-26,3382.9,3388.78,3203.4,3236.14
2010-01-27,3240.17,3272.72,3180.13,3217.05
2010-01-28,3214.18,3261.89,3199.88,3256.71
2010-01-29,3235.24,3326.33,3233.65,3301.98
2010-02-01,3292.2,3296.57,3220.87,3261.37
2010-02-02,3281.71,3301.19,3236.14,3238.27
2010-02-03,3246.87,3281.03,3132.27,3281.03
2010-02-04,3256.83,3344.02,3250.08,3321.31
2010-02-05,3239.21,3299.21,3228.99,3255.3
2010-02-08,3244.48,3266.34,3235.56,3254.11
2010-02-09,3241.41,3265.96,3229.07,3250.27
2010-02-10,3273.47,3296.12,3261.25,3296.12
2010-02-11,3295.79,3300.5,3275.91,3278.95
2010-02-12,3289.34,3326.17,3286.06,3323.89
2010-02-22,3311.68,3355.11,3309.34,3334.37
2010-02-23,3327.56,3375.91,3291.13,3375.91
2010-02-24,3351.72,3456.97,3350.77,3456.97
2010-02-25,3467.2,3522.27,3464.91,3522.2
2010-02-26,3502.06,3540.62,3498.17,3528.38
2010-03-01,3531.32,3578.4,3531.32,3576.54
2010-03-02,3579.76,3592.77,3555.11,3592.77
2010-03-03,3591.0,3638.17,3586.58,3637.61
2010-03-04,3642.74,3657.2,3495.44,3508.08
2010-03-05,3523.26,3533.74,3470.6,3516.35
2010-03-08,3530.52,3567.94,3520.62,3562.31
2010-03-09,3557.63,3568.08,3524.83,3559.54
2010-03-10,3555.66,3570.26,3496.7,3524.99
2010-03-11,3522.47,3532.49,3470.05,3508.03
2010-03-12,3508.26,3513.76,3453.78,3457.21
2010-03-15,3450.83,3457.08,3409.5,3430.65
2010-03-16,3432.59,3472.63,3423.52,3472.63
2010-03-17,3481.25,3563.81,3477.43,3563.81
2010-03-18,3570.8,3590.25,3561.25,3580.01
2010-03-19,3581.32,3608.81,3570.44,3606.5
2010-03-22,3611.32,3642.24,3604.66,3640.13
2010-03-23,3639.06,3646.18,3610.99,3629.85
2010-03-24,3635.82,3662.8,3632.66,3657.74
2010-03-25,3642.61,3645.55,3609.58,3615.01
2010-03-26,3604.6,3659.54,3601.2,3658.77
2010-03-29,3672.29,3675.35,3636.69,3671.2
2010-03-30,3667.26,3700.62,3662.01,3698.17
2010-03-31,3695.26,3726.08,3688.8,3726.08
2010-04-01,3729.77,3787.65,3729.77,3784.77
2010-04-02,3785.12,3796.6,3770.78,3794.95
2010-04-06,3806.38,3807.06,3775.89,3805.42
2010-04-07,3797.36,3825.43,3785.42,3825.43
2010-04-08,3816.67,3849.48,3813.62,3837.47
2010-04-09,3838.87,3902.26,3838.87,3902.26
2010-04-12,3914.59,3953.67,3913.82,3953.67
2010-04-13,3952.75,3960.01,3754.43,3860.97
2010-04-14,3843.65,3904.42,3836.41,3904.42
2010-04-15,3902.49,3912.91,3826.81,3856.23
2010-04-16,3830.29,3875.81,3809.5,3847.74
2010-04-19,3792.08,3833.21,3696.58,3697.0
2010-04-20,3700.87,3738.27,3625.47,3738.27
2010-04-21,3738.89,3857.25,3737.65,3856.51
2010-04-22,3833.66,3906.48,3823.49,3877.48
2010-04-23,3867.37,3902.63,3824.02,3839.95
2010-04-26,3842.8,3855.41,3814.11,3837.5
2010-04-27,3813.16,3814.95,3663.87,3735.35
2010-04-28,3672.72,3749.08,3670.14,3708.09
2010-04-29,3726.21,3730.95,3591.7,3591.7
2010-04-30,3569.36,3572.76,3396.11,3457.03
2010-05-04,3365.73,3481.56,3365.73,3452.88
2010-05-05,3413.77,3573.25,3413.77,3573.25
2010-05-06,3560.75,3592.32,3483.1,3483.67
2010-05-07,3380.82,3492.57,3380.82,3428.92
2010-05-10,3445.98,3455.68,3282.85,3359.94
2010-05-11,3433.72,3433.72,3248.79,3259.57
2010-05-12,3207.44,3258.0,3120.16,3157.03
2010-05-13,3155.39,3240.3,3086.8,3240.3
2010-05-14,3197.08,3283.5,3196.98,3262.57
2010-05-17,3199.95,3217.41,3054.61,3054.61
2010-05-18,3049.36,3094.29,2965.65,3084.07
2010-05-19,3052.34,3136.66,3035.49,3096.38
2010-05-20,3057.67,3129.93,3032.66,3038.92
2010-05-21,2931.08,3099.44,2931.08,3099.44
2010-05-24,3138.35,3249.32,3138.08,3242.45
2010-05-25,3206.74,3257.99,3196.58,3234.43
2010-05-26,3228.2,3259.96,3210.96,3243.28
2010-05-27,3225.42,3312.67,3199.16,3305.86
2010-05-28,3337.7,3341.13,3296.65,3323.48
2010-05-31,3300.42,3343.53,3231.18,3231.18
2010-06-01,3188.91,3224.67,3099.46,3173.12
2010-06-02,3150.7,3228.92,3126.55,3228.92
2010-06-03,3249.06,3283.44,3211.51,3212.12
2010-06-04,3180.05,3239.73,3179.51,3236.26
2010-06-07,3153.29,3245.43,3153.29,3237.76
2010-06-08,3242.36,3285.31,3234.68,3285.31
2010-06-09,3305.92,3364.48,3293.54,3364.48
2010-06-10,3339.58,3405.74,3339.58,3382.11
2010-06-11,3403.75,3403.75,3362.0,3363.94
2010-06-17,3393.45,3393.45,3329.14,3329.98
2010-06-18,3317.17,3317.78,3158.36,3177.67
2010-06-21,3171.02,3262.71,3131.39,3262.71
2010-06-22,3253.83,3309.11,3253.43,3298.3
2010-06-23,3273.24,3319.94,3247.1,3294.51
2010-06-24,3291.54,3313.79,3275.79,3299.65
2010-06-25,3275.28,3285.1,3214.97,3245.65
2010-06-28,3236.34,3247.99,3174.58,3186.55
2010-06-29,3188.13,3194.38,2997.9,2998.16
2010-06-30,2952.53,2960.68,2893.67,2937.55
2010-07-01,2931.8,2957.5,2900.68,2905.5
2010-07-02,2899.06,2902.69,2752.58,2878.48
2010-07-05,2824.36,2879.23,2807.24,2859.31
2010-07-06,2853.36,2940.93,2852.76,2940.93
2010-07-07,2947.86,2985.34,2933.86,2985.34
2010-07-08,2997.31,3001.83,2946.94,2979.45
2010-07-09,2980.84,3069.72,2958.5,3059.22
2010-07-12,3057.3,3100.03,3053.36,3095.65
2010-07-13,3054.07,3073.69,3023.52,3059.05
2010-07-14,3067.79,3113.04,3067.79,3085.2
2010-07-15,3070.24,3101.39,3005.34,3005.34
2010-07-16,2980.78,3028.86,2952.67,3022.45
2010-07-19,2981.79,3093.73,2981.79,3090.32
2010-07-20,3095.84,3180.46,3095.58,3180.46
2010-07-21,3177.78,3221.68,3171.53,3186.06
2010-07-22,3173.42,3241.87,3173.42,3241.87
2010-07-23,3245.59,3253.22,3205.58,3246.53
2010-07-26,3254.4,3288.14,3238.65,3288.14
2010-07-27,3272.67,3307.35,3268.03,3290.42
2010-07-28,3281.66,3360.65,3276.85,3360.65
2010-07-29,3368.64,3375.08,3333.97,3373.89
2010-07-30,3358.15,3382.02,3328.87,3371.91
2010-08-02,3371.24,3437.23,3371.24,3437.23
2010-08-03,3443.23,3457.31,3387.04,3387.04
2010-08-04,3376.6,3418.93,3332.77,3418.93
2010-08-05,3414.35,3472.17,3412.26,3442.02
2010-08-06,3435.94,3509.02,3414.04,3509.02
2010-08-09,3507.78,3557.34,3507.19,3557.34
2010-08-10,3555.56,3557.48,3430.83,3430.83
2010-08-11,3419.36,3479.39,3419.36,3475.25
2010-08-12,3424.17,3497.97,3424.15,3444.12
2010-08-13,3455.46,3508.93,3423.91,3508.93
2010-08-16,3508.34,3586.9,3505.09,3584.17
2010-08-17,3595.11,3624.52,3577.22,3618.51
2010-08-18,3617.62,3631.95,3578.83,3617.77
2010-08-19,3622.76,3645.13,3592.8,3624.97
2010-08-20,3603.31,3614.57,3538.75,3551.3
2010-08-23,3552.81,3587.1,3551.56,3576.45
2010-08-24,3568.71,3629.1,3552.13,3616.47
2010-08-25,3586.9,3619.0,3542.43,3546.41
2010-08-26,3566.36,3570.35,3524.3,3568.29
2010-08-27,3559.93,3602.47,3548.79,3598.23
2010-08-30,3634.92,3702.84,3630.23,3702.84
2010-08-31,3684.05,3762.76,3684.05,3752.29
2010-09-01,3756.7,3772.04,3659.2,3702.1
2010-09-02,3736.76,3788.5,3710.86,3779.18
2010-09-03,3786.98,3823.13,3763.62,3816.13
2010-09-06,3832.27,3832.27,3763.4,3788.21
2010-09-07,3781.86,3814.24,3757.52,3814.24
2010-09-08,3790.96,3851.37,3789.75,3850.46
2010-09-09,3860.94,3873.67,3798.04,3809.96
2010-09-10,3815.47,3851.65,3758.95,3848.02
2010-09-13,3850.88,3910.44,3846.69,3909.15
2010-09-14,3916.28,3951.54,3907.01,3941.23
2010-09-15,3933.37,3938.62,3852.96,3869.5
2010-09-16,3859.38,3877.07,3732.68,3775.4
2010-09-17,3791.56,3814.15,3754.7,3780.27
2010-09-20,3788.95,3790.17,3712.24,3734.45
2010-09-21,3743.73,3746.62,3696.12,3717.49
2010-09-27,3748.77,3808.04,3729.68,3808.04
2010-09-28,3797.48,3816.89,3783.55,3794.05
2010-09-29,3784.09,3795.45,3731.4,3741.71
2010-09-30,3711.99,3793.45,3711.99,3793.45
2010-10-08,3830.73,3893.22,3819.76,3880.54
2010-10-11,3891.16,3909.83,3842.26,3880.26
2010-10-12,3854.97,3900.33,3850.96,3898.94
2010-10-13,3894.69,3925.01,3867.14,3924.53
2010-10-14,3929.23,3929.23,3796.96,3799.98
2010-10-15,3766.21,3823.43,3752.71,3780.71
2010-10-18,3771.17,3771.17,3635.17,3711.76
2010-10-19,3707.65,3834.5,3707.65,3834.5
2010-10-20,3752.43,3877.46,3752.43,3848.14
2010-10-21,3855.94,3878.86,3828.98,3873.33
2010-10-22,3871.43,3925.4,3871.05,3919.52
2010-10-25,3948.17,4018.72,3942.18,4018.72
2010-10-26,4025.87,4051.74,3999.9,4051.74
2010-10-27,4045.03,4090.71,4027.85,4042.67
2010-10-28,4031.22,4073.0,4023.57,4062.4
2010-10-29,4067.48,4120.25,4051.48,4112.48
2010-11-01,4134.29,4224.62,4134.29,4224.62
2010-11-02,4224.46,4285.07,4213.83,4219.18
2010-11-03,4202.93,4218.72,4147.57,4148.06
2010-11-04,4161.55,4235.99,4143.09,4235.99
2010-11-05,4272.0,4302.25,4244.23,4301.33
2010-11-08,4317.22,4390.23,4306.56,4390.23
2010-11-09,4379.04,4417.79,4359.55,4417.79
2010-11-10,4399.26,4466.82,4397.11,4454.25
2010-11-11,4437.0,4519.16,4409.73,4410.21
2010-11-12,4371.3,4401.15,4117.51,4130.33
2010-11-15,4164.8,4252.21,4113.22,4252.21
2010-11-16,4252.06,4298.31,4089.98,4131.8
2010-11-17,4060.14,4125.78,3973.08,3992.24
2010-11-18,4056.98,4058.52,3963.42,4055.14
2010-11-19,4079.31,4180.43,4053.47,4180.43
2010-11-22,4153.66,4288.93,4153.66,4262.55
2010-11-23,4234.08,4250.61,4132.65,4215.59
2010-11-24,4185.94,4330.88,4185.94,4330.88
2010-11-25,4347.04,4375.04,4323.87,4351.68
2010-11-26,4335.1,4346.59,4284.3,4330.55
2010-11-29,4320.6,4379.78,4310.53,4363.63
2010-11-30,4355.37,4369.63,4128.8,4249.01
2010-12-01,4223.15,4261.92,4203.31,4246.71
2010-12-02,4306.0,4306.0,4255.76,4259.82
2010-12-03,4255.21,4255.93,4180.81,4219.28
2010-12-06,4226.25,4226.25,4125.85,4153.89
2010-12-07,4123.51,4214.61,4081.58,4212.58
2010-12-08,4204.9,4251.08,4204.9,4218.79
2010-12-09,4185.85,4198.72,4142.18,4142.95
2010-12-10,4108.91,4202.92,4108.91,4199.48
2010-12-13,4233.3,4318.76,4224.11,4318.76
2010-12-14,4325.73,4377.63,4314.21,4377.63
2010-12-15,4372.44,4402.7,4350.77,4366.43
2010-12-16,4353.68,4390.31,4351.94,4365.37
2010-12-17,4360.79,4377.59,4344.96,4375.12
2010-12-20,4396.17,4399.54,4216.34,4323.38
2010-12-21,4329.64,4364.47,4297.94,4362.94
2010-12-22,4362.75,4364.05,4314.41,4329.14
2010-12-23,4315.47,4328.0,4241.54,4246.79
2010-12-24,4211.47,4216.89,4129.91,4159.8
2010-12-27,4174.66,4192.27,4013.55,4031.49
2010-12-28,3999.89,4009.49,3912.09,3945.41
2010-12-29,3959.71,4029.0,3948.47,4029.0
2010-12-30,4024.13,4063.14,4008.08,4053.05
2010-12-31,4059.33,4137.23,4057.44,4137.23
2011-01-04,4160.47,4202.47,4142.33,4202.47
2011-01-05,4173.89,4217.93,4170.04,4212.07
2011-01-06,4210.73,4226.15,4182.67,4191.05
2011-01-07,4179.34,4204.33,4137.42,4157.5
2011-01-10,4148.8,4157.04,4040.45,4053.43
2011-01-11,4028.62,4033.46,3973.86,4010.17
2011-01-12,4025.09,4042.19,3977.37,4036.93
2011-01-13,4056.26,4059.31,4031.23,4042.87
2011-01-14,4024.14,4024.14,3956.73,3962.71
2011-01-17,3927.59,3936.65,3786.08,3796.25
2011-01-18,3776.33,3813.61,3761.21,3810.03
2011-01-19,3812.58,3898.11,3805.51,3898.11
2011-01-20,3882.98,3889.52,3771.83,3772.11
2011-01-21,3755.99,3827.13,3745.97,3801.14
2011-01-24,3802.07,3812.58,3709.66,3710.82
2011-01-25,3690.78,3691.93,3603.83,3636.64
2011-01-26,3636.15,3698.12,3636.15,3696.59
2011-01-27,3660.39,3759.23,3652.98,3751.98
2011-01-28,3744.25,3801.35,3744.25,3795.6
2011-01-31,3789.84,3846.14,3783.14,3846.14
2011-02-01,3847.32,3860.41,3832.74,3854.32
2011-02-09,3816.04,3871.45,3816.04,3846.13
2011-02-10,3840.44,3954.85,3840.0,3954.85
2011-02-11,3948.69,4009.82,3948.69,4000.68
2011-02-14,4011.06,4064.16,4011.06,4060.76
2011-02-15,4063.4,4105.45,4051.06,4070.09
2011-02-16,4061.72,4142.39,4061.72,4142.39
2011-02-17,4151.23,4164.8,4112.27,4162.53
2011-02-18,4147.51,4162.75,4108.56,4125.67
2011-02-21,4100.46,4215.44,4100.46,4215.44
2011-02-22,4221.98,4223.57,4109.69,4112.11
2011-02-23,4100.61,4171.91,4100.61,4169.42
2011-02-24,4156.35,4191.92,4150.13,4188.46
2011-02-25,4180.86,4189.22,4139.2,4185.61
2011-02-28,4187.66,4232.4,4164.65,4232.4
2011-03-01,4234.06,4256.22,4214.33,4246.0
2011-03-02,4213.89,4237.82,4166.76,4232.11
2011-03-03,4233.8,4243.04,4151.13,4159.72
2011-03-04,4161.94,4202.52,4146.97,4202.52
2011-03-07,4220.73,4241.04,4211.97,4241.04
2011-03-08,4237.07,4267.22,4220.85,4267.22
2011-03-09,4270.43,4291.0,4255.88,4291.0
2011-03-10,4279.13,4295.51,4271.69,4280.6
2011-03-11,4259.95,4334.31,4259.95,4285.73
2011-03-14,4278.62,4329.35,4265.83,4329.35
2011-03-15,4314.86,4316.77,4200.15,4282.08
2011-03-16,4282.77,4326.07,4276.46,4326.07
2011-03-17,4275.87,4304.07,4230.56,4246.24
2011-03-18,4285.6,4287.36,4250.64,4274.86
2011-03-21,4270.61,4275.44,4237.28,4253.66
2011-03-22,4261.37,4261.37,4201.16,4247.98
2011-03-23,4243.24,4298.06,4238.01,4298.06
2011-03-24,4299.71,4318.52,4290.98,4309.58
2011-03-25,4305.68,4332.33,4303.81,4328.16
2011-03-28,4339.32,4341.63,4294.32,4302.04
2011-03-29,4285.59,4288.67,4216.87,4222.72
2011-03-30,4216.94,4222.5,4166.85,4178.47
2011-03-31,4176.16,4187.3,4123.77,4131.2
2011-04-01,4140.57,4185.28,4128.8,4185.28
2011-04-06,4167.55,4185.86,4153.2,4170.58
2011-04-07,4169.12,4199.93,4155.08,4199.93
2011-04-08,4192.38,4252.53,4190.23,4252.53
2011-04-11,4261.51,4261.51,4214.72,4217.43
2011-04-12,4205.44,4222.85,4185.07,4203.59
2011-04-13,4184.88,4247.75,4173.05,4247.75
2011-04-14,4245.36,4262.78,4237.38,4248.39
2011-04-15,4235.64,4248.21,4203.2,4248.21
2011-04-18,4232.18,4268.47,4232.02,4268.47
2011-04-19,4237.56,4261.03,4210.7,4238.34
2011-04-20,4245.69,4273.57,4240.69,4273.57
2011-04-21,4281.33,4303.39,4273.6,4299.9
2011-04-22,4288.68,4291.74,4262.94,4272.78
2011-04-25,4254.28,4254.28,4177.54,4177.54
2011-04-26,4151.87,4162.57,4073.31,4088.98
2011-04-27,4104.31,4110.05,4011.13,4041.33
2011-04-28,4054.08,4054.2,3903.09,3904.73
2011-04-29,3900.3,3960.23,3882.85,3960.23
2011-05-03,3960.18,4025.93,3942.76,4025.93
2011-05-04,3997.08,4009.85,3937.95,3950.14
2011-05-05,3931.31,3979.77,3929.67,3968.77
2011-05-06,3926.77,4005.56,3923.28,3990.63
2011-05-09,4002.15,4033.02,4002.15,4028.36
2011-05-10,4034.41,4060.05,4013.7,4060.05
2011-05-11,4053.5,4085.89,4032.82,4075.92
2011-05-12,4037.81,4075.33,4018.3,4018.36
2011-05-13,4022.0,4040.61,3975.92,4040.61
2011-05-16,4034.4,4056.11,4030.79,4038.37
2011-05-17,4029.86,4040.01,3973.31,4015.76
2011-05-18,3999.43,4039.21,3995.71,4038.32
2011-05-19,4046.42,4060.94,4022.29,4025.59
2011-05-20,4018.34,4023.8,3992.74,4010.27
2011-05-23,3997.44,3997.44,3860.37,3862.24
2011-05-24,3837.44,3869.46,3779.69,3866.73
2011-05-25,3847.52,3874.05,3814.14,3818.06
2011-05-26,3848.64,3850.76,3783.91,3784.73
2011-05-27,3776.09,3777.14,3655.83,3661.56
2011-05-30,3629.72,3662.06,3595.37,3601.66
2011-05-31,3610.19,3677.73,3590.57,3677.73
2011-06-01,3664.32,3721.6,3661.69,3720.73
2011-06-02,3653.04,3682.94,3610.33,3663.4
2011-06-03,3660.92,3731.08,3660.92,3730.55
2011-06-07,3718.24,3767.4,3718.24,3767.4
2011-06-08,3758.38,3791.12,3727.21,3789.1
2011-06-09,3772.49,3783.61,3712.68,3712.68
2011-06-10,3697.59,3711.54,3640.01,3709.74
2011-06-13,3666.56,3705.22,3647.19,3699.37
2011-06-14,3695.46,3759.74,3694.86,3754.23
2011-06-15,3745.14,3770.07,3721.96,3723.0
2011-06-16,3679.32,3688.54,3629.36,3633.41
2011-06-17,3629.99,3642.35,3574.11,3577.54
2011-06-20,3563.01,3566.75,3502.53,3528.98
2011-06-21,3547.29,3577.5,3522.02,3577.5
2011-06-22,3582.76,3590.07,3556.22,3575.55
2011-06-23,3554.31,3651.71,3538.06,3645.34
2011-06-24,3628.7,3746.62,3628.7,3731.49
2011-06-27,3737.6,3796.88,3737.2,3793.23
2011-06-28,3794.63,3812.86,3771.46,3808.23
2011-06-29,3800.66,3819.56,3761.43,3761.43
2011-06-30,3762.36,3811.74,3762.36,3810.65
2011-07-01,3825.85,3853.92,3815.74,3828.74
2011-07-04,3849.07,3914.43,3845.88,3914.43
2011-07-05,3916.59,3955.24,3913.27,3953.19
2011-07-06,3933.47,3973.73,3918.44,3973.73
2011-07-07,3971.01,4019.03,3954.78,3975.17
2011-07-08,3967.37,3977.29,3937.32,3969.28
2011-07-11,3950.75,4012.26,3950.15,4010.78
2011-07-12,3965.28,3984.1,3945.86,3948.12
2011-07-13,3951.28,4029.39,3951.28,4029.39
2011-07-14,4039.62,4079.04,4027.91,4079.04
2011-07-15,4064.01,4112.04,4062.55,4112.04
2011-07-18,4118.47,4132.5,4100.58,4117.34
2011-07-19,4085.8,4088.8,4046.94,4060.98
2011-07-20,4091.61,4092.41,4031.68,4074.28
2011-07-21,4068.56,4068.56,4019.13,4019.84
2011-07-22,4034.42,4056.46,4020.39,4039.64
2011-07-25,4014.46,4014.46,3859.98,3873.14
2011-07-26,3867.99,3894.47,3844.36,3894.47
2011-07-27,3870.05,3970.64,3864.95,3967.3
2011-07-28,3918.4,3962.53,3911.94,3960.08
2011-07-29,3957.63,3972.35,3915.74,3927.08
2011-08-01,3918.67,3959.54,3904.77,3948.66
2011-08-02,3922.72,3932.41,3863.94,3932.41
2011-08-03,3880.83,3966.57,3880.83,3958.09
2011-08-04,3969.52,3987.66,3954.99,3971.89
2011-08-05,3819.03,3913.93,3818.21,3884.14
2011-08-08,3817.39,3843.14,3611.31,3687.33
2011-08-09,3542.27,3699.23,3500.35,3678.83
2011-08-10,3753.23,3782.99,3731.7,3738.06
2011-08-11,3642.45,3806.61,3642.45,3806.61
2011-08-12,3838.43,3871.53,3833.52,3858.9
2011-08-15,3872.16,3920.89,3864.51,3920.89
2011-08-16,3924.2,3934.53,3881.55,3893.43
2011-08-17,3880.88,3913.14,3869.15,3893.82
2011-08-18,3890.39,3890.39,3821.18,3824.49
2011-08-19,3727.42,3795.94,3727.42,3795.94
2011-08-22,3803.25,3831.9,3769.51,3780.84
2011-08-23,3804.61,3851.83,3780.93,3851.83
2011-08-24,3873.4,3895.06,3851.07,3855.9
2011-08-25,3865.7,3909.38,3843.35,3909.38
2011-08-26,3891.72,3939.05,3891.72,3932.29
2011-08-29,3906.81,3925.87,3901.04,3907.33
2011-08-30,3933.23,3940.35,3859.5,3860.56
2011-08-31,3857.06,3869.63,3791.04,3833.54
2011-09-01,3843.99,3860.25,3796.28,3813.42
2011-09-02,3800.86,3810.36,3742.87,3769.2
2011-09-05,3721.02,3721.82,3677.12,3677.83
2011-09-06,3643.73,3679.98,3636.52,3654.21
2011-09-07,3686.95,3747.2,3671.18,3747.2
2011-09-08,3758.96,3763.73,3707.95,3707.95
2011-09-09,3715.88,3732.43,3667.1,3683.45
2011-09-13,3615.0,3632.37,3599.04,3623.46
2011-09-14,3644.4,3666.68,3584.67,3666.68
2011-09-15,3669.28,3698.26,3665.25,3673.06
2011-09-16,3695.48,3699.24,3671.36,3673.7
2011-09-19,3649.64,3649.64,3602.75,3602.75
2011-09-20,3593.56,3635.63,3578.67,3622.16
2011-09-21,3622.0,3721.35,3613.06,3720.36
2011-09-22,3684.61,3706.41,3613.19,3613.19
2011-09-23,3535.95,3592.15,3531.18,3576.48
2011-09-26,3559.06,3593.59,3513.2,3524.37
2011-09-27,3561.6,3561.6,3497.51,3532.22
2011-09-28,3556.74,3556.74,3462.79,3473.24
2011-09-29,3441.7,3443.96,3346.14,3350.98
2011-09-30,3364.33,3368.09,3302.38,3343.0
2011-10-10,3365.03,3365.03,3321.19,3329.59
2011-10-11,3418.89,3418.89,3291.65,3325.66
2011-10-12,3296.45,3442.0,3281.84,3442.0
2011-10-13,3429.2,3493.32,3428.65,3491.36
2011-10-14,3473.54,3488.6,3444.25,3476.58
2011-10-17,3485.51,3507.46,3471.07,3495.57
2011-10-18,3463.39,3476.19,3390.73,3392.52
2011-10-19,3405.97,3409.66,3357.8,3378.55
2011-10-20,3356.53,3357.19,3251.72,3280.4
2011-10-21,3272.12,3275.41,3213.93,3219.69
2011-10-24,3224.93,3264.8,3152.35,3264.8
2011-10-25,3254.78,3357.28,3253.03,3354.21
2011-10-26,3323.32,3412.19,3323.32,3385.45
2011-10-27,3390.6,3416.39,3371.28,3385.67
2011-10-28,3431.43,3458.42,3403.54,3458.42
2011-10-31,3450.47,3492.63,3448.36,3492.63
2011-11-01,3450.57,3507.8,3450.57,3498.29
2011-11-02,3430.26,3564.83,3430.26,3564.83
2011-11-03,3587.08,3628.24,3584.76,3584.76
2011-11-04,3608.84,3617.71,3577.77,3610.52
2011-11-07,3595.43,3630.34,3593.68,3603.1
2011-11-08,3603.98,3609.31,3553.67,3560.22
2011-11-09,3576.85,3625.55,3533.96,3625.55
2011-11-10,3578.67,3634.11,3578.67,3593.43
2011-11-11,3601.98,3626.51,3581.68,3598.87
2011-11-14,3635.37,3684.29,3627.37,3684.29
2011-11-15,3679.49,3709.55,3677.78,3709.55
2011-11-16,3707.95,3707.95,3601.07,3614.78
2011-11-17,3623.71,3656.77,3600.39,3616.85
2011-11-18,3583.78,3591.52,3506.23,3512.15
2011-11-21,3512.61,3517.3,3471.56,3517.3
2011-11-22,3479.67,3515.49,3459.8,3515.49
2011-11-23,3525.6,3533.02,3490.96,3500.39
2011-11-24,3455.53,3514.15,3443.79,3493.91
2011-11-25,3489.25,3515.27,3462.13,3473.22
2011-11-28,3484.06,3488.27,3448.58,3474.91
2011-11-29,3509.12,3533.31,3487.5,3533.31
2011-11-30,3520.61,3523.91,3335.11,3377.41
2011-12-01,3477.77,3498.66,3434.73,3444.54
2011-12-02,3417.66,3424.7,3352.65,3372.6
2011-12-05,3357.45,3357.45,3254.56,3261.23
2011-12-06,3244.07,3273.46,3216.36,3265.82
2011-12-07,3260.99,3289.82,3248.13,3275.76
2011-12-08,3263.65,3309.15,3216.76,3280.3
2011-12-09,3247.06,3284.23,3235.63,3245.83
2011-12-12,3242.5,3251.48,3198.92,3201.71
2011-12-13,3176.73,3179.69,3079.68,3090.42
2011-12-14,3074.94,3104.93,3027.54,3035.89
2011-12-15,3006.46,3013.58,2961.07,2965.65
2011-12-16,2966.77,3052.76,2953.45,3052.76
2011-12-19,3016.47,3064.81,2983.04,3063.86
2011-12-20,3046.41,3094.68,3046.41,3050.54
2011-12-21,3082.24,3082.24,2973.23,2974.08
2011-12-22,2931.25,2948.31,2826.7,2918.49
2011-12-23,2895.74,2968.91,2893.47,2941.44
2011-12-26,2926.12,2965.66,2919.68,2921.22
2011-12-27,2906.85,2907.17,2828.65,2833.46
2011-12-28,2802.66,2808.96,2737.5,2807.63
2011-12-29,2786.08,2823.27,2784.0,2807.26
2011-12-30,2818.25,2858.41,2818.25,2858.41
2012-01-04,2884.33,2886.69,2787.73,2787.73
2012-01-05,2758.06,2763.44,2657.47,2661.11
2012-01-06,2647.67,2667.1,2591.05,2666.96
2012-01-09,2659.99,2771.99,2638.38,2771.99
2012-01-10,2765.63,2882.55,2765.31,2881.25
2012-01-11,2871.91,2909.14,2862.18,2892.05
2012-01-12,2872.77,2919.03,2869.32,2881.21
2012-01-13,2879.83,2879.83,2744.56,2757.61
2012-01-16,2732.31,2732.57,2657.05,2657.05
2012-01-17,2659.17,2793.18,2631.73,2793.18
2012-01-18,2799.81,2816.58,2702.99,2711.53
2012-01-19,2698.74,2744.78,2677.36,2727.7
2012-01-20,2736.73,2771.53,2727.39,2766.45
2012-01-30,2774.87,2793.58,2753.15,2761.23
2012-01-31,2755.65,2763.12,2725.71,2760.67
2012-02-01,2750.59,2790.52,2741.28,2750.18
2012-02-02,2758.67,2803.9,2751.4,2803.9
2012-02-03,2797.94,2861.71,2796.64,2856.36
2012-02-06,2860.97,2890.38,2856.51,2887.2
2012-02-07,2864.62,2864.62,2822.06,2842.03
2012-02-08,2835.45,2913.41,2827.86,2913.41
2012-02-09,2907.36,2964.04,2907.36,2937.3
2012-02-10,2930.51,2968.31,2930.51,2958.02
2012-02-13,2924.76,3010.34,2924.34,3000.47
2012-02-14,2995.28,3008.04,2979.63,3002.03
2012-02-15,2995.58,3055.21,2989.82,3055.21
2012-02-16,3046.89,3078.81,3025.82,3056.53
2012-02-17,3068.76,3069.25,3015.65,3046.91
2012-02-20,3080.12,3092.55,3056.78,3058.77
2012-02-21,3053.72,3097.42,3020.04,3097.42
2012-02-22,3094.66,3164.73,3094.66,3164.73
2012-02-23,3158.78,3182.04,3138.35,3172.24
2012-02-24,3168.72,3206.74,3160.75,3206.74
2012-02-27,3218.67,3252.95,3207.61,3207.61
2012-02-28,3188.09,3199.86,3137.88,3177.35
2012-02-29,3160.75,3179.14,3131.91,3134.59
2012-03-01,3122.67,3175.02,3122.67,3157.24
2012-03-02,3167.21,3218.78,3167.21,3218.78
2012-03-05,3226.99,3244.27,3226.99,3231.32
2012-03-06,3218.6,3224.18,3177.94,3207.87
2012-03-07,3166.8,3234.54,3166.8,3198.14
2012-03-08,3215.54,3247.94,3210.95,3241.25
2012-03-09,3254.59,3288.33,3242.09,3288.33
2012-03-12,3292.41,3312.98,3283.61,3312.98
2012-03-13,3312.22,3345.2,3303.04,3345.2
2012-03-14,3359.64,3374.89,3165.49,3189.98
2012-03-15,3191.19,3205.08,3101.93,3155.39
2012-03-16,3167.59,3233.22,3153.36,3233.22
2012-03-19,3226.44,3282.49,3220.89,3282.49
2012-03-20,3263.55,3265.04,3205.24,3205.63
2012-03-21,3225.64,3229.42,3155.81,3211.75
2012-03-22,3203.25,3229.68,3188.02,3210.41
2012-03-23,3186.75,3198.32,3134.15,3148.36
2012-03-26,3140.08,3155.29,3118.65,3143.09
2012-03-27,3162.17,3171.62,3132.23,3137.38
2012-03-28,3115.44,3115.44,2983.31,2990.83
2012-03-29,2964.11,2978.19,2901.7,2933.8
2012-03-30,2936.73,2945.46,2892.35,2916.53
2012-04-05,2918.57,3008.64,2910.89,3008.64
2012-04-06,3001.91,3039.51,3000.06,3033.79
2012-04-09,3016.13,3040.7,3002.46,3002.71
2012-04-10,2983.51,3034.45,2932.74,3034.45
2012-04-11,2987.6,3055.59,2986.66,3048.33
2012-04-12,3053.05,3109.67,3045.9,3109.67
2012-04-13,3116.6,3147.79,3111.19,3132.95
2012-04-16,3101.71,3148.99,3101.71,3136.21
2012-04-17,3127.24,3142.75,3090.66,3092.37
2012-04-18,3102.55,3160.64,3093.51,3158.34
2012-04-19,3153.97,3169.59,3140.58,3157.67
2012-04-20,3147.53,3183.1,3139.9,3180.55
2012-04-23,3169.37,3173.02,3099.2,3112.49
2012-04-24,3071.53,3116.1,2987.45,3073.89
2012-04-25,3058.45,3119.19,3055.7,3112.7
2012-04-26,3116.16,3118.65,3082.83,3095.92
2012-04-27,3086.79,3097.51,3072.22,3078.8
2012-05-02,3115.15,3120.41,3081.4,3111.64
2012-05-03,3103.54,3127.05,3098.13,3127.05
2012-05-04,3124.56,3157.46,3119.56,3156.96
2012-05-07,3137.65,3188.3,3137.65,3188.3
2012-05-08,3187.51,3206.9,3169.2,3195.83
2012-05-09,3165.45,3172.29,3142.72,3145.34
2012-05-10,3146.74,3170.14,3142.38,3159.94
2012-05-11,3156.06,3172.8,3136.66,3136.66
2012-05-14,3163.95,3168.16,3128.25,3130.52
2012-05-15,3095.75,3120.5,3079.62,3120.5
2012-05-16,3111.92,3124.03,3088.47,3088.47
2012-05-17,3095.74,3131.4,3075.72,3130.34
2012-05-18,3103.43,3123.21,3070.38,3078.12
2012-05-21,3072.35,3084.19,3038.11,3064.77
2012-05-22,3083.17,3102.47,3078.23,3102.47
2012-05-23,3094.4,3109.53,3065.54,3097.65
2012-05-24,3087.18,3105.43,3068.33,3076.81
2012-05-25,3075.87,3079.56,3026.54,3035.38
2012-05-28,3017.15,3069.04,2974.77,3069.04
2012-05-29,3065.02,3122.05,3064.22,3119.06
2012-05-30,3112.35,3140.56,3111.87,3131.4
2012-05-31,3107.51,3161.63,3107.51,3145.89
2012-06-01,3151.5,3160.4,3126.05,3140.59
2012-06-04,3074.38,3105.11,3039.68,3039.68
2012-06-05,3053.53,3055.1,3022.95,3035.96
2012-06-06,3047.64,3056.02,3012.93,3027.51
2012-06-07,3062.78,3062.78,3005.52,3014.49
2012-06-08,3041.25,3041.25,3000.33,3007.93
2012-06-11,3014.49,3063.7,2999.97,3063.7
2012-06-12,3044.08,3067.97,3040.32,3053.63
2012-06-13,3063.36,3106.58,3058.59,3106.58
2012-06-14,3097.54,3120.37,3086.49,3090.05
2012-06-15,3099.05,3109.81,3058.26,3094.21
2012-06-18,3110.14,3131.6,3104.74,3128.9
2012-06-19,3121.02,3131.57,3109.72,3113.91
2012-06-20,3119.9,3127.41,3100.9,3105.9
2012-06-21,3094.65,3094.65,3047.12,3063.42
2012-06-25,3046.33,3046.33,2989.37,2990.4
2012-06-26,2968.29,2996.94,2938.77,2987.12
2012-06-27,2983.64,3019.65,2983.3,2984.49
2012-06-28,2994.4,2999.77,2945.93,2945.93
2012-06-29,2925.64,2984.82,2915.13,2984.82
2012-07-02,3002.33,3033.44,2993.87,3024.6
2012-07-03,3020.53,3058.72,3016.39,3039.2
2012-07-04,3042.75,3044.63,3013.89,3024.19
2012-07-05,3004.63,3004.63,2953.02,2960.68
2012-07-06,2978.4,3015.95,2937.82,3015.68
2012-07-09,2988.89,3011.2,2943.55,2944.68
2012-07-10,2928.18,2939.79,2898.56,2906.93
2012-07-11,2895.78,2927.5,2891.61,2927.5
2012-07-12,2916.77,2974.32,2905.39,2967.58
2012-07-13,2949.66,2975.31,2936.65,2944.81
2012-07-16,2936.47,2936.47,2820.11,2821.28
2012-07-17,2804.09,2839.15,2794.72,2839.15
2012-07-18,2828.35,2864.24,2800.81,2864.24
2012-07-19,2852.23,2919.06,2850.83,2903.85
2012-07-20,2892.71,2916.34,2884.54,2892.44
2012-07-23,2860.54,2879.78,2841.23,2865.64
2012-07-24,2845.01,2904.97,2845.01,2890.75
2012-07-25,2878.34,2900.31,2867.91,2873.72
2012-07-26,2871.53,2893.36,2845.53,2849.6
2012-07-27,2864.31,2864.32,2818.4,2830.98
2012-07-30,2829.42,2839.31,2754.85,2767.12
2012-07-31,2757.85,2759.21,2706.38,2721.35
2012-08-01,2723.01,2781.41,2723.01,2766.34
2012-08-02,2759.62,2779.82,2738.4,2753.46
2012-08-03,2763.31,2816.82,2753.09,2816.82
2012-08-06,2801.35,2886.4,2801.35,2886.19
2012-08-07,2882.62,2916.6,2881.84,2916.6
2012-08-08,2915.41,2921.01,2885.6,2907.83
2012-08-09,2900.94,2949.84,2891.44,2949.84
2012-08-10,2942.45,2955.49,2934.89,2948.49
2012-08-13,2936.71,2941.72,2888.4,2889.79
2012-08-14,2885.78,2917.21,2839.23,2917.21
2012-08-15,2905.8,2916.29,2888.33,2891.3
2012-08-16,2879.68,2893.07,2862.01,2869.13
2012-08-17,2861.48,2874.82,2838.66,2870.04
2012-08-20,2842.28,2885.73,2835.14,2883.59
2012-08-21,2881.69,2940.79,2878.89,2932.45
2012-08-22,2932.07,2938.63,2905.41,2917.99
2012-08-23,2913.81,2940.37,2902.71,2939.18
2012-08-24,2923.65,2932.04,2879.03,2879.03
2012-08-27,2855.88,2855.88,2817.26,2818.74
2012-08-28,2814.48,2854.93,2805.87,2840.61
2012-08-29,2829.09,2866.4,2825.86,2836.11
2012-08-30,2824.2,2841.76,2736.55,2780.88
2012-08-31,2769.65,2801.66,2765.41,2793.74
2012-09-03,2782.79,2848.2,2782.79,2844.59
2012-09-04,2847.51,2861.1,2822.03,2825.96
2012-09-05,2818.02,2857.08,2815.87,2851.09
2012-09-06,2862.47,2884.24,2855.52,2884.24
2012-09-07,2912.92,2995.98,2904.35,2975.66
2012-09-10,2974.73,3015.15,2970.85,3008.28
2012-09-11,2988.58,3001.68,2978.55,3001.68
2012-09-12,3019.85,3019.85,2985.89,3017.74
2012-09-13,3012.74,3024.84,2975.63,2975.63
2012-09-14,3002.85,3002.85,2947.15,2973.24
2012-09-17,2965.33,2968.86,2884.07,2884.07
2012-09-18,2867.13,2896.08,2863.68,2878.48
2012-09-19,2887.75,2906.15,2880.52,2905.1
2012-09-20,2892.8,2892.8,2808.8,2812.05
2012-09-21,2801.47,2819.85,2780.62,2784.99
2012-09-24,2759.82,2810.59,2749.49,2802.07
2012-09-25,2790.63,2810.04,2771.84,2779.93
2012-09-26,2772.11,2780.47,2701.04,2705.22
2012-09-27,2705.96,2778.95,2701.53,2762.82
2012-09-28,2746.31,2809.39,2746.31,2809.39
2012-10-08,2810.99,2827.06,2797.57,2810.78
2012-10-09,2822.72,2888.26,2822.16,2888.26
2012-10-10,2878.11,2921.22,2878.11,2921.22
2012-10-11,2907.82,2923.12,2872.64,2874.07
2012-10-12,2886.67,2900.28,2840.38,2870.02
2012-10-15,2868.22,2868.22,2823.18,2850.33
2012-10-16,2846.73,2879.74,2838.67,2860.1
2012-10-17,2868.37,2876.65,2840.15,2869.69
2012-10-18,2871.86,2924.36,2871.38,2918.83
2012-10-19,2914.44,2923.12,2903.4,2911.74
2012-10-22,2890.87,2930.38,2890.49,2929.41
2012-10-23,2926.72,2934.13,2894.34,2897.04
2012-10-24,2875.99,2902.02,2875.99,2887.4
2012-10-25,2886.62,2901.58,2853.24,2854.96
2012-10-26,2852.12,2854.84,2780.65,2799.05
2012-10-29,2788.06,2805.91,2780.25,2796.86
2012-10-30,2799.06,2822.33,2794.13,2801.08
2012-10-31,2800.36,2813.45,2787.96,2813.45
2012-11-01,2816.76,2866.39,2816.76,2861.35
2012-11-02,2863.99,2872.82,2848.12,2872.07
2012-11-05,2865.05,2876.98,2849.44,2862.82
2012-11-06,2861.08,2861.08,2806.8,2843.9
2012-11-07,2838.12,2852.27,2827.93,2840.55
2012-11-08,2810.29,2821.16,2771.58,2771.58
2012-11-09,2763.14,2781.47,2754.03,2765.01
2012-11-12,2772.51,2785.05,2761.64,2785.05
2012-11-13,2782.51,2782.51,2725.81,2729.51
2012-11-14,2726.83,2732.16,2700.92,2730.11
2012-11-15,2708.08,2729.36,2682.62,2684.72
2012-11-16,2677.42,2677.42,2649.83,2668.52
2012-11-19,2663.83,2682.35,2642.53,2682.35
2012-11-20,2693.15,2695.88,2674.27,2675.48
2012-11-21,2674.09,2703.86,2640.71,2703.86
2012-11-22,2681.83,2687.64,2664.21,2671.62
2012-11-23,2673.86,2689.0,2664.72,2675.14
2012-11-26,2670.1,2671.12,2634.19,2636.93
2012-11-27,2619.54,2619.54,2528.62,2529.83
2012-11-28,2509.43,2509.43,2465.8,2473.19
2012-11-29,2476.62,2490.85,2441.7,2446.06
2012-11-30,2446.57,2482.4,2438.51,2481.75
2012-12-03,2475.93,2491.43,2421.05,2422.34
2012-12-04,2409.82,2452.64,2382.29,2450.46
2012-12-05,2439.61,2554.87,2438.74,2540.91
2012-12-06,2535.27,2555.32,2525.22,2539.07
2012-12-07,2534.94,2600.08,2528.21,2597.64
2012-12-10,2606.25,2645.47,2594.0,2644.49
2012-12-11,2625.98,2650.5,2622.47,2624.69
2012-12-12,2621.4,2632.46,2592.67,2622.37
2012-12-13,2607.57,2627.68,2585.63,2587.76
2012-12-14,2586.6,2690.96,2586.6,2687.91
2012-12-17,2693.69,2706.91,2676.04,2699.91
2012-12-18,2689.84,2721.14,2673.32,2685.94
2012-12-19,2679.21,2707.01,2678.3,2698.43
2012-12-20,2686.38,2705.58,2668.08,2703.73
2012-12-21,2705.98,2734.19,2692.34,2712.12
2012-12-24,2707.12,2741.18,2707.12,2741.18
2012-12-25,2733.73,2810.88,2733.01,2804.74
2012-12-26,2801.58,2852.06,2801.58,2852.06
2012-12-27,2859.63,2867.42,2822.87,2823.12
2012-12-28,2821.73,2856.01,2808.37,2856.01
2012-12-31,2865.66,2880.24,2853.18,2880.24
2013-01-04,2904.04,2904.04,2843.51,2871.3
2013-01-07,2860.15,2912.35,2860.15,2912.35
2013-01-08,2909.82,2956.13,2896.14,2949.18
2013-01-09,2937.17,2977.22,2926.01,2954.79
2013-01-10,2952.9,2980.76,2950.19,2974.68
2013-01-11,2978.5,2982.05,2910.48,2916.96
2013-01-14,2912.19,3020.02,2912.19,3018.47
2013-01-15,3023.43,3081.41,3023.43,3073.46
2013-01-16,3061.97,3077.81,3019.4,3067.9
2013-01-17,3058.29,3068.86,3027.67,3036.86
2013-01-18,3053.69,3081.64,3031.33,3081.64
2013-01-21,3087.37,3107.86,3073.91,3107.86
2013-01-22,3100.33,3103.48,3032.0,3052.89
2013-01-23,3036.63,3062.54,3012.3,3056.74
2013-01-24,3054.91,3080.91,2961.9,2986.29
2013-01-25,2985.53,3001.43,2972.38,2987.13
2013-01-28,2992.85,3061.79,2992.85,3061.79
2013-01-29,3067.2,3097.01,3061.95,3092.53
2013-01-30,3094.75,3097.49,3062.41,3092.49
2013-01-31,3086.39,3086.39,3055.53,3074.49
2013-02-01,3063.89,3092.68,3061.59,3088.74
2013-02-04,3097.01,3097.01,3046.98,3059.69
2013-02-05,3034.67,3083.52,3034.67,3083.52
2013-02-06,3083.93,3109.21,3083.67,3102.92
2013-02-07,3101.53,3120.17,3087.91,3116.43
2013-02-08,3116.95,3169.38,3116.95,3163.5
2013-02-18,3181.78,3197.61,3167.44,3196.01
2013-02-19,3190.37,3196.95,3136.27,3147.73
2013-02-20,3148.16,3213.07,3143.82,3213.07
2013-02-21,3183.01,3198.32,3132.65,3159.9
2013-02-22,3154.32,3184.68,3150.54,3155.69
2013-02-25,3166.13,3195.57,3160.9,3192.22
2013-02-26,3171.2,3202.38,3150.68,3152.96
2013-02-27,3165.25,3175.72,3126.35,3151.05
2013-02-28,3160.69,3209.72,3145.74,3209.72
2013-03-01,3205.68,3258.79,3205.68,3258.79
2013-03-04,3218.5,3232.17,3140.97,3162.77
2013-03-05,3168.43,3234.09,3151.35,3234.09
2013-03-06,3243.2,3290.99,3240.22,3290.99
2013-03-07,3280.04,3294.21,3225.45,3257.96
2013-03-08,3262.27,3271.03,3225.25,3230.73
2013-03-11,3222.08,3243.24,3209.1,3231.7
2013-03-12,3225.63,3243.46,3108.52,3145.74
2013-03-13,3131.27,3137.7,3088.12,3119.76
2013-03-14,3108.94,3144.43,3108.94,3130.53
2013-03-15,3128.23,3175.98,3101.46,3136.25
2013-03-18,3122.39,3138.35,3096.15,3099.12
2013-03-19,3104.03,3113.64,3054.96,3104.38
2013-03-20,3103.28,3178.19,3101.28,3178.19
2013-03-21,3176.87,3222.64,3175.19,3215.43
2013-03-22,3206.73,3225.56,3198.81,3222.17
2013-03-25,3226.9,3231.0,3202.01,3221.34
2013-03-26,3203.35,3212.29,3167.73,3206.18
2013-03-27,3206.73,3233.93,3197.32,3218.66
2013-03-28,3168.45,3168.45,3130.61,3130.83
2013-03-29,3137.61,3145.38,3115.67,3129.7
2013-04-01,3123.96,3159.82,3123.96,3151.22
2013-04-02,3151.33,3173.01,3099.63,3105.56
2013-04-03,3108.0,3109.0,3056.03,3070.2
2013-04-08,3008.72,3085.14,2993.42,3085.1
2013-04-09,3087.53,3115.99,3084.49,3113.05
2013-04-10,3108.08,3116.65,3072.22,3097.29
2013-04-11,3110.23,3111.0,3086.69,3088.67
2013-04-12,3080.75,3097.43,3061.04,3064.32
2013-04-15,3049.8,3049.8,3013.46,3021.65
2013-04-16,2985.63,3050.77,2985.63,3050.77
2013-04-17,3048.62,3084.53,3047.68,3084.53
2013-04-18,3061.52,3099.39,3060.94,3093.35
2013-04-19,3097.94,3157.2,3097.94,3150.88
2013-04-22,3137.21,3178.72,3137.21,3178.72
2013-04-23,3175.15,3175.15,3091.68,3095.2
2013-04-24,3101.73,3162.75,3091.07,3161.54
2013-04-25,3147.9,3176.85,3113.78,3113.78
2013-04-26,3115.13,3115.97,3048.17,3053.84
2013-05-02,3037.79,3078.13,3036.21,3078.13
2013-05-03,3091.39,3143.17,3091.39,3138.16
2013-05-06,3149.47,3192.92,3148.58,3191.57
2013-05-07,3184.31,3203.55,3176.11,3199.21
2013-05-08,3205.88,3231.1,3194.35,3231.1
2013-05-09,3225.77,3236.1,3201.06,3236.1
2013-05-10,3222.92,3258.07,3221.85,3258.07
2013-05-13,3260.42,3278.72,3245.07,3278.72
2013-05-14,3270.17,3271.31,3225.81,3245.56
2013-05-15,3248.24,3292.41,3244.9,3292.41
2013-05-16,3286.02,3333.49,3283.88,3317.51
2013-05-17,3312.28,3369.49,3311.92,3367.46
2013-05-20,3379.68,3426.08,3374.82,3426.08
2013-05-21,3418.95,3477.96,3418.95,3477.96
2013-05-22,3465.93,3475.54,3420.34,3436.02
2013-05-23,3417.18,3471.68,3411.42,3421.45
2013-05-24,3434.64,3477.98,3429.33,3477.98
2013-05-27,3480.87,3520.0,3480.54,3520.0
2013-05-28,3516.26,3519.01,3458.27,3495.8
2013-05-29,3497.36,3522.75,3493.68,3522.21
2013-05-30,3503.16,3535.71,3503.16,3531.8
2013-05-31,3539.58,3550.28,3516.01,3517.15
2013-06-03,3514.34,3524.65,3479.39,3486.77
2013-06-04,3478.62,3479.42,3385.37,3415.48
2013-06-05,3411.42,3437.84,3401.73,3432.97
2013-06-06,3411.97,3424.92,3377.57,3379.49
2013-06-07,3385.98,3398.98,3314.6,3335.26
2013-06-13,3272.33,3272.33,3172.97,3248.02
2013-06-14,3261.33,3321.06,3257.84,3317.27
2013-06-17,3327.5,3356.09,3305.9,3331.77
2013-06-18,3332.72,3340.69,3289.18,3335.01
2013-06-19,3304.97,3319.42,3266.29,3319.42
2013-06-20,3291.85,3308.62,3215.61,3217.9
2013-06-21,3137.07,3213.37,3108.26,3197.4
2013-06-24,3182.41,3182.41,2981.86,3011.21
2013-06-25,2962.51,3016.91,2787.28,3003.3
2013-06-26,2997.29,3076.86,2982.54,3076.86
2013-06-27,3089.43,3123.35,3018.26,3019.41
2013-06-28,2972.38,3064.83,2961.87,3004.22
2013-07-01,2990.05,3076.76,2989.72,3076.76
2013-07-02,3078.55,3133.16,3073.89,3133.16
2013-07-03,3110.54,3142.97,3065.16,3137.09
2013-07-04,3109.29,3188.7,3107.62,3157.67
2013-07-05,3160.89,3183.58,3128.51,3128.51
2013-07-08,3058.39,3078.27,3004.77,3008.66
2013-07-09,3003.9,3029.06,2986.9,3029.06
2013-07-10,3031.12,3112.49,3028.47,3112.49
2013-07-11,3117.17,3203.83,3114.33,3184.08
2013-07-12,3178.69,3227.07,3178.69,3182.93
2013-07-15,3195.24,3256.81,3195.24,3256.81
2013-07-16,3257.14,3298.28,3244.4,3298.28
2013-07-17,3284.24,3311.07,3238.86,3253.82
2013-07-18,3238.82,3273.22,3220.36,3259.53
2013-07-19,3261.17,3295.66,3195.55,3195.55
2013-07-22,3162.49,3264.99,3160.93,3264.99
2013-07-23,3279.98,3348.92,3277.95,3348.92
2013-07-24,3334.81,3386.2,3321.74,3380.84
2013-07-25,3380.44,3384.27,3293.01,3302.86
2013-07-26,3286.19,3316.74,3252.67,3309.86
2013-07-29,3281.59,3307.1,3249.16,3257.06
2013-07-30,3269.96,3273.77,3179.2,3245.47
2013-07-31,3263.77,3282.92,3251.79,3264.43
2013-08-01,3273.57,3365.6,3268.09,3365.6
2013-08-02,3383.87,3411.8,3374.94,3382.92
2013-08-05,3381.5,3436.82,3381.5,3436.82
2013-08-06,3431.94,3478.03,3429.28,3473.06
2013-08-07,3462.72,3471.93,3421.54,3427.36
2013-08-08,3417.8,3464.84,3414.18,3447.23
2013-08-09,3459.93,3472.91,3403.83,3453.11
2013-08-12,3461.61,3479.51,3448.18,3479.51
2013-08-13,3475.98,3506.87,3468.37,3506.87
2013-08-14,3509.36,3527.27,3482.97,3507.25
2013-08-15,3499.66,3516.04,3476.11,3477.44
2013-08-16,3452.06,3506.32,3391.02,3394.34
2013-08-19,3373.67,3477.23,3373.67,3477.23
2013-08-20,3473.99,3508.87,3466.11,3490.94
2013-08-21,3488.37,3519.15,3473.6,3519.15
2013-08-22,3512.59,3544.69,3512.34,3532.58
2013-08-23,3544.43,3550.39,3460.83,3528.46
2013-08-26,3534.11,3598.27,3532.11,3598.27
2013-08-27,3592.81,3630.51,3582.7,3630.51
2013-08-28,3594.7,3625.41,3580.49,3588.86
2013-08-29,3591.81,3601.33,3568.04,3591.8
2013-08-30,3588.2,3600.22,3503.28,3517.55
2013-09-02,3516.35,3550.87,3487.6,3550.87
2013-09-03,3548.3,3606.29,3545.12,3606.29
2013-09-04,3602.36,3619.43,3589.17,3609.54
2013-09-05,3599.11,3629.63,3595.51,3622.44
2013-09-06,3616.27,3651.83,3614.37,3649.69
2013-09-09,3657.04,3664.74,3641.1,3662.83
2013-09-10,3660.53,3676.76,3649.69,3676.76
2013-09-11,3671.75,3671.75,3604.98,3625.39
2013-09-12,3610.37,3643.86,3609.8,3628.12
2013-09-13,3626.52,3651.2,3608.69,3646.65
2013-09-16,3652.13,3685.11,3652.13,3673.91
2013-09-17,3669.99,3670.35,3619.04,3619.34
2013-09-18,3619.64,3655.68,3611.29,3655.68
2013-09-23,3667.0,3731.16,3667.0,3731.16
2013-09-24,3722.61,3748.92,3701.72,3745.65
2013-09-25,3734.83,3755.86,3717.31,3723.78
2013-09-26,3711.43,3720.21,3662.27,3662.78
2013-09-27,3665.76,3683.67,3658.51,3669.64
2013-09-30,3687.82,3725.81,3685.2,3725.81
2013-10-08,3722.96,3789.84,3717.41,3789.84
2013-10-09,3776.07,3844.89,3776.07,3844.89
2013-10-10,3848.41,3851.65,3807.21,3818.69
2013-10-11,3839.63,3866.84,3825.88,3866.84
2013-10-14,3872.98,3909.21,3862.48,3909.21
2013-10-15,3909.68,3912.13,3875.86,3903.36
2013-10-16,3882.66,3882.66,3770.19,3789.9
2013-10-17,3819.36,3838.35,3780.06,3791.84
2013-10-18,3794.84,3821.81,3783.57,3818.43
2013-10-21,3833.74,3923.34,3832.6,3923.34
2013-10-22,3918.25,3940.44,3874.84,3884.26
2013-10-23,3879.78,3881.44,3763.37,3786.86
2013-10-24,3768.55,3798.55,3757.46,3766.4
2013-10-25,3772.34,3781.14,3679.53,3703.58
2013-10-28,3707.33,3708.08,3679.22,3701.25
2013-10-29,3698.53,3719.12,3498.39,3593.3
2013-10-30,3578.06,3654.14,3577.97,3654.14
2013-10-31,3636.28,3638.45,3606.83,3611.37
2013-11-01,3588.21,3611.57,3552.84,3594.08
2013-11-04,3597.63,3629.46,3592.5,3622.51
2013-11-05,3600.79,3678.25,3589.49,3678.25
2013-11-06,3663.89,3711.71,3650.62,3650.63
2013-11-07,3630.57,3647.89,3593.32,3598.43
2013-11-08,3573.47,3588.35,3534.9,3549.49
2013-11-11,3542.22,3587.07,3521.37,3578.11
2013-11-12,3576.83,3610.99,3567.43,3610.99
2013-11-13,3593.81,3599.05,3547.82,3547.82
2013-11-14,3540.8,3609.18,3516.8,3609.18
2013-11-15,3614.12,3704.65,3614.12,3680.95
2013-11-18,3705.71,3763.02,3695.8,3763.02
2013-11-19,3764.6,3786.47,3756.21,3780.45
2013-11-20,3782.9,3812.44,3767.96,3812.44
2013-11-21,3786.91,3809.06,3772.66,3798.15
2013-11-22,3797.11,3808.07,3771.85,3780.87
2013-11-25,3766.8,3817.32,3765.02,3794.23
2013-11-26,3791.09,3822.65,3783.25,3817.0
2013-11-27,3811.36,3866.88,3810.99,3866.88
2013-11-28,3872.89,3915.46,3871.95,3899.07
2013-11-29,3901.58,3948.17,3899.54,3947.46
2013-12-02,3790.11,3852.24,3684.14,3700.49
2013-12-03,3648.73,3773.5,3640.03,3768.83
2013-12-04,3756.51,3848.99,3756.51,3811.04
2013-12-05,3804.54,3815.78,3780.26,3789.26
2013-12-06,3776.17,3795.24,3764.33,3779.38
2013-12-09,3797.99,3829.42,3796.14,3829.42
2013-12-10,3835.57,3843.32,3810.43,3832.82
2013-12-11,3814.52,3823.45,3773.86,3802.81
2013-12-12,3794.25,3851.35,3794.25,3833.48
2013-12-13,3807.1,3860.95,3807.1,3855.51
2013-12-16,3856.72,3858.13,3796.63,3806.47
2013-12-17,3805.47,3811.65,3760.7,3778.88
2013-12-18,3781.08,3794.69,3759.04,3771.05
2013-12-19,3782.71,3795.98,3744.22,3745.88
2013-12-20,3745.59,3756.28,3688.38,3704.13
2013-12-23,3704.33,3707.93,3636.34,3692.4
2013-12-24,3698.61,3754.46,3697.3,3732.43
2013-12-25,3736.82,3805.41,3729.4,3805.41
2013-12-26,3798.59,3807.98,3742.94,3745.14
2013-12-27,3741.22,3822.49,3740.06,3815.51
2013-12-30,3837.78,3848.0,3823.54,3844.27
2013-12-31,3820.06,3844.72,3802.28,3840.4
2014-01-02,3829.24,3882.42,3828.93,3882.42
2014-01-03,3870.13,3881.44,3849.16,3871.8
2014-01-06,3853.81,3853.81,3764.3,3765.72
2014-01-07,3739.57,3797.0,3739.57,3797.0
2014-01-08,3805.91,3841.28,3799.5,3819.94
2014-01-09,3807.34,3832.77,3752.75,3753.83
2014-01-10,3736.01,3748.78,3681.2,3694.64
2014-01-13,3698.67,3724.04,3671.34,3693.74
2014-01-14,3696.15,3777.37,3692.2,3777.37
2014-01-15,3772.81,3813.36,3771.37,3813.36
2014-01-16,3813.13,3836.84,3803.43,3816.27
2014-01-17,3798.36,3807.26,3777.95,3785.3
2014-01-20,3776.72,3793.93,3735.73,3755.42
2014-01-21,3756.46,3814.69,3756.46,3814.69
2014-01-22,3819.61,3898.98,3818.9,3898.98
2014-01-23,3895.52,3951.05,3895.31,3937.13
2014-01-24,3924.39,3998.3,3924.39,3989.86
2014-01-27,3963.89,4017.05,3957.86,3985.2
2014-01-28,3988.09,4002.9,3940.94,3974.42
2014-01-29,3982.26,4026.8,3978.26,4023.11
2014-01-30,4014.63,4029.34,3997.68,4010.43
2014-02-07,3976.57,4089.38,3976.57,4089.38
2014-02-10,4105.94,4197.0,4105.94,4197.0
2014-02-11,4196.98,4225.06,4148.7,4204.28
2014-02-12,4207.32,4265.91,4190.71,4265.91
2014-02-13,4254.42,4269.8,4187.83,4187.83
2014-02-14,4194.8,4276.08,4185.73,4276.08
2014-02-17,4301.63,4375.09,4291.95,4375.09
2014-02-18,4370.84,4396.71,4351.87,4384.51
2014-02-19,4377.1,4406.57,4352.03,4380.72
2014-02-20,4385.44,4386.21,4295.18,4310.92
2014-02-21,4300.39,4327.55,4258.12,4300.84
2014-02-24,4277.17,4330.52,4245.11,4330.52
2014-02-25,4338.69,4366.08,4130.19,4151.11
2014-02-26,4112.41,4185.54,4053.7,4185.54
2014-02-27,4197.93,4257.32,4126.23,4129.63
2014-02-28,4114.83,4170.57,4065.16,4170.57
2014-03-03,4163.32,4260.05,4161.44,4260.05
2014-03-04,4228.4,4270.43,4211.54,4267.95
2014-03-05,4279.55,4293.34,4255.02,4264.49
2014-03-06,4252.71,4274.82,4204.07,4267.26
2014-03-07,4264.87,4290.76,4237.55,4260.0
2014-03-10,4206.37,4213.62,4095.87,4103.48
2014-03-11,4087.93,4122.15,4047.91,4090.37
2014-03-12,4070.14,4109.67,4008.61,4076.11
2014-03-13,4082.1,4133.91,4074.55,4133.91
2014-03-14,4106.07,4143.24,4094.93,4128.6
2014-03-17,4136.97,4220.73,4131.08,4220.73
2014-03-18,4224.56,4273.43,4223.49,4252.15
2014-03-19,4234.54,4262.32,4214.25,4262.32
2014-03-20,4247.27,4273.62,4146.9,4146.9
2014-03-21,4112.69,4212.42,4087.74,4211.62
2014-03-24,4209.59,4239.0,4200.56,4227.84
2014-03-25,4210.92,4240.2,4200.36,4226.72
2014-03-26,4232.92,4252.09,4227.6,4247.18
2014-03-27,4235.59,4235.59,4163.36,4163.36
2014-03-28,4148.11,4156.13,4040.52,4049.64
2014-03-31,4040.61,4051.03,3991.88,4017.01
2014-04-01,4010.92,4084.63,4010.88,4084.63
2014-04-02,4085.41,4095.72,4053.87,4065.11
2014-04-03,4064.41,4088.7,4048.09,4071.43
2014-04-04,4062.97,4118.53,4054.81,4118.53
2014-04-08,4099.84,4146.81,4091.8,4146.73
2014-04-09,4148.48,4194.74,4148.48,4194.65
2014-04-10,4195.94,4230.45,4192.89,4207.07
2014-04-11,4188.78,4198.65,4161.25,4192.65
2014-04-14,4191.27,4227.25,4189.84,4227.15
2014-04-15,4224.8,4226.02,4197.86,4207.13
2014-04-16,4198.71,4214.17,4181.98,4212.42
2014-04-17,4214.11,4227.02,4211.76,4216.67
2014-04-18,4207.58,4234.38,4199.18,4234.31
2014-04-21,4209.9,4239.46,4166.93,4170.21
2014-04-22,4159.98,4175.37,4074.68,4129.36
2014-04-23,4123.93,4143.48,4100.97,4117.73
2014-04-24,4111.08,4116.63,4072.49,4082.22
2014-04-25,4076.78,4080.74,3995.89,3997.57
2014-04-28,3979.59,3979.59,3860.28,3863.24
2014-04-29,3851.96,3909.03,3850.74,3908.82
2014-04-30,3904.63,3951.13,3899.97,3951.1
2014-05-05,3945.11,3997.88,3936.55,3997.72
2014-05-06,3995.55,4041.26,3991.04,4027.19
2014-05-07,4015.97,4015.97,3956.27,3958.49
2014-05-08,3946.75,4004.28,3941.54,3960.07
2014-05-09,3954.06,3957.21,3889.86,3919.4
2014-05-12,3936.74,4000.15,3927.38,4000.09
2014-05-13,3996.0,4011.55,3980.6,3996.18
2014-05-14,3991.6,4007.09,3985.06,3998.87
2014-05-15,3993.94,3996.38,3923.55,3926.31
2014-05-16,3915.59,3924.27,3870.57,3917.16
2014-05-19,3909.38,3909.38,3875.97,3905.56
2014-05-20,3920.14,3952.95,3916.68,3927.42
2014-05-21,3921.76,3960.42,3891.29,3960.32
2014-05-22,3960.93,4000.67,3960.93,3965.77
2014-05-23,3961.08,4005.64,3954.32,4005.64
2014-05-26,4011.88,4057.66,4011.88,4057.6
2014-05-27,4056.62,4062.91,4039.23,4045.04
2014-05-28,4043.67,4094.67,4040.53,4094.67
2014-05-29,4091.94,4097.52,4045.15,4046.28
2014-05-30,4040.68,4063.66,4017.95,4055.87
2014-06-03,4057.0,4073.01,4053.2,4053.77
2014-06-04,4049.02,4049.02,3994.39,4027.4
2014-06-05,4021.5,4077.35,4018.12,4077.27
2014-06-06,4077.73,4086.0,4048.8,4071.55
2014-06-09,4064.32,4079.27,4045.24,4049.51
2014-06-10,4049.12,4097.85,4032.6,4097.77
2014-06-11,4094.31,4123.42,4089.12,4121.79
2014-06-12,4115.1,4131.56,4103.32,4119.9
2014-06-13,4114.68,4167.1,4113.37,4165.65
2014-06-16,4169.17,4192.68,4169.17,4191.96
2014-06-17,4187.81,4187.81,4156.87,4158.99
2014-06-18,4155.9,4161.01,4122.72,4125.61
2014-06-19,4119.54,4128.16,3988.29,4011.68
2014-06-20,4006.97,4056.94,4003.18,4056.71
2014-06-23,4062.44,4114.35,4062.44,4106.17
2014-06-24,4105.55,4136.37,4104.18,4136.22
2014-06-25,4133.0,4133.0,4102.65,4120.13
2014-06-26,4118.73,4183.84,4118.73,4180.72
2014-06-27,4181.14,4234.18,4174.06,4217.99
2014-06-30,4223.25,4263.36,4215.52,4263.16
2014-07-01,4265.42,4290.02,4254.36,4289.98
2014-07-02,4291.47,4319.15,4273.55,4319.1
2014-07-03,4319.49,4351.75,4306.82,4344.43
2014-07-04,4342.4,4352.47,4328.23,4343.96
2014-07-07,4343.81,4351.35,4319.57,4346.23
2014-07-08,4341.96,4383.16,4312.13,4382.85
2014-07-09,4375.54,4394.68,4321.97,4322.55
2014-07-10,4317.01,4354.18,4314.18,4336.43
2014-07-11,4333.8,4376.69,4332.36,4368.01
2014-07-14,4371.79,4423.27,4371.2,4423.26
2014-07-15,4409.47,4410.83,4365.06,4395.14
2014-07-16,4389.04,4396.54,4329.53,4346.94
2014-07-17,4340.8,4344.41,4304.83,4334.68
2014-07-18,4322.24,4361.64,4316.17,4340.59
2014-07-21,4337.89,4342.97,4310.52,4329.36
2014-07-22,4325.33,4382.81,4324.5,4382.75
2014-07-23,4383.56,4389.49,4318.19,4335.42
2014-07-24,4329.94,4337.16,4267.4,4306.77
2014-07-25,4304.4,4342.7,4304.4,4342.7
2014-07-28,4350.56,4410.85,4350.56,4410.77
2014-07-29,4415.54,4472.29,4408.84,4467.92
2014-07-30,4462.56,4499.36,4458.24,4498.75
2014-07-31,4496.61,4531.29,4490.93,4531.26
2014-08-01,4521.93,4541.55,4477.45,4484.77
2014-08-04,4487.91,4550.61,4487.91,4550.38
2014-08-05,4554.49,4584.4,4530.13,4584.38
2014-08-06,4574.78,4609.72,4558.54,4604.15
2014-08-07,4601.59,4621.97,4566.54,4568.28
2014-08-08,4568.56,4610.83,4568.56,4608.23
2014-08-11,4613.44,4676.06,4613.44,4676.06
2014-08-12,4677.81,4706.77,4669.75,4706.71
2014-08-13,4705.83,4715.7,4652.45,4714.84
2014-08-14,4710.46,4750.6,4700.01,4703.45
2014-08-15,4701.25,4755.12,4696.34,4754.57
2014-08-18,4761.89,4828.84,4761.89,4828.83
2014-08-19,4833.76,4856.69,4815.67,4853.34
2014-08-20,4855.34,4880.87,4842.72,4859.48
2014-08-21,4864.55,4870.01,4812.17,4869.9
2014-08-22,4869.39,4914.25,4863.28,4911.24
2014-08-25,4912.46,4913.54,4869.78,4886.26
2014-08-26,4877.72,4886.52,4776.86,4796.12
2014-08-27,4791.1,4834.05,4791.1,4827.79
2014-08-28,4828.69,4839.03,4774.67,4789.3
2014-08-29,4782.57,4842.44,4779.25,4842.41
2014-09-01,4845.88,4934.29,4845.88,4934.25
2014-09-02,4946.14,5010.18,4946.14,5010.13
2014-09-03,5019.56,5056.26,5007.4,5052.95
2014-09-04,5056.41,5102.59,5042.56,5102.5
2014-09-05,5109.96,5132.26,5086.93,5132.21
2014-09-09,5138.22,5175.92,5106.08,5175.6
2014-09-10,5163.5,5217.71,5136.8,5216.2
2014-09-11,5216.9,5277.22,5176.13,5214.6
2014-09-12,5212.15,5287.74,5206.66,5287.54
2014-09-15,5292.58,5361.48,5286.77,5360.86
2014-09-16,5365.59,5372.84,5181.48,5184.59
2014-09-17,5184.94,5228.94,5129.53,5228.92
2014-09-18,5224.61,5269.27,5210.36,5268.8
2014-09-19,5270.55,5335.13,5266.57,5334.7
2014-09-22,5328.55,5328.55,5270.67,5287.2
2014-09-23,5287.06,5363.83,5287.06,5363.81
2014-09-24,5360.06,5437.85,5348.58,5437.85
2014-09-25,5448.38,5492.81,5428.23,5447.59
2014-09-26,5438.11,5477.15,5421.43,5477.1
2014-09-29,5490.46,5537.77,5490.46,5537.67
2014-09-30,5545.82,5582.88,5534.6,5582.87
2014-10-08,5596.86,5659.01,5568.1,5658.84
2014-10-09,5667.83,5685.68,5595.46,5679.46
2014-10-10,5664.74,5683.92,5623.32,5660.03
2014-10-13,5640.7,5664.76,5567.17,5664.76
2014-10-14,5656.26,5707.65,5621.64,5656.06
2014-10-15,5652.08,5669.44,5595.33,5669.42
2014-10-16,5640.3,5690.2,5584.42,5584.42
2014-10-17,5566.06,5582.33,5398.84,5501.34
2014-10-20,5506.88,5592.81,5506.15,5592.62
2014-10-21,5590.13,5610.91,5545.93,5554.13
2014-10-22,5549.06,5573.4,5477.51,5480.94
2014-10-23,5463.32,5484.39,5357.21,5385.91
2014-10-24,5383.76,5433.0,5379.34,5400.62
2014-10-27,5388.67,5453.56,5360.99,5453.45
2014-10-28,5464.03,5599.26,5464.03,5599.18
2014-10-29,5613.55,5695.52,5613.55,5680.43
2014-10-30,5679.24,5710.08,5660.36,5679.79
2014-10-31,5684.32,5700.42,5610.94,5657.88
2014-11-03,5661.62,5722.49,5661.62,5722.4
2014-11-04,5721.36,5732.19,5672.3,5695.03
2014-11-05,5689.54,5704.09,5657.31,5693.9
2014-11-06,5687.23,5742.84,5664.75,5742.56
2014-11-07,5747.71,5769.06,5666.12,5688.2
2014-11-10,5691.65,5711.76,5666.75,5711.76
2014-11-11,5716.25,5716.6,5464.03,5513.77
2014-11-12,5498.82,5594.86,5487.43,5594.55
2014-11-13,5592.37,5592.37,5475.55,5509.49
2014-11-14,5490.27,5499.03,5450.77,5494.42
2014-11-17,5498.67,5588.12,5478.2,5572.88
2014-11-18,5568.64,5598.09,5565.9,5597.7
2014-11-19,5594.48,5648.94,5593.68,5641.84
2014-11-20,5627.23,5642.59,5614.16,5640.47
2014-11-21,5636.86,5696.66,5636.86,5696.66
2014-11-24,5736.1,5755.53,5710.58,5746.01
2014-11-25,5746.86,5831.37,5742.83,5831.32
2014-11-26,5837.56,5869.66,5817.61,5869.55
2014-11-27,5879.69,5911.13,5862.01,5911.1
2014-11-28,5912.69,5928.18,5858.65,5912.69
2014-12-01,5912.24,5912.24,5808.25,5837.15
2014-12-02,5828.1,5898.61,5826.21,5889.18
2014-12-03,5894.9,5922.51,5827.98,5922.47
2014-12-04,5926.85,5994.51,5920.38,5991.47
2014-12-05,5993.73,5993.73,5704.0,5834.81
2014-12-08,5809.14,5851.63,5764.89,5829.52
2014-12-09,5814.88,5814.88,5566.25,5571.39
2014-12-10,5550.59,5746.55,5527.3,5746.49
2014-12-11,5741.71,5835.52,5719.43,5835.28
2014-12-12,5842.53,5904.78,5835.82,5904.58
2014-12-15,5889.89,6004.9,5873.96,6001.22
2014-12-16,6003.56,6014.59,5943.96,5982.9
2014-12-17,5968.89,5968.89,5856.8,5905.66
2014-12-18,5894.3,5922.01,5882.84,5890.8
2014-12-19,5880.57,5880.57,5727.62,5806.92
2014-12-22,5781.71,5781.71,5496.26,5517.38
2014-12-23,5486.7,5535.3,5420.56,5429.99
2014-12-24,5446.91,5549.36,5446.91,5549.33
2014-12-25,5560.11,5617.58,5557.1,5617.58
2014-12-26,5618.69,5635.99,5599.95,5635.85
2014-12-29,5629.57,5629.57,5496.08,5521.02
2014-12-30,5511.76,5515.04,5411.71,5422.5
2014-12-31,5420.17,5468.94,5396.28,5468.81
2015-01-05,5470.54,5502.2,5414.89,5501.43
2015-01-06,5479.37,5588.73,5446.35,5588.47
2015-01-07,5577.64,5588.78,5544.04,5587.7
2015-01-08,5582.12,5611.13,5544.64,5576.3
2015-01-09,5562.44,5612.3,5540.17,5540.17
2015-01-12,5513.23,5513.23,5437.81,5462.67
2015-01-13,5458.67,5548.04,5458.59,5547.88
2015-01-14,5545.4,5549.87,5506.48,5528.09
2015-01-15,5527.35,5562.2,5527.35,5562.04
2015-01-16,5565.82,5629.9,5565.4,5629.9
2015-01-19,5528.57,5661.01,5436.64,5499.8
2015-01-20,5517.39,5694.87,5517.39,5694.82
2015-01-21,5712.74,5814.1,5712.74,5814.02
2015-01-22,5821.55,5898.48,5815.56,5898.38
2015-01-23,5904.99,5904.99,5830.19,5849.45
2015-01-26,5851.16,5969.15,5851.16,5968.93
2015-01-27,5977.08,6014.16,5918.4,6013.91
2015-01-28,6003.17,6044.32,5979.91,5999.22
2015-01-29,5964.21,5996.03,5940.33,5971.26
2015-01-30,5973.43,5995.98,5909.83,5910.51
2015-02-02,5857.46,5919.8,5825.79,5895.83
2015-02-03,5904.03,5991.31,5904.03,5988.3
2015-02-04,5994.78,6011.94,5972.57,5978.52
2015-02-05,6009.78,6033.43,5963.59,5966.57
2015-02-06,5951.8,5963.42,5838.55,5858.02
2015-02-09,5843.45,5868.71,5807.76,5820.36
2015-02-10,5814.07,5877.87,5809.21,5877.64
2015-02-11,5883.53,5954.29,5883.53,5954.11
2015-02-12,5957.57,6011.3,5957.57,6011.19
2015-02-13,6034.77,6121.01,6034.77,6113.62
2015-02-16,6124.67,6234.13,6124.67,6234.0
2015-02-17,6248.81,6276.17,6217.04,6276.17
2015-02-25,6288.83,6307.42,6251.74,6268.04
2015-02-26,6265.87,6309.92,6251.67,6309.85
2015-02-27,6307.73,6386.8,6303.68,6386.64
2015-03-02,6419.29,6528.43,6406.64,6528.23
2015-03-03,6516.93,6585.07,6489.55,6510.08
2015-03-04,6508.0,6634.8,6508.0,6634.69
2015-03-05,6642.71,6684.56,6612.99,6684.45
2015-03-06,6685.8,6700.88,6591.39,6608.36
2015-03-09,6587.05,6706.69,6559.26,6706.69
2015-03-10,6708.53,6804.74,6704.95,6795.41
2015-03-11,6796.32,6803.01,6770.16,6797.97
2015-03-12,6796.01,6812.78,6705.36,6751.84
2015-03-13,6759.64,6854.14,6759.64,6854.07
2015-03-16,6895.11,7070.6,6895.11,7070.29
2015-03-17,7103.73,7189.96,7076.99,7166.6
2015-03-18,7171.23,7306.36,7156.83,7306.22
2015-03-19,7306.08,7365.8,7262.34,7365.36
2015-03-20,7367.88,7462.33,7367.88,7454.36
2015-03-23,7492.97,7657.95,7492.97,7657.95
2015-03-24,7683.82,7724.11,7439.7,7719.56
2015-03-25,7718.64,7869.96,7665.83,7834.62
2015-03-26,7802.83,7859.75,7652.99,7723.89
2015-03-27,7707.37,7815.88,7704.4,7814.92
2015-03-30,7824.58,7859.16,7798.12,7842.96
2015-03-31,7859.99,7943.83,7803.62,7879.33
2015-04-01,7876.88,8079.94,7876.88,8079.3
2015-04-02,8115.08,8286.88,8115.08,8286.62
2015-04-03,8259.67,8472.08,8222.191,8471.86
2015-04-07,8509.88,8654.981,8509.88,8654.53
2015-04-08,8681.25,8684.67,8387.64,8567.78
2015-04-09,8562.17,8562.17,8158.87,8490.95
2015-04-10,8452.71,8732.04,8415.61,8719.731
2015-04-13,8766.401,8951.39,8750.121,8932.281
2015-04-14,8950.231,9038.531,8878.31,8953.02
2015-04-15,8923.67,8923.67,8604.41,8629.11
2015-04-16,8512.19,8805.549,8399.87,8709.339
2015-04-17,8764.549,8814.629,8688.94,8732.82
2015-04-20,8699.83,8741.51,8501.18,8530.51
2015-04-21,8530.031,8852.201,8530.031,8851.991
2015-04-22,8925.02,9131.34,8925.02,9131.041
2015-04-23,9170.061,9283.921,9123.032,9241.091
2015-04-24,9142.381,9281.991,9071.021,9260.021
2015-04-27,9325.011,9399.311,9227.621,9309.051
2015-04-28,9308.721,9308.911,8924.862,9011.621
2015-04-29,8981.301,9225.721,8957.551,9224.681
2015-04-30,9261.581,9383.921,9261.581,9293.821
2015-05-04,9316.671,9380.471,9214.961,9379.781
2015-05-05,9384.89,9387.661,9088.191,9136.27
2015-05-06,9155.13,9336.51,9017.96,9071.2
2015-05-07,9039.519,9073.03,8896.78,8916.99
2015-05-08,9009.88,9320.87,9009.88,9320.57
2015-05-11,9444.12,9755.21,9414.559,9754.94
2015-05-12,9832.74,9995.51,9776.059,9995.3
2015-05-13,9940.74,10182.09,9844.48,10091.5
2015-05-14,10123.39,10223.55,10081.08,10190.161
2015-05-15,10159.741,10264.14,10000.421,10181.64
2015-05-18,10188.26,10476.92,10179.89,10466.861
2015-05-19,10539.581,10763.451,10489.471,10762.631
2015-05-20,10841.831,11199.801,10841.831,11041.811
2015-05-21,11123.532,11453.702,11123.532,11453.622
2015-05-22,11640.892,11703.222,11313.903,11586.613
2015-05-25,11461.403,11806.463,11366.323,11795.062
2015-05-26,11869.193,12253.873,11869.193,12253.213
2015-05-27,12331.613,12496.843,12055.722,12457.543
2015-05-28,12483.813,12683.664,11801.633,11805.994
2015-05-29,11759.264,12179.894,11247.504,11990.434
2015-06-01,12108.554,12604.155,12108.554,12604.084
2015-06-02,12715.384,13161.485,12686.934,13161.054
2015-06-03,13259.084,13330.934,12872.584,13261.654
2015-06-04,13247.383,13304.723,12435.203,13187.293
2015-06-05,13364.523,13486.053,13074.034,13363.103
2015-06-08,13346.133,13346.133,12952.473,13084.123
2015-06-09,13020.443,13170.123,12900.392,13089.233
2015-06-10,13025.653,13520.602,12899.512,13406.472
2015-06-11,13417.212,13696.772,13413.552,13696.233
2015-06-12,13755.672,14011.452,13750.652,13947.042
2015-06-15,13983.562,14015.453,13670.552,13716.432
2015-06-16,13528.642,13528.642,13035.972,13141.413
2015-06-17,13099.463,13442.543,12654.123,13411.173
2015-06-18,13396.573,13507.073,12976.713,13007.932
2015-06-19,12664.772,12760.102,12148.833,12179.632
2015-06-23,12106.422,12251.052,11392.302,12132.802
2015-06-24,12252.472,12438.452,12040.943,12395.783
2015-06-25,12437.062,12442.642,11771.172,11928.052
2015-06-26,11513.372,11513.372,10975.332,10996.902
2015-06-29,11164.482,11169.881,10141.521,10230.131
2015-06-30,9873.471,10629.982,9495.152,10610.551
2015-07-01,10497.402,10823.801,9986.042,10026.122
2015-07-02,9905.892,9959.592,9328.453,9369.522
2015-07-03,8956.443,9375.963,8720.632,8788.583
2015-07-06,9309.753,9309.753,8243.503,8351.113
2015-07-07,8028.543,8032.173,7879.063,7880.193
2015-07-08,7603.673,7692.333,7601.533,7673.483
2015-07-09,7525.983,7902.573,7525.983,7901.903
2015-07-10,8026.603,8164.973,8020.213,8163.553
2015-07-13,8442.173,8549.463,8395.743,8545.663
2015-07-14,8774.973,8960.944,8715.603,8798.723
2015-07-15,8858.123,8858.123,8418.443,8442.022
2015-07-16,8171.353,8703.453,8027.053,8529.453
2015-07-17,8565.693,9012.203,8565.693,8966.233
2015-07-20,9041.733,9299.552,8979.262,9211.283
2015-07-21,9145.413,9484.623,9060.203,9427.113
2015-07-22,9449.533,9605.993,9307.503,9571.352
2015-07-23,9592.993,9894.833,9561.013,9867.852
2015-07-24,9893.123,10063.893,9695.772,9779.193
2015-07-27,9591.043,9873.563,9128.873,9132.093
2015-07-28,8610.643,9168.074,8520.843,8757.914
2015-07-29,8891.894,9157.974,8534.705,9157.974
2015-07-30,9113.325,9324.545,8884.655,8916.514
2015-07-31,8753.655,8957.314,8583.854,8708.594
2015-08-03,8580.264,8613.974,8202.954,8272.575
2015-08-04,8267.415,8754.695,8267.415,8754.655
2015-08-05,8766.585,8929.975,8636.765,8728.905
2015-08-06,8540.155,8799.854,8516.995,8714.505
2015-08-07,8788.925,9032.755,8788.925,9032.665
2015-08-10,9138.024,9522.455,9120.235,9475.104
2015-08-11,9492.485,9687.665,9454.745,9565.575
2015-08-12,9472.595,9632.635,9445.205,9451.145
2015-08-13,9398.125,9714.325,9347.274,9714.155
2015-08-14,9791.875,9908.185,9726.625,9807.354
2015-08-17,9776.995,9986.535,9706.595,9986.515
2015-08-18,9997.095,10015.645,9276.045,9304.225
2015-08-19,8964.225,9579.736,8764.755,9521.975
2015-08-20,9417.935,9584.915,9212.956,9214.656
2015-08-21,9023.506,9128.406,8678.286,8716.576
2015-08-24,8319.645,8357.486,8062.996,8065.445
2015-08-25,7497.105,7667.065,7484.245,7492.825
2015-08-26,7456.895,7694.525,7118.075,7204.425
2015-08-27,7315.135,7427.385,7048.725,7426.655
2015-08-28,7532.675,7856.865,7491.515,7856.835
2015-08-31,7811.575,7811.575,7561.885,7562.635
2015-09-01,7468.675,7468.675,7090.725,7096.465
2015-09-02,6764.335,7246.935,6747.185,6826.755
2015-09-07,6917.755,7118.795,6886.225,6947.965
2015-09-08,6908.285,7274.305,6869.495,7267.835
2015-09-09,7318.085,7562.635,7303.575,7550.645
2015-09-10,7429.805,7584.355,7400.915,7444.945
2015-09-11,7424.195,7553.385,7398.775,7529.405
2015-09-14,7568.535,7589.195,7004.045,7024.725
2015-09-15,6807.445,6952.265,6648.175,6672.825
2015-09-16,6686.365,7123.635,6680.425,7103.675
2015-09-17,7094.255,7316.705,7002.025,7002.115
2015-09-18,7038.545,7138.025,6955.765,7101.765
2015-09-21,7005.885,7362.575,6984.305,7359.765
2015-09-22,7373.905,7482.895,7297.705,7405.965
2015-09-23,7273.935,7435.075,7260.425,7351.365
2015-09-24,7371.315,7464.195,7348.995,7454.045
2015-09-25,7410.005,7460.045,7138.785,7189.815
2015-09-28,7184.585,7357.715,7096.895,7357.245
2015-09-29,7231.765,7340.395,7196.795,7249.405
2015-09-30,7274.395,7312.455,7188.755,7261.785
2015-10-08,7464.555,7583.425,7412.695,7546.035
2015-10-09,7531.665,7692.365,7515.375,7664.315
2015-10-12,7703.025,8035.075,7703.025,7982.175
2015-10-13,7918.715,8116.415,7894.435,8099.625
2015-10-14,8064.705,8126.465,7979.025,7996.105
2015-10-15,7945.195,8242.865,7945.195,8242.765
2015-10-16,8299.045,8369.715,8178.125,8364.815
2015-10-19,8386.736,8434.126,8256.666,8371.536
2015-10-20,8358.676,8535.716,8331.846,8535.716
2015-10-21,8533.396,8577.466,7985.196,8010.906
2015-10-22,7986.456,8335.386,7986.456,8329.605
2015-10-23,8395.055,8633.515,8374.116,8604.906
2015-10-26,8705.435,8747.446,8546.965,8681.755
2015-10-27,8604.375,8791.125,8325.105,8744.935
2015-10-28,8672.765,8802.555,8516.845,8554.815
2015-10-29,8610.355,8724.135,8500.156,8636.975
2015-10-30,8614.055,8736.145,8477.866,8617.065
2015-11-02,8399.696,8650.236,8376.605,8400.475
2015-11-03,8415.515,8480.286,8311.835,8393.786
2015-11-04,8434.435,8810.895,8434.435,8810.895
2015-11-05,8828.635,8922.425,8718.075,8803.915
2015-11-06,8808.555,9035.875,8808.555,9028.255
2015-11-09,8974.365,9231.524,8895.635,9193.955
2015-11-10,9152.965,9322.675,9129.075,9284.275
2015-11-11,9286.126,9478.706,9262.736,9474.166
2015-11-12,9505.446,9605.536,9386.236,9528.765
2015-11-13,9425.286,9496.265,9234.326,9342.916
2015-11-16,9162.525,9587.656,9155.505,9587.296
2015-11-17,9685.246,9743.196,9499.446,9525.156
2015-11-18,9532.326,9608.756,9350.446,9373.416
2015-11-19,9396.946,9654.145,9388.385,9654.076
2015-11-20,9693.935,9881.956,9690.505,9858.255
2015-11-23,9881.995,9982.104,9761.854,9803.314
2015-11-24,9788.344,9927.235,9690.704,9927.235
2015-11-25,9934.235,10166.695,9931.585,10160.955
2015-11-26,10204.085,10265.814,10103.055,10129.845
2015-11-27,10070.925,10137.465,9440.255,9516.215
2015-11-30,9514.095,9633.145,9034.065,9596.475
2015-12-01,9583.555,9710.565,9458.935,9575.335
2015-12-02,9545.115,9569.195,9136.894,9437.974
2015-12-03,9444.344,9705.474,9444.344,9704.894
2015-12-04,9680.044,9817.514,9636.214,9724.134
2015-12-07,9743.784,9876.294,9684.464,9875.683
2015-12-08,9829.444,9858.074,9668.204,9718.034
2015-12-09,9665.884,9757.134,9607.854,9689.434
2015-12-10,9675.524,9781.934,9644.054,9669.104
2015-12-11,9637.125,9667.225,9550.035,9577.024
2015-12-14,9482.094,9728.485,9469.164,9728.344
2015-12-15,9740.524,9917.115,9740.524,9893.004
2015-12-16,9927.414,10050.994,9927.414,9986.794
2015-12-17,10039.344,10280.604,10039.344,10280.594
2015-12-18,10283.115,10331.354,10187.894,10262.564
2015-12-21,10236.024,10339.155,10223.785,10331.115
2015-12-22,10349.115,10432.195,10287.955,10431.635
2015-12-23,10435.435,10451.255,10259.145,10285.496
2015-12-24,10252.185,10310.576,10075.215,10289.125
2015-12-25,10303.395,10419.605,10303.395,10400.116
2015-12-28,10432.156,10507.696,10198.055,10198.166
2015-12-29,10180.395,10317.196,10091.456,10317.196
2015-12-30,10336.076,10462.486,10321.846,10459.256
2015-12-31,10463.596,10486.786,10289.036,10289.036
2016-01-04,10262.426,10264.146,9421.396,9421.416
2016-01-05,8884.756,9399.746,8845.116,9188.406
2016-01-06,9234.185,9452.335,9153.255,9451.866
2016-01-07,9271.906,9271.906,8638.196,8643.926
2016-01-08,8835.516,8916.756,8226.256,8702.737
2016-01-11,8495.007,8591.597,8058.587,8061.727
2016-01-12,8021.917,8149.727,7839.277,8036.707
2016-01-13,8072.907,8158.287,7717.557,7717.737
2016-01-14,7444.407,8020.767,7432.647,8003.617
2016-01-15,7936.347,8037.367,7669.767,7718.657
2016-01-18,7550.317,7993.157,7542.257,7902.047
2016-01-19,7877.357,8229.587,7862.107,8219.717
2016-01-20,8161.757,8306.097,8093.577,8175.087
2016-01-21,8026.137,8250.277,7823.627,7823.747
2016-01-22,7905.627,7986.107,7677.177,7952.387
2016-01-25,8021.177,8128.967,7968.997,8068.037
2016-01-26,7969.237,7984.687,7451.677,7469.337
2016-01-27,7482.847,7501.577,6995.717,7372.437
2016-01-28,7258.267,7348.037,6998.617,7027.647
2016-01-29,6986.177,7352.977,6956.917,7283.957
2016-02-01,7256.967,7324.047,7069.737,7186.527
2016-02-02,7187.377,7473.637,7187.377,7459.117
2016-02-03,7369.707,7543.747,7318.287,7511.817
2016-02-04,7532.467,7722.557,7532.467,7691.587
2016-02-05,7707.287,7742.867,7612.657,7615.097
2016-02-15,7345.767,7666.407,7335.927,7625.757
2016-02-16,7658.567,7967.637,7658.567,7951.347
2016-02-17,7940.997,8089.617,7889.817,8078.757
2016-02-18,8125.447,8159.187,8044.727,8065.067
2016-02-19,8032.157,8162.817,8023.267,8118.507
2016-02-22,8219.497,8286.077,8185.517,8286.066
2016-02-23,8295.396,8314.296,8129.086,8249.086
2016-02-24,8212.056,8293.476,8064.356,8252.706
2016-02-25,8227.895,8227.895,7584.195,7609.295
2016-02-26,7654.845,7696.815,7399.575,7576.015
2016-02-29,7518.555,7518.555,7036.795,7104.355
2016-03-01,7096.275,7313.195,6975.025,7259.765
2016-03-02,7237.355,7626.605,7237.355,7614.475
2016-03-03,7610.885,7763.425,7597.115,7620.545
2016-03-04,7577.955,7627.885,7224.235,7327.375
2016-03-07,7393.695,7570.355,7393.695,7512.505
2016-03-08,7503.015,7578.395,7204.385,7578.325
2016-03-09,7402.575,7531.255,7342.875,7413.775
2016-03-10,7416.275,7480.135,7281.125,7292.535
2016-03-11,7209.175,7318.345,7158.675,7271.015
2016-03-14,7353.125,7623.945,7353.125,7549.965
2016-03-15,7524.305,7580.445,7453.895,7489.015
2016-03-16,7556.325,7582.335,7360.295,7414.625
2016-03-17,7436.495,7702.725,7436.495,7685.685
2016-03-18,7714.745,8001.885,7714.745,7985.555
2016-03-21,8082.725,8206.615,8058.685,8206.535
2016-03-22,8136.125,8262.365,8089.715,8198.715
2016-03-23,8168.735,8299.345,8158.715,8298.905
2016-03-24,8223.405,8351.965,8149.735,8194.604
2016-03-25,8164.754,8257.584,8128.704,8251.654
2016-03-28,8298.843,8383.503,8179.763,8212.583
2016-03-29,8194.483,8209.392,7967.733,8046.842
2016-03-30,8110.302,8351.983,8110.302,8351.983
2016-03-31,8390.852,8475.502,8358.533,8393.363
2016-04-01,8352.592,8380.832,8215.742,8359.153
2016-04-05,8368.333,8599.213,8352.243,8591.522
2016-04-06,8558.722,8657.202,8544.562,8653.922
2016-04-07,8671.062,8686.422,8521.472,8524.693
2016-04-08,8445.123,8478.602,8338.022,8456.062
2016-04-11,8523.712,8682.702,8523.712,8644.712
2016-04-12,8633.332,8654.502,8475.062,8579.982
2016-04-13,8616.381,8786.902,8616.381,8692.161
2016-04-14,8734.1,8804.59,8682.151,8804.59
2016-04-15,8808.37,8846.61,8756.3,8823.34
2016-04-18,8765.31,8765.31,8641.581,8713.25
2016-04-19,8747.65,8777.429,8677.24,8747.07
2016-04-20,8771.28,8786.8,8168.01,8322.349
2016-04-21,8279.73,8391.309,8202.23,8213.69
2016-04-22,8150.35,8296.16,8130.51,8296.16
2016-04-25,8264.58,8286.91,8141.37,8265.82
2016-04-26,8253.99,8381.63,8247.08,8381.219
2016-04-27,8391.089,8464.209,8352.529,8370.029
2016-04-28,8363.008,8379.338,8181.578,8347.979
2016-04-29,8301.968,8391.628,8290.158,8351.588
2016-05-03,8346.758,8594.988,8309.838,8594.958
2016-05-04,8565.308,8670.458,8557.899,8606.489
2016-05-05,8588.919,8672.859,8566.629,8670.959
2016-05-06,8678.829,8706.459,8321.239,8321.239
2016-05-09,8219.009,8219.089,7916.409,7955.059
2016-05-10,7924.599,7988.309,7885.199,7930.679
2016-05-11,7973.289,7999.889,7826.049,7848.569
2016-05-12,7725.679,7815.209,7579.279,7814.609
2016-05-13,7784.389,7890.359,7748.179,7796.929
2016-05-16,7775.609,7948.559,7736.309,7948.279
2016-05-17,7949.539,8013.319,7884.279,7939.379
2016-05-18,7862.149,7862.149,7591.209,7679.429
2016-05-19,7670.919,7829.829,7670.919,7730.679
2016-05-20,7663.619,7818.309,7625.909,7817.949
2016-05-23,7830.099,7956.279,7830.019,7956.039
2016-05-24,7942.289,7942.289,7819.699,7880.309
2016-05-25,7927.479,7969.859,7815.909,7859.359
2016-05-26,7836.559,7897.669,7677.059,7897.569
2016-05-27,7878.029,7953.869,7853.769,7897.499
2016-05-30,7852.289,7931.419,7774.759,7861.709
2016-05-31,7865.069,8173.749,7865.069,8173.639
2016-06-01,8185.369,8291.489,8182.219,8249.719
2016-06-02,8240.209,8346.619,8234.799,8346.369
2016-06-03,8348.929,8417.169,8316.61,8370.749
2016-06-06,8388.519,8418.04,8339.48,8400.849
2016-06-07,8400.889,8425.36,8349.039,8424.28
2016-06-08,8409.099,8452.15,8320.2,8403.789
2016-06-13,8281.539,8350.529,7987.449,7987.789
2016-06-14,7940.949,8028.859,7923.749,8022.809
2016-06-15,7939.889,8327.919,7926.449,8303.449
2016-06-16,8304.379,8372.369,8280.299,8318.98
2016-06-17,8331.469,8432.669,8302.369,8373.74
2016-06-20,8363.69,8422.95,8279.46,8407.29
2016-06-21,8449.39,8493.09,8273.231,8316.59
2016-06-22,8293.64,8457.12,8281.491,8456.901
2016-06-23,8451.661,8479.991,8363.191,8428.741
2016-06-24,8413.091,8480.171,8108.731,8372.501
2016-06-27,8311.341,8569.821,8308.711,8569.612
2016-06-28,8544.601,8676.721,8533.831,8671.601
2016-06-29,8696.322,8715.462,8643.612,8689.232
2016-06-30,8696.692,8715.952,8648.351,8696.921
2016-07-01,8697.881,8732.591,8641.861,8678.291
2016-07-04,8630.881,8837.541,8625.501,8830.931
2016-07-05,8843.331,8883.751,8800.321,8874.961
2016-07-06,8848.791,8930.481,8828.301,8927.561
2016-07-07,8919.912,8969.902,8843.742,8942.172
2016-07-08,8926.512,8968.802,8889.403,8921.602
2016-07-11,8928.352,8981.842,8852.632,8861.382
2016-07-12,8850.193,8925.392,8716.983,8925.382
2016-07-13,8935.492,8995.712,8901.601,8983.931
2016-07-14,8976.171,9001.641,8939.921,9001.201
2016-07-15,9002.291,9011.351,8932.391,8967.221
2016-07-18,8949.601,8971.011,8869.362,8926.181
2016-07-19,8915.331,8970.981,8864.241,8970.781
2016-07-20,8974.831,9033.371,8962.511,8991.191
2016-07-21,8987.291,9053.111,8959.541,9000.751
2016-07-22,8995.001,9010.151,8908.171,8917.231
2016-07-25,8901.121,8965.291,8878.931,8929.401
2016-07-26,8926.34,9037.16,8926.34,9036.81
2016-07-27,9037.571,9041.35,8513.121,8618.56
2016-07-28,8593.04,8649.3,8467.0,8604.769
2016-07-29,8598.089,8615.219,8506.98,8546.499
2016-08-01,8506.149,8506.149,8315.959,8411.459
2016-08-02,8399.639,8491.129,8399.4,8490.91
2016-08-03,8477.51,8538.95,8459.981,8535.531
2016-08-04,8526.961,8601.591,8496.291,8592.571
2016-08-05,8581.991,8603.72,8536.241,8544.481
2016-08-08,8521.291,8629.811,8460.841,8629.661
2016-08-09,8625.841,8721.891,8620.801,8721.612
2016-08-10,8718.681,8754.202,8698.221,8704.782
2016-08-11,8682.112,8698.742,8571.482,8571.482
2016-08-12,8555.072,8647.882,8541.702,8647.732
2016-08-15,8653.582,8837.652,8620.912,8826.392
2016-08-16,8828.372,8921.862,8828.372,8900.612
2016-08-17,8889.091,8951.841,8867.671,8936.301
2016-08-18,8922.301,8969.521,8910.641,8940.391
2016-08-19,8930.992,8983.822,8903.141,8966.271
2016-08-22,8968.332,8983.662,8860.282,8863.452
2016-08-23,8850.021,8907.322,8822.192,8882.551
2016-08-24,8888.442,8955.301,8884.101,8919.381
2016-08-25,8872.751,8886.611,8764.971,8876.911
2016-08-26,8885.611,8971.701,8885.611,8913.6
2016-08-29,8901.821,8954.64,8891.981,8936.921
2016-08-30,8939.901,8976.541,8915.411,8933.55
2016-08-31,8930.861,8942.06,8875.791,8941.451
2016-09-01,8935.321,8950.97,8874.76,8875.111
2016-09-02,8854.481,8892.21,8784.21,8833.231
2016-09-05,8849.34,8913.93,8845.51,8881.37
2016-09-06,8878.94,9015.679,8809.129,9015.469
2016-09-07,9018.86,9084.73,9014.79,9026.809
2016-09-08,9018.7,9072.639,9012.58,9072.179
2016-09-09,9071.48,9097.23,9020.4,9020.4
2016-09-12,8853.16,8893.79,8750.7,8752.21
2016-09-13,8795.53,8839.58,8770.95,8839.29
2016-09-14,8791.72,8845.12,8759.66,8799.43
2016-09-19,8808.951,8904.6,8808.951,8904.091
2016-09-20,8905.831,8910.541,8878.391,8910.041
2016-09-21,8902.411,8953.411,8901.931,8927.39
2016-09-22,8972.651,9005.241,8967.14,8981.371
2016-09-23,8986.011,8991.881,8945.101,8947.551
2016-09-26,8929.311,8930.072,8760.872,8762.271
2016-09-27,8738.34,8820.32,8687.31,8819.76
2016-09-28,8814.49,8826.24,8787.469,8803.769
2016-09-29,8807.629,8868.619,8807.629,8838.029
2016-09-30,8827.968,8893.819,8825.748,8887.048
2016-10-10,8929.408,9065.557,8907.328,9065.267
2016-10-11,9065.328,9137.128,9058.218,9136.678
2016-10-12,9115.319,9158.089,9100.579,9157.659
2016-10-13,9159.679,9202.089,9153.299,9179.459
2016-10-14,9164.579,9177.199,9102.459,9172.229
2016-10-17,9181.079,9200.469,9064.219,9092.389
2016-10-18,9082.15,9231.299,9081.929,9231.17
2016-10-19,9242.32,9265.33,9211.84,9238.759
2016-10-20,9238.339,9276.23,9221.86,9267.539
2016-10-21,9255.449,9256.479,9121.159,9218.149
2016-10-24,9217.079,9298.979,9203.649,9292.558
2016-10-25,9296.729,9338.109,9291.878,9337.718
2016-10-26,9334.838,9338.298,9273.378,9307.618
2016-10-27,9296.088,9315.008,9271.588,9313.078
2016-10-28,9303.848,9322.928,9220.979,9221.008
2016-10-31,9196.038,9236.128,9148.288,9228.628
2016-11-01,9230.378,9345.528,9230.258,9345.328
2016-11-02,9330.388,9360.058,9298.588,9305.918
2016-11-03,9281.268,9432.609,9275.338,9372.178
2016-11-04,9363.848,9408.819,9326.729,9348.088
2016-11-07,9344.899,9381.758,9318.989,9361.989
2016-11-08,9383.499,9432.889,9375.699,9422.249
2016-11-09,9419.699,9431.928,9237.069,9365.479
2016-11-10,9430.119,9508.348,9430.119,9508.149
2016-11-11,9507.329,9548.329,9498.759,9547.819
2016-11-14,9529.138,9580.399,9501.729,9566.439
2016-11-15,9563.149,9621.949,9535.798,9621.619
2016-11-16,9625.479,9651.289,9614.079,9626.249
2016-11-17,9606.949,9614.229,9545.949,9595.659
2016-11-18,9594.598,9619.258,9561.578,9577.008
2016-11-21,9572.268,9621.178,9571.718,9619.279
2016-11-22,9625.879,9708.169,9625.879,9707.739
2016-11-23,9711.379,9719.589,9622.319,9643.329
2016-11-24,9628.329,9651.129,9556.819,9582.239
2016-11-25,9572.138,9588.588,9400.758,9588.588
2016-11-28,9596.359,9607.508,9564.138,9570.539
2016-11-29,9554.069,9562.348,9444.409,9444.409
2016-11-30,9421.089,9449.919,9385.099,9416.089
2016-12-01,9422.019,9461.69,9422.019,9461.249
2016-12-02,9460.319,9465.499,9296.999,9297.098
2016-12-05,9208.268,9299.539,9179.569,9246.468
2016-12-06,9256.838,9310.689,9256.838,9289.068
2016-12-07,9286.057,9400.898,9276.017,9400.568
2016-12-08,9403.618,9405.517,9341.538,9347.888
2016-12-09,9333.298,9356.278,9301.979,9319.928
2016-12-12,9316.989,9321.768,8834.598,8842.539
2016-12-13,8812.429,8916.78,8744.129,8896.69
2016-12-14,8880.12,8954.13,8822.22,8862.94
2016-12-15,8831.169,9004.709,8823.489,8963.559
2016-12-16,8964.679,9073.549,8964.679,9064.49
2016-12-19,9061.44,9076.12,9027.339,9071.349
2016-12-20,9056.809,9073.9,9021.99,9060.87
2016-12-21,9070.21,9131.981,9070.21,9131.4
2016-12-22,9125.48,9138.86,9081.519,9125.629
2016-12-23,9113.949,9117.799,9003.518,9013.808
2016-12-26,8977.588,9057.939,8883.288,9057.548
2016-12-27,9055.378,9109.149,9050.168,9094.418
2016-12-28,9086.668,9106.958,9047.908,9064.528
2016-12-29,9045.618,9094.358,9023.278,9034.988
2016-12-30,9031.828,9065.618,9014.638,9039.998
2017-01-03,9047.988,9129.818,9047.988,9129.398
2017-01-04,9132.708,9233.168,9120.418,9233.058
2017-01-05,9229.038,9267.238,9220.228,9242.428
2017-01-06,9228.699,9232.569,9169.558,9175.909
2017-01-09,9158.899,9223.628,9145.499,9223.268
2017-01-10,9217.689,9255.069,9190.388,9196.768
2017-01-11,9176.128,9197.338,9089.198,9089.338
2017-01-12,9077.638,9109.828,8996.689,9007.418
2017-01-13,8999.278,9010.728,8835.258,8845.708
2017-01-16,8817.378,8818.238,8240.738,8474.378
2017-01-17,8436.108,8570.338,8333.047,8570.097
2017-01-18,8548.547,8584.927,8512.537,8540.237
2017-01-19,8514.317,8545.556,8470.466,8498.556
2017-01-20,8485.636,8647.416,8483.766,8635.147
2017-01-23,8643.657,8735.507,8643.657,8722.237
2017-01-24,8716.367,8720.127,8680.367,8695.337
2017-01-25,8678.447,8733.297,8668.467,8718.136
2017-01-26,8724.216,8770.857,8724.216,8770.796
2017-02-03,8774.166,8781.206,8714.076,8745.916
2017-02-06,8744.227,8847.657,8736.586,8847.447
2017-02-07,8838.346,8873.687,8813.286,8869.636
2017-02-08,8853.746,8932.976,8808.956,8932.896
2017-02-09,8928.656,9010.176,8925.095,9009.916
2017-02-10,9006.296,9024.306,8986.446,8992.897
2017-02-13,8982.886,9047.286,8972.216,9046.876
2017-02-14,9040.036,9047.086,9007.436,9037.476
2017-02-15,9025.005,9043.485,8937.985,8952.776
2017-02-16,8939.055,9015.606,8935.236,9014.156
2017-02-17,9005.095,9021.186,8915.026,8933.436
2017-02-20,8923.396,9008.476,8917.186,9008.116
2017-02-21,9008.486,9086.746,9004.385,9086.576
2017-02-22,9082.726,9130.205,9070.396,9129.936
2017-02-23,9123.555,9125.885,9058.856,9115.515
2017-02-24,9099.156,9140.966,9087.626,9139.866
2017-02-27,9133.086,9144.626,9066.006,9073.176
2017-02-28,9066.487,9111.997,9060.386,9111.757
2017-03-01,9100.807,9165.448,9097.017,9139.688
2017-03-02,9140.127,9151.148,9072.148,9075.287
2017-03-03,9050.617,9101.016,9019.556,9093.527
2017-03-06,9096.107,9196.707,9096.107,9196.466
2017-03-07,9198.886,9217.886,9169.977,9217.416
2017-03-08,9212.937,9213.947,9155.897,9183.516
2017-03-09,9172.187,9172.876,9095.876,9120.577
2017-03-10,9114.207,9152.717,9110.837,9127.007
2017-03-13,9117.577,9183.077,9057.007,9182.797
2017-03-14,9184.898,9202.478,9148.267,9169.717
2017-03-15,9153.728,9171.728,9125.257,9160.667
2017-03-16,9171.837,9258.648,9171.837,9258.537
2017-03-17,9261.567,9293.266,9197.647,9202.367
2017-03-20,9193.617,9241.447,9173.927,9241.447
2017-03-21,9234.217,9256.387,9216.557,9255.907
2017-03-22,9218.707,9241.887,9157.567,9210.067
2017-03-23,9209.487,9245.287,9110.676,9210.806
2017-03-24,9202.357,9232.777,9179.556,9230.317
2017-03-27,9230.787,9239.927,9195.747,9209.827
2017-03-28,9200.127,9210.537,9165.047,9182.057
2017-03-29,9177.908,9185.228,9103.298,9115.688
2017-03-30,9096.167,9096.167,8909.107,8918.107
2017-03-31,8914.107,8948.877,8875.867,8930.287
2017-04-05,8966.897,9114.157,8966.897,9114.086
2017-04-06,9123.796,9157.817,9105.876,9141.506
2017-04-07,9136.956,9163.146,9113.316,9142.416
2017-04-10,9124.316,9124.726,9038.635,9050.166
2017-04-11,9037.396,9116.616,8964.795,9116.616
2017-04-12,9104.026,9104.086,9028.215,9034.255
2017-04-13,9016.335,9085.726,9007.606,9064.125
2017-04-14,9055.905,9057.844,8910.945,8920.175
2017-04-17,8880.856,8880.856,8728.595,8772.805
2017-04-18,8761.675,8802.505,8681.476,8686.646
2017-04-19,8647.416,8647.596,8470.036,8567.486
2017-04-20,8556.726,8599.996,8453.885,8523.875
2017-04-21,8520.385,8550.066,8469.356,8479.175
2017-04-24,8453.196,8453.196,8211.166,8211.166
2017-04-25,8211.446,8299.805,8200.425,8240.866
2017-04-26,8235.706,8282.227,8233.666,8273.056
2017-04-27,8254.727,8335.876,8103.836,8324.487
2017-04-28,8301.737,8382.377,8295.227,8382.167
2017-05-02,8375.457,8408.047,8359.117,8407.728
2017-05-03,8396.368,8423.388,8360.418,8395.948
2017-05-04,8370.688,8452.427,8328.377,8377.188
2017-05-05,8353.127,8363.297,8269.127,8269.697
2017-05-08,8246.197,8251.676,8092.867,8093.167
2017-05-09,8061.017,8140.237,8002.677,8140.237
2017-05-10,8135.657,8179.617,7984.297,7984.707
2017-05-11,7932.227,7937.237,7722.367,7924.537
2017-05-12,7907.207,7939.037,7844.077,7911.217
2017-05-15,7920.837,7962.287,7920.837,7936.897
2017-05-16,7923.857,8105.027,7869.517,8104.707
2017-05-17,8099.997,8170.727,8096.137,8134.947
2017-05-18,8072.767,8147.547,8049.607,8077.587
2017-05-19,8074.877,8098.167,8032.157,8071.647
2017-05-22,8058.297,8077.287,7895.917,7916.697
2017-05-23,7897.087,7901.427,7667.237,7675.107
2017-05-24,7631.037,7715.967,7522.227,7715.487
2017-05-25,7700.237,7782.377,7610.747,7770.847
2017-05-26,7763.647,7808.407,7760.897,7771.057
2017-05-31,7839.447,7869.087,7749.247,7752.457
2017-06-01,7728.827,7729.067,7544.627,7546.317
2017-06-02,7514.517,7637.747,7449.297,7628.227
2017-06-05,7635.257,7706.727,7635.257,7696.457
2017-06-06,7683.197,7724.607,7669.517,7723.827
2017-06-07,7719.397,7891.567,7716.447,7891.557
2017-06-08,7889.437,7918.797,7871.377,7891.107
2017-06-09,7879.397,7899.227,7830.457,7895.647
2017-06-12,7858.237,7859.537,7777.657,7784.567
2017-06-13,7770.717,7894.737,7770.477,7890.377
2017-06-14,7882.837,7915.847,7873.667,7897.617
2017-06-15,7882.247,7999.137,7881.817,7988.577
2017-06-16,7984.457,7995.247,7967.377,7976.737
2017-06-19,7967.647,8031.637,7967.647,8031.407
2017-06-20,8034.857,8072.297,8029.267,8039.127
2017-06-21,8043.507,8053.427,7997.717,8049.577
2017-06-22,8040.007,8047.487,7904.857,7904.857
2017-06-23,7888.437,7920.187,7794.277,7909.387
2017-06-26,7904.407,8000.977,7892.697,8000.557
2017-06-27,7998.327,8032.347,7983.047,8019.187
2017-06-28,8000.317,8000.317,7950.537,7962.587
2017-06-29,7961.997,8013.597,7961.997,7991.167
2017-06-30,7970.927,8007.037,7951.767,8001.707
2017-07-03,8007.187,8073.317,7997.897,8073.207
2017-07-04,8069.007,8070.097,8036.517,8054.637
2017-07-05,8050.567,8115.637,8035.887,8115.547
2017-07-06,8112.147,8134.247,8063.167,8123.847
2017-07-07,8109.037,8150.107,8101.957,8150.107
2017-07-10,8138.697,8151.447,8098.647,8114.847
2017-07-11,8099.377,8107.607,8018.767,8018.927
2017-07-12,8005.747,8026.877,7885.037,8001.667
2017-07-13,7989.257,8020.527,7979.407,8004.287
2017-07-14,7989.817,7989.817,7940.577,7963.947
2017-07-17,7932.227,7932.227,7551.717,7552.107
2017-07-18,7513.847,7624.197,7486.977,7624.067
2017-07-19,7609.467,7724.387,7593.087,7723.957
2017-07-20,7717.207,7786.667,7710.647,7762.867
2017-07-21,7748.007,7783.427,7741.907,7769.437
2017-07-24,7754.957,7823.237,7746.497,7822.047
2017-07-25,7812.207,7825.877,7764.327,7807.497
2017-07-26,7803.617,7821.917,7765.887,7821.697
2017-07-27,7808.337,7915.687,7784.587,7912.497
2017-07-28,7895.687,7928.867,7889.107,7915.487
2017-07-31,7908.557,7982.257,7897.477,7981.877
2017-08-01,7980.877,7992.987,7942.787,7978.727
2017-08-02,7970.167,7975.707,7906.797,7910.707
2017-08-03,7890.377,7966.837,7888.207,7945.957
2017-08-04,7942.137,7971.697,7911.427,7911.567
2017-08-07,7900.757,7974.847,7894.597,7974.397
2017-08-08,7974.017,8002.317,7950.047,7995.357
2017-08-09,7987.847,8020.607,7970.457,8020.307
2017-08-10,8000.517,8016.117,7888.617,7950.287
2017-08-11,7895.957,7918.967,7809.137,7818.797
2017-08-14,7818.037,7961.757,7818.037,7961.317
2017-08-15,7963.737,7992.787,7947.987,7992.407
2017-08-16,7985.277,8031.427,7956.877,8024.977
2017-08-17,8028.167,8095.497,8022.687,8095.347
2017-08-18,8049.697,8087.857,8031.807,8073.377
2017-08-21,8079.397,8138.997,8079.397,8138.837
2017-08-22,8132.387,8132.427,8067.317,8084.637
2017-08-23,8071.847,8083.997,8018.947,8040.867
2017-08-24,8037.227,8044.157,7975.457,7991.837
2017-08-25,7985.727,8072.527,7985.727,8066.117
2017-08-28,8067.207,8158.107,8067.207,8149.497
2017-08-29,8146.247,8160.927,8124.917,8141.707
2017-08-30,8137.647,8181.877,8137.647,8174.057
2017-08-31,8171.357,8200.357,8155.287,8200.007
2017-09-01,8203.938,8254.938,8192.507,8254.608
2017-09-04,8251.028,8297.717,8238.838,8297.278
2017-09-05,8291.828,8304.278,8257.468,8300.548
2017-09-06,8278.928,8331.939,8261.439,8331.729
2017-09-07,8331.708,8364.648,8302.168,8306.078
2017-09-08,8301.338,8345.448,8281.928,8330.979
2017-09-11,8326.149,8401.899,8319.928,8401.569
2017-09-12,8408.609,8437.329,8363.439,8377.468
2017-09-13,8367.058,8420.128,8358.018,8419.838
2017-09-14,8421.568,8444.828,8381.588,8415.028
2017-09-15,8402.128,8402.328,8345.378,8371.448
2017-09-18,8359.508,8430.428,8359.508,8430.038
2017-09-19,8429.428,8433.628,8373.918,8397.548
2017-09-20,8388.038,8461.088,8365.208,8460.798
2017-09-21,8457.988,8467.217,8375.328,8375.328
2017-09-22,8352.698,8360.517,8298.028,8338.718
2017-09-25,8324.658,8330.918,8218.307,8223.958
2017-09-26,8214.208,8237.278,8185.938,8233.608
2017-09-27,8231.057,8294.568,8227.127,8292.087
2017-09-28,8284.917,8305.877,8251.938,8253.487
2017-09-29,8260.107,8329.836,8260.107,8329.497
2017-10-09,8406.797,8430.247,8381.087,8426.537
2017-10-10,8424.777,8492.327,8417.197,8491.997
2017-10-11,8490.527,8502.426,8464.487,8473.187
2017-10-12,8462.907,8473.367,8395.056,8451.247
2017-10-13,8442.127,8484.728,8434.327,8484.557
2017-10-16,8473.188,8474.248,8315.118,8318.858
2017-10-17,8300.488,8345.288,8274.778,8320.618
2017-10-18,8318.807,8339.818,8236.807,8238.597
2017-10-19,8224.597,8236.057,8135.468,8148.977
2017-10-20,8143.757,8250.978,8143.757,8250.867
2017-10-23,8252.247,8302.157,8245.817,8301.907
2017-10-24,8293.727,8294.056,8209.716,8259.016
2017-10-25,8253.346,8315.136,8248.286,8314.786
2017-10-26,8307.406,8352.586,8295.656,8348.916
2017-10-27,8338.446,8346.686,8281.496,8291.316
2017-10-30,8276.265,8276.635,8043.015,8091.085
2017-10-31,8080.265,8150.915,8079.145,8150.655
2017-11-01,8147.165,8170.915,8133.895,8145.815
2017-11-02,8135.015,8135.015,8042.245,8045.305
2017-11-03,8036.745,8048.475,7937.645,7979.875
2017-11-06,7977.645,8057.985,7949.595,8057.475
2017-11-07,8054.985,8094.205,8032.705,8093.935
2017-11-08,8088.165,8155.485,8080.185,8121.115
2017-11-09,8116.625,8165.475,8115.355,8165.215
2017-11-10,8160.245,8183.015,8143.025,8178.195
2017-11-13,8174.785,8177.995,8150.615,8174.465
2017-11-14,8169.365,8174.145,8086.805,8120.385
2017-11-15,8104.495,8113.945,8034.965,8065.155
2017-11-16,8053.365,8083.755,8033.545,8048.825
2017-11-17,8040.205,8040.565,7755.755,7765.015
2017-11-20,7724.775,7781.015,7572.865,7780.975
2017-11-21,7768.145,7821.655,7732.475,7779.415
2017-11-22,7779.005,7802.545,7712.415,7765.805
2017-11-23,7755.645,7755.705,7597.515,7601.065
2017-11-24,7573.185,7636.165,7566.455,7618.275
2017-11-27,7607.155,7622.465,7538.815,7547.985
2017-11-28,7541.005,7658.745,7541.005,7658.535
2017-11-29,7658.135,7680.835,7594.705,7680.635
2017-11-30,7667.805,7690.175,7629.095,7649.095
2017-12-01,7642.505,7717.725,7641.605,7717.345
2017-12-04,7710.545,7718.175,7636.685,7641.955
2017-12-05,7623.035,7633.325,7403.095,7439.225
2017-12-06,7417.105,7500.515,7360.035,7500.175
2017-12-07,7484.785,7528.035,7473.265,7490.785
2017-12-08,7480.515,7573.985,7478.455,7564.205
2017-12-11,7567.175,7639.375,7567.175,7639.125
2017-12-12,7634.535,7634.535,7566.585,7567.465
2017-12-13,7553.915,7613.825,7550.805,7613.665
2017-12-14,7608.675,7626.285,7584.325,7625.985
2017-12-15,7617.705,7628.965,7577.835,7608.405
2017-12-18,7598.095,7604.195,7537.335,7562.245
2017-12-19,7556.785,7601.425,7556.625,7600.895
2017-12-20,7594.905,7596.395,7517.515,7531.185
2017-12-21,7520.905,7551.175,7449.885,7539.605
2017-12-22,7531.245,7546.825,7518.075,7529.415
2017-12-25,7519.495,7522.075,7416.245,7431.625
2017-12-26,7422.395,7469.435,7387.365,7468.875
2017-12-27,7462.635,7475.485,7425.985,7435.445
2017-12-28,7426.175,7468.765,7414.725,7452.615
2017-12-29,7449.705,7512.415,7449.705,7511.845
2018-01-02,7519.845,7581.835,7513.435,7581.605
2018-01-03,7580.135,7644.315,7571.465,7644.065
2018-01-04,7636.335,7654.975,7628.085,7654.715
2018-01-05,7651.495,7674.115,7641.645,7662.705
2018-01-08,7656.455,7665.015,7616.625,7664.735
2018-01-09,7660.625,7664.775,7640.365,7659.625
2018-01-10,7656.025,7656.065,7557.655,7605.595
2018-01-11,7590.305,7646.915,7566.425,7644.065
2018-01-12,7635.065,7645.385,7599.305,7606.355
2018-01-15,7585.215,7585.215,7404.295,7420.115
2018-01-16,7407.835,7458.005,7407.835,7457.815
2018-01-17,7441.635,7450.545,7355.525,7448.015
2018-01-18,7435.155,7465.215,7430.105,7463.135
2018-01-19,7458.575,7482.135,7433.065,7443.965
2018-01-22,7428.625,7493.995,7389.655,7493.865
2018-01-23,7487.835,7509.075,7479.975,7500.195
2018-01-24,7492.985,7537.525,7456.985,7537.235
2018-01-25,7527.755,7566.555,7519.945,7526.125
2018-01-26,7510.225,7525.855,7500.465,7509.605
2018-01-29,7502.865,7506.485,7406.215,7421.855
2018-01-30,7411.735,7430.745,7400.115,7414.685
2018-01-31,7382.235,7382.585,7221.095,7239.825
2018-02-01,7221.145,7236.265,6937.355,6939.245
2018-02-02,6879.575,6900.895,6743.185,6887.605
2018-02-05,6809.275,6879.675,6777.205,6863.835
2018-02-06,6758.365,6767.835,6523.065,6525.135
2018-02-07,6611.205,6652.255,6424.545,6552.175
2018-02-08,6534.885,6632.925,6530.295,6632.505
2018-02-09,6494.915,6525.395,6376.325,6446.925
2018-02-12,6468.005,6607.045,6468.005,6595.585
2018-02-13,6614.305,6656.435,6601.635,6607.175
2018-02-14,6603.875,6624.075,6576.535,6624.055
2018-02-22,6653.245,6723.895,6653.245,6723.585
2018-02-23,6718.945,6741.555,6696.025,6741.035
2018-02-26,6759.295,6874.815,6755.835,6874.525
2018-02-27,6869.165,6897.185,6855.705,6891.525
2018-02-28,6855.585,6922.405,6819.325,6909.895
2018-03-01,6876.815,7001.365,6863.955,7001.125
2018-03-02,6963.315,7014.255,6953.935,6973.255
2018-03-05,6978.405,7012.985,6961.785,7012.855
2018-03-06,7017.185,7084.375,7017.145,7084.165
2018-03-07,7074.425,7087.065,7037.725,7044.245
2018-03-08,7031.805,7097.475,7031.765,7097.335
2018-03-09,7097.915,7204.625,7097.815,7203.835
2018-03-12,7227.175,7312.735,7227.175,7312.565
2018-03-13,7303.735,7329.725,7271.655,7282.855
2018-03-14,7258.735,7279.125,7205.435,7208.805
2018-03-15,7182.035,7202.985,7099.705,7178.265
2018-03-16,7176.775,7222.015,7175.545,7175.545
2018-03-19,7166.785,7223.915,7145.425,7196.035
2018-03-20,7149.615,7211.785,7128.075,7210.295
2018-03-21,7213.575,7269.535,7165.915,7171.775
2018-03-22,7163.835,7208.915,7128.115,7176.025
2018-03-23,6983.825,7033.395,6728.705,6798.445
2018-03-26,6700.075,6889.615,6621.215,6889.455
2018-03-27,6938.635,7074.085,6938.635,7058.555
2018-03-28,6982.835,7065.215,6964.905,7017.795
2018-03-29,7030.625,7079.815,7025.205,7077.575
2018-03-30,7093.125,7185.625,7093.125,7185.335
2018-04-02,7201.945,7260.295,7195.505,7221.405
2018-04-03,7132.165,7168.405,7108.755,7165.065
2018-04-04,7184.085,7207.165,7120.605,7125.775
2018-04-09,7092.895,7155.105,7030.625,7135.875
2018-04-10,7134.735,7142.325,7063.265,7138.445
2018-04-11,7150.315,7199.725,7146.795,7183.575
2018-04-12,7169.165,7191.405,7136.605,7149.975
2018-04-13,7170.375,7188.845,7122.015,7133.285
2018-04-16,7118.895,7146.075,7051.785,7106.365
2018-04-17,7115.795,7129.605,6943.355,6948.965
2018-04-18,6975.875,7037.555,6854.195,7031.205
2018-04-19,7017.385,7079.595,7010.295,7044.585
2018-04-20,7018.935,7033.435,6890.045,6898.035
2018-04-23,6891.905,6918.415,6771.525,6841.625
2018-04-24,6839.625,6986.645,6839.625,6986.575
2018-04-25,6958.045,7031.445,6949.225,7027.175
2018-04-26,7016.535,7018.125,6903.045,6904.205
2018-04-27,6920.425,6941.215,6863.825,6915.705
2018-05-02,6914.365,6944.425,6842.665,6887.135
2018-05-03,6870.465,6953.475,6799.325,6953.255
2018-05-04,6934.235,6980.765,6922.985,6949.285
2018-05-07,6953.775,7069.565,6953.775,7069.295
2018-05-08,7072.435,7111.675,7068.275,7111.275
2018-05-09,7103.725,7127.125,7084.715,7118.645
2018-05-10,7123.845,7158.045,7106.105,7157.745
2018-05-11,7157.875,7160.895,7076.555,7077.785
2018-05-14,7060.135,7074.345,7009.615,7029.565
2018-05-15,7028.045,7105.685,7009.465,7105.275
2018-05-16,7084.845,7127.365,7068.595,7078.515
2018-05-17,7070.985,7083.805,7041.645,7057.715
2018-05-18,7050.875,7089.075,7020.785,7089.075
2018-05-21,7118.815,7183.105,7118.815,7177.135
2018-05-22,7170.805,7208.055,7157.445,7207.775
2018-05-23,7188.815,7197.795,7139.115,7139.205
2018-05-24,7135.125,7154.915,7119.135,7125.325
2018-05-25,7118.725,7125.535,7053.105,7060.195
2018-05-28,7051.315,7061.175,6978.695,7009.605
2018-05-29,6996.805,7041.795,6953.315,6954.855
2018-05-30,6861.495,6861.495,6707.395,6719.345
2018-05-31,6757.295,6829.905,6726.905,6829.415
2018-06-01,6799.505,6837.485,6712.375,6756.425
2018-06-04,6764.645,6780.765,6710.775,6738.085
2018-06-05,6733.575,6836.845,6733.575,6836.605
2018-06-06,6829.545,6849.025,6816.795,6845.525
2018-06-07,6853.695,6860.745,6786.305,6790.955
2018-06-08,6777.625,6777.625,6672.195,6721.355
2018-06-11,6701.345,6707.195,6638.475,6659.865
2018-06-12,6655.715,6705.755,6589.765,6705.535
2018-06-13,6689.365,6689.365,6592.555,6594.385
2018-06-14,6572.145,6631.745,6544.605,6563.705
2018-06-15,6554.665,6568.655,6381.085,6415.415
2018-06-19,6314.095,6314.625,5913.815,5975.925
2018-06-20,5929.095,6067.925,5903.565,6043.715
2018-06-21,6027.805,6071.445,5893.795,5895.785
2018-06-22,5851.675,5979.465,5820.215,5978.245
2018-06-25,6014.515,6033.515,5953.925,5958.735
2018-06-26,5883.195,6009.805,5853.795,6007.935
2018-06-27,6007.115,6041.095,5945.815,5968.825
2018-06-28,5955.615,6005.795,5900.755,5904.595
2018-06-29,5902.015,6072.975,5898.625,6072.775
2018-07-02,6065.065,6089.685,5960.045,6005.215
2018-07-03,5999.205,6086.165,5931.605,6085.845
2018-07-04,6056.125,6056.125,5945.495,5972.625
2018-07-05,5950.465,5974.125,5807.015,5807.015
2018-07-06,5799.095,5887.825,5687.185,5824.595
2018-07-09,5821.845,5939.185,5821.845,5938.985
2018-07-10,5940.815,5986.235,5926.205,5985.815
2018-07-11,5907.495,5907.495,5764.925,5847.775
2018-07-12,5836.745,6009.975,5836.745,5997.725
2018-07-13,5994.845,6025.125,5985.575,6017.135
2018-07-16,6008.275,6023.815,5983.185,6020.115
2018-07-17,6011.135,6036.515,5967.405,6036.275
2018-07-18,6039.355,6081.585,6012.165,6012.165
2018-07-19,5998.295,6021.725,5919.555,5943.755
2018-07-20,5933.725,6015.195,5905.395,6005.515
2018-07-23,5979.845,6045.625,5961.525,6045.555
2018-07-24,6043.845,6145.205,6038.065,6144.715
2018-07-25,6144.265,6172.055,6138.175,6160.205
2018-07-26,6156.375,6178.585,6139.305,6156.055
2018-07-27,6146.955,6155.735,6108.765,6118.625
2018-07-30,6104.075,6117.465,6000.555,6027.285
2018-07-31,6013.555,6046.085,5999.385,6028.455
2018-08-01,6035.845,6064.135,5942.725,5942.725
2018-08-02,5918.415,5918.415,5665.205,5795.925
2018-08-03,5779.405,5808.945,5732.285,5732.325
2018-08-06,5709.385,5739.525,5588.595,5622.125
2018-08-07,5623.515,5764.875,5590.765,5764.845
2018-08-08,5751.515,5762.815,5674.785,5680.185
2018-08-09,5657.285,5818.935,5642.955,5798.365
2018-08-10,5791.025,5834.375,5781.545,5831.345
2018-08-13,5766.395,5846.725,5737.595,5845.695
2018-08-14,5836.065,5861.445,5819.995,5840.335
2018-08-15,5836.515,5839.775,5729.425,5734.565
2018-08-16,5672.795,5737.315,5617.565,5674.445
2018-08-17,5707.045,5732.575,5561.825,5573.285
2018-08-20,5562.305,5600.165,5485.715,5600.165
2018-08-21,5596.515,5666.985,5581.645,5661.465
2018-08-22,5648.445,5648.445,5592.135,5597.415
2018-08-23,5589.985,5647.435,5581.355,5629.135
2018-08-24,5621.895,5648.075,5601.385,5615.255
2018-08-27,5616.815,5725.055,5616.815,5725.055
2018-08-28,5725.745,5741.845,5711.215,5734.135
2018-08-29,5730.865,5730.865,5693.495,5709.035
2018-08-30,5702.975,5714.085,5618.185,5620.775
2018-08-31,5608.145,5616.735,5554.195,5564.305
2018-09-03,5555.425,5561.525,5477.305,5561.525
2018-09-04,5555.745,5630.395,5550.235,5622.775
2018-09-05,5612.175,5631.425,5545.965,5546.125
2018-09-06,5529.965,5582.365,5504.805,5527.665
2018-09-07,5528.535,5597.865,5502.905,5538.985
2018-09-10,5533.085,5533.285,5431.725,5435.485
2018-09-11,5429.715,5470.635,5403.295,5447.615
2018-09-12,5444.505,5479.585,5426.315,5445.705
2018-09-13,5476.415,5501.885,5420.145,5490.815
2018-09-14,5493.745,5498.185,5436.665,5438.605
2018-09-17,5418.145,5418.235,5343.365,5359.455
2018-09-18,5344.735,5448.855,5340.615,5448.845
2018-09-19,5439.005,5534.935,5429.755,5505.745
2018-09-20,5498.745,5518.185,5480.925,5487.855
2018-09-21,5493.895,5550.835,5472.355,5547.895
2018-09-25,5520.085,5547.145,5503.945,5530.675
2018-09-26,5530.405,5573.085,5521.395,5548.955
2018-09-27,5545.015,5545.015,5456.785,5456.815
2018-09-28,5459.295,5504.905,5453.405,5504.905
2018-10-08,5426.335,5428.965,5322.745,5327.905
2018-10-09,5335.295,5376.235,5307.645,5337.765
2018-10-10,5340.755,5364.375,5301.805,5347.285
2018-10-11,5192.495,5194.255,4921.975,4954.605
2018-10-12,4905.615,4934.945,4724.255,4911.955
2018-10-15,4919.495,4960.975,4842.135,4848.355
2018-10-16,4845.005,4879.265,4724.045,4751.205
2018-10-17,4799.435,4829.585,4682.865,4787.145
2018-10-18,4758.905,4758.905,4628.515,4637.245
2018-10-19,4565.175,4729.625,4541.885,4727.425
2018-10-22,4766.465,4993.645,4766.465,4953.605
2018-10-23,4949.445,4972.795,4858.855,4885.985
2018-10-24,4866.275,4935.795,4848.885,4889.955
2018-10-25,4749.625,4864.465,4721.185,4855.455
2018-10-26,4881.095,4930.715,4859.785,4877.165
2018-10-29,4861.375,4861.785,4787.135,4809.325
2018-10-30,4800.175,4882.855,4745.505,4862.615
2018-10-31,4868.665,4958.475,4867.375,4934.565
2018-11-01,4957.275,5026.835,4954.795,4959.485
2018-11-02,5011.905,5090.505,5011.905,5090.505
2018-11-05,5087.425,5151.895,5062.005,5133.975
2018-11-06,5120.205,5138.825,5071.955,5138.135
2018-11-07,5135.925,5181.695,5120.645,5125.305
2018-11-08,5148.765,5169.095,5110.975,5115.115
2018-11-09,5097.335,5138.505,5084.075,5107.875
2018-11-12,5105.855,5255.835,5103.245,5255.835
2018-11-13,5204.465,5388.745,5193.765,5359.915
2018-11-14,5358.015,5429.145,5350.095,5364.785
2018-11-15,5368.705,5463.545,5367.215,5463.545
2018-11-16,5472.985,5550.985,5464.395,5526.995
2018-11-19,5528.955,5550.905,5478.055,5550.905
2018-11-20,5505.665,5522.795,5395.285,5397.915
2018-11-21,5338.075,5443.285,5329.475,5443.285
2018-11-22,5455.935,5478.145,5430.005,5452.475
2018-11-23,5443.685,5445.505,5200.155,5215.785
2018-11-26,5205.735,5258.185,5183.525,5209.575
2018-11-27,5238.295,5272.775,5213.355,5251.995
2018-11-28,5251.015,5310.395,5173.765,5310.395
2018-11-29,5327.035,5337.535,5181.675,5181.675
2018-11-30,5164.295,5214.715,5097.525,5208.275
2018-12-03,5321.445,5394.045,5306.935,5372.865
2018-12-04,5365.185,5418.745,5354.955,5418.715
2018-12-05,5314.715,5407.235,5297.755,5374.805
2018-12-06,5357.535,5367.415,5277.175,5283.495
2018-12-07,5289.505,5308.935,5260.885,5286.255
2018-12-10,5253.345,5260.555,5202.885,5220.555
2018-12-11,5232.025,5266.555,5229.495,5266.555
2018-12-12,5278.645,5288.525,5251.625,5266.305
2018-12-13,5274.295,5340.945,5245.375,5313.245
2018-12-14,5305.315,5305.425,5175.165,5179.395
2018-12-17,5158.805,5174.975,5105.415,5172.885
2018-12-18,5148.335,5181.275,5091.055,5138.285
2018-12-19,5141.845,5146.695,5067.075,5075.075
2018-12-20,5063.505,5103.345,5049.925,5096.765
2018-12-21,5080.365,5087.115,5023.965,5059.075
2018-12-24,5053.655,5103.325,5041.995,5103.325
2018-12-25,5058.575,5058.635,4929.285,5050.245
2018-12-26,5046.085,5072.145,5032.765,5043.905
2018-12-27,5103.185,5116.065,4964.235,4964.235
2018-12-28,4968.475,5000.765,4938.095,4975.165
2019-01-02,4986.635,4995.595,4959.685,4969.795
2019-01-03,4967.485,5010.585,4944.275,4945.605
2019-01-04,4901.385,5072.205,4884.745,5072.205
2019-01-07,5101.545,5189.885,5098.235,5184.975
2019-01-08,5181.255,5189.655,5156.615,5180.095
2019-01-09,5184.095,5257.235,5178.175,5194.465
2019-01-10,5190.845,5225.355,5173.445,5187.935
2019-01-11,5188.695,5233.365,5178.605,5233.325
2019-01-14,5232.835,5238.455,5196.145,5212.105
2019-01-15,5200.415,5262.725,5186.435,5262.725
2019-01-16,5260.285,5278.935,5242.315,5246.565
2019-01-17,5240.425,5244.325,5188.055,5194.015
2019-01-18,5194.785,5222.495,5164.385,5211.895
2019-01-21,5217.605,5258.255,5215.005,5243.265
2019-01-22,5241.455,5241.455,5179.875,5196.665
2019-01-23,5184.155,5212.595,5174.225,5212.535
2019-01-24,5217.095,5250.165,5195.155,5234.885
2019-01-25,5235.215,5244.415,5193.805,5194.515
2019-01-28,5219.185,5230.615,5148.635,5153.435
2019-01-29,5134.015,5134.185,4971.255,5046.675
2019-01-30,5014.445,5041.205,4962.715,4963.225
2019-01-31,4945.935,4981.105,4848.365,4876.085
2019-02-01,4889.795,5005.895,4889.795,5005.895
2019-02-11,5021.345,5141.075,5021.305,5141.075
2019-02-12,5142.895,5223.415,5136.645,5214.085
2019-02-13,5217.735,5310.035,5212.195,5303.775
2019-02-14,5306.095,5355.265,5289.175,5334.085
2019-02-15,5328.475,5367.275,5319.845,5333.515
2019-02-18,5363.485,5512.235,5363.485,5512.235
2019-02-19,5535.415,5559.625,5463.155,5536.945
2019-02-20,5534.645,5552.675,5483.965,5550.195
2019-02-21,5546.115,5640.215,5518.485,5535.955
2019-02-22,5525.125,5656.625,5522.045,5656.625
2019-02-25,5722.345,5936.285,5713.115,5933.065
2019-02-26,5946.835,6051.475,5879.115,5921.715
2019-02-27,5905.145,5995.565,5842.555,5911.475
2019-02-28,5907.765,5974.935,5892.875,5935.105
2019-03-01,5946.235,5966.195,5887.775,5966.195
2019-03-04,6015.505,6160.305,6013.395,6078.605
2019-03-05,6069.005,6260.105,6048.895,6260.105
2019-03-06,6296.835,6396.215,6223.795,6396.215
2019-03-07,6397.705,6565.735,6370.245,6517.205
2019-03-08,6378.515,6531.595,6228.155,6228.185
2019-03-11,6279.045,6504.535,6269.845,6504.535
2019-03-12,6564.845,6695.765,6532.865,6646.865
2019-03-13,6661.475,6709.135,6476.225,6522.465
2019-03-14,6462.075,6508.975,6249.905,6319.965
2019-03-15,6351.655,6465.115,6346.135,6422.975
2019-03-18,6446.975,6559.585,6380.535,6559.585
2019-03-19,6559.865,6614.405,6544.445,6597.805
2019-03-20,6590.005,6607.795,6469.475,6598.315
2019-03-21,6605.935,6730.725,6595.315,6683.355
2019-03-22,6678.645,6734.625,6586.715,6727.545
2019-03-25,6617.315,6762.885,6590.125,6681.525
2019-03-26,6704.685,6731.435,6481.485,6497.875
2019-03-27,6532.795,6556.505,6392.205,6542.885
2019-03-28,6511.145,6590.225,6441.935,6444.845
2019-03-29,6435.715,6609.925,6376.095,6609.925
2019-04-01,6658.755,6857.725,6658.595,6857.725
2019-04-02,6899.645,6969.995,6854.395,6906.065
2019-04-03,6868.975,6979.215,6840.245,6979.215
2019-04-04,7003.535,7029.985,6935.605,7006.355
2019-04-08,7051.475,7073.835,6879.835,6990.645
2019-04-09,6977.195,7035.685,6929.355,7021.785
2019-04-10,6977.415,7082.035,6929.875,7022.725
2019-04-11,7023.975,7042.315,6899.445,6902.475
2019-04-12,6894.525,6932.505,6841.575,6898.755
2019-04-15,6975.195,7014.315,6841.805,6844.235
2019-04-16,6805.445,6981.915,6753.915,6981.915
2019-04-17,6987.245,7091.695,6980.695,7059.375
2019-04-18,7054.765,7080.065,7001.135,7018.305
2019-04-19,7002.165,7070.335,6944.065,7070.335
2019-04-22,7084.845,7090.085,6973.685,6995.975
2019-04-23,6977.205,6977.295,6839.455,6857.905
2019-04-24,6861.525,6930.585,6791.685,6930.585
2019-04-25,6905.895,6916.815,6636.035,6636.035
2019-04-26,6589.885,6657.005,6545.955,6549.275
2019-04-29,6548.675,6567.075,6285.505,6295.575
2019-04-30,6262.005,6403.285,6262.005,6359.995
2019-05-06,6155.495,6159.985,5836.305,5875.735
2019-05-07,5902.375,6001.685,5854.775,5964.735
2019-05-08,5846.605,6042.935,5804.575,5954.535
2019-05-09,5902.275,5977.495,5896.245,5909.215
2019-05-10,5965.085,6129.685,5860.065,6129.685
2019-05-13,6070.395,6133.925,6051.805,6105.695
2019-05-14,6026.785,6126.025,6018.735,6067.755
2019-05-15,6118.795,6216.245,6111.655,6211.655
2019-05-16,6211.025,6264.745,6201.325,6248.015
2019-05-17,6245.675,6250.675,5992.015,6020.775
2019-05-20,6014.575,6021.055,5866.845,6001.465
2019-05-21,5992.055,6120.465,5974.555,6113.315
2019-05-22,6113.135,6145.465,6035.365,6081.155
2019-05-23,6061.735,6062.365,5919.385,5938.795
2019-05-24,5901.505,5958.245,5864.965,5880.125
2019-05-27,5885.625,6056.295,5859.515,6051.625
2019-05-28,6055.685,6130.355,6039.545,6062.215
2019-05-29,6049.175,6126.035,6037.405,6085.055
2019-05-30,6065.075,6065.475,5963.305,6042.675
2019-05-31,6038.565,6088.945,6017.245,6031.365
2019-06-03,6033.285,6050.495,5912.805,5939.115
2019-06-04,5927.715,5930.465,5798.085,5833.955
2019-06-05,5879.895,5899.235,5823.685,5837.205
2019-06-06,5825.955,5826.035,5660.265,5683.365
2019-06-10,5695.335,5766.575,5670.715,5749.765
2019-06-11,5760.485,5965.835,5755.445,5965.835
2019-06-12,5953.255,5997.145,5928.975,5940.215
2019-06-13,5931.985,5993.355,5913.145,5981.385
2019-06-14,5983.805,5991.395,5835.025,5840.435
2019-06-17,5836.265,5868.785,5813.185,5839.925
2019-06-18,5843.095,5864.305,5802.485,5834.115
2019-06-19,5947.435,5974.565,5914.855,5918.585
2019-06-20,5908.975,6012.975,5873.825,6004.685
2019-06-21,6046.635,6126.725,6046.515,6108.135
2019-06-24,6112.515,6123.335,6071.405,6104.275
2019-06-25,6094.555,6094.555,5976.585,6043.915
2019-06-26,6011.645,6074.595,5987.965,6036.095
2019-06-27,6044.985,6093.055,6044.175,6072.535
2019-06-28,6065.315,6065.315,5945.185,5982.175
2019-07-01,6086.875,6158.785,6061.345,6158.785
2019-07-02,6160.105,6176.485,6135.095,6155.915
2019-07-03,6134.935,6135.015,6071.455,6094.175
2019-07-04,6101.245,6118.165,6045.525,6072.955
2019-07-05,6069.745,6103.545,6046.525,6092.915
2019-07-08,6077.795,6077.795,5858.945,5879.405
2019-07-09,5876.325,5913.965,5837.765,5904.535
2019-07-10,5908.325,5917.455,5839.865,5862.315
2019-07-11,5881.555,5927.565,5828.895,5860.785
2019-07-12,5864.635,5888.925,5823.245,5877.465
2019-07-15,5860.865,5947.035,5789.125,5934.005
2019-07-16,5925.575,5950.415,5914.255,5950.265
2019-07-17,5942.695,5977.215,5928.115,5955.015
2019-07-18,5926.325,5926.325,5845.405,5845.405
2019-07-19,5855.155,5922.015,5855.155,5871.535
2019-07-22,5871.045,5871.545,5688.075,5689.845
2019-07-23,5692.155,5766.375,5692.155,5766.375
2019-07-24,5779.765,5868.365,5779.685,5841.785
2019-07-25,5844.145,5871.675,5831.545,5858.855
2019-07-26,5847.345,5867.705,5833.715,5861.745
2019-07-29,5863.785,5877.955,5836.435,5860.825
2019-07-30,5859.325,5914.665,5859.135,5884.145
2019-07-31,5873.665,5873.665,5833.205,5843.825
2019-08-01,5814.955,5850.205,5793.695,5820.265
2019-08-02,5709.145,5737.375,5675.755,5722.655
2019-08-05,5707.645,5758.715,5661.785,5662.205
2019-08-06,5559.075,5559.075,5365.525,5493.195
2019-08-07,5520.995,5537.545,5471.945,5471.945
2019-08-08,5482.685,5516.025,5482.685,5501.495
2019-08-09,5525.215,5543.095,5427.995,5437.335
2019-08-12,5443.905,5535.965,5432.115,5535.965
2019-08-13,5497.655,5513.745,5478.875,5506.515
2019-08-14,5566.035,5586.125,5533.495,5541.505
2019-08-15,5415.095,5562.815,5390.485,5562.815
2019-08-16,5560.265,5623.795,5557.465,5591.455
2019-08-19,5636.085,5763.425,5636.085,5763.425
2019-08-20,5776.785,5816.735,5764.575,5780.525
2019-08-21,5773.215,5803.315,5765.745,5787.255
2019-08-22,5798.705,5816.925,5769.005,5816.875
2019-08-23,5817.255,5831.095,5780.385,5799.385
2019-08-26,5679.705,5779.215,5668.575,5763.345
2019-08-27,5791.325,5887.155,5791.325,5872.725
2019-08-28,5869.325,5892.345,5851.825,5873.815
2019-08-29,5881.675,5902.315,5863.875,5871.585
2019-08-30,5892.365,5901.775,5750.985,5776.915
2019-09-02,5778.065,5924.435,5778.055,5923.565
2019-09-03,5932.575,5968.245,5921.425,5968.245
2019-09-04,5958.535,6016.035,5949.075,6016.035
2019-09-05,6046.565,6134.125,6039.495,6070.305
2019-09-06,6085.955,6105.965,6048.155,6097.005
2019-09-09,6145.545,6236.965,6124.525,6236.965
2019-09-10,6245.135,6263.675,6206.475,6255.795
2019-09-11,6269.775,6275.415,6211.815,6214.115
2019-09-12,6226.985,6254.965,6194.115,6247.605
2019-09-16,6269.275,6304.665,6253.355,6278.345
2019-09-17,6266.375,6266.375,6102.385,6128.635
2019-09-18,6137.495,6156.665,6111.355,6130.165
2019-09-19,6140.035,6202.495,6108.125,6202.495
2019-09-20,6211.375,6234.675,6187.795,6208.855
2019-09-23,6188.635,6188.705,6110.055,6154.225
2019-09-24,6159.045,6219.525,6142.945,6171.195
2019-09-25,6142.065,6142.065,6045.605,6047.285
2019-09-26,6054.945,6066.175,5851.455,5851.455
2019-09-27,5846.465,5931.725,5846.465,5909.245
2019-09-30,5911.785,5931.035,5844.595,5844.595
2019-10-08,5854.065,5901.855,5842.685,5855.715
2019-10-09,5838.335,5917.855,5805.725,5917.855
2019-10-10,5921.865,6000.095,5913.035,6000.095
2019-10-11,6007.455,6035.265,5962.515,6010.835
2019-10-14,6053.055,6112.455,6046.735,6105.635
2019-10-15,6086.415,6086.415,6018.775,6035.125
2019-10-16,6037.745,6050.975,5998.775,6001.655
2019-10-17,5999.715,6024.195,5976.595,5993.595
2019-10-18,5992.185,6020.865,5900.525,5918.375
2019-10-21,5914.315,5914.315,5829.095,5890.505
2019-10-22,5890.075,5964.585,5889.395,5964.585
2019-10-23,5964.515,5971.805,5912.385,5926.505
2019-10-24,5918.295,5934.175,5874.725,5919.745
2019-10-25,5913.985,5965.825,5877.755,5957.275
2019-10-28,5985.285,6080.555,5985.285,6080.535
2019-10-29,6085.155,6085.155,5998.295,5998.295
2019-10-30,5973.715,5973.715,5909.535,5923.865
2019-10-31,5919.795,5936.765,5844.805,5846.325
2019-11-01,5824.755,5904.595,5813.475,5900.695
2019-11-04,5909.725,5951.355,5909.725,5922.555
2019-11-05,5925.025,5938.835,5880.245,5926.075
2019-11-06,5923.915,5929.575,5847.315,5867.655
2019-11-07,5864.035,5918.065,5855.105,5911.585
2019-11-08,5933.895,5950.005,5889.825,5894.865
2019-11-11,5863.865,5863.865,5734.055,5743.315
2019-11-12,5741.995,5761.895,5680.815,5761.895
2019-11-13,5755.535,5755.535,5711.335,5736.285
2019-11-14,5734.745,5787.475,5729.705,5774.025
2019-11-15,5766.505,5766.505,5693.905,5693.905
2019-11-18,5685.045,5741.185,5677.725,5738.255
2019-11-19,5740.495,5839.675,5734.265,5839.675
2019-11-20,5837.955,5850.085,5794.635,5803.695
2019-11-21,5783.375,5818.265,5770.175,5795.705
2019-11-22,5799.765,5847.975,5707.425,5734.735
2019-11-25,5731.035,5735.365,5658.575,5701.445
2019-11-26,5702.235,5719.075,5681.775,5694.705
2019-11-27,5687.435,5716.515,5666.495,5694.035
2019-11-28,5689.955,5715.995,5667.935,5679.245
2019-11-29,5677.945,5689.995,5636.525,5684.255
2019-12-02,5689.175,5711.145,5677.205,5691.525
2019-12-03,5670.505,5728.185,5648.235,5728.185
2019-12-04,5700.835,5740.315,5692.045,5731.415
2019-12-05,5738.155,5801.305,5738.155,5796.175
2019-12-06,5795.465,5832.985,5781.285,5832.945
2019-12-09,5842.425,5861.545,5827.435,5850.135
2019-12-10,5838.845,5880.515,5822.495,5880.515
2019-12-11,5880.215,5888.795,5848.835,5868.525
2019-12-12,5864.345,5891.895,5853.705,5860.205
2019-12-13,5887.705,5925.705,5880.065,5925.425
2019-12-16,5942.555,6034.185,5938.725,6034.185
2019-12-17,6040.685,6118.655,6036.055,6107.945
2019-12-18,6109.335,6148.445,6102.805,6119.955
2019-12-19,6121.965,6167.475,6115.435,6157.195
2019-12-20,6162.435,6173.835,6088.585,6088.585
2019-12-23,6070.035,6072.315,5951.035,5953.295
2019-12-24,5961.185,6050.535,5959.085,6050.535
2019-12-25,6045.955,6092.745,6037.945,6078.245
2019-12-26,6076.255,6126.605,6075.035,6126.585
2019-12-27,6132.445,6156.295,6072.115,6076.845
2019-12-30,6048.175,6102.165,5971.955,6102.165
2019-12-31,6098.545,6141.685,6092.395,6141.685
2020-01-02,6182.505,6266.165,6168.065,6262.905
2020-01-03,6274.475,6311.235,6258.905,6299.525
2020-01-06,6272.195,6392.145,6253.305,6354.835
2020-01-07,6361.655,6447.955,6361.655,6447.955
2020-01-08,6422.735,6453.235,6340.485,6355.385
2020-01-09,6403.23,6461.29,6403.23,6461.29
2020-01-10,6480.1,6485.59,6419.98,6449.2
2020-01-13,6443.87,6524.57,6412.99,6524.57
2020-01-14,6541.96,6558.16,6523.67,6527.43
2020-01-15,6517.75,6526.26,6460.71,6512.46
2020-01-16,6514.97,6530.91,6481.3,6491.79
2020-01-17,6504.73,6517.02,6457.12,6465.64
2020-01-20,6469.27,6544.42,6445.76,6544.41
2020-01-21,6540.67,6540.67,6479.61,6480.6
2020-01-22,6452.97,6512.95,6351.36,6489.16
2020-01-23,6432.46,6468.57,6200.7,6258.28
2020-02-03,5698.94,5724.03,5688.17,5708.71
2020-02-04,5371.07,5711.25,5371.07,5687.71
2020-02-05,5719.18,5909.4,5719.18,5855.92
2020-02-06,5869.25,6061.28,5842.54,6030.71
2020-02-07,6055.39,6112.21,5981.35,6106.33
2020-02-10,6108.92,6197.0,6089.75,6196.11
2020-02-11,6192.21,6192.21,6105.77,6143.17
2020-02-12,6119.21,6253.0,6114.85,6252.84
2020-02-13,6255.33,6273.41,6170.93,6191.9
2020-02-14,6176.2,6256.92,6154.92,6206.12
2020-02-17,6242.2,6430.48,6242.2,6430.48
2020-02-18,6446.63,6582.13,6442.18,6582.13
2020-02-19,6573.44,6630.76,6540.88,6540.88
2020-02-20,6554.66,6661.12,6503.21,6660.57
2020-02-21,6656.79,6788.89,6652.94,6751.53
2020-02-24,6752.16,6905.94,6737.19,6887.55
2020-02-25,6729.98,6910.92,6581.58,6899.14
2020-02-26,6808.32,6900.73,6715.14,6739.37
2020-02-27,6767.43,6829.33,6648.58,6751.43
2020-02-28,6510.61,6605.62,6366.2,6367.75
2020-03-02,6439.0,6666.94,6439.0,6645.63
2020-03-03,6757.58,6856.33,6675.09,6740.57
2020-03-04,6690.64,6797.29,6662.96,6797.29
2020-03-05,6890.25,6917.49,6844.33,6912.9
2020-03-06,6829.82,6955.44,6817.25,6901.29
2020-03-09,6800.08,6849.13,6660.69,6660.69
2020-03-10,6550.68,6811.76,6481.35,6811.76
2020-03-11,6828.42,6887.2,6741.91,6741.91
2020-03-12,6639.48,6685.12,6542.22,6609.32
2020-03-13,6257.96,6584.31,6257.96,6529.05
2020-03-16,6593.16,6605.89,6232.86,6251.48
2020-03-17,6285.71,6341.05,6002.32,6232.61
2020-03-18,6287.32,6395.37,6135.84,6135.84
2020-03-19,6124.31,6225.41,6020.76,6203.32
2020-03-20,6266.41,6287.3,6180.71,6279.2
2020-03-23,6118.24,6195.68,6000.97,6020.28
2020-03-24,6127.47,6146.07,5943.51,6130.2
2020-03-25,6246.63,6276.42,6210.72,6275.39
2020-03-26,6233.64,6284.85,6203.15,6214.54
2020-03-27,6279.21,6287.46,6170.47,6174.83
2020-03-30,6086.94,6086.94,5971.04,6031.33
2020-03-31,6077.9,6096.48,6023.25,6037.76
2020-04-01,6020.53,6100.48,5994.01,6005.87
2020-04-02,5974.09,6148.3,5969.61,6148.3
2020-04-03,6139.6,6172.15,6089.96,6117.58
2020-04-07,6219.14,6332.45,6215.34,6330.31
2020-04-08,6309.79,6377.65,6296.63,6358.95
2020-04-09,6382.49,6438.22,6372.0,6422.17
2020-04-10,6410.3,6410.3,6224.12,6243.99
2020-04-13,6199.42,6228.38,6144.35,6197.25
2020-04-14,6219.99,6311.16,6210.61,6311.16
2020-04-15,6308.21,6333.86,6267.64,6272.33
2020-04-16,6234.54,6309.71,6220.33,6301.18
2020-04-17,6330.58,6355.38,6296.37,6303.63
2020-04-20,6314.47,6401.73,6303.6,6401.73
2020-04-21,6375.57,6380.6,6310.59,6379.94
2020-04-22,6327.24,6442.25,6312.56,6442.22
2020-04-23,6453.15,6460.26,6404.5,6407.31
2020-04-24,6399.98,6400.66,6251.48,6273.99
2020-04-27,6271.0,6289.45,6213.08,6229.25
2020-04-28,6217.98,6221.74,5922.01,6096.76
2020-04-29,6069.09,6139.49,6057.51,6084.19
2020-04-30,6108.7,6231.06,6108.7,6214.6
2020-05-06,6164.37,6340.25,6159.28,6340.25
2020-05-07,6351.38,6375.82,6323.45,6333.52
2020-05-08,6362.85,6425.15,6356.95,6405.95
2020-05-11,6429.4,6446.66,6365.78,6407.78
2020-05-12,6403.93,6407.93,6318.17,6407.84
2020-05-13,6386.73,6453.66,6368.42,6448.9
2020-05-14,6420.71,6441.97,6384.67,6387.31
2020-05-15,6412.17,6448.52,6383.43,6412.68
2020-05-18,6427.98,6436.03,6364.19,6383.93
2020-05-19,6421.05,6466.95,6414.12,6466.94
2020-05-20,6459.14,6460.75,6383.82,6404.88
2020-05-21,6418.38,6423.88,6320.86,6332.22
2020-05-22,6324.99,6324.99,6179.74,6220.37
2020-05-25,6209.71,6236.63,6184.99,6214.59
2020-05-26,6229.08,6351.84,6229.08,6351.83
2020-05-27,6355.0,6362.04,6310.85,6327.06
2020-05-28,6322.17,6342.56,6217.04,6304.07
2020-05-29,6283.29,6372.56,6269.95,6358.06
2020-06-01,6393.38,6550.17,6393.38,6550.17
2020-06-02,6569.17,6587.02,6541.56,6570.06
2020-06-03,6580.28,6620.33,6560.78,6576.11
2020-06-04,6585.23,6599.85,6549.24,6590.5
2020-06-05,6591.01,6600.76,6542.02,6583.12
2020-06-08,6607.46,6615.85,6558.79,6567.67
2020-06-09,6569.2,6604.65,6542.33,6604.63
2020-06-10,6594.42,6601.21,6554.88,6601.21
2020-06-11,6600.75,6666.79,6553.85,6583.92
2020-06-12,6449.71,6614.0,6435.78,6591.57
2020-06-15,6593.96,6666.7,6592.0,6592.0
2020-06-16,6637.72,6716.23,6630.06,6716.17
2020-06-17,6723.11,6749.43,6692.97,6749.43
2020-06-18,6742.36,6742.36,6698.29,6725.49
2020-06-19,6720.17,6766.88,6712.77,6753.42
2020-06-22,6767.33,6797.58,6760.3,6781.15
2020-06-23,6779.89,6783.68,6744.59,6774.26
2020-06-24,6775.3,6787.5,6728.58,6744.68
2020-06-29,6731.06,6739.31,6696.9,6718.09
2020-06-30,6745.98,6837.72,6745.98,6830.19
2020-07-01,6849.59,6864.94,6790.28,6858.51
2020-07-02,6858.33,6937.44,6833.66,6936.65
2020-07-03,6944.13,7003.69,6924.27,7003.69
2020-07-06,7038.85,7264.9,7038.85,7259.95
2020-07-07,7319.3,7444.57,7233.49,7353.74
2020-07-08,7358.47,7512.97,7303.39,7512.97
2020-07-09,7521.02,7723.0,7515.2,7722.6
2020-07-10,7709.2,7776.8,7646.18,7688.81
2020-07-13,7728.63,7962.11,7728.63,7962.11
2020-07-14,7981.22,8008.95,7758.67,7909.14
2020-07-15,7920.98,7935.6,7654.67,7686.62
2020-07-16,7679.22,7715.4,7302.1,7313.06
2020-07-17,7313.13,7431.57,7236.69,7333.16
2020-07-20,7405.14,7594.44,7369.9,7594.44
2020-07-21,7616.84,7648.23,7559.58,7638.95
2020-07-22,7624.25,7745.6,7591.99,7691.27
2020-07-23,7630.01,7685.0,7470.22,7676.97
2020-07-24,7653.32,7689.45,7314.96,7330.51
2020-07-27,7352.16,7383.29,7256.06,7332.21
2020-07-28,7375.7,7442.27,7350.34,7417.57
2020-07-29,7397.49,7619.31,7367.07,7619.31
2020-07-30,7639.4,7673.09,7588.45,7613.22
2020-07-31,7592.8,7719.18,7562.1,7719.15
2020-08-03,7782.37,7966.43,7777.49,7966.43
2020-08-04,7995.07,7995.07,7876.06,7901.47
2020-08-05,7902.02,8015.17,7847.03,8001.49
2020-08-06,7999.41,8024.0,7874.3,7999.35
2020-08-07,7972.43,7980.48,7774.84,7905.61
2020-08-10,7891.22,8000.94,7870.41,7950.17
2020-08-11,7949.43,7965.34,7783.95,7794.69
2020-08-12,7761.81,7782.01,7528.05,7705.83
2020-08-13,7723.36,7790.82,7706.58,7745.96
2020-08-14,7731.08,7806.16,7671.63,7805.6
2020-08-17,7821.37,7973.62,7813.4,7973.62
2020-08-18,7983.33,8062.42,7976.64,8053.78
2020-08-19,8046.09,8046.09,7909.25,7918.51
2020-08-20,7858.56,7914.91,7788.52,7816.77
2020-08-21,7846.11,7916.12,7800.99,7863.58
2020-08-24,7879.28,7941.48,7781.61,7928.08
2020-08-25,7929.3,7947.74,7864.58,7893.62
2020-08-26,7885.81,7889.84,7680.79,7713.93
2020-08-27,7709.82,7821.73,7664.8,7811.76
2020-08-28,7794.71,7897.6,7773.98,7893.13
2020-08-31,7920.95,7998.39,7914.43,7916.9
2020-09-01,7910.7,7955.56,7857.03,7955.56
2020-09-02,7970.51,8022.07,7902.34,7991.78
2020-09-03,7982.02,7982.02,7870.48,7899.08
2020-09-04,7761.45,7912.43,7738.03,7903.98
2020-09-07,7913.03,7974.28,7770.13,7808.6
2020-09-08,7815.87,7877.43,7729.45,7877.43
2020-09-09,7792.85,7828.18,7642.31,7642.31
2020-09-10,7678.77,7697.18,7313.96,7333.24
2020-09-11,7283.96,7459.74,7281.75,7452.52
2020-09-14,7494.74,7599.29,7475.76,7584.02
2020-09-15,7597.08,7607.49,7546.18,7603.68
2020-09-16,7591.47,7591.47,7486.37,7528.97
2020-09-17,7518.71,7599.06,7463.98,7546.3
2020-09-18,7546.66,7655.6,7528.25,7652.22
2020-09-21,7672.32,7696.24,7630.83,7648.87
2020-09-22,7580.32,7633.95,7503.39,7530.13
2020-09-23,7552.56,7600.11,7517.44,7581.66
2020-09-24,7529.34,7529.34,7360.89,7361.25
2020-09-25,7390.43,7407.59,7280.21,7314.65
2020-09-28,7327.11,7337.5,7203.21,7204.67
2020-09-29,7236.7,7310.81,7211.31,7278.01
2020-09-30,7296.39,7319.87,7233.55,7270.71
2020-10-09,7389.43,7503.94,7383.02,7497.28
2020-10-12,7552.66,7739.28,7549.92,7739.03
2020-10-13,7731.94,7781.24,7695.48,7773.37
2020-10-14,7762.76,7762.76,7699.87,7720.98
2020-10-15,7719.15,7719.52,7642.92,7645.27
2020-10-16,7638.86,7659.08,7570.86,7639.82
2020-10-19,7676.06,7691.17,7572.64,7591.36
2020-10-20,7578.64,7672.98,7537.96,7672.98
2020-10-21,7675.48,7675.48,7527.15,7552.63
2020-10-22,7520.16,7551.56,7449.44,7516.09
2020-10-23,7518.37,7558.65,7372.26,7387.85
2020-10-26,7368.83,7435.35,7293.16,7410.05
2020-10-27,7389.04,7445.76,7362.66,7424.73
2020-10-28,7419.52,7439.0,7316.82,7424.84
2020-10-29,7319.55,7438.83,7299.5,7406.09
2020-10-30,7413.23,7420.96,7190.59,7197.07
2020-11-02,7198.76,7227.03,7142.41,7194.06
2020-11-03,7220.64,7341.52,7202.31,7341.52
2020-11-04,7348.97,7354.97,7267.18,7326.96
2020-11-05,7376.46,7464.94,7366.8,7464.94
2020-11-06,7481.04,7481.04,7332.62,7379.54
2020-11-09,7414.51,7569.23,7414.51,7548.82
2020-11-10,7560.66,7560.66,7427.4,7462.3
2020-11-11,7445.65,7454.02,7345.22,7350.58
2020-11-12,7361.69,7388.63,7331.2,7364.51
2020-11-13,7354.9,7377.92,7305.07,7366.09
2020-11-16,7384.41,7440.1,7358.26,7440.1
2020-11-17,7436.55,7436.55,7330.79,7374.04
2020-11-18,7365.38,7423.2,7353.38,7399.59
2020-11-19,7384.94,7440.23,7345.96,7433.47
2020-11-20,7426.0,7483.21,7414.21,7478.5
2020-11-23,7485.39,7539.81,7443.25,7510.79
2020-11-24,7503.78,7533.15,7491.64,7512.99
2020-11-25,7520.69,7523.64,7399.66,7399.66
2020-11-26,7387.91,7400.9,7305.71,7350.63
2020-11-27,7348.04,7349.65,7271.88,7341.34
2020-11-30,7339.25,7373.85,7293.51,7308.98
2020-12-01,7294.45,7409.01,7288.87,7404.01
2020-12-02,7406.26,7429.83,7386.3,7423.52
2020-12-03,7415.2,7424.1,7362.93,7402.1
2020-12-04,7391.02,7441.66,7376.63,7431.42
2020-12-07,7439.62,7451.68,7407.43,7409.76
2020-12-08,7410.22,7425.98,7392.61,7404.8
2020-12-09,7405.47,7407.3,7259.04,7259.04
2020-12-10,7233.56,7302.04,7209.76,7256.71
2020-12-11,7260.1,7267.27,7069.65,7135.09
2020-12-14,7126.0,7205.53,7083.22,7203.42
2020-12-15,7194.76,7224.78,7174.0,7217.16
2020-12-16,7213.16,7213.81,7135.94,7141.86
2020-12-17,7124.97,7201.64,7040.92,7199.31
2020-12-18,7198.89,7230.88,7166.3,7181.17
2020-12-21,7183.26,7275.16,7170.36,7274.47
2020-12-22,7251.92,7279.55,7134.19,7140.22
2020-12-23,7136.32,7211.57,7136.32,7190.87
2020-12-24,7186.23,7186.23,7048.12,7062.38
2020-12-25,7030.46,7148.03,7014.69,7126.83
2020-12-28,7127.61,7131.82,7039.27,7067.98
2020-12-29,7064.89,7106.9,7029.48,7033.04
2020-12-30,7023.42,7104.22,7013.24,7072.97
2020-12-31,7082.78,7177.76,7082.78,7177.61
2021-01-04,7200.46,7332.44,7195.61,7320.51
2021-01-05,7302.18,7326.69,7246.28,7316.35
2021-01-06,7308.96,7318.2,7187.85,7222.91
2021-01-07,7203.05,7203.05,7006.43,7056.11
2021-01-08,7037.16,7090.28,6918.7,7034.82
2021-01-11,7027.2,7027.55,6846.48,6873.9
2021-01-12,6851.54,6948.0,6833.34,6945.48
2021-01-13,6943.54,6943.54,6820.24,6854.52
2021-01-14,6827.27,6886.58,6756.01,6845.76
2021-01-15,6832.37,6918.24,6828.96,6911.71
2021-01-18,6903.31,7032.85,6896.15,7030.61
2021-01-19,7027.65,7079.47,7018.57,7032.67
2021-01-20,7025.74,7069.66,6997.36,7069.55
2021-01-21,7062.64,7149.06,7060.77,7122.93
2021-01-22,7109.28,7109.28,7032.34,7062.51
2021-01-25,7051.95,7052.08,6950.9,6972.94
2021-01-26,6946.97,6973.25,6869.54,6879.49
2021-01-27,6868.54,6897.65,6823.81,6884.72
2021-01-28,6822.94,6904.96,6774.4,6778.12
2021-01-29,6802.89,6822.63,6589.79,6669.15
2021-02-01,6644.61,6706.79,6636.68,6706.39
2021-02-02,6708.63,6761.66,6663.88,6760.78
2021-02-03,6745.15,6745.15,6649.97,6651.45
2021-02-04,6624.25,6633.42,6422.86,6506.76
2021-02-05,6513.18,6569.21,6388.4,6389.05
2021-02-08,6393.28,6443.84,6336.36,6408.39
2021-02-09,6413.9,6561.6,6407.15,6550.69
2021-02-10,6558.12,6599.18,6537.75,6591.42
2021-02-18,6685.76,6757.36,6684.07,6750.96
2021-02-19,6746.94,6924.64,6727.2,6924.51
2021-02-22,6957.59,7113.48,6957.59,6982.34
2021-02-23,6952.79,6989.89,6888.96,6938.65
2021-02-24,6936.53,6998.9,6851.94,6914.18
2021-02-25,6953.22,6966.95,6852.87,6862.06
2021-02-26,6760.41,6868.15,6746.64,6828.0
2021-03-01,6858.48,7002.49,6858.48,7002.47
2021-03-02,7018.74,7020.3,6922.08,6963.58
2021-03-03,6954.2,7062.77,6947.81,7062.75
2021-03-04,7030.94,7060.13,6968.52,6988.01
2021-03-05,6939.98,7048.62,6934.4,7025.64
2021-03-08,7060.37,7102.39,6925.88,6925.88
2021-03-09,6913.46,6918.81,6619.89,6733.3
2021-03-10,6781.29,6799.99,6649.92,6657.8
2021-03-11,6659.64,6813.75,6631.29,6813.75
2021-03-12,6820.19,6842.11,6758.16,6829.23
2021-03-15,6815.27,6868.75,6771.88,6825.22
2021-03-16,6830.08,6905.19,6807.96,6905.18
2021-03-17,6894.29,6942.37,6854.78,6936.05
2021-03-18,6930.63,6975.61,6918.98,6944.79
2021-03-19,6876.27,6969.47,6854.78,6908.05
2021-03-22,6915.2,7038.83,6915.2,7038.8
2021-03-23,7041.19,7045.79,6922.83,6952.13
2021-03-24,6911.04,6951.08,6863.35,6877.17
2021-03-25,6858.21,6897.44,6805.63,6850.77
2021-03-26,6851.64,6959.01,6851.64,6951.3
2021-03-29,6968.92,7003.8,6957.86,6975.82
2021-03-30,6960.27,6960.27,6896.28,6926.56
2021-03-31,6911.76,6944.88,6889.94,6939.12
2021-04-01,6939.72,6964.46,6912.01,6957.28
2021-04-02,6967.86,6983.86,6940.5,6969.78
2021-04-06,6982.63,7057.03,6982.63,7053.66
2021-04-07,7052.47,7078.26,7028.23,7078.15
2021-04-08,7069.59,7075.84,7032.91,7034.96
2021-04-09,7025.25,7051.63,7015.64,7046.59
2021-04-12,7044.48,7045.7,6924.85,6938.29
2021-04-13,6922.91,6936.34,6877.95,6892.56
2021-04-14,6882.97,6981.01,6875.01,6980.96
2021-04-15,6965.75,6967.12,6930.23,6957.52
2021-04-16,6957.89,7064.62,6957.89,7057.39
2021-04-19,7057.39,7154.19,7048.62,7153.51
2021-04-20,7139.44,7187.5,7128.66,7133.01
2021-04-21,7099.29,7136.17,7074.9,7114.49
2021-04-22,7128.14,7157.93,7128.14,7144.32
2021-04-23,7138.68,7138.68,7059.66,7088.48
2021-04-26,7092.57,7157.9,7070.16,7074.54
2021-04-27,7065.61,7069.67,6973.6,7041.65
2021-04-28,7028.15,7069.78,6996.7,7069.78
2021-04-29,7053.88,7071.75,7035.2,7036.53
2021-04-30,7023.33,7030.74,6975.94,7010.98
2021-05-06,7019.05,7070.12,7012.47,7061.31
2021-05-07,7064.76,7066.86,7004.56,7006.56
2021-05-10,7013.45,7055.93,6992.91,7055.93
2021-05-11,7024.23,7076.85,6963.4,7067.54
2021-05-12,7042.24,7155.14,7033.46,7155.14
2021-05-13,7102.75,7177.19,7090.29,7113.68
2021-05-14,7130.1,7197.21,7121.74,7197.15
2021-05-17,7181.24,7184.06,7132.69,7137.91
2021-05-18,7127.07,7184.54,7108.85,7184.48
2021-05-19,7167.16,7196.61,7153.12,7185.43
2021-05-20,7151.83,7188.94,7133.39,7162.33
2021-05-21,7166.5,7204.64,7164.41,7181.8
2021-05-24,7184.35,7234.01,7176.08,7233.94
2021-05-25,7235.14,7286.6,7211.75,7285.94
2021-05-26,7282.88,7335.48,7273.4,7325.54
2021-05-27,7316.2,7386.13,7309.49,7386.07
2021-05-28,7392.85,7415.6,7345.41,7368.83
2021-05-31,7383.76,7478.97,7381.03,7478.84
2021-06-01,7478.23,7517.67,7449.04,7517.6
2021-06-02,7506.9,7509.68,7416.96,7436.91
2021-06-03,7430.28,7506.99,7412.01,7440.01
2021-06-04,7414.51,7485.61,7407.3,7468.75
2021-06-07,7486.96,7541.05,7485.63,7541.05
2021-06-08,7537.88,7552.76,7475.74,7506.85
2021-06-09,7501.37,7539.67,7476.94,7524.1
2021-06-10,7521.0,7586.07,7507.86,7583.26
2021-06-11,7585.65,7589.07,7530.1,7530.3
2021-06-15,7531.9,7534.72,7475.81,7488.78
2021-06-16,7476.7,7478.15,7353.43,7363.34
2021-06-17,7356.04,7435.9,7356.04,7435.61
2021-06-18,7427.53,7519.84,7396.34,7516.34
2021-06-21,7494.49,7624.72,7486.47,7624.68
2021-06-22,7639.6,7666.81,7616.49,7663.69
2021-06-23,7659.46,7713.5,7640.2,7702.93
2021-06-24,7701.52,7701.52,7629.75,7631.32
2021-06-25,7628.91,7663.88,7590.25,7652.53
2021-06-28,7660.46,7729.27,7658.17,7722.55
2021-06-29,7724.56,7727.32,7657.13,7660.94
2021-06-30,7667.62,7735.73,7664.57,7735.73
2021-07-01,7744.23,7746.83,7602.67,7602.67
2021-07-02,7583.47,7609.83,7556.13,7590.96
2021-07-05,7611.5,7718.29,7611.5,7718.26
2021-07-06,7722.52,7758.23,7619.44,7716.58
2021-07-07,7666.67,7801.27,7647.14,7798.1
2021-07-08,7808.79,7825.52,7773.34,7787.15
2021-07-09,7753.44,7873.24,7717.83,7858.23
2021-07-12,7901.47,8014.43,7901.47,7998.31
2021-07-13,7992.38,8070.6,7974.61,8070.6
2021-07-14,8048.34,8084.8,7989.01,7990.04
2021-07-15,7955.44,7976.8,7818.45,7952.25
2021-07-16,7937.89,8038.82,7924.04,7963.42
2021-07-19,7953.14,7978.31,7911.3,7944.91
2021-07-20,7876.79,7992.01,7865.32,7991.9
2021-07-21,8027.03,8155.33,8027.03,8143.79
2021-07-22,8153.39,8211.39,8110.33,8211.3
2021-07-23,8194.81,8222.06,8097.69,8126.84
2021-07-26,8113.87,8133.7,7885.92,8033.66
2021-07-27,8039.45,8104.35,7825.43,7825.43
2021-07-28,7745.35,7772.42,7432.37,7626.45
2021-07-29,7735.0,7916.39,7735.0,7896.14
2021-07-30,7897.27,7983.15,7860.66,7978.1
2021-08-02,7985.84,8143.4,7959.68,8143.32
2021-08-03,8120.76,8183.64,8026.34,8050.86
2021-08-04,8039.45,8217.28,8039.45,8216.69
2021-08-05,8191.81,8203.53,8125.26,8161.43
2021-08-06,8174.43,8212.8,8125.12,8212.8
2021-08-09,8194.651,8253.331,8124.471,8253.241
2021-08-10,8236.231,8335.38,8224.39,8307.96
2021-08-11,8302.32,8396.62,8258.219,8396.429
2021-08-12,8388.969,8473.78,8377.349,8454.65
2021-08-13,8429.57,8515.74,8421.82,8477.0
2021-08-16,8463.81,8472.231,8385.691,8410.54
2021-08-17,8394.68,8413.941,8149.77,8170.4
2021-08-18,8159.09,8273.74,8149.52,8238.05
2021-08-19,8215.16,8304.17,8126.43,8258.47
2021-08-20,8227.14,8285.72,8119.67,8264.85
2021-08-23,8298.93,8510.441,8298.93,8499.901
2021-08-24,8505.121,8573.961,8480.421,8554.371
2021-08-25,8542.121,8616.831,8504.941,8616.77
2021-08-26,8599.75,8635.27,8545.51,8553.18
2021-08-27,8517.701,8584.93,8457.43,8578.31
2021-08-30,8590.92,8690.57,8583.63,8634.49
2021-08-31,8624.84,8645.52,8551.49,8644.6
2021-09-01,8666.81,8683.38,8391.26,8510.991
2021-09-02,8478.011,8672.001,8467.192,8668.811
2021-09-03,8668.021,8789.511,8553.362,8637.232
2021-09-06,8641.461,8704.631,8519.451,8704.541
2021-09-07,8711.471,8863.911,8695.141,8863.902
2021-09-08,8874.681,8937.381,8862.051,8933.112
2021-09-09,8926.271,8959.242,8867.261,8936.582
2021-09-10,8934.292,8971.021,8837.322,8937.922
2021-09-13,8949.372,9006.962,8905.482,9006.962
2021-09-14,8991.742,9095.512,8928.891,8953.771
2021-09-15,8942.711,9064.751,8910.891,9062.791
2021-09-16,9073.371,9113.841,8851.661,8853.331
2021-09-17,8837.591,8917.291,8655.311,8835.321
2021-09-22,8744.02,8902.89,8732.76,8901.861
2021-09-23,8954.93,8976.861,8887.02,8914.84
2021-09-24,8903.3,8903.3,8714.231,8722.93
2021-09-27,8739.91,8758.37,8308.82,8394.24
2021-09-28,8363.91,8439.139,8339.46,8407.639
2021-09-29,8339.44,8351.019,8081.22,8081.24
2021-09-30,8133.22,8333.13,8133.22,8324.5
2021-10-08,8434.95,8477.82,8329.75,8391.58
2021-10-11,8410.48,8411.309,8270.29,8341.75
2021-10-12,8322.53,8330.69,8043.48,8145.98
2021-10-13,8149.4,8193.55,8041.48,8184.31
2021-10-14,8164.61,8287.09,8133.22,8263.64
2021-10-15,8241.401,8256.861,8178.05,8223.321
2021-10-18,8216.921,8351.031,8207.531,8350.581
2021-10-19,8339.701,8423.341,8325.591,8415.661
2021-10-20,8381.651,8493.09,8364.151,8455.401
2021-10-21,8452.35,8483.901,8406.71,8430.43
2021-10-22,8432.71,8456.55,8331.94,8332.71
2021-10-25,8333.12,8445.87,8301.69,8445.75
2021-10-26,8465.65,8497.78,8399.53,8421.259
2021-10-27,8399.299,8411.139,8294.86,8331.519
2021-10-28,8298.719,8324.799,8113.909,8130.089
2021-10-29,8143.799,8262.579,8087.019,8262.259
2021-11-01,8257.82,8412.71,8239.49,8378.53
2021-11-02,8389.269,8431.889,8189.129,8262.459
2021-11-03,8252.499,8289.539,8202.859,8288.629
2021-11-04,8308.319,8410.449,8303.909,8410.439
2021-11-05,8402.499,8411.469,8310.219,8310.519
2021-11-08,8299.589,8380.539,8262.139,8380.429
2021-11-09,8398.749,8506.209,8397.669,8505.659
2021-11-10,8489.449,8534.149,8403.029,8534.079
2021-11-11,8519.239,8604.239,8509.178,8594.018
2021-11-12,8588.899,8720.379,8588.899,8710.789
2021-11-15,8732.169,8741.519,8667.559,8712.889
2021-11-16,8697.209,8722.399,8609.379,8617.699
2021-11-17,8625.969,8790.44,8625.49,8790.4
2021-11-18,8793.96,8838.18,8758.75,8779.04
2021-11-19,8760.93,8866.67,8756.441,8865.46
2021-11-22,8880.68,9002.1,8880.68,9001.231
2021-11-23,9001.151,9038.43,8980.401,9003.751
2021-11-24,8997.221,9022.751,8960.572,8998.391
2021-11-25,9000.261,9025.871,8971.391,8984.741
2021-11-26,8969.281,9029.85,8959.81,9010.611
2021-11-29,8882.331,9078.421,8868.831,9076.931
2021-11-30,9121.152,9198.962,9088.242,9157.212
2021-12-01,9141.572,9197.132,9115.181,9197.132
2021-12-02,9184.072,9184.072,9070.122,9072.542
2021-12-03,9077.332,9143.252,9037.982,9125.862
2021-12-06,9119.462,9132.532,8975.182,8984.862
2021-12-07,9021.641,9033.291,8757.601,8834.152
2021-12-08,8855.902,8990.832,8847.601,8990.822
2021-12-09,8995.372,9006.112,8968.021,8985.452
2021-12-10,8955.641,9048.572,8938.751,9037.291
2021-12-13,9057.551,9108.232,9026.271,9096.982
2021-12-14,9087.061,9141.412,9067.251,9130.402
2021-12-15,9124.841,9189.791,9116.982,9138.381
2021-12-16,9153.131,9213.652,9153.021,9213.652
2021-12-17,9211.612,9211.612,9125.261,9125.261
2021-12-20,9108.881,9154.031,8984.101,8987.101
2021-12-21,8985.671,9121.971,8985.671,9121.851
2021-12-22,9146.061,9207.282,9109.711,9193.141
2021-12-23,9187.931,9216.591,9143.471,9191.032
2021-12-24,9200.601,9205.122,9012.032,9012.032
2021-12-27,9002.982,9091.271,8975.612,9039.612
2021-12-28,9053.402,9121.872,9039.572,9121.872
2021-12-29,9112.502,9146.622,9078.362,9117.742
2021-12-30,9120.192,9230.442,9119.372,9201.582
2021-12-31,9224.962,9291.012,9220.132,9272.582
2022-01-04,9311.152,9350.232,9276.011,9328.002
2022-01-05,9318.582,9318.582,9060.612,9133.472
2022-01-06,9082.272,9252.462,9077.272,9233.432
2022-01-07,9235.653,9260.043,9039.392,9041.022
2022-01-10,9018.363,9121.512,8969.463,9110.842
2022-01-11,9113.972,9166.962,9022.823,9042.182
2022-01-12,9073.172,9188.892,9061.492,9188.892
2022-01-13,9197.663,9197.663,9084.003,9084.003
2022-01-14,9053.103,9161.773,9024.143,9097.053
2022-01-17,9124.493,9272.053,9124.493,9268.453
2022-01-18,9278.053,9278.053,9137.703,9151.173
2022-01-19,9111.803,9166.463,9053.913,9112.493
2022-01-20,9112.373,9113.573,8867.793,8871.543
2022-01-21,8842.873,8873.413,8736.183,8739.163
2022-01-24,8691.823,8806.812,8672.583,8758.062
2022-01-25,8722.193,8763.762,8373.913,8373.983
2022-01-26,8398.212,8490.492,8316.912,8427.312
2022-01-27,8431.363,8431.772,8156.843,8157.633
2022-01-28,8193.713,8332.423,8071.513,8240.793
2022-02-07,8347.093,8380.543,8292.273,8337.223
2022-02-08,8332.513,8433.623,8250.034,8433.623
2022-02-09,8434.863,8592.163,8401.173,8591.953
2022-02-10,8590.673,8605.203,8500.873,8557.194
2022-02-11,8518.133,8524.713,8358.533,8370.373
2022-02-14,8332.543,8449.063,8300.413,8368.673
2022-02-15,8383.123,8447.483,8321.433,8447.323
2022-02-16,8486.802,8566.342,8476.012,8551.082
2022-02-17,8531.622,8610.021,8503.992,8550.311
2022-02-18,8500.881,8611.181,8488.541,8611.041
2022-02-21,8626.651,8749.331,8617.81,8749.331
2022-02-22,8703.161,8703.161,8594.761,8660.041
2022-02-23,8675.401,8819.031,8675.231,8819.031
2022-02-24,8778.02,8857.701,8470.621,8595.741
2022-02-25,8654.411,8752.831,8653.931,8680.31
2022-02-28,8692.571,8713.981,8563.72,8713.51
2022-03-01,8729.05,8780.91,8708.85,8771.09
2022-03-02,8734.09,8795.79,8699.191,8792.0
2022-03-03,8820.66,8827.639,8723.03,8741.75
2022-03-04,8697.53,8740.259,8589.71,8616.66
2022-03-07,8599.809,8605.339,8426.19,8467.99
2022-03-08,8467.54,8488.87,8157.96,8192.24
2022-03-09,8206.76,8256.821,7754.32,8106.33
2022-03-10,8267.69,8355.08,8229.58,8285.95
2022-03-11,8174.93,8350.86,8090.97,8336.389
2022-03-14,8285.469,8316.559,8101.369,8101.369
2022-03-15,8038.769,8070.149,7691.129,7691.129
2022-03-16,7816.469,7965.859,7545.309,7947.149
2022-03-17,8026.929,8229.029,8015.849,8106.899
2022-03-18,8075.289,8208.709,8053.949,8196.239
2022-03-21,8210.609,8314.888,8194.979,8304.808
2022-03-22,8294.098,8351.359,8234.659,8291.768
2022-03-23,8302.829,8360.609,8281.189,8323.859
2022-03-24,8277.539,8286.809,8188.499,8227.559
2022-03-25,8231.219,8296.15,8176.759,8176.999
2022-03-28,8134.109,8216.919,8047.499,8148.869
2022-03-29,8163.869,8175.089,8055.189,8088.899
2022-03-30,8109.489,8226.718,8079.139,8225.759
2022-03-31,8207.23,8240.41,8157.12,8176.75
2022-04-01,8124.24,8173.84,8082.02,8159.95
2022-04-06,8155.69,8211.85,8147.58,8210.07
2022-04-07,8174.029,8192.269,8006.039,8006.039
2022-04-08,8006.719,8021.729,7850.459,7948.209
2022-04-11,7914.709,7914.709,7653.559,7697.029
2022-04-12,7678.479,7811.619,7625.419,7811.219
2022-04-13,7769.549,7769.549,7634.389,7634.389
2022-04-14,7659.459,7741.949,7647.999,7706.569
2022-04-15,7669.619,7669.619,7530.749,7567.179
2022-04-18,7519.359,7641.619,7430.839,7625.029
2022-04-19,7622.429,7705.019,7619.039,7681.039
2022-04-20,7678.389,7710.029,7535.839,7572.329
2022-04-21,7535.219,7549.779,7228.679,7248.109
2022-04-22,7195.659,7231.259,7088.359,7143.989
2022-04-25,7014.599,7014.599,6577.199,6577.199
2022-04-26,6569.919,6618.359,6335.899,6356.049
2022-04-27,6261.329,6617.909,6200.879,6617.909
2022-04-28,6568.319,6627.999,6445.019,6531.699
2022-04-29,6572.169,6845.189,6572.169,6821.889
2022-05-05,6814.509,7006.019,6798.179,6953.249
2022-05-06,6789.559,6931.779,6753.739,6876.499
2022-05-09,6873.499,7011.849,6873.499,6991.169
2022-05-10,6905.159,7124.749,6887.329,7124.749
2022-05-11,7144.209,7329.969,7144.209,7153.319
2022-05-12,7116.429,7238.299,7114.289,7212.839
2022-05-13,7236.969,7255.619,7164.659,7251.369
2022-05-16,7298.199,7334.169,7237.919,7273.099
2022-05-17,7268.069,7277.779,7157.469,7277.779
2022-05-18,7281.689,7376.749,7261.009,7311.799
2022-05-19,7200.879,7364.119,7184.209,7364.119
2022-05-20,7387.219,7451.409,7364.099,7451.409
2022-05-23,7471.759,7567.979,7469.719,7567.979
2022-05-24,7573.679,7573.679,7240.899,7240.899
2022-05-25,7235.039,7397.469,7228.959,7397.469
2022-05-26,7411.089,7465.639,7287.359,7440.779
2022-05-27,7461.479,7489.169,7371.569,7441.599
2022-05-30,7465.519,7514.909,7392.219,7514.909
2022-05-31,7518.339,7591.659,7451.709,7586.199
2022-06-01,7565.999,7654.159,7553.449,7627.739
2022-06-02,7601.719,7688.889,7569.389,7680.469
2022-06-06,7683.689,7826.189,7683.689,7820.589
2022-06-07,7826.319,7843.899,7722.619,7802.389
2022-06-08,7796.779,7854.129,7638.679,7798.419
2022-06-09,7779.899,7779.899,7629.119,7666.749
2022-06-10,7619.189,7845.399,7612.399,7833.219
2022-06-13,7791.439,7905.759,7781.369,7902.219
2022-06-14,7832.759,7902.379,7669.159,7902.379
2022-06-15,7910.399,7976.239,7861.829,7861.829
2022-06-16,7855.529,7982.319,7855.529,7927.049
2022-06-17,7881.029,7996.859,7853.539,7991.309
2022-06-20,8008.569,8106.189,8008.569,8089.199
2022-06-21,8090.599,8091.859,7941.279,8023.629
2022-06-22,8026.179,8062.099,7940.979,7943.259
2022-06-23,7946.039,8116.999,7896.219,8116.999
2022-06-24,8139.239,8223.659,8133.469,8204.669
2022-06-27,8243.779,8293.239,8215.439,8286.629
2022-06-28,8282.769,8395.03,8254.419,8394.4
2022-06-29,8377.349,8385.4,8171.019,8171.019
2022-06-30,8177.569,8291.749,8171.679,8243.059
2022-07-01,8245.2,8301.59,8206.309,8252.65
2022-07-04,8248.62,8330.93,8188.78,8330.93
2022-07-05,8328.6,8343.321,8162.951,8262.901
2022-07-06,8234.251,8258.921,8103.941,8176.621
2022-07-07,8178.551,8291.951,8142.911,8276.531
2022-07-08,8295.341,8332.631,8242.911,8257.301
2022-07-11,8233.291,8233.291,8103.291,8170.081
2022-07-12,8167.711,8182.641,8033.571,8033.571
2022-07-13,8034.441,8147.691,8022.651,8130.221
2022-07-14,8115.101,8243.52,8096.231,8203.611
2022-07-15,8170.57,8212.26,8087.43,8087.43
2022-07-18,8101.12,8268.66,8101.12,8268.66
2022-07-19,8281.519,8369.49,8249.799,8352.919
2022-07-20,8369.149,8448.098,8345.039,8448.079
2022-07-21,8431.679,8478.059,8404.849,8405.269
2022-07-22,8408.04,8458.39,8299.23,8378.16
2022-07-25,8385.49,8412.44,8254.24,8278.269
2022-07-26,8278.929,8379.299,8199.789,8379.299
2022-07-27,8364.919,8487.589,8350.929,8480.839
2022-07-28,8517.739,8575.468,8502.999,8538.159
2022-07-29,8545.749,8577.589,8503.529,8517.059
2022-08-01,8505.669,8574.94,8462.529,8574.94
2022-08-02,8481.5,8481.5,8160.38,8247.98
2022-08-03,8252.549,8408.709,8158.729,8187.299
2022-08-04,8230.699,8280.459,8130.649,8277.289
2022-08-05,8295.759,8377.969,8258.089,8371.94
2022-08-08,8357.809,8518.19,8325.879,8518.19
2022-08-09,8513.58,8549.85,8483.9,8549.85
2022-08-10,8532.401,8594.651,8516.38,8594.611
2022-08-11,8627.361,8690.741,8613.921,8690.201
2022-08-12,8685.481,8722.8,8631.85,8633.041
2022-08-15,8621.681,8711.551,8611.271,8704.902
2022-08-16,8715.992,8798.092,8714.851,8790.931
2022-08-17,8805.331,8815.431,8757.331,8800.041
2022-08-18,8787.881,8850.171,8770.161,8844.621
2022-08-19,8853.371,8869.341,8698.52,8698.52
2022-08-22,8678.1,8757.84,8636.031,8757.84
2022-08-23,8740.17,8814.93,8732.89,8814.93
2022-08-24,8821.861,8825.1,8480.421,8496.51
2022-08-25,8524.191,8541.961,8322.001,8435.901
2022-08-26,8446.88,8533.43,8374.95,8392.38
2022-08-29,8275.53,8461.929,8229.37,8460.28
2022-08-30,8464.389,8478.9,8355.539,8400.45
2022-08-31,8377.09,8377.09,8099.21,8108.94
2022-09-01,8117.0,8198.56,8053.94,8075.0
2022-09-02,8092.09,8207.31,8058.98,8193.71
2022-09-05,8193.49,8260.03,8157.51,8217.59
2022-09-06,8238.79,8367.75,8203.6,8367.75
2022-09-07,8344.0,8447.63,8325.96,8420.57
2022-09-08,8421.82,8433.16,8315.99,8324.82
2022-09-09,8330.9,8337.559,8237.73,8306.24
2022-09-13,8331.28,8377.86,8290.28,8315.66
2022-09-14,8191.55,8250.81,8160.35,8225.7
2022-09-15,8259.46,8267.29,7878.51,7975.69
2022-09-16,7956.25,7993.57,7803.69,7803.69
2022-09-19,7795.37,7834.91,7666.69,7707.64
2022-09-20,7756.1,7883.25,7756.1,7837.61
2022-09-21,7814.56,7886.39,7708.39,7856.82
2022-09-22,7807.49,7939.22,7796.56,7853.85
2022-09-23,7853.94,7865.09,7625.51,7676.97
2022-09-26,7623.26,7704.3,7548.09,7560.48
2022-09-27,7586.73,7731.04,7569.47,7731.04
2022-09-28,7719.75,7724.78,7487.21,7487.21
2022-09-29,7556.64,7575.64,7434.11,7477.24
2022-09-30,7468.12,7495.98,7364.67,7364.67
2022-10-10,7384.09,7420.58,7200.18,7227.89
2022-10-11,7237.58,7317.45,7175.38,7296.41
2022-10-12,7293.99,7518.93,7196.14,7518.93
2022-10-13,7485.43,7660.39,7463.72,7590.16
2022-10-14,7635.34,7790.11,7635.34,7766.61
2022-10-17,7733.68,7870.63,7724.95,7869.28
2022-10-18,7890.21,7965.23,7845.32,7910.08
2022-10-19,7886.97,7939.74,7855.78,7855.78
2022-10-20,7815.6,7914.76,7716.66,7806.02
2022-10-21,7807.94,7862.87,7759.65,7818.7
2022-10-24,7840.95,7947.48,7693.06,7740.38
2022-10-25,7698.92,7781.56,7578.92,7729.08
2022-10-26,7733.33,7933.47,7733.33,7883.8
2022-10-27,7883.88,7937.1,7838.79,7840.27
2022-10-28,7787.34,7804.78,7522.8,7551.99
2022-10-31,7510.54,7690.97,7510.54,7630.53
2022-11-01,7646.42,7821.98,7632.09,7821.98
2022-11-02,7823.33,7965.35,7813.57,7929.7
2022-11-03,7869.14,7984.96,7861.87,7971.16
2022-11-04,7973.36,8131.03,7973.36,8126.03
2022-11-07,8132.78,8186.89,8088.11,8162.8
2022-11-08,8158.03,8158.51,8084.73,8156.39
2022-11-09,8156.78,8218.16,8130.66,8160.09
2022-11-10,8119.5,8160.85,8083.25,8104.79
2022-11-11,8262.79,8295.31,8113.74,8115.43
2022-11-14,8108.2,8158.09,8037.54,8073.82
2022-11-15,8068.69,8246.25,8051.14,8246.25
2022-11-16,8247.16,8278.29,8179.31,8201.17
2022-11-17,8187.52,8229.9,8132.09,8229.9
2022-11-18,8234.259,8278.28,8154.879,8162.149
2022-11-21,8128.329,8217.829,8084.409,8217.829
2022-11-22,8207.099,8227.53,8056.099,8088.309
2022-11-23,8078.379,8084.649,7914.869,8056.549
2022-11-24,8064.469,8117.559,8052.489,8089.419
2022-11-25,8071.559,8071.559,7985.269,7991.209
2022-11-28,7895.019,7968.129,7869.369,7964.549
2022-11-29,7977.049,8099.589,7977.049,8093.459
2022-11-30,8096.189,8128.209,8060.069,8092.259
2022-12-01,8153.039,8190.349,8137.009,8161.509
2022-12-02,8142.959,8232.719,8134.159,8207.759
2022-12-05,8241.539,8257.909,8205.109,8256.489
2022-12-06,8230.928,8246.689,8185.348,8214.628
2022-12-07,8195.818,8243.078,8181.948,8217.267
2022-12-08,8205.217,8207.787,8156.127,8171.937
2022-12-09,8172.307,8192.167,8127.847,8171.447
2022-12-12,8163.977,8178.667,8114.907,8157.067
2022-12-13,8156.187,8156.957,8083.017,8091.597
2022-12-14,8093.187,8126.197,8043.647,8060.307
2022-12-15,8047.557,8113.527,8033.187,8104.687
2022-12-16,8069.767,8084.987,7993.177,8008.127
2022-12-19,8004.057,8023.147,7802.457,7830.327
2022-12-20,7818.697,7830.717,7750.937,7781.607
2022-12-21,7779.687,7784.167,7684.947,7719.437
2022-12-22,7749.717,7755.827,7577.107,7594.397
2022-12-23,7559.197,7608.137,7513.797,7562.407
2022-12-26,7566.357,7707.307,7566.357,7707.307
2022-12-27,7721.337,7744.257,7661.857,7743.807
2022-12-28,7721.587,7721.587,7639.597,7659.517
2022-12-29,7643.597,7713.117,7633.697,7637.107
2022-12-30,7662.457,7681.397,7644.997,7677.637
2023-01-03,7684.037,7882.797,7677.017,7875.707
2023-01-04,7877.777,7915.437,7846.997,7894.397
2023-01-05,7903.237,7960.337,7871.987,7954.427
2023-01-06,7951.117,8004.897,7936.787,7956.377
2023-01-09,7981.027,8021.677,7974.907,7997.587
2023-01-10,8004.927,8004.927,7956.047,7997.167
2023-01-11,8003.987,8020.577,7927.927,7933.867
2023-01-12,7943.087,7983.547,7911.717,7934.497
2023-01-13,7953.667,7961.407,7908.487,7953.847
2023-01-16,7959.387,8063.897,7959.387,8032.297
2023-01-17,8042.547,8061.207,7998.757,8025.627
2023-01-18,8040.967,8070.257,8016.117,8053.027
2023-01-19,8043.117,8112.287,8026.807,8109.147
2023-01-20,8125.897,8187.627,8125.897,8185.147
2023-01-30,8281.537,8318.987,8281.537,8292.667
2023-01-31,8262.277,8328.117,8246.527,8328.117
2023-02-01,8338.127,8472.507,8333.637,8472.507
2023-02-02,8481.847,8529.597,8463.087,8493.988
2023-02-03,8481.508,8500.928,8381.258,8493.538
2023-02-06,8473.698,8511.097,8435.358,8477.378
2023-02-07,8484.558,8528.288,8456.399,8528.288
2023-02-08,8529.198,8532.528,8474.508,8477.248
2023-02-09,8460.728,8607.677,8440.387,8607.677
2023-02-10,8600.207,8627.387,8527.797,8576.627
2023-02-13,8579.978,8666.488,8578.118,8666.488
2023-02-14,8686.258,8686.258,8642.328,8674.878
2023-02-15,8676.708,8706.598,8665.218,8700.138
2023-02-16,8694.558,8727.149,8443.989,8502.588
2023-02-17,8509.038,8545.038,8428.108,8441.028
2023-02-20,8448.408,8547.448,8395.378,8547.448
2023-02-21,8560.198,8608.858,8527.068,8588.228
2023-02-22,8552.337,8612.608,8535.377,8599.207
2023-02-23,8601.517,8615.757,8521.667,8562.297
2023-02-24,8570.337,8581.547,8490.527,8542.267
2023-02-27,8522.337,8552.117,8458.417,8474.067
2023-02-28,8499.687,8559.037,8457.916,8559.037
2023-03-01,8559.657,8627.457,8538.537,8627.457
2023-03-02,8623.957,8647.897,8576.417,8586.297
2023-03-03,8581.358,8606.347,8513.637,8571.498
2023-03-06,8580.108,8608.208,8535.347,8600.108
2023-03-07,8595.868,8595.868,8413.238,8413.238
2023-03-08,8395.767,8475.728,8394.038,8475.728
2023-03-09,8488.307,8502.238,8425.387,8479.457
2023-03-10,8431.337,8446.188,8355.967,8357.827
2023-03-13,8333.597,8396.387,8292.648,8396.387
2023-03-14,8387.948,8387.948,8203.988,8299.608
2023-03-15,8332.837,8401.987,8332.837,8357.097
2023-03-16,8317.417,8321.797,8204.567,8215.757
2023-03-17,8265.247,8334.387,8255.017,8286.707
2023-03-20,8303.337,8313.137,8227.327,8270.757
2023-03-21,8275.537,8389.247,8266.167,8389.237
2023-03-22,8408.766,8436.086,8393.407,8435.407
2023-03-23,8415.056,8440.386,8389.107,8440.386
2023-03-24,8446.657,8458.117,8409.266,8452.187
2023-03-27,8456.987,8474.766,8392.346,8471.747
2023-03-28,8466.167,8475.367,8389.467,8398.188
2023-03-29,8398.198,8415.398,8343.368,8369.677
2023-03-30,8365.827,8367.317,8279.827,8340.527
2023-03-31,8342.777,8438.827,8334.777,8437.317
2023-04-03,8438.777,8537.787,8438.777,8536.596
2023-04-04,8534.416,8534.416,8443.806,8481.116
2023-04-06,8446.216,8494.136,8428.737,8490.136
2023-04-07,8495.437,8577.056,8482.867,8577.056
2023-04-10,8584.617,8587.237,8437.637,8461.957
2023-04-11,8459.267,8491.667,8427.087,8491.658
2023-04-12,8498.368,8559.648,8485.218,8559.648
2023-04-13,8547.068,8570.057,8488.767,8495.738
2023-04-14,8506.517,8544.597,8431.688,8530.127
2023-04-17,8519.417,8538.587,8486.847,8515.097
2023-04-18,8503.478,8503.478,8436.358,8480.877
2023-04-19,8467.717,8509.047,8439.587,8452.657
2023-04-20,8438.516,8444.077,8370.787,8444.077
2023-04-21,8429.817,8439.397,8197.207,8197.207
2023-04-24,8190.097,8215.787,8122.087,8162.777
2023-04-25,8145.347,8149.107,7893.227,8001.237
2023-04-26,7975.777,8112.417,7975.147,8064.847
2023-04-27,8033.567,8105.197,8017.907,8048.697
2023-04-28,8024.41,8197.83,8024.41,8195.7
2023-05-04,8173.84,8235.05,8171.64,8234.47
2023-05-05,8219.51,8220.64,8089.58,8145.11
2023-05-08,8154.41,8210.55,8146.34,8205.269
2023-05-09,8189.169,8189.169,8068.059,8069.269
2023-05-10,8054.149,8132.469,8046.179,8110.629
2023-05-11,8117.619,8146.319,8102.019,8120.079
2023-05-12,8095.659,8124.119,8013.859,8013.859
2023-05-15,8013.669,8074.629,7931.739,8074.629
2023-05-16,8074.189,8074.189,7973.279,7992.909
2023-05-17,7968.369,8063.869,7961.199,8063.869
2023-05-18,8062.009,8122.589,8062.009,8114.699
2023-05-19,8098.829,8153.449,8055.239,8124.679
2023-05-22,8112.289,8138.409,8086.579,8133.269
2023-05-23,8127.189,8133.709,8046.769,8046.769
2023-05-24,8019.009,8097.359,7989.939,8039.989
2023-05-25,8025.059,8068.879,7931.529,8028.159
2023-05-26,8022.409,8107.529,7963.959,8092.979
2023-05-29,8103.369,8121.459,8059.869,8074.349
2023-05-30,8053.119,8124.599,8003.579,8124.599
2023-05-31,8113.719,8150.969,8088.269,8121.239
2023-06-01,8096.049,8196.849,8069.109,8144.439
2023-06-02,8155.829,8214.249,8155.829,8198.589
2023-06-05,8202.999,8231.489,8186.299,8225.909
2023-06-06,8214.319,8214.319,8026.619,8043.669
2023-06-07,8040.919,8092.929,8015.119,8077.089
2023-06-08,8063.209,8063.999,7969.339,8019.939
2023-06-09,8020.529,8082.569,7999.879,8079.209
2023-06-12,8071.179,8148.209,8051.439,8126.629
2023-06-13,8118.349,8169.749,8110.469,8164.179
2023-06-14,8164.519,8195.359,8142.459,8179.039
2023-06-15,8175.869,8216.899,8162.699,8211.719
2023-06-16,8208.409,8295.109,8191.329,8290.199
2023-06-19,8294.719,8341.98,8294.289,8325.089
2023-06-20,8316.679,8342.579,8288.82,8311.059
2023-06-21,8296.559,8297.929,8142.66,8142.66
2023-06-26,8089.71,8131.78,7946.1,7963.09
2023-06-27,7965.29,8097.17,7965.29,8093.38
2023-06-28,8083.16,8083.32,7890.61,8041.69
2023-06-29,8028.6,8147.86,8027.11,8119.47
2023-06-30,8110.31,8234.81,8096.99,8221.36
2023-07-03,8241.349,8272.62,8179.289,8233.12
2023-07-04,8226.64,8271.77,8211.571,8271.76
2023-07-05,8262.88,8280.25,8194.95,8206.88
2023-07-06,8191.49,8247.61,8170.89,8195.599
2023-07-07,8177.819,8185.269,8095.509,8137.469
2023-07-10,8156.919,8169.689,8106.679,8134.499
2023-07-11,8139.959,8201.799,8122.089,8201.799
2023-07-12,8199.86,8203.059,8072.319,8078.16
2023-07-13,8091.95,8160.11,8091.95,8153.75
2023-07-14,8160.0,8192.93,8137.29,8156.91
2023-07-17,8135.12,8140.18,8088.09,8134.27
2023-07-18,8135.03,8158.16,8088.92,8122.11
2023-07-19,8119.44,8148.33,8059.73,8100.63
2023-07-20,8106.18,8113.3,7982.03,7989.23
2023-07-21,7974.12,8032.22,7940.12,7966.99
2023-07-24,7958.63,8019.13,7922.4,7967.74
2023-07-25,8027.03,8083.97,8017.39,8083.89
2023-07-26,8077.24,8077.24,8001.89,8019.77
2023-07-27,8020.79,8049.06,7946.84,7956.87
2023-07-28,7936.81,8015.83,7898.33,8008.68
2023-07-31,8016.86,8096.14,8015.53,8078.28
2023-08-01,8072.99,8072.99,8021.11,8060.56
2023-08-02,8050.39,8065.79,8028.01,8052.57
2023-08-03,8021.13,8053.47,8004.44,8045.39
2023-08-04,8058.06,8105.28,8049.96,8084.02
2023-08-07,8072.62,8082.28,8023.03,8043.44
2023-08-08,8037.32,8047.31,7992.2,8010.48
2023-08-09,7987.31,7997.23,7927.55,7936.74
2023-08-10,7924.14,7959.09,7904.83,7941.98
2023-08-11,7948.65,7948.65,7803.84,7803.84
2023-08-14,7745.84,7845.82,7711.29,7845.82
2023-08-15,7846.47,7854.03,7709.34,7773.14
2023-08-16,7752.97,7761.11,7677.56,7677.56
2023-08-17,7657.34,7773.24,7607.24,7768.02
2023-08-18,7763.43,7788.38,7617.87,7617.87
2023-08-21,7609.14,7677.08,7560.43,7560.43
2023-08-22,7593.47,7631.16,7469.27,7620.25
2023-08-23,7601.35,7601.35,7482.15,7482.24
2023-08-24,7502.42,7564.16,7431.61,7490.55
2023-08-25,7454.22,7477.32,7305.98,7333.53
2023-08-28,7726.19,7726.19,7371.28,7389.27
2023-08-29,7372.8,7650.64,7370.77,7642.3
2023-08-30,7651.73,7746.2,7649.86,7705.82
2023-08-31,7689.6,7689.6,7639.32,7658.87
2023-09-01,7664.58,7694.98,7634.28,7661.18
2023-09-04,7685.87,7774.25,7663.86,7774.25
2023-09-05,7759.87,7778.85,7719.02,7738.26
2023-09-06,7711.83,7786.41,7678.77,7780.28
2023-09-07,7767.16,7767.16,7643.2,7643.2
2023-09-08,7619.52,7697.91,7613.69,7670.62
2023-09-11,7678.93,7784.65,7634.33,7760.97
2023-09-12,7752.52,7792.26,7741.62,7761.79
2023-09-13,7741.53,7744.52,7598.76,7655.78
2023-09-14,7652.2,7653.23,7563.78,7603.86
2023-09-15,7619.64,7664.72,7578.72,7619.4
2023-09-18,7597.27,7663.06,7557.37,7638.35
2023-09-19,7626.38,7626.38,7542.36,7561.69
2023-09-20,7547.35,7571.64,7500.66,7501.08
2023-09-21,7482.88,7525.97,7439.22,7452.21
2023-09-22,7442.0,7603.3,7425.51,7601.87
2023-09-25,7600.81,7617.59,7562.3,7581.22
2023-09-26,7567.03,7594.94,7544.45,7552.76
2023-09-27,7542.43,7637.34,7533.17,7596.25
2023-09-28,7611.89,7684.2,7611.89,7673.7
2023-10-09,7670.59,7678.74,7616.24,7660.7
2023-10-10,7675.83,7696.34,7644.12,7651.45
2023-10-11,7662.07,7717.27,7637.07,7678.52
2023-10-12,7708.36,7727.11,7674.71,7724.67
2023-10-13,7694.13,7707.69,7673.42,7698.0
2023-10-16,7708.42,7709.72,7598.4,7635.51
2023-10-17,7637.0,7638.61,7564.89,7617.57
2023-10-18,7590.63,7590.63,7474.16,7475.93
2023-10-19,7440.93,7505.79,7385.91,7386.33
2023-10-20,7350.12,7399.99,7280.94,7288.86
2023-10-23,7261.93,7261.99,7084.39,7115.37
2023-10-24,7139.4,7269.81,7112.7,7257.0
2023-10-25,7294.84,7388.43,7294.84,7361.74
2023-10-26,7317.76,7409.22,7287.96,7404.24
2023-10-27,7376.16,7533.06,7348.6,7509.96
2023-10-30,7485.73,7635.53,7484.77,7624.81
2023-10-31,7620.54,7633.8,7535.86,7579.26
2023-11-01,7575.48,7602.95,7558.48,7581.16
2023-11-02,7581.25,7611.39,7488.14,7488.14
2023-11-03,7499.52,7603.51,7499.52,7586.0
2023-11-06,7626.87,7756.22,7626.87,7756.22
2023-11-07,7749.67,7817.83,7723.17,7801.23
2023-11-08,7801.54,7863.18,7783.27,7838.22
2023-11-09,7832.88,7865.27,7759.5,7777.22
2023-11-10,7743.78,7771.79,7706.06,7758.22
2023-11-13,7782.63,7841.38,7775.24,7841.38
2023-11-14,7839.05,7905.76,7824.61,7905.01
2023-11-15,7956.65,7965.9,7910.37,7949.55
2023-11-16,7926.34,7943.25,7884.79,7884.79
2023-11-17,7870.21,7955.2,7864.45,7955.2
2023-11-20,7967.11,8027.47,7946.34,8027.47
2023-11-21,8034.62,8039.36,7958.09,7974.58
2023-11-22,7948.22,7989.17,7880.95,7880.95
2023-11-23,7868.97,7964.95,7848.07,7961.09
2023-11-24,7960.8,7961.71,7839.84,7861.53
2023-11-27,7849.75,7885.53,7821.13,7859.13
2023-11-28,7844.28,7904.29,7806.68,7904.29
2023-11-29,7899.02,7919.55,7851.23,7862.78
2023-11-30,7851.25,7860.6,7743.55,7813.36
2023-12-01,7810.57,7896.84,7785.46,7883.22
2023-12-04,7887.43,7913.91,7865.8,7875.04
2023-12-05,7858.36,7858.36,7717.83,7717.83
2023-12-06,7699.29,7811.16,7687.8,7758.44
2023-12-07,7753.61,7781.63,7714.03,7750.24
2023-12-08,7749.66,7789.8,7705.96,7709.5
2023-12-11,7682.18,7797.56,7627.6,7796.79
2023-12-12,7794.75,7818.16,7777.16,7816.69
2023-12-13,7805.66,7833.28,7759.99,7759.99
2023-12-14,7783.1,7824.06,7721.79,7725.88
2023-12-15,7734.93,7753.56,7648.74,7669.04
2023-12-18,7654.62,7661.82,7534.3,7549.14
2023-12-19,7543.96,7584.36,7502.26,7559.42
2023-12-20,7569.26,7577.12,7447.0,7447.0
2023-12-21,7418.16,7515.7,7332.49,7498.31
2023-12-22,7499.32,7508.78,7360.67,7387.02
2023-12-25,7376.29,7402.48,7326.6,7380.36
2023-12-26,7379.01,7379.01,7244.64,7269.01
2023-12-27,7276.35,7337.15,7247.47,7328.75
2023-12-28,7318.8,7484.69,7273.66,7459.99
2023-12-29,7452.22,7589.4,7451.41,7588.5
2024-01-02,7596.3,7604.56,7555.36,7562.02
2024-01-03,7541.88,7567.38,7465.5,7518.82
2024-01-04,7509.05,7509.05,7447.72,7483.23
2024-01-05,7481.19,7501.58,7306.84,7338.04
2024-01-08,7325.11,7325.11,7179.09,7179.09
2024-01-09,7191.33,7274.45,7151.14,7205.49
2024-01-10,7188.2,7228.38,7077.67,7133.99
2024-01-11,7128.66,7290.7,7124.6,7268.6
2024-01-12,7259.68,7314.59,7212.02,7213.38
2024-01-15,7190.77,7250.99,7142.73,7195.25
2024-01-16,7191.56,7198.03,7059.35,7160.0
2024-01-17,7148.79,7148.79,6969.42,6969.42
2024-01-18,6929.88,6946.38,6733.35,6933.86
2024-01-19,6926.88,6962.4,6840.89,6842.75
2024-01-22,6828.81,6828.81,6388.45,6432.32
2024-01-23,6416.45,6528.24,6341.85,6502.14
2024-01-24,6530.44,6589.71,6338.32,6582.27
2024-01-25,6585.7,6815.26,6545.01,6814.64
2024-01-26,6803.57,6876.27,6741.59,6763.65
2024-01-29,6776.04,6801.06,6560.17,6561.29
2024-01-30,6519.7,6579.53,6362.37,6370.17
2024-01-31,6327.54,6366.03,6070.01,6084.49
2024-02-01,6047.69,6159.86,5930.09,6022.27
2024-02-02,6027.67,6104.51,5591.84,5781.53
2024-02-05,5724.55,5724.55,5223.89,5346.77
2024-02-06,5244.02,5720.0,5133.36,5622.61
2024-02-07,5635.59,5846.24,5582.94,5712.37
2024-02-08,5739.53,6080.65,5734.44,6061.39
2024-02-19,6151.97,6236.03,6091.3,6196.45
2024-02-20,6173.47,6258.81,6099.21,6245.52
2024-02-21,6186.03,6451.13,6151.78,6292.42
2024-02-22,6293.02,6412.44,6286.94,6412.44
2024-02-23,6438.3,6551.19,6396.87,6551.19
2024-02-26,6568.48,6710.57,6533.44,6616.74
2024-02-27,6590.87,6793.4,6560.15,6793.4
2024-02-28,6808.14,6902.49,6419.37,6419.37
2024-02-29,6372.14,6672.93,6372.14,6672.93
2024-03-01,6688.37,6769.57,6649.79,6760.13
2024-03-04,6777.22,6802.43,6661.34,6802.29
2024-03-05,6754.68,6784.41,6678.18,6715.42
2024-03-06,6681.96,6809.19,6648.3,6752.04
2024-03-07,6766.87,6817.67,6663.79,6663.79
2024-03-08,6670.48,6769.56,6640.58,6755.72
2024-03-11,6739.91,6882.75,6736.06,6882.75
2024-03-12,6896.65,6954.88,6851.9,6940.94
2024-03-13,6943.78,7025.69,6914.03,6975.37
2024-03-14,6972.75,7005.26,6848.73,6927.7
2024-03-15,6908.5,7016.42,6892.95,7016.42
2024-03-18,7038.38,7145.27,7024.75,7145.27
2024-03-19,7127.52,7171.36,7112.12,7112.12
2024-03-20,7101.97,7191.36,7101.97,7189.07
2024-03-21,7206.89,7228.38,7137.7,7196.52
2024-03-22,7182.3,7193.19,7047.48,7122.32
2024-03-25,7106.55,7140.12,6944.03,6944.03
2024-03-26,6926.78,6986.43,6822.36,6916.8
2024-03-27,6900.2,6901.67,6678.66,6678.66
2024-03-28,6668.45,6900.16,6668.45,6838.64
2024-03-29,6838.79,6918.46,6795.85,6918.46
2024-04-01,6941.63,7064.27,6941.63,7064.27
2024-04-02,7061.82,7061.82,6974.26,7023.14
2024-04-03,7005.24,7008.43,6901.78,6963.45
2024-04-08,6942.84,6942.84,6818.88,6818.88
2024-04-09,6810.69,6911.42,6798.53,6911.42
2024-04-10,6897.83,6897.83,6709.52,6767.27
2024-04-11,6721.29,6861.51,6707.84,6784.52
2024-04-12,6782.72,6825.3,6726.49,6737.03
2024-04-15,6711.42,6750.08,6488.16,6581.29
2024-04-16,6532.51,6552.51,6228.87,6231.4
2024-04-17,6293.61,6566.73,6293.61,6566.73
2024-04-18,6556.45,6634.61,6494.81,6558.67
2024-04-19,6526.1,6592.65,6475.98,6528.21
2024-04-22,6486.08,6564.62,6406.13,6501.28
2024-04-23,6493.56,6536.66,6465.68,6499.92
2024-04-24,6498.73,6622.73,6487.83,6622.73
2024-04-25,6595.61,6677.69,6581.73,6628.51
2024-04-26,6614.01,6762.07,6612.44,6747.25
2024-04-29,6755.43,6916.9,6755.43,6914.59
2024-04-30,6906.85,6922.24,6835.69,6867.75
2024-05-06,6943.12,7007.99,6942.59,7007.8
2024-05-07,7007.28,7047.74,6989.86,7045.84
2024-05-08,7022.07,7022.07,6935.03,6943.8
2024-05-09,6940.08,7054.69,6940.08,7040.4
2024-05-10,7047.97,7058.44,6950.01,6966.85
2024-05-13,6918.57,6929.52,6841.21,6872.36
2024-05-14,6875.29,6940.82,6875.29,6916.96
2024-05-15,6901.6,6918.25,6844.66,6851.69
2024-05-16,6863.08,6910.28,6833.28,6852.91
2024-05-17,6851.46,6937.04,6830.95,6937.04
2024-05-20,6938.66,6991.32,6919.97,6977.31
2024-05-21,6965.61,6966.12,6887.73,6910.43
2024-05-22,6906.23,6944.1,6886.63,6925.51
2024-05-23,6899.89,6899.89,6757.45,6771.4
2024-05-24,6758.43,6807.16,6695.39,6695.46
2024-05-27,6701.72,6749.27,6614.82,6749.27
2024-05-28,6730.13,6764.02,6679.58,6685.64
2024-05-29,6673.24,6732.98,6656.26,6690.26
2024-05-30,6667.79,6708.02,6634.41,6656.09
2024-05-31,6655.46,6719.28,6655.46,6697.14
2024-06-03,6692.87,6693.55,6541.64,6591.25
2024-06-04,6566.87,6588.49,6491.87,6582.83
2024-06-05,6556.9,6583.44,6470.65,6470.66
2024-06-06,6473.76,6507.41,6256.31,6282.27
2024-06-07,6326.36,6379.98,6260.29,6342.94
2024-06-11,6314.38,6404.07,6243.97,6397.48
2024-06-12,6387.97,6465.91,6386.29,6454.07
2024-06-13,6453.33,6462.12,6402.91,6416.73
2024-06-14,6399.31,6435.31,6360.25,6422.2
2024-06-17,6394.96,6447.5,6383.98,6416.27
2024-06-18,6416.33,6487.6,6406.6,6487.6
2024-06-19,6491.21,6507.19,6419.22,6419.22
2024-06-20,6405.75,6436.61,6280.64,6284.56
2024-06-21,6261.95,6325.76,6221.38,6284.73
2024-06-24,6243.56,6243.56,6048.97,6052.52
2024-06-25,6052.91,6091.31,5977.37,6020.83
2024-06-26,6009.8,6197.13,5970.34,6197.13
2024-06-27,6172.59,6179.03,6052.93,6052.93
2024-06-28,6039.95,6178.48,6035.07,6095.88
2024-07-01,6093.68,6159.63,6028.64,6147.73
2024-07-02,6147.13,6170.81,6096.18,6118.37
2024-07-03,6112.8,6116.88,6050.91,6056.47
2024-07-04,6057.07,6075.7,5893.55,5909.05
2024-07-05,5897.47,5993.25,5835.45,5972.5
2024-07-08,5955.38,5955.38,5796.1,5812.71
2024-07-09,5806.12,5945.86,5733.96,5936.21
2024-07-10,5914.92,5968.26,5891.96,5902.88
2024-07-11,5990.71,6068.14,5967.74,6068.14
2024-07-12,6057.13,6070.99,6018.35,6039.59
2024-07-15,6026.04,6026.04,5941.42,5955.61
2024-07-16,5942.85,5973.51,5898.21,5964.11
2024-07-17,5958.12,5967.34,5890.27,5890.98
2024-07-18,5848.44,5909.59,5776.02,5897.34
2024-07-19,5873.14,5959.18,5860.41,5921.6
2024-07-22,5922.73,5960.38,5904.93,5941.4
2024-07-23,5941.44,5944.09,5795.07,5795.21
2024-07-24,5777.27,5816.69,5698.72,5704.26
2024-07-25,5671.1,5774.46,5648.18,5717.21
2024-07-26,5725.48,5816.99,5725.48,5811.6
2024-07-29,5821.22,5828.86,5774.0,5805.45
2024-07-30,5794.09,5852.43,5757.25,5838.69
2024-07-31,5835.54,6059.64,5825.57,6059.64
2024-08-01,6065.85,6107.28,6025.26,6057.51
2024-08-02,6013.34,6084.78,5964.48,5972.22
2024-08-05,5930.75,6022.35,5805.0,5805.0
2024-08-06,5869.51,5911.43,5840.57,5909.21
2024-08-07,5902.7,5944.99,5876.7,5912.18
2024-08-08,5891.3,5941.19,5821.23,5894.86
2024-08-09,5916.46,5951.64,5848.18,5848.18
2024-08-12,5841.18,5853.78,5784.59,5805.99
2024-08-13,5797.82,5838.01,5766.6,5838.01
2024-08-14,5838.28,5838.77,5793.54,5793.54
2024-08-15,5777.69,5892.47,5748.62,5846.89
2024-08-16,5853.19,5867.73,5818.42,5820.47
2024-08-19,5809.05,5871.33,5792.87,5812.74
2024-08-20,5806.54,5809.76,5688.94,5705.02
2024-08-21,5686.6,5722.77,5672.27,5678.47
2024-08-22,5678.19,5694.28,5591.87,5599.03
2024-08-23,5583.77,5612.06,5544.09,5589.89
2024-08-26,5587.71,5643.91,5567.1,5630.72
2024-08-27,5610.31,5612.55,5537.4,5547.12
2024-08-28,5528.06,5607.39,5514.6,5564.56
2024-08-29,5542.22,5675.17,5528.42,5657.51
2024-08-30,5656.59,5843.19,5653.76,5771.94
2024-09-02,5768.68,5785.04,5656.25,5657.73
2024-09-03,5653.26,5737.26,5653.26,5713.63
2024-09-04,5675.57,5734.84,5660.09,5680.53
2024-09-05,5683.9,5761.61,5683.9,5732.01
2024-09-06,5731.08,5738.28,5619.67,5621.48
2024-09-09,5598.93,5644.38,5564.68,5588.92
2024-09-10,5594.34,5636.56,5505.45,5616.26
2024-09-11,5592.24,5624.48,5568.92,5597.37
2024-09-12,5603.33,5665.34,5581.77,5581.77
2024-09-13,5582.75,5590.37,5501.93,5501.93
2024-09-18,5502.03,5515.29,5399.92,5478.19
2024-09-19,5501.59,5630.97,5470.67,5590.77
2024-09-20,5592.61,5598.15,5536.74,5574.36
2024-09-23,5570.85,5626.15,5548.8,5582.8
2024-09-24,5601.36,5786.0,5576.8,5786.0
2024-09-25,5838.07,5978.97,5838.07,5852.37
2024-09-26,5839.13,6055.92,5835.41,6055.92
2024-09-27,6143.63,6407.81,6135.29,6368.0
2024-09-30,6648.95,7127.07,6548.33,7093.07
2024-10-08,8028.81,8028.81,7266.45,7729.54
2024-10-09,7510.51,7554.25,7068.87,7081.53
2024-10-10,7149.33,7280.67,6935.4,7029.42
2024-10-11,6973.17,6973.17,6646.08,6727.41
2024-10-14,6768.44,6975.33,6644.93,6975.33
2024-10-15,6935.19,7087.1,6856.37,6857.79
2024-10-16,6756.48,6961.38,6755.47,6880.52
2024-10-17,6926.16,6999.59,6867.0,6868.55
2024-10-18,6847.19,7284.6,6836.9,7138.74
2024-10-21,7194.62,7400.98,7175.49,7303.55
2024-10-22,7312.88,7417.93,7256.42,7348.53
2024-10-23,7326.34,7464.05,7305.0,7351.74
2024-10-24,7312.72,7342.18,7251.2,7315.18
2024-10-25,7335.24,7507.97,7335.24,7468.12
2024-10-28,7483.16,7637.01,7466.71,7637.01
2024-10-29,7665.91,7674.41,7501.66,7501.66
2024-10-30,7452.95,7559.62,7435.84,7528.74
2024-10-31,7535.45,7702.57,7497.43,7650.01
2024-11-01,7624.81,7650.51,7359.66,7365.2
2024-11-04,7340.55,7516.89,7340.55,7516.89
2024-11-05,7523.22,7784.25,7520.3,7777.74
2024-11-06,7810.34,7917.6,7764.61,7832.19
2024-11-07,7778.15,7989.35,7763.06,7989.35
2024-11-08,8069.09,8135.86,7985.76,8012.46
2024-11-11,8001.18,8216.8,8001.18,8216.349
2024-11-12,8235.66,8255.42,8025.21,8105.88
2024-11-13,8059.45,8137.8,7923.82,8103.0
2024-11-14,8085.45,8102.46,7847.63,7857.5
2024-11-15,7828.34,7944.86,7685.37,7685.88
2024-11-18,7720.62,7755.64,7429.95,7476.09
2024-11-19,7480.58,7692.51,7450.66,7692.51
2024-11-20,7678.05,7890.05,7666.98,7872.85
2024-11-21,7861.86,7925.5,7805.69,7889.62
2024-11-22,7868.63,7925.43,7610.08,7611.36
2024-11-25,7635.9,7675.15,7516.99,7675.15
2024-11-26,7653.86,7728.4,7566.86,7571.78
2024-11-27,7517.2,7726.07,7390.69,7726.07
2024-11-28,7730.38,7819.58,7702.38,7714.41
2024-11-29,7690.76,7910.81,7656.19,7856.94
2024-12-02,7862.28,8037.15,7862.28,8022.03
2024-12-03,8025.4,8061.85,7939.51,8019.65
2024-12-04,8009.02,8024.19,7858.25,7896.13
2024-12-05,7873.07,8033.42,7873.07,8014.87
2024-12-06,8026.61,8124.06,7944.16,8092.8
2024-12-09,8087.79,8127.02,7988.23,8055.2
2024-12-10,8288.9,8297.049,8123.66,8136.21
2024-12-11,8112.9,8258.15,8112.9,8254.99
2024-12-12,8257.84,8319.14,8185.6,8317.82
2024-12-13,8263.179,8286.15,8152.069,8156.339
2024-12-16,8156.089,8171.289,8026.429,8067.539
2024-12-17,8046.829,8049.819,7807.779,7821.179
2024-12-18,7831.239,7955.329,7763.539,7890.219
2024-12-19,7797.509,7935.969,7783.619,7914.009
2024-12-20,7898.359,8078.799,7896.339,8018.049
2024-12-23,8013.699,8019.409,7717.809,7731.929
2024-12-24,7756.819,7828.409,7686.039,7820.469
2024-12-25,7808.369,7809.409,7610.379,7699.189
2024-12-26,7683.069,7839.619,7683.069,7800.359
2024-12-27,7804.979,7924.629,7777.739,7828.589
2024-12-30,7815.429,7841.629,7706.539,7779.489
2024-12-31,7784.429,7798.649,7533.049,7533.049
2025-01-02,7519.779,7600.699,7298.469,7369.039
2025-01-03,7385.499,7406.129,7091.149,7106.749
2025-01-06,7086.619,7182.309,6989.119,7074.909
2025-01-07,7081.799,7222.149,7049.809,7221.519
2025-01-08,7184.869,7262.169,6985.089,7208.259
2025-01-09,7163.629,7279.089,7160.959,7231.259
2025-01-10,7217.509,7287.719,7043.239,7043.239
2025-01-13,6956.629,7105.059,6898.119,7050.709
2025-01-14,7082.619,7399.369,7074.649,7399.369
2025-01-15,7396.669,7418.899,7336.569,7359.629
2025-01-16,7401.129,7521.769,7330.899,7402.859
2025-01-17,7374.249,7482.429,7333.149,7428.089
2025-01-20,7479.809,7537.589,7438.599,7492.319
2025-01-21,7530.669,7540.049,7423.689,7526.879
2025-01-22,7486.029,7495.479,7413.279,7448.079
2025-01-23,7520.699,7622.979,7421.989,7421.989
2025-01-24,7402.179,7563.269,7402.179,7557.949
2025-01-27,7575.879,7597.869,7434.539,7434.539
2025-02-05,7505.209,7546.129,7465.169,7506.249
2025-02-06,7492.109,7718.259,7470.819,7718.149
2025-02-07,7723.759,7906.589,7723.029,7833.949
2025-02-10,7860.719,7966.089,7834.189,7965.019
2025-02-11,7960.349,7982.829,7871.609,7939.529
2025-02-12,7917.299,8054.619,7914.499,8054.559
2025-02-13,8058.279,8059.849,7942.859,7959.499
2025-02-14,7941.899,8011.649,7913.099,7988.489
2025-02-17,8036.269,8097.259,8000.429,8076.159
2025-02-18,8052.119,8074.499,7851.229,7881.179
2025-02-19,7877.429,8095.929,7877.429,8095.689
2025-02-20,8095.199,8190.489,8085.159,8171.579
2025-02-21,8185.559,8322.229,8136.569,8314.949
2025-02-24,8308.678,8378.248,8244.758,8323.908
2025-02-25,8193.318,8372.708,8182.797,8288.467
2025-02-26,8309.387,8423.757,8293.827,8414.028
2025-02-27,8413.418,8448.939,8236.979,8380.708
2025-02-28,8331.218,8337.578,8035.048,8055.568
2025-03-03,8085.008,8208.498,8014.128,8067.808
2025-03-04,7992.908,8182.538,7991.718,8179.878
2025-03-05,8181.758,8242.658,8121.418,8241.859
2025-03-06,8289.989,8445.739,8289.989,8422.928
2025-03-07,8391.418,8475.528,8321.948,8377.988
2025-03-10,8387.258,8417.738,8321.488,8392.968
2025-03-11,8275.109,8419.249,8270.088,8419.249
2025-03-12,8462.299,8535.82,8444.94,8458.679
2025-03-13,8444.749,8459.989,8231.349,8315.959
2025-03-14,8309.509,8465.69,8256.299,8462.699
2025-03-17,8484.749,8529.829,8448.389,8505.119
2025-03-18,8527.639,8571.389,8492.009,8546.429
2025-03-19,8514.94,8538.23,8457.809,8491.98
2025-03-20,8476.179,8554.679,8445.969,8476.98
2025-03-21,8436.08,8462.08,8282.36,8302.68
2025-03-24,8297.361,8307.621,8039.701,8207.611
2025-03-25,8192.85,8230.58,8104.69,8129.241
2025-03-26,8104.581,8223.671,8104.581,8186.831
2025-03-27,8159.491,8245.041,8071.051,8156.611
2025-03-28,8145.241,8186.831,8054.491,8055.161
2025-03-31,7997.221,8012.951,7860.791,7987.561
2025-04-01,8007.901,8097.601,8007.901,8043.721
2025-04-02,8033.401,8127.711,8031.341,8067.561
2025-04-03,7972.841,8098.951,7918.551,7970.131
2025-04-07,7446.061,7542.511,6916.221,6981.001
2025-04-08,6947.471,7153.961,6853.071,7002.371
2025-04-09,6873.901,7228.251,6562.311,7180.861
2025-04-10,7327.471,7499.431,7327.471,7377.161
2025-04-11,7318.641,7549.371,7318.461,7468.941
2025-04-14,7571.341,7650.391,7561.681,7594.391
2025-04-15,7596.901,7615.691,7512.361,7574.681
2025-04-16,7545.871,7555.241,7351.481,7454.841
2025-04-17,7412.941,7547.871,7410.231,7478.201
2025-04-18,7469.241,7507.141,7421.301,7472.571
2025-04-21,7459.391,7642.651,7431.141,7642.641
2025-04-22,7636.181,7669.241,7607.271,7636.681
2025-04-23,7670.351,7741.511,7665.711,7705.461
2025-04-24,7695.321,7712.341,7591.111,7625.501
2025-04-25,7631.211,7704.581,7597.341,7650.631
2025-04-28,7637.531,7647.691,7545.641,7554.441
2025-04-29,7524.241,7629.351,7498.801,7606.181
2025-04-30,7614.971,7715.521,7614.971,7685.371
2025-05-06,7744.721,7908.131,7744.721,7908.131
2025-05-07,7995.271,8019.351,7855.441,7928.151
2025-05-08,7901.481,8010.981,7895.481,8001.561
2025-05-09,7993.421,7993.421,7855.231,7892.811
2025-05-12,7945.551,8011.851,7933.041,8011.851
2025-05-13,8081.651,8084.761,7975.191,7986.131
2025-05-14,7977.131,8038.011,7933.141,7992.601
2025-05-15,7974.871,7974.871,7862.331,7865.781
2025-05-16,7842.271,7947.411,7841.641,7905.061
2025-05-19,7912.361,7953.401,7823.151,7948.681
2025-05-20,7951.761,8026.281,7920.831,8014.741
2025-05-21,7997.741,8002.341,7947.631,7978.601
2025-05-22,7951.881,8005.901,7878.341,7882.891
2025-05-23,7871.941,7944.991,7793.701,7793.701
2025-05-26,7792.931,7861.241,7786.211,7859.401
2025-05-27,7848.011,7863.861,7784.471,7847.611
2025-05-28,7846.811,7873.981,7807.711,7823.611
2025-05-29,7815.371,7971.661,7815.371,7971.661
2025-05-30,7950.191,7950.431,7852.021,7866.891
2025-06-03,7834.131,7943.341,7834.131,7930.481
2025-06-04,7928.561,8007.421,7928.561,8006.781
2025-06-05,8007.361,8073.581,7973.061,8062.721
2025-06-06,8051.881,8062.101,8023.751,8047.501
2025-06-09,8062.371,8159.621,8062.371,8156.061
2025-06-10,8159.421,8160.061,7991.161,8085.291
2025-06-11,8085.701,8149.871,8076.341,8116.491
2025-06-12,8093.381,8143.301,8070.711,8133.171
2025-06-13,8100.201,8113.161,7975.811,7988.151
2025-06-16,7963.511,8065.081,7963.511,8062.631
2025-06-17,8070.021,8093.281,8020.321,8050.121
2025-06-18,8024.751,8048.021,7973.801,8046.181
2025-06-19,8028.701,8057.871,7886.461,7907.161
2025-06-20,7893.101,7936.081,7836.811,7841.571
2025-06-23,7793.081,7966.621,7792.361,7962.711
2025-06-24,7968.711,8126.881,7968.711,8126.881
2025-06-25,8132.331,8230.081,8121.121,8224.551
2025-06-26,8216.621,8275.621,8189.191,8194.651
2025-06-27,8211.56,8270.85,8195.71,8228.621
2025-06-30,8249.041,8340.121,8248.401,8339.491
2025-07-01,8342.121,8363.421,8279.251,8362.171
2025-07-02,8342.881,8342.881,8241.641,8277.652
2025-07-03,8271.971,8341.011,8264.721,8334.911
2025-07-04,8330.661,8360.721,8253.881,8272.441
2025-07-07,8260.42,8302.88,8257.8,8299.691
2025-07-08,8296.121,8407.161,8289.471,8407.131
2025-07-09,8412.411,8441.781,8363.501,8385.161
2025-07-10,8373.201,8418.651,8348.041,8392.901
2025-07-11,8398.59,8490.51,8366.63,8461.68
2025-07-14,8466.22,8503.41,8446.02,8491.38
2025-07-15,8480.04,8502.269,8376.28,8463.1
2025-07-16,8459.46,8525.16,8449.5,8506.76
2025-07-17,8500.81,8608.401,8490.071,8608.401
2025-07-18,8617.581,8637.391,8578.321,8619.471
2025-07-21,8625.482,8708.902,8623.822,8707.542
2025-07-22,8705.192,8742.011,8683.091,8729.962
2025-07-23,8722.402,8752.452,8660.271,8675.532
2025-07-24,8668.802,8782.432,8668.802,8782.432
2025-07-25,8788.693,8806.592,8754.022,8801.882
2025-07-28,8810.992,8848.032,8777.141,8845.732
2025-07-29,8835.681,8902.471,8788.831,8902.471
2025-07-30,8878.431,8882.652,8743.561,8819.692
2025-07-31,8799.601,8878.072,8737.711,8765.862
2025-08-01,8768.061,8817.742,8726.141,8785.391
2025-08-04,8734.702,8898.532,8720.202,8898.532
2025-08-05,8918.242,8962.942,8902.101,8962.942
2025-08-06,8957.011,9061.241,8944.072,9060.732
2025-08-07,9065.801,9086.692,9000.591,9062.771
2025-08-08,9039.982,9062.082,8997.662,9025.771
2025-08-11,9037.412,9178.382,9037.412,9170.502
2025-08-12,9171.272,9194.493,9100.802,9194.493
2025-08-13,9199.843,9328.123,9199.843,9324.473
2025-08-14,9331.513,9336.833,9164.563,9179.303
2025-08-15,9157.324,9374.513,9157.324,9374.513
2025-08-18,9431.883,9592.503,9425.633,9566.313
2025-08-19,9563.353,9655.963,9514.874,9595.694
2025-08-20,9548.714,9657.084,9486.264,9657.084
2025-08-21,9670.354,9700.554,9531.915,9584.424
2025-08-22,9579.195,9699.774,9579.195,9699.774
2025-08-25,9763.274,9877.035,9742.504,9845.804
2025-08-26,9815.514,9897.434,9785.325,9832.874
2025-08-27,9844.574,9934.473,9634.844,9634.844
2025-08-28,9620.874,9759.284,9441.944,9759.284
2025-08-29,9761.964,9793.204,9672.564,9731.774
2025-09-01,9772.545,9835.365,9725.885,9825.715
2025-09-02,9820.225,9821.406,9498.835,9581.565
2025-09-03,9606.395,9639.625,9394.125,9424.986
2025-09-04,9442.015,9501.286,9087.515,9229.536
2025-09-05,9243.966,9497.636,9195.866,9497.636
2025-09-08,9509.276,9603.026,9474.636,9594.447
2025-09-09,9562.657,9586.617,9426.587,9464.476
2025-09-10,9457.206,9562.315,9418.676,9485.645
2025-09-11,9470.616,9700.055,9387.676,9700.055
2025-09-12,9705.045,9786.955,9671.595,9719.595
2025-09-15,9734.415,9758.035,9689.075,9711.185
2025-09-16,9723.076,9828.685,9663.986,9828.685
2025-09-17,9821.255,9923.705,9797.435,9899.165
2025-09-18,9891.135,10040.025,9685.995,9794.335
2025-09-19,9786.475,9842.295,9675.616,9722.165
2025-09-22,9737.774,9783.125,9686.754,9783.125
2025-09-23,9788.305,9792.545,9459.486,9655.055
2025-09-24,9601.535,9802.765,9557.385,9802.735
2025-09-25,9780.875,9847.535,9740.045,9759.405
2025-09-26,9718.434,9759.684,9598.254,9598.254
2025-09-29,9609.674,9724.934,9548.695,9705.464
2025-09-30,9743.004,9802.714,9741.234,9776.844
2025-10-09,9826.195,9891.134,9791.314,9860.245
2025-10-10,9821.305,9845.635,9719.495,9744.305
2025-10-13,9359.385,9728.906,9359.385,9711.885
2025-10-14,9788.075,9830.905,9494.555,9529.455
2025-10-15,9544.425,9686.225,9459.285,9685.486
2025-10-16,9663.006,9673.176,9542.426,9573.226
2025-10-17,9562.907,9594.507,9279.766,9287.106
2025-10-20,9391.157,9457.617,9329.747,9390.447
2025-10-21,9411.717,9550.417,9378.117,9547.887
2025-10-22,9503.287,9563.026,9474.207,9509.847
2025-10-23,9484.647,9508.807,9348.377,9497.158
2025-10-24,9535.597,9619.908,9529.948,9619.717
2025-10-27,9692.107,9734.347,9636.567,9721.097
2025-10-28,9684.377,9782.427,9655.957,9719.026
2025-10-29,9714.997,9807.787,9688.457,9807.787
2025-10-30,9786.217,9790.887,9666.107,9674.747
2025-10-31,9671.297,9799.067,9671.297,9732.987
2025-11-03,9742.617,9791.346,9644.976,9791.266
2025-11-04,9772.836,9772.836,9598.796,9662.696
2025-11-05,9534.475,9742.455,9532.786,9711.465
2025-11-06,9730.645,9813.696,9706.125,9811.515
2025-11-07,9770.495,9840.354,9743.024,9784.064
2025-11-10,9819.554,9846.934,9761.985,9827.354
2025-11-11,9852.735,9876.285,9805.865,9821.884
2025-11-12,9796.235,9804.405,9664.764,9751.995
2025-11-13,9745.865,9892.845,9729.135,9876.865
2025-11-14,9792.255,9881.855,9771.285,9771.285
2025-11-17,9783.795,9826.235,9757.985,9805.265
2025-11-18,9779.105,9788.366,9649.565,9695.406
2025-11-19,9680.036,9713.645,9546.036,9593.956
2025-11-20,9645.516,9660.947,9509.327,9520.686
2025-11-21,9388.336,9446.826,9161.446,9161.506
2025-11-24,9222.886,9361.876,9176.447,9320.026
2025-11-25,9369.087,9546.637,9369.087,9467.637
2025-11-26,9447.757,9536.827,9434.737,9452.967
2025-11-27,9444.747,9557.247,9444.747,9468.667
2025-11-28,9466.537,9573.587,9441.686,9573.587
2025-12-01,9594.667,9653.797,9589.157,9647.577
2025-12-02,9619.387,9619.387,9531.137,9567.477
2025-12-03,9565.457,9581.697,9440.677,9474.037
2025-12-04,9465.667,9485.816,9369.307,9439.087
2025-12-05,9433.207,9592.197,9379.677,9592.197
2025-12-08,9616.926,9751.487,9616.926,9724.136
2025-12-09,9698.066,9759.546,9671.197,9681.766
2025-12-10,9661.016,9725.787,9610.926,9709.596
2025-12-11,9726.516,9730.626,9571.376,9571.376
2025-12-12,9566.696,9684.345,9539.656,9658.326
2025-12-15,9604.225,9685.025,9591.375,9598.555
2025-12-16,9586.245,9587.335,9380.255,9426.655
2025-12-17,9411.575,9554.035,9356.955,9541.385
2025-12-18,9481.035,9617.005,9476.705,9524.485
2025-12-19,9555.795,9651.885,9555.015,9622.465
2025-12-22,9661.255,9752.405,9660.825,9723.625
2025-12-23,9722.354,9753.064,9654.014,9692.474
2025-12-24,9683.514,9854.325,9680.334,9848.044
2025-12-25,9855.434,9978.155,9848.155,9965.004
2025-12-26,9961.224,10017.604,9892.164,9964.264
2025-12-29,9958.514,10002.814,9917.445,9958.914
2025-12-30,9906.563,10004.164,9897.303,9954.614
2025-12-31,9967.763,9989.623,9897.173,9955.853
2026-01-05,10003.673,10155.944,9981.203,10155.813
2026-01-06,10163.763,10293.143,10162.513,10293.143
2026-01-07,10293.623,10382.903,10277.663,10348.543
2026-01-08,10326.393,10487.603,10326.393,10468.513
2026-01-09,10471.623,10675.543,10471.623,10673.613
2026-01-12,10758.062,11000.312,10733.632,10985.022
2026-01-13,11015.583,11015.583,10750.593,10780.353
2026-01-14,10777.444,11071.194,10732.584,10881.053
2026-01-15,10782.234,10861.584,10703.824,10815.734
2026-01-16,10855.803,10890.633,10742.253,10813.633
2026-01-19,10773.853,10916.494,10764.003,10885.583
2026-01-20,10888.843,10925.893,10677.343,10757.623
2026-01-21,10695.153,10888.083,10681.592,10859.293
2026-01-22,10884.413,10955.562,10863.823,10955.562
2026-01-23,10989.653,11173.262,10974.043,11173.262
2026-01-26,11216.762,11230.613,10935.012,11021.312
2026-01-27,10962.292,11077.642,10771.412,11058.562
2026-01-28,11064.102,11101.203,10989.193,11049.323
2026-01-29,11019.133,11135.633,10905.444,10929.753
2026-01-30,10831.803,10923.523,10629.913,10865.033
2026-02-02,10763.133,10850.363,10532.093,10532.093
2026-02-03,10642.833,10856.733,10617.022,10855.973
2026-02-04,10828.053,10861.223,10720.904,10851.893
2026-02-05,10736.284,10784.124,10626.344,10670.754
2026-02-06,10567.114,10799.944,10534.273,10676.484
2026-02-09,10834.343,10910.813,10799.543,10910.444
2026-02-10,10917.063,10946.723,10854.773,10913.543
2026-02-11,10894.563,10970.133,10881.414,10882.944
2026-02-12,10901.303,11006.074,10860.423,10969.253
2026-02-13,10920.863,11008.113,10851.153,10857.592
2026-02-24,10991.392,11033.993,10872.663,10969.712
2026-02-25,10989.162,11135.182,10963.842,11112.992
2026-02-26,11131.721,11216.891,11083.001,11210.371
2026-02-27,11137.331,11307.231,11132.321,11306.911
2026-03-02,11167.241,11269.541,11077.911,11173.22
2026-03-03,11197.361,11211.621,10692.781,10706.97
2026-03-04,10562.04,10824.42,10562.04,10664.33
2026-03-05,10851.44,10867.24,10730.799,10797.259
2026-03-06,10734.849,10939.7,10731.329,10907.539
2026-03-09,10733.079,10857.049,10540.819,10828.239
2026-03-10,10921.888,11049.498,10921.888,11048.088
2026-03-11,11062.109,11113.819,10999.018,11036.888
2026-03-12,11025.538,11050.628,10873.828,10954.968
2026-03-13,10904.008,10955.609,10760.658,10784.548
2026-03-16,10777.158,10791.968,10627.438,10789.137
2026-03-17,10803.818,10808.387,10509.677,10510.778
2026-03-18,10549.978,10656.457,10471.448,10651.297
2026-03-19,10512.157,10539.467,10357.117,10401.617
2026-03-20,10450.527,10508.667,10197.016,10197.016
2026-03-23,9998.117,10099.147,9617.766,9682.617
2026-03-24,9868.407,9968.287,9652.787,9968.287
2026-03-25,10040.877,10213.617,10040.877,10181.337
2026-03-26,10170.927,10221.228,9990.287,10023.517
2026-03-27,9877.578,10214.938,9875.458,10172.448
2026-03-30,10055.498,10202.038,9998.018,10201.328
2026-03-31,10175.228,10252.917,10021.137,10022.448
2026-04-01,10212.358,10257.307,10130.868,10240.587
2026-04-02,10198.587,10239.407,9992.637,10051.438
2026-04-03,10091.568,10100.408,9900.378,9918.818
2026-04-07,9939.418,10063.248,9938.738,10019.028
2026-04-08,10225.498,10485.498,10225.498,10485.498
2026-04-09,10390.738,10473.318,10378.368,10421.568
2026-04-10,10496.007,10601.978,10496.007,10516.157
2026-04-13,10455.136,10558.916,10454.706,10547.157
2026-04-14,10625.747,10690.567,10575.517,10690.567
2026-04-15,10743.157,10767.417,10625.107,10654.266
2026-04-16,10673.126,10849.346,10645.937,10841.986
2026-04-17,10824.606,10959.116,10819.456,10928.795
2026-04-20,10931.215,11016.265,10922.515,11008.135
2026-04-21,10965.365,11001.285,10886.304,10996.895
2026-04-22,10944.924,11147.384,10944.924,11146.034
2026-04-23,11147.854,11163.024,10900.644,10980.423
2026-04-24,10922.823,10966.073,10817.762,10890.833
2026-04-27,10866.434,10972.974,10792.654,10943.394
2026-04-28,10902.534,10911.744,10748.004,10795.984
2026-04-29,10717.374,10959.884,10717.374,10930.004
2026-04-30,10936.884,11012.204,10910.424,10989.924
2026-05-06,11086.664,11282.504,11086.664,11246.164
2026-05-07,11279.334,11464.704,11250.034,11464.704
2026-05-08,11401.284,11559.434,11391.744,11540.904
2026-05-11,11624.624,11713.354,11559.204,11693.024
2026-05-12,11706.974,11706.974,11529.593,11623.904
2026-05-13,11555.004,11806.725,11553.804,11804.145
2026-05-14,11849.384,11852.145,11560.855,11560.855
2026-05-15,11571.955,11683.295,11388.895,11480.235
2026-05-18,11430.455,11576.395,11379.535,11516.995
2026-05-19,11487.995,11646.285,11383.025,11645.275
2026-05-20,11588.935,11639.975,11491.115,11627.764
2026-05-21,11675.744,11735.104,11200.584,11216.594
2026-05-22,11298.225,11508.115,11246.584,11480.495
2026-05-25,11555.805,11577.476,11411.156,11565.245
2026-05-26,11501.825,11501.825,11226.014,11391.345
2026-05-27,11374.196,11427.486,11096.515,11173.595
2026-05-28,11145.495,11356.455,11077.215,11329.205
2026-05-29,11365.885,11371.705,10903.705,10964.205
2026-06-01,10944.035,11108.615,10888.514,10903.085
2026-06-02,10915.025,10994.535,10684.855,10933.155
2026-06-03,10936.925,11118.535,10864.575,10976.385
2026-06-04,10857.745,10980.365,10853.915,10943.005
2026-06-05,10909.515,11088.515,10805.135,10903.995
2026-06-08,10539.565,10809.714,10424.455,10551.915
2026-06-09,10683.265,10835.675,10557.455,10834.585
2026-06-10,10717.415,10786.745,10530.175,10657.695
2026-06-11,10594.455,10679.945,10499.455,10601.905
2026-06-12,10765.155,10854.605,10619.365,10661.045
2026-06-15,10739.885,11055.236,10739.885,11055.236
2026-06-16,11061.976,11246.616,11031.045,11210.465
2026-06-17,11126.465,11277.936,11126.215,11254.665
2026-06-18,11214.465,11369.745,11196.295,11336.765
2026-06-22,11387.705,11451.295,11121.245,11451.226
2026-06-23,11431.095,11508.545,11227.085,11295.385
2026-06-24,11249.896,11402.066,11134.406,11394.356
2026-06-25,11402.196,11468.256,11287.726,11380.326
2026-06-26,11313.466,11324.596,11046.556,11088.796
2026-06-29,11103.516,11165.876,10826.956,11062.327
2026-06-30,11035.107,11340.806,10987.846,11335.647
2026-07-01,11353.626,11531.606,11342.266,11462.906
2026-07-02,11252.656,11492.186,11158.316,11192.786
2026-07-03,11194.466,11317.987,11104.416,11189.636
2026-07-06,11230.706,11272.977,10939.336,10990.096
2026-07-07,10943.727,11008.846,10674.237,10719.777
2026-07-08,10738.187,10750.327,10477.386,10485.817
2026-07-09,10529.667,10703.167,10277.237,10690.697
2026-07-10,10692.067,10898.077,10604.176,10604.176
2026-07-13,10522.076,10564.976,10020.646,10047.386
2026-07-14,10051.657,10214.837,9849.867,10204.297
2026-07-15,10239.527,10292.877,10048.487,10090.287
2026-07-16,9966.627,10136.127,9830.787,9880.067
2026-07-17,9839.287,9847.167,9246.297,9271.687
2026-07-20,9383.006,9438.616,8809.666,8982.836
2026-07-21,8999.336,9308.016,8571.196,9305.656
2026-07-22,9224.706,9359.466,9131.886,9187.616
2026-07-23,9188.716,9305.866,9134.576,9259.737
2026-07-24,9148.277,9230.447,8999.997,8999.997
2026-07-27,8978.537,9306.247,8969.067,9306.247
2026-07-28,9198.947,9293.717,9043.117,9085.657
2026-07-29,9079.407,9192.907,8918.447,9144.227
2026-07-30,9091.937,9164.546,8812.457,8866.237
2026-07-31,9082.337,9272.688,9082.337,9130.197
2026-08-03,9120.537,9200.117,9106.697,9163.447
2026-08-04,9233.346,9458.076,9201.926,9430.376
2026-08-05,9412.956,9737.756,9412.956,9707.006
2026-08-06,9654.636,9822.687,9652.237,9784.067
2026-08-07,9792.567,9971.877,9663.837,9971.297
2026-08-10,10022.097,10059.677,9912.247,10058.627
2026-08-11,10004.857,10113.556,9925.877,10004.477
2026-08-12,10013.926,10149.607,10004.876,10145.076
2026-08-13,10206.805,10248.425,10036.345,10036.345
2026-08-14,10075.776,10121.345,9973.246,10115.465
2026-08-17,10147.465,10367.555,10082.885,10367.555
