code,date,pct
000002,2026-09-18,0.0993
000002,2026-09-21,0.0994
000006,2026-05-12,0.1
000006,2026-05-18,0.0998
000006,2026-08-13,0.1
000007,2026-04-30,0.1
000007,2026-08-18,0.0997
000007,2026-08-20,0.1001
000008,2026-01-06,0.1014
000008,2026-03-30,0.1
000008,2026-03-31,0.101
000008,2026-07-14,0.1017
000009,2026-07-30,0.1
000009,2026-07-31,0.1007
000011,2026-07-23,0.0996
000011,2026-07-24,0.0999
000011,2026-08-28,0.0998
000011,2026-08-31,0.1005
000011,2026-09-08,0.0997
000012,2026-02-25,0.0998
000012,2026-05-21,0.0989
000012,2026-05-22,0.1
000012,2026-06-16,0.0998
000012,2026-06-22,0.1
000012,2026-06-30,0.1002
000014,2026-02-09,0.0999
000014,2026-03-10,0.0999
000014,2026-07-16,0.1001
000017,2026-06-29,0.101
000017,2026-06-30,0.1007
000017,2026-07-23,0.1008
000017,2026-08-20,0.1005
000017,2026-08-21,0.1006
000017,2026-08-24,0.0999
000017,2026-08-25,0.0997
000017,2026-08-26,0.1
000017,2026-08-27,0.1004
000017,2026-08-28,0.0999
000019,2026-04-07,0.0996
000019,2026-08-18,0.0995
000019,2026-09-01,0.1
000019,2026-09-09,0.1001
000020,2026-03-16,0.1001
000020,2026-03-17,0.0997
000020,2026-03-18,0.0998
000020,2026-03-19,0.1001
000020,2026-03-20,0.1
000020,2026-08-18,0.1004
000020,2026-08-19,0.1001
000020,2026-09-08,0.1004
000020,2026-09-21,0.1003
000021,2026-02-13,0.1002
000021,2026-05-18,0.1001
000021,2026-06-24,0.1
000021,2026-06-29,0.1
000021,2026-07-09,0.0999
000021,2026-07-21,0.0999
000025,2026-05-29,0.0997
000025,2026-06-10,0.0999
000025,2026-07-30,0.0999
000026,2026-04-13,0.0999
000026,2026-04-15,0.1
000026,2026-05-19,0.1
000026,2026-05-22,0.0999
000026,2026-06-30,0.1001
000026,2026-08-10,0.0998
000026,2026-08-17,0.0999
000029,2026-01-29,0.1002
000029,2026-05-11,0.1
000029,2026-05-12,0.1001
000029,2026-06-09,0.1
000029,2026-06-10,0.0998
000029,2026-06-16,0.1
000029,2026-08-17,0.1
000030,2026-03-31,0.101
000031,2026-01-20,0.1017
000031,2026-01-29,0.1003
000031,2026-06-01,0.0996
000032,2026-06-11,0.0997
000032,2026-06-12,0.1
000032,2026-06-15,0.0999
000032,2026-06-16,0.1
000032,2026-06-24,0.0998
000032,2026-07-31,0.0999
000034,2026-06-16,0.1002
000034,2026-06-25,0.1
000035,2026-02-27,0.1005
000035,2026-03-02,0.0999
000035,2026-03-24,0.1003
000035,2026-07-23,0.1002
000036,2026-01-21,0.0998
000036,2026-01-22,0.1005
000036,2026-02-25,0.0996
000036,2026-05-08,0.0996
000036,2026-07-14,0.0998
000037,2026-03-18,0.1002
000037,2026-03-26,0.1
000037,2026-03-31,0.0997
000037,2026-04-17,0.1004
000037,2026-05-29,0.1005
000037,2026-06-01,0.1
000037,2026-06-09,0.1005
000037,2026-07-17,0.1005
000037,2026-07-20,0.1
000037,2026-08-03,0.1004
000039,2026-02-03,0.0997
000039,2026-02-04,0.1003
000039,2026-04-29,0.1
000042,2026-03-17,0.0995
000042,2026-06-23,0.1
000045,2026-01-21,0.1
000045,2026-03-05,0.1
000045,2026-07-28,0.1006
000048,2026-01-20,0.1001
000048,2026-01-21,0.0999
000048,2026-03-18,0.1002
000048,2026-03-30,0.1002
000048,2026-06-01,0.0997
000048,2026-06-09,0.0997
000048,2026-06-10,0.0999
000048,2026-06-11,0.0998
000048,2026-06-16,0.1002
000048,2026-06-22,0.1002
000048,2026-06-25,0.1001
000048,2026-07-10,0.1
000048,2026-07-21,0.1001
000048,2026-07-31,0.1
000048,2026-08-04,0.0999
000048,2026-08-12,0.0998
000048,2026-09-10,0.1
000050,2026-06-17,0.0999
000055,2026-06-01,0.1012
000055,2026-06-02,0.0997
000055,2026-09-16,0.1009
000059,2026-08-19,0.0998
000059,2026-08-28,0.1008
000059,2026-09-08,0.1002
000060,2026-01-28,0.1
000060,2026-05-06,0.1007
000060,2026-05-22,0.1003
000060,2026-06-22,0.0999
000062,2026-03-11,0.0999
000062,2026-04-07,0.1001
000062,2026-04-22,0.1001
000062,2026-04-24,0.0999
000062,2026-04-27,0.0999
000062,2026-05-11,0.0999
000062,2026-06-02,0.1001
000062,2026-08-28,0.1
000063,2026-05-28,0.0999
000065,2026-03-24,0.0998
000065,2026-08-24,0.1003
000066,2026-01-12,0.0999
000066,2026-01-21,0.1
000066,2026-03-09,0.1001
000066,2026-04-30,0.0999
000066,2026-05-06,0.0999
000066,2026-05-07,0.1
000066,2026-07-06,0.0999
000068,2026-05-28,0.0986
000068,2026-06-05,0.0988
000068,2026-06-08,0.1011
000068,2026-07-01,0.0989
000070,2026-02-04,0.1001
000070,2026-02-10,0.1003
000070,2026-02-11,0.0999
000070,2026-02-12,0.0998
000070,2026-03-02,0.1002
000070,2026-03-25,0.0999
000070,2026-03-31,0.1001
000070,2026-04-09,0.1001
000070,2026-04-16,0.1001
000070,2026-05-07,0.1001
000070,2026-06-15,0.1
000070,2026-06-22,0.0999
000070,2026-06-23,0.1
000070,2026-08-25,0.0999
000090,2026-05-28,0.1006
000090,2026-05-29,0.1
000096,2026-03-02,0.1004
000096,2026-03-03,0.1003
000099,2026-06-12,0.0998
000100,2026-06-17,0.1011
000100,2026-06-25,0.101
000100,2026-06-30,0.1002
000151,2026-05-29,0.1
000151,2026-06-12,0.1002
000153,2026-08-18,0.1005
000155,2026-03-27,0.1001
000155,2026-04-02,0.0998
000155,2026-07-23,0.1003
000156,2026-02-10,0.0996
000158,2026-06-09,0.0976
000158,2026-09-01,0.0998
000159,2026-01-08,0.1002
000159,2026-01-23,0.1001
000159,2026-05-14,0.1006
000301,2026-03-03,0.1004
000301,2026-07-06,0.1004
000338,2026-05-06,0.1
000400,2026-01-19,0.1002
000402,2026-04-10,0.0988
000402,2026-04-13,0.1007
000402,2026-04-29,0.0992
000402,2026-04-30,0.1007
000402,2026-05-06,0.1009
000402,2026-09-21,0.0992
000403,2026-05-21,0.1
000404,2026-04-20,0.1003
000407,2026-01-22,0.0992
000407,2026-03-03,0.0994
000409,2026-01-14,0.1002
000409,2026-05-25,0.1005
000410,2026-08-12,0.0992
000410,2026-09-18,0.1008
000411,2026-06-15,0.1001
000415,2026-03-24,0.1
000417,2026-01-20,0.1004
000417,2026-05-18,0.1007
000417,2026-05-19,0.1004
000417,2026-05-20,0.1005
000417,2026-05-22,0.0999
000417,2026-07-09,0.1001
000417,2026-07-24,0.1003
000420,2026-03-12,0.1009
000421,2026-03-03,0.0996
000422,2026-02-24,0.0999
000425,2026-05-11,0.1003
000426,2026-01-05,0.1
000426,2026-01-26,0.1
000426,2026-04-08,0.1
000426,2026-07-21,0.0999
000428,2026-07-27,0.0987
000428,2026-07-28,0.0988
000428,2026-07-29,0.1008
000428,2026-07-31,0.0992
000428,2026-08-10,0.0992
000428,2026-08-25,0.0992
000428,2026-08-26,0.0995
000428,2026-09-04,0.1009
000428,2026-09-07,0.1002
000503,2026-01-09,0.1001
000503,2026-01-12,0.1005
000503,2026-07-28,0.0997
000504,2026-07-15,0.0995
000504,2026-07-16,0.0999
000504,2026-09-17,0.1004
000504,2026-09-18,0.1
000504,2026-09-21,0.0999
000504,2026-09-22,0.0999
000505,2026-08-17,0.0998
000505,2026-08-18,0.1005
000505,2026-08-19,0.1001
000505,2026-09-01,0.0994
000506,2026-01-19,0.0999
000506,2026-01-20,0.1002
000506,2026-01-21,0.1002
000506,2026-01-26,0.1001
000506,2026-01-27,0.0999
000506,2026-01-28,0.1001
000506,2026-01-29,0.0999
000506,2026-03-02,0.1
000506,2026-04-08,0.0999
000506,2026-05-26,0.1
000506,2026-06-12,0.1002
000506,2026-06-15,0.0998
000506,2026-07-02,0.1003
000506,2026-07-03,0.0999
000506,2026-07-08,0.1
000506,2026-07-22,0.0997
000506,2026-07-31,0.1
000506,2026-08-07,0.1001
000506,2026-08-10,0.0998
000509,2026-03-05,0.1
000509,2026-03-06,0.0992
000509,2026-03-20,0.0993
000509,2026-03-24,0.1002
000509,2026-05-07,0.1008
000509,2026-05-25,0.0995
000509,2026-05-26,0.0998
000509,2026-05-27,0.0992
000509,2026-05-28,0.0998
000509,2026-06-09,0.1009
000509,2026-09-18,0.0991
000510,2026-01-06,0.0998
000510,2026-01-21,0.1003
000510,2026-02-11,0.1001
000510,2026-02-27,0.1003
000510,2026-03-02,0.1
000510,2026-05-22,0.1001
000510,2026-05-25,0.0997
000510,2026-05-26,0.0998
000510,2026-06-01,0.1003
000510,2026-06-11,0.0999
000510,2026-06-12,0.0999
000510,2026-06-15,0.1002
000510,2026-06-22,0.1
000510,2026-07-21,0.1001
000510,2026-08-04,0.0998
000510,2026-08-05,0.1003
000516,2026-01-05,0.1002
000516,2026-01-06,0.0996
000516,2026-01-13,0.0996
000516,2026-01-14,0.0995
000516,2026-03-06,0.1011
000517,2026-02-04,0.1027
000517,2026-06-05,0.0984
000517,2026-06-08,0.0991
000517,2026-07-28,0.1012
000518,2026-05-20,0.1
000518,2026-05-21,0.0997
000518,2026-05-22,0.1013
000518,2026-05-25,0.0993
000518,2026-06-03,0.1008
000519,2026-06-22,0.0998
000520,2026-06-04,0.1
000520,2026-06-05,0.1005
000520,2026-06-15,0.1012
000520,2026-07-01,0.0992
000520,2026-07-02,0.1
000520,2026-08-17,0.099
000520,2026-08-20,0.0998
000521,2026-06-29,0.1002
000521,2026-07-01,0.0994
000523,2026-01-20,0.1013
000523,2026-08-20,0.0997
000523,2026-09-08,0.1
000523,2026-09-09,0.101
000524,2026-07-08,0.1006
000525,2026-02-09,0.0998
000525,2026-03-04,0.0998
000526,2026-07-21,0.1001
000526,2026-07-30,0.0999
000526,2026-08-18,0.1
000526,2026-08-19,0.0999
000530,2026-05-28,0.1005
000532,2026-01-09,0.0998
000532,2026-05-22,0.1
000532,2026-09-10,0.1
000532,2026-09-18,0.1002
000532,2026-09-21,0.1003
000533,2026-02-02,0.1002
000533,2026-02-03,0.0998
000533,2026-02-04,0.0996
000533,2026-02-12,0.0998
000533,2026-03-04,0.1002
000533,2026-03-05,0.1
000533,2026-03-06,0.0998
000533,2026-03-09,0.1001
000533,2026-03-16,0.1002
000533,2026-03-17,0.1002
000533,2026-05-13,0.0998
000533,2026-06-01,0.0997
000533,2026-07-23,0.1001
000533,2026-07-24,0.1002
000533,2026-07-27,0.1005
000533,2026-07-28,0.0999
000533,2026-08-03,0.0999
000533,2026-08-04,0.1004
000533,2026-08-26,0.1005
000534,2026-01-19,0.1002
000534,2026-02-03,0.1001
000534,2026-02-26,0.0999
000534,2026-03-06,0.1
000534,2026-03-09,0.0999
000534,2026-04-01,0.0999
000534,2026-04-08,0.1001
000534,2026-04-10,0.0999
000534,2026-06-18,0.0999
000536,2026-03-05,0.0998
000536,2026-05-21,0.1
000536,2026-06-04,0.1013
000536,2026-07-01,0.1015
000536,2026-07-02,0.1003
000536,2026-08-26,0.1012
000536,2026-09-01,0.1
000537,2026-03-10,0.1
000537,2026-03-11,0.0996
000537,2026-03-12,0.1003
000537,2026-03-24,0.1004
000537,2026-04-23,0.1001
000537,2026-08-10,0.1005
000539,2026-03-18,0.1
000539,2026-03-19,0.0998
000539,2026-03-24,0.1006
000539,2026-03-25,0.1003
000539,2026-04-21,0.0998
000539,2026-05-27,0.1004
000539,2026-05-28,0.0995
000539,2026-05-29,0.1004
000539,2026-06-01,0.1002
000539,2026-07-20,0.0998
000541,2026-06-16,0.0994
000545,2026-01-06,0.0986
000545,2026-02-24,0.0989
000545,2026-02-25,0.0997
000545,2026-03-06,0.0997
000545,2026-03-11,0.1006
000545,2026-06-15,0.1013
000545,2026-06-22,0.0996
000545,2026-07-01,0.1008
000545,2026-07-06,0.1016
000546,2026-02-26,0.0998
000546,2026-03-27,0.0998
000546,2026-04-16,0.0994
000546,2026-04-24,0.0998
000547,2026-02-03,0.0999
000547,2026-02-25,0.1001
000547,2026-05-08,0.1001
000547,2026-06-12,0.1002
000547,2026-07-10,0.0999
000551,2026-04-08,0.1002
000551,2026-04-29,0.0998
000551,2026-06-23,0.0999
000551,2026-06-29,0.1003
000551,2026-08-17,0.1
000553,2026-03-12,0.1003
000553,2026-03-27,0.1002
000553,2026-04-30,0.1
000553,2026-05-06,0.0997
000554,2026-01-29,0.0998
000554,2026-02-24,0.0996
000554,2026-03-02,0.1004
000554,2026-03-03,0.1004
000554,2026-07-14,0.1009
000555,2026-03-05,0.1001
000555,2026-07-21,0.0996
000558,2026-06-10,0.0989
000559,2026-02-10,0.1003
000560,2026-01-29,0.099
000560,2026-02-04,0.1006
000560,2026-02-25,0.1003
000560,2026-08-19,0.1019
000560,2026-08-25,0.1014
000560,2026-08-28,0.1
000560,2026-08-31,0.0985
000560,2026-09-01,0.1
000560,2026-09-04,0.1014
000560,2026-09-08,0.099
000560,2026-09-21,0.1
000560,2026-09-22,0.1003
000561,2026-01-23,0.1004
000564,2026-05-25,0.0976
000564,2026-06-16,0.1034
000564,2026-08-17,0.1
000564,2026-09-01,0.0993
000565,2026-01-23,0.1
000565,2026-04-27,0.1001
000565,2026-08-28,0.0997
000565,2026-09-09,0.0994
000565,2026-09-10,0.1001
000566,2026-06-23,0.0997
000566,2026-06-24,0.1005
000566,2026-06-29,0.0993
000566,2026-06-30,0.0991
000566,2026-07-01,0.1002
000566,2026-07-02,0.1002
000566,2026-07-15,0.1004
000566,2026-07-16,0.101
000566,2026-07-22,0.0992
000566,2026-07-27,0.0996
000566,2026-07-28,0.1
000566,2026-07-30,0.0998
000566,2026-08-25,0.0996
000566,2026-09-21,0.0998
000567,2026-04-29,0.0998
000567,2026-04-30,0.1007
000567,2026-08-28,0.1005
000568,2026-01-29,0.1
000570,2026-04-16,0.0995
000571,2026-02-09,0.0993
000571,2026-04-16,0.1006
000571,2026-05-18,0.0998
000571,2026-06-09,0.0998
000571,2026-06-22,0.1
000571,2026-06-23,0.0995
000571,2026-07-15,0.0997
000571,2026-08-03,0.1007
000572,2026-03-17,0.1
000572,2026-07-02,0.1008
000572,2026-09-14,0.099
000573,2026-01-28,0.0998
000573,2026-07-10,0.1015
000576,2026-07-02,0.0996
000576,2026-07-03,0.1
000576,2026-08-27,0.1004
000581,2026-02-25,0.1
000582,2026-05-08,0.0998
000586,2026-04-02,0.1001
000586,2026-04-03,0.1003
000586,2026-04-07,0.1002
000586,2026-04-08,0.1002
000586,2026-04-09,0.0998
000586,2026-04-20,0.1
000586,2026-05-19,0.1
000586,2026-06-02,0.0999
000586,2026-08-27,0.1
000590,2026-08-20,0.0999
000591,2026-01-14,0.1
000591,2026-01-23,0.1006
000591,2026-05-12,0.0996
000592,2026-01-23,0.1
000592,2026-01-27,0.0999
000592,2026-02-05,0.1005
000592,2026-03-25,0.1005
000592,2026-03-30,0.1004
000592,2026-03-31,0.0998
000592,2026-07-02,0.1007
000592,2026-08-27,0.1002
000592,2026-09-04,0.0999
000592,2026-09-16,0.0997
000593,2026-01-12,0.1002
000593,2026-01-13,0.1001
000593,2026-01-14,0.0998
000593,2026-01-23,0.0997
000593,2026-01-26,0.1
000593,2026-02-25,0.1003
000593,2026-02-27,0.0999
000593,2026-03-12,0.0998
000593,2026-04-16,0.1002
000593,2026-04-23,0.1003
000593,2026-04-27,0.0999
000593,2026-04-28,0.0999
000593,2026-06-15,0.1
000593,2026-07-06,0.0999
000593,2026-07-15,0.1
000593,2026-07-31,0.1001
000593,2026-08-03,0.0999
000593,2026-08-04,0.0999
000593,2026-08-05,0.1001
000593,2026-08-12,0.1001
000593,2026-08-13,0.1001
000595,2026-07-02,0.101
000595,2026-07-03,0.1005
000595,2026-07-22,0.1009
000595,2026-07-23,0.0996
000595,2026-07-24,0.0996
000595,2026-07-31,0.0994
000595,2026-08-03,0.0996
000595,2026-08-04,0.1007
000595,2026-09-22,0.0996
000596,2026-01-29,0.1
000596,2026-07-15,0.1
000596,2026-07-20,0.1
000596,2026-09-01,0.1
000597,2026-08-18,0.0998
000599,2026-01-28,0.0995
000600,2026-03-12,0.0997
000600,2026-05-19,0.1001
000600,2026-05-28,0.1
000600,2026-07-20,0.1005
000601,2026-03-06,0.1004
000601,2026-03-09,0.0993
000601,2026-03-18,0.0997
000601,2026-03-19,0.0996
000601,2026-03-20,0.1
000601,2026-03-24,0.0996
000601,2026-03-25,0.1005
000601,2026-05-12,0.1007
000601,2026-05-13,0.1001
000601,2026-05-27,0.0999
000601,2026-06-02,0.1004
000601,2026-07-01,0.1009
000601,2026-07-02,0.0994
000603,2026-01-23,0.1
000603,2026-01-26,0.1
000603,2026-01-28,0.1001
000603,2026-02-24,0.1
000603,2026-06-30,0.1
000603,2026-07-01,0.1
000603,2026-07-21,0.1003
000603,2026-07-22,0.0999
000603,2026-07-23,0.1001
000603,2026-08-05,0.1
000603,2026-08-07,0.1
000603,2026-08-21,0.1001
000607,2026-01-23,0.1004
000607,2026-01-29,0.1
000607,2026-09-21,0.0995
000607,2026-09-22,0.0993
000608,2026-05-27,0.1
000608,2026-05-29,0.101
000608,2026-06-05,0.0996
000608,2026-06-09,0.0997
000608,2026-06-18,0.1
000608,2026-07-23,0.0993
000608,2026-08-03,0.1
000612,2026-01-12,0.1
000612,2026-04-13,0.1002
000612,2026-06-22,0.0997
000617,2026-03-16,0.1002
000617,2026-03-19,0.0996
000620,2026-01-06,0.1018
000620,2026-01-07,0.099
000620,2026-01-16,0.1016
000620,2026-01-28,0.1006
000620,2026-03-16,0.0997
000620,2026-04-14,0.0989
000620,2026-05-06,0.1
000620,2026-06-08,0.1007
000620,2026-06-26,0.0997
000620,2026-06-30,0.1006
000620,2026-07-01,0.1
000620,2026-07-10,0.1
000620,2026-08-14,0.1018
000620,2026-08-18,0.1
000620,2026-08-24,0.1016
000620,2026-09-08,0.0993
000626,2026-03-11,0.1007
000626,2026-04-10,0.0996
000626,2026-06-01,0.1007
000626,2026-08-28,0.1006
000628,2026-01-08,0.1001
000628,2026-02-12,0.1001
000628,2026-02-27,0.1
000628,2026-04-30,0.1001
000628,2026-05-28,0.1001
000628,2026-08-21,0.0999
000628,2026-09-02,0.1
000629,2026-01-06,0.0997
000629,2026-01-26,0.1013
000630,2026-01-23,0.0994
000630,2026-01-26,0.1006
000630,2026-01-28,0.1001
000630,2026-01-29,0.1006
000630,2026-05-22,0.1003
000630,2026-06-12,0.1008
000631,2026-03-31,0.1005
000631,2026-06-11,0.0987
000635,2026-01-07,0.0999
000635,2026-02-24,0.0998
000635,2026-09-01,0.1006
000635,2026-09-02,0.0997
000636,2026-02-05,0.0999
000636,2026-02-24,0.1001
000636,2026-02-25,0.1
000636,2026-05-11,0.1001
000636,2026-05-19,0.0999
000636,2026-05-22,0.1
000636,2026-05-25,0.0999
000636,2026-05-28,0.1
000636,2026-06-09,0.0999
000636,2026-06-15,0.1
000636,2026-06-25,0.1
000636,2026-07-14,0.1
000636,2026-07-27,0.1
000636,2026-07-29,0.1
000636,2026-09-11,0.1
000637,2026-03-02,0.0994
000652,2026-04-07,0.0995
000656,2026-07-02,0.1028
000656,2026-07-03,0.1017
000656,2026-07-06,0.1
000656,2026-08-10,0.1026
000657,2026-01-21,0.1
000657,2026-01-26,0.1001
000657,2026-02-11,0.1
000657,2026-02-25,0.1
000657,2026-02-27,0.1
000657,2026-04-16,0.1
000657,2026-04-29,0.1
000657,2026-05-22,0.1
000657,2026-06-15,0.1
000657,2026-06-18,0.1
000657,2026-06-22,0.1
000657,2026-08-05,0.1
000659,2026-01-27,0.1004
000659,2026-02-11,0.1
000659,2026-03-25,0.1003
000659,2026-04-10,0.0997
000659,2026-05-08,0.1
000659,2026-07-28,0.0992
000659,2026-08-25,0.1004
000661,2026-02-25,0.1
000665,2026-08-12,0.0995
000668,2026-06-05,0.0999
000668,2026-07-23,0.1
000668,2026-07-24,0.1002
000668,2026-07-29,0.1003
000670,2026-01-20,0.0996
000670,2026-01-21,0.1
000670,2026-01-22,0.1005
000670,2026-03-20,0.0996
000670,2026-04-10,0.0999
000670,2026-05-22,0.1001
000670,2026-06-04,0.1001
000670,2026-06-09,0.0997
000670,2026-07-24,0.1007
000670,2026-08-17,0.1007
000670,2026-09-16,0.0994
000672,2026-05-11,0.1
000672,2026-05-12,0.0999
000672,2026-05-18,0.1001
000672,2026-06-17,0.1
000672,2026-07-09,0.0999
000676,2026-07-15,0.0992
000676,2026-07-16,0.1009
000676,2026-07-17,0.0997
000676,2026-07-27,0.1005
000676,2026-07-31,0.0999
000676,2026-09-22,0.1004
000678,2026-03-31,0.1001
000678,2026-05-08,0.1003
000678,2026-08-18,0.1005
000679,2026-06-16,0.1005
000679,2026-06-17,0.1003
000679,2026-09-08,0.1008
000681,2026-01-12,0.0999
000681,2026-01-13,0.0999
000681,2026-01-15,0.0999
000681,2026-02-10,0.0999
000681,2026-06-01,0.1
000681,2026-06-09,0.1
000682,2026-06-22,0.1003
000685,2026-05-18,0.1003
000688,2026-01-21,0.1001
000688,2026-03-24,0.1
000688,2026-04-13,0.0999
000688,2026-06-11,0.1
000688,2026-07-23,0.1001
000690,2026-03-25,0.1
000690,2026-04-21,0.1002
000691,2026-06-23,0.0999
000692,2026-03-26,0.1011
000692,2026-04-29,0.0998
000692,2026-05-28,0.0994
000692,2026-08-06,0.1013
000692,2026-08-12,0.099
000692,2026-08-13,0.0991
000695,2026-01-06,0.1002
000695,2026-03-27,0.1001
000695,2026-04-07,0.0997
000695,2026-05-20,0.0999
000695,2026-06-17,0.1004
000695,2026-08-13,0.1002
000695,2026-08-25,0.1004
000697,2026-05-07,0.1001
000700,2026-01-21,0.0999
000700,2026-05-07,0.0998
000700,2026-06-02,0.1
000700,2026-06-03,0.1002
000700,2026-06-15,0.1
000700,2026-07-02,0.0997
000702,2026-09-04,0.1002
000703,2026-03-05,0.1
000703,2026-03-23,0.1004
000703,2026-04-07,0.1002
000703,2026-07-14,0.0998
000710,2026-01-13,0.0997
000710,2026-05-08,0.1001
000710,2026-08-04,0.1
000710,2026-08-10,0.1002
000710,2026-08-20,0.0998
000710,2026-08-21,0.1003
000711,2026-09-01,0.1002
000712,2026-05-11,0.1003
000712,2026-08-05,0.0998
000712,2026-08-26,0.1005
000712,2026-08-27,0.1005
000712,2026-08-28,0.0997
000712,2026-08-31,0.1
000713,2026-08-18,0.0998
000713,2026-09-01,0.1002
000715,2026-04-21,0.1
000715,2026-04-23,0.0998
000715,2026-08-12,0.0994
000716,2026-04-29,0.0998
000716,2026-05-20,0.1006
000716,2026-08-18,0.1004
000716,2026-08-28,0.101
000718,2026-06-04,0.0985
000720,2026-01-16,0.0997
000720,2026-01-19,0.0989
000720,2026-03-06,0.1
000720,2026-03-24,0.1011
000720,2026-03-25,0.099
000720,2026-03-26,0.1011
000720,2026-03-27,0.0998
000720,2026-03-31,0.1008
000720,2026-04-02,0.0998
000720,2026-04-03,0.1
000720,2026-04-07,0.0993
000720,2026-05-07,0.1
000720,2026-05-08,0.1006
000720,2026-05-13,0.1002
000720,2026-05-28,0.0998
000720,2026-08-06,0.1008
000720,2026-08-12,0.1008
000720,2026-09-16,0.1003
000721,2026-07-30,0.1002
000721,2026-09-01,0.1
000722,2026-03-24,0.0997
000722,2026-03-25,0.0999
000722,2026-03-26,0.0999
000722,2026-06-01,0.1001
000722,2026-07-15,0.0999
000722,2026-07-17,0.1002
000722,2026-07-20,0.0998
000722,2026-09-10,0.1
000723,2026-02-04,0.1
000723,2026-08-19,0.0989
000723,2026-08-24,0.0989
000725,2026-05-21,0.1009
000725,2026-05-22,0.1002
000725,2026-06-04,0.1002
000725,2026-06-17,0.1
000727,2026-03-05,0.1008
000727,2026-04-08,0.1016
000727,2026-06-01,0.0985
000731,2026-02-27,0.1004
000731,2026-09-16,0.1006
000733,2026-06-04,0.1
000733,2026-06-15,0.1001
000733,2026-07-01,0.0999
000735,2026-08-17,0.0998
000735,2026-08-18,0.0996
000735,2026-09-04,0.1005
000735,2026-09-07,0.0995
000736,2026-06-16,0.1
000736,2026-07-29,0.1
000736,2026-08-12,0.1
000736,2026-08-19,0.1011
000737,2026-01-28,0.1
000737,2026-01-29,0.1
000737,2026-06-12,0.1
000737,2026-08-17,0.1001
000738,2026-01-19,0.1
000738,2026-01-27,0.0998
000738,2026-02-03,0.1
000739,2026-05-11,0.0999
000739,2026-08-04,0.1
000739,2026-08-07,0.1001
000751,2026-01-15,0.1002
000751,2026-01-23,0.1
000751,2026-01-26,0.0997
000751,2026-01-28,0.1006
000751,2026-02-25,0.0995
000751,2026-04-22,0.1009
000751,2026-06-12,0.0994
000751,2026-06-22,0.101
000751,2026-06-29,0.1009
000751,2026-08-05,0.1011
000753,2026-03-25,0.0994
000753,2026-03-30,0.1008
000753,2026-09-16,0.1
000756,2026-06-23,0.0998
000756,2026-06-29,0.1004
000756,2026-09-21,0.0997
000756,2026-09-22,0.1002
000757,2026-07-01,0.0997
000758,2026-01-28,0.1002
000758,2026-02-25,0.0997
000758,2026-06-12,0.0995
000759,2026-05-26,0.0996
000759,2026-05-27,0.0996
000759,2026-06-05,0.1004
000759,2026-06-08,0.1
000759,2026-06-12,0.1
000759,2026-06-29,0.0993
000759,2026-07-08,0.1002
000759,2026-07-14,0.0993
000759,2026-09-07,0.1006
000759,2026-09-08,0.1
000759,2026-09-09,0.1
000762,2026-04-02,0.0999
000762,2026-04-10,0.1
000762,2026-04-16,0.0999
000766,2026-01-12,0.0998
000766,2026-04-07,0.0999
000766,2026-06-25,0.1
000767,2026-02-06,0.0997
000767,2026-02-12,0.1003
000767,2026-03-26,0.0998
000767,2026-03-27,0.0994
000767,2026-05-12,0.0993
000767,2026-05-13,0.1011
000767,2026-05-29,0.1006
000767,2026-06-01,0.1004
000767,2026-07-20,0.0994
000768,2026-01-06,0.1
000768,2026-06-12,0.1001
000776,2026-06-22,0.0998
000777,2026-06-15,0.0999
000777,2026-06-16,0.1002
000777,2026-06-17,0.1002
000777,2026-06-29,0.1
000779,2026-07-17,0.0998
000779,2026-07-28,0.0999
000779,2026-08-11,0.1003
000779,2026-08-17,0.1004
000779,2026-08-25,0.1
000782,2026-04-16,0.1004
000782,2026-05-08,0.1003
000783,2026-04-30,0.1006
000783,2026-05-06,0.1001
000783,2026-06-22,0.0997
000783,2026-06-23,0.1
000783,2026-06-25,0.0997
000785,2026-01-12,0.1007
000785,2026-01-13,0.1006
000785,2026-04-15,0.102
000785,2026-06-08,0.1012
000788,2026-04-01,0.1007
000788,2026-04-02,0.1006
000788,2026-04-15,0.1008
000790,2026-04-30,0.1012
000791,2026-03-25,0.0999
000791,2026-04-13,0.1004
000791,2026-05-11,0.1
000791,2026-05-28,0.1
000791,2026-06-16,0.0995
000792,2026-01-05,0.1001
000795,2026-07-01,0.1006
000796,2026-08-25,0.1
000798,2026-01-07,0.0997
000798,2026-01-30,0.1
000798,2026-02-13,0.0997
000798,2026-08-28,0.1
000798,2026-09-04,0.0998
000798,2026-09-07,0.0996
000798,2026-09-09,0.0998
000799,2026-01-29,0.1
000799,2026-05-29,0.1
000801,2026-06-30,0.1003
000802,2026-04-21,0.1012
000802,2026-05-06,0.0998
000802,2026-08-10,0.1007
000802,2026-08-11,0.1
000802,2026-08-12,0.1006
000802,2026-08-13,0.1002
000803,2026-01-12,0.1001
000803,2026-01-19,0.1006
000803,2026-02-24,0.1006
000803,2026-07-23,0.1003
000807,2026-01-28,0.0999
000809,2026-05-20,0.1008
000810,2026-07-10,0.1003
000811,2026-02-03,0.1003
000811,2026-03-24,0.1002
000811,2026-04-08,0.1003
000811,2026-04-22,0.1001
000811,2026-05-11,0.1001
000811,2026-05-13,0.1
000811,2026-05-19,0.1
000811,2026-06-09,0.0999
000811,2026-06-15,0.1001
000811,2026-06-17,0.1
000811,2026-06-18,0.0999
000811,2026-06-22,0.1001
000811,2026-06-25,0.0978
000811,2026-06-30,0.1
000811,2026-07-09,0.1
000811,2026-08-04,0.0999
000811,2026-08-05,0.1001
000811,2026-08-17,0.1
000812,2026-09-14,0.1011
000813,2026-01-29,0.1003
000813,2026-06-23,0.1
000813,2026-09-03,0.1006
000815,2026-01-26,0.1003
000815,2026-01-28,0.1002
000815,2026-02-10,0.0999
000815,2026-03-05,0.1001
000815,2026-03-06,0.0998
000815,2026-03-09,0.0999
000815,2026-03-18,0.1003
000815,2026-03-19,0.1002
000815,2026-04-01,0.0999
000815,2026-04-16,0.1
000815,2026-05-06,0.0999
000815,2026-06-10,0.0997
000815,2026-07-20,0.0998
000815,2026-07-21,0.0998
000815,2026-07-22,0.1003
000815,2026-07-23,0.0998
000815,2026-07-31,0.1
000815,2026-08-03,0.1001
000815,2026-08-04,0.1
000816,2026-02-25,0.1008
000816,2026-09-07,0.1017
000818,2026-02-10,0.1001
000818,2026-03-06,0.1
000818,2026-04-29,0.0999
000818,2026-05-06,0.0999
000818,2026-05-07,0.1003
000818,2026-05-22,0.0999
000818,2026-06-24,0.0997
000818,2026-06-25,0.1003
000818,2026-06-30,0.1
000819,2026-04-21,0.0998
000820,2026-07-30,0.0997
000820,2026-07-31,0.1
000820,2026-08-03,0.0994
000820,2026-08-04,0.1008
000822,2026-02-05,0.0995
000822,2026-03-27,0.1007
000823,2026-05-07,0.0997
000823,2026-06-15,0.1002
000823,2026-06-17,0.1
000823,2026-06-22,0.1
000823,2026-06-24,0.1001
000823,2026-06-25,0.0999
000823,2026-06-26,0.1001
000823,2026-09-07,0.1001
000823,2026-09-10,0.1
000823,2026-09-11,0.1
000823,2026-09-14,0.1001
000829,2026-06-30,0.1001
000829,2026-07-16,0.1001
000829,2026-09-21,0.1002
000830,2026-04-07,0.0997
000831,2026-04-29,0.1
000831,2026-08-07,0.1
000831,2026-08-14,0.1
000833,2026-02-12,0.0999
000833,2026-03-06,0.0999
000833,2026-03-11,0.0999
000833,2026-04-30,0.0999
000833,2026-06-08,0.0999
000833,2026-06-22,0.0998
000833,2026-09-08,0.1002
000839,2026-01-22,0.1
000839,2026-02-10,0.101
000839,2026-02-13,0.1006
000839,2026-02-25,0.0991
000839,2026-03-10,0.1003
000839,2026-03-11,0.0994
000839,2026-05-08,0.1016
000839,2026-06-18,0.1004
000839,2026-07-22,0.1
000839,2026-08-06,0.1018
000839,2026-09-14,0.0989
000852,2026-08-18,0.1008
000852,2026-09-02,0.0998
000856,2026-02-03,0.0996
000858,2026-01-29,0.1
000859,2026-01-05,0.0998
000859,2026-01-07,0.0999
000859,2026-02-10,0.1
000859,2026-02-13,0.1002
000859,2026-03-25,0.1
000859,2026-05-20,0.1003
000859,2026-05-28,0.0996
000859,2026-06-30,0.0998
000859,2026-07-28,0.1004
000859,2026-08-10,0.1005
000859,2026-08-11,0.0997
000860,2026-01-29,0.0996
000862,2026-03-04,0.1004
000862,2026-03-09,0.1
000862,2026-03-20,0.1004
000862,2026-07-23,0.1004
000862,2026-07-27,0.1007
000863,2026-01-29,0.1002
000863,2026-03-31,0.1002
000863,2026-05-06,0.101
000863,2026-05-08,0.0996
000863,2026-07-01,0.1
000868,2026-09-14,0.1014
000868,2026-09-17,0.1003
000875,2026-01-14,0.1008
000875,2026-05-25,0.0994
000876,2026-07-01,0.1005
000876,2026-09-04,0.1
000878,2026-01-28,0.1002
000878,2026-01-29,0.1
000880,2026-01-21,0.1
000880,2026-01-22,0.0999
000880,2026-04-20,0.1
000880,2026-05-13,0.0999
000880,2026-05-20,0.1
000881,2026-06-03,0.1007
000882,2026-06-23,0.0977
000887,2026-07-09,0.1001
000887,2026-07-10,0.1
000887,2026-08-12,0.1001
000887,2026-08-13,0.0998
000889,2026-01-12,0.1006
000889,2026-03-25,0.0994
000889,2026-04-08,0.1012
000889,2026-04-09,0.1003
000889,2026-04-10,0.1013
000889,2026-04-14,0.0995
000889,2026-04-15,0.0998
000889,2026-04-24,0.1011
000889,2026-04-28,0.1009
000889,2026-05-06,0.0995
000889,2026-05-07,0.1008
000889,2026-05-13,0.1008
000889,2026-05-28,0.0997
000889,2026-06-18,0.1014
000889,2026-07-15,0.1003
000889,2026-07-20,0.0987
000889,2026-07-21,0.1014
000890,2026-01-12,0.1002
000890,2026-02-13,0.1004
000890,2026-02-24,0.0995
000890,2026-02-25,0.0995
000890,2026-02-26,0.1001
000890,2026-03-02,0.1005
000890,2026-03-04,0.1005
000890,2026-03-12,0.1004
000890,2026-03-13,0.1002
000890,2026-03-16,0.1001
000890,2026-03-17,0.1
000890,2026-03-27,0.1004
000890,2026-03-30,0.1001
000890,2026-04-07,0.0999
000890,2026-04-23,0.0997
000890,2026-05-20,0.1002
000890,2026-07-02,0.1
000890,2026-08-26,0.1007
000890,2026-08-27,0.1003
000890,2026-09-08,0.0996
000892,2026-01-12,0.1005
000892,2026-02-09,0.0999
000892,2026-02-10,0.1006
000892,2026-02-11,0.1003
000892,2026-04-08,0.1005
000892,2026-05-27,0.1002
000892,2026-07-02,0.1014
000892,2026-07-06,0.0994
000892,2026-07-09,0.1009
000892,2026-07-10,0.0995
000892,2026-07-16,0.0994
000892,2026-07-29,0.1003
000892,2026-07-31,0.1015
000892,2026-08-04,0.1003
000892,2026-08-31,0.0997
000892,2026-09-01,0.1
000892,2026-09-02,0.0994
000892,2026-09-04,0.1004
000899,2026-02-25,0.1003
000899,2026-02-26,0.1002
000899,2026-02-27,0.1002
000899,2026-03-11,0.1001
000899,2026-05-19,0.1
000899,2026-07-17,0.0997
000901,2026-01-08,0.1
000901,2026-01-29,0.0998
000901,2026-04-29,0.1
000901,2026-07-10,0.1
000905,2026-01-07,0.1002
000906,2026-04-24,0.1003
000908,2026-06-24,0.1
000908,2026-07-02,0.1004
000908,2026-07-03,0.1008
000908,2026-07-15,0.0997
000908,2026-08-06,0.0998
000910,2026-05-19,0.0997
000910,2026-09-18,0.1006
000910,2026-09-21,0.1002
000910,2026-09-22,0.1006
000912,2026-03-02,0.1008
000912,2026-04-07,0.1002
000912,2026-08-28,0.101
000912,2026-09-08,0.1
000912,2026-09-09,0.0994
000913,2026-03-31,0.1003
000917,2026-01-09,0.1004
000917,2026-01-12,0.1003
000917,2026-04-08,0.1004
000919,2026-04-07,0.1005
000919,2026-04-08,0.1
000919,2026-04-15,0.0999
000920,2026-03-05,0.1001
000920,2026-05-28,0.0999
000920,2026-06-09,0.1
000920,2026-06-29,0.1002
000920,2026-07-10,0.1001
000920,2026-07-13,0.1004
000920,2026-07-16,0.1003
000920,2026-09-17,0.1002
000921,2026-06-11,0.0998
000922,2026-05-11,0.0998
000925,2026-04-23,0.1
000925,2026-04-24,0.1005
000925,2026-04-27,0.1
000925,2026-05-12,0.1002
000925,2026-05-13,0.1004
000925,2026-06-24,0.1005
000925,2026-07-01,0.0996
000925,2026-08-24,0.1006
000925,2026-08-28,0.0996
000926,2026-05-20,0.1014
000926,2026-05-25,0.1019
000926,2026-05-29,0.1021
000927,2026-01-22,0.1007
000927,2026-03-25,0.1014
000927,2026-03-26,0.0987
000927,2026-03-31,0.0987
000928,2026-09-08,0.0996
000930,2026-09-08,0.1
000930,2026-09-09,0.0995
000931,2026-08-20,0.0998
000931,2026-08-21,0.0994
000931,2026-08-24,0.1002
000933,2026-07-10,0.1002
000935,2026-07-15,0.1001
000936,2026-04-17,0.1003
000936,2026-05-13,0.0996
000936,2026-08-12,0.0992
000936,2026-08-13,0.1007
000936,2026-08-14,0.0994
000938,2026-06-30,0.0998
000938,2026-07-06,0.1001
000938,2026-07-21,0.1
000948,2026-07-08,0.1003
000948,2026-07-28,0.1001
000949,2026-01-06,0.0993
000949,2026-01-19,0.1006
000949,2026-01-20,0.1003
000949,2026-03-10,0.1
000949,2026-04-20,0.0999
000950,2026-04-02,0.1
000950,2026-04-03,0.1002
000950,2026-05-12,0.1002
000950,2026-08-14,0.0997
000951,2026-07-02,0.1003
000951,2026-08-27,0.1002
000952,2026-01-05,0.0996
000952,2026-04-27,0.1003
000955,2026-06-17,0.0998
000955,2026-07-02,0.1009
000959,2026-06-29,0.099
000959,2026-07-15,0.1006
000960,2026-01-06,0.1001
000960,2026-02-27,0.0999
000960,2026-03-02,0.1001
000960,2026-06-02,0.1001
000960,2026-06-15,0.1001
000960,2026-06-22,0.0999
000962,2026-01-28,0.1
000962,2026-02-03,0.1001
000962,2026-02-11,0.1
000962,2026-02-12,0.0999
000962,2026-02-25,0.1001
000962,2026-04-08,0.1001
000962,2026-05-18,0.0999
000962,2026-05-22,0.1
000962,2026-06-22,0.1
000962,2026-06-25,0.1
000962,2026-08-04,0.1001
000962,2026-08-05,0.0999
000962,2026-08-27,0.1
000962,2026-09-14,0.1
000965,2026-03-26,0.1
000965,2026-08-31,0.1003
000966,2026-05-25,0.0992
000967,2026-04-14,0.0997
000967,2026-04-16,0.1002
000967,2026-04-28,0.1001
000967,2026-05-06,0.1002
000967,2026-05-07,0.0998
000967,2026-06-24,0.0998
000967,2026-06-30,0.1003
000967,2026-07-31,0.0994
000967,2026-08-03,0.1006
000968,2026-01-22,0.1005
000968,2026-02-24,0.1004
000968,2026-03-02,0.1
000968,2026-03-03,0.1004
000968,2026-03-19,0.0998
000968,2026-03-26,0.0996
000968,2026-04-02,0.0998
000968,2026-04-13,0.1005
000968,2026-07-14,0.1
000969,2026-01-09,0.1
000969,2026-01-12,0.1
000969,2026-06-12,0.0998
000970,2026-06-08,0.1002
000970,2026-06-10,0.1
000970,2026-06-16,0.0998
000970,2026-06-30,0.0999
000972,2026-07-02,0.1015
000972,2026-08-13,0.1009
000972,2026-09-09,0.1008
000973,2026-03-09,0.1002
000973,2026-04-24,0.1002
000973,2026-04-29,0.1003
000973,2026-07-07,0.1004
000973,2026-08-10,0.0997
000975,2026-07-03,0.0998
000975,2026-07-22,0.1001
000977,2026-07-08,0.1001
000977,2026-07-09,0.1
000977,2026-08-31,0.0999
000978,2026-03-25,0.0999
000978,2026-04-08,0.0997
000978,2026-09-07,0.0997
000978,2026-09-08,0.1003
000978,2026-09-09,0.0999
000978,2026-09-10,0.0999
000978,2026-09-14,0.1003
000980,2026-04-21,0.1019
000980,2026-04-29,0.101
000980,2026-04-30,0.1004
000980,2026-05-25,0.1008
000980,2026-06-15,0.1014
000980,2026-09-08,0.1018
000980,2026-09-09,0.0978
000980,2026-09-11,0.0984
000980,2026-09-14,0.0991
000980,2026-09-17,0.1023
000981,2026-01-06,0.1012
000981,2026-01-12,0.1009
000981,2026-01-14,0.101
000981,2026-08-05,0.1007
000981,2026-09-14,0.1004
000981,2026-09-17,0.0985
000983,2026-02-04,0.1001
000987,2026-01-09,0.0999
000987,2026-01-19,0.1
000987,2026-06-22,0.1003
000988,2026-02-24,0.1
000988,2026-05-18,0.1
000988,2026-05-25,0.1
000988,2026-06-29,0.1
000989,2026-07-13,0.1005
000990,2026-01-23,0.1004
000990,2026-03-12,0.1001
000990,2026-03-18,0.0999
000990,2026-04-07,0.0999
000990,2026-04-09,0.0996
000990,2026-04-22,0.1005
000993,2026-02-27,0.0998
000993,2026-03-25,0.1002
000993,2026-03-31,0.0998
000993,2026-05-13,0.1002
000993,2026-09-09,0.0997
000993,2026-09-10,0.1003
000993,2026-09-11,0.0998
000993,2026-09-14,0.1001
000993,2026-09-15,0.1002
000993,2026-09-16,0.1
000995,2026-01-29,0.1003
000995,2026-01-30,0.1001
000995,2026-02-02,0.0998
000995,2026-02-03,0.0999
000995,2026-05-25,0.0998
000995,2026-09-21,0.0996
000997,2026-05-22,0.1002
000997,2026-08-26,0.0999
000998,2026-08-18,0.1002
000998,2026-09-01,0.1004
001201,2026-09-21,0.0999
001202,2026-01-12,0.1002
001202,2026-01-13,0.1002
001202,2026-01-21,0.1003
001202,2026-01-22,0.1
001203,2026-01-21,0.1001
001203,2026-01-23,0.0999
001203,2026-02-25,0.0999
001203,2026-03-24,0.1
001203,2026-04-13,0.1
001203,2026-04-16,0.1001
001203,2026-04-29,0.0999
001206,2026-06-12,0.1003
001206,2026-06-23,0.1003
001206,2026-07-07,0.1002
001207,2026-01-16,0.1001
001207,2026-03-11,0.0999
001207,2026-05-11,0.0998
001207,2026-07-08,0.1
001207,2026-08-17,0.0999
001208,2026-01-08,0.0999
001208,2026-04-15,0.1003
001208,2026-07-08,0.1
001208,2026-07-10,0.0997
001208,2026-07-23,0.1002
001208,2026-08-03,0.0998
001209,2026-02-25,0.0999
001209,2026-02-26,0.1001
001209,2026-02-27,0.1001
001209,2026-09-16,0.1001
001210,2026-01-05,0.0998
001210,2026-01-06,0.0998
001210,2026-05-13,0.1
001210,2026-05-14,0.0999
001210,2026-06-01,0.1001
001210,2026-06-02,0.1
001210,2026-06-10,0.0998
001210,2026-06-26,0.1002
001210,2026-08-05,0.1
001210,2026-08-20,0.1002
001211,2026-04-10,0.1
001211,2026-04-24,0.1
001211,2026-04-27,0.1001
001211,2026-05-11,0.1001
001211,2026-05-12,0.1
001211,2026-07-20,0.1003
001211,2026-09-18,0.0999
001212,2026-01-15,0.1
001212,2026-06-03,0.1
001212,2026-09-14,0.0999
001212,2026-09-18,0.0999
001215,2026-01-08,0.0999
001215,2026-04-23,0.1001
001215,2026-04-30,0.1
001215,2026-06-09,0.1001
001215,2026-06-26,0.1
001216,2026-02-27,0.1001
001216,2026-03-06,0.1001
001216,2026-09-15,0.0997
001216,2026-09-16,0.0998
001216,2026-09-17,0.1002
001216,2026-09-18,0.1001
001216,2026-09-21,0.1001
001216,2026-09-22,0.1002
001217,2026-02-09,0.1001
001217,2026-02-11,0.0997
001218,2026-04-30,0.0999
001221,2026-05-11,0.1001
001221,2026-08-31,0.0999
001222,2026-08-10,0.0999
001222,2026-09-04,0.0997
001223,2026-01-06,0.0999
001223,2026-01-23,0.0999
001223,2026-02-04,0.1
001223,2026-05-13,0.1
001223,2026-05-14,0.0999
001223,2026-06-03,0.1
001223,2026-06-17,0.1
001223,2026-07-27,0.0999
001223,2026-07-31,0.1
001223,2026-08-03,0.1001
001223,2026-08-07,0.0999
001223,2026-09-15,0.1
001225,2026-01-05,0.1001
001225,2026-01-06,0.1
001225,2026-01-12,0.1
001225,2026-05-21,0.1001
001225,2026-05-22,0.1001
001225,2026-06-23,0.1
001225,2026-07-30,0.1
001225,2026-08-05,0.1
001226,2026-07-14,0.1001
001228,2026-01-14,0.1
001229,2026-04-20,0.0999
001229,2026-06-29,0.0999
001229,2026-06-30,0.0999
001229,2026-07-07,0.1
001229,2026-07-08,0.0999
001229,2026-07-24,0.0999
001229,2026-08-03,0.1
001229,2026-08-04,0.1001
001229,2026-08-17,0.1
001229,2026-08-18,0.0999
001229,2026-09-07,0.1001
001229,2026-09-18,0.1001
001230,2026-04-16,0.1
001230,2026-07-07,0.0997
001230,2026-07-16,0.1001
001231,2026-01-05,0.0998
001231,2026-01-06,0.0999
001233,2026-01-16,0.1
001233,2026-06-12,0.1
001233,2026-09-18,0.0999
001234,2026-04-22,0.1001
001234,2026-04-23,0.1001
001234,2026-04-24,0.0999
001234,2026-09-21,0.1001
001234,2026-09-22,0.1
001238,2026-06-08,0.1
001238,2026-09-18,0.0999
001239,2026-03-31,0.0999
001255,2026-01-06,0.1001
001255,2026-01-12,0.1001
001255,2026-01-13,0.1
001255,2026-01-14,0.1
001255,2026-01-15,0.0999
001255,2026-01-16,0.1
001256,2026-06-05,0.1002
001256,2026-06-15,0.0998
001256,2026-07-01,0.1
001257,2026-05-26,0.1001
001257,2026-05-27,0.0999
001257,2026-06-11,0.0999
001257,2026-06-12,0.0999
001257,2026-06-15,0.0999
001257,2026-06-16,0.1
001258,2026-03-09,0.0999
001258,2026-03-19,0.0998
001258,2026-03-23,0.1005
001258,2026-05-18,0.0996
001258,2026-07-16,0.0994
001258,2026-07-17,0.0997
001258,2026-07-20,0.1004
001258,2026-07-21,0.1
001258,2026-07-22,0.0999
001258,2026-07-23,0.0999
001258,2026-07-27,0.0998
001258,2026-08-10,0.1003
001258,2026-08-11,0.1001
001258,2026-08-26,0.1001
001259,2026-05-11,0.1001
001259,2026-05-12,0.1
001259,2026-05-13,0.1001
001259,2026-05-14,0.1
001259,2026-05-15,0.1
001259,2026-05-18,0.1
001259,2026-05-19,0.1001
001259,2026-05-20,0.1
001259,2026-06-03,0.1
001260,2026-01-13,0.0999
001260,2026-01-15,0.1002
001260,2026-03-12,0.1
001260,2026-08-12,0.1001
001260,2026-08-13,0.0999
001260,2026-08-14,0.0999
001260,2026-09-22,0.0998
001266,2026-02-09,0.0999
001266,2026-04-28,0.1001
001266,2026-04-29,0.0999
001266,2026-05-20,0.0999
001266,2026-06-16,0.1
001266,2026-08-04,0.1002
001266,2026-09-22,0.0999
001267,2026-01-27,0.0998
001267,2026-02-11,0.1
001267,2026-03-02,0.1
001267,2026-03-05,0.1
001267,2026-03-10,0.0999
001267,2026-04-08,0.1001
001267,2026-04-23,0.1
001267,2026-05-08,0.1
001267,2026-05-14,0.0999
001267,2026-07-27,0.1
001267,2026-07-31,0.1
001267,2026-08-04,0.1002
001267,2026-08-05,0.1001
001267,2026-08-06,0.1001
001267,2026-08-07,0.1
001267,2026-09-07,0.1
001268,2026-04-16,0.1
001268,2026-04-21,0.1
001268,2026-04-30,0.0999
001268,2026-06-11,0.0999
001268,2026-07-03,0.0999
001268,2026-08-24,0.1001
001268,2026-08-26,0.0999
001268,2026-09-22,0.1002
001269,2026-03-03,0.1002
001269,2026-04-10,0.1001
001269,2026-05-20,0.1002
001269,2026-05-29,0.0999
001269,2026-06-09,0.0999
001269,2026-07-01,0.1001
001270,2026-06-26,0.1
001270,2026-07-03,0.1
001277,2026-01-26,0.1
001277,2026-08-19,0.1001
001277,2026-08-20,0.1001
001278,2026-01-19,0.1001
001278,2026-03-16,0.0999
001278,2026-06-03,0.0999
001278,2026-09-02,0.1002
001279,2026-06-23,0.1002
001282,2026-03-04,0.1
001282,2026-06-17,0.1003
001283,2026-03-20,0.1
001283,2026-06-16,0.1
001283,2026-07-14,0.1001
001287,2026-03-18,0.1
001287,2026-04-08,0.1002
001287,2026-05-06,0.1002
001287,2026-07-06,0.1
001288,2026-01-22,0.1
001288,2026-01-26,0.1001
001288,2026-07-20,0.1001
001288,2026-08-28,0.1001
001296,2026-06-18,0.1001
001296,2026-06-22,0.1002
001296,2026-08-07,0.0998
001296,2026-09-07,0.1
001298,2026-04-28,0.1
001299,2026-03-03,0.1003
001299,2026-04-10,0.0998
001299,2026-04-13,0.0999
001299,2026-04-14,0.1003
001299,2026-05-27,0.1002
001299,2026-06-12,0.0998
001299,2026-09-03,0.0997
001299,2026-09-10,0.1005
001300,2026-08-10,0.0998
001301,2026-06-29,0.1
001301,2026-08-19,0.1001
001306,2026-07-03,0.0999
001309,2026-03-04,0.1
001309,2026-03-16,0.1
001309,2026-04-10,0.1
001309,2026-05-06,0.1
001309,2026-05-13,0.1
001309,2026-06-04,0.1
001309,2026-06-25,0.1
001309,2026-07-30,0.1
001309,2026-08-27,0.1
001311,2026-01-27,0.0999
001311,2026-07-07,0.1001
001313,2026-03-27,0.1004
001313,2026-05-13,0.0995
001313,2026-05-20,0.1
001313,2026-07-01,0.1001
001313,2026-07-02,0.1
001313,2026-08-12,0.1004
001314,2026-04-23,0.1
001314,2026-06-01,0.1
001314,2026-06-30,0.1
001316,2026-01-22,0.1
001316,2026-01-23,0.1
001316,2026-01-29,0.0999
001316,2026-02-03,0.1
001316,2026-03-25,0.1001
001316,2026-04-30,0.1
001316,2026-05-06,0.1
001316,2026-06-10,0.1
001317,2026-06-08,0.1
001317,2026-07-02,0.0999
001317,2026-07-03,0.0999
001317,2026-07-15,0.0999
001317,2026-07-27,0.1
001317,2026-09-18,0.1001
001317,2026-09-21,0.1
001317,2026-09-22,0.1001
001318,2026-07-29,0.1001
001318,2026-08-17,0.0997
001319,2026-07-02,0.1001
001322,2026-09-22,0.0997
001323,2026-07-29,0.0999
001326,2026-02-02,0.1001
001326,2026-02-09,0.1
001326,2026-03-06,0.1001
001326,2026-05-19,0.1
001326,2026-06-03,0.1
001326,2026-06-17,0.1
001326,2026-08-04,0.1001
001326,2026-09-02,0.1
001326,2026-09-16,0.0999
001328,2026-07-27,0.1001
001330,2026-01-13,0.1002
001330,2026-02-09,0.0999
001330,2026-02-10,0.0996
001330,2026-04-17,0.1003
001330,2026-06-12,0.0995
001330,2026-06-25,0.1
001330,2026-08-31,0.1
001330,2026-09-01,0.0998
001330,2026-09-07,0.1005
001331,2026-01-06,0.1
001331,2026-01-07,0.0999
001331,2026-01-19,0.1
001331,2026-05-11,0.1
001331,2026-05-26,0.1001
001331,2026-06-30,0.1001
001331,2026-07-01,0.1
001331,2026-08-03,0.0999
001331,2026-08-04,0.1
001332,2026-01-06,0.1
001332,2026-03-10,0.1
001332,2026-04-27,0.1
001332,2026-06-10,0.1001
001332,2026-09-18,0.1001
001333,2026-01-05,0.1
001333,2026-05-08,0.0999
001333,2026-05-15,0.1001
001333,2026-08-20,0.1001
001336,2026-04-29,0.0999
001337,2026-01-15,0.1
001337,2026-01-19,0.0999
001337,2026-01-21,0.1001
001337,2026-01-23,0.1001
001337,2026-01-26,0.0999
001337,2026-01-27,0.1001
001337,2026-01-28,0.1
001337,2026-02-24,0.0999
001337,2026-03-02,0.1001
001337,2026-04-08,0.1001
001337,2026-07-03,0.1001
001337,2026-07-23,0.1
001337,2026-08-05,0.0999
001338,2026-08-19,0.1006
001339,2026-02-26,0.1001
001339,2026-03-09,0.1
001339,2026-04-24,0.1
001339,2026-06-17,0.1
001339,2026-06-18,0.1
001339,2026-06-24,0.1
001339,2026-08-04,0.1
001356,2026-08-17,0.1006
001358,2026-04-28,0.1001
001358,2026-06-30,0.1
001358,2026-07-27,0.1001
001358,2026-07-28,0.1
001358,2026-07-29,0.0999
001358,2026-08-17,0.1001
001359,2026-02-11,0.1001
001359,2026-05-12,0.1001
001359,2026-06-12,0.1
001359,2026-06-15,0.1
001359,2026-06-22,0.1
001359,2026-06-24,0.1
001359,2026-07-31,0.1
001359,2026-08-05,0.0999
001360,2026-01-14,0.1002
001360,2026-01-21,0.1001
001360,2026-01-28,0.1
001360,2026-02-06,0.1
001360,2026-05-27,0.1
001360,2026-06-12,0.0998
001360,2026-08-20,0.1002
001366,2026-03-13,0.0998
001366,2026-04-20,0.0999
001366,2026-05-22,0.0999
001366,2026-05-26,0.0999
001366,2026-08-18,0.1003
001366,2026-09-02,0.1002
001366,2026-09-04,0.1004
001366,2026-09-07,0.1003
001367,2026-03-26,0.0999
001368,2026-02-02,0.1
001369,2026-03-11,0.1
001369,2026-03-17,0.0998
001369,2026-06-09,0.0998
001369,2026-07-17,0.1003
001373,2026-01-09,0.1001
001373,2026-01-22,0.1
001373,2026-09-21,0.1
001376,2026-01-15,0.1001
001376,2026-01-19,0.1002
001376,2026-01-22,0.1002
001376,2026-01-28,0.1002
001376,2026-01-29,0.1
001376,2026-02-11,0.0999
001376,2026-03-25,0.1003
001376,2026-05-26,0.1001
001376,2026-06-04,0.1002
001376,2026-07-28,0.0996
001376,2026-08-10,0.0997
001376,2026-08-28,0.0997
001376,2026-09-18,0.0999
001376,2026-09-21,0.1003
001378,2026-06-12,0.0999
001378,2026-07-02,0.1001
001378,2026-08-06,0.0999
001378,2026-09-16,0.1
001379,2026-01-22,0.1001
001382,2026-07-23,0.1003
001386,2026-01-29,0.1002
001387,2026-06-16,0.0997
001388,2026-07-13,0.1
001388,2026-07-14,0.1
001388,2026-07-15,0.0999
001388,2026-07-23,0.1002
001388,2026-08-04,0.1001
001388,2026-08-10,0.1
001389,2026-01-21,0.1
001389,2026-01-22,0.1
001389,2026-02-26,0.1
001389,2026-03-10,0.1
001389,2026-03-18,0.1
001389,2026-04-08,0.1
001389,2026-04-17,0.1
001389,2026-05-06,0.1
001389,2026-05-11,0.1
001389,2026-06-26,0.1
001389,2026-07-14,0.1
001389,2026-07-21,0.1
001389,2026-09-07,0.1
001389,2026-09-21,0.1
001395,2026-07-09,0.1002
001395,2026-07-10,0.0999
001395,2026-07-13,0.0999
001396,2026-02-24,0.1001
001396,2026-02-25,0.1001
001396,2026-03-04,0.0999
001396,2026-04-29,0.1001
001400,2026-01-06,0.1
001400,2026-01-07,0.1
001400,2026-01-08,0.1
001400,2026-01-09,0.1
001400,2026-01-14,0.1
001400,2026-01-23,0.1
001400,2026-02-03,0.1
001400,2026-02-26,0.1
001400,2026-03-02,0.1
001400,2026-03-06,0.1
001400,2026-03-10,0.1
001400,2026-03-18,0.1
001400,2026-03-25,0.1
001400,2026-03-30,0.1
001400,2026-04-17,0.1
001400,2026-04-20,0.1
001400,2026-06-05,0.1
001400,2026-06-26,0.1
001400,2026-07-03,0.1
001400,2026-07-31,0.1
001400,2026-08-19,0.1
001696,2026-03-06,0.0999
001696,2026-06-08,0.1
001696,2026-06-09,0.1003
001696,2026-06-11,0.1003
001696,2026-08-12,0.0999
001896,2026-01-12,0.1007
001896,2026-02-11,0.1007
001896,2026-02-12,0.0995
001896,2026-02-13,0.1001
001896,2026-02-24,0.0998
001896,2026-02-25,0.0997
001896,2026-02-26,0.0997
001896,2026-02-27,0.0998
001896,2026-03-06,0.0997
001896,2026-03-27,0.0997
001896,2026-04-15,0.1003
001896,2026-04-20,0.1001
001896,2026-05-19,0.0999
001896,2026-05-21,0.1001
001896,2026-06-03,0.1003
001896,2026-06-04,0.1001
001896,2026-06-09,0.1
001896,2026-07-15,0.1001
001896,2026-09-14,0.0999
002004,2026-01-14,0.101
002005,2026-08-12,0.1009
002005,2026-09-18,0.0992
002008,2026-02-26,0.1
002008,2026-04-08,0.1001
002008,2026-04-16,0.1
002008,2026-04-23,0.1
002008,2026-05-07,0.1
002008,2026-05-11,0.1
002008,2026-05-13,0.1
002008,2026-06-16,0.1
002008,2026-07-21,0.1
002008,2026-08-31,0.1
002009,2026-01-26,0.0998
002009,2026-01-27,0.1
002009,2026-01-30,0.1
002009,2026-02-06,0.1
002009,2026-02-13,0.1
002009,2026-05-08,0.1
002009,2026-06-30,0.1
002011,2026-09-07,0.1005
002012,2026-02-03,0.1003
002012,2026-05-25,0.0997
002012,2026-05-27,0.1003
002012,2026-07-24,0.0998
002012,2026-08-03,0.0998
002014,2026-06-23,0.0998
002015,2026-02-06,0.1004
002015,2026-02-09,0.1003
002015,2026-02-27,0.1002
002015,2026-03-06,0.1
002015,2026-03-09,0.0999
002015,2026-03-12,0.0999
002015,2026-05-06,0.1003
002015,2026-05-13,0.1002
002015,2026-07-31,0.0999
002015,2026-08-24,0.1004
002015,2026-09-01,0.0997
002017,2026-01-09,0.1
002017,2026-01-12,0.1
002017,2026-08-21,0.0999
002017,2026-08-24,0.0998
002020,2026-07-02,0.0998
002021,2026-01-19,0.0985
002021,2026-02-25,0.1015
002021,2026-06-15,0.0992
002021,2026-06-23,0.0988
002022,2026-01-26,0.0997
002022,2026-09-21,0.0998
002023,2026-01-08,0.1002
002023,2026-04-14,0.1
002023,2026-06-03,0.1001
002025,2026-01-06,0.1
002025,2026-01-08,0.1001
002025,2026-03-10,0.0999
002025,2026-04-07,0.1001
002025,2026-04-09,0.1
002025,2026-06-24,0.1001
002025,2026-06-25,0.1
002025,2026-07-06,0.1
002025,2026-08-18,0.1001
002028,2026-01-16,0.1
002028,2026-01-19,0.1
002028,2026-08-17,0.1
002029,2026-01-09,0.1003
002029,2026-04-27,0.0998
002029,2026-07-02,0.0999
002029,2026-07-27,0.1004
002029,2026-09-18,0.1002
002030,2026-01-26,0.1005
002030,2026-01-27,0.0999
002030,2026-05-08,0.0993
002030,2026-05-11,0.0994
002030,2026-05-18,0.0993
002030,2026-08-20,0.0994
002031,2026-05-07,0.0993
002031,2026-05-08,0.0997
002031,2026-05-15,0.0995
002031,2026-06-23,0.0995
002031,2026-08-11,0.0998
002031,2026-08-12,0.0993
002033,2026-04-15,0.0996
002033,2026-04-16,0.0996
002034,2026-05-13,0.0999
002036,2026-01-06,0.1001
002036,2026-05-21,0.0999
002036,2026-05-22,0.1004
002036,2026-06-30,0.1003
002036,2026-07-20,0.1008
002036,2026-07-21,0.1008
002036,2026-08-05,0.1001
002037,2026-04-07,0.0997
002037,2026-07-29,0.0998
002037,2026-08-07,0.1001
002038,2026-03-25,0.1004
002038,2026-03-27,0.0998
002038,2026-03-30,0.0998
002038,2026-04-02,0.1004
002038,2026-04-15,0.0995
002038,2026-06-23,0.0992
002038,2026-06-29,0.1006
002038,2026-07-10,0.1
002038,2026-08-20,0.1009
002038,2026-08-21,0.0994
002039,2026-04-09,0.0999
002040,2026-03-02,0.1002
002040,2026-03-03,0.1003
002040,2026-06-15,0.1002
002040,2026-08-19,0.0995
002040,2026-09-09,0.1003
002041,2026-01-30,0.1004
002041,2026-08-18,0.0999
002041,2026-08-24,0.1004
002041,2026-08-25,0.1001
002041,2026-09-01,0.1
002042,2026-03-27,0.0995
002042,2026-04-08,0.0995
002042,2026-07-06,0.0997
002042,2026-09-21,0.099
002044,2026-01-09,0.1005
002044,2026-01-12,0.0995
002044,2026-01-13,0.0994
002044,2026-01-14,0.0999
002044,2026-05-06,0.0994
002044,2026-08-10,0.0996
002045,2026-07-16,0.1003
002045,2026-07-29,0.0999
002045,2026-08-21,0.1002
002046,2026-01-09,0.1001
002046,2026-01-12,0.1
002046,2026-02-27,0.1
002046,2026-04-08,0.1
002046,2026-05-22,0.1
002046,2026-06-03,0.1
002046,2026-06-08,0.1
002046,2026-06-24,0.1
002046,2026-09-09,0.0999
002047,2026-06-16,0.101
002047,2026-06-23,0.0991
002047,2026-08-11,0.0988
002047,2026-08-12,0.1011
002047,2026-08-26,0.1
002048,2026-01-16,0.1001
002048,2026-06-09,0.1
002049,2026-01-15,0.1
002051,2026-04-02,0.0999
002051,2026-04-07,0.0997
002051,2026-04-08,0.1002
002051,2026-04-14,0.0996
002051,2026-04-15,0.0998
002051,2026-05-07,0.0998
002051,2026-05-25,0.1005
002051,2026-06-04,0.0997
002051,2026-06-09,0.0998
002051,2026-06-15,0.1004
002051,2026-06-24,0.1001
002051,2026-07-27,0.0996
002052,2026-05-06,0.1001
002052,2026-07-01,0.1004
002052,2026-08-06,0.1005
002052,2026-08-24,0.1006
002053,2026-06-30,0.0996
002053,2026-07-01,0.0997
002054,2026-01-14,0.0999
002054,2026-02-06,0.0996
002054,2026-02-09,0.1005
002056,2026-03-13,0.1
002056,2026-05-25,0.1001
002056,2026-05-28,0.0999
002056,2026-06-25,0.1002
002057,2026-06-09,0.1004
002057,2026-06-22,0.1002
002058,2026-06-16,0.1002
002058,2026-08-03,0.1
002059,2026-09-02,0.1006
002059,2026-09-03,0.101
002062,2026-04-16,0.0997
002062,2026-06-01,0.1006
002062,2026-07-15,0.1004
002063,2026-03-06,0.1005
002066,2026-05-11,0.0999
002066,2026-05-15,0.1
002066,2026-08-13,0.0998
002067,2026-05-19,0.1
002067,2026-07-03,0.0995
002067,2026-07-09,0.1005
002068,2026-03-09,0.1006
002068,2026-03-27,0.1005
002068,2026-06-01,0.1004
002068,2026-06-18,0.1
002068,2026-06-22,0.1005
002068,2026-06-23,0.1
002068,2026-06-25,0.1001
002068,2026-07-21,0.0995
002068,2026-09-08,0.1004
002068,2026-09-09,0.1
002068,2026-09-16,0.0998
002072,2026-01-05,0.0994
002072,2026-02-06,0.0995
002072,2026-05-20,0.1007
002072,2026-05-27,0.1006
002072,2026-06-04,0.1004
002072,2026-07-03,0.1005
002072,2026-08-26,0.1007
002072,2026-08-27,0.1001
002074,2026-04-10,0.1001
002075,2026-08-03,0.0989
002077,2026-01-21,0.1003
002077,2026-09-09,0.1001
002079,2026-02-09,0.0996
002079,2026-04-29,0.0997
002080,2026-01-28,0.0999
002080,2026-02-11,0.1
002080,2026-02-12,0.0999
002080,2026-04-13,0.1
002080,2026-05-06,0.1001
002080,2026-05-22,0.1
002080,2026-06-09,0.1
002080,2026-06-15,0.1
002080,2026-06-16,0.1
002080,2026-06-17,0.1
002080,2026-06-24,0.1
002080,2026-06-25,0.1
002080,2026-07-27,0.1
002080,2026-08-04,0.0999
002080,2026-08-05,0.1001
002080,2026-09-21,0.1
002081,2026-04-17,0.1009
002081,2026-04-20,0.0997
002081,2026-04-21,0.1005
002081,2026-04-22,0.1002
002081,2026-04-23,0.0992
002081,2026-04-28,0.0993
002081,2026-04-29,0.1006
002081,2026-04-30,0.1007
002081,2026-05-06,0.1
002081,2026-05-07,0.1002
002081,2026-05-12,0.1007
002081,2026-05-29,0.1
002081,2026-06-01,0.1006
002081,2026-06-10,0.1
002081,2026-08-12,0.1008
002081,2026-08-13,0.1007
002081,2026-08-14,0.0998
002081,2026-08-17,0.1002
002081,2026-08-25,0.1
002081,2026-08-31,0.1
002083,2026-01-05,0.1
002083,2026-03-24,0.1004
002083,2026-04-01,0.1003
002083,2026-04-14,0.0999
002083,2026-07-23,0.0998
002083,2026-07-24,0.1003
002083,2026-07-29,0.1
002084,2026-03-13,0.1
002084,2026-08-24,0.1003
002084,2026-08-25,0.1013
002084,2026-08-26,0.1011
002084,2026-08-27,0.1002
002084,2026-08-28,0.1006
002084,2026-08-31,0.1
002084,2026-09-01,0.1003
002084,2026-09-21,0.1007
002085,2026-06-12,0.1004
002086,2026-03-16,0.1013
002088,2026-01-12,0.1004
002088,2026-01-23,0.1
002088,2026-06-12,0.0995
002088,2026-07-23,0.1003
002090,2026-07-03,0.0998
002091,2026-05-08,0.1
002092,2026-01-06,0.0994
002092,2026-03-11,0.1005
002092,2026-04-07,0.0997
002093,2026-09-08,0.1001
002094,2026-08-25,0.1006
002094,2026-08-26,0.0992
002095,2026-02-26,0.1001
002095,2026-09-08,0.0998
002095,2026-09-16,0.1003
002098,2026-08-31,0.0999
002099,2026-02-06,0.0996
002099,2026-02-09,0.0999
002099,2026-02-26,0.0996
002099,2026-06-01,0.0996
002103,2026-01-12,0.1002
002104,2026-08-06,0.1001
002104,2026-09-01,0.1004
002104,2026-09-02,0.1002
002106,2026-06-15,0.1003
002106,2026-06-26,0.1
002106,2026-06-30,0.0998
002107,2026-04-09,0.1007
002107,2026-04-14,0.0997
002107,2026-08-28,0.1005
002107,2026-09-01,0.1
002108,2026-04-17,0.1006
002108,2026-05-11,0.1009
002111,2026-04-29,0.1002
002112,2026-01-07,0.1003
002112,2026-01-13,0.1001
002112,2026-01-14,0.1001
002112,2026-01-15,0.0998
002112,2026-01-19,0.1002
002112,2026-01-23,0.1001
002112,2026-02-02,0.1002
002112,2026-02-03,0.0999
002112,2026-02-06,0.1
002112,2026-03-09,0.0999
002112,2026-07-23,0.1
002112,2026-07-29,0.0999
002112,2026-08-10,0.1001
002114,2026-01-15,0.0997
002114,2026-01-28,0.1002
002114,2026-02-25,0.0999
002114,2026-05-13,0.0996
002114,2026-06-22,0.1001
002115,2026-01-09,0.1001
002115,2026-01-12,0.0999
002115,2026-01-13,0.1001
002115,2026-01-14,0.0999
002115,2026-01-27,0.1
002115,2026-04-27,0.0998
002115,2026-07-10,0.1005
002115,2026-07-31,0.0999
002119,2026-01-15,0.1003
002119,2026-01-16,0.1002
002119,2026-01-27,0.1
002119,2026-01-28,0.1002
002119,2026-04-07,0.1001
002119,2026-06-10,0.1001
002119,2026-06-11,0.1001
002119,2026-06-26,0.1001
002119,2026-06-30,0.1
002119,2026-08-05,0.1001
002120,2026-04-27,0.1001
002121,2026-05-18,0.0994
002121,2026-05-22,0.0996
002121,2026-07-10,0.101
002123,2026-05-19,0.0996
002123,2026-07-01,0.1001
002124,2026-04-13,0.1021
002124,2026-04-14,0.1004
002124,2026-04-15,0.1018
002124,2026-05-11,0.1008
002124,2026-05-14,0.1004
002124,2026-07-01,0.0995
002124,2026-08-18,0.1013
002124,2026-09-04,0.1
002125,2026-06-03,0.0997
002125,2026-06-10,0.1002
002126,2026-02-03,0.1
002126,2026-02-04,0.1001
002126,2026-05-20,0.1001
002127,2026-04-24,0.1
002127,2026-07-16,0.0986
002128,2026-07-14,0.1
002129,2026-02-04,0.0999
002129,2026-02-09,0.0998
002129,2026-05-27,0.0997
002129,2026-06-09,0.0998
002129,2026-06-26,0.1003
002129,2026-07-07,0.0998
002130,2026-01-15,0.1001
002131,2026-01-05,0.0993
002131,2026-01-09,0.1003
002131,2026-01-12,0.1005
002131,2026-01-13,0.0999
002131,2026-01-14,0.0997
002131,2026-02-12,0.1006
002131,2026-04-08,0.0996
002131,2026-07-31,0.0991
002131,2026-08-03,0.1009
002132,2026-04-07,0.1
002132,2026-05-08,0.1
002132,2026-06-03,0.101
002133,2026-08-31,0.0993
002134,2026-04-27,0.1
002134,2026-06-09,0.1
002134,2026-08-27,0.1001
002134,2026-09-18,0.0998
002135,2026-01-13,0.0996
002135,2026-05-19,0.1001
002136,2026-02-24,0.1003
002136,2026-04-29,0.0999
002136,2026-06-15,0.1002
002137,2026-01-30,0.0998
002137,2026-06-02,0.1001
002137,2026-06-03,0.1005
002137,2026-06-09,0.0999
002137,2026-06-15,0.1
002137,2026-07-07,0.1001
002137,2026-09-16,0.1007
002138,2026-06-05,0.1001
002138,2026-06-09,0.1001
002138,2026-07-21,0.1001
002138,2026-09-07,0.1
002141,2026-01-22,0.0997
002141,2026-02-26,0.1
002141,2026-06-09,0.099
002141,2026-06-16,0.0989
002141,2026-06-17,0.1003
002141,2026-06-18,0.1005
002141,2026-06-23,0.1
002141,2026-06-25,0.1008
002141,2026-06-26,0.0992
002141,2026-07-03,0.1006
002141,2026-07-06,0.0992
002141,2026-07-14,0.0991
002141,2026-07-15,0.1
002141,2026-07-27,0.0998
002141,2026-07-29,0.0995
002141,2026-08-10,0.0998
002141,2026-08-31,0.1008
002141,2026-09-14,0.0994
002141,2026-09-22,0.1007
002144,2026-07-10,0.1001
002146,2026-01-07,0.0994
002146,2026-08-12,0.1043
002148,2026-07-03,0.1007
002149,2026-01-22,0.1
002149,2026-01-23,0.1
002149,2026-03-26,0.1
002149,2026-04-14,0.1001
002149,2026-04-20,0.1
002149,2026-04-30,0.0999
002149,2026-05-06,0.1
002150,2026-01-23,0.1
002150,2026-01-27,0.0999
002150,2026-02-06,0.1
002150,2026-03-11,0.1001
002150,2026-03-12,0.1001
002150,2026-03-17,0.1
002150,2026-03-20,0.1
002150,2026-03-23,0.1001
002150,2026-04-09,0.1
002150,2026-05-19,0.0999
002151,2026-01-05,0.0999
002151,2026-01-06,0.1001
002151,2026-01-12,0.1
002152,2026-07-08,0.1004
002153,2026-01-14,0.0997
002153,2026-01-15,0.1002
002153,2026-08-10,0.0998
002154,2026-04-27,0.0992
002155,2026-01-26,0.1001
002155,2026-01-27,0.1001
002155,2026-01-28,0.1
002155,2026-01-29,0.1001
002155,2026-01-30,0.0999
002155,2026-02-03,0.1
002155,2026-02-27,0.1001
002155,2026-03-02,0.1
002155,2026-04-08,0.1002
002155,2026-08-27,0.1002
002155,2026-09-09,0.1002
002156,2026-01-16,0.1
002156,2026-01-21,0.1
002156,2026-05-06,0.1001
002156,2026-05-25,0.0999
002156,2026-06-03,0.0999
002156,2026-07-09,0.1
002156,2026-07-21,0.1
002156,2026-08-17,0.1001
002157,2026-04-14,0.1009
002158,2026-04-30,0.1
002158,2026-05-06,0.1
002158,2026-05-20,0.1002
002158,2026-06-18,0.0999
002158,2026-07-27,0.1002
002159,2026-02-10,0.1
002159,2026-06-18,0.1003
002160,2026-01-06,0.1008
002160,2026-01-28,0.1008
002160,2026-03-30,0.1002
002160,2026-06-16,0.1007
002161,2026-06-17,0.1002
002161,2026-07-01,0.1004
002161,2026-09-11,0.0999
002161,2026-09-16,0.0997
002161,2026-09-18,0.1002
002162,2026-01-09,0.0994
002162,2026-02-26,0.1006
002162,2026-03-04,0.0995
002162,2026-07-14,0.1009
002162,2026-09-09,0.1
002163,2026-01-19,0.1
002164,2026-06-08,0.0998
002164,2026-08-12,0.1
002165,2026-01-20,0.0996
002165,2026-01-21,0.0998
002165,2026-01-26,0.0999
002165,2026-01-30,0.0999
002165,2026-02-03,0.1004
002165,2026-02-24,0.1002
002165,2026-03-06,0.1
002165,2026-03-13,0.1
002165,2026-05-14,0.0995
002165,2026-06-10,0.0994
002165,2026-06-11,0.1
002165,2026-07-23,0.1
002165,2026-08-17,0.1003
002165,2026-08-28,0.0999
002167,2026-02-27,0.1003
002167,2026-03-04,0.0999
002167,2026-06-03,0.1001
002167,2026-06-18,0.1003
002167,2026-06-22,0.0998
002167,2026-06-23,0.0998
002167,2026-06-24,0.0999
002167,2026-06-30,0.1002
002167,2026-07-01,0.1001
002167,2026-07-21,0.0999
002169,2026-01-28,0.1003
002169,2026-02-13,0.0999
002169,2026-05-20,0.1002
002169,2026-08-31,0.1001
002171,2026-01-12,0.0999
002172,2026-01-13,0.1005
002172,2026-08-12,0.0997
002172,2026-08-13,0.1013
002172,2026-08-14,0.0993
002172,2026-08-17,0.0991
002172,2026-08-20,0.099
002172,2026-08-24,0.099
002172,2026-09-01,0.0998
002172,2026-09-07,0.0998
002172,2026-09-08,0.0994
002172,2026-09-14,0.1009
002172,2026-09-21,0.1004
002173,2026-01-05,0.1
002173,2026-01-06,0.1002
002173,2026-01-07,0.0999
002173,2026-01-08,0.0999
002173,2026-01-09,0.1
002173,2026-05-19,0.1001
002173,2026-07-16,0.1003
002173,2026-07-23,0.1003
002173,2026-07-27,0.0999
002173,2026-07-28,0.1
002173,2026-08-04,0.0999
002174,2026-04-29,0.1005
002174,2026-06-15,0.1002
002174,2026-07-27,0.0999
002174,2026-08-13,0.1003
002174,2026-09-10,0.1
002176,2026-02-25,0.0997
002176,2026-03-27,0.1005
002176,2026-04-24,0.1002
002176,2026-04-29,0.0998
002176,2026-08-03,0.0999
002177,2026-01-06,0.0998
002177,2026-02-27,0.0999
002177,2026-03-11,0.0999
002177,2026-04-10,0.0997
002178,2026-03-04,0.1005
002178,2026-05-19,0.1004
002178,2026-08-12,0.0994
002178,2026-09-21,0.0996
002178,2026-09-22,0.1004
002179,2026-05-11,0.0999
002180,2026-06-26,0.0998
002180,2026-06-29,0.1003
002180,2026-08-06,0.1
002181,2026-01-09,0.1004
002181,2026-01-12,0.1002
002181,2026-01-14,0.1
002181,2026-01-20,0.1003
002181,2026-01-29,0.0996
002181,2026-02-10,0.0998
002181,2026-04-07,0.0996
002181,2026-04-08,0.0999
002181,2026-04-27,0.0997
002181,2026-04-30,0.1001
002181,2026-05-06,0.1001
002181,2026-05-15,0.1
002181,2026-05-26,0.1002
002181,2026-06-01,0.0999
002181,2026-09-01,0.0999
002182,2026-02-27,0.0999
002182,2026-06-30,0.1004
002182,2026-08-05,0.0997
002183,2026-01-22,0.1002
002183,2026-05-07,0.0998
002183,2026-05-13,0.0996
002183,2026-06-05,0.1005
002184,2026-07-01,0.1004
002185,2026-01-21,0.1001
002185,2026-01-27,0.0998
002185,2026-05-25,0.0998
002185,2026-05-26,0.1002
002185,2026-07-07,0.0998
002185,2026-07-09,0.1001
002185,2026-09-18,0.1001
002187,2026-01-09,0.1
002187,2026-01-19,0.0995
002188,2026-04-08,0.0998
002189,2026-07-24,0.1002
002190,2026-05-12,0.1001
002190,2026-06-12,0.1
002190,2026-08-27,0.1
002192,2026-03-24,0.1001
002192,2026-03-25,0.1
002192,2026-03-26,0.1001
002192,2026-03-27,0.1
002192,2026-04-24,0.0999
002192,2026-04-29,0.1
002192,2026-04-30,0.1
002192,2026-06-24,0.1
002192,2026-08-21,0.1
002194,2026-01-14,0.1001
002194,2026-04-22,0.1002
002194,2026-05-07,0.1004
002194,2026-06-05,0.0996
002194,2026-06-16,0.1003
002194,2026-08-06,0.1003
002194,2026-08-07,0.1001
002194,2026-08-11,0.1
002194,2026-09-08,0.1003
002195,2026-01-05,0.1001
002195,2026-01-06,0.1
002195,2026-01-07,0.1002
002195,2026-01-08,0.0996
002195,2026-01-12,0.1005
002195,2026-01-14,0.1001
002195,2026-03-05,0.0998
002195,2026-07-28,0.0998
002196,2026-01-16,0.1
002196,2026-01-21,0.1001
002196,2026-05-15,0.1003
002196,2026-06-23,0.1002
002197,2026-01-06,0.0999
002197,2026-07-21,0.1007
002197,2026-07-22,0.0994
002197,2026-07-23,0.1004
002197,2026-07-31,0.0998
002199,2026-07-23,0.1005
002199,2026-07-24,0.0997
002199,2026-07-28,0.1004
002199,2026-07-29,0.1002
002199,2026-08-04,0.1
002200,2026-06-12,0.1002
002200,2026-07-01,0.1
002201,2026-01-08,0.0999
002201,2026-01-14,0.1002
002201,2026-01-19,0.0998
002201,2026-01-20,0.1002
002201,2026-01-22,0.1
002201,2026-01-26,0.1
002201,2026-04-21,0.1003
002201,2026-04-22,0.0998
002201,2026-06-17,0.1
002201,2026-09-02,0.1002
002201,2026-09-10,0.1004
002201,2026-09-11,0.1002
002202,2026-01-06,0.0999
002202,2026-01-07,0.1
002202,2026-01-08,0.1
002202,2026-01-09,0.0999
002202,2026-01-12,0.0999
002202,2026-01-23,0.1
002202,2026-06-30,0.0999
002202,2026-07-10,0.0999
002203,2026-01-09,0.1002
002203,2026-04-17,0.0999
002203,2026-05-06,0.1001
002203,2026-05-28,0.1002
002203,2026-06-11,0.1002
002203,2026-06-12,0.1
002203,2026-06-18,0.1
002203,2026-07-21,0.1002
002204,2026-09-10,0.1009
002208,2026-01-16,0.1004
002208,2026-01-20,0.1003
002208,2026-02-12,0.1003
002208,2026-05-12,0.1002
002208,2026-05-13,0.1002
002208,2026-05-14,0.1
002208,2026-05-18,0.1002
002208,2026-05-19,0.0998
002208,2026-06-10,0.0999
002208,2026-06-29,0.0999
002208,2026-06-30,0.1001
002208,2026-07-09,0.1001
002208,2026-07-24,0.1003
002209,2026-04-16,0.1
002209,2026-08-21,0.1003
002210,2026-04-27,0.1004
002210,2026-04-28,0.0985
002210,2026-04-29,0.0997
002210,2026-05-06,0.1007
002210,2026-05-28,0.1004
002212,2026-07-28,0.1009
002212,2026-07-29,0.1
002212,2026-08-06,0.1001
002212,2026-08-11,0.0997
002212,2026-08-28,0.1
002212,2026-09-14,0.0996
002213,2026-04-08,0.1001
002213,2026-04-09,0.1002
002213,2026-04-14,0.0999
002213,2026-04-16,0.1001
002213,2026-06-04,0.1001
002213,2026-07-21,0.0999
002213,2026-07-22,0.1
002213,2026-08-05,0.0998
002213,2026-09-15,0.1
002214,2026-08-05,0.1
002214,2026-08-06,0.1003
002215,2026-06-12,0.0999
002216,2026-02-27,0.1
002218,2026-01-14,0.0994
002218,2026-01-15,0.1002
002218,2026-01-23,0.1008
002218,2026-01-26,0.1007
002218,2026-01-27,0.0998
002218,2026-02-04,0.1
002218,2026-02-09,0.0994
002218,2026-03-23,0.1002
002218,2026-03-24,0.1002
002218,2026-03-31,0.1
002218,2026-04-28,0.1002
002218,2026-07-23,0.1009
002218,2026-07-24,0.0995
002218,2026-09-11,0.0998
002219,2026-01-13,0.1013
002219,2026-01-14,0.1
002219,2026-01-19,0.0983
002219,2026-07-10,0.1
002219,2026-08-13,0.1013
002222,2026-03-24,0.1
002222,2026-03-30,0.1
002222,2026-04-03,0.1
002222,2026-05-08,0.1
002222,2026-08-05,0.1
002225,2026-06-09,0.101
002226,2026-05-19,0.0993
002229,2026-03-09,0.1002
002229,2026-04-14,0.0999
002229,2026-05-06,0.1001
002229,2026-06-01,0.0999
002229,2026-07-23,0.1001
002229,2026-08-11,0.1003
002229,2026-08-12,0.0997
002229,2026-08-17,0.1003
002229,2026-08-28,0.1003
002232,2026-07-01,0.1003
002232,2026-09-14,0.1001
002232,2026-09-15,0.1001
002235,2026-01-14,0.0997
002235,2026-03-05,0.1005
002235,2026-03-16,0.0999
002235,2026-04-30,0.1002
002235,2026-06-01,0.1
002235,2026-07-27,0.1006
002235,2026-07-31,0.1
002235,2026-08-11,0.1002
002237,2026-01-26,0.1
002237,2026-01-28,0.1002
002237,2026-04-16,0.0999
002237,2026-06-29,0.1001
002238,2026-02-03,0.0999
002238,2026-09-22,0.0995
002240,2026-01-21,0.0999
002240,2026-03-27,0.1
002240,2026-04-13,0.1
002240,2026-04-24,0.1
002240,2026-04-30,0.0999
002240,2026-06-09,0.1
002240,2026-06-24,0.1001
002240,2026-07-23,0.1002
002242,2026-04-20,0.0997
002242,2026-04-23,0.1003
002242,2026-07-27,0.1004
002242,2026-09-11,0.1006
002243,2026-07-14,0.0995
002244,2026-08-12,0.1005
002245,2026-05-06,0.1002
002245,2026-05-22,0.1003
002245,2026-05-26,0.0999
002245,2026-07-06,0.0998
002245,2026-07-14,0.1001
002245,2026-07-21,0.1003
002246,2026-05-19,0.1001
002246,2026-08-11,0.0999
002246,2026-09-21,0.1001
002248,2026-01-08,0.1001
002248,2026-02-12,0.0997
002248,2026-03-11,0.1003
002248,2026-08-10,0.0996
002248,2026-08-11,0.1005
002248,2026-08-12,0.1004
002249,2026-07-03,0.1004
002250,2026-01-08,0.1001
002250,2026-07-02,0.1
002250,2026-07-14,0.0999
002251,2026-05-26,0.1008
002251,2026-05-27,0.1012
002251,2026-05-29,0.0991
002251,2026-06-05,0.0995
002253,2026-06-26,0.1002
002254,2026-01-05,0.0998
002254,2026-02-11,0.1
002254,2026-03-12,0.1004
002254,2026-05-12,0.0998
002254,2026-05-14,0.0997
002254,2026-05-22,0.0986
002254,2026-06-05,0.0999
002254,2026-06-08,0.0998
002254,2026-06-09,0.1001
002254,2026-06-11,0.1
002254,2026-06-17,0.1001
002254,2026-06-24,0.1002
002254,2026-06-25,0.0998
002255,2026-06-29,0.0998
002256,2026-03-17,0.1005
002256,2026-03-20,0.1005
002256,2026-04-22,0.1
002256,2026-05-08,0.1
002256,2026-06-10,0.1008
002256,2026-08-11,0.0997
002258,2026-01-19,0.1001
002258,2026-06-22,0.0997
002258,2026-07-02,0.1002
002258,2026-07-30,0.0999
002258,2026-08-17,0.1001
002259,2026-01-05,0.1005
002259,2026-01-29,0.1006
002259,2026-04-17,0.0996
002259,2026-05-08,0.0998
002259,2026-08-25,0.0997
002259,2026-09-21,0.0998
002259,2026-09-22,0.0996
002261,2026-02-27,0.1
002261,2026-03-06,0.1
002261,2026-03-09,0.1001
002261,2026-06-10,0.1
002263,2026-03-26,0.1012
002263,2026-03-27,0.1
002263,2026-03-31,0.1
002263,2026-04-02,0.1
002263,2026-04-10,0.1011
002263,2026-04-16,0.1
002263,2026-05-28,0.1008
002263,2026-06-09,0.1011
002263,2026-06-15,0.1008
002264,2026-01-14,0.1001
002264,2026-01-15,0.1001
002264,2026-02-05,0.0997
002264,2026-09-08,0.0999
002265,2026-03-24,0.1001
002265,2026-03-27,0.1002
002265,2026-07-24,0.1001
002265,2026-09-02,0.1001
002266,2026-01-22,0.0993
002267,2026-03-03,0.0998
002268,2026-07-01,0.1
002269,2026-04-01,0.1018
002270,2026-01-19,0.0999
002270,2026-02-11,0.1
002270,2026-06-12,0.1
002270,2026-07-03,0.0999
002270,2026-07-27,0.1003
002272,2026-02-09,0.1001
002272,2026-02-12,0.1002
002272,2026-02-26,0.1002
002272,2026-03-04,0.1003
002272,2026-03-27,0.1003
002272,2026-05-06,0.1
002272,2026-05-18,0.0998
002272,2026-05-19,0.1
002272,2026-05-20,0.1001
002272,2026-05-22,0.1002
002273,2026-04-08,0.0999
002273,2026-05-22,0.1001
002273,2026-06-30,0.1002
002273,2026-07-01,0.1001
002273,2026-07-21,0.1002
002274,2026-04-07,0.0998
002274,2026-07-09,0.0992
002274,2026-09-02,0.1005
002274,2026-09-08,0.1003
002277,2026-01-07,0.0994
002277,2026-05-14,0.0995
002277,2026-06-29,0.1007
002277,2026-07-01,0.1002
002277,2026-08-24,0.1009
002278,2026-01-09,0.0997
002278,2026-02-04,0.1002
002278,2026-03-16,0.1
002279,2026-01-08,0.0995
002279,2026-01-21,0.1005
002279,2026-01-22,0.0997
002279,2026-06-01,0.1008
002279,2026-07-28,0.1003
002279,2026-08-28,0.0998
002281,2026-01-14,0.1
002281,2026-03-10,0.1
002281,2026-04-09,0.1
002281,2026-04-17,0.1
002281,2026-05-08,0.1
002281,2026-05-11,0.1
002281,2026-05-19,0.1
002281,2026-06-15,0.1
002281,2026-06-18,0.1
002281,2026-07-09,0.1
002281,2026-08-04,0.1
002281,2026-08-07,0.1
002281,2026-09-07,0.1
002281,2026-09-16,0.1
002283,2026-01-22,0.0994
002283,2026-02-24,0.1005
002283,2026-02-26,0.1005
002283,2026-05-06,0.0997
002283,2026-06-18,0.1004
002283,2026-07-03,0.0999
002284,2026-08-18,0.1001
002285,2026-03-17,0.1
002285,2026-09-08,0.1017
002285,2026-09-16,0.1014
002285,2026-09-17,0.1004
002285,2026-09-18,0.0989
002285,2026-09-21,0.1003
002286,2026-01-06,0.1003
002286,2026-02-04,0.1003
002286,2026-02-26,0.1005
002286,2026-07-29,0.0999
002286,2026-09-08,0.0999
002289,2026-08-04,0.1001
002289,2026-08-10,0.1
002289,2026-08-17,0.0999
002290,2026-01-14,0.1
002290,2026-01-21,0.1
002290,2026-03-10,0.1
002290,2026-04-24,0.1001
002290,2026-05-06,0.1
002290,2026-05-13,0.1
002290,2026-06-30,0.1
002290,2026-09-07,0.1001
002290,2026-09-22,0.1
002291,2026-01-20,0.1001
002291,2026-01-27,0.0996
002291,2026-02-02,0.1
002291,2026-02-05,0.0998
002291,2026-08-04,0.0992
002291,2026-09-01,0.1007
002292,2026-02-10,0.1001
002292,2026-07-03,0.0996
002292,2026-07-27,0.1007
002294,2026-03-10,0.1
002294,2026-03-27,0.1001
002294,2026-07-03,0.0999
002295,2026-08-26,0.1003
002295,2026-09-01,0.1005
002295,2026-09-08,0.1003
002295,2026-09-09,0.0997
002296,2026-01-09,0.1
002296,2026-02-09,0.1003
002297,2026-01-22,0.0997
002297,2026-04-13,0.1002
002297,2026-04-14,0.1002
002297,2026-04-15,0.1001
002297,2026-04-16,0.0999
002297,2026-04-17,0.1001
002297,2026-04-20,0.1001
002297,2026-04-28,0.0999
002297,2026-05-25,0.1001
002297,2026-06-18,0.1001
002297,2026-06-22,0.1001
002297,2026-09-02,0.1001
002297,2026-09-03,0.1
002298,2026-03-10,0.1002
002298,2026-05-07,0.1
002298,2026-07-23,0.1001
002298,2026-07-24,0.1005
002298,2026-07-29,0.1004
002298,2026-08-10,0.1001
002298,2026-09-18,0.1002
002300,2026-02-04,0.1001
002300,2026-03-09,0.0998
002300,2026-04-20,0.1003
002300,2026-05-12,0.1
002300,2026-07-23,0.1007
002300,2026-07-24,0.1008
002300,2026-08-10,0.1003
002300,2026-09-02,0.0994
002300,2026-09-03,0.0996
002300,2026-09-16,0.0997
002300,2026-09-18,0.1003
002301,2026-04-23,0.1004
002301,2026-06-15,0.1005
002301,2026-09-22,0.0996
002302,2026-02-10,0.0998
002302,2026-08-06,0.0996
002303,2026-06-16,0.0997
002303,2026-06-25,0.101
002303,2026-07-15,0.1011
002303,2026-07-24,0.1012
002303,2026-08-04,0.1009
002303,2026-08-31,0.1006
002303,2026-09-16,0.1008
002303,2026-09-21,0.1
002303,2026-09-22,0.1005
002304,2026-01-29,0.1
002309,2026-02-09,0.0994
002309,2026-03-20,0.1012
002309,2026-03-23,0.0997
002309,2026-03-24,0.1002
002309,2026-03-25,0.0998
002309,2026-03-30,0.0993
002309,2026-04-02,0.0993
002309,2026-04-20,0.1005
002309,2026-05-14,0.1
002309,2026-07-15,0.1004
002309,2026-07-27,0.1007
002309,2026-07-28,0.1013
002310,2026-01-14,0.1022
002310,2026-03-16,0.0993
002310,2026-03-19,0.101
002310,2026-03-20,0.1013
002310,2026-03-23,0.1006
002310,2026-03-27,0.1003
002310,2026-04-07,0.0989
002310,2026-05-13,0.099
002310,2026-06-30,0.1014
002310,2026-07-15,0.1024
002310,2026-07-27,0.1005
002310,2026-07-28,0.0996
002312,2026-02-24,0.1
002312,2026-06-22,0.0998
002312,2026-09-08,0.1001
002313,2026-04-24,0.1005
002313,2026-04-28,0.1
002313,2026-07-01,0.0997
002313,2026-08-20,0.1003
002313,2026-09-22,0.1006
002314,2026-04-14,0.1004
002314,2026-06-02,0.1008
002316,2026-01-08,0.0996
002316,2026-01-09,0.1002
002316,2026-01-12,0.0998
002316,2026-03-24,0.0994
002317,2026-01-05,0.1001
002317,2026-05-07,0.0998
002317,2026-05-08,0.1
002317,2026-06-18,0.0999
002317,2026-06-29,0.1
002317,2026-07-10,0.1002
002319,2026-01-19,0.1004
002319,2026-07-21,0.1005
002321,2026-04-13,0.1019
002321,2026-09-17,0.101
002321,2026-09-21,0.1005
002322,2026-08-13,0.1002
002322,2026-08-14,0.1003
002324,2026-01-05,0.1001
002324,2026-01-06,0.1001
002324,2026-01-07,0.1003
002324,2026-01-08,0.1
002324,2026-04-20,0.0997
002326,2026-02-06,0.1002
002326,2026-07-01,0.1002
002328,2026-03-27,0.1
002328,2026-04-09,0.1006
002328,2026-04-10,0.1001
002328,2026-04-14,0.1004
002328,2026-06-01,0.0996
002328,2026-08-31,0.0996
002328,2026-09-03,0.1002
002329,2026-07-01,0.1011
002329,2026-07-06,0.101
002329,2026-08-10,0.1016
002329,2026-08-11,0.1009
002329,2026-08-12,0.0995
002329,2026-08-13,0.1
002331,2026-01-16,0.0998
002331,2026-04-20,0.1005
002331,2026-04-24,0.0999
002333,2026-04-16,0.0998
002333,2026-08-19,0.1007
002334,2026-02-04,0.1005
002334,2026-05-11,0.0998
002335,2026-03-10,0.1001
002335,2026-05-07,0.1
002335,2026-06-15,0.1001
002338,2026-04-21,0.0999
002338,2026-07-28,0.1
002339,2026-01-16,0.0998
002339,2026-01-19,0.1004
002339,2026-01-23,0.0996
002339,2026-02-02,0.1
002339,2026-02-06,0.1
002339,2026-03-04,0.1001
002339,2026-03-05,0.0997
002339,2026-03-18,0.1003
002339,2026-07-23,0.1
002339,2026-09-17,0.1003
002340,2026-02-11,0.0995
002342,2026-01-08,0.1003
002342,2026-01-09,0.1002
002342,2026-01-12,0.1002
002342,2026-01-13,0.1002
002342,2026-01-21,0.1003
002342,2026-01-22,0.1001
002342,2026-01-23,0.0999
002342,2026-01-28,0.0999
002342,2026-02-03,0.1003
002342,2026-02-04,0.0999
002342,2026-03-31,0.1001
002342,2026-04-08,0.1002
002342,2026-04-09,0.1002
002342,2026-04-21,0.1002
002342,2026-05-07,0.1
002342,2026-06-29,0.1005
002342,2026-07-10,0.1004
002343,2026-09-08,0.0995
002345,2026-02-06,0.0998
002345,2026-06-12,0.1003
002345,2026-08-10,0.1001
002346,2026-05-12,0.0999
002346,2026-06-16,0.1002
002346,2026-06-22,0.0998
002346,2026-07-09,0.0998
002346,2026-07-10,0.0998
002346,2026-07-31,0.1002
002346,2026-08-05,0.1001
002346,2026-09-14,0.0999
002348,2026-02-25,0.1003
002348,2026-04-07,0.0997
002348,2026-04-08,0.1006
002348,2026-04-29,0.0997
002348,2026-05-15,0.1002
002348,2026-05-28,0.1
002348,2026-08-04,0.0998
002348,2026-08-05,0.0998
002349,2026-08-28,0.1004
002349,2026-09-01,0.1
002349,2026-09-08,0.1007
002349,2026-09-09,0.0998
002349,2026-09-21,0.0997
002350,2026-02-26,0.1002
002350,2026-02-27,0.1
002350,2026-03-03,0.1001
002350,2026-03-10,0.0997
002350,2026-03-24,0.1002
002350,2026-05-07,0.1
002350,2026-05-28,0.0999
002350,2026-07-08,0.1
002350,2026-07-16,0.1
002353,2026-01-14,0.1
002353,2026-04-08,0.1
002353,2026-06-04,0.1
002353,2026-07-03,0.1
002353,2026-07-23,0.1
002353,2026-07-27,0.1
002353,2026-08-17,0.1
002354,2026-04-29,0.0998
002354,2026-05-18,0.0994
002354,2026-06-05,0.1008
002354,2026-06-08,0.1006
002354,2026-06-09,0.0996
002354,2026-06-10,0.1005
002354,2026-06-18,0.0996
002354,2026-06-22,0.0996
002354,2026-06-24,0.0999
002354,2026-06-26,0.0996
002354,2026-07-02,0.1
002354,2026-07-31,0.0997
002354,2026-08-03,0.0998
002354,2026-08-04,0.1006
002354,2026-08-28,0.0994
002355,2026-01-06,0.1002
002355,2026-02-04,0.1003
002355,2026-02-05,0.1
002355,2026-02-13,0.1001
002355,2026-03-05,0.1006
002355,2026-05-06,0.1
002355,2026-08-05,0.1002
002356,2026-02-27,0.099
002356,2026-03-02,0.0995
002356,2026-06-01,0.1007
002357,2026-02-05,0.0999
002357,2026-03-04,0.1001
002357,2026-07-14,0.0999
002357,2026-08-12,0.1002
002357,2026-09-08,0.1004
002358,2026-01-16,0.1007
002358,2026-01-19,0.1008
002358,2026-01-20,0.1
002358,2026-02-02,0.1007
002358,2026-02-24,0.1
002358,2026-07-23,0.1
002361,2026-01-08,0.0999
002361,2026-02-03,0.1004
002361,2026-02-05,0.1001
002361,2026-02-06,0.1004
002361,2026-03-26,0.1003
002361,2026-03-27,0.1
002361,2026-03-30,0.0997
002361,2026-03-31,0.1
002361,2026-04-08,0.1003
002361,2026-04-15,0.1003
002361,2026-04-20,0.1003
002361,2026-04-21,0.0999
002361,2026-06-05,0.1001
002361,2026-06-08,0.0999
002361,2026-07-10,0.1003
002361,2026-08-03,0.1003
002361,2026-08-04,0.1001
002362,2026-06-08,0.1002
002362,2026-06-09,0.1001
002362,2026-09-15,0.0999
002363,2026-04-10,0.1003
002364,2026-02-03,0.1001
002364,2026-02-12,0.1
002364,2026-04-09,0.0999
002364,2026-04-10,0.0999
002364,2026-04-13,0.0999
002364,2026-04-14,0.0999
002364,2026-05-06,0.1
002364,2026-05-13,0.1
002364,2026-06-15,0.1
002364,2026-06-24,0.1001
002364,2026-07-09,0.1001
002364,2026-07-27,0.1001
002364,2026-08-04,0.1001
002365,2026-07-15,0.1001
002365,2026-07-16,0.1002
002365,2026-07-27,0.0997
002365,2026-08-18,0.0997
002365,2026-08-20,0.0998
002365,2026-09-08,0.0999
002366,2026-01-08,0.0996
002366,2026-06-29,0.0994
002366,2026-08-03,0.0993
002366,2026-08-26,0.1005
002367,2026-06-22,0.0993
002367,2026-09-21,0.0998
002369,2026-08-06,0.1
002370,2026-03-30,0.0995
002370,2026-06-23,0.0996
002370,2026-06-29,0.1004
002370,2026-08-10,0.1004
002371,2026-07-21,0.1
002374,2026-05-15,0.0991
002374,2026-05-18,0.1014
002374,2026-06-23,0.1
002374,2026-07-24,0.0996
002375,2026-05-13,0.0998
002375,2026-05-19,0.0993
002375,2026-08-31,0.1
002376,2026-08-06,0.1008
002377,2026-07-03,0.1004
002377,2026-09-09,0.1014
002377,2026-09-10,0.1016
002378,2026-01-26,0.1001
002378,2026-02-11,0.0999
002378,2026-02-12,0.0999
002378,2026-02-25,0.1
002378,2026-02-26,0.1001
002378,2026-02-27,0.1
002378,2026-04-29,0.0999
002378,2026-06-11,0.1001
002379,2026-07-13,0.1003
002379,2026-07-14,0.1
002379,2026-07-23,0.1001
002379,2026-08-12,0.1
002380,2026-03-02,0.1
002380,2026-04-08,0.1001
002382,2026-03-13,0.1
002382,2026-07-15,0.0996
002383,2026-01-06,0.1
002383,2026-09-08,0.1
002383,2026-09-16,0.0997
002384,2026-03-10,0.1
002384,2026-04-08,0.1
002384,2026-04-09,0.1
002384,2026-04-22,0.1
002384,2026-05-07,0.1
002384,2026-06-02,0.1
002384,2026-06-15,0.1
002384,2026-07-09,0.1
002384,2026-07-14,0.1
002384,2026-08-04,0.1
002385,2026-08-18,0.101
002386,2026-03-27,0.0993
002386,2026-06-22,0.0998
002387,2026-06-05,0.0998
002387,2026-06-25,0.1006
002387,2026-07-28,0.0994
002388,2026-05-25,0.0996
002388,2026-05-26,0.1009
002388,2026-07-24,0.101
002388,2026-07-27,0.1009
002388,2026-07-28,0.1
002388,2026-08-10,0.0996
002388,2026-09-16,0.1006
002388,2026-09-21,0.0996
002389,2026-03-02,0.0999
002389,2026-03-04,0.1002
002392,2026-06-18,0.0999
002392,2026-07-02,0.1003
002394,2026-01-12,0.1003
002394,2026-02-27,0.0997
002395,2026-05-15,0.1002
002395,2026-06-04,0.1
002395,2026-09-01,0.0997
002396,2026-05-11,0.0999
002396,2026-06-30,0.0998
002396,2026-07-01,0.1002
002396,2026-07-03,0.1001
002396,2026-07-06,0.1
002396,2026-07-08,0.1002
002396,2026-07-21,0.0999
002396,2026-08-05,0.1
002396,2026-08-13,0.0999
002396,2026-08-21,0.1002
002396,2026-08-27,0.0999
002396,2026-08-28,0.1001
002396,2026-08-31,0.1
002396,2026-09-16,0.1
002397,2026-01-21,0.1012
002397,2026-04-22,0.1007
002397,2026-05-08,0.0996
002397,2026-05-28,0.1
002399,2026-08-10,0.1004
002399,2026-08-20,0.1005
002400,2026-01-09,0.0997
002400,2026-01-12,0.1003
002400,2026-01-13,0.0999
002400,2026-01-14,0.1004
002400,2026-04-08,0.1005
002402,2026-06-30,0.1001
002402,2026-07-10,0.0999
002403,2026-07-01,0.0998
002403,2026-07-06,0.0999
002403,2026-09-03,0.0998
002403,2026-09-04,0.1005
002403,2026-09-07,0.1002
002403,2026-09-08,0.0999
002404,2026-06-01,0.0997
002404,2026-06-02,0.0996
002404,2026-06-17,0.0997
002405,2026-01-23,0.0998
002406,2026-04-24,0.1005
002407,2026-04-24,0.0999
002407,2026-05-15,0.1002
002407,2026-06-11,0.0999
002407,2026-06-22,0.1001
002407,2026-06-29,0.1
002407,2026-06-30,0.1001
002407,2026-07-01,0.0999
002407,2026-07-27,0.0999
002407,2026-08-06,0.1
002408,2026-04-01,0.0997
002408,2026-04-07,0.0997
002409,2026-05-13,0.1
002409,2026-05-25,0.1
002409,2026-06-10,0.1
002409,2026-06-11,0.1
002409,2026-06-22,0.1
002409,2026-06-24,0.1
002409,2026-06-29,0.1
002409,2026-07-09,0.1
002409,2026-07-21,0.1
002409,2026-07-27,0.1
002412,2026-02-06,0.1
002412,2026-04-28,0.1002
002412,2026-07-22,0.1
002412,2026-07-23,0.0999
002412,2026-08-19,0.1007
002412,2026-08-20,0.0998
002412,2026-08-21,0.1004
002412,2026-08-24,0.1001
002412,2026-08-25,0.0999
002413,2026-01-05,0.1004
002413,2026-01-06,0.0999
002413,2026-01-07,0.1001
002413,2026-01-12,0.1
002413,2026-03-02,0.1002
002414,2026-01-05,0.1002
002414,2026-07-09,0.1
002414,2026-07-10,0.0999
002418,2026-03-25,0.1005
002418,2026-04-10,0.1006
002418,2026-04-13,0.1002
002418,2026-04-17,0.0995
002418,2026-04-20,0.1002
002418,2026-04-22,0.0995
002418,2026-05-06,0.0993
002418,2026-06-22,0.0991
002418,2026-08-14,0.1
002418,2026-08-25,0.1005
002418,2026-08-26,0.1012
002418,2026-08-27,0.1009
002418,2026-08-31,0.1
002420,2026-01-22,0.0996
002420,2026-06-23,0.0995
002421,2026-04-08,0.1008
002421,2026-04-16,0.0985
002421,2026-05-15,0.0993
002421,2026-05-18,0.0997
002421,2026-05-19,0.0992
002421,2026-05-20,0.1005
002421,2026-05-22,0.101
002421,2026-05-25,0.1009
002421,2026-06-01,0.0998
002421,2026-06-02,0.0996
002421,2026-06-05,0.0992
002421,2026-06-08,0.0998
002421,2026-06-22,0.0992
002421,2026-08-03,0.101
002421,2026-08-04,0.1013
002421,2026-08-12,0.0992
002422,2026-06-29,0.1
002423,2026-07-01,0.0996
002425,2026-01-06,0.0989
002425,2026-08-04,0.1014
002425,2026-08-05,0.1016
002425,2026-08-06,0.1009
002425,2026-09-01,0.1009
002426,2026-01-19,0.1005
002426,2026-03-16,0.101
002426,2026-06-01,0.0991
002426,2026-06-15,0.0997
002427,2026-01-14,0.1006
002427,2026-03-16,0.1001
002427,2026-04-07,0.1007
002427,2026-06-24,0.0998
002427,2026-07-02,0.0996
002427,2026-08-28,0.0996
002428,2026-01-09,0.1001
002428,2026-02-25,0.1001
002428,2026-02-26,0.1001
002428,2026-03-20,0.1
002428,2026-03-24,0.1
002428,2026-03-27,0.1
002428,2026-04-17,0.1001
002428,2026-04-20,0.1
002428,2026-04-22,0.1
002428,2026-05-06,0.1
002428,2026-05-12,0.1
002428,2026-05-28,0.1
002428,2026-06-11,0.1
002428,2026-06-15,0.1
002428,2026-06-22,0.1
002428,2026-06-24,0.1
002428,2026-08-04,0.1001
002428,2026-08-05,0.1
002428,2026-08-06,0.1
002428,2026-08-07,0.1
002429,2026-01-14,0.1005
002429,2026-02-09,0.1
002429,2026-02-10,0.0996
002429,2026-03-05,0.1001
002429,2026-03-13,0.1005
002429,2026-04-23,0.0999
002430,2026-06-10,0.1
002432,2026-03-02,0.1
002432,2026-03-11,0.1
002432,2026-03-18,0.1
002432,2026-03-19,0.1001
002432,2026-03-27,0.1
002432,2026-03-30,0.0999
002432,2026-04-01,0.1
002432,2026-04-22,0.1
002432,2026-05-22,0.1
002432,2026-05-25,0.1
002432,2026-06-15,0.1
002432,2026-06-18,0.1
002432,2026-07-14,0.1001
002432,2026-07-15,0.1
002432,2026-07-17,0.1
002432,2026-07-21,0.1
002432,2026-07-31,0.0999
002434,2026-07-03,0.1007
002436,2026-04-13,0.0998
002436,2026-05-07,0.1001
002436,2026-06-16,0.1
002436,2026-07-09,0.1
002436,2026-08-17,0.0999
002436,2026-09-07,0.1
002437,2026-01-21,0.1003
002437,2026-06-29,0.0988
002437,2026-08-07,0.0986
002437,2026-08-10,0.0994
002437,2026-08-12,0.0997
002437,2026-08-13,0.101
002437,2026-08-17,0.0993
002437,2026-08-20,0.1
002437,2026-08-28,0.0995
002438,2026-02-09,0.1003
002438,2026-03-13,0.0999
002438,2026-05-25,0.0998
002438,2026-08-03,0.1
002439,2026-04-13,0.1003
002440,2026-01-21,0.1001
002440,2026-01-28,0.1003
002440,2026-01-29,0.1005
002440,2026-02-06,0.0999
002440,2026-02-09,0.0999
002440,2026-06-15,0.1003
002440,2026-06-22,0.1001
002440,2026-07-01,0.1005
002440,2026-07-20,0.0999
002440,2026-07-29,0.1
002441,2026-02-04,0.1003
002442,2026-04-07,0.1005
002442,2026-05-20,0.1002
002442,2026-05-21,0.1
002442,2026-05-22,0.1004
002442,2026-06-18,0.1004
002442,2026-07-01,0.0994
002442,2026-09-16,0.1008
002443,2026-01-12,0.1006
002443,2026-04-22,0.0997
002443,2026-08-07,0.1002
002445,2026-03-09,0.1007
002445,2026-03-10,0.1013
002445,2026-03-11,0.1009
002445,2026-03-12,0.0997
002445,2026-03-13,0.1005
002445,2026-03-18,0.1
002445,2026-03-24,0.0997
002445,2026-03-27,0.099
002445,2026-08-24,0.1013
002445,2026-08-25,0.1009
002446,2026-01-12,0.1004
002446,2026-01-14,0.0998
002446,2026-01-15,0.0997
002446,2026-01-27,0.0997
002446,2026-06-16,0.1
002446,2026-06-30,0.1004
002448,2026-03-06,0.1001
002448,2026-04-23,0.0998
002448,2026-07-21,0.0996
002448,2026-07-27,0.1005
002448,2026-08-17,0.1001
002449,2026-03-05,0.1005
002449,2026-04-08,0.1004
002449,2026-06-16,0.0995
002449,2026-08-21,0.0995
002451,2026-01-13,0.0997
002451,2026-07-23,0.1
002451,2026-08-25,0.1001
002452,2026-06-24,0.0998
002453,2026-04-30,0.1
002453,2026-05-06,0.0998
002453,2026-05-22,0.1002
002453,2026-06-23,0.0996
002453,2026-09-17,0.0998
002453,2026-09-18,0.101
002453,2026-09-21,0.0993
002454,2026-03-31,0.1
002454,2026-05-13,0.0997
002455,2026-01-28,0.0999
002455,2026-01-29,0.0996
002455,2026-01-30,0.0998
002455,2026-02-03,0.1003
002455,2026-02-06,0.0997
002455,2026-02-09,0.0996
002455,2026-02-10,0.1004
002455,2026-02-11,0.1001
002455,2026-03-11,0.1001
002455,2026-03-27,0.1
002455,2026-07-01,0.1
002456,2026-03-05,0.1001
002457,2026-02-24,0.1004
002457,2026-05-29,0.0996
002457,2026-06-12,0.1003
002457,2026-07-06,0.1001
002458,2026-07-01,0.1004
002458,2026-07-02,0.1006
002458,2026-08-10,0.1002
002459,2026-06-10,0.0998
002460,2026-03-27,0.1
002462,2026-01-05,0.1003
002462,2026-01-06,0.1
002462,2026-01-07,0.1001
002463,2026-02-26,0.1
002463,2026-04-08,0.1
002463,2026-04-14,0.1
002463,2026-05-22,0.1
002463,2026-07-14,0.1
002463,2026-08-04,0.1
002463,2026-09-07,0.1
002465,2026-01-05,0.1003
002465,2026-01-06,0.0998
002465,2026-01-12,0.1
002465,2026-01-13,0.1
002465,2026-01-14,0.1
002467,2026-02-05,0.1004
002467,2026-03-10,0.1
002467,2026-03-16,0.0994
002467,2026-03-25,0.0999
002467,2026-04-13,0.1007
002467,2026-07-08,0.1009
002467,2026-09-22,0.0994
002468,2026-04-15,0.1
002468,2026-04-16,0.1001
002468,2026-07-01,0.1003
002469,2026-06-11,0.1
002469,2026-08-17,0.0993
002470,2026-02-11,0.1019
002470,2026-02-24,0.0991
002470,2026-02-25,0.0987
002470,2026-02-26,0.1016
002470,2026-02-27,0.0993
002470,2026-03-06,0.1
002470,2026-03-13,0.099
002470,2026-03-17,0.1009
002470,2026-03-27,0.0996
002470,2026-04-07,0.0989
002470,2026-09-01,0.0995
002470,2026-09-07,0.1005
002470,2026-09-08,0.1
002470,2026-09-09,0.0988
002471,2026-01-06,0.0999
002471,2026-01-12,0.0998
002471,2026-01-22,0.1004
002471,2026-01-23,0.1003
002471,2026-02-02,0.0996
002471,2026-02-03,0.0999
002471,2026-02-09,0.1003
002471,2026-03-05,0.0998
002471,2026-03-26,0.1005
002471,2026-06-05,0.0996
002471,2026-07-03,0.0997
002471,2026-09-18,0.0996
002472,2026-06-30,0.0999
002472,2026-07-03,0.0999
002474,2026-05-08,0.1003
002474,2026-06-01,0.0998
002474,2026-08-10,0.1
002475,2026-03-25,0.0999
002475,2026-04-20,0.1001
002476,2026-08-17,0.1009
002478,2026-01-14,0.0999
002478,2026-02-12,0.1002
002478,2026-02-26,0.1004
002478,2026-03-06,0.0999
002478,2026-04-08,0.1005
002478,2026-08-17,0.0994
002478,2026-08-25,0.1002
002479,2026-03-25,0.1004
002479,2026-07-10,0.0995
002483,2026-08-12,0.0994
002483,2026-09-07,0.1005
002484,2026-04-08,0.1002
002484,2026-04-27,0.0999
002484,2026-05-19,0.1001
002484,2026-05-27,0.1001
002484,2026-06-04,0.1
002484,2026-06-09,0.1
002484,2026-06-16,0.1
002484,2026-06-25,0.1
002484,2026-07-14,0.1001
002484,2026-07-21,0.1001
002484,2026-07-27,0.1
002484,2026-08-04,0.1
002484,2026-09-07,0.1
002486,2026-08-28,0.1007
002487,2026-03-12,0.1001
002487,2026-03-13,0.1
002487,2026-04-17,0.1
002487,2026-09-15,0.1001
002488,2026-01-05,0.1001
002489,2026-09-16,0.1014
002490,2026-01-05,0.1
002490,2026-01-13,0.1004
002490,2026-02-24,0.1
002490,2026-03-02,0.1
002490,2026-03-03,0.1002
002490,2026-03-04,0.1005
002490,2026-04-23,0.1002
002490,2026-06-08,0.1003
002490,2026-06-11,0.1003
002490,2026-07-08,0.0994
002490,2026-07-09,0.1004
002490,2026-07-20,0.1001
002491,2026-01-30,0.0994
002491,2026-02-02,0.1006
002491,2026-02-24,0.1004
002491,2026-02-26,0.0997
002491,2026-03-03,0.0998
002491,2026-03-24,0.0998
002491,2026-03-25,0.1004
002491,2026-04-07,0.1003
002491,2026-04-08,0.0999
002491,2026-04-16,0.1
002491,2026-04-20,0.0998
002491,2026-05-07,0.1002
002491,2026-05-08,0.1001
002491,2026-05-11,0.1002
002491,2026-05-12,0.0999
002491,2026-06-04,0.1
002491,2026-06-17,0.1
002491,2026-06-18,0.1
002491,2026-06-24,0.1001
002491,2026-08-05,0.1
002491,2026-08-12,0.0998
002491,2026-08-20,0.0999
002491,2026-08-21,0.1002
002491,2026-09-15,0.1
002491,2026-09-16,0.0999
002492,2026-01-23,0.0999
002492,2026-04-20,0.0997
002496,2026-07-03,0.0985
002497,2026-04-29,0.0999
002497,2026-06-24,0.1002
002497,2026-07-07,0.1
002498,2026-01-16,0.101
002498,2026-01-19,0.1009
002498,2026-01-20,0.1
002498,2026-02-02,0.0994
002498,2026-02-12,0.1002
002498,2026-02-13,0.1008
002498,2026-02-24,0.1004
002498,2026-02-25,0.1007
002498,2026-03-04,0.1001
002498,2026-03-05,0.0996
002498,2026-03-06,0.0996
002498,2026-03-12,0.0996
002498,2026-03-24,0.1
002498,2026-04-15,0.0996
002498,2026-04-29,0.1
002498,2026-05-12,0.1
002498,2026-05-13,0.0999
002498,2026-07-23,0.1006
002498,2026-07-24,0.0998
002498,2026-07-29,0.0994
002498,2026-09-09,0.0994
002506,2026-01-23,0.1018
002506,2026-01-26,0.0987
002506,2026-02-04,0.0988
002506,2026-02-05,0.1005
002506,2026-02-06,0.101
002506,2026-02-09,0.1004
002506,2026-02-24,0.0998
002506,2026-03-03,0.1002
002506,2026-03-06,0.101
002506,2026-03-17,0.0996
002506,2026-05-14,0.1011
002510,2026-01-08,0.1003
002510,2026-02-13,0.0996
002513,2026-06-09,0.0994
002515,2026-04-13,0.1005
002515,2026-05-18,0.1
002515,2026-06-02,0.0978
002515,2026-06-09,0.1001
002515,2026-06-15,0.0996
002515,2026-06-16,0.1002
002515,2026-07-22,0.0995
002515,2026-08-18,0.0997
002515,2026-08-27,0.1
002515,2026-09-07,0.0997
002517,2026-07-15,0.0999
002517,2026-07-29,0.1002
002518,2026-02-12,0.0999
002518,2026-05-13,0.1001
002518,2026-06-25,0.1
002518,2026-06-30,0.1
002519,2026-01-05,0.1003
002519,2026-01-06,0.0996
002519,2026-01-07,0.0995
002519,2026-01-08,0.0998
002519,2026-01-09,0.1002
002519,2026-01-12,0.0997
002519,2026-01-14,0.0998
002519,2026-01-22,0.0997
002519,2026-02-06,0.1006
002519,2026-03-24,0.1
002519,2026-09-11,0.0993
002520,2026-02-12,0.1
002520,2026-03-05,0.1008
002520,2026-04-29,0.0994
002520,2026-05-08,0.0993
002520,2026-06-04,0.1002
002520,2026-06-24,0.1004
002520,2026-07-03,0.0997
002520,2026-08-12,0.1002
002521,2026-06-29,0.0995
002522,2026-04-29,0.1009
002522,2026-05-12,0.0996
002522,2026-06-23,0.0997
002522,2026-07-27,0.0991
002522,2026-09-15,0.1004
002523,2026-01-12,0.1007
002523,2026-07-14,0.1014
002524,2026-01-26,0.1002
002524,2026-01-27,0.101
002524,2026-07-01,0.0997
002524,2026-07-10,0.0988
002526,2026-03-27,0.0991
002526,2026-05-25,0.1003
002527,2026-06-01,0.1004
002531,2026-03-13,0.1001
002531,2026-09-10,0.1003
002531,2026-09-15,0.1
002532,2026-01-28,0.0998
002532,2026-03-30,0.0999
002532,2026-07-14,0.0996
002534,2026-02-09,0.1002
002534,2026-07-30,0.1004
002534,2026-08-31,0.0999
002536,2026-03-02,0.1
002536,2026-03-10,0.0999
002536,2026-04-08,0.0999
002536,2026-04-09,0.1
002536,2026-04-20,0.0999
002536,2026-05-08,0.1
002536,2026-06-24,0.1
002536,2026-07-03,0.0999
002536,2026-07-14,0.1001
002536,2026-08-04,0.1002
002536,2026-08-21,0.1
002536,2026-08-27,0.1
002536,2026-09-02,0.1
002539,2026-01-19,0.0997
002539,2026-02-24,0.1001
002539,2026-06-22,0.1004
002539,2026-07-23,0.1004
002541,2026-01-07,0.0998
002541,2026-08-10,0.1
002543,2026-03-13,0.1
002543,2026-08-13,0.1006
002543,2026-08-19,0.1003
002543,2026-09-10,0.1003
002544,2026-07-10,0.099
002545,2026-01-15,0.1
002545,2026-03-02,0.0999
002545,2026-07-22,0.1001
002546,2026-01-15,0.0997
002546,2026-01-19,0.1005
002546,2026-01-20,0.1001
002546,2026-02-26,0.0997
002546,2026-06-22,0.1
002546,2026-07-08,0.1004
002546,2026-07-23,0.1004
002548,2026-04-29,0.0996
002548,2026-07-01,0.1003
002548,2026-07-10,0.0997
002549,2026-06-11,0.1
002549,2026-06-23,0.1002
002549,2026-06-29,0.1001
002550,2026-06-24,0.0997
002552,2026-05-07,0.1002
002552,2026-05-08,0.0998
002552,2026-05-11,0.1002
002552,2026-05-12,0.0999
002552,2026-05-18,0.0999
002552,2026-05-19,0.0999
002552,2026-05-22,0.1
002552,2026-05-25,0.0999
002552,2026-05-26,0.1
002552,2026-05-28,0.0999
002552,2026-06-15,0.1
002552,2026-06-16,0.1
002552,2026-06-24,0.1
002552,2026-07-09,0.1001
002552,2026-07-31,0.1001
002552,2026-08-04,0.1
002552,2026-08-05,0.1001
002552,2026-08-06,0.0999
002552,2026-08-07,0.1001
002552,2026-08-10,0.1
002552,2026-08-12,0.1
002552,2026-08-20,0.1001
002553,2026-08-18,0.0999
002554,2026-01-08,0.0991
002554,2026-01-15,0.1014
002554,2026-01-21,0.1008
002554,2026-02-24,0.1
002554,2026-03-02,0.0991
002554,2026-03-03,0.1009
002555,2026-01-05,0.1
002558,2026-01-19,0.1
002558,2026-04-01,0.0999
002558,2026-06-25,0.1
002558,2026-07-15,0.1001
002558,2026-07-29,0.0999
002559,2026-03-05,0.0998
002559,2026-06-26,0.1001
002559,2026-07-01,0.0999
002559,2026-07-02,0.1001
002560,2026-03-31,0.0999
002560,2026-04-01,0.1001
002560,2026-04-02,0.1003
002560,2026-04-20,0.1001
002560,2026-04-27,0.1004
002560,2026-05-12,0.1
002560,2026-07-23,0.0996
002560,2026-09-11,0.1008
002560,2026-09-14,0.1003
002562,2026-01-30,0.1006
002562,2026-08-12,0.1002
002564,2026-09-04,0.1004
002564,2026-09-07,0.0994
002564,2026-09-22,0.101
002565,2026-01-08,0.1002
002565,2026-01-22,0.0997
002565,2026-03-17,0.1
002565,2026-03-18,0.0997
002565,2026-03-23,0.0997
002565,2026-03-31,0.1003
002565,2026-04-21,0.1
002566,2026-07-23,0.0997
002568,2026-04-29,0.1
002568,2026-06-26,0.1
002568,2026-06-29,0.0998
002568,2026-07-29,0.0999
002570,2026-06-04,0.1
002571,2026-01-05,0.1003
002573,2026-08-12,0.1015
002574,2026-01-12,0.1005
002574,2026-01-13,0.1008
002574,2026-01-14,0.1001
002575,2026-01-26,0.0997
002575,2026-02-02,0.1
002575,2026-02-05,0.0996
002575,2026-03-09,0.1001
002575,2026-03-10,0.0998
002575,2026-04-28,0.1003
002575,2026-06-02,0.1007
002575,2026-06-09,0.0998
002575,2026-07-22,0.1002
002575,2026-08-13,0.0995
002577,2026-07-27,0.1002
002577,2026-09-16,0.1001
002578,2026-01-28,0.0991
002578,2026-03-30,0.1008
002578,2026-03-31,0.1009
002578,2026-08-17,0.0997
002578,2026-08-28,0.099
002579,2026-04-01,0.1003
002579,2026-05-26,0.1002
002579,2026-05-27,0.0997
002579,2026-05-28,0.0998
002579,2026-06-01,0.1003
002579,2026-06-02,0.1002
002579,2026-06-17,0.1001
002579,2026-06-18,0.1002
002579,2026-06-25,0.1002
002579,2026-07-09,0.0999
002579,2026-08-04,0.0997
002579,2026-08-05,0.1
002579,2026-08-20,0.1
002579,2026-09-07,0.1
002579,2026-09-08,0.0999
002579,2026-09-14,0.1001
002580,2026-03-25,0.0998
002580,2026-03-31,0.0999
002580,2026-04-09,0.1001
002580,2026-04-10,0.1003
002580,2026-04-13,0.1001
002580,2026-04-14,0.1001
002580,2026-04-15,0.1001
002580,2026-04-16,0.1001
002580,2026-04-17,0.1
002580,2026-05-08,0.1
002580,2026-06-01,0.1001
002580,2026-06-23,0.1001
002580,2026-06-24,0.1
002580,2026-07-02,0.1002
002580,2026-07-27,0.0997
002580,2026-07-29,0.0999
002580,2026-08-10,0.1001
002580,2026-08-24,0.0998
002582,2026-08-12,0.0996
002583,2026-06-09,0.0995
002584,2026-01-20,0.1002
002584,2026-06-09,0.1006
002584,2026-06-23,0.0999
002584,2026-06-24,0.0998
002584,2026-07-02,0.1
002584,2026-09-15,0.1001
002584,2026-09-16,0.1002
002585,2026-01-19,0.0994
002585,2026-05-11,0.1001
002585,2026-05-22,0.1005
002585,2026-05-25,0.1002
002585,2026-05-26,0.1002
002585,2026-06-04,0.0997
002585,2026-06-09,0.1001
002585,2026-06-10,0.1
002585,2026-06-15,0.1002
002585,2026-06-16,0.0997
002585,2026-07-07,0.0996
002585,2026-07-30,0.1004
002585,2026-08-11,0.1004
002585,2026-09-11,0.1006
002585,2026-09-14,0.1004
002585,2026-09-15,0.1004
002585,2026-09-21,0.1004
002587,2026-03-05,0.1005
002587,2026-06-30,0.1
002588,2026-04-22,0.0998
002589,2026-01-13,0.1006
002589,2026-04-15,0.1012
002589,2026-08-07,0.1014
002589,2026-08-10,0.0987
002589,2026-08-12,0.0991
002589,2026-09-01,0.1006
002589,2026-09-18,0.101
002589,2026-09-21,0.1009
002590,2026-06-04,0.0999
002591,2026-01-19,0.0994
002591,2026-04-30,0.1
002591,2026-05-07,0.1005
002595,2026-04-16,0.1
002596,2026-07-02,0.0986
002596,2026-07-23,0.0993
002597,2026-02-10,0.0998
002597,2026-06-12,0.0999
002597,2026-07-29,0.1001
002600,2026-01-12,0.1002
002600,2026-06-24,0.1003
002600,2026-06-30,0.1003
002601,2026-06-22,0.1001
002605,2026-01-12,0.0999
002606,2026-01-19,0.1005
002606,2026-02-02,0.0997
002606,2026-02-24,0.0999
002606,2026-04-08,0.0998
002606,2026-04-23,0.0998
002606,2026-05-12,0.1
002606,2026-05-22,0.1003
002606,2026-07-10,0.1004
002606,2026-07-23,0.1002
002607,2026-01-13,0.1003
002607,2026-07-01,0.1
002607,2026-07-06,0.1
002607,2026-07-29,0.1005
002607,2026-08-05,0.0981
002608,2026-05-29,0.1005
002608,2026-06-01,0.1
002609,2026-01-14,0.0999
002612,2026-07-27,0.1004
002613,2026-04-16,0.1003
002613,2026-05-25,0.1007
002613,2026-05-28,0.1007
002613,2026-06-01,0.0993
002613,2026-06-05,0.0998
002613,2026-06-08,0.1008
002613,2026-06-15,0.1011
002614,2026-01-21,0.0996
002614,2026-09-21,0.1004
002614,2026-09-22,0.1008
002615,2026-06-30,0.1005
002617,2026-05-14,0.0998
002617,2026-09-16,0.1003
002622,2026-08-10,0.1008
002622,2026-09-21,0.1012
002623,2026-01-23,0.0998
002623,2026-01-26,0.1
002623,2026-02-04,0.1001
002623,2026-02-09,0.1002
002623,2026-05-11,0.0999
002623,2026-07-03,0.1001
002623,2026-07-10,0.1003
002623,2026-09-18,0.0998
002624,2026-02-06,0.1001
002624,2026-02-09,0.1002
002624,2026-04-01,0.1002
002624,2026-05-08,0.1003
002624,2026-06-29,0.0997
002625,2026-01-09,0.1001
002626,2026-08-10,0.1003
002627,2026-01-07,0.0999
002627,2026-02-05,0.1
002627,2026-04-29,0.1004
002627,2026-05-26,0.0998
002628,2026-01-19,0.1002
002628,2026-02-27,0.1002
002628,2026-04-17,0.1008
002628,2026-05-13,0.1003
002628,2026-06-29,0.0995
002628,2026-06-30,0.1008
002628,2026-07-14,0.1011
002628,2026-08-14,0.101
002628,2026-08-27,0.1
002629,2026-01-22,0.0995
002629,2026-03-02,0.1
002629,2026-03-03,0.1004
002629,2026-03-17,0.0994
002629,2026-05-08,0.1002
002629,2026-05-13,0.1006
002629,2026-06-01,0.0998
002631,2026-03-24,0.1006
002631,2026-04-07,0.0998
002631,2026-06-05,0.1004
002631,2026-06-23,0.1004
002631,2026-06-24,0.1001
002631,2026-06-30,0.1004
002631,2026-08-07,0.1001
002631,2026-08-21,0.1003
002631,2026-08-28,0.1002
002631,2026-09-03,0.0997
002631,2026-09-15,0.1002
002631,2026-09-16,0.0999
002631,2026-09-18,0.0998
002632,2026-03-10,0.1
002632,2026-07-09,0.0998
002632,2026-07-16,0.1006
002632,2026-07-17,0.0997
002632,2026-09-02,0.1002
002633,2026-02-27,0.1001
002635,2026-04-09,0.0999
002635,2026-05-18,0.1002
002635,2026-06-15,0.1003
002635,2026-07-01,0.1002
002635,2026-07-03,0.0998
002636,2026-01-15,0.1
002636,2026-01-19,0.0999
002636,2026-01-22,0.1001
002636,2026-01-23,0.1
002636,2026-03-10,0.0998
002636,2026-03-16,0.1002
002636,2026-03-24,0.1001
002636,2026-04-09,0.1
002636,2026-04-22,0.1
002636,2026-05-28,0.0972
002636,2026-06-08,0.1001
002636,2026-06-09,0.1
002636,2026-06-10,0.1
002636,2026-07-14,0.1
002636,2026-07-27,0.1
002636,2026-08-05,0.1001
002636,2026-08-27,0.1
002636,2026-09-10,0.1
002637,2026-01-20,0.0998
002637,2026-03-06,0.1004
002637,2026-03-13,0.0998
002637,2026-04-07,0.1004
002637,2026-06-01,0.1005
002637,2026-06-12,0.0997
002638,2026-01-19,0.1
002638,2026-06-29,0.1014
002638,2026-06-30,0.0995
002638,2026-08-18,0.1
002638,2026-08-21,0.1013
002639,2026-01-07,0.1002
002639,2026-01-08,0.1002
002639,2026-01-12,0.1001
002639,2026-01-22,0.0999
002639,2026-04-01,0.0999
002639,2026-05-28,0.0997
002639,2026-06-29,0.1002
002639,2026-09-02,0.1003
002640,2026-04-30,0.0994
002640,2026-05-06,0.1014
002640,2026-05-11,0.0993
002640,2026-05-28,0.0994
002640,2026-07-15,0.1018
002640,2026-07-27,0.0997
002640,2026-09-17,0.0991
002642,2026-05-08,0.1006
002642,2026-07-08,0.1002
002642,2026-07-28,0.1
002643,2026-06-24,0.0998
002644,2026-08-13,0.1
002645,2026-03-24,0.1003
002645,2026-04-01,0.1003
002645,2026-04-09,0.1003
002645,2026-04-29,0.1
002645,2026-04-30,0.0999
002645,2026-05-20,0.1001
002645,2026-05-25,0.1001
002645,2026-06-04,0.0999
002645,2026-06-16,0.1001
002645,2026-08-14,0.0998
002646,2026-01-29,0.0998
002647,2026-04-14,0.1004
002647,2026-04-20,0.1001
002647,2026-04-28,0.0999
002647,2026-05-07,0.1
002647,2026-06-01,0.0997
002647,2026-07-27,0.0999
002647,2026-08-10,0.0996
002648,2026-03-06,0.1002
002648,2026-06-23,0.1
002649,2026-08-05,0.0997
002649,2026-08-06,0.1004
002651,2026-08-14,0.0996
002651,2026-08-17,0.1001
002651,2026-08-24,0.0996
002652,2026-02-24,0.1012
002652,2026-03-12,0.1004
002652,2026-04-28,0.0998
002652,2026-04-29,0.0996
002652,2026-07-02,0.1002
002653,2026-06-29,0.1
002654,2026-05-13,0.0997
002654,2026-05-18,0.1002
002654,2026-05-20,0.0998
002654,2026-06-11,0.1001
002654,2026-06-25,0.0998
002654,2026-06-30,0.0998
002655,2026-02-10,0.1
002655,2026-02-27,0.1003
002655,2026-04-29,0.1
002655,2026-05-07,0.1002
002655,2026-05-08,0.1
002655,2026-06-18,0.0999
002655,2026-06-22,0.1
002655,2026-08-04,0.1001
002655,2026-08-05,0.1
002655,2026-08-21,0.0999
002655,2026-09-16,0.1
002655,2026-09-17,0.1001
002657,2026-06-01,0.1
002657,2026-06-10,0.1
002657,2026-06-22,0.0999
002658,2026-01-23,0.1004
002658,2026-05-13,0.1001
002658,2026-08-14,0.1003
002659,2026-01-12,0.0995
002659,2026-07-31,0.1
002659,2026-08-04,0.0998
002660,2026-08-31,0.0997
002661,2026-09-10,0.0997
002662,2026-01-21,0.0995
002663,2026-03-24,0.1024
002663,2026-04-07,0.0995
002663,2026-04-08,0.0995
002664,2026-01-16,0.1
002664,2026-05-07,0.1002
002664,2026-06-15,0.1003
002664,2026-07-03,0.1002
002668,2026-08-17,0.0996
002669,2026-03-13,0.1004
002669,2026-05-28,0.1002
002669,2026-06-09,0.0999
002669,2026-06-10,0.1001
002669,2026-07-21,0.1
002669,2026-09-14,0.1
002670,2026-07-01,0.1
002672,2026-06-16,0.0989
002672,2026-06-22,0.0997
002672,2026-06-23,0.1013
002672,2026-09-22,0.1011
002674,2026-05-25,0.0999
002674,2026-06-18,0.1002
002674,2026-06-22,0.1
002674,2026-06-23,0.1001
002674,2026-06-24,0.1002
002674,2026-06-25,0.0999
002674,2026-06-26,0.1
002674,2026-07-02,0.1001
002674,2026-07-08,0.1
002674,2026-07-23,0.1001
002674,2026-08-04,0.1002
002674,2026-08-05,0.1001
002675,2026-03-30,0.1003
002676,2026-06-09,0.1002
002677,2026-01-08,0.1003
002677,2026-07-03,0.1007
002677,2026-07-08,0.1005
002677,2026-07-09,0.1005
002677,2026-07-17,0.0996
002678,2026-01-29,0.0996
002678,2026-02-02,0.1008
002678,2026-02-25,0.1002
002678,2026-04-03,0.0996
002678,2026-04-13,0.1006
002679,2026-01-23,0.1004
002679,2026-08-28,0.1
002679,2026-08-31,0.1003
002679,2026-09-01,0.0997
002679,2026-09-16,0.1005
002681,2026-07-10,0.0993
002681,2026-08-03,0.0993
002682,2026-03-03,0.1004
002682,2026-08-12,0.1007
002682,2026-08-17,0.0991
002685,2026-03-24,0.0995
002685,2026-04-30,0.0998
002685,2026-08-11,0.0996
002686,2026-03-30,0.1004
002686,2026-04-14,0.1001
002686,2026-04-20,0.1
002686,2026-07-30,0.1004
002686,2026-08-06,0.1005
002686,2026-08-21,0.0998
002686,2026-08-25,0.1
002687,2026-06-23,0.1002
002687,2026-06-24,0.0998
002687,2026-06-29,0.0996
002687,2026-07-28,0.0996
002687,2026-08-11,0.0993
002688,2026-05-28,0.0998
002692,2026-03-26,0.0993
002692,2026-04-14,0.0998
002692,2026-04-20,0.1
002693,2026-05-25,0.1005
002693,2026-06-29,0.1002
002693,2026-07-02,0.1
002693,2026-07-10,0.1
002693,2026-08-04,0.1001
002695,2026-08-03,0.0996
002696,2026-07-02,0.0994
002696,2026-08-10,0.1004
002696,2026-09-01,0.0997
002698,2026-05-07,0.1001
002698,2026-07-01,0.1002
002700,2026-03-03,0.0995
002700,2026-06-01,0.1004
002700,2026-06-16,0.1006
002700,2026-07-03,0.1005
002702,2026-02-05,0.1001
002702,2026-07-30,0.1002
002702,2026-09-04,0.1
002702,2026-09-07,0.0998
002702,2026-09-08,0.1005
002703,2026-01-06,0.1001
002703,2026-02-13,0.1002
002703,2026-05-13,0.0998
002703,2026-05-21,0.0999
002703,2026-07-30,0.1002
002703,2026-08-05,0.1
002703,2026-08-25,0.0998
002703,2026-08-26,0.1002
002703,2026-09-01,0.1001
002705,2026-03-26,0.0998
002705,2026-04-15,0.1003
002706,2026-04-17,0.1001
002706,2026-04-27,0.1005
002706,2026-05-27,0.1002
002706,2026-08-13,0.1002
002707,2026-01-14,0.0999
002707,2026-01-15,0.1005
002708,2026-04-08,0.0997
002708,2026-06-05,0.0999
002708,2026-09-02,0.1002
002708,2026-09-03,0.1003
002708,2026-09-07,0.1002
002712,2026-01-12,0.1
002713,2026-07-23,0.1002
002713,2026-08-25,0.1006
002713,2026-09-18,0.0997
002715,2026-04-28,0.1002
002715,2026-07-03,0.1001
002715,2026-08-11,0.1003
002716,2026-01-05,0.0997
002716,2026-01-14,0.0998
002716,2026-01-20,0.1003
002716,2026-01-21,0.1
002716,2026-01-22,0.0997
002716,2026-01-26,0.0998
002716,2026-01-28,0.0998
002716,2026-02-09,0.0997
002716,2026-02-24,0.1001
002716,2026-03-02,0.1001
002716,2026-04-08,0.1004
002716,2026-08-21,0.1003
002716,2026-08-24,0.0998
002718,2026-01-05,0.0999
002718,2026-01-06,0.0999
002718,2026-01-07,0.1
002718,2026-01-12,0.1
002718,2026-01-13,0.1001
002718,2026-01-14,0.1
002718,2026-01-19,0.0999
002718,2026-03-25,0.1
002718,2026-04-09,0.1
002718,2026-05-11,0.1
002718,2026-05-25,0.1
002718,2026-07-14,0.1
002721,2026-01-23,0.1006
002721,2026-01-28,0.1003
002721,2026-08-05,0.0988
002721,2026-08-06,0.1011
002721,2026-08-11,0.1011
002721,2026-08-26,0.1
002721,2026-09-01,0.1003
002723,2026-02-10,0.1
002723,2026-02-11,0.1004
002723,2026-05-14,0.0996
002724,2026-01-28,0.1004
002724,2026-03-16,0.1005
002724,2026-08-13,0.1
002724,2026-08-14,0.1006
002724,2026-09-16,0.0998
002724,2026-09-21,0.0996
002725,2026-02-25,0.0999
002725,2026-05-22,0.0997
002725,2026-07-23,0.1
002728,2026-01-26,0.1001
002728,2026-02-06,0.1004
002728,2026-06-23,0.0998
002728,2026-06-29,0.1
002729,2026-01-09,0.0999
002729,2026-03-10,0.0998
002729,2026-05-07,0.1001
002729,2026-05-15,0.0999
002729,2026-06-16,0.1
002730,2026-03-09,0.0998
002730,2026-03-25,0.1
002730,2026-04-01,0.1
002730,2026-06-15,0.1001
002730,2026-09-16,0.0998
002733,2026-03-05,0.1002
002733,2026-03-11,0.1
002733,2026-04-10,0.1
002733,2026-04-28,0.0999
002733,2026-05-22,0.0999
002733,2026-05-26,0.0999
002733,2026-06-04,0.1
002733,2026-06-12,0.1
002734,2026-02-27,0.0998
002734,2026-06-16,0.1
002734,2026-08-05,0.1001
002735,2026-01-05,0.0998
002735,2026-05-25,0.0997
002735,2026-06-03,0.0999
002735,2026-06-16,0.1001
002738,2026-06-30,0.0999
002738,2026-07-01,0.1
002739,2026-02-10,0.0999
002739,2026-07-15,0.0996
002739,2026-07-16,0.1002
002739,2026-08-10,0.0997
002741,2026-04-27,0.0998
002741,2026-05-22,0.1002
002741,2026-05-25,0.1002
002741,2026-06-09,0.0998
002741,2026-06-15,0.0999
002741,2026-06-16,0.1
002741,2026-06-17,0.1001
002741,2026-08-07,0.1
002742,2026-06-12,0.1003
002742,2026-08-07,0.1013
002742,2026-08-17,0.1007
002742,2026-08-25,0.1012
002742,2026-08-26,0.1004
002742,2026-08-27,0.101
002742,2026-08-28,0.1005
002745,2026-05-25,0.0996
002745,2026-06-15,0.0998
002745,2026-07-09,0.1003
002745,2026-07-21,0.0997
002747,2026-06-08,0.0999
002747,2026-06-09,0.0999
002747,2026-06-18,0.1001
002747,2026-06-30,0.0999
002747,2026-07-01,0.0999
002747,2026-07-03,0.1
002747,2026-08-18,0.1
002748,2026-08-10,0.0999
002752,2026-04-21,0.1005
002755,2026-03-27,0.1001
002755,2026-09-21,0.0998
002756,2026-02-27,0.1
002756,2026-03-27,0.1
002756,2026-04-24,0.1
002756,2026-04-29,0.1
002757,2026-01-05,0.1002
002757,2026-01-06,0.0999
002757,2026-01-08,0.1
002757,2026-02-11,0.1
002757,2026-04-16,0.0999
002757,2026-05-07,0.1
002757,2026-06-10,0.0999
002757,2026-07-08,0.0998
002757,2026-08-31,0.1001
002757,2026-09-22,0.1003
002760,2026-03-10,0.0998
002760,2026-05-13,0.1002
002760,2026-07-16,0.0998
002761,2026-03-25,0.1006
002762,2026-07-23,0.1004
002762,2026-08-07,0.1004
002762,2026-08-11,0.1003
002763,2026-04-30,0.1006
002765,2026-07-03,0.1001
002766,2026-01-05,0.1008
002766,2026-01-06,0.1006
002766,2026-05-21,0.1006
002766,2026-06-01,0.0998
002766,2026-07-17,0.1006
002766,2026-08-05,0.1003
002766,2026-08-14,0.1002
002767,2026-07-03,0.1
002767,2026-07-06,0.0998
002768,2026-09-22,0.1001
002769,2026-01-12,0.1004
002769,2026-01-13,0.1
002769,2026-06-09,0.1
002769,2026-09-01,0.0994
002771,2026-03-24,0.1001
002771,2026-03-25,0.1001
002771,2026-04-16,0.1
002771,2026-05-26,0.0998
002771,2026-05-27,0.1001
002771,2026-06-09,0.1001
002771,2026-07-03,0.0999
002772,2026-02-06,0.0999
002773,2026-01-05,0.1001
002773,2026-03-27,0.0998
002774,2026-01-05,0.1002
002774,2026-01-06,0.0999
002774,2026-01-07,0.0997
002774,2026-01-08,0.1004
002774,2026-01-09,0.1001
002774,2026-06-16,0.0997
002774,2026-07-06,0.1001
002774,2026-07-10,0.1003
002774,2026-07-23,0.1003
002774,2026-07-31,0.1002
002774,2026-08-14,0.1003
002775,2026-01-15,0.1009
002775,2026-07-16,0.1006
002775,2026-07-23,0.0997
002775,2026-07-27,0.0989
002775,2026-07-31,0.1
002777,2026-01-09,0.1002
002777,2026-05-13,0.1003
002779,2026-06-30,0.1
002779,2026-08-04,0.1
002780,2026-01-23,0.1
002780,2026-02-02,0.0999
002780,2026-09-16,0.1003
002782,2026-01-21,0.1002
002782,2026-03-11,0.1002
002782,2026-03-26,0.1001
002782,2026-05-13,0.0999
002782,2026-05-14,0.0999
002782,2026-05-19,0.1001
002782,2026-05-20,0.1
002782,2026-06-16,0.1002
002783,2026-08-10,0.1005
002785,2026-02-03,0.1001
002785,2026-04-27,0.1
002785,2026-04-30,0.1
002786,2026-04-29,0.1006
002786,2026-06-05,0.0996
002786,2026-07-15,0.0996
002787,2026-01-15,0.1004
002787,2026-04-10,0.0998
002787,2026-04-15,0.1003
002787,2026-04-23,0.1002
002787,2026-04-24,0.0998
002787,2026-05-06,0.1
002787,2026-05-12,0.0999
002787,2026-05-20,0.0999
002787,2026-06-03,0.0998
002787,2026-06-04,0.1002
002787,2026-06-25,0.1001
002787,2026-08-17,0.1002
002787,2026-09-03,0.1001
002787,2026-09-16,0.1
002788,2026-01-06,0.1002
002788,2026-01-07,0.0999
002788,2026-01-08,0.1
002788,2026-03-31,0.1
002788,2026-04-07,0.1002
002788,2026-04-15,0.1
002790,2026-09-08,0.1008
002790,2026-09-09,0.1001
002790,2026-09-10,0.1001
002790,2026-09-11,0.1005
002791,2026-02-04,0.1002
002791,2026-07-29,0.1001
002792,2026-01-07,0.1001
002792,2026-01-08,0.1
002792,2026-01-12,0.1
002792,2026-01-23,0.0999
002792,2026-02-03,0.1
002792,2026-04-03,0.1
002792,2026-05-06,0.1001
002792,2026-08-03,0.1002
002792,2026-08-04,0.0998
002792,2026-08-06,0.0999
002792,2026-08-07,0.1
002792,2026-08-12,0.0999
002792,2026-09-21,0.1
002793,2026-04-23,0.0996
002793,2026-07-06,0.0998
002793,2026-07-22,0.1002
002793,2026-08-04,0.1011
002795,2026-01-06,0.0995
002795,2026-01-09,0.1004
002795,2026-02-24,0.1006
002795,2026-03-24,0.1003
002795,2026-04-24,0.1006
002795,2026-06-01,0.0995
002795,2026-07-28,0.1
002795,2026-09-21,0.0999
002796,2026-01-07,0.0999
002796,2026-01-15,0.1
002796,2026-01-16,0.1
002796,2026-01-27,0.1
002796,2026-02-12,0.1
002796,2026-03-05,0.1
002796,2026-04-03,0.1
002796,2026-04-17,0.1
002796,2026-04-22,0.1
002796,2026-05-20,0.1
002796,2026-08-04,0.1001
002796,2026-09-17,0.1001
002797,2026-04-08,0.1007
002798,2026-04-15,0.1007
002798,2026-05-08,0.1004
002798,2026-07-02,0.101
002799,2026-01-21,0.1001
002800,2026-03-05,0.1001
002800,2026-03-31,0.0999
002800,2026-07-15,0.0998
002802,2026-04-16,0.0999
002802,2026-04-17,0.1002
002803,2026-04-20,0.1003
002803,2026-08-03,0.1
002805,2026-04-29,0.1001
002805,2026-04-30,0.1001
002805,2026-05-06,0.1002
002805,2026-05-13,0.0999
002805,2026-06-16,0.1
002805,2026-06-18,0.0998
002805,2026-06-22,0.1001
002805,2026-06-30,0.1
002806,2026-02-10,0.0997
002806,2026-05-22,0.1003
002806,2026-05-28,0.1001
002806,2026-05-29,0.0999
002806,2026-06-02,0.1001
002806,2026-06-04,0.1
002806,2026-06-15,0.0999
002806,2026-06-16,0.0999
002806,2026-09-16,0.1
002809,2026-01-20,0.1
002809,2026-01-21,0.1
002809,2026-02-24,0.0998
002809,2026-03-06,0.0997
002809,2026-05-14,0.0998
002810,2026-01-20,0.1
002810,2026-01-23,0.1
002810,2026-02-04,0.1002
002810,2026-03-30,0.0999
002810,2026-04-24,0.1001
002811,2026-02-24,0.1002
002811,2026-02-25,0.0998
002811,2026-08-14,0.1003
002811,2026-08-20,0.0999
002812,2026-02-06,0.1
002812,2026-04-24,0.1001
002812,2026-06-12,0.1
002813,2026-01-06,0.1
002815,2026-01-22,0.1003
002815,2026-06-15,0.1003
002815,2026-07-06,0.1002
002815,2026-07-09,0.1001
002815,2026-09-07,0.1003
002815,2026-09-11,0.1003
002818,2026-04-29,0.0998
002819,2026-01-05,0.1
002819,2026-08-18,0.1
002820,2026-08-14,0.0998
002820,2026-08-17,0.0996
002820,2026-08-18,0.1004
002821,2026-03-31,0.1
002821,2026-04-01,0.1
002821,2026-04-28,0.1
002821,2026-06-24,0.1
002821,2026-06-29,0.1
002821,2026-07-15,0.1
002821,2026-08-04,0.1
002821,2026-08-07,0.1
002821,2026-08-25,0.1
002823,2026-05-22,0.1001
002824,2026-02-12,0.0998
002824,2026-04-09,0.1001
002824,2026-04-10,0.1001
002824,2026-04-15,0.0999
002824,2026-05-07,0.1
002824,2026-05-29,0.1002
002824,2026-06-11,0.0998
002824,2026-06-15,0.1002
002824,2026-06-16,0.0999
002824,2026-08-27,0.1002
002824,2026-09-16,0.0998
002825,2026-05-13,0.0999
002826,2026-05-22,0.0999
002826,2026-07-01,0.0998
002826,2026-07-02,0.0998
002826,2026-08-06,0.1
002827,2026-07-29,0.1
002827,2026-07-30,0.1
002827,2026-07-31,0.1002
002827,2026-08-03,0.1
002827,2026-08-04,0.1001
002827,2026-08-06,0.1001
002827,2026-08-07,0.0999
002827,2026-08-10,0.1001
002827,2026-09-04,0.0999
002828,2026-02-24,0.0998
002828,2026-03-02,0.0998
002828,2026-03-03,0.1001
002828,2026-04-02,0.0997
002828,2026-06-17,0.1002
002828,2026-06-29,0.0997
002828,2026-07-06,0.0998
002828,2026-07-10,0.1004
002828,2026-08-10,0.1
002829,2026-07-09,0.0999
002829,2026-07-10,0.0998
002829,2026-07-16,0.0998
002829,2026-07-17,0.0998
002830,2026-01-16,0.1
002830,2026-01-30,0.0998
002830,2026-02-02,0.1002
002830,2026-02-03,0.1001
002830,2026-02-04,0.0999
002830,2026-02-06,0.1001
002830,2026-02-09,0.1002
002830,2026-06-01,0.1002
002830,2026-06-10,0.0999
002830,2026-06-12,0.0997
002830,2026-06-22,0.1001
002830,2026-06-23,0.1003
002830,2026-06-30,0.0999
002830,2026-08-31,0.0997
002831,2026-03-11,0.1001
002831,2026-03-16,0.1001
002831,2026-04-03,0.1001
002831,2026-05-19,0.1
002832,2026-04-29,0.1001
002833,2026-06-30,0.0998
002833,2026-07-29,0.1001
002836,2026-01-06,0.1002
002836,2026-01-15,0.1001
002836,2026-09-17,0.1005
002836,2026-09-18,0.0996
002837,2026-02-12,0.1
002837,2026-06-09,0.1
002837,2026-08-25,0.1001
002838,2026-01-09,0.0999
002838,2026-01-21,0.1
002838,2026-07-14,0.1001
002838,2026-08-17,0.0999
002840,2026-04-07,0.1003
002840,2026-05-14,0.1004
002840,2026-07-01,0.1001
002841,2026-07-07,0.1001
002841,2026-07-08,0.1
002841,2026-07-09,0.1
002842,2026-01-07,0.0998
002842,2026-01-15,0.1
002842,2026-01-26,0.1001
002842,2026-01-28,0.0999
002842,2026-02-06,0.1001
002842,2026-02-11,0.0999
002842,2026-02-12,0.1
002842,2026-02-27,0.1001
002842,2026-03-02,0.1001
002842,2026-03-27,0.0999
002842,2026-04-29,0.1
002842,2026-04-30,0.1
002842,2026-05-13,0.1001
002842,2026-06-11,0.1001
002842,2026-06-18,0.1
002842,2026-06-22,0.1
002842,2026-06-25,0.0999
002842,2026-07-02,0.1
002842,2026-08-05,0.0999
002842,2026-08-10,0.1001
002843,2026-01-08,0.0999
002843,2026-02-13,0.1003
002843,2026-02-26,0.1001
002843,2026-02-27,0.1001
002843,2026-03-02,0.1001
002843,2026-03-06,0.1
002843,2026-04-09,0.0999
002843,2026-04-20,0.0998
002843,2026-05-13,0.1
002845,2026-03-05,0.1002
002845,2026-05-19,0.1003
002845,2026-07-09,0.1001
002846,2026-04-21,0.0999
002846,2026-07-30,0.1004
002846,2026-09-15,0.0996
002846,2026-09-16,0.1001
002847,2026-04-29,0.1
002847,2026-07-28,0.1001
002848,2026-09-11,0.1004
002849,2026-01-09,0.1003
002849,2026-03-06,0.0999
002849,2026-06-15,0.0999
002849,2026-06-30,0.1001
002849,2026-09-18,0.1002
002850,2026-03-30,0.1
002850,2026-04-16,0.1
002850,2026-07-03,0.1
002851,2026-01-21,0.1
002851,2026-04-29,0.1
002851,2026-05-13,0.1
002851,2026-05-25,0.1
002851,2026-06-02,0.1
002851,2026-06-15,0.1
002851,2026-06-16,0.1
002851,2026-07-09,0.1
002851,2026-07-21,0.1
002851,2026-07-31,0.1
002852,2026-08-27,0.1002
002852,2026-09-07,0.0999
002853,2026-01-07,0.1001
002853,2026-02-04,0.1002
002853,2026-04-21,0.1
002853,2026-05-18,0.0998
002855,2026-08-25,0.1
002855,2026-08-26,0.1
002855,2026-08-27,0.1
002855,2026-08-28,0.0999
002855,2026-08-31,0.0997
002855,2026-09-01,0.1
002857,2026-03-05,0.1
002857,2026-05-28,0.1001
002857,2026-07-20,0.1001
002858,2026-01-12,0.0999
002859,2026-04-16,0.1
002859,2026-05-22,0.1
002859,2026-05-28,0.098
002859,2026-06-09,0.1
002859,2026-06-15,0.1
002859,2026-06-18,0.1
002859,2026-06-29,0.1
002859,2026-08-11,0.1
002860,2026-07-06,0.1003
002860,2026-09-21,0.0999
002862,2026-09-04,0.1001
002863,2026-08-17,0.0991
002864,2026-01-07,0.1
002865,2026-01-06,0.1
002865,2026-01-08,0.1
002865,2026-01-13,0.1
002865,2026-01-22,0.1
002865,2026-01-23,0.1
002865,2026-02-03,0.1
002865,2026-02-27,0.1
002865,2026-05-08,0.1001
002865,2026-05-11,0.1
002865,2026-07-10,0.1001
002866,2026-04-17,0.1
002866,2026-05-08,0.1001
002866,2026-07-20,0.1
002867,2026-04-29,0.1003
002868,2026-05-13,0.1001
002868,2026-07-01,0.1
002868,2026-07-03,0.1
002868,2026-09-04,0.1001
002869,2026-03-12,0.1002
002869,2026-07-28,0.0997
002869,2026-09-21,0.1001
002870,2026-04-30,0.1001
002870,2026-08-12,0.1001
002871,2026-05-06,0.0998
002871,2026-05-28,0.1003
002871,2026-06-01,0.0999
002871,2026-06-09,0.0999
002871,2026-06-23,0.0999
002873,2026-04-07,0.0998
002875,2026-02-24,0.0999
002875,2026-04-16,0.1001
002875,2026-04-29,0.1
002875,2026-06-03,0.0998
002875,2026-08-31,0.1002
002876,2026-01-21,0.1001
002876,2026-04-13,0.0999
002876,2026-06-02,0.0999
002876,2026-06-24,0.1002
002877,2026-03-04,0.1
002877,2026-03-05,0.1
002877,2026-06-05,0.1006
002878,2026-05-28,0.1002
002879,2026-01-14,0.1002
002879,2026-07-21,0.0998
002879,2026-07-22,0.1003
002879,2026-07-23,0.0999
002879,2026-07-24,0.0999
002879,2026-07-27,0.1003
002879,2026-08-03,0.1003
002880,2026-08-20,0.1
002880,2026-08-25,0.1
002881,2026-01-12,0.1
002881,2026-05-18,0.1
002881,2026-05-27,0.1001
002881,2026-07-01,0.0999
002881,2026-07-16,0.1
002881,2026-08-31,0.1
002881,2026-09-07,0.0999
002882,2026-01-06,0.1
002882,2026-06-12,0.1002
002882,2026-07-29,0.1002
002882,2026-07-30,0.1003
002882,2026-08-24,0.1
002882,2026-09-01,0.1
002882,2026-09-15,0.0999
002885,2026-02-12,0.1002
002885,2026-03-04,0.0999
002885,2026-04-14,0.1
002885,2026-04-20,0.0998
002885,2026-05-07,0.0999
002885,2026-05-13,0.1001
002885,2026-05-22,0.0999
002885,2026-06-16,0.1001
002885,2026-06-22,0.1
002885,2026-08-10,0.1
002886,2026-05-26,0.0999
002886,2026-08-21,0.0999
002886,2026-08-27,0.0999
002886,2026-08-28,0.1
002886,2026-08-31,0.1
002886,2026-09-02,0.0999
002887,2026-03-24,0.1003
002888,2026-05-18,0.1
002888,2026-05-21,0.1
002889,2026-07-28,0.0998
002890,2026-01-21,0.1
002891,2026-04-15,0.0999
002891,2026-07-15,0.0998
002892,2026-05-15,0.0999
002892,2026-06-05,0.1001
002893,2026-05-19,0.1
002893,2026-09-02,0.1005
002895,2026-02-24,0.0999
002896,2026-03-23,0.1
002896,2026-05-26,0.1
002896,2026-06-02,0.1
002896,2026-06-05,0.1
002896,2026-07-03,0.0999
002896,2026-07-31,0.1
002896,2026-08-03,0.0999
002897,2026-05-22,0.1001
002897,2026-05-25,0.1
002897,2026-06-02,0.1
002897,2026-06-15,0.1
002897,2026-06-18,0.1
002897,2026-06-24,0.1
002897,2026-06-30,0.1
002897,2026-09-14,0.1
002899,2026-04-08,0.1002
002900,2026-07-15,0.1003
002900,2026-07-22,0.1
002900,2026-07-23,0.1
002900,2026-07-27,0.1
002900,2026-08-04,0.1003
002900,2026-08-07,0.1004
002900,2026-08-10,0.1001
002900,2026-08-19,0.0999
002900,2026-09-21,0.1004
002902,2026-03-19,0.1001
002902,2026-03-25,0.1
002902,2026-03-26,0.1002
002902,2026-04-01,0.1002
002902,2026-04-08,0.1
002902,2026-04-13,0.1001
002902,2026-04-27,0.1
002902,2026-04-28,0.1
002902,2026-05-08,0.1
002902,2026-06-30,0.1001
002902,2026-08-03,0.1
002902,2026-09-07,0.1
002902,2026-09-11,0.1002
002903,2026-03-09,0.1
002903,2026-03-10,0.1
002903,2026-03-13,0.1
002903,2026-04-29,0.1
002903,2026-05-06,0.1001
002903,2026-05-07,0.1
002903,2026-06-02,0.1001
002903,2026-06-05,0.1001
002903,2026-06-15,0.1001
002903,2026-06-30,0.1
002903,2026-07-29,0.1002
002903,2026-08-20,0.1001
002903,2026-08-21,0.1001
002903,2026-08-31,0.1002
002903,2026-09-16,0.0999
002905,2026-02-05,0.0998
002905,2026-02-10,0.1002
002906,2026-06-17,0.1001
002906,2026-08-24,0.1002
002907,2026-06-18,0.1001
002907,2026-07-09,0.1004
002907,2026-08-14,0.1002
002907,2026-08-17,0.1003
002907,2026-08-25,0.0999
002907,2026-09-21,0.1003
002908,2026-08-05,0.1001
002909,2026-08-31,0.1005
002909,2026-09-01,0.0997
002909,2026-09-02,0.0997
002909,2026-09-03,0.1003
002909,2026-09-07,0.0999
002909,2026-09-08,0.0996
002910,2026-06-16,0.1001
002910,2026-06-22,0.1004
002910,2026-06-26,0.1004
002910,2026-07-06,0.0999
002910,2026-07-08,0.1
002911,2026-03-03,0.1003
002912,2026-08-04,0.0999
002912,2026-09-10,0.0998
002912,2026-09-11,0.1001
002912,2026-09-14,0.1
002912,2026-09-15,0.1002
002912,2026-09-22,0.1001
002913,2026-01-21,0.0999
002913,2026-02-26,0.0999
002913,2026-03-05,0.1
002913,2026-03-06,0.1
002913,2026-03-18,0.1
002913,2026-06-11,0.1
002913,2026-06-15,0.1
002913,2026-07-21,0.0999
002913,2026-08-04,0.0999
002913,2026-08-07,0.1
002913,2026-09-16,0.1001
002915,2026-05-07,0.0999
002915,2026-05-15,0.1
002915,2026-06-29,0.1001
002915,2026-08-06,0.1003
002915,2026-08-28,0.1003
002916,2026-02-24,0.1
002916,2026-02-26,0.1
002916,2026-04-08,0.1
002916,2026-05-22,0.1
002916,2026-06-17,0.1
002916,2026-07-09,0.1
002916,2026-08-04,0.1
002916,2026-09-07,0.1
002918,2026-05-08,0.0998
002918,2026-05-11,0.1003
002918,2026-05-12,0.0998
002918,2026-05-13,0.1
002918,2026-05-14,0.1
002918,2026-05-15,0.0998
002918,2026-05-28,0.1
002918,2026-06-17,0.1001
002918,2026-07-27,0.1002
002918,2026-08-28,0.1
002918,2026-09-14,0.0996
002919,2026-01-15,0.1001
002919,2026-07-06,0.1002
002920,2026-01-06,0.1
002920,2026-05-21,0.1
002921,2026-02-06,0.1
002921,2026-04-08,0.1
002921,2026-06-23,0.1002
002921,2026-06-30,0.1002
002921,2026-08-04,0.0998
002921,2026-08-13,0.1
002921,2026-08-31,0.1
002922,2026-01-07,0.1001
002922,2026-02-03,0.1001
002922,2026-02-12,0.1001
002922,2026-05-13,0.1
002923,2026-04-01,0.1002
002923,2026-04-28,0.0997
002923,2026-07-01,0.1004
002925,2026-01-05,0.0998
002925,2026-01-06,0.0998
002925,2026-06-01,0.1002
002925,2026-07-27,0.1002
002927,2026-01-09,0.1002
002927,2026-05-18,0.1
002927,2026-05-25,0.1002
002927,2026-05-27,0.1002
002927,2026-06-12,0.0998
002927,2026-06-16,0.0999
002928,2026-02-04,0.1002
002928,2026-04-08,0.1
002928,2026-06-25,0.1003
002929,2026-01-07,0.0999
002929,2026-04-08,0.1
002929,2026-04-13,0.1
002929,2026-04-16,0.1001
002929,2026-04-30,0.1001
002929,2026-05-07,0.1001
002929,2026-05-08,0.1
002929,2026-05-13,0.1
002929,2026-06-30,0.1
002929,2026-07-01,0.1
002929,2026-07-31,0.1
002929,2026-08-04,0.1
002930,2026-03-09,0.0997
002930,2026-05-07,0.1004
002930,2026-05-08,0.1001
002930,2026-06-26,0.1004
002930,2026-07-01,0.1
002931,2026-01-05,0.1
002931,2026-01-06,0.1001
002931,2026-01-07,0.1001
002931,2026-01-08,0.1
002931,2026-01-09,0.1
002931,2026-01-12,0.1001
002931,2026-01-13,0.1001
002931,2026-01-19,0.1
002931,2026-01-20,0.1
002931,2026-01-21,0.1
002931,2026-01-22,0.1001
002931,2026-01-23,0.1
002931,2026-03-13,0.1001
002931,2026-05-21,0.1
002931,2026-05-22,0.0999
002931,2026-06-04,0.1
002931,2026-06-08,0.0999
002931,2026-06-16,0.1
002931,2026-06-30,0.1
002931,2026-07-02,0.1
002931,2026-07-31,0.1
002933,2026-06-01,0.0999
002935,2026-01-12,0.1002
002935,2026-04-20,0.0999
002935,2026-06-12,0.1001
002938,2026-01-22,0.1
002938,2026-04-22,0.1001
002938,2026-05-13,0.1
002938,2026-05-22,0.1
002938,2026-05-25,0.1
002938,2026-06-17,0.1
002938,2026-08-04,0.1
002940,2026-04-01,0.1
002940,2026-04-16,0.1001
002940,2026-04-17,0.1
002940,2026-05-13,0.0999
002940,2026-05-14,0.0999
002940,2026-05-21,0.1
002940,2026-07-01,0.1
002940,2026-07-15,0.1
002940,2026-08-20,0.0999
002941,2026-03-25,0.0998
002942,2026-08-26,0.0999
002942,2026-08-27,0.1001
002942,2026-08-28,0.0999
002943,2026-01-05,0.1
002943,2026-01-16,0.1
002943,2026-01-22,0.1
002943,2026-01-23,0.1
002943,2026-01-27,0.1
002943,2026-02-03,0.0999
002943,2026-02-06,0.1
002943,2026-04-13,0.1
002943,2026-05-11,0.1
002943,2026-05-28,0.1
002943,2026-06-24,0.1001
002943,2026-07-01,0.0999
002943,2026-08-07,0.1
002945,2026-01-06,0.0999
002945,2026-02-05,0.1002
002945,2026-07-29,0.1003
002945,2026-09-01,0.1001
002947,2026-04-09,0.1
002947,2026-05-25,0.1
002947,2026-08-25,0.1
002948,2026-01-29,0.0994
002949,2026-02-25,0.1002
002949,2026-08-25,0.0999
002949,2026-08-26,0.0997
002949,2026-08-28,0.1
002949,2026-09-04,0.1001
002950,2026-03-13,0.1003
002950,2026-04-10,0.0998
002950,2026-04-21,0.1002
002950,2026-06-18,0.0997
002951,2026-02-03,0.0998
002951,2026-02-11,0.0997
002951,2026-02-12,0.1
002951,2026-02-13,0.0999
002951,2026-03-12,0.1002
002951,2026-05-07,0.1002
002951,2026-05-25,0.0998
002951,2026-05-28,0.1
002951,2026-06-01,0.0998
002951,2026-06-02,0.1
002951,2026-06-04,0.0998
002951,2026-07-07,0.1001
002951,2026-07-08,0.0997
002951,2026-07-27,0.1001
002951,2026-08-10,0.1003
002951,2026-08-14,0.1001
002952,2026-01-30,0.1
002952,2026-03-03,0.1
002952,2026-03-05,0.1
002952,2026-04-03,0.1
002952,2026-04-21,0.1
002952,2026-05-21,0.1
002952,2026-08-28,0.0999
002953,2026-01-16,0.1003
002953,2026-07-22,0.1004
002953,2026-08-18,0.1001
002953,2026-08-19,0.1004
002953,2026-08-27,0.1
002955,2026-06-01,0.1002
002955,2026-06-30,0.1
002955,2026-09-01,0.1001
002956,2026-04-29,0.1002
002956,2026-07-29,0.1001
002956,2026-09-16,0.0999
002957,2026-02-03,0.0999
002957,2026-02-06,0.1002
002957,2026-03-03,0.1
002957,2026-04-07,0.0999
002957,2026-04-08,0.1001
002957,2026-04-13,0.1
002957,2026-04-17,0.1
002957,2026-05-25,0.1001
002957,2026-05-26,0.1
002957,2026-05-28,0.0999
002957,2026-06-02,0.1
002957,2026-07-31,0.1002
002957,2026-08-04,0.1
002957,2026-08-05,0.1001
002957,2026-09-07,0.1
002957,2026-09-16,0.1001
002960,2026-06-05,0.0995
002960,2026-06-10,0.0995
002961,2026-03-06,0.1
002961,2026-06-15,0.0999
002961,2026-09-16,0.1002
002962,2026-04-09,0.1002
002962,2026-04-10,0.1002
002962,2026-06-02,0.1
002962,2026-06-23,0.0999
002962,2026-06-26,0.1001
002963,2026-06-08,0.0998
002963,2026-06-22,0.1001
002963,2026-07-31,0.0998
002963,2026-08-03,0.0998
002963,2026-08-04,0.0997
002963,2026-08-05,0.1001
002963,2026-08-06,0.1001
002963,2026-08-11,0.1002
002963,2026-08-25,0.1002
002963,2026-08-26,0.0999
002963,2026-09-07,0.0998
002963,2026-09-16,0.0998
002963,2026-09-21,0.1002
002965,2026-05-08,0.1002
002965,2026-06-03,0.1001
002965,2026-06-11,0.0999
002965,2026-06-25,0.1001
002965,2026-06-26,0.1001
002965,2026-09-18,0.1001
002969,2026-01-06,0.1
002969,2026-01-12,0.1002
002969,2026-01-14,0.1003
002969,2026-01-19,0.0997
002969,2026-01-20,0.1
002969,2026-01-22,0.0999
002969,2026-02-05,0.1
002969,2026-02-10,0.1002
002969,2026-03-10,0.1002
002969,2026-03-13,0.1002
002969,2026-04-29,0.1002
002969,2026-06-12,0.1
002969,2026-07-27,0.0998
002969,2026-07-28,0.1003
002969,2026-09-03,0.1001
002970,2026-01-29,0.1001
002970,2026-02-04,0.1001
002970,2026-02-26,0.1
002970,2026-06-09,0.1001
002970,2026-07-10,0.1
002970,2026-07-21,0.1001
002971,2026-01-08,0.1001
002971,2026-04-23,0.1
002971,2026-05-11,0.1002
002971,2026-05-14,0.1001
002971,2026-05-15,0.1001
002971,2026-05-27,0.1
002971,2026-06-04,0.1
002971,2026-06-09,0.0999
002971,2026-06-10,0.1
002971,2026-06-11,0.1001
002971,2026-06-12,0.1001
002971,2026-06-18,0.1001
002971,2026-07-01,0.1
002971,2026-07-02,0.1
002971,2026-08-05,0.1
002971,2026-08-06,0.1
002971,2026-08-07,0.1001
002971,2026-08-21,0.1001
002971,2026-08-28,0.1
002971,2026-09-18,0.1
002972,2026-06-15,0.0998
002972,2026-09-07,0.1003
002973,2026-02-27,0.1002
002973,2026-05-14,0.1
002973,2026-08-06,0.1001
002975,2026-02-12,0.1
002975,2026-04-08,0.1
002975,2026-04-09,0.1
002975,2026-04-17,0.1
002975,2026-05-22,0.1
002975,2026-05-25,0.1
002975,2026-05-28,0.1
002975,2026-06-02,0.1
002975,2026-06-15,0.1
002975,2026-06-22,0.1
002975,2026-07-09,0.1
002975,2026-07-14,0.1
002975,2026-08-04,0.1
002975,2026-08-05,0.1
002975,2026-08-06,0.1
002975,2026-09-07,0.1
002976,2026-05-14,0.1001
002976,2026-05-25,0.0999
002976,2026-06-09,0.0999
002976,2026-06-12,0.1
002976,2026-06-23,0.1
002976,2026-09-14,0.1001
002976,2026-09-16,0.1
002978,2026-01-06,0.1001
002978,2026-02-25,0.1001
002979,2026-05-08,0.1
002979,2026-05-15,0.1001
002979,2026-07-02,0.1
002979,2026-07-03,0.1
002979,2026-07-31,0.1001
002980,2026-02-27,0.0998
002980,2026-03-02,0.1001
002980,2026-03-03,0.1001
002980,2026-03-16,0.0999
002980,2026-03-30,0.1
002980,2026-04-03,0.1
002980,2026-04-07,0.1
002980,2026-04-13,0.1
002980,2026-04-14,0.1
002980,2026-04-17,0.1
002980,2026-05-07,0.1
002980,2026-05-14,0.1
002980,2026-05-18,0.1
002980,2026-05-22,0.1
002980,2026-05-25,0.1
002980,2026-06-02,0.1
002980,2026-06-25,0.1
002980,2026-07-15,0.1001
002980,2026-08-04,0.1
002980,2026-08-05,0.1
002980,2026-08-27,0.1
002980,2026-09-03,0.1
002980,2026-09-07,0.1
002980,2026-09-08,0.1
002980,2026-09-18,0.1
002981,2026-06-04,0.0999
002981,2026-07-01,0.0998
002981,2026-07-03,0.0999
002982,2026-04-21,0.0998
002982,2026-06-08,0.1004
002982,2026-07-01,0.1005
002983,2026-03-05,0.1
002983,2026-06-05,0.1001
002985,2026-01-19,0.0999
002985,2026-01-22,0.1001
002985,2026-02-05,0.1
002985,2026-06-12,0.1001
002986,2026-03-05,0.1003
002987,2026-07-21,0.1004
002988,2026-04-10,0.1001
002988,2026-05-19,0.1
002988,2026-07-03,0.0999
002988,2026-08-14,0.1001
002988,2026-08-21,0.0999
002988,2026-09-07,0.1002
002989,2026-01-08,0.0999
002989,2026-02-25,0.0999
002989,2026-04-28,0.1
002989,2026-04-30,0.1002
002989,2026-05-06,0.1
002989,2026-06-16,0.1001
002989,2026-06-17,0.1001
002989,2026-06-18,0.1001
002989,2026-07-06,0.1001
002989,2026-07-10,0.0999
002989,2026-08-04,0.0999
002989,2026-08-14,0.1002
002990,2026-03-16,0.0999
002990,2026-04-14,0.1
002990,2026-04-15,0.1001
002990,2026-04-16,0.1
002990,2026-04-17,0.1
002990,2026-04-24,0.1
002990,2026-04-30,0.0999
002990,2026-05-07,0.1
002990,2026-05-14,0.1
002990,2026-06-15,0.1001
002990,2026-06-16,0.1001
002990,2026-06-24,0.1
002990,2026-06-25,0.1
002990,2026-08-04,0.0999
002990,2026-08-05,0.1
002992,2026-06-15,0.1
002992,2026-07-20,0.1
002992,2026-08-05,0.1
002993,2026-01-23,0.1
002993,2026-03-10,0.0999
002993,2026-05-13,0.1
002993,2026-05-22,0.1
002993,2026-06-09,0.1
002993,2026-06-16,0.1
002995,2026-01-19,0.0999
002995,2026-01-21,0.1001
002995,2026-01-26,0.0999
002995,2026-01-27,0.1
002995,2026-01-29,0.0999
002995,2026-01-30,0.1001
002995,2026-02-05,0.1
002995,2026-03-16,0.0999
002995,2026-03-27,0.1
002995,2026-03-31,0.0999
002995,2026-04-08,0.1
002995,2026-05-28,0.1002
002995,2026-05-29,0.1002
002995,2026-06-01,0.0999
002995,2026-06-09,0.1
002995,2026-07-02,0.1001
002995,2026-07-28,0.0998
002997,2026-05-08,0.0999
002997,2026-06-12,0.1
002998,2026-02-25,0.0995
002998,2026-07-02,0.1007
002999,2026-04-24,0.1006
002999,2026-09-02,0.1006
002999,2026-09-08,0.1
003001,2026-05-13,0.0999
003001,2026-07-10,0.0998
003001,2026-07-14,0.0998
003001,2026-07-17,0.1001
003001,2026-07-23,0.1003
003001,2026-07-24,0.0998
003001,2026-07-29,0.1002
003001,2026-07-31,0.1001
003001,2026-08-03,0.0998
003001,2026-09-16,0.1001
003001,2026-09-17,0.1002
003004,2026-05-20,0.0999
003004,2026-05-21,0.0999
003004,2026-05-26,0.1001
003004,2026-06-01,0.1
003004,2026-06-29,0.1
003004,2026-07-07,0.1
003005,2026-07-31,0.0998
003005,2026-08-28,0.1003
003005,2026-08-31,0.0998
003005,2026-09-01,0.0998
003005,2026-09-02,0.1001
003006,2026-04-20,0.1002
003006,2026-06-29,0.0999
003007,2026-01-08,0.0999
003007,2026-01-09,0.0999
003007,2026-01-12,0.1
003007,2026-01-13,0.1
003007,2026-01-14,0.0999
003007,2026-04-03,0.1001
003007,2026-05-06,0.1
003007,2026-05-13,0.1
003007,2026-05-21,0.1
003007,2026-07-01,0.1
003009,2026-03-02,0.1
003009,2026-06-05,0.1001
003009,2026-06-08,0.1
003009,2026-06-12,0.1
003009,2026-06-30,0.1
003009,2026-07-10,0.0999
003010,2026-07-15,0.0999
003010,2026-08-20,0.1
003011,2026-06-04,0.0998
003011,2026-07-03,0.1
003017,2026-01-05,0.1001
003018,2026-02-05,0.1002
003018,2026-02-06,0.1002
003018,2026-02-09,0.0998
003018,2026-02-11,0.1
003018,2026-02-27,0.1002
003018,2026-03-18,0.1
003018,2026-03-26,0.1002
003018,2026-04-13,0.1002
003018,2026-04-17,0.1001
003018,2026-04-20,0.0999
003018,2026-04-21,0.0999
003018,2026-04-22,0.1001
003018,2026-05-14,0.1001
003018,2026-05-15,0.1001
003018,2026-05-18,0.0999
003018,2026-05-28,0.1
003018,2026-06-09,0.1
003018,2026-06-24,0.1
003018,2026-07-09,0.1
003018,2026-07-31,0.1002
003018,2026-08-04,0.1
003018,2026-08-05,0.1001
003018,2026-08-21,0.1
003018,2026-08-25,0.1
003018,2026-08-31,0.1
003018,2026-09-03,0.1
003019,2026-06-29,0.0999
003020,2026-07-09,0.1001
003020,2026-07-10,0.0998
003020,2026-07-13,0.0998
003020,2026-07-27,0.1
003021,2026-03-10,0.1
003021,2026-07-03,0.1
003021,2026-08-25,0.1001
003022,2026-04-23,0.0999
003022,2026-05-14,0.1
003023,2026-03-06,0.0999
003023,2026-04-20,0.1002
003026,2026-04-28,0.1001
003026,2026-06-09,0.1001
003026,2026-06-10,0.1002
003026,2026-09-15,0.1
003026,2026-09-16,0.1001
003026,2026-09-17,0.0999
003027,2026-03-13,0.1
003027,2026-04-21,0.1002
003028,2026-07-03,0.1001
003029,2026-08-06,0.1003
003030,2026-06-01,0.1
003030,2026-06-10,0.1
003030,2026-07-02,0.1
003030,2026-07-13,0.1002
003030,2026-07-27,0.1002
003030,2026-08-28,0.0999
003031,2026-01-07,0.1
003031,2026-01-27,0.1
003031,2026-04-03,0.1
003031,2026-04-17,0.1
003031,2026-05-11,0.1
003031,2026-05-14,0.1
003031,2026-06-18,0.1
003031,2026-06-22,0.1
003031,2026-07-21,0.1
003031,2026-08-04,0.1
003031,2026-08-14,0.1
003031,2026-08-17,0.1
003031,2026-08-21,0.1
003031,2026-09-16,0.1
003032,2026-07-27,0.1005
003032,2026-07-28,0.0997
003032,2026-07-29,0.0997
003032,2026-07-30,0.1003
003032,2026-07-31,0.0999
003032,2026-08-03,0.0999
003032,2026-08-04,0.1001
003032,2026-08-05,0.1004
003032,2026-08-12,0.0997
003033,2026-03-31,0.1
003033,2026-06-26,0.1
003033,2026-07-21,0.1001
003035,2026-01-20,0.0996
003035,2026-02-03,0.1006
003035,2026-02-24,0.0997
003035,2026-02-27,0.1004
003035,2026-03-09,0.0999
003035,2026-08-24,0.0998
003036,2026-02-05,0.1002
003036,2026-03-05,0.1
003036,2026-03-30,0.0998
003036,2026-04-10,0.1001
003036,2026-04-15,0.1
003036,2026-04-24,0.0999
003036,2026-04-27,0.1
003036,2026-05-08,0.1
003036,2026-05-20,0.1
003036,2026-05-25,0.1
003036,2026-05-26,0.1
003036,2026-05-28,0.1
003036,2026-06-04,0.1001
003036,2026-06-05,0.1001
003036,2026-06-09,0.1
003036,2026-06-15,0.1
003036,2026-07-31,0.1001
003036,2026-08-04,0.1
003036,2026-08-06,0.1
003036,2026-08-31,0.1
003037,2026-01-08,0.1004
003038,2026-01-23,0.1
003038,2026-02-04,0.0998
003039,2026-01-05,0.0998
003039,2026-01-20,0.0998
003039,2026-09-02,0.0998
003040,2026-08-06,0.0997
003040,2026-08-21,0.0997
003040,2026-08-24,0.1001
003040,2026-08-25,0.1002
003040,2026-08-26,0.1001
003040,2026-08-27,0.0998
003040,2026-09-01,0.1
003040,2026-09-04,0.1
003041,2026-01-12,0.1
003041,2026-01-13,0.0999
003041,2026-01-23,0.1
003041,2026-03-13,0.1
003041,2026-04-08,0.1
003041,2026-04-16,0.1
003041,2026-05-06,0.1
003041,2026-05-07,0.0999
003041,2026-06-01,0.1001
003041,2026-09-18,0.1
003042,2026-01-23,0.1003
003042,2026-01-26,0.1001
003042,2026-01-27,0.1
003042,2026-01-28,0.1
003042,2026-03-27,0.0998
003042,2026-03-30,0.1002
003042,2026-04-07,0.1
003043,2026-03-25,0.1001
003043,2026-06-04,0.1
003043,2026-06-10,0.1
003043,2026-06-24,0.1001
003043,2026-06-29,0.1
003043,2026-06-30,0.1001
003043,2026-08-10,0.1
003043,2026-08-18,0.1
300003,2026-01-05,0.1999
300004,2026-05-12,0.1997
300005,2026-06-15,0.1997
300006,2026-04-03,0.2007
300006,2026-08-20,0.2
300009,2026-08-20,0.1998
300016,2026-08-21,0.2
300017,2026-01-26,0.2003
300017,2026-07-08,0.1997
300017,2026-08-14,0.2001
300018,2026-07-03,0.1998
300020,2026-06-30,0.2
300027,2026-04-16,0.2011
300042,2026-03-16,0.2
300042,2026-03-18,0.2
300042,2026-05-06,0.1999
300044,2026-01-09,0.1995
300044,2026-06-30,0.2009
300045,2026-01-12,0.2001
300051,2026-01-09,0.2006
300051,2026-01-23,0.2
300051,2026-03-16,0.1996
300052,2026-05-07,0.2002
300052,2026-06-05,0.1998
300052,2026-08-04,0.2002
300058,2026-01-05,0.1997
300058,2026-01-12,0.2002
300058,2026-04-08,0.2001
300058,2026-07-31,0.1998
300061,2026-04-23,0.1995
300062,2026-07-23,0.2004
300063,2026-01-09,0.2002
300063,2026-01-12,0.2
300063,2026-01-13,0.1997
300063,2026-01-29,0.1999
300065,2026-01-08,0.2
300065,2026-07-10,0.2001
300067,2026-04-21,0.1995
300067,2026-04-22,0.2
300067,2026-04-23,0.1997
300067,2026-07-28,0.2009
300068,2026-06-16,0.2
300069,2026-03-25,0.2001
300069,2026-05-20,0.2
300069,2026-05-21,0.1999
300069,2026-05-22,0.2
300069,2026-07-10,0.1999
300069,2026-08-19,0.2001
300071,2026-01-12,0.2003
300071,2026-07-02,0.1989
300072,2026-03-05,0.2
300078,2026-01-13,0.2008
300083,2026-04-30,0.2002
300084,2026-03-02,0.1998
300085,2026-06-22,0.1999
300085,2026-06-23,0.2
300088,2026-06-17,0.1998
300093,2026-07-21,0.1998
300097,2026-08-25,0.2005
300102,2026-01-08,0.2001
300102,2026-01-09,0.2001
300102,2026-01-23,0.2001
300103,2026-06-01,0.2005
300105,2026-06-08,0.2007
300109,2026-08-20,0.1997
300110,2026-09-21,0.2007
300110,2026-09-22,0.2006
300111,2026-01-19,0.199
300112,2026-09-07,0.2002
300113,2026-03-09,0.1998
300118,2026-01-23,0.2
300120,2026-08-14,0.1995
300121,2026-07-01,0.2
300122,2026-08-20,0.1997
300129,2026-01-08,0.1998
300129,2026-07-03,0.1998
300131,2026-04-10,0.2
300137,2026-07-21,0.1998
300139,2026-01-26,0.2001
300139,2026-01-28,0.2001
300139,2026-03-02,0.2001
300141,2026-01-08,0.2003
300141,2026-07-23,0.2
300142,2026-08-20,0.2
300145,2026-06-16,0.1996
300149,2026-04-01,0.2
300149,2026-06-23,0.1995
300149,2026-07-15,0.1998
300152,2026-02-05,0.1991
300152,2026-05-19,0.2026
300157,2026-02-24,0.2007
300157,2026-03-02,0.2003
300157,2026-03-03,0.2002
300162,2026-03-05,0.2
300162,2026-06-05,0.1995
300162,2026-06-26,0.1998
300163,2026-07-02,0.2004
300164,2026-01-28,0.2002
300164,2026-01-29,0.2004
300164,2026-02-24,0.2004
300164,2026-03-02,0.1997
300164,2026-03-03,0.2002
300164,2026-07-14,0.2004
300165,2026-04-07,0.1996
300166,2026-05-06,0.2001
300166,2026-06-18,0.2003
300167,2026-06-23,0.1991
300169,2026-07-29,0.2009
300170,2026-01-12,0.2001
300174,2026-05-22,0.2
300175,2026-07-01,0.2009
300179,2026-02-24,0.2
300179,2026-05-22,0.1999
300179,2026-05-28,0.2001
300179,2026-06-22,0.2
300182,2026-02-09,0.1993
300182,2026-02-10,0.2003
300185,2026-03-13,0.1994
300187,2026-04-28,0.1992
300189,2026-08-18,0.2004
300189,2026-09-01,0.2003
300191,2026-01-29,0.2
300191,2026-02-24,0.2001
300191,2026-03-02,0.1999
300191,2026-03-03,0.2001
300196,2026-05-25,0.2002
300197,2026-06-01,0.1988
300197,2026-06-02,0.2021
300197,2026-06-03,0.1983
300197,2026-06-08,0.1984
300197,2026-08-12,0.1979
300200,2026-01-07,0.2003
300204,2026-03-27,0.2002
300204,2026-06-29,0.2
300209,2026-03-16,0.2004
300209,2026-04-08,0.2002
300209,2026-04-29,0.2001
300209,2026-07-14,0.2
300209,2026-08-04,0.2001
300210,2026-05-13,0.2002
300212,2026-05-18,0.1993
300214,2026-07-13,0.2
300214,2026-07-23,0.2
300214,2026-07-27,0.1998
300214,2026-08-21,0.2
300215,2026-01-16,0.2
300215,2026-02-02,0.1995
300221,2026-06-09,0.1999
300223,2026-06-25,0.2
300229,2026-01-12,0.2002
300231,2026-07-15,0.1995
300238,2026-01-05,0.2
300241,2026-03-05,0.1997
300242,2026-01-20,0.1992
300243,2026-05-22,0.2001
300243,2026-06-22,0.2
300243,2026-09-16,0.2001
300244,2026-01-09,0.2
300244,2026-01-12,0.1998
300245,2026-03-25,0.2002
300246,2026-01-13,0.1998
300246,2026-03-11,0.2
300248,2026-08-05,0.2002
300251,2026-02-10,0.2
300253,2026-01-12,0.1998
300255,2026-07-10,0.2
300257,2026-03-10,0.1999
300258,2026-05-08,0.1997
300260,2026-06-09,0.2001
300263,2026-05-15,0.2
300263,2026-06-11,0.1997
300264,2026-06-10,0.2005
300264,2026-06-26,0.2002
300265,2026-02-02,0.2
300265,2026-03-04,0.2
300265,2026-03-05,0.2002
300265,2026-05-12,0.2
300267,2026-01-13,0.1995
300269,2026-01-06,0.2006
300269,2026-03-05,0.2
300269,2026-06-30,0.2004
300270,2026-06-30,0.2002
300270,2026-08-04,0.2
300275,2026-05-25,0.2
300276,2026-05-15,0.1994
300277,2026-02-12,0.1998
300279,2026-01-19,0.1998
300283,2026-04-24,0.2002
300283,2026-05-08,0.2
300283,2026-06-17,0.1999
300285,2026-07-21,0.1999
300287,2026-07-01,0.1994
300289,2026-06-11,0.1993
300290,2026-07-28,0.199
300291,2026-01-12,0.1998
300291,2026-05-27,0.2004
300300,2026-02-05,0.2
300302,2026-03-18,0.2001
300302,2026-05-11,0.2
300302,2026-05-18,0.2
300303,2026-02-26,0.2
300303,2026-03-05,0.2002
300305,2026-08-03,0.2
300311,2026-08-06,0.1993
300313,2026-08-17,0.2002
300313,2026-08-18,0.2004
300313,2026-08-24,0.2
300314,2026-08-17,0.2003
300317,2026-02-27,0.1991
300319,2026-06-18,0.2002
300321,2026-06-30,0.2
300323,2026-03-05,0.2002
300324,2026-09-22,0.2
300331,2026-01-06,0.2
300332,2026-03-03,0.2007
300332,2026-03-19,0.2
300333,2026-07-29,0.2003
300333,2026-08-13,0.1995
300334,2026-06-05,0.1997
300335,2026-03-24,0.2
300342,2026-01-12,0.2
300343,2026-07-01,0.1993
300345,2026-01-23,0.1994
300345,2026-03-23,0.2003
300345,2026-07-01,0.2003
300345,2026-08-17,0.1995
300346,2026-01-07,0.2
300349,2026-01-12,0.1998
300351,2026-06-17,0.1999
300353,2026-06-05,0.2002
300359,2026-07-29,0.2005
300363,2026-08-07,0.2002
300363,2026-08-20,0.2
300364,2026-01-12,0.2
300364,2026-02-09,0.2
300364,2026-02-10,0.2001
300364,2026-07-31,0.2001
300364,2026-08-31,0.2002
300368,2026-05-06,0.2
300368,2026-07-20,0.2003
300368,2026-08-27,0.1995
300369,2026-07-08,0.2
300376,2026-06-08,0.2
300377,2026-06-12,0.2
300378,2026-08-28,0.1999
300385,2026-01-23,0.1998
300385,2026-03-23,0.1998
300385,2026-03-24,0.1999
300385,2026-03-30,0.1998
300385,2026-07-01,0.2004
300386,2026-06-17,0.1998
300386,2026-08-06,0.1996
300389,2026-03-05,0.2
300393,2026-02-04,0.2
300399,2026-01-06,0.2001
300401,2026-06-22,0.1999
300404,2026-01-13,0.1996
300404,2026-08-13,0.2002
300404,2026-08-14,0.2
300409,2026-01-05,0.2001
300409,2026-01-12,0.1999
300411,2026-06-09,0.2005
300413,2026-08-31,0.2
300413,2026-09-01,0.2002
300414,2026-07-24,0.2002
300418,2026-01-09,0.1999
300418,2026-01-12,0.1999
300418,2026-07-31,0.2
300422,2026-04-24,0.2009
300423,2026-02-04,0.1995
300426,2026-08-11,0.2
300427,2026-01-14,0.2003
300430,2026-01-05,0.1998
300430,2026-01-06,0.1999
300430,2026-09-14,0.2
300434,2026-06-29,0.1998
300434,2026-09-17,0.1998
300435,2026-01-12,0.2002
300436,2026-01-23,0.2
300436,2026-04-01,0.2
300436,2026-06-29,0.2
300437,2026-02-25,0.1997
300438,2026-04-29,0.2
300442,2026-01-12,0.2
300444,2026-01-19,0.2
300444,2026-07-23,0.2
300449,2026-02-13,0.2
300449,2026-05-11,0.1995
300449,2026-05-12,0.1998
300452,2026-01-15,0.2001
300454,2026-01-22,0.2
300454,2026-07-08,0.2
300456,2026-08-27,0.2001
300461,2026-02-05,0.1999
300461,2026-02-06,0.2
300461,2026-03-27,0.2
300463,2026-01-26,0.2003
300464,2026-09-16,0.2
300469,2026-07-09,0.2
300475,2026-04-08,0.2
300475,2026-06-17,0.2
300480,2026-02-09,0.2002
300480,2026-07-24,0.2002
300481,2026-06-11,0.2001
300481,2026-07-01,0.1998
300483,2026-03-02,0.1982
300483,2026-03-03,0.1999
300486,2026-05-29,0.2002
300486,2026-06-02,0.2002
300487,2026-07-01,0.2
300488,2026-05-08,0.2001
300489,2026-04-09,0.2
300489,2026-05-28,0.2
300489,2026-06-15,0.2
300489,2026-08-04,0.2
300497,2026-03-24,0.1997
300499,2026-02-26,0.2001
300503,2026-06-30,0.1999
300504,2026-03-11,0.2
300505,2026-02-25,0.2001
300505,2026-06-11,0.1999
300506,2026-06-24,0.2008
300508,2026-07-31,0.2
300510,2026-07-23,0.2
300515,2026-07-20,0.2003
300516,2026-06-03,0.2
300518,2026-06-30,0.2001
300518,2026-07-01,0.2
300520,2026-01-12,0.2001
300520,2026-01-14,0.2001
300522,2026-06-17,0.2001
300522,2026-06-18,0.1999
300522,2026-06-22,0.1999
300528,2026-02-10,0.2
300528,2026-07-15,0.1999
300530,2026-07-29,0.2002
300532,2026-07-14,0.2007
300533,2026-04-21,0.2002
300534,2026-07-13,0.2
300534,2026-07-20,0.2004
300534,2026-07-27,0.2004
300534,2026-08-13,0.1997
300536,2026-01-09,0.1997
300539,2026-07-01,0.1998
300540,2026-04-20,0.2
300540,2026-04-28,0.2
300540,2026-06-26,0.1998
300540,2026-06-30,0.2001
300540,2026-08-06,0.1999
300545,2026-06-30,0.2
300548,2026-06-15,0.2
300552,2026-01-06,0.2001
300552,2026-08-05,0.2002
300561,2026-01-05,0.1999
300561,2026-04-10,0.1998
300561,2026-04-13,0.1997
300561,2026-06-22,0.2003
300561,2026-07-01,0.1997
300563,2026-06-30,0.1999
300563,2026-09-11,0.1998
300566,2026-07-14,0.2001
300570,2026-06-15,0.2
300570,2026-08-17,0.2
300571,2026-03-18,0.1999
300571,2026-04-08,0.1999
300577,2026-07-17,0.1998
300578,2026-01-09,0.1999
300580,2026-07-03,0.2002
300581,2026-06-12,0.1996
300582,2026-04-27,0.1998
300584,2026-06-17,0.2
300588,2026-06-15,0.1999
300590,2026-04-23,0.2003
300592,2026-01-22,0.2003
300592,2026-08-04,0.1997
300593,2026-06-09,0.1999
300598,2026-08-18,0.2001
300599,2026-01-05,0.2
300601,2026-08-20,0.1998
300604,2026-05-11,0.2
300604,2026-07-21,0.2
300606,2026-01-16,0.2
300606,2026-03-16,0.2001
300607,2026-07-01,0.2001
300608,2026-04-03,0.2
300608,2026-05-19,0.2003
300613,2026-04-24,0.2001
300613,2026-08-03,0.2001
300615,2026-08-03,0.2002
300615,2026-08-04,0.2004
300615,2026-08-05,0.1997
300615,2026-08-06,0.1997
300616,2026-05-11,0.1999
300616,2026-05-19,0.2
300617,2026-03-04,0.2
300620,2026-08-04,0.2
300624,2026-01-12,0.2
300626,2026-04-03,0.2001
300626,2026-05-25,0.1999
300626,2026-06-05,0.2001
300626,2026-07-09,0.2001
300629,2026-03-10,0.2001
300632,2026-04-29,0.2001
300632,2026-04-30,0.2001
300632,2026-05-19,0.2
300634,2026-05-19,0.2001
300639,2026-01-26,0.2003
300639,2026-01-27,0.2
300642,2026-08-25,0.2
300642,2026-09-01,0.1999
300642,2026-09-21,0.1999
300643,2026-07-21,0.2003
300649,2026-06-01,0.2
300650,2026-06-25,0.2003
300651,2026-04-07,0.2
300652,2026-01-05,0.2
300652,2026-05-06,0.2001
300656,2026-06-09,0.1999
300656,2026-09-16,0.2001
300657,2026-05-18,0.1999
300657,2026-05-19,0.2
300658,2026-01-19,0.1997
300658,2026-02-25,0.2
300658,2026-03-25,0.2
300663,2026-07-28,0.1995
300665,2026-06-23,0.2
300666,2026-06-11,0.2
300671,2026-06-30,0.2
300679,2026-04-08,0.1999
300679,2026-08-17,0.2
300684,2026-07-06,0.2
300684,2026-08-14,0.2001
300684,2026-08-17,0.2
300684,2026-08-18,0.2
300686,2026-08-05,0.2
300688,2026-07-22,0.2001
300689,2026-01-27,0.1999
300690,2026-03-12,0.1999
300691,2026-09-21,0.2
300695,2026-07-02,0.2
300706,2026-06-11,0.1999
300708,2026-03-05,0.2004
300710,2026-08-20,0.2001
300711,2026-01-12,0.1999
300711,2026-08-06,0.1999
300715,2026-05-14,0.2
300718,2026-07-03,0.2
300719,2026-02-13,0.1999
300720,2026-07-31,0.2001
300720,2026-08-04,0.2
300721,2026-04-23,0.2001
300721,2026-05-15,0.1998
300721,2026-05-28,0.2
300721,2026-06-10,0.1999
300721,2026-06-23,0.1999
300724,2026-01-23,0.2
300726,2026-06-04,0.2
300726,2026-06-15,0.2
300731,2026-01-30,0.1999
300735,2026-06-17,0.1999
300736,2026-04-16,0.1998
300736,2026-05-11,0.1999
300737,2026-01-22,0.2
300737,2026-06-17,0.2
300739,2026-02-26,0.2
300740,2026-07-02,0.1999
300741,2026-09-17,0.2001
300749,2026-02-09,0.1999
300749,2026-02-10,0.2002
300749,2026-02-24,0.1999
300751,2026-01-23,0.2
300753,2026-01-05,0.2
300753,2026-01-06,0.2
300753,2026-01-08,0.1999
300753,2026-07-27,0.1999
300757,2026-02-03,0.2
300758,2026-01-14,0.2001
300758,2026-01-15,0.2
300765,2026-08-20,0.2
300766,2026-01-12,0.2001
300769,2026-04-29,0.2
300773,2026-01-14,0.2001
300775,2026-01-22,0.1999
300776,2026-04-17,0.2
300779,2026-05-25,0.2
300779,2026-07-03,0.2
300779,2026-07-22,0.2
300780,2026-01-16,0.1998
300780,2026-01-23,0.2
300780,2026-01-29,0.1999
300780,2026-06-16,0.2001
300781,2026-01-29,0.2
300785,2026-01-12,0.2
300785,2026-01-14,0.2
300786,2026-07-10,0.1998
300788,2026-02-25,0.1999
300788,2026-09-08,0.1999
300789,2026-07-31,0.2
300792,2026-01-12,0.2
300792,2026-01-14,0.2001
300795,2026-05-26,0.1998
300795,2026-07-17,0.2005
300795,2026-07-21,0.2002
300795,2026-07-27,0.1996
300795,2026-07-31,0.2
300798,2026-01-28,0.2005
300798,2026-04-16,0.2004
300802,2026-07-27,0.2002
300805,2026-01-30,0.1998
300805,2026-07-16,0.1997
300806,2026-01-27,0.2
300806,2026-04-17,0.2
300807,2026-05-07,0.1999
300812,2026-02-13,0.2
300812,2026-04-03,0.2
300814,2026-07-21,0.2
300816,2026-01-12,0.2
300819,2026-02-11,0.2
300819,2026-05-07,0.2
300819,2026-06-25,0.2001
300821,2026-02-25,0.1998
300821,2026-04-07,0.1998
300827,2026-03-20,0.2001
300828,2026-01-22,0.1998
300829,2026-09-21,0.2002
300830,2026-01-12,0.2
300830,2026-02-27,0.2
300830,2026-09-03,0.1998
300834,2026-03-31,0.1998
300834,2026-04-01,0.2
300834,2026-04-02,0.2001
300834,2026-07-22,0.2001
300835,2026-05-25,0.2
300835,2026-06-23,0.2
300837,2026-01-06,0.2
300837,2026-01-21,0.2
300839,2026-03-03,0.2003
300839,2026-04-02,0.1999
300839,2026-08-21,0.2002
300841,2026-08-20,0.2
300842,2026-01-13,0.2
300842,2026-02-03,0.2
300843,2026-06-16,0.2
300846,2026-02-12,0.2001
300849,2026-06-01,0.2002
300852,2026-07-01,0.2
300857,2026-04-14,0.2
300858,2026-03-27,0.1999
300861,2026-01-23,0.2002
300861,2026-06-18,0.1998
300862,2026-08-10,0.1999
300862,2026-08-11,0.1999
300862,2026-08-12,0.1999
300862,2026-08-13,0.2001
300862,2026-08-14,0.1999
300868,2026-03-23,0.1999
300868,2026-05-07,0.2
300868,2026-05-25,0.2
300871,2026-01-26,0.2001
300873,2026-06-30,0.2001
300878,2026-01-09,0.2001
300878,2026-05-15,0.1999
300880,2026-03-04,0.2
300882,2026-06-22,0.2003
300884,2026-01-05,0.2
300885,2026-04-30,0.1998
300887,2026-01-05,0.2
300887,2026-01-06,0.1997
300887,2026-01-08,0.1998
300890,2026-04-22,0.1999
300894,2026-06-11,0.2004
300894,2026-07-30,0.2004
300895,2026-03-05,0.2001
300895,2026-03-19,0.1999
300897,2026-06-04,0.2
300897,2026-07-27,0.2
300900,2026-03-30,0.2
300903,2026-06-17,0.2
300903,2026-08-06,0.2
300903,2026-09-14,0.2
300905,2026-04-16,0.2
300905,2026-04-17,0.1999
300905,2026-04-28,0.2
300907,2026-05-22,0.1999
300911,2026-08-19,0.1998
300911,2026-08-31,0.2001
300912,2026-02-04,0.2
300912,2026-02-05,0.1998
300912,2026-02-06,0.2001
300912,2026-02-09,0.2
300912,2026-07-03,0.2
300912,2026-07-14,0.1998
300916,2026-08-07,0.2
300922,2026-08-25,0.1999
300927,2026-01-20,0.1999
300927,2026-04-07,0.1999
300927,2026-09-01,0.2
300929,2026-08-14,0.1997
300931,2026-06-16,0.1997
300936,2026-03-10,0.2001
300937,2026-07-14,0.2001
300937,2026-08-13,0.1998
300939,2026-05-25,0.2
300943,2026-02-26,0.2
300943,2026-06-18,0.2
300945,2026-01-28,0.1996
300952,2026-01-16,0.2
300956,2026-06-01,0.1997
300959,2026-05-12,0.2
300959,2026-05-13,0.2
300961,2026-06-23,0.1998
300964,2026-05-28,0.2
300964,2026-06-16,0.2
300965,2026-05-13,0.2
300968,2026-07-16,0.2005
300970,2026-04-23,0.2
300970,2026-08-18,0.2
300975,2026-01-29,0.2003
300975,2026-05-25,0.2
300980,2026-06-30,0.1999
300981,2026-03-13,0.2002
300981,2026-07-29,0.1998
300982,2026-02-09,0.2
300982,2026-04-29,0.1999
300985,2026-02-04,0.1998
300985,2026-07-03,0.2
300986,2026-01-05,0.2004
300986,2026-01-06,0.1997
300986,2026-01-07,0.2
300986,2026-01-08,0.1998
300986,2026-01-09,0.2002
300986,2026-01-12,0.1999
300986,2026-01-23,0.2
300986,2026-08-07,0.2003
300987,2026-01-12,0.2001
300992,2026-03-31,0.2
300992,2026-09-16,0.2
300996,2026-07-30,0.2003
300996,2026-07-31,0.1997
300997,2026-07-29,0.2
301000,2026-05-07,0.2001
301000,2026-06-16,0.2
301001,2026-01-14,0.2
301003,2026-04-22,0.2
301008,2026-03-30,0.1999
301008,2026-03-31,0.2001
301008,2026-07-02,0.1999
301008,2026-08-07,0.1999
301012,2026-07-21,0.2002
301013,2026-05-20,0.2
301013,2026-05-22,0.2
301013,2026-06-09,0.2
301016,2026-01-06,0.2001
301019,2026-07-02,0.2001
301020,2026-05-20,0.2001
301022,2026-04-21,0.2001
301023,2026-01-21,0.2
301025,2026-02-10,0.2003
301026,2026-08-05,0.1999
301028,2026-05-08,0.2001
301030,2026-06-29,0.1995
301031,2026-01-21,0.2
301032,2026-03-06,0.1998
301033,2026-01-05,0.2
301033,2026-06-29,0.2
301043,2026-01-14,0.2
301045,2026-06-30,0.2001
301045,2026-08-05,0.2
301047,2026-08-04,0.2
301047,2026-08-07,0.2
301048,2026-03-31,0.1998
301051,2026-06-26,0.1998
301051,2026-08-10,0.1998
301055,2026-06-16,0.2001
301060,2026-01-13,0.1996
301060,2026-08-13,0.1996
301066,2026-01-12,0.1999
301068,2026-03-12,0.2
301070,2026-04-08,0.2
301071,2026-06-22,0.2
301077,2026-04-24,0.1999
301079,2026-01-07,0.2001
301079,2026-01-08,0.2001
301079,2026-01-12,0.2
301079,2026-03-31,0.2
301080,2026-08-07,0.2
301080,2026-08-10,0.2
301081,2026-05-15,0.1998
301082,2026-08-03,0.2
301085,2026-02-10,0.2
301085,2026-07-27,0.2
301092,2026-05-20,0.2
301092,2026-07-01,0.2
301092,2026-07-02,0.2
301093,2026-01-12,0.1999
301099,2026-03-16,0.2
301099,2026-06-16,0.2
301100,2026-02-25,0.2
301100,2026-07-14,0.2
301106,2026-08-18,0.2
301106,2026-08-19,0.2002
301107,2026-06-01,0.1998
301111,2026-06-17,0.1999
301112,2026-07-29,0.2
301115,2026-06-03,0.2001
301117,2026-01-14,0.2
301117,2026-07-10,0.1999
301119,2026-02-04,0.2001
301120,2026-05-19,0.2
301121,2026-07-27,0.1999
301123,2026-05-28,0.2
301123,2026-06-04,0.2
301127,2026-08-17,0.1997
301128,2026-03-18,0.2
301129,2026-03-04,0.1999
301129,2026-08-18,0.2
301130,2026-08-14,0.1999
301130,2026-08-19,0.1999
301132,2026-06-24,0.1999
301132,2026-09-14,0.2
301139,2026-05-20,0.2004
301139,2026-06-01,0.1995
301139,2026-06-02,0.1992
301139,2026-06-22,0.201
301139,2026-07-28,0.2
301139,2026-07-29,0.1987
301139,2026-08-03,0.1994
301148,2026-04-16,0.2
301149,2026-01-23,0.2
301151,2026-06-05,0.2003
301151,2026-08-31,0.2002
301152,2026-08-24,0.2002
301157,2026-04-14,0.2
301158,2026-03-02,0.2
301158,2026-03-03,0.2
301158,2026-07-23,0.1998
301159,2026-01-12,0.2
301159,2026-01-14,0.2
301165,2026-06-30,0.2
301166,2026-08-20,0.2001
301171,2026-01-09,0.2
301171,2026-01-12,0.2
301171,2026-05-07,0.2001
301171,2026-07-31,0.1999
301175,2026-02-26,0.2006
301176,2026-05-19,0.2
301176,2026-06-12,0.1999
301176,2026-06-15,0.2
301176,2026-06-16,0.1999
301176,2026-07-16,0.2
301177,2026-01-28,0.2
301177,2026-08-26,0.2001
301179,2026-03-09,0.1999
301181,2026-04-09,0.2
301182,2026-02-03,0.2001
301182,2026-08-03,0.1999
301183,2026-05-08,0.2
301188,2026-04-01,0.2001
301188,2026-05-11,0.2
301188,2026-06-04,0.2
301189,2026-04-14,0.2
301189,2026-04-15,0.2
301190,2026-07-20,0.1997
301191,2026-03-18,0.2
301191,2026-07-06,0.2
301193,2026-06-05,0.1999
301195,2026-06-08,0.1999
301196,2026-03-25,0.2
301196,2026-05-12,0.2
301196,2026-06-15,0.2
301197,2026-05-12,0.1999
301199,2026-07-03,0.2002
301200,2026-01-21,0.2
301202,2026-07-08,0.1999
301205,2026-03-06,0.2
301205,2026-05-28,0.2
301205,2026-07-21,0.2
301207,2026-01-26,0.2
301211,2026-06-23,0.1998
301211,2026-08-19,0.1997
301213,2026-01-07,0.2
301213,2026-03-02,0.2001
301217,2026-04-29,0.2
301217,2026-06-15,0.2
301218,2026-03-06,0.2001
301218,2026-08-31,0.2
301219,2026-04-14,0.2
301222,2026-06-09,0.1999
301226,2026-02-27,0.2
301226,2026-03-17,0.2001
301226,2026-03-24,0.2
301227,2026-08-04,0.2002
301230,2026-01-09,0.1999
301230,2026-01-13,0.1975
301230,2026-08-07,0.1999
301231,2026-01-12,0.1999
301231,2026-02-09,0.2
301231,2026-02-10,0.2
301231,2026-07-31,0.1999
301231,2026-08-31,0.1998
301232,2026-01-23,0.2
301232,2026-02-09,0.2
301232,2026-04-08,0.2
301234,2026-07-22,0.2
301234,2026-07-23,0.2
301234,2026-07-24,0.2
301234,2026-07-27,0.2
301234,2026-08-07,0.2001
301234,2026-09-22,0.2
301235,2026-01-16,0.2001
301236,2026-06-01,0.2001
301237,2026-04-17,0.2
301248,2026-01-12,0.2001
301248,2026-04-27,0.1999
301251,2026-07-07,0.2
301251,2026-07-08,0.1999
301251,2026-08-06,0.2001
301251,2026-09-16,0.2
301255,2026-03-31,0.2
301256,2026-01-07,0.2003
301257,2026-01-13,0.2
301259,2026-07-14,0.1998
301261,2026-04-28,0.2
301262,2026-02-09,0.1999
301262,2026-08-31,0.1999
301265,2026-03-06,0.2
301265,2026-04-20,0.2
301270,2026-08-04,0.2001
301273,2026-07-21,0.2
301275,2026-01-14,0.2
301279,2026-07-01,0.2002
301282,2026-07-21,0.1999
301282,2026-08-17,0.1999
301286,2026-01-22,0.1999
301292,2026-03-27,0.2
301292,2026-04-14,0.2
301292,2026-07-23,0.2
301293,2026-01-05,0.2001
301293,2026-01-06,0.2001
301302,2026-03-02,0.1998
301302,2026-03-03,0.1999
301302,2026-06-08,0.2
301306,2026-01-05,0.2
301306,2026-03-18,0.2
301307,2026-06-29,0.2
301308,2026-05-06,0.2
301310,2026-06-18,0.1999
301310,2026-06-24,0.2001
301310,2026-07-21,0.2
301312,2026-02-06,0.2
301312,2026-04-01,0.2
301312,2026-05-22,0.2
301313,2026-05-18,0.2
301313,2026-06-08,0.1999
301315,2026-08-12,0.1999
301317,2026-02-12,0.1999
301317,2026-07-06,0.2
301319,2026-04-17,0.2
301319,2026-06-04,0.2
301321,2026-01-14,0.2001
301321,2026-07-08,0.2
301322,2026-05-20,0.2
301323,2026-06-12,0.2
301329,2026-06-01,0.2
301330,2026-01-05,0.2
301330,2026-01-06,0.1999
301333,2026-01-13,0.2001
301338,2026-03-02,0.2
301348,2026-01-15,0.2002
301348,2026-06-12,0.1998
301349,2026-06-26,0.2
301356,2026-06-22,0.2001
301357,2026-07-23,0.2
301357,2026-08-10,0.2
301360,2026-05-29,0.2001
301362,2026-02-02,0.2001
301362,2026-02-03,0.2001
301362,2026-02-04,0.2001
301362,2026-02-05,0.2
301362,2026-05-22,0.2
301362,2026-06-15,0.2
301363,2026-01-05,0.2
301363,2026-01-06,0.1999
301363,2026-01-07,0.2001
301366,2026-06-03,0.2001
301366,2026-06-17,0.2
301366,2026-06-24,0.1999
301366,2026-08-07,0.2
301368,2026-01-08,0.1999
301369,2026-07-21,0.2
301373,2026-02-25,0.2001
301373,2026-03-04,0.2
301373,2026-04-07,0.2
301373,2026-06-15,0.2
301377,2026-05-22,0.2
301378,2026-01-12,0.2001
301378,2026-01-13,0.1999
301378,2026-01-14,0.2
301379,2026-05-19,0.2001
301379,2026-06-30,0.2
301379,2026-07-03,0.2
301379,2026-07-09,0.1999
301387,2026-06-15,0.2
301390,2026-09-17,0.2
301390,2026-09-18,0.2
301392,2026-04-01,0.2
301396,2026-01-14,0.2
301396,2026-01-27,0.2
301396,2026-03-09,0.2
301396,2026-03-12,0.2
301396,2026-04-16,0.2
301396,2026-06-24,0.2
301396,2026-07-31,0.2
301396,2026-08-04,0.2
301399,2026-08-27,0.2
301408,2026-01-14,0.2
301408,2026-04-15,0.1998
301418,2026-06-03,0.1973
301419,2026-03-25,0.2001
301419,2026-06-02,0.2
301419,2026-08-14,0.2
301421,2026-07-21,0.2001
301421,2026-07-28,0.2001
301428,2026-03-18,0.1999
301428,2026-06-09,0.2001
301439,2026-06-01,0.1998
301449,2026-07-30,0.1999
301468,2026-06-04,0.2
301486,2026-01-21,0.2
301486,2026-01-30,0.2
301486,2026-04-21,0.2
301486,2026-09-16,0.2
301489,2026-09-03,0.2
301499,2026-07-03,0.2
301500,2026-01-28,0.2001
301500,2026-04-27,0.1998
301511,2026-05-06,0.2
301513,2026-06-30,0.2
301515,2026-01-08,0.2002
301516,2026-07-07,0.2
301516,2026-08-17,0.2
301516,2026-09-07,0.2
301520,2026-06-29,0.2
301520,2026-07-13,0.2001
301520,2026-07-15,0.2
301520,2026-08-11,0.2
301520,2026-08-13,0.2
301520,2026-09-14,0.2
301526,2026-02-11,0.2004
301526,2026-02-24,0.1998
301526,2026-06-15,0.2001
301526,2026-07-27,0.2
301528,2026-06-29,0.2
301529,2026-01-16,0.2
301529,2026-08-11,0.2
301548,2026-01-26,0.2001
301548,2026-06-22,0.2
301550,2026-08-11,0.2
301550,2026-09-07,0.2
301563,2026-01-05,0.2
301563,2026-06-02,0.2
301565,2026-05-28,0.2002
301566,2026-06-02,0.2001
301566,2026-06-15,0.2001
301580,2026-06-11,0.2
301580,2026-06-18,0.2
301580,2026-06-22,0.1999
301580,2026-07-21,0.2
301587,2026-07-23,0.2002
301588,2026-05-22,0.2001
301588,2026-07-21,0.2001
301591,2026-05-26,0.2
301591,2026-08-21,0.2001
301591,2026-08-27,0.2
301596,2026-07-03,0.2
301596,2026-08-03,0.1999
301602,2026-08-12,0.1997
301603,2026-04-16,0.2
301606,2026-03-09,0.2
301607,2026-06-30,0.2
301607,2026-07-09,0.2
301626,2026-08-17,0.2
301628,2026-05-22,0.2
301629,2026-01-15,0.2
301630,2026-02-26,0.2
301630,2026-04-07,0.2
301630,2026-06-09,0.2
301630,2026-08-26,0.2
301636,2026-02-03,0.2001
301636,2026-02-04,0.2
301638,2026-03-06,0.2
301658,2026-03-11,0.2001
301658,2026-03-20,0.2
301666,2026-08-27,0.2
301667,2026-03-12,0.2
301667,2026-03-17,0.2
301667,2026-04-13,0.2
301667,2026-07-30,0.2
301668,2026-07-30,0.2
301687,2026-06-18,0.2
301696,2026-05-15,0.2
